Year,Event Title,Href
1990,"Weltcup, Wien 1990",https://ifsc.results.info/event/88/
1990,"Weltcup, Open, Wien 1990",https://ifsc.results.info/event/94/
1990,"Weltcup, Madonna di Campiglio 1990",https://ifsc.results.info/event/89/
1990,"Weltcup, Open, Madonna di Campiglio 1990",https://ifsc.results.info/event/95/
1990,"Weltcup, Berkeley 1990",https://ifsc.results.info/event/90/
1990,"Weltcup, Open, Berkeley 1990",https://ifsc.results.info/event/96/
1990,"Weltcup, Nürnberg 1990",https://ifsc.results.info/event/91/
1990,"Weltcup, Open, Nürnberg 1990",https://ifsc.results.info/event/97/
1990,"Weltcup, Lyon 1990",https://ifsc.results.info/event/92/
1990,"Weltcup, Open, Lyon 1990",https://ifsc.results.info/event/98/
1990,"Weltcup, Barcelona 1990",https://ifsc.results.info/event/93/
1990,"Weltcup, Open, Barcelona 1990",https://ifsc.results.info/event/99/
1991,UIAA Worldcup - Wien 1991,https://ifsc.results.info/event/100/
1991,"Weltcup Open, Wien 1991",https://ifsc.results.info/event/108/
1991,"Weltcup Open, Clusone 1991",https://ifsc.results.info/event/112/
1991,UIAA Worldcup - Clusone 1991,https://ifsc.results.info/event/101/
1991,UIAA Worldcup - Innsbruck 1991,https://ifsc.results.info/event/102/
1991,"Weltcup Open, Innsbruck 1991",https://ifsc.results.info/event/107/
1991,UIAA World Championship - Frankfurt 1991,https://ifsc.results.info/event/103/
1991,UIAA Worldcup - Tokio 1991,https://ifsc.results.info/event/104/
1991,"Weltcup Open, Tokio 1991",https://ifsc.results.info/event/109/
1991,UIAA Worldcup - Nürnberg 1991,https://ifsc.results.info/event/105/
1991,"Weltcup Open, Nürnberg 1991",https://ifsc.results.info/event/110/
1991,UIAA Worldcup - Birmingham 1991,https://ifsc.results.info/event/106/
1991,"Weltcup Open, Birmingham 1991",https://ifsc.results.info/event/111/
1992,Masters Chambery 1992,https://ifsc.results.info/event/121/
1992,UIAA Youth Worldchampionship - Basel 1992,https://ifsc.results.info/event/119/
1992,UIAA Worldcup - Zürich 1992,https://ifsc.results.info/event/113/
1992,Masters Serre Chevalier 1992,https://ifsc.results.info/event/122/
1992,UIAA Masters - Rock Masters Arco 1992,https://ifsc.results.info/event/123/
1992,UIAA European Championship - Frankfurt 1992,https://ifsc.results.info/event/120/
1992,UIAA Worldcup - Kobe 1992,https://ifsc.results.info/event/114/
1992,UIAA Worldcup - Nürnberg 1992,https://ifsc.results.info/event/115/
1992,UIAA Worldcup - St. Pölten 1992,https://ifsc.results.info/event/116/
1992,UIAA Worldcup - Laval 1992,https://ifsc.results.info/event/117/
1992,UIAA Worldcup - Birmingham 1992,https://ifsc.results.info/event/118/
1993,UIAA Worldcup - Frankfurt 1993,https://ifsc.results.info/event/124/
1993,UIAA World Championship - Innsbruck 1993,https://ifsc.results.info/event/125/
1993,UIAA Worldcup - Zürich 1993,https://ifsc.results.info/event/126/
1993,Jeux de Pyrinae - Ainsa 1993,https://ifsc.results.info/event/131/
1993,UIAA Worldcup - Toulon 1993,https://ifsc.results.info/event/127/
1993,Masters Serre-Chevalier 1993,https://ifsc.results.info/event/132/
1993,UIAA Worldcup - Black See 1993,https://ifsc.results.info/event/128/
1993,UIAA Masters - Rock Masters Arco 1993,https://ifsc.results.info/event/133/
1993,UIAA Worldcup - Nürnberg 1993,https://ifsc.results.info/event/129/
1993,UIAA Worldcup - Laval 1993,https://ifsc.results.info/event/130/
1994,UIAA Worldcup - Villach 1994,https://ifsc.results.info/event/134/
1994,UIAA Worldcup - Moscow 1994,https://ifsc.results.info/event/135/
1994,UIAA Masters - Serre Chevalier 1994,https://ifsc.results.info/event/140/
1994,UIAA Masters - L'Argentiere 1994,https://ifsc.results.info/event/141/
1994,UIAA Masters - Rock Masters Arco 1994,https://ifsc.results.info/event/142/
1994,UIAA Youth Worldchampionship - Leipzig 1994,https://ifsc.results.info/event/139/
1994,UIAA Worldcup - Aix-les-Bains 1994,https://ifsc.results.info/event/137/
1994,UIAA Worldcup - Birmingham 1994,https://ifsc.results.info/event/138/
1995,UIAA Worldcup - Frankfurt 1995,https://ifsc.results.info/event/143/
1995,UIAA Worldchampionchip - Genève 1995,https://ifsc.results.info/event/145/
1995,UIAA Masters - Serre Chevalier 1995,https://ifsc.results.info/event/149/
1995,UIAA Bouldering Masters - L'Argentier 1995,https://ifsc.results.info/event/150/
1995,UIAA Masters - Rock Masters Arco 1995,https://ifsc.results.info/event/151/
1995,UIAA Youth Worldchampionship - Laval 1995,https://ifsc.results.info/event/148/
1995,UIAA Worldcup - Moscow 1995,https://ifsc.results.info/event/144/
1995,UIAA Worldcup - Birmingham 1995,https://ifsc.results.info/event/146/
1995,UIAA Worldcup - Aix-les-Bains 1995,https://ifsc.results.info/event/147/
1996,European Championship - Paris 1996,https://ifsc.results.info/event/155/
1996,European Youth Cup - Dortmund (GER) 1996,https://ifsc.results.info/event/156/
1996,"UIAA Masters - ESPN X-Games - Newport, USA 1996",https://ifsc.results.info/event/161/
1996,European Youth Cup - Ravenna (ITA) 1996,https://ifsc.results.info/event/157/
1996,UIAA Masters - Serre Chevalier 1996,https://ifsc.results.info/event/162/
1996,UIAA Masters - Rock Masters Arco 1996,https://ifsc.results.info/event/163/
1996,European Youth Cup - Skofja Loka (SLO) 1996,https://ifsc.results.info/event/158/
1996,UIAA Worldcup - Ekaterinburg 1996,https://ifsc.results.info/event/152/
1996,European Youth Cup - Bern (SUI) 1996,https://ifsc.results.info/event/159/
1996,European Youth Cup - Prag (CZE) 1996,https://ifsc.results.info/event/160/
1996,UIAA Worldcup - Kranj 1996,https://ifsc.results.info/event/153/
1996,UIAA Worldcup - Graz 1996,https://ifsc.results.info/event/154/
1997,UIAA World Championchip - Paris 1997,https://ifsc.results.info/event/164/
1997,European Youth Cup - Bolzano (ITA) 1997,https://ifsc.results.info/event/171/
1997,European Youth Cup - Dortmund (GER) 1997,https://ifsc.results.info/event/172/
1997,"UIAA Masters - San Diego X-Games, USA 1997",https://ifsc.results.info/event/176/
1997,European Youth Cup - Chocen (CZE) 1997,https://ifsc.results.info/event/173/
1997,UIAA Masters - Serre Chevalier 1997,https://ifsc.results.info/event/177/
1997,European Youth Cup - Bern (SUI) 1997,https://ifsc.results.info/event/174/
1997,UIAA Worldcup - Courmayeur 1997,https://ifsc.results.info/event/165/
1997,UIAA Masters - Rock Masters Arco 1997,https://ifsc.results.info/event/178/
1997,European Youth Cup - Parma (ITA) 1997,https://ifsc.results.info/event/175/
1997,UIAA Worldcup - Prag 1997,https://ifsc.results.info/event/166/
1997,UIAA Worldcup - Kranj 1997,https://ifsc.results.info/event/167/
1997,UIAA Youth Worldchampionship - Imst (AUT) 1997,https://ifsc.results.info/event/170/
1997,UIAA Worldcup - Imst 1997,https://ifsc.results.info/event/168/
1997,UIAA Worldcup - Birmingham 1997,https://ifsc.results.info/event/169/
1998,UIAA European Championship - Nürnberg (GER) 1998,https://ifsc.results.info/event/184/
1998,European Youth Cup - Dortmund (GER) 1998,https://ifsc.results.info/event/185/
1998,European Youth Cup - Triest (ITA) 1998,https://ifsc.results.info/event/186/
1998,European Youth Cup - Imst (AUT) 1998,https://ifsc.results.info/event/187/
1998,Top Rock Challenge - Val d'Isere (FRA) 1998,https://ifsc.results.info/event/189/
1998,UIAA Youth Worldchampionship - Moscow (RUS) 1998,https://ifsc.results.info/event/183/
1998,Top Rock Challenge - Chamonix (FRA) 1998,https://ifsc.results.info/event/190/
1998,UIAA Masters - Serre Chevalier (FRA) 1998,https://ifsc.results.info/event/191/
1998,UIAA Worldcup - Beauregard (ITA) 1998,https://ifsc.results.info/event/179/
1998,Top Rock Challenge - Valloire (FRA) 1998,https://ifsc.results.info/event/192/
1998,Top Rock Challenge - Cortina d'Ampezzo (ITA) 1998,https://ifsc.results.info/event/193/
1998,Top Rock Challenge - Crans Montana (SUI) 1998,https://ifsc.results.info/event/194/
1998,Top Rock Challenge - Grenoble (FRA) 1998,https://ifsc.results.info/event/195/
1998,UIAA Worldcup - Courmayeur (ITA) 1998,https://ifsc.results.info/event/180/
1998,UIAA Masters - Rock Masters Arco (ITA) 1998,https://ifsc.results.info/event/196/
1998,UIAA Worldcup - Milan (ITA) 1998,https://ifsc.results.info/event/181/
1998,European Youth Cup - Aix en Provence (FRA) 1998,https://ifsc.results.info/event/188/
1998,UIAA Worldcup - Kranj (SLO) 1998,https://ifsc.results.info/event/182/
1999,UIAA Worldcup - Wiener Neustadt (AUT) 1999,https://ifsc.results.info/event/197/
1999,UIAA Worldcup - Leipzig (GER) 1999,https://ifsc.results.info/event/1170/
1999,UIAA Worldcup - Besancon (FRA) 1999,https://ifsc.results.info/event/198/
1999,UIAA Worldcup - Benasque (ESP) 1999,https://ifsc.results.info/event/199/
1999,European Youth Cup - Imst (AUT) 1999,https://ifsc.results.info/event/209/
1999,UIAA Worldcup - Val d'Isere (FRA) 1999,https://ifsc.results.info/event/200/
1999,UIAA Worldcup - Chamonix (FRA) 1999,https://ifsc.results.info/event/201/
1999,UIAA Masters - Serre-Chevalier (FRA) 1999,https://ifsc.results.info/event/213/
1999,UIAA Worldcup - Beauregard (ITA) 1999,https://ifsc.results.info/event/202/
1999,UIAA Worldcup - Bardonecchia (ITA) 1999,https://ifsc.results.info/event/203/
1999,UIAA Worldcup - Cortina (ITA) 1999,https://ifsc.results.info/event/204/
1999,European Youth Cup - Bern (SUI) 1999,https://ifsc.results.info/event/210/
1999,UIAA Worldcup - Grenoble (FRA) 1999,https://ifsc.results.info/event/205/
1999,UIAA Youth Worldchampionship - Courmayeur (ITA) 1999,https://ifsc.results.info/event/208/
1999,Int. Event - Arco Rock Master (ITA) 1999,https://ifsc.results.info/event/214/
1999,European Youth Cup - Albertville (FRA) 1999,https://ifsc.results.info/event/211/
1999,UIAA Worldcup - Kranj (SLO) 1999,https://ifsc.results.info/event/206/
1999,EuropeanYouth Cup - Amsterdam (NED) 1999,https://ifsc.results.info/event/212/
1999,UIAA World Championship - Birmingham (GBR) 1999,https://ifsc.results.info/event/207/
1999,Int. Event - Sheffield (GBR) 1999,https://ifsc.results.info/event/215/
2000,UIAA Worldcup - Konitsa (GRE) 2000,https://ifsc.results.info/event/216/
2000,UIAA Worldcup - Millau (FRA) 2000,https://ifsc.results.info/event/217/
2000,European Youth Cup - Imst (AUT) 2000,https://ifsc.results.info/event/231/
2000,UIAA Worldcup - Chamonix (FRA) 2000,https://ifsc.results.info/event/218/
2000,Masters - Serre Chevalier (FRA) 2000,https://ifsc.results.info/event/235/
2000,Int. Event - Serre Chevalier (FRA) 2000,https://ifsc.results.info/event/236/
2000,UIAA Worldcup - Beauregard (ITA) 2000,https://ifsc.results.info/event/219/
2000,Int. Event - L'Argentiere (FRA) 2000,https://ifsc.results.info/event/237/
2000,UIAA Worldcup - München (GER) 2000,https://ifsc.results.info/event/220/
2000,UIAA Worldcup - Grenoble (FRA) 2000,https://ifsc.results.info/event/221/
2000,UIAA World Youth Championship - Amsterdam (NED) 2000,https://ifsc.results.info/event/227/
2000,Pan American Cup - Peru 2000,https://ifsc.results.info/event/234/
2000,Int. Event - Rock Master Arco (ITA) 2000,https://ifsc.results.info/event/238/
2000,UIAA Asian Youth Championship - Beijing (CHN) 2000,https://ifsc.results.info/event/229/
2000,UIAA Worldcup - Rovereto (ITA) 2000,https://ifsc.results.info/event/222/
2000,UIAA Worldcup - Lecco (ITA) 2000,https://ifsc.results.info/event/223/
2000,UIAA Worldcup - Courmayeur (ITA) 2000,https://ifsc.results.info/event/224/
2000,UIAA European Championship - München (GER) 2000,https://ifsc.results.info/event/230/
2000,1. Int. SALEWA Masters - Scheidegg 2000,https://ifsc.results.info/event/239/
2000,European Youth Cup - L'Aprica (ITA) 2000,https://ifsc.results.info/event/232/
2000,UIAA Worldcup - Nantes (FRA) 2000,https://ifsc.results.info/event/225/
2000,UIAA Worldcup - Kranj (SLO) 2000,https://ifsc.results.info/event/226/
2000,UIAA Asian Championship - Kuala Lumpur (MAS) 2000,https://ifsc.results.info/event/228/
2000,European Youth Cup - Kranj (SLO) 2000,https://ifsc.results.info/event/233/
2001,North American Youth Championship - Berkeley (USA) 2001,https://ifsc.results.info/event/263/
2001,Reg. Event - Nordic Championship - Malmö (SWE) 2001,https://ifsc.results.info/event/264/
2001,European Youth Cup Speed - Apatity (RUS) 2001,https://ifsc.results.info/event/256/
2001,European Youth Cup - Apatity (RUS) 2001,https://ifsc.results.info/event/257/
2001,European Youth Cup - Trieste (ITA) 2001,https://ifsc.results.info/event/258/
2001,Int. Event - Fontainebleau (FRA) 2001,https://ifsc.results.info/event/265/
2001,European Youth Cup - Imst (AUT) 2001,https://ifsc.results.info/event/259/
2001,UIAA Youth World Championship SPEED - Imst (AUT) 2001,https://ifsc.results.info/event/251/
2001,UIAA Youth World Championship - Imst(AUT) 2001,https://ifsc.results.info/event/250/
2001,UIAA Worldcup - GAP (FRA) 2001,https://ifsc.results.info/event/240/
2001,European Youth Cup - Arco (ITA) 2001,https://ifsc.results.info/event/260/
2001,UIAA Worldcup - Chamonix (FRA) 2001,https://ifsc.results.info/event/241/
2001,Int. Event - Lake Placid (USA) 2001,https://ifsc.results.info/event/267/
2001,Int. Event - Hood River (USA) 2001,https://ifsc.results.info/event/268/
2001,Int. Event - Serre Chevalier (FRA) 2001,https://ifsc.results.info/event/269/
2001,UIAA Worldcup - Munich (GER ) 2001,https://ifsc.results.info/event/242/
2001,UIAA Asian Youth Championship - Teheran (IRI) 2001,https://ifsc.results.info/event/255/
2001,Int. Event - L'Argentiere (FRA) 2001,https://ifsc.results.info/event/270/
2001,UIAA Worldcup - Rovereto (ITA) 2001,https://ifsc.results.info/event/243/
2001,UIAA World Championship - Winterthur (SUI) 2001,https://ifsc.results.info/event/244/
2001,1st UIAA ASIAN CUP - Kunming (CHN),https://ifsc.results.info/event/252/
2001,Int. Event - Rock Master Arco (ITA) 2001,https://ifsc.results.info/event/271/
2001,UIAA Worldcup - Lecco (ITA) 2001,https://ifsc.results.info/event/245/
2001,Int. Event - Blocmaster Grenoble (FRA) 2001,https://ifsc.results.info/event/272/
2001,European Youth Cup - Aprica (ITA) 2001,https://ifsc.results.info/event/261/
2001,2. Int. SALEWA Masters - Scheidegg (GER) 2001,https://ifsc.results.info/event/273/
2001,UIAA Worldcup - Aprica (ITA) 2001,https://ifsc.results.info/event/246/
2001,Reg. Event - Alpe Adria Cup - Trieste (ITA) 2001,https://ifsc.results.info/event/266/
2001,UIAA Asian Championship - Jakarta (INA) 2001,https://ifsc.results.info/event/253/
2001,UIAA Worldcup - Kuala Lumpur (MAS) 2001,https://ifsc.results.info/event/247/
2001,Int. Event - Master WARSAW (POL) 2001,https://ifsc.results.info/event/274/
2001,UIAA Worldcup - Kranj (SLO) 2001,https://ifsc.results.info/event/248/
2001,Asian Bouldering Championship - Taipei (TPE) 2001,https://ifsc.results.info/event/254/
2001,UIAA Worldcup - Birmingham (GBR) 2001,https://ifsc.results.info/event/249/
2001,European Youth Cup - Birmingham (GBR) 2001,https://ifsc.results.info/event/262/
2002,Latin American Championship,https://ifsc.results.info/event/297/
2002,Int. Event - Marseille International Youth (FRA),https://ifsc.results.info/event/299/
2002,Int. Event - Klimax Goldfinger - Puurs (BEL) 2002,https://ifsc.results.info/event/300/
2002,UIAA Worldcup - Bolzano (ITA) 2002,https://ifsc.results.info/event/275/
2002,UIAA Worldcup - Yekaterinburg (RUS) 2002 - Red Cards withdrawn,https://ifsc.results.info/event/276/
2002,2. UIAA Worldcup - Yekaterinburg (RUS) 2002,https://ifsc.results.info/event/277/
2002,3. UIAA Worldcup - Yekaterinburg (RUS) 2002,https://ifsc.results.info/event/278/
2002,UIAA Worldcup - Imst (AUT) 2002,https://ifsc.results.info/event/279/
2002,UIAA Worldcup - Fiera di Primiero (ITA) 2002,https://ifsc.results.info/event/280/
2002,European Youth Cup - Imst (AUT) 2002,https://ifsc.results.info/event/293/
2002,European Youth Cup - Arco (ITA) 2002,https://ifsc.results.info/event/294/
2002,Rock Junior - Arco (ITA) 2002,https://ifsc.results.info/event/301/
2002,UIAA Worldcup - Lecco (ITA) 2002 - speed,https://ifsc.results.info/event/281/
2002,UIAA Worldcup - Lecco (ITA) 2002 - boulder,https://ifsc.results.info/event/282/
2002,UIAA Worldcup - Lecco (ITA) 2002 - difficulty,https://ifsc.results.info/event/283/
2002,UIAA European Championship - Chamonix (FRA) 2002,https://ifsc.results.info/event/292/
2002,Int. Event - Serre Chevalier (FRA) 2002,https://ifsc.results.info/event/302/
2002,Int. Event - L'Argentière (FRA) 2002,https://ifsc.results.info/event/303/
2002,Int. Event - Speed Rock - Daone (ITA),https://ifsc.results.info/event/304/
2002,UIAA Worldcup - Singapore (SIN) 2002,https://ifsc.results.info/event/284/
2002,Int. Event - Arco Rockmaster (ITA) 2002,https://ifsc.results.info/event/305/
2002,UIAA Worldcup - Rovereto (ITA) 2002,https://ifsc.results.info/event/285/
2002,UIAA Youth World Championship Speed - Canteleu (FRA) 2002,https://ifsc.results.info/event/288/
2002,UIAA World Youth Championship - Canteleu (FRA) 2002,https://ifsc.results.info/event/289/
2002,UIAA Asian Championship - Toyama (JPN) 2002,https://ifsc.results.info/event/290/
2002,UIAA Worldcup - Aprica (ITA) 2002,https://ifsc.results.info/event/286/
2002,UIAA North American Youth Championship 2002,https://ifsc.results.info/event/298/
2002,European Youth Cup - Veliko Tarnovo (BUL) 2002,https://ifsc.results.info/event/295/
2002,UIAA Worldcup - Kranj (SLO) 2002,https://ifsc.results.info/event/287/
2002,European Youth Cup - Kranj (SLO) 2002,https://ifsc.results.info/event/296/
2002,Int. Event - Schengzheng (CHN) 2002,https://ifsc.results.info/event/306/
2002,Asian Youth Championship - Malaysia 2002,https://ifsc.results.info/event/291/
2003,UIAA North American Youth Championship - not confirmed,https://ifsc.results.info/event/333/
2003,Int. Event - Birmingham (GBR) 2003,https://ifsc.results.info/event/335/
2003,Int. Event - Open Youth Marseille (FRA) 2003,https://ifsc.results.info/event/336/
2003,Nordic Championships - Oslo (NOR) 2003,https://ifsc.results.info/event/334/
2003,European Youth Cup - Imst (AUT) 2003,https://ifsc.results.info/event/328/
2003,UIAA Worldcup - Imst (AUT) 2003,https://ifsc.results.info/event/307/
2003,Panamerican Championships - Mexico City (MEX) 2003,https://ifsc.results.info/event/332/
2003,Rock Junior - Arco (ITA) 2003,https://ifsc.results.info/event/337/
2003,UIAA Worldcup - Yekaterinburg (RUS) 2003 (B+S),https://ifsc.results.info/event/308/
2003,European Youth Cup - Arco (ITA) 2003,https://ifsc.results.info/event/329/
2003,UIAA Worldcup - Yekaterinburg (RUS) 2003 (S),https://ifsc.results.info/event/309/
2003,Spiderkids - Youth Color Climbing Festival - Imst (AUT) 2003,https://ifsc.results.info/event/338/
2003,UIAA Worldcup - Yekaterinburg (RUS) 2003 (D+S),https://ifsc.results.info/event/310/
2003,UIAA Worldcup - Fiera di Primiero (ITA) 2003,https://ifsc.results.info/event/311/
2003,UIAA Worldcup - Lecco (ITA) 2003 (speed),https://ifsc.results.info/event/312/
2003,UIAA Worldcup - Lecco (ITA) 2003 (boulder),https://ifsc.results.info/event/313/
2003,UIAA Worldcup - Lecco (ITA) 2003 (difficulty),https://ifsc.results.info/event/314/
2003,"Spiderkids - 6. Int Trophy ""Citta'di Ravenna"" (ITA) 2003",https://ifsc.results.info/event/339/
2003,Int. Event - Speed Rock Daone (ITA) 2003 - not confirmed,https://ifsc.results.info/event/340/
2003,"Int. Event - Master/Event of Daroca, Zaragosa (ESP) 2003",https://ifsc.results.info/event/341/
2003,UIAA Worldchampionship - Chamonix (FRA) 2003,https://ifsc.results.info/event/315/
2003,Int. Event - Serre Chevalier (FRA) 2003,https://ifsc.results.info/event/342/
2003,UIAA Worldcup - L'Argentière (FRA) 2003,https://ifsc.results.info/event/316/
2003,UIAA Worldcup - Val Daone (ITA) 2003,https://ifsc.results.info/event/317/
2003,UIAA Worldcup - Aviles (ESP) 2003,https://ifsc.results.info/event/318/
2003,UIAA Asian Championship - Beijing (CHN) 2003,https://ifsc.results.info/event/327/
2003,Int. Event - Boulder Masters Grenoble (FRA) 2003,https://ifsc.results.info/event/343/
2003,UIAA Worldcup - Rovereto (ITA) 2003,https://ifsc.results.info/event/319/
2003,European Youth Cup - Niederwangen (SUI) 2003,https://ifsc.results.info/event/330/
2003,Int. Event - La Colmiane (FRA) 2003,https://ifsc.results.info/event/344/
2003,Youth Worldchampionship - Veliko Tarnovo (BUL) 2003,https://ifsc.results.info/event/326/
2003,Int. Event - Arco Rockmaster (ITA) 2003,https://ifsc.results.info/event/345/
2003,Spiderkids - Open Youth Climbing Championship of the Czech Republic - Brno (CZE) 2003,https://ifsc.results.info/event/346/
2003,UIAA Worldcup - Aprica (ITA) 2003,https://ifsc.results.info/event/320/
2003,UIAA Worldcup - Prague (CZE) 2003,https://ifsc.results.info/event/321/
2003,UIAA Worldcup - Valence (FRA) 2003,https://ifsc.results.info/event/322/
2003,UIAA Worldcup - Kranj (SLO) 2003,https://ifsc.results.info/event/323/
2003,UIAA Worldcup - Shenzen (CHN) 2003,https://ifsc.results.info/event/324/
2003,European Youth Cup - Kranj (SLO) 2003,https://ifsc.results.info/event/331/
2003,UIAA Worldcup - Edinburgh (GBR) 2003,https://ifsc.results.info/event/325/
2004,UIAA Nordic Championship Bouldering (NOR) 2004,https://ifsc.results.info/event/374/
2004,UIAA Worldcup - Birmingham (GBR) 2004,https://ifsc.results.info/event/347/
2004,European Youth Cup - Geneva (SUI) 2004,https://ifsc.results.info/event/366/
2004,Int. Event - Open Youth Marseille (FRA) 2004,https://ifsc.results.info/event/376/
2004,UIAA Worldcup - Erlangen (GER) 2004,https://ifsc.results.info/event/348/
2004,UIAA Worldcup - Puurs (BEL) 2004,https://ifsc.results.info/event/349/
2004,Int. Event Melloblocco - Val di Mello (ITA) 2004,https://ifsc.results.info/event/377/
2004,European Youth Cup - Imst (AUT) 2004,https://ifsc.results.info/event/367/
2004,Polish Youth Championship - Gdansk 2004,https://ifsc.results.info/event/375/
2004,EYCD - European Youth Climbing Days Arco (ITA) 2004,https://ifsc.results.info/event/378/
2004,UIAA Worldcup - Imst (AUT) 2004,https://ifsc.results.info/event/350/
2004,Spiderkids - Youth Color Climbing Festival Imst (AUT) 2004,https://ifsc.results.info/event/379/
2004,UIAA Worldcup - Fiera di Primiero (ITA) 2004,https://ifsc.results.info/event/351/
2004,UIAA European Championship - Lecco (ITA) 2004,https://ifsc.results.info/event/365/
2004,Int. Youth Event - Citta di Ravenna (ITA) 2004,https://ifsc.results.info/event/380/
2004,Int. Youth Event - Petzen Trophy Kärnten (AUT) 2004,https://ifsc.results.info/event/381/
2004,UIAA Worldcup - Chamonix (FRA) 2004,https://ifsc.results.info/event/352/
2004,UIAA Worldcup - Val Daone (ITA) 2004,https://ifsc.results.info/event/353/
2004,Int. Event - OutDoor Climbing Events 2004 - Friedrichshafen (GER) 2004,https://ifsc.results.info/event/382/
2004,UIAA Worldcup - L'Argentière La Bessée (FRA) 2004,https://ifsc.results.info/event/354/
2004,UIAA Worldcup - Bardonecchia (ITA) 2004,https://ifsc.results.info/event/355/
2004,European Youth Cup + Festival - Veliko Tarnovo (BUL) 2004,https://ifsc.results.info/event/368/
2004,UIAA Central-South American Youth - S. Antonio de los Altos (VEN) 2004,https://ifsc.results.info/event/372/
2004,Spiderkids - Kids Climbing Competition of Aggtelek (HUN) 2004,https://ifsc.results.info/event/383/
2004,UIAA Central-South American Championship - S. Antonio de los Altos (VEN) 2004,https://ifsc.results.info/event/370/
2004,Int. Event - Grenoble (FRA) 2004,https://ifsc.results.info/event/384/
2004,Int. Event - Rockmaster Arco (ITA) 2004,https://ifsc.results.info/event/385/
2004,UIAA World Youth Championship - Edinburgh (GBR) 2004,https://ifsc.results.info/event/363/
2004,UIAA Worldcup - Marbella (ESP) 2004,https://ifsc.results.info/event/356/
2004,UIAA Worldcup - Huzou (CHN) 2004,https://ifsc.results.info/event/357/
2004,UIAA Worldcup - Shanghai (CHN) 2004,https://ifsc.results.info/event/358/
2004,UIAA Worldcup - Aprica (ITA) 2004,https://ifsc.results.info/event/359/
2004,UIAA Worldcup - Valence (FRA) 2004,https://ifsc.results.info/event/360/
2004,UIAA Asian Championship - Jeolla Nam Do (KOR) 2004,https://ifsc.results.info/event/364/
2004,Spiderkids - Int. Youth Climbing Competitions Darvas Cup (HUN) 2004,https://ifsc.results.info/event/386/
2004,UIAA Worldcup - Brno (CZE) 2004,https://ifsc.results.info/event/361/
2004,UIAA Worldcup - Kranj (SLO) 2004,https://ifsc.results.info/event/362/
2004,Int. Event - Asia Cup Uttarkashi (IND) 2004,https://ifsc.results.info/event/387/
2004,North American Championship - Mexico City (MEX) 2004 (incl. SpiderKids),https://ifsc.results.info/event/371/
2004,North American Championship - Mexico City (MEX) 2004 (Youth Bouldering),https://ifsc.results.info/event/373/
2004,European Youth Cup - Kranj (SLO) 2004,https://ifsc.results.info/event/369/
2005,UIAA Worldcup (B) - Birmingham (GBR) 2005,https://ifsc.results.info/event/388/
2005,UIAA Worldcup (B+S) - Moscow (RUS) 2005,https://ifsc.results.info/event/389/
2005,UIAA Worldcup (S) - Moscow (RUS) 2005,https://ifsc.results.info/event/390/
2005,European Youth Cup - Brno (CZE) 2005,https://ifsc.results.info/event/407/
2005,Int. Event - Open Youth Marseille (FRA) 2005,https://ifsc.results.info/event/413/
2005,UIAA Worldcup (L+S) - Veliko Tarnovo (BUL) 2005,https://ifsc.results.info/event/391/
2005,UIAA Worldcup (L) - Puurs (BEL) 2005,https://ifsc.results.info/event/392/
2005,Int. Event (B) Mello Blocco - Val Masino (ITA) 2005,https://ifsc.results.info/event/414/
2005,European Youth Cup - Imst (AUT) 2005,https://ifsc.results.info/event/408/
2005,UIAA Worldcup (L) - Imst (AUT) 2005,https://ifsc.results.info/event/393/
2005,Spiderkids - Youth Color Climbing Festival Imst (AUT) 2005,https://ifsc.results.info/event/415/
2005,UIAA Worldcup (B) - Fiera di Primiero (ITA) 2005,https://ifsc.results.info/event/394/
2005,Int. Event (L+B+S) Rock Junior - Arco (ITA) 2005,https://ifsc.results.info/event/416/
2005,UIAA Worldcup (L) - Zürich (SUI) 2005,https://ifsc.results.info/event/395/
2005,Int. Youth Event - Citta di Ravenna (ITA) 2005,https://ifsc.results.info/event/417/
2005,UIAA World Championship - Munich (GER) 2005,https://ifsc.results.info/event/396/
2005,Int. Event - EYOF Climbing Demonstration Ligano (ITA),https://ifsc.results.info/event/418/
2005,Int. Youth Event - EYOF - Lignano (ITA) 2005,https://ifsc.results.info/event/420/
2005,Int. Youth Event - Petzen Trophy Kärnten 2005,https://ifsc.results.info/event/419/
2005,UIAA Worldcup (L+S) - Chamonix (FRA) 2005,https://ifsc.results.info/event/397/
2005,International World Games (L+S) - Duisburg (GER) 2005,https://ifsc.results.info/event/412/
2005,UIAA Worldcup (S) - Daone (ITA) 2005,https://ifsc.results.info/event/398/
2005,Int. Event (L) - Serre Chevalier (FRA) 2005,https://ifsc.results.info/event/421/
2005,Int. Event (B) - L'Argentiere (FRA) 2005,https://ifsc.results.info/event/422/
2005,UIAA World Youth Championship - Bejing (CHN) 2005,https://ifsc.results.info/event/404/
2005,Int. Event (L+B+S) ROCKMASTER - Arco (ITA) 2005,https://ifsc.results.info/event/423/
2005,UIAA Worldcup (L) - Marbella (ESP) 2005,https://ifsc.results.info/event/399/
2005,UIAA Asian Championship - Iran 2005,https://ifsc.results.info/event/405/
2005,UIAA Worldcup (B) - Firminy (FRA) 2005,https://ifsc.results.info/event/400/
2005,Int. Event (L) - Lisbon (POR) 2005,https://ifsc.results.info/event/424/
2005,European Youth Cup - Geneva (SUI) 2005,https://ifsc.results.info/event/409/
2005,UIAA Worldcup (L+S) - Shanghai (CHN) 2005,https://ifsc.results.info/event/401/
2005,UIAA Worldcup (L) - Valence (FRA) 2005,https://ifsc.results.info/event/402/
2005,European Youth Cup - Penne (ITA) 2005,https://ifsc.results.info/event/410/
2005,UIAA Worldcup (L) - Kranj (SLO) 2005,https://ifsc.results.info/event/403/
2005,European Youth Cup - Kranj (SLO) 2005,https://ifsc.results.info/event/411/
2005,Asian Youth Championships,https://ifsc.results.info/event/406/
2006,UIAA Climbing Worldcup (B) - Birmingham (GBR) 2006,https://ifsc.results.info/event/425/
2006,UIAA Climbing Worldcup (B+S) - Veliko Tarnovo (BUL) 2006,https://ifsc.results.info/event/426/
2006,Int. Event - Open Youth Marseille (FRA) 2006,https://ifsc.results.info/event/453/
2006,UIAA Climbing Worldcup (L) - Puurs (BEL) 2006,https://ifsc.results.info/event/427/
2006,Promotional Event - Melloblocco (ITA) 2006,https://ifsc.results.info/event/454/
2006,UIAA Climbing Worldcup (B) - Rovereto (ITA) 2006,https://ifsc.results.info/event/428/
2006,UIAA Climbing Worldcup (L+S) - Dresden (GER) 2006,https://ifsc.results.info/event/429/
2006,Central South America Championship - San Juan de los Morros (VEN),https://ifsc.results.info/event/451/
2006,European Youth Cup - Imst (AUT) 2006 after disqualification,https://ifsc.results.info/event/446/
2006,Youth Color Climbing Festival Imst (AUT) 2006,https://ifsc.results.info/event/455/
2006,UIAA Climbing Worldcup (B) - Grindelwald (SUI) 2006,https://ifsc.results.info/event/430/
2006,UIAA Climbing Worldcup (B) - Fiera di Primiero (ITA) 2006,https://ifsc.results.info/event/431/
2006,Int. Event (L+B+S) Rock Junior - Arco (ITA) 2006,https://ifsc.results.info/event/456/
2006,UIAA Climbing Worldcup (B) - Hall (AUT) 2006,https://ifsc.results.info/event/432/
2006,Int. Youth Event - Citta di Ravenna (ITA) 2006,https://ifsc.results.info/event/457/
2006,UIAA European Championship - Ekatarinburg (RUS) 2006,https://ifsc.results.info/event/445/
2006,Int. Youth Event - Petzen Trophy Kärnten (AUT) 2006,https://ifsc.results.info/event/459/
2006,Spiderkids - Kärnten (AUT) 2006,https://ifsc.results.info/event/458/
2006,UIAA Climbing Worldcup (L+S) - Chamonix (FRA) 2006,https://ifsc.results.info/event/433/
2006,Int. Event (L) - Serre Chevalier (FRA) 2006,https://ifsc.results.info/event/460/
2006,European Youth Cup - Gdansk (POL) 2006,https://ifsc.results.info/event/447/
2006,Promotional Event (L+S) - Friedrichshafen 2006,https://ifsc.results.info/event/461/
2006,International Event (B) - L'Argentiere la Bessee (FRA) 2006,https://ifsc.results.info/event/462/
2006,UIAA Climbing Worldcup (L) - Qinghai Province (CHN) 2006,https://ifsc.results.info/event/434/
2006,UIAA Climbing Worldcup (S) - Val Daone (ITA) 2006,https://ifsc.results.info/event/435/
2006,UIAA Climbing Worldcup (L+S) - Singapore (SIN) 2006,https://ifsc.results.info/event/436/
2006,UIAA Climbing Worldcup (L+S) - Kuala Lumpur (MAS) 2006,https://ifsc.results.info/event/437/
2006,Int. Event - Aggtelek Cup (HUN ) 2006,https://ifsc.results.info/event/463/
2006,UIAA World Youth Championship - Imst (AUT) 2006,https://ifsc.results.info/event/443/
2006,Int. Event (L+B+S) ROCKMASTER - Arco (ITA) 2006,https://ifsc.results.info/event/464/
2006,UIAA Climbing Worldcup (L) - Marbella (ESP) 2006,https://ifsc.results.info/event/438/
2006,International Event (B) - La Colmiane (FRA) 2006,https://ifsc.results.info/event/465/
2006,UIAA Climbing Worldcup (L+S) - Shanghai (CHN) 2006,https://ifsc.results.info/event/439/
2006,European Youth Cup - Velika Tarnovo (BUL) 2006,https://ifsc.results.info/event/448/
2006,International Event (L) - Dima-Bilbao (ESP) 2006,https://ifsc.results.info/event/466/
2006,UIAA Asian Championships - Kaoshiung (TPE) 2006,https://ifsc.results.info/event/444/
2006,European Youth Cup - Annecy (FRA) 2006,https://ifsc.results.info/event/449/
2006,Int. Youth Event - 2. BELGRADE OPEN TROFEY,https://ifsc.results.info/event/467/
2006,UIAA Climbing Worldcup (B+S) - Moscow (RUS) 2006,https://ifsc.results.info/event/440/
2006,UIAA Climbing Worldcup (L) - Penne (ITA) 2006,https://ifsc.results.info/event/441/
2006,UIAA Worldcup (L) - Kranj (SLO) 2006,https://ifsc.results.info/event/442/
2006,North American Championships (L+S) - Denver Colorado (USA) 2006,https://ifsc.results.info/event/452/
2006,European Youth Cup - Kranj (SLO) 2006,https://ifsc.results.info/event/450/
2007,IFSC European Boulder Championship - Birmingham (GBR) 2007,https://ifsc.results.info/event/489/
2007,IFSC Climbing Worldcup (B) - Erlangen (GER) 2007,https://ifsc.results.info/event/468/
2007,IFSC Climbing Worldcup (S) - Tarnow (POL) 2007,https://ifsc.results.info/event/469/
2007,Youth Event - Marseille (FRA) 2007,https://ifsc.results.info/event/497/
2007,IFSC Climbing Worldcup (B) - Sofia (BUL) 2007,https://ifsc.results.info/event/470/
2007,IFSC Climbing Worldcup (B) - Hall (AUT) 2007,https://ifsc.results.info/event/471/
2007,IFSC Climbing Worldcup (S) - Trento (ITA) 2007,https://ifsc.results.info/event/472/
2007,IFSC Climbing Worldcup (B) - La Reunion (FRA) 2007,https://ifsc.results.info/event/473/
2007,Promotional Event - Melloblocco (ITA) 2007,https://ifsc.results.info/event/498/
2007,IFSC Climbing Worldcup (L) - Imst (AUT) 2007,https://ifsc.results.info/event/474/
2007,European Youth Series - Imst (AUT) 2007,https://ifsc.results.info/event/490/
2007,Youth Color Climbing Festival - Imst (AUT) 2007,https://ifsc.results.info/event/499/
2007,International Event (B) Ukrainian Verticals - Kiev (UKR),https://ifsc.results.info/event/500/
2007,IFSC Climbing Worldcup (B) - Grindelwald (SUI) 2007,https://ifsc.results.info/event/475/
2007,Youth Event Rock Junior - Arco (ITA) 2007,https://ifsc.results.info/event/501/
2007,IFSC Climbing Worldcup (L) - Zürich (SUI) 2007,https://ifsc.results.info/event/476/
2007,IFSC Climbing Worldcup (B) - Fiera di Primiero (ITA) 2007,https://ifsc.results.info/event/477/
2007,Youth Event - Ravenna (ITA) 2007,https://ifsc.results.info/event/502/
2007,European Youth Series - Veliko Tarnovo (BUL) 2007,https://ifsc.results.info/event/491/
2007,International Event - Swiss Master Outdoor Games - Interlaken (SUI) 2007,https://ifsc.results.info/event/503/
2007,Int. Youth Event - Petzen Trophy Kärnten (AUT) 2007,https://ifsc.results.info/event/504/
2007,European Youth Series - Leipzig (GER) 2007,https://ifsc.results.info/event/492/
2007,IFSC Climbing Worldcup (S+L) - Chamonix (FRA) 2007,https://ifsc.results.info/event/478/
2007,Int. Event (L) - Serre Chevalier (FRA) 2007,https://ifsc.results.info/event/505/
2007,IFSC Climbing Worldcup (S) - Val Daone (ITA) 2007,https://ifsc.results.info/event/479/
2007,European Youth Series - Warsaw (POL) 2007,https://ifsc.results.info/event/493/
2007,International Event (B) - L'Argentiere la Bessee (FRA) 2007,https://ifsc.results.info/event/506/
2007,IFSC Climbing Worldcup (L+S) - Qinghai (CHN) 2007,https://ifsc.results.info/event/480/
2007,IFSC Climbing World Youth Championship - Ibarra (ECU) 2007,https://ifsc.results.info/event/487/
2007,International Event (B) - La Colmiane (FRA) Masters 2007,https://ifsc.results.info/event/507/
2007,Promotional Event - Boulder Cup Novi Sad (SRB) 2007,https://ifsc.results.info/event/508/
2007,Int. Event (L+B+S) ROCKMASTER - Arco (ITA) 2007,https://ifsc.results.info/event/509/
2007,IFSC Climbing World Championship (L + B + S) - Aviles (ESP) 2007,https://ifsc.results.info/event/481/
2007,IFSC Climbing Worldcup (L+S) - Puurs (BEL) 2007,https://ifsc.results.info/event/482/
2007,Int. Youth Event - 3. BELGRADE OPEN TROPHY (SRB) 2007,https://ifsc.results.info/event/510/
2007,IFSC Climbing Worldcup (L) - Kazo (JPN) 2007,https://ifsc.results.info/event/483/
2007,European Youth Series - Linz (AUT) 2007,https://ifsc.results.info/event/494/
2007,Asian Indoor Games - Macau,https://ifsc.results.info/event/496/
2007,IFSC Climbing Worldcup (L) - Valence (FRA) 2007,https://ifsc.results.info/event/484/
2007,Promo Event (L+S) Asia Cup - Changsha (CMA),https://ifsc.results.info/event/511/
2007,IFSC Asian Championships - Guangzhou (CHN) 2007,https://ifsc.results.info/event/488/
2007,IFSC Climbing Worldcup (B) - Brno (CZE) 2007,https://ifsc.results.info/event/485/
2007,IFSC Climbing Worldcup (L) - Kranj (SLO) 2007,https://ifsc.results.info/event/486/
2007,European Youth Series - Kranj (SLO) 2007,https://ifsc.results.info/event/495/
2008,Regional Event (B) - Kitzbühel (AUT) 2008,https://ifsc.results.info/event/540/
2008,IFSC Climbing Worldcup (B) - Hall (AUT) 2008,https://ifsc.results.info/event/512/
2008,Int. Youth Event - Open Youth Aix-en-Provence (FRA) 2008,https://ifsc.results.info/event/541/
2008,IFSC Climbing Worldcup (S) - Trento (ITA) 2008,https://ifsc.results.info/event/513/
2008,Promo Event Kia X Games Asia (Speed) Shanghai (CHN) 2008,https://ifsc.results.info/event/542/
2008,IFSC Climbing Worldcup (B) - Reunion (FRA) 2008,https://ifsc.results.info/event/514/
2008,Promotional Event Melloblocco (ITA) 2008,https://ifsc.results.info/event/543/
2008,Youth Color Climbing Festival - Imst (AUT) 2008,https://ifsc.results.info/event/544/
2008,IFSC European Youth Series (L) - Prague (CZE) 2008,https://ifsc.results.info/event/532/
2008,IFSC Asian Championships (B+L+S) - Guangzhou (CHN) 2008,https://ifsc.results.info/event/529/
2008,Int. Event (L+B) DimaRockmaster - Dima (ESP) 2008,https://ifsc.results.info/event/545/
2008,IFSC Climbing Worldcup (B) - Grindelwald (SUI) 2008,https://ifsc.results.info/event/515/
2008,IFSC Climbing Worldcup (B) - Vail (USA) 2008,https://ifsc.results.info/event/516/
2008,Int. Youth Event - Rock Junior (ITA) 2008,https://ifsc.results.info/event/546/
2008,IFSC Climbing Worldcup (B) - Fiera di Primiero (ITA) 2008,https://ifsc.results.info/event/517/
2008,IFSC European Youth Series (L+S) - Wuppertal (GER) 2008,https://ifsc.results.info/event/533/
2008,IFSC Climbing Worldcup (S + L) - Qinghai (CHN) 2008,https://ifsc.results.info/event/518/
2008,Promo Event Ambrosia Boulder Contest Zsombo (HUN) 2008,https://ifsc.results.info/event/547/
2008,IFSC Climbing Worldcup (B) - Montauban (FRA) 2008,https://ifsc.results.info/event/519/
2008,Int. Youth Event - Petzen Trophy Kärnten (AUT) 2008,https://ifsc.results.info/event/548/
2008,IFSC Climbing Worldcup (S+L) - Chamonix (FRA) 2008,https://ifsc.results.info/event/520/
2008,IFSC Climbing Worldcup (S) - Val Daone (ITA) 2008,https://ifsc.results.info/event/521/
2008,Int. Event (L) - Serre Chevalier (FRA) 2008,https://ifsc.results.info/event/549/
2008,Promo Event Tout a Bloc l'Argentière la Bessée (FRA) 2008,https://ifsc.results.info/event/550/
2008,Promo Event Balkan Climbing Competition,https://ifsc.results.info/event/551/
2008,Promo Event - Asia Youth Cup Bali (Indonesia),https://ifsc.results.info/event/552/
2008,IFSC Climbing World Youth Championship - Sydney (AUS) 2008,https://ifsc.results.info/event/527/
2008,Promotional Event BAZ Bouldering at Sea Scheveningen Beach (NED),https://ifsc.results.info/event/553/
2008,Int. Event (L+B+S) ROCKMASTER - Arco (ITA) 2008,https://ifsc.results.info/event/554/
2008,IFSC Climbing Worldcup (L) - Bern (SUI) 2008,https://ifsc.results.info/event/522/
2008,IFSC Climbing Worldcup (L) - Imst (AUT) 2008,https://ifsc.results.info/event/523/
2008,IFSC Climbing Worldcup (L+S) - Puurs (BEL) 2008,https://ifsc.results.info/event/524/
2008,IFSC European Youth Series (L) - Imst (AUT) 2008,https://ifsc.results.info/event/534/
2008,Intl. Event - TreX Games Busan 2008 Intl. Sport Climbing Competition,https://ifsc.results.info/event/555/
2008,Oceanian Championship - New Zealand,https://ifsc.results.info/event/539/
2008,Centre and South American Continental Championship Sport Climbing - Senior,https://ifsc.results.info/event/537/
2008,IFSC European Championship - Paris (FRA) 2008,https://ifsc.results.info/event/531/
2008,International Event (S + L) - Shanghai (CHN) 2008,https://ifsc.results.info/event/556/
2008,IFSC Hydromaster CHINA 2008,https://ifsc.results.info/event/557/
2008,IFSC ParaClimbing Cup 2008 - Moscow (RUS),https://ifsc.results.info/event/528/
2008,Asian Youth Championship (L+S) - Yamaguchi (JPN) 2008,https://ifsc.results.info/event/530/
2008,IFSC Climbing Worldcup (S+B) - Moscow (RUS) 2008,https://ifsc.results.info/event/525/
2008,IFSC European Youth Series (L) - Annecy (FRA) 2008,https://ifsc.results.info/event/535/
2008,IFSC Climbing Worldcup (L) - Kranj (SLO) 2008,https://ifsc.results.info/event/526/
2008,IFSC European Youth Series (L) - Kranj (SLO) 2008,https://ifsc.results.info/event/536/
2008,Promo Indonesia Open Xtreme - Bandung,https://ifsc.results.info/event/558/
2008,Promo Event - Nordic Bouldering Challenge- Lillehammer (NOR) 2008,https://ifsc.results.info/event/559/
2008,North American Championships - Montreal (CAN) 2008,https://ifsc.results.info/event/538/
2009,Intl. Event (B) - Boulder Promo - Sheffield (GBR) 2009,https://ifsc.results.info/event/589/
2009,IFSC Climbing Worldcup (B) - Kazo (JPN) 2009,https://ifsc.results.info/event/560/
2009,Asia Cup Bouldering,https://ifsc.results.info/event/578/
2009,IFSC Climbing Worldcup (S) - Tarnow (POL) 2009,https://ifsc.results.info/event/561/
2009,IFSC Climbing Worldcup (S) - Trento (ITA) 2009,https://ifsc.results.info/event/562/
2009,Asian X Games (S) - Shanghai (CHN) 2009,https://ifsc.results.info/event/587/
2009,IFSC Climbing Worldcup (B) - Hall (AUT) 2009,https://ifsc.results.info/event/563/
2009,Shanghai Rock Master (L + S) - Shanghai (CHN) 2009,https://ifsc.results.info/event/590/
2009,Promotional Event - Melloblocco (ITA),https://ifsc.results.info/event/591/
2009,Intl. Event (B) - Open Boulder Austria and Germany Cup- Kitzbuhel (AUT) 2009,https://ifsc.results.info/event/592/
2009,"Promo Event - Rock Master Ecuador (L, B, S) - Quito (ECU)",https://ifsc.results.info/event/593/
2009,European Youth Series - Imst (AUT) 2009,https://ifsc.results.info/event/581/
2009,IFSC Climbing Worldcup (B) - Wien (AUT) 2009,https://ifsc.results.info/event/564/
2009,Intl. Event - Youth Color Climbing Festival- Imst (AUT) 2009,https://ifsc.results.info/event/594/
2009,IFSC Climbing Worldcup (B) - Vail (USA) 2009,https://ifsc.results.info/event/565/
2009,Intl. Event - Rockjunior - Arco (ITA) 2009,https://ifsc.results.info/event/595/
2009,IFSC Climbing Worldcup (B) - Eindhoven (NED) 2009,https://ifsc.results.info/event/566/
2009,Ambrosia Boulder Promo,https://ifsc.results.info/event/596/
2009,IFSC Climbing World Championships - Qinghai (CHN) 2009,https://ifsc.results.info/event/568/
2009,IFSC Climbing World Championships - Qinghai (CHN) 2009 - 15m Speed,https://ifsc.results.info/event/567/
2009,Intl. Youth Event - Petzen Climbing Trophy - Petzen (AUT) 2009,https://ifsc.results.info/event/597/
2009,"IFSC Climbing Worldcup (S, L) - Chamonix (FRA) 2009",https://ifsc.results.info/event/569/
2009,World Games (L+S) - Kaohsiung (TPE) 2009,https://ifsc.results.info/event/588/
2009,Friedrichshafen Speed Promo - Friedrichshafen (GER) - 2009,https://ifsc.results.info/event/598/
2009,Asia Youth Championship - Almaty (KAZ) - 2009,https://ifsc.results.info/event/580/
2009,Intl. Event (L) - Lead Masters - Serre Chevalier (FRA) 2009,https://ifsc.results.info/event/599/
2009,Promo event - European Youth Speed Cup - Stuttgart (GER) 2009,https://ifsc.results.info/event/600/
2009,Promo Event (B) - Boulder Promo - Argentiere (FRA) 2009,https://ifsc.results.info/event/601/
2009,IFSC Paraclimbing Cup - Val Daone (ITA) - 2009,https://ifsc.results.info/event/577/
2009,IFSC Climbing Worldcup (S) - Daone (ITA) 2009,https://ifsc.results.info/event/570/
2009,IFSC Climbing Worldcup (L) - Barcelona (ESP) 2009,https://ifsc.results.info/event/571/
2009,Promo Event - Bronx Rock Invitational - Cologne (GER) 2009,https://ifsc.results.info/event/602/
2009,IFSC Climbing Worldcup (L) - Imst (AUT) 2009,https://ifsc.results.info/event/572/
2009,IFSC World Youth Championships - Valence (FRA) 2009,https://ifsc.results.info/event/576/
2009,Asia Championship - Chuncheon (KOR) - 2009,https://ifsc.results.info/event/579/
2009,Promo Event - Innsbruck (AUT) - 2009,https://ifsc.results.info/event/603/
2009,Promo Event - BAZ - Scheveningen Beach (NED) - 2009,https://ifsc.results.info/event/604/
2009,Int. Event (L+B+S) ROCKMASTER - Arco (ITA) 2009,https://ifsc.results.info/event/605/
2009,"Intl. Event (L) - Lead Masters - Dur&Go Climbing Master, Durango (ESP) 2009",https://ifsc.results.info/event/606/
2009,IFSC European Youth Series (L+S) - Munich (GER),https://ifsc.results.info/event/582/
2009,IFSC European Youth Series - Edinburgh (GBR),https://ifsc.results.info/event/583/
2009,IFSC Climbing Worldcup (L) - Puurs (BEL) 2009,https://ifsc.results.info/event/573/
2009,"Oceania Championship - Port Maquarie, NSW (AUS) 2009",https://ifsc.results.info/event/586/
2009,Promo Event - Indonesia Open Xtreme - Makasar (INA) 2009,https://ifsc.results.info/event/607/
2009,IFSC European Youth Series (L+S) - Kaliningrad (RUS),https://ifsc.results.info/event/584/
2009,IFSC Climbing Worldcup (L) - Brno (CZE) 2009,https://ifsc.results.info/event/574/
2009,IFSC Climbing Worldcup (L) - Kranj (SLO) 2009,https://ifsc.results.info/event/575/
2009,IFSC European Youth Series - Kranj (SLO) 2009,https://ifsc.results.info/event/585/
2010,Promo Event - Bodensee Climbing Trophy - Dornbirn (AUT) 2010,https://ifsc.results.info/event/644/
2010,European Promo Event - Boulder - Sheffield (GBR) 2010,https://ifsc.results.info/event/643/
2010,International University Bouldering Trophy Avogadro - Pollone (ITA) 2010,https://ifsc.results.info/event/641/
2010,CISM Winter Military World Games - Courmayeur (ITA) 2010,https://ifsc.results.info/event/640/
2010,Promotional Event - Kitzbuhel (AUT) 2010,https://ifsc.results.info/event/645/
2010,Regional European Competition (L + S) - Volos and Almyros (GRE) 2010,https://ifsc.results.info/event/642/
2010,IFSC Climbing Worldcup (S) - Trento (ITA) 2010,https://ifsc.results.info/event/608/
2010,Promo Event - Melloblocco (ITA) 2010,https://ifsc.results.info/event/647/
2010,Promotional Event - Melloblocco (ITA) 2010,https://ifsc.results.info/event/646/
2010,IFSC Climbing Worldcup (B) - Greifensee (SUI) 2010,https://ifsc.results.info/event/609/
2010,"IFSC PanAmerican Championship (L, S, B) - Quito (ECU) 2010",https://ifsc.results.info/event/637/
2010,Intl. Event - Youth Color Climbing Festival - Imst (AUT) 2010,https://ifsc.results.info/event/648/
2010,IFSC Climbing Worldcup (B) - Wien (AUT) 2010,https://ifsc.results.info/event/610/
2010,IFSC Climbing Worldcup (B) - Vail (USA) 2010,https://ifsc.results.info/event/611/
2010,Intl. Event - Rock Junior - Arco (ITA) 2010,https://ifsc.results.info/event/650/
2010,European Youth Series - Imst (AUT) 2010,https://ifsc.results.info/event/631/
2010,International Youth Event - Rockjunior - Arco (ITA) 2010,https://ifsc.results.info/event/649/
2010,"IFSC Climbing Worldcup (B,S) - Moscow (RUS) 2010",https://ifsc.results.info/event/612/
2010,Ambrosia Boulder Contest - Zsombo (HUN) 2010,https://ifsc.results.info/event/651/
2010,IFSC Climbing Worldcup (B) - Eindhoven (NED) 2010,https://ifsc.results.info/event/613/
2010,"Junior Climbing Marathon (B, L) - Traversella (ITA) 2010",https://ifsc.results.info/event/652/
2010,IFSC Climbing Worldcup (B) - Sheffield (GBR) 2010,https://ifsc.results.info/event/614/
2010,"Intl. Youth Event - Petzen Climbing Trophy (L, S, B) - Petzen (AUT) 2010",https://ifsc.results.info/event/654/
2010,International Event - Petzen Climbing Trophy - Petzen (AUT) 2010,https://ifsc.results.info/event/653/
2010,"IFSC Climbing Worldcup (L,S) - Chamonix (FRA) 2010",https://ifsc.results.info/event/615/
2010,European Speed Cup - Friedrichshafen (GER) 2010,https://ifsc.results.info/event/628/
2010,European Youth Series - Friedrichschafen (GER) 2010,https://ifsc.results.info/event/632/
2010,Rock Master - World Championship Pre-event - Arco (ITA),https://ifsc.results.info/event/655/
2010,Rockmaster ARCO 2010 - Duel Lead,https://ifsc.results.info/event/656/
2010,European Youth Bouldering Event - L'Argeniere (FRA) 2010,https://ifsc.results.info/event/657/
2010,Promo Event (B) - Boulder Promo - Argentiere (FRA) 2010,https://ifsc.results.info/event/658/
2010,L'Argentiere Boulder Promo - L'Argentiere (FRA) 2010,https://ifsc.results.info/event/660/
2010,European Youth Bouldering Event - L'Argentiere (FRA) 2010,https://ifsc.results.info/event/659/
2010,IFSC Paraclimbing Cup - Daone (FRA) - 2010,https://ifsc.results.info/event/624/
2010,IFSC Climbing Worldcup (S) - Daone (ITA) 2010,https://ifsc.results.info/event/616/
2010,IFSC Paraclimbing Cup - Daone (ITA) 2010,https://ifsc.results.info/event/625/
2010,"Lead International Event, Open International - Briancon (FRA) 2010",https://ifsc.results.info/event/661/
2010,IFSC Climbing Worldcup (B) - Munich (GER) 2010,https://ifsc.results.info/event/617/
2010,European Youth Series - Wien (AUT) 2010,https://ifsc.results.info/event/633/
2010,"IFSC Climbing Worldcup (L, S) - Xining (CHN) 2010",https://ifsc.results.info/event/618/
2010,"IFSC Climbing Worldcup (L,S) - Chuncheon (KOR) 2010",https://ifsc.results.info/event/619/
2010,HydroMaster Irkutsk - Irkutsk (RUS) 2010,https://ifsc.results.info/event/662/
2010,IFSC World Youth Championship - Edinburgh (GBR) - 2010,https://ifsc.results.info/event/623/
2010,European Championship - Imst/Innsbruck (AUT) 2010,https://ifsc.results.info/event/629/
2010,Asian Continental Championship,https://ifsc.results.info/event/627/
2010,IFSC Climbing Worldcup (L) - Puurs (BEL) 2010,https://ifsc.results.info/event/620/
2010,"Promotional Event - Youyang, Chongqing (CHN)",https://ifsc.results.info/event/663/
2010,Oceania Continental Championship - Auckland (NZL) 2010,https://ifsc.results.info/event/639/
2010,European Youth Series - Veliko Tarnovo (BUL) 2010,https://ifsc.results.info/event/634/
2010,European Youth Series - Annecy (France) 2010,https://ifsc.results.info/event/635/
2010,"IFSC Climbing Worldcup (L, S) - Huaiji (CHN) 2010",https://ifsc.results.info/event/621/
2010,Jiangyin Rock Master - Jiangyin (CHN) 2010,https://ifsc.results.info/event/664/
2010,IFSC Climbing Worldcup (L) - Kranj (SLO) 2010,https://ifsc.results.info/event/622/
2010,European Youth Series - Kranj (SLO) 2010,https://ifsc.results.info/event/636/
2010,"PanAmerican Youth Championship (L,S, B) - Ibarra (ECU)",https://ifsc.results.info/event/638/
2010,European Speed Cup - Nicosia (CYP) 2010,https://ifsc.results.info/event/630/
2010,IFSC Paraclimbing Cup - Chiba (JPN) 2010,https://ifsc.results.info/event/626/
2011,Promotional Event - CupOFF HUDY - Prague (CZE) 2011,https://ifsc.results.info/event/705/
2011,European Promo Event - Boulder - Sheffield (GBR) 2011,https://ifsc.results.info/event/706/
2011,Rheintal Cup - Kinder-Bouldertag Küblis (B),https://ifsc.results.info/event/707/
2011,Promotional Event - Nordic Bouldering Championship - Bouldertehdas Turku (FIN) 2011,https://ifsc.results.info/event/708/
2011,Rheintal Cup - Junior Cup Dornbirn (L),https://ifsc.results.info/event/709/
2011,"IFSC Climbing Worldcup (B,S) - Milano (ITA) 2011",https://ifsc.results.info/event/665/
2011,Rheintal Cup - Eidechsli Chur (L),https://ifsc.results.info/event/710/
2011,Promotional Event - Melloblocco (ITA) 2011,https://ifsc.results.info/event/711/
2011,IFSC Climbing Worldcup (B) - Log-Dragomer (SLO) 2011,https://ifsc.results.info/event/667/
2011,IFSC Climbing Worldcup (B) - Vienna (AUT) 2011,https://ifsc.results.info/event/668/
2011,European Youth Cup (S) - Tarnow (POL) 2011,https://ifsc.results.info/event/694/
2011,"European Youth Cup (L,S) - Edinburgh (GBR) 2011",https://ifsc.results.info/event/695/
2011,IFSC Climbing Worldcup (B) - Canmore (CAN) 2011,https://ifsc.results.info/event/669/
2011,International under 14 Event - Atomska Mravka - Skopje (MKD) 2011,https://ifsc.results.info/event/712/
2011,IFSC Climbing Worldcup (B) - Vail (USA) 2011,https://ifsc.results.info/event/670/
2011,Intl. Event - Youth Color Climbing Festival (under 14) - Imst (AUT) 2011,https://ifsc.results.info/event/713/
2011,IFSC Climbing Worldcup (B) - Eindhoven (NED) 2011,https://ifsc.results.info/event/671/
2011,Promotional event - Unified Bouldering Championship - New York (USA) 2011,https://ifsc.results.info/event/714/
2011,IFSC Climbing Worldcup (B) - Barcelona (ESP) 2011,https://ifsc.results.info/event/672/
2011,IFSC Climbing Worldcup (B) - Sheffield (GBR) 2011,https://ifsc.results.info/event/673/
2011,"Intl. Youth Event - Petzen Climbing Trophy (L, S, B) - Petzen (AUT) 2011",https://ifsc.results.info/event/715/
2011,European Youth Cup (S) - Chamonix (FRA) 2011,https://ifsc.results.info/event/696/
2011,Promotional Event - Mammut Blocmaster - Innsbruck (AUT) 2011,https://ifsc.results.info/event/716/
2011,"IFSC Climbing Worldcup (L,S) - Chamonix (FRA) 2011",https://ifsc.results.info/event/674/
2011,European Youth Cup (S) - Friedrichshafen (GER) 2011,https://ifsc.results.info/event/697/
2011,IFSC Climbing World Championships - Arco (ITA) 2011,https://ifsc.results.info/event/675/
2011,IFSC Paraclimbing World Championship LEAD - Arco (ITA) 2011,https://ifsc.results.info/event/691/
2011,IFSC Paraclimbing World Championship SPEED - Arco (ITA) 2011,https://ifsc.results.info/event/690/
2011,IFSC World Championship Lead Group A - Arco 2011,https://ifsc.results.info/event/676/
2011,IFSC World Championship Lead Group B - Arco 2011,https://ifsc.results.info/event/677/
2011,Rockmaster Gala Duel - Arco (ITA) 2011,https://ifsc.results.info/event/717/
2011,International Climbing Festival (under 14) - Veliko Tarnovo (BUL) 2011,https://ifsc.results.info/event/718/
2011,Asian Youth Championship - Singapore (SGP) 2011,https://ifsc.results.info/event/693/
2011,Promo event Adidas Rockstars - AREA 47 Otztal Bahnhof (AUT) 2011,https://ifsc.results.info/event/719/
2011,IFSC Climbing Worldcup (L) - Briançon (FRA) 2011,https://ifsc.results.info/event/678/
2011,"European Youth Cup (L,S) - Veliko Tarnovo (BUL) 2011",https://ifsc.results.info/event/698/
2011,IFSC Climbing Worldcup (S) - Daone (ITA) 2011,https://ifsc.results.info/event/679/
2011,Promotional Event - Norwegian Rockmaster - Arendal (NOR) 2011,https://ifsc.results.info/event/720/
2011,European Youth Cup (L) - Imst (AUT) 2011,https://ifsc.results.info/event/699/
2011,IFSC Climbing Worldcup (B) - Munich (GER) 2011,https://ifsc.results.info/event/680/
2011,IFSC World Youth Championship - Imst (AUT) - 2011,https://ifsc.results.info/event/689/
2011,"IFSC Climbing Worldcup (L,S) - Xining (CHN) 2011",https://ifsc.results.info/event/681/
2011,"IFSC Climbing Worldcup (L,S) - Changzhi (CHN) 2011",https://ifsc.results.info/event/682/
2011,European Youth Cup (B) - Meran (ITA) 2011,https://ifsc.results.info/event/700/
2011,European Youth Cup (B)- Munich (GER) 2011,https://ifsc.results.info/event/701/
2011,Rheintal Cup - Megusta-Kids-Cup (S),https://ifsc.results.info/event/723/
2011,Rheintal Cup - Megusta-Kids-Cup (L),https://ifsc.results.info/event/722/
2011,Promotional Event - Les 24 heures du Mur (L) - Oloront Sainte Marie (FRA) 2011,https://ifsc.results.info/event/721/
2011,IFSC Climbing Worldcup (L) - Puurs (BEL) 2011,https://ifsc.results.info/event/683/
2011,Intl. Event - Rock Junior - Arco (ITA) 2011,https://ifsc.results.info/event/724/
2011,IFSC Climbing Worldcup (L) - Boulder (USA) 2011,https://ifsc.results.info/event/684/
2011,Jiangyin Rock Master - Jiangyin (CHN) 2011,https://ifsc.results.info/event/725/
2011,IFSC Climbing Worldcup (L) - Amman (JOR) 2011,https://ifsc.results.info/event/685/
2011,IFSC Climbing Worldcup (L) - Valence (FRA) 2011,https://ifsc.results.info/event/686/
2011,26th South East Asian Games 2011 - Palembang and Jakarta (IDN) 2011,https://ifsc.results.info/event/704/
2011,European Youth Cup (L) - Pau (FRA) 2011,https://ifsc.results.info/event/702/
2011,IFSC Climbing Worldcup (L) - Kranj (SLO) 2011,https://ifsc.results.info/event/687/
2011,IFSC Climbing Worldcup (L) - Barcelona (ESP) 2011,https://ifsc.results.info/event/688/
2011,European Youth Cup (L)- Kranj (SLO) 2011,https://ifsc.results.info/event/703/
2011,Rheintal Cup Finale - Nikoloklettern Dornbirn (L),https://ifsc.results.info/event/726/
2011,Asian Continental Championship - Huangshi (CHN) 2011,https://ifsc.results.info/event/692/
2012,Intl. Event - Fajr Master - Zanjan (IRI) 2012,https://ifsc.results.info/event/766/
2012,European Promo Event (B) - Sheffield (GBR) 2012,https://ifsc.results.info/event/767/
2012,Intl. Event - Master de Bouldering The North Face (CHI) 2012,https://ifsc.results.info/event/768/
2012,Rheintal Cup - Junior Cup Dornbirn (L) 2012,https://ifsc.results.info/event/769/
2012,"IFSC Climbing Worldcup (B,S) - Chongqing (CHN) 2012",https://ifsc.results.info/event/727/
2012,Rheintal Cup - Bouldertag Küblis (B) 2012,https://ifsc.results.info/event/770/
2012,IFSC Climbing Worldcup (B) - Log-Dragomer (SLO) 2012,https://ifsc.results.info/event/728/
2012,"Asian Continental Championship - Leye, Guangxi (CHN) 2012",https://ifsc.results.info/event/750/
2012,IFSC Climbing Worldcup (B) - Vienna (AUT) 2012,https://ifsc.results.info/event/729/
2012,Promotional Event - Melloblocco (ITA) 2012,https://ifsc.results.info/event/771/
2012,Rheintal Cup - Eidechsli Chur (L) 2012,https://ifsc.results.info/event/772/
2012,Promotional Event - namBa HIPS CUP (L) (JPN) 2012,https://ifsc.results.info/event/773/
2012,IFSC Climbing Worldcup (B) - Innsbruck (AUT) 2012,https://ifsc.results.info/event/730/
2012,"European Youth Cup (L,S) - Edinburgh (GBR) 2012",https://ifsc.results.info/event/753/
2012,"European Youth Cup (L,S) - Moscow (RUS) 2012",https://ifsc.results.info/event/754/
2012,Promotional Event - Copa Aldea (L) Lunahuana (PER) 2012,https://ifsc.results.info/event/775/
2012,Intl. Event - Youth Color Climbing Festival (under 14) - Imst (AUT) 2012,https://ifsc.results.info/event/774/
2012,IFSC Climbing Worldcup (B) - Vail (USA) 2012,https://ifsc.results.info/event/731/
2012,European Youth Cup (B) - Grindelwald (SUI) 2012,https://ifsc.results.info/event/755/
2012,European Youth Cup (L) - Voiron (FRA) 2012,https://ifsc.results.info/event/756/
2012,Promotional Event - Festival del Andinismo 2012 (L - S) Huaraz (PER) 2012,https://ifsc.results.info/event/776/
2012,European Youth Cup (L) - Linz (AUT) 2012,https://ifsc.results.info/event/757/
2012,European Promo Event (S) - Munich (GER) 2012,https://ifsc.results.info/event/777/
2012,"Intl. Youth Event - Petzen Climbing Trophy (L, S, B) - Petzen (AUT) 2012",https://ifsc.results.info/event/778/
2012,European Youth Cup (S) - Chamonix (FRA) 2012,https://ifsc.results.info/event/758/
2012,Asian Youth Championship - Hamedan (IRI) 2012,https://ifsc.results.info/event/752/
2012,"IFSC Climbing Worldcup (L,S) - Chamonix (FRA) 2012",https://ifsc.results.info/event/732/
2012,Promotional Event - European OutDoor Speedcup (S) - Friedrichshafen (GER) 2012,https://ifsc.results.info/event/779/
2012,IFSC Climbing Worldcup (L) - Briançon (FRA) 2012,https://ifsc.results.info/event/733/
2012,European Youth Cup (B) - L'Argentière (FRA) 2012,https://ifsc.results.info/event/759/
2012,IFSC Climbing Worldcup (S) - Val Daone (ITA) 2012,https://ifsc.results.info/event/734/
2012,European Youth Cup (L) - Imst (AUT) 2012,https://ifsc.results.info/event/760/
2012,Promotional Event - Adidas Rockstars (B) - Stuttgart (GER) 2012,https://ifsc.results.info/event/780/
2012,IFSC Climbing Worldcup (L) - Imst (AUT) 2012,https://ifsc.results.info/event/735/
2012,European Youth Cup (S) - Pieve (ITA) 2012,https://ifsc.results.info/event/761/
2012,Intl. Event - Rock Junior - Arco (ITA) 2012,https://ifsc.results.info/event/781/
2012,IFSC Climbing Worldcup (B) - Munich (GER) 2012,https://ifsc.results.info/event/736/
2012,Paraclimbing Cup Arco 2012 - Arco (ITA) 2012,https://ifsc.results.info/event/748/
2012,IFSC World Youth Championship - Singapore (SIN) - 2012,https://ifsc.results.info/event/747/
2012,"Intl. Event Open for Rockmaster (L, B) - Arco (ITA) 2012",https://ifsc.results.info/event/782/
2012,"Intl. Event (L, B) - ROCKMASTER - Arco (ITA) 2012",https://ifsc.results.info/event/783/
2012,IFSC Climbing Worldcup (S) - Arco (ITA) 2012,https://ifsc.results.info/event/737/
2012,IFSC World Championship Lead Group B - Paris 2012,https://ifsc.results.info/event/740/
2012,IFSC World Championship Lead Group A - Paris 2012,https://ifsc.results.info/event/739/
2012,IFSC Climbing World Championship - Paris (FRA) 2012,https://ifsc.results.info/event/738/
2012,IFSC Paraclimbing World Championship - Paris (FRA) 2012,https://ifsc.results.info/event/749/
2012,IFSC Climbing Worldcup (L) - Puurs (BEL) 2012,https://ifsc.results.info/event/741/
2012,Rheintal Cup - Megusta Cup Chur 2012,https://ifsc.results.info/event/784/
2012,Rheintal Cup - Megusta Cup Chur (S) 2012,https://ifsc.results.info/event/785/
2012,IFSC Climbing Worldcup (L) - Atlanta (USA) 2012,https://ifsc.results.info/event/742/
2012,Promotional Event - Les 24 heures du Mur (L) - Oloront Sainte Marie (FRA) 2012,https://ifsc.results.info/event/786/
2012,"IFSC Climbing Worldcup (L,S) - Xining (CHN) 2012",https://ifsc.results.info/event/743/
2012,Wujiang Rock Master - Wujiang (CHN) 2012,https://ifsc.results.info/event/787/
2012,"IFSC Climbing Worldcup (L,S) - Mokpo (KOR) 2012",https://ifsc.results.info/event/744/
2012,IFSC Climbing Worldcup (L) - Inzai (JPN) 2012,https://ifsc.results.info/event/745/
2012,"European Youth Championship (L,S) - Gémozac (FRA) 2012",https://ifsc.results.info/event/762/
2012,"Asian Cup (L, S) - Chengdu CHN) 2012",https://ifsc.results.info/event/751/
2012,"IFSC Panamerican Championship (L, S, B) - San Juan de los Morros (VEN) 2012",https://ifsc.results.info/event/764/
2012,IFSC Climbing Worldcup (L) - Kranj (SLO) 2012,https://ifsc.results.info/event/746/
2012,"PanAmerican Youth Championship (L,S, B) - Santiago (CHI) 2012",https://ifsc.results.info/event/765/
2012,European Youth Cup (L) - Kranj (SLO) 2012,https://ifsc.results.info/event/763/
2012,Rheintal Cup - Nikoloklettern Dornbirn (L) 2012,https://ifsc.results.info/event/788/
2013,Promo Event - The Climbing Works International Festival (B) - Sheffield (GBR) 2013,https://ifsc.results.info/event/830/
2013,"IFSC Climbing Worldcup (B,S) - Chongqing (CHN) 2013",https://ifsc.results.info/event/789/
2013,"2nd CISM World Winter Games ""Annecy-Chamonix 2013""",https://ifsc.results.info/event/828/
2013,IFSC Climbing Worldcup (B) - Millau (FRA) 2013,https://ifsc.results.info/event/790/
2013,IFSC Climbing Worldcup (B) - Kitzbühel (AUT) 2013,https://ifsc.results.info/event/791/
2013,Promotional Event - Melloblocco 10th anniversary (ITA) 2013,https://ifsc.results.info/event/831/
2013,IFSC Climbing Worldcup (B) - Log-Dragomer (SLO) 2013,https://ifsc.results.info/event/792/
2013,Promotional Event - namBa HIPS CUP (L) - Osaka (JPN) 2013,https://ifsc.results.info/event/832/
2013,"European Cup (L, S) - Ekaterinburg (RUS) 2013",https://ifsc.results.info/event/815/
2013,IFSC Climbing Worldcup (B) - Innsbruck (AUT) 2013,https://ifsc.results.info/event/793/
2013,Intl. Event - Youth Color Climbing Festival (under 14) - Imst (AUT) 2013,https://ifsc.results.info/event/833/
2013,"Asian Continental Championship - Tehran, (IRN) 2013",https://ifsc.results.info/event/813/
2013,Oceania Continental Championship - Nouméa (New Caledonia) 2013,https://ifsc.results.info/event/827/
2013,Promotional Event - Adidas Rockstars Korea (B) - Seoul (KOR) 2013,https://ifsc.results.info/event/834/
2013,European Youth Championship (B) - Grindelwald (SUI) 2013,https://ifsc.results.info/event/818/
2013,IFSC Climbing Worldcup (B) - Toronto (CAN) 2013,https://ifsc.results.info/event/794/
2013,IFSC Climbing Worldcup (B) - Vail (USA) 2013,https://ifsc.results.info/event/795/
2013,"European Youth Cup (L, S) - Edinburgh (GBR) 2013",https://ifsc.results.info/event/819/
2013,Kia World Extreme Games - Shanghai (CHN) 2013,https://ifsc.results.info/event/835/
2013,"Promotional Event - Adidas Rockstars China (B) - Shanghai, Century Plaza (CHN) 2013",https://ifsc.results.info/event/836/
2013,IFSC Climbing Worldcup (S) - Baku (AZE) 2013,https://ifsc.results.info/event/796/
2013,European Youth Cup (B) - Sofia (BUL) 2013,https://ifsc.results.info/event/820/
2013,European Youth Cup (S) - Imst (AUT) 2013,https://ifsc.results.info/event/821/
2013,"Intl. Youth Event - Petzen Climbing Trophy (L, S, B) - Petzen (AUT) 2013",https://ifsc.results.info/event/837/
2013,European Promo Event (S) - Munich (GER) 2013,https://ifsc.results.info/event/838/
2013,European Youth Cup (S) - Chamonix (FRA) 2013,https://ifsc.results.info/event/822/
2013,European Paraclimbing Lead Championship - Chamonix (FRA) 2013,https://ifsc.results.info/event/809/
2013,"European Championship (L,S) - Chamonix (FRA) 2013",https://ifsc.results.info/event/816/
2013,IFSC Climbing Worldcup (L) - Briançon (FRA) 2013,https://ifsc.results.info/event/797/
2013,International Event (S) - Val Daone (ITA) 2013,https://ifsc.results.info/event/839/
2013,European Youth Cup (B) - L'Argentière (FRA) 2013,https://ifsc.results.info/event/823/
2013,"European Youth Championship (L,S) - Imst (AUT) 2013",https://ifsc.results.info/event/824/
2013,Promotional Event - Tout à Bloc (B) - L'Argentière la Bessée (FRA) 2013,https://ifsc.results.info/event/840/
2013,The World Games 2013 - Cali (COL) 2013,https://ifsc.results.info/event/829/
2013,IFSC Climbing Worldcup (L) - Imst (AUT) 2013,https://ifsc.results.info/event/798/
2013,IFSC World Youth Championship - Central Saanich (CAN) - 2013,https://ifsc.results.info/event/808/
2013,IFSC Climbing Worldcup (B) - Munich (GER) 2013,https://ifsc.results.info/event/799/
2013,Intl. Event - Rock Junior - Arco (ITA) 2013,https://ifsc.results.info/event/841/
2013,European Championship (B) - Eindhoven (NED) 2013,https://ifsc.results.info/event/817/
2013,"Intl. Event Open for Rockmaster (L, B) - Arco (ITA) 2013",https://ifsc.results.info/event/842/
2013,Paraclimbing Cup Arco 2013 - Arco (ITA) 2013,https://ifsc.results.info/event/810/
2013,European Youth Cup (L) - Stavanger (NOR) 2013,https://ifsc.results.info/event/825/
2013,IFSC Climbing Worldcup (S) - Arco (ITA) 2013,https://ifsc.results.info/event/800/
2013,"Intl. Event (L, B) - ROCKMASTER - Arco (ITA) 2013",https://ifsc.results.info/event/843/
2013,Promotional Event - Adidas Rockstars (B) - Stuttgart (GER) 2013,https://ifsc.results.info/event/844/
2013,International under 14 Event - Atomska Mravka - Skopje (MKD) 2013,https://ifsc.results.info/event/845/
2013,IFSC Climbing Worldcup (L) - Puurs (BEL) 2013,https://ifsc.results.info/event/801/
2013,Paraclimbing Cup London (Lead) 2013 - London (GBR) 2013,https://ifsc.results.info/event/811/
2013,"IFSC Climbing Worldcup (L,S) - Perm (RUS) 2013",https://ifsc.results.info/event/802/
2013,Promotional Event - 24 heures du mur (L) - Oloron Sainte Marie (FRA) 2013,https://ifsc.results.info/event/846/
2013,"IFSC Climbing Worldcup (L,S) - Mokpo (KOR) 2013",https://ifsc.results.info/event/803/
2013,European Youth Cup (B) - Laval (FRA) 2013,https://ifsc.results.info/event/826/
2013,Paraclimbing Cup Laval (Boulder) 2013 - Laval (FRA) 2013,https://ifsc.results.info/event/812/
2013,IFSC Climbing Worldcup (S) - Haiyang (CHN) 2013,https://ifsc.results.info/event/804/
2013,Promotional Event - (L) - Haiyang (CHN) 2013,https://ifsc.results.info/event/847/
2013,"IFSC Climbing Worldcup (L,S) - Wujiang (CHN) 2013",https://ifsc.results.info/event/805/
2013,IFSC Climbing Worldcup (L) - Valence (FRA) 2013,https://ifsc.results.info/event/806/
2013,IFSC Climbing Worldcup (L) - Kranj (SLO) 2013,https://ifsc.results.info/event/807/
2013,"Promotional Event - (B,L) - Moscow (RUS) 2013",https://ifsc.results.info/event/848/
2013,Asian Youth Championship - Surabaya (INA) 2013,https://ifsc.results.info/event/814/
2014,Promo Event - The Climbing Works International Festival (B) - Sheffield (GBR) 2014,https://ifsc.results.info/event/886/
2014,"IFSC Climbing Worldcup (B,S) - Chongqing (CHN) 2014",https://ifsc.results.info/event/849/
2014,Kia World Extreme Games - Shanghai (CHN) 2014,https://ifsc.results.info/event/887/
2014,"IFSC Climbing Worldcup (B,S) - Baku (AZE) 2014",https://ifsc.results.info/event/850/
2014,IFSC Climbing Worldcup (B) - Grindelwald (SUI) 2014,https://ifsc.results.info/event/851/
2014,IFSC Climbing Worldcup (B) - Innsbruck (AUT) 2014,https://ifsc.results.info/event/852/
2014,IFSC Climbing Worldcup (B) - Toronto (CAN) 2014,https://ifsc.results.info/event/853/
2014,European Youth Cup (L) - Imst (AUT) 2014,https://ifsc.results.info/event/875/
2014,IFSC Climbing Worldcup (B) - Vail (USA) 2014,https://ifsc.results.info/event/854/
2014,Intl. Event - Youth Color Climbing Festival (under 14) - Imst (AUT) 2014,https://ifsc.results.info/event/888/
2014,"European Youth Championship (L,S) - Edinburgh 2014",https://ifsc.results.info/event/876/
2014,"IFSC Climbing Worldcup (L, B, S) - Haiyang (CHN) 2014",https://ifsc.results.info/event/855/
2014,Paraclimbing Cup Laval (Boulder) 2014 - Laval (FRA) 2014,https://ifsc.results.info/event/868/
2014,IFSC Climbing Worldcup (B) - Laval (FRA) 2014,https://ifsc.results.info/event/856/
2014,Asian University Climbing Championships - Singapore (SIN) 2014,https://ifsc.results.info/event/885/
2014,Paraclimbing Cup Imst (Lead) 2014 - Imst (AUT) 2014,https://ifsc.results.info/event/869/
2014,"Intl. Youth Event - Petzen Climbing Trophy (L, S, B) - Petzen (AUT) 2014",https://ifsc.results.info/event/889/
2014,European Youth Cup (S) - Imst (AUT) 2014,https://ifsc.results.info/event/877/
2014,European Promo Event (S) - Munich (GER) 2014,https://ifsc.results.info/event/890/
2014,European Youth Cup (S) - Chamonix (FRA) 2014,https://ifsc.results.info/event/878/
2014,"IFSC Climbing Worldcup (L,S) - Chamonix (FRA) 2014",https://ifsc.results.info/event/857/
2014,IFSC Climbing Worldcup (L) - Briançon (FRA) 2014,https://ifsc.results.info/event/858/
2014,European Youth Cup (B) - L'Argentière (FRA) 2014,https://ifsc.results.info/event/879/
2014,Promotional Event - Tout à Bloc (B) - L'Argentière la Bessée (FRA) 2014,https://ifsc.results.info/event/891/
2014,IFSC Climbing Worldcup (L) - Imst (AUT) 2014,https://ifsc.results.info/event/859/
2014,European Youth Cup (B) - Laengenfeld/Oetzal (AUT) 2014,https://ifsc.results.info/event/880/
2014,Youth Olympic Games Nanjing (CHN) - Sports Lab - Climbing Showcase,https://ifsc.results.info/event/884/
2014,IFSC Climbing World Championship (B) - Munich (GER) 2014,https://ifsc.results.info/event/860/
2014,"Intl. Event Open for Rockmaster (L, B) - Arco (ITA) 2014",https://ifsc.results.info/event/892/
2014,Paraclimbing Cup Arco 2014 - Arco (ITA) 2014,https://ifsc.results.info/event/870/
2014,"Intl. Event (L, B) - ROCKMASTER - Arco (ITA) 2014",https://ifsc.results.info/event/893/
2014,IFSC Climbing Worldcup (S) - Arco (ITA) 2014,https://ifsc.results.info/event/861/
2014,Intl. Event - Rock Junior - Arco (ITA) 2014,https://ifsc.results.info/event/894/
2014,European Youth Championship (B) - Arco (ITA) 2014,https://ifsc.results.info/event/881/
2014,"IFSC Climbing World Championship (L, S) - Gijon (ESP) 2014",https://ifsc.results.info/event/862/
2014,IFSC Paraclimbing World Masters - Gijon (ESP) 2014,https://ifsc.results.info/event/871/
2014,IFSC Paraclimbing World Championship - Gijon (ESP) 2014,https://ifsc.results.info/event/872/
2014,"IFSC World Youth Championship - Noumea, New Caledonia (FRA) - 2014",https://ifsc.results.info/event/867/
2014,Promotional Event - Adidas Rockstars (B) - Stuttgart (GER) 2014,https://ifsc.results.info/event/895/
2014,Promotional Event - 24 heures du mur (L) - Oloron Sainte Marie (FRA) 2014,https://ifsc.results.info/event/896/
2014,22th Asian Continental Championship - Lombok (INA) 2014,https://ifsc.results.info/event/874/
2014,Paraclimbing Cup Sheffield (Lead) 2014 - Sheffield (GBR) 2014,https://ifsc.results.info/event/873/
2014,"IFSC Climbing Worldcup (L,S) - Mokpo (KOR) 2014",https://ifsc.results.info/event/863/
2014,Oceania International Open - Katoomba (AUS) 2014,https://ifsc.results.info/event/883/
2014,"IFSC Climbing Worldcup (L,S) - Wujiang (CHN) 2014",https://ifsc.results.info/event/864/
2014,IFSC Climbing Worldcup (L) - Inzai (JPN) 2014,https://ifsc.results.info/event/865/
2014,IFSC Climbing Worldcup (L) - Kranj (SLO) 2014,https://ifsc.results.info/event/866/
2014,"PanAmerican Youth Championship (L,S, B) - Mexico City (MEX) 2014",https://ifsc.results.info/event/882/
2015,Promotional Event - Gravical (B) - Singapore (SIN) 2015,https://ifsc.results.info/event/927/
2015,IFSC World Climbing Camp @ The Boulders,https://ifsc.results.info/event/928/
2015,Promo Event - The Climbing Works International Festival (B) - Sheffield (GBR) 2015,https://ifsc.results.info/event/929/
2015,Kia World Extreme Games - Speed Climbing - Shanghai (CHN) 2015,https://ifsc.results.info/event/930/
2015,European Youth Cup (L) - Dornbirn (AUT) 2015,https://ifsc.results.info/event/918/
2015,European Championship (B) - Innsbruck (AUT) 2015,https://ifsc.results.info/event/916/
2015,IFSC Climbing Worldcup (S) - Central Saanich (CAN) 2015,https://ifsc.results.info/event/897/
2015,IFSC Climbing Worldcup (B) - Toronto (CAN) 2015,https://ifsc.results.info/event/898/
2015,European Youth Cup (L) - Imst (AUT) 2015,https://ifsc.results.info/event/919/
2015,IFSC Climbing Worldcup (B) - Vail (USA) 2015,https://ifsc.results.info/event/899/
2015,Intl. Event - Youth Color Climbing Festival (under 14) - Imst (AUT) 2015,https://ifsc.results.info/event/931/
2015,European Youth Cup (S) - Tarnow (POL) 2015,https://ifsc.results.info/event/920/
2015,"European Youth Championship (L, S) - Edinburgh (GBR) 2015",https://ifsc.results.info/event/922/
2015,"IFSC Climbing Worldcup (B,S) - Chongqing (CHN) 2015",https://ifsc.results.info/event/900/
2015,"IFSC Climbing Worldcup (B,S) - Haiyang (CHN) 2015",https://ifsc.results.info/event/901/
2015,Paraclimbing Cup (L) - Imst (AUT) 2015,https://ifsc.results.info/event/911/
2015,European Youth Cup (B) - Laengenfeld (AUT) 2015,https://ifsc.results.info/event/921/
2015,"European Championship (L,S) - Chamonix (FRA) 2015",https://ifsc.results.info/event/917/
2015,Paraclimbing Cup (L) - Chamonix (FRA) 2015,https://ifsc.results.info/event/912/
2015,"IFSC Climbing Worldcup (L,S) - Chamonix (FRA) 2015",https://ifsc.results.info/event/902/
2015,"Intl. Youth Event - Petzen Climbing Trophy (L, S, B) - Petzen (AUT) 2015",https://ifsc.results.info/event/932/
2015,IFSC Climbing Worldcup (L) - Briançon (FRA) 2015,https://ifsc.results.info/event/903/
2015,Promotional Event (S) - Gaflenz (AUT) 2015,https://ifsc.results.info/event/933/
2015,European Youth Championship (B) - L'Argentière la Bessée (FRA) 2015,https://ifsc.results.info/event/923/
2015,IFSC Climbing Worldcup (L) - Imst (AUT) 2015,https://ifsc.results.info/event/904/
2015,European Universities Sport Climbing Championship - Katowice (POL) 2015,https://ifsc.results.info/event/926/
2015,European Youth Cup (L) - Mitterdorf (AUT) 2015,https://ifsc.results.info/event/924/
2015,IFSC Climbing Worldcup (B) - Munich (GER) 2015,https://ifsc.results.info/event/905/
2015,IFSC Climbing Worldcup (L) - Stavanger (NOR) 2015,https://ifsc.results.info/event/906/
2015,European Youth Cup (S) - Imst (AUT) 2015,https://ifsc.results.info/event/925/
2015,IFSC World Youth Championships - Arco (ITA) - 2015,https://ifsc.results.info/event/910/
2015,Torino European Climbing Challenge (L) - Torino (ITA) 2015,https://ifsc.results.info/event/934/
2015,Master Event - Adidas Rockstars (B) - Stuttgart (GER) 2015,https://ifsc.results.info/event/935/
2015,IFSC Climbing Worldcup (L) - Puurs (BEL) 2015,https://ifsc.results.info/event/907/
2015,Paraclimbing Cup (L) - Sheffield (GBR) 2015,https://ifsc.results.info/event/913/
2015,Promotional Event - 24 heures du mur (L) - Oloron Sainte Marie (FRA) 2015,https://ifsc.results.info/event/936/
2015,"IFSC Climbing Worldcup (L,S) - Wujiang (CHN) 2015",https://ifsc.results.info/event/908/
2015,IFSC Climbing Worldcup (L) - Kranj (SLO) 2015,https://ifsc.results.info/event/909/
2015,Asian Continental Championship - Ningbo (CHN) 2015,https://ifsc.results.info/event/914/
2015,Asian Youth Championship - Putrajaya (MAS) 2015,https://ifsc.results.info/event/915/
2016,Promotional Event Just Climb Cup (B) - Hong Kong (HKG) 2016,https://ifsc.results.info/event/974/
2016,Promotional Event Gravical (B) - Singapore (SIN) 2016,https://ifsc.results.info/event/975/
2016,Promo Event - The Climbing Works International Festival (B) - Sheffield (GBR) 2016,https://ifsc.results.info/event/976/
2016,IFSC Climbing Worldcup (B) - Meiringen (SUI) 2016,https://ifsc.results.info/event/937/
2016,European Youth Cup (S) - Tarnow (POL) 2016,https://ifsc.results.info/event/960/
2016,IFSC Climbing Worldcup (B) - Kazo (JPN) 2016,https://ifsc.results.info/event/938/
2016,"Promotional Event in memory of Pavel Samoilin (L, S) - Crimea 2016",https://ifsc.results.info/event/977/
2016,"IFSC Climbing Worldcup (B, S) - Chongqing (CHN) 2016",https://ifsc.results.info/event/939/
2016,Master Event (B) - Nanjing (CHN) 2016,https://ifsc.results.info/event/978/
2016,IFSC Climbing Worldcup (S) - Nanjing (CHN) 2016,https://ifsc.results.info/event/940/
2016,European Youth Cup (B) - Soure (POR) 2016,https://ifsc.results.info/event/961/
2016,IFSC Climbing Worldcup (B) - Navi Mumbai (IND) 2016,https://ifsc.results.info/event/941/
2016,Promotional Event (B) IMF GIRIVIHAR - Navi Mumbai (IND) 2016,https://ifsc.results.info/event/979/
2016,IFSC Climbing Worldcup (B) - Innsbruck (AUT) 2016,https://ifsc.results.info/event/942/
2016,European Youth Cup (L) - Imst (AUT) 2016,https://ifsc.results.info/event/962/
2016,Intl. Event - Youth Color Climbing Festival (under 14) - Imst (AUT) 2016,https://ifsc.results.info/event/980/
2016,IFSC Climbing Worldcup (B) - Vail (USA) 2016,https://ifsc.results.info/event/943/
2016,Oceania Continental Championship - Sidney (AUS) 2016,https://ifsc.results.info/event/969/
2016,European Youth Cup (B) - Graz (AUT) 2016,https://ifsc.results.info/event/963/
2016,Paraclimbing Cup (L) - Campitello di Fassa (ITA) 2016,https://ifsc.results.info/event/954/
2016,European Youth Cup (B) - Warsaw (POL) 2016,https://ifsc.results.info/event/964/
2016,"Intl. Youth Event - Petzen Climbing Trophy (L, S, B) - Petzen (AUT) 2016",https://ifsc.results.info/event/970/
2016,"IFSC Climbing Worldcup (L,S) -Chamonix (FRA) 2016",https://ifsc.results.info/event/944/
2016,"IFSC Climbing Worldcup (L, S) - Villars (SUI) 2016",https://ifsc.results.info/event/945/
2016,Paraclimbing Master (L) - Imst (AUT) 2016,https://ifsc.results.info/event/955/
2016,"European Universities Games (L, S, B) - Zagreb (CRO) 2016",https://ifsc.results.info/event/972/
2016,IFSC Climbing Worldcup (L) - Briançon (FRA) 2016,https://ifsc.results.info/event/946/
2016,European Youth Cup (B) - L'Argentière (FRA) 2016,https://ifsc.results.info/event/965/
2016,Master Event - Tout à Bloc (B) - L'Argentière la Bessée (FRA) 2016,https://ifsc.results.info/event/981/
2016,Asian Continental Championship - Duyun (CHN) 2016,https://ifsc.results.info/event/958/
2016,European Youth Championships (B) - Langenfeld (AUT) 2016,https://ifsc.results.info/event/966/
2016,IFSC Climbing Worldcup (B) - Munich (GER) 2016,https://ifsc.results.info/event/947/
2016,IFSC Climbing Worldcup (L) - Imst (AUT) 2016,https://ifsc.results.info/event/948/
2016,"IFSC Climbing Worldcup (L, S) - Arco (ITA) 2016",https://ifsc.results.info/event/949/
2016,"Intl. Event (L, B) - ROCKMASTER - Arco (ITA) 2016",https://ifsc.results.info/event/982/
2016,"European Youth Championships (L,S) - Mitterdorf (AUT) 2016",https://ifsc.results.info/event/967/
2016,Intl. Event - Rock Junior - Arco (ITA) 2016,https://ifsc.results.info/event/983/
2016,European Youth Cup (S) - Imst (AUT) 2016,https://ifsc.results.info/event/968/
2016,IFSC Climbing World Championships - Paris (FRA) 2016,https://ifsc.results.info/event/950/
2016,IFSC Paraclimbing World Championships - Paris (FRA) 2016,https://ifsc.results.info/event/956/
2016,Master Event - Adidas Rockstars (B) - Stuttgart (GER) 2016,https://ifsc.results.info/event/984/
2016,Paraclimbing Cup (L) - Sheffield (GBR) 2016,https://ifsc.results.info/event/957/
2016,Asian Youth Championship - Tehran (IRI) 2016,https://ifsc.results.info/event/959/
2016,Promotional Event - 24 heures du mur (L) - Oloron Sainte Marie (FRA) 2016,https://ifsc.results.info/event/971/
2016,World University Championships - Shanghai (CHN) 2016,https://ifsc.results.info/event/973/
2016,IFSC Climbing Worldcup (S) - Wujiang (CHN) 2016,https://ifsc.results.info/event/951/
2016,"IFSC Climbing Worldcup (L, S) - Xiamen (CHN) 2016",https://ifsc.results.info/event/1163/
2016,IFSC World Youth Championships - Guangzhou (CHN) - 2016,https://ifsc.results.info/event/953/
2016,IFSC Climbing Worldcup (L) - Kranj (SLO) 2016,https://ifsc.results.info/event/952/
2017,Promotional Event Kailas x Just Climb Cup (B) - Hong Kong (HKG) 2017,https://ifsc.results.info/event/1030/
2017,Promotional Event Gravical (B) - Singapore (SGP) 2017,https://ifsc.results.info/event/1031/
2017,3rd CISM World Winter Games - Sochi (RUS) 2017,https://ifsc.results.info/event/1027/
2017,Promo Event - The Climbing Works International Festival (B) - Sheffield (GBR) 2017,https://ifsc.results.info/event/1032/
2017,Master Event - Studio Bloc Masters 2017 - Pfungstadt (GER) 2017,https://ifsc.results.info/event/1033/
2017,IFSC Climbing Worldcup (B) - Meiringen (SUI) 2017,https://ifsc.results.info/event/985/
2017,"IFSC Climbing Worldcup (B,S) - Chongqing (CHN) 2017",https://ifsc.results.info/event/986/
2017,"IFSC Climbing Worldcup (B,S) - Nanjing (CHN) 2017",https://ifsc.results.info/event/987/
2017,European Youth Cup (B) - Graz (AUT) 2017,https://ifsc.results.info/event/1010/
2017,"IFSC Climbing Worldcup (B) - Hachioji, Tokyo (JPN) 2017",https://ifsc.results.info/event/988/
2017,Promotional Event - Melloblocco (ITA) 2017,https://ifsc.results.info/event/1034/
2017,European Youth Cup (S) - Tarnow (POL) 2017,https://ifsc.results.info/event/1011/
2017,Promo Event - The Rock Ljubljana (B) - (SLO) 2017,https://ifsc.results.info/event/1035/
2017,European Youth Cup (B) - Soure (POR) 2017,https://ifsc.results.info/event/1012/
2017,Promotional Event (B) - Climbing Boulder Montpellier (FRA) 2017,https://ifsc.results.info/event/1036/
2017,European Youth Cup (L) - Imst (AUT) 2017,https://ifsc.results.info/event/1013/
2017,IFSC Climbing Worldcup (B) - Vail (USA) 2017,https://ifsc.results.info/event/989/
2017,European Youth Cup (L) - Dornbirn (AUT) 2017,https://ifsc.results.info/event/1014/
2017,Asia Sports For All Pumpfest - Singapore (SGP) 2017,https://ifsc.results.info/event/1037/
2017,European Youth Cup (S) - Bologna (ITA) 2017,https://ifsc.results.info/event/1015/
2017,IFSC Climbing Worldcup (B) - Navi Mumbai (IND) 2017,https://ifsc.results.info/event/990/
2017,European Youth Cup (L) - Uster (SUI) 2017,https://ifsc.results.info/event/1016/
2017,Promo Event - Millau Natural Games (B) - (FRA) 2017,https://ifsc.results.info/event/1038/
2017,"European Championship (L,S) - Campitello di Fassa (ITA) 2017",https://ifsc.results.info/event/1008/
2017,Asian Youth Championships - Singapore (SGP) 2017,https://ifsc.results.info/event/1007/
2017,"IFSC Climbing Worldcup (L,S) - Villars (SUI) 2017",https://ifsc.results.info/event/991/
2017,"Intl. Youth Event - Petzen Climbing Trophy (L, S, B) - Petzen (AUT) 2017",https://ifsc.results.info/event/1039/
2017,Paraclimbing Master (L) - Imst (AUT) 2017,https://ifsc.results.info/event/1000/
2017,IFSC Climbing Worldcup (L) - Chamonix (FRA) 2017,https://ifsc.results.info/event/1164/
2017,European Youth Cup (B) - L'Argentière (FRA) 2017,https://ifsc.results.info/event/1017/
2017,The World Games 2017 - Wroclaw (POL) 2017,https://ifsc.results.info/event/1028/
2017,Paraclimbing Cup (L) - Briançon (FRA) 2017,https://ifsc.results.info/event/1001/
2017,IFSC Climbing Worldcup (L) - Briançon (FRA) 2017,https://ifsc.results.info/event/1165/
2017,European Youth Cup (B) - Sofia (BUL) 2017,https://ifsc.results.info/event/1018/
2017,European Youth Cup (L) - Mitterdorf (AUT) 2017,https://ifsc.results.info/event/1019/
2017,European Championship (B) - Munich (GER) 2017,https://ifsc.results.info/event/1009/
2017,IFSC Climbing Worldcup (B) - Munich (GER) 2017,https://ifsc.results.info/event/992/
2017,Intl. Event - Rock Junior - Arco (ITA) 2017,https://ifsc.results.info/event/1040/
2017,"IFSC Climbing Worldcup (L,S) - Arco (ITA) 2017",https://ifsc.results.info/event/993/
2017,"Intl. Event (L, B) - ROCKMASTER - Arco (ITA) 2017",https://ifsc.results.info/event/1041/
2017,European Youth Cup (S) - Imst (AUT) 2017,https://ifsc.results.info/event/1020/
2017,IFSC Youth World Championships - Innsbruck (AUT) - 2017,https://ifsc.results.info/event/998/
2017,Promotional Event Bouldering Championship - Bangalore (IND) 2017,https://ifsc.results.info/event/1042/
2017,IFSC Youth World Championships Combined - Innsbruck (AUT) - 2017,https://ifsc.results.info/event/999/
2017,European Youth Championships (B) - Slany (CZE) 2017,https://ifsc.results.info/event/1021/
2017,Master Event - Adidas Rockstars (B) - Stuttgart (GER) 2017,https://ifsc.results.info/event/1043/
2017,Asian Continental Championships - Tehran (IRI) 2017,https://ifsc.results.info/event/1004/
2017,Paraclimbing Cup (L) - Edinburgh (GBR) 2017,https://ifsc.results.info/event/1002/
2017,"IFSC Climbing Worldcup (L,S) - Edinburgh (GBR) 2017",https://ifsc.results.info/event/994/
2017,"European Youth Championships (L,S) - Perm (RUS) 2017",https://ifsc.results.info/event/1022/
2017,Promotional Event - 24 heures du mur (L) - Oloron Sainte Marie (FRA) 2017,https://ifsc.results.info/event/1044/
2017,"IFSC Climbing Worldcup (L,S) - Wujiang (CHN) 2017",https://ifsc.results.info/event/995/
2017,Paraclimbing Cup (L) - Sheffield (GBR) 2017,https://ifsc.results.info/event/1003/
2017,"Oceania Continental Championships & Oceania Youth Championships (L,S,B) - Noumea (FRA) 2017",https://ifsc.results.info/event/1026/
2017,"IFSC Climbing Worldcup (L,S) - Xiamen (CHN) 2017",https://ifsc.results.info/event/996/
2017,Asia Cup - Wanxianshan (CHN) 2017,https://ifsc.results.info/event/1005/
2017,PanAmerican Youth Championship Combined - Montreal (CAN) 2017,https://ifsc.results.info/event/1025/
2017,"PanAmerican Youth Championship (L, S, B) - Montreal (CAN) 2017",https://ifsc.results.info/event/1024/
2017,IFSC Climbing Worldcup (L) - Kranj (SLO) 2017,https://ifsc.results.info/event/997/
2017,China Open Qualification - Guangzhou (CHN) 2017,https://ifsc.results.info/event/1045/
2017,China Open - Guangzhou (CHN) 2017,https://ifsc.results.info/event/1046/
2017,European Youth Championship Combined (Youth A) - Saint-Etienne (FRA) 2017,https://ifsc.results.info/event/1023/
2017,"African Youth A YOG - Johannesburg, Gauteng (RSA) 2017",https://ifsc.results.info/event/1029/
2017,Asia K Climbing Championship - Singapore (SGP) 2017,https://ifsc.results.info/event/1006/
2018,Promotional Event Gravical (B) - Singapore (SGP) 2018,https://ifsc.results.info/event/1090/
2018,Promo Event - The Climbing Works International Festival (B) - Sheffield (GBR) 2018,https://ifsc.results.info/event/1091/
2018,Asia Cup (B) - Hong Kong (HKG) 2018,https://ifsc.results.info/event/1067/
2018,International Climbing Series - Studio Bloc Masters 2018 - Pfungstadt (GER) 2018,https://ifsc.results.info/event/1092/
2018,Promo Event - Delfts Bleau International Youth Open - Delft (NED) 2018,https://ifsc.results.info/event/1093/
2018,International Climbing Series - FISE World Series Hiroshima 2018,https://ifsc.results.info/event/1094/
2018,"European Youth Cup (L,S) - Voiron (FRA) 2018",https://ifsc.results.info/event/1073/
2018,IFSC Climbing Worldcup (B) - Meiringen (SUI) 2018,https://ifsc.results.info/event/1047/
2018,"IFSC Climbing Worldcup (B,S) - Moscow (RUS) 2018",https://ifsc.results.info/event/1048/
2018,"International Climbing Series - Outdoor Village Speed Stars - Akishima, Tokyo (JPN) 2018",https://ifsc.results.info/event/1095/
2018,European Youth Cup (B) - Graz (AUT) 2018,https://ifsc.results.info/event/1074/
2018,"IFSC Climbing Worldcup (B,S) - Chongqing (CHN) 2018",https://ifsc.results.info/event/1049/
2018,European Youth Cup (B) - Soure (POR) 2018,https://ifsc.results.info/event/1075/
2018,"IFSC Climbing Worldcup (B,S) - Tai'an (CHN) 2018",https://ifsc.results.info/event/1050/
2018,European Youth Cup (S) - Bologna (ITA) 2018,https://ifsc.results.info/event/1076/
2018,International Climbing Series - Triglav The Rock Ljubljana (SLO) 2018,https://ifsc.results.info/event/1097/
2018,Asia Sport For All R.O.X. Zero Gravity (B) - Manila (PHI) 2018,https://ifsc.results.info/event/1096/
2018,"European Youth Championship (L, S) - Imst 2018",https://ifsc.results.info/event/1077/
2018,Promo Event - International Climbing Elite Tournament (L + S) - Ningbo (CHN) 2018,https://ifsc.results.info/event/1098/
2018,IFSC Climbing Worldcup (B) - Hachioji (JPN) 2018,https://ifsc.results.info/event/1051/
2018,Promo Event - Youth Color Climbing Festival (under 14) - Imst (AUT) 2018,https://ifsc.results.info/event/1099/
2018,European Youth Cup (B) - Delft (NED) 2018,https://ifsc.results.info/event/1078/
2018,IFSC Climbing Worldcup (B) - Vail (USA) 2018,https://ifsc.results.info/event/1052/
2018,"Asia Cup (B,S) - Bangkok (THA) 2018",https://ifsc.results.info/event/1068/
2018,European Youth Cup (L) - Bruneck (ITA) 2018,https://ifsc.results.info/event/1079/
2018,World University Championships - Bratislava (SVK) 2018,https://ifsc.results.info/event/1088/
2018,European Youth Cup (S) - Mezzolombardo (ITA) 2018,https://ifsc.results.info/event/1080/
2018,European Youth Cup (L) - Uster (SUI) 2018,https://ifsc.results.info/event/1081/
2018,"Promo Event - Youth Petzen Climbing Trophy (L, S, B) - Petzen (AUT) 2018",https://ifsc.results.info/event/1100/
2018,"IFSC Climbing Worldcup (L,S) - Villars (SUI) 2018",https://ifsc.results.info/event/1053/
2018,Paraclimbing Master (L) - Imst (AUT) 2018,https://ifsc.results.info/event/1065/
2018,European Youth Cup (L) - Munich (GER) 2018,https://ifsc.results.info/event/1082/
2018,"IFSC Climbing Worldcup (L,S) - Chamonix (FRA) 2018",https://ifsc.results.info/event/1054/
2018,Promo Event - International Climbing Elite Tournament (L + S) - Delingha(CHN) 2018,https://ifsc.results.info/event/1101/
2018,Paraclimbing Cup (L) - Briançon (FRA) 2018,https://ifsc.results.info/event/1066/
2018,IFSC Climbing Worldcup (L) - Briançon (FRA) 2018,https://ifsc.results.info/event/1055/
2018,European Youth Cup (B) - Sofia (BUL) 2018,https://ifsc.results.info/event/1083/
2018,Promotional Event - Tout à Bloc (B) - L'Argentière la Bessée (FRA) 2018,https://ifsc.results.info/event/1102/
2018,"IFSC Climbing Worldcup (L,S) - Arco (ITA) 2018",https://ifsc.results.info/event/1056/
2018,IFSC Youth World Championships - Moscow (RUS) 2018,https://ifsc.results.info/event/1063/
2018,IFSC Climbing Worldcup (B) - Munich (GER) 2018,https://ifsc.results.info/event/1057/
2018,Asian Games 2018 - Jakarta Palembang (INA) 2018 - Climbing period,https://ifsc.results.info/event/1086/
2018,European Youth Championships (B) - Brussels (BEL) 2018,https://ifsc.results.info/event/1084/
2018,IFSC Climbing World Championships - Innsbruck (AUT) 2018,https://ifsc.results.info/event/1061/
2018,Promotional Youth Event - Flatlander Cup - Arnhem (NED) 2018,https://ifsc.results.info/event/1103/
2018,IFSC Paraclimbing World Championships - Innsbruck (AUT) 2018,https://ifsc.results.info/event/1064/
2018,IFSC Climbing World Championships Combined - Innsbruck (AUT) 2018,https://ifsc.results.info/event/1062/
2018,International Climbing Series - Adidas Rockstars (B) - Stuttgart (GER) 2018,https://ifsc.results.info/event/1104/
2018,Promo Event - International Climbing Elite Tournament (L+S) - Anshun (CHN) 2018,https://ifsc.results.info/event/1105/
2018,IFSC Climbing Worldcup (L) - Kranj (SLO) 2018,https://ifsc.results.info/event/1058/
2018,Youth Olympic Games - Buenos Aires (ARG) 2018,https://ifsc.results.info/event/1257/
2018,International Climbing Series - Les 24 Heures du Mur (L) - Oloron Sainte Marie (FRA) 2018,https://ifsc.results.info/event/1106/
2018,Promo Event - International Climbing Elite Tournament (L+S) - Huai’an (CHN) 2018,https://ifsc.results.info/event/1107/
2018,Promo Event - International Climbing Elite Tournament (L+S) - Wanxianshan (CHN) 2018,https://ifsc.results.info/event/1108/
2018,"IFSC Climbing Worldcup (L,S) - Wujiang (CHN) 2018",https://ifsc.results.info/event/1059/
2018,"IFSC Climbing Worldcup (L,S) - Xiamen (CHN) 2018",https://ifsc.results.info/event/1060/
2018,Asian Youth Championships - Chongqing (CHN) 2018,https://ifsc.results.info/event/1072/
2018,Asian Championships - Kurayoshi (JPN) 2018,https://ifsc.results.info/event/1069/
2018,Asian Championships Combined - Kurayoshi (JPN) 2018,https://ifsc.results.info/event/1070/
2018,International Climbing Series - China Open Semifinals & Finals - Guanzhou (CHN) 2018,https://ifsc.results.info/event/1109/
2018,International Climbing Series - China Open - Guangzhou (CHN) 2018,https://ifsc.results.info/event/1110/
2018,"IFSC PanAmerican Championship (L, S, B, C) - Guayaquil (ECU) 2018",https://ifsc.results.info/event/1085/
2018,Promo Event - International Climbing Elite Tournament (L+S) - Leye (CHN) 2018,https://ifsc.results.info/event/1111/
2018,CISM Climbing Indoor World Military Championships - Moscow (RUS) 2018,https://ifsc.results.info/event/1089/
2018,Asia K Climbing Championship - Krabi/Bangkok (THA) 2018,https://ifsc.results.info/event/1071/
2019,International Climbing Series - Studio Bloc Masters 2019 - Pfungstadt (GER) 2019,https://ifsc.results.info/event/1153/
2019,Promo Event - Delfts Bleau International Youth Open - Delft (NED) 2019,https://ifsc.results.info/event/1154/
2019,IFSC Climbing Worldcup (B) - Meiringen (SUI) 2019,https://ifsc.results.info/event/1112/
2019,"IFSC Climbing Worldcup (B,S) - Moscow (RUS) 2019",https://ifsc.results.info/event/1113/
2019,International Climbing Series - FISE World Series Hiroshima 2019,https://ifsc.results.info/event/1155/
2019,"IFSC Climbing Worldcup (B,S) - Chongqing (CHN) 2019",https://ifsc.results.info/event/1114/
2019,European Youth Cup (B) - Soure (POR) 2019,https://ifsc.results.info/event/1137/
2019,"IFSC European Cup (B,S) - Innsbruck (AUT) 2019",https://ifsc.results.info/event/1134/
2019,"IFSC Climbing Worldcup (B,S) - Wujiang (CHN) 2019",https://ifsc.results.info/event/1115/
2019,European Youth Cup (B) - Graz (AUT) 2019,https://ifsc.results.info/event/1138/
2019,"International Climbing Series - Outdoor Village Speed Stars - Akishima, Tokyo (JPN) 2019",https://ifsc.results.info/event/1156/
2019,IFSC Climbing Worldcup (B) - Munich (GER) 2019,https://ifsc.results.info/event/1116/
2019,ISF World Schools Championships Climbing - Aubenas (FRA) 2019,https://ifsc.results.info/event/1150/
2019,European Youth Cup (S) - Mezzolombardo (ITA) 2019,https://ifsc.results.info/event/1139/
2019,International Climbing Series - Triglav The Rock Ljubljana (SLO) 2019,https://ifsc.results.info/event/1157/
2019,European Youth Cup (B) - Sofia (BUL) 2019,https://ifsc.results.info/event/1140/
2019,Promo Event - Youth Color Climbing Festival (under 14) - Imst (AUT) 2019,https://ifsc.results.info/event/1158/
2019,IFSC Climbing Worldcup (B) - Vail (USA) 2019,https://ifsc.results.info/event/1117/
2019,European Youth Cup (L) - Ostermundigen (SUI) 2019,https://ifsc.results.info/event/1141/
2019,Paraclimbing Master (L) - Imst (AUT) 2019,https://ifsc.results.info/event/1127/
2019,European Youth Cup (L) - St. Pierre Faucigny (FRA) 2019,https://ifsc.results.info/event/1142/
2019,"IFSC Climbing Worldcup (L, S) - Villars (SUI) 2019",https://ifsc.results.info/event/1118/
2019,"Promo Event - Youth Petzen Climbing Trophy (L, S, B) - Petzen (AUT) 2019",https://ifsc.results.info/event/1159/
2019,"IFSC Climbing Worldcup (L, S) - Chamonix (FRA) 2019",https://ifsc.results.info/event/1119/
2019,Promotional Youth Event - Flatlander Cup - Arnhem (NED) 2019,https://ifsc.results.info/event/1160/
2019,IFSC Paraclimbing World Championships - Briançon (FRA) 2019,https://ifsc.results.info/event/1128/
2019,European Universities Sport Climbing Championship - Katowice (POL) 2019,https://ifsc.results.info/event/1151/
2019,European Youth Cup (S) - Tarnow (POL) 2019,https://ifsc.results.info/event/1143/
2019,IFSC Climbing Worldcup (L) - Briançon (FRA) 2019,https://ifsc.results.info/event/1120/
2019,"European Youth Cup (S,L) - Imst (AUT) 2019",https://ifsc.results.info/event/1144/
2019,IFSC Climbing World Championships - Hachioji (JPN) 2019,https://ifsc.results.info/event/1121/
2019,"Asia K Climbing Championship - Huairou, Beijing (CHN) 2019",https://ifsc.results.info/event/1130/
2019,IFSC Climbing World Championships Combined - Hachioji (JPN) 2019,https://ifsc.results.info/event/1122/
2019,IFSC Youth World Championships - Arco (ITA) 2019,https://ifsc.results.info/event/1126/
2019,European Championship (B) - Zakopane (POL) 2019,https://ifsc.results.info/event/1135/
2019,International Climbing Series - Adidas Rockstars (B) - Stuttgart (GER) 2019,https://ifsc.results.info/event/1161/
2019,European Youth Championships (B) - Brixen (ITA) 2019,https://ifsc.results.info/event/1145/
2019,IFSC Climbing Worldcup (L) - Kranj (SLO) 2019,https://ifsc.results.info/event/1123/
2019,"European Championship (L,S) - Edinburgh (GBR) 2019",https://ifsc.results.info/event/1136/
2019,ANOC World Beach Games (B) - Doha (QAT),https://ifsc.results.info/event/1149/
2019,"European Youth Championships (L,S) - Voronezh (RUS) 2019",https://ifsc.results.info/event/1146/
2019,"IFSC Climbing Worldcup (L, S) - Xiamen (CHN) 2019",https://ifsc.results.info/event/1124/
2019,IFSC Climbing Worldcup (L) - Inzai (JPN) 2019,https://ifsc.results.info/event/1125/
2019,International Climbing Series - China Open - Guangzhou (CHN) 2019,https://ifsc.results.info/event/1162/
2019,Asian Championships - Bogor (INA) 2019,https://ifsc.results.info/event/1131/
2019,Paraclimbing Open (L) - Sittard (NED) 2019,https://ifsc.results.info/event/1129/
2019,Asian Combined Youth Championships - Chongqing (CHN) 2019,https://ifsc.results.info/event/1132/
2019,IFSC Combined Qualifier - Toulouse/Tournefeuille (FRA) 2019,https://ifsc.results.info/event/1152/
2019,"PanAmerican Youth Championships (L, S, B) - Ibarra (ECU) 2019",https://ifsc.results.info/event/1147/
2019,PanAmerican Youth Championships Combined - Ibarra (ECU) 2019,https://ifsc.results.info/event/1148/
2019,Asian Youth Championships - Bengaluru (IND) 2019,https://ifsc.results.info/event/1133/
2020,IFSC Pan Am - Continental Championships (C) - Los Angeles (USA) 2020,https://ifsc.results.info/event/70/
2020,IFSC Pan Am - Pre Qualifying event (C) - Los Angeles (USA) 2020,https://ifsc.results.info/event/1171/
2020,International Climbing Series - Studio Bloc Masters - Pfungstadt (GER) 2020,https://ifsc.results.info/event/1173/
2020,Promo Event - Delfts Bleau International Youth Open - Delft (NED) 2020 - POSTPONED,https://ifsc.results.info/event/1174/
2020,International Climbing Series - FISE World Series - Hiroshima (JPN) 2020 - POSTPONED,https://ifsc.results.info/event/1172/
2020,International Climbing Series - Triglav The Rock - Ljubljana (SLO) 2020,https://ifsc.results.info/event/1175/
2020,IFSC - Paraclimbing World Cup - Innsbruck (AUT) 2020 - POSTPONED,https://ifsc.results.info/event/68/
2020,"Promo Event - Youth Petzen Climbing Trophy (L, S, B) - Petzen (AUT) 2020",https://ifsc.results.info/event/1169/
2020,IFSC Connected Speed Knockout presented by Japan Airlines,https://ifsc.results.info/event/1183/
2020,Olympic Games - Sport Climbing combined event -Tokyo (JPN) 2020,https://ifsc.results.info/event/1176/
2020,"IFSC Europe - Continental Cup (L,S) - Belgrad (SRB) 2020 - CANCELLED",https://ifsc.results.info/event/85/
2020,IFSC - Climbing World Cup (L) - Briançon (FRA) 2020,https://ifsc.results.info/event/65/
2020,"IFSC Youth - World Championships (B,S,L) - Voronezh (RUS) 2020 - CANCELLED",https://ifsc.results.info/event/1177/
2020,IFSC Europe - Continental Youth Cup (L) - Augsburg (GER) 2020,https://ifsc.results.info/event/1181/
2020,FISU World University Championships - Torino (ITA) 2020 - CANCELLED,https://ifsc.results.info/event/1178/
2020,"IFSC Europe - Continental Youth Championships (B,L,S) - Perm (RUS) 2020 - POSTPONED",https://ifsc.results.info/event/87/
2020,IFSC Europe - Continental Youth Cup (B) - Soure (POR) 2020 - CANCELLED,https://ifsc.results.info/event/72/
2020,IFSC Europe - Continental Youth Cup (S) - Tarnow (POL),https://ifsc.results.info/event/1200/
2020,"IFSC Europe - Continental Championships (B,S,L,C) - Moscow (RUS) 2020",https://ifsc.results.info/event/1166/
2020,IFSC Europe - Continental Cup - Voronezh (RUS) - CANCELLED,https://ifsc.results.info/event/1184/
2020,IFSC Africa - Continental Championships (C) - Cape Town (RSA) 2020,https://ifsc.results.info/event/1168/
2020,IFSC Oceania - Continental Championships (C) - Sydney (AUS) 2020,https://ifsc.results.info/event/1167/
2021,IFSC Europe - Continental Cup (B) - Klagenfurt (AUT) 2021,https://ifsc.results.info/event/1205/
2021,IFSC - Climbing World Cup (B) - Meiringen (SUI) 2021,https://ifsc.results.info/event/1187/
2021,"IFSC Europe - Continental Youth Championships (B,S,L) - Perm (RUS)",https://ifsc.results.info/event/1221/
2021,IFSC Europe - Continental Youth Cup (B) - Graz (AUT) 2021,https://ifsc.results.info/event/1213/
2021,IFSC - Climbing World Cup (B) - Salt Lake City (USA) 2021,https://ifsc.results.info/event/1190/
2021,"IFSC - Climbing World Cup (B,S) - Salt Lake City (USA) 2021",https://ifsc.results.info/event/1192/
2021,IFSC Europe - Continental Cup (B) - Belgrad (SRB) 2021 - CANCELLED,https://ifsc.results.info/event/1206/
2021,IFSC Europe - Continental Youth Cup (S) - Bochum (GER) 2021,https://ifsc.results.info/event/1214/
2021,"IFSC Europe - Continental Youth Cup (L,S) - Imst (AUT) 2021",https://ifsc.results.info/event/1215/
2021,IFSC Europe - Continental Youth Cup (L) - Ostermundigen (SUI),https://ifsc.results.info/event/1216/
2021,IFSC - Paraclimbing World Cup (L) - Innsbruck (AUT) 2021,https://ifsc.results.info/event/1222/
2021,"IFSC - Climbing World Cup (B,L) - Innsbruck (AUT) 2021",https://ifsc.results.info/event/1193/
2021,IFSC Europe - Continental Cup (S) - Innsbruck (AUT) 2021,https://ifsc.results.info/event/1208/
2021,IFSC Europe - Continental Cup (S) - Gaflenz (AUT) 2021,https://ifsc.results.info/event/1209/
2021,IFSC Europe - Continental Youth Cup (S) - Gaflenz (AUT),https://ifsc.results.info/event/1217/
2021,"IFSC - Climbing World Cup (L,S) - Villars (SUI) 2021",https://ifsc.results.info/event/1194/
2021,"IFSC Europe - Continental Youth Cup (L,S) - Puurs (BEL) 2021",https://ifsc.results.info/event/1218/
2021,IFSC - Climbing World Cup (L) - Chamonix (FRA) 2021,https://ifsc.results.info/event/1195/
2021,IFSC - Paraclimbing World Cup (L) - Briançon (FRA) 2021,https://ifsc.results.info/event/1223/
2021,IFSC - Climbing World Cup (L) - Briançon (FRA) 2021,https://ifsc.results.info/event/1196/
2021,IFSC Europe - Continental Youth Cup (L) - Veliko Tarnovo (BUL) 2021,https://ifsc.results.info/event/1219/
2021,"IFSC Europe - Continental Youth Cup (L,S) - Zilina (SVK) 2021",https://ifsc.results.info/event/1220/
2021,Olympic Games (C) - Tokyo (JPN) 2020,https://ifsc.results.info/event/1227/
2021,IFSC Europe - Continental Cup (B) - Krakow (POL) 2021,https://ifsc.results.info/event/1207/
2021,International Climbing Series - Triglav The Rock - Ljubljana (SLO) 2021,https://ifsc.results.info/event/1230/
2021,"IFSC - Climbing Youth World Championships (B,L,S) - Voronezh (RUS) 2021",https://ifsc.results.info/event/1186/
2021,International Climbing Series - Rock Master - Arco (ITA) 2021,https://ifsc.results.info/event/1229/
2021,IFSC - Climbing World Cup (L) - Kranj (SLO) 2021,https://ifsc.results.info/event/1197/
2021,IFSC - Paraclimbing World Championships (L) - Moscow 2021,https://ifsc.results.info/event/1225/
2021,"IFSC - Climbing World Championships (B,L,S) - Moscow 2021",https://ifsc.results.info/event/1185/
2021,"IFSC - Climbing World Cup (B,S) - Seoul (KOR) 2021 - CANCELLED",https://ifsc.results.info/event/1189/
2021,IFSC Europe - Continental Youth Cup (B) - Soure (POR) 2021,https://ifsc.results.info/event/1212/
2021,IFSC - Paraclimbing World Cup (L) - Los Angeles (USA) 2021,https://ifsc.results.info/event/1224/
2021,"IFSC Europe - Continental Cup (L,S) - Laval (FRA) 2021",https://ifsc.results.info/event/1210/
2021,"IFSC Europe - Continental Cup (L,S) - Tyumen (RUS) 2021 - CANCELLED",https://ifsc.results.info/event/1211/
2021,"Asian Youth Games (L,S) - Shantou (CHN) 2021",https://ifsc.results.info/event/1226/
2021,"IFSC Pan Am - Continental Championships (B,S,L) - Ibarra (ECU) 2021",https://ifsc.results.info/event/1231/
2021,"IFSC Africa - Continental Championships (B,S,L) - Johannesburg (RSA) 2021",https://ifsc.results.info/event/1252/
2022,IFSC - Test Event (B&L) - Barcelona (ESP) 2022,https://ifsc.results.info/event/1282/
2022,IFSC - Climbing World Cup (B) - Meiringen (SUI) 2022,https://ifsc.results.info/event/1233/
2022,IFSC Europe - Continental Youth Cup (B) - Chambéry (FRA) 2022,https://ifsc.results.info/event/1258/
2022,IFSC Europe - Continental Youth Cup (B) - Soure (POR) 2022,https://ifsc.results.info/event/1259/
2022,IFSC Europe - Continental Cup (B) - Prague (CZE) 2022,https://ifsc.results.info/event/1260/
2022,"IFSC - Climbing World Cup (B,S) - Seoul (KOR) 2022",https://ifsc.results.info/event/1235/
2022,IFSC Europe - Continental Cup (B) - Brixen (ITA) 2022,https://ifsc.results.info/event/1261/
2022,IFSC Europe - Continental Cup (B) - Klagenfurt (AUT) 2022,https://ifsc.results.info/event/1263/
2022,"IFSC - Climbing World Cup (B,S) - Salt Lake City (USA) 2022",https://ifsc.results.info/event/1236/
2022,IFSC - Paraclimbing World Cup (L) - Salt Lake City (USA) 2022,https://ifsc.results.info/event/1278/
2022,"IFSC Europe - Continental Youth Cup (L,S) - Imst (AUT) 2022",https://ifsc.results.info/event/1262/
2022,"IFSC - Climbing World Cup (B,S) - Salt Lake City (USA) 2022",https://ifsc.results.info/event/1237/
2022,"IFSC Europe - Continental Cup (L,S) - Tyumen (RUS) 2022 - CANCELLED",https://ifsc.results.info/event/1264/
2022,"IFSC Europe - Continental Cup (L,S) - Arco (ITA) 2022",https://ifsc.results.info/event/1283/
2022,IFSC - Climbing World Cup (B) - Brixen (ITA) 2022,https://ifsc.results.info/event/1284/
2022,"FISU University Championships (B,S,L) - Innsbruck (AUT) 2022",https://ifsc.results.info/event/1249/
2022,IFSC - Paraclimbing World Cup (L) - Innsbruck (AUT) 2022,https://ifsc.results.info/event/1277/
2022,IFSC Europe - Continental Cup (S) - Innsbruck (AUT) 2022,https://ifsc.results.info/event/1265/
2022,"IFSC - Climbing World Cup (B,L) - Innsbruck (AUT) 2022",https://ifsc.results.info/event/1238/
2022,IFSC Europe - Continental Youth Cup (L) - Ostermundigen (SUI) 2022,https://ifsc.results.info/event/1266/
2022,"IFSC - Climbing World Cup (L,S) - Villars (SUI) 2022",https://ifsc.results.info/event/1239/
2022,IFSC - Paraclimbing Master - Imst (AUT) 2022,https://ifsc.results.info/event/1281/
2022,IFSC Europe - Continental Youth Cup (L) - Dornbirn (AUT) 2022,https://ifsc.results.info/event/1267/
2022,"IFSC Europe - Continental Youth Championship (L,S) - Augsburg (GER) 2022",https://ifsc.results.info/event/1268/
2022,"IFSC - Climbing World Cup (L,S) - Chamonix (FRA) 2022",https://ifsc.results.info/event/1240/
2022,IFSC - Paraclimbing World Cup (L) - Villars (SUI) 2022,https://ifsc.results.info/event/1280/
2022,"World Games (B,S,L) - Birmingham (USA) 2022",https://ifsc.results.info/event/1245/
2022,"IFSC Europe - Continental Cup (L,S) - Žilina (SVK) 2022",https://ifsc.results.info/event/1269/
2022,IFSC - Climbing World Cup (L) - Briançon (FRA) 2022,https://ifsc.results.info/event/1241/
2022,IFSC Europe - Continental Youth Cup (S) - Mezzolombardo (ITA) 2022,https://ifsc.results.info/event/1270/
2022,International Climbing Series - Rock Master - Arco (ITA) 2022,https://ifsc.results.info/event/1285/
2022,IFSC Europe - Continental Cup (S) - Mezzolombardo (ITA) 2022,https://ifsc.results.info/event/1271/
2022,IFSC Europe - Continental Youth Championship (B) - Graz (AUT) 2022,https://ifsc.results.info/event/1272/
2022,"IFSC Europe - Continental Championships (B,S,L) - Munich (GER) 2022",https://ifsc.results.info/event/1247/
2022,"IFSC - Climbing Youth World Championships (B,S,L) - Dallas (USA) 2022",https://ifsc.results.info/event/1246/
2022,IFSC - Climbing World Cup (L) - Koper (SLO) 2022,https://ifsc.results.info/event/1242/
2022,"IFSC - Climbing World Cup (L,S) - Edinburgh (GBR) 2022",https://ifsc.results.info/event/1288/
2022,Asian Games - Hangzhou (CHN) 2022 - POSTPONED,https://ifsc.results.info/event/1248/
2022,"IFSC - Climbing World Cup (L,S) - Jakarta (INA) 2022",https://ifsc.results.info/event/1243/
2022,Promo Event - Delfts Bleau International Youth Open - Delft (NED) 2022,https://ifsc.results.info/event/1289/
2022,IFSC Europe - Continental Cup (S) - Hamburg (GER) 2022,https://ifsc.results.info/event/1273/
2022,"IFSC Asia - Continental Championships (B, L, S, B&L) - Republic of Korea 2022",https://ifsc.results.info/event/1287/
2022,"IFSC Europe - Continental Youth Cup (L,S,B) - Kaliningrad (RUS) 2022 - CANCELLED",https://ifsc.results.info/event/1274/
2022,"IFSC - Climbing World Cup (B&L) - Morioka, Iwate (JPN) 2022",https://ifsc.results.info/event/1234/
2022,IFSC Europe - Continental Cup (S) - Laval (FRA) 2022,https://ifsc.results.info/event/1275/
2022,International Climbing Series - The internationals of Mayenne (B&L) - Laval (FRA) 2022,https://ifsc.results.info/event/1290/
2022,IFSC Asia - Continental Cup (B) - Manila (PHI) 2022,https://ifsc.results.info/event/1315/
2022,IFSC Asia - K Continental Championships - Jamshedpur (IND),https://ifsc.results.info/event/1316/
2023,International Climbing Series - Studio Bloc Master - Pfungstadt (GER) 2023,https://ifsc.results.info/event/1314/
2023,Promo Event - Delfts Bleau International Youth Open - Delft (NED) 2023,https://ifsc.results.info/event/1340/
2023,IFSC Europe - Continental Youth Cup (S) - Tarnów (POL) 2023,https://ifsc.results.info/event/1332/
2023,IFSC European Cup Tarnów 2023,https://ifsc.results.info/event/1331/
2023,IFSC European Cup Chambéry 2023,https://ifsc.results.info/event/1317/
2023,IFSC World Cup Hachioji 2023,https://ifsc.results.info/event/1291/
2023,IFSC Europe - Continental Youth Cup (B) - Soure (POR) 2023,https://ifsc.results.info/event/1321/
2023,IFSC World Cup Seoul 2023,https://ifsc.results.info/event/1292/
2023,IFSC Europe - Continental Youth Cup (B) - Kaunas (LTU) 2023,https://ifsc.results.info/event/1322/
2023,IFSC Europe - Continental Youth Cup (B) - Graz (AUT) 2023,https://ifsc.results.info/event/1323/
2023,IFSC World Cup Jakarta 2023,https://ifsc.results.info/event/1293/
2023,IFSC European Cup Liébana 2023,https://ifsc.results.info/event/1320/
2023,IFSC Paraclimbing World Cup Salt Lake City 2023,https://ifsc.results.info/event/1335/
2023,IFSC World Cup Salt Lake City 2023,https://ifsc.results.info/event/1294/
2023,IFSC European Cup Loverval 2023,https://ifsc.results.info/event/1318/
2023,IFSC World Cup Prague 2023,https://ifsc.results.info/event/1295/
2023,"IFSC Europe - Continental Youth Championship (B,S) - Duisburg (GER) 2023",https://ifsc.results.info/event/1329/
2023,IFSC World Cup Brixen 2023,https://ifsc.results.info/event/1296/
2023,IFSC Paraclimbing World Cup Innsbruck 2023,https://ifsc.results.info/event/1337/
2023,IFSC European Cup Innsbruck 2023,https://ifsc.results.info/event/1325/
2023,IFSC World Cup Innsbruck 2023,https://ifsc.results.info/event/1297/
2023,IFSC Europe - Continental Youth Cup (L) - Niederwangen (SUI) 2023,https://ifsc.results.info/event/1326/
2023,European Games Krakow-Malopolska 2023,https://ifsc.results.info/event/1305/
2023,IFSC Paraclimbing World Cup Villars 2023,https://ifsc.results.info/event/1341/
2023,IFSC Europe - Continental Youth Cup (L) - St. Pierre en Faucigny (FRA) 2023,https://ifsc.results.info/event/1327/
2023,IFSC World Cup Villars 2023,https://ifsc.results.info/event/1298/
2023,"IFSC Europe - Continental Youth Cup (L,S) - Imst (AUT) 2023",https://ifsc.results.info/event/1328/
2023,IFSC World Cup Chamonix 2023,https://ifsc.results.info/event/1299/
2023,IFSC Asia - Continental Youth Cup (S) - Singapore (SGP) 2023,https://ifsc.results.info/event/1342/
2023,IFSC World Cup Briançon 2023,https://ifsc.results.info/event/1300/
2023,IFSC European Cup Žilina 2023,https://ifsc.results.info/event/1324/
2023,IFSC World Championships Bern 2023,https://ifsc.results.info/event/1301/
2023,IFSC Paraclimbing World Championships Bern 2023,https://ifsc.results.info/event/1338/
2023,IFSC Youth World Championships Seoul 2023,https://ifsc.results.info/event/1304/
2023,International Climbing Series - Rock Master - Arco (ITA) 2023,https://ifsc.results.info/event/1348/
2023,IFSC European Cup Bologna 2023,https://ifsc.results.info/event/1336/
2023,International Climbing Series - Triglav The Rock - Ljubljana (SLO) 2023,https://ifsc.results.info/event/1345/
2023,IFSC World Cup Koper 2023,https://ifsc.results.info/event/1302/
2023,"IFSC Asian Cup Hong Kong, China 2023",https://ifsc.results.info/event/1343/
2023,IFSC Europe - Youth Championship - Helsinki (FIN) 2023,https://ifsc.results.info/event/1330/
2023,IFSC European Qualifier Rome 2023,https://ifsc.results.info/event/1309/
2023,IFSC World Cup Wujiang 2023,https://ifsc.results.info/event/1303/
2023,Asian Games Hangzhou 2022,https://ifsc.results.info/event/1306/
2023,IFSC Europe - Continental Youth Cup (S) - Hamburg (GER) 2023,https://ifsc.results.info/event/1334/
2023,International Climbing Series - El-Capp Fest (B) - La Rochelle (FRA) 2023,https://ifsc.results.info/event/1350/
2023,"IFSC Asia - Continental Youth Championships (B, S, L, B&L) - Chongqing (CHN) 2023",https://ifsc.results.info/event/1349/
2023,Pan American Games Santiago 2023,https://ifsc.results.info/event/1307/
2023,IFSC European Qualifier Laval 2023,https://ifsc.results.info/event/1308/
2023,IFSC Asian Qualifier Jakarta 2023,https://ifsc.results.info/event/1310/
2023,International Climbing Series - The Belt and Road (S) - Ningbo (CHN) 2023,https://ifsc.results.info/event/1380/
2023,NEOM IFSC Masters 2023,https://ifsc.results.info/event/1351/
2023,IFSC Oceania Qualifier Melbourne 2023,https://ifsc.results.info/event/1311/
2023,IFSC South American Cup Curitiba 2023,https://ifsc.results.info/event/1346/
2023,IFSC African Qualifier Pretoria 2023,https://ifsc.results.info/event/1312/
2023,"IFSC Asia - Asian K Championships (B, L, S) - Jamshedpur (IND) 2023",https://ifsc.results.info/event/1382/
2023,IFSC Asian Cup Riyadh 2023,https://ifsc.results.info/event/1344/
2023,IFSC South American Cup Mar del Plata 2023,https://ifsc.results.info/event/1347/
2024,Studio Bloc Masters 2024,https://ifsc.results.info/event/1389/
2024,IFSC European Cup Lublin 2024,https://ifsc.results.info/event/1376/
2024,IFSC Youth European Cup Lublin 2024,https://ifsc.results.info/event/1363/
2024,Delfts Bleau International Youth Open 2024,https://ifsc.results.info/event/1352/
2024,IFSC Youth European Cup Curno 2024,https://ifsc.results.info/event/1377/
2024,IFSC World Cup Keqiao 2024,https://ifsc.results.info/event/1353/
2024,IFSC World Cup Wujiang 2024,https://ifsc.results.info/event/1354/
2024,IFSC Youth European Cup Soure 2024,https://ifsc.results.info/event/1365/
2024,IFSC European Cup Klagenfurt 2024,https://ifsc.results.info/event/1366/
2024,IFSC Youth European Cup Graz 2024,https://ifsc.results.info/event/1367/
2024,IFSC World Cup Salt Lake City 2024,https://ifsc.results.info/event/1355/
2024,IFSC Paraclimbing World Cup Salt Lake City 2024,https://ifsc.results.info/event/1388/
2024,Olympic Qualifier Series Shanghai 2024,https://ifsc.results.info/event/1384/
2024,IFSC Youth European Cup Mezzolombardo 2024,https://ifsc.results.info/event/1368/
2024,IFSC European Cup Mezzolombardo 2024,https://ifsc.results.info/event/1369/
2024,Olympic Qualifier Series Budapest 2024,https://ifsc.results.info/event/1385/
2024,IFSC European Cup Augsburg 2024,https://ifsc.results.info/event/1378/
2024,IFSC Paraclimbing World Cup Innsbruck 2024,https://ifsc.results.info/event/1387/
2024,IFSC European Cup Innsbruck 2024,https://ifsc.results.info/event/1383/
2024,IFSC World Cup Innsbruck 2024,https://ifsc.results.info/event/1356/
2024,IFSC World Cup Chamonix 2024,https://ifsc.results.info/event/1357/
2024,IFSC Youth European Cup Dornbirn 2024,https://ifsc.results.info/event/1371/
2024,IFSC World Cup Briançon 2024,https://ifsc.results.info/event/1358/
2024,IFSC Youth European Cup Žilina 2024,https://ifsc.results.info/event/1372/
2024,Olympic Games Paris 2024,https://ifsc.results.info/event/1386/
2024,IFSC Youth World Championships Guiyang 2024,https://ifsc.results.info/event/1396/
2024,IFSC Paraclimbing European Championships Villars 2024,https://ifsc.results.info/event/1395/
2024,IFSC European Championships Villars 2024,https://ifsc.results.info/event/1381/
2024,IFSC World Cup Koper 2024,https://ifsc.results.info/event/1359/
2024,FISU University Championships Koper 2024,https://ifsc.results.info/event/1392/
2024,IFSC European Cup Casalecchio di Reno 2024,https://ifsc.results.info/event/1373/
2024,IFSC World Cup Prague 2024,https://ifsc.results.info/event/1360/
2024,IFSC Youth European Cup Ostermundigen 2024,https://ifsc.results.info/event/1379/
2024,IFSC Youth European Championships Troyes 2024,https://ifsc.results.info/event/1375/
2024,IFSC Paraclimbing World Cup Arco 2024,https://ifsc.results.info/event/1391/
2024,IFSC World Cup Seoul 2024,https://ifsc.results.info/event/1361/
2024,IFSC European Cup Genova 2024,https://ifsc.results.info/event/1390/
2024,IFSC Asian Championships Tai'an 2024,https://ifsc.results.info/event/1397/
2024,IFSC South America Cup Ibarra 2024,https://ifsc.results.info/event/1400/
2024,IFSC Madrid 4 Speed,https://ifsc.results.info/event/1402/
2024,IFSC Madrid Speed,https://ifsc.results.info/event/1422/
2024,NEOM IFSC Masters 2024,https://ifsc.results.info/event/1404/
2024,IFSC Youth Asian Championships Jamshedpur 2024,https://ifsc.results.info/event/1398/
2024,IFSC Oceania Championships Perth 2024,https://ifsc.results.info/event/1423/
2024,IFSC Pan American Championships Santiago 2024,https://ifsc.results.info/event/1401/
2024,IFSC South America Cup Mar del Plata 2024,https://ifsc.results.info/event/1394/
2024,IFSC Oceania Championships Sydney 2024,https://ifsc.results.info/event/1443/
2024,IFSC South America Cup Curitiba 2024,https://ifsc.results.info/event/1393/
