rank,category,modality,name,number,country,event_name,Qualification,Final,Semi-Final
1,Men B1,Lead,Francisco Javier AGUILAR AMOEDO,20 •,ESP,IFSC - Paraclimbing World Cup (L) - Innsbruck (AUT) 2021,1.41 (1),50+ (1),
2,Men B1,Lead,Razvan NEDU,36 •,ROU,IFSC - Paraclimbing World Cup (L) - Innsbruck (AUT) 2021,2.0 (2),50 (2),
3,Men B1,Lead,Angelo Sebastian SIMIONESCU,38 •,ROU,IFSC - Paraclimbing World Cup (L) - Innsbruck (AUT) 2021,2.45 (3),22 (3),
4,Men B1,Lead,Roland KÖCHL,15 •,AUT,IFSC - Paraclimbing World Cup (L) - Innsbruck (AUT) 2021,4.0 (4),,
1,Men B2,Lead,Raul SIMON FRANCO,21 •,ESP,IFSC - Paraclimbing World Cup (L) - Innsbruck (AUT) 2021,1.22 (1),44 (1),
2,Men B2,Lead,Simone SALVAGNIN,43 •,ITA,IFSC - Paraclimbing World Cup (L) - Innsbruck (AUT) 2021,2.45 (2),40+ (2),
3,Men B2,Lead,Guillermo PELEGRÍN,24 •,ESP,IFSC - Paraclimbing World Cup (L) - Innsbruck (AUT) 2021,2.74 (3),34+ (3),
4,Men B2,Lead,Giulio CEVENINI,44 •,ITA,IFSC - Paraclimbing World Cup (L) - Innsbruck (AUT) 2021,3.87 (4),,
5,Men B2,Lead,Valentin-laurentiu MOISE,37 •,ROU,IFSC - Paraclimbing World Cup (L) - Innsbruck (AUT) 2021,4.0 (5),,
1,Women B3,Lead,Edith SCHEINECKER,65 •,AUT,IFSC - Paraclimbing World Cup (L) - Innsbruck (AUT) 2021,1.22 (1),43 (1),
2,Women B3,Lead,Iben Kongsvik PAULSEN,80 •,NOR,IFSC - Paraclimbing World Cup (L) - Innsbruck (AUT) 2021,2.74 (3),34+ (2),
3,Women B3,Lead,Nadia BREDICE,82 •,ITA,IFSC - Paraclimbing World Cup (L) - Innsbruck (AUT) 2021,2.45 (2),29+ (3),
4,Women B3,Lead,Tanja GLUSIC,69 •,SLO,IFSC - Paraclimbing World Cup (L) - Innsbruck (AUT) 2021,4.24 (4),,
4,Women B3,Lead,Ionela GRECU,83 •,ROU,IFSC - Paraclimbing World Cup (L) - Innsbruck (AUT) 2021,4.24 (4),,
6,Women B3,Lead,Martina PELLANDRA,84 •,ITA,IFSC - Paraclimbing World Cup (L) - Innsbruck (AUT) 2021,5.2 (6),,
1,Men AL2,Lead,Thierry DELARUE,49 •,FRA,IFSC - Paraclimbing World Cup (L) - Innsbruck (AUT) 2021,1.22 (1),44 (1),
2,Men AL2,Lead,Albert GUARDIA FERRER,33 •,ESP,IFSC - Paraclimbing World Cup (L) - Innsbruck (AUT) 2021,2.65 (3),39+ (2),
3,Men AL2,Lead,Frederik LEYS,40 •,BEL,IFSC - Paraclimbing World Cup (L) - Innsbruck (AUT) 2021,4.39 (4),26+ (3),
4,Men AL2,Lead,Urko CARMONA BARANDIARAN,19 •,ESP,IFSC - Paraclimbing World Cup (L) - Innsbruck (AUT) 2021,2.12 (2),24+ (4),
5,Men AL2,Lead,Iván GERMÁN PASCUAL,31 •,ESP,IFSC - Paraclimbing World Cup (L) - Innsbruck (AUT) 2021,4.47 (5),,
6,Men AL2,Lead,Sebastian MENZE,3 •,NOR,IFSC - Paraclimbing World Cup (L) - Innsbruck (AUT) 2021,5.74 (6),,
7,Men AL2,Lead,Thomas MEIER,52 •,GER,IFSC - Paraclimbing World Cup (L) - Innsbruck (AUT) 2021,7.0 (7),,
8,Men AL2,Lead,Omar AL KHATIB,30 •,ITA,IFSC - Paraclimbing World Cup (L) - Innsbruck (AUT) 2021,8.94 (8),,
9,Men AL2,Lead,Marco REINHARDT,10 •,GER,IFSC - Paraclimbing World Cup (L) - Innsbruck (AUT) 2021,9.0 (9),,
10,Men AL2,Lead,Nicolas PERRETH,9 •,GER,IFSC - Paraclimbing World Cup (L) - Innsbruck (AUT) 2021,9.17 (10),,
11,Men AL2,Lead,Eirik Østreng GUDBRANDSEN,2 •,NOR,IFSC - Paraclimbing World Cup (L) - Innsbruck (AUT) 2021,10.75 (11),,
1,Women AU2,Lead,Solenne PIRET,81 •,FRA,IFSC - Paraclimbing World Cup (L) - Innsbruck (AUT) 2021,1.0 (1),TOP (1),
2,Women AU2,Lead,Melinda VIGH,73 •,HUN,IFSC - Paraclimbing World Cup (L) - Innsbruck (AUT) 2021,2.24 (2),25+ (2),
3,Women AU2,Lead,Lucia CAPOVILLA,74 •,ITA,IFSC - Paraclimbing World Cup (L) - Innsbruck (AUT) 2021,2.74 (3),25 (3),
4,Women AU2,Lead,Corinna WIMMER,75 •,GER,IFSC - Paraclimbing World Cup (L) - Innsbruck (AUT) 2021,4.0 (4),,
1,Men RP1,Lead,Bastien THOMAS,50 •,FRA,IFSC - Paraclimbing World Cup (L) - Innsbruck (AUT) 2021,1.41 (1),TOP (1),
2,Men RP1,Lead,Angelino ZELLER,7 •,AUT,IFSC - Paraclimbing World Cup (L) - Innsbruck (AUT) 2021,2.0 (2),41+ (2),
3,Men RP1,Lead,Korbinian FRANCK,53 •,GER,IFSC - Paraclimbing World Cup (L) - Innsbruck (AUT) 2021,2.83 (3),36+ (3),
4,Men RP1,Lead,Markus PÖSENDORFER,16 •,AUT,IFSC - Paraclimbing World Cup (L) - Innsbruck (AUT) 2021,3.46 (4),30 (4),
5,Men RP1,Lead,Daniel KONTSCH,8 •,AUT,IFSC - Paraclimbing World Cup (L) - Innsbruck (AUT) 2021,5.0 (5),,
6,Men RP1,Lead,Mario PERSING,14 •,GER,IFSC - Paraclimbing World Cup (L) - Innsbruck (AUT) 2021,6.24 (6),,
7,Men RP1,Lead,Gian Matteo RAMINI,45 •,ITA,IFSC - Paraclimbing World Cup (L) - Innsbruck (AUT) 2021,7.21 (7),,
8,Men RP1,Lead,Eloi VILA CULLERÉS,25 •,ESP,IFSC - Paraclimbing World Cup (L) - Innsbruck (AUT) 2021,8.37 (8),,
9,Men RP1,Lead,Ismael Ewan SÁNCHEZ MCILROY,23 •,ESP,IFSC - Paraclimbing World Cup (L) - Innsbruck (AUT) 2021,8.94 (9),,
10,Men RP1,Lead,Sebastian DEPKE,13 •,GER,IFSC - Paraclimbing World Cup (L) - Innsbruck (AUT) 2021,10.0 (10),,
11,Men RP1,Lead,Vasile COLIBAN,35 •,ROU,IFSC - Paraclimbing World Cup (L) - Innsbruck (AUT) 2021,10.95 (11),,
11,Men RP1,Lead,Tim SCHAFFRINNA,12 •,GER,IFSC - Paraclimbing World Cup (L) - Innsbruck (AUT) 2021,10.95 (11),,
1,Men RP2,Lead,Mor Michael SAPIR,34 •,ISR,IFSC - Paraclimbing World Cup (L) - Innsbruck (AUT) 2021,2.45 (1),TOP (1),
2,Men RP2,Lead,Kevin BARTKE,29 •,GER,IFSC - Paraclimbing World Cup (L) - Innsbruck (AUT) 2021,3.46 (2),TOP (2),
3,Men RP2,Lead,Isak RIPMAN,4 •,NOR,IFSC - Paraclimbing World Cup (L) - Innsbruck (AUT) 2021,4.9 (4),37+ (3),
4,Men RP2,Lead,Bostian HALAS,1 •,AUT,IFSC - Paraclimbing World Cup (L) - Innsbruck (AUT) 2021,4.24 (3),28+ (4),
5,Men RP2,Lead,Alessio CORNAMUSINI,28 •,ITA,IFSC - Paraclimbing World Cup (L) - Innsbruck (AUT) 2021,5.48 (5),,
6,Men RP2,Lead,Matej ARH,18 •,SLO,IFSC - Paraclimbing World Cup (L) - Innsbruck (AUT) 2021,6.0 (6),,
7,Men RP2,Lead,Daniel NYGREN,27 •,SWE,IFSC - Paraclimbing World Cup (L) - Innsbruck (AUT) 2021,6.48 (7),,
8,Men RP2,Lead,Nils HELSPER,11 •,GER,IFSC - Paraclimbing World Cup (L) - Innsbruck (AUT) 2021,7.14 (8),,
8,Men RP2,Lead,Daniel WIENER,6 •,AUT,IFSC - Paraclimbing World Cup (L) - Innsbruck (AUT) 2021,7.14 (8),,
10,Men RP2,Lead,Andrei-serban POPA-FLOREA,39 •,ROU,IFSC - Paraclimbing World Cup (L) - Innsbruck (AUT) 2021,7.75 (10),,
11,Men RP2,Lead,Florian SINGER,26 •,GER,IFSC - Paraclimbing World Cup (L) - Innsbruck (AUT) 2021,8.12 (11),,
1,Men RP3,Lead,Mathieu BESNARD,51 •,FRA,IFSC - Paraclimbing World Cup (L) - Innsbruck (AUT) 2021,2.45 (1),44 (1),
2,Men RP3,Lead,Jamie BARENDRECHT,5 •,NED,IFSC - Paraclimbing World Cup (L) - Innsbruck (AUT) 2021,3.46 (3),34+ (2),
3,Men RP3,Lead,Gregor SELAK,17 •,SLO,IFSC - Paraclimbing World Cup (L) - Innsbruck (AUT) 2021,2.45 (1),31+ (3),
4,Men RP3,Lead,Alessandro NERI,41 •,ITA,IFSC - Paraclimbing World Cup (L) - Innsbruck (AUT) 2021,3.61 (4),27+ (4),
5,Men RP3,Lead,Federico DI FELICE,42 •,ITA,IFSC - Paraclimbing World Cup (L) - Innsbruck (AUT) 2021,3.87 (5),,
6,Men RP3,Lead,Cesare CUNICO,46 •,ITA,IFSC - Paraclimbing World Cup (L) - Innsbruck (AUT) 2021,4.24 (6),,
7,Men RP3,Lead,Andrej HARŠÁNY,47 •,SVK,IFSC - Paraclimbing World Cup (L) - Innsbruck (AUT) 2021,6.75 (7),,
8,Men RP3,Lead,Marc PUIG MUÑOZ,32 •,ESP,IFSC - Paraclimbing World Cup (L) - Innsbruck (AUT) 2021,8.0 (8),,
9,Men RP3,Lead,Sergio ASENSIO RUÍZ,22 •,ESP,IFSC - Paraclimbing World Cup (L) - Innsbruck (AUT) 2021,9.0 (9),,
10,Men RP3,Lead,Radu-pintea HOJDA,48 •,ROU,IFSC - Paraclimbing World Cup (L) - Innsbruck (AUT) 2021,10.0 (10),,
1,Women RP1,Lead,Pavitra VANDENHOVEN,79 •,BEL,IFSC - Paraclimbing World Cup (L) - Innsbruck (AUT) 2021,1.22 (1),36+ (1),
2,Women RP1,Lead,Eva MOL,70 •,NED,IFSC - Paraclimbing World Cup (L) - Innsbruck (AUT) 2021,1.73 (2),34+ (2),
3,Women RP1,Lead,Marta PECHE SALINERO,71 •,ESP,IFSC - Paraclimbing World Cup (L) - Innsbruck (AUT) 2021,3.24 (3),18 (3),
4,Women RP1,Lead,Andrea SÁNCHEZ APARICIO,72 •,ESP,IFSC - Paraclimbing World Cup (L) - Innsbruck (AUT) 2021,3.74 (4),,
1,Women RP3,Lead,Lucie JARRIGE,78 •,FRA,IFSC - Paraclimbing World Cup (L) - Innsbruck (AUT) 2021,1.0 (1),52+ (1),
2,Women RP3,Lead,Christiane LUTTIKHUIZEN,62 •,NED,IFSC - Paraclimbing World Cup (L) - Innsbruck (AUT) 2021,2.45 (2),46+ (2),
3,Women RP3,Lead,Katharina RITT,67 •,AUT,IFSC - Paraclimbing World Cup (L) - Innsbruck (AUT) 2021,4.0 (3),33+ (3),
4,Women RP3,Lead,Jasmin PLANK,64 •,AUT,IFSC - Paraclimbing World Cup (L) - Innsbruck (AUT) 2021,4.0 (3),28 (4),
5,Women RP3,Lead,Sandra POLLAK,66 •,AUT,IFSC - Paraclimbing World Cup (L) - Innsbruck (AUT) 2021,4.24 (5),,
6,Women RP3,Lead,Dina EIVIK,61 •,NOR,IFSC - Paraclimbing World Cup (L) - Innsbruck (AUT) 2021,5.0 (6),,
7,Women RP3,Lead,Jaqueline FRITZ,63 •,GER,IFSC - Paraclimbing World Cup (L) - Innsbruck (AUT) 2021,6.93 (7),,
8,Women RP3,Lead,Manca SMREKAR,68 •,SLO,IFSC - Paraclimbing World Cup (L) - Innsbruck (AUT) 2021,7.0 (8),,
9,Women RP3,Lead,Tânia CHAVES,76 •,POR,IFSC - Paraclimbing World Cup (L) - Innsbruck (AUT) 2021,9.0 (9),,
,Women RP3,Lead,Stefania DANIELE,77 •,ITA,IFSC - Paraclimbing World Cup (L) - Innsbruck (AUT) 2021,DSQ,,
1,Juniors Male,Lead,Luka POTOCAR,202 •,SLO,"European Youth Championships (L,S) - Voronezh (RUS) 2019",Top  1. | 43+  1. [1.73] (1),43+ (1),Top (1)
2,Juniors Male,Lead,Stefan SCHERZ,7 •,AUT,"European Youth Championships (L,S) - Voronezh (RUS) 2019",37+  4. | 43+  1. [3.00] (2),41 (2),42+ (3)
3,Juniors Male,Lead,Alistair DUVAL,72 •,FRA,"European Youth Championships (L,S) - Voronezh (RUS) 2019",Top  1. | 32   10. [3.87] (4),39+ (3),43+ (2)
4,Juniors Male,Lead,Harold PEETERS,15 •,BEL,"European Youth Championships (L,S) - Voronezh (RUS) 2019",29+  12. | 39+  5. [7.91] (8),35 (4),41+ (4)
5,Juniors Male,Lead,Jonas BRANDENBURGER,92 •,GER,"European Youth Championships (L,S) - Voronezh (RUS) 2019",37+  4. | 32+  8. [6.18] (7),33+ (5),38+ (8)
6,Juniors Male,Lead,Nicolai UZNIK,8 •,AUT,"European Youth Championships (L,S) - Voronezh (RUS) 2019",35   7. | 40+  4. [5.29] (5),30+ (6),38+ (7)
7,Juniors Male,Lead,Ziga ZAJC,203 •,SLO,"European Youth Championships (L,S) - Voronezh (RUS) 2019",38   3. | 31   11. [5.74] (6),30 (7),39+ (5)
8,Juniors Male,Lead,Peter KURIC,211 •,SVK,"European Youth Championships (L,S) - Voronezh (RUS) 2019",22+  15. | 28+  12. [13.92] (14),16+ (8),39 (6)
9,Juniors Male,Lead,Simon POTUCEK,39 •,CZE,"European Youth Championships (L,S) - Voronezh (RUS) 2019",32   9. | 33+  7. [7.94] (9),,29+ (9)
10,Juniors Male,Lead,Stepan POTUCEK,40 •,CZE,"European Youth Championships (L,S) - Voronezh (RUS) 2019",29   14. | 25+  14. [14.00] (15),,26+ (10)
11,Juniors Male,Lead,Aleksei IAKUSHEV,171 •,RUS,"European Youth Championships (L,S) - Voronezh (RUS) 2019",33+  8. | 32+  8. [8.25] (10),,23+ (11)
12,Juniors Male,Lead,Albert ILSAAS SUTHURST,144 •,NOR,"European Youth Championships (L,S) - Voronezh (RUS) 2019",15+  18. | 24   17. [17.49] (18),,23+ (12)
13,Juniors Male,Lead,Mathieu MIQUEL,73 •,FRA,"European Youth Championships (L,S) - Voronezh (RUS) 2019",29+  12. | 39   6. [8.66] (11),,22+ (13)
14,Juniors Male,Lead,Sergei TIUPYSHEV,173 •,RUS,"European Youth Championships (L,S) - Voronezh (RUS) 2019",35+  6. | 43+  1. [3.46] (3),,20 (14)
15,Juniors Male,Lead,Grigorii PESTOV,172 •,RUS,"European Youth Championships (L,S) - Voronezh (RUS) 2019",30   11. | 28+  12. [11.73] (12),,20 (15)
16,Juniors Male,Lead,Bohdan BOTNAR,216 •,UKR,"European Youth Championships (L,S) - Voronezh (RUS) 2019",22+  15. | 21+  18. [16.70] (17),,16+ (16)
17,Juniors Male,Lead,Egor DULUB,170 •,RUS,"European Youth Championships (L,S) - Voronezh (RUS) 2019",30+  10. | 24+  15. [12.45] (13),,14+ (17)
18,Juniors Male,Lead,Frederik VIBERG,49 •,DEN,"European Youth Championships (L,S) - Voronezh (RUS) 2019",13+  19. | 10   19. [19.00] (19),,12 (18)
19,Juniors Male,Lead,Leonid OSADCHYI,217 •,UKR,"European Youth Championships (L,S) - Voronezh (RUS) 2019",16   17. | 24+  15. [16.23] (16),,8 (19)
1,Youth A Male,Lead,Paul JENFT,77 •,FRA,"European Youth Championships (L,S) - Voronezh (RUS) 2019",Top  1. | 41   5. [2.74] (3),37 (1),44+ (1)
2,Youth A Male,Lead,Davide Marco COLOMBO,125 •,ITA,"European Youth Championships (L,S) - Voronezh (RUS) 2019",36+  4. | 43   3. [3.46] (4),32+ (2),41+ (2)
3,Youth A Male,Lead,Giorgio TOMATIS,127 •,ITA,"European Youth Championships (L,S) - Voronezh (RUS) 2019",16   21. | 38   6. [11.49] (13),31+ (3),37+ (5)
4,Youth A Male,Lead,Jakub ZIETEK,146 •,POL,"European Youth Championships (L,S) - Voronezh (RUS) 2019",26   11. | 33+  7. [8.77] (9),31+ (4),36+ (8)
5,Youth A Male,Lead,Jan VOPAT,44 •,CZE,"European Youth Championships (L,S) - Voronezh (RUS) 2019",16   21. | 27   13. [16.91] (16),29 (5),37+ (6)
6,Youth A Male,Lead,Semen OVCHINNIKOV,182 •,RUS,"European Youth Championships (L,S) - Voronezh (RUS) 2019",35+  5. | 30   10. [7.94] (7),28 (6),36+ (7)
7,Youth A Male,Lead,Thomas PODOLAN,10 •,AUT,"European Youth Championships (L,S) - Voronezh (RUS) 2019",Top  1. | 43+  1. [1.50] (1),24+ (7),41 (3)
8,Youth A Male,Lead,Andrej POLAK,204 •,SLO,"European Youth Championships (L,S) - Voronezh (RUS) 2019",37+  3. | 43+  1. [2.12] (2),24+ (8),40+ (4)
9,Youth A Male,Lead,Leto CAVÉ,140 •,NED,"European Youth Championships (L,S) - Voronezh (RUS) 2019",29+  10. | 41+  4. [6.32] (5),,30+ (9)
10,Youth A Male,Lead,Igor BOBRENEV,180 •,RUS,"European Youth Championships (L,S) - Voronezh (RUS) 2019",22+  14. | 30+  9. [11.42] (12),,30+ (10)
11,Youth A Male,Lead,Héctor BAZAN MARTÍN,58 •,ESP,"European Youth Championships (L,S) - Voronezh (RUS) 2019",22+  14. | 24   20. [17.24] (17),,29+ (11)
12,Youth A Male,Lead,Mischa RADT,142 •,NED,"European Youth Championships (L,S) - Voronezh (RUS) 2019",16+  18. | 25+  14. [16.60] (15),,28+ (12)
13,Youth A Male,Lead,Viacheslav VOLKOV,183 •,RUS,"European Youth Championships (L,S) - Voronezh (RUS) 2019",35+  5. | 27+  12. [8.49] (8),,28 (13)
14,Youth A Male,Lead,Joshua FOURTEAU,76 •,FRA,"European Youth Championships (L,S) - Voronezh (RUS) 2019",33+  8. | 25+  14. [10.77] (11),,23+ (14)
15,Youth A Male,Lead,Artem KOSKOV,181 •,RUS,"European Youth Championships (L,S) - Voronezh (RUS) 2019",20+  16. | 24   20. [18.39] (19),,23+ (15)
16,Youth A Male,Lead,Luca MALOSTI,126 •,ITA,"European Youth Championships (L,S) - Voronezh (RUS) 2019",15+  24. | 25   16. [20.00] (22),,20+ (16)
17,Youth A Male,Lead,Albert MUSIL,42 •,CZE,"European Youth Championships (L,S) - Voronezh (RUS) 2019",16+  18. | 17+  25. [21.79] (24),,20+ (17)
18,Youth A Male,Lead,Jakub FABRIC,212 •,SVK,"European Youth Championships (L,S) - Voronezh (RUS) 2019",16   21. | 21+  22. [22.00] (25),,20+ (18)
19,Youth A Male,Lead,Ties VANCRAEYNEST,16 •,BEL,"European Youth Championships (L,S) - Voronezh (RUS) 2019",35+  5. | 32   8. [6.93] (6),,20 (19)
20,Youth A Male,Lead,Iwan PASVEER,141 •,NED,"European Youth Championships (L,S) - Voronezh (RUS) 2019",23+  13. | 21   23. [17.29] (18),,20 (20)
21,Youth A Male,Lead,Paul BRAND,139 •,NED,"European Youth Championships (L,S) - Voronezh (RUS) 2019",25   12. | 24+  17. [14.70] (14),,19+ (21)
22,Youth A Male,Lead,Jachym CINK,41 •,CZE,"European Youth Championships (L,S) - Voronezh (RUS) 2019",16+  18. | 24+  17. [18.49] (20),,19+ (22)
23,Youth A Male,Lead,Matey MITSEV,20 •,BUL,"European Youth Championships (L,S) - Voronezh (RUS) 2019",20+  16. | 19   24. [19.90] (21),,16+ (23)
24,Youth A Male,Lead,Ondrej SLEZAK,43 •,CZE,"European Youth Championships (L,S) - Voronezh (RUS) 2019",30+  9. | 30   10. [9.72] (10),,13+ (24)
25,Youth A Male,Lead,Örjan RÖDLAND VAAGE,145 •,NOR,"European Youth Championships (L,S) - Voronezh (RUS) 2019",15+  24. | 24+  17. [21.21] (23),,13+ (25)
26,Youth A Male,Lead,Mor OFER,108 •,ISR,"European Youth Championships (L,S) - Voronezh (RUS) 2019",15+  24. | 14+  26. [25.50] (26),,9+ (26)
1,Youth B Male,Lead,Gergő VÁLYI,102 •,HUN,"European Youth Championships (L,S) - Voronezh (RUS) 2019",44+  1. | 31+  6. [3.08] (3),Top (1),Top (1)
2,Youth B Male,Lead,Toby ROBERTS,85 •,GBR,"European Youth Championships (L,S) - Voronezh (RUS) 2019",40+  2. | 35+  2. [2.24] (1),Top (2),54+ (2)
3,Youth B Male,Lead,Mejdi SCHALCK,81 •,FRA,"European Youth Championships (L,S) - Voronezh (RUS) 2019",38   10. | 36   1. [3.24] (4),46+ (3),47+ (3)
4,Youth B Male,Lead,Luka JERMAN,206 •,SLO,"European Youth Championships (L,S) - Voronezh (RUS) 2019",38+  5. | 28   21. [12.12] (13),41+ (4),47+ (5)
5,Youth B Male,Lead,Matvey SIDELNIKOV,191 •,RUS,"European Youth Championships (L,S) - Voronezh (RUS) 2019",35+  18. | 31   14. [16.16] (19),40+ (5),46+ (6)
6,Youth B Male,Lead,Till VON BOTHMER,97 •,GER,"European Youth Championships (L,S) - Voronezh (RUS) 2019",38   10. | 31+  6. [9.99] (9),40+ (6),43+ (8)
7,Youth B Male,Lead,Anselmo BAZZANI,132 •,ITA,"European Youth Championships (L,S) - Voronezh (RUS) 2019",37+  12. | 32   4. [7.35] (5),39+ (7),47+ (4)
8,Youth B Male,Lead,Slav KIROV,21 •,BUL,"European Youth Championships (L,S) - Voronezh (RUS) 2019",38+  5. | 31+  6. [8.15] (7),14 (8),43+ (7)
9,Youth B Male,Lead,Timotej ROMŠAK,208 •,SLO,"European Youth Championships (L,S) - Voronezh (RUS) 2019",37   13. | 27+  22. [17.23] (21),,39 (9)
10,Youth B Male,Lead,Vladislav SHUNEVICH,190 •,RUS,"European Youth Championships (L,S) - Voronezh (RUS) 2019",40+  2. | 33+  3. [2.74] (2),,37+ (10)
11,Youth B Male,Lead,Illia BAKHMET-SMOLENSKYI,219 •,UKR,"European Youth Championships (L,S) - Voronezh (RUS) 2019",39+  4. | 29+  16. [8.25] (8),,37+ (11)
12,Youth B Male,Lead,Emil ZIMMERMANN,98 •,GER,"European Youth Championships (L,S) - Voronezh (RUS) 2019",36+  15. | 29+  16. [16.49] (20),,37+ (12)
13,Youth B Male,Lead,Nimród Sebestyén TUSNÁDY,101 •,HUN,"European Youth Championships (L,S) - Voronezh (RUS) 2019",31+  21. | 19+  25. [23.92] (24),,37+ (13)
14,Youth B Male,Lead,Jaka JAKI,205 •,SLO,"European Youth Championships (L,S) - Voronezh (RUS) 2019",36+  15. | 31+  6. [12.33] (14),,36+ (14)
15,Youth B Male,Lead,Attila Zsombor RADICS,100 •,HUN,"European Youth Championships (L,S) - Voronezh (RUS) 2019",31+  21. | 23   24. [22.98] (23),,36+ (15)
16,Youth B Male,Lead,Tim KOROSEC,207 •,SLO,"European Youth Championships (L,S) - Voronezh (RUS) 2019",33+  19. | 31+  6. [13.44] (16),,35+ (16)
17,Youth B Male,Lead,David ZINSLER,11 •,AUT,"European Youth Championships (L,S) - Voronezh (RUS) 2019",38+  5. | 28+  20. [11.83] (12),,35 (17)
18,Youth B Male,Lead,Adam ADAMOVSKY,46 •,CZE,"European Youth Championships (L,S) - Voronezh (RUS) 2019",37   13. | 32   4. [7.79] (6),,34+ (18)
19,Youth B Male,Lead,Lluc MACIÀ LLOBET,59 •,ESP,"European Youth Championships (L,S) - Voronezh (RUS) 2019",38+  5. | 31   14. [10.07] (10),,33+ (19)
20,Youth B Male,Lead,Illia MANIAKIN,220 •,UKR,"European Youth Championships (L,S) - Voronezh (RUS) 2019",36+  15. | 31+  6. [12.33] (14),,33+ (20)
21,Youth B Male,Lead,Victor GUILLERMIN,80 •,FRA,"European Youth Championships (L,S) - Voronezh (RUS) 2019",38+  5. | 29   19. [11.53] (11),,33 (21)
22,Youth B Male,Lead,Michel SIEDLER,96 •,GER,"European Youth Championships (L,S) - Voronezh (RUS) 2019",33   20. | 31+  6. [13.78] (17),,33 (22)
23,Youth B Male,Lead,Alexander TEPLYKH,192 •,RUS,"European Youth Championships (L,S) - Voronezh (RUS) 2019",26   25. | 24   23. [23.98] (25),,33 (23)
24,Youth B Male,Lead,Maksym VNUKOV,221 •,UKR,"European Youth Championships (L,S) - Voronezh (RUS) 2019",31+  21. | 31+  6. [14.46] (18),,32+ (24)
25,Youth B Male,Lead,Jan GURBA,147 •,POL,"European Youth Championships (L,S) - Voronezh (RUS) 2019",29+  24. | 29+  16. [20.20] (22),,32+ (25)
26,Youth B Male,Lead,Filip HROMADA,213 •,SVK,"European Youth Championships (L,S) - Voronezh (RUS) 2019",24+  27. | 19+  25. [26.74] (26),,14+ (26)
27,Youth B Male,Lead,Kirill BELIANKIN,189 •,RUS,"European Youth Championships (L,S) - Voronezh (RUS) 2019",22+  29. | 19+  25. [27.46] (27),,
27,Youth B Male,Lead,Magnus Silas Hjorth SIERSLEV,52 •,DEN,"European Youth Championships (L,S) - Voronezh (RUS) 2019",25+  26. | 18+  29. [27.46] (27),,
29,Youth B Male,Lead,Daniel Massimo ROWOLD,51 •,DEN,"European Youth Championships (L,S) - Voronezh (RUS) 2019",24+  27. | 19   28. [27.75] (29),,
30,Youth B Male,Lead,Phillip FYHN,50 •,DEN,"European Youth Championships (L,S) - Voronezh (RUS) 2019",14   30. | 16+  30. [30.00] (30),,
31,Youth B Male,Lead,Malthe SORVAD RØNNENFELT,53 •,DEN,"European Youth Championships (L,S) - Voronezh (RUS) 2019",13+  31. | 12+  31. [31.00] (31),,
1,Juniors Female,Lead,Nina ARTHAUD,61 •,FRA,"European Youth Championships (L,S) - Voronezh (RUS) 2019",45+  1. | Top  1. [2.60] (1),48+ (1),53+ (1)
2,Juniors Female,Lead,Eliska ADAMOVSKA,27 •,CZE,"European Youth Championships (L,S) - Voronezh (RUS) 2019",39+  3. | Top  1. [3.67] (3),46+ (2),50+ (2)
3,Juniors Female,Lead,Nolwenn ARC,60 •,FRA,"European Youth Championships (L,S) - Voronezh (RUS) 2019",45+  1. | Top  1. [2.60] (1),46+ (3),47+ (3)
4,Juniors Female,Lead,Luiza EMELEVA,149 •,RUS,"European Youth Championships (L,S) - Voronezh (RUS) 2019",39   4. | Top  1. [4.24] (4),42+ (4),47 (4)
5,Juniors Female,Lead,Lucia DÖRFFEL,86 •,GER,"European Youth Championships (L,S) - Voronezh (RUS) 2019",35   10. | Top  1. [6.87] (7),42+ (5),33 (7)
6,Juniors Female,Lead,Daria VERETENINA,151 •,RUS,"European Youth Championships (L,S) - Voronezh (RUS) 2019",36+  5. | Top  1. [5.20] (5),38+ (6),34+ (5)
7,Juniors Female,Lead,Léa DELACQUIS,62 •,FRA,"European Youth Championships (L,S) - Voronezh (RUS) 2019",33   14. | 37   11. [12.41] (13),38+ (7),33 (8)
8,Juniors Female,Lead,Noa SHIRAN,104 •,ISR,"European Youth Championships (L,S) - Voronezh (RUS) 2019",36   8. | Top  1. [6.00] (6),36+ (8),34+ (6)
9,Juniors Female,Lead,Mattea PÖTZI,2 •,AUT,"European Youth Championships (L,S) - Voronezh (RUS) 2019",35+  9. | 39+  9. [9.00] (10),,32+ (9)
10,Juniors Female,Lead,Eva Maria HAMMELMÜLLER,1 •,AUT,"European Youth Championships (L,S) - Voronezh (RUS) 2019",35   10. | Top  1. [6.87] (7),,31+ (10)
11,Juniors Female,Lead,Roxana WIENAND,87 •,GER,"European Youth Championships (L,S) - Voronezh (RUS) 2019",33+  12. | 33+  13. [12.75] (14),,31 (11)
12,Juniors Female,Lead,Sara MORANDINI,110 •,ITA,"European Youth Championships (L,S) - Voronezh (RUS) 2019",33+  12. | 35+  12. [12.25] (12),,29+ (12)
13,Juniors Female,Lead,Martina DE PRETO,109 •,ITA,"European Youth Championships (L,S) - Voronezh (RUS) 2019",26+  15. | 29+  14. [14.75] (15),,29+ (13)
14,Juniors Female,Lead,Anastasiia EVGENEVA,150 •,RUS,"European Youth Championships (L,S) - Voronezh (RUS) 2019",36+  5. | 29+  14. [9.33] (11),,27 (14)
15,Juniors Female,Lead,Eliska NOVOTNA,28 •,CZE,"European Youth Championships (L,S) - Voronezh (RUS) 2019",36+  5. | 38   10. [7.75] (9),,26+ (15)
16,Juniors Female,Lead,Polina AKSENOVA,148 •,RUS,"European Youth Championships (L,S) - Voronezh (RUS) 2019",24+  16. | 22+  16. [16.50] (16),,22 (16)
17,Juniors Female,Lead,Tetiana ZAIETS,214 •,UKR,"European Youth Championships (L,S) - Voronezh (RUS) 2019",24+  16. | 22+  16. [16.50] (16),,21+ (17)
1,Youth A Female,Lead,Camille POUGET,65 •,FRA,"European Youth Championships (L,S) - Voronezh (RUS) 2019",45+  1. | Top  1. [2.35] (1),44+ (1),39+ (2)
2,Youth A Female,Lead,Julia LOTZ,3 •,AUT,"European Youth Championships (L,S) - Voronezh (RUS) 2019",36+  3. | Top  1. [5.50] (3),35+ (2),33+ (8)
3,Youth A Female,Lead,Lucija TARKUS,198 •,SLO,"European Youth Championships (L,S) - Voronezh (RUS) 2019",36   9. | Top  1. [7.23] (8),32+ (3),38+ (3)
4,Youth A Female,Lead,Elena MATIAK-IABLUCHKINA,155 •,RUS,"European Youth Championships (L,S) - Voronezh (RUS) 2019",36+  3. | Top  1. [5.50] (3),32 (4),34+ (6)
5,Youth A Female,Lead,Michaela SMETANOVA,34 •,CZE,"European Youth Championships (L,S) - Voronezh (RUS) 2019",36+  3. | Top  1. [5.50] (3),32 (5),34+ (6)
6,Youth A Female,Lead,Vanda MICHALKOVA,209 •,SVK,"European Youth Championships (L,S) - Voronezh (RUS) 2019",39+  2. | Top  1. [3.32] (2),30 (6),40 (1)
7,Youth A Female,Lead,Daria FURMANOVA,154 •,RUS,"European Youth Championships (L,S) - Voronezh (RUS) 2019",32   18. | Top  1. [9.95] (11),27+ (7),38+ (4)
8,Youth A Female,Lead,Maja MAJCEN,197 •,SLO,"European Youth Championships (L,S) - Voronezh (RUS) 2019",35   11. | 39+  12. [13.23] (12),15+ (8),36 (5)
9,Youth A Female,Lead,Morgane DAELE,12 •,BEL,"European Youth Championships (L,S) - Voronezh (RUS) 2019",34+  15. | 37+  17. [16.70] (18),,33+ (9)
10,Youth A Female,Lead,Elisabeth LARDSCHNEIDER,113 •,ITA,"European Youth Championships (L,S) - Voronezh (RUS) 2019",34+  15. | Top  1. [9.23] (10),,33 (10)
11,Youth A Female,Lead,Jana RAUTH,4 •,AUT,"European Youth Championships (L,S) - Voronezh (RUS) 2019",35   11. | 39+  12. [13.23] (12),,32+ (11)
12,Youth A Female,Lead,Maria BENACH ZUBERO,55 •,ESP,"European Youth Championships (L,S) - Voronezh (RUS) 2019",29+  20. | 39+  12. [16.94] (19),,32+ (12)
13,Youth A Female,Lead,Lucie WATILLON,13 •,BEL,"European Youth Championships (L,S) - Voronezh (RUS) 2019",36+  3. | Top  1. [5.50] (3),,32 (13)
14,Youth A Female,Lead,Betka DEBEVEC,196 •,SLO,"European Youth Championships (L,S) - Voronezh (RUS) 2019",36+  3. | 39+  12. [8.77] (9),,31 (14)
15,Youth A Female,Lead,Elizaveta TROKINA,156 •,RUS,"European Youth Championships (L,S) - Voronezh (RUS) 2019",35   11. | 39+  12. [13.23] (12),,31 (15)
16,Youth A Female,Lead,Eliska BULENOVA,31 •,CZE,"European Youth Championships (L,S) - Voronezh (RUS) 2019",36   9. | 33+  20. [13.96] (15),,31 (16)
17,Youth A Female,Lead,Nikola KRALIKOVA,32 •,CZE,"European Youth Championships (L,S) - Voronezh (RUS) 2019",34   17. | 37+  17. [17.49] (20),,31 (17)
18,Youth A Female,Lead,Ana Belén ARGUDO MARUGAN,54 •,ESP,"European Youth Championships (L,S) - Voronezh (RUS) 2019",29+  20. | 43   11. [15.02] (17),,29+ (18)
19,Youth A Female,Lead,Tereza SIRUCKOVA,33 •,CZE,"European Youth Championships (L,S) - Voronezh (RUS) 2019",30+  19. | 33+  20. [19.74] (21),,29 (19)
20,Youth A Female,Lead,Kseniia ZVONAREVA,157 •,RUS,"European Youth Championships (L,S) - Voronezh (RUS) 2019",36+  3. | Top  1. [5.50] (3),,26+ (20)
21,Youth A Female,Lead,Yael LIPOWEZKI,105 •,ISR,"European Youth Championships (L,S) - Voronezh (RUS) 2019",24+  25. | 22+  25. [25.00] (26),,25+ (21)
22,Youth A Female,Lead,Erica VELEV,18 •,CAN,"European Youth Championships (L,S) - Voronezh (RUS) 2019",26+  22. | 21+  26. [23.92] (24),,24+ (22)
23,Youth A Female,Lead,Vana PICCINI,23 •,CRO,"European Youth Championships (L,S) - Voronezh (RUS) 2019",25+  24. | 29+  22. [22.98] (22),,22+ (23)
24,Youth A Female,Lead,Lisa CHERBLANC,64 •,FRA,"European Youth Championships (L,S) - Voronezh (RUS) 2019",35   11. | 37+  17. [15.00] (16),,19+ (24)
25,Youth A Female,Lead,Ingrid KINDLIHAGEN,143 •,NOR,"European Youth Championships (L,S) - Voronezh (RUS) 2019",23+  26. | 27+  24. [24.98] (25),,18 (25)
26,Youth A Female,Lead,Gaia Rebecca TOFT LAURITZEN,47 •,DEN,"European Youth Championships (L,S) - Voronezh (RUS) 2019",26   23. | 28+  23. [23.00] (23),,17 (26)
1,Youth B Female,Lead,Oriane BERTONE,68 •,FRA,"European Youth Championships (L,S) - Voronezh (RUS) 2019",45+  1. | Top  1. [3.71] (1),48+ (1),Top (1)
2,Youth B Female,Lead,Sara COPAR,199 •,SLO,"European Youth Championships (L,S) - Voronezh (RUS) 2019",45+  1. | Top  1. [3.71] (1),38+ (2),38+ (4)
3,Youth B Female,Lead,Liza NOVAK,200 •,SLO,"European Youth Championships (L,S) - Voronezh (RUS) 2019",36   8. | Top  1. [7.23] (7),34 (3),41 (3)
4,Youth B Female,Lead,Gal·la PÉREZ PETANAS,57 •,ESP,"European Youth Championships (L,S) - Voronezh (RUS) 2019",36+  6. | 42   12. [8.83] (11),29+ (4),37+ (5)
5,Youth B Female,Lead,Marketa JANOSOVA,37 •,CZE,"European Youth Championships (L,S) - Voronezh (RUS) 2019",36   8. | Top  1. [7.23] (7),29+ (5),35 (7)
6,Youth B Female,Lead,Sabina VAN ESSEN,138 •,NED,"European Youth Championships (L,S) - Voronezh (RUS) 2019",43+  5. | Top  1. [5.24] (5),22+ (6),35+ (6)
7,Youth B Female,Lead,Emilia WARENSKI,6 •,AUT,"European Youth Championships (L,S) - Voronezh (RUS) 2019",45+  1. | Top  1. [3.71] (1),9+ (7),Top (1)
8,Youth B Female,Lead,Saula LERONDEL,70 •,FRA,"European Youth Championships (L,S) - Voronezh (RUS) 2019",35+  12. | Top  1. [8.46] (10),9+ (8),34+ (8)
9,Youth B Female,Lead,Federica PAPETTI,120 •,ITA,"European Youth Championships (L,S) - Voronezh (RUS) 2019",29+  21. | 36+  16. [19.05] (17),,33+ (9)
10,Youth B Female,Lead,Viola BATTISTELLA,117 •,ITA,"European Youth Championships (L,S) - Voronezh (RUS) 2019",29+  21. | 35+  18. [19.90] (20),,31+ (10)
11,Youth B Female,Lead,Ekaterina SELIVANOVA,164 •,RUS,"European Youth Championships (L,S) - Voronezh (RUS) 2019",34   15. | 39+  13. [13.96] (14),,31 (11)
12,Youth B Female,Lead,Louna DESHAYES,69 •,FRA,"European Youth Championships (L,S) - Voronezh (RUS) 2019",35+  12. | 42+  11. [11.96] (12),,29 (12)
13,Youth B Female,Lead,Lea KEMPF,5 •,AUT,"European Youth Championships (L,S) - Voronezh (RUS) 2019",36+  6. | Top  1. [5.98] (6),,28+ (13)
14,Youth B Female,Lead,Evi NIEDERWOLFSGRUBER,119 •,ITA,"European Youth Championships (L,S) - Voronezh (RUS) 2019",35+  12. | 37+  15. [13.96] (14),,26+ (14)
15,Youth B Female,Lead,Karolina GENDOVA,36 •,CZE,"European Youth Championships (L,S) - Voronezh (RUS) 2019",29+  21. | 36+  16. [19.05] (17),,26+ (15)
16,Youth B Female,Lead,Eva KOROSTELEVA,163 •,RUS,"European Youth Championships (L,S) - Voronezh (RUS) 2019",31+  17. | 29+  21. [19.77] (19),,26+ (16)
17,Youth B Female,Lead,In En SIM,165 •,RUS,"European Youth Championships (L,S) - Voronezh (RUS) 2019",32+  16. | 28+  26. [20.78] (21),,25+ (17)
18,Youth B Female,Lead,Lara KMOCH,25 •,CRO,"European Youth Championships (L,S) - Voronezh (RUS) 2019",30+  19. | 29+  21. [21.18] (22),,25+ (18)
19,Youth B Female,Lead,Edith SAVENIJE,137 •,NED,"European Youth Championships (L,S) - Voronezh (RUS) 2019",31   18. | 28   29. [22.85] (23),,21 (19)
20,Youth B Female,Lead,Daria GLOTOVA,162 •,RUS,"European Youth Championships (L,S) - Voronezh (RUS) 2019",36   8. | 33   19. [13.44] (13),,19+ (20)
21,Youth B Female,Lead,Hana SIKULOVA,38 •,CZE,"European Youth Championships (L,S) - Voronezh (RUS) 2019",30+  19. | 28+  26. [22.95] (24),,17+ (21)
22,Youth B Female,Lead,Ema SELIŠKAR,201 •,SLO,"European Youth Championships (L,S) - Voronezh (RUS) 2019",29   24. | 29+  21. [23.49] (25),,17+ (22)
23,Youth B Female,Lead,Ariane FRANKEN,90 •,GER,"European Youth Championships (L,S) - Voronezh (RUS) 2019",36   8. | Top  1. [7.23] (7),,17 (23)
24,Youth B Female,Lead,Lana BAKIĆ,24 •,CRO,"European Youth Championships (L,S) - Voronezh (RUS) 2019",28+  25. | 38+  14. [18.89] (16),,17 (24)
25,Youth B Female,Lead,Aleksandra TOTKOVA,19 •,BUL,"European Youth Championships (L,S) - Voronezh (RUS) 2019",45+  1. | Top  1. [3.71] (1),,6 (25)
26,Youth B Female,Lead,Yuliya NIKIFARAVETS,17 •,BLR,"European Youth Championships (L,S) - Voronezh (RUS) 2019",21   32. | 32+  20. [25.30] (26),,
27,Youth B Female,Lead,Matilde MONTICELLI,118 •,ITA,"European Youth Championships (L,S) - Voronezh (RUS) 2019",26+  28. | 29+  21. [25.60] (27),,
27,Youth B Female,Lead,Bar SNIR,107 •,ISR,"European Youth Championships (L,S) - Voronezh (RUS) 2019",26+  28. | 29+  21. [25.60] (27),,
29,Youth B Female,Lead,Adriana Beverly LLEDÓ GÓMEZ,56 •,ESP,"European Youth Championships (L,S) - Voronezh (RUS) 2019",28   27. | 28+  26. [27.00] (29),,
30,Youth B Female,Lead,Anja SANTINI MIKULIĆ,26 •,CRO,"European Youth Championships (L,S) - Voronezh (RUS) 2019",28+  25. | 18+  34. [29.44] (30),,
31,Youth B Female,Lead,Silke DEWITTE,14 •,BEL,"European Youth Championships (L,S) - Voronezh (RUS) 2019",23+  31. | 22+  30. [30.50] (31),,
31,Youth B Female,Lead,Sofia DURKOVA,210 •,SVK,"European Youth Championships (L,S) - Voronezh (RUS) 2019",24   30. | 21   31. [30.50] (31),,
33,Youth B Female,Lead,Maya SHEMEN,106 •,ISR,"European Youth Championships (L,S) - Voronezh (RUS) 2019",17+  33. | 19+  33. [33.25] (33),,
34,Youth B Female,Lead,Laura Nørgaard HANSEN,48 •,DEN,"European Youth Championships (L,S) - Voronezh (RUS) 2019",14+  35. | 20+  32. [33.47] (34),,
35,Youth B Female,Lead,Martina DUSANKOVA,35 •,CZE,"European Youth Championships (L,S) - Voronezh (RUS) 2019",17+  33. | 17   35. [34.24] (35),,
1,Juniors Male,Lead,Paul JENFT,25 •,FRA,"IFSC Europe - Continental Youth Championships (B,S,L) - Perm (RUS)",2.12 (1),TOP (1),38+ (2)
2,Juniors Male,Lead,Jonas UTELLI,61 •,SUI,"IFSC Europe - Continental Youth Championships (B,S,L) - Perm (RUS)",3.0 (3),41 (2),37+ (3)
3,Juniors Male,Lead,Giorgio TOMATIS,37 •,ITA,"IFSC Europe - Continental Youth Championships (B,S,L) - Perm (RUS)",7.86 (7),40+ (3),35+ (4)
4,Juniors Male,Lead,Alberto GINÉS LÓPEZ,9 •,ESP,"IFSC Europe - Continental Youth Championships (B,S,L) - Perm (RUS)",2.12 (1),40 (4),42+ (1)
5,Juniors Male,Lead,Davide Marco COLOMBO,34 •,ITA,"IFSC Europe - Continental Youth Championships (B,S,L) - Perm (RUS)",8.99 (8),34+ (5),33 (5)
6,Juniors Male,Lead,Diego FOURBET,26 •,FRA,"IFSC Europe - Continental Youth Championships (B,S,L) - Perm (RUS)",9.72 (10),34+ (6),29+ (8)
7,Juniors Male,Lead,Marek JELIGA,130 •,CZE,"IFSC Europe - Continental Youth Championships (B,S,L) - Perm (RUS)",12.04 (14),33 (7),31+ (6)
8,Juniors Male,Lead,Andrej POLAK,136 •,SLO,"IFSC Europe - Continental Youth Championships (B,S,L) - Perm (RUS)",7.79 (6),32 (8),29+ (7)
9,Juniors Male,Lead,Dario JOST,62 •,SUI,"IFSC Europe - Continental Youth Championships (B,S,L) - Perm (RUS)",18.26 (18),,25+ (9)
10,Juniors Male,Lead,Paolo STERNI,38 •,ITA,"IFSC Europe - Continental Youth Championships (B,S,L) - Perm (RUS)",11.1 (12),,25 (10)
11,Juniors Male,Lead,Andreas HOFHERR,18 •,AUT,"IFSC Europe - Continental Youth Championships (B,S,L) - Perm (RUS)",15.37 (16),,25 (11)
12,Juniors Male,Lead,Geva LEVIN,121 •,ISR,"IFSC Europe - Continental Youth Championships (B,S,L) - Perm (RUS)",18.44 (19),,24+ (12)
13,Juniors Male,Lead,Cristian RÂPĂ,5 •,ROU,"IFSC Europe - Continental Youth Championships (B,S,L) - Perm (RUS)",15.35 (15),,23+ (13)
14,Juniors Male,Lead,Jakub ZIETEK,87 •,POL,"IFSC Europe - Continental Youth Championships (B,S,L) - Perm (RUS)",16.73 (17),,23+ (14)
15,Juniors Male,Lead,Jan VOPAT,145 •,CZE,"IFSC Europe - Continental Youth Championships (B,S,L) - Perm (RUS)",11.25 (13),,22+ (15)
16,Juniors Male,Lead,Joshua FOURTEAU,70 •,FRA,"IFSC Europe - Continental Youth Championships (B,S,L) - Perm (RUS)",9.72 (10),,21+ (16)
17,Juniors Male,Lead,Jáchym CINK,131 •,CZE,"IFSC Europe - Continental Youth Championships (B,S,L) - Perm (RUS)",21.35 (22),,21+ (17)
18,Juniors Male,Lead,Jakub FÁBRIC,79 •,SVK,"IFSC Europe - Continental Youth Championships (B,S,L) - Perm (RUS)",22.98 (23),,21+ (18)
19,Juniors Male,Lead,Nikita IVANOV,94 •,RUS,"IFSC Europe - Continental Youth Championships (B,S,L) - Perm (RUS)",23.45 (24),,20+ (19)
20,Juniors Male,Lead,Semen OVCHINNIKOV,91 •,RUS,"IFSC Europe - Continental Youth Championships (B,S,L) - Perm (RUS)",4.58 (5),,19+ (20)
21,Juniors Male,Lead,Lawrence BOGESCHDORFER,17 •,AUT,"IFSC Europe - Continental Youth Championships (B,S,L) - Perm (RUS)",24.49 (25),,19+ (21)
22,Juniors Male,Lead,Ties VANCRAEYNEST,1 •,BEL,"IFSC Europe - Continental Youth Championships (B,S,L) - Perm (RUS)",3.67 (4),,12+ (22)
23,Juniors Male,Lead,Nikita NEVZOROV,93 •,RUS,"IFSC Europe - Continental Youth Championships (B,S,L) - Perm (RUS)",19.74 (21),,12 (23)
24,Juniors Male,Lead,Igor BOBRENEV,92 •,RUS,"IFSC Europe - Continental Youth Championships (B,S,L) - Perm (RUS)",9.71 (9),,11 (24)
25,Juniors Male,Lead,Dmitry SEVANKAEV,8 •,LAT,"IFSC Europe - Continental Youth Championships (B,S,L) - Perm (RUS)",25.5 (26),,10+ (25)
26,Juniors Male,Lead,Samuel STEFANIK,82 •,SVK,"IFSC Europe - Continental Youth Championships (B,S,L) - Perm (RUS)",19.44 (20),,2+ (26)
,Juniors Male,Lead,Jasper VAN MALDEREN,4 •,BEL,"IFSC Europe - Continental Youth Championships (B,S,L) - Perm (RUS)",DNS,,
1,Youth A Male,Lead,Mejdi SCHALCK,28 •,FRA,"IFSC Europe - Continental Youth Championships (B,S,L) - Perm (RUS)",1.0 (1),44+ (1),38+ (1)
2,Youth A Male,Lead,Hannes VAN DUYSEN,2 •,BEL,"IFSC Europe - Continental Youth Championships (B,S,L) - Perm (RUS)",8.22 (9),36 (2),33 (3)
3,Youth A Male,Lead,Slav KIROV,57 •,BUL,"IFSC Europe - Continental Youth Championships (B,S,L) - Perm (RUS)",5.81 (4),35+ (3),33 (2)
4,Youth A Male,Lead,Benjamin HAIDACHER,24 •,AUT,"IFSC Europe - Continental Youth Championships (B,S,L) - Perm (RUS)",6.24 (6),34+ (4),31 (5)
5,Youth A Male,Lead,Julian WIMMER,21 •,AUT,"IFSC Europe - Continental Youth Championships (B,S,L) - Perm (RUS)",4.24 (3),34+ (5),28+ (7)
6,Youth A Male,Lead,Crep LOVRO,142 •,SLO,"IFSC Europe - Continental Youth Championships (B,S,L) - Perm (RUS)",7.25 (8),34 (6),30+ (6)
7,Youth A Male,Lead,Emil ZIMMERMANN,73 •,GER,"IFSC Europe - Continental Youth Championships (B,S,L) - Perm (RUS)",5.92 (5),32+ (7),32+ (4)
8,Youth A Male,Lead,David ZINSLER,19 •,AUT,"IFSC Europe - Continental Youth Championships (B,S,L) - Perm (RUS)",15.38 (17),30+ (8),27+ (8)
9,Youth A Male,Lead,Piotr NIZNIK,120 •,POL,"IFSC Europe - Continental Youth Championships (B,S,L) - Perm (RUS)",10.43 (10),,25 (9)
10,Youth A Male,Lead,Vladislav SHUNEVICH,144 •,RUS,"IFSC Europe - Continental Youth Championships (B,S,L) - Perm (RUS)",11.96 (12),,25 (10)
11,Youth A Male,Lead,Illia MANIAKIN,84 •,UKR,"IFSC Europe - Continental Youth Championships (B,S,L) - Perm (RUS)",18.23 (18),,24 (11)
12,Youth A Male,Lead,Timotej ROMŠAK,138 •,SLO,"IFSC Europe - Continental Youth Championships (B,S,L) - Perm (RUS)",6.52 (7),,23+ (12)
13,Youth A Male,Lead,Michel SIEDLER,74 •,GER,"IFSC Europe - Continental Youth Championships (B,S,L) - Perm (RUS)",11.62 (11),,23 (13)
14,Youth A Male,Lead,Edvards GRUZITIS,6 •,LAT,"IFSC Europe - Continental Youth Championships (B,S,L) - Perm (RUS)",13.47 (15),,22+ (14)
15,Youth A Male,Lead,Lluc MACIÀ LLOBET,10 •,ESP,"IFSC Europe - Continental Youth Championships (B,S,L) - Perm (RUS)",13.52 (16),,22+ (15)
16,Youth A Male,Lead,Leontii BOBKOV,96 •,RUS,"IFSC Europe - Continental Youth Championships (B,S,L) - Perm (RUS)",20.49 (21),,22+ (16)
17,Youth A Male,Lead,Louis GUIGNARD,65 •,SUI,"IFSC Europe - Continental Youth Championships (B,S,L) - Perm (RUS)",23.96 (24),,20+ (17)
18,Youth A Male,Lead,Maksym VNUKOV,90 •,UKR,"IFSC Europe - Continental Youth Championships (B,S,L) - Perm (RUS)",24.69 (26),,20 (18)
19,Youth A Male,Lead,Jitse REMES,3 •,BEL,"IFSC Europe - Continental Youth Championships (B,S,L) - Perm (RUS)",18.97 (20),,19 (19)
20,Youth A Male,Lead,Luka JERMAN,137 •,SLO,"IFSC Europe - Continental Youth Championships (B,S,L) - Perm (RUS)",3.0 (2),,17 (20)
21,Youth A Male,Lead,Anselmo BAZZANI,42 •,ITA,"IFSC Europe - Continental Youth Championships (B,S,L) - Perm (RUS)",12.85 (14),,14+ (21)
22,Youth A Male,Lead,Alexander TEPLYKH,95 •,RUS,"IFSC Europe - Continental Youth Championships (B,S,L) - Perm (RUS)",12.04 (13),,11+ (22)
23,Youth A Male,Lead,Filip HROMADA,80 •,SVK,"IFSC Europe - Continental Youth Championships (B,S,L) - Perm (RUS)",23.18 (23),,11+ (23)
24,Youth A Male,Lead,Davide ZANE,41 •,ITA,"IFSC Europe - Continental Youth Championships (B,S,L) - Perm (RUS)",24.15 (25),,11 (24)
25,Youth A Male,Lead,Lukas ZGRAGGEN,64 •,SUI,"IFSC Europe - Continental Youth Championships (B,S,L) - Perm (RUS)",20.99 (22),,7+ (25)
26,Youth A Male,Lead,Leander CARMANNS,71 •,GER,"IFSC Europe - Continental Youth Championships (B,S,L) - Perm (RUS)",18.83 (19),,DNS
27,Youth A Male,Lead,Matvey SIDELNIKOV,115 •,RUS,"IFSC Europe - Continental Youth Championships (B,S,L) - Perm (RUS)",25.4 (27),,
28,Youth A Male,Lead,Yan JAKOB,63 •,SUI,"IFSC Europe - Continental Youth Championships (B,S,L) - Perm (RUS)",28.98 (28),,
29,Youth A Male,Lead,Luca BOLDRINI,39 •,ITA,"IFSC Europe - Continental Youth Championships (B,S,L) - Perm (RUS)",29.15 (29),,
30,Youth A Male,Lead,Konstanty SOBANSKI,89 •,POL,"IFSC Europe - Continental Youth Championships (B,S,L) - Perm (RUS)",29.35 (30),,
31,Youth A Male,Lead,Nimrod LAVEE,134 •,ISR,"IFSC Europe - Continental Youth Championships (B,S,L) - Perm (RUS)",30.0 (31),,
32,Youth A Male,Lead,Ondrej MAZL,127 •,CZE,"IFSC Europe - Continental Youth Championships (B,S,L) - Perm (RUS)",30.89 (32),,
33,Youth A Male,Lead,Thomas KROA,146 •,CZE,"IFSC Europe - Continental Youth Championships (B,S,L) - Perm (RUS)",31.22 (33),,
34,Youth A Male,Lead,Jan STOVICEK,129 •,CZE,"IFSC Europe - Continental Youth Championships (B,S,L) - Perm (RUS)",31.46 (34),,
35,Youth A Male,Lead,Paul CRISTEA,15 •,ROU,"IFSC Europe - Continental Youth Championships (B,S,L) - Perm (RUS)",32.98 (35),,
36,Youth A Male,Lead,Tomass DILANS,7 •,LAT,"IFSC Europe - Continental Youth Championships (B,S,L) - Perm (RUS)",35.5 (36),,
1,Youth B Male,Lead,Timo UZNIK,22 •,AUT,"IFSC Europe - Continental Youth Championships (B,S,L) - Perm (RUS)",1.73 (1),46+ (1),42 (3)
2,Youth B Male,Lead,Gorazd JUREKOVIČ,140 •,SLO,"IFSC Europe - Continental Youth Championships (B,S,L) - Perm (RUS)",3.46 (2),45+ (2),40+ (4)
3,Youth B Male,Lead,Lukas MOKROLUSKY,123 •,CZE,"IFSC Europe - Continental Youth Championships (B,S,L) - Perm (RUS)",6.32 (8),44+ (3),44+ (1)
4,Youth B Male,Lead,Nikolay RUSEV,58 •,BUL,"IFSC Europe - Continental Youth Championships (B,S,L) - Perm (RUS)",4.47 (3),44+ (4),38+ (6)
5,Youth B Male,Lead,Lau MACIÀ LLOBET,11 •,ESP,"IFSC Europe - Continental Youth Championships (B,S,L) - Perm (RUS)",5.29 (6),44+ (5),37+ (8)
6,Youth B Male,Lead,Michele REUSA,46 •,ITA,"IFSC Europe - Continental Youth Championships (B,S,L) - Perm (RUS)",5.57 (7),43+ (6),43+ (2)
7,Youth B Male,Lead,Raffael GRUBER,23 •,AUT,"IFSC Europe - Continental Youth Championships (B,S,L) - Perm (RUS)",6.93 (9),41 (7),40+ (5)
8,Youth B Male,Lead,Evgenii ZHILOV,98 •,RUS,"IFSC Europe - Continental Youth Championships (B,S,L) - Perm (RUS)",8.0 (10),38+ (8),38+ (7)
9,Youth B Male,Lead,Riccardo VICENTINI,45 •,ITA,"IFSC Europe - Continental Youth Championships (B,S,L) - Perm (RUS)",11.0 (11),,36+ (9)
10,Youth B Male,Lead,Alexander EFREMOV,97 •,RUS,"IFSC Europe - Continental Youth Championships (B,S,L) - Perm (RUS)",4.47 (3),,34 (10)
11,Youth B Male,Lead,Nikolay ANGELOV,59 •,BUL,"IFSC Europe - Continental Youth Championships (B,S,L) - Perm (RUS)",14.47 (16),,33+ (11)
12,Youth B Male,Lead,Boyan KIROV,60 •,BUL,"IFSC Europe - Continental Youth Championships (B,S,L) - Perm (RUS)",18.89 (18),,33+ (12)
13,Youth B Male,Lead,Aleksandr VINOGRADOV,99 •,RUS,"IFSC Europe - Continental Youth Championships (B,S,L) - Perm (RUS)",16.02 (17),,33 (13)
14,Youth B Male,Lead,Tristan SÝKORA,78 •,SVK,"IFSC Europe - Continental Youth Championships (B,S,L) - Perm (RUS)",19.29 (20),,32+ (14)
15,Youth B Male,Lead,Frantisek DANDA,124 •,CZE,"IFSC Europe - Continental Youth Championships (B,S,L) - Perm (RUS)",14.42 (15),,30+ (15)
16,Youth B Male,Lead,Szymon DABROWSKI,88 •,POL,"IFSC Europe - Continental Youth Championships (B,S,L) - Perm (RUS)",18.97 (19),,29+ (16)
17,Youth B Male,Lead,Nevo ALON,143 •,ISR,"IFSC Europe - Continental Youth Championships (B,S,L) - Perm (RUS)",23.98 (24),,28 (17)
18,Youth B Male,Lead,Jaroslav SIKULA,126 •,CZE,"IFSC Europe - Continental Youth Championships (B,S,L) - Perm (RUS)",13.64 (14),,27+ (18)
19,Youth B Male,Lead,Darius RAPA,13 •,ROU,"IFSC Europe - Continental Youth Championships (B,S,L) - Perm (RUS)",4.9 (5),,27 (19)
20,Youth B Male,Lead,Ilja AUERSPERG,20 •,AUT,"IFSC Europe - Continental Youth Championships (B,S,L) - Perm (RUS)",12.73 (12),,26 (20)
21,Youth B Male,Lead,Juri VILLA,47 •,ITA,"IFSC Europe - Continental Youth Championships (B,S,L) - Perm (RUS)",13.42 (13),,25+ (21)
22,Youth B Male,Lead,Alexandru-florian ZAHARIA,14 •,ROU,"IFSC Europe - Continental Youth Championships (B,S,L) - Perm (RUS)",21.25 (22),,20+ (22)
23,Youth B Male,Lead,Vladislav IVANOV,100 •,RUS,"IFSC Europe - Continental Youth Championships (B,S,L) - Perm (RUS)",22.24 (23),,20+ (23)
24,Youth B Male,Lead,Filip BUČEK,83 •,SVK,"IFSC Europe - Continental Youth Championships (B,S,L) - Perm (RUS)",25.46 (25),,19+ (24)
25,Youth B Male,Lead,Filip MATEJIČKA,81 •,SVK,"IFSC Europe - Continental Youth Championships (B,S,L) - Perm (RUS)",19.97 (21),,17+ (25)
26,Youth B Male,Lead,Pavel ASTAPCHYK,69 •,BLR,"IFSC Europe - Continental Youth Championships (B,S,L) - Perm (RUS)",26.25 (26),,17 (26)
27,Youth B Male,Lead,Maksim HAMAN,68 •,BLR,"IFSC Europe - Continental Youth Championships (B,S,L) - Perm (RUS)",26.46 (27),,
28,Youth B Male,Lead,Dmytro BESPALYI,119 •,UKR,"IFSC Europe - Continental Youth Championships (B,S,L) - Perm (RUS)",27.24 (28),,
1,Juniors Female,Lead,Lucija TARKUS,272 •,SLO,"IFSC Europe - Continental Youth Championships (B,S,L) - Perm (RUS)",1.22 (1),37+ (1),32+ (2)
2,Juniors Female,Lead,Camille POUGET,165 •,FRA,"IFSC Europe - Continental Youth Championships (B,S,L) - Perm (RUS)",3.0 (3),37+ (2),31+ (4)
3,Juniors Female,Lead,Michaela SMETANOVA,266 •,CZE,"IFSC Europe - Continental Youth Championships (B,S,L) - Perm (RUS)",2.6 (2),37 (3),34+ (1)
4,Juniors Female,Lead,Daria MEZENTSEVA,250 •,RUS,"IFSC Europe - Continental Youth Championships (B,S,L) - Perm (RUS)",3.61 (4),37 (4),32+ (3)
5,Juniors Female,Lead,Zoé EGLI,195 •,SUI,"IFSC Europe - Continental Youth Championships (B,S,L) - Perm (RUS)",4.5 (5),33 (5),31+ (5)
6,Juniors Female,Lead,Joëlle NIEDERBERGER,196 •,SUI,"IFSC Europe - Continental Youth Championships (B,S,L) - Perm (RUS)",10.72 (11),27+ (6),28+ (7)
7,Juniors Female,Lead,Liv EGLI,194 •,SUI,"IFSC Europe - Continental Youth Championships (B,S,L) - Perm (RUS)",8.99 (8),27+ (7),28 (8)
8,Juniors Female,Lead,Lucie WATILLON,151 •,BEL,"IFSC Europe - Continental Youth Championships (B,S,L) - Perm (RUS)",8.99 (8),27 (8),29+ (6)
9,Juniors Female,Lead,Agathe CALLIET,166 •,FRA,"IFSC Europe - Continental Youth Championships (B,S,L) - Perm (RUS)",14.42 (14),,28 (9)
10,Juniors Female,Lead,Elisabeth LARDSCHNEIDER,174 •,ITA,"IFSC Europe - Continental Youth Championships (B,S,L) - Perm (RUS)",9.08 (10),,24+ (10)
11,Juniors Female,Lead,Kseniia ZVONAREVA,252 •,RUS,"IFSC Europe - Continental Youth Championships (B,S,L) - Perm (RUS)",17.62 (17),,24+ (11)
12,Juniors Female,Lead,Nika POTAPOVA,200 •,UKR,"IFSC Europe - Continental Youth Championships (B,S,L) - Perm (RUS)",5.2 (6),,23+ (12)
13,Juniors Female,Lead,Eliška BULENOVÁ,265 •,CZE,"IFSC Europe - Continental Youth Championships (B,S,L) - Perm (RUS)",20.98 (21),,23+ (13)
14,Juniors Female,Lead,Aida TORRES ILLAMOLA,154 •,ESP,"IFSC Europe - Continental Youth Championships (B,S,L) - Perm (RUS)",13.75 (13),,21+ (14)
15,Juniors Female,Lead,Bianka JANECKA,219 •,POL,"IFSC Europe - Continental Youth Championships (B,S,L) - Perm (RUS)",22.45 (24),,21+ (15)
16,Juniors Female,Lead,Adelaide D'ADDARIO,175 •,ITA,"IFSC Europe - Continental Youth Championships (B,S,L) - Perm (RUS)",15.97 (15),,20+ (16)
17,Juniors Female,Lead,Rut MONSECH GASCA,155 •,ESP,"IFSC Europe - Continental Youth Championships (B,S,L) - Perm (RUS)",6.98 (7),,20 (17)
18,Juniors Female,Lead,Nikola KRALIKOVA,267 •,CZE,"IFSC Europe - Continental Youth Championships (B,S,L) - Perm (RUS)",11.75 (12),,19+ (18)
19,Juniors Female,Lead,Pia CULJAK,212 •,CRO,"IFSC Europe - Continental Youth Championships (B,S,L) - Perm (RUS)",17.25 (16),,19+ (19)
20,Juniors Female,Lead,Vanda MICHALKOVA,208 •,SVK,"IFSC Europe - Continental Youth Championships (B,S,L) - Perm (RUS)",18.23 (19),,19+ (20)
21,Juniors Female,Lead,Vana PICCINI,213 •,CRO,"IFSC Europe - Continental Youth Championships (B,S,L) - Perm (RUS)",19.77 (20),,19+ (21)
22,Juniors Female,Lead,Iana GULSTEN,246 •,RUS,"IFSC Europe - Continental Youth Championships (B,S,L) - Perm (RUS)",17.75 (18),,19 (22)
23,Juniors Female,Lead,Ludovica MERENDI,176 •,ITA,"IFSC Europe - Continental Youth Championships (B,S,L) - Perm (RUS)",21.18 (22),,16+ (23)
23,Juniors Female,Lead,Elizaveta TROKINA,222 •,RUS,"IFSC Europe - Continental Youth Championships (B,S,L) - Perm (RUS)",21.18 (22),,16+ (23)
25,Juniors Female,Lead,Kristine RJABOVA,153 •,LAT,"IFSC Europe - Continental Youth Championships (B,S,L) - Perm (RUS)",25.0 (25),,13 (25)
1,Youth A Female,Lead,Marketa JANOSOVA,260 •,CZE,"IFSC Europe - Continental Youth Championships (B,S,L) - Perm (RUS)",3.74 (3),37+ (1),31+ (2)
2,Youth A Female,Lead,Liza NOVAK,274 •,SLO,"IFSC Europe - Continental Youth Championships (B,S,L) - Perm (RUS)",1.73 (2),37+ (2),30+ (5)
3,Youth A Female,Lead,Saula LERONDEL,169 •,FRA,"IFSC Europe - Continental Youth Championships (B,S,L) - Perm (RUS)",5.92 (6),36 (3),28+ (7)
4,Youth A Female,Lead,Aleksandra TOTKOVA,193 •,BUL,"IFSC Europe - Continental Youth Championships (B,S,L) - Perm (RUS)",1.22 (1),33 (4),33+ (1)
5,Youth A Female,Lead,Ariane FRANKEN,164 •,AUT,"IFSC Europe - Continental Youth Championships (B,S,L) - Perm (RUS)",5.66 (5),32 (5),31+ (3)
6,Youth A Female,Lead,Eva PUHAR,273 •,SLO,"IFSC Europe - Continental Youth Championships (B,S,L) - Perm (RUS)",9.72 (10),31+ (6),29 (6)
7,Youth A Female,Lead,Annika STÖCKL,162 •,AUT,"IFSC Europe - Continental Youth Championships (B,S,L) - Perm (RUS)",8.72 (8),27+ (7),31+ (4)
8,Youth A Female,Lead,Ekaterina ZAVIALOVA,224 •,RUS,"IFSC Europe - Continental Youth Championships (B,S,L) - Perm (RUS)",11.32 (11),22+ (8),27 (8)
9,Youth A Female,Lead,Anja KÖHLER,197 •,SUI,"IFSC Europe - Continental Youth Championships (B,S,L) - Perm (RUS)",8.57 (7),,26+ (9)
10,Youth A Female,Lead,Savina NICELLI,180 •,ITA,"IFSC Europe - Continental Youth Championships (B,S,L) - Perm (RUS)",9.64 (9),,24+ (10)
11,Youth A Female,Lead,Federica PAPETTI,179 •,ITA,"IFSC Europe - Continental Youth Championships (B,S,L) - Perm (RUS)",12.0 (12),,24+ (11)
12,Youth A Female,Lead,Ilia WIELAND,198 •,SUI,"IFSC Europe - Continental Youth Championships (B,S,L) - Perm (RUS)",13.5 (14),,24+ (12)
13,Youth A Female,Lead,Lena SCHRITTWIESER,163 •,AUT,"IFSC Europe - Continental Youth Championships (B,S,L) - Perm (RUS)",16.26 (17),,24+ (13)
14,Youth A Female,Lead,Anna-lena WOLF,206 •,GER,"IFSC Europe - Continental Youth Championships (B,S,L) - Perm (RUS)",19.44 (19),,23 (14)
15,Youth A Female,Lead,Viola BATTISTELLA,181 •,ITA,"IFSC Europe - Continental Youth Championships (B,S,L) - Perm (RUS)",13.5 (14),,22+ (15)
16,Youth A Female,Lead,Iziar MARTÍNEZ ALMENDROS,156 •,ESP,"IFSC Europe - Continental Youth Championships (B,S,L) - Perm (RUS)",3.74 (3),,22 (16)
17,Youth A Female,Lead,Anna Maria APEL,204 •,GER,"IFSC Europe - Continental Youth Championships (B,S,L) - Perm (RUS)",13.56 (16),,19+ (17)
18,Youth A Female,Lead,Hana SIKULOVA,261 •,CZE,"IFSC Europe - Continental Youth Championships (B,S,L) - Perm (RUS)",17.75 (18),,19+ (18)
19,Youth A Female,Lead,In En SIM,207 •,RUS,"IFSC Europe - Continental Youth Championships (B,S,L) - Perm (RUS)",22.91 (24),,18+ (19)
20,Youth A Female,Lead,Anja SANTINI MIKULIĆ,214 •,CRO,"IFSC Europe - Continental Youth Championships (B,S,L) - Perm (RUS)",23.98 (25),,18+ (20)
21,Youth A Female,Lead,Daria GLOTOVA,223 •,RUS,"IFSC Europe - Continental Youth Championships (B,S,L) - Perm (RUS)",12.76 (13),,17+ (21)
22,Youth A Female,Lead,Eva KOROSTELEVA,248 •,RUS,"IFSC Europe - Continental Youth Championships (B,S,L) - Perm (RUS)",19.62 (20),,17+ (22)
23,Youth A Female,Lead,Maya SHEMEN,277 •,ISR,"IFSC Europe - Continental Youth Championships (B,S,L) - Perm (RUS)",21.45 (22),,17+ (23)
24,Youth A Female,Lead,Eliska SUCHA,262 •,CZE,"IFSC Europe - Continental Youth Championships (B,S,L) - Perm (RUS)",21.45 (22),,15 (24)
25,Youth A Female,Lead,Zuzanna MIENTUS,255 •,POL,"IFSC Europe - Continental Youth Championships (B,S,L) - Perm (RUS)",21.35 (21),,5 (25)
1,Youth B Female,Lead,Barbora BERNARDOVA,257 •,CZE,"IFSC Europe - Continental Youth Championships (B,S,L) - Perm (RUS)",1.41 (1),44+ (1),TOP (1)
2,Youth B Female,Lead,Zala MLAKAR STARIČ,275 •,SLO,"IFSC Europe - Continental Youth Championships (B,S,L) - Perm (RUS)",2.45 (2),39+ (2),40.5+ (6)
3,Youth B Female,Lead,Maja OLEKSY,256 •,POL,"IFSC Europe - Continental Youth Championships (B,S,L) - Perm (RUS)",11.66 (13),33+ (3),43+ (2)
4,Youth B Female,Lead,Jil COUTURE,199 •,SUI,"IFSC Europe - Continental Youth Championships (B,S,L) - Perm (RUS)",9.19 (9),33 (4),42+ (4)
5,Youth B Female,Lead,Ekaterina KRAMOROVA,227 •,RUS,"IFSC Europe - Continental Youth Championships (B,S,L) - Perm (RUS)",16.31 (18),32+ (5),40.5+ (8)
6,Youth B Female,Lead,Sina WILLY,161 •,AUT,"IFSC Europe - Continental Youth Championships (B,S,L) - Perm (RUS)",4.24 (3),30+ (6),43 (3)
7,Youth B Female,Lead,Kseniia ZAKHAROVA,217 •,UKR,"IFSC Europe - Continental Youth Championships (B,S,L) - Perm (RUS)",10.2 (11),29+ (7),40.5+ (7)
8,Youth B Female,Lead,Arina JURCENKO,258 •,CZE,"IFSC Europe - Continental Youth Championships (B,S,L) - Perm (RUS)",4.9 (5),27 (8),41 (5)
9,Youth B Female,Lead,Snezhana ERMOLIK,228 •,RUS,"IFSC Europe - Continental Youth Championships (B,S,L) - Perm (RUS)",4.47 (4),,40.5 (9)
10,Youth B Female,Lead,Anna MIHALCIKOVA,259 •,CZE,"IFSC Europe - Continental Youth Championships (B,S,L) - Perm (RUS)",5.41 (6),,40+ (10)
11,Youth B Female,Lead,Anastasiya ZAYKOVA,226 •,RUS,"IFSC Europe - Continental Youth Championships (B,S,L) - Perm (RUS)",8.75 (7),,40+ (11)
12,Youth B Female,Lead,Vanessa KOFLER,182 •,ITA,"IFSC Europe - Continental Youth Championships (B,S,L) - Perm (RUS)",9.22 (10),,40+ (12)
13,Youth B Female,Lead,Leonie HOFER,183 •,ITA,"IFSC Europe - Continental Youth Championships (B,S,L) - Perm (RUS)",22.49 (23),,38+ (13)
14,Youth B Female,Lead,Iuliia NIKITINA,225 •,RUS,"IFSC Europe - Continental Youth Championships (B,S,L) - Perm (RUS)",13.27 (15),,38 (14)
15,Youth B Female,Lead,Anastasia KOBETS,221 •,UKR,"IFSC Europe - Continental Youth Championships (B,S,L) - Perm (RUS)",13.86 (16),,38 (15)
16,Youth B Female,Lead,Lina FUNA,276 •,SLO,"IFSC Europe - Continental Youth Championships (B,S,L) - Perm (RUS)",13.04 (14),,37+ (16)
17,Youth B Female,Lead,Maya IOO,159 •,ROU,"IFSC Europe - Continental Youth Championships (B,S,L) - Perm (RUS)",10.95 (12),,34 (17)
18,Youth B Female,Lead,Lea SLOBODOVÁ,211 •,SVK,"IFSC Europe - Continental Youth Championships (B,S,L) - Perm (RUS)",15.68 (17),,32 (18)
19,Youth B Female,Lead,Ada KARLSBRUN,270 •,ISR,"IFSC Europe - Continental Youth Championships (B,S,L) - Perm (RUS)",18.44 (20),,24 (19)
20,Youth B Female,Lead,Hadas VIKS,271 •,ISR,"IFSC Europe - Continental Youth Championships (B,S,L) - Perm (RUS)",20.99 (21),,24 (20)
21,Youth B Female,Lead,Elsa GIUPPONI,185 •,ITA,"IFSC Europe - Continental Youth Championships (B,S,L) - Perm (RUS)",23.99 (24),,24 (21)
22,Youth B Female,Lead,Lujza MICHALKOVÁ,209 •,SVK,"IFSC Europe - Continental Youth Championships (B,S,L) - Perm (RUS)",22.48 (22),,23+ (22)
23,Youth B Female,Lead,Martina BURŠÍKOVÁ,210 •,SVK,"IFSC Europe - Continental Youth Championships (B,S,L) - Perm (RUS)",17.44 (19),,23 (23)
24,Youth B Female,Lead,Naima GRINGL,160 •,AUT,"IFSC Europe - Continental Youth Championships (B,S,L) - Perm (RUS)",8.83 (8),,22+ (24)
25,Youth B Female,Lead,Andrea RODRÍGUEZ SALAS,158 •,ESP,"IFSC Europe - Continental Youth Championships (B,S,L) - Perm (RUS)",26.25 (26),,21+ (25)
26,Youth B Female,Lead,Katsiaryna HRYSHCHANKOVA,202 •,BLR,"IFSC Europe - Continental Youth Championships (B,S,L) - Perm (RUS)",24.75 (25),,19+ (26)
27,Youth B Female,Lead,Katsiaryna HANCHAREVICH,201 •,BLR,"IFSC Europe - Continental Youth Championships (B,S,L) - Perm (RUS)",26.75 (27),,
1,Men B1,Lead,Koichiro KOBAYASHI,6 •,JPN,IFSC - Paraclimbing World Cup (L) - Los Angeles (USA) 2021,1.22 (1),41 (1),
2,Men B1,Lead,Razvan NEDU,1 •,ROU,IFSC - Paraclimbing World Cup (L) - Los Angeles (USA) 2021,1.73 (2),35+ (2),
3,Men B1,Lead,Jesse DUFTON,3 •,GBR,IFSC - Paraclimbing World Cup (L) - Los Angeles (USA) 2021,3.0 (3),32+ (3),
4,Men B1,Lead,Justen PROCTOR,4 •,USA,IFSC - Paraclimbing World Cup (L) - Los Angeles (USA) 2021,4.0 (4),,
5,Men B1,Lead,Eris SKENDERI,2 •,USA,IFSC - Paraclimbing World Cup (L) - Los Angeles (USA) 2021,5.24 (5),,
6,Men B1,Lead,Bill CASSON,5 •,USA,IFSC - Paraclimbing World Cup (L) - Los Angeles (USA) 2021,5.74 (6),,
1,Men B3,Lead,Simone SALVAGNIN,8 •,ITA,IFSC - Paraclimbing World Cup (L) - Los Angeles (USA) 2021,1.0 (1),34+ (1),
2,Men B3,Lead,Connor GEAREY,7 •,USA,IFSC - Paraclimbing World Cup (L) - Los Angeles (USA) 2021,2.0 (2),22 (2),
1,Women B3,Lead,Edith SCHEINECKER,52 •,AUT,IFSC - Paraclimbing World Cup (L) - Los Angeles (USA) 2021,1.41 (1),47+ (1),
2,Women B3,Lead,Tanja GLUSIC,53 •,SLO,IFSC - Paraclimbing World Cup (L) - Los Angeles (USA) 2021,2.0 (2),38+ (2),
3,Women B3,Lead,Ionela GRECU,51 •,ROU,IFSC - Paraclimbing World Cup (L) - Los Angeles (USA) 2021,2.45 (3),38 (3),
1,Men AL2,Lead,Frederik LEYS,10 •,BEL,IFSC - Paraclimbing World Cup (L) - Los Angeles (USA) 2021,1.0 (1),43 (1),
2,Men AL2,Lead,Jake SANCHEZ,14 •,USA,IFSC - Paraclimbing World Cup (L) - Los Angeles (USA) 2021,2.24 (2),25+ (2),
3,Men AL2,Lead,Colin TORPEY,9 •,USA,IFSC - Paraclimbing World Cup (L) - Los Angeles (USA) 2021,3.16 (3),25+ (3),
4,Men AL2,Lead,Kyle LONG,13 •,USA,IFSC - Paraclimbing World Cup (L) - Los Angeles (USA) 2021,3.87 (4),,
5,Men AL2,Lead,Steven HINSON,12 •,USA,IFSC - Paraclimbing World Cup (L) - Los Angeles (USA) 2021,4.47 (5),,
6,Men AL2,Lead,Jeremy RITCHIE,11 •,CAN,IFSC - Paraclimbing World Cup (L) - Los Angeles (USA) 2021,6.0 (6),,
1,Women AL2,Lead,Hannah MCFADDEN,57 •,USA,IFSC - Paraclimbing World Cup (L) - Los Angeles (USA) 2021,1.58 (1),22 (1),
2,Women AL2,Lead,Emily GRAY,58 •,RSA,IFSC - Paraclimbing World Cup (L) - Los Angeles (USA) 2021,2.24 (3),21+ (2),
3,Women AL2,Lead,Jaqueline FRITZ,59 •,GER,IFSC - Paraclimbing World Cup (L) - Los Angeles (USA) 2021,1.73 (2),21 (3),
4,Women AL2,Lead,Meaghan CUSACK,54 •,USA,IFSC - Paraclimbing World Cup (L) - Los Angeles (USA) 2021,4.0 (4),,
5,Women AL2,Lead,Deborah BEVILACQUA,56 •,USA,IFSC - Paraclimbing World Cup (L) - Los Angeles (USA) 2021,5.0 (5),,
6,Women AL2,Lead,Lauren PINE,55 •,USA,IFSC - Paraclimbing World Cup (L) - Los Angeles (USA) 2021,6.0 (6),,
1,Women AU2,Lead,Solenne PIRET,60 •,FRA,IFSC - Paraclimbing World Cup (L) - Los Angeles (USA) 2021,1.41 (1),47+ (1),
2,Women AU2,Lead,Lucia CAPOVILLA,64 •,ITA,IFSC - Paraclimbing World Cup (L) - Los Angeles (USA) 2021,1.41 (1),33+ (2),
3,Women AU2,Lead,Maureen BECK,62 •,USA,IFSC - Paraclimbing World Cup (L) - Los Angeles (USA) 2021,3.46 (3),24+ (3),
4,Women AU2,Lead,Giovanna DUBUC,63 •,USA,IFSC - Paraclimbing World Cup (L) - Los Angeles (USA) 2021,3.46 (3),16+ (4),
5,Women AU2,Lead,Corinna WIMMER,61 •,GER,IFSC - Paraclimbing World Cup (L) - Los Angeles (USA) 2021,5.0 (5),,
1,Men RP1,Lead,Angelino ZELLER,22 •,AUT,IFSC - Paraclimbing World Cup (L) - Los Angeles (USA) 2021,1.58 (2),47 (1),
2,Men RP1,Lead,Korbinian FRANCK,17 •,GER,IFSC - Paraclimbing World Cup (L) - Los Angeles (USA) 2021,1.41 (1),46 (2),
3,Men RP1,Lead,Tanner CISLAW,21 •,USA,IFSC - Paraclimbing World Cup (L) - Los Angeles (USA) 2021,4.24 (4),33+ (3),
4,Men RP1,Lead,Elliott NGUYEN,15 •,USA,IFSC - Paraclimbing World Cup (L) - Los Angeles (USA) 2021,3.16 (3),18 (4),
5,Men RP1,Lead,Sunny YANG,19 •,USA,IFSC - Paraclimbing World Cup (L) - Los Angeles (USA) 2021,4.47 (5),,
6,Men RP1,Lead,Joshua UNTERMAN,16 •,USA,IFSC - Paraclimbing World Cup (L) - Los Angeles (USA) 2021,5.48 (6),,
7,Men RP1,Lead,Mario PERSING,18 •,GER,IFSC - Paraclimbing World Cup (L) - Los Angeles (USA) 2021,7.48 (7),,
7,Men RP1,Lead,Carlos QUILES,20 •,USA,IFSC - Paraclimbing World Cup (L) - Los Angeles (USA) 2021,7.48 (7),,
1,Men RP2,Lead,Mor Michael SAPIR,24 •,ISR,IFSC - Paraclimbing World Cup (L) - Los Angeles (USA) 2021,1.58 (1),56+ (1),
2,Men RP2,Lead,Manikandan KUMAR,26 •,IND,IFSC - Paraclimbing World Cup (L) - Los Angeles (USA) 2021,2.5 (2),52+ (3:04) (2),
2,Men RP2,Lead,Brian ZARZUELA,23 •,USA,IFSC - Paraclimbing World Cup (L) - Los Angeles (USA) 2021,2.5 (2),52+ (3:04) (2),
4,Men RP2,Lead,Benjamin MAYFORTH,27 •,USA,IFSC - Paraclimbing World Cup (L) - Los Angeles (USA) 2021,3.16 (4),52+ (4),
5,Men RP2,Lead,Matthew LYNCH,29 •,USA,IFSC - Paraclimbing World Cup (L) - Los Angeles (USA) 2021,5.24 (5),,
6,Men RP2,Lead,Atticus MATKIN,28 •,USA,IFSC - Paraclimbing World Cup (L) - Los Angeles (USA) 2021,5.74 (6),,
7,Men RP2,Lead,Leorenz CAPILI,25 •,USA,IFSC - Paraclimbing World Cup (L) - Los Angeles (USA) 2021,7.0 (7),,
1,Men RP3,Lead,Micah WINKLE,32 •,USA,IFSC - Paraclimbing World Cup (L) - Los Angeles (USA) 2021,1.41 (1),40+ (1),
2,Men RP3,Lead,Jared LENAHAN,31 •,USA,IFSC - Paraclimbing World Cup (L) - Los Angeles (USA) 2021,1.41 (1),32+ (2),
3,Men RP3,Lead,Shamus BOULIANNE,30 •,CAN,IFSC - Paraclimbing World Cup (L) - Los Angeles (USA) 2021,3.0 (3),22+ (3),
1,Women RP2,Lead,Jasmin PLANK,65 •,AUT,IFSC - Paraclimbing World Cup (L) - Los Angeles (USA) 2021,1.41 (1),29+ (1),
2,Women RP2,Lead,Pavitra VANDENHOVEN,72 •,BEL,IFSC - Paraclimbing World Cup (L) - Los Angeles (USA) 2021,1.58 (2),29+ (2),
3,Women RP2,Lead,Emily SEELENFREUND,66 •,USA,IFSC - Paraclimbing World Cup (L) - Los Angeles (USA) 2021,2.74 (3),21 (3),
4,Women RP2,Lead,Caroline WINSTEL,71 •,USA,IFSC - Paraclimbing World Cup (L) - Los Angeles (USA) 2021,4.9 (4),16+ (4),
5,Women RP2,Lead,Melissa RUIZ,68 •,USA,IFSC - Paraclimbing World Cup (L) - Los Angeles (USA) 2021,5.48 (5),,
6,Women RP2,Lead,Carlie COOK,67 •,USA,IFSC - Paraclimbing World Cup (L) - Los Angeles (USA) 2021,5.66 (6),,
7,Women RP2,Lead,Hannah ZOOK,70 •,USA,IFSC - Paraclimbing World Cup (L) - Los Angeles (USA) 2021,6.48 (7),,
8,Women RP2,Lead,Denise STYPULKOWSKI,69 •,USA,IFSC - Paraclimbing World Cup (L) - Los Angeles (USA) 2021,6.93 (8),,
1,Women RP3,Lead,Katharina RITT,73 •,AUT,IFSC - Paraclimbing World Cup (L) - Los Angeles (USA) 2021,1.0 (1),32 (1),
2,Women RP3,Lead,Madisyn TAUTE,75 •,USA,IFSC - Paraclimbing World Cup (L) - Los Angeles (USA) 2021,2.45 (2),22+ (2),
3,Women RP3,Lead,Eliana WALLACK,74 •,USA,IFSC - Paraclimbing World Cup (L) - Los Angeles (USA) 2021,2.45 (2),21+ (3),
1,Men B1,Lead,Sho AITA,48 •,JPN,IFSC - Paraclimbing World Championships (L) - Moscow 2021,3.46 (2),TOP (1),
2,Men B1,Lead,Razvan NEDU,63 •,ROU,IFSC - Paraclimbing World Championships (L) - Moscow 2021,3.46 (2),35+ (2),
3,Men B1,Lead,Jesse DUFTON,28 •,GBR,IFSC - Paraclimbing World Championships (L) - Moscow 2021,2.0 (1),23 (3),
4,Men B1,Lead,Artem BONDARENKO,16 •,CFR,IFSC - Paraclimbing World Championships (L) - Moscow 2021,3.46 (2),16+ (4),
5,Men B1,Lead,Koichiro KOBAYASHI,53 •,JPN,IFSC - Paraclimbing World Championships (L) - Moscow 2021,4.47 (5),,
6,Men B1,Lead,Angelo Sebastian SIMIONESCU,57 •,ROU,IFSC - Paraclimbing World Championships (L) - Moscow 2021,4.9 (6),,
7,Men B1,Lead,Daniil LISICHENKO,7 •,CFR,IFSC - Paraclimbing World Championships (L) - Moscow 2021,5.29 (7),,
8,Men B1,Lead,Alexandru BENCHEA,56 •,ROU,IFSC - Paraclimbing World Championships (L) - Moscow 2021,8.0 (8),,
9,Men B1,Lead,Murali -,41 •,IND,IFSC - Paraclimbing World Championships (L) - Moscow 2021,9.49 (9),,
9,Men B1,Lead,Nikita KHAVER,8 •,CFR,IFSC - Paraclimbing World Championships (L) - Moscow 2021,9.49 (9),,
1,Men B2,Lead,Fumiya HAMANOUE,49 •,JPN,IFSC - Paraclimbing World Championships (L) - Moscow 2021,2.45 (2),40+ (1),
2,Men B2,Lead,Richard SLOCOCK,27 •,GBR,IFSC - Paraclimbing World Championships (L) - Moscow 2021,1.73 (1),38+ (2),
3,Men B2,Lead,Raul SIMON FRANCO,19 •,ESP,IFSC - Paraclimbing World Championships (L) - Moscow 2021,3.24 (3),38+ (3),
4,Men B2,Lead,Guillermo PELEGRÍN,18 •,ESP,IFSC - Paraclimbing World Championships (L) - Moscow 2021,3.24 (3),17 (4),
5,Men B2,Lead,Simone SALVAGNIN,47 •,ITA,IFSC - Paraclimbing World Championships (L) - Moscow 2021,3.87 (5),,
6,Men B2,Lead,Valentin-laurentiu MOISE,61 •,ROU,IFSC - Paraclimbing World Championships (L) - Moscow 2021,6.0 (6),,
7,Men B2,Lead,Vasile-valentin ANDRIES,62 •,ROU,IFSC - Paraclimbing World Championships (L) - Moscow 2021,7.0 (7),,
1,Men B3,Lead,Cosmin Florin CANDOI,59 •,ROU,IFSC - Paraclimbing World Championships (L) - Moscow 2021,2.12 (1),,
1,Men B3,Lead,Kazuhiro MINOWADA,51 •,JPN,IFSC - Paraclimbing World Championships (L) - Moscow 2021,2.12 (1),,
3,Men B3,Lead,Lux LOSEY SAIL,33 •,GBR,IFSC - Paraclimbing World Championships (L) - Moscow 2021,3.0 (3),,
4,Men B3,Lead,Sergei SHARAPOV,17 •,CFR,IFSC - Paraclimbing World Championships (L) - Moscow 2021,3.46 (4),,
5,Men B3,Lead,Robert Andrei AL-RADI,60 •,ROU,IFSC - Paraclimbing World Championships (L) - Moscow 2021,3.87 (5),,
1,Women B2,Lead,Abigail ROBINSON,97 •,GBR,IFSC - Paraclimbing World Championships (L) - Moscow 2021,1.58 (1),TOP (1),
2,Women B2,Lead,Edith SCHEINECKER,81 •,AUT,IFSC - Paraclimbing World Championships (L) - Moscow 2021,2.24 (2),40+ (2),
3,Women B2,Lead,Nadia BREDICE,104 •,ITA,IFSC - Paraclimbing World Championships (L) - Moscow 2021,2.74 (3),35 (3),
4,Women B2,Lead,Oxana OSADCHAYA,85 •,CFR,IFSC - Paraclimbing World Championships (L) - Moscow 2021,3.16 (4),17 (4),
5,Women B2,Lead,Monika BUZAS,112 •,ROU,IFSC - Paraclimbing World Championships (L) - Moscow 2021,5.24 (5),,
6,Women B2,Lead,Sujatha MANCHIPATTANA KRISHNEGOWDA,101 •,IND,IFSC - Paraclimbing World Championships (L) - Moscow 2021,6.2 (6),,
7,Women B2,Lead,Ariana PERO,113 •,ROU,IFSC - Paraclimbing World Championships (L) - Moscow 2021,6.48 (7),,
1,Women B3,Lead,Ionela GRECU,111 •,ROU,IFSC - Paraclimbing World Championships (L) - Moscow 2021,1.41 (1),,
2,Women B3,Lead,Tanja GLUSIC,115 •,SLO,IFSC - Paraclimbing World Championships (L) - Moscow 2021,2.0 (2),,
3,Women B3,Lead,Sunita DHONDAPPANAVAR,102 •,IND,IFSC - Paraclimbing World Championships (L) - Moscow 2021,2.65 (3),,
4,Women B3,Lead,Iben Kongsvik PAULSEN,109 •,NOR,IFSC - Paraclimbing World Championships (L) - Moscow 2021,3.74 (4),,
1,Men AL2,Lead,Thierry DELARUE,25 •,FRA,IFSC - Paraclimbing World Championships (L) - Moscow 2021,2.24 (1),23+ (1),
2,Men AL2,Lead,Frederik LEYS,2 •,BEL,IFSC - Paraclimbing World Championships (L) - Moscow 2021,2.65 (2),16+ (2),
3,Men AL2,Lead,Shuhei YUKI,52 •,JPN,IFSC - Paraclimbing World Championships (L) - Moscow 2021,3.46 (4),16+ (3),
4,Men AL2,Lead,Albert GUARDIA FERRER,21 •,ESP,IFSC - Paraclimbing World Championships (L) - Moscow 2021,3.16 (3),14+ (4),
5,Men AL2,Lead,Urko CARMONA BARANDIARAN,20 •,ESP,IFSC - Paraclimbing World Championships (L) - Moscow 2021,4.24 (5),,
6,Men AL2,Lead,Iván GERMÁN PASCUAL,22 •,ESP,IFSC - Paraclimbing World Championships (L) - Moscow 2021,4.9 (6),,
7,Men AL2,Lead,Sebastian MENZE,55 •,NOR,IFSC - Paraclimbing World Championships (L) - Moscow 2021,5.2 (7),,
8,Men AL2,Lead,Stuart SNEDDON,29 •,GBR,IFSC - Paraclimbing World Championships (L) - Moscow 2021,6.71 (8),,
9,Men AL2,Lead,Jake SANCHEZ,70 •,USA,IFSC - Paraclimbing World Championships (L) - Moscow 2021,7.75 (9),,
10,Men AL2,Lead,Steven HINSON,74 •,USA,IFSC - Paraclimbing World Championships (L) - Moscow 2021,10.49 (10),,
10,Men AL2,Lead,Evgenii SMIRNOV,4 •,CFR,IFSC - Paraclimbing World Championships (L) - Moscow 2021,10.49 (10),,
12,Men AL2,Lead,Vladimir PYZIN,6 •,CFR,IFSC - Paraclimbing World Championships (L) - Moscow 2021,12.0 (12),,
13,Men AL2,Lead,Andrey TIHOMIROV,5 •,CFR,IFSC - Paraclimbing World Championships (L) - Moscow 2021,13.49 (13),,
13,Men AL2,Lead,Aleksandr UKHATKIN,15 •,CFR,IFSC - Paraclimbing World Championships (L) - Moscow 2021,13.49 (13),,
1,Men AU2,Lead,Matthew PHILLIPS,31 •,GBR,IFSC - Paraclimbing World Championships (L) - Moscow 2021,2.6 (3),44+ (1),
2,Men AU2,Lead,Brian ZARZUELA,69 •,USA,IFSC - Paraclimbing World Championships (L) - Moscow 2021,2.45 (2),35+ (2),
3,Men AU2,Lead,Kevin BARTKE,34 •,GER,IFSC - Paraclimbing World Championships (L) - Moscow 2021,1.22 (1),35 (3),
4,Men AU2,Lead,Maksim MAIOROV,11 •,CFR,IFSC - Paraclimbing World Championships (L) - Moscow 2021,3.46 (4),34 (4),
5,Men AU2,Lead,Vasiliy RAGOZIN,3 •,CFR,IFSC - Paraclimbing World Championships (L) - Moscow 2021,6.0 (5),,
6,Men AU2,Lead,Matthew LYNCH,68 •,USA,IFSC - Paraclimbing World Championships (L) - Moscow 2021,6.24 (6),,
7,Men AU2,Lead,Daniel NYGREN,66 •,SWE,IFSC - Paraclimbing World Championships (L) - Moscow 2021,6.32 (7),,
8,Men AU2,Lead,James RUDGE,32 •,GBR,IFSC - Paraclimbing World Championships (L) - Moscow 2021,6.75 (8),,
1,Men RP1,Lead,Angelino ZELLER,1 •,AUT,IFSC - Paraclimbing World Championships (L) - Moscow 2021,1.41 (1),39+ (1),
2,Men RP1,Lead,Tanner CISLAW,67 •,USA,IFSC - Paraclimbing World Championships (L) - Moscow 2021,3.0 (3),26+ (2),
3,Men RP1,Lead,Korbinian FRANCK,39 •,GER,IFSC - Paraclimbing World Championships (L) - Moscow 2021,1.41 (1),18+ (3),
4,Men RP1,Lead,Tim SCHAFFRINNA,37 •,GER,IFSC - Paraclimbing World Championships (L) - Moscow 2021,4.0 (4),16 (4),
5,Men RP1,Lead,Gian Matteo RAMINI,46 •,ITA,IFSC - Paraclimbing World Championships (L) - Moscow 2021,5.24 (5),,
6,Men RP1,Lead,Mikhail SAPAROV,13 •,CFR,IFSC - Paraclimbing World Championships (L) - Moscow 2021,7.42 (6),,
7,Men RP1,Lead,Laurence MORGAN,30 •,GBR,IFSC - Paraclimbing World Championships (L) - Moscow 2021,7.94 (7),,
7,Men RP1,Lead,Mario PERSING,35 •,GER,IFSC - Paraclimbing World Championships (L) - Moscow 2021,7.94 (7),,
9,Men RP1,Lead,Ilgam MAKHMUTOV,14 •,CFR,IFSC - Paraclimbing World Championships (L) - Moscow 2021,8.0 (9),,
10,Men RP1,Lead,Sebastian DEPKE,38 •,GER,IFSC - Paraclimbing World Championships (L) - Moscow 2021,8.12 (10),,
11,Men RP1,Lead,Dmitrii STIKHIN,9 •,CFR,IFSC - Paraclimbing World Championships (L) - Moscow 2021,10.49 (11),,
1,Men RP2,Lead,Mor Michael SAPIR,45 •,ISR,IFSC - Paraclimbing World Championships (L) - Moscow 2021,1.73 (1),TOP (1),
2,Men RP2,Lead,Benjamin MAYFORTH,73 •,USA,IFSC - Paraclimbing World Championships (L) - Moscow 2021,3.0 (2),45 (2),
3,Men RP2,Lead,Bastien THOMAS,23 •,FRA,IFSC - Paraclimbing World Championships (L) - Moscow 2021,3.0 (2),39+ (3),
4,Men RP2,Lead,Manikandan KUMAR,42 •,IND,IFSC - Paraclimbing World Championships (L) - Moscow 2021,3.0 (2),34+ (4),
5,Men RP2,Lead,Philipp HROZEK,36 •,GER,IFSC - Paraclimbing World Championships (L) - Moscow 2021,4.58 (5),,
6,Men RP2,Lead,Matej ARH,64 •,SLO,IFSC - Paraclimbing World Championships (L) - Moscow 2021,5.48 (6),,
7,Men RP2,Lead,Leorenz CAPILI,71 •,USA,IFSC - Paraclimbing World Championships (L) - Moscow 2021,6.48 (7),,
8,Men RP2,Lead,Biman BISWAS,40 •,IND,IFSC - Paraclimbing World Championships (L) - Moscow 2021,8.0 (8),,
9,Men RP2,Lead,Takuya OKADA,54 •,JPN,IFSC - Paraclimbing World Championships (L) - Moscow 2021,9.0 (9),,
1,Men RP3,Lead,Romain PAGNOUX,24 •,FRA,IFSC - Paraclimbing World Championships (L) - Moscow 2021,2.0 (1),27+ (1:41) (1),
2,Men RP3,Lead,Mathieu BESNARD,26 •,FRA,IFSC - Paraclimbing World Championships (L) - Moscow 2021,2.0 (1),27+ (2:26) (2),
3,Men RP3,Lead,Iman EDRISI,43 •,IRI,IFSC - Paraclimbing World Championships (L) - Moscow 2021,2.0 (1),23+ (3),
4,Men RP3,Lead,Gregor SELAK,65 •,SLO,IFSC - Paraclimbing World Championships (L) - Moscow 2021,4.47 (4),14+ (4),
5,Men RP3,Lead,Nobuhiro YASURAOKA,50 •,JPN,IFSC - Paraclimbing World Championships (L) - Moscow 2021,5.29 (5),,
6,Men RP3,Lead,Behnam KHALAJI,44 •,IRI,IFSC - Paraclimbing World Championships (L) - Moscow 2021,5.92 (6),,
7,Men RP3,Lead,Micah WINKLE,72 •,USA,IFSC - Paraclimbing World Championships (L) - Moscow 2021,6.0 (7),,
8,Men RP3,Lead,Timur ABDURASHITOV,12 •,CFR,IFSC - Paraclimbing World Championships (L) - Moscow 2021,8.0 (8),,
9,Men RP3,Lead,Sergei IANKIN,10 •,CFR,IFSC - Paraclimbing World Championships (L) - Moscow 2021,9.49 (9),,
9,Men RP3,Lead,Liviu - Nicolae MATEI,58 •,ROU,IFSC - Paraclimbing World Championships (L) - Moscow 2021,9.49 (9),,
1,Women RP1,Lead,Pavitra VANDENHOVEN,84 •,BEL,IFSC - Paraclimbing World Championships (L) - Moscow 2021,1.41 (1),37+ (1),
2,Women RP1,Lead,Eva MOL,107 •,NED,IFSC - Paraclimbing World Championships (L) - Moscow 2021,1.41 (1),34+ (2),
3,Women RP1,Lead,Marta PECHE SALINERO,90 •,ESP,IFSC - Paraclimbing World Championships (L) - Moscow 2021,3.0 (3),13+ (3),
4,Women RP1,Lead,Daria MOROZOVA,88 •,CFR,IFSC - Paraclimbing World Championships (L) - Moscow 2021,4.24 (4),13+ (4),
5,Women RP1,Lead,Anastasiia KOMAR,86 •,CFR,IFSC - Paraclimbing World Championships (L) - Moscow 2021,4.97 (5),,
6,Women RP1,Lead,Melissa RUIZ,116 •,USA,IFSC - Paraclimbing World Championships (L) - Moscow 2021,6.2 (6),,
7,Women RP1,Lead,Andrea SÁNCHEZ APARICIO,89 •,ESP,IFSC - Paraclimbing World Championships (L) - Moscow 2021,6.93 (7),,
8,Women RP1,Lead,Daria MAIUK,87 •,CFR,IFSC - Paraclimbing World Championships (L) - Moscow 2021,7.48 (8),,
9,Women RP1,Lead,Arielle RAUSIN,117 •,USA,IFSC - Paraclimbing World Championships (L) - Moscow 2021,9.0 (9),,
1,Women RP2,Lead,Solenne PIRET,92 •,FRA,IFSC - Paraclimbing World Championships (L) - Moscow 2021,1.22 (1),43+ (1),
2,Women RP2,Lead,Leanora VOLPE,95 •,GBR,IFSC - Paraclimbing World Championships (L) - Moscow 2021,1.73 (2),39 (2),
3,Women RP2,Lead,Lucia CAPOVILLA,105 •,ITA,IFSC - Paraclimbing World Championships (L) - Moscow 2021,3.0 (3),21 (3),
4,Women RP2,Lead,Dina EIVIK,108 •,NOR,IFSC - Paraclimbing World Championships (L) - Moscow 2021,4.47 (4),17 (4),
5,Women RP2,Lead,Jasmin PLANK,82 •,AUT,IFSC - Paraclimbing World Championships (L) - Moscow 2021,4.47 (4),15 (5),
6,Women RP2,Lead,Isabella WALSH,96 •,GBR,IFSC - Paraclimbing World Championships (L) - Moscow 2021,6.48 (6),,
6,Women RP2,Lead,Corinna WIMMER,100 •,GER,IFSC - Paraclimbing World Championships (L) - Moscow 2021,6.48 (6),,
8,Women RP2,Lead,Denise STYPULKOWSKI,118 •,USA,IFSC - Paraclimbing World Championships (L) - Moscow 2021,8.0 (8),,
1,Women RP3,Lead,Lucie JARRIGE,91 •,FRA,IFSC - Paraclimbing World Championships (L) - Moscow 2021,1.41 (1),TOP (1),
2,Women RP3,Lead,Martha EVANS,98 •,GBR,IFSC - Paraclimbing World Championships (L) - Moscow 2021,2.24 (2),33+ (2),
3,Women RP3,Lead,Katharina RITT,83 •,AUT,IFSC - Paraclimbing World Championships (L) - Moscow 2021,3.74 (4),29+ (3),
4,Women RP3,Lead,Manca SMREKAR,114 •,SLO,IFSC - Paraclimbing World Championships (L) - Moscow 2021,2.65 (3),17 (4),
5,Women RP3,Lead,Anita AGGARWAL,93 •,GBR,IFSC - Paraclimbing World Championships (L) - Moscow 2021,4.24 (5),,
6,Women RP3,Lead,Elisa MARTIN,103 •,ITA,IFSC - Paraclimbing World Championships (L) - Moscow 2021,5.48 (6),,
7,Women RP3,Lead,Tânia CHAVES,110 •,POR,IFSC - Paraclimbing World Championships (L) - Moscow 2021,7.48 (7),,
8,Women RP3,Lead,Joanna NEWTON,94 •,GBR,IFSC - Paraclimbing World Championships (L) - Moscow 2021,7.94 (8),,
9,Women RP3,Lead,Jaqueline FRITZ,99 •,GER,IFSC - Paraclimbing World Championships (L) - Moscow 2021,9.0 (9),,
10,Women RP3,Lead,Yulduz MAKHMUDOVA,119 •,UZB,IFSC - Paraclimbing World Championships (L) - Moscow 2021,9.49 (10),,
11,Women RP3,Lead,Asel TURDIMURATOVA,120 •,UZB,IFSC - Paraclimbing World Championships (L) - Moscow 2021,11.0 (11),,
12,Women RP3,Lead,Masako WATANABE,106 •,JPN,IFSC - Paraclimbing World Championships (L) - Moscow 2021,12.0 (12),,
1,Men B1,Lead,Francisco Javier AGUILAR AMOEDO,7 •,ESP,IFSC - Paraclimbing World Cup (L) - Salt Lake City (USA) 2022,1.73 (2),39+ (1),
2,Men B1,Lead,Razvan NEDU,24 •,ROU,IFSC - Paraclimbing World Cup (L) - Salt Lake City (USA) 2022,1.22 (1),31+ (2),
3,Men B1,Lead,Alexandru BENCHEA,27 •,ROU,IFSC - Paraclimbing World Cup (L) - Salt Lake City (USA) 2022,3.74 (3),22+ (3),
4,Men B1,Lead,Justen PROCTOR,35 •,USA,IFSC - Paraclimbing World Cup (L) - Salt Lake City (USA) 2022,3.87 (4),,
5,Men B1,Lead,Bill CASSON,36 •,USA,IFSC - Paraclimbing World Cup (L) - Salt Lake City (USA) 2022,4.18 (5),,
1,Men B2,Lead,Raul SIMON FRANCO,8 •,ESP,IFSC - Paraclimbing World Cup (L) - Salt Lake City (USA) 2022,1.73 (2),37+ (1),
2,Men B2,Lead,Guillermo PELEGRÍN GÓMEZ,10 •,ESP,IFSC - Paraclimbing World Cup (L) - Salt Lake City (USA) 2022,1.22 (1),27 (2),
3,Men B2,Lead,Valentin-laurentiu MOISE,25 •,ROU,IFSC - Paraclimbing World Cup (L) - Salt Lake City (USA) 2022,3.0 (3),23 (3),
4,Men B2,Lead,Christoph POHLMANN,15 •,GER,IFSC - Paraclimbing World Cup (L) - Salt Lake City (USA) 2022,4.0 (4),,
1,Men B3,Lead,Cosmin Florin CANDOI,26 •,ROU,IFSC - Paraclimbing World Cup (L) - Salt Lake City (USA) 2022,1.0 (1),TOP (1),
2,Men B3,Lead,Chaz MISURACA,5 •,CAN,IFSC - Paraclimbing World Cup (L) - Salt Lake City (USA) 2022,2.0 (2),29+ (2),
3,Men B3,Lead,Connor GEAREY,37 •,USA,IFSC - Paraclimbing World Cup (L) - Salt Lake City (USA) 2022,3.46 (3),17 (3),
4,Men B3,Lead,Diego KUSNIR,38 •,USA,IFSC - Paraclimbing World Cup (L) - Salt Lake City (USA) 2022,3.46 (3),15+ (4),
1,Women B1,Lead,Tanja GLUSIC,120 •,SLO,IFSC - Paraclimbing World Cup (L) - Salt Lake City (USA) 2022,1.22 (1),TOP (1),
2,Women B1,Lead,Nadia BREDICE,112 •,ITA,IFSC - Paraclimbing World Cup (L) - Salt Lake City (USA) 2022,1.73 (2),TOP (2),
3,Women B1,Lead,Raveena ALLI,128 •,USA,IFSC - Paraclimbing World Cup (L) - Salt Lake City (USA) 2022,3.0 (3),36 (3),
4,Women B1,Lead,Emeline LAKROUT,130 •,USA,IFSC - Paraclimbing World Cup (L) - Salt Lake City (USA) 2022,4.0 (4),,
1,Men AL1,Lead,Angelino ZELLER,2 •,AUT,IFSC - Paraclimbing World Cup (L) - Salt Lake City (USA) 2022,1.0 (1),TOP (1),
2,Men AL1,Lead,Markus PÖSENDORFER,1 •,AUT,IFSC - Paraclimbing World Cup (L) - Salt Lake City (USA) 2022,2.0 (2),44 (2),
3,Men AL1,Lead,Hideyuki OUCHI,21 •,JPN,IFSC - Paraclimbing World Cup (L) - Salt Lake City (USA) 2022,3.0 (3),27 (3),
4,Men AL1,Lead,Carlos QUILES,50 •,USA,IFSC - Paraclimbing World Cup (L) - Salt Lake City (USA) 2022,4.0 (4),,
5,Men AL1,Lead,Jorge MACIAS,49 •,USA,IFSC - Paraclimbing World Cup (L) - Salt Lake City (USA) 2022,5.0 (5),,
1,Men AL2,Lead,Albert GUARDIA FERRER,9 •,ESP,IFSC - Paraclimbing World Cup (L) - Salt Lake City (USA) 2022,1.0 (1),39+ (1),
2,Men AL2,Lead,Ethan ZILZ,44 •,USA,IFSC - Paraclimbing World Cup (L) - Salt Lake City (USA) 2022,3.24 (4),39+ (2),
3,Men AL2,Lead,Sebastian MENZE,23 •,NOR,IFSC - Paraclimbing World Cup (L) - Salt Lake City (USA) 2022,2.65 (2),39 (3),
4,Men AL2,Lead,Frederik LEYS,3 •,BEL,IFSC - Paraclimbing World Cup (L) - Salt Lake City (USA) 2022,2.83 (3),39 (4),
5,Men AL2,Lead,Omar AL KHATIB,19 •,ITA,IFSC - Paraclimbing World Cup (L) - Salt Lake City (USA) 2022,5.48 (5),,
5,Men AL2,Lead,Nicolas PERRETH,13 •,GER,IFSC - Paraclimbing World Cup (L) - Salt Lake City (USA) 2022,5.48 (5),,
7,Men AL2,Lead,Tanner JONES,29 •,USA,IFSC - Paraclimbing World Cup (L) - Salt Lake City (USA) 2022,7.48 (7),,
8,Men AL2,Lead,Nathan PAYNE,45 •,USA,IFSC - Paraclimbing World Cup (L) - Salt Lake City (USA) 2022,8.15 (8),,
9,Men AL2,Lead,Jeremy RITCHIE,6 •,CAN,IFSC - Paraclimbing World Cup (L) - Salt Lake City (USA) 2022,8.49 (9),,
10,Men AL2,Lead,John FREELAND,30 •,USA,IFSC - Paraclimbing World Cup (L) - Salt Lake City (USA) 2022,9.75 (10),,
1,Women AL2,Lead,Sarah LARCOMBE,101 •,AUS,IFSC - Paraclimbing World Cup (L) - Salt Lake City (USA) 2022,2.0 (2),24+ (1),
2,Women AL2,Lead,Rachel MAIA,117 •,NZL,IFSC - Paraclimbing World Cup (L) - Salt Lake City (USA) 2022,1.0 (1),22+ (2),
3,Women AL2,Lead,Tânia CHAVES,118 •,POR,IFSC - Paraclimbing World Cup (L) - Salt Lake City (USA) 2022,3.24 (3),19+ (3),
4,Women AL2,Lead,Hannah MCFADDEN,124 •,USA,IFSC - Paraclimbing World Cup (L) - Salt Lake City (USA) 2022,4.18 (4),,
5,Women AL2,Lead,Jaqueline FRITZ,110 •,GER,IFSC - Paraclimbing World Cup (L) - Salt Lake City (USA) 2022,4.47 (5),,
1,Women AU2,Lead,Lucia CAPOVILLA,114 •,ITA,IFSC - Paraclimbing World Cup (L) - Salt Lake City (USA) 2022,1.22 (1),25 (1),
2,Women AU2,Lead,Maureen BECK,125 •,USA,IFSC - Paraclimbing World Cup (L) - Salt Lake City (USA) 2022,1.73 (2),24 (2),
3,Women AU2,Lead,Eleanor RUBIN,126 •,USA,IFSC - Paraclimbing World Cup (L) - Salt Lake City (USA) 2022,3.0 (3),21+ (3),
4,Women AU2,Lead,Giovanna DUBUC,142 •,USA,IFSC - Paraclimbing World Cup (L) - Salt Lake City (USA) 2022,4.9 (4),16+ (4),
5,Women AU2,Lead,Corinna WIMMER,109 •,GER,IFSC - Paraclimbing World Cup (L) - Salt Lake City (USA) 2022,5.48 (5),,
6,Women AU2,Lead,Helena Grace MILLER,141 •,USA,IFSC - Paraclimbing World Cup (L) - Salt Lake City (USA) 2022,5.74 (6),,
6,Women AU2,Lead,Amruta WYSSMANN,121 •,SUI,IFSC - Paraclimbing World Cup (L) - Salt Lake City (USA) 2022,5.74 (6),,
8,Women AU2,Lead,Alexandra REDSHAW,127 •,USA,IFSC - Paraclimbing World Cup (L) - Salt Lake City (USA) 2022,7.75 (8),,
1,Men RP1,Lead,Korbinian FRANCK,12 •,GER,IFSC - Paraclimbing World Cup (L) - Salt Lake City (USA) 2022,1.0 (1),TOP (1),
2,Men RP1,Lead,Sunny YANG,39 •,USA,IFSC - Paraclimbing World Cup (L) - Salt Lake City (USA) 2022,3.0 (3),46 (2),
3,Men RP1,Lead,Elliott NGUYEN,47 •,USA,IFSC - Paraclimbing World Cup (L) - Salt Lake City (USA) 2022,2.0 (2),36 (3),
4,Men RP1,Lead,Tim SCHAFFRINNA,14 •,GER,IFSC - Paraclimbing World Cup (L) - Salt Lake City (USA) 2022,4.24 (4),30+ (4),
5,Men RP1,Lead,Alexander DORNBUSCH,40 •,USA,IFSC - Paraclimbing World Cup (L) - Salt Lake City (USA) 2022,4.97 (5),,
6,Men RP1,Lead,Gian Matteo RAMINI,20 •,ITA,IFSC - Paraclimbing World Cup (L) - Salt Lake City (USA) 2022,6.2 (6),,
7,Men RP1,Lead,Eloi VILA CULLERÉS,11 •,ESP,IFSC - Paraclimbing World Cup (L) - Salt Lake City (USA) 2022,6.93 (7),,
8,Men RP1,Lead,Mario PERSING,16 •,GER,IFSC - Paraclimbing World Cup (L) - Salt Lake City (USA) 2022,7.48 (8),,
1,Men RP2,Lead,Mor Michael SAPIR,18 •,ISR,IFSC - Paraclimbing World Cup (L) - Salt Lake City (USA) 2022,2.12 (1),TOP (1),
2,Men RP2,Lead,Manikandan KUMAR,17 •,IND,IFSC - Paraclimbing World Cup (L) - Salt Lake City (USA) 2022,3.46 (4),TOP (2),
3,Men RP2,Lead,Brian ZARZUELA,32 •,USA,IFSC - Paraclimbing World Cup (L) - Salt Lake City (USA) 2022,2.12 (1),41+ (3),
4,Men RP2,Lead,Trevor SMITH,31 •,USA,IFSC - Paraclimbing World Cup (L) - Salt Lake City (USA) 2022,3.0 (3),38+ (4),
5,Men RP2,Lead,Benjamin MAYFORTH,46 •,USA,IFSC - Paraclimbing World Cup (L) - Salt Lake City (USA) 2022,3.87 (5),,
6,Men RP2,Lead,Brayden BUTLER,48 •,USA,IFSC - Paraclimbing World Cup (L) - Salt Lake City (USA) 2022,6.48 (6),,
7,Men RP2,Lead,Matej ARH,28 •,SLO,IFSC - Paraclimbing World Cup (L) - Salt Lake City (USA) 2022,6.93 (7),,
8,Men RP2,Lead,James FOUNTAIN,33 •,USA,IFSC - Paraclimbing World Cup (L) - Salt Lake City (USA) 2022,8.37 (8),,
9,Men RP2,Lead,Matthew LYNCH,34 •,USA,IFSC - Paraclimbing World Cup (L) - Salt Lake City (USA) 2022,8.94 (9),,
10,Men RP2,Lead,Wasif SHAMS,41 •,USA,IFSC - Paraclimbing World Cup (L) - Salt Lake City (USA) 2022,9.0 (10),,
1,Men RP3,Lead,Jamie BARENDRECHT,22 •,NED,IFSC - Paraclimbing World Cup (L) - Salt Lake City (USA) 2022,1.0 (1),41 (1),
2,Men RP3,Lead,Jared LENAHAN,42 •,USA,IFSC - Paraclimbing World Cup (L) - Salt Lake City (USA) 2022,2.0 (2),28+ (2),
3,Men RP3,Lead,Shamus BOULIANNE,4 •,CAN,IFSC - Paraclimbing World Cup (L) - Salt Lake City (USA) 2022,3.24 (3),27 (3),
4,Men RP3,Lead,Stephen SATTEL,43 •,USA,IFSC - Paraclimbing World Cup (L) - Salt Lake City (USA) 2022,3.74 (4),,
1,Women RP1,Lead,Jasmin PLANK,104 •,AUT,IFSC - Paraclimbing World Cup (L) - Salt Lake City (USA) 2022,1.0 (1),TOP (1),
2,Women RP1,Lead,Emily SEELENFREUND,133 •,USA,IFSC - Paraclimbing World Cup (L) - Salt Lake City (USA) 2022,3.24 (3),TOP (2),
3,Women RP1,Lead,Eva MOL,115 •,NED,IFSC - Paraclimbing World Cup (L) - Salt Lake City (USA) 2022,2.0 (2),51+ (3),
4,Women RP1,Lead,Marta PECHE SALINERO,108 •,ESP,IFSC - Paraclimbing World Cup (L) - Salt Lake City (USA) 2022,4.18 (4),38 (4),
5,Women RP1,Lead,Melissa RUIZ,131 •,USA,IFSC - Paraclimbing World Cup (L) - Salt Lake City (USA) 2022,4.47 (5),,
6,Women RP1,Lead,Hannah ZOOK,122 •,USA,IFSC - Paraclimbing World Cup (L) - Salt Lake City (USA) 2022,6.0 (6),,
7,Women RP1,Lead,Julie POSTMA,102 •,AUS,IFSC - Paraclimbing World Cup (L) - Salt Lake City (USA) 2022,7.0 (7),,
8,Women RP1,Lead,Carlie COOK,123 •,USA,IFSC - Paraclimbing World Cup (L) - Salt Lake City (USA) 2022,8.0 (8),,
9,Women RP1,Lead,Phuong Anh HUA,132 •,USA,IFSC - Paraclimbing World Cup (L) - Salt Lake City (USA) 2022,9.0 (9),,
1,Women RP3,Lead,Marina DIAS,105 •,BRA,IFSC - Paraclimbing World Cup (L) - Salt Lake City (USA) 2022,4.47 (3),TOP (1),
2,Women RP3,Lead,Christiane LUTTIKHUIZEN,116 •,NED,IFSC - Paraclimbing World Cup (L) - Salt Lake City (USA) 2022,2.0 (1),38+ (2),
3,Women RP3,Lead,Rosalie SCHAUPERT,111 •,GER,IFSC - Paraclimbing World Cup (L) - Salt Lake City (USA) 2022,2.83 (2),38+ (3),
4,Women RP3,Lead,Natalie VOREL,136 •,USA,IFSC - Paraclimbing World Cup (L) - Salt Lake City (USA) 2022,4.47 (3),38+ (4),
5,Women RP3,Lead,Manca SMREKAR,119 •,SLO,IFSC - Paraclimbing World Cup (L) - Salt Lake City (USA) 2022,4.47 (3),27+ (5),
6,Women RP3,Lead,Emily MCDERMOTT,106 •,CAN,IFSC - Paraclimbing World Cup (L) - Salt Lake City (USA) 2022,5.2 (6),,
7,Women RP3,Lead,Sarah BELANGER,137 •,USA,IFSC - Paraclimbing World Cup (L) - Salt Lake City (USA) 2022,5.29 (7),,
8,Women RP3,Lead,Elisa MARTIN,113 •,ITA,IFSC - Paraclimbing World Cup (L) - Salt Lake City (USA) 2022,5.83 (8),,
9,Women RP3,Lead,Madisyn TAUTE,138 •,USA,IFSC - Paraclimbing World Cup (L) - Salt Lake City (USA) 2022,8.25 (9),,
10,Women RP3,Lead,Brittany Rae DAVIS,139 •,USA,IFSC - Paraclimbing World Cup (L) - Salt Lake City (USA) 2022,10.25 (10),,
11,Women RP3,Lead,Lindsay PURCELL,140 •,USA,IFSC - Paraclimbing World Cup (L) - Salt Lake City (USA) 2022,10.75 (11),,
12,Women RP3,Lead,Miranda SCOTT,107 •,CAN,IFSC - Paraclimbing World Cup (L) - Salt Lake City (USA) 2022,12.49 (12),,
12,Women RP3,Lead,Caroline WINSTEL,134 •,USA,IFSC - Paraclimbing World Cup (L) - Salt Lake City (USA) 2022,12.49 (12),,
14,Women RP3,Lead,Lauren ROUSE,135 •,USA,IFSC - Paraclimbing World Cup (L) - Salt Lake City (USA) 2022,14.0 (14),,
1,Men B1,Lead,Sho AITA,4 •,JPN,IFSC - Paraclimbing World Cup (L) - Villars (SUI) 2022,1.0 (1),47 (1),
2,Men B1,Lead,Francisco Javier AGUILAR AMOEDO,1 •,ESP,IFSC - Paraclimbing World Cup (L) - Villars (SUI) 2022,2.0 (2),39 (2),
3,Men B1,Lead,Razvan NEDU,3 •,ROU,IFSC - Paraclimbing World Cup (L) - Villars (SUI) 2022,3.0 (3),36 (3),
4,Men B1,Lead,Alexandru BENCHEA,2 •,ROU,IFSC - Paraclimbing World Cup (L) - Villars (SUI) 2022,4.47 (4),,
4,Men B1,Lead,Angelo Sebastian SIMIONESCU,5 •,ROU,IFSC - Paraclimbing World Cup (L) - Villars (SUI) 2022,4.47 (4),,
1,Men B2,Lead,Richard SLOCOCK,6 •,GBR,IFSC - Paraclimbing World Cup (L) - Villars (SUI) 2022,1.0 (1),30+ (1),
2,Men B2,Lead,Raul SIMON FRANCO,8 •,ESP,IFSC - Paraclimbing World Cup (L) - Villars (SUI) 2022,2.0 (2),29 (2),
3,Men B2,Lead,Guillermo PELEGRÍN GÓMEZ,7 •,ESP,IFSC - Paraclimbing World Cup (L) - Villars (SUI) 2022,3.0 (3),28 (3),
4,Men B2,Lead,Valentin-laurentiu MOISE,9 •,ROU,IFSC - Paraclimbing World Cup (L) - Villars (SUI) 2022,4.0 (4),,
1,Men B3,Lead,Cosmin Florin CANDOI,14 •,ROU,IFSC - Paraclimbing World Cup (L) - Villars (SUI) 2022,1.22 (1),TOP (1),
2,Men B3,Lead,Lux LOSEY SAIL,10 •,GBR,IFSC - Paraclimbing World Cup (L) - Villars (SUI) 2022,3.16 (3),TOP (2),
3,Men B3,Lead,Chaz MISURACA,15 •,CAN,IFSC - Paraclimbing World Cup (L) - Villars (SUI) 2022,2.12 (2),33+ (3),
4,Men B3,Lead,Sebastian SCHMITZ,12 •,GER,IFSC - Paraclimbing World Cup (L) - Villars (SUI) 2022,3.74 (4),,
5,Men B3,Lead,Robert Andrei AL-RADI,13 •,ROU,IFSC - Paraclimbing World Cup (L) - Villars (SUI) 2022,4.18 (5),,
6,Men B3,Lead,Casper RØNNINGEN,11 •,NOR,IFSC - Paraclimbing World Cup (L) - Villars (SUI) 2022,6.0 (6),,
1,Women B2,Lead,Abigail ROBINSON,63 •,GBR,IFSC - Paraclimbing World Cup (L) - Villars (SUI) 2022,1.73 (1),60+ (1),
2,Women B2,Lead,Edith SCHEINECKER,67 •,AUT,IFSC - Paraclimbing World Cup (L) - Villars (SUI) 2022,2.45 (2),45 (2),
3,Women B2,Lead,Nadia BREDICE,66 •,ITA,IFSC - Paraclimbing World Cup (L) - Villars (SUI) 2022,3.0 (3),21+ (3),
4,Women B2,Lead,Tanja GLUSIC,65 •,SLO,IFSC - Paraclimbing World Cup (L) - Villars (SUI) 2022,3.46 (4),,
5,Women B2,Lead,Emeline LAKROUT,68 •,USA,IFSC - Paraclimbing World Cup (L) - Villars (SUI) 2022,3.87 (5),,
6,Women B2,Lead,Ariana PERO,64 •,ROU,IFSC - Paraclimbing World Cup (L) - Villars (SUI) 2022,6.0 (6),,
1,Women B3,Lead,Roxane HEILI,74 •,FRA,IFSC - Paraclimbing World Cup (L) - Villars (SUI) 2022,3.46 (4),45+ (1),
2,Women B3,Lead,Ionela GRECU,73 •,ROU,IFSC - Paraclimbing World Cup (L) - Villars (SUI) 2022,1.22 (1),45 (2),
3,Women B3,Lead,Melissa CESARONE,69 •,FRA,IFSC - Paraclimbing World Cup (L) - Villars (SUI) 2022,2.12 (2),45 (3),
4,Women B3,Lead,Iben Kongsvik PAULSEN,75 •,NOR,IFSC - Paraclimbing World Cup (L) - Villars (SUI) 2022,2.83 (3),45 (4),
5,Women B3,Lead,Martina PELLANDRA,70 •,ITA,IFSC - Paraclimbing World Cup (L) - Villars (SUI) 2022,5.48 (5),,
5,Women B3,Lead,Adriana TOFAN,72 •,ROU,IFSC - Paraclimbing World Cup (L) - Villars (SUI) 2022,5.48 (5),,
7,Women B3,Lead,Alina-florina DINUTA,71 •,ROU,IFSC - Paraclimbing World Cup (L) - Villars (SUI) 2022,7.0 (7),,
1,Men AL1,Lead,Angelino ZELLER,16 •,AUT,IFSC - Paraclimbing World Cup (L) - Villars (SUI) 2022,1.0 (1),51 (1),
2,Men AL1,Lead,Markus PÖSENDORFER,19 •,AUT,IFSC - Paraclimbing World Cup (L) - Villars (SUI) 2022,2.0 (2),33 (2),
3,Men AL1,Lead,Daniel KONTSCH,17 •,AUT,IFSC - Paraclimbing World Cup (L) - Villars (SUI) 2022,3.0 (3),26+ (3),
4,Men AL1,Lead,Hideyuki OUCHI,20 •,JPN,IFSC - Paraclimbing World Cup (L) - Villars (SUI) 2022,4.0 (4),,
5,Men AL1,Lead,Giuseppe LOMAGISTRO,18 •,ITA,IFSC - Paraclimbing World Cup (L) - Villars (SUI) 2022,5.0 (5),,
1,Men AL2,Lead,Julien GASC,29 •,FRA,IFSC - Paraclimbing World Cup (L) - Villars (SUI) 2022,1.41 (1),41+ (1),
2,Men AL2,Lead,Frederik LEYS,31 •,BEL,IFSC - Paraclimbing World Cup (L) - Villars (SUI) 2022,3.16 (3),32 (2),
3,Men AL2,Lead,Albert GUARDIA FERRER,26 •,ESP,IFSC - Paraclimbing World Cup (L) - Villars (SUI) 2022,2.83 (2),30 (3),
4,Men AL2,Lead,Iván GERMÁN PASCUAL,24 •,ESP,IFSC - Paraclimbing World Cup (L) - Villars (SUI) 2022,3.16 (3),30 (4),
5,Men AL2,Lead,Urko CARMONA BARANDIARAN,21 •,ESP,IFSC - Paraclimbing World Cup (L) - Villars (SUI) 2022,3.46 (5),,
6,Men AL2,Lead,Omar AL KHATIB,22 •,ITA,IFSC - Paraclimbing World Cup (L) - Villars (SUI) 2022,6.48 (6),,
7,Men AL2,Lead,Stuart SNEDDON,30 •,GBR,IFSC - Paraclimbing World Cup (L) - Villars (SUI) 2022,7.35 (7),,
8,Men AL2,Lead,Thomas MEIER,28 •,GER,IFSC - Paraclimbing World Cup (L) - Villars (SUI) 2022,7.94 (8),,
9,Men AL2,Lead,Nicholas PERRETH,27 •,GER,IFSC - Paraclimbing World Cup (L) - Villars (SUI) 2022,8.0 (9),,
10,Men AL2,Lead,Martin VILLIGER,23 •,SUI,IFSC - Paraclimbing World Cup (L) - Villars (SUI) 2022,10.0 (10),,
11,Men AL2,Lead,Christoph ZUNDEL,25 •,SUI,IFSC - Paraclimbing World Cup (L) - Villars (SUI) 2022,11.0 (11),,
1,Women AL2,Lead,Lucie JARRIGE,83 •,FRA,IFSC - Paraclimbing World Cup (L) - Villars (SUI) 2022,1.22 (1),TOP (1),
2,Women AL2,Lead,Sarah LARCOMBE,77 •,AUS,IFSC - Paraclimbing World Cup (L) - Villars (SUI) 2022,2.45 (3),39+ (2),
3,Women AL2,Lead,Hannah MCFADDEN,79 •,USA,IFSC - Paraclimbing World Cup (L) - Villars (SUI) 2022,4.47 (4),33+ (3),
4,Women AL2,Lead,Rachel MAIA,78 •,NZL,IFSC - Paraclimbing World Cup (L) - Villars (SUI) 2022,2.29 (2),20 (4),
5,Women AL2,Lead,Joanna NEWTON,80 •,GBR,IFSC - Paraclimbing World Cup (L) - Villars (SUI) 2022,5.29 (5),,
6,Women AL2,Lead,Tânia CHAVES,81 •,POR,IFSC - Paraclimbing World Cup (L) - Villars (SUI) 2022,5.7 (6),,
7,Women AL2,Lead,Jaqueline FRITZ,76 •,GER,IFSC - Paraclimbing World Cup (L) - Villars (SUI) 2022,6.75 (7),,
8,Women AL2,Lead,Meaghan CUSACK,82 •,USA,IFSC - Paraclimbing World Cup (L) - Villars (SUI) 2022,6.93 (8),,
1,Men AU2,Lead,Kevin BARTKE,37 •,GER,IFSC - Paraclimbing World Cup (L) - Villars (SUI) 2022,1.22 (1),62+ (1),
2,Men AU2,Lead,Isak RIPMAN,33 •,NOR,IFSC - Paraclimbing World Cup (L) - Villars (SUI) 2022,1.73 (2),49+ (2),
3,Men AU2,Lead,Erwan LIEVIN,34 •,FRA,IFSC - Paraclimbing World Cup (L) - Villars (SUI) 2022,3.0 (3),33+ (3),
4,Men AU2,Lead,James FOUNTAIN,36 •,USA,IFSC - Paraclimbing World Cup (L) - Villars (SUI) 2022,4.47 (4),,
4,Men AU2,Lead,James RUDGE,32 •,GBR,IFSC - Paraclimbing World Cup (L) - Villars (SUI) 2022,4.47 (4),,
6,Men AU2,Lead,Marco GALLI,35 •,SUI,IFSC - Paraclimbing World Cup (L) - Villars (SUI) 2022,6.0 (6),,
1,Women AU2,Lead,Solenne PIRET,85 •,FRA,IFSC - Paraclimbing World Cup (L) - Villars (SUI) 2022,1.22 (1),TOP (1),
2,Women AU2,Lead,Lucia CAPOVILLA,86 •,ITA,IFSC - Paraclimbing World Cup (L) - Villars (SUI) 2022,1.73 (2),37+ (2),
3,Women AU2,Lead,Giovanna DUBUC,84 •,USA,IFSC - Paraclimbing World Cup (L) - Villars (SUI) 2022,3.46 (3),16+ (3),
4,Women AU2,Lead,Amruta WYSSMANN,87 •,SUI,IFSC - Paraclimbing World Cup (L) - Villars (SUI) 2022,3.87 (4),,
5,Women AU2,Lead,Corinna WIMMER,88 •,GER,IFSC - Paraclimbing World Cup (L) - Villars (SUI) 2022,4.47 (5),,
1,Men RP1,Lead,Korbinian FRANCK,38 •,GER,IFSC - Paraclimbing World Cup (L) - Villars (SUI) 2022,1.0 (1),43+ (1),
2,Men RP1,Lead,Gian Matteo RAMINI,43 •,ITA,IFSC - Paraclimbing World Cup (L) - Villars (SUI) 2022,2.45 (2),33+ (2),
3,Men RP1,Lead,Tim SCHAFFRINNA,39 •,GER,IFSC - Paraclimbing World Cup (L) - Villars (SUI) 2022,2.45 (2),27 (3),
4,Men RP1,Lead,Alexander DORNBUSCH,40 •,USA,IFSC - Paraclimbing World Cup (L) - Villars (SUI) 2022,4.0 (4),,
5,Men RP1,Lead,Eloi VILA CULLERÉS,42 •,ESP,IFSC - Paraclimbing World Cup (L) - Villars (SUI) 2022,5.0 (5),,
,Men RP1,Lead,Sunny YANG,41 •,USA,IFSC - Paraclimbing World Cup (L) - Villars (SUI) 2022,DNS,,
1,Men RP2,Lead,Benjamin MAYFORTH,53 •,USA,IFSC - Paraclimbing World Cup (L) - Villars (SUI) 2022,2.74 (3),42+ (1),
2,Men RP2,Lead,Mor Michael SAPIR,50 •,ISR,IFSC - Paraclimbing World Cup (L) - Villars (SUI) 2022,2.24 (2),41+ (2),
3,Men RP2,Lead,Manikandan KUMAR,46 •,IND,IFSC - Paraclimbing World Cup (L) - Villars (SUI) 2022,4.24 (4),37+ (3),
4,Men RP2,Lead,Iván MUÑOZ ESCOLAR,45 •,ESP,IFSC - Paraclimbing World Cup (L) - Villars (SUI) 2022,1.0 (1),35 (4),
5,Men RP2,Lead,Daniel WIENER,49 •,AUT,IFSC - Paraclimbing World Cup (L) - Villars (SUI) 2022,5.61 (5),,
6,Men RP2,Lead,Bostian HALAS,51 •,AUT,IFSC - Paraclimbing World Cup (L) - Villars (SUI) 2022,5.98 (6),,
7,Men RP2,Lead,Liviu - Nicolae MATEI,44 •,ROU,IFSC - Paraclimbing World Cup (L) - Villars (SUI) 2022,6.63 (7),,
8,Men RP2,Lead,Matej ARH,52 •,SLO,IFSC - Paraclimbing World Cup (L) - Villars (SUI) 2022,7.21 (8),,
9,Men RP2,Lead,Wasif SHAMS,47 •,USA,IFSC - Paraclimbing World Cup (L) - Villars (SUI) 2022,9.0 (9),,
10,Men RP2,Lead,Laurence MORGAN,48 •,GBR,IFSC - Paraclimbing World Cup (L) - Villars (SUI) 2022,10.0 (10),,
1,Men RP3,Lead,Jamie BARENDRECHT,58 •,NED,IFSC - Paraclimbing World Cup (L) - Villars (SUI) 2022,1.0 (1),42+ (1),
2,Men RP3,Lead,Andrej HARŠÁNY,56 •,SVK,IFSC - Paraclimbing World Cup (L) - Villars (SUI) 2022,2.83 (3),26 (2),
3,Men RP3,Lead,Bastien THOMAS,54 •,FRA,IFSC - Paraclimbing World Cup (L) - Villars (SUI) 2022,2.45 (2),23+ (3),
4,Men RP3,Lead,Danial AMIRI,59 •,IRI,IFSC - Paraclimbing World Cup (L) - Villars (SUI) 2022,3.46 (4),21 (4),
5,Men RP3,Lead,Jared LENAHAN,55 •,USA,IFSC - Paraclimbing World Cup (L) - Villars (SUI) 2022,5.0 (5),,
6,Men RP3,Lead,Simone TIOZZO,60 •,ITA,IFSC - Paraclimbing World Cup (L) - Villars (SUI) 2022,6.0 (6),,
7,Men RP3,Lead,Andreas SUHNER,57 •,SUI,IFSC - Paraclimbing World Cup (L) - Villars (SUI) 2022,7.0 (7),,
1,Women RP1,Lead,Jasmin PLANK,92 •,AUT,IFSC - Paraclimbing World Cup (L) - Villars (SUI) 2022,1.22 (1),47+ (1),
2,Women RP1,Lead,Melissa RUIZ,95 •,USA,IFSC - Paraclimbing World Cup (L) - Villars (SUI) 2022,1.73 (2),35+ (2),
3,Women RP1,Lead,Marta PECHE SALINERO,93 •,ESP,IFSC - Paraclimbing World Cup (L) - Villars (SUI) 2022,4.42 (4),35 (3),
4,Women RP1,Lead,Andrea SÁNCHEZ APARICIO,91 •,ESP,IFSC - Paraclimbing World Cup (L) - Villars (SUI) 2022,3.46 (3),28+ (4),
5,Women RP1,Lead,Doris ROHNER,96 •,SUI,IFSC - Paraclimbing World Cup (L) - Villars (SUI) 2022,4.47 (5),,
6,Women RP1,Lead,Angela FALLEGGER,89 •,SUI,IFSC - Paraclimbing World Cup (L) - Villars (SUI) 2022,5.48 (6),,
7,Women RP1,Lead,Araminta MCLENNAN,94 •,AUS,IFSC - Paraclimbing World Cup (L) - Villars (SUI) 2022,7.21 (7),,
8,Women RP1,Lead,Hannah ZOOK,90 •,USA,IFSC - Paraclimbing World Cup (L) - Villars (SUI) 2022,7.48 (8),,
9,Women RP1,Lead,Deborah LUTERNAUER,97 •,SUI,IFSC - Paraclimbing World Cup (L) - Villars (SUI) 2022,9.0 (9),,
1,Women RP3,Lead,Rosalie SCHAUPERT,101 •,GER,IFSC - Paraclimbing World Cup (L) - Villars (SUI) 2022,2.35 (1),62+ (1),
2,Women RP3,Lead,Leanora VOLPE,110 •,GBR,IFSC - Paraclimbing World Cup (L) - Villars (SUI) 2022,4.06 (3),54+ (2),
3,Women RP3,Lead,Christiane LUTTIKHUIZEN,109 •,NED,IFSC - Paraclimbing World Cup (L) - Villars (SUI) 2022,3.32 (2),53+ (3),
4,Women RP3,Lead,Martha EVANS,103 •,GBR,IFSC - Paraclimbing World Cup (L) - Villars (SUI) 2022,4.69 (4),49+ (4),
5,Women RP3,Lead,Manca SMREKAR,102 •,SLO,IFSC - Paraclimbing World Cup (L) - Villars (SUI) 2022,5.24 (5),,
6,Women RP3,Lead,Elisa MARTIN,108 •,ITA,IFSC - Paraclimbing World Cup (L) - Villars (SUI) 2022,5.74 (6),,
7,Women RP3,Lead,Dina EIVIK,112 •,NOR,IFSC - Paraclimbing World Cup (L) - Villars (SUI) 2022,6.2 (7),,
8,Women RP3,Lead,Emily MCDERMOTT,107 •,CAN,IFSC - Paraclimbing World Cup (L) - Villars (SUI) 2022,6.63 (8),,
9,Women RP3,Lead,Sheila RACAJ FERRON,104 •,ESP,IFSC - Paraclimbing World Cup (L) - Villars (SUI) 2022,7.04 (9),,
10,Women RP3,Lead,Ria GRINDEL,113 •,GER,IFSC - Paraclimbing World Cup (L) - Villars (SUI) 2022,8.12 (10),,
11,Women RP3,Lead,Caroline WINSTEL,111 •,USA,IFSC - Paraclimbing World Cup (L) - Villars (SUI) 2022,10.95 (11),,
12,Women RP3,Lead,Lindsay PURCELL,106 •,USA,IFSC - Paraclimbing World Cup (L) - Villars (SUI) 2022,11.0 (12),,
13,Women RP3,Lead,Aurora ALBERTO,105 •,ITA,IFSC - Paraclimbing World Cup (L) - Villars (SUI) 2022,13.0 (13),,
1,Men B1,Lead,Sho AITA,132 •,JPN,IFSC Paraclimbing World Cup Salt Lake City 2023,1.22 (1),TOP (1),
2,Men B1,Lead,Francisco Javier AGUILAR AMOEDO,108 •,ESP,IFSC Paraclimbing World Cup Salt Lake City 2023,1.73 (2),33+ (2),
3,Men B1,Lead,Razvan NEDU,136 •,ROU,IFSC Paraclimbing World Cup Salt Lake City 2023,3.0 (3),19 (3),
4,Men B1,Lead,Kevin CHAO,150 •,USA,IFSC Paraclimbing World Cup Salt Lake City 2023,4.47 (4),,
4,Men B1,Lead,Terry HODDINOTT,106 •,CAN,IFSC Paraclimbing World Cup Salt Lake City 2023,4.47 (4),,
1,Men B3,Lead,Cosmin Florin CANDOI,135 •,ROU,IFSC Paraclimbing World Cup Salt Lake City 2023,2.0 (1),TOP (1),
2,Men B3,Lead,Guillermo PELEGRÍN GÓMEZ,109 •,ESP,IFSC Paraclimbing World Cup Salt Lake City 2023,4.24 (4),31 (2),
3,Men B3,Lead,Richard SLOCOCK,114 •,GBR,IFSC Paraclimbing World Cup Salt Lake City 2023,2.83 (2),28 (3),
4,Men B3,Lead,Raul SIMON FRANCO,112 •,ESP,IFSC Paraclimbing World Cup Salt Lake City 2023,4.24 (4),26+ (4),
5,Men B3,Lead,Fumiya HAMANOUE,131 •,JPN,IFSC Paraclimbing World Cup Salt Lake City 2023,3.46 (3),23+ (5),
6,Men B3,Lead,Justin SALAS,153 •,USA,IFSC Paraclimbing World Cup Salt Lake City 2023,5.1 (6),,
6,Men B3,Lead,Simone SALVAGNIN,127 •,ITA,IFSC Paraclimbing World Cup Salt Lake City 2023,5.1 (6),,
8,Men B3,Lead,Casper RØNNINGEN,133 •,NOR,IFSC Paraclimbing World Cup Salt Lake City 2023,8.94 (8),,
9,Men B3,Lead,Sebastian SCHMITZ,117 •,GER,IFSC Paraclimbing World Cup Salt Lake City 2023,9.22 (9),,
10,Men B3,Lead,Chaz MISURACA,104 •,CAN,IFSC Paraclimbing World Cup Salt Lake City 2023,9.67 (10),,
11,Men B3,Lead,Daniel-bebe-vasilică ANDREI,138 •,ROU,IFSC Paraclimbing World Cup Salt Lake City 2023,9.95 (11),,
12,Men B3,Lead,Luke MCGRAW,149 •,USA,IFSC Paraclimbing World Cup Salt Lake City 2023,12.0 (12),,
13,Men B3,Lead,Connor GEAREY,156 •,USA,IFSC Paraclimbing World Cup Salt Lake City 2023,13.0 (13),,
1,Women B3,Lead,Seneida BIENDARRA,39 •,USA,IFSC Paraclimbing World Cup Salt Lake City 2023,1.87 (1),TOP (1),
2,Women B3,Lead,Phoebe BARKEN,31 •,USA,IFSC Paraclimbing World Cup Salt Lake City 2023,3.24 (2),49+ (2),
3,Women B3,Lead,Ionela GRECU,21 •,ROU,IFSC Paraclimbing World Cup Salt Lake City 2023,3.24 (2),48+ (4:59) (3),
4,Women B3,Lead,Nadia BREDICE,16 •,ITA,IFSC Paraclimbing World Cup Salt Lake City 2023,3.24 (2),48+ (5:31) (4),
5,Women B3,Lead,Ivon LAWERENZ,13 •,GER,IFSC Paraclimbing World Cup Salt Lake City 2023,4.18 (5),,
6,Women B3,Lead,Edith SCHEINECKER,3 •,AUT,IFSC Paraclimbing World Cup Salt Lake City 2023,5.29 (6),,
7,Women B3,Lead,Roxane HEILI,12 •,FRA,IFSC Paraclimbing World Cup Salt Lake City 2023,6.48 (7),,
8,Women B3,Lead,Emeline LAKROUT,48 •,USA,IFSC Paraclimbing World Cup Salt Lake City 2023,8.37 (8),,
9,Women B3,Lead,Eddie SPARKS,2 •,AUS,IFSC Paraclimbing World Cup Salt Lake City 2023,8.49 (9),,
10,Women B3,Lead,Ellie KNEER,45 •,USA,IFSC Paraclimbing World Cup Salt Lake City 2023,9.49 (10),,
1,Men AL1,Lead,Angelino ZELLER,100 •,AUT,IFSC Paraclimbing World Cup Salt Lake City 2023,1.0 (1),49 (1),
2,Men AL1,Lead,Markus PÖSENDORFER,101 •,AUT,IFSC Paraclimbing World Cup Salt Lake City 2023,2.0 (2),43 (2),
3,Men AL1,Lead,Tanner CISLAW,147 •,USA,IFSC Paraclimbing World Cup Salt Lake City 2023,3.0 (3),38 (3),
4,Men AL1,Lead,Naohisa HATAKEYAMA,130 •,JPN,IFSC Paraclimbing World Cup Salt Lake City 2023,4.0 (4),,
5,Men AL1,Lead,Thuer SULIVAN,139 •,SUI,IFSC Paraclimbing World Cup Salt Lake City 2023,5.0 (5),,
1,Men AL2,Lead,Frederik LEYS,102 •,BEL,IFSC Paraclimbing World Cup Salt Lake City 2023,1.73 (1),30+ (1),
2,Men AL2,Lead,Ethan ZILZ,159 •,USA,IFSC Paraclimbing World Cup Salt Lake City 2023,2.0 (2),27+ (2),
3,Men AL2,Lead,David KAMMERER,124 •,ITA,IFSC Paraclimbing World Cup Salt Lake City 2023,3.67 (3),25 (3),
4,Men AL2,Lead,Sebastian MENZE,134 •,NOR,IFSC Paraclimbing World Cup Salt Lake City 2023,4.24 (4),25 (4),
5,Men AL2,Lead,Gavin NIX,151 •,USA,IFSC Paraclimbing World Cup Salt Lake City 2023,4.47 (5),,
6,Men AL2,Lead,Ronald DICKSON,154 •,USA,IFSC Paraclimbing World Cup Salt Lake City 2023,4.9 (6),,
7,Men AL2,Lead,Shuhei YUKI,129 •,JPN,IFSC Paraclimbing World Cup Salt Lake City 2023,5.66 (7),,
8,Men AL2,Lead,Nathan PAYNE,143 •,USA,IFSC Paraclimbing World Cup Salt Lake City 2023,8.22 (8),,
9,Men AL2,Lead,Omar AL KHATIB,122 •,ITA,IFSC Paraclimbing World Cup Salt Lake City 2023,8.37 (9),,
10,Men AL2,Lead,Chris OLSEN,155 •,USA,IFSC Paraclimbing World Cup Salt Lake City 2023,8.66 (10),,
11,Men AL2,Lead,Jeremy RITCHIE,105 •,CAN,IFSC Paraclimbing World Cup Salt Lake City 2023,11.0 (11),,
1,Women AL2,Lead,Lucie JARRIGE,11 •,FRA,IFSC Paraclimbing World Cup Salt Lake City 2023,1.0 (1),30 (1),
2,Women AL2,Lead,Sarah LARCOMBE,1 •,AUS,IFSC Paraclimbing World Cup Salt Lake City 2023,2.0 (2),20 (2),
3,Women AL2,Lead,Mary TANKERSLEY,40 •,USA,IFSC Paraclimbing World Cup Salt Lake City 2023,3.87 (3),19+ (3),
4,Women AL2,Lead,Hannah MCFADDEN,26 •,USA,IFSC Paraclimbing World Cup Salt Lake City 2023,4.0 (4),15+ (4),
5,Women AL2,Lead,Rachel MAIA,20 •,NZL,IFSC Paraclimbing World Cup Salt Lake City 2023,4.24 (5),,
6,Women AL2,Lead,Morgan LOOMIS,36 •,USA,IFSC Paraclimbing World Cup Salt Lake City 2023,6.0 (6),,
7,Women AL2,Lead,Masako WATANABE,18 •,JPN,IFSC Paraclimbing World Cup Salt Lake City 2023,6.48 (7),,
8,Women AL2,Lead,Meaghan CUSACK,37 •,USA,IFSC Paraclimbing World Cup Salt Lake City 2023,8.25 (8),,
9,Women AL2,Lead,Cail SORIA,44 •,USA,IFSC Paraclimbing World Cup Salt Lake City 2023,8.75 (9),,
,Women AL2,Lead,Kara PARKER,27 •,USA,IFSC Paraclimbing World Cup Salt Lake City 2023,DNS,,
1,Women AU2,Lead,Solenne PIRET,10 •,FRA,IFSC Paraclimbing World Cup Salt Lake City 2023,1.73 (2),34 (1),
2,Women AU2,Lead,Maureen BECK,30 •,USA,IFSC Paraclimbing World Cup Salt Lake City 2023,1.22 (1),28 (2),
3,Women AU2,Lead,Isabel BENVENUTI,41 •,USA,IFSC Paraclimbing World Cup Salt Lake City 2023,3.0 (3),13+ (3),
4,Women AU2,Lead,Giovanna DUBUC,33 •,USA,IFSC Paraclimbing World Cup Salt Lake City 2023,4.24 (4),,
5,Women AU2,Lead,Amruta WYSSMANN,23 •,SUI,IFSC Paraclimbing World Cup Salt Lake City 2023,4.74 (5),,
1,Men RP1,Lead,Elliott NGUYEN,161 •,USA,IFSC Paraclimbing World Cup Salt Lake City 2023,1.87 (2),38 (1),
2,Men RP1,Lead,Gian Matteo RAMINI,126 •,ITA,IFSC Paraclimbing World Cup Salt Lake City 2023,4.69 (4),37 (2),
3,Men RP1,Lead,Takuya OKADA,128 •,JPN,IFSC Paraclimbing World Cup Salt Lake City 2023,1.73 (1),33+ (3),
4,Men RP1,Lead,Sunny YANG,152 •,USA,IFSC Paraclimbing World Cup Salt Lake City 2023,3.87 (3),23+ (4),
5,Men RP1,Lead,Tim SCHAFFRINNA,118 •,GER,IFSC Paraclimbing World Cup Salt Lake City 2023,5.12 (5),,
6,Men RP1,Lead,Mario PERSING,120 •,GER,IFSC Paraclimbing World Cup Salt Lake City 2023,5.48 (6),,
7,Men RP1,Lead,Alexander DORNBUSCH,164 •,USA,IFSC Paraclimbing World Cup Salt Lake City 2023,6.42 (7),,
8,Men RP1,Lead,Eloi VILA CULLERÉS,110 •,ESP,IFSC Paraclimbing World Cup Salt Lake City 2023,6.71 (8),,
9,Men RP1,Lead,Luke JAMIESON,116 •,GBR,IFSC Paraclimbing World Cup Salt Lake City 2023,7.25 (9),,
10,Men RP1,Lead,Connor KING,145 •,USA,IFSC Paraclimbing World Cup Salt Lake City 2023,7.75 (10),,
11,Men RP1,Lead,Brian LIEBENOW,158 •,USA,IFSC Paraclimbing World Cup Salt Lake City 2023,11.0 (11),,
1,Men RP2,Lead,Brian ZARZUELA,146 •,USA,IFSC Paraclimbing World Cup Salt Lake City 2023,1.0 (1),TOP (1),
2,Men RP2,Lead,Iván MUÑOZ ESCOLAR,111 •,ESP,IFSC Paraclimbing World Cup Salt Lake City 2023,2.83 (3),37+ (2),
3,Men RP2,Lead,Philipp HROZEK,119 •,GER,IFSC Paraclimbing World Cup Salt Lake City 2023,2.45 (2),34+ (3),
4,Men RP2,Lead,Brayden BUTLER,142 •,USA,IFSC Paraclimbing World Cup Salt Lake City 2023,4.0 (4),29 (4),
5,Men RP2,Lead,Benjamin MAYFORTH,148 •,USA,IFSC Paraclimbing World Cup Salt Lake City 2023,4.47 (5),,
6,Men RP2,Lead,Matthew LYNCH,144 •,USA,IFSC Paraclimbing World Cup Salt Lake City 2023,6.0 (6),,
7,Men RP2,Lead,Atticus MATKIN,162 •,USA,IFSC Paraclimbing World Cup Salt Lake City 2023,7.75 (7),,
8,Men RP2,Lead,Wasif SHAMS,163 •,USA,IFSC Paraclimbing World Cup Salt Lake City 2023,7.94 (8),,
9,Men RP2,Lead,James RUDGE,113 •,GBR,IFSC Paraclimbing World Cup Salt Lake City 2023,8.22 (9),,
,Men RP2,Lead,Liviu - Nicolae MATEI,137 •,ROU,IFSC Paraclimbing World Cup Salt Lake City 2023,DSQ,,
1,Men RP3,Lead,Mor Michael SAPIR,121 •,ISR,IFSC Paraclimbing World Cup Salt Lake City 2023,2.24 (1),26+ (1),
2,Men RP3,Lead,Pietro AZZOLINI,125 •,ITA,IFSC Paraclimbing World Cup Salt Lake City 2023,2.24 (1),22 (2),
3,Men RP3,Lead,Ignacio MARTINEZ,107 •,CHI,IFSC Paraclimbing World Cup Salt Lake City 2023,2.24 (1),17+ (3),
4,Men RP3,Lead,Shamus BOULIANNE,103 •,CAN,IFSC Paraclimbing World Cup Salt Lake City 2023,2.96 (4),,
5,Men RP3,Lead,Liviu - Nicolae MATEI,137 •,ROU,IFSC Paraclimbing World Cup Salt Lake City 2023,3.74 (5),,
,Men RP3,Lead,Alessandro NERI,123 •,ITA,IFSC Paraclimbing World Cup Salt Lake City 2023,DSQ,,
1,Women RP1,Lead,Melissa RUIZ,42 •,USA,IFSC Paraclimbing World Cup Salt Lake City 2023,2.45 (2),48+ (1),
2,Women RP1,Lead,Jasmin PLANK,4 •,AUT,IFSC Paraclimbing World Cup Salt Lake City 2023,1.0 (1),46 (2),
3,Women RP1,Lead,Marta PECHE SALINERO,9 •,ESP,IFSC Paraclimbing World Cup Salt Lake City 2023,2.45 (2),41 (3),
4,Women RP1,Lead,Hannah ZOOK,28 •,USA,IFSC Paraclimbing World Cup Salt Lake City 2023,4.0 (4),23 (4),
5,Women RP1,Lead,Olivia CONFORTI,35 •,USA,IFSC Paraclimbing World Cup Salt Lake City 2023,6.24 (5),,
5,Women RP1,Lead,Doris ROHNER,24 •,SUI,IFSC Paraclimbing World Cup Salt Lake City 2023,6.24 (5),,
7,Women RP1,Lead,Katie COMBALUZIER,6 •,CAN,IFSC Paraclimbing World Cup Salt Lake City 2023,6.32 (7),,
8,Women RP1,Lead,Angela FALLEGGER,25 •,SUI,IFSC Paraclimbing World Cup Salt Lake City 2023,6.93 (8),,
1,Women RP2,Lead,Dina EIVIK,19 •,NOR,IFSC Paraclimbing World Cup Salt Lake City 2023,1.22 (1),18+ (1),
2,Women RP2,Lead,Emily SEELENFREUND,38 •,USA,IFSC Paraclimbing World Cup Salt Lake City 2023,2.12 (2),15+ (2),
3,Women RP2,Lead,Miranda SCOTT,7 •,CAN,IFSC Paraclimbing World Cup Salt Lake City 2023,2.45 (3),14+ (3),
4,Women RP2,Lead,Caroline WINSTEL,46 •,USA,IFSC Paraclimbing World Cup Salt Lake City 2023,4.0 (4),,
1,Women RP3,Lead,Marina DIAS,5 •,BRA,IFSC Paraclimbing World Cup Salt Lake City 2023,2.0 (1),35 (1),
2,Women RP3,Lead,Natalie VOREL,32 •,USA,IFSC Paraclimbing World Cup Salt Lake City 2023,2.0 (1),34 (2),
3,Women RP3,Lead,Rosalie SCHAUPERT,14 •,GER,IFSC Paraclimbing World Cup Salt Lake City 2023,2.0 (1),33+ (3),
4,Women RP3,Lead,Elisa MARTIN,17 •,ITA,IFSC Paraclimbing World Cup Salt Lake City 2023,4.0 (4),,
5,Women RP3,Lead,Molly FERRIS,29 •,USA,IFSC Paraclimbing World Cup Salt Lake City 2023,5.48 (5),,
5,Women RP3,Lead,Lindsay PURCELL,34 •,USA,IFSC Paraclimbing World Cup Salt Lake City 2023,5.48 (5),,
1,Men B1,Lead,Sho AITA,6 •,JPN,IFSC Paraclimbing World Cup Innsbruck 2023,1.22 (1),TOP (1),
2,Men B1,Lead,Francisco Javier AGUILAR AMOEDO,5 •,ESP,IFSC Paraclimbing World Cup Innsbruck 2023,1.73 (2),50+ (2),
3,Men B1,Lead,Razvan NEDU,1 •,ROU,IFSC Paraclimbing World Cup Innsbruck 2023,3.0 (3),40 (3),
4,Men B1,Lead,Angelo Sebastian SIMIONESCU,2 •,ROU,IFSC Paraclimbing World Cup Innsbruck 2023,4.0 (4),,
1,Men B2,Lead,Fumiya HAMANOUE,12 •,JPN,IFSC Paraclimbing World Cup Innsbruck 2023,1.73 (2),49+ (1),
2,Men B2,Lead,Raul SIMON FRANCO,11 •,ESP,IFSC Paraclimbing World Cup Innsbruck 2023,3.5 (3),42+ (2),
3,Men B2,Lead,Richard SLOCOCK,9 •,GBR,IFSC Paraclimbing World Cup Innsbruck 2023,1.22 (1),42 (3),
4,Men B2,Lead,Guillermo PELEGRÍN GÓMEZ,10 •,ESP,IFSC Paraclimbing World Cup Innsbruck 2023,3.5 (3),40+ (4),
5,Men B2,Lead,Simone SALVAGNIN,14 •,ITA,IFSC Paraclimbing World Cup Innsbruck 2023,5.0 (5),,
,Men B2,Lead,Justin SALAS,8 •,USA,IFSC Paraclimbing World Cup Innsbruck 2023,DNS,,
1,Men B3,Lead,Cosmin Florin CANDOI,17 •,ROU,IFSC Paraclimbing World Cup Innsbruck 2023,1.0 (1),TOP (1),
2,Men B3,Lead,Daniel-bebe-vasilică ANDREI,18 •,ROU,IFSC Paraclimbing World Cup Innsbruck 2023,3.5 (3),26 (2),
3,Men B3,Lead,Roland PAILLEX,13 •,SUI,IFSC Paraclimbing World Cup Innsbruck 2023,2.0 (2),25 (3),
4,Men B3,Lead,Sebastian SCHMITZ,16 •,GER,IFSC Paraclimbing World Cup Innsbruck 2023,3.5 (3),25 (4),
5,Men B3,Lead,Casper RØNNINGEN,15 •,NOR,IFSC Paraclimbing World Cup Innsbruck 2023,5.0 (5),,
,Men B3,Lead,Mahanya SREEDHAR,19 •,IND,IFSC Paraclimbing World Cup Innsbruck 2023,DNS,,
1,Women B3,Lead,Abigail ROBINSON,25 •,GBR,IFSC Paraclimbing World Cup Innsbruck 2023,1.73 (1),TOP (1),
2,Women B3,Lead,Edith SCHEINECKER,24 •,AUT,IFSC Paraclimbing World Cup Innsbruck 2023,1.73 (1),45+ (2),
3,Women B3,Lead,Ionela GRECU,28 •,ROU,IFSC Paraclimbing World Cup Innsbruck 2023,2.65 (3),34+ (3),
4,Women B3,Lead,Linda LE BON,26 •,AUT,IFSC Paraclimbing World Cup Innsbruck 2023,3.97 (4),34 (4),
5,Women B3,Lead,Nadia BREDICE,21 •,ITA,IFSC Paraclimbing World Cup Innsbruck 2023,5.61 (5),,
6,Women B3,Lead,Iben Kongsvik PAULSEN,27 •,NOR,IFSC Paraclimbing World Cup Innsbruck 2023,6.12 (6),,
7,Women B3,Lead,Melissa CESARONE,31 •,FRA,IFSC Paraclimbing World Cup Innsbruck 2023,6.71 (7),,
8,Women B3,Lead,Ivon LAWERENZ,22 •,GER,IFSC Paraclimbing World Cup Innsbruck 2023,6.93 (8),,
9,Women B3,Lead,Roxane HEILI,30 •,FRA,IFSC Paraclimbing World Cup Innsbruck 2023,9.0 (9),,
10,Women B3,Lead,Tanja GLUSIC,32 •,SLO,IFSC Paraclimbing World Cup Innsbruck 2023,10.0 (10),,
11,Women B3,Lead,Laila GRILLO,20 •,SUI,IFSC Paraclimbing World Cup Innsbruck 2023,11.0 (11),,
12,Women B3,Lead,Hanne VADSETH,23 •,NOR,IFSC Paraclimbing World Cup Innsbruck 2023,12.0 (12),,
1,Men AL1,Lead,Angelino ZELLER,35 •,AUT,IFSC Paraclimbing World Cup Innsbruck 2023,1.0 (1),51+ (1),
2,Men AL1,Lead,Markus PÖSENDORFER,36 •,AUT,IFSC Paraclimbing World Cup Innsbruck 2023,2.0 (2),33 (2),
3,Men AL1,Lead,Tanner CISLAW,34 •,USA,IFSC Paraclimbing World Cup Innsbruck 2023,3.0 (3),23+ (3),
4,Men AL1,Lead,Daniel KONTSCH,37 •,AUT,IFSC Paraclimbing World Cup Innsbruck 2023,4.0 (4),,
5,Men AL1,Lead,Giuseppe LOMAGISTRO,39 •,ITA,IFSC Paraclimbing World Cup Innsbruck 2023,5.0 (5),,
6,Men AL1,Lead,Thuer SULIVAN,38 •,SUI,IFSC Paraclimbing World Cup Innsbruck 2023,6.0 (6),,
1,Men AL2,Lead,Thierry DELARUE,50 •,FRA,IFSC Paraclimbing World Cup Innsbruck 2023,1.0 (1),60+ (1),
2,Men AL2,Lead,Julien GASC,52 •,FRA,IFSC Paraclimbing World Cup Innsbruck 2023,4.9 (3),54+ (2),
3,Men AL2,Lead,Albert GUARDIA FERRER,56 •,ESP,IFSC Paraclimbing World Cup Innsbruck 2023,2.0 (2),52+ (3),
4,Men AL2,Lead,Frederik LEYS,42 •,BEL,IFSC Paraclimbing World Cup Innsbruck 2023,4.9 (3),51+ (4),
5,Men AL2,Lead,David KAMMERER,55 •,ITA,IFSC Paraclimbing World Cup Innsbruck 2023,5.48 (6),50+ (5),
6,Men AL2,Lead,Sebastian MENZE,41 •,NOR,IFSC Paraclimbing World Cup Innsbruck 2023,4.9 (3),43+ (6),
7,Men AL2,Lead,Gavin NIX,44 •,USA,IFSC Paraclimbing World Cup Innsbruck 2023,6.0 (7),,
8,Men AL2,Lead,Shuhei YUKI,46 •,JPN,IFSC Paraclimbing World Cup Innsbruck 2023,6.48 (8),,
9,Men AL2,Lead,Urko CARMONA BARANDIARAN,48 •,ESP,IFSC Paraclimbing World Cup Innsbruck 2023,7.55 (9),,
10,Men AL2,Lead,Nicholas PERRETH,43 •,GER,IFSC Paraclimbing World Cup Innsbruck 2023,9.99 (10),,
11,Men AL2,Lead,Omar AL KHATIB,54 •,ITA,IFSC Paraclimbing World Cup Innsbruck 2023,10.75 (11),,
12,Men AL2,Lead,Thomas MEIER,51 •,GER,IFSC Paraclimbing World Cup Innsbruck 2023,12.0 (12),,
13,Men AL2,Lead,Martin VILLIGER,49 •,SUI,IFSC Paraclimbing World Cup Innsbruck 2023,13.49 (13),,
14,Men AL2,Lead,Jonathan SHIELDS,45 •,GBR,IFSC Paraclimbing World Cup Innsbruck 2023,14.49 (14),,
15,Men AL2,Lead,Jeremy RITCHIE,53 •,CAN,IFSC Paraclimbing World Cup Innsbruck 2023,14.97 (15),,
15,Men AL2,Lead,Christoph ZUNDEL,47 •,SUI,IFSC Paraclimbing World Cup Innsbruck 2023,14.97 (15),,
1,Women AL2,Lead,Lucie JARRIGE,65 •,FRA,IFSC Paraclimbing World Cup Innsbruck 2023,1.22 (1),43+ (1),
2,Women AL2,Lead,Sarah LARCOMBE,58 •,AUS,IFSC Paraclimbing World Cup Innsbruck 2023,1.73 (2),25+ (2),
3,Women AL2,Lead,Joanna NEWTON,64 •,GBR,IFSC Paraclimbing World Cup Innsbruck 2023,3.87 (3),19+ (3),
4,Women AL2,Lead,Hannah MCFADDEN,59 •,USA,IFSC Paraclimbing World Cup Innsbruck 2023,3.87 (3),18 (4),
5,Women AL2,Lead,Masako WATANABE,63 •,JPN,IFSC Paraclimbing World Cup Innsbruck 2023,4.9 (5),,
6,Women AL2,Lead,Mary TANKERSLEY,60 •,USA,IFSC Paraclimbing World Cup Innsbruck 2023,5.29 (6),,
7,Women AL2,Lead,Cail SORIA,61 •,USA,IFSC Paraclimbing World Cup Innsbruck 2023,6.48 (7),,
,Women AL2,Lead,Morgan LOOMIS,62 •,USA,IFSC Paraclimbing World Cup Innsbruck 2023,DNS,,
1,Men AU2,Lead,Brian ZARZUELA,69 •,USA,IFSC Paraclimbing World Cup Innsbruck 2023,1.0 (1),48 (1),
2,Men AU2,Lead,Kevin BARTKE,68 •,GER,IFSC Paraclimbing World Cup Innsbruck 2023,2.0 (2),48 (2),
3,Men AU2,Lead,Isak RIPMAN,66 •,NOR,IFSC Paraclimbing World Cup Innsbruck 2023,3.0 (3),37+ (3),
4,Men AU2,Lead,Sebastian MUSSON,71 •,GBR,IFSC Paraclimbing World Cup Innsbruck 2023,4.0 (4),20+ (4),
5,Men AU2,Lead,Matthew LYNCH,70 •,USA,IFSC Paraclimbing World Cup Innsbruck 2023,5.0 (5),,
6,Men AU2,Lead,Marco GALLI,72 •,SUI,IFSC Paraclimbing World Cup Innsbruck 2023,6.48 (6),,
6,Men AU2,Lead,Peter TRAMM,67 •,DEN,IFSC Paraclimbing World Cup Innsbruck 2023,6.48 (6),,
,Men AU2,Lead,Erwan LIEVIN,73 •,FRA,IFSC Paraclimbing World Cup Innsbruck 2023,DSQ,,
1,Women AU2,Lead,Solenne PIRET,82 •,FRA,IFSC Paraclimbing World Cup Innsbruck 2023,1.22 (1),39+ (1),
2,Women AU2,Lead,Lucia CAPOVILLA,83 •,ITA,IFSC Paraclimbing World Cup Innsbruck 2023,2.45 (3),25+ (2),
3,Women AU2,Lead,Maureen BECK,77 •,USA,IFSC Paraclimbing World Cup Innsbruck 2023,2.12 (2),19+ (3),
4,Women AU2,Lead,Naama STRAUSSMAN,84 •,ISR,IFSC Paraclimbing World Cup Innsbruck 2023,4.9 (4),18+ (4),
5,Women AU2,Lead,Isabella WALSH,79 •,GBR,IFSC Paraclimbing World Cup Innsbruck 2023,5.48 (5),,
6,Women AU2,Lead,Monica RAAVIG,74 •,DEN,IFSC Paraclimbing World Cup Innsbruck 2023,6.0 (6),,
7,Women AU2,Lead,Carolin HEBERLE,76 •,GER,IFSC Paraclimbing World Cup Innsbruck 2023,6.48 (7),,
8,Women AU2,Lead,Amruta WYSSMANN,81 •,SUI,IFSC Paraclimbing World Cup Innsbruck 2023,7.35 (8),,
9,Women AU2,Lead,Corinna WIMMER,75 •,GER,IFSC Paraclimbing World Cup Innsbruck 2023,8.49 (9),,
10,Women AU2,Lead,Anoushé HUSAIN,80 •,LUX,IFSC Paraclimbing World Cup Innsbruck 2023,10.0 (10),,
,Women AU2,Lead,Giovanna DUBUC,78 •,USA,IFSC Paraclimbing World Cup Innsbruck 2023,DNS,,
1,Men RP1,Lead,Aloïs POTIER,98 •,FRA,IFSC Paraclimbing World Cup Innsbruck 2023,1.0 (1),42+ (1),
2,Men RP1,Lead,Takuya OKADA,95 •,JPN,IFSC Paraclimbing World Cup Innsbruck 2023,2.0 (2),33 (2),
3,Men RP1,Lead,Sebastian DEPKE,89 •,GER,IFSC Paraclimbing World Cup Innsbruck 2023,4.58 (5),21+ (3),
4,Men RP1,Lead,Sunny YANG,90 •,USA,IFSC Paraclimbing World Cup Innsbruck 2023,4.42 (3),21 (4),
5,Men RP1,Lead,Tim SCHAFFRINNA,86 •,GER,IFSC Paraclimbing World Cup Innsbruck 2023,4.47 (4),20+ (5),
6,Men RP1,Lead,Alexander DORNBUSCH,91 •,USA,IFSC Paraclimbing World Cup Innsbruck 2023,5.7 (6),18 (6),
7,Men RP1,Lead,Gian Matteo RAMINI,99 •,ITA,IFSC Paraclimbing World Cup Innsbruck 2023,6.0 (7),,
8,Men RP1,Lead,Luke JAMIESON,92 •,GBR,IFSC Paraclimbing World Cup Innsbruck 2023,7.35 (8),,
9,Men RP1,Lead,Sebastian HORN,88 •,GER,IFSC Paraclimbing World Cup Innsbruck 2023,8.49 (9),,
10,Men RP1,Lead,Laurence MORGAN,122 •,GBR,IFSC Paraclimbing World Cup Innsbruck 2023,9.49 (10),,
11,Men RP1,Lead,Niko GALBUSERA,100 •,SUI,IFSC Paraclimbing World Cup Innsbruck 2023,12.19 (11),,
11,Men RP1,Lead,Mario PERSING,87 •,GER,IFSC Paraclimbing World Cup Innsbruck 2023,12.19 (11),,
13,Men RP1,Lead,Ismael Ewan SÁNCHEZ MCILROY,96 •,ESP,IFSC Paraclimbing World Cup Innsbruck 2023,12.73 (13),,
13,Men RP1,Lead,Eloi VILA CULLERÉS,94 •,ESP,IFSC Paraclimbing World Cup Innsbruck 2023,12.73 (13),,
15,Men RP1,Lead,Bruno AERNI,97 •,SUI,IFSC Paraclimbing World Cup Innsbruck 2023,15.49 (15),,
15,Men RP1,Lead,Alex DOWNES,93 •,GBR,IFSC Paraclimbing World Cup Innsbruck 2023,15.49 (15),,
17,Men RP1,Lead,Marcel RICHTER,120 •,GER,IFSC Paraclimbing World Cup Innsbruck 2023,17.0 (17),,
1,Men RP2,Lead,Iván MUÑOZ ESCOLAR,125 •,ESP,IFSC Paraclimbing World Cup Innsbruck 2023,2.74 (3),47+ (1),
2,Men RP2,Lead,Benjamin MAYFORTH,117 •,USA,IFSC Paraclimbing World Cup Innsbruck 2023,1.58 (1),44 (2),
3,Men RP2,Lead,Brayden BUTLER,118 •,USA,IFSC Paraclimbing World Cup Innsbruck 2023,3.16 (4),42 (3),
4,Men RP2,Lead,Philipp HROZEK,115 •,GER,IFSC Paraclimbing World Cup Innsbruck 2023,5.0 (5),42 (4),
5,Men RP2,Lead,Manikandan KUMAR,121 •,IND,IFSC Paraclimbing World Cup Innsbruck 2023,2.24 (2),39 (5),
6,Men RP2,Lead,Daniel WIENER,126 •,AUT,IFSC Paraclimbing World Cup Innsbruck 2023,6.24 (6),35 (6),
7,Men RP2,Lead,Bostian HALAS,124 •,AUT,IFSC Paraclimbing World Cup Innsbruck 2023,7.75 (7),,
8,Men RP2,Lead,Peter KUNZE,139 •,GER,IFSC Paraclimbing World Cup Innsbruck 2023,8.06 (8),,
9,Men RP2,Lead,Matej ARH,128 •,SLO,IFSC Paraclimbing World Cup Innsbruck 2023,9.0 (9),,
10,Men RP2,Lead,Anther FRIGOLA GÓMEZ,127 •,ESP,IFSC Paraclimbing World Cup Innsbruck 2023,9.08 (10),,
11,Men RP2,Lead,Nils HELSPER,116 •,GER,IFSC Paraclimbing World Cup Innsbruck 2023,11.18 (11),,
12,Men RP2,Lead,Florian SINGER,85 •,GER,IFSC Paraclimbing World Cup Innsbruck 2023,12.41 (12),,
13,Men RP2,Lead,Hermann MÖNCH,130 •,SUI,IFSC Paraclimbing World Cup Innsbruck 2023,12.75 (13),,
14,Men RP2,Lead,Kenneth ELLACOTT,123 •,GBR,IFSC Paraclimbing World Cup Innsbruck 2023,13.42 (14),,
15,Men RP2,Lead,Mattia DE GIORGI,40 •,ITA,IFSC Paraclimbing World Cup Innsbruck 2023,14.49 (15),,
,Men RP2,Lead,Wasif SHAMS,119 •,USA,IFSC Paraclimbing World Cup Innsbruck 2023,DNS,,
1,Men RP3,Lead,Jamie BARENDRECHT,136 •,NED,IFSC Paraclimbing World Cup Innsbruck 2023,1.0 (1),52+ (1),
2,Men RP3,Lead,Bastien THOMAS,143 •,FRA,IFSC Paraclimbing World Cup Innsbruck 2023,2.45 (2),51+ (2),
3,Men RP3,Lead,Matthias BÄRTSCHI,140 •,SUI,IFSC Paraclimbing World Cup Innsbruck 2023,2.45 (2),44 (3),
4,Men RP3,Lead,Luke SMITH,138 •,GBR,IFSC Paraclimbing World Cup Innsbruck 2023,4.0 (4),39+ (4),
5,Men RP3,Lead,Serge LAURENCIN,142 •,FRA,IFSC Paraclimbing World Cup Innsbruck 2023,5.48 (5),,
6,Men RP3,Lead,Pietro AZZOLINI,144 •,ITA,IFSC Paraclimbing World Cup Innsbruck 2023,5.7 (6),,
7,Men RP3,Lead,Simone TIOZZO,145 •,ITA,IFSC Paraclimbing World Cup Innsbruck 2023,6.75 (7),,
8,Men RP3,Lead,Liviu - Nicolae MATEI,137 •,ROU,IFSC Paraclimbing World Cup Innsbruck 2023,8.0 (8),,
1,Women RP1,Lead,Pavitra VANDENHOVEN,101 •,BEL,IFSC Paraclimbing World Cup Innsbruck 2023,1.41 (1),34+ (1),
2,Women RP1,Lead,Melissa RUIZ,110 •,USA,IFSC Paraclimbing World Cup Innsbruck 2023,1.41 (1),34 (2),
3,Women RP1,Lead,Eva MOL,103 •,NED,IFSC Paraclimbing World Cup Innsbruck 2023,3.0 (3),34 (3),
4,Women RP1,Lead,Marta PECHE SALINERO,108 •,ESP,IFSC Paraclimbing World Cup Innsbruck 2023,4.0 (4),22 (4),
5,Women RP1,Lead,Andrea SÁNCHEZ APARICIO,109 •,ESP,IFSC Paraclimbing World Cup Innsbruck 2023,5.0 (5),,
6,Women RP1,Lead,Angela FALLEGGER,111 •,SUI,IFSC Paraclimbing World Cup Innsbruck 2023,6.5 (6),,
7,Women RP1,Lead,Doris ROHNER,112 •,SUI,IFSC Paraclimbing World Cup Innsbruck 2023,7.86 (7),,
8,Women RP1,Lead,Araminta MCLENNAN,102 •,AUS,IFSC Paraclimbing World Cup Innsbruck 2023,8.0 (8),,
9,Women RP1,Lead,Hannah ZOOK,105 •,USA,IFSC Paraclimbing World Cup Innsbruck 2023,8.06 (9),,
10,Women RP1,Lead,Olivia CONFORTI,104 •,USA,IFSC Paraclimbing World Cup Innsbruck 2023,10.22 (10),,
11,Women RP1,Lead,Maria Laura MURATORI,113 •,ITA,IFSC Paraclimbing World Cup Innsbruck 2023,10.39 (11),,
12,Women RP1,Lead,Lucy KEYWORTH,107 •,GBR,IFSC Paraclimbing World Cup Innsbruck 2023,11.49 (12),,
1,Women RP2,Lead,Dina EIVIK,131 •,NOR,IFSC Paraclimbing World Cup Innsbruck 2023,1.41 (1),34+ (2:02) (1),
2,Women RP2,Lead,Jasmin PLANK,106 •,AUT,IFSC Paraclimbing World Cup Innsbruck 2023,1.41 (1),34+ (2:30) (2),
3,Women RP2,Lead,Sarah LONGHI,133 •,SUI,IFSC Paraclimbing World Cup Innsbruck 2023,3.0 (3),22+ (3),
4,Women RP2,Lead,Nicole DIEHL,132 •,GER,IFSC Paraclimbing World Cup Innsbruck 2023,,,
5,Women RP2,Lead,Kjersti SYVERTSEN,154 •,NOR,IFSC Paraclimbing World Cup Innsbruck 2023,5.24 (5),,
6,Women RP2,Lead,Aurora ALBERTO,135 •,ITA,IFSC Paraclimbing World Cup Innsbruck 2023,5.74 (6),,
1,Women RP3,Lead,Marina DIAS,149 •,BRA,IFSC Paraclimbing World Cup Innsbruck 2023,2.12 (2),39 (1),
2,Women RP3,Lead,Christiane LUTTIKHUIZEN,147 •,NED,IFSC Paraclimbing World Cup Innsbruck 2023,1.22 (1),36+ (2),
3,Women RP3,Lead,Martha EVANS,152 •,GBR,IFSC Paraclimbing World Cup Innsbruck 2023,3.0 (3),36 (3),
4,Women RP3,Lead,Anita AGGARWAL,153 •,GBR,IFSC Paraclimbing World Cup Innsbruck 2023,4.24 (4),31+ (4),
5,Women RP3,Lead,Jadwiga GĄSIENICA-CHMIEL,155 •,NOR,IFSC Paraclimbing World Cup Innsbruck 2023,4.47 (5),,
6,Women RP3,Lead,Elisa MARTIN,160 •,ITA,IFSC Paraclimbing World Cup Innsbruck 2023,5.48 (6),,
7,Women RP3,Lead,Lindsay PURCELL,148 •,USA,IFSC Paraclimbing World Cup Innsbruck 2023,7.0 (7),,
8,Women RP3,Lead,Chiara CAVINA,134 •,ITA,IFSC Paraclimbing World Cup Innsbruck 2023,8.49 (8),,
8,Women RP3,Lead,Sheila RACAJ FERRON,157 •,ESP,IFSC Paraclimbing World Cup Innsbruck 2023,8.49 (8),,
1,Men AU3,Lead,Geisseler DOMINIC,164 •,SUI,IFSC Paraclimbing World Cup Innsbruck 2023,1.73 (2),42+ (1),
2,Men AU3,Lead,Mor Michael SAPIR,162 •,ISR,IFSC Paraclimbing World Cup Innsbruck 2023,1.22 (1),40+ (2),
3,Men AU3,Lead,Maxime MEYER,165 •,FRA,IFSC Paraclimbing World Cup Innsbruck 2023,3.46 (3),37+ (3),
4,Men AU3,Lead,Shamus BOULIANNE,163 •,CAN,IFSC Paraclimbing World Cup Innsbruck 2023,3.46 (3),25 (4),
1,Women AU3,Lead,Rosalie SCHAUPERT,161 •,GER,IFSC Paraclimbing World Cup Innsbruck 2023,1.0 (1),33+ (1),
2,Women AU3,Lead,Manca SMREKAR,159 •,SLO,IFSC Paraclimbing World Cup Innsbruck 2023,2.45 (2),23 (2),
3,Women AU3,Lead,Emily MCDERMOTT,151 •,CAN,IFSC Paraclimbing World Cup Innsbruck 2023,2.65 (3),16+ (3),
4,Women AU3,Lead,Ria GRINDEL,150 •,GER,IFSC Paraclimbing World Cup Innsbruck 2023,3.74 (4),,
1,Men B1,Lead,Sho AITA,2 •,JPN,IFSC Paraclimbing World Cup Villars 2023,1.41 (1),40+ (1),
2,Men B1,Lead,Francisco Javier AGUILAR AMOEDO,4 •,ESP,IFSC Paraclimbing World Cup Villars 2023,2.0 (2),34+ (2),
3,Men B1,Lead,Razvan NEDU,1 •,ROU,IFSC Paraclimbing World Cup Villars 2023,2.45 (3),29 (3),
4,Men B1,Lead,Angelo Sebastian SIMIONESCU,3 •,ROU,IFSC Paraclimbing World Cup Villars 2023,4.0 (4),,
1,Men B2,Lead,Fumiya HAMANOUE,8 •,JPN,IFSC Paraclimbing World Cup Villars 2023,1.22 (1),30+ (1),
2,Men B2,Lead,Guillermo PELEGRÍN GÓMEZ,6 •,ESP,IFSC Paraclimbing World Cup Villars 2023,1.73 (2),28 (2),
3,Men B2,Lead,Raul SIMON FRANCO,7 •,ESP,IFSC Paraclimbing World Cup Villars 2023,3.46 (3),27+ (3),
4,Men B2,Lead,Simone SALVAGNIN,5 •,ITA,IFSC Paraclimbing World Cup Villars 2023,3.46 (3),27 (4),
1,Men B3,Lead,Cosmin Florin CANDOI,11 •,ROU,IFSC Paraclimbing World Cup Villars 2023,1.0 (1),32 (1),
2,Men B3,Lead,Daniel-bebe-vasilică ANDREI,10 •,ROU,IFSC Paraclimbing World Cup Villars 2023,2.83 (3),30+ (2),
3,Men B3,Lead,Roland PAILLEX,9 •,SUI,IFSC Paraclimbing World Cup Villars 2023,2.74 (2),22 (3),
4,Men B3,Lead,Sebastian SCHMITZ,12 •,GER,IFSC Paraclimbing World Cup Villars 2023,3.16 (4),,
1,Women B3,Lead,Abigail ROBINSON,17 •,GBR,IFSC Paraclimbing World Cup Villars 2023,2.35 (1),TOP (1),
2,Women B3,Lead,Linda LE BON,15 •,AUT,IFSC Paraclimbing World Cup Villars 2023,4.69 (4),47+ (2),
3,Women B3,Lead,Edith SCHEINECKER,19 •,AUT,IFSC Paraclimbing World Cup Villars 2023,3.32 (2),47 (3),
4,Women B3,Lead,Melissa CESARONE,22 •,FRA,IFSC Paraclimbing World Cup Villars 2023,4.06 (3),31+ (4),
5,Women B3,Lead,Ivon LAWERENZ,18 •,GER,IFSC Paraclimbing World Cup Villars 2023,5.24 (5),,
6,Women B3,Lead,Nadia BREDICE,14 •,ITA,IFSC Paraclimbing World Cup Villars 2023,5.74 (6),,
7,Women B3,Lead,Laila GRILLO,16 •,SUI,IFSC Paraclimbing World Cup Villars 2023,6.42 (7),,
7,Women B3,Lead,Roxane HEILI,13 •,FRA,IFSC Paraclimbing World Cup Villars 2023,6.42 (7),,
9,Women B3,Lead,Tanja GLUSIC,20 •,SLO,IFSC Paraclimbing World Cup Villars 2023,7.04 (9),,
10,Women B3,Lead,Adriana TOFAN,21 •,ROU,IFSC Paraclimbing World Cup Villars 2023,7.42 (10),,
1,Men AL2,Lead,Thierry DELARUE,26 •,FRA,IFSC Paraclimbing World Cup Villars 2023,1.0 (1),40+ (1),
2,Men AL2,Lead,Gavin NIX,28 •,USA,IFSC Paraclimbing World Cup Villars 2023,3.46 (2),30+ (2),
3,Men AL2,Lead,Shuhei YUKI,30 •,JPN,IFSC Paraclimbing World Cup Villars 2023,4.74 (4),30 (3),
4,Men AL2,Lead,David KAMMERER,35 •,ITA,IFSC Paraclimbing World Cup Villars 2023,3.54 (3),24 (4),
5,Men AL2,Lead,Urko CARMONA BARANDIARAN,33 •,ESP,IFSC Paraclimbing World Cup Villars 2023,4.9 (5),,
5,Men AL2,Lead,Julien GASC,25 •,FRA,IFSC Paraclimbing World Cup Villars 2023,4.9 (5),,
7,Men AL2,Lead,Frederik LEYS,36 •,BEL,IFSC Paraclimbing World Cup Villars 2023,5.7 (7),,
8,Men AL2,Lead,Albert GUARDIA FERRER,23 •,ESP,IFSC Paraclimbing World Cup Villars 2023,7.21 (8),,
9,Men AL2,Lead,Nicholas PERRETH,29 •,GER,IFSC Paraclimbing World Cup Villars 2023,7.75 (9),,
10,Men AL2,Lead,Thomas MEIER,27 •,GER,IFSC Paraclimbing World Cup Villars 2023,9.8 (10),,
11,Men AL2,Lead,Kyle LONG,31 •,USA,IFSC Paraclimbing World Cup Villars 2023,10.95 (11),,
12,Men AL2,Lead,Omar AL KHATIB,34 •,ITA,IFSC Paraclimbing World Cup Villars 2023,11.0 (12),,
13,Men AL2,Lead,Christoph ZUNDEL,32 •,SUI,IFSC Paraclimbing World Cup Villars 2023,13.0 (13),,
14,Men AL2,Lead,Jeremy RITCHIE,24 •,CAN,IFSC Paraclimbing World Cup Villars 2023,14.0 (14),,
1,Women AL2,Lead,Lucie JARRIGE,40 •,FRA,IFSC Paraclimbing World Cup Villars 2023,1.0 (1),30+ (1),
2,Women AL2,Lead,Sarah LARCOMBE,41 •,AUS,IFSC Paraclimbing World Cup Villars 2023,2.0 (2),21+ (2),
3,Women AL2,Lead,Hannah MCFADDEN,39 •,USA,IFSC Paraclimbing World Cup Villars 2023,3.0 (3),8+ (3),
4,Women AL2,Lead,Cail SORIA,38 •,USA,IFSC Paraclimbing World Cup Villars 2023,4.47 (4),,
4,Women AL2,Lead,Mary TANKERSLEY,42 •,USA,IFSC Paraclimbing World Cup Villars 2023,4.47 (4),,
6,Women AL2,Lead,Masako WATANABE,37 •,JPN,IFSC Paraclimbing World Cup Villars 2023,6.0 (6),,
1,Men AU2,Lead,Kevin BARTKE,46 •,GER,IFSC Paraclimbing World Cup Villars 2023,1.0 (1),42+ (1),
2,Men AU2,Lead,Isak RIPMAN,44 •,NOR,IFSC Paraclimbing World Cup Villars 2023,2.0 (2),32 (2),
3,Men AU2,Lead,Marco GALLI,45 •,SUI,IFSC Paraclimbing World Cup Villars 2023,3.24 (3),17+ (3),
4,Men AU2,Lead,Matthew LYNCH,43 •,USA,IFSC Paraclimbing World Cup Villars 2023,3.74 (4),,
5,Men AU2,Lead,James RUDGE,47 •,GBR,IFSC Paraclimbing World Cup Villars 2023,5.0 (5),,
1,Women AU2,Lead,Solenne PIRET,48 •,FRA,IFSC Paraclimbing World Cup Villars 2023,1.0 (1),29+ (1),
2,Women AU2,Lead,Maureen BECK,52 •,USA,IFSC Paraclimbing World Cup Villars 2023,2.0 (2),21+ (2),
3,Women AU2,Lead,Lucia CAPOVILLA,51 •,ITA,IFSC Paraclimbing World Cup Villars 2023,3.67 (3),21+ (3),
4,Women AU2,Lead,Carolin HEBERLE,49 •,GER,IFSC Paraclimbing World Cup Villars 2023,4.24 (4),12 (4),
5,Women AU2,Lead,Corinna WIMMER,54 •,GER,IFSC Paraclimbing World Cup Villars 2023,4.58 (5),,
6,Women AU2,Lead,Amruta WYSSMANN,53 •,SUI,IFSC Paraclimbing World Cup Villars 2023,5.48 (6),,
7,Women AU2,Lead,Monica RAAVIG,50 •,DEN,IFSC Paraclimbing World Cup Villars 2023,6.48 (7),,
1,Men RP1,Lead,Angelino ZELLER,60 •,AUT,IFSC Paraclimbing World Cup Villars 2023,2.0 (1),TOP (1),
2,Men RP1,Lead,Aloïs POTIER,69 •,FRA,IFSC Paraclimbing World Cup Villars 2023,2.83 (2),56 (2),
3,Men RP1,Lead,Markus PÖSENDORFER,56 •,AUT,IFSC Paraclimbing World Cup Villars 2023,5.74 (6),47+ (3),
4,Men RP1,Lead,Sunny YANG,67 •,USA,IFSC Paraclimbing World Cup Villars 2023,4.69 (3),31 (4),
5,Men RP1,Lead,Takuya OKADA,58 •,JPN,IFSC Paraclimbing World Cup Villars 2023,5.29 (4),30+ (5),
6,Men RP1,Lead,Luke JAMIESON,55 •,GBR,IFSC Paraclimbing World Cup Villars 2023,5.66 (5),24 (6),
7,Men RP1,Lead,Mario PERSING,70 •,GER,IFSC Paraclimbing World Cup Villars 2023,6.32 (7),,
8,Men RP1,Lead,Tanner CISLAW,65 •,USA,IFSC Paraclimbing World Cup Villars 2023,7.21 (8),,
9,Men RP1,Lead,Alexander DORNBUSCH,61 •,USA,IFSC Paraclimbing World Cup Villars 2023,7.48 (9),,
10,Men RP1,Lead,Daniel KONTSCH,63 •,AUT,IFSC Paraclimbing World Cup Villars 2023,8.77 (10),,
11,Men RP1,Lead,Gian Matteo RAMINI,66 •,ITA,IFSC Paraclimbing World Cup Villars 2023,9.75 (11),,
12,Men RP1,Lead,Tim SCHAFFRINNA,59 •,GER,IFSC Paraclimbing World Cup Villars 2023,10.2 (12),,
13,Men RP1,Lead,Sebastian DEPKE,57 •,GER,IFSC Paraclimbing World Cup Villars 2023,10.68 (13),,
14,Men RP1,Lead,Niko GALBUSERA,62 •,SUI,IFSC Paraclimbing World Cup Villars 2023,12.65 (14),,
15,Men RP1,Lead,Bruno AERNI,64 •,SUI,IFSC Paraclimbing World Cup Villars 2023,13.42 (15),,
16,Men RP1,Lead,Marcel RICHTER,68 •,GER,IFSC Paraclimbing World Cup Villars 2023,15.49 (16),,
1,Men RP2,Lead,Philipp HROZEK,83 •,GER,IFSC Paraclimbing World Cup Villars 2023,2.24 (2),39 (1),
2,Men RP2,Lead,Benjamin MAYFORTH,73 •,USA,IFSC Paraclimbing World Cup Villars 2023,3.46 (3),38 (2),
3,Men RP2,Lead,Manikandan KUMAR,79 •,IND,IFSC Paraclimbing World Cup Villars 2023,3.87 (4),28+ (3),
4,Men RP2,Lead,Iván MUÑOZ ESCOLAR,74 •,ESP,IFSC Paraclimbing World Cup Villars 2023,1.41 (1),22+ (4),
5,Men RP2,Lead,Brayden BUTLER,81 •,USA,IFSC Paraclimbing World Cup Villars 2023,4.0 (5),,
6,Men RP2,Lead,Daniel WIENER,78 •,AUT,IFSC Paraclimbing World Cup Villars 2023,6.24 (6),,
7,Men RP2,Lead,Anther FRIGOLA GÓMEZ,75 •,ESP,IFSC Paraclimbing World Cup Villars 2023,6.32 (7),,
8,Men RP2,Lead,Peter KUNZE,82 •,GER,IFSC Paraclimbing World Cup Villars 2023,8.15 (8),,
9,Men RP2,Lead,Matej ARH,77 •,SLO,IFSC Paraclimbing World Cup Villars 2023,8.46 (9),,
10,Men RP2,Lead,Alessio CORNAMUSINI,72 •,ITA,IFSC Paraclimbing World Cup Villars 2023,9.25 (10),,
11,Men RP2,Lead,Bostian HALAS,71 •,AUT,IFSC Paraclimbing World Cup Villars 2023,9.38 (11),,
12,Men RP2,Lead,Florian SINGER,80 •,GER,IFSC Paraclimbing World Cup Villars 2023,12.0 (12),,
13,Men RP2,Lead,Hermann MÖNCH,76 •,SUI,IFSC Paraclimbing World Cup Villars 2023,13.0 (13),,
1,Men RP3,Lead,Tadashi TAKANO,85 •,JPN,IFSC Paraclimbing World Cup Villars 2023,1.73 (1),35+ (1),
2,Men RP3,Lead,Bastien THOMAS,89 •,FRA,IFSC Paraclimbing World Cup Villars 2023,3.16 (4),24+ (2),
3,Men RP3,Lead,Andrej HARŠÁNY,87 •,SVK,IFSC Paraclimbing World Cup Villars 2023,2.29 (2),23+ (1:28) (3),
4,Men RP3,Lead,Matthias BÄRTSCHI,90 •,SUI,IFSC Paraclimbing World Cup Villars 2023,2.29 (2),23+ (2:42) (4),
5,Men RP3,Lead,Serge LAURENCIN,88 •,FRA,IFSC Paraclimbing World Cup Villars 2023,4.9 (5),,
6,Men RP3,Lead,Pietro AZZOLINI,86 •,ITA,IFSC Paraclimbing World Cup Villars 2023,5.48 (6),,
7,Men RP3,Lead,Liviu - Nicolae MATEI,84 •,ROU,IFSC Paraclimbing World Cup Villars 2023,7.0 (7),,
1,Women RP1,Lead,Melissa RUIZ,98 •,USA,IFSC Paraclimbing World Cup Villars 2023,2.24 (2),46 (1),
2,Women RP1,Lead,Marta PECHE SALINERO,95 •,ESP,IFSC Paraclimbing World Cup Villars 2023,3.16 (4),31+ (2),
3,Women RP1,Lead,Eva MOL,92 •,NED,IFSC Paraclimbing World Cup Villars 2023,1.58 (1),30 (3),
4,Women RP1,Lead,Andrea SÁNCHEZ APARICIO,94 •,ESP,IFSC Paraclimbing World Cup Villars 2023,2.74 (3),28 (4),
5,Women RP1,Lead,Doris ROHNER,96 •,SUI,IFSC Paraclimbing World Cup Villars 2023,6.12 (5),,
6,Women RP1,Lead,Olivia CONFORTI,100 •,USA,IFSC Paraclimbing World Cup Villars 2023,6.98 (6),,
6,Women RP1,Lead,Hannah ZOOK,91 •,USA,IFSC Paraclimbing World Cup Villars 2023,6.98 (6),,
8,Women RP1,Lead,Angela FALLEGGER,93 •,SUI,IFSC Paraclimbing World Cup Villars 2023,7.75 (8),,
9,Women RP1,Lead,Lucy KEYWORTH,99 •,GBR,IFSC Paraclimbing World Cup Villars 2023,8.22 (9),,
10,Women RP1,Lead,Araminta MCLENNAN,97 •,AUS,IFSC Paraclimbing World Cup Villars 2023,8.66 (10),,
1,Women RP3,Lead,Christiane LUTTIKHUIZEN,108 •,NED,IFSC Paraclimbing World Cup Villars 2023,2.0 (2),32 (1),
2,Women RP3,Lead,Martha EVANS,101 •,GBR,IFSC Paraclimbing World Cup Villars 2023,3.46 (4),29+ (2),
3,Women RP3,Lead,Marina DIAS,104 •,BRA,IFSC Paraclimbing World Cup Villars 2023,1.73 (1),28+ (3),
4,Women RP3,Lead,Rosalie SCHAUPERT,105 •,GER,IFSC Paraclimbing World Cup Villars 2023,2.0 (2),28+ (4),
5,Women RP3,Lead,Elisa MARTIN,106 •,ITA,IFSC Paraclimbing World Cup Villars 2023,5.48 (5),,
6,Women RP3,Lead,Emily MCDERMOTT,103 •,CAN,IFSC Paraclimbing World Cup Villars 2023,6.12 (6),,
7,Women RP3,Lead,Lindsay PURCELL,107 •,USA,IFSC Paraclimbing World Cup Villars 2023,6.93 (7),,
8,Women RP3,Lead,Jasmin PLANK,102 •,AUT,IFSC Paraclimbing World Cup Villars 2023,7.25 (8),,
9,Women RP3,Lead,Nicole DIEHL,109 •,GER,IFSC Paraclimbing World Cup Villars 2023,9.0 (9),,
1,Men AU3,Lead,Maxime MEYER,110 •,FRA,IFSC Paraclimbing World Cup Villars 2023,2.0 (2),24 (1),
2,Men AU3,Lead,Mor Michael SAPIR,113 •,ISR,IFSC Paraclimbing World Cup Villars 2023,1.41 (1),23+ (2),
3,Men AU3,Lead,Geisseler DOMINIC,112 •,SUI,IFSC Paraclimbing World Cup Villars 2023,2.83 (3),21 (3),
4,Men AU3,Lead,Erwan LIEVIN,114 •,FRA,IFSC Paraclimbing World Cup Villars 2023,3.46 (4),,
5,Men AU3,Lead,Shamus BOULIANNE,111 •,CAN,IFSC Paraclimbing World Cup Villars 2023,5.0 (5),,
1,Men B1,Lead,Sho AITA,129 •,JPN,IFSC Paraclimbing World Cup Salt Lake City 2024,1.22 (1),45 (1),
2,Men B1,Lead,Francisco Javier AGUILAR AMOEDO,133 •,ESP,IFSC Paraclimbing World Cup Salt Lake City 2024,1.73 (2),41 (2),
3,Men B1,Lead,Razvan NEDU,131 •,ROU,IFSC Paraclimbing World Cup Salt Lake City 2024,3.0 (3),32 (3),
4,Men B1,Lead,Jesse DUFTON,130 •,GBR,IFSC Paraclimbing World Cup Salt Lake City 2024,4.0 (4),,
5,Men B1,Lead,Roland PAILLEX,134 •,SUI,IFSC Paraclimbing World Cup Salt Lake City 2024,5.0 (5),,
6,Men B1,Lead,Terry HODDINOTT,132 •,CAN,IFSC Paraclimbing World Cup Salt Lake City 2024,6.0 (6),,
1,Men B3,Lead,Fumiya HAMANOUE,68 •,JPN,IFSC Paraclimbing World Cup Salt Lake City 2024,1.0 (1),41 (1),
2,Men B3,Lead,Guillermo PELEGRÍN GÓMEZ,65 •,ESP,IFSC Paraclimbing World Cup Salt Lake City 2024,2.0 (2),32+ (2),
3,Men B3,Lead,Andrew MARTINEZ,67 •,USA,IFSC Paraclimbing World Cup Salt Lake City 2024,3.46 (3),30+ (3),
4,Men B3,Lead,Chaz MISURACA,69 •,CAN,IFSC Paraclimbing World Cup Salt Lake City 2024,3.46 (3),23+ (4),
5,Men B3,Lead,Ahmad Seyar RAHIMI,66 •,USA,IFSC Paraclimbing World Cup Salt Lake City 2024,5.0 (5),,
6,Men B3,Lead,Kevin CHAO,70 •,USA,IFSC Paraclimbing World Cup Salt Lake City 2024,6.0 (6),,
1,Women B3,Lead,Phoebe BARKAN,106 •,USA,IFSC Paraclimbing World Cup Salt Lake City 2024,1.94 (2),38+ (1),
2,Women B3,Lead,Seneida BIENDARRA,107 •,USA,IFSC Paraclimbing World Cup Salt Lake City 2024,1.22 (1),38 (2),
3,Women B3,Lead,Ivon LAWERENZ,109 •,GER,IFSC Paraclimbing World Cup Salt Lake City 2024,3.67 (4),38 (3),
4,Women B3,Lead,Ionela DRAGAN,110 •,ROU,IFSC Paraclimbing World Cup Salt Lake City 2024,3.16 (3),37+ (4),
5,Women B3,Lead,Edith SCHEINECKER,103 •,AUT,IFSC Paraclimbing World Cup Salt Lake City 2024,4.97 (5),,
6,Women B3,Lead,Linda LE BON,105 •,AUT,IFSC Paraclimbing World Cup Salt Lake City 2024,5.74 (6),,
7,Women B3,Lead,Adriana TOFAN,102 •,ROU,IFSC Paraclimbing World Cup Salt Lake City 2024,7.0 (7),,
8,Women B3,Lead,Eddie SPARKS,104 •,AUS,IFSC Paraclimbing World Cup Salt Lake City 2024,8.25 (8),,
9,Women B3,Lead,Addie HUGEN,108 •,USA,IFSC Paraclimbing World Cup Salt Lake City 2024,8.75 (9),,
10,Women B3,Lead,Leah GROSJEAN,111 •,USA,IFSC Paraclimbing World Cup Salt Lake City 2024,10.0 (10),,
,Women B3,Lead,Emeline LAKROUT,112 •,USA,IFSC Paraclimbing World Cup Salt Lake City 2024,DNS,,
1,Men AL1,Lead,Angelino ZELLER,4 •,AUT,IFSC Paraclimbing World Cup Salt Lake City 2024,1.0 (1),55+ (1),
2,Men AL1,Lead,Tanner CISLAW,2 •,USA,IFSC Paraclimbing World Cup Salt Lake City 2024,2.45 (2),48+ (2),
3,Men AL1,Lead,Markus PÖSENDORFER,7 •,AUT,IFSC Paraclimbing World Cup Salt Lake City 2024,2.45 (2),46+ (3),
4,Men AL1,Lead,Naohisa HATAKEYAMA,6 •,JPN,IFSC Paraclimbing World Cup Salt Lake City 2024,4.69 (4),40+ (4),
5,Men AL1,Lead,Jake FRANK,3 •,USA,IFSC Paraclimbing World Cup Salt Lake City 2024,4.9 (5),,
6,Men AL1,Lead,Hideyuki OUCHI,1 •,JPN,IFSC Paraclimbing World Cup Salt Lake City 2024,5.24 (6),,
7,Men AL1,Lead,Chris ASTILL,5 •,AUS,IFSC Paraclimbing World Cup Salt Lake City 2024,7.0 (7),,
1,Men AL2,Lead,David KAMMERER,11 •,ITA,IFSC Paraclimbing World Cup Salt Lake City 2024,2.24 (2),36+ (1),
2,Men AL2,Lead,Ethan ZILZ,14 •,USA,IFSC Paraclimbing World Cup Salt Lake City 2024,1.0 (1),35+ (2),
3,Men AL2,Lead,Shuhei YUKI,23 •,JPN,IFSC Paraclimbing World Cup Salt Lake City 2024,3.46 (4),35+ (3),
4,Men AL2,Lead,Gavin NIX,17 •,USA,IFSC Paraclimbing World Cup Salt Lake City 2024,3.16 (3),31+ (4),
5,Men AL2,Lead,Nicholas PERRETH,16 •,GER,IFSC Paraclimbing World Cup Salt Lake City 2024,5.7 (5),22+ (5),
6,Men AL2,Lead,Nathan PAYNE,12 •,USA,IFSC Paraclimbing World Cup Salt Lake City 2024,5.92 (6),20+ (6),
7,Men AL2,Lead,Kevin BOLUSI,20 •,CAN,IFSC Paraclimbing World Cup Salt Lake City 2024,6.24 (7),,
8,Men AL2,Lead,Mat ARMITAGE,15 •,GBR,IFSC Paraclimbing World Cup Salt Lake City 2024,8.49 (8),,
8,Men AL2,Lead,Sam JAKES,18 •,AUS,IFSC Paraclimbing World Cup Salt Lake City 2024,8.49 (8),,
10,Men AL2,Lead,Caleb COWAN,19 •,USA,IFSC Paraclimbing World Cup Salt Lake City 2024,10.72 (10),,
11,Men AL2,Lead,Jeremy RITCHIE,10 •,CAN,IFSC Paraclimbing World Cup Salt Lake City 2024,11.18 (11),,
12,Men AL2,Lead,Dillen MAURER,24 •,USA,IFSC Paraclimbing World Cup Salt Lake City 2024,12.99 (12),,
12,Men AL2,Lead,Nicolas SABIA,22 •,CAN,IFSC Paraclimbing World Cup Salt Lake City 2024,12.99 (12),,
14,Men AL2,Lead,Fuzzy POLAK,13 •,USA,IFSC Paraclimbing World Cup Salt Lake City 2024,13.13 (14),,
15,Men AL2,Lead,Tanner JONES,21 •,USA,IFSC Paraclimbing World Cup Salt Lake City 2024,13.69 (15),,
16,Men AL2,Lead,Collin MCSPIRIT,8 •,USA,IFSC Paraclimbing World Cup Salt Lake City 2024,16.0 (16),,
,Men AL2,Lead,Thierry DELARUE,9 •,FRA,IFSC Paraclimbing World Cup Salt Lake City 2024,DNS,,
1,Women AL2,Lead,Lucie JARRIGE,52 •,FRA,IFSC Paraclimbing World Cup Salt Lake City 2024,1.0 (1),TOP (1),
2,Women AL2,Lead,Sarah LARCOMBE,48 •,AUS,IFSC Paraclimbing World Cup Salt Lake City 2024,2.0 (2),38 (2),
3,Women AL2,Lead,Morgan LOOMIS,49 •,USA,IFSC Paraclimbing World Cup Salt Lake City 2024,3.67 (3),28+ (3),
4,Women AL2,Lead,Cail SORIA,47 •,USA,IFSC Paraclimbing World Cup Salt Lake City 2024,3.87 (4),24 (4),
5,Women AL2,Lead,Tânia CHAVES,45 •,POR,IFSC Paraclimbing World Cup Salt Lake City 2024,4.9 (5),,
6,Women AL2,Lead,Mary TANKERSLEY,46 •,USA,IFSC Paraclimbing World Cup Salt Lake City 2024,5.41 (6),,
7,Women AL2,Lead,Masako WATANABE,51 •,JPN,IFSC Paraclimbing World Cup Salt Lake City 2024,6.75 (7),,
8,Women AL2,Lead,Daliya HANSEN,50 •,USA,IFSC Paraclimbing World Cup Salt Lake City 2024,8.0 (8),,
1,Men AU2,Lead,Kevin BARTKE,25 •,GER,IFSC Paraclimbing World Cup Salt Lake City 2024,1.41 (1),42 (1),
2,Men AU2,Lead,Brian ZARZUELA,30 •,USA,IFSC Paraclimbing World Cup Salt Lake City 2024,1.73 (2),41 (2),
3,Men AU2,Lead,Trevor SMITH,28 •,USA,IFSC Paraclimbing World Cup Salt Lake City 2024,3.16 (3),25+ (3),
4,Men AU2,Lead,James RUDGE,29 •,GBR,IFSC Paraclimbing World Cup Salt Lake City 2024,3.46 (4),,
5,Men AU2,Lead,Matthew LYNCH,27 •,USA,IFSC Paraclimbing World Cup Salt Lake City 2024,4.47 (5),,
6,Men AU2,Lead,Dylan RETSEK,26 •,USA,IFSC Paraclimbing World Cup Salt Lake City 2024,6.0 (6),,
1,Women AU2,Lead,Solenne PIRET,119 •,FRA,IFSC Paraclimbing World Cup Salt Lake City 2024,1.0 (1),48 (1),
2,Women AU2,Lead,Lucia CAPOVILLA,114 •,ITA,IFSC Paraclimbing World Cup Salt Lake City 2024,2.0 (2),43+ (2),
3,Women AU2,Lead,Eleanor RUBIN,115 •,USA,IFSC Paraclimbing World Cup Salt Lake City 2024,3.0 (3),24 (3),
4,Women AU2,Lead,Isabel BENVENUTI,116 •,USA,IFSC Paraclimbing World Cup Salt Lake City 2024,4.0 (4),24 (4),
5,Women AU2,Lead,Carly PROPPE,120 •,CAN,IFSC Paraclimbing World Cup Salt Lake City 2024,5.0 (5),,
6,Women AU2,Lead,Monica RAAVIG,118 •,DEN,IFSC Paraclimbing World Cup Salt Lake City 2024,6.48 (6),,
6,Women AU2,Lead,Corinna WIMMER,117 •,GER,IFSC Paraclimbing World Cup Salt Lake City 2024,6.48 (6),,
8,Women AU2,Lead,Kimberly WALTERS,113 •,USA,IFSC Paraclimbing World Cup Salt Lake City 2024,8.0 (8),,
1,Men RP1,Lead,Korbinian FRANCK,42 •,GER,IFSC Paraclimbing World Cup Salt Lake City 2024,1.41 (1),52 (1),
2,Men RP1,Lead,Aloïs POTTIER,39 •,FRA,IFSC Paraclimbing World Cup Salt Lake City 2024,1.41 (1),50 (2),
3,Men RP1,Lead,Glen TODD,38 •,AUS,IFSC Paraclimbing World Cup Salt Lake City 2024,4.47 (4),44+ (3),
4,Men RP1,Lead,Takuya OKADA,41 •,JPN,IFSC Paraclimbing World Cup Salt Lake City 2024,3.0 (3),39 (4),
5,Men RP1,Lead,Gian Matteo RAMINI,40 •,ITA,IFSC Paraclimbing World Cup Salt Lake City 2024,,,
5,Men RP1,Lead,Sunny YANG,33 •,USA,IFSC Paraclimbing World Cup Salt Lake City 2024,,,
7,Men RP1,Lead,Joshua UNTERMAN,36 •,USA,IFSC Paraclimbing World Cup Salt Lake City 2024,6.75 (7),,
8,Men RP1,Lead,Sebastian DEPKE,43 •,GER,IFSC Paraclimbing World Cup Salt Lake City 2024,7.21 (8),,
9,Men RP1,Lead,Connor KING,35 •,USA,IFSC Paraclimbing World Cup Salt Lake City 2024,8.75 (9),,
10,Men RP1,Lead,Tim SCHAFFRINNA,34 •,GER,IFSC Paraclimbing World Cup Salt Lake City 2024,10.95 (10),,
11,Men RP1,Lead,Laurence MORGAN,31 •,GBR,IFSC Paraclimbing World Cup Salt Lake City 2024,11.0 (11),,
12,Men RP1,Lead,Jacob THOMPSON,37 •,USA,IFSC Paraclimbing World Cup Salt Lake City 2024,11.4 (12),,
13,Men RP1,Lead,Adam PAYNE,32 •,USA,IFSC Paraclimbing World Cup Salt Lake City 2024,12.96 (13),,
14,Men RP1,Lead,Alan BELYEA,44 •,USA,IFSC Paraclimbing World Cup Salt Lake City 2024,13.49 (14),,
1,Men RP2,Lead,Iván MUÑOZ ESCOLAR,63 •,ESP,IFSC Paraclimbing World Cup Salt Lake City 2024,1.58 (1),TOP (1),
2,Men RP2,Lead,Benjamin MAYFORTH,53 •,USA,IFSC Paraclimbing World Cup Salt Lake City 2024,2.24 (2),45 (2),
3,Men RP2,Lead,Philipp HROZEK,60 •,GER,IFSC Paraclimbing World Cup Salt Lake City 2024,2.74 (3),41+ (3),
4,Men RP2,Lead,Manikandan KUMAR,58 •,IND,IFSC Paraclimbing World Cup Salt Lake City 2024,3.16 (4),39+ (4),
5,Men RP2,Lead,Brayden BUTLER,61 •,USA,IFSC Paraclimbing World Cup Salt Lake City 2024,,,
6,Men RP2,Lead,Oliver CARNAZZO,57 •,USA,IFSC Paraclimbing World Cup Salt Lake City 2024,6.0 (6),,
7,Men RP2,Lead,Elrani Jr ALEGRE,59 •,AUS,IFSC Paraclimbing World Cup Salt Lake City 2024,7.0 (7),,
8,Men RP2,Lead,Wasif SHAMS,62 •,USA,IFSC Paraclimbing World Cup Salt Lake City 2024,8.72 (8),,
9,Men RP2,Lead,Jeffrey MELLENTHIN,56 •,USA,IFSC Paraclimbing World Cup Salt Lake City 2024,8.94 (9),,
10,Men RP2,Lead,Elliott NGUYEN,55 •,USA,IFSC Paraclimbing World Cup Salt Lake City 2024,9.25 (10),,
11,Men RP2,Lead,Eliott HU,54 •,USA,IFSC Paraclimbing World Cup Salt Lake City 2024,11.0 (11),,
12,Men RP2,Lead,Ruchir KHAITAN,64 •,USA,IFSC Paraclimbing World Cup Salt Lake City 2024,12.0 (12),,
1,Men RP3,Lead,Tadashi TAKANO,72 •,JPN,IFSC Paraclimbing World Cup Salt Lake City 2024,1.0 (1),TOP (1),
2,Men RP3,Lead,Luke SMITH,77 •,GBR,IFSC Paraclimbing World Cup Salt Lake City 2024,2.45 (2),32 (2),
3,Men RP3,Lead,Igor Jean SILVA MESQUITA,73 •,BRA,IFSC Paraclimbing World Cup Salt Lake City 2024,3.0 (3),28+ (3),
4,Men RP3,Lead,Frantisek RYS,76 •,CZE,IFSC Paraclimbing World Cup Salt Lake City 2024,3.87 (4),28+ (4),
5,Men RP3,Lead,Ian GLEASON,75 •,USA,IFSC Paraclimbing World Cup Salt Lake City 2024,4.24 (5),,
6,Men RP3,Lead,Stefan Liviu DOGARU,71 •,ROU,IFSC Paraclimbing World Cup Salt Lake City 2024,6.0 (6),,
7,Men RP3,Lead,Daniel MEDINA,78 •,USA,IFSC Paraclimbing World Cup Salt Lake City 2024,7.0 (7),,
8,Men RP3,Lead,Michael PRINCE,74 •,USA,IFSC Paraclimbing World Cup Salt Lake City 2024,8.0 (8),,
1,Women RP2,Lead,Jasmin PLANK,84 •,AUT,IFSC Paraclimbing World Cup Salt Lake City 2024,1.0 (1),50+ (1),
2,Women RP2,Lead,Dina EIVIK,90 •,NOR,IFSC Paraclimbing World Cup Salt Lake City 2024,2.83 (2),33 (2),
3,Women RP2,Lead,Emily SEELENFREUND,88 •,USA,IFSC Paraclimbing World Cup Salt Lake City 2024,3.46 (3),33 (1:36) (3),
4,Women RP2,Lead,Melissa RUIZ,93 •,USA,IFSC Paraclimbing World Cup Salt Lake City 2024,3.46 (3),33 (2:58) (4),
5,Women RP2,Lead,Anna DEVRIES,96 •,USA,IFSC Paraclimbing World Cup Salt Lake City 2024,,,
5,Women RP2,Lead,Marta PECHE SALINERO,92 •,ESP,IFSC Paraclimbing World Cup Salt Lake City 2024,,,
7,Women RP2,Lead,Matoi FUTAHASHI,91 •,JPN,IFSC Paraclimbing World Cup Salt Lake City 2024,6.98 (7),,
7,Women RP2,Lead,Miranda SCOTT,86 •,CAN,IFSC Paraclimbing World Cup Salt Lake City 2024,6.98 (7),,
9,Women RP2,Lead,Hannah ZOOK,89 •,USA,IFSC Paraclimbing World Cup Salt Lake City 2024,10.17 (9),,
10,Women RP2,Lead,Carlie COOK,95 •,USA,IFSC Paraclimbing World Cup Salt Lake City 2024,10.39 (10),,
11,Women RP2,Lead,Emily MAHER,94 •,USA,IFSC Paraclimbing World Cup Salt Lake City 2024,10.72 (11),,
12,Women RP2,Lead,Brittany CHADBOURNE,87 •,USA,IFSC Paraclimbing World Cup Salt Lake City 2024,11.4 (12),,
13,Women RP2,Lead,Olivia CONFORTI,85 •,USA,IFSC Paraclimbing World Cup Salt Lake City 2024,11.96 (13),,
1,Women RP3,Lead,Nat VOREL,128 •,USA,IFSC Paraclimbing World Cup Salt Lake City 2024,1.41 (1),45+ (1),
2,Women RP3,Lead,Marina DIAS,124 •,BRA,IFSC Paraclimbing World Cup Salt Lake City 2024,1.41 (1),42 (2),
3,Women RP3,Lead,Manca SMREKAR,126 •,SLO,IFSC Paraclimbing World Cup Salt Lake City 2024,3.87 (4),32+ (3),
4,Women RP3,Lead,Laura HEATON,121 •,USA,IFSC Paraclimbing World Cup Salt Lake City 2024,3.46 (3),DNS,
5,Women RP3,Lead,Elisa MARTIN,123 •,ITA,IFSC Paraclimbing World Cup Salt Lake City 2024,5.66 (5),,
6,Women RP3,Lead,Lindsay PURCELL,125 •,USA,IFSC Paraclimbing World Cup Salt Lake City 2024,6.0 (6),,
7,Women RP3,Lead,Emily MCDERMOTT,127 •,CAN,IFSC Paraclimbing World Cup Salt Lake City 2024,6.12 (7),,
8,Women RP3,Lead,Ashley PRITCHARD,122 •,USA,IFSC Paraclimbing World Cup Salt Lake City 2024,7.25 (8),,
1,Men AU3,Lead,Dominic GEISSELER,83 •,SUI,IFSC Paraclimbing World Cup Salt Lake City 2024,1.41 (1),44+ (3:27) (1),
2,Men AU3,Lead,Liviu - Nicolae MATEI,80 •,ROU,IFSC Paraclimbing World Cup Salt Lake City 2024,1.41 (1),44+ (3:33) (2),
3,Men AU3,Lead,Shamus BOULIANNE,79 •,CAN,IFSC Paraclimbing World Cup Salt Lake City 2024,3.0 (3),25+ (3),
4,Men AU3,Lead,Matthew STYLES-WEST,82 •,GBR,IFSC Paraclimbing World Cup Salt Lake City 2024,4.0 (4),,
5,Men AU3,Lead,Derek KENNEY,81 •,USA,IFSC Paraclimbing World Cup Salt Lake City 2024,5.0 (5),,
1,Men B1,Lead,Sho AITA,101 •,JPN,IFSC Paraclimbing World Championships Bern 2023,2.12 (2),42+ (1),
2,Men B1,Lead,Francisco Javier AGUILAR AMOEDO,106 •,ESP,IFSC Paraclimbing World Championships Bern 2023,1.5 (1),35 (2),
3,Men B1,Lead,Razvan NEDU,105 •,ROU,IFSC Paraclimbing World Championships Bern 2023,2.12 (2),31+ (3),
4,Men B1,Lead,Jesse DUFTON,107 •,GBR,IFSC Paraclimbing World Championships Bern 2023,4.0 (4),21+ (4),
5,Men B1,Lead,Roland PAILLEX,104 •,SUI,IFSC Paraclimbing World Championships Bern 2023,5.24 (5),,
6,Men B1,Lead,Alexandru BENCHEA,103 •,ROU,IFSC Paraclimbing World Championships Bern 2023,5.74 (6),,
7,Men B1,Lead,Bill CASSON,102 •,USA,IFSC Paraclimbing World Championships Bern 2023,7.0 (7),,
1,Men B2,Lead,Fumiya HAMANOUE,113 •,JPN,IFSC Paraclimbing World Championships Bern 2023,1.0 (1),36 (1),
2,Men B2,Lead,Richard SLOCOCK,108 •,GBR,IFSC Paraclimbing World Championships Bern 2023,3.46 (4),35+ (2),
3,Men B2,Lead,Guillermo PELEGRÍN GÓMEZ,110 •,ESP,IFSC Paraclimbing World Championships Bern 2023,3.0 (2),24 (3),
4,Men B2,Lead,Raul SIMON FRANCO,114 •,ESP,IFSC Paraclimbing World Championships Bern 2023,3.16 (3),23+ (4),
5,Men B2,Lead,Simone SALVAGNIN,109 •,ITA,IFSC Paraclimbing World Championships Bern 2023,3.87 (5),,
6,Men B2,Lead,Kevin CHAO,111 •,USA,IFSC Paraclimbing World Championships Bern 2023,6.48 (6),,
6,Men B2,Lead,Christoph POHLMANN,112 •,GER,IFSC Paraclimbing World Championships Bern 2023,6.48 (6),,
1,Men B3,Lead,Cosmin Florin CANDOI,116 •,ROU,IFSC Paraclimbing World Championships Bern 2023,1.22 (1),TOP (1),
2,Men B3,Lead,Kazuhiro MINOWADA,117 •,JPN,IFSC Paraclimbing World Championships Bern 2023,2.12 (2),TOP (2),
3,Men B3,Lead,Lux LOSEY SAIL,121 •,GBR,IFSC Paraclimbing World Championships Bern 2023,2.45 (3),42+ (3),
4,Men B3,Lead,Daniel-bebe-vasilică ANDREI,122 •,ROU,IFSC Paraclimbing World Championships Bern 2023,4.47 (4),38+ (4),
5,Men B3,Lead,Chaz MISURACA,115 •,CAN,IFSC Paraclimbing World Championships Bern 2023,4.47 (4),28+ (5),
6,Men B3,Lead,Motohiro EJIRI,120 •,JPN,IFSC Paraclimbing World Championships Bern 2023,6.48 (6),,
6,Men B3,Lead,Sebastian SCHMITZ,118 •,GER,IFSC Paraclimbing World Championships Bern 2023,6.48 (6),,
8,Men B3,Lead,Connor GEAREY,119 •,USA,IFSC Paraclimbing World Championships Bern 2023,8.0 (8),,
1,Women B2,Lead,Abigail ROBINSON,2 •,GBR,IFSC Paraclimbing World Championships Bern 2023,1.87 (1),TOP (1),
2,Women B2,Lead,Seneida BIENDARRA,4 •,USA,IFSC Paraclimbing World Championships Bern 2023,3.24 (3),29+ (2),
3,Women B2,Lead,Edith SCHEINECKER,1 •,AUT,IFSC Paraclimbing World Championships Bern 2023,3.74 (4),28 (3),
4,Women B2,Lead,Linda LE BON,11 •,AUT,IFSC Paraclimbing World Championships Bern 2023,2.65 (2),25 (4),
5,Women B2,Lead,Ivon LAWERENZ,9 •,GER,IFSC Paraclimbing World Championships Bern 2023,4.18 (5),,
6,Women B2,Lead,Melissa CESARONE,10 •,FRA,IFSC Paraclimbing World Championships Bern 2023,4.95 (6),,
7,Women B2,Lead,Hiromi AOKI,7 •,JPN,IFSC Paraclimbing World Championships Bern 2023,7.35 (7),,
8,Women B2,Lead,Nadia BREDICE,6 •,ITA,IFSC Paraclimbing World Championships Bern 2023,7.75 (8),,
9,Women B2,Lead,Emeline LAKROUT,3 •,USA,IFSC Paraclimbing World Championships Bern 2023,8.44 (9),,
10,Women B2,Lead,Adriana TOFAN,12 •,ROU,IFSC Paraclimbing World Championships Bern 2023,10.45 (10),,
11,Women B2,Lead,Laila GRILLO,5 •,SUI,IFSC Paraclimbing World Championships Bern 2023,11.25 (11),,
12,Women B2,Lead,Raveena ALLI,13 •,USA,IFSC Paraclimbing World Championships Bern 2023,11.4 (12),,
13,Women B2,Lead,Tanja GLUSIC,8 •,SLO,IFSC Paraclimbing World Championships Bern 2023,12.49 (13),,
1,Women B3,Lead,Sunita DHONDAPPANAVAR,14 •,IND,IFSC Paraclimbing World Championships Bern 2023,2.0 (2),29+ (1),
2,Women B3,Lead,Mika MAEOKA,16 •,JPN,IFSC Paraclimbing World Championships Bern 2023,1.0 (1),29 (2),
3,Women B3,Lead,Yumi EJIRI,17 •,JPN,IFSC Paraclimbing World Championships Bern 2023,3.0 (3),28+ (3),
4,Women B3,Lead,Amy MULLINS,15 •,USA,IFSC Paraclimbing World Championships Bern 2023,4.0 (4),,
5,Women B3,Lead,Mandi CURTIS,18 •,USA,IFSC Paraclimbing World Championships Bern 2023,5.0 (5),,
1,Men AL1,Lead,Angelino ZELLER,123 •,AUT,IFSC Paraclimbing World Championships Bern 2023,1.22 (1),51+ (1),
2,Men AL1,Lead,Markus PÖSENDORFER,128 •,AUT,IFSC Paraclimbing World Championships Bern 2023,1.73 (2),39+ (2),
3,Men AL1,Lead,Tanner CISLAW,125 •,USA,IFSC Paraclimbing World Championships Bern 2023,3.0 (3),28 (3),
4,Men AL1,Lead,Daniel KONTSCH,127 •,AUT,IFSC Paraclimbing World Championships Bern 2023,4.0 (4),28 (4),
5,Men AL1,Lead,Ryota HIRAI,129 •,JPN,IFSC Paraclimbing World Championships Bern 2023,5.92 (5),,
6,Men AL1,Lead,Sulivan THUER,126 •,SUI,IFSC Paraclimbing World Championships Bern 2023,6.0 (6),,
7,Men AL1,Lead,Naohisa HATAKEYAMA,130 •,JPN,IFSC Paraclimbing World Championships Bern 2023,6.12 (7),,
8,Men AL1,Lead,Carlos QUILES,131 •,USA,IFSC Paraclimbing World Championships Bern 2023,7.98 (8),,
9,Men AL1,Lead,Jorge MACIAS,124 •,USA,IFSC Paraclimbing World Championships Bern 2023,8.75 (9),,
1,Men AL2,Lead,Thierry DELARUE,132 •,FRA,IFSC Paraclimbing World Championships Bern 2023,1.0 (1),TOP (1),
2,Men AL2,Lead,Ethan ZILZ,143 •,USA,IFSC Paraclimbing World Championships Bern 2023,4.95 (5),51+ (2),
3,Men AL2,Lead,Albert GUARDIA FERRER,134 •,ESP,IFSC Paraclimbing World Championships Bern 2023,2.45 (2),51 (3),
4,Men AL2,Lead,Urko CARMONA BARANDIARAN,136 •,ESP,IFSC Paraclimbing World Championships Bern 2023,5.24 (6),49+ (4),
5,Men AL2,Lead,Frederik LEYS,146 •,BEL,IFSC Paraclimbing World Championships Bern 2023,3.24 (3),36+ (5),
6,Men AL2,Lead,Shuhei YUKI,149 •,JPN,IFSC Paraclimbing World Championships Bern 2023,4.74 (4),36+ (6),
7,Men AL2,Lead,Julien GASC,142 •,FRA,IFSC Paraclimbing World Championships Bern 2023,7.04 (7),,
8,Men AL2,Lead,Corey RAMOS,138 •,USA,IFSC Paraclimbing World Championships Bern 2023,7.75 (8),,
9,Men AL2,Lead,Gavin NIX,148 •,USA,IFSC Paraclimbing World Championships Bern 2023,8.94 (9),,
10,Men AL2,Lead,Sebastian MENZE,135 •,NOR,IFSC Paraclimbing World Championships Bern 2023,9.68 (10),,
11,Men AL2,Lead,Martin HEALD,139 •,GBR,IFSC Paraclimbing World Championships Bern 2023,11.49 (11),,
12,Men AL2,Lead,David KAMMERER,145 •,ITA,IFSC Paraclimbing World Championships Bern 2023,11.83 (12),,
13,Men AL2,Lead,Nicholas PERRETH,133 •,GER,IFSC Paraclimbing World Championships Bern 2023,12.25 (13),,
14,Men AL2,Lead,Martin VILLIGER,137 •,SUI,IFSC Paraclimbing World Championships Bern 2023,12.99 (14),,
15,Men AL2,Lead,Stuart SNEDDON,141 •,GBR,IFSC Paraclimbing World Championships Bern 2023,14.23 (15),,
16,Men AL2,Lead,Luciano FRAZÃO DA SILVA,147 •,BRA,IFSC Paraclimbing World Championships Bern 2023,16.73 (16),,
17,Men AL2,Lead,Jonathan SHIELDS,140 •,GBR,IFSC Paraclimbing World Championships Bern 2023,16.97 (17),,
18,Men AL2,Lead,Christoph ZUNDEL,144 •,SUI,IFSC Paraclimbing World Championships Bern 2023,17.25 (18),,
1,Women AL2,Lead,Lucie JARRIGE,25 •,FRA,IFSC Paraclimbing World Championships Bern 2023,1.0 (1),TOP (1),
2,Women AL2,Lead,Sarah LARCOMBE,20 •,AUS,IFSC Paraclimbing World Championships Bern 2023,2.0 (2),27+ (2),
3,Women AL2,Lead,Rachel MAIA,28 •,NZL,IFSC Paraclimbing World Championships Bern 2023,3.46 (3),25 (3),
4,Women AL2,Lead,Joanna NEWTON,24 •,GBR,IFSC Paraclimbing World Championships Bern 2023,4.0 (4),23+ (4),
5,Women AL2,Lead,Mary TANKERSLEY,22 •,USA,IFSC Paraclimbing World Championships Bern 2023,4.9 (5),,
6,Women AL2,Lead,Tânia CHAVES,19 •,POR,IFSC Paraclimbing World Championships Bern 2023,5.48 (6),,
7,Women AL2,Lead,Lucía MARTÍNEZ ALARMA,26 •,ESP,IFSC Paraclimbing World Championships Bern 2023,7.75 (7),,
7,Women AL2,Lead,Kara PARKER,21 •,USA,IFSC Paraclimbing World Championships Bern 2023,7.75 (7),,
9,Women AL2,Lead,Masako WATANABE,23 •,JPN,IFSC Paraclimbing World Championships Bern 2023,8.72 (9),,
10,Women AL2,Lead,Jessie BAYIARTAKIS,27 •,AUS,IFSC Paraclimbing World Championships Bern 2023,9.75 (10),,
1,Men AU2,Lead,Isak RIPMAN,157 •,NOR,IFSC Paraclimbing World Championships Bern 2023,2.45 (3),37+ (1),
2,Men AU2,Lead,Kevin BARTKE,156 •,GER,IFSC Paraclimbing World Championships Bern 2023,1.41 (1),36+ (2),
3,Men AU2,Lead,Brian ZARZUELA,154 •,USA,IFSC Paraclimbing World Championships Bern 2023,2.0 (2),31+ (3),
4,Men AU2,Lead,Sebastian MUSSON,155 •,GBR,IFSC Paraclimbing World Championships Bern 2023,4.24 (4),22 (4),
5,Men AU2,Lead,James RUDGE,153 •,GBR,IFSC Paraclimbing World Championships Bern 2023,5.48 (5),,
6,Men AU2,Lead,Marco GALLI,152 •,SUI,IFSC Paraclimbing World Championships Bern 2023,5.61 (6),,
7,Men AU2,Lead,Matthew LYNCH,150 •,USA,IFSC Paraclimbing World Championships Bern 2023,6.71 (7),,
8,Men AU2,Lead,Peter TRAMM,151 •,DEN,IFSC Paraclimbing World Championships Bern 2023,7.75 (8),,
1,Women AU2,Lead,Solenne PIRET,41 •,FRA,IFSC Paraclimbing World Championships Bern 2023,1.0 (1),TOP (1),
2,Women AU2,Lead,Lucia CAPOVILLA,32 •,ITA,IFSC Paraclimbing World Championships Bern 2023,2.45 (2),26+ (2:12) (2),
3,Women AU2,Lead,Maureen BECK,33 •,USA,IFSC Paraclimbing World Championships Bern 2023,2.45 (2),26+ (2:21) (3),
4,Women AU2,Lead,Eleanor RUBIN,30 •,USA,IFSC Paraclimbing World Championships Bern 2023,5.1 (4),20+ (4),
5,Women AU2,Lead,Naama STRAUSSMAN,39 •,ISR,IFSC Paraclimbing World Championships Bern 2023,5.48 (5),,
6,Women AU2,Lead,Corinna WIMMER,35 •,GER,IFSC Paraclimbing World Championships Bern 2023,6.48 (6),,
7,Women AU2,Lead,Isabella WALSH,38 •,GBR,IFSC Paraclimbing World Championships Bern 2023,7.21 (7),,
8,Women AU2,Lead,Monica RAAVIG,34 •,DEN,IFSC Paraclimbing World Championships Bern 2023,7.35 (8),,
8,Women AU2,Lead,Amruta WYSSMANN,31 •,SUI,IFSC Paraclimbing World Championships Bern 2023,7.35 (8),,
10,Women AU2,Lead,Carolin HEBERLE,29 •,GER,IFSC Paraclimbing World Championships Bern 2023,9.72 (10),,
11,Women AU2,Lead,Isabel BENVENUTI,37 •,USA,IFSC Paraclimbing World Championships Bern 2023,10.75 (11),,
12,Women AU2,Lead,María CABEZAS RAMOS,40 •,ESP,IFSC Paraclimbing World Championships Bern 2023,11.46 (12),,
13,Women AU2,Lead,Giovanna DUBUC,36 •,USA,IFSC Paraclimbing World Championships Bern 2023,12.75 (13),,
1,Men RP1,Lead,Aloïs POTTIER,174 •,FRA,IFSC Paraclimbing World Championships Bern 2023,1.0 (1),50 (1),
2,Men RP1,Lead,Elliott NGUYEN,175 •,USA,IFSC Paraclimbing World Championships Bern 2023,2.45 (2),28 (2),
3,Men RP1,Lead,Takuya OKADA,159 •,JPN,IFSC Paraclimbing World Championships Bern 2023,4.42 (4),23+ (3),
4,Men RP1,Lead,Sebastian DEPKE,158 •,GER,IFSC Paraclimbing World Championships Bern 2023,6.0 (6),23 (4),
5,Men RP1,Lead,Sunny YANG,161 •,USA,IFSC Paraclimbing World Championships Bern 2023,3.87 (3),16 (5),
6,Men RP1,Lead,Alexander DORNBUSCH,170 •,USA,IFSC Paraclimbing World Championships Bern 2023,4.9 (5),12+ (6),
7,Men RP1,Lead,Tim SCHAFFRINNA,166 •,GER,IFSC Paraclimbing World Championships Bern 2023,6.52 (7),,
8,Men RP1,Lead,Mario PERSING,177 •,GER,IFSC Paraclimbing World Championships Bern 2023,10.42 (8),,
9,Men RP1,Lead,Gian Matteo RAMINI,176 •,ITA,IFSC Paraclimbing World Championships Bern 2023,10.45 (9),,
10,Men RP1,Lead,Takehiko OTANI,165 •,JPN,IFSC Paraclimbing World Championships Bern 2023,10.97 (10),,
11,Men RP1,Lead,Luke JAMIESON,163 •,GBR,IFSC Paraclimbing World Championships Bern 2023,11.25 (11),,
12,Men RP1,Lead,Laurence MORGAN,164 •,GBR,IFSC Paraclimbing World Championships Bern 2023,11.31 (12),,
13,Men RP1,Lead,Niko GALBUSERA,162 •,SUI,IFSC Paraclimbing World Championships Bern 2023,11.48 (13),,
14,Men RP1,Lead,Sebastian HORN,168 •,GER,IFSC Paraclimbing World Championships Bern 2023,11.53 (14),,
15,Men RP1,Lead,Connor KING,171 •,USA,IFSC Paraclimbing World Championships Bern 2023,13.0 (15),,
16,Men RP1,Lead,Eloi VILA CULLERÉS,167 •,ESP,IFSC Paraclimbing World Championships Bern 2023,13.78 (16),,
17,Men RP1,Lead,Bruno AERNI,172 •,SUI,IFSC Paraclimbing World Championships Bern 2023,14.49 (17),,
18,Men RP1,Lead,Alex DOWNES,160 •,GBR,IFSC Paraclimbing World Championships Bern 2023,17.49 (18),,
19,Men RP1,Lead,Marcel RICHTER,169 •,GER,IFSC Paraclimbing World Championships Bern 2023,18.44 (19),,
20,Men RP1,Lead,Brian LIEBENOW,173 •,USA,IFSC Paraclimbing World Championships Bern 2023,19.24 (20),,
1,Men RP2,Lead,Iván MUÑOZ ESCOLAR,183 •,ESP,IFSC Paraclimbing World Championships Bern 2023,1.0 (1),43 (1),
2,Men RP2,Lead,Benjamin MAYFORTH,182 •,USA,IFSC Paraclimbing World Championships Bern 2023,3.46 (3),38 (2),
3,Men RP2,Lead,Manikandan KUMAR,189 •,IND,IFSC Paraclimbing World Championships Bern 2023,3.46 (3),35+ (3),
4,Men RP2,Lead,Philipp HROZEK,179 •,GER,IFSC Paraclimbing World Championships Bern 2023,3.16 (2),22+ (4),
5,Men RP2,Lead,Brayden BUTLER,186 •,USA,IFSC Paraclimbing World Championships Bern 2023,3.54 (5),,
6,Men RP2,Lead,Anther FRIGOLA GÓMEZ,178 •,ESP,IFSC Paraclimbing World Championships Bern 2023,5.7 (6),,
7,Men RP2,Lead,Kenneth ELLACOTT,184 •,GBR,IFSC Paraclimbing World Championships Bern 2023,7.48 (7),,
8,Men RP2,Lead,Matej ARH,187 •,SLO,IFSC Paraclimbing World Championships Bern 2023,7.86 (8),,
9,Men RP2,Lead,Nils HELSPER,185 •,GER,IFSC Paraclimbing World Championships Bern 2023,8.49 (9),,
10,Men RP2,Lead,Florian SINGER,188 •,GER,IFSC Paraclimbing World Championships Bern 2023,9.75 (10),,
11,Men RP2,Lead,Hermann MÖNCH,180 •,SUI,IFSC Paraclimbing World Championships Bern 2023,11.0 (11),,
12,Men RP2,Lead,Michael TARULLI,181 •,AUS,IFSC Paraclimbing World Championships Bern 2023,12.0 (12),,
1,Men RP3,Lead,Tadashi TAKANO,190 •,JPN,IFSC Paraclimbing World Championships Bern 2023,1.0 (1),49+ (1),
2,Men RP3,Lead,Jamie BARENDRECHT,195 •,NED,IFSC Paraclimbing World Championships Bern 2023,2.45 (2),45+ (2),
3,Men RP3,Lead,Andrej HARŠÁNY,198 •,SVK,IFSC Paraclimbing World Championships Bern 2023,2.45 (2),45 (3),
4,Men RP3,Lead,Matthias BÄRTSCHI,191 •,SUI,IFSC Paraclimbing World Championships Bern 2023,4.47 (4),34+ (4),
5,Men RP3,Lead,Luke SMITH,197 •,GBR,IFSC Paraclimbing World Championships Bern 2023,4.69 (5),,
6,Men RP3,Lead,Liviu - Nicolae MATEI,193 •,ROU,IFSC Paraclimbing World Championships Bern 2023,6.42 (6),,
7,Men RP3,Lead,Bastien THOMAS,192 •,FRA,IFSC Paraclimbing World Championships Bern 2023,6.48 (7),,
8,Men RP3,Lead,Danial AMIRI,196 •,IRI,IFSC Paraclimbing World Championships Bern 2023,8.22 (8),,
9,Men RP3,Lead,Andreas SUHNER,194 •,SUI,IFSC Paraclimbing World Championships Bern 2023,8.49 (9),,
1,Women RP1,Lead,Pavitra VANDENHOVEN,51 •,BEL,IFSC Paraclimbing World Championships Bern 2023,2.45 (3),35+ (1),
2,Women RP1,Lead,Melissa RUIZ,44 •,USA,IFSC Paraclimbing World Championships Bern 2023,1.73 (1),28 (2),
3,Women RP1,Lead,Marta PECHE SALINERO,55 •,ESP,IFSC Paraclimbing World Championships Bern 2023,2.83 (4),23 (3),
4,Women RP1,Lead,Eva MOL,45 •,NED,IFSC Paraclimbing World Championships Bern 2023,2.12 (2),14+ (4),
5,Women RP1,Lead,Andrea SÁNCHEZ APARICIO,43 •,ESP,IFSC Paraclimbing World Championships Bern 2023,5.48 (5),,
6,Women RP1,Lead,Angela FALLEGGER,52 •,SUI,IFSC Paraclimbing World Championships Bern 2023,6.0 (6),,
7,Women RP1,Lead,Júlia CASTELLÓ FARRÉ,50 •,ESP,IFSC Paraclimbing World Championships Bern 2023,8.15 (7),,
8,Women RP1,Lead,Carlie COOK,46 •,USA,IFSC Paraclimbing World Championships Bern 2023,8.49 (8),,
9,Women RP1,Lead,Hannah ZOOK,54 •,USA,IFSC Paraclimbing World Championships Bern 2023,8.72 (9),,
10,Women RP1,Lead,Olivia CONFORTI,53 •,USA,IFSC Paraclimbing World Championships Bern 2023,9.25 (10),,
11,Women RP1,Lead,Lucy KEYWORTH,47 •,GBR,IFSC Paraclimbing World Championships Bern 2023,10.95 (11),,
12,Women RP1,Lead,Doris ROHNER,49 •,SUI,IFSC Paraclimbing World Championships Bern 2023,11.11 (12),,
13,Women RP1,Lead,Araminta MCLENNAN,42 •,AUS,IFSC Paraclimbing World Championships Bern 2023,11.96 (13),,
14,Women RP1,Lead,Asumi KATO,48 •,JPN,IFSC Paraclimbing World Championships Bern 2023,14.0 (14),,
1,Women RP2,Lead,Dina EIVIK,56 •,NOR,IFSC Paraclimbing World Championships Bern 2023,2.0 (2),29+ (1),
2,Women RP2,Lead,Jasmin PLANK,57 •,AUT,IFSC Paraclimbing World Championships Bern 2023,1.73 (1),28+ (2),
3,Women RP2,Lead,Anna DEVRIES,59 •,USA,IFSC Paraclimbing World Championships Bern 2023,3.46 (4),25 (3),
4,Women RP2,Lead,Sarah LONGHI,60 •,SUI,IFSC Paraclimbing World Championships Bern 2023,2.12 (3),23+ (4),
5,Women RP2,Lead,Beatriz GANDARA CARNERO,61 •,ESP,IFSC Paraclimbing World Championships Bern 2023,5.41 (5),,
6,Women RP2,Lead,Nicole DIEHL,58 •,GER,IFSC Paraclimbing World Championships Bern 2023,5.48 (6),,
7,Women RP2,Lead,Emily SEELENFREUND,62 •,USA,IFSC Paraclimbing World Championships Bern 2023,6.75 (7),,
1,Women RP3,Lead,Marina DIAS,72 •,BRA,IFSC Paraclimbing World Championships Bern 2023,1.73 (1),42+ (1),
2,Women RP3,Lead,Christiane LUTTIKHUIZEN,66 •,NED,IFSC Paraclimbing World Championships Bern 2023,2.0 (2),42+ (3:52) (2),
3,Women RP3,Lead,Martha EVANS,63 •,GBR,IFSC Paraclimbing World Championships Bern 2023,2.0 (2),42+ (4:45) (3),
4,Women RP3,Lead,Rosalie SCHAUPERT,67 •,GER,IFSC Paraclimbing World Championships Bern 2023,3.87 (4),42+ (4),
5,Women RP3,Lead,Nat VOREL,73 •,USA,IFSC Paraclimbing World Championships Bern 2023,4.47 (5),,
6,Women RP3,Lead,Anita AGGARWAL,68 •,GBR,IFSC Paraclimbing World Championships Bern 2023,6.0 (6),,
7,Women RP3,Lead,Paula DE LA CALLE PIZARRO,71 •,ESP,IFSC Paraclimbing World Championships Bern 2023,7.94 (7),,
8,Women RP3,Lead,Laura NESCIOBELLI,65 •,GER,IFSC Paraclimbing World Championships Bern 2023,8.49 (8),,
9,Women RP3,Lead,Ria GRINDEL,70 •,GER,IFSC Paraclimbing World Championships Bern 2023,8.77 (9),,
10,Women RP3,Lead,Manca SMREKAR,69 •,SLO,IFSC Paraclimbing World Championships Bern 2023,9.0 (10),,
11,Women RP3,Lead,Lindsay PURCELL,64 •,USA,IFSC Paraclimbing World Championships Bern 2023,10.49 (11),,
1,Men AU3,Lead,Mor Michael SAPIR,206 •,ISR,IFSC Paraclimbing World Championships Bern 2023,2.0 (2),43 (1),
2,Men AU3,Lead,Nobuhiro YASURAOKA,204 •,JPN,IFSC Paraclimbing World Championships Bern 2023,1.41 (1),42+ (2),
3,Men AU3,Lead,Geisseler DOMINIC,201 •,SUI,IFSC Paraclimbing World Championships Bern 2023,3.46 (4),29 (3),
4,Men AU3,Lead,Ignacio MARTINEZ,210 •,CHI,IFSC Paraclimbing World Championships Bern 2023,3.16 (3),23 (4),
5,Men AU3,Lead,Erwan LIEVIN,208 •,FRA,IFSC Paraclimbing World Championships Bern 2023,4.47 (5),,
6,Men AU3,Lead,Maxime MEYER,203 •,FRA,IFSC Paraclimbing World Championships Bern 2023,5.48 (6),,
7,Men AU3,Lead,Eric LIU LIN,205 •,ESP,IFSC Paraclimbing World Championships Bern 2023,7.25 (7),,
8,Men AU3,Lead,Benen PARLMER,200 •,USA,IFSC Paraclimbing World Championships Bern 2023,7.98 (8),,
9,Men AU3,Lead,Shamus BOULIANNE,199 •,CAN,IFSC Paraclimbing World Championships Bern 2023,8.75 (9),,
10,Men AU3,Lead,Matthew STYLES-WEST,209 •,GBR,IFSC Paraclimbing World Championships Bern 2023,10.0 (10),,
11,Men AU3,Lead,Leonardo VILHA DE OLIVEIRA SOFKA,207 •,BRA,IFSC Paraclimbing World Championships Bern 2023,11.0 (11),,
12,Men AU3,Lead,Biman BISWAS,202 •,IND,IFSC Paraclimbing World Championships Bern 2023,12.0 (12),,
