year,event_id,event,cup_id,cup_name,location,country,local_start_date,local_end_date,event_url
1990,88,"Weltcup, Wien 1990",,,W-Wi,,1990-04-27,1990-04-28,https://ifsc.results.info//api/v1/events/88
1990,94,"Weltcup, Open, Wien 1990",,,O-Wi,,1990-04-27,1990-04-28,https://ifsc.results.info//api/v1/events/94
1990,89,"Weltcup, Madonna di Campiglio 1990",,,W-Ma,,1990-07-26,1990-07-27,https://ifsc.results.info//api/v1/events/89
1990,95,"Weltcup, Open, Madonna di Campiglio 1990",,,O-Ma,,1990-07-26,1990-07-27,https://ifsc.results.info//api/v1/events/95
1990,90,"Weltcup, Berkeley 1990",,,W-Be,,1990-08-18,1990-08-19,https://ifsc.results.info//api/v1/events/90
1990,96,"Weltcup, Open, Berkeley 1990",,,O-Be,,1990-08-18,1990-08-19,https://ifsc.results.info//api/v1/events/96
1990,91,"Weltcup, Nürnberg 1990",,,W-Nü,,1990-10-31,1990-11-01,https://ifsc.results.info//api/v1/events/91
1990,97,"Weltcup, Open, Nürnberg 1990",,,O-Nü,,1990-10-31,1990-11-01,https://ifsc.results.info//api/v1/events/97
1990,92,"Weltcup, Lyon 1990",,,W-Ly,,1990-11-14,1990-11-15,https://ifsc.results.info//api/v1/events/92
1990,98,"Weltcup, Open, Lyon 1990",,,O-Ly,,1990-11-14,1990-11-15,https://ifsc.results.info//api/v1/events/98
1990,93,"Weltcup, Barcelona 1990",,,W-Ba,,1990-12-13,1990-12-14,https://ifsc.results.info//api/v1/events/93
1990,99,"Weltcup, Open, Barcelona 1990",,,O-Ba,,1990-12-13,1990-12-14,https://ifsc.results.info//api/v1/events/99
1991,100,UIAA Worldcup - Wien 1991,9,UIAA Climbing-Worldcup 1991,W-Wi,,1991-04-25,1991-04-26,https://ifsc.results.info//api/v1/events/100
1991,108,"Weltcup Open, Wien 1991",,,O-Wi,,1991-04-25,1991-04-26,https://ifsc.results.info//api/v1/events/108
1991,112,"Weltcup Open, Clusone 1991",,,O-Cl,,1991-08-19,1991-08-20,https://ifsc.results.info//api/v1/events/112
1991,101,UIAA Worldcup - Clusone 1991,9,UIAA Climbing-Worldcup 1991,W-Cl,,1991-08-29,1991-08-30,https://ifsc.results.info//api/v1/events/101
1991,102,UIAA Worldcup - Innsbruck 1991,9,UIAA Climbing-Worldcup 1991,W-In,,1991-09-19,1991-09-20,https://ifsc.results.info//api/v1/events/102
1991,107,"Weltcup Open, Innsbruck 1991",,,O-In,,1991-09-19,1991-09-20,https://ifsc.results.info//api/v1/events/107
1991,103,UIAA World Championship - Frankfurt 1991,,,WM-F,,1991-10-01,1991-10-02,https://ifsc.results.info//api/v1/events/103
1991,104,UIAA Worldcup - Tokio 1991,9,UIAA Climbing-Worldcup 1991,W-To,,1991-10-15,1991-10-16,https://ifsc.results.info//api/v1/events/104
1991,109,"Weltcup Open, Tokio 1991",,,O-To,,1991-10-15,1991-10-16,https://ifsc.results.info//api/v1/events/109
1991,105,UIAA Worldcup - Nürnberg 1991,9,UIAA Climbing-Worldcup 1991,W-Nü,,1991-10-30,1991-10-31,https://ifsc.results.info//api/v1/events/105
1991,110,"Weltcup Open, Nürnberg 1991",,,O-Nü,,1991-10-30,1991-10-31,https://ifsc.results.info//api/v1/events/110
1991,106,UIAA Worldcup - Birmingham 1991,9,UIAA Climbing-Worldcup 1991,W-Bi,,1991-12-04,1991-12-05,https://ifsc.results.info//api/v1/events/106
1991,111,"Weltcup Open, Birmingham 1991",,,O-Bi,,1991-12-04,1991-12-05,https://ifsc.results.info//api/v1/events/111
1992,121,Masters Chambery 1992,,,M-Ch,,1992-01-29,1992-01-30,https://ifsc.results.info//api/v1/events/121
1992,119,UIAA Youth Worldchampionship - Basel 1992,,,J-WM,,1992-02-26,1992-02-27,https://ifsc.results.info//api/v1/events/119
1992,113,UIAA Worldcup - Zürich 1992,10,UIAA Climbing-Worldcup 1992,W-Zü,,1992-04-30,1992-05-01,https://ifsc.results.info//api/v1/events/113
1992,122,Masters Serre Chevalier 1992,,,M-Se,,1992-07-20,1992-07-21,https://ifsc.results.info//api/v1/events/122
1992,123,UIAA Masters - Rock Masters Arco 1992,,,M-Ar,,1992-08-31,1992-09-01,https://ifsc.results.info//api/v1/events/123
1992,120,UIAA European Championship - Frankfurt 1992,,,EM-F,,1992-09-17,1992-09-18,https://ifsc.results.info//api/v1/events/120
1992,114,UIAA Worldcup - Kobe 1992,10,UIAA Climbing-Worldcup 1992,W-Ko,,1992-10-07,1992-10-08,https://ifsc.results.info//api/v1/events/114
1992,115,UIAA Worldcup - Nürnberg 1992,10,UIAA Climbing-Worldcup 1992,W-Nü,,1992-10-29,1992-10-30,https://ifsc.results.info//api/v1/events/115
1992,116,UIAA Worldcup - St. Pölten 1992,10,UIAA Climbing-Worldcup 1992,W-Pö,,1992-11-13,1992-11-14,https://ifsc.results.info//api/v1/events/116
1992,117,UIAA Worldcup - Laval 1992,10,UIAA Climbing-Worldcup 1992,W-La,,1992-11-19,1992-11-20,https://ifsc.results.info//api/v1/events/117
1992,118,UIAA Worldcup - Birmingham 1992,10,UIAA Climbing-Worldcup 1992,W-Bi,,1992-12-10,1992-12-11,https://ifsc.results.info//api/v1/events/118
1993,124,UIAA Worldcup - Frankfurt 1993,11,UIAA Climbing-Worldcup 1993,W-Fr,,1993-04-01,1993-04-02,https://ifsc.results.info//api/v1/events/124
1993,125,UIAA World Championship - Innsbruck 1993,,,WM-I,,1993-04-29,1993-04-30,https://ifsc.results.info//api/v1/events/125
1993,126,UIAA Worldcup - Zürich 1993,11,UIAA Climbing-Worldcup 1993,W-Zü,,1993-05-14,1993-05-15,https://ifsc.results.info//api/v1/events/126
1993,131,Jeux de Pyrinae - Ainsa 1993,,,M-Py,,1993-05-20,1993-05-21,https://ifsc.results.info//api/v1/events/131
1993,127,UIAA Worldcup - Toulon 1993,11,UIAA Climbing-Worldcup 1993,W-To,,1993-05-27,1993-05-28,https://ifsc.results.info//api/v1/events/127
1993,132,Masters Serre-Chevalier 1993,,,M-Se,,1993-07-21,1993-07-22,https://ifsc.results.info//api/v1/events/132
1993,128,UIAA Worldcup - Black See 1993,11,UIAA Climbing-Worldcup 1993,W-Bu,,1993-08-26,1993-08-27,https://ifsc.results.info//api/v1/events/128
1993,133,UIAA Masters - Rock Masters Arco 1993,,,M-Ar,,1993-09-10,1993-09-11,https://ifsc.results.info//api/v1/events/133
1993,129,UIAA Worldcup - Nürnberg 1993,11,UIAA Climbing-Worldcup 1993,W-Nü,,1993-11-04,1993-11-05,https://ifsc.results.info//api/v1/events/129
1993,130,UIAA Worldcup - Laval 1993,11,UIAA Climbing-Worldcup 1993,W-La,,1993-12-09,1993-12-10,https://ifsc.results.info//api/v1/events/130
1994,134,UIAA Worldcup - Villach 1994,12,UIAA Climbing-Worldcup 1994,W-Vi,,1994-04-15,1994-04-16,https://ifsc.results.info//api/v1/events/134
1994,135,UIAA Worldcup - Moscow 1994,12,UIAA Climbing-Worldcup 1994,W-Mo,,1994-04-28,1994-04-29,https://ifsc.results.info//api/v1/events/135
1994,140,UIAA Masters - Serre Chevalier 1994,,,M-Se,,1994-07-20,1994-07-21,https://ifsc.results.info//api/v1/events/140
1994,141,UIAA Masters - L'Argentiere 1994,,,M-LA,,1994-07-27,1994-07-28,https://ifsc.results.info//api/v1/events/141
1994,142,UIAA Masters - Rock Masters Arco 1994,,,M-Ar,,1994-09-09,1994-09-10,https://ifsc.results.info//api/v1/events/142
1994,139,UIAA Youth Worldchampionship - Leipzig 1994,,,94-JWM,,1994-10-21,1994-10-22,https://ifsc.results.info//api/v1/events/139
1994,137,UIAA Worldcup - Aix-les-Bains 1994,12,UIAA Climbing-Worldcup 1994,W-Ai,,1994-11-17,1994-11-18,https://ifsc.results.info//api/v1/events/137
1994,138,UIAA Worldcup - Birmingham 1994,12,UIAA Climbing-Worldcup 1994,W-Bi,,1994-11-25,1994-11-26,https://ifsc.results.info//api/v1/events/138
1995,143,UIAA Worldcup - Frankfurt 1995,13,UIAA Climbing-Worldcup 1995,W-Fr,,1995-04-06,1995-04-07,https://ifsc.results.info//api/v1/events/143
1995,145,UIAA Worldchampionchip - Genève 1995,,,WM-G,,1995-05-05,1995-05-06,https://ifsc.results.info//api/v1/events/145
1995,149,UIAA Masters - Serre Chevalier 1995,,,M-Se,,1995-07-28,1995-07-29,https://ifsc.results.info//api/v1/events/149
1995,150,UIAA Bouldering Masters - L'Argentier 1995,,,M-LA,,1995-08-06,1995-08-07,https://ifsc.results.info//api/v1/events/150
1995,151,UIAA Masters - Rock Masters Arco 1995,,,M-Ar,,1995-09-09,1995-09-10,https://ifsc.results.info//api/v1/events/151
1995,148,UIAA Youth Worldchampionship - Laval 1995,,,95JWM,,1995-10-05,1995-10-06,https://ifsc.results.info//api/v1/events/148
1995,144,UIAA Worldcup - Moscow 1995,13,UIAA Climbing-Worldcup 1995,W-Mo,,1995-10-21,1995-10-22,https://ifsc.results.info//api/v1/events/144
1995,146,UIAA Worldcup - Birmingham 1995,13,UIAA Climbing-Worldcup 1995,W-Bi,,1995-11-24,1995-11-25,https://ifsc.results.info//api/v1/events/146
1995,147,UIAA Worldcup - Aix-les-Bains 1995,13,UIAA Climbing-Worldcup 1995,W-Ai,,1995-12-07,1995-12-08,https://ifsc.results.info//api/v1/events/147
1996,155,European Championship - Paris 1996,,,EmPa,,1996-01-27,1996-01-28,https://ifsc.results.info//api/v1/events/155
1996,156,European Youth Cup - Dortmund (GER) 1996,15,European Youth Cup 1996,E-Dortmund,,1996-06-07,1996-06-08,https://ifsc.results.info//api/v1/events/156
1996,161,"UIAA Masters - ESPN X-Games - Newport, USA 1996",,,ESPN,,1996-06-24,1996-06-25,https://ifsc.results.info//api/v1/events/161
1996,157,European Youth Cup - Ravenna (ITA) 1996,15,European Youth Cup 1996,E-Ravenna,,1996-06-28,1996-06-29,https://ifsc.results.info//api/v1/events/157
1996,162,UIAA Masters - Serre Chevalier 1996,,,M-Se,,1996-07-24,1996-07-25,https://ifsc.results.info//api/v1/events/162
1996,163,UIAA Masters - Rock Masters Arco 1996,,,M-Ar,,1996-09-06,1996-09-07,https://ifsc.results.info//api/v1/events/163
1996,158,European Youth Cup - Skofja Loka (SLO) 1996,15,European Youth Cup 1996,E-Skofja Loka,,1996-09-13,1996-09-14,https://ifsc.results.info//api/v1/events/158
1996,152,UIAA Worldcup - Ekaterinburg 1996,14,UIAA Climbing-Worldcup 1996,W-Ekaterinburg,,1996-09-18,1996-09-19,https://ifsc.results.info//api/v1/events/152
1996,159,European Youth Cup - Bern (SUI) 1996,15,European Youth Cup 1996,E-Bern,,1996-09-27,1996-09-28,https://ifsc.results.info//api/v1/events/159
1996,160,European Youth Cup - Prag (CZE) 1996,15,European Youth Cup 1996,E-Prag,,1996-10-25,1996-10-26,https://ifsc.results.info//api/v1/events/160
1996,153,UIAA Worldcup - Kranj 1996,14,UIAA Climbing-Worldcup 1996,W-Kranj,,1996-11-23,1996-11-24,https://ifsc.results.info//api/v1/events/153
1996,154,UIAA Worldcup - Graz 1996,14,UIAA Climbing-Worldcup 1996,W-Graz,,1996-12-14,1996-12-15,https://ifsc.results.info//api/v1/events/154
1997,164,UIAA World Championchip - Paris 1997,,,WM,,1997-01-31,1997-02-01,https://ifsc.results.info//api/v1/events/164
1997,171,European Youth Cup - Bolzano (ITA) 1997,17,European Youth Cup 1997,E-Bolzano,,1997-05-03,1997-05-04,https://ifsc.results.info//api/v1/events/171
1997,172,European Youth Cup - Dortmund (GER) 1997,17,European Youth Cup 1997,E-Dortmund,,1997-05-31,1997-06-01,https://ifsc.results.info//api/v1/events/172
1997,176,"UIAA Masters - San Diego X-Games, USA 1997",,,X-Gam,,1997-06-22,1997-06-23,https://ifsc.results.info//api/v1/events/176
1997,173,European Youth Cup - Chocen (CZE) 1997,17,European Youth Cup 1997,E-Chocen,,1997-06-28,1997-06-29,https://ifsc.results.info//api/v1/events/173
1997,177,UIAA Masters - Serre Chevalier 1997,,,M-Se,,1997-07-26,1997-07-27,https://ifsc.results.info//api/v1/events/177
1997,174,European Youth Cup - Bern (SUI) 1997,17,European Youth Cup 1997,E-Bern,,1997-08-23,1997-08-24,https://ifsc.results.info//api/v1/events/174
1997,165,UIAA Worldcup - Courmayeur 1997,16,UIAA Climbing-Worldcup 1997,W-Co,,1997-09-04,1997-09-05,https://ifsc.results.info//api/v1/events/165
1997,178,UIAA Masters - Rock Masters Arco 1997,,,M-Ar,,1997-09-12,1997-09-13,https://ifsc.results.info//api/v1/events/178
1997,175,European Youth Cup - Parma (ITA) 1997,17,European Youth Cup 1997,E-Parma,,1997-09-20,1997-09-21,https://ifsc.results.info//api/v1/events/175
1997,166,UIAA Worldcup - Prag 1997,16,UIAA Climbing-Worldcup 1997,W-Pr,,1997-10-23,1997-10-24,https://ifsc.results.info//api/v1/events/166
1997,167,UIAA Worldcup - Kranj 1997,16,UIAA Climbing-Worldcup 1997,W-Kr,,1997-11-08,1997-11-09,https://ifsc.results.info//api/v1/events/167
1997,170,UIAA Youth Worldchampionship - Imst (AUT) 1997,,,JWM,,1997-11-13,1997-11-14,https://ifsc.results.info//api/v1/events/170
1997,168,UIAA Worldcup - Imst 1997,16,UIAA Climbing-Worldcup 1997,W-Im,,1997-11-21,1997-11-22,https://ifsc.results.info//api/v1/events/168
1997,169,UIAA Worldcup - Birmingham 1997,16,UIAA Climbing-Worldcup 1997,W-Bi,,1997-11-28,1997-11-29,https://ifsc.results.info//api/v1/events/169
1998,184,UIAA European Championship - Nürnberg (GER) 1998,,,EC-Nürnberg,,1998-04-02,1998-04-03,https://ifsc.results.info//api/v1/events/184
1998,185,European Youth Cup - Dortmund (GER) 1998,19,European Youth Cup 1998,E-Dortmund,,1998-06-11,1998-06-12,https://ifsc.results.info//api/v1/events/185
1998,186,European Youth Cup - Triest (ITA) 1998,19,European Youth Cup 1998,E-Triest,,1998-07-03,1998-07-04,https://ifsc.results.info//api/v1/events/186
1998,187,European Youth Cup - Imst (AUT) 1998,19,European Youth Cup 1998,E-Imst,,1998-07-10,1998-07-11,https://ifsc.results.info//api/v1/events/187
1998,189,Top Rock Challenge - Val d'Isere (FRA) 1998,20,Top Rock Challenge 1998 - Bouldering,T-V.d'Isere,,1998-07-11,1998-07-12,https://ifsc.results.info//api/v1/events/189
1998,183,UIAA Youth Worldchampionship - Moscow (RUS) 1998,,,J_WM,,1998-07-15,1998-07-16,https://ifsc.results.info//api/v1/events/183
1998,190,Top Rock Challenge - Chamonix (FRA) 1998,20,Top Rock Challenge 1998 - Bouldering,T-Chamonix,,1998-07-16,1998-07-17,https://ifsc.results.info//api/v1/events/190
1998,191,UIAA Masters - Serre Chevalier (FRA) 1998,,,M-Serre Chevalier,,1998-07-22,1998-07-23,https://ifsc.results.info//api/v1/events/191
1998,179,UIAA Worldcup - Beauregard (ITA) 1998,18,UIAA Climbing-Worldcup 1998,W-Beauregard,,1998-07-31,1998-08-01,https://ifsc.results.info//api/v1/events/179
1998,192,Top Rock Challenge - Valloire (FRA) 1998,20,Top Rock Challenge 1998 - Bouldering,T-Valloire,,1998-08-06,1998-08-07,https://ifsc.results.info//api/v1/events/192
1998,193,Top Rock Challenge - Cortina d'Ampezzo (ITA) 1998,20,Top Rock Challenge 1998 - Bouldering,T-Cortina,,1998-08-13,1998-08-14,https://ifsc.results.info//api/v1/events/193
1998,194,Top Rock Challenge - Crans Montana (SUI) 1998,20,Top Rock Challenge 1998 - Bouldering,T-Cr.Montana,,1998-08-21,1998-08-22,https://ifsc.results.info//api/v1/events/194
1998,195,Top Rock Challenge - Grenoble (FRA) 1998,20,Top Rock Challenge 1998 - Bouldering,T-Grenoble,,1998-08-27,1998-08-28,https://ifsc.results.info//api/v1/events/195
1998,180,UIAA Worldcup - Courmayeur (ITA) 1998,18,UIAA Climbing-Worldcup 1998,W-Courmayeur,,1998-09-03,1998-09-04,https://ifsc.results.info//api/v1/events/180
1998,196,UIAA Masters - Rock Masters Arco (ITA) 1998,,,M-Arco,,1998-09-11,1998-09-12,https://ifsc.results.info//api/v1/events/196
1998,181,UIAA Worldcup - Milan (ITA) 1998,18,UIAA Climbing-Worldcup 1998,W-Milan,,1998-10-08,1998-10-09,https://ifsc.results.info//api/v1/events/181
1998,188,European Youth Cup - Aix en Provence (FRA) 1998,19,European Youth Cup 1998,E-Aix en Provence,,1998-10-30,1998-10-31,https://ifsc.results.info//api/v1/events/188
1998,182,UIAA Worldcup - Kranj (SLO) 1998,18,UIAA Climbing-Worldcup 1998,W-Kranj,,1998-11-13,1998-11-14,https://ifsc.results.info//api/v1/events/182
1999,197,UIAA Worldcup - Wiener Neustadt (AUT) 1999,21,UIAA Climbing-Worldcup 1999,Wien,,1999-04-15,1999-04-16,https://ifsc.results.info//api/v1/events/197
1999,1170,UIAA Worldcup - Leipzig (GER) 1999,21,UIAA Climbing-Worldcup 1999,W-Leipzig,,1999-05-27,1999-05-28,https://ifsc.results.info//api/v1/events/1170
1999,198,UIAA Worldcup - Besancon (FRA) 1999,21,UIAA Climbing-Worldcup 1999,W-Besancon,,1999-06-09,1999-06-10,https://ifsc.results.info//api/v1/events/198
1999,199,UIAA Worldcup - Benasque (ESP) 1999,21,UIAA Climbing-Worldcup 1999,WC Benasque,,1999-07-02,1999-07-03,https://ifsc.results.info//api/v1/events/199
1999,209,European Youth Cup - Imst (AUT) 1999,22,European Youth Cup 1999,Imst,,1999-07-09,1999-07-10,https://ifsc.results.info//api/v1/events/209
1999,200,UIAA Worldcup - Val d'Isere (FRA) 1999,21,UIAA Climbing-Worldcup 1999,WC Val d'Isere,,1999-07-10,1999-07-11,https://ifsc.results.info//api/v1/events/200
1999,201,UIAA Worldcup - Chamonix (FRA) 1999,21,UIAA Climbing-Worldcup 1999,WC Chamonix,,1999-07-16,1999-07-17,https://ifsc.results.info//api/v1/events/201
1999,213,UIAA Masters - Serre-Chevalier (FRA) 1999,,,Ma Serre-Chev.,,1999-07-21,1999-07-22,https://ifsc.results.info//api/v1/events/213
1999,202,UIAA Worldcup - Beauregard (ITA) 1999,21,UIAA Climbing-Worldcup 1999,WC Beauregard,,1999-07-23,1999-07-24,https://ifsc.results.info//api/v1/events/202
1999,203,UIAA Worldcup - Bardonecchia (ITA) 1999,21,UIAA Climbing-Worldcup 1999,WC Bardonecchia,,1999-07-30,1999-07-31,https://ifsc.results.info//api/v1/events/203
1999,204,UIAA Worldcup - Cortina (ITA) 1999,21,UIAA Climbing-Worldcup 1999,WC Cortina,,1999-08-12,1999-08-13,https://ifsc.results.info//api/v1/events/204
1999,210,European Youth Cup - Bern (SUI) 1999,22,European Youth Cup 1999,Bern,,1999-08-13,1999-08-14,https://ifsc.results.info//api/v1/events/210
1999,205,UIAA Worldcup - Grenoble (FRA) 1999,21,UIAA Climbing-Worldcup 1999,WC Grenoble,,1999-08-27,1999-08-28,https://ifsc.results.info//api/v1/events/205
1999,208,UIAA Youth Worldchampionship - Courmayeur (ITA) 1999,,,JWM,,1999-09-02,1999-09-03,https://ifsc.results.info//api/v1/events/208
1999,214,Int. Event - Arco Rock Master (ITA) 1999,,,IE Arco,,1999-09-09,1999-09-10,https://ifsc.results.info//api/v1/events/214
1999,211,European Youth Cup - Albertville (FRA) 1999,22,European Youth Cup 1999,Albertville,,1999-10-15,1999-10-16,https://ifsc.results.info//api/v1/events/211
1999,206,UIAA Worldcup - Kranj (SLO) 1999,21,UIAA Climbing-Worldcup 1999,W-Kranj,,1999-11-11,1999-11-12,https://ifsc.results.info//api/v1/events/206
1999,212,EuropeanYouth Cup - Amsterdam (NED) 1999,22,European Youth Cup 1999,Amsterdam,,1999-11-26,1999-11-27,https://ifsc.results.info//api/v1/events/212
1999,207,UIAA World Championship - Birmingham (GBR) 1999,,,WM Birmingham,,1999-12-02,1999-12-03,https://ifsc.results.info//api/v1/events/207
1999,215,Int. Event - Sheffield (GBR) 1999,,,IE Sheffield,,1999-12-06,1999-12-07,https://ifsc.results.info//api/v1/events/215
2000,216,UIAA Worldcup - Konitsa (GRE) 2000,23,UIAA Climbing-Worldcup 2000,Konitsa,,2000-05-26,2000-05-27,https://ifsc.results.info//api/v1/events/216
2000,217,UIAA Worldcup - Millau (FRA) 2000,23,UIAA Climbing-Worldcup 2000,Milau,,2000-05-31,2000-06-01,https://ifsc.results.info//api/v1/events/217
2000,231,European Youth Cup - Imst (AUT) 2000,24,European Youth Cup 2000,Imst,,2000-06-02,2000-06-03,https://ifsc.results.info//api/v1/events/231
2000,218,UIAA Worldcup - Chamonix (FRA) 2000,23,UIAA Climbing-Worldcup 2000,Chamonix,,2000-07-11,2000-07-12,https://ifsc.results.info//api/v1/events/218
2000,235,Masters - Serre Chevalier (FRA) 2000,,,Serre Chevalier,,2000-07-16,2000-07-17,https://ifsc.results.info//api/v1/events/235
2000,236,Int. Event - Serre Chevalier (FRA) 2000,,,Serre Chevalier,,2000-07-19,2000-07-20,https://ifsc.results.info//api/v1/events/236
2000,219,UIAA Worldcup - Beauregard (ITA) 2000,23,UIAA Climbing-Worldcup 2000,Beauregard,,2000-07-21,2000-07-22,https://ifsc.results.info//api/v1/events/219
2000,237,Int. Event - L'Argentiere (FRA) 2000,,,L'Argentiere,,2000-07-24,2000-07-25,https://ifsc.results.info//api/v1/events/237
2000,220,UIAA Worldcup - München (GER) 2000,23,UIAA Climbing-Worldcup 2000,München,,2000-08-03,2000-08-04,https://ifsc.results.info//api/v1/events/220
2000,221,UIAA Worldcup - Grenoble (FRA) 2000,23,UIAA Climbing-Worldcup 2000,Grenoble,,2000-08-31,2000-09-01,https://ifsc.results.info//api/v1/events/221
2000,227,UIAA World Youth Championship - Amsterdam (NED) 2000,,,Amsterdam,,2000-08-31,2000-09-01,https://ifsc.results.info//api/v1/events/227
2000,234,Pan American Cup - Peru 2000,,,Peru,,2000-08-31,2000-09-01,https://ifsc.results.info//api/v1/events/234
2000,238,Int. Event - Rock Master Arco (ITA) 2000,,,Arco,,2000-09-08,2000-09-09,https://ifsc.results.info//api/v1/events/238
2000,229,UIAA Asian Youth Championship - Beijing (CHN) 2000,,,Beijing,,2000-09-14,2000-09-15,https://ifsc.results.info//api/v1/events/229
2000,222,UIAA Worldcup - Rovereto (ITA) 2000,23,UIAA Climbing-Worldcup 2000,Rovereto,,2000-09-15,2000-09-16,https://ifsc.results.info//api/v1/events/222
2000,223,UIAA Worldcup - Lecco (ITA) 2000,23,UIAA Climbing-Worldcup 2000,Lecco,,2000-09-22,2000-09-23,https://ifsc.results.info//api/v1/events/223
2000,224,UIAA Worldcup - Courmayeur (ITA) 2000,23,UIAA Climbing-Worldcup 2000,Courmayeur,,2000-09-28,2000-09-29,https://ifsc.results.info//api/v1/events/224
2000,230,UIAA European Championship - München (GER) 2000,,,EM München,,2000-10-06,2000-10-07,https://ifsc.results.info//api/v1/events/230
2000,239,1. Int. SALEWA Masters - Scheidegg 2000,,,Scheidegg,,2000-10-13,2000-10-14,https://ifsc.results.info//api/v1/events/239
2000,232,European Youth Cup - L'Aprica (ITA) 2000,24,European Youth Cup 2000,L'Aprica,,2000-10-27,2000-10-28,https://ifsc.results.info//api/v1/events/232
2000,225,UIAA Worldcup - Nantes (FRA) 2000,23,UIAA Climbing-Worldcup 2000,Nantes,,2000-11-01,2000-11-02,https://ifsc.results.info//api/v1/events/225
2000,226,UIAA Worldcup - Kranj (SLO) 2000,23,UIAA Climbing-Worldcup 2000,Kranj,,2000-11-16,2000-11-17,https://ifsc.results.info//api/v1/events/226
2000,228,UIAA Asian Championship - Kuala Lumpur (MAS) 2000,,,Kuala Lumpur,,2000-11-23,2000-11-24,https://ifsc.results.info//api/v1/events/228
2000,233,European Youth Cup - Kranj (SLO) 2000,24,European Youth Cup 2000,Kranj,,2000-12-01,2000-12-02,https://ifsc.results.info//api/v1/events/233
2001,263,North American Youth Championship - Berkeley (USA) 2001,,,Berkeley,,2001-02-02,2001-02-04,https://ifsc.results.info//api/v1/events/263
2001,264,Reg. Event - Nordic Championship - Malmö (SWE) 2001,,,Malmö,,2001-03-16,2001-03-17,https://ifsc.results.info//api/v1/events/264
2001,256,European Youth Cup Speed - Apatity (RUS) 2001,,,Apatity (Speed),,2001-03-28,2001-03-29,https://ifsc.results.info//api/v1/events/256
2001,257,European Youth Cup - Apatity (RUS) 2001,26,European Youth Cup 2001,Apatity,,2001-03-30,2001-04-01,https://ifsc.results.info//api/v1/events/257
2001,258,European Youth Cup - Trieste (ITA) 2001,26,European Youth Cup 2001,Trieste,,2001-04-06,2001-04-07,https://ifsc.results.info//api/v1/events/258
2001,265,Int. Event - Fontainebleau (FRA) 2001,,,Fontainebleau,,2001-06-07,2001-06-08,https://ifsc.results.info//api/v1/events/265
2001,259,European Youth Cup - Imst (AUT) 2001,26,European Youth Cup 2001,Imst,,2001-06-15,2001-06-16,https://ifsc.results.info//api/v1/events/259
2001,251,UIAA Youth World Championship SPEED - Imst (AUT) 2001,,,YWC Imst 2001 SPEED,,2001-06-21,2001-06-24,https://ifsc.results.info//api/v1/events/251
2001,250,UIAA Youth World Championship - Imst(AUT) 2001,,,YWC Imst 2001,,2001-06-21,2001-06-24,https://ifsc.results.info//api/v1/events/250
2001,240,UIAA Worldcup - GAP (FRA) 2001,25,UIAA Climbing-Worldcup 2001,Gap,,2001-06-29,2001-06-30,https://ifsc.results.info//api/v1/events/240
2001,260,European Youth Cup - Arco (ITA) 2001,26,European Youth Cup 2001,Arco,,2001-06-29,2001-06-30,https://ifsc.results.info//api/v1/events/260
2001,241,UIAA Worldcup - Chamonix (FRA) 2001,25,UIAA Climbing-Worldcup 2001,Chamonix,,2001-07-11,2001-07-15,https://ifsc.results.info//api/v1/events/241
2001,267,Int. Event - Lake Placid (USA) 2001,,,Lake Placid,,2001-07-12,2001-07-15,https://ifsc.results.info//api/v1/events/267
2001,268,Int. Event - Hood River (USA) 2001,,,Hood River,,2001-07-19,2001-07-21,https://ifsc.results.info//api/v1/events/268
2001,269,Int. Event - Serre Chevalier (FRA) 2001,,,Serre-Chevalier,,2001-07-19,2001-07-20,https://ifsc.results.info//api/v1/events/269
2001,242,UIAA Worldcup - Munich (GER ) 2001,25,UIAA Climbing-Worldcup 2001,Munich,,2001-07-21,2001-07-22,https://ifsc.results.info//api/v1/events/242
2001,255,UIAA Asian Youth Championship - Teheran (IRI) 2001,,,Teheran,,2001-07-25,2001-07-27,https://ifsc.results.info//api/v1/events/255
2001,270,Int. Event - L'Argentiere (FRA) 2001,,,L'Argentiere,,2001-07-26,2001-07-27,https://ifsc.results.info//api/v1/events/270
2001,243,UIAA Worldcup - Rovereto (ITA) 2001,25,UIAA Climbing-Worldcup 2001,Rovereto,,2001-08-31,2001-09-01,https://ifsc.results.info//api/v1/events/243
2001,244,UIAA World Championship - Winterthur (SUI) 2001,,,Winterthur,,2001-09-05,2001-09-08,https://ifsc.results.info//api/v1/events/244
2001,252,1st UIAA ASIAN CUP - Kunming (CHN),,,Kunming,,2001-09-13,2001-09-14,https://ifsc.results.info//api/v1/events/252
2001,271,Int. Event - Rock Master Arco (ITA) 2001,,,Arco,,2001-09-14,2001-09-16,https://ifsc.results.info//api/v1/events/271
2001,245,UIAA Worldcup - Lecco (ITA) 2001,25,UIAA Climbing-Worldcup 2001,Lecco,,2001-09-21,2001-09-22,https://ifsc.results.info//api/v1/events/245
2001,272,Int. Event - Blocmaster Grenoble (FRA) 2001,,,Grenoble,,2001-10-05,2001-10-07,https://ifsc.results.info//api/v1/events/272
2001,261,European Youth Cup - Aprica (ITA) 2001,26,European Youth Cup 2001,Aprica,,2001-10-12,2001-10-13,https://ifsc.results.info//api/v1/events/261
2001,273,2. Int. SALEWA Masters - Scheidegg (GER) 2001,,,Scheidegg,,2001-10-13,2001-10-13,https://ifsc.results.info//api/v1/events/273
2001,246,UIAA Worldcup - Aprica (ITA) 2001,25,UIAA Climbing-Worldcup 2001,Aprica,,2001-10-18,2001-10-19,https://ifsc.results.info//api/v1/events/246
2001,266,Reg. Event - Alpe Adria Cup - Trieste (ITA) 2001,,,Trieste,,2001-10-19,2001-10-21,https://ifsc.results.info//api/v1/events/266
2001,253,UIAA Asian Championship - Jakarta (INA) 2001,,,Jakarta,,2001-10-26,2001-10-27,https://ifsc.results.info//api/v1/events/253
2001,247,UIAA Worldcup - Kuala Lumpur (MAS) 2001,25,UIAA Climbing-Worldcup 2001,Kuala Lumpur,,2001-11-02,2001-11-04,https://ifsc.results.info//api/v1/events/247
2001,274,Int. Event - Master WARSAW (POL) 2001,,,WarSaw,,2001-11-09,2001-11-10,https://ifsc.results.info//api/v1/events/274
2001,248,UIAA Worldcup - Kranj (SLO) 2001,25,UIAA Climbing-Worldcup 2001,Kranj,,2001-11-16,2001-11-18,https://ifsc.results.info//api/v1/events/248
2001,254,Asian Bouldering Championship - Taipei (TPE) 2001,,,Taipei,,2001-11-23,2001-11-24,https://ifsc.results.info//api/v1/events/254
2001,249,UIAA Worldcup - Birmingham (GBR) 2001,25,UIAA Climbing-Worldcup 2001,Birmingham,,2001-12-06,2001-12-07,https://ifsc.results.info//api/v1/events/249
2001,262,European Youth Cup - Birmingham (GBR) 2001,26,European Youth Cup 2001,Birmingham,,2001-12-07,2001-12-09,https://ifsc.results.info//api/v1/events/262
2002,297,Latin American Championship,,,Latin American,,2001-12-31,2002-01-01,https://ifsc.results.info//api/v1/events/297
2002,299,Int. Event - Marseille International Youth (FRA),,,Marseille,,2002-04-12,2002-04-13,https://ifsc.results.info//api/v1/events/299
2002,300,Int. Event - Klimax Goldfinger - Puurs (BEL) 2002,,,Klimax,,2002-04-20,2002-04-20,https://ifsc.results.info//api/v1/events/300
2002,275,UIAA Worldcup - Bolzano (ITA) 2002,27,UIAA Climbing-Worldcup 2002,Bolzano,,2002-04-26,2002-04-28,https://ifsc.results.info//api/v1/events/275
2002,276,UIAA Worldcup - Yekaterinburg (RUS) 2002 - Red Cards withdrawn,27,UIAA Climbing-Worldcup 2002,Yekaterinburg,,2002-05-17,2002-05-19,https://ifsc.results.info//api/v1/events/276
2002,277,2. UIAA Worldcup - Yekaterinburg (RUS) 2002,27,UIAA Climbing-Worldcup 2002,Yekaterinburg 2,,2002-05-22,2002-05-22,https://ifsc.results.info//api/v1/events/277
2002,278,3. UIAA Worldcup - Yekaterinburg (RUS) 2002,27,UIAA Climbing-Worldcup 2002,Yekaterinburg 3,,2002-05-25,2002-05-26,https://ifsc.results.info//api/v1/events/278
2002,279,UIAA Worldcup - Imst (AUT) 2002,27,UIAA Climbing-Worldcup 2002,Imst,,2002-06-06,2002-06-07,https://ifsc.results.info//api/v1/events/279
2002,280,UIAA Worldcup - Fiera di Primiero (ITA) 2002,27,UIAA Climbing-Worldcup 2002,Fiera di Primiero,,2002-06-13,2002-06-14,https://ifsc.results.info//api/v1/events/280
2002,293,European Youth Cup - Imst (AUT) 2002,28,European Youth Cup 2002,Imst,,2002-06-14,2002-06-15,https://ifsc.results.info//api/v1/events/293
2002,294,European Youth Cup - Arco (ITA) 2002,28,European Youth Cup 2002,Arco,,2002-06-21,2002-06-22,https://ifsc.results.info//api/v1/events/294
2002,301,Rock Junior - Arco (ITA) 2002,,,Arco Junior,,2002-06-21,2002-06-23,https://ifsc.results.info//api/v1/events/301
2002,281,UIAA Worldcup - Lecco (ITA) 2002 - speed,27,UIAA Climbing-Worldcup 2002,Lecco,,2002-06-24,2002-06-24,https://ifsc.results.info//api/v1/events/281
2002,282,UIAA Worldcup - Lecco (ITA) 2002 - boulder,27,UIAA Climbing-Worldcup 2002,Lecco,,2002-06-25,2002-06-26,https://ifsc.results.info//api/v1/events/282
2002,283,UIAA Worldcup - Lecco (ITA) 2002 - difficulty,27,UIAA Climbing-Worldcup 2002,Lecco,,2002-06-28,2002-06-29,https://ifsc.results.info//api/v1/events/283
2002,292,UIAA European Championship - Chamonix (FRA) 2002,,,Chamonix,,2002-07-11,2002-07-14,https://ifsc.results.info//api/v1/events/292
2002,302,Int. Event - Serre Chevalier (FRA) 2002,,,Serre Chevalier,,2002-07-18,2002-07-19,https://ifsc.results.info//api/v1/events/302
2002,303,Int. Event - L'Argentière (FRA) 2002,,,L'Argentière,,2002-07-25,2002-07-26,https://ifsc.results.info//api/v1/events/303
2002,304,Int. Event - Speed Rock - Daone (ITA),,,Daone,,2002-07-28,2002-07-28,https://ifsc.results.info//api/v1/events/304
2002,284,UIAA Worldcup - Singapore (SIN) 2002,27,UIAA Climbing-Worldcup 2002,Singapore,,2002-08-23,2002-08-25,https://ifsc.results.info//api/v1/events/284
2002,305,Int. Event - Arco Rockmaster (ITA) 2002,,,Arco,,2002-09-06,2002-09-07,https://ifsc.results.info//api/v1/events/305
2002,285,UIAA Worldcup - Rovereto (ITA) 2002,27,UIAA Climbing-Worldcup 2002,Rovereto,,2002-09-13,2002-09-14,https://ifsc.results.info//api/v1/events/285
2002,288,UIAA Youth World Championship Speed - Canteleu (FRA) 2002,,,Canteleu,,2002-09-26,2002-09-27,https://ifsc.results.info//api/v1/events/288
2002,289,UIAA World Youth Championship - Canteleu (FRA) 2002,,,Canteleu,,2002-09-27,2002-09-28,https://ifsc.results.info//api/v1/events/289
2002,290,UIAA Asian Championship - Toyama (JPN) 2002,,,Toyama,,2002-10-11,2002-10-12,https://ifsc.results.info//api/v1/events/290
2002,286,UIAA Worldcup - Aprica (ITA) 2002,27,UIAA Climbing-Worldcup 2002,Aprica,,2002-10-17,2002-10-18,https://ifsc.results.info//api/v1/events/286
2002,298,UIAA North American Youth Championship 2002,,,North American Youth,,2002-11-08,2002-11-09,https://ifsc.results.info//api/v1/events/298
2002,295,European Youth Cup - Veliko Tarnovo (BUL) 2002,28,European Youth Cup 2002,Veliko Tarnovo,,2002-11-08,2002-11-09,https://ifsc.results.info//api/v1/events/295
2002,287,UIAA Worldcup - Kranj (SLO) 2002,27,UIAA Climbing-Worldcup 2002,Kranj,,2002-11-15,2002-11-17,https://ifsc.results.info//api/v1/events/287
2002,296,European Youth Cup - Kranj (SLO) 2002,28,European Youth Cup 2002,Kranj,,2002-11-22,2002-11-23,https://ifsc.results.info//api/v1/events/296
2002,306,Int. Event - Schengzheng (CHN) 2002,,,Schengzheng,,2002-12-06,2002-12-07,https://ifsc.results.info//api/v1/events/306
2002,291,Asian Youth Championship - Malaysia 2002,,,Malaysia,,2002-12-20,2002-12-21,https://ifsc.results.info//api/v1/events/291
2003,333,UIAA North American Youth Championship - not confirmed,,,North American Youth,,2002-12-31,2003-01-01,https://ifsc.results.info//api/v1/events/333
2003,335,Int. Event - Birmingham (GBR) 2003,,,Birmingham,,2003-03-14,2003-03-16,https://ifsc.results.info//api/v1/events/335
2003,336,Int. Event - Open Youth Marseille (FRA) 2003,,,Marseille,,2003-04-25,2003-04-26,https://ifsc.results.info//api/v1/events/336
2003,334,Nordic Championships - Oslo (NOR) 2003,,,Oslo,,2003-05-02,2003-05-03,https://ifsc.results.info//api/v1/events/334
2003,328,European Youth Cup - Imst (AUT) 2003,30,European Youth Cup 2003,Imst,,2003-05-16,2003-05-17,https://ifsc.results.info//api/v1/events/328
2003,307,UIAA Worldcup - Imst (AUT) 2003,29,UIAA Climbing-Worldcup 2003,Imst,,2003-05-22,2003-05-23,https://ifsc.results.info//api/v1/events/307
2003,332,Panamerican Championships - Mexico City (MEX) 2003,,,Mexico,,2003-05-23,2003-05-25,https://ifsc.results.info//api/v1/events/332
2003,337,Rock Junior - Arco (ITA) 2003,,,Rock Junior,,2003-05-30,2003-05-31,https://ifsc.results.info//api/v1/events/337
2003,308,UIAA Worldcup - Yekaterinburg (RUS) 2003 (B+S),29,UIAA Climbing-Worldcup 2003,Yekaterinburg B+S,,2003-05-30,2003-06-01,https://ifsc.results.info//api/v1/events/308
2003,329,European Youth Cup - Arco (ITA) 2003,30,European Youth Cup 2003,Arco,,2003-05-30,2003-05-31,https://ifsc.results.info//api/v1/events/329
2003,309,UIAA Worldcup - Yekaterinburg (RUS) 2003 (S),29,UIAA Climbing-Worldcup 2003,Yekaterinburg S,,2003-06-04,2003-06-04,https://ifsc.results.info//api/v1/events/309
2003,338,Spiderkids - Youth Color Climbing Festival - Imst (AUT) 2003,,,YCCF Imst,,2003-06-06,2003-06-07,https://ifsc.results.info//api/v1/events/338
2003,310,UIAA Worldcup - Yekaterinburg (RUS) 2003 (D+S),29,UIAA Climbing-Worldcup 2003,Yekaterinburg D+S,,2003-06-06,2003-06-08,https://ifsc.results.info//api/v1/events/310
2003,311,UIAA Worldcup - Fiera di Primiero (ITA) 2003,29,UIAA Climbing-Worldcup 2003,Fiera di Primiero,,2003-06-13,2003-06-15,https://ifsc.results.info//api/v1/events/311
2003,312,UIAA Worldcup - Lecco (ITA) 2003 (speed),29,UIAA Climbing-Worldcup 2003,Lecco Speed,,2003-06-23,2003-06-23,https://ifsc.results.info//api/v1/events/312
2003,313,UIAA Worldcup - Lecco (ITA) 2003 (boulder),29,UIAA Climbing-Worldcup 2003,Lecco Bouldern,,2003-06-24,2003-06-25,https://ifsc.results.info//api/v1/events/313
2003,314,UIAA Worldcup - Lecco (ITA) 2003 (difficulty),29,UIAA Climbing-Worldcup 2003,Lecco,,2003-06-27,2003-06-28,https://ifsc.results.info//api/v1/events/314
2003,339,"Spiderkids - 6. Int Trophy ""Citta'di Ravenna"" (ITA) 2003",,,Ravenna,,2003-06-27,2003-06-29,https://ifsc.results.info//api/v1/events/339
2003,340,Int. Event - Speed Rock Daone (ITA) 2003 - not confirmed,,,Daone,,2003-06-30,2003-07-01,https://ifsc.results.info//api/v1/events/340
2003,341,"Int. Event - Master/Event of Daroca, Zaragosa (ESP) 2003",,,Zaragosa,,2003-07-04,2003-07-05,https://ifsc.results.info//api/v1/events/341
2003,315,UIAA Worldchampionship - Chamonix (FRA) 2003,,,Chamonix,,2003-07-09,2003-07-13,https://ifsc.results.info//api/v1/events/315
2003,342,Int. Event - Serre Chevalier (FRA) 2003,,,Serre Chevalier,,2003-07-17,2003-07-18,https://ifsc.results.info//api/v1/events/342
2003,316,UIAA Worldcup - L'Argentière (FRA) 2003,29,UIAA Climbing-Worldcup 2003,Argentiere,,2003-07-24,2003-07-25,https://ifsc.results.info//api/v1/events/316
2003,317,UIAA Worldcup - Val Daone (ITA) 2003,29,UIAA Climbing-Worldcup 2003,Val Daone,,2003-07-25,2003-07-26,https://ifsc.results.info//api/v1/events/317
2003,318,UIAA Worldcup - Aviles (ESP) 2003,29,UIAA Climbing-Worldcup 2003,Aviles,,2003-08-21,2003-08-22,https://ifsc.results.info//api/v1/events/318
2003,327,UIAA Asian Championship - Beijing (CHN) 2003,,,Beijing,,2003-08-22,2003-08-23,https://ifsc.results.info//api/v1/events/327
2003,343,Int. Event - Boulder Masters Grenoble (FRA) 2003,,,Grenoble,,2003-08-28,2003-08-29,https://ifsc.results.info//api/v1/events/343
2003,319,UIAA Worldcup - Rovereto (ITA) 2003,29,UIAA Climbing-Worldcup 2003,Rovereto,,2003-09-11,2003-09-12,https://ifsc.results.info//api/v1/events/319
2003,330,European Youth Cup - Niederwangen (SUI) 2003,30,European Youth Cup 2003,Bern,,2003-09-12,2003-09-13,https://ifsc.results.info//api/v1/events/330
2003,344,Int. Event - La Colmiane (FRA) 2003,,,La Colmiane,,2003-09-18,2003-09-19,https://ifsc.results.info//api/v1/events/344
2003,326,Youth Worldchampionship - Veliko Tarnovo (BUL) 2003,,,Veliko Tarnovo,,2003-09-19,2003-09-21,https://ifsc.results.info//api/v1/events/326
2003,345,Int. Event - Arco Rockmaster (ITA) 2003,,,Arco,,2003-09-26,2003-09-27,https://ifsc.results.info//api/v1/events/345
2003,346,Spiderkids - Open Youth Climbing Championship of the Czech Republic - Brno (CZE) 2003,,,Brno,,2003-09-27,2003-09-27,https://ifsc.results.info//api/v1/events/346
2003,320,UIAA Worldcup - Aprica (ITA) 2003,29,UIAA Climbing-Worldcup 2003,Aprica,,2003-10-02,2003-10-03,https://ifsc.results.info//api/v1/events/320
2003,321,UIAA Worldcup - Prague (CZE) 2003,29,UIAA Climbing-Worldcup 2003,Prague,,2003-10-10,2003-10-11,https://ifsc.results.info//api/v1/events/321
2003,322,UIAA Worldcup - Valence (FRA) 2003,29,UIAA Climbing-Worldcup 2003,Valence,,2003-10-30,2003-10-31,https://ifsc.results.info//api/v1/events/322
2003,323,UIAA Worldcup - Kranj (SLO) 2003,29,UIAA Climbing-Worldcup 2003,Kranj,,2003-11-14,2003-11-16,https://ifsc.results.info//api/v1/events/323
2003,324,UIAA Worldcup - Shenzen (CHN) 2003,29,UIAA Climbing-Worldcup 2003,Shenzen,,2003-11-21,2003-11-23,https://ifsc.results.info//api/v1/events/324
2003,331,European Youth Cup - Kranj (SLO) 2003,30,European Youth Cup 2003,Kranj,,2003-11-22,2003-11-23,https://ifsc.results.info//api/v1/events/331
2003,325,UIAA Worldcup - Edinburgh (GBR) 2003,29,UIAA Climbing-Worldcup 2003,Edinburgh,,2003-12-04,2003-12-07,https://ifsc.results.info//api/v1/events/325
2004,374,UIAA Nordic Championship Bouldering (NOR) 2004,,,Nordic Championship,,2004-02-27,2004-02-28,https://ifsc.results.info//api/v1/events/374
2004,347,UIAA Worldcup - Birmingham (GBR) 2004,31,UIAA Climbing-Worldcup 2004,Birmingham,,2004-04-02,2004-04-04,https://ifsc.results.info//api/v1/events/347
2004,366,European Youth Cup - Geneva (SUI) 2004,32,European Youth Cup 2004,EYC Geneva,,2004-04-02,2004-04-03,https://ifsc.results.info//api/v1/events/366
2004,376,Int. Event - Open Youth Marseille (FRA) 2004,,,Marseille,,2004-04-14,2004-04-15,https://ifsc.results.info//api/v1/events/376
2004,348,UIAA Worldcup - Erlangen (GER) 2004,31,UIAA Climbing-Worldcup 2004,Erlangen,,2004-04-15,2004-04-16,https://ifsc.results.info//api/v1/events/348
2004,349,UIAA Worldcup - Puurs (BEL) 2004,31,UIAA Climbing-Worldcup 2004,Puurs,,2004-04-23,2004-04-25,https://ifsc.results.info//api/v1/events/349
2004,377,Int. Event Melloblocco - Val di Mello (ITA) 2004,,,Melloblocco,,2004-05-07,2004-05-08,https://ifsc.results.info//api/v1/events/377
2004,367,European Youth Cup - Imst (AUT) 2004,32,European Youth Cup 2004,EYC Imst,,2004-05-14,2004-05-15,https://ifsc.results.info//api/v1/events/367
2004,375,Polish Youth Championship - Gdansk 2004,,,Gdansk,,2004-05-21,2004-05-22,https://ifsc.results.info//api/v1/events/375
2004,378,EYCD - European Youth Climbing Days Arco (ITA) 2004,,,Youth Arco,,2004-05-28,2004-05-29,https://ifsc.results.info//api/v1/events/378
2004,350,UIAA Worldcup - Imst (AUT) 2004,31,UIAA Climbing-Worldcup 2004,Imst,,2004-05-28,2004-05-29,https://ifsc.results.info//api/v1/events/350
2004,379,Spiderkids - Youth Color Climbing Festival Imst (AUT) 2004,,,Youth Imnt,,2004-06-04,2004-06-05,https://ifsc.results.info//api/v1/events/379
2004,351,UIAA Worldcup - Fiera di Primiero (ITA) 2004,31,UIAA Climbing-Worldcup 2004,Fiera di Primiero,,2004-06-18,2004-06-20,https://ifsc.results.info//api/v1/events/351
2004,365,UIAA European Championship - Lecco (ITA) 2004,,,European Champ.,,2004-06-21,2004-06-27,https://ifsc.results.info//api/v1/events/365
2004,380,Int. Youth Event - Citta di Ravenna (ITA) 2004,,,Citta di Ravenna,,2004-06-25,2004-06-27,https://ifsc.results.info//api/v1/events/380
2004,381,Int. Youth Event - Petzen Trophy Kärnten (AUT) 2004,,,Kärnten,,2004-07-09,2004-07-10,https://ifsc.results.info//api/v1/events/381
2004,352,UIAA Worldcup - Chamonix (FRA) 2004,31,UIAA Climbing-Worldcup 2004,Chamonix,,2004-07-11,2004-07-12,https://ifsc.results.info//api/v1/events/352
2004,353,UIAA Worldcup - Val Daone (ITA) 2004,31,UIAA Climbing-Worldcup 2004,Val Daone,,2004-07-16,2004-07-17,https://ifsc.results.info//api/v1/events/353
2004,382,Int. Event - OutDoor Climbing Events 2004 - Friedrichshafen (GER) 2004,,,Friedrichshafen,,2004-07-22,2004-07-23,https://ifsc.results.info//api/v1/events/382
2004,354,UIAA Worldcup - L'Argentière La Bessée (FRA) 2004,31,UIAA Climbing-Worldcup 2004,L'Argentière,,2004-07-28,2004-07-29,https://ifsc.results.info//api/v1/events/354
2004,355,UIAA Worldcup - Bardonecchia (ITA) 2004,31,UIAA Climbing-Worldcup 2004,Bardonecchia,,2004-08-19,2004-08-21,https://ifsc.results.info//api/v1/events/355
2004,368,European Youth Cup + Festival - Veliko Tarnovo (BUL) 2004,32,European Youth Cup 2004,EYC Veliko Tarnovo,,2004-08-19,2004-08-22,https://ifsc.results.info//api/v1/events/368
2004,372,UIAA Central-South American Youth - S. Antonio de los Altos (VEN) 2004,,,Latin Am. Youth,,2004-08-19,2004-08-25,https://ifsc.results.info//api/v1/events/372
2004,383,Spiderkids - Kids Climbing Competition of Aggtelek (HUN) 2004,,,Aggtelek,,2004-08-20,2004-08-21,https://ifsc.results.info//api/v1/events/383
2004,370,UIAA Central-South American Championship - S. Antonio de los Altos (VEN) 2004,,,Cent.South Am.Champ.,,2004-08-25,2004-08-29,https://ifsc.results.info//api/v1/events/370
2004,384,Int. Event - Grenoble (FRA) 2004,,,Grenoble,,2004-08-26,2004-08-27,https://ifsc.results.info//api/v1/events/384
2004,385,Int. Event - Rockmaster Arco (ITA) 2004,,,Arco,,2004-09-03,2004-09-04,https://ifsc.results.info//api/v1/events/385
2004,363,UIAA World Youth Championship - Edinburgh (GBR) 2004,,,World Youth Champ.,,2004-09-10,2004-09-12,https://ifsc.results.info//api/v1/events/363
2004,356,UIAA Worldcup - Marbella (ESP) 2004,31,UIAA Climbing-Worldcup 2004,Marbella,,2004-09-17,2004-09-18,https://ifsc.results.info//api/v1/events/356
2004,357,UIAA Worldcup - Huzou (CHN) 2004,31,UIAA Climbing-Worldcup 2004,Huzou,,2004-09-24,2004-09-26,https://ifsc.results.info//api/v1/events/357
2004,358,UIAA Worldcup - Shanghai (CHN) 2004,31,UIAA Climbing-Worldcup 2004,Shanghai,,2004-10-01,2004-10-02,https://ifsc.results.info//api/v1/events/358
2004,359,UIAA Worldcup - Aprica (ITA) 2004,31,UIAA Climbing-Worldcup 2004,Aprica,,2004-10-21,2004-10-22,https://ifsc.results.info//api/v1/events/359
2004,360,UIAA Worldcup - Valence (FRA) 2004,31,UIAA Climbing-Worldcup 2004,Valence,,2004-10-28,2004-10-29,https://ifsc.results.info//api/v1/events/360
2004,364,UIAA Asian Championship - Jeolla Nam Do (KOR) 2004,,,Asian Champ.,,2004-10-29,2004-10-30,https://ifsc.results.info//api/v1/events/364
2004,386,Spiderkids - Int. Youth Climbing Competitions Darvas Cup (HUN) 2004,,,Darvas Cup,,2004-10-29,2004-10-30,https://ifsc.results.info//api/v1/events/386
2004,361,UIAA Worldcup - Brno (CZE) 2004,31,UIAA Climbing-Worldcup 2004,Brno,,2004-11-11,2004-11-12,https://ifsc.results.info//api/v1/events/361
2004,362,UIAA Worldcup - Kranj (SLO) 2004,31,UIAA Climbing-Worldcup 2004,Kranj,,2004-11-19,2004-11-20,https://ifsc.results.info//api/v1/events/362
2004,387,Int. Event - Asia Cup Uttarkashi (IND) 2004,,,Asia Cup India,,2004-11-19,2004-11-21,https://ifsc.results.info//api/v1/events/387
2004,371,North American Championship - Mexico City (MEX) 2004 (incl. SpiderKids),,,North American Ch.,,2004-11-24,2004-11-28,https://ifsc.results.info//api/v1/events/371
2004,373,North American Championship - Mexico City (MEX) 2004 (Youth Bouldering),,,North American Ch. B,,2004-11-24,2004-11-28,https://ifsc.results.info//api/v1/events/373
2004,369,European Youth Cup - Kranj (SLO) 2004,32,European Youth Cup 2004,EYC Kranj,,2004-11-26,2004-11-27,https://ifsc.results.info//api/v1/events/369
2005,388,UIAA Worldcup (B) - Birmingham (GBR) 2005,33,UIAA Climbing Worldcup 2005,Birmingham (B),,2005-03-18,2005-03-20,https://ifsc.results.info//api/v1/events/388
2005,389,UIAA Worldcup (B+S) - Moscow (RUS) 2005,33,UIAA Climbing Worldcup 2005,Moscow (B+S),,2005-04-08,2005-04-10,https://ifsc.results.info//api/v1/events/389
2005,390,UIAA Worldcup (S) - Moscow (RUS) 2005,33,UIAA Climbing Worldcup 2005,Moscow (S),,2005-04-10,2005-04-10,https://ifsc.results.info//api/v1/events/390
2005,407,European Youth Cup - Brno (CZE) 2005,34,European Youth Cup 2005,EYC Brno,,2005-04-15,2005-04-16,https://ifsc.results.info//api/v1/events/407
2005,413,Int. Event - Open Youth Marseille (FRA) 2005,,,Marseille,,2005-04-22,2005-04-23,https://ifsc.results.info//api/v1/events/413
2005,391,UIAA Worldcup (L+S) - Veliko Tarnovo (BUL) 2005,33,UIAA Climbing Worldcup 2005,Veliko Tarnovo (L+S),,2005-04-23,2005-04-25,https://ifsc.results.info//api/v1/events/391
2005,392,UIAA Worldcup (L) - Puurs (BEL) 2005,33,UIAA Climbing Worldcup 2005,Puurs (L),,2005-04-28,2005-04-29,https://ifsc.results.info//api/v1/events/392
2005,414,Int. Event (B) Mello Blocco - Val Masino (ITA) 2005,,,Val Masino,,2005-05-06,2005-05-07,https://ifsc.results.info//api/v1/events/414
2005,408,European Youth Cup - Imst (AUT) 2005,34,European Youth Cup 2005,Imst,,2005-05-20,2005-05-21,https://ifsc.results.info//api/v1/events/408
2005,393,UIAA Worldcup (L) - Imst (AUT) 2005,33,UIAA Climbing Worldcup 2005,Imst (L),,2005-05-26,2005-05-27,https://ifsc.results.info//api/v1/events/393
2005,415,Spiderkids - Youth Color Climbing Festival Imst (AUT) 2005,,,Imst YCCF,,2005-06-03,2005-06-04,https://ifsc.results.info//api/v1/events/415
2005,394,UIAA Worldcup (B) - Fiera di Primiero (ITA) 2005,33,UIAA Climbing Worldcup 2005,Fiera (B),,2005-06-16,2005-06-17,https://ifsc.results.info//api/v1/events/394
2005,416,Int. Event (L+B+S) Rock Junior - Arco (ITA) 2005,,,Arco Rock Junior,,2005-06-17,2005-06-18,https://ifsc.results.info//api/v1/events/416
2005,395,UIAA Worldcup (L) - Zürich (SUI) 2005,33,UIAA Climbing Worldcup 2005,Zürich (L),,2005-06-24,2005-06-25,https://ifsc.results.info//api/v1/events/395
2005,417,Int. Youth Event - Citta di Ravenna (ITA) 2005,,,Citta di Ravenna,,2005-06-24,2005-06-26,https://ifsc.results.info//api/v1/events/417
2005,396,UIAA World Championship - Munich (GER) 2005,,,Munich,,2005-07-01,2005-07-05,https://ifsc.results.info//api/v1/events/396
2005,418,Int. Event - EYOF Climbing Demonstration Ligano (ITA),,,Ligano,,2005-07-07,2005-07-07,https://ifsc.results.info//api/v1/events/418
2005,420,Int. Youth Event - EYOF - Lignano (ITA) 2005,,,Lignano Youth,,2005-07-08,2005-07-09,https://ifsc.results.info//api/v1/events/420
2005,419,Int. Youth Event - Petzen Trophy Kärnten 2005,,,Kärnten,,2005-07-08,2005-07-10,https://ifsc.results.info//api/v1/events/419
2005,397,UIAA Worldcup (L+S) - Chamonix (FRA) 2005,33,UIAA Climbing Worldcup 2005,Chamonix (L+S),,2005-07-12,2005-07-13,https://ifsc.results.info//api/v1/events/397
2005,412,International World Games (L+S) - Duisburg (GER) 2005,,,Duisburg,,2005-07-22,2005-07-23,https://ifsc.results.info//api/v1/events/412
2005,398,UIAA Worldcup (S) - Daone (ITA) 2005,33,UIAA Climbing Worldcup 2005,Daone (S),,2005-07-29,2005-07-30,https://ifsc.results.info//api/v1/events/398
2005,421,Int. Event (L) - Serre Chevalier (FRA) 2005,,,Serre Chevalier,,2005-07-29,2005-07-30,https://ifsc.results.info//api/v1/events/421
2005,422,Int. Event (B) - L'Argentiere (FRA) 2005,,,L'Argentiere,,2005-08-05,2005-08-05,https://ifsc.results.info//api/v1/events/422
2005,404,UIAA World Youth Championship - Bejing (CHN) 2005,,,Bejing,,2005-08-24,2005-08-25,https://ifsc.results.info//api/v1/events/404
2005,423,Int. Event (L+B+S) ROCKMASTER - Arco (ITA) 2005,,,Arco,,2005-09-02,2005-09-03,https://ifsc.results.info//api/v1/events/423
2005,399,UIAA Worldcup (L) - Marbella (ESP) 2005,33,UIAA Climbing Worldcup 2005,Marbella (L),,2005-09-16,2005-09-17,https://ifsc.results.info//api/v1/events/399
2005,405,UIAA Asian Championship - Iran 2005,,,Iran,,2005-09-22,2005-09-23,https://ifsc.results.info//api/v1/events/405
2005,400,UIAA Worldcup (B) - Firminy (FRA) 2005,33,UIAA Climbing Worldcup 2005,Firminy (B),,2005-09-29,2005-09-30,https://ifsc.results.info//api/v1/events/400
2005,424,Int. Event (L) - Lisbon (POR) 2005,,,Lisbon,,2005-09-30,2005-10-01,https://ifsc.results.info//api/v1/events/424
2005,409,European Youth Cup - Geneva (SUI) 2005,34,European Youth Cup 2005,Geneva,,2005-10-07,2005-10-08,https://ifsc.results.info//api/v1/events/409
2005,401,UIAA Worldcup (L+S) - Shanghai (CHN) 2005,33,UIAA Climbing Worldcup 2005,Shanghai (L+S),,2005-10-21,2005-10-22,https://ifsc.results.info//api/v1/events/401
2005,402,UIAA Worldcup (L) - Valence (FRA) 2005,33,UIAA Climbing Worldcup 2005,Valence (L),,2005-10-27,2005-10-29,https://ifsc.results.info//api/v1/events/402
2005,410,European Youth Cup - Penne (ITA) 2005,34,European Youth Cup 2005,Penne,,2005-11-04,2005-11-05,https://ifsc.results.info//api/v1/events/410
2005,403,UIAA Worldcup (L) - Kranj (SLO) 2005,33,UIAA Climbing Worldcup 2005,Kranj (L),,2005-11-18,2005-11-19,https://ifsc.results.info//api/v1/events/403
2005,411,European Youth Cup - Kranj (SLO) 2005,34,European Youth Cup 2005,Kranj,,2005-11-25,2005-11-26,https://ifsc.results.info//api/v1/events/411
2005,406,Asian Youth Championships,,,AYC,,2005-12-03,2005-12-04,https://ifsc.results.info//api/v1/events/406
2006,425,UIAA Climbing Worldcup (B) - Birmingham (GBR) 2006,35,UIAA Climbing Worldcup 2006,Birmingham (B),,2006-03-17,2006-03-19,https://ifsc.results.info//api/v1/events/425
2006,426,UIAA Climbing Worldcup (B+S) - Veliko Tarnovo (BUL) 2006,35,UIAA Climbing Worldcup 2006,Veliko Tarnovo (B+S),,2006-04-21,2006-04-22,https://ifsc.results.info//api/v1/events/426
2006,453,Int. Event - Open Youth Marseille (FRA) 2006,,,Marseille,,2006-04-22,2006-04-23,https://ifsc.results.info//api/v1/events/453
2006,427,UIAA Climbing Worldcup (L) - Puurs (BEL) 2006,35,UIAA Climbing Worldcup 2006,Puurs (L),,2006-04-28,2006-04-29,https://ifsc.results.info//api/v1/events/427
2006,454,Promotional Event - Melloblocco (ITA) 2006,,,Melloblocco,,2006-05-06,2006-05-07,https://ifsc.results.info//api/v1/events/454
2006,428,UIAA Climbing Worldcup (B) - Rovereto (ITA) 2006,35,UIAA Climbing Worldcup 2006,Rovereto (B),,2006-05-12,2006-05-14,https://ifsc.results.info//api/v1/events/428
2006,429,UIAA Climbing Worldcup (L+S) - Dresden (GER) 2006,35,UIAA Climbing Worldcup 2006,Dresden (L+S),,2006-05-19,2006-05-20,https://ifsc.results.info//api/v1/events/429
2006,451,Central South America Championship - San Juan de los Morros (VEN),,,Cent.South Am.Champ.,,2006-05-19,2006-05-21,https://ifsc.results.info//api/v1/events/451
2006,446,European Youth Cup - Imst (AUT) 2006 after disqualification,36,European Youth Cup 2006,EYC Imst,,2006-05-27,2006-05-28,https://ifsc.results.info//api/v1/events/446
2006,455,Youth Color Climbing Festival Imst (AUT) 2006,,,YCCF Imst,,2006-06-02,2006-06-03,https://ifsc.results.info//api/v1/events/455
2006,430,UIAA Climbing Worldcup (B) - Grindelwald (SUI) 2006,35,UIAA Climbing Worldcup 2006,Grindelwald (B),,2006-06-09,2006-06-10,https://ifsc.results.info//api/v1/events/430
2006,431,UIAA Climbing Worldcup (B) - Fiera di Primiero (ITA) 2006,35,UIAA Climbing Worldcup 2006,Fiera di Primiero(B),,2006-06-16,2006-06-17,https://ifsc.results.info//api/v1/events/431
2006,456,Int. Event (L+B+S) Rock Junior - Arco (ITA) 2006,,,Arco Rock Junior,,2006-06-17,2006-06-18,https://ifsc.results.info//api/v1/events/456
2006,432,UIAA Climbing Worldcup (B) - Hall (AUT) 2006,35,UIAA Climbing Worldcup 2006,Hall (B),,2006-06-22,2006-06-23,https://ifsc.results.info//api/v1/events/432
2006,457,Int. Youth Event - Citta di Ravenna (ITA) 2006,,,Citta di Ravenna,,2006-06-23,2006-06-25,https://ifsc.results.info//api/v1/events/457
2006,445,UIAA European Championship - Ekatarinburg (RUS) 2006,,,Ekatarinburg,,2006-06-29,2006-07-03,https://ifsc.results.info//api/v1/events/445
2006,459,Int. Youth Event - Petzen Trophy Kärnten (AUT) 2006,,,Kärnten,,2006-07-07,2006-07-09,https://ifsc.results.info//api/v1/events/459
2006,458,Spiderkids - Kärnten (AUT) 2006,,,Spiderkids Kärnten,,2006-07-07,2006-07-08,https://ifsc.results.info//api/v1/events/458
2006,433,UIAA Climbing Worldcup (L+S) - Chamonix (FRA) 2006,35,UIAA Climbing Worldcup 2006,Chamonix (L+S),,2006-07-12,2006-07-13,https://ifsc.results.info//api/v1/events/433
2006,460,Int. Event (L) - Serre Chevalier (FRA) 2006,,,Serre Chevalier,,2006-07-21,2006-07-22,https://ifsc.results.info//api/v1/events/460
2006,447,European Youth Cup - Gdansk (POL) 2006,36,European Youth Cup 2006,EYC Gdansk,,2006-07-22,2006-07-23,https://ifsc.results.info//api/v1/events/447
2006,461,Promotional Event (L+S) - Friedrichshafen 2006,,,Friedrichshafen,,2006-07-24,2006-07-26,https://ifsc.results.info//api/v1/events/461
2006,462,International Event (B) - L'Argentiere la Bessee (FRA) 2006,,,L'Argentiere,,2006-07-28,2006-07-28,https://ifsc.results.info//api/v1/events/462
2006,434,UIAA Climbing Worldcup (L) - Qinghai Province (CHN) 2006,35,UIAA Climbing Worldcup 2006,Qinghai (L),,2006-07-29,2006-07-30,https://ifsc.results.info//api/v1/events/434
2006,435,UIAA Climbing Worldcup (S) - Val Daone (ITA) 2006,35,UIAA Climbing Worldcup 2006,Daone (S),,2006-07-29,2006-07-30,https://ifsc.results.info//api/v1/events/435
2006,436,UIAA Climbing Worldcup (L+S) - Singapore (SIN) 2006,35,UIAA Climbing Worldcup 2006,Singapore (L+S),,2006-08-05,2006-08-06,https://ifsc.results.info//api/v1/events/436
2006,437,UIAA Climbing Worldcup (L+S) - Kuala Lumpur (MAS) 2006,35,UIAA Climbing Worldcup 2006,Kuala Lumpur (L+S),,2006-08-12,2006-08-13,https://ifsc.results.info//api/v1/events/437
2006,463,Int. Event - Aggtelek Cup  (HUN ) 2006,,,Aggtelek,,2006-08-18,2006-08-20,https://ifsc.results.info//api/v1/events/463
2006,443,UIAA World Youth Championship - Imst (AUT) 2006,,,Imst,,2006-08-24,2006-08-27,https://ifsc.results.info//api/v1/events/443
2006,464,Int. Event (L+B+S) ROCKMASTER - Arco (ITA) 2006,,,Arco,,2006-09-02,2006-09-03,https://ifsc.results.info//api/v1/events/464
2006,438,UIAA Climbing Worldcup (L) - Marbella (ESP) 2006,35,UIAA Climbing Worldcup 2006,Marbella (L),,2006-09-16,2006-09-17,https://ifsc.results.info//api/v1/events/438
2006,465,International Event (B) - La Colmiane (FRA) 2006,,,La Colmiane,,2006-09-16,2006-09-17,https://ifsc.results.info//api/v1/events/465
2006,439,UIAA Climbing Worldcup (L+S) - Shanghai (CHN) 2006,35,UIAA Climbing Worldcup 2006,Shanghai (L+S),,2006-10-02,2006-10-03,https://ifsc.results.info//api/v1/events/439
2006,448,European Youth Cup - Velika Tarnovo (BUL) 2006,36,European Youth Cup 2006,EYC Velika Tarnovo,,2006-10-07,2006-10-08,https://ifsc.results.info//api/v1/events/448
2006,466,International Event (L) - Dima-Bilbao (ESP) 2006,,,Dima-Bilbao,,2006-10-11,2006-10-14,https://ifsc.results.info//api/v1/events/466
2006,444, UIAA Asian Championships - Kaoshiung (TPE) 2006,,,Kaoshiung,,2006-10-26,2006-10-29,https://ifsc.results.info//api/v1/events/444
2006,449,European Youth Cup - Annecy (FRA) 2006,36,European Youth Cup 2006,EYC Annecy,,2006-10-28,2006-10-29,https://ifsc.results.info//api/v1/events/449
2006,467,Int. Youth Event - 2. BELGRADE OPEN TROFEY,,,Belgrad,,2006-10-28,2006-10-29,https://ifsc.results.info//api/v1/events/467
2006,440,UIAA Climbing Worldcup (B+S) - Moscow (RUS) 2006,35,UIAA Climbing Worldcup 2006,Moscow (B+S),,2006-11-02,2006-11-04,https://ifsc.results.info//api/v1/events/440
2006,441,UIAA Climbing Worldcup (L) - Penne (ITA) 2006,35,UIAA Climbing Worldcup 2006,Penne (L),,2006-11-11,2006-11-12,https://ifsc.results.info//api/v1/events/441
2006,442,UIAA Worldcup (L) - Kranj (SLO) 2006,35,UIAA Climbing Worldcup 2006,Kranj (L),,2006-11-18,2006-11-19,https://ifsc.results.info//api/v1/events/442
2006,452, North American Championships (L+S) - Denver Colorado (USA) 2006,,,American Champ.,,2006-11-24,2006-11-25,https://ifsc.results.info//api/v1/events/452
2006,450,European Youth Cup - Kranj (SLO) 2006,36,European Youth Cup 2006,EXC Kranj,,2006-11-25,2006-11-26,https://ifsc.results.info//api/v1/events/450
2007,489,IFSC European Boulder Championship  - Birmingham (GBR) 2007,,,Birmingham,,2007-03-16,2007-03-18,https://ifsc.results.info//api/v1/events/489
2007,468,IFSC Climbing Worldcup (B) - Erlangen (GER) 2007,37,IFSC Climbing Worldcup 2007,Erlangen,,2007-03-30,2007-03-31,https://ifsc.results.info//api/v1/events/468
2007,469,IFSC Climbing Worldcup (S) - Tarnow (POL) 2007,37,IFSC Climbing Worldcup 2007,Tarnow,,2007-04-13,2007-04-14,https://ifsc.results.info//api/v1/events/469
2007,497,Youth Event - Marseille (FRA) 2007,,,Marseille,,2007-04-13,2007-04-14,https://ifsc.results.info//api/v1/events/497
2007,470,IFSC Climbing Worldcup (B) - Sofia (BUL) 2007,37,IFSC Climbing Worldcup 2007,Sofia,,2007-04-20,2007-04-22,https://ifsc.results.info//api/v1/events/470
2007,471,IFSC Climbing Worldcup (B) - Hall (AUT) 2007,37,IFSC Climbing Worldcup 2007,Hall,,2007-04-27,2007-04-28,https://ifsc.results.info//api/v1/events/471
2007,472,IFSC Climbing Worldcup (S) - Trento (ITA) 2007,37,IFSC Climbing Worldcup 2007,Trento,,2007-05-01,2007-05-01,https://ifsc.results.info//api/v1/events/472
2007,473,IFSC Climbing Worldcup (B) - La Reunion (FRA) 2007,37,IFSC Climbing Worldcup 2007,La Reunion,,2007-05-04,2007-05-05,https://ifsc.results.info//api/v1/events/473
2007,498,Promotional Event - Melloblocco (ITA) 2007,,,Melloblocco,,2007-05-05,2007-05-06,https://ifsc.results.info//api/v1/events/498
2007,474,IFSC Climbing Worldcup (L) - Imst (AUT) 2007,37,IFSC Climbing Worldcup 2007,Imst,,2007-05-11,2007-05-12,https://ifsc.results.info//api/v1/events/474
2007,490,European Youth Series - Imst (AUT) 2007,38,European Youth Series 2007,EYS Imst,,2007-05-19,2007-05-20,https://ifsc.results.info//api/v1/events/490
2007,499,Youth Color Climbing Festival - Imst (AUT) 2007,,,YCF Imst,,2007-05-25,2007-05-26,https://ifsc.results.info//api/v1/events/499
2007,500, International Event (B) Ukrainian Verticals - Kiev (UKR),,,Kiev,,2007-05-26,2007-05-26,https://ifsc.results.info//api/v1/events/500
2007,475,IFSC Climbing Worldcup (B) - Grindelwald (SUI) 2007,37,IFSC Climbing Worldcup 2007,Grindelwald,,2007-06-08,2007-06-09,https://ifsc.results.info//api/v1/events/475
2007,501,Youth Event Rock Junior - Arco (ITA) 2007,,,YCF Arco,,2007-06-08,2007-06-09,https://ifsc.results.info//api/v1/events/501
2007,476,IFSC Climbing Worldcup (L) - Zürich (SUI) 2007,37,IFSC Climbing Worldcup 2007,Zürich,,2007-06-15,2007-06-16,https://ifsc.results.info//api/v1/events/476
2007,477,IFSC Climbing Worldcup (B) - Fiera di Primiero (ITA) 2007,37,IFSC Climbing Worldcup 2007,Fiera,,2007-06-22,2007-06-23,https://ifsc.results.info//api/v1/events/477
2007,502,Youth Event - Ravenna (ITA) 2007,,,YCF Ravenna,,2007-06-22,2007-06-24,https://ifsc.results.info//api/v1/events/502
2007,491,European Youth Series - Veliko Tarnovo (BUL) 2007,38,European Youth Series 2007,EYS Velika,,2007-06-30,2007-07-01,https://ifsc.results.info//api/v1/events/491
2007,503,International Event - Swiss Master Outdoor Games - Interlaken (SUI) 2007,,,Interlaken,,2007-06-30,2007-07-01,https://ifsc.results.info//api/v1/events/503
2007,504,Int. Youth Event - Petzen Trophy Kärnten (AUT) 2007,,,Petzen,,2007-07-06,2007-07-08,https://ifsc.results.info//api/v1/events/504
2007,492,European Youth Series - Leipzig (GER) 2007,38,European Youth Series 2007,EYS Leipzig,,2007-07-07,2007-07-08,https://ifsc.results.info//api/v1/events/492
2007,478,IFSC Climbing Worldcup (S+L) - Chamonix (FRA) 2007,37,IFSC Climbing Worldcup 2007,Chamonix,,2007-07-11,2007-07-13,https://ifsc.results.info//api/v1/events/478
2007,505,Int. Event (L) - Serre Chevalier (FRA) 2007,,,Serre Chevalier,,2007-07-20,2007-07-21,https://ifsc.results.info//api/v1/events/505
2007,479,IFSC Climbing Worldcup (S) - Val Daone (ITA) 2007,37,IFSC Climbing Worldcup 2007,Val Daone,,2007-07-21,2007-07-22,https://ifsc.results.info//api/v1/events/479
2007,493,European Youth Series - Warsaw (POL) 2007,38,European Youth Series 2007,EYS Warsaw,,2007-07-21,2007-07-22,https://ifsc.results.info//api/v1/events/493
2007,506,International Event (B) - L'Argentiere la Bessee (FRA) 2007,,,L'Argentiere,,2007-07-28,2007-07-28,https://ifsc.results.info//api/v1/events/506
2007,480,IFSC Climbing Worldcup (L+S) - Qinghai (CHN) 2007,37,IFSC Climbing Worldcup 2007,Qinghai,,2007-08-11,2007-08-12,https://ifsc.results.info//api/v1/events/480
2007,487,IFSC Climbing World Youth Championship - Ibarra (ECU) 2007,,,Ibarra,,2007-08-23,2007-08-26,https://ifsc.results.info//api/v1/events/487
2007,507,International Event (B) - La Colmiane (FRA) Masters 2007,,,La Colmiane,,2007-08-25,2007-08-26,https://ifsc.results.info//api/v1/events/507
2007,508,Promotional Event - Boulder Cup Novi Sad (SRB) 2007,,,NoviSad,,2007-09-01,2007-09-02,https://ifsc.results.info//api/v1/events/508
2007,509,Int. Event (L+B+S) ROCKMASTER - Arco (ITA) 2007,,,Arco,,2007-09-08,2007-09-09,https://ifsc.results.info//api/v1/events/509
2007,481,IFSC Climbing World Championship (L + B + S) - Aviles (ESP) 2007,,,Aviles,,2007-09-17,2007-09-23,https://ifsc.results.info//api/v1/events/481
2007,482,IFSC Climbing Worldcup (L+S) - Puurs (BEL) 2007,37,IFSC Climbing Worldcup 2007,Puurs,,2007-09-28,2007-09-29,https://ifsc.results.info//api/v1/events/482
2007,510,Int. Youth Event - 3. BELGRADE OPEN TROPHY (SRB) 2007,,,Belgrade,,2007-10-06,2007-10-07,https://ifsc.results.info//api/v1/events/510
2007,483,IFSC Climbing Worldcup (L) - Kazo (JPN) 2007,37,IFSC Climbing Worldcup 2007,Kazo,,2007-10-13,2007-10-14,https://ifsc.results.info//api/v1/events/483
2007,494,European Youth Series - Linz (AUT) 2007,38,European Youth Series 2007,EYS Linz,,2007-10-27,2007-10-28,https://ifsc.results.info//api/v1/events/494
2007,496,Asian Indoor Games - Macau,,,Macau,,2007-10-29,2007-11-03,https://ifsc.results.info//api/v1/events/496
2007,484,IFSC Climbing Worldcup (L) - Valence (FRA) 2007,37,IFSC Climbing Worldcup 2007,Valence,,2007-11-02,2007-11-03,https://ifsc.results.info//api/v1/events/484
2007,511,Promo Event (L+S) Asia Cup - Changsha (CMA),,,Asiacup2007,,2007-11-05,2007-11-06,https://ifsc.results.info//api/v1/events/511
2007,488, IFSC Asian Championships - Guangzhou (CHN) 2007,,,Guangzhou,,2007-11-08,2007-11-11,https://ifsc.results.info//api/v1/events/488
2007,485,IFSC Climbing Worldcup (B) - Brno (CZE) 2007,37,IFSC Climbing Worldcup 2007,Brno,,2007-11-09,2007-11-10,https://ifsc.results.info//api/v1/events/485
2007,486,IFSC Climbing Worldcup (L) - Kranj (SLO) 2007,37,IFSC Climbing Worldcup 2007,Kranj,,2007-11-17,2007-11-18,https://ifsc.results.info//api/v1/events/486
2007,495,European Youth Series - Kranj (SLO) 2007,38,European Youth Series 2007,EYS Kranj,,2007-11-24,2007-11-25,https://ifsc.results.info//api/v1/events/495
2008,540,Regional Event (B) - Kitzbühel (AUT) 2008,,,08_PE_KI,,2008-04-04,2008-04-05,https://ifsc.results.info//api/v1/events/540
2008,512,IFSC Climbing Worldcup (B) - Hall (AUT) 2008,39,IFSC Climbing Worldcup 2008,HALL ,,2008-04-18,2008-04-19,https://ifsc.results.info//api/v1/events/512
2008,541,Int. Youth Event - Open Youth Aix-en-Provence (FRA) 2008,,,08_JS_MA,,2008-04-19,2008-04-20,https://ifsc.results.info//api/v1/events/541
2008,513,IFSC Climbing Worldcup (S) - Trento (ITA) 2008,39,IFSC Climbing Worldcup 2008,TRENTO ,,2008-04-27,2008-04-27,https://ifsc.results.info//api/v1/events/513
2008,542,Promo Event Kia X Games Asia (Speed) Shanghai (CHN) 2008,,,08_PE_SH,,2008-05-01,2008-05-03,https://ifsc.results.info//api/v1/events/542
2008,514,IFSC Climbing Worldcup (B) - Reunion (FRA) 2008,39,IFSC Climbing Worldcup 2008,REUNION ,,2008-05-02,2008-05-03,https://ifsc.results.info//api/v1/events/514
2008,543,Promotional Event Melloblocco (ITA) 2008,,,08_PE_ME,,2008-05-08,2008-05-11,https://ifsc.results.info//api/v1/events/543
2008,544,Youth Color Climbing Festival - Imst (AUT) 2008,,,08_JS_IM,,2008-05-10,2008-05-11,https://ifsc.results.info//api/v1/events/544
2008,532,IFSC European Youth Series (L) - Prague (CZE) 2008,40,European Youth Series 2008,08_JS_PR,,2008-05-17,2008-05-18,https://ifsc.results.info//api/v1/events/532
2008,529, IFSC Asian Championships (B+L+S) - Guangzhou (CHN) 2008,,,08_AC,,2008-05-21,2008-05-25,https://ifsc.results.info//api/v1/events/529
2008,545,Int. Event (L+B) DimaRockmaster - Dima (ESP) 2008,,,08_IE_DI,,2008-05-23,2008-05-24,https://ifsc.results.info//api/v1/events/545
2008,515,IFSC Climbing Worldcup (B) - Grindelwald (SUI) 2008,39,IFSC Climbing Worldcup 2008,GRINDELWALD,,2008-05-30,2008-05-31,https://ifsc.results.info//api/v1/events/515
2008,516,IFSC Climbing Worldcup (B) - Vail (USA) 2008,39,IFSC Climbing Worldcup 2008,VAIL ,,2008-06-06,2008-06-07,https://ifsc.results.info//api/v1/events/516
2008,546,Int. Youth Event - Rock Junior (ITA) 2008,,,08_JS_RJ,,2008-06-07,2008-06-08,https://ifsc.results.info//api/v1/events/546
2008,517,IFSC Climbing Worldcup (B) - Fiera di Primiero (ITA) 2008,39,IFSC Climbing Worldcup 2008,FIERA DI PRIMIERO,,2008-06-13,2008-06-14,https://ifsc.results.info//api/v1/events/517
2008,533,IFSC European Youth Series (L+S) - Wuppertal (GER) 2008,40,European Youth Series 2008,08_EY_WU,,2008-06-21,2008-06-22,https://ifsc.results.info//api/v1/events/533
2008,518,IFSC Climbing Worldcup (S + L) - Qinghai (CHN) 2008,39,IFSC Climbing Worldcup 2008,QINGHAI,,2008-06-27,2008-06-28,https://ifsc.results.info//api/v1/events/518
2008,547,Promo Event Ambrosia Boulder Contest Zsombo (HUN) 2008,,,08_PE_ZS,,2008-06-28,2008-06-29,https://ifsc.results.info//api/v1/events/547
2008,519,IFSC Climbing Worldcup (B) - Montauban (FRA) 2008,39,IFSC Climbing Worldcup 2008,MONTAUBAN,,2008-07-04,2008-07-05,https://ifsc.results.info//api/v1/events/519
2008,548,Int. Youth Event - Petzen Trophy Kärnten (AUT) 2008,,,08_JS_KA,,2008-07-04,2008-07-06,https://ifsc.results.info//api/v1/events/548
2008,520,IFSC Climbing Worldcup (S+L) - Chamonix (FRA) 2008,39,IFSC Climbing Worldcup 2008,CHAMONIX,,2008-07-12,2008-07-13,https://ifsc.results.info//api/v1/events/520
2008,521,IFSC Climbing Worldcup (S) - Val Daone (ITA) 2008,39,IFSC Climbing Worldcup 2008,VAL DAONE ,,2008-07-19,2008-07-20,https://ifsc.results.info//api/v1/events/521
2008,549,Int. Event (L) - Serre Chevalier (FRA) 2008,,,08_IE_SE,,2008-07-25,2008-07-26,https://ifsc.results.info//api/v1/events/549
2008,550,Promo Event Tout a Bloc l'Argentière la Bessée (FRA) 2008,,,08_PE_AR,,2008-07-30,2008-08-01,https://ifsc.results.info//api/v1/events/550
2008,551,Promo Event Balkan Climbing Competition,,,,,2008-07-31,2008-08-03,https://ifsc.results.info//api/v1/events/551
2008,552,Promo Event - Asia Youth Cup Bali (Indonesia),,,,,2008-08-20,2008-08-24,https://ifsc.results.info//api/v1/events/552
2008,527,IFSC Climbing World Youth Championship - Sydney (AUS) 2008,,,Sidney,,2008-08-28,2008-08-31,https://ifsc.results.info//api/v1/events/527
2008,553,Promotional Event BAZ Bouldering at Sea Scheveningen Beach (NED),,,08_PE_SB,,2008-08-30,2008-08-31,https://ifsc.results.info//api/v1/events/553
2008,554,Int. Event (L+B+S) ROCKMASTER - Arco (ITA) 2008,,,08_IE_AR,,2008-09-06,2008-09-07,https://ifsc.results.info//api/v1/events/554
2008,522,IFSC Climbing Worldcup (L) - Bern (SUI) 2008,39,IFSC Climbing Worldcup 2008,08_WC_BE,,2008-09-12,2008-09-13,https://ifsc.results.info//api/v1/events/522
2008,523,IFSC Climbing Worldcup (L) - Imst (AUT) 2008,39,IFSC Climbing Worldcup 2008,08_WC_IM,,2008-09-19,2008-09-20,https://ifsc.results.info//api/v1/events/523
2008,524,IFSC Climbing Worldcup (L+S) - Puurs (BEL) 2008,39,IFSC Climbing Worldcup 2008,08_WC_PU,,2008-09-26,2008-09-27,https://ifsc.results.info//api/v1/events/524
2008,534,IFSC European Youth Series (L) - Imst (AUT) 2008,40,European Youth Series 2008,08EYC_IM,,2008-09-27,2008-09-28,https://ifsc.results.info//api/v1/events/534
2008,555,Intl. Event - TreX Games Busan 2008 Intl. Sport Climbing Competition,,,,,2008-09-28,2008-10-02,https://ifsc.results.info//api/v1/events/555
2008,539,Oceanian Championship - New Zealand,,,,,2008-10-03,2008-10-05,https://ifsc.results.info//api/v1/events/539
2008,537,Centre and South American Continental Championship Sport Climbing - Senior,,,,,2008-10-08,2008-10-12,https://ifsc.results.info//api/v1/events/537
2008,531,IFSC European Championship - Paris (FRA) 2008,,,Paris,,2008-10-15,2008-10-18,https://ifsc.results.info//api/v1/events/531
2008,556,International Event (S + L) - Shanghai (CHN) 2008,,,08_IE_SH,,2008-10-28,2008-10-29,https://ifsc.results.info//api/v1/events/556
2008,557,IFSC Hydromaster CHINA 2008,,,,,2008-10-28,2008-10-28,https://ifsc.results.info//api/v1/events/557
2008,528,IFSC ParaClimbing Cup 2008 - Moscow (RUS),,,,,2008-10-30,2008-11-02,https://ifsc.results.info//api/v1/events/528
2008,530,Asian Youth Championship (L+S) - Yamaguchi (JPN) 2008 ,,,,,2008-10-31,2008-11-01,https://ifsc.results.info//api/v1/events/530
2008,525,IFSC Climbing Worldcup (S+B) - Moscow (RUS) 2008  ,39,IFSC Climbing Worldcup 2008,08_WC_MS,,2008-10-31,2008-11-02,https://ifsc.results.info//api/v1/events/525
2008,535,IFSC European Youth Series (L) - Annecy (FRA) 2008,40,European Youth Series 2008,08_EY_AN,,2008-11-01,2008-11-02,https://ifsc.results.info//api/v1/events/535
2008,526,IFSC Climbing Worldcup (L) - Kranj (SLO) 2008,39,IFSC Climbing Worldcup 2008,08_WC_KR,,2008-11-15,2008-11-16,https://ifsc.results.info//api/v1/events/526
2008,536,IFSC European Youth Series (L) - Kranj (SLO) 2008,40,European Youth Series 2008,08_EY_KR,,2008-11-22,2008-11-23,https://ifsc.results.info//api/v1/events/536
2008,558,Promo Indonesia Open Xtreme - Bandung ,,,,,2008-11-28,2008-11-29,https://ifsc.results.info//api/v1/events/558
2008,559,Promo Event - Nordic Bouldering Challenge- Lillehammer (NOR) 2008,,,,,2008-11-29,2008-11-29,https://ifsc.results.info//api/v1/events/559
2008,538,North American Championships -  Montreal (CAN) 2008,,,08_NC,,2008-12-04,2008-12-07,https://ifsc.results.info//api/v1/events/538
2009,589,Intl. Event (B) - Boulder Promo - Sheffield (GBR) 2009,,,,,2009-03-07,2009-03-07,https://ifsc.results.info//api/v1/events/589
2009,560,IFSC Climbing Worldcup (B) - Kazo (JPN) 2009,41,IFSC Climbing Worldcup 2009,WC Kazo,,2009-04-11,2009-04-12,https://ifsc.results.info//api/v1/events/560
2009,578,Asia Cup Bouldering,,,,,2009-04-17,2009-04-18,https://ifsc.results.info//api/v1/events/578
2009,561,IFSC Climbing Worldcup (S) - Tarnow (POL) 2009,41,IFSC Climbing Worldcup 2009,WC Tarnow,,2009-04-18,2009-04-19,https://ifsc.results.info//api/v1/events/561
2009,562,IFSC Climbing Worldcup (S) - Trento (ITA) 2009,41,IFSC Climbing Worldcup 2009,WC Trento,,2009-04-25,2009-04-26,https://ifsc.results.info//api/v1/events/562
2009,587,Asian X Games (S) - Shanghai (CHN) 2009,,,,,2009-04-30,2009-05-05,https://ifsc.results.info//api/v1/events/587
2009,563,IFSC Climbing Worldcup (B) - Hall (AUT) 2009,41,IFSC Climbing Worldcup 2009,WC Hall,,2009-05-01,2009-05-02,https://ifsc.results.info//api/v1/events/563
2009,590,Shanghai Rock Master (L + S) - Shanghai (CHN) 2009,,,09_03,,2009-05-02,2009-05-03,https://ifsc.results.info//api/v1/events/590
2009,591,Promotional Event - Melloblocco (ITA),,,,,2009-05-07,2009-05-10,https://ifsc.results.info//api/v1/events/591
2009,592,Intl. Event (B)  - Open Boulder Austria and Germany Cup- Kitzbuhel (AUT) 2009,,,,,2009-05-08,2009-05-09,https://ifsc.results.info//api/v1/events/592
2009,593,"Promo Event - Rock Master Ecuador (L, B, S) - Quito (ECU)",,,,,2009-05-14,2009-05-17,https://ifsc.results.info//api/v1/events/593
2009,581,European Youth Series - Imst (AUT) 2009,42,European Youth Series 2009,EYS Imst,,2009-05-23,2009-05-24,https://ifsc.results.info//api/v1/events/581
2009,564,IFSC Climbing Worldcup (B) - Wien (AUT) 2009,41,IFSC Climbing Worldcup 2009,WC Wien,,2009-05-29,2009-05-30,https://ifsc.results.info//api/v1/events/564
2009,594,Intl. Event - Youth Color Climbing Festival- Imst (AUT) 2009,,,,,2009-05-30,2009-05-31,https://ifsc.results.info//api/v1/events/594
2009,565,IFSC Climbing Worldcup (B) - Vail (USA) 2009,41,IFSC Climbing Worldcup 2009,WC Vail,,2009-06-05,2009-06-06,https://ifsc.results.info//api/v1/events/565
2009,595,Intl. Event - Rockjunior - Arco (ITA) 2009,,,,,2009-06-06,2009-06-07,https://ifsc.results.info//api/v1/events/595
2009,566,IFSC Climbing Worldcup (B) - Eindhoven (NED) 2009,41,IFSC Climbing Worldcup 2009,WC Eindhoven,,2009-06-12,2009-06-13,https://ifsc.results.info//api/v1/events/566
2009,596,Ambrosia Boulder Promo,,,,,2009-06-20,2009-06-21,https://ifsc.results.info//api/v1/events/596
2009,568,IFSC Climbing World Championships  - Qinghai (CHN) 2009,,,Quinghai,,2009-06-30,2009-07-05,https://ifsc.results.info//api/v1/events/568
2009,567,IFSC Climbing World Championships  - Qinghai (CHN) 2009 - 15m Speed,,,Qinghai 15m,,2009-06-30,2009-07-05,https://ifsc.results.info//api/v1/events/567
2009,597,Intl. Youth Event - Petzen Climbing Trophy - Petzen (AUT) 2009,,,,,2009-07-10,2009-07-12,https://ifsc.results.info//api/v1/events/597
2009,569,"IFSC Climbing Worldcup (S, L) - Chamonix (FRA) 2009",41,IFSC Climbing Worldcup 2009,WC Chamonix,,2009-07-12,2009-07-13,https://ifsc.results.info//api/v1/events/569
2009,588,World Games (L+S) - Kaohsiung (TPE) 2009,,,,,2009-07-18,2009-07-19,https://ifsc.results.info//api/v1/events/588
2009,598,Friedrichshafen Speed Promo - Friedrichshafen (GER) - 2009,,,,,2009-07-18,2009-07-19,https://ifsc.results.info//api/v1/events/598
2009,580,Asia Youth Championship - Almaty (KAZ) - 2009,,,,,2009-07-24,2009-07-26,https://ifsc.results.info//api/v1/events/580
2009,599,Intl. Event (L)  - Lead Masters - Serre Chevalier (FRA) 2009,,,,,2009-07-24,2009-07-25,https://ifsc.results.info//api/v1/events/599
2009,600,Promo event - European Youth Speed Cup - Stuttgart (GER) 2009,,,,,2009-07-25,2009-07-25,https://ifsc.results.info//api/v1/events/600
2009,601,Promo Event (B) - Boulder Promo - Argentiere (FRA) 2009,,,,,2009-07-29,2009-07-31,https://ifsc.results.info//api/v1/events/601
2009,577,IFSC Paraclimbing Cup - Val Daone (ITA) - 2009,,,,,2009-08-01,2009-08-02,https://ifsc.results.info//api/v1/events/577
2009,570,IFSC Climbing Worldcup (S)  - Daone (ITA) 2009,41,IFSC Climbing Worldcup 2009,WC Daone,,2009-08-01,2009-08-02,https://ifsc.results.info//api/v1/events/570
2009,571,IFSC Climbing Worldcup (L) - Barcelona (ESP) 2009,41,IFSC Climbing Worldcup 2009,WC Barcelona,,2009-08-08,2009-08-09,https://ifsc.results.info//api/v1/events/571
2009,602,Promo Event - Bronx Rock Invitational - Cologne (GER) 2009,,,,,2009-08-15,2009-08-15,https://ifsc.results.info//api/v1/events/602
2009,572,IFSC Climbing Worldcup (L) - Imst (AUT) 2009,41,IFSC Climbing Worldcup 2009,WC Imst,,2009-08-21,2009-08-22,https://ifsc.results.info//api/v1/events/572
2009,576,IFSC World Youth Championships - Valence (FRA) 2009,,,,,2009-08-27,2009-08-30,https://ifsc.results.info//api/v1/events/576
2009,579,Asia Championship - Chuncheon (KOR) - 2009,,,Asia Championship,,2009-08-28,2009-08-30,https://ifsc.results.info//api/v1/events/579
2009,603,Promo Event - Innsbruck (AUT) - 2009,,,,,2009-08-28,2009-08-29,https://ifsc.results.info//api/v1/events/603
2009,604,Promo Event - BAZ - Scheveningen Beach (NED) - 2009,,,,,2009-08-29,2009-08-30,https://ifsc.results.info//api/v1/events/604
2009,605, Int. Event (L+B+S) ROCKMASTER - Arco (ITA) 2009,,,,,2009-09-05,2009-09-06,https://ifsc.results.info//api/v1/events/605
2009,606,"Intl. Event (L) - Lead Masters - Dur&Go Climbing Master, Durango (ESP) 2009",,,,,2009-09-11,2009-09-12,https://ifsc.results.info//api/v1/events/606
2009,582,IFSC European Youth Series (L+S) - Munich (GER),42,European Youth Series 2009,EYS Munich,,2009-09-12,2009-09-13,https://ifsc.results.info//api/v1/events/582
2009,583,IFSC European Youth Series - Edinburgh (GBR),42,European Youth Series 2009,EYS Edinburgh,,2009-09-19,2009-09-20,https://ifsc.results.info//api/v1/events/583
2009,573,IFSC Climbing Worldcup (L) - Puurs (BEL) 2009,41,IFSC Climbing Worldcup 2009,WC Puurs,,2009-09-25,2009-09-26,https://ifsc.results.info//api/v1/events/573
2009,586,"Oceania Championship - Port Maquarie, NSW (AUS) 2009",,,,,2009-10-03,2009-10-04,https://ifsc.results.info//api/v1/events/586
2009,607,Promo Event - Indonesia Open Xtreme - Makasar (INA) 2009,,,,,2009-10-15,2009-10-16,https://ifsc.results.info//api/v1/events/607
2009,584,IFSC European Youth Series (L+S) - Kaliningrad (RUS),42,European Youth Series 2009,EYS Kaliningrad,,2009-10-16,2009-10-18,https://ifsc.results.info//api/v1/events/584
2009,574,IFSC Climbing Worldcup (L) - Brno (CZE) 2009,41,IFSC Climbing Worldcup 2009,WC Brno,,2009-11-06,2009-11-07,https://ifsc.results.info//api/v1/events/574
2009,575,IFSC Climbing Worldcup (L) - Kranj (SLO) 2009,41,IFSC Climbing Worldcup 2009,WC Kranj,,2009-11-14,2009-11-15,https://ifsc.results.info//api/v1/events/575
2009,585,IFSC European Youth Series - Kranj (SLO) 2009,42,European Youth Series 2009,EYS Kranj,,2009-11-21,2009-11-22,https://ifsc.results.info//api/v1/events/585
2010,644,Promo Event - Bodensee Climbing Trophy - Dornbirn (AUT) 2010,,,PE Dornbirn,,2010-03-13,2010-03-14,https://ifsc.results.info//api/v1/events/644
2010,643,European Promo Event - Boulder - Sheffield (GBR) 2010,,,Sheffield PromoEvent,,2010-03-20,2010-03-20,https://ifsc.results.info//api/v1/events/643
2010,641,International University Bouldering Trophy Avogadro - Pollone (ITA) 2010,,,Pollone,,2010-03-20,2010-03-20,https://ifsc.results.info//api/v1/events/641
2010,640,CISM Winter Military World Games - Courmayeur (ITA) 2010,,,CISM Courmayeur,,2010-03-21,2010-03-22,https://ifsc.results.info//api/v1/events/640
2010,645,Promotional Event - Kitzbuhel (AUT) 2010,,,Kitzbuhel Promo,,2010-04-23,2010-04-24,https://ifsc.results.info//api/v1/events/645
2010,642,Regional European Competition  (L + S) - Volos and Almyros (GRE) 2010,,,REC Greece,,2010-04-23,2010-04-24,https://ifsc.results.info//api/v1/events/642
2010,608,IFSC Climbing Worldcup (S) - Trento (ITA) 2010,43,IFSC Climbing Worldcup 2010,WC Trento,,2010-04-30,2010-05-01,https://ifsc.results.info//api/v1/events/608
2010,647,Promo Event - Melloblocco (ITA) 2010,,,Melloblocco,,2010-05-06,2010-05-09,https://ifsc.results.info//api/v1/events/647
2010,646,Promotional Event - Melloblocco (ITA) 2010,,,Melloblocco Promo,,2010-05-06,2010-05-09,https://ifsc.results.info//api/v1/events/646
2010,609,IFSC Climbing Worldcup (B) - Greifensee (SUI) 2010,43,IFSC Climbing Worldcup 2010,WC Greifensee,,2010-05-14,2010-05-15,https://ifsc.results.info//api/v1/events/609
2010,637,"IFSC PanAmerican Championship (L, S, B) - Quito (ECU) 2010",,,PACH Quito,,2010-05-18,2010-05-22,https://ifsc.results.info//api/v1/events/637
2010,648,Intl. Event - Youth Color Climbing Festival - Imst (AUT) 2010,,,Youth Color Imst,,2010-05-21,2010-05-23,https://ifsc.results.info//api/v1/events/648
2010,610,IFSC Climbing Worldcup (B) - Wien (AUT) 2010,43,IFSC Climbing Worldcup 2010,WC Wien,,2010-05-28,2010-05-30,https://ifsc.results.info//api/v1/events/610
2010,611,IFSC Climbing Worldcup (B) - Vail (USA) 2010,43,IFSC Climbing Worldcup 2010,WC Vail,,2010-06-04,2010-06-05,https://ifsc.results.info//api/v1/events/611
2010,650, Intl. Event - Rock Junior - Arco (ITA) 2010,,,Rock Junior Arco,,2010-06-04,2010-06-05,https://ifsc.results.info//api/v1/events/650
2010,631,European Youth Series - Imst (AUT) 2010,44,10_EYC: European Youth Series 2010,EYS_Imst,,2010-06-05,2010-06-06,https://ifsc.results.info//api/v1/events/631
2010,649,International Youth Event - Rockjunior - Arco (ITA) 2010,,,Rockjunior Arco,,2010-06-05,2010-06-06,https://ifsc.results.info//api/v1/events/649
2010,612,"IFSC Climbing Worldcup (B,S) - Moscow (RUS) 2010",43,IFSC Climbing Worldcup 2010,WC Moscow,,2010-06-17,2010-06-21,https://ifsc.results.info//api/v1/events/612
2010,651,Ambrosia Boulder Contest - Zsombo (HUN) 2010,,,Ambrosia Boulder ,,2010-06-25,2010-06-27,https://ifsc.results.info//api/v1/events/651
2010,613,IFSC Climbing Worldcup (B) - Eindhoven (NED) 2010,43,IFSC Climbing Worldcup 2010,WC Eindhoven,,2010-06-25,2010-06-26,https://ifsc.results.info//api/v1/events/613
2010,652,"Junior Climbing Marathon (B, L) - Traversella (ITA) 2010",,,Jun Marathon,,2010-06-26,2010-06-27,https://ifsc.results.info//api/v1/events/652
2010,614,IFSC Climbing Worldcup (B) - Sheffield (GBR) 2010,43,IFSC Climbing Worldcup 2010,WC Sheffield,,2010-07-03,2010-07-04,https://ifsc.results.info//api/v1/events/614
2010,654,"Intl. Youth Event - Petzen Climbing Trophy (L, S, B) - Petzen (AUT) 2010",,,Petzen Climbing,,2010-07-09,2010-07-11,https://ifsc.results.info//api/v1/events/654
2010,653,International Event - Petzen Climbing Trophy - Petzen (AUT) 2010,,,IE Petzen,,2010-07-09,2010-07-11,https://ifsc.results.info//api/v1/events/653
2010,615,"IFSC Climbing Worldcup (L,S) - Chamonix (FRA) 2010",43,IFSC Climbing Worldcup 2010,Wc Chamonix,,2010-07-12,2010-07-13,https://ifsc.results.info//api/v1/events/615
2010,628,European Speed Cup - Friedrichshafen (GER) 2010,,,ESC Friedrichshafen,,2010-07-15,2010-07-15,https://ifsc.results.info//api/v1/events/628
2010,632,European Youth Series - Friedrichschafen (GER) 2010,,,EYS Freidrichshafen,,2010-07-15,2010-07-15,https://ifsc.results.info//api/v1/events/632
2010,655,Rock Master - World Championship Pre-event - Arco (ITA),,,Rockmaster Arco,,2010-07-16,2010-07-18,https://ifsc.results.info//api/v1/events/655
2010,656,Rockmaster ARCO  2010 - Duel Lead,,,10_Arco_Duel,,2010-07-18,2010-07-18,https://ifsc.results.info//api/v1/events/656
2010,657,European Youth Bouldering Event - L'Argeniere (FRA) 2010,,,IE L'Argentiere,,2010-07-21,2010-07-23,https://ifsc.results.info//api/v1/events/657
2010,658,Promo Event (B) - Boulder Promo - Argentiere (FRA) 2010,,,Argentiere Boulder,,2010-07-21,2010-07-23,https://ifsc.results.info//api/v1/events/658
2010,660,L'Argentiere Boulder Promo - L'Argentiere (FRA) 2010,,,Argentiere Boulder,,2010-07-22,2010-07-24,https://ifsc.results.info//api/v1/events/660
2010,659,European Youth Bouldering Event - L'Argentiere (FRA) 2010,,,Argentiere Youth ,,2010-07-22,2010-07-24,https://ifsc.results.info//api/v1/events/659
2010,624,IFSC Paraclimbing Cup - Daone (FRA) - 2010,,,Paraclimbing Daone,,2010-07-24,2010-07-25,https://ifsc.results.info//api/v1/events/624
2010,616,IFSC Climbing Worldcup (S) - Daone (ITA) 2010,43,IFSC Climbing Worldcup 2010,WC Daone,,2010-07-24,2010-07-25,https://ifsc.results.info//api/v1/events/616
2010,625,IFSC Paraclimbing Cup - Daone (ITA) 2010,,,Paraclimbing Daone,,2010-07-24,2010-07-25,https://ifsc.results.info//api/v1/events/625
2010,661,"Lead International Event, Open International - Briancon (FRA) 2010",,,Lead Master Briancon,,2010-07-29,2010-07-31,https://ifsc.results.info//api/v1/events/661
2010,617,IFSC Climbing Worldcup (B) - Munich (GER) 2010,43,IFSC Climbing Worldcup 2010,WC Munich,,2010-07-30,2010-07-31,https://ifsc.results.info//api/v1/events/617
2010,633,European Youth Series - Wien (AUT) 2010,44,10_EYC: European Youth Series 2010,EYS Wien,,2010-08-14,2010-08-15,https://ifsc.results.info//api/v1/events/633
2010,618,"IFSC Climbing Worldcup (L, S) - Xining (CHN) 2010",43,IFSC Climbing Worldcup 2010,WC Xining,,2010-08-20,2010-08-21,https://ifsc.results.info//api/v1/events/618
2010,619,"IFSC Climbing Worldcup (L,S) - Chuncheon (KOR) 2010",43,IFSC Climbing Worldcup 2010,WC Chuncheon,,2010-08-28,2010-08-30,https://ifsc.results.info//api/v1/events/619
2010,662,HydroMaster Irkutsk - Irkutsk (RUS) 2010,,,,,2010-09-06,2010-09-07,https://ifsc.results.info//api/v1/events/662
2010,623,IFSC World Youth Championship - Edinburgh (GBR) - 2010,,,Youth World Champ.,,2010-09-09,2010-09-12,https://ifsc.results.info//api/v1/events/623
2010,629,European Championship - Imst/Innsbruck (AUT) 2010,,,ECH Imst/Innsbruck,,2010-09-14,2010-09-18,https://ifsc.results.info//api/v1/events/629
2010,627,Asian Continental Championship,,,ACH_Changzi,,2010-09-16,2010-09-19,https://ifsc.results.info//api/v1/events/627
2010,620,IFSC Climbing Worldcup (L) - Puurs (BEL) 2010,43,IFSC Climbing Worldcup 2010,WC Puurs,,2010-09-24,2010-09-25,https://ifsc.results.info//api/v1/events/620
2010,663,"Promotional Event - Youyang, Chongqing (CHN)",,,Youyang Promo,,2010-09-28,2010-09-30,https://ifsc.results.info//api/v1/events/663
2010,639,Oceania Continental Championship - Auckland (NZL) 2010,,,Oceania Championship,,2010-10-01,2010-10-03,https://ifsc.results.info//api/v1/events/639
2010,634,European Youth Series - Veliko Tarnovo (BUL) 2010,44,10_EYC: European Youth Series 2010,EYS Veliko Tarnovo,,2010-10-02,2010-10-03,https://ifsc.results.info//api/v1/events/634
2010,635,European Youth Series - Annecy (France) 2010,44,10_EYC: European Youth Series 2010,EYS Annecy,,2010-10-23,2010-10-24,https://ifsc.results.info//api/v1/events/635
2010,621,"IFSC Climbing Worldcup (L, S) - Huaiji (CHN) 2010",43,IFSC Climbing Worldcup 2010,WC Huaiji,,2010-10-29,2010-10-30,https://ifsc.results.info//api/v1/events/621
2010,664,Jiangyin Rock Master - Jiangyin (CHN) 2010,,,RM_Jangyin,,2010-11-02,2010-11-03,https://ifsc.results.info//api/v1/events/664
2010,622,IFSC Climbing Worldcup (L) - Kranj (SLO) 2010,43,IFSC Climbing Worldcup 2010,WC Kranj,,2010-11-13,2010-11-14,https://ifsc.results.info//api/v1/events/622
2010,636,European Youth Series - Kranj (SLO) 2010,44,10_EYC: European Youth Series 2010,EYS Kranj,,2010-11-20,2010-11-21,https://ifsc.results.info//api/v1/events/636
2010,638,"PanAmerican Youth Championship (L,S, B) - Ibarra (ECU)",,,PAC YCH Ibarra,,2010-11-23,2010-11-28,https://ifsc.results.info//api/v1/events/638
2010,630,European Speed Cup - Nicosia (CYP) 2010,,,ESC Nicosia,,2010-12-04,2010-12-05,https://ifsc.results.info//api/v1/events/630
2010,626,IFSC Paraclimbing Cup - Chiba (JPN) 2010,,,Paraclimbing Chiba,,2010-12-04,2010-12-05,https://ifsc.results.info//api/v1/events/626
2011,705,Promotional Event - CupOFF HUDY - Prague (CZE) 2011,,,Promo CupOFF Prague,,2011-02-19,2011-02-20,https://ifsc.results.info//api/v1/events/705
2011,706,European Promo Event - Boulder - Sheffield (GBR) 2011,,,Sheffield_Promo,,2011-03-05,2011-03-06,https://ifsc.results.info//api/v1/events/706
2011,707,Rheintal Cup - Kinder-Bouldertag Küblis (B),47,Rheintal Cup 2011,RC Kinder Küblis,,2011-03-06,2011-03-06,https://ifsc.results.info//api/v1/events/707
2011,708,Promotional Event - Nordic Bouldering Championship - Bouldertehdas Turku (FIN) 2011,,,Promo_Nordic,,2011-04-01,2011-04-02,https://ifsc.results.info//api/v1/events/708
2011,709,Rheintal Cup - Junior Cup Dornbirn (L),47,Rheintal Cup 2011,RC Junior Dornbirn,,2011-04-09,2011-04-09,https://ifsc.results.info//api/v1/events/709
2011,665,"IFSC Climbing Worldcup (B,S) - Milano (ITA) 2011",45,IFSC Climbing Worldcup 2011,Milano,,2011-04-14,2011-04-17,https://ifsc.results.info//api/v1/events/665
2011,710,Rheintal Cup - Eidechsli Chur (L),47,Rheintal Cup 2011,RC Eidechsli Chur,,2011-04-30,2011-04-30,https://ifsc.results.info//api/v1/events/710
2011,711,Promotional Event - Melloblocco (ITA) 2011,,,Promo_Melloblocco,,2011-05-05,2011-05-08,https://ifsc.results.info//api/v1/events/711
2011,667,IFSC Climbing Worldcup (B) - Log-Dragomer (SLO) 2011,45,IFSC Climbing Worldcup 2011,Log-Dragomer,,2011-05-07,2011-05-08,https://ifsc.results.info//api/v1/events/667
2011,668,IFSC Climbing Worldcup (B) - Vienna (AUT) 2011 ,45,IFSC Climbing Worldcup 2011,Vienna,,2011-05-13,2011-05-14,https://ifsc.results.info//api/v1/events/668
2011,694,European Youth Cup (S) - Tarnow (POL) 2011,46,European Youth Cup 2011,Tarnow,,2011-05-14,2011-05-14,https://ifsc.results.info//api/v1/events/694
2011,695,"European Youth Cup (L,S) - Edinburgh (GBR) 2011",46,European Youth Cup 2011,Edinburgh,,2011-05-20,2011-05-22,https://ifsc.results.info//api/v1/events/695
2011,669,IFSC Climbing Worldcup (B) - Canmore (CAN) 2011,45,IFSC Climbing Worldcup 2011,Canmore,,2011-05-27,2011-05-28,https://ifsc.results.info//api/v1/events/669
2011,712,International under 14 Event - Atomska Mravka - Skopje (MKD) 2011 ,,,Skopje_Under14,,2011-05-27,2011-05-29,https://ifsc.results.info//api/v1/events/712
2011,670,IFSC Climbing Worldcup (B) - Vail (USA) 2011 ,45,IFSC Climbing Worldcup 2011,Vail,,2011-06-03,2011-06-04,https://ifsc.results.info//api/v1/events/670
2011,713,Intl. Event - Youth Color Climbing Festival (under 14) - Imst (AUT) 2011,,,Youth Color Imst,,2011-06-11,2011-06-12,https://ifsc.results.info//api/v1/events/713
2011,671,IFSC Climbing Worldcup (B) - Eindhoven (NED) 2011,45,IFSC Climbing Worldcup 2011,Eindhoven,,2011-06-17,2011-06-18,https://ifsc.results.info//api/v1/events/671
2011,714,Promotional event - Unified Bouldering Championship - New York (USA) 2011,,,,,2011-06-23,2011-06-25,https://ifsc.results.info//api/v1/events/714
2011,672,IFSC Climbing Worldcup (B) - Barcelona (ESP) 2011,45,IFSC Climbing Worldcup 2011,Barcelona,,2011-06-25,2011-06-26,https://ifsc.results.info//api/v1/events/672
2011,673,IFSC Climbing Worldcup (B) - Sheffield (GBR) 2011,45,IFSC Climbing Worldcup 2011,Sheffield,,2011-07-02,2011-07-03,https://ifsc.results.info//api/v1/events/673
2011,715,"Intl. Youth Event - Petzen Climbing Trophy (L, S, B) - Petzen (AUT) 2011 ",,,Petzen Climbing,,2011-07-07,2011-07-08,https://ifsc.results.info//api/v1/events/715
2011,696,European Youth Cup (S) - Chamonix (FRA) 2011,46,European Youth Cup 2011,Chamonix,,2011-07-09,2011-07-10,https://ifsc.results.info//api/v1/events/696
2011,716,Promotional Event - Mammut Blocmaster - Innsbruck (AUT) 2011,,,Promo Mammut,,2011-07-09,2011-07-10,https://ifsc.results.info//api/v1/events/716
2011,674,"IFSC Climbing Worldcup (L,S) - Chamonix (FRA) 2011",45,IFSC Climbing Worldcup 2011,Chamonix,,2011-07-12,2011-07-13,https://ifsc.results.info//api/v1/events/674
2011,697,European Youth Cup (S) - Friedrichshafen (GER) 2011,46,European Youth Cup 2011,Friedrichshafen,,2011-07-14,2011-07-14,https://ifsc.results.info//api/v1/events/697
2011,675,IFSC Climbing World Championships  - Arco (ITA) 2011,,,WCH Arco 2011,,2011-07-15,2011-07-24,https://ifsc.results.info//api/v1/events/675
2011,691,IFSC Paraclimbing World Championship LEAD - Arco (ITA) 2011,,,Paraclimbing LEAD,,2011-07-17,2011-07-18,https://ifsc.results.info//api/v1/events/691
2011,690,IFSC Paraclimbing World Championship SPEED - Arco (ITA) 2011,,,Arco_Paraclimbing,,2011-07-18,2011-07-19,https://ifsc.results.info//api/v1/events/690
2011,676,IFSC World Championship Lead Group A - Arco 2011,,,Arco Group A,,2011-07-20,2011-07-21,https://ifsc.results.info//api/v1/events/676
2011,677,IFSC World Championship Lead Group B - Arco 2011,,,Arco Group B,,2011-07-20,2011-07-21,https://ifsc.results.info//api/v1/events/677
2011,717,Rockmaster Gala Duel - Arco (ITA) 2011,,,Rockmaster Duel,,2011-07-23,2011-07-24,https://ifsc.results.info//api/v1/events/717
2011,718,International Climbing Festival (under 14) - Veliko Tarnovo (BUL) 2011,,,Under14_Veliko,,2011-07-27,2011-07-29,https://ifsc.results.info//api/v1/events/718
2011,693,Asian Youth Championship - Singapore (SGP) 2011,,,Asian_Youth_Chp,,2011-07-28,2011-07-30,https://ifsc.results.info//api/v1/events/693
2011,719,Promo event Adidas Rockstars - AREA 47 Otztal Bahnhof (AUT) 2011,,,,,2011-07-28,2011-07-31,https://ifsc.results.info//api/v1/events/719
2011,678,IFSC Climbing Worldcup (L) - Briançon (FRA) 2011,45,IFSC Climbing Worldcup 2011,Briançon,,2011-07-29,2011-07-30,https://ifsc.results.info//api/v1/events/678
2011,698,"European Youth Cup (L,S) - Veliko Tarnovo (BUL) 2011",46,European Youth Cup 2011,Veliko,,2011-08-01,2011-08-04,https://ifsc.results.info//api/v1/events/698
2011,679,IFSC Climbing Worldcup (S) - Daone (ITA) 2011,45,IFSC Climbing Worldcup 2011,Daone,,2011-08-06,2011-08-07,https://ifsc.results.info//api/v1/events/679
2011,720,Promotional Event - Norwegian Rockmaster - Arendal (NOR) 2011,,,Arendal Promo,,2011-08-12,2011-08-14,https://ifsc.results.info//api/v1/events/720
2011,699,European Youth Cup (L) - Imst (AUT) 2011,46,European Youth Cup 2011,Imst,,2011-08-12,2011-08-14,https://ifsc.results.info//api/v1/events/699
2011,680,IFSC Climbing Worldcup (B) - Munich (GER) 2011 ,45,IFSC Climbing Worldcup 2011,Munich,,2011-08-19,2011-08-20,https://ifsc.results.info//api/v1/events/680
2011,689,IFSC World Youth Championship - Imst (AUT) - 2011,,,YWC Imst,,2011-08-25,2011-08-28,https://ifsc.results.info//api/v1/events/689
2011,681,"IFSC Climbing Worldcup (L,S) - Xining (CHN) 2011",45,IFSC Climbing Worldcup 2011,Xining,,2011-09-02,2011-09-03,https://ifsc.results.info//api/v1/events/681
2011,682,"IFSC Climbing Worldcup (L,S) - Changzhi (CHN) 2011",45,IFSC Climbing Worldcup 2011,Changzhi,,2011-09-07,2011-09-08,https://ifsc.results.info//api/v1/events/682
2011,700,European Youth Cup (B) - Meran (ITA) 2011,46,European Youth Cup 2011,Meran,,2011-09-10,2011-09-11,https://ifsc.results.info//api/v1/events/700
2011,701,European Youth Cup (B)- Munich (GER) 2011,46,European Youth Cup 2011,Munich,,2011-09-16,2011-09-17,https://ifsc.results.info//api/v1/events/701
2011,723,Rheintal Cup - Megusta-Kids-Cup (S),47,Rheintal Cup 2011,Speed Megusta,,2011-09-24,2011-09-24,https://ifsc.results.info//api/v1/events/723
2011,722,Rheintal Cup - Megusta-Kids-Cup (L),47,Rheintal Cup 2011,Megusta-Kids-Cup,,2011-09-24,2011-09-24,https://ifsc.results.info//api/v1/events/722
2011,721,Promotional Event - Les 24 heures du Mur (L) - Oloront Sainte Marie (FRA) 2011,,,Promo_Oloront,,2011-09-24,2011-09-25,https://ifsc.results.info//api/v1/events/721
2011,683,IFSC Climbing Worldcup (L) - Puurs (BEL) 2011,45,IFSC Climbing Worldcup 2011,Puurs,,2011-09-30,2011-10-01,https://ifsc.results.info//api/v1/events/683
2011,724,Intl. Event - Rock Junior - Arco (ITA) 2011,,,Arco Rock Junior,,2011-10-01,2011-10-02,https://ifsc.results.info//api/v1/events/724
2011,684,IFSC Climbing Worldcup (L) - Boulder (USA) 2011,45,IFSC Climbing Worldcup 2011,Boulder,,2011-10-08,2011-10-09,https://ifsc.results.info//api/v1/events/684
2011,725,Jiangyin Rock Master - Jiangyin (CHN) 2011,,,Jiangyin_11,,2011-10-15,2011-10-16,https://ifsc.results.info//api/v1/events/725
2011,685,IFSC Climbing Worldcup (L) - Amman (JOR) 2011 ,45,IFSC Climbing Worldcup 2011,Amman,,2011-10-20,2011-10-21,https://ifsc.results.info//api/v1/events/685
2011,686,IFSC Climbing Worldcup (L) - Valence (FRA) 2011,45,IFSC Climbing Worldcup 2011,Valence,,2011-10-28,2011-10-29,https://ifsc.results.info//api/v1/events/686
2011,704,26th South East Asian Games 2011 - Palembang and Jakarta (IDN) 2011,,,SEAGames_11,,2011-11-11,2011-11-22,https://ifsc.results.info//api/v1/events/704
2011,702,European Youth Cup (L) - Pau (FRA) 2011,46,European Youth Cup 2011,Pau,,2011-11-11,2011-11-12,https://ifsc.results.info//api/v1/events/702
2011,687,IFSC Climbing Worldcup (L) - Kranj (SLO) 2011,45,IFSC Climbing Worldcup 2011,Kranj,,2011-11-19,2011-11-20,https://ifsc.results.info//api/v1/events/687
2011,688,IFSC Climbing Worldcup (L) - Barcelona (ESP) 2011,45,IFSC Climbing Worldcup 2011,Barcelona,,2011-11-26,2011-11-27,https://ifsc.results.info//api/v1/events/688
2011,703,European Youth Cup (L)- Kranj (SLO) 2011,46,European Youth Cup 2011,Kranj,,2011-11-26,2011-11-27,https://ifsc.results.info//api/v1/events/703
2011,726,Rheintal Cup Finale - Nikoloklettern Dornbirn (L),47,Rheintal Cup 2011,RC Nikoloklettern Do,,2011-12-03,2011-12-03,https://ifsc.results.info//api/v1/events/726
2011,692,Asian Continental Championship - Huangshi (CHN) 2011,,,Asian_Championship,,2011-12-09,2011-12-11,https://ifsc.results.info//api/v1/events/692
2012,766,Intl. Event - Fajr Master - Zanjan (IRI) 2012,,,Master Iran,,2012-02-01,2012-02-05,https://ifsc.results.info//api/v1/events/766
2012,767,European Promo Event (B) - Sheffield (GBR) 2012,,,Promo_Sheffield_12,,2012-03-10,2012-03-11,https://ifsc.results.info//api/v1/events/767
2012,768,Intl. Event - Master de Bouldering The North Face (CHI) 2012 ,,,Master Chile,,2012-03-16,2012-03-17,https://ifsc.results.info//api/v1/events/768
2012,769,Rheintal Cup - Junior Cup Dornbirn (L) 2012,50,Rheintal Cup 2012,RC Dornbirn Junior,,2012-03-24,2012-03-24,https://ifsc.results.info//api/v1/events/769
2012,727,"IFSC Climbing Worldcup (B,S) - Chongqing (CHN) 2012",48,IFSC Climbing Worldcup 2012,Chongqing,,2012-04-13,2012-04-14,https://ifsc.results.info//api/v1/events/727
2012,770,Rheintal Cup - Bouldertag Küblis (B) 2012,50,Rheintal Cup 2012,RB Küblis,,2012-04-15,2012-04-15,https://ifsc.results.info//api/v1/events/770
2012,728,IFSC Climbing Worldcup (B) - Log-Dragomer (SLO) 2012,48,IFSC Climbing Worldcup 2012,Log-Dragomer,,2012-04-21,2012-04-22,https://ifsc.results.info//api/v1/events/728
2012,750,"Asian Continental Championship - Leye, Guangxi (CHN) 2012",,,Asian_Ch_12,,2012-04-25,2012-04-28,https://ifsc.results.info//api/v1/events/750
2012,729,IFSC Climbing Worldcup (B) - Vienna (AUT) 2012,48,IFSC Climbing Worldcup 2012,Vienna,,2012-04-27,2012-04-28,https://ifsc.results.info//api/v1/events/729
2012,771,Promotional Event - Melloblocco (ITA) 2012 ,,,melloblocco_12,,2012-05-05,2012-05-06,https://ifsc.results.info//api/v1/events/771
2012,772,Rheintal Cup - Eidechsli Chur (L) 2012,50,Rheintal Cup 2012,RC Chur,,2012-05-12,2012-05-12,https://ifsc.results.info//api/v1/events/772
2012,773,Promotional Event - namBa HIPS CUP (L) (JPN) 2012,,,JPN_Promo,,2012-05-13,2012-05-13,https://ifsc.results.info//api/v1/events/773
2012,730,IFSC Climbing Worldcup (B) - Innsbruck (AUT) 2012,48,IFSC Climbing Worldcup 2012,Innsbruck,,2012-05-18,2012-05-19,https://ifsc.results.info//api/v1/events/730
2012,753,"European Youth Cup (L,S) - Edinburgh (GBR) 2012",49,European Youth Cup 2012,Edinburgh,,2012-05-18,2012-05-20,https://ifsc.results.info//api/v1/events/753
2012,754,"European Youth Cup (L,S) - Moscow (RUS) 2012",49,European Youth Cup 2012,Moscow,,2012-05-25,2012-05-27,https://ifsc.results.info//api/v1/events/754
2012,775,Promotional Event - Copa Aldea (L) Lunahuana (PER) 2012,,,promo_Peru_Lead,,2012-05-26,2012-05-27,https://ifsc.results.info//api/v1/events/775
2012,774,Intl. Event - Youth Color Climbing Festival (under 14) - Imst (AUT) 2012,,,YCCF_12,,2012-05-26,2012-05-27,https://ifsc.results.info//api/v1/events/774
2012,731,IFSC Climbing Worldcup (B) - Vail (USA) 2012 ,48,IFSC Climbing Worldcup 2012,Vail,,2012-06-01,2012-06-02,https://ifsc.results.info//api/v1/events/731
2012,755,European Youth Cup (B) - Grindelwald (SUI) 2012,49,European Youth Cup 2012,Grindelwald,,2012-06-02,2012-06-03,https://ifsc.results.info//api/v1/events/755
2012,756,European Youth Cup (L) - Voiron (FRA) 2012,49,European Youth Cup 2012,Voiron,,2012-06-09,2012-06-09,https://ifsc.results.info//api/v1/events/756
2012,776,Promotional Event - Festival del Andinismo 2012 (L - S) Huaraz (PER) 2012,,,promo_Peru_LS,,2012-06-25,2012-07-01,https://ifsc.results.info//api/v1/events/776
2012,757,European Youth Cup (L) - Linz (AUT) 2012,49,European Youth Cup 2012,Linz,,2012-06-30,2012-07-01,https://ifsc.results.info//api/v1/events/757
2012,777,European Promo Event (S) - Munich (GER) 2012,,,Munich_Promo_12,,2012-07-01,2012-07-01,https://ifsc.results.info//api/v1/events/777
2012,778,"Intl. Youth Event - Petzen Climbing Trophy (L, S, B) - Petzen (AUT) 2012	",,,Petzen_12,,2012-07-06,2012-07-08,https://ifsc.results.info//api/v1/events/778
2012,758,European Youth Cup (S) - Chamonix (FRA) 2012,49,European Youth Cup 2012,Chamonix,,2012-07-08,2012-07-08,https://ifsc.results.info//api/v1/events/758
2012,752,Asian Youth Championship - Hamedan (IRI) 2012,,,Asian_Youth_Chp_12,,2012-07-11,2012-07-13,https://ifsc.results.info//api/v1/events/752
2012,732,"IFSC Climbing Worldcup (L,S) - Chamonix (FRA) 2012",48,IFSC Climbing Worldcup 2012,Chamonix,,2012-07-12,2012-07-13,https://ifsc.results.info//api/v1/events/732
2012,779,Promotional Event - European OutDoor Speedcup (S) - Friedrichshafen (GER) 2012,,,Promo_Friedrichshafe,,2012-07-14,2012-07-14,https://ifsc.results.info//api/v1/events/779
2012,733,IFSC Climbing Worldcup (L) - Briançon (FRA) 2012,48,IFSC Climbing Worldcup 2012,Briançon,,2012-07-20,2012-07-21,https://ifsc.results.info//api/v1/events/733
2012,759,European Youth Cup (B) - L'Argentière (FRA) 2012,49,European Youth Cup 2012,Argentiere,,2012-07-25,2012-07-26,https://ifsc.results.info//api/v1/events/759
2012,734,IFSC Climbing Worldcup (S) - Val Daone (ITA) 2012,48,IFSC Climbing Worldcup 2012,Daone,,2012-07-28,2012-07-29,https://ifsc.results.info//api/v1/events/734
2012,760,European Youth Cup (L) - Imst (AUT) 2012,49,European Youth Cup 2012,Imst,,2012-08-04,2012-08-05,https://ifsc.results.info//api/v1/events/760
2012,780,Promotional Event - Adidas Rockstars (B) - Stuttgart (GER) 2012,,,Adidas_Promo_12,,2012-08-10,2012-08-11,https://ifsc.results.info//api/v1/events/780
2012,735,IFSC Climbing Worldcup (L) - Imst (AUT) 2012,48,IFSC Climbing Worldcup 2012,Imst,,2012-08-10,2012-08-11,https://ifsc.results.info//api/v1/events/735
2012,761,European Youth Cup (S) - Pieve (ITA) 2012,49,European Youth Cup 2012,Pieve,,2012-08-11,2012-08-11,https://ifsc.results.info//api/v1/events/761
2012,781,Intl. Event - Rock Junior - Arco (ITA) 2012	,,,Arco_RJ_2012,,2012-08-25,2012-08-26,https://ifsc.results.info//api/v1/events/781
2012,736,IFSC Climbing Worldcup (B) - Munich (GER) 2012,48,IFSC Climbing Worldcup 2012,Munich,,2012-08-25,2012-08-26,https://ifsc.results.info//api/v1/events/736
2012,748,Paraclimbing Cup Arco 2012 - Arco (ITA) 2012,,,Arco_Paraclimbing_12,,2012-08-27,2012-08-28,https://ifsc.results.info//api/v1/events/748
2012,747,IFSC World Youth Championship - Singapore (SIN) - 2012,,,YWCH Singapore,,2012-08-29,2012-09-01,https://ifsc.results.info//api/v1/events/747
2012,782,"Intl. Event Open for Rockmaster (L, B) - Arco (ITA) 2012",,,Arco_Open,,2012-08-30,2012-08-31,https://ifsc.results.info//api/v1/events/782
2012,783,"Intl. Event (L, B) - ROCKMASTER - Arco (ITA) 2012",,,Arco_RM_12,,2012-09-01,2012-09-02,https://ifsc.results.info//api/v1/events/783
2012,737,IFSC Climbing Worldcup (S) - Arco (ITA) 2012,48,IFSC Climbing Worldcup 2012,Arco,,2012-09-01,2012-09-02,https://ifsc.results.info//api/v1/events/737
2012,740,IFSC World Championship Lead Group B - Paris 2012,,,Paris,,2012-09-11,2012-09-12,https://ifsc.results.info//api/v1/events/740
2012,739,IFSC World Championship Lead Group A - Paris 2012,,,Paris,,2012-09-11,2012-09-12,https://ifsc.results.info//api/v1/events/739
2012,738,IFSC Climbing World Championship - Paris (FRA) 2012,,,WCH Paris,,2012-09-12,2012-09-16,https://ifsc.results.info//api/v1/events/738
2012,749,IFSC Paraclimbing World Championship - Paris (FRA) 2012,,,Paraclimbing_WCH_12,,2012-09-12,2012-09-16,https://ifsc.results.info//api/v1/events/749
2012,741,IFSC Climbing Worldcup (L) - Puurs (BEL) 2012,48,IFSC Climbing Worldcup 2012,Puurs,,2012-09-21,2012-09-22,https://ifsc.results.info//api/v1/events/741
2012,784,Rheintal Cup - Megusta Cup Chur 2012,50,Rheintal Cup 2012,RC Megusta Chur ,,2012-09-22,2012-09-22,https://ifsc.results.info//api/v1/events/784
2012,785,Rheintal Cup - Megusta Cup Chur (S) 2012,50,Rheintal Cup 2012,RC Megusta Speed,,2012-09-22,2012-09-22,https://ifsc.results.info//api/v1/events/785
2012,742,IFSC Climbing Worldcup (L) - Atlanta (USA) 2012 ,48,IFSC Climbing Worldcup 2012,Atlanta,,2012-09-29,2012-09-30,https://ifsc.results.info//api/v1/events/742
2012,786,Promotional Event - Les 24 heures du Mur (L) - Oloront Sainte Marie (FRA) 2012,,,Promo_Oloront_12,,2012-10-06,2012-10-07,https://ifsc.results.info//api/v1/events/786
2012,743,"IFSC Climbing Worldcup (L,S) - Xining (CHN) 2012",48,IFSC Climbing Worldcup 2012,Xining,,2012-10-12,2012-10-13,https://ifsc.results.info//api/v1/events/743
2012,787,Wujiang Rock Master - Wujiang (CHN) 2012  	,,,Wujiang_12,,2012-10-16,2012-10-17,https://ifsc.results.info//api/v1/events/787
2012,744,"IFSC Climbing Worldcup (L,S) - Mokpo (KOR) 2012 ",48,IFSC Climbing Worldcup 2012,Mokpo,,2012-10-20,2012-10-21,https://ifsc.results.info//api/v1/events/744
2012,745,IFSC Climbing Worldcup (L) - Inzai (JPN) 2012,48,IFSC Climbing Worldcup 2012,Inzai,,2012-10-27,2012-10-28,https://ifsc.results.info//api/v1/events/745
2012,762,"European Youth Championship (L,S) - Gémozac (FRA) 2012",,,Gemozac,,2012-11-02,2012-11-04,https://ifsc.results.info//api/v1/events/762
2012,751,"Asian Cup (L, S) - Chengdu CHN) 2012",,,Asian_cup_12,,2012-11-03,2012-11-04,https://ifsc.results.info//api/v1/events/751
2012,764,"IFSC Panamerican Championship (L, S, B) - San Juan de los Morros (VEN) 2012",,,,,2012-11-07,2012-11-10,https://ifsc.results.info//api/v1/events/764
2012,746,IFSC Climbing Worldcup (L) - Kranj (SLO) 2012,48,IFSC Climbing Worldcup 2012,Kranj,,2012-11-17,2012-11-18,https://ifsc.results.info//api/v1/events/746
2012,765,"PanAmerican Youth Championship (L,S, B) - Santiago (CHI) 2012",,,PAC YCH Santiago,,2012-11-21,2012-11-25,https://ifsc.results.info//api/v1/events/765
2012,763,European Youth Cup (L) - Kranj (SLO) 2012,49,European Youth Cup 2012,Kranj,,2012-11-24,2012-11-25,https://ifsc.results.info//api/v1/events/763
2012,788,Rheintal Cup - Nikoloklettern Dornbirn (L) 2012,50,Rheintal Cup 2012,RC Dornbirn,,2012-12-08,2012-12-08,https://ifsc.results.info//api/v1/events/788
2013,830,Promo Event - The Climbing Works International Festival (B) - Sheffield (GBR) 2013,,,Promo Sheffield,,2013-03-02,2013-03-03,https://ifsc.results.info//api/v1/events/830
2013,789,"IFSC Climbing Worldcup (B,S) - Chongqing (CHN) 2013",51,IFSC Climbing Worldcup 2013,Chongqing,,2013-03-22,2013-03-23,https://ifsc.results.info//api/v1/events/789
2013,828,"2nd CISM World Winter Games ""Annecy-Chamonix 2013""",,,CISM,,2013-03-25,2013-03-29,https://ifsc.results.info//api/v1/events/828
2013,790,IFSC Climbing Worldcup (B) - Millau (FRA) 2013,51,IFSC Climbing Worldcup 2013,Millau,,2013-04-05,2013-04-06,https://ifsc.results.info//api/v1/events/790
2013,791,IFSC Climbing Worldcup (B) - Kitzbühel (AUT) 2013,51,IFSC Climbing Worldcup 2013,Kitzbühel,,2013-04-26,2013-04-27,https://ifsc.results.info//api/v1/events/791
2013,831,Promotional Event - Melloblocco 10th anniversary (ITA) 2013,,,Melloblocco,,2013-04-26,2013-05-05,https://ifsc.results.info//api/v1/events/831
2013,792,IFSC Climbing Worldcup (B) - Log-Dragomer (SLO) 2013,51,IFSC Climbing Worldcup 2013,Log-Dragomer,,2013-05-11,2013-05-12,https://ifsc.results.info//api/v1/events/792
2013,832,Promotional Event - namBa HIPS CUP (L) - Osaka (JPN) 2013,,,JPN_Promo,,2013-05-12,2013-05-12,https://ifsc.results.info//api/v1/events/832
2013,815,"European Cup (L, S) - Ekaterinburg (RUS) 2013",,,EC Ekaterinburg,,2013-05-16,2013-05-19,https://ifsc.results.info//api/v1/events/815
2013,793,IFSC Climbing Worldcup (B) - Innsbruck (AUT) 2013,51,IFSC Climbing Worldcup 2013,Innsbruck,,2013-05-17,2013-05-18,https://ifsc.results.info//api/v1/events/793
2013,833,Intl. Event - Youth Color Climbing Festival (under 14) - Imst (AUT) 2013,,,YCCF_13,,2013-05-18,2013-05-19,https://ifsc.results.info//api/v1/events/833
2013,813,"Asian Continental Championship - Tehran, (IRN) 2013",,,Asian Champ.,,2013-05-22,2013-05-24,https://ifsc.results.info//api/v1/events/813
2013,827,Oceania Continental Championship - Nouméa (New Caledonia) 2013,,,Oceania Championship,,2013-05-25,2013-05-26,https://ifsc.results.info//api/v1/events/827
2013,834,Promotional Event - Adidas Rockstars Korea (B) - Seoul (KOR) 2013,,,Adidas Kor,,2013-05-25,2013-05-26,https://ifsc.results.info//api/v1/events/834
2013,818,European Youth Championship (B) - Grindelwald (SUI) 2013,,,BEuro Grindelwald,,2013-05-25,2013-05-26,https://ifsc.results.info//api/v1/events/818
2013,794,IFSC Climbing Worldcup (B) - Toronto (CAN) 2013,51,IFSC Climbing Worldcup 2013,Toronto,,2013-06-01,2013-06-02,https://ifsc.results.info//api/v1/events/794
2013,795,IFSC Climbing Worldcup (B) - Vail (USA) 2013,51,IFSC Climbing Worldcup 2013,Vail,,2013-06-07,2013-06-08,https://ifsc.results.info//api/v1/events/795
2013,819,"European Youth Cup (L, S) - Edinburgh (GBR) 2013",52,European Youth Cup 2013,Edinburgh,,2013-06-08,2013-06-09,https://ifsc.results.info//api/v1/events/819
2013,835,Kia World Extreme Games - Shanghai (CHN) 2013,,,Kia Extreme Games ,,2013-06-09,2013-06-10,https://ifsc.results.info//api/v1/events/835
2013,836,"Promotional Event - Adidas Rockstars China (B) - Shanghai, Century Plaza (CHN) 2013",,,Adidas Chn,,2013-06-15,2013-06-16,https://ifsc.results.info//api/v1/events/836
2013,796,IFSC Climbing Worldcup (S) - Baku (AZE) 2013,51,IFSC Climbing Worldcup 2013,Baku,,2013-06-22,2013-06-23,https://ifsc.results.info//api/v1/events/796
2013,820,European Youth Cup (B) - Sofia (BUL) 2013,52,European Youth Cup 2013,Sofia,,2013-06-28,2013-06-30,https://ifsc.results.info//api/v1/events/820
2013,821,European Youth Cup (S) - Imst (AUT) 2013,52,European Youth Cup 2013,Imst,,2013-06-29,2013-06-29,https://ifsc.results.info//api/v1/events/821
2013,837,"Intl. Youth Event - Petzen Climbing Trophy (L, S, B) - Petzen (AUT) 2013	",,,Petzen,,2013-07-05,2013-07-07,https://ifsc.results.info//api/v1/events/837
2013,838,European Promo Event (S) - Munich (GER) 2013,,,Munich Promo,,2013-07-07,2013-07-07,https://ifsc.results.info//api/v1/events/838
2013,822,European Youth Cup (S) - Chamonix (FRA) 2013,52,European Youth Cup 2013,Chamonix,,2013-07-09,2013-07-11,https://ifsc.results.info//api/v1/events/822
2013,809,European Paraclimbing Lead Championship - Chamonix (FRA) 2013,,,Cham_Paraclimbing_13,,2013-07-10,2013-07-13,https://ifsc.results.info//api/v1/events/809
2013,816,"European Championship (L,S) - Chamonix (FRA) 2013 ",,,LSEuro Chamonix,,2013-07-10,2013-07-13,https://ifsc.results.info//api/v1/events/816
2013,797,IFSC Climbing Worldcup (L) - Briançon (FRA) 2013,51,IFSC Climbing Worldcup 2013,Briançon,,2013-07-19,2013-07-20,https://ifsc.results.info//api/v1/events/797
2013,839,International Event (S) - Val Daone (ITA) 2013,,,Val Daone,,2013-07-20,2013-07-21,https://ifsc.results.info//api/v1/events/839
2013,823,European Youth Cup (B) - L'Argentière (FRA) 2013,52,European Youth Cup 2013,Argentiere,,2013-07-22,2013-07-23,https://ifsc.results.info//api/v1/events/823
2013,824,"European Youth Championship (L,S) - Imst (AUT) 2013",,,LSEuro Imst,,2013-07-25,2013-07-28,https://ifsc.results.info//api/v1/events/824
2013,840,Promotional Event - Tout à Bloc (B) - L'Argentière la Bessée (FRA) 2013,,,TAB 2013,,2013-07-26,2013-07-27,https://ifsc.results.info//api/v1/events/840
2013,829,The World Games 2013 - Cali (COL) 2013,,,WG_2013,,2013-08-03,2013-08-04,https://ifsc.results.info//api/v1/events/829
2013,798,IFSC Climbing Worldcup (L) - Imst (AUT) 2013,51,IFSC Climbing Worldcup 2013,Imst,,2013-08-09,2013-08-10,https://ifsc.results.info//api/v1/events/798
2013,808,IFSC World Youth Championship - Central Saanich (CAN) - 2013,,,WYCH Saanich,,2013-08-15,2013-08-19,https://ifsc.results.info//api/v1/events/808
2013,799,IFSC Climbing Worldcup (B) - Munich (GER) 2013,51,IFSC Climbing Worldcup 2013,Munich,,2013-08-24,2013-08-25,https://ifsc.results.info//api/v1/events/799
2013,841,Intl. Event - Rock Junior - Arco (ITA) 2013	,,,Arco_RJ_2013,,2013-08-31,2013-09-01,https://ifsc.results.info//api/v1/events/841
2013,817,European Championship (B) - Eindhoven (NED) 2013,,,Eindhoven,,2013-08-31,2013-09-01,https://ifsc.results.info//api/v1/events/817
2013,842,"Intl. Event Open for Rockmaster (L, B) - Arco (ITA) 2013",,,Arco_Open,,2013-09-05,2013-09-06,https://ifsc.results.info//api/v1/events/842
2013,810,Paraclimbing Cup Arco 2013 - Arco (ITA) 2013,,,Arco_Paraclimbing_13,,2013-09-06,2013-09-06,https://ifsc.results.info//api/v1/events/810
2013,825,European Youth Cup (L) - Stavanger (NOR) 2013,52,European Youth Cup 2013,Stavanger,,2013-09-07,2013-09-08,https://ifsc.results.info//api/v1/events/825
2013,800,IFSC Climbing Worldcup (S) - Arco (ITA) 2013,51,IFSC Climbing Worldcup 2013,Arco,,2013-09-07,2013-09-07,https://ifsc.results.info//api/v1/events/800
2013,843,"Intl. Event (L, B) - ROCKMASTER - Arco (ITA) 2013",,,Arco Rockmaster,,2013-09-07,2013-09-07,https://ifsc.results.info//api/v1/events/843
2013,844,Promotional Event - Adidas Rockstars (B) - Stuttgart (GER) 2013,,,Adidas Rockstars 13,,2013-09-13,2013-09-14,https://ifsc.results.info//api/v1/events/844
2013,845,International under 14 Event - Atomska Mravka - Skopje (MKD) 2013 ,,,Skopje_Under14,,2013-09-14,2013-09-15,https://ifsc.results.info//api/v1/events/845
2013,801,IFSC Climbing Worldcup (L) - Puurs (BEL) 2013,51,IFSC Climbing Worldcup 2013,Puurs,,2013-09-20,2013-09-21,https://ifsc.results.info//api/v1/events/801
2013,811,Paraclimbing Cup London (Lead) 2013 - London (GBR) 2013,,,Lond_Paraclimbing_13,,2013-09-21,2013-09-22,https://ifsc.results.info//api/v1/events/811
2013,802,"IFSC Climbing Worldcup (L,S) - Perm (RUS) 2013",51,IFSC Climbing Worldcup 2013,Perm,,2013-09-27,2013-09-29,https://ifsc.results.info//api/v1/events/802
2013,846,Promotional Event - 24 heures du mur (L) - Oloron Sainte Marie (FRA) 2013,,,Oloron 2013,,2013-10-05,2013-10-06,https://ifsc.results.info//api/v1/events/846
2013,803,"IFSC Climbing Worldcup (L,S) - Mokpo (KOR) 2013",51,IFSC Climbing Worldcup 2013,Mokpo,,2013-10-11,2013-10-12,https://ifsc.results.info//api/v1/events/803
2013,826,European Youth Cup (B) - Laval (FRA) 2013,52,European Youth Cup 2013,Laval,,2013-10-12,2013-10-13,https://ifsc.results.info//api/v1/events/826
2013,812,Paraclimbing Cup Laval (Boulder) 2013 - Laval (FRA) 2013,,,Lava_Paraclimbing_13,,2013-10-12,2013-10-13,https://ifsc.results.info//api/v1/events/812
2013,804,IFSC Climbing Worldcup (S) - Haiyang (CHN) 2013,51,IFSC Climbing Worldcup 2013,Haiyang,,2013-10-15,2013-10-16,https://ifsc.results.info//api/v1/events/804
2013,847,Promotional Event -  (L) - Haiyang (CHN) 2013,,,Haiyang Promo,,2013-10-15,2013-10-16,https://ifsc.results.info//api/v1/events/847
2013,805,"IFSC Climbing Worldcup (L,S) - Wujiang (CHN) 2013",51,IFSC Climbing Worldcup 2013,Wujiang,,2013-10-19,2013-10-20,https://ifsc.results.info//api/v1/events/805
2013,806,IFSC Climbing Worldcup (L) - Valence (FRA) 2013,51,IFSC Climbing Worldcup 2013,Valence,,2013-11-01,2013-11-02,https://ifsc.results.info//api/v1/events/806
2013,807,IFSC Climbing Worldcup (L) - Kranj (SLO) 2013,51,IFSC Climbing Worldcup 2013,Kranj,,2013-11-16,2013-11-17,https://ifsc.results.info//api/v1/events/807
2013,848,"Promotional Event -  (B,L) - Moscow (RUS) 2013",,,MoscowPromo,,2013-12-06,2013-12-09,https://ifsc.results.info//api/v1/events/848
2013,814,Asian Youth Championship - Surabaya (INA) 2013,,,Asian_Youth_Chp_13,,2013-12-11,2013-12-14,https://ifsc.results.info//api/v1/events/814
2014,886,Promo Event - The Climbing Works International Festival (B) - Sheffield (GBR) 2014,,,Promo Sheffield,,2014-03-15,2014-03-16,https://ifsc.results.info//api/v1/events/886
2014,849,"IFSC Climbing Worldcup (B,S) - Chongqing (CHN) 2014 ",53,IFSC Climbing Worldcup 2014,Chongqing,,2014-04-26,2014-04-27,https://ifsc.results.info//api/v1/events/849
2014,887,Kia World Extreme Games - Shanghai (CHN) 2014,,,Kia Extreme Games ,,2014-04-30,2014-05-01,https://ifsc.results.info//api/v1/events/887
2014,850,"IFSC Climbing Worldcup (B,S) - Baku (AZE) 2014",53,IFSC Climbing Worldcup 2014,Baku,,2014-05-03,2014-05-04,https://ifsc.results.info//api/v1/events/850
2014,851,IFSC Climbing Worldcup (B) - Grindelwald (SUI) 2014 ,53,IFSC Climbing Worldcup 2014,Grindelwald,,2014-05-10,2014-05-11,https://ifsc.results.info//api/v1/events/851
2014,852,IFSC Climbing Worldcup (B) - Innsbruck (AUT) 2014 ,53,IFSC Climbing Worldcup 2014,Innsbruck,,2014-05-16,2014-05-17,https://ifsc.results.info//api/v1/events/852
2014,853,IFSC Climbing Worldcup (B) - Toronto (CAN) 2014 ,53,IFSC Climbing Worldcup 2014,Toronto,,2014-05-31,2014-06-01,https://ifsc.results.info//api/v1/events/853
2014,875,European Youth Cup (L) - Imst (AUT) 2014 ,54,European Youth Cup 2014,ImstEYC,,2014-05-31,2014-06-01,https://ifsc.results.info//api/v1/events/875
2014,854,IFSC Climbing Worldcup (B) - Vail (USA) 2014,53,IFSC Climbing Worldcup 2014,Vail,,2014-06-06,2014-06-07,https://ifsc.results.info//api/v1/events/854
2014,888,Intl. Event - Youth Color Climbing Festival (under 14) - Imst (AUT) 2014,,,YCCF_14,,2014-06-07,2014-06-08,https://ifsc.results.info//api/v1/events/888
2014,876,"European Youth Championship (L,S) - Edinburgh 2014",54,European Youth Cup 2014,LSEuro Edin,,2014-06-14,2014-06-15,https://ifsc.results.info//api/v1/events/876
2014,855,"IFSC Climbing Worldcup (L, B, S) - Haiyang (CHN) 2014 ",53,IFSC Climbing Worldcup 2014,Haiyang,,2014-06-20,2014-06-22,https://ifsc.results.info//api/v1/events/855
2014,868,Paraclimbing Cup Laval (Boulder) 2014 - Laval (FRA) 2014,,,Lava_Paraclimbing_14,,2014-06-26,2014-06-27,https://ifsc.results.info//api/v1/events/868
2014,856,IFSC Climbing Worldcup (B) - Laval (FRA) 2014,53,IFSC Climbing Worldcup 2014,Laval,,2014-06-27,2014-06-28,https://ifsc.results.info//api/v1/events/856
2014,885,Asian University Climbing Championships - Singapore (SIN) 2014,,,AUCC14,,2014-07-01,2014-07-07,https://ifsc.results.info//api/v1/events/885
2014,869,Paraclimbing Cup Imst (Lead) 2014 - Imst (AUT) 2014,,,Imst_Paraclimbing_14,,2014-07-04,2014-07-05,https://ifsc.results.info//api/v1/events/869
2014,889,"Intl. Youth Event - Petzen Climbing Trophy (L, S, B) - Petzen (AUT) 2014	",,,Petzen,,2014-07-04,2014-07-06,https://ifsc.results.info//api/v1/events/889
2014,877,European Youth Cup (S) - Imst (AUT) 2014 ,54,European Youth Cup 2014,ImstEYC,,2014-07-05,2014-07-05,https://ifsc.results.info//api/v1/events/877
2014,890,European Promo Event (S) - Munich (GER) 2014,,,Munich Promo,,2014-07-06,2014-07-06,https://ifsc.results.info//api/v1/events/890
2014,878,European Youth Cup (S) - Chamonix (FRA) 2014 ,54,European Youth Cup 2014,ChamEYC14,,2014-07-09,2014-07-09,https://ifsc.results.info//api/v1/events/878
2014,857,"IFSC Climbing Worldcup (L,S) - Chamonix (FRA) 2014",53,IFSC Climbing Worldcup 2014,Chamonix,,2014-07-10,2014-07-12,https://ifsc.results.info//api/v1/events/857
2014,858,IFSC Climbing Worldcup (L) - Briançon (FRA) 2014,53,IFSC Climbing Worldcup 2014,Briançon,,2014-07-19,2014-07-20,https://ifsc.results.info//api/v1/events/858
2014,879,European Youth Cup (B) - L'Argentière (FRA) 2014 ,54,European Youth Cup 2014,ArgentiereEYC14,,2014-07-22,2014-07-23,https://ifsc.results.info//api/v1/events/879
2014,891,Promotional Event - Tout à Bloc (B) - L'Argentière la Bessée (FRA) 2014,,,TAB 2014,,2014-07-25,2014-07-26,https://ifsc.results.info//api/v1/events/891
2014,859,IFSC Climbing Worldcup (L) - Imst (AUT) 2014 ,53,IFSC Climbing Worldcup 2014,Imst,,2014-08-01,2014-08-02,https://ifsc.results.info//api/v1/events/859
2014,880,European Youth Cup (B) - Laengenfeld/Oetzal (AUT) 2014 ,54,European Youth Cup 2014,LaengenfeldEYC14,,2014-08-15,2014-08-16,https://ifsc.results.info//api/v1/events/880
2014,884,Youth Olympic Games Nanjing (CHN) - Sports Lab - Climbing Showcase,,,Nanjing,,2014-08-16,2014-08-17,https://ifsc.results.info//api/v1/events/884
2014,860,IFSC Climbing World Championship (B) - Munich (GER) 2014,,,Munich,,2014-08-21,2014-08-23,https://ifsc.results.info//api/v1/events/860
2014,892,"Intl. Event Open for Rockmaster (L, B) - Arco (ITA) 2014",,,Arco_Open,,2014-08-28,2014-08-29,https://ifsc.results.info//api/v1/events/892
2014,870,Paraclimbing Cup Arco 2014 - Arco (ITA) 2014,,,Arco_Paraclimbing_14,,2014-08-29,2014-08-29,https://ifsc.results.info//api/v1/events/870
2014,893,"Intl. Event (L, B) - ROCKMASTER - Arco (ITA) 2014",,,Arco Rockmaster,,2014-08-30,2014-08-31,https://ifsc.results.info//api/v1/events/893
2014,861,IFSC Climbing Worldcup (S) - Arco (ITA) 2014 ,53,IFSC Climbing Worldcup 2014,Arco,,2014-08-30,2014-08-31,https://ifsc.results.info//api/v1/events/861
2014,894,Intl. Event - Rock Junior - Arco (ITA) 2014	,,,Arco_RJ_2014,,2014-09-04,2014-09-05,https://ifsc.results.info//api/v1/events/894
2014,881,European Youth Championship (B) - Arco (ITA) 2014 ,54,European Youth Cup 2014,BEuro Arco,,2014-09-06,2014-09-07,https://ifsc.results.info//api/v1/events/881
2014,862,"IFSC Climbing World Championship (L, S) - Gijon (ESP) 2014",,,Gijon,,2014-09-08,2014-09-14,https://ifsc.results.info//api/v1/events/862
2014,871,IFSC Paraclimbing World Masters - Gijon (ESP) 2014,,,Gijon,,2014-09-11,2014-09-14,https://ifsc.results.info//api/v1/events/871
2014,872,IFSC Paraclimbing World Championship - Gijon (ESP) 2014,,,Gijon,,2014-09-11,2014-09-14,https://ifsc.results.info//api/v1/events/872
2014,867,"IFSC World Youth Championship - Noumea, New Caledonia (FRA) - 2014",,,WYCH Noumea,,2014-09-19,2014-09-23,https://ifsc.results.info//api/v1/events/867
2014,895,Promotional Event - Adidas Rockstars (B) - Stuttgart (GER) 2014,,,Adidas Rockstars 14,,2014-09-19,2014-09-20,https://ifsc.results.info//api/v1/events/895
2014,896,Promotional Event - 24 heures du mur (L) - Oloron Sainte Marie (FRA) 2014,,,Oloron 2014,,2014-09-27,2014-09-28,https://ifsc.results.info//api/v1/events/896
2014,874,22th Asian Continental Championship - Lombok (INA) 2014,,,ACH Lombok,,2014-10-01,2014-10-03,https://ifsc.results.info//api/v1/events/874
2014,873,Paraclimbing Cup Sheffield (Lead) 2014 - Sheffield (GBR) 2014,,,She_Paraclimbing_14,,2014-10-04,2014-10-05,https://ifsc.results.info//api/v1/events/873
2014,863,"IFSC Climbing Worldcup (L,S) - Mokpo (KOR) 2014 ",53,IFSC Climbing Worldcup 2014,Mokpo,,2014-10-11,2014-10-12,https://ifsc.results.info//api/v1/events/863
2014,883,Oceania International Open - Katoomba (AUS) 2014,,,Oceania Master,,2014-10-17,2014-10-19,https://ifsc.results.info//api/v1/events/883
2014,864,"IFSC Climbing Worldcup (L,S) - Wujiang (CHN) 2014 ",53,IFSC Climbing Worldcup 2014,Wujiang,,2014-10-18,2014-10-19,https://ifsc.results.info//api/v1/events/864
2014,865,IFSC Climbing Worldcup (L) - Inzai (JPN) 2014 ,53,IFSC Climbing Worldcup 2014,Inzai,,2014-10-25,2014-10-26,https://ifsc.results.info//api/v1/events/865
2014,866,IFSC Climbing Worldcup (L) - Kranj (SLO) 2014 ,53,IFSC Climbing Worldcup 2014,Kranj,,2014-11-15,2014-11-16,https://ifsc.results.info//api/v1/events/866
2014,882,"PanAmerican Youth Championship (L,S, B) - Mexico City (MEX) 2014",,,PAC YCH Mexico City,,2014-11-26,2014-11-30,https://ifsc.results.info//api/v1/events/882
2015,927,Promotional Event - Gravical (B) - Singapore (SIN) 2015,,,Gravical 2015,,2015-01-08,2015-01-11,https://ifsc.results.info//api/v1/events/927
2015,928,IFSC World Climbing Camp @ The Boulders,,,WCC 15 Can,,2015-02-20,2015-02-22,https://ifsc.results.info//api/v1/events/928
2015,929,Promo Event - The Climbing Works International Festival (B) - Sheffield (GBR) 2015,,,Promo Sheffield,,2015-03-07,2015-03-08,https://ifsc.results.info//api/v1/events/929
2015,930,Kia World Extreme Games - Speed Climbing - Shanghai (CHN) 2015,,,Kia Extreme Games ,,2015-05-01,2015-05-03,https://ifsc.results.info//api/v1/events/930
2015,918,European Youth Cup (L) - Dornbirn (AUT) 2015 ,56,European Youth Cup 2015,DornbirnEYC15,,2015-05-09,2015-05-10,https://ifsc.results.info//api/v1/events/918
2015,916,European Championship (B) - Innsbruck (AUT) 2015,,,InnsbruckECH15,,2015-05-14,2015-05-16,https://ifsc.results.info//api/v1/events/916
2015,897,IFSC Climbing Worldcup (S) - Central Saanich (CAN) 2015,55,IFSC Climbing Worldcup 2015,Saanich15 ,,2015-05-17,2015-05-17,https://ifsc.results.info//api/v1/events/897
2015,898,IFSC Climbing Worldcup (B) - Toronto (CAN) 2015,55,IFSC Climbing Worldcup 2015,Toronto15 ,,2015-05-30,2015-05-31,https://ifsc.results.info//api/v1/events/898
2015,919,European Youth Cup (L) - Imst (AUT) 2015,56,European Youth Cup 2015,ImstEYC15,,2015-05-30,2015-05-31,https://ifsc.results.info//api/v1/events/919
2015,899,IFSC Climbing Worldcup (B) - Vail (USA) 2015,55,IFSC Climbing Worldcup 2015,Vail,,2015-06-05,2015-06-06,https://ifsc.results.info//api/v1/events/899
2015,931,Intl. Event - Youth Color Climbing Festival (under 14) - Imst (AUT) 2015,,,YCCF_15,,2015-06-06,2015-06-07,https://ifsc.results.info//api/v1/events/931
2015,920,European Youth Cup (S) - Tarnow (POL) 2015 ,56,European Youth Cup 2015,ImstEYC,,2015-06-06,2015-06-06,https://ifsc.results.info//api/v1/events/920
2015,922,"European Youth Championship (L, S) - Edinburgh (GBR) 2015",56,European Youth Cup 2015,LSEuro Edin,,2015-06-12,2015-06-14,https://ifsc.results.info//api/v1/events/922
2015,900,"IFSC Climbing Worldcup (B,S) - Chongqing (CHN) 2015",55,IFSC Climbing Worldcup 2015,Chongqing,,2015-06-20,2015-06-21,https://ifsc.results.info//api/v1/events/900
2015,901,"IFSC Climbing Worldcup (B,S) - Haiyang (CHN) 2015",55,IFSC Climbing Worldcup 2015,Haiyang,,2015-06-26,2015-06-27,https://ifsc.results.info//api/v1/events/901
2015,911,Paraclimbing Cup (L) - Imst (AUT) 2015,,,Imst_Paraclimbing_15,,2015-06-27,2015-06-28,https://ifsc.results.info//api/v1/events/911
2015,921,European Youth Cup (B) - Laengenfeld (AUT) 2015 ,56,European Youth Cup 2015,LaengenfeldEYC15,,2015-07-04,2015-07-05,https://ifsc.results.info//api/v1/events/921
2015,917,"European Championship (L,S) - Chamonix (FRA) 2015",,,ChamECH15,,2015-07-10,2015-07-12,https://ifsc.results.info//api/v1/events/917
2015,912,Paraclimbing Cup (L) - Chamonix (FRA) 2015 ,,,Chamonix_PC_15,,2015-07-10,2015-07-11,https://ifsc.results.info//api/v1/events/912
2015,902,"IFSC Climbing Worldcup (L,S) - Chamonix (FRA) 2015",55,IFSC Climbing Worldcup 2015,Chamonix,,2015-07-10,2015-07-12,https://ifsc.results.info//api/v1/events/902
2015,932,"Intl. Youth Event - Petzen Climbing Trophy (L, S, B) - Petzen (AUT) 2015",,,Petzen,,2015-07-10,2015-07-12,https://ifsc.results.info//api/v1/events/932
2015,903,IFSC Climbing Worldcup (L) - Briançon (FRA) 2015,55,IFSC Climbing Worldcup 2015,Briançon,,2015-07-17,2015-07-18,https://ifsc.results.info//api/v1/events/903
2015,933,Promotional Event (S) - Gaflenz (AUT) 2015,,,Gaflenz 2015,,2015-07-18,2015-07-18,https://ifsc.results.info//api/v1/events/933
2015,923,European Youth Championship (B) - L'Argentière la Bessée (FRA) 2015 ,56,European Youth Cup 2015,BEuro Argentiere,,2015-07-21,2015-07-22,https://ifsc.results.info//api/v1/events/923
2015,904,IFSC Climbing Worldcup (L) - Imst (AUT) 2015 ,55,IFSC Climbing Worldcup 2015,Imst,,2015-07-31,2015-08-01,https://ifsc.results.info//api/v1/events/904
2015,926,European Universities Sport Climbing Championship - Katowice (POL) 2015,,,EUC15,,2015-08-05,2015-08-09,https://ifsc.results.info//api/v1/events/926
2015,924,European Youth Cup (L) - Mitterdorf (AUT) 2015 ,56,European Youth Cup 2015,MitterdorfEYC15,,2015-08-08,2015-08-09,https://ifsc.results.info//api/v1/events/924
2015,905,IFSC Climbing Worldcup (B) - Munich (GER) 2015,55,IFSC Climbing Worldcup 2015,Munich,,2015-08-14,2015-08-15,https://ifsc.results.info//api/v1/events/905
2015,906,IFSC Climbing Worldcup (L) - Stavanger (NOR) 2015,55,IFSC Climbing Worldcup 2015,Stavanger,,2015-08-21,2015-08-22,https://ifsc.results.info//api/v1/events/906
2015,925,European Youth Cup (S) - Imst (AUT) 2015 ,56,European Youth Cup 2015,ImstEYC,,2015-08-22,2015-08-22,https://ifsc.results.info//api/v1/events/925
2015,910,IFSC World Youth Championships - Arco (ITA) - 2015,,,WYCH Arco,,2015-08-28,2015-09-06,https://ifsc.results.info//api/v1/events/910
2015,934,Torino European Climbing Challenge (L) - Torino (ITA) 2015,,,Torino 2015,,2015-09-19,2015-09-20,https://ifsc.results.info//api/v1/events/934
2015,935,Master Event - Adidas Rockstars (B) - Stuttgart (GER) 2015,,,Adidas Rockstars 15,,2015-09-25,2015-09-26,https://ifsc.results.info//api/v1/events/935
2015,907,IFSC Climbing Worldcup (L) - Puurs (BEL) 2015 ,55,IFSC Climbing Worldcup 2015,Puurs,,2015-09-26,2015-09-27,https://ifsc.results.info//api/v1/events/907
2015,913,Paraclimbing Cup (L) - Sheffield (GBR) 2015,,,She_Paraclimbing_15,,2015-10-03,2015-10-04,https://ifsc.results.info//api/v1/events/913
2015,936,Promotional Event - 24 heures du mur (L) - Oloron Sainte Marie (FRA) 2015,,,Oloron 2015,,2015-10-03,2015-10-04,https://ifsc.results.info//api/v1/events/936
2015,908,"IFSC Climbing Worldcup (L,S) - Wujiang (CHN) 2015",55,IFSC Climbing Worldcup 2015,Wujiang,,2015-10-17,2015-10-18,https://ifsc.results.info//api/v1/events/908
2015,909,IFSC Climbing Worldcup (L) - Kranj (SLO) 2015,55,IFSC Climbing Worldcup 2015,Kranj,,2015-11-14,2015-11-15,https://ifsc.results.info//api/v1/events/909
2015,914,Asian Continental Championship - Ningbo (CHN) 2015,,,ACH Ningbo,,2015-11-22,2015-11-24,https://ifsc.results.info//api/v1/events/914
2015,915,Asian Youth Championship - Putrajaya (MAS) 2015,,,Asian_Youth_Chp_15,,2015-12-02,2015-12-06,https://ifsc.results.info//api/v1/events/915
2016,974,Promotional Event Just Climb Cup (B) - Hong Kong (HKG) 2016,,,HKG 2016,,2016-01-09,2016-01-10,https://ifsc.results.info//api/v1/events/974
2016,975,Promotional Event Gravical (B) - Singapore (SIN) 2016,,,Gravical2016,,2016-01-21,2016-01-24,https://ifsc.results.info//api/v1/events/975
2016,976,Promo Event - The Climbing Works International Festival (B) - Sheffield (GBR) 2016,,,Promo Sheffield,,2016-03-12,2016-03-13,https://ifsc.results.info//api/v1/events/976
2016,937,IFSC Climbing Worldcup (B) - Meiringen (SUI) 2016,57,IFSC Climbing Worldcup 2016,MeiringenWC,,2016-04-15,2016-04-16,https://ifsc.results.info//api/v1/events/937
2016,960,European Youth Cup (S) - Tarnow (POL) 2016 ,58,European Youth Cup 2016,EYC_POL_16,,2016-04-16,2016-04-18,https://ifsc.results.info//api/v1/events/960
2016,938,IFSC Climbing Worldcup (B) - Kazo (JPN) 2016,57,IFSC Climbing Worldcup 2016,KazoWC,,2016-04-23,2016-04-24,https://ifsc.results.info//api/v1/events/938
2016,977,"Promotional Event in memory of Pavel Samoilin (L, S) - Crimea 2016",,,Crimea 2016,,2016-04-30,2016-05-05,https://ifsc.results.info//api/v1/events/977
2016,939,"IFSC Climbing Worldcup (B, S) - Chongqing (CHN) 2016",57,IFSC Climbing Worldcup 2016,ChongqingWC,,2016-04-30,2016-05-01,https://ifsc.results.info//api/v1/events/939
2016,978,Master Event  (B) - Nanjing (CHN) 2016,,,Master_Nanjing,,2016-05-07,2016-05-08,https://ifsc.results.info//api/v1/events/978
2016,940,IFSC Climbing Worldcup (S) - Nanjing (CHN) 2016,57,IFSC Climbing Worldcup 2016,NanjingWC,,2016-05-07,2016-05-08,https://ifsc.results.info//api/v1/events/940
2016,961,European Youth Cup (B) - Soure (POR) 2016,58,European Youth Cup 2016,EYC_POR_16,,2016-05-07,2016-05-08,https://ifsc.results.info//api/v1/events/961
2016,941,IFSC Climbing Worldcup (B) - Navi Mumbai (IND) 2016,57,IFSC Climbing Worldcup 2016,NaviMumbaiWC,,2016-05-14,2016-05-15,https://ifsc.results.info//api/v1/events/941
2016,979,Promotional Event (B) IMF GIRIVIHAR - Navi Mumbai (IND) 2016,,,NaviMumbaiPromo ,,2016-05-16,2016-05-16,https://ifsc.results.info//api/v1/events/979
2016,942,IFSC Climbing Worldcup (B) - Innsbruck (AUT) 2016,57,IFSC Climbing Worldcup 2016,TyrolWC,,2016-05-20,2016-05-21,https://ifsc.results.info//api/v1/events/942
2016,962,European Youth Cup (L) - Imst (AUT) 2016 ,58,European Youth Cup 2016,EYC_AUT_L_16,,2016-05-28,2016-05-29,https://ifsc.results.info//api/v1/events/962
2016,980,Intl. Event - Youth Color Climbing Festival (under 14) - Imst (AUT) 2016,,,YCCF_16,,2016-06-04,2016-06-05,https://ifsc.results.info//api/v1/events/980
2016,943,IFSC Climbing Worldcup (B) - Vail (USA) 2016,57,IFSC Climbing Worldcup 2016,VailWC,,2016-06-10,2016-06-11,https://ifsc.results.info//api/v1/events/943
2016,969,Oceania Continental Championship - Sidney (AUS) 2016,,,Oceania Championship,,2016-06-17,2016-06-19,https://ifsc.results.info//api/v1/events/969
2016,963,European Youth Cup (B) - Graz (AUT) 2016 ,58,European Youth Cup 2016,EYC_Graz_16,,2016-06-18,2016-06-19,https://ifsc.results.info//api/v1/events/963
2016,954,Paraclimbing Cup (L) - Campitello di Fassa (ITA) 2016,,,Camp_Paraclimbing_16,,2016-06-25,2016-06-25,https://ifsc.results.info//api/v1/events/954
2016,964,European Youth Cup (B) - Warsaw (POL) 2016 ,58,European Youth Cup 2016,EYC_Warsaw_16,,2016-07-02,2016-07-03,https://ifsc.results.info//api/v1/events/964
2016,970,"Intl. Youth Event - Petzen Climbing Trophy (L, S, B) - Petzen (AUT) 2016",,,Petzen,,2016-07-08,2016-07-10,https://ifsc.results.info//api/v1/events/970
2016,944,"IFSC Climbing Worldcup (L,S) -Chamonix (FRA) 2016",57,IFSC Climbing Worldcup 2016,ChamonixWC,,2016-07-11,2016-07-12,https://ifsc.results.info//api/v1/events/944
2016,945,"IFSC Climbing Worldcup (L, S) - Villars (SUI) 2016",57,IFSC Climbing Worldcup 2016,VillarsWC,,2016-07-15,2016-07-16,https://ifsc.results.info//api/v1/events/945
2016,955,Paraclimbing Master (L) - Imst (AUT) 2016,,,Imst_Paraclimbing_16,,2016-07-16,2016-07-17,https://ifsc.results.info//api/v1/events/955
2016,972,"European Universities Games (L, S, B) - Zagreb (CRO) 2016",,,UCH16,,2016-07-21,2016-07-24,https://ifsc.results.info//api/v1/events/972
2016,946,IFSC Climbing Worldcup (L) - Briançon (FRA) 2016,57,IFSC Climbing Worldcup 2016,BriançonWC,,2016-07-22,2016-07-23,https://ifsc.results.info//api/v1/events/946
2016,965,European Youth Cup (B) - L'Argentière (FRA) 2016 ,58,European Youth Cup 2016,EYC_Argentiere_16,,2016-07-26,2016-07-27,https://ifsc.results.info//api/v1/events/965
2016,981,Master Event - Tout à Bloc (B) - L'Argentière la Bessée (FRA) 2016,,,TAB 2016,,2016-07-28,2016-07-30,https://ifsc.results.info//api/v1/events/981
2016,958,Asian Continental Championship - Duyun (CHN) 2016,,,ACH Duyun,,2016-08-03,2016-08-06,https://ifsc.results.info//api/v1/events/958
2016,966,European Youth Championships (B) - Langenfeld (AUT) 2016 ,58,European Youth Cup 2016,EYCH_Langenfeld_16,,2016-08-04,2016-08-06,https://ifsc.results.info//api/v1/events/966
2016,947,IFSC Climbing Worldcup (B) - Munich (GER) 2016,57,IFSC Climbing Worldcup 2016,MunichWC,,2016-08-12,2016-08-13,https://ifsc.results.info//api/v1/events/947
2016,948,IFSC Climbing Worldcup (L) - Imst (AUT) 2016 ,57,IFSC Climbing Worldcup 2016,ImstWC,,2016-08-19,2016-08-20,https://ifsc.results.info//api/v1/events/948
2016,949,"IFSC Climbing Worldcup (L, S) - Arco (ITA) 2016",57,IFSC Climbing Worldcup 2016,ArcoWC,,2016-08-26,2016-08-27,https://ifsc.results.info//api/v1/events/949
2016,982,"Intl. Event (L, B) - ROCKMASTER - Arco (ITA) 2016",,,Arco Rockmaster,,2016-08-28,2016-08-28,https://ifsc.results.info//api/v1/events/982
2016,967,"European Youth Championships (L,S) - Mitterdorf (AUT) 2016 ",58,European Youth Cup 2016,EYCH_Mitterdorf_16,,2016-09-02,2016-09-04,https://ifsc.results.info//api/v1/events/967
2016,983,Intl. Event - Rock Junior - Arco (ITA) 2016,,,Arco_RJ_2016,,2016-09-02,2016-09-04,https://ifsc.results.info//api/v1/events/983
2016,968,European Youth Cup (S) - Imst (AUT) 2016 ,58,European Youth Cup 2016,EYC_AUT_S_16,,2016-09-10,2016-09-10,https://ifsc.results.info//api/v1/events/968
2016,950,IFSC Climbing World Championships - Paris (FRA) 2016,,,WCH Paris,FRA,2016-09-14,2016-09-18,https://ifsc.results.info//api/v1/events/950
2016,956,IFSC Paraclimbing World Championships - Paris (FRA) 2016,,,Paraclimbing_WCH_16,,2016-09-14,2016-09-18,https://ifsc.results.info//api/v1/events/956
2016,984,Master Event - Adidas Rockstars (B) - Stuttgart (GER) 2016,,,Adidas Rockstars 16,,2016-09-23,2016-09-24,https://ifsc.results.info//api/v1/events/984
2016,957,Paraclimbing Cup (L) - Sheffield (GBR) 2016,,,She_Paraclimbing_16,,2016-09-24,2016-09-25,https://ifsc.results.info//api/v1/events/957
2016,959,Asian Youth Championship - Tehran (IRI) 2016,,,Asian_Youth_Chp_16,,2016-09-26,2016-09-30,https://ifsc.results.info//api/v1/events/959
2016,971,Promotional Event - 24 heures du mur (L) - Oloron Sainte Marie (FRA) 2016,,,Oloron 2016,,2016-10-01,2016-10-02,https://ifsc.results.info//api/v1/events/971
2016,973,World University Championships - Shanghai (CHN) 2016,,,UCH16,,2016-10-12,2016-10-16,https://ifsc.results.info//api/v1/events/973
2016,951,IFSC Climbing Worldcup (S) -  Wujiang (CHN) 2016,57,IFSC Climbing Worldcup 2016,Wujiang,,2016-10-18,2016-10-19,https://ifsc.results.info//api/v1/events/951
2016,1163,"IFSC Climbing Worldcup (L, S) - Xiamen (CHN) 2016",57,IFSC Climbing Worldcup 2016,XiamenWC,,2016-10-22,2016-10-23,https://ifsc.results.info//api/v1/events/1163
2016,953,IFSC World Youth Championships - Guangzhou (CHN) - 2016,,,WYCH Guangzhou,,2016-11-07,2016-11-13,https://ifsc.results.info//api/v1/events/953
2016,952,IFSC Climbing Worldcup (L) - Kranj (SLO) 2016,57,IFSC Climbing Worldcup 2016,KranjWC,,2016-11-26,2016-11-27,https://ifsc.results.info//api/v1/events/952
2017,1030,Promotional Event Kailas x Just Climb Cup (B) - Hong Kong (HKG) 2017 ,,,HKG 2017,,2017-01-07,2017-01-08,https://ifsc.results.info//api/v1/events/1030
2017,1031,Promotional Event Gravical (B) - Singapore (SGP) 2017,,,Gravical2017,,2017-01-12,2017-01-15,https://ifsc.results.info//api/v1/events/1031
2017,1027,3rd CISM World Winter Games - Sochi (RUS) 2017,,,CISM2017,,2017-02-22,2017-02-27,https://ifsc.results.info//api/v1/events/1027
2017,1032,Promo Event - The Climbing Works International Festival (B) - Sheffield (GBR) 2017,,,Promo Sheffield,,2017-03-18,2017-03-19,https://ifsc.results.info//api/v1/events/1032
2017,1033,Master Event - Studio Bloc Masters 2017 - Pfungstadt (GER) 2017 ,,,Studio Bloc Masters ,,2017-03-25,2017-03-26,https://ifsc.results.info//api/v1/events/1033
2017,985,IFSC Climbing Worldcup (B) - Meiringen (SUI) 2017 ,59,IFSC Climbing Worldcup 2017,MeiringenWC,,2017-04-07,2017-04-08,https://ifsc.results.info//api/v1/events/985
2017,986,"IFSC Climbing Worldcup (B,S) - Chongqing (CHN) 2017",59,IFSC Climbing Worldcup 2017,ChongqingWC,,2017-04-22,2017-04-23,https://ifsc.results.info//api/v1/events/986
2017,987,"IFSC Climbing Worldcup (B,S) - Nanjing (CHN) 2017",59,IFSC Climbing Worldcup 2017,NanjingWC,,2017-04-29,2017-04-30,https://ifsc.results.info//api/v1/events/987
2017,1010,European Youth Cup (B) - Graz (AUT) 2017 ,60,European Youth Cup 2017,EYC_Graz_17,,2017-04-29,2017-04-30,https://ifsc.results.info//api/v1/events/1010
2017,988,"IFSC Climbing Worldcup (B) - Hachioji, Tokyo (JPN) 2017",59,IFSC Climbing Worldcup 2017,TokyoWC,,2017-05-06,2017-05-07,https://ifsc.results.info//api/v1/events/988
2017,1034,Promotional Event - Melloblocco (ITA) 2017,,,Melloblocco,,2017-05-11,2017-05-14,https://ifsc.results.info//api/v1/events/1034
2017,1011,European Youth Cup (S) - Tarnow (POL) 2017,60,European Youth Cup 2017,EYC_POL_17,,2017-05-12,2017-05-13,https://ifsc.results.info//api/v1/events/1011
2017,1035,Promo Event - The Rock Ljubljana  (B) - (SLO) 2017,,,TheRock,,2017-05-20,2017-05-20,https://ifsc.results.info//api/v1/events/1035
2017,1012,European Youth Cup (B) - Soure (POR) 2017,60,European Youth Cup 2017,EYC_POR_17,,2017-05-20,2017-05-21,https://ifsc.results.info//api/v1/events/1012
2017,1036,Promotional Event (B) - Climbing Boulder Montpellier (FRA) 2017,,,Montpellier2017,,2017-05-24,2017-05-28,https://ifsc.results.info//api/v1/events/1036
2017,1013,European Youth Cup (L) - Imst (AUT) 2017,60,European Youth Cup 2017,EYC_AUT_L_17,,2017-05-27,2017-05-28,https://ifsc.results.info//api/v1/events/1013
2017,989,IFSC Climbing Worldcup (B) - Vail (USA) 2017,59,IFSC Climbing Worldcup 2017,VailWC,,2017-06-09,2017-06-10,https://ifsc.results.info//api/v1/events/989
2017,1014,European Youth Cup (L) - Dornbirn (AUT) 2017,60,European Youth Cup 2017,EYC_AUT_L_17,,2017-06-10,2017-06-11,https://ifsc.results.info//api/v1/events/1014
2017,1037,Asia Sports For All Pumpfest - Singapore (SGP) 2017,,,SportsForAll2017,,2017-06-15,2017-06-18,https://ifsc.results.info//api/v1/events/1037
2017,1015,European Youth Cup (S) - Bologna (ITA) 2017,60,European Youth Cup 2017,EYC_ITA_17,,2017-06-17,2017-06-17,https://ifsc.results.info//api/v1/events/1015
2017,990,IFSC Climbing Worldcup (B) - Navi Mumbai (IND) 2017,59,IFSC Climbing Worldcup 2017,MumbaiWC,,2017-06-24,2017-06-25,https://ifsc.results.info//api/v1/events/990
2017,1016,European Youth Cup (L) - Uster (SUI) 2017,60,European Youth Cup 2017,EYC_AUT_L_17,,2017-06-24,2017-06-25,https://ifsc.results.info//api/v1/events/1016
2017,1038,Promo Event - Millau Natural Games (B) - (FRA) 2017,,,Millau,,2017-06-29,2017-07-02,https://ifsc.results.info//api/v1/events/1038
2017,1008,"European Championship (L,S) - Campitello di Fassa (ITA) 2017 ",,,CAMPECH17,,2017-06-30,2017-07-01,https://ifsc.results.info//api/v1/events/1008
2017,1007,Asian Youth Championships - Singapore (SGP) 2017,,,Asian_Youth_Chp_17,,2017-07-05,2017-07-09,https://ifsc.results.info//api/v1/events/1007
2017,991,"IFSC Climbing Worldcup (L,S) - Villars (SUI) 2017",59,IFSC Climbing Worldcup 2017,VillarsWC,,2017-07-07,2017-07-08,https://ifsc.results.info//api/v1/events/991
2017,1039,"Intl. Youth Event - Petzen Climbing Trophy (L, S, B) - Petzen (AUT) 2017",,,Petzen,,2017-07-07,2017-07-09,https://ifsc.results.info//api/v1/events/1039
2017,1000,Paraclimbing Master (L) - Imst (AUT) 2017,,,Ims_Paraclimbing_17,,2017-07-08,2017-07-09,https://ifsc.results.info//api/v1/events/1000
2017,1164,IFSC Climbing Worldcup (L) - Chamonix (FRA) 2017,59,IFSC Climbing Worldcup 2017,ChamonixWC,,2017-07-12,2017-07-13,https://ifsc.results.info//api/v1/events/1164
2017,1017,European Youth Cup (B) - L'Argentière (FRA) 2017 ,60,European Youth Cup 2017,EYC_Argentiere_17,,2017-07-18,2017-07-19,https://ifsc.results.info//api/v1/events/1017
2017,1028,The World Games 2017 - Wroclaw (POL) 2017,,,WG_2017,,2017-07-21,2017-07-23,https://ifsc.results.info//api/v1/events/1028
2017,1001,Paraclimbing Cup (L) - Briançon (FRA) 2017,,,Bri_Paraclimbing_17,,2017-07-26,2017-07-26,https://ifsc.results.info//api/v1/events/1001
2017,1165,IFSC Climbing Worldcup (L) - Briançon (FRA) 2017,59,IFSC Climbing Worldcup 2017,BriançonWC,,2017-07-28,2017-07-29,https://ifsc.results.info//api/v1/events/1165
2017,1018,European Youth Cup (B) - Sofia (BUL) 2017,60,European Youth Cup 2017,Sofia,,2017-08-05,2017-08-06,https://ifsc.results.info//api/v1/events/1018
2017,1019,European Youth Cup (L) - Mitterdorf (AUT) 2017,60,European Youth Cup 2017,EYC_AUT_L_17,,2017-08-12,2017-08-13,https://ifsc.results.info//api/v1/events/1019
2017,1009,European Championship (B) - Munich (GER) 2017 ,,,MunichECH,,2017-08-18,2017-08-19,https://ifsc.results.info//api/v1/events/1009
2017,992,IFSC Climbing Worldcup (B) - Munich (GER) 2017 ,59,IFSC Climbing Worldcup 2017,MunichWC,,2017-08-18,2017-08-19,https://ifsc.results.info//api/v1/events/992
2017,1040,Intl. Event - Rock Junior - Arco (ITA) 2017,,,Arco_RJ_2016,,2017-08-24,2017-08-27,https://ifsc.results.info//api/v1/events/1040
2017,993,"IFSC Climbing Worldcup (L,S) - Arco (ITA) 2017 ",59,IFSC Climbing Worldcup 2017,ArcoWC,,2017-08-25,2017-08-26,https://ifsc.results.info//api/v1/events/993
2017,1041,"Intl. Event (L, B) - ROCKMASTER - Arco (ITA) 2017",,,Arco Rockmaster,,2017-08-26,2017-08-26,https://ifsc.results.info//api/v1/events/1041
2017,1020,European Youth Cup (S) - Imst (AUT) 2017,60,European Youth Cup 2017,EYC_AUT_S_17,,2017-08-27,2017-08-27,https://ifsc.results.info//api/v1/events/1020
2017,998,IFSC Youth World Championships - Innsbruck (AUT) - 2017,,,WYCH Innsbruck,,2017-08-30,2017-09-10,https://ifsc.results.info//api/v1/events/998
2017,1042,Promotional Event Bouldering Championship - Bangalore (IND) 2017,,,Bangalore2017,,2017-09-01,2017-09-02,https://ifsc.results.info//api/v1/events/1042
2017,999,IFSC Youth World Championships Combined - Innsbruck (AUT) - 2017,,,YWCH Combined,,2017-09-08,2017-09-09,https://ifsc.results.info//api/v1/events/999
2017,1021,European Youth Championships (B) - Slany (CZE) 2017,60,European Youth Cup 2017,EYCH_Slany_17,,2017-09-15,2017-09-16,https://ifsc.results.info//api/v1/events/1021
2017,1043,Master Event - Adidas Rockstars (B) - Stuttgart (GER) 2017,,,Adidas Rockstars 17,,2017-09-15,2017-09-16,https://ifsc.results.info//api/v1/events/1043
2017,1004,Asian Continental Championships - Tehran (IRI) 2017,,,ACH Tehran,,2017-09-18,2017-09-21,https://ifsc.results.info//api/v1/events/1004
2017,1002,Paraclimbing Cup (L) - Edinburgh (GBR) 2017,,,Edi_Paraclimbing_17,,2017-09-23,2017-09-24,https://ifsc.results.info//api/v1/events/1002
2017,994,"IFSC Climbing Worldcup (L,S) - Edinburgh (GBR) 2017",59,IFSC Climbing Worldcup 2017,EdinburghWC,,2017-09-23,2017-09-24,https://ifsc.results.info//api/v1/events/994
2017,1022,"European Youth Championships (L,S) - Perm (RUS) 2017",60,European Youth Cup 2017,EYCH_Perm_17,,2017-09-28,2017-10-01,https://ifsc.results.info//api/v1/events/1022
2017,1044,Promotional Event - 24 heures du mur (L) - Oloron Sainte Marie (FRA) 2017,,,Oloron 2017,,2017-09-30,2017-10-01,https://ifsc.results.info//api/v1/events/1044
2017,995,"IFSC Climbing Worldcup (L,S) - Wujiang (CHN) 2017",59,IFSC Climbing Worldcup 2017,Wujiang,,2017-10-07,2017-10-08,https://ifsc.results.info//api/v1/events/995
2017,1003,Paraclimbing Cup (L) - Sheffield (GBR) 2017,,,She_Paraclimbing_17,,2017-10-07,2017-10-08,https://ifsc.results.info//api/v1/events/1003
2017,1026,"Oceania Continental Championships & Oceania Youth Championships (L,S,B) - Noumea (FRA) 2017",,,Oceania Championship,,2017-10-12,2017-10-15,https://ifsc.results.info//api/v1/events/1026
2017,996,"IFSC Climbing Worldcup (L,S) - Xiamen (CHN) 2017",59,IFSC Climbing Worldcup 2017,XiamenWC,,2017-10-14,2017-10-15,https://ifsc.results.info//api/v1/events/996
2017,1005,Asia Cup - Wanxianshan (CHN) 2017,,,Asia_Cup_17,,2017-10-27,2017-10-29,https://ifsc.results.info//api/v1/events/1005
2017,1025,PanAmerican Youth Championship Combined - Montreal (CAN) 2017 ,,,PAC Montreal Comb,,2017-10-29,2017-10-30,https://ifsc.results.info//api/v1/events/1025
2017,1024,"PanAmerican Youth Championship (L, S, B) - Montreal (CAN) 2017 ",,,PAC Montreal,,2017-10-30,2017-11-05,https://ifsc.results.info//api/v1/events/1024
2017,997,IFSC Climbing Worldcup (L) - Kranj (SLO) 2017,59,IFSC Climbing Worldcup 2017,KranjWC,,2017-11-11,2017-11-12,https://ifsc.results.info//api/v1/events/997
2017,1045,China Open Qualification - Guangzhou (CHN) 2017,,,China_Open_17,,2017-11-17,2017-11-17,https://ifsc.results.info//api/v1/events/1045
2017,1046,China Open - Guangzhou (CHN) 2017,,,China_Open_17,,2017-11-18,2017-11-19,https://ifsc.results.info//api/v1/events/1046
2017,1023,European Youth Championship Combined (Youth A) - Saint-Etienne (FRA) 2017,60,European Youth Cup 2017,EYCH_St.Etienne_2017,,2017-11-25,2017-11-26,https://ifsc.results.info//api/v1/events/1023
2017,1029,"African Youth A YOG - Johannesburg, Gauteng (RSA) 2017",,,YOG17,,2017-12-07,2017-12-08,https://ifsc.results.info//api/v1/events/1029
2017,1006,Asia K Climbing Championship - Singapore (SGP) 2017,,,ACH Singapore,,2017-12-16,2017-12-17,https://ifsc.results.info//api/v1/events/1006
2018,1090,Promotional Event Gravical (B) - Singapore (SGP) 2018,,,Gravical2017,,2018-01-11,2018-01-14,https://ifsc.results.info//api/v1/events/1090
2018,1091,Promo Event - The Climbing Works International Festival (B) - Sheffield (GBR) 2018,,,Promo Sheffield,,2018-03-10,2018-03-11,https://ifsc.results.info//api/v1/events/1091
2018,1067,Asia Cup (B) - Hong Kong (HKG) 2018,,,Asia_Cup_18,,2018-03-10,2018-03-11,https://ifsc.results.info//api/v1/events/1067
2018,1092,International Climbing Series - Studio Bloc Masters 2018 - Pfungstadt (GER) 2018,,,Studio Bloc Masters ,,2018-03-17,2018-03-18,https://ifsc.results.info//api/v1/events/1092
2018,1093,Promo Event - Delfts Bleau International Youth Open - Delft (NED) 2018,,,Promo Delft,,2018-03-31,2018-04-01,https://ifsc.results.info//api/v1/events/1093
2018,1094,International Climbing Series - FISE World Series Hiroshima 2018,,,FISE Hiroshima 2018,,2018-04-06,2018-04-08,https://ifsc.results.info//api/v1/events/1094
2018,1073,"European Youth Cup (L,S) - Voiron (FRA) 2018 ",62,European Youth Cup 2018,EYC_FRA_18,,2018-04-07,2018-04-08,https://ifsc.results.info//api/v1/events/1073
2018,1047,IFSC Climbing Worldcup (B) - Meiringen (SUI) 2018 ,61,IFSC Climbing Worldcup 2018,MeiringenWC,,2018-04-13,2018-04-14,https://ifsc.results.info//api/v1/events/1047
2018,1048,"IFSC Climbing Worldcup (B,S) - Moscow (RUS) 2018 ",61,IFSC Climbing Worldcup 2018,MoscowWC,,2018-04-21,2018-04-22,https://ifsc.results.info//api/v1/events/1048
2018,1095,"International Climbing Series - Outdoor Village Speed Stars - Akishima, Tokyo (JPN) 2018",,,Speed Stars 2018,,2018-04-28,2018-04-29,https://ifsc.results.info//api/v1/events/1095
2018,1074,European Youth Cup (B) - Graz (AUT) 2018 ,62,European Youth Cup 2018,EYC_Graz_18,,2018-04-28,2018-04-29,https://ifsc.results.info//api/v1/events/1074
2018,1049,"IFSC Climbing Worldcup (B,S) - Chongqing (CHN) 2018 ",61,IFSC Climbing Worldcup 2018,ChongqingWC,,2018-05-05,2018-05-06,https://ifsc.results.info//api/v1/events/1049
2018,1075,European Youth Cup (B) - Soure (POR) 2018 ,62,European Youth Cup 2018,EYC_POR_18,,2018-05-05,2018-05-06,https://ifsc.results.info//api/v1/events/1075
2018,1050,"IFSC Climbing Worldcup (B,S) - Tai'an (CHN) 2018 ",61,IFSC Climbing Worldcup 2018,TaianWC,,2018-05-12,2018-05-13,https://ifsc.results.info//api/v1/events/1050
2018,1076,European Youth Cup (S) - Bologna (ITA) 2018 ,62,European Youth Cup 2018,EYC_ITA_18,,2018-05-12,2018-05-13,https://ifsc.results.info//api/v1/events/1076
2018,1097,International Climbing Series - Triglav The Rock Ljubljana (SLO) 2018,,,Rock Ljubj Masters ,,2018-05-19,2018-05-20,https://ifsc.results.info//api/v1/events/1097
2018,1096,Asia Sport For All R.O.X. Zero Gravity (B) - Manila (PHI) 2018,,,SportForAll2018,,2018-05-19,2018-05-20,https://ifsc.results.info//api/v1/events/1096
2018,1077,"European Youth Championship (L, S) - Imst 2018",,,EYCH_AUT_18,,2018-05-25,2018-05-27,https://ifsc.results.info//api/v1/events/1077
2018,1098,Promo Event - International Climbing Elite Tournament (L + S) - Ningbo (CHN) 2018,,,Promo Ningbo 2018,,2018-05-26,2018-05-27,https://ifsc.results.info//api/v1/events/1098
2018,1051,IFSC Climbing Worldcup (B) - Hachioji (JPN) 2018 ,61,IFSC Climbing Worldcup 2018,TokyoWC,,2018-06-02,2018-06-03,https://ifsc.results.info//api/v1/events/1051
2018,1099,Promo Event - Youth Color Climbing Festival (under 14) - Imst (AUT) 2018,,,YCCF_18,,2018-06-02,2018-06-03,https://ifsc.results.info//api/v1/events/1099
2018,1078,European Youth Cup (B) - Delft (NED) 2018 ,62,European Youth Cup 2018,EYC_NED_18,,2018-06-02,2018-06-03,https://ifsc.results.info//api/v1/events/1078
2018,1052,IFSC Climbing Worldcup (B) - Vail (USA) 2018 ,61,IFSC Climbing Worldcup 2018,VailWC,,2018-06-08,2018-06-09,https://ifsc.results.info//api/v1/events/1052
2018,1068,"Asia Cup (B,S) - Bangkok (THA) 2018",,,Asia_Cup_18,,2018-06-15,2018-06-17,https://ifsc.results.info//api/v1/events/1068
2018,1079,European Youth Cup (L) - Bruneck (ITA) 2018 ,62,European Youth Cup 2018,EYC_ITA_18,,2018-06-16,2018-06-17,https://ifsc.results.info//api/v1/events/1079
2018,1088,World University Championships - Bratislava (SVK) 2018,,,UCH18,,2018-06-20,2018-06-23,https://ifsc.results.info//api/v1/events/1088
2018,1080,European Youth Cup (S) - Mezzolombardo (ITA) 2018 ,62,European Youth Cup 2018,EYC_ITA_18,,2018-06-22,2018-06-24,https://ifsc.results.info//api/v1/events/1080
2018,1081,European Youth Cup (L) - Uster (SUI) 2018 ,62,European Youth Cup 2018,EYC_L_SUI,,2018-06-30,2018-07-01,https://ifsc.results.info//api/v1/events/1081
2018,1100,"Promo Event - Youth Petzen Climbing Trophy (L, S, B) - Petzen (AUT) 2018",,,Petzen,,2018-07-06,2018-07-08,https://ifsc.results.info//api/v1/events/1100
2018,1053,"IFSC Climbing Worldcup (L,S) - Villars (SUI) 2018 ",61,IFSC Climbing Worldcup 2018,VillarsWC,,2018-07-06,2018-07-07,https://ifsc.results.info//api/v1/events/1053
2018,1065,Paraclimbing Master (L) - Imst (AUT) 2018,,,Ims_Paraclimbing_18,,2018-07-07,2018-07-08,https://ifsc.results.info//api/v1/events/1065
2018,1082,European Youth Cup (L) - Munich (GER) 2018 ,62,European Youth Cup 2018,EYC_L_MUN,,2018-07-07,2018-07-08,https://ifsc.results.info//api/v1/events/1082
2018,1054,"IFSC Climbing Worldcup (L,S) - Chamonix (FRA) 2018 ",61,IFSC Climbing Worldcup 2018,ChamonixWC,,2018-07-11,2018-07-13,https://ifsc.results.info//api/v1/events/1054
2018,1101,Promo Event - International Climbing Elite Tournament (L + S) - Delingha(CHN) 2018,,,Promo Ningbo 2018,,2018-07-14,2018-07-15,https://ifsc.results.info//api/v1/events/1101
2018,1066,Paraclimbing Cup (L) - Briançon (FRA) 2018,,,Bri_Paraclimbing_18,,2018-07-18,2018-07-18,https://ifsc.results.info//api/v1/events/1066
2018,1055,IFSC Climbing Worldcup (L) - Briançon (FRA) 2018 ,61,IFSC Climbing Worldcup 2018,BriançonWC,,2018-07-20,2018-07-21,https://ifsc.results.info//api/v1/events/1055
2018,1083,European Youth Cup (B) - Sofia (BUL) 2018 ,62,European Youth Cup 2018,Sofia,,2018-07-21,2018-07-22,https://ifsc.results.info//api/v1/events/1083
2018,1102,Promotional Event - Tout à Bloc (B) - L'Argentière la Bessée (FRA) 2018,,,TAB 2014,,2018-07-25,2018-07-28,https://ifsc.results.info//api/v1/events/1102
2018,1056,"IFSC Climbing Worldcup (L,S) - Arco (ITA) 2018 ",61,IFSC Climbing Worldcup 2018,ArcoWC,,2018-07-27,2018-07-28,https://ifsc.results.info//api/v1/events/1056
2018,1063,IFSC Youth World Championships -  Moscow (RUS) 2018,,,WYCH Central Saanich,,2018-08-09,2018-08-16,https://ifsc.results.info//api/v1/events/1063
2018,1057,IFSC Climbing Worldcup (B) - Munich (GER) 2018 ,61,IFSC Climbing Worldcup 2018,MunichWC,,2018-08-17,2018-08-18,https://ifsc.results.info//api/v1/events/1057
2018,1086,Asian Games 2018 - Jakarta Palembang (INA) 2018 - Climbing period ,,,AG_2018,,2018-08-22,2018-08-28,https://ifsc.results.info//api/v1/events/1086
2018,1084,European Youth Championships (B) - Brussels (BEL) 2018 ,,,EYCH_Brussels_18,,2018-08-31,2018-09-02,https://ifsc.results.info//api/v1/events/1084
2018,1061,IFSC Climbing World Championships - Innsbruck (AUT) 2018,,,WCH Innsbruck,,2018-09-06,2018-09-16,https://ifsc.results.info//api/v1/events/1061
2018,1103,Promotional Youth Event -  Flatlander Cup - Arnhem (NED) 2018,,,Promo Arnhem 2018,,2018-09-08,2018-09-09,https://ifsc.results.info//api/v1/events/1103
2018,1064,IFSC Paraclimbing World Championships - Innsbruck (AUT) 2018,,,Paraclimbing_WCH_18,,2018-09-10,2018-09-16,https://ifsc.results.info//api/v1/events/1064
2018,1062,IFSC Climbing World Championships Combined - Innsbruck (AUT) 2018,,,WCH Combined,,2018-09-15,2018-09-16,https://ifsc.results.info//api/v1/events/1062
2018,1104,International Climbing Series - Adidas Rockstars (B) - Stuttgart (GER) 2018,,,Adidas Rockstars 18,,2018-09-21,2018-09-22,https://ifsc.results.info//api/v1/events/1104
2018,1105,Promo Event - International Climbing Elite Tournament (L+S) - Anshun (CHN) 2018,,,Promo Ningbo 2018,,2018-09-21,2018-09-22,https://ifsc.results.info//api/v1/events/1105
2018,1058,IFSC Climbing Worldcup (L) - Kranj (SLO) 2018 ,61,IFSC Climbing Worldcup 2018,KranjWC,,2018-09-29,2018-09-30,https://ifsc.results.info//api/v1/events/1058
2018,1257,Youth Olympic Games - Buenos Aires (ARG) 2018,,,Buenos Aires,ARG,2018-10-01,2018-10-27,https://ifsc.results.info//api/v1/events/1257
2018,1106,International Climbing Series - Les 24 Heures du Mur (L) - Oloron Sainte Marie (FRA) 2018,,,Adidas Rockstars 18,,2018-10-06,2018-10-07,https://ifsc.results.info//api/v1/events/1106
2018,1107,Promo Event - International Climbing Elite Tournament (L+S) - Huai’an (CHN) 2018,,,Promo Ningbo 2018,,2018-10-09,2018-10-10,https://ifsc.results.info//api/v1/events/1107
2018,1108,Promo Event - International Climbing Elite Tournament (L+S) - Wanxianshan (CHN) 2018,,,Promo Ningbo 2018,,2018-10-13,2018-10-14,https://ifsc.results.info//api/v1/events/1108
2018,1059,"IFSC Climbing Worldcup (L,S) - Wujiang (CHN) 2018 ",61,IFSC Climbing Worldcup 2018,Wujiang,,2018-10-20,2018-10-21,https://ifsc.results.info//api/v1/events/1059
2018,1060,"IFSC Climbing Worldcup (L,S) - Xiamen (CHN) 2018 ",61,IFSC Climbing Worldcup 2018,XiamenWC,,2018-10-27,2018-10-28,https://ifsc.results.info//api/v1/events/1060
2018,1072,Asian Youth Championships - Chongqing (CHN) 2018,,,Asian_Youth_Chp_18,,2018-11-01,2018-11-04,https://ifsc.results.info//api/v1/events/1072
2018,1069,Asian Championships - Kurayoshi (JPN) 2018 ,,,ACH Kurayoshi ,,2018-11-07,2018-11-11,https://ifsc.results.info//api/v1/events/1069
2018,1070,Asian Championships Combined - Kurayoshi (JPN) 2018 ,,,ACH Kurayoshi comb,,2018-11-11,2018-11-11,https://ifsc.results.info//api/v1/events/1070
2018,1109,International Climbing Series - China Open Semifinals & Finals - Guanzhou (CHN) 2018,,,China_Open_Q,,2018-11-15,2018-11-17,https://ifsc.results.info//api/v1/events/1109
2018,1110,International Climbing Series - China Open - Guangzhou (CHN) 2018 ,,,China_Open_18,,2018-11-16,2018-11-18,https://ifsc.results.info//api/v1/events/1110
2018,1085,"IFSC PanAmerican Championship (L, S, B, C) - Guayaquil (ECU) 2018",,,PAC Guayaquil,,2018-11-21,2018-11-26,https://ifsc.results.info//api/v1/events/1085
2018,1111,Promo Event - International Climbing Elite Tournament (L+S) - Leye (CHN) 2018,,,Promo Ningbo 2018,,2018-11-24,2018-11-25,https://ifsc.results.info//api/v1/events/1111
2018,1089,CISM Climbing Indoor World Military Championships - Moscow (RUS) 2018,,,CISM2018,,2018-11-27,2018-12-03,https://ifsc.results.info//api/v1/events/1089
2018,1071,Asia K Climbing Championship - Krabi/Bangkok (THA) 2018,,,ACH_K_Bangkok,,2018-12-07,2018-12-09,https://ifsc.results.info//api/v1/events/1071
2019,1153,International Climbing Series - Studio Bloc Masters 2019 - Pfungstadt (GER) 2019,,,Studio Bloc Masters ,,2019-03-23,2019-03-24,https://ifsc.results.info//api/v1/events/1153
2019,1154,Promo Event - Delfts Bleau International Youth Open - Delft (NED) 2019,,,Promo Delft,,2019-03-30,2019-03-31,https://ifsc.results.info//api/v1/events/1154
2019,1112,IFSC Climbing Worldcup (B) - Meiringen (SUI) 2019 ,63,IFSC Climbing World Cup 2019,MeiringenWC,,2019-04-05,2019-04-06,https://ifsc.results.info//api/v1/events/1112
2019,1113,"IFSC Climbing Worldcup (B,S) - Moscow (RUS) 2019 ",63,IFSC Climbing World Cup 2019,MoscowWC,,2019-04-12,2019-04-14,https://ifsc.results.info//api/v1/events/1113
2019,1155,International Climbing Series - FISE World Series Hiroshima 2019,,,FISE Hiroshima 2019,,2019-04-19,2019-04-21,https://ifsc.results.info//api/v1/events/1155
2019,1114,"IFSC Climbing Worldcup (B,S) - Chongqing (CHN) 2019",63,IFSC Climbing World Cup 2019,ChongqingWC,,2019-04-26,2019-04-28,https://ifsc.results.info//api/v1/events/1114
2019,1137,European Youth Cup (B) - Soure (POR) 2019,64,European Youth Cup 2019,Soure,,2019-04-27,2019-04-28,https://ifsc.results.info//api/v1/events/1137
2019,1134,"IFSC European Cup (B,S) - Innsbruck (AUT) 2019",,,Inns19,,2019-05-02,2019-05-04,https://ifsc.results.info//api/v1/events/1134
2019,1115,"IFSC Climbing Worldcup (B,S) - Wujiang (CHN) 2019",63,IFSC Climbing World Cup 2019,WujiangWC,,2019-05-03,2019-05-05,https://ifsc.results.info//api/v1/events/1115
2019,1138,European Youth Cup (B) - Graz (AUT) 2019,64,European Youth Cup 2019,Graz,,2019-05-11,2019-05-12,https://ifsc.results.info//api/v1/events/1138
2019,1156,"International Climbing Series - Outdoor Village Speed Stars - Akishima, Tokyo (JPN) 2019",,,Speed Stars 2019,,2019-05-12,2019-05-12,https://ifsc.results.info//api/v1/events/1156
2019,1116,IFSC Climbing Worldcup (B) - Munich (GER) 2019,63,IFSC Climbing World Cup 2019,MunichWC,,2019-05-18,2019-05-19,https://ifsc.results.info//api/v1/events/1116
2019,1150,ISF World Schools Championships Climbing - Aubenas (FRA) 2019,,,ISF19,,2019-05-18,2019-05-24,https://ifsc.results.info//api/v1/events/1150
2019,1139,European Youth Cup (S) - Mezzolombardo (ITA) 2019,64,European Youth Cup 2019,Mazzolombardo,,2019-05-18,2019-05-18,https://ifsc.results.info//api/v1/events/1139
2019,1157,International Climbing Series - Triglav The Rock Ljubljana (SLO) 2019,,,Rock Ljubj Masters ,,2019-05-24,2019-05-25,https://ifsc.results.info//api/v1/events/1157
2019,1140,European Youth Cup (B) - Sofia (BUL) 2019,64,European Youth Cup 2019,Sofia,,2019-05-25,2019-05-26,https://ifsc.results.info//api/v1/events/1140
2019,1158,Promo Event - Youth Color Climbing Festival (under 14) - Imst (AUT) 2019,,,YCCF_19,,2019-06-01,2019-06-02,https://ifsc.results.info//api/v1/events/1158
2019,1117,IFSC Climbing Worldcup (B) - Vail (USA) 2019 ,63,IFSC Climbing World Cup 2019,VailWC,,2019-06-07,2019-06-08,https://ifsc.results.info//api/v1/events/1117
2019,1141,European Youth Cup (L) - Ostermundigen (SUI) 2019,64,European Youth Cup 2019,Ostermundigen,,2019-06-22,2019-06-23,https://ifsc.results.info//api/v1/events/1141
2019,1127,Paraclimbing Master (L) - Imst (AUT) 2019,,,Ims_Paraclimbing_19,,2019-06-29,2019-06-30,https://ifsc.results.info//api/v1/events/1127
2019,1142,European Youth Cup (L) - St. Pierre Faucigny (FRA) 2019,64,European Youth Cup 2019,St. Pierre Faucigny,,2019-06-29,2019-06-30,https://ifsc.results.info//api/v1/events/1142
2019,1118,"IFSC Climbing Worldcup (L, S) - Villars (SUI) 2019",63,IFSC Climbing World Cup 2019,VillarsWC,,2019-07-04,2019-07-06,https://ifsc.results.info//api/v1/events/1118
2019,1159,"Promo Event - Youth Petzen Climbing Trophy (L, S, B) - Petzen (AUT) 2019",,,Petzen19,,2019-07-05,2019-07-07,https://ifsc.results.info//api/v1/events/1159
2019,1119,"IFSC Climbing Worldcup (L, S) - Chamonix (FRA) 2019 ",63,IFSC Climbing World Cup 2019,ChamonixWC,,2019-07-11,2019-07-13,https://ifsc.results.info//api/v1/events/1119
2019,1160,Promotional Youth Event -  Flatlander Cup - Arnhem (NED) 2019,,,Promo Arnhem 2019,,2019-07-13,2019-07-14,https://ifsc.results.info//api/v1/events/1160
2019,1128,IFSC Paraclimbing World Championships - Briançon (FRA) 2019,,,Paraclimbing_WCH_1,,2019-07-16,2019-07-17,https://ifsc.results.info//api/v1/events/1128
2019,1151,European Universities Sport Climbing Championship - Katowice (POL) 2019,,,EUC19,,2019-07-17,2019-07-20,https://ifsc.results.info//api/v1/events/1151
2019,1143,European Youth Cup (S) - Tarnow (POL) 2019,64,European Youth Cup 2019,Tarnow,,2019-07-19,2019-07-20,https://ifsc.results.info//api/v1/events/1143
2019,1120,IFSC Climbing Worldcup (L) - Briançon (FRA) 2019 ,63,IFSC Climbing World Cup 2019,BriançonWC,,2019-07-19,2019-07-20,https://ifsc.results.info//api/v1/events/1120
2019,1144,"European Youth Cup (S,L) - Imst (AUT) 2019",64,European Youth Cup 2019,Imst,,2019-08-02,2019-08-04,https://ifsc.results.info//api/v1/events/1144
2019,1121,IFSC Climbing World Championships - Hachioji (JPN) 2019,,,WCH Hachioji,,2019-08-11,2019-08-21,https://ifsc.results.info//api/v1/events/1121
2019,1130,"Asia K Climbing Championship - Huairou, Beijing (CHN) 2019",,,ACH_K_Bangkok,,2019-08-16,2019-08-18,https://ifsc.results.info//api/v1/events/1130
2019,1122,IFSC Climbing World Championships Combined - Hachioji (JPN) 2019,,,WCH Combined,,2019-08-18,2019-08-21,https://ifsc.results.info//api/v1/events/1122
2019,1126,IFSC Youth World Championships -  Arco (ITA) 2019 ,,,YWCH Arco,,2019-08-22,2019-08-31,https://ifsc.results.info//api/v1/events/1126
2019,1135,European Championship (B) - Zakopane (POL) 2019,,,PolandECH,,2019-09-05,2019-09-07,https://ifsc.results.info//api/v1/events/1135
2019,1161,International Climbing Series - Adidas Rockstars (B) - Stuttgart (GER) 2019,,,Adidas Rockstars 19,,2019-09-13,2019-09-14,https://ifsc.results.info//api/v1/events/1161
2019,1145,European Youth Championships (B) - Brixen (ITA) 2019,,,EYCH_Brixen_19,,2019-09-20,2019-09-22,https://ifsc.results.info//api/v1/events/1145
2019,1123,IFSC Climbing Worldcup (L) - Kranj (SLO) 2019 ,63,IFSC Climbing World Cup 2019,KranjWC,,2019-09-28,2019-09-29,https://ifsc.results.info//api/v1/events/1123
2019,1136,"European Championship (L,S) - Edinburgh (GBR) 2019",,,EdinCH19,,2019-10-04,2019-10-06,https://ifsc.results.info//api/v1/events/1136
2019,1149,ANOC World Beach Games (B) - Doha (QAT),,,BG19,,2019-10-13,2019-10-14,https://ifsc.results.info//api/v1/events/1149
2019,1146,"European Youth Championships (L,S) - Voronezh (RUS) 2019",,,EYCH_Voronezh_19,,2019-10-18,2019-10-20,https://ifsc.results.info//api/v1/events/1146
2019,1124,"IFSC Climbing Worldcup (L, S) - Xiamen (CHN) 2019 ",63,IFSC Climbing World Cup 2019,XiamenWC,,2019-10-18,2019-10-20,https://ifsc.results.info//api/v1/events/1124
2019,1125,IFSC Climbing Worldcup (L) - Inzai (JPN) 2019 ,63,IFSC Climbing World Cup 2019,InzaiWC,,2019-10-26,2019-10-27,https://ifsc.results.info//api/v1/events/1125
2019,1162,International Climbing Series - China Open - Guangzhou (CHN) 2019,,,China_Open_19,,2019-10-31,2019-11-03,https://ifsc.results.info//api/v1/events/1162
2019,1131,Asian Championships - Bogor (INA) 2019,,,ACH Palembang,,2019-11-06,2019-11-10,https://ifsc.results.info//api/v1/events/1131
2019,1129,Paraclimbing Open (L) - Sittard (NED) 2019,,,Sit_Paraclimbing_19,,2019-11-09,2019-11-09,https://ifsc.results.info//api/v1/events/1129
2019,1132,Asian Combined Youth Championships - Chongqing (CHN) 2019,,,Asian_Youth_Chp_18,,2019-11-14,2019-11-17,https://ifsc.results.info//api/v1/events/1132
2019,1152,IFSC Combined Qualifier - Toulouse/Tournefeuille (FRA) 2019,,,WCH Combined,,2019-11-28,2019-12-01,https://ifsc.results.info//api/v1/events/1152
2019,1147,"PanAmerican Youth Championships (L, S, B) - Ibarra (ECU) 2019 ",,,PAC Ibarra,,2019-12-03,2019-12-08,https://ifsc.results.info//api/v1/events/1147
2019,1148,PanAmerican Youth Championships Combined - Ibarra (ECU) 2019 ,,,PAC Ibarra,,2019-12-07,2019-12-12,https://ifsc.results.info//api/v1/events/1148
2019,1133,Asian Youth Championships - Bengaluru (IND) 2019 ,,,Asian_Youth_Chp_19,,2019-12-12,2019-12-15,https://ifsc.results.info//api/v1/events/1133
2020,70,IFSC Pan Am - Continental Championships (C) - Los Angeles (USA) 2020,,,Los Angeles,USA,2020-02-24,2020-03-01,https://ifsc.results.info//api/v1/events/70
2020,1171,IFSC Pan Am - Pre Qualifying event (C) - Los Angeles (USA) 2020,,,Los Angeles,USA,2020-02-25,2020-02-26,https://ifsc.results.info//api/v1/events/1171
2020,1173,International Climbing Series - Studio Bloc Masters - Pfungstadt (GER) 2020,,,Pfungstadt,GER,2020-03-07,2020-03-08,https://ifsc.results.info//api/v1/events/1173
2020,1174,Promo Event - Delfts Bleau International Youth Open - Delft (NED) 2020 - POSTPONED,,,Delft,NED,2020-03-28,2020-03-29,https://ifsc.results.info//api/v1/events/1174
2020,1172,International Climbing Series - FISE World Series - Hiroshima (JPN) 2020 - POSTPONED,,,Hiroshima,JPN,2020-04-03,2020-04-05,https://ifsc.results.info//api/v1/events/1172
2020,1175,International Climbing Series - Triglav The Rock - Ljubljana (SLO) 2020,,,Ljubljana,SLO,2020-05-15,2020-05-16,https://ifsc.results.info//api/v1/events/1175
2020,68,IFSC - Paraclimbing World Cup - Innsbruck (AUT) 2020 - POSTPONED,7,IFSC Paraclimbing World Cup 2020,Innsbruck,AUT,2020-06-23,2020-06-25,https://ifsc.results.info//api/v1/events/68
2020,1169,"Promo Event - Youth Petzen Climbing Trophy (L, S, B) - Petzen (AUT) 2020",,,Petzen,AUT,2020-07-10,2020-07-12,https://ifsc.results.info//api/v1/events/1169
2020,1183,IFSC Connected Speed Knockout presented by Japan Airlines,,,Torino,ITA,2020-08-02,2020-08-02,https://ifsc.results.info//api/v1/events/1183
2020,1176,Olympic Games -  Sport Climbing combined event -Tokyo (JPN) 2020,,,Tokyo,JPN,2020-08-04,2020-08-07,https://ifsc.results.info//api/v1/events/1176
2020,85,"IFSC Europe - Continental Cup (L,S) - Belgrad (SRB) 2020 - CANCELLED",5,IFSC Climbing European Cup 2020,Belgrad,KOS,2020-08-14,2020-08-16,https://ifsc.results.info//api/v1/events/85
2020,65,IFSC - Climbing World Cup (L) - Briançon (FRA) 2020,,,Briançon,FRA,2020-08-21,2020-08-22,https://ifsc.results.info//api/v1/events/65
2020,1177,"IFSC Youth - World Championships (B,S,L) - Voronezh (RUS) 2020 - CANCELLED",,,Voronezh,RUS,2020-08-23,2020-08-31,https://ifsc.results.info//api/v1/events/1177
2020,1181,IFSC Europe - Continental Youth Cup (L) - Augsburg (GER) 2020,8,IFSC Climbing European Youth Cup 2020,Augsburg,GER,2020-09-17,2020-09-18,https://ifsc.results.info//api/v1/events/1181
2020,1178,FISU World University Championships - Torino (ITA) 2020 - CANCELLED,,,Torino,ITA,2020-09-17,2020-09-20,https://ifsc.results.info//api/v1/events/1178
2020,87,"IFSC Europe - Continental Youth Championships (B,L,S) - Perm (RUS) 2020 - POSTPONED",,,Perm,RUS,2020-10-22,2020-10-28,https://ifsc.results.info//api/v1/events/87
2020,72,IFSC Europe - Continental Youth Cup (B) - Soure (POR) 2020 - CANCELLED,8,IFSC Climbing European Youth Cup 2020,Soure,POR,2020-11-06,2020-11-08,https://ifsc.results.info//api/v1/events/72
2020,1200,IFSC Europe - Continental Youth Cup (S) - Tarnow (POL),,,Tarnow,POL,2020-11-14,2020-11-14,https://ifsc.results.info//api/v1/events/1200
2020,1166,"IFSC Europe - Continental Championships (B,S,L,C) - Moscow (RUS) 2020",,,Moscow,RUS,2020-11-21,2020-11-29,https://ifsc.results.info//api/v1/events/1166
2020,1184,IFSC Europe - Continental Cup - Voronezh (RUS) - CANCELLED,5,IFSC Climbing European Cup 2020,Voronezh,RUS,2020-12-04,2020-12-06,https://ifsc.results.info//api/v1/events/1184
2020,1168,IFSC Africa - Continental Championships (C) - Cape Town (RSA) 2020,,,Cape Town,RSA,2020-12-17,2020-12-20,https://ifsc.results.info//api/v1/events/1168
2020,1167,IFSC Oceania - Continental Championships (C) - Sydney (AUS) 2020,,,Sydney,AUS,2020-12-19,2020-12-20,https://ifsc.results.info//api/v1/events/1167
2021,1205,IFSC Europe - Continental Cup (B) - Klagenfurt (AUT) 2021,68,IFSC Climbing European Cup 2021,Klagenfurt,AUT,2021-04-10,2021-04-11,https://ifsc.results.info//api/v1/events/1205
2021,1187,IFSC - Climbing World Cup (B) - Meiringen (SUI) 2021,66,IFSC Climbing World Cup 2021,Meiringen,SUI,2021-04-16,2021-04-17,https://ifsc.results.info//api/v1/events/1187
2021,1221,"IFSC Europe - Continental Youth Championships (B,S,L) - Perm (RUS)",,,Perm,RUS,2021-05-01,2021-05-05,https://ifsc.results.info//api/v1/events/1221
2021,1213,IFSC Europe - Continental Youth Cup (B) - Graz (AUT) 2021,,,Graz,AUT,2021-05-14,2021-05-16,https://ifsc.results.info//api/v1/events/1213
2021,1190,IFSC - Climbing World Cup (B) - Salt Lake City (USA) 2021,66,IFSC Climbing World Cup 2021,Salt Lake City,USA,2021-05-21,2021-05-22,https://ifsc.results.info//api/v1/events/1190
2021,1192,"IFSC - Climbing World Cup (B,S) - Salt Lake City (USA) 2021",66,IFSC Climbing World Cup 2021,Salt Lake City,USA,2021-05-28,2021-05-30,https://ifsc.results.info//api/v1/events/1192
2021,1206,IFSC Europe - Continental Cup (B) - Belgrad (SRB) 2021 - CANCELLED,68,IFSC Climbing European Cup 2021,Belgrad,SRB,2021-05-29,2021-05-30,https://ifsc.results.info//api/v1/events/1206
2021,1214,IFSC Europe - Continental Youth Cup (S) - Bochum (GER) 2021,,,Bochum,GER,2021-06-04,2021-06-04,https://ifsc.results.info//api/v1/events/1214
2021,1215,"IFSC Europe - Continental Youth Cup (L,S) - Imst (AUT) 2021",,,Imst,AUT,2021-06-11,2021-06-13,https://ifsc.results.info//api/v1/events/1215
2021,1216,IFSC Europe - Continental Youth Cup (L) - Ostermundigen (SUI),,,Ostermundigen,SUI,2021-06-19,2021-06-20,https://ifsc.results.info//api/v1/events/1216
2021,1222,IFSC - Paraclimbing World Cup (L) - Innsbruck (AUT) 2021,71,IFSC Paraclimbing Cup,Innsbruck,AUT,2021-06-22,2021-06-24,https://ifsc.results.info//api/v1/events/1222
2021,1193,"IFSC - Climbing World Cup (B,L) - Innsbruck (AUT) 2021",66,IFSC Climbing World Cup 2021,Innsbruck,AUT,2021-06-23,2021-06-26,https://ifsc.results.info//api/v1/events/1193
2021,1208,IFSC Europe - Continental Cup (S) - Innsbruck (AUT) 2021,68,IFSC Climbing European Cup 2021,Innsbruck,AUT,2021-06-23,2021-06-23,https://ifsc.results.info//api/v1/events/1208
2021,1209,IFSC Europe - Continental Cup (S) - Gaflenz (AUT) 2021,68,IFSC Climbing European Cup 2021,Gaflenz,AUT,2021-06-27,2021-06-27,https://ifsc.results.info//api/v1/events/1209
2021,1217,IFSC Europe - Continental Youth Cup (S) - Gaflenz (AUT),,,Gaflenz,AUT,2021-06-27,2021-06-27,https://ifsc.results.info//api/v1/events/1217
2021,1194,"IFSC - Climbing World Cup (L,S) - Villars (SUI) 2021",66,IFSC Climbing World Cup 2021,Villars,SUI,2021-07-01,2021-07-03,https://ifsc.results.info//api/v1/events/1194
2021,1218,"IFSC Europe - Continental Youth Cup (L,S) - Puurs (BEL) 2021",,,Puurs,BEL,2021-07-02,2021-07-04,https://ifsc.results.info//api/v1/events/1218
2021,1195,IFSC - Climbing World Cup (L) - Chamonix (FRA) 2021,66,IFSC Climbing World Cup 2021,Chamonix,FRA,2021-07-12,2021-07-13,https://ifsc.results.info//api/v1/events/1195
2021,1223,IFSC - Paraclimbing World Cup (L) - Briançon (FRA) 2021,71,IFSC Paraclimbing Cup,Briançon,FRA,2021-07-15,2021-07-15,https://ifsc.results.info//api/v1/events/1223
2021,1196,IFSC - Climbing World Cup (L) - Briançon (FRA) 2021,66,IFSC Climbing World Cup 2021,Briançon,FRA,2021-07-17,2021-07-18,https://ifsc.results.info//api/v1/events/1196
2021,1219,IFSC Europe - Continental Youth Cup (L) - Veliko Tarnovo (BUL) 2021,,,Veliko Tarnovo,BUL,2021-07-24,2021-07-25,https://ifsc.results.info//api/v1/events/1219
2021,1220,"IFSC Europe - Continental Youth Cup (L,S) - Zilina (SVK) 2021",,,Zilina,SVK,2021-07-29,2021-07-31,https://ifsc.results.info//api/v1/events/1220
2021,1227,Olympic Games (C) - Tokyo (JPN) 2020,,,Tokyo,JPN,2021-08-03,2021-08-06,https://ifsc.results.info//api/v1/events/1227
2021,1207,IFSC Europe - Continental Cup (B) - Krakow (POL) 2021,68,IFSC Climbing European Cup 2021,Krakow,POL,2021-08-07,2021-08-08,https://ifsc.results.info//api/v1/events/1207
2021,1230,International Climbing Series - Triglav The Rock - Ljubljana (SLO) 2021,,,Ljubljana,SLO,2021-08-14,2021-08-14,https://ifsc.results.info//api/v1/events/1230
2021,1186,"IFSC - Climbing Youth World Championships (B,L,S) - Voronezh (RUS) 2021",,,Voronezh,RUS,2021-08-21,2021-08-31,https://ifsc.results.info//api/v1/events/1186
2021,1229,International Climbing Series - Rock Master - Arco (ITA) 2021,,,Arco,ITA,2021-08-28,2021-08-28,https://ifsc.results.info//api/v1/events/1229
2021,1197,IFSC - Climbing World Cup (L) - Kranj (SLO) 2021,66,IFSC Climbing World Cup 2021,Ljubljana,SLO,2021-09-03,2021-09-04,https://ifsc.results.info//api/v1/events/1197
2021,1225,IFSC - Paraclimbing World Championships (L) - Moscow 2021,,,Moscow,CFR,2021-09-15,2021-09-17,https://ifsc.results.info//api/v1/events/1225
2021,1185,"IFSC - Climbing World Championships (B,L,S) - Moscow 2021",,,Moscow,CFR,2021-09-16,2021-09-21,https://ifsc.results.info//api/v1/events/1185
2021,1189,"IFSC - Climbing World Cup (B,S) - Seoul (KOR) 2021 - CANCELLED",66,IFSC Climbing World Cup 2021,Seoul,KOR,2021-10-01,2021-10-03,https://ifsc.results.info//api/v1/events/1189
2021,1212,IFSC Europe - Continental Youth Cup (B) - Soure (POR) 2021,,,Soure,POR,2021-10-09,2021-10-10,https://ifsc.results.info//api/v1/events/1212
2021,1224,IFSC - Paraclimbing World Cup (L) - Los Angeles (USA) 2021,71,IFSC Paraclimbing Cup,United States,USA,2021-10-09,2021-10-10,https://ifsc.results.info//api/v1/events/1224
2021,1210,"IFSC Europe - Continental Cup (L,S) - Laval (FRA) 2021",68,IFSC Climbing European Cup 2021,Laval,FRA,2021-10-22,2021-10-24,https://ifsc.results.info//api/v1/events/1210
2021,1211,"IFSC Europe - Continental Cup (L,S) - Tyumen (RUS) 2021 - CANCELLED",68,IFSC Climbing European Cup 2021,Tyumen,RUS,2021-11-05,2021-11-07,https://ifsc.results.info//api/v1/events/1211
2021,1226,"Asian Youth Games (L,S) - Shantou (CHN) 2021",,,Shantou,CHN,2021-11-20,2021-11-28,https://ifsc.results.info//api/v1/events/1226
2021,1231,"IFSC Pan Am - Continental Championships (B,S,L) - Ibarra (ECU) 2021",,,Ibarra,ECU,2021-11-30,2021-12-05,https://ifsc.results.info//api/v1/events/1231
2021,1252,"IFSC Africa - Continental Championships (B,S,L) - Johannesburg (RSA) 2021",,,Johannesburg,RSA,2021-12-16,2021-12-18,https://ifsc.results.info//api/v1/events/1252
2022,1282,IFSC - Test Event (B&L) - Barcelona (ESP) 2022,,,Barcelona,ESP,2022-03-04,2022-03-05,https://ifsc.results.info//api/v1/events/1282
2022,1233,IFSC - Climbing World Cup (B) - Meiringen (SUI) 2022,72,IFSC Climbing World Cup 2022,Meiringen,SUI,2022-04-08,2022-04-10,https://ifsc.results.info//api/v1/events/1233
2022,1258,IFSC Europe - Continental Youth Cup (B) - Chambéry (FRA) 2022,,,Chambéry,FRA,2022-04-09,2022-04-10,https://ifsc.results.info//api/v1/events/1258
2022,1259,IFSC Europe - Continental Youth Cup (B) - Soure (POR) 2022,,,Soure,POR,2022-04-23,2022-04-24,https://ifsc.results.info//api/v1/events/1259
2022,1260,IFSC Europe - Continental Cup (B) - Prague (CZE) 2022,,,Prague,CZE,2022-04-29,2022-05-01,https://ifsc.results.info//api/v1/events/1260
2022,1235,"IFSC - Climbing World Cup (B,S) - Seoul (KOR) 2022",72,IFSC Climbing World Cup 2022,Seoul,KOR,2022-05-06,2022-05-08,https://ifsc.results.info//api/v1/events/1235
2022,1261,IFSC Europe - Continental Cup (B) - Brixen (ITA) 2022,,,Brixen,ITA,2022-05-07,2022-05-08,https://ifsc.results.info//api/v1/events/1261
2022,1263,IFSC Europe - Continental Cup (B) - Klagenfurt (AUT) 2022,,,Klagenfurt,AUT,2022-05-20,2022-05-21,https://ifsc.results.info//api/v1/events/1263
2022,1236,"IFSC - Climbing World Cup (B,S) - Salt Lake City (USA) 2022",72,IFSC Climbing World Cup 2022,Salt Lake City,USA,2022-05-20,2022-05-22,https://ifsc.results.info//api/v1/events/1236
2022,1278,IFSC - Paraclimbing World Cup (L) - Salt Lake City (USA) 2022,,,Salt Lake City,USA,2022-05-24,2022-05-25,https://ifsc.results.info//api/v1/events/1278
2022,1262,"IFSC Europe - Continental Youth Cup (L,S) - Imst (AUT) 2022",,,Imst,AUT,2022-05-27,2022-05-29,https://ifsc.results.info//api/v1/events/1262
2022,1237,"IFSC - Climbing World Cup (B,S) - Salt Lake City (USA) 2022",72,IFSC Climbing World Cup 2022,Salt Lake City,USA,2022-05-27,2022-05-29,https://ifsc.results.info//api/v1/events/1237
2022,1264,"IFSC Europe - Continental Cup (L,S) - Tyumen (RUS) 2022 - CANCELLED",,,Tyumen,RUS,2022-06-04,2022-06-05,https://ifsc.results.info//api/v1/events/1264
2022,1283,"IFSC Europe - Continental Cup (L,S) - Arco (ITA) 2022",,,Arco,ITA,2022-06-04,2022-06-05,https://ifsc.results.info//api/v1/events/1283
2022,1284,IFSC - Climbing World Cup (B) - Brixen (ITA) 2022,72,IFSC Climbing World Cup 2022,Brixen,ITA,2022-06-10,2022-06-12,https://ifsc.results.info//api/v1/events/1284
2022,1249,"FISU University Championships (B,S,L) - Innsbruck (AUT) 2022",,,Innsbruck,AUT,2022-06-13,2022-06-17,https://ifsc.results.info//api/v1/events/1249
2022,1277,IFSC - Paraclimbing World Cup (L) - Innsbruck (AUT) 2022,,,Innsbruck,AUT,2022-06-21,2022-06-22,https://ifsc.results.info//api/v1/events/1277
2022,1265,IFSC Europe - Continental Cup (S) - Innsbruck (AUT) 2022,,,Innsbruck,AUT,2022-06-21,2022-06-21,https://ifsc.results.info//api/v1/events/1265
2022,1238,"IFSC - Climbing World Cup (B,L) - Innsbruck (AUT) 2022",72,IFSC Climbing World Cup 2022,Innsbruck,AUT,2022-06-22,2022-06-26,https://ifsc.results.info//api/v1/events/1238
2022,1266,IFSC Europe - Continental Youth Cup (L) - Ostermundigen (SUI) 2022,,,Ostermundigen,SUI,2022-06-25,2022-06-26,https://ifsc.results.info//api/v1/events/1266
2022,1239,"IFSC - Climbing World Cup (L,S) - Villars (SUI) 2022",72,IFSC Climbing World Cup 2022,Villars-sur-Ollon,SUI,2022-06-30,2022-07-02,https://ifsc.results.info//api/v1/events/1239
2022,1281,IFSC - Paraclimbing Master - Imst (AUT) 2022,,,Imst,AUT,2022-07-02,2022-07-03,https://ifsc.results.info//api/v1/events/1281
2022,1267,IFSC Europe - Continental Youth Cup (L) - Dornbirn (AUT) 2022,,,Dornbirn,AUT,2022-07-02,2022-07-03,https://ifsc.results.info//api/v1/events/1267
2022,1268,"IFSC Europe - Continental Youth Championship (L,S) - Augsburg (GER) 2022",,,Augsburg,GER,2022-07-08,2022-07-10,https://ifsc.results.info//api/v1/events/1268
2022,1240,"IFSC - Climbing World Cup (L,S) - Chamonix (FRA) 2022",72,IFSC Climbing World Cup 2022,Chamonix,FRA,2022-07-08,2022-07-10,https://ifsc.results.info//api/v1/events/1240
2022,1280,IFSC - Paraclimbing World Cup (L) - Villars (SUI) 2022,,,Villars,SUI,2022-07-08,2022-07-09,https://ifsc.results.info//api/v1/events/1280
2022,1245,"World Games (B,S,L) - Birmingham (USA) 2022",,,Birmingham,USA,2022-07-14,2022-07-16,https://ifsc.results.info//api/v1/events/1245
2022,1269,"IFSC Europe - Continental Cup (L,S) - Žilina (SVK) 2022",,,Žilina,SVK,2022-07-16,2022-07-17,https://ifsc.results.info//api/v1/events/1269
2022,1241,IFSC - Climbing World Cup (L) - Briançon (FRA) 2022,72,IFSC Climbing World Cup 2022,Briançon,FRA,2022-07-22,2022-07-23,https://ifsc.results.info//api/v1/events/1241
2022,1270,IFSC Europe - Continental Youth Cup (S) - Mezzolombardo (ITA) 2022,,,Mezzolombardo,ITA,2022-07-29,2022-07-29,https://ifsc.results.info//api/v1/events/1270
2022,1285,International Climbing Series - Rock Master - Arco (ITA) 2022,,,Arco,ITA,2022-07-29,2022-07-29,https://ifsc.results.info//api/v1/events/1285
2022,1271,IFSC Europe - Continental Cup (S) - Mezzolombardo (ITA) 2022,,,Mezzolombardo,ITA,2022-07-30,2022-07-30,https://ifsc.results.info//api/v1/events/1271
2022,1272,IFSC Europe - Continental Youth Championship (B) - Graz (AUT) 2022,,,Graz,AUT,2022-08-03,2022-08-06,https://ifsc.results.info//api/v1/events/1272
2022,1247,"IFSC Europe - Continental Championships (B,S,L) - Munich (GER) 2022",,,Munich,GER,2022-08-11,2022-08-18,https://ifsc.results.info//api/v1/events/1247
2022,1246,"IFSC - Climbing Youth World Championships (B,S,L) - Dallas (USA) 2022",,,United States,USA,2022-08-22,2022-08-31,https://ifsc.results.info//api/v1/events/1246
2022,1242,IFSC - Climbing World Cup (L) - Koper (SLO) 2022,72,IFSC Climbing World Cup 2022,Koper,SLO,2022-09-02,2022-09-03,https://ifsc.results.info//api/v1/events/1242
2022,1288,"IFSC - Climbing World Cup (L,S) - Edinburgh (GBR) 2022",72,IFSC Climbing World Cup 2022,Edinburgh,GBR,2022-09-09,2022-09-11,https://ifsc.results.info//api/v1/events/1288
2022,1248,Asian Games - Hangzhou (CHN) 2022 - POSTPONED,,,Hangzhou,CHN,2022-09-15,2022-09-19,https://ifsc.results.info//api/v1/events/1248
2022,1243,"IFSC - Climbing World Cup (L,S) - Jakarta (INA) 2022",72,IFSC Climbing World Cup 2022,Jakarta,INA,2022-09-24,2022-09-26,https://ifsc.results.info//api/v1/events/1243
2022,1289,Promo Event - Delfts Bleau International Youth Open - Delft (NED) 2022,,,Delft,NED,2022-09-24,2022-09-25,https://ifsc.results.info//api/v1/events/1289
2022,1273,IFSC Europe - Continental Cup (S) - Hamburg (GER) 2022,,,Hamburg,GER,2022-09-25,2022-09-25,https://ifsc.results.info//api/v1/events/1273
2022,1287,"IFSC Asia - Continental Championships (B, L, S, B&L) - Republic of Korea 2022",,,Seoul,KOR,2022-10-10,2022-10-16,https://ifsc.results.info//api/v1/events/1287
2022,1274,"IFSC Europe - Continental Youth Cup (L,S,B) - Kaliningrad (RUS) 2022 - CANCELLED",,,Kaliningrad,RUS,2022-10-12,2022-10-16,https://ifsc.results.info//api/v1/events/1274
2022,1234,"IFSC - Climbing World Cup (B&L) - Morioka, Iwate (JPN) 2022",72,IFSC Climbing World Cup 2022,Japan,JPN,2022-10-20,2022-10-22,https://ifsc.results.info//api/v1/events/1234
2022,1275,IFSC Europe - Continental Cup (S) - Laval (FRA) 2022,,,Laval,FRA,2022-10-21,2022-10-22,https://ifsc.results.info//api/v1/events/1275
2022,1290,International Climbing Series - The internationals of Mayenne (B&L) - Laval (FRA) 2022,,,Laval,FRA,2022-10-21,2022-10-23,https://ifsc.results.info//api/v1/events/1290
2022,1315,IFSC Asia - Continental Cup (B) - Manila (PHI) 2022,,,Manila,PHI,2022-11-05,2022-11-06,https://ifsc.results.info//api/v1/events/1315
2022,1316,IFSC Asia - K Continental Championships - Jamshedpur (IND),,,Jamshedpur,IND,2022-12-09,2022-12-11,https://ifsc.results.info//api/v1/events/1316
2023,1314,International Climbing Series - Studio Bloc Master - Pfungstadt (GER) 2023,,,Pfungstadt,GER,2023-03-11,2023-03-12,https://ifsc.results.info//api/v1/events/1314
2023,1340,Promo Event - Delfts Bleau International Youth Open - Delft (NED) 2023,,,Delft,NED,2023-03-25,2023-03-26,https://ifsc.results.info//api/v1/events/1340
2023,1332,IFSC Europe - Continental Youth Cup (S) - Tarnów (POL) 2023,91,IFSC-Europe Climbing European Youth Cup 2023,Tarnów,POL,2023-04-01,2023-04-02,https://ifsc.results.info//api/v1/events/1332
2023,1331,IFSC European Cup Tarnów 2023,92,IFSC-Europe Climbing European Cup 2023,Tarnów,POL,2023-04-01,2023-04-02,https://ifsc.results.info//api/v1/events/1331
2023,1317,IFSC European Cup Chambéry 2023,92,IFSC-Europe Climbing European Cup 2023,Chambéry,FRA,2023-04-07,2023-04-08,https://ifsc.results.info//api/v1/events/1317
2023,1291,IFSC World Cup Hachioji 2023,90,IFSC Climbing World Cup 2023,Hachioji,JPN,2023-04-21,2023-04-23,https://ifsc.results.info//api/v1/events/1291
2023,1321,IFSC Europe - Continental Youth Cup (B) - Soure (POR) 2023,91,IFSC-Europe Climbing European Youth Cup 2023,Soure,POR,2023-04-22,2023-04-23,https://ifsc.results.info//api/v1/events/1321
2023,1292,IFSC World Cup Seoul 2023,90,IFSC Climbing World Cup 2023,Seoul,KOR,2023-04-28,2023-04-30,https://ifsc.results.info//api/v1/events/1292
2023,1322,IFSC Europe - Continental Youth Cup (B) - Kaunas (LTU) 2023,91,IFSC-Europe Climbing European Youth Cup 2023,Kaunas,LTU,2023-04-28,2023-04-30,https://ifsc.results.info//api/v1/events/1322
2023,1323,IFSC Europe - Continental Youth Cup (B) - Graz (AUT) 2023,91,IFSC-Europe Climbing European Youth Cup 2023,Graz,AUT,2023-05-05,2023-05-07,https://ifsc.results.info//api/v1/events/1323
2023,1293,IFSC World Cup Jakarta 2023,90,IFSC Climbing World Cup 2023,Indonesia,INA,2023-05-06,2023-05-07,https://ifsc.results.info//api/v1/events/1293
2023,1320,IFSC European Cup Liébana 2023,92,IFSC-Europe Climbing European Cup 2023,Liébana,ESP,2023-05-12,2023-05-14,https://ifsc.results.info//api/v1/events/1320
2023,1335,IFSC Paraclimbing World Cup Salt Lake City 2023,,,Salt Lake City,USA,2023-05-16,2023-05-17,https://ifsc.results.info//api/v1/events/1335
2023,1294,IFSC World Cup Salt Lake City 2023,90,IFSC Climbing World Cup 2023,Salt Lake City,USA,2023-05-19,2023-05-21,https://ifsc.results.info//api/v1/events/1294
2023,1318,IFSC European Cup Loverval 2023,92,IFSC-Europe Climbing European Cup 2023,Loverval,BEL,2023-05-27,2023-05-28,https://ifsc.results.info//api/v1/events/1318
2023,1295,IFSC World Cup Prague 2023,90,IFSC Climbing World Cup 2023,Prague,CZE,2023-06-02,2023-06-04,https://ifsc.results.info//api/v1/events/1295
2023,1329,"IFSC Europe - Continental Youth Championship (B,S) - Duisburg (GER) 2023",91,IFSC-Europe Climbing European Youth Cup 2023,Duisburg,GER,2023-06-08,2023-06-11,https://ifsc.results.info//api/v1/events/1329
2023,1296,IFSC World Cup Brixen 2023,90,IFSC Climbing World Cup 2023,Brixen,ITA,2023-06-09,2023-06-11,https://ifsc.results.info//api/v1/events/1296
2023,1337,IFSC Paraclimbing World Cup Innsbruck 2023,,,Innsbruck,AUT,2023-06-12,2023-06-13,https://ifsc.results.info//api/v1/events/1337
2023,1325,IFSC European Cup Innsbruck 2023,92,IFSC-Europe Climbing European Cup 2023,Innsbruck,AUT,2023-06-12,2023-06-12,https://ifsc.results.info//api/v1/events/1325
2023,1297,IFSC World Cup Innsbruck 2023,90,IFSC Climbing World Cup 2023,Innsbruck,AUT,2023-06-14,2023-06-18,https://ifsc.results.info//api/v1/events/1297
2023,1326,IFSC Europe - Continental Youth Cup (L) - Niederwangen (SUI) 2023,91,IFSC-Europe Climbing European Youth Cup 2023,Niederwangen,SUI,2023-06-17,2023-06-18,https://ifsc.results.info//api/v1/events/1326
2023,1305,European Games Krakow-Malopolska 2023,,,Tarnow,POL,2023-06-21,2023-07-02,https://ifsc.results.info//api/v1/events/1305
2023,1341,IFSC Paraclimbing World Cup Villars 2023,,,Villars-sur-Ollon,SUI,2023-06-23,2023-06-24,https://ifsc.results.info//api/v1/events/1341
2023,1327,IFSC Europe - Continental Youth Cup (L) - St. Pierre en Faucigny (FRA) 2023,91,IFSC-Europe Climbing European Youth Cup 2023,St. Pierre en Faucigny,FRA,2023-06-24,2023-06-25,https://ifsc.results.info//api/v1/events/1327
2023,1298,IFSC World Cup Villars 2023,90,IFSC Climbing World Cup 2023,Villars-sur-Ollon,SUI,2023-06-30,2023-07-02,https://ifsc.results.info//api/v1/events/1298
2023,1328,"IFSC Europe - Continental Youth Cup (L,S) - Imst (AUT) 2023",91,IFSC-Europe Climbing European Youth Cup 2023,Imst,AUT,2023-06-30,2023-07-02,https://ifsc.results.info//api/v1/events/1328
2023,1299,IFSC World Cup Chamonix 2023,90,IFSC Climbing World Cup 2023,Chamonix,FRA,2023-07-07,2023-07-09,https://ifsc.results.info//api/v1/events/1299
2023,1342,IFSC Asia - Continental Youth Cup (S) - Singapore (SGP) 2023,,,Singapore,SGP,2023-07-08,2023-07-08,https://ifsc.results.info//api/v1/events/1342
2023,1300,IFSC World Cup Briançon 2023,90,IFSC Climbing World Cup 2023,Briançon,FRA,2023-07-14,2023-07-15,https://ifsc.results.info//api/v1/events/1300
2023,1324,IFSC European Cup Žilina 2023,92,IFSC-Europe Climbing European Cup 2023,Žilina,SVK,2023-07-21,2023-07-22,https://ifsc.results.info//api/v1/events/1324
2023,1301,IFSC World Championships Bern 2023,,,Bern,SUI,2023-08-01,2023-08-12,https://ifsc.results.info//api/v1/events/1301
2023,1338,IFSC Paraclimbing World Championships Bern 2023,,,Bern,SUI,2023-08-08,2023-08-10,https://ifsc.results.info//api/v1/events/1338
2023,1304,IFSC Youth World Championships Seoul 2023,,,South Korea,KOR,2023-08-18,2023-08-27,https://ifsc.results.info//api/v1/events/1304
2023,1348,International Climbing Series - Rock Master - Arco (ITA) 2023,,,Arco,ITA,2023-09-01,2023-09-01,https://ifsc.results.info//api/v1/events/1348
2023,1336,IFSC European Cup Bologna 2023,92,IFSC-Europe Climbing European Cup 2023,Bologna,ITA,2023-09-02,2023-09-03,https://ifsc.results.info//api/v1/events/1336
2023,1345,International Climbing Series - Triglav The Rock - Ljubljana (SLO) 2023,,,Ljubljana,SLO,2023-09-02,2023-09-02,https://ifsc.results.info//api/v1/events/1345
2023,1302,IFSC World Cup Koper 2023,90,IFSC Climbing World Cup 2023,Koper,SLO,2023-09-08,2023-09-09,https://ifsc.results.info//api/v1/events/1302
2023,1343,"IFSC Asian Cup Hong Kong, China 2023",,,Hong Kong,HKG,2023-09-09,2023-09-10,https://ifsc.results.info//api/v1/events/1343
2023,1330,IFSC Europe - Youth Championship - Helsinki (FIN) 2023,91,IFSC-Europe Climbing European Youth Cup 2023,Helsinki,FIN,2023-09-15,2023-09-16,https://ifsc.results.info//api/v1/events/1330
2023,1309,IFSC European Qualifier Rome 2023,,,Rome,ITA,2023-09-15,2023-09-15,https://ifsc.results.info//api/v1/events/1309
2023,1303,IFSC World Cup Wujiang 2023,90,IFSC Climbing World Cup 2023,Wujiang,CHN,2023-09-22,2023-09-24,https://ifsc.results.info//api/v1/events/1303
2023,1306,Asian Games Hangzhou 2022,,,Hangzhou,CHN,2023-09-23,2023-10-08,https://ifsc.results.info//api/v1/events/1306
2023,1334,IFSC Europe - Continental Youth Cup (S) - Hamburg (GER) 2023,91,IFSC-Europe Climbing European Youth Cup 2023,Hamburg,GER,2023-09-24,2023-09-24,https://ifsc.results.info//api/v1/events/1334
2023,1350,International Climbing Series - El-Capp Fest (B) - La Rochelle (FRA) 2023,,,La Rochelle,FRA,2023-09-29,2023-09-30,https://ifsc.results.info//api/v1/events/1350
2023,1349,"IFSC Asia - Continental Youth Championships (B, S, L, B&L) - Chongqing (CHN) 2023",,,Chongqing,CHN,2023-10-18,2023-10-22,https://ifsc.results.info//api/v1/events/1349
2023,1307,Pan American Games Santiago 2023,,,Santiago,CHI,2023-10-20,2023-10-25,https://ifsc.results.info//api/v1/events/1307
2023,1308,IFSC European Qualifier Laval 2023,,,Laval,FRA,2023-10-26,2023-10-29,https://ifsc.results.info//api/v1/events/1308
2023,1310,IFSC Asian Qualifier Jakarta 2023,,,Jakarta,INA,2023-11-09,2023-11-12,https://ifsc.results.info//api/v1/events/1310
2023,1380,International Climbing Series - The Belt and Road (S) - Ningbo (CHN) 2023,,,Ningbo,CHN,2023-11-16,2023-11-16,https://ifsc.results.info//api/v1/events/1380
2023,1351,NEOM IFSC Masters 2023,,,Neom Beach Games Mountain Village,KSA,2023-11-22,2023-11-24,https://ifsc.results.info//api/v1/events/1351
2023,1311,IFSC Oceania Qualifier Melbourne 2023,,,Melbourne,AUS,2023-11-24,2023-11-26,https://ifsc.results.info//api/v1/events/1311
2023,1346,IFSC South American Cup Curitiba 2023,,,Curitiba,BRA,2023-12-01,2023-12-03,https://ifsc.results.info//api/v1/events/1346
2023,1312,IFSC African Qualifier Pretoria 2023,,,Pretoria,RSA,2023-12-07,2023-12-09,https://ifsc.results.info//api/v1/events/1312
2023,1382,"IFSC Asia - Asian K Championships (B, L, S) - Jamshedpur (IND) 2023",,,Jamshedpur,IND,2023-12-08,2023-12-10,https://ifsc.results.info//api/v1/events/1382
2023,1344,IFSC Asian Cup Riyadh 2023,,,Riyadh,KSA,2023-12-12,2023-12-16,https://ifsc.results.info//api/v1/events/1344
2023,1347,IFSC South American Cup Mar del Plata 2023,,,Mar del Plata,ARG,2023-12-15,2023-12-17,https://ifsc.results.info//api/v1/events/1347
2024,1389,Studio Bloc Masters 2024,,,Pfungstadt,GER,2024-03-09,2024-03-10,https://ifsc.results.info//api/v1/events/1389
2024,1376,IFSC European Cup Lublin 2024,,,Lublin,POL,2024-03-16,2024-03-16,https://ifsc.results.info//api/v1/events/1376
2024,1363,IFSC Youth European Cup Lublin 2024,95,IFSC-Europe Climbing European Youth Cup 2024,Lublin,POL,2024-03-17,2024-03-17,https://ifsc.results.info//api/v1/events/1363
2024,1352,Delfts Bleau International Youth Open 2024,,,Delft,NED,2024-03-23,2024-03-24,https://ifsc.results.info//api/v1/events/1352
2024,1377,IFSC Youth European Cup Curno 2024,95,IFSC-Europe Climbing European Youth Cup 2024,Curno,ITA,2024-04-05,2024-04-07,https://ifsc.results.info//api/v1/events/1377
2024,1353,IFSC World Cup Keqiao 2024,94,IFSC Climbing World Cup 2024,Keqiao,CHN,2024-04-08,2024-04-10,https://ifsc.results.info//api/v1/events/1353
2024,1354,IFSC World Cup Wujiang 2024,94,IFSC Climbing World Cup 2024,Wujiang,CHN,2024-04-12,2024-04-14,https://ifsc.results.info//api/v1/events/1354
2024,1365,IFSC Youth European Cup Soure 2024,95,IFSC-Europe Climbing European Youth Cup 2024,Soure,POR,2024-04-20,2024-04-21,https://ifsc.results.info//api/v1/events/1365
2024,1366,IFSC European Cup Klagenfurt 2024,,,Klagenfurt,AUT,2024-04-26,2024-04-27,https://ifsc.results.info//api/v1/events/1366
2024,1367,IFSC Youth European Cup Graz 2024,95,IFSC-Europe Climbing European Youth Cup 2024,Graz,AUT,2024-05-03,2024-05-05,https://ifsc.results.info//api/v1/events/1367
2024,1355,IFSC World Cup Salt Lake City 2024,94,IFSC Climbing World Cup 2024,Salt Lake CIty,USA,2024-05-03,2024-05-05,https://ifsc.results.info//api/v1/events/1355
2024,1388,IFSC Paraclimbing World Cup Salt Lake City 2024,,,Salt Lake City,USA,2024-05-07,2024-05-08,https://ifsc.results.info//api/v1/events/1388
2024,1384,Olympic Qualifier Series Shanghai 2024,,,Shanghai,CHN,2024-05-16,2024-05-19,https://ifsc.results.info//api/v1/events/1384
2024,1368,IFSC Youth European Cup Mezzolombardo 2024,95,IFSC-Europe Climbing European Youth Cup 2024,Mezzolombardo,ITA,2024-05-24,2024-05-25,https://ifsc.results.info//api/v1/events/1368
2024,1369,IFSC European Cup Mezzolombardo 2024,,,Mezzolombardo,ITA,2024-05-25,2024-05-25,https://ifsc.results.info//api/v1/events/1369
2024,1385,Olympic Qualifier Series Budapest 2024,,,Budapest,HUN,2024-06-20,2024-06-23,https://ifsc.results.info//api/v1/events/1385
2024,1378,IFSC European Cup Augsburg 2024,,,Augsburg,GER,2024-06-21,2024-06-22,https://ifsc.results.info//api/v1/events/1378
2024,1387,IFSC Paraclimbing World Cup Innsbruck 2024,,,Innsbruck,AUT,2024-06-24,2024-06-25,https://ifsc.results.info//api/v1/events/1387
2024,1383,IFSC European Cup Innsbruck 2024,,,Innsbruck,AUT,2024-06-24,2024-06-24,https://ifsc.results.info//api/v1/events/1383
2024,1356,IFSC World Cup Innsbruck 2024,94,IFSC Climbing World Cup 2024,Innsbruck,AUT,2024-06-26,2024-06-30,https://ifsc.results.info//api/v1/events/1356
2024,1357,IFSC World Cup Chamonix 2024,94,IFSC Climbing World Cup 2024,Chamonix,FRA,2024-07-12,2024-07-14,https://ifsc.results.info//api/v1/events/1357
2024,1371,IFSC Youth European Cup Dornbirn 2024,95,IFSC-Europe Climbing European Youth Cup 2024,Dornbirn,AUT,2024-07-13,2024-07-14,https://ifsc.results.info//api/v1/events/1371
2024,1358,IFSC World Cup Briançon 2024,94,IFSC Climbing World Cup 2024,Briancon,FRA,2024-07-17,2024-07-19,https://ifsc.results.info//api/v1/events/1358
2024,1372,IFSC Youth European Cup Žilina 2024,95,IFSC-Europe Climbing European Youth Cup 2024,Žilina,SVK,2024-07-19,2024-07-21,https://ifsc.results.info//api/v1/events/1372
2024,1386,Olympic Games Paris 2024,,,Paris,FRA,2024-07-26,2024-08-11,https://ifsc.results.info//api/v1/events/1386
2024,1396,IFSC Youth World Championships Guiyang 2024,,,Guiyang,CHN,2024-08-22,2024-08-31,https://ifsc.results.info//api/v1/events/1396
2024,1395,IFSC Paraclimbing European Championships Villars 2024,,,Villars,SUI,2024-08-24,2024-08-25,https://ifsc.results.info//api/v1/events/1395
2024,1381,IFSC European Championships Villars 2024,,,Villars,SUI,2024-08-27,2024-09-01,https://ifsc.results.info//api/v1/events/1381
2024,1359,IFSC World Cup Koper 2024,94,IFSC Climbing World Cup 2024,Koper,SLO,2024-09-06,2024-09-07,https://ifsc.results.info//api/v1/events/1359
2024,1392,FISU University Championships Koper 2024,,,Koper,SLO,2024-09-09,2024-09-12,https://ifsc.results.info//api/v1/events/1392
2024,1373,IFSC European Cup Casalecchio di Reno 2024,,,Bologna,ITA,2024-09-14,2024-09-15,https://ifsc.results.info//api/v1/events/1373
2024,1360,IFSC World Cup Prague 2024,94,IFSC Climbing World Cup 2024,Prague,CZE,2024-09-20,2024-09-22,https://ifsc.results.info//api/v1/events/1360
2024,1379,IFSC Youth European Cup Ostermundigen 2024,95,IFSC-Europe Climbing European Youth Cup 2024,Ostermundigen,SUI,2024-09-21,2024-09-22,https://ifsc.results.info//api/v1/events/1379
2024,1375,IFSC Youth European Championships Troyes 2024,95,IFSC-Europe Climbing European Youth Cup 2024,Troyes,FRA,2024-09-25,2024-09-29,https://ifsc.results.info//api/v1/events/1375
2024,1391,IFSC Paraclimbing World Cup Arco 2024,,,Arco (TN),ITA,2024-09-27,2024-09-28,https://ifsc.results.info//api/v1/events/1391
2024,1361,IFSC World Cup Seoul 2024,94,IFSC Climbing World Cup 2024,Seoul,KOR,2024-10-02,2024-10-06,https://ifsc.results.info//api/v1/events/1361
2024,1390,IFSC European Cup Genova 2024,,,Genova,ITA,2024-10-05,2024-10-06,https://ifsc.results.info//api/v1/events/1390
2024,1397,IFSC Asian Championships Tai'an 2024,,,Tai'an,CHN,2024-10-10,2024-10-14,https://ifsc.results.info//api/v1/events/1397
2024,1400,IFSC South America Cup Ibarra 2024,104,South American Cup,Ibarra,ECU,2024-10-15,2024-10-20,https://ifsc.results.info//api/v1/events/1400
2024,1402,IFSC Madrid 4 Speed,,,Madrid,ESP,2024-10-18,2024-10-20,https://ifsc.results.info//api/v1/events/1402
2024,1422,IFSC Madrid Speed,,,Madrid,ESP,2024-10-20,2024-10-20,https://ifsc.results.info//api/v1/events/1422
2024,1404,NEOM IFSC Masters 2024,,,Neom,KSA,2024-11-11,2024-11-13,https://ifsc.results.info//api/v1/events/1404
2024,1398,IFSC Youth Asian Championships Jamshedpur 2024,,,Jamshedpur,IND,2024-11-14,2024-11-17,https://ifsc.results.info//api/v1/events/1398
2024,1423,IFSC Oceania Championships Perth 2024,,,Perth,AUS,2024-11-16,2024-11-17,https://ifsc.results.info//api/v1/events/1423
2024,1401,IFSC Pan American Championships Santiago 2024,,,Santiago,CHI,2024-11-20,2024-11-24,https://ifsc.results.info//api/v1/events/1401
2024,1394,IFSC South America Cup Mar del Plata 2024,104,South American Cup,Mar del Plata,ARG,2024-11-29,2024-12-01,https://ifsc.results.info//api/v1/events/1394
2024,1443,IFSC Oceania Championships Sydney 2024,,,Sydney,AUS,2024-12-07,2024-12-08,https://ifsc.results.info//api/v1/events/1443
2024,1393,IFSC South America Cup Curitiba 2024,104,South American Cup,"Curitiba, BRA",BRA,2024-12-14,2024-12-20,https://ifsc.results.info//api/v1/events/1393
2025,1456,IFSC Oceania Cup Mount Maunganui 2025,,,"Mount Maunganui, NZL",NZL,2025-02-22,2025-02-22,https://ifsc.results.info//api/v1/events/1456
2025,1424,IFSC European Cup Munich 2025,,,"Munich, GER",GER,2025-03-07,2025-03-08,https://ifsc.results.info//api/v1/events/1424
2025,1457,IFSC Asian Cup Hong Kong 2025,,,"Hong Kong, HKG",HKG,2025-03-08,2025-03-09,https://ifsc.results.info//api/v1/events/1457
2025,1425,IFSC European Cup Rome 2025,,,"Rome, ITA",ITA,2025-04-05,2025-04-06,https://ifsc.results.info//api/v1/events/1425
2025,1405,IFSC World Cup Keqiao 2025,103,IFSC Climbing World Cup 2025,"Keqiao, CHN",CHN,2025-04-18,2025-04-20,https://ifsc.results.info//api/v1/events/1405
2025,1406,IFSC World Cup Wujiang 2025,103,IFSC Climbing World Cup 2025,"Wujiang, CHN",CHN,2025-04-25,2025-04-27,https://ifsc.results.info//api/v1/events/1406
2025,1438,IFSC Youth European Cup Soure 2025,,,"Soure, POR",POR,2025-04-26,2025-04-27,https://ifsc.results.info//api/v1/events/1438
2025,1407,IFSC World Cup Bali 2025,103,IFSC Climbing World Cup 2025,"Bali, INA",INA,2025-05-02,2025-05-04,https://ifsc.results.info//api/v1/events/1407
2025,1426,IFSC European Cup Brussels 2025,,,"Brussels, BEL",BEL,2025-05-03,2025-05-04,https://ifsc.results.info//api/v1/events/1426
2025,1439,IFSC Youth European Cup Graz 2025,,,"Graz, AUT",AUT,2025-05-10,2025-05-11,https://ifsc.results.info//api/v1/events/1439
2025,1441,IFSC Youth European Championships Curno 2025,,,"Curno, ITA",ITA,2025-05-15,2025-05-18,https://ifsc.results.info//api/v1/events/1441
2025,1408,IFSC World Cup Curitiba 2025,103,IFSC Climbing World Cup 2025,"Curitiba, BRA",BRA,2025-05-16,2025-05-18,https://ifsc.results.info//api/v1/events/1408
2025,1461,IFSC Para Climbing World Cup Salt Lake City 2025,,,"Salt Lake City, USA",USA,2025-05-20,2025-05-21,https://ifsc.results.info//api/v1/events/1461
2025,1409,IFSC World Cup Salt Lake City 2025,103,IFSC Climbing World Cup 2025,"Salt Lake City, USA",USA,2025-05-23,2025-05-25,https://ifsc.results.info//api/v1/events/1409
2025,1440,IFSC Youth European Cup Molde 2025,,,"Molde, NOR",NOR,2025-05-24,2025-05-25,https://ifsc.results.info//api/v1/events/1440
2025,1455,IFSC World Cup Denver 2025,103,IFSC Climbing World Cup 2025,"Denver, USA",USA,2025-05-31,2025-06-01,https://ifsc.results.info//api/v1/events/1455
2025,1410,IFSC World Cup Prague 2025,103,IFSC Climbing World Cup 2025,"Prague, CZE",CZE,2025-06-06,2025-06-08,https://ifsc.results.info//api/v1/events/1410
2025,1433,IFSC Youth European Cup Mezzolombardo 2025,,,"Mezzolombardo, ITA",ITA,2025-06-06,2025-06-06,https://ifsc.results.info//api/v1/events/1433
2025,1429,IFSC European Cup Mezzolombardo 2025,,,"Mezzolombardo, ITA",ITA,2025-06-07,2025-06-07,https://ifsc.results.info//api/v1/events/1429
2025,1411,IFSC World Cup Bern 2025,103,IFSC Climbing World Cup 2025,"Bern, SUI",SUI,2025-06-13,2025-06-15,https://ifsc.results.info//api/v1/events/1411
2025,1460,IFSC Youth European Cup Sukoró 2025,,,"Sukoró, HUN",HUN,2025-06-14,2025-06-15,https://ifsc.results.info//api/v1/events/1460
2025,1430,IFSC European Cup Zakopane 2025,,,"Zakopane, POL",POL,2025-06-14,2025-06-14,https://ifsc.results.info//api/v1/events/1430
2025,1434,IFSC Youth European Cup Zakopane 2025,,,"Zakopane, POL",POL,2025-06-15,2025-06-15,https://ifsc.results.info//api/v1/events/1434
2025,1427,IFSC European Cup Campitello di Fassa 2025,,,"Campitello di Fassa, ITA",ITA,2025-06-21,2025-06-22,https://ifsc.results.info//api/v1/events/1427
2025,1463,IFSC Para Climbing World Cup Innsbruck 2025,,,"Innsbruck, AUT",AUT,2025-06-23,2025-06-24,https://ifsc.results.info//api/v1/events/1463
2025,1412,IFSC World Cup Innsbruck 2025,103,IFSC Climbing World Cup 2025,"Innsbruck, AUT",AUT,2025-06-25,2025-06-29,https://ifsc.results.info//api/v1/events/1412
2025,1428,IFSC European Cup Ostermundigen 2025,,,"Ostermundigen, SUI",SUI,2025-07-04,2025-07-05,https://ifsc.results.info//api/v1/events/1428
2025,1413,IFSC World Cup Krakow 2025,103,IFSC Climbing World Cup 2025,"Krakow, POL",POL,2025-07-05,2025-07-06,https://ifsc.results.info//api/v1/events/1413
2025,1414,IFSC World Cup Chamonix 2025,103,IFSC Climbing World Cup 2025,"Chamonix, FRA",FRA,2025-07-11,2025-07-13,https://ifsc.results.info//api/v1/events/1414
2025,1454,IFSC World Cup Comunidad de Madrid 2025,103,IFSC Climbing World Cup 2025,"Madrid, ESP",ESP,2025-07-18,2025-07-19,https://ifsc.results.info//api/v1/events/1454
2025,1436,IFSC Youth European Cup Bologna 2025,,,"Bologna, ITA",ITA,2025-07-19,2025-07-20,https://ifsc.results.info//api/v1/events/1436
2025,1431,IFSC European Cup Soure 2025 [CANCELLED],,,"Soure, POR",POR,2025-07-19,2025-07-19,https://ifsc.results.info//api/v1/events/1431
2025,1418,IFSC Youth World Championships Helsinki 2025,,,"Helsinki, FIN",FIN,2025-07-28,2025-08-03,https://ifsc.results.info//api/v1/events/1418
2025,1419,The World Games Chengdu 2025,,,"Chengdu, CHN",CHN,2025-08-07,2025-08-17,https://ifsc.results.info//api/v1/events/1419
2025,1444,IFSC Youth European Cup St. Pölten 2025,,,"St. Pölten, AUT",AUT,2025-08-16,2025-08-16,https://ifsc.results.info//api/v1/events/1444
2025,1432,IFSC European Cup St. Pölten 2025,,,"St. Pölten, AUT",AUT,2025-08-17,2025-08-17,https://ifsc.results.info//api/v1/events/1432
2025,1468,IFSC Youth Asian Championships Guiyang 2025,,,"Guiyang, CHN",CHN,2025-08-20,2025-08-24,https://ifsc.results.info//api/v1/events/1468
2025,1442,IFSC Youth European Championships Žilina 2025,,,"Žilina, SVK",SVK,2025-08-28,2025-08-31,https://ifsc.results.info//api/v1/events/1442
2025,1469,IFSC Asian Cup Almaty 2025,,,"Almaty, KAZ",KAZ,2025-08-29,2025-08-31,https://ifsc.results.info//api/v1/events/1469
2025,1416,IFSC World Cup Koper 2025,103,IFSC Climbing World Cup 2025,"Koper, SLO",SLO,2025-09-05,2025-09-06,https://ifsc.results.info//api/v1/events/1416
2025,1467,IFSC World Cup Guiyang 2025,103,IFSC Climbing World Cup 2025,"Guiyang, CHN",CHN,2025-09-12,2025-09-13,https://ifsc.results.info//api/v1/events/1467
2025,1470,IFSC European Cup Hamburg 2025,,,"Hamburg, GER",GER,2025-09-13,2025-09-13,https://ifsc.results.info//api/v1/events/1470
2025,1435,IFSC Youth European Cup Imst 2025,,,"Imst, AUT",AUT,2025-09-13,2025-09-14,https://ifsc.results.info//api/v1/events/1435
2025,1462,IFSC Para Climbing World Championships Seoul 2025,,,"Seoul, KOR",KOR,2025-09-20,2025-09-25,https://ifsc.results.info//api/v1/events/1462
2025,1417,IFSC World Championships Seoul 2025,,,"Seoul, KOR",KOR,2025-09-21,2025-09-28,https://ifsc.results.info//api/v1/events/1417
2025,1473,IFSC Para Climbing Master Fukuoka 2025,,,"Fukuoka, JPN",JPN,2025-10-23,2025-10-26,https://ifsc.results.info//api/v1/events/1473
2025,1471,IFSC Nations Grand Finale Fukuoka 2025,,,"Fukuoka, JPN",JPN,2025-10-23,2025-10-26,https://ifsc.results.info//api/v1/events/1471
2025,1476,International Speed Master Meishan 2025,,,"Meishan, CHN",CHN,2025-10-23,2025-10-25,https://ifsc.results.info//api/v1/events/1476
2025,1447,IFSC European Cup Laval 2025,,,"Laval, FRA",FRA,2025-10-24,2025-10-25,https://ifsc.results.info//api/v1/events/1447
2025,1446,IFSC Youth European Cup Laval 2025,,,"Laval, FRA",FRA,2025-10-25,2025-10-26,https://ifsc.results.info//api/v1/events/1446
2025,1464,IFSC Para Climbing World Cup Laval 2025,,,"Laval, FRA",FRA,2025-10-25,2025-10-26,https://ifsc.results.info//api/v1/events/1464
2025,1474,Central American Games,,,Jalapa,GUA,2025-10-29,2025-10-30,https://ifsc.results.info//api/v1/events/1474
2025,1449,IFSC European Cup Toulouse-Tournefeuille 2025,,,"Toulouse, FRA",FRA,2025-10-31,2025-11-01,https://ifsc.results.info//api/v1/events/1449
2025,1448,IFSC Youth European Cup Toulouse-Tournefeuille 2025,,,"Toulouse, FRA",FRA,2025-11-01,2025-11-02,https://ifsc.results.info//api/v1/events/1448
2025,1466,IFSC Pan American Cup Santiago 2025 [CANCELLED],,,"Santiago, CHI",CHI,2025-11-13,2025-11-16,https://ifsc.results.info//api/v1/events/1466
2025,1465,IFSC Pan American Cup Armenia 2025,,,"Armenia, COL",COL,2025-11-22,2025-11-27,https://ifsc.results.info//api/v1/events/1465
2025,1475,Bolivarian Games [CANCELLED],,,Lima,PER,2025-12-02,2025-12-04,https://ifsc.results.info//api/v1/events/1475
2026,1491,World Climbing Oceania Championship Mount Maunganui 2026,,,"Mount Maunganui, New Zealand",NZL,2026-02-14,2026-02-14,https://ifsc.results.info//api/v1/events/1491
2026,1523,World Climbing Oceania Series New South Wales 2026,,,"Gladesville, Australia",AUS,2026-02-28,2026-03-01,https://ifsc.results.info//api/v1/events/1523
2026,1515,World Climbing Asia Championship Meishan 2026,,,"Meishan, China",CHN,2026-04-08,2026-04-12,https://ifsc.results.info//api/v1/events/1515
2026,1494,World Climbing Europe Youth Series Soure 2026,,,"Soure, Portugal",POR,2026-04-18,2026-04-19,https://ifsc.results.info//api/v1/events/1494
2026,1520,Asian Beach Games Sanya 2026,,,"Sanya, China",CHN,2026-04-22,2026-04-30,https://ifsc.results.info//api/v1/events/1520
2026,1495,World Climbing Europe Series Kaunas 2026,,,"Kaunas, Lithuania",LTU,2026-04-25,2026-04-26,https://ifsc.results.info//api/v1/events/1495
2026,1524,World Climbing Series Keqiao 2026,111,IFSC Climbing World Cup 2026,"Keqiao, China",CHN,2026-05-01,2026-05-03,https://ifsc.results.info//api/v1/events/1524
2026,1525,World Climbing Series Wujiang 2026,111,IFSC Climbing World Cup 2026,"Wujiang, China",CHN,2026-05-08,2026-05-10,https://ifsc.results.info//api/v1/events/1525
2026,1496,World Climbing Europe Youth Series Graz 2026,,,"Graz, Austria",AUT,2026-05-09,2026-05-10,https://ifsc.results.info//api/v1/events/1496
2026,1477,World Climbing Para Series Salt Lake City 2026,,,"Salt Lake City, USA",USA,2026-05-15,2026-05-16,https://ifsc.results.info//api/v1/events/1477
2026,1497,World Climbing Europe Series Liptovsky Mikulas 2026,,,"Liptovský Mikuláš, Slovakia",SVK,2026-05-16,2026-05-17,https://ifsc.results.info//api/v1/events/1497
2026,1478,World Climbing Series Bern 2026,111,IFSC Climbing World Cup 2026,"Bern, Switzerland",SUI,2026-05-22,2026-05-24,https://ifsc.results.info//api/v1/events/1478
2026,1479,World Climbing Series Comunidad de Madrid 2026,111,IFSC Climbing World Cup 2026,"Alcobendas, Spain",ESP,2026-05-28,2026-05-31,https://ifsc.results.info//api/v1/events/1479
2026,1498,World Climbing Europe Youth Series Brussels 2026,,,"Brussels, Belgium",BEL,2026-05-30,2026-05-31,https://ifsc.results.info//api/v1/events/1498
2026,1480,World Climbing Series Prague 2026,111,IFSC Climbing World Cup 2026,"Prague, Czechia",CZE,2026-06-03,2026-06-07,https://ifsc.results.info//api/v1/events/1480
2026,1501,World Climbing Europe Youth Championship Sukoro 2026,,,"Sukoró, Hungary",HUN,2026-06-12,2026-06-14,https://ifsc.results.info//api/v1/events/1501
2026,1499,World Climbing Europe Youth Championship Zakopane 2026,,,"Zakopane, Poland",POL,2026-06-13,2026-06-13,https://ifsc.results.info//api/v1/events/1499
2026,1500,World Climbing Europe Series Zakopane 2026,,,"Zakopane, Poland",POL,2026-06-14,2026-06-14,https://ifsc.results.info//api/v1/events/1500
2026,1481,World Climbing Para Series Innsbruck 2026,,,"Innsbruck, Austria",AUT,2026-06-15,2026-06-16,https://ifsc.results.info//api/v1/events/1481
2026,1482,World Climbing Series Innsbruck 2026,111,IFSC Climbing World Cup 2026,"Innsbruck, Austria",AUT,2026-06-17,2026-06-21,https://ifsc.results.info//api/v1/events/1482
2026,1483,World Climbing Series Krakow 2026,111,IFSC Climbing World Cup 2026,"Krakow, Poland",POL,2026-07-03,2026-07-05,https://ifsc.results.info//api/v1/events/1483
2026,1502,World Climbing Europe Youth Series Dornbirn 2026,,,"Dornbirn, Austria",AUT,2026-07-04,2026-07-05,https://ifsc.results.info//api/v1/events/1502
2026,1484,World Climbing Series Chamonix 2026,111,IFSC Climbing World Cup 2026,"Chamonix, France",FRA,2026-07-10,2026-07-12,https://ifsc.results.info//api/v1/events/1484
2026,1503,World Climbing Europe Championship Barcelona 2026,,,"Barcelona, Spain",ESP,2026-07-17,2026-07-19,https://ifsc.results.info//api/v1/events/1503
2026,1504,World Climbing Europe Series Barcelona 2026,,,"Barcelona, Spain",ESP,2026-07-17,2026-07-19,https://ifsc.results.info//api/v1/events/1504
2026,1522,World Climbing Youth Championship Arco 2026,,,"Arco, Italy",ITA,2026-07-18,2026-07-25,https://ifsc.results.info//api/v1/events/1522
2026,1531,World Climbing Pan America Series Salt Lake City 2026,,,Salt Lake City,USA,2026-07-25,2026-07-28,https://ifsc.results.info//api/v1/events/1531
2026,1505,World Climbing Europe Youth Series St. Pölten 2026,,,"St. Pölten, Austria",AUT,2026-08-01,2026-08-01,https://ifsc.results.info//api/v1/events/1505
2026,1506,World Climbing Europe Series St. Pölten 2026,,,"St. Pölten, Austria",AUT,2026-08-02,2026-08-02,https://ifsc.results.info//api/v1/events/1506
2026,1507,World Climbing Europe Series Žilina 2026,,,"Žilina, Slovakia",SVK,2026-08-07,2026-08-09,https://ifsc.results.info//api/v1/events/1507
2026,1518,World Climbing Asia Youth Series Quannan 2026,,,"Quannan, China",CHN,2026-08-13,2026-08-16,https://ifsc.results.info//api/v1/events/1518
2026,1530,World Climbing Pan America Championship Curitiba 2026,,,Curitiba,BRA,2026-08-14,2026-08-16,https://ifsc.results.info//api/v1/events/1530
2026,1517,World Climbing Asia Youth Championship Guiyang 2026,,,"Guiyang, China",CHN,2026-08-21,2026-08-25,https://ifsc.results.info//api/v1/events/1517
2026,1508,World Climbing Europe Series Ostermundigen 2026,,,"Ostermundigen, Switzerland",SUI,2026-08-21,2026-08-22,https://ifsc.results.info//api/v1/events/1508
2026,1509,World Climbing Europe Championship Laval 2026,,,"Laval, France",FRA,2026-08-28,2026-08-30,https://ifsc.results.info//api/v1/events/1509
2026,1486,World Climbing Para Series Laval 2026,,,"Laval, France",FRA,2026-08-28,2026-08-29,https://ifsc.results.info//api/v1/events/1486
2026,1534,World Climbing Europe Para Championship Laval 2026,,,"Laval, France",FRA,2026-08-28,2026-08-29,https://ifsc.results.info//api/v1/events/1534
2026,1510,World Climbing Europe Youth Series Imst 2026,,,"Imst, Austria",AUT,2026-09-04,2026-09-06,https://ifsc.results.info//api/v1/events/1510
2026,1487,World Climbing Series Koper 2026,111,IFSC Climbing World Cup 2026,"Koper, Slovenia",SLO,2026-09-04,2026-09-05,https://ifsc.results.info//api/v1/events/1487
2026,1526,World Climbing Series Guiyang 2026,111,IFSC Climbing World Cup 2026,"Guiyang, China",CHN,2026-09-11,2026-09-13,https://ifsc.results.info//api/v1/events/1526
2026,1527,World Climbing Series Chongqing 2026,111,IFSC Climbing World Cup 2026,"Chongqing, China",CHN,2026-09-18,2026-09-20,https://ifsc.results.info//api/v1/events/1527
2026,1490,Asian Games Aichi-Nagoya 2026,,,"Nagoya, Japan",JPN,2026-09-19,2026-10-04,https://ifsc.results.info//api/v1/events/1490
2026,1513,World Climbing Europe Youth Series Leipzig 2026,,,"Leipzig, Germany",GER,2026-10-03,2026-10-03,https://ifsc.results.info//api/v1/events/1513
2026,1514,World Climbing Europe Series Leipzig 2026,,,"Leipzig, Germany",GER,2026-10-04,2026-10-04,https://ifsc.results.info//api/v1/events/1514
2026,1519,World Climbing Asia Youth Series Al-Bahah 2026,,,"Al-Bahah, Saudi Arabia",KSA,2026-10-15,2026-10-17,https://ifsc.results.info//api/v1/events/1519
2026,1488,World Climbing Series Salt Lake City 2026,111,IFSC Climbing World Cup 2026,"Salt Lake City, USA",USA,2026-10-16,2026-10-18,https://ifsc.results.info//api/v1/events/1488
2026,1489,World Climbing Series Santiago 2026,111,IFSC Climbing World Cup 2026,"Santiago, Chile",CHI,2026-10-23,2026-10-25,https://ifsc.results.info//api/v1/events/1489
2026,1521,World Climbing Para Series Gunsan 2026,,,"Gunsan, South Korea",KOR,2026-10-29,2026-10-30,https://ifsc.results.info//api/v1/events/1521
2026,1529,World Climbing Asia Series Gunsan 2026,,,"Gunsan, South Korea",KOR,2026-10-31,2026-11-01,https://ifsc.results.info//api/v1/events/1529
2026,1532,World Climbing Pan America Series Colombia 2026,,,Colombia,COL,2026-11-13,2026-11-15,https://ifsc.results.info//api/v1/events/1532
2026,1533,World Climbing Pan America Championship Buenos Aires 2026,,,Buenos Aires,ARG,2026-12-09,2026-12-13,https://ifsc.results.info//api/v1/events/1533
2028,1492,Olympic Games LA28,,,"Los Angeles, USA",USA,2028-07-14,2028-07-30,https://ifsc.results.info//api/v1/events/1492
2028,1493,Paralympic Games LA28,,,"Los Angeles, USA",USA,2028-08-15,2028-08-27,https://ifsc.results.info//api/v1/events/1493
