source_event_url,event_id,source_url_layer,event_name,dcat_name,dcat_status,dcat_status_as_of,dcat_ranking_as_of,cutoff_rank,category_round_id,round_kind,round_name,round_category,round_status,round_status_as_of,round_result_url,format_identifier,format,league_round_id,stage_id,stage_name,stage_kind,stage_status,stage_status_as_of,stage_results_url,route_id,route_name,route_startlist_url,route_results_url
/api/v1/events/1233/result/3,1233,full_results_url,IFSC - Climbing World Cup (B) - Meiringen (SUI) 2022,BOULDER Men,finished,2025-10-02 07:18:36 UTC,2026-04-22 08:53:50 UTC,,7417,boulder,Semi-final,Men,finished,2022-04-10 11:16:13 UTC,/api/v1/category_rounds/7417/results,boulder_one_group_one_boulder_set,IFSC: 1 group,2,,,,,,,7544,1,/api/v1/routes/7544/startlist,
/api/v1/events/1233/result/3,1233,full_results_url,IFSC - Climbing World Cup (B) - Meiringen (SUI) 2022,BOULDER Men,finished,2025-10-02 07:18:36 UTC,2026-04-22 08:53:50 UTC,,7417,boulder,Semi-final,Men,finished,2022-04-10 11:16:13 UTC,/api/v1/category_rounds/7417/results,boulder_one_group_one_boulder_set,IFSC: 1 group,2,,,,,,,7545,2,/api/v1/routes/7545/startlist,
/api/v1/events/1233/result/3,1233,full_results_url,IFSC - Climbing World Cup (B) - Meiringen (SUI) 2022,BOULDER Men,finished,2025-10-02 07:18:36 UTC,2026-04-22 08:53:50 UTC,,7417,boulder,Semi-final,Men,finished,2022-04-10 11:16:13 UTC,/api/v1/category_rounds/7417/results,boulder_one_group_one_boulder_set,IFSC: 1 group,2,,,,,,,7546,3,/api/v1/routes/7546/startlist,
/api/v1/events/1233/result/3,1233,full_results_url,IFSC - Climbing World Cup (B) - Meiringen (SUI) 2022,BOULDER Men,finished,2025-10-02 07:18:36 UTC,2026-04-22 08:53:50 UTC,,7417,boulder,Semi-final,Men,finished,2022-04-10 11:16:13 UTC,/api/v1/category_rounds/7417/results,boulder_one_group_one_boulder_set,IFSC: 1 group,2,,,,,,,7547,4,/api/v1/routes/7547/startlist,
/api/v1/events/1233/result/3,1233,full_results_url,IFSC - Climbing World Cup (B) - Meiringen (SUI) 2022,BOULDER Men,finished,2025-10-02 07:18:36 UTC,2026-04-22 08:53:50 UTC,,7419,boulder,Final,Men,finished,2022-04-10 15:56:24 UTC,/api/v1/category_rounds/7419/results,boulder_finals_one_by_one,IFSC: Finals,3,,,,,,,7552,1,/api/v1/routes/7552/startlist,
/api/v1/events/1233/result/3,1233,full_results_url,IFSC - Climbing World Cup (B) - Meiringen (SUI) 2022,BOULDER Men,finished,2025-10-02 07:18:36 UTC,2026-04-22 08:53:50 UTC,,7419,boulder,Final,Men,finished,2022-04-10 15:56:24 UTC,/api/v1/category_rounds/7419/results,boulder_finals_one_by_one,IFSC: Finals,3,,,,,,,7553,2,/api/v1/routes/7553/startlist,
/api/v1/events/1233/result/3,1233,full_results_url,IFSC - Climbing World Cup (B) - Meiringen (SUI) 2022,BOULDER Men,finished,2025-10-02 07:18:36 UTC,2026-04-22 08:53:50 UTC,,7419,boulder,Final,Men,finished,2022-04-10 15:56:24 UTC,/api/v1/category_rounds/7419/results,boulder_finals_one_by_one,IFSC: Finals,3,,,,,,,7554,3,/api/v1/routes/7554/startlist,
/api/v1/events/1233/result/3,1233,full_results_url,IFSC - Climbing World Cup (B) - Meiringen (SUI) 2022,BOULDER Men,finished,2025-10-02 07:18:36 UTC,2026-04-22 08:53:50 UTC,,7419,boulder,Final,Men,finished,2022-04-10 15:56:24 UTC,/api/v1/category_rounds/7419/results,boulder_finals_one_by_one,IFSC: Finals,3,,,,,,,7555,4,/api/v1/routes/7555/startlist,
/api/v1/events/1233/result/7,1233,full_results_url,IFSC - Climbing World Cup (B) - Meiringen (SUI) 2022,BOULDER Women,finished,2025-10-02 07:18:36 UTC,2026-04-22 08:53:54 UTC,,7418,boulder,Semi-final,Women,finished,2022-04-09 11:16:20 UTC,/api/v1/category_rounds/7418/results,boulder_one_group_one_boulder_set,IFSC: 1 group,2,,,,,,,7548,1,/api/v1/routes/7548/startlist,
/api/v1/events/1233/result/7,1233,full_results_url,IFSC - Climbing World Cup (B) - Meiringen (SUI) 2022,BOULDER Women,finished,2025-10-02 07:18:36 UTC,2026-04-22 08:53:54 UTC,,7418,boulder,Semi-final,Women,finished,2022-04-09 11:16:20 UTC,/api/v1/category_rounds/7418/results,boulder_one_group_one_boulder_set,IFSC: 1 group,2,,,,,,,7549,2,/api/v1/routes/7549/startlist,
/api/v1/events/1233/result/7,1233,full_results_url,IFSC - Climbing World Cup (B) - Meiringen (SUI) 2022,BOULDER Women,finished,2025-10-02 07:18:36 UTC,2026-04-22 08:53:54 UTC,,7418,boulder,Semi-final,Women,finished,2022-04-09 11:16:20 UTC,/api/v1/category_rounds/7418/results,boulder_one_group_one_boulder_set,IFSC: 1 group,2,,,,,,,7550,3,/api/v1/routes/7550/startlist,
/api/v1/events/1233/result/7,1233,full_results_url,IFSC - Climbing World Cup (B) - Meiringen (SUI) 2022,BOULDER Women,finished,2025-10-02 07:18:36 UTC,2026-04-22 08:53:54 UTC,,7418,boulder,Semi-final,Women,finished,2022-04-09 11:16:20 UTC,/api/v1/category_rounds/7418/results,boulder_one_group_one_boulder_set,IFSC: 1 group,2,,,,,,,7551,4,/api/v1/routes/7551/startlist,
/api/v1/events/1233/result/7,1233,full_results_url,IFSC - Climbing World Cup (B) - Meiringen (SUI) 2022,BOULDER Women,finished,2025-10-02 07:18:36 UTC,2026-04-22 08:53:54 UTC,,7420,boulder,Final,Women,finished,2022-04-09 17:44:35 UTC,/api/v1/category_rounds/7420/results,boulder_finals_one_by_one,IFSC: Finals,3,,,,,,,7556,1,/api/v1/routes/7556/startlist,
/api/v1/events/1233/result/7,1233,full_results_url,IFSC - Climbing World Cup (B) - Meiringen (SUI) 2022,BOULDER Women,finished,2025-10-02 07:18:36 UTC,2026-04-22 08:53:54 UTC,,7420,boulder,Final,Women,finished,2022-04-09 17:44:35 UTC,/api/v1/category_rounds/7420/results,boulder_finals_one_by_one,IFSC: Finals,3,,,,,,,7557,2,/api/v1/routes/7557/startlist,
/api/v1/events/1233/result/7,1233,full_results_url,IFSC - Climbing World Cup (B) - Meiringen (SUI) 2022,BOULDER Women,finished,2025-10-02 07:18:36 UTC,2026-04-22 08:53:54 UTC,,7420,boulder,Final,Women,finished,2022-04-09 17:44:35 UTC,/api/v1/category_rounds/7420/results,boulder_finals_one_by_one,IFSC: Finals,3,,,,,,,7558,3,/api/v1/routes/7558/startlist,
/api/v1/events/1233/result/7,1233,full_results_url,IFSC - Climbing World Cup (B) - Meiringen (SUI) 2022,BOULDER Women,finished,2025-10-02 07:18:36 UTC,2026-04-22 08:53:54 UTC,,7420,boulder,Final,Women,finished,2022-04-09 17:44:35 UTC,/api/v1/category_rounds/7420/results,boulder_finals_one_by_one,IFSC: Finals,3,,,,,,,7559,4,/api/v1/routes/7559/startlist,
/api/v1/events/1258/result/235,1258,full_results_url,IFSC Europe - Continental Youth Cup (B) - Chambéry (FRA) 2022,BOULDER Juniors Male,finished,2025-10-02 07:18:36 UTC,2026-04-22 08:53:58 UTC,,7074,boulder,Qualification,Juniors Male,finished,2022-04-09 14:49:53 UTC,/api/v1/category_rounds/7074/results,boulder_one_group_one_boulder_set,IFSC: 1 group,19,,,,,,,7560,1,/api/v1/routes/7560/startlist,
/api/v1/events/1258/result/235,1258,full_results_url,IFSC Europe - Continental Youth Cup (B) - Chambéry (FRA) 2022,BOULDER Juniors Male,finished,2025-10-02 07:18:36 UTC,2026-04-22 08:53:58 UTC,,7074,boulder,Qualification,Juniors Male,finished,2022-04-09 14:49:53 UTC,/api/v1/category_rounds/7074/results,boulder_one_group_one_boulder_set,IFSC: 1 group,19,,,,,,,7561,2,/api/v1/routes/7561/startlist,
/api/v1/events/1258/result/235,1258,full_results_url,IFSC Europe - Continental Youth Cup (B) - Chambéry (FRA) 2022,BOULDER Juniors Male,finished,2025-10-02 07:18:36 UTC,2026-04-22 08:53:58 UTC,,7074,boulder,Qualification,Juniors Male,finished,2022-04-09 14:49:53 UTC,/api/v1/category_rounds/7074/results,boulder_one_group_one_boulder_set,IFSC: 1 group,19,,,,,,,7562,3,/api/v1/routes/7562/startlist,
/api/v1/events/1258/result/235,1258,full_results_url,IFSC Europe - Continental Youth Cup (B) - Chambéry (FRA) 2022,BOULDER Juniors Male,finished,2025-10-02 07:18:36 UTC,2026-04-22 08:53:58 UTC,,7074,boulder,Qualification,Juniors Male,finished,2022-04-09 14:49:53 UTC,/api/v1/category_rounds/7074/results,boulder_one_group_one_boulder_set,IFSC: 1 group,19,,,,,,,7563,4,/api/v1/routes/7563/startlist,
/api/v1/events/1258/result/235,1258,full_results_url,IFSC Europe - Continental Youth Cup (B) - Chambéry (FRA) 2022,BOULDER Juniors Male,finished,2025-10-02 07:18:36 UTC,2026-04-22 08:53:58 UTC,,7074,boulder,Qualification,Juniors Male,finished,2022-04-09 14:49:53 UTC,/api/v1/category_rounds/7074/results,boulder_one_group_one_boulder_set,IFSC: 1 group,19,,,,,,,7564,5,/api/v1/routes/7564/startlist,
/api/v1/events/1258/result/235,1258,full_results_url,IFSC Europe - Continental Youth Cup (B) - Chambéry (FRA) 2022,BOULDER Juniors Male,finished,2025-10-02 07:18:36 UTC,2026-04-22 08:53:58 UTC,,7223,boulder,Final,Juniors Male,finished,2022-04-09 19:49:27 UTC,/api/v1/category_rounds/7223/results,boulder_one_group_one_boulder_set,IFSC: 1 group,21,,,,,,,7124,1,/api/v1/routes/7124/startlist,
/api/v1/events/1258/result/235,1258,full_results_url,IFSC Europe - Continental Youth Cup (B) - Chambéry (FRA) 2022,BOULDER Juniors Male,finished,2025-10-02 07:18:36 UTC,2026-04-22 08:53:58 UTC,,7223,boulder,Final,Juniors Male,finished,2022-04-09 19:49:27 UTC,/api/v1/category_rounds/7223/results,boulder_one_group_one_boulder_set,IFSC: 1 group,21,,,,,,,7125,2,/api/v1/routes/7125/startlist,
/api/v1/events/1258/result/235,1258,full_results_url,IFSC Europe - Continental Youth Cup (B) - Chambéry (FRA) 2022,BOULDER Juniors Male,finished,2025-10-02 07:18:36 UTC,2026-04-22 08:53:58 UTC,,7223,boulder,Final,Juniors Male,finished,2022-04-09 19:49:27 UTC,/api/v1/category_rounds/7223/results,boulder_one_group_one_boulder_set,IFSC: 1 group,21,,,,,,,7126,3,/api/v1/routes/7126/startlist,
/api/v1/events/1258/result/235,1258,full_results_url,IFSC Europe - Continental Youth Cup (B) - Chambéry (FRA) 2022,BOULDER Juniors Male,finished,2025-10-02 07:18:36 UTC,2026-04-22 08:53:58 UTC,,7223,boulder,Final,Juniors Male,finished,2022-04-09 19:49:27 UTC,/api/v1/category_rounds/7223/results,boulder_one_group_one_boulder_set,IFSC: 1 group,21,,,,,,,7127,4,/api/v1/routes/7127/startlist,
/api/v1/events/1258/result/239,1258,full_results_url,IFSC Europe - Continental Youth Cup (B) - Chambéry (FRA) 2022,BOULDER Youth A Male,finished,2025-10-02 07:18:36 UTC,2026-04-22 08:54:02 UTC,,7075,boulder,Qualification,Youth A Male,finished,2022-04-09 10:18:13 UTC,/api/v1/category_rounds/7075/results,boulder_one_group_one_boulder_set,IFSC: 1 group,19,,,,,,,7565,1,/api/v1/routes/7565/startlist,
/api/v1/events/1258/result/239,1258,full_results_url,IFSC Europe - Continental Youth Cup (B) - Chambéry (FRA) 2022,BOULDER Youth A Male,finished,2025-10-02 07:18:36 UTC,2026-04-22 08:54:02 UTC,,7075,boulder,Qualification,Youth A Male,finished,2022-04-09 10:18:13 UTC,/api/v1/category_rounds/7075/results,boulder_one_group_one_boulder_set,IFSC: 1 group,19,,,,,,,7566,2,/api/v1/routes/7566/startlist,
/api/v1/events/1258/result/239,1258,full_results_url,IFSC Europe - Continental Youth Cup (B) - Chambéry (FRA) 2022,BOULDER Youth A Male,finished,2025-10-02 07:18:36 UTC,2026-04-22 08:54:02 UTC,,7075,boulder,Qualification,Youth A Male,finished,2022-04-09 10:18:13 UTC,/api/v1/category_rounds/7075/results,boulder_one_group_one_boulder_set,IFSC: 1 group,19,,,,,,,7567,3,/api/v1/routes/7567/startlist,
/api/v1/events/1258/result/239,1258,full_results_url,IFSC Europe - Continental Youth Cup (B) - Chambéry (FRA) 2022,BOULDER Youth A Male,finished,2025-10-02 07:18:36 UTC,2026-04-22 08:54:02 UTC,,7075,boulder,Qualification,Youth A Male,finished,2022-04-09 10:18:13 UTC,/api/v1/category_rounds/7075/results,boulder_one_group_one_boulder_set,IFSC: 1 group,19,,,,,,,7568,4,/api/v1/routes/7568/startlist,
/api/v1/events/1258/result/239,1258,full_results_url,IFSC Europe - Continental Youth Cup (B) - Chambéry (FRA) 2022,BOULDER Youth A Male,finished,2025-10-02 07:18:36 UTC,2026-04-22 08:54:02 UTC,,7075,boulder,Qualification,Youth A Male,finished,2022-04-09 10:18:13 UTC,/api/v1/category_rounds/7075/results,boulder_one_group_one_boulder_set,IFSC: 1 group,19,,,,,,,7569,5,/api/v1/routes/7569/startlist,
/api/v1/events/1258/result/239,1258,full_results_url,IFSC Europe - Continental Youth Cup (B) - Chambéry (FRA) 2022,BOULDER Youth A Male,finished,2025-10-02 07:18:36 UTC,2026-04-22 08:54:02 UTC,,7224,boulder,Final,Youth A Male,finished,2022-04-09 17:49:04 UTC,/api/v1/category_rounds/7224/results,boulder_one_group_one_boulder_set,IFSC: 1 group,21,,,,,,,7128,1,/api/v1/routes/7128/startlist,
/api/v1/events/1258/result/239,1258,full_results_url,IFSC Europe - Continental Youth Cup (B) - Chambéry (FRA) 2022,BOULDER Youth A Male,finished,2025-10-02 07:18:36 UTC,2026-04-22 08:54:02 UTC,,7224,boulder,Final,Youth A Male,finished,2022-04-09 17:49:04 UTC,/api/v1/category_rounds/7224/results,boulder_one_group_one_boulder_set,IFSC: 1 group,21,,,,,,,7129,2,/api/v1/routes/7129/startlist,
/api/v1/events/1258/result/239,1258,full_results_url,IFSC Europe - Continental Youth Cup (B) - Chambéry (FRA) 2022,BOULDER Youth A Male,finished,2025-10-02 07:18:36 UTC,2026-04-22 08:54:02 UTC,,7224,boulder,Final,Youth A Male,finished,2022-04-09 17:49:04 UTC,/api/v1/category_rounds/7224/results,boulder_one_group_one_boulder_set,IFSC: 1 group,21,,,,,,,7130,3,/api/v1/routes/7130/startlist,
/api/v1/events/1258/result/239,1258,full_results_url,IFSC Europe - Continental Youth Cup (B) - Chambéry (FRA) 2022,BOULDER Youth A Male,finished,2025-10-02 07:18:36 UTC,2026-04-22 08:54:02 UTC,,7224,boulder,Final,Youth A Male,finished,2022-04-09 17:49:04 UTC,/api/v1/category_rounds/7224/results,boulder_one_group_one_boulder_set,IFSC: 1 group,21,,,,,,,7131,4,/api/v1/routes/7131/startlist,
/api/v1/events/1258/result/243,1258,full_results_url,IFSC Europe - Continental Youth Cup (B) - Chambéry (FRA) 2022,BOULDER Youth B Male,finished,2025-10-02 07:18:36 UTC,2026-04-22 08:54:05 UTC,,7076,boulder,Qualification,Youth B Male,finished,2022-04-10 10:31:58 UTC,/api/v1/category_rounds/7076/results,boulder_one_group_one_boulder_set,IFSC: 1 group,19,,,,,,,7570,1,/api/v1/routes/7570/startlist,
/api/v1/events/1258/result/243,1258,full_results_url,IFSC Europe - Continental Youth Cup (B) - Chambéry (FRA) 2022,BOULDER Youth B Male,finished,2025-10-02 07:18:36 UTC,2026-04-22 08:54:05 UTC,,7076,boulder,Qualification,Youth B Male,finished,2022-04-10 10:31:58 UTC,/api/v1/category_rounds/7076/results,boulder_one_group_one_boulder_set,IFSC: 1 group,19,,,,,,,7571,2,/api/v1/routes/7571/startlist,
/api/v1/events/1258/result/243,1258,full_results_url,IFSC Europe - Continental Youth Cup (B) - Chambéry (FRA) 2022,BOULDER Youth B Male,finished,2025-10-02 07:18:36 UTC,2026-04-22 08:54:05 UTC,,7076,boulder,Qualification,Youth B Male,finished,2022-04-10 10:31:58 UTC,/api/v1/category_rounds/7076/results,boulder_one_group_one_boulder_set,IFSC: 1 group,19,,,,,,,7572,3,/api/v1/routes/7572/startlist,
/api/v1/events/1258/result/243,1258,full_results_url,IFSC Europe - Continental Youth Cup (B) - Chambéry (FRA) 2022,BOULDER Youth B Male,finished,2025-10-02 07:18:36 UTC,2026-04-22 08:54:05 UTC,,7076,boulder,Qualification,Youth B Male,finished,2022-04-10 10:31:58 UTC,/api/v1/category_rounds/7076/results,boulder_one_group_one_boulder_set,IFSC: 1 group,19,,,,,,,7573,4,/api/v1/routes/7573/startlist,
/api/v1/events/1258/result/243,1258,full_results_url,IFSC Europe - Continental Youth Cup (B) - Chambéry (FRA) 2022,BOULDER Youth B Male,finished,2025-10-02 07:18:36 UTC,2026-04-22 08:54:05 UTC,,7076,boulder,Qualification,Youth B Male,finished,2022-04-10 10:31:58 UTC,/api/v1/category_rounds/7076/results,boulder_one_group_one_boulder_set,IFSC: 1 group,19,,,,,,,7574,5,/api/v1/routes/7574/startlist,
/api/v1/events/1258/result/243,1258,full_results_url,IFSC Europe - Continental Youth Cup (B) - Chambéry (FRA) 2022,BOULDER Youth B Male,finished,2025-10-02 07:18:36 UTC,2026-04-22 08:54:05 UTC,,7225,boulder,Final,Youth B Male,finished,2022-04-10 14:00:03 UTC,/api/v1/category_rounds/7225/results,boulder_one_group_one_boulder_set,IFSC: 1 group,21,,,,,,,7132,1,/api/v1/routes/7132/startlist,
/api/v1/events/1258/result/243,1258,full_results_url,IFSC Europe - Continental Youth Cup (B) - Chambéry (FRA) 2022,BOULDER Youth B Male,finished,2025-10-02 07:18:36 UTC,2026-04-22 08:54:05 UTC,,7225,boulder,Final,Youth B Male,finished,2022-04-10 14:00:03 UTC,/api/v1/category_rounds/7225/results,boulder_one_group_one_boulder_set,IFSC: 1 group,21,,,,,,,7133,2,/api/v1/routes/7133/startlist,
/api/v1/events/1258/result/243,1258,full_results_url,IFSC Europe - Continental Youth Cup (B) - Chambéry (FRA) 2022,BOULDER Youth B Male,finished,2025-10-02 07:18:36 UTC,2026-04-22 08:54:05 UTC,,7225,boulder,Final,Youth B Male,finished,2022-04-10 14:00:03 UTC,/api/v1/category_rounds/7225/results,boulder_one_group_one_boulder_set,IFSC: 1 group,21,,,,,,,7134,3,/api/v1/routes/7134/startlist,
/api/v1/events/1258/result/243,1258,full_results_url,IFSC Europe - Continental Youth Cup (B) - Chambéry (FRA) 2022,BOULDER Youth B Male,finished,2025-10-02 07:18:36 UTC,2026-04-22 08:54:05 UTC,,7225,boulder,Final,Youth B Male,finished,2022-04-10 14:00:03 UTC,/api/v1/category_rounds/7225/results,boulder_one_group_one_boulder_set,IFSC: 1 group,21,,,,,,,7135,4,/api/v1/routes/7135/startlist,
/api/v1/events/1258/result/251,1258,full_results_url,IFSC Europe - Continental Youth Cup (B) - Chambéry (FRA) 2022,BOULDER Juniors Female,finished,2025-10-02 07:18:36 UTC,2026-04-22 08:54:09 UTC,,7077,boulder,Qualification,Juniors Female,finished,2022-04-09 13:43:11 UTC,/api/v1/category_rounds/7077/results,boulder_one_group_one_boulder_set,IFSC: 1 group,19,,,,,,,7575,1,/api/v1/routes/7575/startlist,
/api/v1/events/1258/result/251,1258,full_results_url,IFSC Europe - Continental Youth Cup (B) - Chambéry (FRA) 2022,BOULDER Juniors Female,finished,2025-10-02 07:18:36 UTC,2026-04-22 08:54:09 UTC,,7077,boulder,Qualification,Juniors Female,finished,2022-04-09 13:43:11 UTC,/api/v1/category_rounds/7077/results,boulder_one_group_one_boulder_set,IFSC: 1 group,19,,,,,,,7576,2,/api/v1/routes/7576/startlist,
/api/v1/events/1258/result/251,1258,full_results_url,IFSC Europe - Continental Youth Cup (B) - Chambéry (FRA) 2022,BOULDER Juniors Female,finished,2025-10-02 07:18:36 UTC,2026-04-22 08:54:09 UTC,,7077,boulder,Qualification,Juniors Female,finished,2022-04-09 13:43:11 UTC,/api/v1/category_rounds/7077/results,boulder_one_group_one_boulder_set,IFSC: 1 group,19,,,,,,,7577,3,/api/v1/routes/7577/startlist,
/api/v1/events/1258/result/251,1258,full_results_url,IFSC Europe - Continental Youth Cup (B) - Chambéry (FRA) 2022,BOULDER Juniors Female,finished,2025-10-02 07:18:36 UTC,2026-04-22 08:54:09 UTC,,7077,boulder,Qualification,Juniors Female,finished,2022-04-09 13:43:11 UTC,/api/v1/category_rounds/7077/results,boulder_one_group_one_boulder_set,IFSC: 1 group,19,,,,,,,7578,4,/api/v1/routes/7578/startlist,
/api/v1/events/1258/result/251,1258,full_results_url,IFSC Europe - Continental Youth Cup (B) - Chambéry (FRA) 2022,BOULDER Juniors Female,finished,2025-10-02 07:18:36 UTC,2026-04-22 08:54:09 UTC,,7077,boulder,Qualification,Juniors Female,finished,2022-04-09 13:43:11 UTC,/api/v1/category_rounds/7077/results,boulder_one_group_one_boulder_set,IFSC: 1 group,19,,,,,,,7579,5,/api/v1/routes/7579/startlist,
/api/v1/events/1258/result/251,1258,full_results_url,IFSC Europe - Continental Youth Cup (B) - Chambéry (FRA) 2022,BOULDER Juniors Female,finished,2025-10-02 07:18:36 UTC,2026-04-22 08:54:09 UTC,,7226,boulder,Final,Juniors Female,finished,2022-04-09 19:51:48 UTC,/api/v1/category_rounds/7226/results,boulder_one_group_one_boulder_set,IFSC: 1 group,21,,,,,,,7136,1,/api/v1/routes/7136/startlist,
/api/v1/events/1258/result/251,1258,full_results_url,IFSC Europe - Continental Youth Cup (B) - Chambéry (FRA) 2022,BOULDER Juniors Female,finished,2025-10-02 07:18:36 UTC,2026-04-22 08:54:09 UTC,,7226,boulder,Final,Juniors Female,finished,2022-04-09 19:51:48 UTC,/api/v1/category_rounds/7226/results,boulder_one_group_one_boulder_set,IFSC: 1 group,21,,,,,,,7137,2,/api/v1/routes/7137/startlist,
/api/v1/events/1258/result/251,1258,full_results_url,IFSC Europe - Continental Youth Cup (B) - Chambéry (FRA) 2022,BOULDER Juniors Female,finished,2025-10-02 07:18:36 UTC,2026-04-22 08:54:09 UTC,,7226,boulder,Final,Juniors Female,finished,2022-04-09 19:51:48 UTC,/api/v1/category_rounds/7226/results,boulder_one_group_one_boulder_set,IFSC: 1 group,21,,,,,,,7138,3,/api/v1/routes/7138/startlist,
/api/v1/events/1258/result/251,1258,full_results_url,IFSC Europe - Continental Youth Cup (B) - Chambéry (FRA) 2022,BOULDER Juniors Female,finished,2025-10-02 07:18:36 UTC,2026-04-22 08:54:09 UTC,,7226,boulder,Final,Juniors Female,finished,2022-04-09 19:51:48 UTC,/api/v1/category_rounds/7226/results,boulder_one_group_one_boulder_set,IFSC: 1 group,21,,,,,,,7139,4,/api/v1/routes/7139/startlist,
/api/v1/events/1258/result/255,1258,full_results_url,IFSC Europe - Continental Youth Cup (B) - Chambéry (FRA) 2022,BOULDER Youth A Female,finished,2025-10-02 07:18:36 UTC,2026-04-22 08:54:13 UTC,,7078,boulder,Qualification,Youth A Female,finished,2022-04-09 10:16:33 UTC,/api/v1/category_rounds/7078/results,boulder_one_group_one_boulder_set,IFSC: 1 group,19,,,,,,,7580,1,/api/v1/routes/7580/startlist,
/api/v1/events/1258/result/255,1258,full_results_url,IFSC Europe - Continental Youth Cup (B) - Chambéry (FRA) 2022,BOULDER Youth A Female,finished,2025-10-02 07:18:36 UTC,2026-04-22 08:54:13 UTC,,7078,boulder,Qualification,Youth A Female,finished,2022-04-09 10:16:33 UTC,/api/v1/category_rounds/7078/results,boulder_one_group_one_boulder_set,IFSC: 1 group,19,,,,,,,7581,2,/api/v1/routes/7581/startlist,
/api/v1/events/1258/result/255,1258,full_results_url,IFSC Europe - Continental Youth Cup (B) - Chambéry (FRA) 2022,BOULDER Youth A Female,finished,2025-10-02 07:18:36 UTC,2026-04-22 08:54:13 UTC,,7078,boulder,Qualification,Youth A Female,finished,2022-04-09 10:16:33 UTC,/api/v1/category_rounds/7078/results,boulder_one_group_one_boulder_set,IFSC: 1 group,19,,,,,,,7582,3,/api/v1/routes/7582/startlist,
/api/v1/events/1258/result/255,1258,full_results_url,IFSC Europe - Continental Youth Cup (B) - Chambéry (FRA) 2022,BOULDER Youth A Female,finished,2025-10-02 07:18:36 UTC,2026-04-22 08:54:13 UTC,,7078,boulder,Qualification,Youth A Female,finished,2022-04-09 10:16:33 UTC,/api/v1/category_rounds/7078/results,boulder_one_group_one_boulder_set,IFSC: 1 group,19,,,,,,,7583,4,/api/v1/routes/7583/startlist,
/api/v1/events/1258/result/255,1258,full_results_url,IFSC Europe - Continental Youth Cup (B) - Chambéry (FRA) 2022,BOULDER Youth A Female,finished,2025-10-02 07:18:36 UTC,2026-04-22 08:54:13 UTC,,7078,boulder,Qualification,Youth A Female,finished,2022-04-09 10:16:33 UTC,/api/v1/category_rounds/7078/results,boulder_one_group_one_boulder_set,IFSC: 1 group,19,,,,,,,7584,5,/api/v1/routes/7584/startlist,
/api/v1/events/1258/result/255,1258,full_results_url,IFSC Europe - Continental Youth Cup (B) - Chambéry (FRA) 2022,BOULDER Youth A Female,finished,2025-10-02 07:18:36 UTC,2026-04-22 08:54:13 UTC,,7227,boulder,Final,Youth A Female,finished,2022-04-09 17:51:33 UTC,/api/v1/category_rounds/7227/results,boulder_one_group_one_boulder_set,IFSC: 1 group,21,,,,,,,7140,1,/api/v1/routes/7140/startlist,
/api/v1/events/1258/result/255,1258,full_results_url,IFSC Europe - Continental Youth Cup (B) - Chambéry (FRA) 2022,BOULDER Youth A Female,finished,2025-10-02 07:18:36 UTC,2026-04-22 08:54:13 UTC,,7227,boulder,Final,Youth A Female,finished,2022-04-09 17:51:33 UTC,/api/v1/category_rounds/7227/results,boulder_one_group_one_boulder_set,IFSC: 1 group,21,,,,,,,7141,2,/api/v1/routes/7141/startlist,
/api/v1/events/1258/result/255,1258,full_results_url,IFSC Europe - Continental Youth Cup (B) - Chambéry (FRA) 2022,BOULDER Youth A Female,finished,2025-10-02 07:18:36 UTC,2026-04-22 08:54:13 UTC,,7227,boulder,Final,Youth A Female,finished,2022-04-09 17:51:33 UTC,/api/v1/category_rounds/7227/results,boulder_one_group_one_boulder_set,IFSC: 1 group,21,,,,,,,7142,3,/api/v1/routes/7142/startlist,
/api/v1/events/1258/result/255,1258,full_results_url,IFSC Europe - Continental Youth Cup (B) - Chambéry (FRA) 2022,BOULDER Youth A Female,finished,2025-10-02 07:18:36 UTC,2026-04-22 08:54:13 UTC,,7227,boulder,Final,Youth A Female,finished,2022-04-09 17:51:33 UTC,/api/v1/category_rounds/7227/results,boulder_one_group_one_boulder_set,IFSC: 1 group,21,,,,,,,7143,4,/api/v1/routes/7143/startlist,
/api/v1/events/1258/result/259,1258,full_results_url,IFSC Europe - Continental Youth Cup (B) - Chambéry (FRA) 2022,BOULDER Youth B Female,finished,2025-10-02 07:18:36 UTC,2026-04-22 08:54:17 UTC,,7079,boulder,Qualification,Youth B Female,finished,2022-04-10 10:49:17 UTC,/api/v1/category_rounds/7079/results,boulder_one_group_one_boulder_set,IFSC: 1 group,19,,,,,,,7585,1,/api/v1/routes/7585/startlist,
/api/v1/events/1258/result/259,1258,full_results_url,IFSC Europe - Continental Youth Cup (B) - Chambéry (FRA) 2022,BOULDER Youth B Female,finished,2025-10-02 07:18:36 UTC,2026-04-22 08:54:17 UTC,,7079,boulder,Qualification,Youth B Female,finished,2022-04-10 10:49:17 UTC,/api/v1/category_rounds/7079/results,boulder_one_group_one_boulder_set,IFSC: 1 group,19,,,,,,,7586,2,/api/v1/routes/7586/startlist,
/api/v1/events/1258/result/259,1258,full_results_url,IFSC Europe - Continental Youth Cup (B) - Chambéry (FRA) 2022,BOULDER Youth B Female,finished,2025-10-02 07:18:36 UTC,2026-04-22 08:54:17 UTC,,7079,boulder,Qualification,Youth B Female,finished,2022-04-10 10:49:17 UTC,/api/v1/category_rounds/7079/results,boulder_one_group_one_boulder_set,IFSC: 1 group,19,,,,,,,7587,3,/api/v1/routes/7587/startlist,
/api/v1/events/1258/result/259,1258,full_results_url,IFSC Europe - Continental Youth Cup (B) - Chambéry (FRA) 2022,BOULDER Youth B Female,finished,2025-10-02 07:18:36 UTC,2026-04-22 08:54:17 UTC,,7079,boulder,Qualification,Youth B Female,finished,2022-04-10 10:49:17 UTC,/api/v1/category_rounds/7079/results,boulder_one_group_one_boulder_set,IFSC: 1 group,19,,,,,,,7588,4,/api/v1/routes/7588/startlist,
/api/v1/events/1258/result/259,1258,full_results_url,IFSC Europe - Continental Youth Cup (B) - Chambéry (FRA) 2022,BOULDER Youth B Female,finished,2025-10-02 07:18:36 UTC,2026-04-22 08:54:17 UTC,,7079,boulder,Qualification,Youth B Female,finished,2022-04-10 10:49:17 UTC,/api/v1/category_rounds/7079/results,boulder_one_group_one_boulder_set,IFSC: 1 group,19,,,,,,,7589,5,/api/v1/routes/7589/startlist,
/api/v1/events/1258/result/259,1258,full_results_url,IFSC Europe - Continental Youth Cup (B) - Chambéry (FRA) 2022,BOULDER Youth B Female,finished,2025-10-02 07:18:36 UTC,2026-04-22 08:54:17 UTC,,7228,boulder,Final,Youth B Female,finished,2022-04-10 13:46:27 UTC,/api/v1/category_rounds/7228/results,boulder_one_group_one_boulder_set,IFSC: 1 group,21,,,,,,,7144,1,/api/v1/routes/7144/startlist,
/api/v1/events/1258/result/259,1258,full_results_url,IFSC Europe - Continental Youth Cup (B) - Chambéry (FRA) 2022,BOULDER Youth B Female,finished,2025-10-02 07:18:36 UTC,2026-04-22 08:54:17 UTC,,7228,boulder,Final,Youth B Female,finished,2022-04-10 13:46:27 UTC,/api/v1/category_rounds/7228/results,boulder_one_group_one_boulder_set,IFSC: 1 group,21,,,,,,,7145,2,/api/v1/routes/7145/startlist,
/api/v1/events/1258/result/259,1258,full_results_url,IFSC Europe - Continental Youth Cup (B) - Chambéry (FRA) 2022,BOULDER Youth B Female,finished,2025-10-02 07:18:36 UTC,2026-04-22 08:54:17 UTC,,7228,boulder,Final,Youth B Female,finished,2022-04-10 13:46:27 UTC,/api/v1/category_rounds/7228/results,boulder_one_group_one_boulder_set,IFSC: 1 group,21,,,,,,,7146,3,/api/v1/routes/7146/startlist,
/api/v1/events/1258/result/259,1258,full_results_url,IFSC Europe - Continental Youth Cup (B) - Chambéry (FRA) 2022,BOULDER Youth B Female,finished,2025-10-02 07:18:36 UTC,2026-04-22 08:54:17 UTC,,7228,boulder,Final,Youth B Female,finished,2022-04-10 13:46:27 UTC,/api/v1/category_rounds/7228/results,boulder_one_group_one_boulder_set,IFSC: 1 group,21,,,,,,,7147,4,/api/v1/routes/7147/startlist,
/api/v1/events/1259/result/235,1259,full_results_url,IFSC Europe - Continental Youth Cup (B) - Soure (POR) 2022,BOULDER Juniors Male,finished,2025-10-02 07:18:36 UTC,2026-04-22 08:54:20 UTC,,7080,boulder,Qualification,Juniors Male,finished,2022-04-23 18:05:49 UTC,/api/v1/category_rounds/7080/results,boulder_one_group_one_boulder_set,IFSC: 1 group,19,,,,,,,6636,1,/api/v1/routes/6636/startlist,
/api/v1/events/1259/result/235,1259,full_results_url,IFSC Europe - Continental Youth Cup (B) - Soure (POR) 2022,BOULDER Juniors Male,finished,2025-10-02 07:18:36 UTC,2026-04-22 08:54:20 UTC,,7080,boulder,Qualification,Juniors Male,finished,2022-04-23 18:05:49 UTC,/api/v1/category_rounds/7080/results,boulder_one_group_one_boulder_set,IFSC: 1 group,19,,,,,,,6637,2,/api/v1/routes/6637/startlist,
/api/v1/events/1259/result/235,1259,full_results_url,IFSC Europe - Continental Youth Cup (B) - Soure (POR) 2022,BOULDER Juniors Male,finished,2025-10-02 07:18:36 UTC,2026-04-22 08:54:20 UTC,,7080,boulder,Qualification,Juniors Male,finished,2022-04-23 18:05:49 UTC,/api/v1/category_rounds/7080/results,boulder_one_group_one_boulder_set,IFSC: 1 group,19,,,,,,,6638,3,/api/v1/routes/6638/startlist,
/api/v1/events/1259/result/235,1259,full_results_url,IFSC Europe - Continental Youth Cup (B) - Soure (POR) 2022,BOULDER Juniors Male,finished,2025-10-02 07:18:36 UTC,2026-04-22 08:54:20 UTC,,7080,boulder,Qualification,Juniors Male,finished,2022-04-23 18:05:49 UTC,/api/v1/category_rounds/7080/results,boulder_one_group_one_boulder_set,IFSC: 1 group,19,,,,,,,6639,4,/api/v1/routes/6639/startlist,
/api/v1/events/1259/result/235,1259,full_results_url,IFSC Europe - Continental Youth Cup (B) - Soure (POR) 2022,BOULDER Juniors Male,finished,2025-10-02 07:18:36 UTC,2026-04-22 08:54:20 UTC,,7080,boulder,Qualification,Juniors Male,finished,2022-04-23 18:05:49 UTC,/api/v1/category_rounds/7080/results,boulder_one_group_one_boulder_set,IFSC: 1 group,19,,,,,,,6640,5,/api/v1/routes/6640/startlist,
/api/v1/events/1259/result/235,1259,full_results_url,IFSC Europe - Continental Youth Cup (B) - Soure (POR) 2022,BOULDER Juniors Male,finished,2025-10-02 07:18:36 UTC,2026-04-22 08:54:20 UTC,,7229,boulder,Final,Juniors Male,finished,2022-04-24 14:31:56 UTC,/api/v1/category_rounds/7229/results,boulder_one_group_one_boulder_set,IFSC: 1 group,21,,,,,,,7148,1,/api/v1/routes/7148/startlist,
/api/v1/events/1259/result/235,1259,full_results_url,IFSC Europe - Continental Youth Cup (B) - Soure (POR) 2022,BOULDER Juniors Male,finished,2025-10-02 07:18:36 UTC,2026-04-22 08:54:20 UTC,,7229,boulder,Final,Juniors Male,finished,2022-04-24 14:31:56 UTC,/api/v1/category_rounds/7229/results,boulder_one_group_one_boulder_set,IFSC: 1 group,21,,,,,,,7149,2,/api/v1/routes/7149/startlist,
/api/v1/events/1259/result/235,1259,full_results_url,IFSC Europe - Continental Youth Cup (B) - Soure (POR) 2022,BOULDER Juniors Male,finished,2025-10-02 07:18:36 UTC,2026-04-22 08:54:20 UTC,,7229,boulder,Final,Juniors Male,finished,2022-04-24 14:31:56 UTC,/api/v1/category_rounds/7229/results,boulder_one_group_one_boulder_set,IFSC: 1 group,21,,,,,,,7150,3,/api/v1/routes/7150/startlist,
/api/v1/events/1259/result/235,1259,full_results_url,IFSC Europe - Continental Youth Cup (B) - Soure (POR) 2022,BOULDER Juniors Male,finished,2025-10-02 07:18:36 UTC,2026-04-22 08:54:20 UTC,,7229,boulder,Final,Juniors Male,finished,2022-04-24 14:31:56 UTC,/api/v1/category_rounds/7229/results,boulder_one_group_one_boulder_set,IFSC: 1 group,21,,,,,,,7151,4,/api/v1/routes/7151/startlist,
/api/v1/events/1259/result/239,1259,full_results_url,IFSC Europe - Continental Youth Cup (B) - Soure (POR) 2022,BOULDER Youth A Male,finished,2025-10-02 07:18:36 UTC,2026-04-22 08:54:24 UTC,,7081,boulder,Qualification,Youth A Male,finished,2022-04-23 15:50:59 UTC,/api/v1/category_rounds/7081/results,boulder_one_group_one_boulder_set,IFSC: 1 group,19,,,,,,,6641,1,/api/v1/routes/6641/startlist,
/api/v1/events/1259/result/239,1259,full_results_url,IFSC Europe - Continental Youth Cup (B) - Soure (POR) 2022,BOULDER Youth A Male,finished,2025-10-02 07:18:36 UTC,2026-04-22 08:54:24 UTC,,7081,boulder,Qualification,Youth A Male,finished,2022-04-23 15:50:59 UTC,/api/v1/category_rounds/7081/results,boulder_one_group_one_boulder_set,IFSC: 1 group,19,,,,,,,6642,2,/api/v1/routes/6642/startlist,
/api/v1/events/1259/result/239,1259,full_results_url,IFSC Europe - Continental Youth Cup (B) - Soure (POR) 2022,BOULDER Youth A Male,finished,2025-10-02 07:18:36 UTC,2026-04-22 08:54:24 UTC,,7081,boulder,Qualification,Youth A Male,finished,2022-04-23 15:50:59 UTC,/api/v1/category_rounds/7081/results,boulder_one_group_one_boulder_set,IFSC: 1 group,19,,,,,,,6643,3,/api/v1/routes/6643/startlist,
/api/v1/events/1259/result/239,1259,full_results_url,IFSC Europe - Continental Youth Cup (B) - Soure (POR) 2022,BOULDER Youth A Male,finished,2025-10-02 07:18:36 UTC,2026-04-22 08:54:24 UTC,,7081,boulder,Qualification,Youth A Male,finished,2022-04-23 15:50:59 UTC,/api/v1/category_rounds/7081/results,boulder_one_group_one_boulder_set,IFSC: 1 group,19,,,,,,,6644,4,/api/v1/routes/6644/startlist,
/api/v1/events/1259/result/239,1259,full_results_url,IFSC Europe - Continental Youth Cup (B) - Soure (POR) 2022,BOULDER Youth A Male,finished,2025-10-02 07:18:36 UTC,2026-04-22 08:54:24 UTC,,7081,boulder,Qualification,Youth A Male,finished,2022-04-23 15:50:59 UTC,/api/v1/category_rounds/7081/results,boulder_one_group_one_boulder_set,IFSC: 1 group,19,,,,,,,6645,5,/api/v1/routes/6645/startlist,
/api/v1/events/1259/result/239,1259,full_results_url,IFSC Europe - Continental Youth Cup (B) - Soure (POR) 2022,BOULDER Youth A Male,finished,2025-10-02 07:18:36 UTC,2026-04-22 08:54:24 UTC,,7230,boulder,Final,Youth A Male,finished,2022-04-24 13:02:12 UTC,/api/v1/category_rounds/7230/results,boulder_one_group_one_boulder_set,IFSC: 1 group,21,,,,,,,7152,1,/api/v1/routes/7152/startlist,
/api/v1/events/1259/result/239,1259,full_results_url,IFSC Europe - Continental Youth Cup (B) - Soure (POR) 2022,BOULDER Youth A Male,finished,2025-10-02 07:18:36 UTC,2026-04-22 08:54:24 UTC,,7230,boulder,Final,Youth A Male,finished,2022-04-24 13:02:12 UTC,/api/v1/category_rounds/7230/results,boulder_one_group_one_boulder_set,IFSC: 1 group,21,,,,,,,7153,2,/api/v1/routes/7153/startlist,
/api/v1/events/1259/result/239,1259,full_results_url,IFSC Europe - Continental Youth Cup (B) - Soure (POR) 2022,BOULDER Youth A Male,finished,2025-10-02 07:18:36 UTC,2026-04-22 08:54:24 UTC,,7230,boulder,Final,Youth A Male,finished,2022-04-24 13:02:12 UTC,/api/v1/category_rounds/7230/results,boulder_one_group_one_boulder_set,IFSC: 1 group,21,,,,,,,7154,3,/api/v1/routes/7154/startlist,
/api/v1/events/1259/result/239,1259,full_results_url,IFSC Europe - Continental Youth Cup (B) - Soure (POR) 2022,BOULDER Youth A Male,finished,2025-10-02 07:18:36 UTC,2026-04-22 08:54:24 UTC,,7230,boulder,Final,Youth A Male,finished,2022-04-24 13:02:12 UTC,/api/v1/category_rounds/7230/results,boulder_one_group_one_boulder_set,IFSC: 1 group,21,,,,,,,7155,4,/api/v1/routes/7155/startlist,
/api/v1/events/1259/result/243,1259,full_results_url,IFSC Europe - Continental Youth Cup (B) - Soure (POR) 2022,BOULDER Youth B Male,finished,2025-10-02 07:18:36 UTC,2026-04-22 08:54:28 UTC,,7082,boulder,Qualification,Youth B Male,finished,2022-04-23 11:30:01 UTC,/api/v1/category_rounds/7082/results,boulder_one_group_one_boulder_set,IFSC: 1 group,19,,,,,,,6646,1,/api/v1/routes/6646/startlist,
/api/v1/events/1259/result/243,1259,full_results_url,IFSC Europe - Continental Youth Cup (B) - Soure (POR) 2022,BOULDER Youth B Male,finished,2025-10-02 07:18:36 UTC,2026-04-22 08:54:28 UTC,,7082,boulder,Qualification,Youth B Male,finished,2022-04-23 11:30:01 UTC,/api/v1/category_rounds/7082/results,boulder_one_group_one_boulder_set,IFSC: 1 group,19,,,,,,,6647,2,/api/v1/routes/6647/startlist,
/api/v1/events/1259/result/243,1259,full_results_url,IFSC Europe - Continental Youth Cup (B) - Soure (POR) 2022,BOULDER Youth B Male,finished,2025-10-02 07:18:36 UTC,2026-04-22 08:54:28 UTC,,7082,boulder,Qualification,Youth B Male,finished,2022-04-23 11:30:01 UTC,/api/v1/category_rounds/7082/results,boulder_one_group_one_boulder_set,IFSC: 1 group,19,,,,,,,6648,3,/api/v1/routes/6648/startlist,
/api/v1/events/1259/result/243,1259,full_results_url,IFSC Europe - Continental Youth Cup (B) - Soure (POR) 2022,BOULDER Youth B Male,finished,2025-10-02 07:18:36 UTC,2026-04-22 08:54:28 UTC,,7082,boulder,Qualification,Youth B Male,finished,2022-04-23 11:30:01 UTC,/api/v1/category_rounds/7082/results,boulder_one_group_one_boulder_set,IFSC: 1 group,19,,,,,,,6649,4,/api/v1/routes/6649/startlist,
/api/v1/events/1259/result/243,1259,full_results_url,IFSC Europe - Continental Youth Cup (B) - Soure (POR) 2022,BOULDER Youth B Male,finished,2025-10-02 07:18:36 UTC,2026-04-22 08:54:28 UTC,,7082,boulder,Qualification,Youth B Male,finished,2022-04-23 11:30:01 UTC,/api/v1/category_rounds/7082/results,boulder_one_group_one_boulder_set,IFSC: 1 group,19,,,,,,,6650,5,/api/v1/routes/6650/startlist,
/api/v1/events/1259/result/243,1259,full_results_url,IFSC Europe - Continental Youth Cup (B) - Soure (POR) 2022,BOULDER Youth B Male,finished,2025-10-02 07:18:36 UTC,2026-04-22 08:54:28 UTC,,7231,boulder,Final,Youth B Male,finished,2022-04-24 10:44:46 UTC,/api/v1/category_rounds/7231/results,boulder_one_group_one_boulder_set,IFSC: 1 group,21,,,,,,,7156,1,/api/v1/routes/7156/startlist,
/api/v1/events/1259/result/243,1259,full_results_url,IFSC Europe - Continental Youth Cup (B) - Soure (POR) 2022,BOULDER Youth B Male,finished,2025-10-02 07:18:36 UTC,2026-04-22 08:54:28 UTC,,7231,boulder,Final,Youth B Male,finished,2022-04-24 10:44:46 UTC,/api/v1/category_rounds/7231/results,boulder_one_group_one_boulder_set,IFSC: 1 group,21,,,,,,,7157,2,/api/v1/routes/7157/startlist,
/api/v1/events/1259/result/243,1259,full_results_url,IFSC Europe - Continental Youth Cup (B) - Soure (POR) 2022,BOULDER Youth B Male,finished,2025-10-02 07:18:36 UTC,2026-04-22 08:54:28 UTC,,7231,boulder,Final,Youth B Male,finished,2022-04-24 10:44:46 UTC,/api/v1/category_rounds/7231/results,boulder_one_group_one_boulder_set,IFSC: 1 group,21,,,,,,,7158,3,/api/v1/routes/7158/startlist,
/api/v1/events/1259/result/243,1259,full_results_url,IFSC Europe - Continental Youth Cup (B) - Soure (POR) 2022,BOULDER Youth B Male,finished,2025-10-02 07:18:36 UTC,2026-04-22 08:54:28 UTC,,7231,boulder,Final,Youth B Male,finished,2022-04-24 10:44:46 UTC,/api/v1/category_rounds/7231/results,boulder_one_group_one_boulder_set,IFSC: 1 group,21,,,,,,,7159,4,/api/v1/routes/7159/startlist,
/api/v1/events/1259/result/251,1259,full_results_url,IFSC Europe - Continental Youth Cup (B) - Soure (POR) 2022,BOULDER Juniors Female,finished,2025-10-02 07:18:36 UTC,2026-04-22 08:54:31 UTC,,7083,boulder,Qualification,Juniors Female,finished,2022-04-23 17:50:26 UTC,/api/v1/category_rounds/7083/results,boulder_one_group_one_boulder_set,IFSC: 1 group,19,,,,,,,6651,1,/api/v1/routes/6651/startlist,
/api/v1/events/1259/result/251,1259,full_results_url,IFSC Europe - Continental Youth Cup (B) - Soure (POR) 2022,BOULDER Juniors Female,finished,2025-10-02 07:18:36 UTC,2026-04-22 08:54:31 UTC,,7083,boulder,Qualification,Juniors Female,finished,2022-04-23 17:50:26 UTC,/api/v1/category_rounds/7083/results,boulder_one_group_one_boulder_set,IFSC: 1 group,19,,,,,,,6652,2,/api/v1/routes/6652/startlist,
/api/v1/events/1259/result/251,1259,full_results_url,IFSC Europe - Continental Youth Cup (B) - Soure (POR) 2022,BOULDER Juniors Female,finished,2025-10-02 07:18:36 UTC,2026-04-22 08:54:31 UTC,,7083,boulder,Qualification,Juniors Female,finished,2022-04-23 17:50:26 UTC,/api/v1/category_rounds/7083/results,boulder_one_group_one_boulder_set,IFSC: 1 group,19,,,,,,,6653,3,/api/v1/routes/6653/startlist,
/api/v1/events/1259/result/251,1259,full_results_url,IFSC Europe - Continental Youth Cup (B) - Soure (POR) 2022,BOULDER Juniors Female,finished,2025-10-02 07:18:36 UTC,2026-04-22 08:54:31 UTC,,7083,boulder,Qualification,Juniors Female,finished,2022-04-23 17:50:26 UTC,/api/v1/category_rounds/7083/results,boulder_one_group_one_boulder_set,IFSC: 1 group,19,,,,,,,6654,4,/api/v1/routes/6654/startlist,
/api/v1/events/1259/result/251,1259,full_results_url,IFSC Europe - Continental Youth Cup (B) - Soure (POR) 2022,BOULDER Juniors Female,finished,2025-10-02 07:18:36 UTC,2026-04-22 08:54:31 UTC,,7083,boulder,Qualification,Juniors Female,finished,2022-04-23 17:50:26 UTC,/api/v1/category_rounds/7083/results,boulder_one_group_one_boulder_set,IFSC: 1 group,19,,,,,,,6655,5,/api/v1/routes/6655/startlist,
/api/v1/events/1259/result/251,1259,full_results_url,IFSC Europe - Continental Youth Cup (B) - Soure (POR) 2022,BOULDER Juniors Female,finished,2025-10-02 07:18:36 UTC,2026-04-22 08:54:31 UTC,,7232,boulder,Final,Juniors Female,finished,2022-04-24 14:32:53 UTC,/api/v1/category_rounds/7232/results,boulder_one_group_one_boulder_set,IFSC: 1 group,21,,,,,,,7160,1,/api/v1/routes/7160/startlist,
/api/v1/events/1259/result/251,1259,full_results_url,IFSC Europe - Continental Youth Cup (B) - Soure (POR) 2022,BOULDER Juniors Female,finished,2025-10-02 07:18:36 UTC,2026-04-22 08:54:31 UTC,,7232,boulder,Final,Juniors Female,finished,2022-04-24 14:32:53 UTC,/api/v1/category_rounds/7232/results,boulder_one_group_one_boulder_set,IFSC: 1 group,21,,,,,,,7161,2,/api/v1/routes/7161/startlist,
/api/v1/events/1259/result/251,1259,full_results_url,IFSC Europe - Continental Youth Cup (B) - Soure (POR) 2022,BOULDER Juniors Female,finished,2025-10-02 07:18:36 UTC,2026-04-22 08:54:31 UTC,,7232,boulder,Final,Juniors Female,finished,2022-04-24 14:32:53 UTC,/api/v1/category_rounds/7232/results,boulder_one_group_one_boulder_set,IFSC: 1 group,21,,,,,,,7162,3,/api/v1/routes/7162/startlist,
/api/v1/events/1259/result/251,1259,full_results_url,IFSC Europe - Continental Youth Cup (B) - Soure (POR) 2022,BOULDER Juniors Female,finished,2025-10-02 07:18:36 UTC,2026-04-22 08:54:31 UTC,,7232,boulder,Final,Juniors Female,finished,2022-04-24 14:32:53 UTC,/api/v1/category_rounds/7232/results,boulder_one_group_one_boulder_set,IFSC: 1 group,21,,,,,,,7163,4,/api/v1/routes/7163/startlist,
/api/v1/events/1259/result/255,1259,full_results_url,IFSC Europe - Continental Youth Cup (B) - Soure (POR) 2022,BOULDER Youth A Female,finished,2025-10-02 07:18:36 UTC,2026-04-22 08:54:35 UTC,,7084,boulder,Qualification,Youth A Female,finished,2022-04-23 15:52:45 UTC,/api/v1/category_rounds/7084/results,boulder_one_group_one_boulder_set,IFSC: 1 group,19,,,,,,,6656,1,/api/v1/routes/6656/startlist,
/api/v1/events/1259/result/255,1259,full_results_url,IFSC Europe - Continental Youth Cup (B) - Soure (POR) 2022,BOULDER Youth A Female,finished,2025-10-02 07:18:36 UTC,2026-04-22 08:54:35 UTC,,7084,boulder,Qualification,Youth A Female,finished,2022-04-23 15:52:45 UTC,/api/v1/category_rounds/7084/results,boulder_one_group_one_boulder_set,IFSC: 1 group,19,,,,,,,6657,2,/api/v1/routes/6657/startlist,
/api/v1/events/1259/result/255,1259,full_results_url,IFSC Europe - Continental Youth Cup (B) - Soure (POR) 2022,BOULDER Youth A Female,finished,2025-10-02 07:18:36 UTC,2026-04-22 08:54:35 UTC,,7084,boulder,Qualification,Youth A Female,finished,2022-04-23 15:52:45 UTC,/api/v1/category_rounds/7084/results,boulder_one_group_one_boulder_set,IFSC: 1 group,19,,,,,,,6658,3,/api/v1/routes/6658/startlist,
/api/v1/events/1259/result/255,1259,full_results_url,IFSC Europe - Continental Youth Cup (B) - Soure (POR) 2022,BOULDER Youth A Female,finished,2025-10-02 07:18:36 UTC,2026-04-22 08:54:35 UTC,,7084,boulder,Qualification,Youth A Female,finished,2022-04-23 15:52:45 UTC,/api/v1/category_rounds/7084/results,boulder_one_group_one_boulder_set,IFSC: 1 group,19,,,,,,,6659,4,/api/v1/routes/6659/startlist,
/api/v1/events/1259/result/255,1259,full_results_url,IFSC Europe - Continental Youth Cup (B) - Soure (POR) 2022,BOULDER Youth A Female,finished,2025-10-02 07:18:36 UTC,2026-04-22 08:54:35 UTC,,7084,boulder,Qualification,Youth A Female,finished,2022-04-23 15:52:45 UTC,/api/v1/category_rounds/7084/results,boulder_one_group_one_boulder_set,IFSC: 1 group,19,,,,,,,6660,5,/api/v1/routes/6660/startlist,
/api/v1/events/1259/result/255,1259,full_results_url,IFSC Europe - Continental Youth Cup (B) - Soure (POR) 2022,BOULDER Youth A Female,finished,2025-10-02 07:18:36 UTC,2026-04-22 08:54:35 UTC,,7233,boulder,Final,Youth A Female,finished,2022-04-24 13:00:34 UTC,/api/v1/category_rounds/7233/results,boulder_one_group_one_boulder_set,IFSC: 1 group,21,,,,,,,7164,1,/api/v1/routes/7164/startlist,
/api/v1/events/1259/result/255,1259,full_results_url,IFSC Europe - Continental Youth Cup (B) - Soure (POR) 2022,BOULDER Youth A Female,finished,2025-10-02 07:18:36 UTC,2026-04-22 08:54:35 UTC,,7233,boulder,Final,Youth A Female,finished,2022-04-24 13:00:34 UTC,/api/v1/category_rounds/7233/results,boulder_one_group_one_boulder_set,IFSC: 1 group,21,,,,,,,7165,2,/api/v1/routes/7165/startlist,
/api/v1/events/1259/result/255,1259,full_results_url,IFSC Europe - Continental Youth Cup (B) - Soure (POR) 2022,BOULDER Youth A Female,finished,2025-10-02 07:18:36 UTC,2026-04-22 08:54:35 UTC,,7233,boulder,Final,Youth A Female,finished,2022-04-24 13:00:34 UTC,/api/v1/category_rounds/7233/results,boulder_one_group_one_boulder_set,IFSC: 1 group,21,,,,,,,7166,3,/api/v1/routes/7166/startlist,
/api/v1/events/1259/result/255,1259,full_results_url,IFSC Europe - Continental Youth Cup (B) - Soure (POR) 2022,BOULDER Youth A Female,finished,2025-10-02 07:18:36 UTC,2026-04-22 08:54:35 UTC,,7233,boulder,Final,Youth A Female,finished,2022-04-24 13:00:34 UTC,/api/v1/category_rounds/7233/results,boulder_one_group_one_boulder_set,IFSC: 1 group,21,,,,,,,7167,4,/api/v1/routes/7167/startlist,
/api/v1/events/1259/result/259,1259,full_results_url,IFSC Europe - Continental Youth Cup (B) - Soure (POR) 2022,BOULDER Youth B Female,finished,2025-10-02 07:18:36 UTC,2026-04-22 08:54:39 UTC,,7085,boulder,Qualification,Youth B Female,finished,2022-04-23 11:54:29 UTC,/api/v1/category_rounds/7085/results,boulder_one_group_one_boulder_set,IFSC: 1 group,19,,,,,,,6661,1,/api/v1/routes/6661/startlist,
/api/v1/events/1259/result/259,1259,full_results_url,IFSC Europe - Continental Youth Cup (B) - Soure (POR) 2022,BOULDER Youth B Female,finished,2025-10-02 07:18:36 UTC,2026-04-22 08:54:39 UTC,,7085,boulder,Qualification,Youth B Female,finished,2022-04-23 11:54:29 UTC,/api/v1/category_rounds/7085/results,boulder_one_group_one_boulder_set,IFSC: 1 group,19,,,,,,,6662,2,/api/v1/routes/6662/startlist,
/api/v1/events/1259/result/259,1259,full_results_url,IFSC Europe - Continental Youth Cup (B) - Soure (POR) 2022,BOULDER Youth B Female,finished,2025-10-02 07:18:36 UTC,2026-04-22 08:54:39 UTC,,7085,boulder,Qualification,Youth B Female,finished,2022-04-23 11:54:29 UTC,/api/v1/category_rounds/7085/results,boulder_one_group_one_boulder_set,IFSC: 1 group,19,,,,,,,6663,3,/api/v1/routes/6663/startlist,
/api/v1/events/1259/result/259,1259,full_results_url,IFSC Europe - Continental Youth Cup (B) - Soure (POR) 2022,BOULDER Youth B Female,finished,2025-10-02 07:18:36 UTC,2026-04-22 08:54:39 UTC,,7085,boulder,Qualification,Youth B Female,finished,2022-04-23 11:54:29 UTC,/api/v1/category_rounds/7085/results,boulder_one_group_one_boulder_set,IFSC: 1 group,19,,,,,,,6664,4,/api/v1/routes/6664/startlist,
/api/v1/events/1259/result/259,1259,full_results_url,IFSC Europe - Continental Youth Cup (B) - Soure (POR) 2022,BOULDER Youth B Female,finished,2025-10-02 07:18:36 UTC,2026-04-22 08:54:39 UTC,,7085,boulder,Qualification,Youth B Female,finished,2022-04-23 11:54:29 UTC,/api/v1/category_rounds/7085/results,boulder_one_group_one_boulder_set,IFSC: 1 group,19,,,,,,,6665,5,/api/v1/routes/6665/startlist,
/api/v1/events/1259/result/259,1259,full_results_url,IFSC Europe - Continental Youth Cup (B) - Soure (POR) 2022,BOULDER Youth B Female,finished,2025-10-02 07:18:36 UTC,2026-04-22 08:54:39 UTC,,7234,boulder,Final,Youth B Female,finished,2022-04-24 10:43:02 UTC,/api/v1/category_rounds/7234/results,boulder_one_group_one_boulder_set,IFSC: 1 group,21,,,,,,,7168,1,/api/v1/routes/7168/startlist,
/api/v1/events/1259/result/259,1259,full_results_url,IFSC Europe - Continental Youth Cup (B) - Soure (POR) 2022,BOULDER Youth B Female,finished,2025-10-02 07:18:36 UTC,2026-04-22 08:54:39 UTC,,7234,boulder,Final,Youth B Female,finished,2022-04-24 10:43:02 UTC,/api/v1/category_rounds/7234/results,boulder_one_group_one_boulder_set,IFSC: 1 group,21,,,,,,,7169,2,/api/v1/routes/7169/startlist,
/api/v1/events/1259/result/259,1259,full_results_url,IFSC Europe - Continental Youth Cup (B) - Soure (POR) 2022,BOULDER Youth B Female,finished,2025-10-02 07:18:36 UTC,2026-04-22 08:54:39 UTC,,7234,boulder,Final,Youth B Female,finished,2022-04-24 10:43:02 UTC,/api/v1/category_rounds/7234/results,boulder_one_group_one_boulder_set,IFSC: 1 group,21,,,,,,,7170,3,/api/v1/routes/7170/startlist,
/api/v1/events/1259/result/259,1259,full_results_url,IFSC Europe - Continental Youth Cup (B) - Soure (POR) 2022,BOULDER Youth B Female,finished,2025-10-02 07:18:36 UTC,2026-04-22 08:54:39 UTC,,7234,boulder,Final,Youth B Female,finished,2022-04-24 10:43:02 UTC,/api/v1/category_rounds/7234/results,boulder_one_group_one_boulder_set,IFSC: 1 group,21,,,,,,,7171,4,/api/v1/routes/7171/startlist,
/api/v1/events/1260/result/227,1260,full_results_url,IFSC Europe - Continental Cup (B) - Prague (CZE) 2022,BOULDER Men,finished,2025-10-02 07:18:36 UTC,2026-04-22 08:54:43 UTC,,7191,boulder,Semi-Final,Men,finished,2022-05-01 12:26:42 UTC,/api/v1/category_rounds/7191/results,boulder_one_group_one_boulder_set,IFSC: 1 group,17,,,,,,,7024,1,/api/v1/routes/7024/startlist,
/api/v1/events/1260/result/227,1260,full_results_url,IFSC Europe - Continental Cup (B) - Prague (CZE) 2022,BOULDER Men,finished,2025-10-02 07:18:36 UTC,2026-04-22 08:54:43 UTC,,7191,boulder,Semi-Final,Men,finished,2022-05-01 12:26:42 UTC,/api/v1/category_rounds/7191/results,boulder_one_group_one_boulder_set,IFSC: 1 group,17,,,,,,,7025,2,/api/v1/routes/7025/startlist,
/api/v1/events/1260/result/227,1260,full_results_url,IFSC Europe - Continental Cup (B) - Prague (CZE) 2022,BOULDER Men,finished,2025-10-02 07:18:36 UTC,2026-04-22 08:54:43 UTC,,7191,boulder,Semi-Final,Men,finished,2022-05-01 12:26:42 UTC,/api/v1/category_rounds/7191/results,boulder_one_group_one_boulder_set,IFSC: 1 group,17,,,,,,,7026,3,/api/v1/routes/7026/startlist,
/api/v1/events/1260/result/227,1260,full_results_url,IFSC Europe - Continental Cup (B) - Prague (CZE) 2022,BOULDER Men,finished,2025-10-02 07:18:36 UTC,2026-04-22 08:54:43 UTC,,7191,boulder,Semi-Final,Men,finished,2022-05-01 12:26:42 UTC,/api/v1/category_rounds/7191/results,boulder_one_group_one_boulder_set,IFSC: 1 group,17,,,,,,,7027,4,/api/v1/routes/7027/startlist,
/api/v1/events/1260/result/227,1260,full_results_url,IFSC Europe - Continental Cup (B) - Prague (CZE) 2022,BOULDER Men,finished,2025-10-02 07:18:36 UTC,2026-04-22 08:54:43 UTC,,7193,boulder,Final,Men,finished,2022-05-01 19:33:10 UTC,/api/v1/category_rounds/7193/results,boulder_one_group_one_boulder_set,IFSC: 1 group,18,,,,,,,7032,1,/api/v1/routes/7032/startlist,
/api/v1/events/1260/result/227,1260,full_results_url,IFSC Europe - Continental Cup (B) - Prague (CZE) 2022,BOULDER Men,finished,2025-10-02 07:18:36 UTC,2026-04-22 08:54:43 UTC,,7193,boulder,Final,Men,finished,2022-05-01 19:33:10 UTC,/api/v1/category_rounds/7193/results,boulder_one_group_one_boulder_set,IFSC: 1 group,18,,,,,,,7033,2,/api/v1/routes/7033/startlist,
/api/v1/events/1260/result/227,1260,full_results_url,IFSC Europe - Continental Cup (B) - Prague (CZE) 2022,BOULDER Men,finished,2025-10-02 07:18:36 UTC,2026-04-22 08:54:43 UTC,,7193,boulder,Final,Men,finished,2022-05-01 19:33:10 UTC,/api/v1/category_rounds/7193/results,boulder_one_group_one_boulder_set,IFSC: 1 group,18,,,,,,,7034,3,/api/v1/routes/7034/startlist,
/api/v1/events/1260/result/227,1260,full_results_url,IFSC Europe - Continental Cup (B) - Prague (CZE) 2022,BOULDER Men,finished,2025-10-02 07:18:36 UTC,2026-04-22 08:54:43 UTC,,7193,boulder,Final,Men,finished,2022-05-01 19:33:10 UTC,/api/v1/category_rounds/7193/results,boulder_one_group_one_boulder_set,IFSC: 1 group,18,,,,,,,7035,4,/api/v1/routes/7035/startlist,
/api/v1/events/1260/result/231,1260,full_results_url,IFSC Europe - Continental Cup (B) - Prague (CZE) 2022,BOULDER Women,finished,2025-10-02 07:18:36 UTC,2026-04-22 08:54:47 UTC,,7192,boulder,Semi-Final,Women,finished,2022-05-01 08:53:39 UTC,/api/v1/category_rounds/7192/results,boulder_one_group_one_boulder_set,IFSC: 1 group,17,,,,,,,7028,1,/api/v1/routes/7028/startlist,
/api/v1/events/1260/result/231,1260,full_results_url,IFSC Europe - Continental Cup (B) - Prague (CZE) 2022,BOULDER Women,finished,2025-10-02 07:18:36 UTC,2026-04-22 08:54:47 UTC,,7192,boulder,Semi-Final,Women,finished,2022-05-01 08:53:39 UTC,/api/v1/category_rounds/7192/results,boulder_one_group_one_boulder_set,IFSC: 1 group,17,,,,,,,7029,2,/api/v1/routes/7029/startlist,
/api/v1/events/1260/result/231,1260,full_results_url,IFSC Europe - Continental Cup (B) - Prague (CZE) 2022,BOULDER Women,finished,2025-10-02 07:18:36 UTC,2026-04-22 08:54:47 UTC,,7192,boulder,Semi-Final,Women,finished,2022-05-01 08:53:39 UTC,/api/v1/category_rounds/7192/results,boulder_one_group_one_boulder_set,IFSC: 1 group,17,,,,,,,7030,3,/api/v1/routes/7030/startlist,
/api/v1/events/1260/result/231,1260,full_results_url,IFSC Europe - Continental Cup (B) - Prague (CZE) 2022,BOULDER Women,finished,2025-10-02 07:18:36 UTC,2026-04-22 08:54:47 UTC,,7192,boulder,Semi-Final,Women,finished,2022-05-01 08:53:39 UTC,/api/v1/category_rounds/7192/results,boulder_one_group_one_boulder_set,IFSC: 1 group,17,,,,,,,7031,4,/api/v1/routes/7031/startlist,
/api/v1/events/1260/result/231,1260,full_results_url,IFSC Europe - Continental Cup (B) - Prague (CZE) 2022,BOULDER Women,finished,2025-10-02 07:18:36 UTC,2026-04-22 08:54:47 UTC,,7194,boulder,Final,Women,finished,2022-05-01 16:36:32 UTC,/api/v1/category_rounds/7194/results,boulder_one_group_one_boulder_set,IFSC: 1 group,18,,,,,,,7036,1,/api/v1/routes/7036/startlist,
/api/v1/events/1260/result/231,1260,full_results_url,IFSC Europe - Continental Cup (B) - Prague (CZE) 2022,BOULDER Women,finished,2025-10-02 07:18:36 UTC,2026-04-22 08:54:47 UTC,,7194,boulder,Final,Women,finished,2022-05-01 16:36:32 UTC,/api/v1/category_rounds/7194/results,boulder_one_group_one_boulder_set,IFSC: 1 group,18,,,,,,,7037,2,/api/v1/routes/7037/startlist,
/api/v1/events/1260/result/231,1260,full_results_url,IFSC Europe - Continental Cup (B) - Prague (CZE) 2022,BOULDER Women,finished,2025-10-02 07:18:36 UTC,2026-04-22 08:54:47 UTC,,7194,boulder,Final,Women,finished,2022-05-01 16:36:32 UTC,/api/v1/category_rounds/7194/results,boulder_one_group_one_boulder_set,IFSC: 1 group,18,,,,,,,7038,3,/api/v1/routes/7038/startlist,
/api/v1/events/1260/result/231,1260,full_results_url,IFSC Europe - Continental Cup (B) - Prague (CZE) 2022,BOULDER Women,finished,2025-10-02 07:18:36 UTC,2026-04-22 08:54:47 UTC,,7194,boulder,Final,Women,finished,2022-05-01 16:36:32 UTC,/api/v1/category_rounds/7194/results,boulder_one_group_one_boulder_set,IFSC: 1 group,18,,,,,,,7039,4,/api/v1/routes/7039/startlist,
/api/v1/events/1235/result/3,1235,full_results_url,"IFSC - Climbing World Cup (B,S) - Seoul (KOR) 2022",BOULDER Men,finished,2025-10-02 07:18:36 UTC,2026-04-22 08:54:51 UTC,,6848,boulder,Qualification,Men,finished,2022-05-07 12:50:47 UTC,/api/v1/category_rounds/6848/results,boulder_one_group_one_boulder_set,IFSC: 1 group,1,,,,,,,7614,1,/api/v1/routes/7614/startlist,
/api/v1/events/1235/result/3,1235,full_results_url,"IFSC - Climbing World Cup (B,S) - Seoul (KOR) 2022",BOULDER Men,finished,2025-10-02 07:18:36 UTC,2026-04-22 08:54:51 UTC,,6848,boulder,Qualification,Men,finished,2022-05-07 12:50:47 UTC,/api/v1/category_rounds/6848/results,boulder_one_group_one_boulder_set,IFSC: 1 group,1,,,,,,,7615,2,/api/v1/routes/7615/startlist,
/api/v1/events/1235/result/3,1235,full_results_url,"IFSC - Climbing World Cup (B,S) - Seoul (KOR) 2022",BOULDER Men,finished,2025-10-02 07:18:36 UTC,2026-04-22 08:54:51 UTC,,6848,boulder,Qualification,Men,finished,2022-05-07 12:50:47 UTC,/api/v1/category_rounds/6848/results,boulder_one_group_one_boulder_set,IFSC: 1 group,1,,,,,,,7616,3,/api/v1/routes/7616/startlist,
/api/v1/events/1235/result/3,1235,full_results_url,"IFSC - Climbing World Cup (B,S) - Seoul (KOR) 2022",BOULDER Men,finished,2025-10-02 07:18:36 UTC,2026-04-22 08:54:51 UTC,,6848,boulder,Qualification,Men,finished,2022-05-07 12:50:47 UTC,/api/v1/category_rounds/6848/results,boulder_one_group_one_boulder_set,IFSC: 1 group,1,,,,,,,7617,4,/api/v1/routes/7617/startlist,
/api/v1/events/1235/result/3,1235,full_results_url,"IFSC - Climbing World Cup (B,S) - Seoul (KOR) 2022",BOULDER Men,finished,2025-10-02 07:18:36 UTC,2026-04-22 08:54:51 UTC,,6848,boulder,Qualification,Men,finished,2022-05-07 12:50:47 UTC,/api/v1/category_rounds/6848/results,boulder_one_group_one_boulder_set,IFSC: 1 group,1,,,,,,,7618,5,/api/v1/routes/7618/startlist,
/api/v1/events/1235/result/3,1235,full_results_url,"IFSC - Climbing World Cup (B,S) - Seoul (KOR) 2022",BOULDER Men,finished,2025-10-02 07:18:36 UTC,2026-04-22 08:54:51 UTC,,7423,boulder,Semi-final,Men,finished,2022-05-08 04:36:51 UTC,/api/v1/category_rounds/7423/results,boulder_one_group_one_boulder_set,IFSC: 1 group,2,,,,,,,7624,1,/api/v1/routes/7624/startlist,
/api/v1/events/1235/result/3,1235,full_results_url,"IFSC - Climbing World Cup (B,S) - Seoul (KOR) 2022",BOULDER Men,finished,2025-10-02 07:18:36 UTC,2026-04-22 08:54:51 UTC,,7423,boulder,Semi-final,Men,finished,2022-05-08 04:36:51 UTC,/api/v1/category_rounds/7423/results,boulder_one_group_one_boulder_set,IFSC: 1 group,2,,,,,,,7625,2,/api/v1/routes/7625/startlist,
/api/v1/events/1235/result/3,1235,full_results_url,"IFSC - Climbing World Cup (B,S) - Seoul (KOR) 2022",BOULDER Men,finished,2025-10-02 07:18:36 UTC,2026-04-22 08:54:51 UTC,,7423,boulder,Semi-final,Men,finished,2022-05-08 04:36:51 UTC,/api/v1/category_rounds/7423/results,boulder_one_group_one_boulder_set,IFSC: 1 group,2,,,,,,,7626,3,/api/v1/routes/7626/startlist,
/api/v1/events/1235/result/3,1235,full_results_url,"IFSC - Climbing World Cup (B,S) - Seoul (KOR) 2022",BOULDER Men,finished,2025-10-02 07:18:36 UTC,2026-04-22 08:54:51 UTC,,7423,boulder,Semi-final,Men,finished,2022-05-08 04:36:51 UTC,/api/v1/category_rounds/7423/results,boulder_one_group_one_boulder_set,IFSC: 1 group,2,,,,,,,7627,4,/api/v1/routes/7627/startlist,
/api/v1/events/1235/result/3,1235,full_results_url,"IFSC - Climbing World Cup (B,S) - Seoul (KOR) 2022",BOULDER Men,finished,2025-10-02 07:18:36 UTC,2026-04-22 08:54:51 UTC,,7425,boulder,Final,Men,finished,2022-05-08 11:50:15 UTC,/api/v1/category_rounds/7425/results,boulder_finals_one_by_one,IFSC: Finals,3,,,,,,,7632,1,/api/v1/routes/7632/startlist,
/api/v1/events/1235/result/3,1235,full_results_url,"IFSC - Climbing World Cup (B,S) - Seoul (KOR) 2022",BOULDER Men,finished,2025-10-02 07:18:36 UTC,2026-04-22 08:54:51 UTC,,7425,boulder,Final,Men,finished,2022-05-08 11:50:15 UTC,/api/v1/category_rounds/7425/results,boulder_finals_one_by_one,IFSC: Finals,3,,,,,,,7633,2,/api/v1/routes/7633/startlist,
/api/v1/events/1235/result/3,1235,full_results_url,"IFSC - Climbing World Cup (B,S) - Seoul (KOR) 2022",BOULDER Men,finished,2025-10-02 07:18:36 UTC,2026-04-22 08:54:51 UTC,,7425,boulder,Final,Men,finished,2022-05-08 11:50:15 UTC,/api/v1/category_rounds/7425/results,boulder_finals_one_by_one,IFSC: Finals,3,,,,,,,7634,3,/api/v1/routes/7634/startlist,
/api/v1/events/1235/result/3,1235,full_results_url,"IFSC - Climbing World Cup (B,S) - Seoul (KOR) 2022",BOULDER Men,finished,2025-10-02 07:18:36 UTC,2026-04-22 08:54:51 UTC,,7425,boulder,Final,Men,finished,2022-05-08 11:50:15 UTC,/api/v1/category_rounds/7425/results,boulder_finals_one_by_one,IFSC: Finals,3,,,,,,,7635,4,/api/v1/routes/7635/startlist,
/api/v1/events/1235/result/7,1235,full_results_url,"IFSC - Climbing World Cup (B,S) - Seoul (KOR) 2022",BOULDER Women,finished,2025-10-02 07:18:36 UTC,2026-04-22 08:54:54 UTC,,6849,boulder,Qualification,Women,finished,2022-05-07 05:59:20 UTC,/api/v1/category_rounds/6849/results,boulder_one_group_one_boulder_set,IFSC: 1 group,1,,,,,,,7619,1,/api/v1/routes/7619/startlist,
/api/v1/events/1235/result/7,1235,full_results_url,"IFSC - Climbing World Cup (B,S) - Seoul (KOR) 2022",BOULDER Women,finished,2025-10-02 07:18:36 UTC,2026-04-22 08:54:54 UTC,,6849,boulder,Qualification,Women,finished,2022-05-07 05:59:20 UTC,/api/v1/category_rounds/6849/results,boulder_one_group_one_boulder_set,IFSC: 1 group,1,,,,,,,7620,2,/api/v1/routes/7620/startlist,
/api/v1/events/1235/result/7,1235,full_results_url,"IFSC - Climbing World Cup (B,S) - Seoul (KOR) 2022",BOULDER Women,finished,2025-10-02 07:18:36 UTC,2026-04-22 08:54:54 UTC,,6849,boulder,Qualification,Women,finished,2022-05-07 05:59:20 UTC,/api/v1/category_rounds/6849/results,boulder_one_group_one_boulder_set,IFSC: 1 group,1,,,,,,,7621,3,/api/v1/routes/7621/startlist,
/api/v1/events/1235/result/7,1235,full_results_url,"IFSC - Climbing World Cup (B,S) - Seoul (KOR) 2022",BOULDER Women,finished,2025-10-02 07:18:36 UTC,2026-04-22 08:54:54 UTC,,6849,boulder,Qualification,Women,finished,2022-05-07 05:59:20 UTC,/api/v1/category_rounds/6849/results,boulder_one_group_one_boulder_set,IFSC: 1 group,1,,,,,,,7622,4,/api/v1/routes/7622/startlist,
/api/v1/events/1235/result/7,1235,full_results_url,"IFSC - Climbing World Cup (B,S) - Seoul (KOR) 2022",BOULDER Women,finished,2025-10-02 07:18:36 UTC,2026-04-22 08:54:54 UTC,,6849,boulder,Qualification,Women,finished,2022-05-07 05:59:20 UTC,/api/v1/category_rounds/6849/results,boulder_one_group_one_boulder_set,IFSC: 1 group,1,,,,,,,7623,5,/api/v1/routes/7623/startlist,
/api/v1/events/1235/result/7,1235,full_results_url,"IFSC - Climbing World Cup (B,S) - Seoul (KOR) 2022",BOULDER Women,finished,2025-10-02 07:18:36 UTC,2026-04-22 08:54:54 UTC,,7424,boulder,Semi-final,Women,finished,2022-05-08 04:37:49 UTC,/api/v1/category_rounds/7424/results,boulder_one_group_one_boulder_set,IFSC: 1 group,2,,,,,,,7628,1,/api/v1/routes/7628/startlist,
/api/v1/events/1235/result/7,1235,full_results_url,"IFSC - Climbing World Cup (B,S) - Seoul (KOR) 2022",BOULDER Women,finished,2025-10-02 07:18:36 UTC,2026-04-22 08:54:54 UTC,,7424,boulder,Semi-final,Women,finished,2022-05-08 04:37:49 UTC,/api/v1/category_rounds/7424/results,boulder_one_group_one_boulder_set,IFSC: 1 group,2,,,,,,,7629,2,/api/v1/routes/7629/startlist,
/api/v1/events/1235/result/7,1235,full_results_url,"IFSC - Climbing World Cup (B,S) - Seoul (KOR) 2022",BOULDER Women,finished,2025-10-02 07:18:36 UTC,2026-04-22 08:54:54 UTC,,7424,boulder,Semi-final,Women,finished,2022-05-08 04:37:49 UTC,/api/v1/category_rounds/7424/results,boulder_one_group_one_boulder_set,IFSC: 1 group,2,,,,,,,7630,3,/api/v1/routes/7630/startlist,
/api/v1/events/1235/result/7,1235,full_results_url,"IFSC - Climbing World Cup (B,S) - Seoul (KOR) 2022",BOULDER Women,finished,2025-10-02 07:18:36 UTC,2026-04-22 08:54:54 UTC,,7424,boulder,Semi-final,Women,finished,2022-05-08 04:37:49 UTC,/api/v1/category_rounds/7424/results,boulder_one_group_one_boulder_set,IFSC: 1 group,2,,,,,,,7631,4,/api/v1/routes/7631/startlist,
/api/v1/events/1235/result/7,1235,full_results_url,"IFSC - Climbing World Cup (B,S) - Seoul (KOR) 2022",BOULDER Women,finished,2025-10-02 07:18:36 UTC,2026-04-22 08:54:54 UTC,,7426,boulder,Final,Women,finished,2022-05-08 09:59:55 UTC,/api/v1/category_rounds/7426/results,boulder_finals_one_by_one,IFSC: Finals,3,,,,,,,7636,1,/api/v1/routes/7636/startlist,
/api/v1/events/1235/result/7,1235,full_results_url,"IFSC - Climbing World Cup (B,S) - Seoul (KOR) 2022",BOULDER Women,finished,2025-10-02 07:18:36 UTC,2026-04-22 08:54:54 UTC,,7426,boulder,Final,Women,finished,2022-05-08 09:59:55 UTC,/api/v1/category_rounds/7426/results,boulder_finals_one_by_one,IFSC: Finals,3,,,,,,,7637,2,/api/v1/routes/7637/startlist,
/api/v1/events/1235/result/7,1235,full_results_url,"IFSC - Climbing World Cup (B,S) - Seoul (KOR) 2022",BOULDER Women,finished,2025-10-02 07:18:36 UTC,2026-04-22 08:54:54 UTC,,7426,boulder,Final,Women,finished,2022-05-08 09:59:55 UTC,/api/v1/category_rounds/7426/results,boulder_finals_one_by_one,IFSC: Finals,3,,,,,,,7638,3,/api/v1/routes/7638/startlist,
/api/v1/events/1235/result/7,1235,full_results_url,"IFSC - Climbing World Cup (B,S) - Seoul (KOR) 2022",BOULDER Women,finished,2025-10-02 07:18:36 UTC,2026-04-22 08:54:54 UTC,,7426,boulder,Final,Women,finished,2022-05-08 09:59:55 UTC,/api/v1/category_rounds/7426/results,boulder_finals_one_by_one,IFSC: Finals,3,,,,,,,7639,4,/api/v1/routes/7639/startlist,
/api/v1/events/1235/result/2,1235,full_results_url,"IFSC - Climbing World Cup (B,S) - Seoul (KOR) 2022",SPEED Men,finished,2025-10-02 07:18:36 UTC,2026-04-22 08:54:58 UTC,,6850,speed,Qualification,Men,finished,2022-05-06 04:55:04 UTC,/api/v1/category_rounds/6850/results,speed_staggered,IFSC: Qualification,1,,,,,,,5804,A,/api/v1/routes/5804/startlist,
/api/v1/events/1235/result/2,1235,full_results_url,"IFSC - Climbing World Cup (B,S) - Seoul (KOR) 2022",SPEED Men,finished,2025-10-02 07:18:36 UTC,2026-04-22 08:54:58 UTC,,6850,speed,Qualification,Men,finished,2022-05-06 04:55:04 UTC,/api/v1/category_rounds/6850/results,speed_staggered,IFSC: Qualification,1,,,,,,,5805,B,/api/v1/routes/5805/startlist,
/api/v1/events/1235/result/2,1235,full_results_url,"IFSC - Climbing World Cup (B,S) - Seoul (KOR) 2022",SPEED Men,finished,2025-10-02 07:18:36 UTC,2026-04-22 08:54:58 UTC,,7421,speed,Final,Men,finished,2024-01-15 14:16:17 UTC,/api/v1/category_rounds/7421/results,speed_elimination_ifsc_2022,IFSC 2022: Elimination,3,,,,,,,7610,A,/api/v1/routes/7610/startlist,
/api/v1/events/1235/result/2,1235,full_results_url,"IFSC - Climbing World Cup (B,S) - Seoul (KOR) 2022",SPEED Men,finished,2025-10-02 07:18:36 UTC,2026-04-22 08:54:58 UTC,,7421,speed,Final,Men,finished,2024-01-15 14:16:17 UTC,/api/v1/category_rounds/7421/results,speed_elimination_ifsc_2022,IFSC 2022: Elimination,3,,,,,,,7611,B,/api/v1/routes/7611/startlist,
/api/v1/events/1235/result/6,1235,full_results_url,"IFSC - Climbing World Cup (B,S) - Seoul (KOR) 2022",SPEED Women,finished,2025-10-02 07:18:36 UTC,2026-04-22 08:55:02 UTC,,6851,speed,Qualification,Women,finished,2022-05-06 05:14:36 UTC,/api/v1/category_rounds/6851/results,speed_staggered,IFSC: Qualification,1,,,,,,,5806,A,/api/v1/routes/5806/startlist,
/api/v1/events/1235/result/6,1235,full_results_url,"IFSC - Climbing World Cup (B,S) - Seoul (KOR) 2022",SPEED Women,finished,2025-10-02 07:18:36 UTC,2026-04-22 08:55:02 UTC,,6851,speed,Qualification,Women,finished,2022-05-06 05:14:36 UTC,/api/v1/category_rounds/6851/results,speed_staggered,IFSC: Qualification,1,,,,,,,5807,B,/api/v1/routes/5807/startlist,
/api/v1/events/1235/result/6,1235,full_results_url,"IFSC - Climbing World Cup (B,S) - Seoul (KOR) 2022",SPEED Women,finished,2025-10-02 07:18:36 UTC,2026-04-22 08:55:02 UTC,,7422,speed,Final,Women,finished,2024-01-15 14:16:18 UTC,/api/v1/category_rounds/7422/results,speed_elimination_ifsc_2022,IFSC 2022: Elimination,3,,,,,,,7612,A,/api/v1/routes/7612/startlist,
/api/v1/events/1235/result/6,1235,full_results_url,"IFSC - Climbing World Cup (B,S) - Seoul (KOR) 2022",SPEED Women,finished,2025-10-02 07:18:36 UTC,2026-04-22 08:55:02 UTC,,7422,speed,Final,Women,finished,2024-01-15 14:16:18 UTC,/api/v1/category_rounds/7422/results,speed_elimination_ifsc_2022,IFSC 2022: Elimination,3,,,,,,,7613,B,/api/v1/routes/7613/startlist,
/api/v1/events/1261/result/227,1261,full_results_url,IFSC Europe - Continental Cup (B) - Brixen (ITA) 2022,BOULDER Men,finished,2025-10-02 07:18:36 UTC,2026-04-22 08:55:05 UTC,,7195,boulder,Semi-Final,Men,finished,2022-05-08 10:05:13 UTC,/api/v1/category_rounds/7195/results,boulder_one_group_one_boulder_set,IFSC: 1 group,17,,,,,,,7040,1,/api/v1/routes/7040/startlist,
/api/v1/events/1261/result/227,1261,full_results_url,IFSC Europe - Continental Cup (B) - Brixen (ITA) 2022,BOULDER Men,finished,2025-10-02 07:18:36 UTC,2026-04-22 08:55:05 UTC,,7195,boulder,Semi-Final,Men,finished,2022-05-08 10:05:13 UTC,/api/v1/category_rounds/7195/results,boulder_one_group_one_boulder_set,IFSC: 1 group,17,,,,,,,7041,2,/api/v1/routes/7041/startlist,
/api/v1/events/1261/result/227,1261,full_results_url,IFSC Europe - Continental Cup (B) - Brixen (ITA) 2022,BOULDER Men,finished,2025-10-02 07:18:36 UTC,2026-04-22 08:55:05 UTC,,7195,boulder,Semi-Final,Men,finished,2022-05-08 10:05:13 UTC,/api/v1/category_rounds/7195/results,boulder_one_group_one_boulder_set,IFSC: 1 group,17,,,,,,,7042,3,/api/v1/routes/7042/startlist,
/api/v1/events/1261/result/227,1261,full_results_url,IFSC Europe - Continental Cup (B) - Brixen (ITA) 2022,BOULDER Men,finished,2025-10-02 07:18:36 UTC,2026-04-22 08:55:05 UTC,,7195,boulder,Semi-Final,Men,finished,2022-05-08 10:05:13 UTC,/api/v1/category_rounds/7195/results,boulder_one_group_one_boulder_set,IFSC: 1 group,17,,,,,,,7043,4,/api/v1/routes/7043/startlist,
/api/v1/events/1261/result/227,1261,full_results_url,IFSC Europe - Continental Cup (B) - Brixen (ITA) 2022,BOULDER Men,finished,2025-10-02 07:18:36 UTC,2026-04-22 08:55:05 UTC,,7197,boulder,Final,Men,finished,2022-05-08 15:16:25 UTC,/api/v1/category_rounds/7197/results,boulder_one_group_one_boulder_set,IFSC: 1 group,18,,,,,,,7048,1,/api/v1/routes/7048/startlist,
/api/v1/events/1261/result/227,1261,full_results_url,IFSC Europe - Continental Cup (B) - Brixen (ITA) 2022,BOULDER Men,finished,2025-10-02 07:18:36 UTC,2026-04-22 08:55:05 UTC,,7197,boulder,Final,Men,finished,2022-05-08 15:16:25 UTC,/api/v1/category_rounds/7197/results,boulder_one_group_one_boulder_set,IFSC: 1 group,18,,,,,,,7049,2,/api/v1/routes/7049/startlist,
/api/v1/events/1261/result/227,1261,full_results_url,IFSC Europe - Continental Cup (B) - Brixen (ITA) 2022,BOULDER Men,finished,2025-10-02 07:18:36 UTC,2026-04-22 08:55:05 UTC,,7197,boulder,Final,Men,finished,2022-05-08 15:16:25 UTC,/api/v1/category_rounds/7197/results,boulder_one_group_one_boulder_set,IFSC: 1 group,18,,,,,,,7050,3,/api/v1/routes/7050/startlist,
/api/v1/events/1261/result/227,1261,full_results_url,IFSC Europe - Continental Cup (B) - Brixen (ITA) 2022,BOULDER Men,finished,2025-10-02 07:18:36 UTC,2026-04-22 08:55:05 UTC,,7197,boulder,Final,Men,finished,2022-05-08 15:16:25 UTC,/api/v1/category_rounds/7197/results,boulder_one_group_one_boulder_set,IFSC: 1 group,18,,,,,,,7051,4,/api/v1/routes/7051/startlist,
/api/v1/events/1261/result/231,1261,full_results_url,IFSC Europe - Continental Cup (B) - Brixen (ITA) 2022,BOULDER Women,finished,2025-10-02 07:18:36 UTC,2026-04-22 08:55:09 UTC,,7196,boulder,Semi-Final,Women,finished,2022-05-08 10:06:01 UTC,/api/v1/category_rounds/7196/results,boulder_one_group_one_boulder_set,IFSC: 1 group,17,,,,,,,7044,1,/api/v1/routes/7044/startlist,
/api/v1/events/1261/result/231,1261,full_results_url,IFSC Europe - Continental Cup (B) - Brixen (ITA) 2022,BOULDER Women,finished,2025-10-02 07:18:36 UTC,2026-04-22 08:55:09 UTC,,7196,boulder,Semi-Final,Women,finished,2022-05-08 10:06:01 UTC,/api/v1/category_rounds/7196/results,boulder_one_group_one_boulder_set,IFSC: 1 group,17,,,,,,,7045,2,/api/v1/routes/7045/startlist,
/api/v1/events/1261/result/231,1261,full_results_url,IFSC Europe - Continental Cup (B) - Brixen (ITA) 2022,BOULDER Women,finished,2025-10-02 07:18:36 UTC,2026-04-22 08:55:09 UTC,,7196,boulder,Semi-Final,Women,finished,2022-05-08 10:06:01 UTC,/api/v1/category_rounds/7196/results,boulder_one_group_one_boulder_set,IFSC: 1 group,17,,,,,,,7046,3,/api/v1/routes/7046/startlist,
/api/v1/events/1261/result/231,1261,full_results_url,IFSC Europe - Continental Cup (B) - Brixen (ITA) 2022,BOULDER Women,finished,2025-10-02 07:18:36 UTC,2026-04-22 08:55:09 UTC,,7196,boulder,Semi-Final,Women,finished,2022-05-08 10:06:01 UTC,/api/v1/category_rounds/7196/results,boulder_one_group_one_boulder_set,IFSC: 1 group,17,,,,,,,7047,4,/api/v1/routes/7047/startlist,
/api/v1/events/1261/result/231,1261,full_results_url,IFSC Europe - Continental Cup (B) - Brixen (ITA) 2022,BOULDER Women,finished,2025-10-02 07:18:36 UTC,2026-04-22 08:55:09 UTC,,7198,boulder,Final,Women,finished,2022-05-08 15:17:28 UTC,/api/v1/category_rounds/7198/results,boulder_one_group_one_boulder_set,IFSC: 1 group,18,,,,,,,7052,1,/api/v1/routes/7052/startlist,
/api/v1/events/1261/result/231,1261,full_results_url,IFSC Europe - Continental Cup (B) - Brixen (ITA) 2022,BOULDER Women,finished,2025-10-02 07:18:36 UTC,2026-04-22 08:55:09 UTC,,7198,boulder,Final,Women,finished,2022-05-08 15:17:28 UTC,/api/v1/category_rounds/7198/results,boulder_one_group_one_boulder_set,IFSC: 1 group,18,,,,,,,7053,2,/api/v1/routes/7053/startlist,
/api/v1/events/1261/result/231,1261,full_results_url,IFSC Europe - Continental Cup (B) - Brixen (ITA) 2022,BOULDER Women,finished,2025-10-02 07:18:36 UTC,2026-04-22 08:55:09 UTC,,7198,boulder,Final,Women,finished,2022-05-08 15:17:28 UTC,/api/v1/category_rounds/7198/results,boulder_one_group_one_boulder_set,IFSC: 1 group,18,,,,,,,7054,3,/api/v1/routes/7054/startlist,
/api/v1/events/1261/result/231,1261,full_results_url,IFSC Europe - Continental Cup (B) - Brixen (ITA) 2022,BOULDER Women,finished,2025-10-02 07:18:36 UTC,2026-04-22 08:55:09 UTC,,7198,boulder,Final,Women,finished,2022-05-08 15:17:28 UTC,/api/v1/category_rounds/7198/results,boulder_one_group_one_boulder_set,IFSC: 1 group,18,,,,,,,7055,4,/api/v1/routes/7055/startlist,
/api/v1/events/1263/result/227,1263,full_results_url,IFSC Europe - Continental Cup (B) - Klagenfurt (AUT) 2022,BOULDER Men,finished,2025-10-02 07:18:36 UTC,2026-04-22 08:55:13 UTC,,7102,boulder,Qualification,Men,finished,2022-05-20 18:23:56 UTC,/api/v1/category_rounds/7102/results,boulder_one_group_one_boulder_set,IFSC: 1 group,16,,,,,,,7082,1,/api/v1/routes/7082/startlist,
/api/v1/events/1263/result/227,1263,full_results_url,IFSC Europe - Continental Cup (B) - Klagenfurt (AUT) 2022,BOULDER Men,finished,2025-10-02 07:18:36 UTC,2026-04-22 08:55:13 UTC,,7102,boulder,Qualification,Men,finished,2022-05-20 18:23:56 UTC,/api/v1/category_rounds/7102/results,boulder_one_group_one_boulder_set,IFSC: 1 group,16,,,,,,,7083,2,/api/v1/routes/7083/startlist,
/api/v1/events/1263/result/227,1263,full_results_url,IFSC Europe - Continental Cup (B) - Klagenfurt (AUT) 2022,BOULDER Men,finished,2025-10-02 07:18:36 UTC,2026-04-22 08:55:13 UTC,,7102,boulder,Qualification,Men,finished,2022-05-20 18:23:56 UTC,/api/v1/category_rounds/7102/results,boulder_one_group_one_boulder_set,IFSC: 1 group,16,,,,,,,7084,3,/api/v1/routes/7084/startlist,
/api/v1/events/1263/result/227,1263,full_results_url,IFSC Europe - Continental Cup (B) - Klagenfurt (AUT) 2022,BOULDER Men,finished,2025-10-02 07:18:36 UTC,2026-04-22 08:55:13 UTC,,7102,boulder,Qualification,Men,finished,2022-05-20 18:23:56 UTC,/api/v1/category_rounds/7102/results,boulder_one_group_one_boulder_set,IFSC: 1 group,16,,,,,,,7085,4,/api/v1/routes/7085/startlist,
/api/v1/events/1263/result/227,1263,full_results_url,IFSC Europe - Continental Cup (B) - Klagenfurt (AUT) 2022,BOULDER Men,finished,2025-10-02 07:18:36 UTC,2026-04-22 08:55:13 UTC,,7199,boulder,Semi-Final,Men,finished,2022-05-21 12:58:43 UTC,/api/v1/category_rounds/7199/results,boulder_one_group_one_boulder_set,IFSC: 1 group,17,,,,,,,7066,1,/api/v1/routes/7066/startlist,
/api/v1/events/1263/result/227,1263,full_results_url,IFSC Europe - Continental Cup (B) - Klagenfurt (AUT) 2022,BOULDER Men,finished,2025-10-02 07:18:36 UTC,2026-04-22 08:55:13 UTC,,7199,boulder,Semi-Final,Men,finished,2022-05-21 12:58:43 UTC,/api/v1/category_rounds/7199/results,boulder_one_group_one_boulder_set,IFSC: 1 group,17,,,,,,,7067,2,/api/v1/routes/7067/startlist,
/api/v1/events/1263/result/227,1263,full_results_url,IFSC Europe - Continental Cup (B) - Klagenfurt (AUT) 2022,BOULDER Men,finished,2025-10-02 07:18:36 UTC,2026-04-22 08:55:13 UTC,,7199,boulder,Semi-Final,Men,finished,2022-05-21 12:58:43 UTC,/api/v1/category_rounds/7199/results,boulder_one_group_one_boulder_set,IFSC: 1 group,17,,,,,,,7068,3,/api/v1/routes/7068/startlist,
/api/v1/events/1263/result/227,1263,full_results_url,IFSC Europe - Continental Cup (B) - Klagenfurt (AUT) 2022,BOULDER Men,finished,2025-10-02 07:18:36 UTC,2026-04-22 08:55:13 UTC,,7199,boulder,Semi-Final,Men,finished,2022-05-21 12:58:43 UTC,/api/v1/category_rounds/7199/results,boulder_one_group_one_boulder_set,IFSC: 1 group,17,,,,,,,7069,4,/api/v1/routes/7069/startlist,
/api/v1/events/1263/result/227,1263,full_results_url,IFSC Europe - Continental Cup (B) - Klagenfurt (AUT) 2022,BOULDER Men,finished,2025-10-02 07:18:36 UTC,2026-04-22 08:55:13 UTC,,7201,boulder,Final,Men,finished,2022-05-21 19:04:51 UTC,/api/v1/category_rounds/7201/results,boulder_one_group_one_boulder_set,IFSC: 1 group,18,,,,,,,7074,1,/api/v1/routes/7074/startlist,
/api/v1/events/1263/result/227,1263,full_results_url,IFSC Europe - Continental Cup (B) - Klagenfurt (AUT) 2022,BOULDER Men,finished,2025-10-02 07:18:36 UTC,2026-04-22 08:55:13 UTC,,7201,boulder,Final,Men,finished,2022-05-21 19:04:51 UTC,/api/v1/category_rounds/7201/results,boulder_one_group_one_boulder_set,IFSC: 1 group,18,,,,,,,7075,2,/api/v1/routes/7075/startlist,
/api/v1/events/1263/result/227,1263,full_results_url,IFSC Europe - Continental Cup (B) - Klagenfurt (AUT) 2022,BOULDER Men,finished,2025-10-02 07:18:36 UTC,2026-04-22 08:55:13 UTC,,7201,boulder,Final,Men,finished,2022-05-21 19:04:51 UTC,/api/v1/category_rounds/7201/results,boulder_one_group_one_boulder_set,IFSC: 1 group,18,,,,,,,7076,3,/api/v1/routes/7076/startlist,
/api/v1/events/1263/result/227,1263,full_results_url,IFSC Europe - Continental Cup (B) - Klagenfurt (AUT) 2022,BOULDER Men,finished,2025-10-02 07:18:36 UTC,2026-04-22 08:55:13 UTC,,7201,boulder,Final,Men,finished,2022-05-21 19:04:51 UTC,/api/v1/category_rounds/7201/results,boulder_one_group_one_boulder_set,IFSC: 1 group,18,,,,,,,7077,4,/api/v1/routes/7077/startlist,
/api/v1/events/1263/result/231,1263,full_results_url,IFSC Europe - Continental Cup (B) - Klagenfurt (AUT) 2022,BOULDER Women,finished,2025-10-02 07:18:36 UTC,2026-04-22 08:55:17 UTC,,7103,boulder,Qualification,Women,finished,2022-05-20 11:42:23 UTC,/api/v1/category_rounds/7103/results,boulder_one_group_one_boulder_set,IFSC: 1 group,16,,,,,,,7087,1,/api/v1/routes/7087/startlist,
/api/v1/events/1263/result/231,1263,full_results_url,IFSC Europe - Continental Cup (B) - Klagenfurt (AUT) 2022,BOULDER Women,finished,2025-10-02 07:18:36 UTC,2026-04-22 08:55:17 UTC,,7103,boulder,Qualification,Women,finished,2022-05-20 11:42:23 UTC,/api/v1/category_rounds/7103/results,boulder_one_group_one_boulder_set,IFSC: 1 group,16,,,,,,,7088,2,/api/v1/routes/7088/startlist,
/api/v1/events/1263/result/231,1263,full_results_url,IFSC Europe - Continental Cup (B) - Klagenfurt (AUT) 2022,BOULDER Women,finished,2025-10-02 07:18:36 UTC,2026-04-22 08:55:17 UTC,,7103,boulder,Qualification,Women,finished,2022-05-20 11:42:23 UTC,/api/v1/category_rounds/7103/results,boulder_one_group_one_boulder_set,IFSC: 1 group,16,,,,,,,7089,3,/api/v1/routes/7089/startlist,
/api/v1/events/1263/result/231,1263,full_results_url,IFSC Europe - Continental Cup (B) - Klagenfurt (AUT) 2022,BOULDER Women,finished,2025-10-02 07:18:36 UTC,2026-04-22 08:55:17 UTC,,7103,boulder,Qualification,Women,finished,2022-05-20 11:42:23 UTC,/api/v1/category_rounds/7103/results,boulder_one_group_one_boulder_set,IFSC: 1 group,16,,,,,,,7090,4,/api/v1/routes/7090/startlist,
/api/v1/events/1263/result/231,1263,full_results_url,IFSC Europe - Continental Cup (B) - Klagenfurt (AUT) 2022,BOULDER Women,finished,2025-10-02 07:18:36 UTC,2026-04-22 08:55:17 UTC,,7200,boulder,Semi-Final,Women,finished,2022-05-21 08:58:45 UTC,/api/v1/category_rounds/7200/results,boulder_one_group_one_boulder_set,IFSC: 1 group,17,,,,,,,7070,1,/api/v1/routes/7070/startlist,
/api/v1/events/1263/result/231,1263,full_results_url,IFSC Europe - Continental Cup (B) - Klagenfurt (AUT) 2022,BOULDER Women,finished,2025-10-02 07:18:36 UTC,2026-04-22 08:55:17 UTC,,7200,boulder,Semi-Final,Women,finished,2022-05-21 08:58:45 UTC,/api/v1/category_rounds/7200/results,boulder_one_group_one_boulder_set,IFSC: 1 group,17,,,,,,,7071,2,/api/v1/routes/7071/startlist,
/api/v1/events/1263/result/231,1263,full_results_url,IFSC Europe - Continental Cup (B) - Klagenfurt (AUT) 2022,BOULDER Women,finished,2025-10-02 07:18:36 UTC,2026-04-22 08:55:17 UTC,,7200,boulder,Semi-Final,Women,finished,2022-05-21 08:58:45 UTC,/api/v1/category_rounds/7200/results,boulder_one_group_one_boulder_set,IFSC: 1 group,17,,,,,,,7072,3,/api/v1/routes/7072/startlist,
/api/v1/events/1263/result/231,1263,full_results_url,IFSC Europe - Continental Cup (B) - Klagenfurt (AUT) 2022,BOULDER Women,finished,2025-10-02 07:18:36 UTC,2026-04-22 08:55:17 UTC,,7200,boulder,Semi-Final,Women,finished,2022-05-21 08:58:45 UTC,/api/v1/category_rounds/7200/results,boulder_one_group_one_boulder_set,IFSC: 1 group,17,,,,,,,7073,4,/api/v1/routes/7073/startlist,
/api/v1/events/1263/result/231,1263,full_results_url,IFSC Europe - Continental Cup (B) - Klagenfurt (AUT) 2022,BOULDER Women,finished,2025-10-02 07:18:36 UTC,2026-04-22 08:55:17 UTC,,7202,boulder,Final,Women,finished,2022-05-21 16:12:43 UTC,/api/v1/category_rounds/7202/results,boulder_one_group_one_boulder_set,IFSC: 1 group,18,,,,,,,7078,1,/api/v1/routes/7078/startlist,
/api/v1/events/1263/result/231,1263,full_results_url,IFSC Europe - Continental Cup (B) - Klagenfurt (AUT) 2022,BOULDER Women,finished,2025-10-02 07:18:36 UTC,2026-04-22 08:55:17 UTC,,7202,boulder,Final,Women,finished,2022-05-21 16:12:43 UTC,/api/v1/category_rounds/7202/results,boulder_one_group_one_boulder_set,IFSC: 1 group,18,,,,,,,7079,2,/api/v1/routes/7079/startlist,
/api/v1/events/1263/result/231,1263,full_results_url,IFSC Europe - Continental Cup (B) - Klagenfurt (AUT) 2022,BOULDER Women,finished,2025-10-02 07:18:36 UTC,2026-04-22 08:55:17 UTC,,7202,boulder,Final,Women,finished,2022-05-21 16:12:43 UTC,/api/v1/category_rounds/7202/results,boulder_one_group_one_boulder_set,IFSC: 1 group,18,,,,,,,7080,3,/api/v1/routes/7080/startlist,
/api/v1/events/1263/result/231,1263,full_results_url,IFSC Europe - Continental Cup (B) - Klagenfurt (AUT) 2022,BOULDER Women,finished,2025-10-02 07:18:36 UTC,2026-04-22 08:55:17 UTC,,7202,boulder,Final,Women,finished,2022-05-21 16:12:43 UTC,/api/v1/category_rounds/7202/results,boulder_one_group_one_boulder_set,IFSC: 1 group,18,,,,,,,7081,4,/api/v1/routes/7081/startlist,
/api/v1/events/1236/result/3,1236,full_results_url,"IFSC - Climbing World Cup (B,S) - Salt Lake City (USA) 2022",BOULDER Men,finished,2025-10-02 07:18:36 UTC,2026-04-22 08:55:21 UTC,,7427,boulder,Semi-final,Men,finished,2022-05-22 19:29:35 UTC,/api/v1/category_rounds/7427/results,boulder_one_group_one_boulder_set,IFSC: 1 group,2,,,,,,,7660,1,/api/v1/routes/7660/startlist,
/api/v1/events/1236/result/3,1236,full_results_url,"IFSC - Climbing World Cup (B,S) - Salt Lake City (USA) 2022",BOULDER Men,finished,2025-10-02 07:18:36 UTC,2026-04-22 08:55:21 UTC,,7427,boulder,Semi-final,Men,finished,2022-05-22 19:29:35 UTC,/api/v1/category_rounds/7427/results,boulder_one_group_one_boulder_set,IFSC: 1 group,2,,,,,,,7661,2,/api/v1/routes/7661/startlist,
/api/v1/events/1236/result/3,1236,full_results_url,"IFSC - Climbing World Cup (B,S) - Salt Lake City (USA) 2022",BOULDER Men,finished,2025-10-02 07:18:36 UTC,2026-04-22 08:55:21 UTC,,7427,boulder,Semi-final,Men,finished,2022-05-22 19:29:35 UTC,/api/v1/category_rounds/7427/results,boulder_one_group_one_boulder_set,IFSC: 1 group,2,,,,,,,7662,3,/api/v1/routes/7662/startlist,
/api/v1/events/1236/result/3,1236,full_results_url,"IFSC - Climbing World Cup (B,S) - Salt Lake City (USA) 2022",BOULDER Men,finished,2025-10-02 07:18:36 UTC,2026-04-22 08:55:21 UTC,,7427,boulder,Semi-final,Men,finished,2022-05-22 19:29:35 UTC,/api/v1/category_rounds/7427/results,boulder_one_group_one_boulder_set,IFSC: 1 group,2,,,,,,,7663,4,/api/v1/routes/7663/startlist,
/api/v1/events/1236/result/3,1236,full_results_url,"IFSC - Climbing World Cup (B,S) - Salt Lake City (USA) 2022",BOULDER Men,finished,2025-10-02 07:18:36 UTC,2026-04-22 08:55:21 UTC,,7429,boulder,Final,Men,finished,2022-05-23 01:50:03 UTC,/api/v1/category_rounds/7429/results,boulder_finals_one_by_one,IFSC: Finals,3,,,,,,,7668,1,/api/v1/routes/7668/startlist,
/api/v1/events/1236/result/3,1236,full_results_url,"IFSC - Climbing World Cup (B,S) - Salt Lake City (USA) 2022",BOULDER Men,finished,2025-10-02 07:18:36 UTC,2026-04-22 08:55:21 UTC,,7429,boulder,Final,Men,finished,2022-05-23 01:50:03 UTC,/api/v1/category_rounds/7429/results,boulder_finals_one_by_one,IFSC: Finals,3,,,,,,,7669,2,/api/v1/routes/7669/startlist,
/api/v1/events/1236/result/3,1236,full_results_url,"IFSC - Climbing World Cup (B,S) - Salt Lake City (USA) 2022",BOULDER Men,finished,2025-10-02 07:18:36 UTC,2026-04-22 08:55:21 UTC,,7429,boulder,Final,Men,finished,2022-05-23 01:50:03 UTC,/api/v1/category_rounds/7429/results,boulder_finals_one_by_one,IFSC: Finals,3,,,,,,,7670,3,/api/v1/routes/7670/startlist,
/api/v1/events/1236/result/3,1236,full_results_url,"IFSC - Climbing World Cup (B,S) - Salt Lake City (USA) 2022",BOULDER Men,finished,2025-10-02 07:18:36 UTC,2026-04-22 08:55:21 UTC,,7429,boulder,Final,Men,finished,2022-05-23 01:50:03 UTC,/api/v1/category_rounds/7429/results,boulder_finals_one_by_one,IFSC: Finals,3,,,,,,,7671,4,/api/v1/routes/7671/startlist,
/api/v1/events/1236/result/7,1236,full_results_url,"IFSC - Climbing World Cup (B,S) - Salt Lake City (USA) 2022",BOULDER Women,finished,2025-10-02 07:18:36 UTC,2026-04-22 08:55:25 UTC,,7428,boulder,Semi-final,Women,finished,2022-05-22 19:29:17 UTC,/api/v1/category_rounds/7428/results,boulder_one_group_one_boulder_set,IFSC: 1 group,2,,,,,,,7664,1,/api/v1/routes/7664/startlist,
/api/v1/events/1236/result/7,1236,full_results_url,"IFSC - Climbing World Cup (B,S) - Salt Lake City (USA) 2022",BOULDER Women,finished,2025-10-02 07:18:36 UTC,2026-04-22 08:55:25 UTC,,7428,boulder,Semi-final,Women,finished,2022-05-22 19:29:17 UTC,/api/v1/category_rounds/7428/results,boulder_one_group_one_boulder_set,IFSC: 1 group,2,,,,,,,7665,2,/api/v1/routes/7665/startlist,
/api/v1/events/1236/result/7,1236,full_results_url,"IFSC - Climbing World Cup (B,S) - Salt Lake City (USA) 2022",BOULDER Women,finished,2025-10-02 07:18:36 UTC,2026-04-22 08:55:25 UTC,,7428,boulder,Semi-final,Women,finished,2022-05-22 19:29:17 UTC,/api/v1/category_rounds/7428/results,boulder_one_group_one_boulder_set,IFSC: 1 group,2,,,,,,,7666,3,/api/v1/routes/7666/startlist,
/api/v1/events/1236/result/7,1236,full_results_url,"IFSC - Climbing World Cup (B,S) - Salt Lake City (USA) 2022",BOULDER Women,finished,2025-10-02 07:18:36 UTC,2026-04-22 08:55:25 UTC,,7428,boulder,Semi-final,Women,finished,2022-05-22 19:29:17 UTC,/api/v1/category_rounds/7428/results,boulder_one_group_one_boulder_set,IFSC: 1 group,2,,,,,,,7667,4,/api/v1/routes/7667/startlist,
/api/v1/events/1236/result/7,1236,full_results_url,"IFSC - Climbing World Cup (B,S) - Salt Lake City (USA) 2022",BOULDER Women,finished,2025-10-02 07:18:36 UTC,2026-04-22 08:55:25 UTC,,7430,boulder,Final,Women,finished,2022-05-23 03:40:29 UTC,/api/v1/category_rounds/7430/results,boulder_finals_one_by_one,IFSC: Finals,3,,,,,,,7672,1,/api/v1/routes/7672/startlist,
/api/v1/events/1236/result/7,1236,full_results_url,"IFSC - Climbing World Cup (B,S) - Salt Lake City (USA) 2022",BOULDER Women,finished,2025-10-02 07:18:36 UTC,2026-04-22 08:55:25 UTC,,7430,boulder,Final,Women,finished,2022-05-23 03:40:29 UTC,/api/v1/category_rounds/7430/results,boulder_finals_one_by_one,IFSC: Finals,3,,,,,,,7673,2,/api/v1/routes/7673/startlist,
/api/v1/events/1236/result/7,1236,full_results_url,"IFSC - Climbing World Cup (B,S) - Salt Lake City (USA) 2022",BOULDER Women,finished,2025-10-02 07:18:36 UTC,2026-04-22 08:55:25 UTC,,7430,boulder,Final,Women,finished,2022-05-23 03:40:29 UTC,/api/v1/category_rounds/7430/results,boulder_finals_one_by_one,IFSC: Finals,3,,,,,,,7674,3,/api/v1/routes/7674/startlist,
/api/v1/events/1236/result/7,1236,full_results_url,"IFSC - Climbing World Cup (B,S) - Salt Lake City (USA) 2022",BOULDER Women,finished,2025-10-02 07:18:36 UTC,2026-04-22 08:55:25 UTC,,7430,boulder,Final,Women,finished,2022-05-23 03:40:29 UTC,/api/v1/category_rounds/7430/results,boulder_finals_one_by_one,IFSC: Finals,3,,,,,,,7675,4,/api/v1/routes/7675/startlist,
/api/v1/events/1236/result/2,1236,full_results_url,"IFSC - Climbing World Cup (B,S) - Salt Lake City (USA) 2022",SPEED Men,finished,2025-10-02 07:18:38 UTC,2026-04-22 08:55:29 UTC,,7415,speed,Qualification,Men,finished,2022-05-20 20:01:44 UTC,/api/v1/category_rounds/7415/results,speed_staggered,IFSC: Qualification,1,,,,,,,7540,A,/api/v1/routes/7540/startlist,
/api/v1/events/1236/result/2,1236,full_results_url,"IFSC - Climbing World Cup (B,S) - Salt Lake City (USA) 2022",SPEED Men,finished,2025-10-02 07:18:38 UTC,2026-04-22 08:55:29 UTC,,7415,speed,Qualification,Men,finished,2022-05-20 20:01:44 UTC,/api/v1/category_rounds/7415/results,speed_staggered,IFSC: Qualification,1,,,,,,,7541,B,/api/v1/routes/7541/startlist,
/api/v1/events/1236/result/2,1236,full_results_url,"IFSC - Climbing World Cup (B,S) - Salt Lake City (USA) 2022",SPEED Men,finished,2025-10-02 07:18:38 UTC,2026-04-22 08:55:29 UTC,,7431,speed,Final,Men,finished,2024-01-15 19:59:54 UTC,/api/v1/category_rounds/7431/results,speed_elimination_ifsc_2022,IFSC 2022: Elimination,3,,,,,,,7676,A,/api/v1/routes/7676/startlist,
/api/v1/events/1236/result/2,1236,full_results_url,"IFSC - Climbing World Cup (B,S) - Salt Lake City (USA) 2022",SPEED Men,finished,2025-10-02 07:18:38 UTC,2026-04-22 08:55:29 UTC,,7431,speed,Final,Men,finished,2024-01-15 19:59:54 UTC,/api/v1/category_rounds/7431/results,speed_elimination_ifsc_2022,IFSC 2022: Elimination,3,,,,,,,7677,B,/api/v1/routes/7677/startlist,
/api/v1/events/1236/result/6,1236,full_results_url,"IFSC - Climbing World Cup (B,S) - Salt Lake City (USA) 2022",SPEED Women,finished,2025-10-02 07:18:38 UTC,2026-04-22 08:55:32 UTC,,7416,speed,Qualification,Women,finished,2022-05-20 19:27:22 UTC,/api/v1/category_rounds/7416/results,speed_staggered,IFSC: Qualification,1,,,,,,,7542,A,/api/v1/routes/7542/startlist,
/api/v1/events/1236/result/6,1236,full_results_url,"IFSC - Climbing World Cup (B,S) - Salt Lake City (USA) 2022",SPEED Women,finished,2025-10-02 07:18:38 UTC,2026-04-22 08:55:32 UTC,,7416,speed,Qualification,Women,finished,2022-05-20 19:27:22 UTC,/api/v1/category_rounds/7416/results,speed_staggered,IFSC: Qualification,1,,,,,,,7543,B,/api/v1/routes/7543/startlist,
/api/v1/events/1236/result/6,1236,full_results_url,"IFSC - Climbing World Cup (B,S) - Salt Lake City (USA) 2022",SPEED Women,finished,2025-10-02 07:18:38 UTC,2026-04-22 08:55:32 UTC,,7432,speed,Final,Women,finished,2024-01-15 19:59:55 UTC,/api/v1/category_rounds/7432/results,speed_elimination_ifsc_2022,IFSC 2022: Elimination,3,,,,,,,7678,A,/api/v1/routes/7678/startlist,
/api/v1/events/1236/result/6,1236,full_results_url,"IFSC - Climbing World Cup (B,S) - Salt Lake City (USA) 2022",SPEED Women,finished,2025-10-02 07:18:38 UTC,2026-04-22 08:55:32 UTC,,7432,speed,Final,Women,finished,2024-01-15 19:59:55 UTC,/api/v1/category_rounds/7432/results,speed_elimination_ifsc_2022,IFSC 2022: Elimination,3,,,,,,,7679,B,/api/v1/routes/7679/startlist,
/api/v1/events/1278/result/529,1278,full_results_url,IFSC - Paraclimbing World Cup (L) - Salt Lake City (USA) 2022,LEAD Men B1,finished,2025-10-02 07:18:37 UTC,2024-01-17 07:44:42 UTC,,7337,lead,Qualification,Men B1,finished,2022-05-24 19:12:46 UTC,/api/v1/category_rounds/7337/results,lead_one_group_two_routes,IFSC: 2 routes,49,,,,,,,7700,1,/api/v1/routes/7700/startlist,/api/v1/routes/7700/results
/api/v1/events/1278/result/529,1278,full_results_url,IFSC - Paraclimbing World Cup (L) - Salt Lake City (USA) 2022,LEAD Men B1,finished,2025-10-02 07:18:37 UTC,2024-01-17 07:44:42 UTC,,7337,lead,Qualification,Men B1,finished,2022-05-24 19:12:46 UTC,/api/v1/category_rounds/7337/results,lead_one_group_two_routes,IFSC: 2 routes,49,,,,,,,7701,2,/api/v1/routes/7701/startlist,/api/v1/routes/7701/results
/api/v1/events/1278/result/529,1278,full_results_url,IFSC - Paraclimbing World Cup (L) - Salt Lake City (USA) 2022,LEAD Men B1,finished,2025-10-02 07:18:37 UTC,2024-01-17 07:44:42 UTC,,7433,lead,Final,Men B1,finished,2022-05-25 19:19:05 UTC,/api/v1/category_rounds/7433/results,lead_one_group_one_route,IFSC: 1 route,51,,,,,,,7680,1,/api/v1/routes/7680/startlist,/api/v1/routes/7680/results
/api/v1/events/1278/result/533,1278,full_results_url,IFSC - Paraclimbing World Cup (L) - Salt Lake City (USA) 2022,LEAD Men B2,finished,2025-10-02 07:18:37 UTC,2024-01-17 07:44:43 UTC,,7338,lead,Qualification,Men B2,finished,2022-05-24 19:14:18 UTC,/api/v1/category_rounds/7338/results,lead_one_group_two_routes,IFSC: 2 routes,49,,,,,,,7702,1,/api/v1/routes/7702/startlist,/api/v1/routes/7702/results
/api/v1/events/1278/result/533,1278,full_results_url,IFSC - Paraclimbing World Cup (L) - Salt Lake City (USA) 2022,LEAD Men B2,finished,2025-10-02 07:18:37 UTC,2024-01-17 07:44:43 UTC,,7338,lead,Qualification,Men B2,finished,2022-05-24 19:14:18 UTC,/api/v1/category_rounds/7338/results,lead_one_group_two_routes,IFSC: 2 routes,49,,,,,,,7703,2,/api/v1/routes/7703/startlist,/api/v1/routes/7703/results
/api/v1/events/1278/result/533,1278,full_results_url,IFSC - Paraclimbing World Cup (L) - Salt Lake City (USA) 2022,LEAD Men B2,finished,2025-10-02 07:18:37 UTC,2024-01-17 07:44:43 UTC,,7434,lead,Final,Men B2,finished,2022-05-25 19:18:36 UTC,/api/v1/category_rounds/7434/results,lead_one_group_one_route,IFSC: 1 route,51,,,,,,,7681,1,/api/v1/routes/7681/startlist,/api/v1/routes/7681/results
/api/v1/events/1278/result/537,1278,full_results_url,IFSC - Paraclimbing World Cup (L) - Salt Lake City (USA) 2022,LEAD Men B3,finished,2025-10-02 07:18:37 UTC,2024-01-17 07:44:43 UTC,,7339,lead,Qualification,Men B3,finished,2022-05-24 19:14:48 UTC,/api/v1/category_rounds/7339/results,lead_one_group_two_routes,IFSC: 2 routes,49,,,,,,,7704,1,/api/v1/routes/7704/startlist,/api/v1/routes/7704/results
/api/v1/events/1278/result/537,1278,full_results_url,IFSC - Paraclimbing World Cup (L) - Salt Lake City (USA) 2022,LEAD Men B3,finished,2025-10-02 07:18:37 UTC,2024-01-17 07:44:43 UTC,,7339,lead,Qualification,Men B3,finished,2022-05-24 19:14:48 UTC,/api/v1/category_rounds/7339/results,lead_one_group_two_routes,IFSC: 2 routes,49,,,,,,,7705,2,/api/v1/routes/7705/startlist,/api/v1/routes/7705/results
/api/v1/events/1278/result/537,1278,full_results_url,IFSC - Paraclimbing World Cup (L) - Salt Lake City (USA) 2022,LEAD Men B3,finished,2025-10-02 07:18:37 UTC,2024-01-17 07:44:43 UTC,,7435,lead,Final,Men B3,finished,2022-05-25 19:17:40 UTC,/api/v1/category_rounds/7435/results,lead_one_group_one_route,IFSC: 1 route,51,,,,,,,7682,1,/api/v1/routes/7682/startlist,/api/v1/routes/7682/results
/api/v1/events/1278/result/541,1278,full_results_url,IFSC - Paraclimbing World Cup (L) - Salt Lake City (USA) 2022,LEAD Women B1,finished,2025-10-02 07:18:37 UTC,2024-01-17 07:44:44 UTC,,7340,lead,Qualification,Women B1,finished,2022-05-24 19:15:23 UTC,/api/v1/category_rounds/7340/results,lead_one_group_two_routes,IFSC: 2 routes,49,,,,,,,7706,1,/api/v1/routes/7706/startlist,/api/v1/routes/7706/results
/api/v1/events/1278/result/541,1278,full_results_url,IFSC - Paraclimbing World Cup (L) - Salt Lake City (USA) 2022,LEAD Women B1,finished,2025-10-02 07:18:37 UTC,2024-01-17 07:44:44 UTC,,7340,lead,Qualification,Women B1,finished,2022-05-24 19:15:23 UTC,/api/v1/category_rounds/7340/results,lead_one_group_two_routes,IFSC: 2 routes,49,,,,,,,7707,2,/api/v1/routes/7707/startlist,/api/v1/routes/7707/results
/api/v1/events/1278/result/541,1278,full_results_url,IFSC - Paraclimbing World Cup (L) - Salt Lake City (USA) 2022,LEAD Women B1,finished,2025-10-02 07:18:37 UTC,2024-01-17 07:44:44 UTC,,7453,lead,Final,Women B1,finished,2022-05-25 19:19:29 UTC,/api/v1/category_rounds/7453/results,lead_one_group_one_route,IFSC: 1 route,51,,,,,,,7740,1,/api/v1/routes/7740/startlist,/api/v1/routes/7740/results
/api/v1/events/1278/result/545,1278,full_results_url,IFSC - Paraclimbing World Cup (L) - Salt Lake City (USA) 2022,LEAD Women B2,active,2025-10-02 07:18:37 UTC,NA,,7341,lead,Qualification,Women B2,pending,2022-05-23 22:42:57 UTC,/api/v1/category_rounds/7341/results,lead_one_group_two_routes,IFSC: 2 routes,49,,,,,,,7708,1,/api/v1/routes/7708/startlist,/api/v1/routes/7708/results
/api/v1/events/1278/result/545,1278,full_results_url,IFSC - Paraclimbing World Cup (L) - Salt Lake City (USA) 2022,LEAD Women B2,active,2025-10-02 07:18:37 UTC,NA,,7341,lead,Qualification,Women B2,pending,2022-05-23 22:42:57 UTC,/api/v1/category_rounds/7341/results,lead_one_group_two_routes,IFSC: 2 routes,49,,,,,,,7709,2,/api/v1/routes/7709/startlist,/api/v1/routes/7709/results
/api/v1/events/1278/result/549,1278,full_results_url,IFSC - Paraclimbing World Cup (L) - Salt Lake City (USA) 2022,LEAD Women B3,active,2025-10-02 07:18:37 UTC,NA,,7342,lead,Qualification,Women B3,pending,2022-05-23 22:42:27 UTC,/api/v1/category_rounds/7342/results,lead_one_group_two_routes,IFSC: 2 routes,49,,,,,,,7710,1,/api/v1/routes/7710/startlist,/api/v1/routes/7710/results
/api/v1/events/1278/result/549,1278,full_results_url,IFSC - Paraclimbing World Cup (L) - Salt Lake City (USA) 2022,LEAD Women B3,active,2025-10-02 07:18:37 UTC,NA,,7342,lead,Qualification,Women B3,pending,2022-05-23 22:42:27 UTC,/api/v1/category_rounds/7342/results,lead_one_group_two_routes,IFSC: 2 routes,49,,,,,,,7711,2,/api/v1/routes/7711/startlist,/api/v1/routes/7711/results
/api/v1/events/1278/result/553,1278,full_results_url,IFSC - Paraclimbing World Cup (L) - Salt Lake City (USA) 2022,LEAD Men AL1,finished,2025-10-02 07:18:37 UTC,2024-01-17 07:44:44 UTC,,7343,lead,Qualification,Men AL1,finished,2022-05-24 19:17:37 UTC,/api/v1/category_rounds/7343/results,lead_one_group_two_routes,IFSC: 2 routes,49,,,,,,,7712,1,/api/v1/routes/7712/startlist,/api/v1/routes/7712/results
/api/v1/events/1278/result/553,1278,full_results_url,IFSC - Paraclimbing World Cup (L) - Salt Lake City (USA) 2022,LEAD Men AL1,finished,2025-10-02 07:18:37 UTC,2024-01-17 07:44:44 UTC,,7343,lead,Qualification,Men AL1,finished,2022-05-24 19:17:37 UTC,/api/v1/category_rounds/7343/results,lead_one_group_two_routes,IFSC: 2 routes,49,,,,,,,7713,2,/api/v1/routes/7713/startlist,/api/v1/routes/7713/results
/api/v1/events/1278/result/553,1278,full_results_url,IFSC - Paraclimbing World Cup (L) - Salt Lake City (USA) 2022,LEAD Men AL1,finished,2025-10-02 07:18:37 UTC,2024-01-17 07:44:44 UTC,,7439,lead,Final,Men AL1,finished,2022-05-25 20:30:32 UTC,/api/v1/category_rounds/7439/results,lead_one_group_one_route,IFSC: 1 route,51,,,,,,,7686,1,/api/v1/routes/7686/startlist,/api/v1/routes/7686/results
/api/v1/events/1278/result/557,1278,full_results_url,IFSC - Paraclimbing World Cup (L) - Salt Lake City (USA) 2022,LEAD Women AL1,active,2025-10-02 07:18:37 UTC,NA,,7344,lead,Qualification,Women AL1,pending,2022-05-23 21:44:16 UTC,/api/v1/category_rounds/7344/results,lead_one_group_two_routes,IFSC: 2 routes,49,,,,,,,7714,1,/api/v1/routes/7714/startlist,/api/v1/routes/7714/results
/api/v1/events/1278/result/557,1278,full_results_url,IFSC - Paraclimbing World Cup (L) - Salt Lake City (USA) 2022,LEAD Women AL1,active,2025-10-02 07:18:37 UTC,NA,,7344,lead,Qualification,Women AL1,pending,2022-05-23 21:44:16 UTC,/api/v1/category_rounds/7344/results,lead_one_group_two_routes,IFSC: 2 routes,49,,,,,,,7715,2,/api/v1/routes/7715/startlist,/api/v1/routes/7715/results
/api/v1/events/1278/result/561,1278,full_results_url,IFSC - Paraclimbing World Cup (L) - Salt Lake City (USA) 2022,LEAD Men AL2,finished,2025-10-02 07:18:37 UTC,2024-01-17 07:44:45 UTC,,7345,lead,Qualification,Men AL2,finished,2022-05-24 22:01:37 UTC,/api/v1/category_rounds/7345/results,lead_one_group_two_routes,IFSC: 2 routes,49,,,,,,,7716,1,/api/v1/routes/7716/startlist,/api/v1/routes/7716/results
/api/v1/events/1278/result/561,1278,full_results_url,IFSC - Paraclimbing World Cup (L) - Salt Lake City (USA) 2022,LEAD Men AL2,finished,2025-10-02 07:18:37 UTC,2024-01-17 07:44:45 UTC,,7345,lead,Qualification,Men AL2,finished,2022-05-24 22:01:37 UTC,/api/v1/category_rounds/7345/results,lead_one_group_two_routes,IFSC: 2 routes,49,,,,,,,7717,2,/api/v1/routes/7717/startlist,/api/v1/routes/7717/results
/api/v1/events/1278/result/561,1278,full_results_url,IFSC - Paraclimbing World Cup (L) - Salt Lake City (USA) 2022,LEAD Men AL2,finished,2025-10-02 07:18:37 UTC,2024-01-17 07:44:45 UTC,,7441,lead,Final,Men AL2,finished,2022-05-25 19:35:38 UTC,/api/v1/category_rounds/7441/results,lead_one_group_one_route,IFSC: 1 route,51,,,,,,,7688,1,/api/v1/routes/7688/startlist,/api/v1/routes/7688/results
/api/v1/events/1278/result/565,1278,full_results_url,IFSC - Paraclimbing World Cup (L) - Salt Lake City (USA) 2022,LEAD Women AL2,finished,2025-10-02 07:18:37 UTC,2024-01-17 07:44:46 UTC,,7346,lead,Qualification,Women AL2,finished,2022-05-24 22:02:21 UTC,/api/v1/category_rounds/7346/results,lead_one_group_two_routes,IFSC: 2 routes,49,,,,,,,7718,1,/api/v1/routes/7718/startlist,/api/v1/routes/7718/results
/api/v1/events/1278/result/565,1278,full_results_url,IFSC - Paraclimbing World Cup (L) - Salt Lake City (USA) 2022,LEAD Women AL2,finished,2025-10-02 07:18:37 UTC,2024-01-17 07:44:46 UTC,,7346,lead,Qualification,Women AL2,finished,2022-05-24 22:02:21 UTC,/api/v1/category_rounds/7346/results,lead_one_group_two_routes,IFSC: 2 routes,49,,,,,,,7719,2,/api/v1/routes/7719/startlist,/api/v1/routes/7719/results
/api/v1/events/1278/result/565,1278,full_results_url,IFSC - Paraclimbing World Cup (L) - Salt Lake City (USA) 2022,LEAD Women AL2,finished,2025-10-02 07:18:37 UTC,2024-01-17 07:44:46 UTC,,7442,lead,Final,Women AL2,finished,2022-05-25 19:36:48 UTC,/api/v1/category_rounds/7442/results,lead_one_group_one_route,IFSC: 1 route,51,,,,,,,7689,1,/api/v1/routes/7689/startlist,/api/v1/routes/7689/results
/api/v1/events/1278/result/569,1278,full_results_url,IFSC - Paraclimbing World Cup (L) - Salt Lake City (USA) 2022,LEAD Men AU1,active,2025-10-02 07:18:37 UTC,NA,,7347,lead,Qualification,Men AU1,pending,2022-05-23 21:22:33 UTC,/api/v1/category_rounds/7347/results,lead_one_group_two_routes,IFSC: 2 routes,49,,,,,,,7720,1,/api/v1/routes/7720/startlist,/api/v1/routes/7720/results
/api/v1/events/1278/result/569,1278,full_results_url,IFSC - Paraclimbing World Cup (L) - Salt Lake City (USA) 2022,LEAD Men AU1,active,2025-10-02 07:18:37 UTC,NA,,7347,lead,Qualification,Men AU1,pending,2022-05-23 21:22:33 UTC,/api/v1/category_rounds/7347/results,lead_one_group_two_routes,IFSC: 2 routes,49,,,,,,,7721,2,/api/v1/routes/7721/startlist,/api/v1/routes/7721/results
/api/v1/events/1278/result/577,1278,full_results_url,IFSC - Paraclimbing World Cup (L) - Salt Lake City (USA) 2022,LEAD Men AU2,active,2025-10-02 07:18:37 UTC,NA,,7349,lead,Qualification,Men AU2,pending,2022-05-23 21:49:57 UTC,/api/v1/category_rounds/7349/results,lead_one_group_two_routes,IFSC: 2 routes,49,,,,,,,7724,1,/api/v1/routes/7724/startlist,/api/v1/routes/7724/results
/api/v1/events/1278/result/577,1278,full_results_url,IFSC - Paraclimbing World Cup (L) - Salt Lake City (USA) 2022,LEAD Men AU2,active,2025-10-02 07:18:37 UTC,NA,,7349,lead,Qualification,Men AU2,pending,2022-05-23 21:49:57 UTC,/api/v1/category_rounds/7349/results,lead_one_group_two_routes,IFSC: 2 routes,49,,,,,,,7725,2,/api/v1/routes/7725/startlist,/api/v1/routes/7725/results
/api/v1/events/1278/result/581,1278,full_results_url,IFSC - Paraclimbing World Cup (L) - Salt Lake City (USA) 2022,LEAD Women AU2,finished,2025-10-02 07:18:37 UTC,2024-01-17 07:44:46 UTC,,7350,lead,Qualification,Women AU2,finished,2022-05-24 22:02:44 UTC,/api/v1/category_rounds/7350/results,lead_one_group_two_routes,IFSC: 2 routes,49,,,,,,,7726,1,/api/v1/routes/7726/startlist,/api/v1/routes/7726/results
/api/v1/events/1278/result/581,1278,full_results_url,IFSC - Paraclimbing World Cup (L) - Salt Lake City (USA) 2022,LEAD Women AU2,finished,2025-10-02 07:18:37 UTC,2024-01-17 07:44:46 UTC,,7350,lead,Qualification,Women AU2,finished,2022-05-24 22:02:44 UTC,/api/v1/category_rounds/7350/results,lead_one_group_two_routes,IFSC: 2 routes,49,,,,,,,7727,2,/api/v1/routes/7727/startlist,/api/v1/routes/7727/results
/api/v1/events/1278/result/581,1278,full_results_url,IFSC - Paraclimbing World Cup (L) - Salt Lake City (USA) 2022,LEAD Women AU2,finished,2025-10-02 07:18:37 UTC,2024-01-17 07:44:46 UTC,,7446,lead,Final,Women AU2,finished,2022-05-25 19:45:01 UTC,/api/v1/category_rounds/7446/results,lead_one_group_one_route,IFSC: 1 route,51,,,,,,,7693,1,/api/v1/routes/7693/startlist,/api/v1/routes/7693/results
/api/v1/events/1278/result/585,1278,full_results_url,IFSC - Paraclimbing World Cup (L) - Salt Lake City (USA) 2022,LEAD Men RP1,finished,2025-10-02 07:18:37 UTC,2024-01-17 07:44:47 UTC,,7351,lead,Qualification,Men RP1,finished,2022-05-24 19:19:19 UTC,/api/v1/category_rounds/7351/results,lead_one_group_two_routes,IFSC: 2 routes,49,,,,,,,7728,1,/api/v1/routes/7728/startlist,/api/v1/routes/7728/results
/api/v1/events/1278/result/585,1278,full_results_url,IFSC - Paraclimbing World Cup (L) - Salt Lake City (USA) 2022,LEAD Men RP1,finished,2025-10-02 07:18:37 UTC,2024-01-17 07:44:47 UTC,,7351,lead,Qualification,Men RP1,finished,2022-05-24 19:19:19 UTC,/api/v1/category_rounds/7351/results,lead_one_group_two_routes,IFSC: 2 routes,49,,,,,,,7729,2,/api/v1/routes/7729/startlist,/api/v1/routes/7729/results
/api/v1/events/1278/result/585,1278,full_results_url,IFSC - Paraclimbing World Cup (L) - Salt Lake City (USA) 2022,LEAD Men RP1,finished,2025-10-02 07:18:37 UTC,2024-01-17 07:44:47 UTC,,7447,lead,Final,Men RP1,finished,2022-05-25 20:22:33 UTC,/api/v1/category_rounds/7447/results,lead_one_group_one_route,IFSC: 1 route,51,,,,,,,7694,1,/api/v1/routes/7694/startlist,/api/v1/routes/7694/results
/api/v1/events/1278/result/589,1278,full_results_url,IFSC - Paraclimbing World Cup (L) - Salt Lake City (USA) 2022,LEAD Men RP2,finished,2025-10-02 07:18:37 UTC,2024-01-17 07:44:48 UTC,,7352,lead,Qualification,Men RP2,finished,2022-05-24 19:20:07 UTC,/api/v1/category_rounds/7352/results,lead_one_group_two_routes,IFSC: 2 routes,49,,,,,,,7730,1,/api/v1/routes/7730/startlist,/api/v1/routes/7730/results
/api/v1/events/1278/result/589,1278,full_results_url,IFSC - Paraclimbing World Cup (L) - Salt Lake City (USA) 2022,LEAD Men RP2,finished,2025-10-02 07:18:37 UTC,2024-01-17 07:44:48 UTC,,7352,lead,Qualification,Men RP2,finished,2022-05-24 19:20:07 UTC,/api/v1/category_rounds/7352/results,lead_one_group_two_routes,IFSC: 2 routes,49,,,,,,,7731,2,/api/v1/routes/7731/startlist,/api/v1/routes/7731/results
/api/v1/events/1278/result/589,1278,full_results_url,IFSC - Paraclimbing World Cup (L) - Salt Lake City (USA) 2022,LEAD Men RP2,finished,2025-10-02 07:18:37 UTC,2024-01-17 07:44:48 UTC,,7448,lead,Final,Men RP2,finished,2022-05-25 20:20:56 UTC,/api/v1/category_rounds/7448/results,lead_one_group_one_route,IFSC: 1 route,51,,,,,,,7695,1,/api/v1/routes/7695/startlist,/api/v1/routes/7695/results
/api/v1/events/1278/result/593,1278,full_results_url,IFSC - Paraclimbing World Cup (L) - Salt Lake City (USA) 2022,LEAD Men RP3,finished,2025-10-02 07:18:37 UTC,2024-01-17 07:44:49 UTC,,7353,lead,Qualification,Men RP3,finished,2022-05-24 19:42:12 UTC,/api/v1/category_rounds/7353/results,lead_one_group_two_routes,IFSC: 2 routes,49,,,,,,,7732,1,/api/v1/routes/7732/startlist,/api/v1/routes/7732/results
/api/v1/events/1278/result/593,1278,full_results_url,IFSC - Paraclimbing World Cup (L) - Salt Lake City (USA) 2022,LEAD Men RP3,finished,2025-10-02 07:18:37 UTC,2024-01-17 07:44:49 UTC,,7353,lead,Qualification,Men RP3,finished,2022-05-24 19:42:12 UTC,/api/v1/category_rounds/7353/results,lead_one_group_two_routes,IFSC: 2 routes,49,,,,,,,7733,2,/api/v1/routes/7733/startlist,/api/v1/routes/7733/results
/api/v1/events/1278/result/593,1278,full_results_url,IFSC - Paraclimbing World Cup (L) - Salt Lake City (USA) 2022,LEAD Men RP3,finished,2025-10-02 07:18:37 UTC,2024-01-17 07:44:49 UTC,,7449,lead,Final,Men RP3,finished,2022-05-25 19:45:32 UTC,/api/v1/category_rounds/7449/results,lead_one_group_one_route,IFSC: 1 route,51,,,,,,,7696,1,/api/v1/routes/7696/startlist,/api/v1/routes/7696/results
/api/v1/events/1278/result/597,1278,full_results_url,IFSC - Paraclimbing World Cup (L) - Salt Lake City (USA) 2022,LEAD Women RP1,finished,2025-10-02 07:18:37 UTC,2024-01-17 07:44:49 UTC,,7354,lead,Qualification,Women RP1,finished,2022-05-24 19:22:15 UTC,/api/v1/category_rounds/7354/results,lead_one_group_two_routes,IFSC: 2 routes,49,,,,,,,7734,1,/api/v1/routes/7734/startlist,/api/v1/routes/7734/results
/api/v1/events/1278/result/597,1278,full_results_url,IFSC - Paraclimbing World Cup (L) - Salt Lake City (USA) 2022,LEAD Women RP1,finished,2025-10-02 07:18:37 UTC,2024-01-17 07:44:49 UTC,,7354,lead,Qualification,Women RP1,finished,2022-05-24 19:22:15 UTC,/api/v1/category_rounds/7354/results,lead_one_group_two_routes,IFSC: 2 routes,49,,,,,,,7735,2,/api/v1/routes/7735/startlist,/api/v1/routes/7735/results
/api/v1/events/1278/result/597,1278,full_results_url,IFSC - Paraclimbing World Cup (L) - Salt Lake City (USA) 2022,LEAD Women RP1,finished,2025-10-02 07:18:37 UTC,2024-01-17 07:44:49 UTC,,7450,lead,Final,Women RP1,finished,2022-05-25 20:03:50 UTC,/api/v1/category_rounds/7450/results,lead_one_group_one_route,IFSC: 1 route,51,,,,,,,7697,1,/api/v1/routes/7697/startlist,/api/v1/routes/7697/results
/api/v1/events/1278/result/601,1278,full_results_url,IFSC - Paraclimbing World Cup (L) - Salt Lake City (USA) 2022,LEAD Women RP2,active,2025-10-02 07:18:37 UTC,NA,,7355,lead,Qualification,Women RP2,pending,2022-05-23 21:54:14 UTC,/api/v1/category_rounds/7355/results,lead_one_group_two_routes,IFSC: 2 routes,49,,,,,,,7736,1,/api/v1/routes/7736/startlist,/api/v1/routes/7736/results
/api/v1/events/1278/result/601,1278,full_results_url,IFSC - Paraclimbing World Cup (L) - Salt Lake City (USA) 2022,LEAD Women RP2,active,2025-10-02 07:18:37 UTC,NA,,7355,lead,Qualification,Women RP2,pending,2022-05-23 21:54:14 UTC,/api/v1/category_rounds/7355/results,lead_one_group_two_routes,IFSC: 2 routes,49,,,,,,,7737,2,/api/v1/routes/7737/startlist,/api/v1/routes/7737/results
/api/v1/events/1278/result/601,1278,full_results_url,IFSC - Paraclimbing World Cup (L) - Salt Lake City (USA) 2022,LEAD Women RP2,active,2025-10-02 07:18:37 UTC,NA,,7451,lead,Final,Women RP2,pending,2022-05-23 20:45:46 UTC,/api/v1/category_rounds/7451/results,lead_one_group_one_route,IFSC: 1 route,51,,,,,,,7698,1,/api/v1/routes/7698/startlist,/api/v1/routes/7698/results
/api/v1/events/1278/result/605,1278,full_results_url,IFSC - Paraclimbing World Cup (L) - Salt Lake City (USA) 2022,LEAD Women RP3,finished,2025-10-02 07:18:37 UTC,2024-01-17 07:44:50 UTC,,7356,lead,Qualification,Women RP3,finished,2022-05-24 22:30:23 UTC,/api/v1/category_rounds/7356/results,lead_one_group_two_routes,IFSC: 2 routes,49,,,,,,,7738,1,/api/v1/routes/7738/startlist,/api/v1/routes/7738/results
/api/v1/events/1278/result/605,1278,full_results_url,IFSC - Paraclimbing World Cup (L) - Salt Lake City (USA) 2022,LEAD Women RP3,finished,2025-10-02 07:18:37 UTC,2024-01-17 07:44:50 UTC,,7356,lead,Qualification,Women RP3,finished,2022-05-24 22:30:23 UTC,/api/v1/category_rounds/7356/results,lead_one_group_two_routes,IFSC: 2 routes,49,,,,,,,7739,2,/api/v1/routes/7739/startlist,/api/v1/routes/7739/results
/api/v1/events/1278/result/605,1278,full_results_url,IFSC - Paraclimbing World Cup (L) - Salt Lake City (USA) 2022,LEAD Women RP3,finished,2025-10-02 07:18:37 UTC,2024-01-17 07:44:50 UTC,,7452,lead,Final,Women RP3,finished,2022-05-25 20:05:41 UTC,/api/v1/category_rounds/7452/results,lead_one_group_one_route,IFSC: 1 route,51,,,,,,,7699,1,/api/v1/routes/7699/startlist,/api/v1/routes/7699/results
/api/v1/events/1262/result/233,1262,full_results_url,"IFSC Europe - Continental Youth Cup (L,S) - Imst (AUT) 2022",LEAD Juniors Male,finished,2025-10-02 07:18:36 UTC,2026-04-22 08:55:35 UTC,,7090,lead,Qualification,Juniors Male,finished,2022-05-28 09:38:29 UTC,/api/v1/category_rounds/7090/results,lead_one_group_two_routes,IFSC: 2 routes,19,,,,,,,6706,1,/api/v1/routes/6706/startlist,/api/v1/routes/6706/results
/api/v1/events/1262/result/233,1262,full_results_url,"IFSC Europe - Continental Youth Cup (L,S) - Imst (AUT) 2022",LEAD Juniors Male,finished,2025-10-02 07:18:36 UTC,2026-04-22 08:55:35 UTC,,7090,lead,Qualification,Juniors Male,finished,2022-05-28 09:38:29 UTC,/api/v1/category_rounds/7090/results,lead_one_group_two_routes,IFSC: 2 routes,19,,,,,,,6707,2,/api/v1/routes/6707/startlist,/api/v1/routes/6707/results
/api/v1/events/1262/result/233,1262,full_results_url,"IFSC Europe - Continental Youth Cup (L,S) - Imst (AUT) 2022",LEAD Juniors Male,finished,2025-10-02 07:18:36 UTC,2026-04-22 08:55:35 UTC,,7235,lead,Final,Juniors Male,finished,2022-05-29 11:27:14 UTC,/api/v1/category_rounds/7235/results,lead_one_group_one_route,IFSC: 1 route,21,,,,,,,7172,1,/api/v1/routes/7172/startlist,/api/v1/routes/7172/results
/api/v1/events/1262/result/237,1262,full_results_url,"IFSC Europe - Continental Youth Cup (L,S) - Imst (AUT) 2022",LEAD Youth A Male,finished,2025-10-02 07:18:36 UTC,2026-04-23 12:20:23 UTC,,7091,lead,Qualification,Youth A Male,finished,2022-05-28 15:50:32 UTC,/api/v1/category_rounds/7091/results,lead_one_group_two_routes,IFSC: 2 routes,19,,,,,,,6708,1,/api/v1/routes/6708/startlist,/api/v1/routes/6708/results
/api/v1/events/1262/result/237,1262,full_results_url,"IFSC Europe - Continental Youth Cup (L,S) - Imst (AUT) 2022",LEAD Youth A Male,finished,2025-10-02 07:18:36 UTC,2026-04-23 12:20:23 UTC,,7091,lead,Qualification,Youth A Male,finished,2022-05-28 15:50:32 UTC,/api/v1/category_rounds/7091/results,lead_one_group_two_routes,IFSC: 2 routes,19,,,,,,,6709,2,/api/v1/routes/6709/startlist,/api/v1/routes/6709/results
/api/v1/events/1262/result/237,1262,full_results_url,"IFSC Europe - Continental Youth Cup (L,S) - Imst (AUT) 2022",LEAD Youth A Male,finished,2025-10-02 07:18:36 UTC,2026-04-23 12:20:23 UTC,,7236,lead,Final,Youth A Male,finished,2022-05-29 09:59:50 UTC,/api/v1/category_rounds/7236/results,lead_one_group_one_route,IFSC: 1 route,21,,,,,,,7173,1,/api/v1/routes/7173/startlist,/api/v1/routes/7173/results
/api/v1/events/1262/result/241,1262,full_results_url,"IFSC Europe - Continental Youth Cup (L,S) - Imst (AUT) 2022",LEAD Youth B Male,finished,2025-10-02 07:18:36 UTC,2026-04-22 08:55:43 UTC,,7092,lead,Qualification,Youth B Male,finished,2022-05-28 12:04:20 UTC,/api/v1/category_rounds/7092/results,lead_one_group_two_routes,IFSC: 2 routes,19,,,,,,,6710,1,/api/v1/routes/6710/startlist,/api/v1/routes/6710/results
/api/v1/events/1262/result/241,1262,full_results_url,"IFSC Europe - Continental Youth Cup (L,S) - Imst (AUT) 2022",LEAD Youth B Male,finished,2025-10-02 07:18:36 UTC,2026-04-22 08:55:43 UTC,,7092,lead,Qualification,Youth B Male,finished,2022-05-28 12:04:20 UTC,/api/v1/category_rounds/7092/results,lead_one_group_two_routes,IFSC: 2 routes,19,,,,,,,6711,2,/api/v1/routes/6711/startlist,/api/v1/routes/6711/results
/api/v1/events/1262/result/241,1262,full_results_url,"IFSC Europe - Continental Youth Cup (L,S) - Imst (AUT) 2022",LEAD Youth B Male,finished,2025-10-02 07:18:36 UTC,2026-04-22 08:55:43 UTC,,7237,lead,Final,Youth B Male,finished,2022-05-29 08:39:23 UTC,/api/v1/category_rounds/7237/results,lead_one_group_one_route,IFSC: 1 route,21,,,,,,,7174,1,/api/v1/routes/7174/startlist,/api/v1/routes/7174/results
/api/v1/events/1262/result/249,1262,full_results_url,"IFSC Europe - Continental Youth Cup (L,S) - Imst (AUT) 2022",LEAD Juniors Female,finished,2025-10-02 07:18:36 UTC,2026-04-22 08:55:46 UTC,,7093,lead,Qualification,Juniors Female,finished,2022-05-28 15:28:48 UTC,/api/v1/category_rounds/7093/results,lead_one_group_two_routes,IFSC: 2 routes,19,,,,,,,6712,1,/api/v1/routes/6712/startlist,/api/v1/routes/6712/results
/api/v1/events/1262/result/249,1262,full_results_url,"IFSC Europe - Continental Youth Cup (L,S) - Imst (AUT) 2022",LEAD Juniors Female,finished,2025-10-02 07:18:36 UTC,2026-04-22 08:55:46 UTC,,7093,lead,Qualification,Juniors Female,finished,2022-05-28 15:28:48 UTC,/api/v1/category_rounds/7093/results,lead_one_group_two_routes,IFSC: 2 routes,19,,,,,,,6713,2,/api/v1/routes/6713/startlist,/api/v1/routes/6713/results
/api/v1/events/1262/result/249,1262,full_results_url,"IFSC Europe - Continental Youth Cup (L,S) - Imst (AUT) 2022",LEAD Juniors Female,finished,2025-10-02 07:18:36 UTC,2026-04-22 08:55:46 UTC,,7238,lead,Final,Juniors Female,finished,2022-05-29 11:20:30 UTC,/api/v1/category_rounds/7238/results,lead_one_group_one_route,IFSC: 1 route,21,,,,,,,7175,1,/api/v1/routes/7175/startlist,/api/v1/routes/7175/results
/api/v1/events/1262/result/253,1262,full_results_url,"IFSC Europe - Continental Youth Cup (L,S) - Imst (AUT) 2022",LEAD Youth A Female,finished,2025-10-02 07:18:36 UTC,2026-04-22 08:55:49 UTC,,7094,lead,Qualification,Youth A Female,finished,2022-05-28 11:45:09 UTC,/api/v1/category_rounds/7094/results,lead_one_group_two_routes,IFSC: 2 routes,19,,,,,,,6714,1,/api/v1/routes/6714/startlist,/api/v1/routes/6714/results
/api/v1/events/1262/result/253,1262,full_results_url,"IFSC Europe - Continental Youth Cup (L,S) - Imst (AUT) 2022",LEAD Youth A Female,finished,2025-10-02 07:18:36 UTC,2026-04-22 08:55:49 UTC,,7094,lead,Qualification,Youth A Female,finished,2022-05-28 11:45:09 UTC,/api/v1/category_rounds/7094/results,lead_one_group_two_routes,IFSC: 2 routes,19,,,,,,,6715,2,/api/v1/routes/6715/startlist,/api/v1/routes/6715/results
/api/v1/events/1262/result/253,1262,full_results_url,"IFSC Europe - Continental Youth Cup (L,S) - Imst (AUT) 2022",LEAD Youth A Female,finished,2025-10-02 07:18:36 UTC,2026-04-22 08:55:49 UTC,,7239,lead,Final,Youth A Female,finished,2022-05-29 10:14:02 UTC,/api/v1/category_rounds/7239/results,lead_one_group_one_route,IFSC: 1 route,21,,,,,,,7176,1,/api/v1/routes/7176/startlist,/api/v1/routes/7176/results
/api/v1/events/1262/result/257,1262,full_results_url,"IFSC Europe - Continental Youth Cup (L,S) - Imst (AUT) 2022",LEAD Youth B Female,finished,2025-10-02 07:18:36 UTC,2026-04-22 08:55:53 UTC,,7095,lead,Qualification,Youth B Female,finished,2022-05-28 17:01:54 UTC,/api/v1/category_rounds/7095/results,lead_one_group_two_routes,IFSC: 2 routes,19,,,,,,,6716,1,/api/v1/routes/6716/startlist,/api/v1/routes/6716/results
/api/v1/events/1262/result/257,1262,full_results_url,"IFSC Europe - Continental Youth Cup (L,S) - Imst (AUT) 2022",LEAD Youth B Female,finished,2025-10-02 07:18:36 UTC,2026-04-22 08:55:53 UTC,,7095,lead,Qualification,Youth B Female,finished,2022-05-28 17:01:54 UTC,/api/v1/category_rounds/7095/results,lead_one_group_two_routes,IFSC: 2 routes,19,,,,,,,6717,2,/api/v1/routes/6717/startlist,/api/v1/routes/6717/results
/api/v1/events/1262/result/257,1262,full_results_url,"IFSC Europe - Continental Youth Cup (L,S) - Imst (AUT) 2022",LEAD Youth B Female,finished,2025-10-02 07:18:36 UTC,2026-04-22 08:55:53 UTC,,7240,lead,Final,Youth B Female,finished,2022-05-29 08:56:51 UTC,/api/v1/category_rounds/7240/results,lead_one_group_one_route,IFSC: 1 route,21,,,,,,,7177,1,/api/v1/routes/7177/startlist,/api/v1/routes/7177/results
/api/v1/events/1262/result/234,1262,full_results_url,"IFSC Europe - Continental Youth Cup (L,S) - Imst (AUT) 2022",SPEED Juniors Male,finished,2025-10-02 07:18:36 UTC,2026-04-22 08:55:56 UTC,,7096,speed,Qualification,Juniors Male,finished,2022-05-27 12:33:15 UTC,/api/v1/category_rounds/7096/results,speed_staggered,IFSC: Qualification,19,,,,,,,6718,A,/api/v1/routes/6718/startlist,
/api/v1/events/1262/result/234,1262,full_results_url,"IFSC Europe - Continental Youth Cup (L,S) - Imst (AUT) 2022",SPEED Juniors Male,finished,2025-10-02 07:18:36 UTC,2026-04-22 08:55:56 UTC,,7096,speed,Qualification,Juniors Male,finished,2022-05-27 12:33:15 UTC,/api/v1/category_rounds/7096/results,speed_staggered,IFSC: Qualification,19,,,,,,,6719,B,/api/v1/routes/6719/startlist,
/api/v1/events/1262/result/234,1262,full_results_url,"IFSC Europe - Continental Youth Cup (L,S) - Imst (AUT) 2022",SPEED Juniors Male,finished,2025-10-02 07:18:36 UTC,2026-04-22 08:55:56 UTC,,7241,speed,Final,Juniors Male,finished,2024-01-17 05:44:54 UTC,/api/v1/category_rounds/7241/results,speed_elimination_ifsc_2022,IFSC 2022: Elimination,21,,,,,,,7464,A,/api/v1/routes/7464/startlist,
/api/v1/events/1262/result/234,1262,full_results_url,"IFSC Europe - Continental Youth Cup (L,S) - Imst (AUT) 2022",SPEED Juniors Male,finished,2025-10-02 07:18:36 UTC,2026-04-22 08:55:56 UTC,,7241,speed,Final,Juniors Male,finished,2024-01-17 05:44:54 UTC,/api/v1/category_rounds/7241/results,speed_elimination_ifsc_2022,IFSC 2022: Elimination,21,,,,,,,7465,B,/api/v1/routes/7465/startlist,
/api/v1/events/1262/result/238,1262,full_results_url,"IFSC Europe - Continental Youth Cup (L,S) - Imst (AUT) 2022",SPEED Youth A Male,finished,2025-10-02 07:18:36 UTC,2026-04-22 08:55:59 UTC,,7097,speed,Qualification,Youth A Male,finished,2022-05-27 12:11:34 UTC,/api/v1/category_rounds/7097/results,speed_staggered,IFSC: Qualification,19,,,,,,,6720,A,/api/v1/routes/6720/startlist,
/api/v1/events/1262/result/238,1262,full_results_url,"IFSC Europe - Continental Youth Cup (L,S) - Imst (AUT) 2022",SPEED Youth A Male,finished,2025-10-02 07:18:36 UTC,2026-04-22 08:55:59 UTC,,7097,speed,Qualification,Youth A Male,finished,2022-05-27 12:11:34 UTC,/api/v1/category_rounds/7097/results,speed_staggered,IFSC: Qualification,19,,,,,,,6721,B,/api/v1/routes/6721/startlist,
/api/v1/events/1262/result/238,1262,full_results_url,"IFSC Europe - Continental Youth Cup (L,S) - Imst (AUT) 2022",SPEED Youth A Male,finished,2025-10-02 07:18:36 UTC,2026-04-22 08:55:59 UTC,,7242,speed,Final,Youth A Male,finished,2024-01-17 05:44:55 UTC,/api/v1/category_rounds/7242/results,speed_elimination_ifsc_2022,IFSC 2022: Elimination,21,,,,,,,7466,A,/api/v1/routes/7466/startlist,
/api/v1/events/1262/result/238,1262,full_results_url,"IFSC Europe - Continental Youth Cup (L,S) - Imst (AUT) 2022",SPEED Youth A Male,finished,2025-10-02 07:18:36 UTC,2026-04-22 08:55:59 UTC,,7242,speed,Final,Youth A Male,finished,2024-01-17 05:44:55 UTC,/api/v1/category_rounds/7242/results,speed_elimination_ifsc_2022,IFSC 2022: Elimination,21,,,,,,,7467,B,/api/v1/routes/7467/startlist,
/api/v1/events/1262/result/242,1262,full_results_url,"IFSC Europe - Continental Youth Cup (L,S) - Imst (AUT) 2022",SPEED Youth B Male,finished,2025-10-02 07:18:36 UTC,2026-04-22 08:56:02 UTC,,7098,speed,Qualification,Youth B Male,finished,2022-05-27 12:17:40 UTC,/api/v1/category_rounds/7098/results,speed_staggered,IFSC: Qualification,19,,,,,,,6722,A,/api/v1/routes/6722/startlist,
/api/v1/events/1262/result/242,1262,full_results_url,"IFSC Europe - Continental Youth Cup (L,S) - Imst (AUT) 2022",SPEED Youth B Male,finished,2025-10-02 07:18:36 UTC,2026-04-22 08:56:02 UTC,,7098,speed,Qualification,Youth B Male,finished,2022-05-27 12:17:40 UTC,/api/v1/category_rounds/7098/results,speed_staggered,IFSC: Qualification,19,,,,,,,6723,B,/api/v1/routes/6723/startlist,
/api/v1/events/1262/result/242,1262,full_results_url,"IFSC Europe - Continental Youth Cup (L,S) - Imst (AUT) 2022",SPEED Youth B Male,finished,2025-10-02 07:18:36 UTC,2026-04-22 08:56:02 UTC,,7243,speed,Final,Youth B Male,finished,2024-01-15 17:25:04 UTC,/api/v1/category_rounds/7243/results,speed_elimination_ifsc_2022,IFSC 2022: Elimination,21,,,,,,,7468,A,/api/v1/routes/7468/startlist,
/api/v1/events/1262/result/242,1262,full_results_url,"IFSC Europe - Continental Youth Cup (L,S) - Imst (AUT) 2022",SPEED Youth B Male,finished,2025-10-02 07:18:36 UTC,2026-04-22 08:56:02 UTC,,7243,speed,Final,Youth B Male,finished,2024-01-15 17:25:04 UTC,/api/v1/category_rounds/7243/results,speed_elimination_ifsc_2022,IFSC 2022: Elimination,21,,,,,,,7469,B,/api/v1/routes/7469/startlist,
/api/v1/events/1262/result/250,1262,full_results_url,"IFSC Europe - Continental Youth Cup (L,S) - Imst (AUT) 2022",SPEED Juniors Female,finished,2025-10-02 07:18:36 UTC,2026-04-22 08:56:05 UTC,,7099,speed,Qualification,Juniors Female,finished,2022-05-27 12:23:26 UTC,/api/v1/category_rounds/7099/results,speed_staggered,IFSC: Qualification,19,,,,,,,6724,A,/api/v1/routes/6724/startlist,
/api/v1/events/1262/result/250,1262,full_results_url,"IFSC Europe - Continental Youth Cup (L,S) - Imst (AUT) 2022",SPEED Juniors Female,finished,2025-10-02 07:18:36 UTC,2026-04-22 08:56:05 UTC,,7099,speed,Qualification,Juniors Female,finished,2022-05-27 12:23:26 UTC,/api/v1/category_rounds/7099/results,speed_staggered,IFSC: Qualification,19,,,,,,,6725,B,/api/v1/routes/6725/startlist,
/api/v1/events/1262/result/250,1262,full_results_url,"IFSC Europe - Continental Youth Cup (L,S) - Imst (AUT) 2022",SPEED Juniors Female,finished,2025-10-02 07:18:36 UTC,2026-04-22 08:56:05 UTC,,7244,speed,Final,Juniors Female,finished,2022-05-27 15:01:56 UTC,/api/v1/category_rounds/7244/results,speed_elimination_ifsc_2022,IFSC 2022: Elimination,21,,,,,,,7470,A,/api/v1/routes/7470/startlist,
/api/v1/events/1262/result/250,1262,full_results_url,"IFSC Europe - Continental Youth Cup (L,S) - Imst (AUT) 2022",SPEED Juniors Female,finished,2025-10-02 07:18:36 UTC,2026-04-22 08:56:05 UTC,,7244,speed,Final,Juniors Female,finished,2022-05-27 15:01:56 UTC,/api/v1/category_rounds/7244/results,speed_elimination_ifsc_2022,IFSC 2022: Elimination,21,,,,,,,7471,B,/api/v1/routes/7471/startlist,
/api/v1/events/1262/result/254,1262,full_results_url,"IFSC Europe - Continental Youth Cup (L,S) - Imst (AUT) 2022",SPEED Youth A Female,finished,2025-10-02 07:18:36 UTC,2026-04-22 08:56:09 UTC,,7100,speed,Qualification,Youth A Female,finished,2022-05-27 12:01:39 UTC,/api/v1/category_rounds/7100/results,speed_staggered,IFSC: Qualification,19,,,,,,,6726,A,/api/v1/routes/6726/startlist,
/api/v1/events/1262/result/254,1262,full_results_url,"IFSC Europe - Continental Youth Cup (L,S) - Imst (AUT) 2022",SPEED Youth A Female,finished,2025-10-02 07:18:36 UTC,2026-04-22 08:56:09 UTC,,7100,speed,Qualification,Youth A Female,finished,2022-05-27 12:01:39 UTC,/api/v1/category_rounds/7100/results,speed_staggered,IFSC: Qualification,19,,,,,,,6727,B,/api/v1/routes/6727/startlist,
/api/v1/events/1262/result/254,1262,full_results_url,"IFSC Europe - Continental Youth Cup (L,S) - Imst (AUT) 2022",SPEED Youth A Female,finished,2025-10-02 07:18:36 UTC,2026-04-22 08:56:09 UTC,,7245,speed,Final,Youth A Female,finished,2024-01-17 05:44:56 UTC,/api/v1/category_rounds/7245/results,speed_elimination_ifsc_2022,IFSC 2022: Elimination,21,,,,,,,7472,A,/api/v1/routes/7472/startlist,
/api/v1/events/1262/result/254,1262,full_results_url,"IFSC Europe - Continental Youth Cup (L,S) - Imst (AUT) 2022",SPEED Youth A Female,finished,2025-10-02 07:18:36 UTC,2026-04-22 08:56:09 UTC,,7245,speed,Final,Youth A Female,finished,2024-01-17 05:44:56 UTC,/api/v1/category_rounds/7245/results,speed_elimination_ifsc_2022,IFSC 2022: Elimination,21,,,,,,,7473,B,/api/v1/routes/7473/startlist,
/api/v1/events/1262/result/258,1262,full_results_url,"IFSC Europe - Continental Youth Cup (L,S) - Imst (AUT) 2022",SPEED Youth B Female,finished,2025-10-02 07:18:36 UTC,2026-04-22 08:56:12 UTC,,7101,speed,Qualification,Youth B Female,finished,2022-05-27 11:27:22 UTC,/api/v1/category_rounds/7101/results,speed_staggered,IFSC: Qualification,19,,,,,,,6728,A,/api/v1/routes/6728/startlist,
/api/v1/events/1262/result/258,1262,full_results_url,"IFSC Europe - Continental Youth Cup (L,S) - Imst (AUT) 2022",SPEED Youth B Female,finished,2025-10-02 07:18:36 UTC,2026-04-22 08:56:12 UTC,,7101,speed,Qualification,Youth B Female,finished,2022-05-27 11:27:22 UTC,/api/v1/category_rounds/7101/results,speed_staggered,IFSC: Qualification,19,,,,,,,6729,B,/api/v1/routes/6729/startlist,
/api/v1/events/1262/result/258,1262,full_results_url,"IFSC Europe - Continental Youth Cup (L,S) - Imst (AUT) 2022",SPEED Youth B Female,finished,2025-10-02 07:18:36 UTC,2026-04-22 08:56:12 UTC,,7246,speed,Final,Youth B Female,finished,2024-01-17 05:44:56 UTC,/api/v1/category_rounds/7246/results,speed_elimination_ifsc_2022,IFSC 2022: Elimination,21,,,,,,,7474,A,/api/v1/routes/7474/startlist,
/api/v1/events/1262/result/258,1262,full_results_url,"IFSC Europe - Continental Youth Cup (L,S) - Imst (AUT) 2022",SPEED Youth B Female,finished,2025-10-02 07:18:36 UTC,2026-04-22 08:56:12 UTC,,7246,speed,Final,Youth B Female,finished,2024-01-17 05:44:56 UTC,/api/v1/category_rounds/7246/results,speed_elimination_ifsc_2022,IFSC 2022: Elimination,21,,,,,,,7475,B,/api/v1/routes/7475/startlist,
/api/v1/events/1237/result/3,1237,full_results_url,"IFSC - Climbing World Cup (B,S) - Salt Lake City (USA) 2022",BOULDER Men,finished,2025-10-02 07:18:36 UTC,2026-04-22 08:56:16 UTC,,7454,boulder,Semi-final,Men,finished,2022-05-29 19:20:26 UTC,/api/v1/category_rounds/7454/results,boulder_one_group_one_boulder_set,IFSC: 1 group,2,,,,,,,7741,1,/api/v1/routes/7741/startlist,
/api/v1/events/1237/result/3,1237,full_results_url,"IFSC - Climbing World Cup (B,S) - Salt Lake City (USA) 2022",BOULDER Men,finished,2025-10-02 07:18:36 UTC,2026-04-22 08:56:16 UTC,,7454,boulder,Semi-final,Men,finished,2022-05-29 19:20:26 UTC,/api/v1/category_rounds/7454/results,boulder_one_group_one_boulder_set,IFSC: 1 group,2,,,,,,,7742,2,/api/v1/routes/7742/startlist,
/api/v1/events/1237/result/3,1237,full_results_url,"IFSC - Climbing World Cup (B,S) - Salt Lake City (USA) 2022",BOULDER Men,finished,2025-10-02 07:18:36 UTC,2026-04-22 08:56:16 UTC,,7454,boulder,Semi-final,Men,finished,2022-05-29 19:20:26 UTC,/api/v1/category_rounds/7454/results,boulder_one_group_one_boulder_set,IFSC: 1 group,2,,,,,,,7743,3,/api/v1/routes/7743/startlist,
/api/v1/events/1237/result/3,1237,full_results_url,"IFSC - Climbing World Cup (B,S) - Salt Lake City (USA) 2022",BOULDER Men,finished,2025-10-02 07:18:36 UTC,2026-04-22 08:56:16 UTC,,7454,boulder,Semi-final,Men,finished,2022-05-29 19:20:26 UTC,/api/v1/category_rounds/7454/results,boulder_one_group_one_boulder_set,IFSC: 1 group,2,,,,,,,7744,4,/api/v1/routes/7744/startlist,
/api/v1/events/1237/result/3,1237,full_results_url,"IFSC - Climbing World Cup (B,S) - Salt Lake City (USA) 2022",BOULDER Men,finished,2025-10-02 07:18:36 UTC,2026-04-22 08:56:16 UTC,,7456,boulder,Final,Men,finished,2022-05-30 02:56:51 UTC,/api/v1/category_rounds/7456/results,boulder_finals_one_by_one,IFSC: Finals,3,,,,,,,7749,1,/api/v1/routes/7749/startlist,
/api/v1/events/1237/result/3,1237,full_results_url,"IFSC - Climbing World Cup (B,S) - Salt Lake City (USA) 2022",BOULDER Men,finished,2025-10-02 07:18:36 UTC,2026-04-22 08:56:16 UTC,,7456,boulder,Final,Men,finished,2022-05-30 02:56:51 UTC,/api/v1/category_rounds/7456/results,boulder_finals_one_by_one,IFSC: Finals,3,,,,,,,7750,2,/api/v1/routes/7750/startlist,
/api/v1/events/1237/result/3,1237,full_results_url,"IFSC - Climbing World Cup (B,S) - Salt Lake City (USA) 2022",BOULDER Men,finished,2025-10-02 07:18:36 UTC,2026-04-22 08:56:16 UTC,,7456,boulder,Final,Men,finished,2022-05-30 02:56:51 UTC,/api/v1/category_rounds/7456/results,boulder_finals_one_by_one,IFSC: Finals,3,,,,,,,7751,3,/api/v1/routes/7751/startlist,
/api/v1/events/1237/result/3,1237,full_results_url,"IFSC - Climbing World Cup (B,S) - Salt Lake City (USA) 2022",BOULDER Men,finished,2025-10-02 07:18:36 UTC,2026-04-22 08:56:16 UTC,,7456,boulder,Final,Men,finished,2022-05-30 02:56:51 UTC,/api/v1/category_rounds/7456/results,boulder_finals_one_by_one,IFSC: Finals,3,,,,,,,7752,4,/api/v1/routes/7752/startlist,
/api/v1/events/1237/result/7,1237,full_results_url,"IFSC - Climbing World Cup (B,S) - Salt Lake City (USA) 2022",BOULDER Women,finished,2025-10-02 07:18:36 UTC,2026-04-22 08:56:19 UTC,,7455,boulder,Semi-final,Women,finished,2022-05-29 19:19:50 UTC,/api/v1/category_rounds/7455/results,boulder_one_group_one_boulder_set,IFSC: 1 group,2,,,,,,,7745,1,/api/v1/routes/7745/startlist,
/api/v1/events/1237/result/7,1237,full_results_url,"IFSC - Climbing World Cup (B,S) - Salt Lake City (USA) 2022",BOULDER Women,finished,2025-10-02 07:18:36 UTC,2026-04-22 08:56:19 UTC,,7455,boulder,Semi-final,Women,finished,2022-05-29 19:19:50 UTC,/api/v1/category_rounds/7455/results,boulder_one_group_one_boulder_set,IFSC: 1 group,2,,,,,,,7746,2,/api/v1/routes/7746/startlist,
/api/v1/events/1237/result/7,1237,full_results_url,"IFSC - Climbing World Cup (B,S) - Salt Lake City (USA) 2022",BOULDER Women,finished,2025-10-02 07:18:36 UTC,2026-04-22 08:56:19 UTC,,7455,boulder,Semi-final,Women,finished,2022-05-29 19:19:50 UTC,/api/v1/category_rounds/7455/results,boulder_one_group_one_boulder_set,IFSC: 1 group,2,,,,,,,7747,3,/api/v1/routes/7747/startlist,
/api/v1/events/1237/result/7,1237,full_results_url,"IFSC - Climbing World Cup (B,S) - Salt Lake City (USA) 2022",BOULDER Women,finished,2025-10-02 07:18:36 UTC,2026-04-22 08:56:19 UTC,,7455,boulder,Semi-final,Women,finished,2022-05-29 19:19:50 UTC,/api/v1/category_rounds/7455/results,boulder_one_group_one_boulder_set,IFSC: 1 group,2,,,,,,,7748,4,/api/v1/routes/7748/startlist,
/api/v1/events/1237/result/7,1237,full_results_url,"IFSC - Climbing World Cup (B,S) - Salt Lake City (USA) 2022",BOULDER Women,finished,2025-10-02 07:18:36 UTC,2026-04-22 08:56:19 UTC,,7457,boulder,Final,Women,finished,2022-05-30 01:32:13 UTC,/api/v1/category_rounds/7457/results,boulder_finals_one_by_one,IFSC: Finals,3,,,,,,,7753,1,/api/v1/routes/7753/startlist,
/api/v1/events/1237/result/7,1237,full_results_url,"IFSC - Climbing World Cup (B,S) - Salt Lake City (USA) 2022",BOULDER Women,finished,2025-10-02 07:18:36 UTC,2026-04-22 08:56:19 UTC,,7457,boulder,Final,Women,finished,2022-05-30 01:32:13 UTC,/api/v1/category_rounds/7457/results,boulder_finals_one_by_one,IFSC: Finals,3,,,,,,,7754,2,/api/v1/routes/7754/startlist,
/api/v1/events/1237/result/7,1237,full_results_url,"IFSC - Climbing World Cup (B,S) - Salt Lake City (USA) 2022",BOULDER Women,finished,2025-10-02 07:18:36 UTC,2026-04-22 08:56:19 UTC,,7457,boulder,Final,Women,finished,2022-05-30 01:32:13 UTC,/api/v1/category_rounds/7457/results,boulder_finals_one_by_one,IFSC: Finals,3,,,,,,,7755,3,/api/v1/routes/7755/startlist,
/api/v1/events/1237/result/7,1237,full_results_url,"IFSC - Climbing World Cup (B,S) - Salt Lake City (USA) 2022",BOULDER Women,finished,2025-10-02 07:18:36 UTC,2026-04-22 08:56:19 UTC,,7457,boulder,Final,Women,finished,2022-05-30 01:32:13 UTC,/api/v1/category_rounds/7457/results,boulder_finals_one_by_one,IFSC: Finals,3,,,,,,,7756,4,/api/v1/routes/7756/startlist,
/api/v1/events/1237/result/2,1237,full_results_url,"IFSC - Climbing World Cup (B,S) - Salt Lake City (USA) 2022",SPEED Men,finished,2025-10-02 07:18:36 UTC,2026-04-22 08:56:23 UTC,,6856,speed,Qualification,Men,finished,2022-05-27 19:17:14 UTC,/api/v1/category_rounds/6856/results,speed_staggered,IFSC: Qualification,1,,,,,,,5848,A,/api/v1/routes/5848/startlist,
/api/v1/events/1237/result/2,1237,full_results_url,"IFSC - Climbing World Cup (B,S) - Salt Lake City (USA) 2022",SPEED Men,finished,2025-10-02 07:18:36 UTC,2026-04-22 08:56:23 UTC,,6856,speed,Qualification,Men,finished,2022-05-27 19:17:14 UTC,/api/v1/category_rounds/6856/results,speed_staggered,IFSC: Qualification,1,,,,,,,5849,B,/api/v1/routes/5849/startlist,
/api/v1/events/1237/result/2,1237,full_results_url,"IFSC - Climbing World Cup (B,S) - Salt Lake City (USA) 2022",SPEED Men,finished,2025-10-02 07:18:36 UTC,2026-04-22 08:56:23 UTC,,7458,speed,Final,Men,finished,2024-01-15 15:07:14 UTC,/api/v1/category_rounds/7458/results,speed_elimination_ifsc_2022,IFSC 2022: Elimination,3,,,,,,,7757,A,/api/v1/routes/7757/startlist,
/api/v1/events/1237/result/2,1237,full_results_url,"IFSC - Climbing World Cup (B,S) - Salt Lake City (USA) 2022",SPEED Men,finished,2025-10-02 07:18:36 UTC,2026-04-22 08:56:23 UTC,,7458,speed,Final,Men,finished,2024-01-15 15:07:14 UTC,/api/v1/category_rounds/7458/results,speed_elimination_ifsc_2022,IFSC 2022: Elimination,3,,,,,,,7758,B,/api/v1/routes/7758/startlist,
/api/v1/events/1237/result/6,1237,full_results_url,"IFSC - Climbing World Cup (B,S) - Salt Lake City (USA) 2022",SPEED Women,finished,2025-10-02 07:18:36 UTC,2026-04-22 08:56:27 UTC,,6857,speed,Qualification,Women,finished,2022-05-27 20:20:17 UTC,/api/v1/category_rounds/6857/results,speed_staggered,IFSC: Qualification,1,,,,,,,5850,A,/api/v1/routes/5850/startlist,
/api/v1/events/1237/result/6,1237,full_results_url,"IFSC - Climbing World Cup (B,S) - Salt Lake City (USA) 2022",SPEED Women,finished,2025-10-02 07:18:36 UTC,2026-04-22 08:56:27 UTC,,6857,speed,Qualification,Women,finished,2022-05-27 20:20:17 UTC,/api/v1/category_rounds/6857/results,speed_staggered,IFSC: Qualification,1,,,,,,,5851,B,/api/v1/routes/5851/startlist,
/api/v1/events/1237/result/6,1237,full_results_url,"IFSC - Climbing World Cup (B,S) - Salt Lake City (USA) 2022",SPEED Women,finished,2025-10-02 07:18:36 UTC,2026-04-22 08:56:27 UTC,,7459,speed,Final,Women,finished,2024-01-15 15:07:14 UTC,/api/v1/category_rounds/7459/results,speed_elimination_ifsc_2022,IFSC 2022: Elimination,3,,,,,,,7759,A,/api/v1/routes/7759/startlist,
/api/v1/events/1237/result/6,1237,full_results_url,"IFSC - Climbing World Cup (B,S) - Salt Lake City (USA) 2022",SPEED Women,finished,2025-10-02 07:18:36 UTC,2026-04-22 08:56:27 UTC,,7459,speed,Final,Women,finished,2024-01-15 15:07:14 UTC,/api/v1/category_rounds/7459/results,speed_elimination_ifsc_2022,IFSC 2022: Elimination,3,,,,,,,7760,B,/api/v1/routes/7760/startlist,
/api/v1/events/1264/result/225,1264,full_results_url,"IFSC Europe - Continental Cup (L,S) - Tyumen (RUS) 2022 - CANCELLED",LEAD Men,registration_pending,2025-10-02 07:18:36 UTC,NA,,7104,lead,Qualification,Men,pending,2021-11-26 08:51:16 UTC,/api/v1/category_rounds/7104/results,lead_one_group_two_routes,IFSC: 2 routes,16,,,,,,,6750,1,/api/v1/routes/6750/startlist,/api/v1/routes/6750/results
/api/v1/events/1264/result/225,1264,full_results_url,"IFSC Europe - Continental Cup (L,S) - Tyumen (RUS) 2022 - CANCELLED",LEAD Men,registration_pending,2025-10-02 07:18:36 UTC,NA,,7104,lead,Qualification,Men,pending,2021-11-26 08:51:16 UTC,/api/v1/category_rounds/7104/results,lead_one_group_two_routes,IFSC: 2 routes,16,,,,,,,6751,2,/api/v1/routes/6751/startlist,/api/v1/routes/6751/results
/api/v1/events/1264/result/225,1264,full_results_url,"IFSC Europe - Continental Cup (L,S) - Tyumen (RUS) 2022 - CANCELLED",LEAD Men,registration_pending,2025-10-02 07:18:36 UTC,NA,,7203,lead,Semi-Final,Men,pending,2021-12-16 07:19:32 UTC,/api/v1/category_rounds/7203/results,lead_one_group_one_route,IFSC: 1 route,17,,,,,,,7092,1,/api/v1/routes/7092/startlist,/api/v1/routes/7092/results
/api/v1/events/1264/result/225,1264,full_results_url,"IFSC Europe - Continental Cup (L,S) - Tyumen (RUS) 2022 - CANCELLED",LEAD Men,registration_pending,2025-10-02 07:18:36 UTC,NA,,7205,lead,Final,Men,pending,2021-12-16 07:19:34 UTC,/api/v1/category_rounds/7205/results,lead_one_group_one_route,IFSC: 1 route,18,,,,,,,7094,1,/api/v1/routes/7094/startlist,/api/v1/routes/7094/results
/api/v1/events/1264/result/229,1264,full_results_url,"IFSC Europe - Continental Cup (L,S) - Tyumen (RUS) 2022 - CANCELLED",LEAD Women,registration_pending,2025-10-02 07:18:36 UTC,NA,,7105,lead,Qualification,Women,pending,2021-11-26 08:51:16 UTC,/api/v1/category_rounds/7105/results,lead_one_group_two_routes,IFSC: 2 routes,16,,,,,,,6752,1,/api/v1/routes/6752/startlist,/api/v1/routes/6752/results
/api/v1/events/1264/result/229,1264,full_results_url,"IFSC Europe - Continental Cup (L,S) - Tyumen (RUS) 2022 - CANCELLED",LEAD Women,registration_pending,2025-10-02 07:18:36 UTC,NA,,7105,lead,Qualification,Women,pending,2021-11-26 08:51:16 UTC,/api/v1/category_rounds/7105/results,lead_one_group_two_routes,IFSC: 2 routes,16,,,,,,,6753,2,/api/v1/routes/6753/startlist,/api/v1/routes/6753/results
/api/v1/events/1264/result/229,1264,full_results_url,"IFSC Europe - Continental Cup (L,S) - Tyumen (RUS) 2022 - CANCELLED",LEAD Women,registration_pending,2025-10-02 07:18:36 UTC,NA,,7204,lead,Semi-Final,Women,pending,2021-12-16 07:19:32 UTC,/api/v1/category_rounds/7204/results,lead_one_group_one_route,IFSC: 1 route,17,,,,,,,7093,1,/api/v1/routes/7093/startlist,/api/v1/routes/7093/results
/api/v1/events/1264/result/229,1264,full_results_url,"IFSC Europe - Continental Cup (L,S) - Tyumen (RUS) 2022 - CANCELLED",LEAD Women,registration_pending,2025-10-02 07:18:36 UTC,NA,,7206,lead,Final,Women,pending,2021-12-16 07:19:34 UTC,/api/v1/category_rounds/7206/results,lead_one_group_one_route,IFSC: 1 route,18,,,,,,,7095,1,/api/v1/routes/7095/startlist,/api/v1/routes/7095/results
/api/v1/events/1264/result/226,1264,full_results_url,"IFSC Europe - Continental Cup (L,S) - Tyumen (RUS) 2022 - CANCELLED",SPEED Men,registration_pending,2025-10-02 07:18:36 UTC,NA,,7106,speed,Qualification,Men,pending,2021-11-26 08:51:18 UTC,/api/v1/category_rounds/7106/results,speed_staggered,IFSC: Qualification,16,,,,,,,6754,A,/api/v1/routes/6754/startlist,
/api/v1/events/1264/result/226,1264,full_results_url,"IFSC Europe - Continental Cup (L,S) - Tyumen (RUS) 2022 - CANCELLED",SPEED Men,registration_pending,2025-10-02 07:18:36 UTC,NA,,7106,speed,Qualification,Men,pending,2021-11-26 08:51:18 UTC,/api/v1/category_rounds/7106/results,speed_staggered,IFSC: Qualification,16,,,,,,,6755,B,/api/v1/routes/6755/startlist,
/api/v1/events/1264/result/226,1264,full_results_url,"IFSC Europe - Continental Cup (L,S) - Tyumen (RUS) 2022 - CANCELLED",SPEED Men,registration_pending,2025-10-02 07:18:36 UTC,NA,,7207,speed,Final,Men,pending,2021-12-16 07:20:24 UTC,/api/v1/category_rounds/7207/results,speed_elimination_ifsc,IFSC 2021: Elimination,18,,,,,,,7096,A,/api/v1/routes/7096/startlist,
/api/v1/events/1264/result/226,1264,full_results_url,"IFSC Europe - Continental Cup (L,S) - Tyumen (RUS) 2022 - CANCELLED",SPEED Men,registration_pending,2025-10-02 07:18:36 UTC,NA,,7207,speed,Final,Men,pending,2021-12-16 07:20:24 UTC,/api/v1/category_rounds/7207/results,speed_elimination_ifsc,IFSC 2021: Elimination,18,,,,,,,7097,B,/api/v1/routes/7097/startlist,
/api/v1/events/1264/result/230,1264,full_results_url,"IFSC Europe - Continental Cup (L,S) - Tyumen (RUS) 2022 - CANCELLED",SPEED Women,registration_pending,2025-10-02 07:18:36 UTC,NA,,7107,speed,Qualification,Women,pending,2021-11-26 08:51:18 UTC,/api/v1/category_rounds/7107/results,speed_staggered,IFSC: Qualification,16,,,,,,,6756,A,/api/v1/routes/6756/startlist,
/api/v1/events/1264/result/230,1264,full_results_url,"IFSC Europe - Continental Cup (L,S) - Tyumen (RUS) 2022 - CANCELLED",SPEED Women,registration_pending,2025-10-02 07:18:36 UTC,NA,,7107,speed,Qualification,Women,pending,2021-11-26 08:51:18 UTC,/api/v1/category_rounds/7107/results,speed_staggered,IFSC: Qualification,16,,,,,,,6757,B,/api/v1/routes/6757/startlist,
/api/v1/events/1264/result/230,1264,full_results_url,"IFSC Europe - Continental Cup (L,S) - Tyumen (RUS) 2022 - CANCELLED",SPEED Women,registration_pending,2025-10-02 07:18:36 UTC,NA,,7208,speed,Final,Women,pending,2021-12-16 07:20:24 UTC,/api/v1/category_rounds/7208/results,speed_elimination_ifsc,IFSC 2021: Elimination,18,,,,,,,7098,A,/api/v1/routes/7098/startlist,
/api/v1/events/1264/result/230,1264,full_results_url,"IFSC Europe - Continental Cup (L,S) - Tyumen (RUS) 2022 - CANCELLED",SPEED Women,registration_pending,2025-10-02 07:18:36 UTC,NA,,7208,speed,Final,Women,pending,2021-12-16 07:20:24 UTC,/api/v1/category_rounds/7208/results,speed_elimination_ifsc,IFSC 2021: Elimination,18,,,,,,,7099,B,/api/v1/routes/7099/startlist,
/api/v1/events/1283/result/225,1283,full_results_url,"IFSC Europe - Continental Cup (L,S) - Arco (ITA) 2022",LEAD Men,finished,2025-10-02 07:18:37 UTC,2026-04-22 08:56:30 UTC,,7401,lead,Qualification,Men,finished,2022-06-04 11:52:04 UTC,/api/v1/category_rounds/7401/results,lead_one_group_two_routes,IFSC: 2 routes,16,,,,,,,7444,1,/api/v1/routes/7444/startlist,/api/v1/routes/7444/results
/api/v1/events/1283/result/225,1283,full_results_url,"IFSC Europe - Continental Cup (L,S) - Arco (ITA) 2022",LEAD Men,finished,2025-10-02 07:18:37 UTC,2026-04-22 08:56:30 UTC,,7401,lead,Qualification,Men,finished,2022-06-04 11:52:04 UTC,/api/v1/category_rounds/7401/results,lead_one_group_two_routes,IFSC: 2 routes,16,,,,,,,7445,2,/api/v1/routes/7445/startlist,/api/v1/routes/7445/results
/api/v1/events/1283/result/225,1283,full_results_url,"IFSC Europe - Continental Cup (L,S) - Arco (ITA) 2022",LEAD Men,finished,2025-10-02 07:18:37 UTC,2026-04-22 08:56:30 UTC,,7405,lead,Semi-Final,Men,finished,2022-06-05 10:37:16 UTC,/api/v1/category_rounds/7405/results,lead_one_group_one_route,IFSC: 1 route,17,,,,,,,7456,1,/api/v1/routes/7456/startlist,/api/v1/routes/7456/results
/api/v1/events/1283/result/225,1283,full_results_url,"IFSC Europe - Continental Cup (L,S) - Arco (ITA) 2022",LEAD Men,finished,2025-10-02 07:18:37 UTC,2026-04-22 08:56:30 UTC,,7407,lead,Final,Men,finished,2022-06-05 15:20:06 UTC,/api/v1/category_rounds/7407/results,lead_one_group_one_route,IFSC: 1 route,18,,,,,,,7458,1,/api/v1/routes/7458/startlist,/api/v1/routes/7458/results
/api/v1/events/1283/result/229,1283,full_results_url,"IFSC Europe - Continental Cup (L,S) - Arco (ITA) 2022",LEAD Women,finished,2025-10-02 07:18:37 UTC,2026-04-22 08:56:34 UTC,,7402,lead,Qualification,Women,finished,2022-06-04 11:13:23 UTC,/api/v1/category_rounds/7402/results,lead_one_group_two_routes,IFSC: 2 routes,16,,,,,,,7446,1,/api/v1/routes/7446/startlist,/api/v1/routes/7446/results
/api/v1/events/1283/result/229,1283,full_results_url,"IFSC Europe - Continental Cup (L,S) - Arco (ITA) 2022",LEAD Women,finished,2025-10-02 07:18:37 UTC,2026-04-22 08:56:34 UTC,,7402,lead,Qualification,Women,finished,2022-06-04 11:13:23 UTC,/api/v1/category_rounds/7402/results,lead_one_group_two_routes,IFSC: 2 routes,16,,,,,,,7447,2,/api/v1/routes/7447/startlist,/api/v1/routes/7447/results
/api/v1/events/1283/result/229,1283,full_results_url,"IFSC Europe - Continental Cup (L,S) - Arco (ITA) 2022",LEAD Women,finished,2025-10-02 07:18:37 UTC,2026-04-22 08:56:34 UTC,,7406,lead,Semi-Final,Women,finished,2022-06-05 10:49:49 UTC,/api/v1/category_rounds/7406/results,lead_one_group_one_route,IFSC: 1 route,17,,,,,,,7457,1,/api/v1/routes/7457/startlist,/api/v1/routes/7457/results
/api/v1/events/1283/result/229,1283,full_results_url,"IFSC Europe - Continental Cup (L,S) - Arco (ITA) 2022",LEAD Women,finished,2025-10-02 07:18:37 UTC,2026-04-22 08:56:34 UTC,,7408,lead,Final,Women,finished,2022-06-05 15:21:07 UTC,/api/v1/category_rounds/7408/results,lead_one_group_one_route,IFSC: 1 route,18,,,,,,,7459,1,/api/v1/routes/7459/startlist,/api/v1/routes/7459/results
/api/v1/events/1283/result/226,1283,full_results_url,"IFSC Europe - Continental Cup (L,S) - Arco (ITA) 2022",SPEED Men,finished,2025-10-02 07:18:37 UTC,2026-04-22 08:56:37 UTC,,7403,speed,Qualification,Men,finished,2022-06-04 17:34:09 UTC,/api/v1/category_rounds/7403/results,speed_staggered,IFSC: Qualification,16,,,,,,,7448,A,/api/v1/routes/7448/startlist,
/api/v1/events/1283/result/226,1283,full_results_url,"IFSC Europe - Continental Cup (L,S) - Arco (ITA) 2022",SPEED Men,finished,2025-10-02 07:18:37 UTC,2026-04-22 08:56:37 UTC,,7403,speed,Qualification,Men,finished,2022-06-04 17:34:09 UTC,/api/v1/category_rounds/7403/results,speed_staggered,IFSC: Qualification,16,,,,,,,7449,B,/api/v1/routes/7449/startlist,
/api/v1/events/1283/result/226,1283,full_results_url,"IFSC Europe - Continental Cup (L,S) - Arco (ITA) 2022",SPEED Men,finished,2025-10-02 07:18:37 UTC,2026-04-22 08:56:37 UTC,,7409,speed,Final,Men,finished,2024-01-17 07:05:05 UTC,/api/v1/category_rounds/7409/results,speed_elimination_ifsc_2022,IFSC 2022: Elimination,18,,,,,,,7460,A,/api/v1/routes/7460/startlist,
/api/v1/events/1283/result/226,1283,full_results_url,"IFSC Europe - Continental Cup (L,S) - Arco (ITA) 2022",SPEED Men,finished,2025-10-02 07:18:37 UTC,2026-04-22 08:56:37 UTC,,7409,speed,Final,Men,finished,2024-01-17 07:05:05 UTC,/api/v1/category_rounds/7409/results,speed_elimination_ifsc_2022,IFSC 2022: Elimination,18,,,,,,,7461,B,/api/v1/routes/7461/startlist,
/api/v1/events/1283/result/230,1283,full_results_url,"IFSC Europe - Continental Cup (L,S) - Arco (ITA) 2022",SPEED Women,finished,2025-10-02 07:18:37 UTC,2026-04-22 08:56:40 UTC,,7404,speed,Qualification,Women,finished,2022-06-04 17:42:08 UTC,/api/v1/category_rounds/7404/results,speed_staggered,IFSC: Qualification,16,,,,,,,7450,A,/api/v1/routes/7450/startlist,
/api/v1/events/1283/result/230,1283,full_results_url,"IFSC Europe - Continental Cup (L,S) - Arco (ITA) 2022",SPEED Women,finished,2025-10-02 07:18:37 UTC,2026-04-22 08:56:40 UTC,,7404,speed,Qualification,Women,finished,2022-06-04 17:42:08 UTC,/api/v1/category_rounds/7404/results,speed_staggered,IFSC: Qualification,16,,,,,,,7451,B,/api/v1/routes/7451/startlist,
/api/v1/events/1283/result/230,1283,full_results_url,"IFSC Europe - Continental Cup (L,S) - Arco (ITA) 2022",SPEED Women,finished,2025-10-02 07:18:37 UTC,2026-04-22 08:56:40 UTC,,7410,speed,Final,Women,finished,2024-01-17 07:05:05 UTC,/api/v1/category_rounds/7410/results,speed_elimination_ifsc_2022,IFSC 2022: Elimination,18,,,,,,,7462,A,/api/v1/routes/7462/startlist,
/api/v1/events/1283/result/230,1283,full_results_url,"IFSC Europe - Continental Cup (L,S) - Arco (ITA) 2022",SPEED Women,finished,2025-10-02 07:18:37 UTC,2026-04-22 08:56:40 UTC,,7410,speed,Final,Women,finished,2024-01-17 07:05:05 UTC,/api/v1/category_rounds/7410/results,speed_elimination_ifsc_2022,IFSC 2022: Elimination,18,,,,,,,7463,B,/api/v1/routes/7463/startlist,
/api/v1/events/1284/result/3,1284,full_results_url,IFSC - Climbing World Cup (B) - Brixen (ITA) 2022,BOULDER Men,finished,2025-10-02 07:18:38 UTC,2026-04-22 08:56:44 UTC,,7480,boulder,Semi-final,Men,finished,2022-06-12 11:21:02 UTC,/api/v1/category_rounds/7480/results,boulder_one_group_one_boulder_set,IFSC: 1 group,2,,,,,,,7813,1,/api/v1/routes/7813/startlist,
/api/v1/events/1284/result/3,1284,full_results_url,IFSC - Climbing World Cup (B) - Brixen (ITA) 2022,BOULDER Men,finished,2025-10-02 07:18:38 UTC,2026-04-22 08:56:44 UTC,,7480,boulder,Semi-final,Men,finished,2022-06-12 11:21:02 UTC,/api/v1/category_rounds/7480/results,boulder_one_group_one_boulder_set,IFSC: 1 group,2,,,,,,,7814,2,/api/v1/routes/7814/startlist,
/api/v1/events/1284/result/3,1284,full_results_url,IFSC - Climbing World Cup (B) - Brixen (ITA) 2022,BOULDER Men,finished,2025-10-02 07:18:38 UTC,2026-04-22 08:56:44 UTC,,7480,boulder,Semi-final,Men,finished,2022-06-12 11:21:02 UTC,/api/v1/category_rounds/7480/results,boulder_one_group_one_boulder_set,IFSC: 1 group,2,,,,,,,7815,3,/api/v1/routes/7815/startlist,
/api/v1/events/1284/result/3,1284,full_results_url,IFSC - Climbing World Cup (B) - Brixen (ITA) 2022,BOULDER Men,finished,2025-10-02 07:18:38 UTC,2026-04-22 08:56:44 UTC,,7480,boulder,Semi-final,Men,finished,2022-06-12 11:21:02 UTC,/api/v1/category_rounds/7480/results,boulder_one_group_one_boulder_set,IFSC: 1 group,2,,,,,,,7816,4,/api/v1/routes/7816/startlist,
/api/v1/events/1284/result/3,1284,full_results_url,IFSC - Climbing World Cup (B) - Brixen (ITA) 2022,BOULDER Men,finished,2025-10-02 07:18:38 UTC,2026-04-22 08:56:44 UTC,,7482,boulder,Final,Men,finished,2022-06-12 18:50:06 UTC,/api/v1/category_rounds/7482/results,boulder_finals_one_by_one,IFSC: Finals,3,,,,,,,7821,1,/api/v1/routes/7821/startlist,
/api/v1/events/1284/result/3,1284,full_results_url,IFSC - Climbing World Cup (B) - Brixen (ITA) 2022,BOULDER Men,finished,2025-10-02 07:18:38 UTC,2026-04-22 08:56:44 UTC,,7482,boulder,Final,Men,finished,2022-06-12 18:50:06 UTC,/api/v1/category_rounds/7482/results,boulder_finals_one_by_one,IFSC: Finals,3,,,,,,,7822,2,/api/v1/routes/7822/startlist,
/api/v1/events/1284/result/3,1284,full_results_url,IFSC - Climbing World Cup (B) - Brixen (ITA) 2022,BOULDER Men,finished,2025-10-02 07:18:38 UTC,2026-04-22 08:56:44 UTC,,7482,boulder,Final,Men,finished,2022-06-12 18:50:06 UTC,/api/v1/category_rounds/7482/results,boulder_finals_one_by_one,IFSC: Finals,3,,,,,,,7823,3,/api/v1/routes/7823/startlist,
/api/v1/events/1284/result/3,1284,full_results_url,IFSC - Climbing World Cup (B) - Brixen (ITA) 2022,BOULDER Men,finished,2025-10-02 07:18:38 UTC,2026-04-22 08:56:44 UTC,,7482,boulder,Final,Men,finished,2022-06-12 18:50:06 UTC,/api/v1/category_rounds/7482/results,boulder_finals_one_by_one,IFSC: Finals,3,,,,,,,7824,4,/api/v1/routes/7824/startlist,
/api/v1/events/1284/result/7,1284,full_results_url,IFSC - Climbing World Cup (B) - Brixen (ITA) 2022,BOULDER Women,finished,2025-10-02 07:18:38 UTC,2026-04-22 08:56:48 UTC,,7481,boulder,Semi-final,Women,finished,2022-06-11 11:15:12 UTC,/api/v1/category_rounds/7481/results,boulder_one_group_one_boulder_set,IFSC: 1 group,2,,,,,,,7817,1,/api/v1/routes/7817/startlist,
/api/v1/events/1284/result/7,1284,full_results_url,IFSC - Climbing World Cup (B) - Brixen (ITA) 2022,BOULDER Women,finished,2025-10-02 07:18:38 UTC,2026-04-22 08:56:48 UTC,,7481,boulder,Semi-final,Women,finished,2022-06-11 11:15:12 UTC,/api/v1/category_rounds/7481/results,boulder_one_group_one_boulder_set,IFSC: 1 group,2,,,,,,,7818,2,/api/v1/routes/7818/startlist,
/api/v1/events/1284/result/7,1284,full_results_url,IFSC - Climbing World Cup (B) - Brixen (ITA) 2022,BOULDER Women,finished,2025-10-02 07:18:38 UTC,2026-04-22 08:56:48 UTC,,7481,boulder,Semi-final,Women,finished,2022-06-11 11:15:12 UTC,/api/v1/category_rounds/7481/results,boulder_one_group_one_boulder_set,IFSC: 1 group,2,,,,,,,7819,3,/api/v1/routes/7819/startlist,
/api/v1/events/1284/result/7,1284,full_results_url,IFSC - Climbing World Cup (B) - Brixen (ITA) 2022,BOULDER Women,finished,2025-10-02 07:18:38 UTC,2026-04-22 08:56:48 UTC,,7481,boulder,Semi-final,Women,finished,2022-06-11 11:15:12 UTC,/api/v1/category_rounds/7481/results,boulder_one_group_one_boulder_set,IFSC: 1 group,2,,,,,,,7820,4,/api/v1/routes/7820/startlist,
/api/v1/events/1284/result/7,1284,full_results_url,IFSC - Climbing World Cup (B) - Brixen (ITA) 2022,BOULDER Women,finished,2025-10-02 07:18:38 UTC,2026-04-22 08:56:48 UTC,,7483,boulder,Final,Women,finished,2022-06-11 19:39:17 UTC,/api/v1/category_rounds/7483/results,boulder_finals_one_by_one,IFSC: Finals,3,,,,,,,7825,1,/api/v1/routes/7825/startlist,
/api/v1/events/1284/result/7,1284,full_results_url,IFSC - Climbing World Cup (B) - Brixen (ITA) 2022,BOULDER Women,finished,2025-10-02 07:18:38 UTC,2026-04-22 08:56:48 UTC,,7483,boulder,Final,Women,finished,2022-06-11 19:39:17 UTC,/api/v1/category_rounds/7483/results,boulder_finals_one_by_one,IFSC: Finals,3,,,,,,,7826,2,/api/v1/routes/7826/startlist,
/api/v1/events/1284/result/7,1284,full_results_url,IFSC - Climbing World Cup (B) - Brixen (ITA) 2022,BOULDER Women,finished,2025-10-02 07:18:38 UTC,2026-04-22 08:56:48 UTC,,7483,boulder,Final,Women,finished,2022-06-11 19:39:17 UTC,/api/v1/category_rounds/7483/results,boulder_finals_one_by_one,IFSC: Finals,3,,,,,,,7827,3,/api/v1/routes/7827/startlist,
/api/v1/events/1284/result/7,1284,full_results_url,IFSC - Climbing World Cup (B) - Brixen (ITA) 2022,BOULDER Women,finished,2025-10-02 07:18:38 UTC,2026-04-22 08:56:48 UTC,,7483,boulder,Final,Women,finished,2022-06-11 19:39:17 UTC,/api/v1/category_rounds/7483/results,boulder_finals_one_by_one,IFSC: Finals,3,,,,,,,7828,4,/api/v1/routes/7828/startlist,
/api/v1/events/1249/result/355,1249,full_results_url,"FISU University Championships (B,S,L) - Innsbruck (AUT) 2022",BOULDER Men,finished,2025-10-02 07:18:36 UTC,2026-04-22 08:56:52 UTC,,6946,boulder,Qualification,Men,finished,2022-06-16 11:42:52 UTC,/api/v1/category_rounds/6946/results,boulder_one_group_one_boulder_set,IFSC: 1 group,34,,,,,,,6108,1,/api/v1/routes/6108/startlist,
/api/v1/events/1249/result/355,1249,full_results_url,"FISU University Championships (B,S,L) - Innsbruck (AUT) 2022",BOULDER Men,finished,2025-10-02 07:18:36 UTC,2026-04-22 08:56:52 UTC,,6946,boulder,Qualification,Men,finished,2022-06-16 11:42:52 UTC,/api/v1/category_rounds/6946/results,boulder_one_group_one_boulder_set,IFSC: 1 group,34,,,,,,,6109,2,/api/v1/routes/6109/startlist,
/api/v1/events/1249/result/355,1249,full_results_url,"FISU University Championships (B,S,L) - Innsbruck (AUT) 2022",BOULDER Men,finished,2025-10-02 07:18:36 UTC,2026-04-22 08:56:52 UTC,,6946,boulder,Qualification,Men,finished,2022-06-16 11:42:52 UTC,/api/v1/category_rounds/6946/results,boulder_one_group_one_boulder_set,IFSC: 1 group,34,,,,,,,6110,3,/api/v1/routes/6110/startlist,
/api/v1/events/1249/result/355,1249,full_results_url,"FISU University Championships (B,S,L) - Innsbruck (AUT) 2022",BOULDER Men,finished,2025-10-02 07:18:36 UTC,2026-04-22 08:56:52 UTC,,6946,boulder,Qualification,Men,finished,2022-06-16 11:42:52 UTC,/api/v1/category_rounds/6946/results,boulder_one_group_one_boulder_set,IFSC: 1 group,34,,,,,,,6111,4,/api/v1/routes/6111/startlist,
/api/v1/events/1249/result/355,1249,full_results_url,"FISU University Championships (B,S,L) - Innsbruck (AUT) 2022",BOULDER Men,finished,2025-10-02 07:18:36 UTC,2026-04-22 08:56:52 UTC,,6946,boulder,Qualification,Men,finished,2022-06-16 11:42:52 UTC,/api/v1/category_rounds/6946/results,boulder_one_group_one_boulder_set,IFSC: 1 group,34,,,,,,,6112,5,/api/v1/routes/6112/startlist,
/api/v1/events/1249/result/355,1249,full_results_url,"FISU University Championships (B,S,L) - Innsbruck (AUT) 2022",BOULDER Men,finished,2025-10-02 07:18:36 UTC,2026-04-22 08:56:52 UTC,,7068,boulder,Semi-Final,Men,finished,2022-06-17 10:22:54 UTC,/api/v1/category_rounds/7068/results,boulder_one_group_one_boulder_set,IFSC: 1 group,35,,,,,,,6586,1,/api/v1/routes/6586/startlist,
/api/v1/events/1249/result/355,1249,full_results_url,"FISU University Championships (B,S,L) - Innsbruck (AUT) 2022",BOULDER Men,finished,2025-10-02 07:18:36 UTC,2026-04-22 08:56:52 UTC,,7068,boulder,Semi-Final,Men,finished,2022-06-17 10:22:54 UTC,/api/v1/category_rounds/7068/results,boulder_one_group_one_boulder_set,IFSC: 1 group,35,,,,,,,6587,2,/api/v1/routes/6587/startlist,
/api/v1/events/1249/result/355,1249,full_results_url,"FISU University Championships (B,S,L) - Innsbruck (AUT) 2022",BOULDER Men,finished,2025-10-02 07:18:36 UTC,2026-04-22 08:56:52 UTC,,7068,boulder,Semi-Final,Men,finished,2022-06-17 10:22:54 UTC,/api/v1/category_rounds/7068/results,boulder_one_group_one_boulder_set,IFSC: 1 group,35,,,,,,,6588,3,/api/v1/routes/6588/startlist,
/api/v1/events/1249/result/355,1249,full_results_url,"FISU University Championships (B,S,L) - Innsbruck (AUT) 2022",BOULDER Men,finished,2025-10-02 07:18:36 UTC,2026-04-22 08:56:52 UTC,,7068,boulder,Semi-Final,Men,finished,2022-06-17 10:22:54 UTC,/api/v1/category_rounds/7068/results,boulder_one_group_one_boulder_set,IFSC: 1 group,35,,,,,,,6589,4,/api/v1/routes/6589/startlist,
/api/v1/events/1249/result/355,1249,full_results_url,"FISU University Championships (B,S,L) - Innsbruck (AUT) 2022",BOULDER Men,finished,2025-10-02 07:18:36 UTC,2026-04-22 08:56:52 UTC,,7070,boulder,Final,Men,finished,2022-06-17 17:46:11 UTC,/api/v1/category_rounds/7070/results,boulder_finals_one_by_one,IFSC: Finals,36,,,,,,,6594,1,/api/v1/routes/6594/startlist,
/api/v1/events/1249/result/355,1249,full_results_url,"FISU University Championships (B,S,L) - Innsbruck (AUT) 2022",BOULDER Men,finished,2025-10-02 07:18:36 UTC,2026-04-22 08:56:52 UTC,,7070,boulder,Final,Men,finished,2022-06-17 17:46:11 UTC,/api/v1/category_rounds/7070/results,boulder_finals_one_by_one,IFSC: Finals,36,,,,,,,6595,2,/api/v1/routes/6595/startlist,
/api/v1/events/1249/result/355,1249,full_results_url,"FISU University Championships (B,S,L) - Innsbruck (AUT) 2022",BOULDER Men,finished,2025-10-02 07:18:36 UTC,2026-04-22 08:56:52 UTC,,7070,boulder,Final,Men,finished,2022-06-17 17:46:11 UTC,/api/v1/category_rounds/7070/results,boulder_finals_one_by_one,IFSC: Finals,36,,,,,,,6596,3,/api/v1/routes/6596/startlist,
/api/v1/events/1249/result/355,1249,full_results_url,"FISU University Championships (B,S,L) - Innsbruck (AUT) 2022",BOULDER Men,finished,2025-10-02 07:18:36 UTC,2026-04-22 08:56:52 UTC,,7070,boulder,Final,Men,finished,2022-06-17 17:46:11 UTC,/api/v1/category_rounds/7070/results,boulder_finals_one_by_one,IFSC: Finals,36,,,,,,,6597,4,/api/v1/routes/6597/startlist,
/api/v1/events/1249/result/375,1249,full_results_url,"FISU University Championships (B,S,L) - Innsbruck (AUT) 2022",BOULDER Women,finished,2025-10-02 07:18:36 UTC,2026-04-22 08:56:56 UTC,,6951,boulder,Qualification,Women,finished,2022-06-16 11:04:53 UTC,/api/v1/category_rounds/6951/results,boulder_one_group_one_boulder_set,IFSC: 1 group,34,,,,,,,6133,1,/api/v1/routes/6133/startlist,
/api/v1/events/1249/result/375,1249,full_results_url,"FISU University Championships (B,S,L) - Innsbruck (AUT) 2022",BOULDER Women,finished,2025-10-02 07:18:36 UTC,2026-04-22 08:56:56 UTC,,6951,boulder,Qualification,Women,finished,2022-06-16 11:04:53 UTC,/api/v1/category_rounds/6951/results,boulder_one_group_one_boulder_set,IFSC: 1 group,34,,,,,,,6134,2,/api/v1/routes/6134/startlist,
/api/v1/events/1249/result/375,1249,full_results_url,"FISU University Championships (B,S,L) - Innsbruck (AUT) 2022",BOULDER Women,finished,2025-10-02 07:18:36 UTC,2026-04-22 08:56:56 UTC,,6951,boulder,Qualification,Women,finished,2022-06-16 11:04:53 UTC,/api/v1/category_rounds/6951/results,boulder_one_group_one_boulder_set,IFSC: 1 group,34,,,,,,,6135,3,/api/v1/routes/6135/startlist,
/api/v1/events/1249/result/375,1249,full_results_url,"FISU University Championships (B,S,L) - Innsbruck (AUT) 2022",BOULDER Women,finished,2025-10-02 07:18:36 UTC,2026-04-22 08:56:56 UTC,,6951,boulder,Qualification,Women,finished,2022-06-16 11:04:53 UTC,/api/v1/category_rounds/6951/results,boulder_one_group_one_boulder_set,IFSC: 1 group,34,,,,,,,6136,4,/api/v1/routes/6136/startlist,
/api/v1/events/1249/result/375,1249,full_results_url,"FISU University Championships (B,S,L) - Innsbruck (AUT) 2022",BOULDER Women,finished,2025-10-02 07:18:36 UTC,2026-04-22 08:56:56 UTC,,6951,boulder,Qualification,Women,finished,2022-06-16 11:04:53 UTC,/api/v1/category_rounds/6951/results,boulder_one_group_one_boulder_set,IFSC: 1 group,34,,,,,,,6137,5,/api/v1/routes/6137/startlist,
/api/v1/events/1249/result/375,1249,full_results_url,"FISU University Championships (B,S,L) - Innsbruck (AUT) 2022",BOULDER Women,finished,2025-10-02 07:18:36 UTC,2026-04-22 08:56:56 UTC,,7069,boulder,Semi-Final,Women,finished,2022-06-17 10:21:48 UTC,/api/v1/category_rounds/7069/results,boulder_one_group_one_boulder_set,IFSC: 1 group,35,,,,,,,6590,1,/api/v1/routes/6590/startlist,
/api/v1/events/1249/result/375,1249,full_results_url,"FISU University Championships (B,S,L) - Innsbruck (AUT) 2022",BOULDER Women,finished,2025-10-02 07:18:36 UTC,2026-04-22 08:56:56 UTC,,7069,boulder,Semi-Final,Women,finished,2022-06-17 10:21:48 UTC,/api/v1/category_rounds/7069/results,boulder_one_group_one_boulder_set,IFSC: 1 group,35,,,,,,,6591,2,/api/v1/routes/6591/startlist,
/api/v1/events/1249/result/375,1249,full_results_url,"FISU University Championships (B,S,L) - Innsbruck (AUT) 2022",BOULDER Women,finished,2025-10-02 07:18:36 UTC,2026-04-22 08:56:56 UTC,,7069,boulder,Semi-Final,Women,finished,2022-06-17 10:21:48 UTC,/api/v1/category_rounds/7069/results,boulder_one_group_one_boulder_set,IFSC: 1 group,35,,,,,,,6592,3,/api/v1/routes/6592/startlist,
/api/v1/events/1249/result/375,1249,full_results_url,"FISU University Championships (B,S,L) - Innsbruck (AUT) 2022",BOULDER Women,finished,2025-10-02 07:18:36 UTC,2026-04-22 08:56:56 UTC,,7069,boulder,Semi-Final,Women,finished,2022-06-17 10:21:48 UTC,/api/v1/category_rounds/7069/results,boulder_one_group_one_boulder_set,IFSC: 1 group,35,,,,,,,6593,4,/api/v1/routes/6593/startlist,
/api/v1/events/1249/result/375,1249,full_results_url,"FISU University Championships (B,S,L) - Innsbruck (AUT) 2022",BOULDER Women,finished,2025-10-02 07:18:36 UTC,2026-04-22 08:56:56 UTC,,7071,boulder,Final,Women,finished,2022-06-17 17:47:01 UTC,/api/v1/category_rounds/7071/results,boulder_finals_one_by_one,IFSC: Finals,36,,,,,,,6598,1,/api/v1/routes/6598/startlist,
/api/v1/events/1249/result/375,1249,full_results_url,"FISU University Championships (B,S,L) - Innsbruck (AUT) 2022",BOULDER Women,finished,2025-10-02 07:18:36 UTC,2026-04-22 08:56:56 UTC,,7071,boulder,Final,Women,finished,2022-06-17 17:47:01 UTC,/api/v1/category_rounds/7071/results,boulder_finals_one_by_one,IFSC: Finals,36,,,,,,,6599,2,/api/v1/routes/6599/startlist,
/api/v1/events/1249/result/375,1249,full_results_url,"FISU University Championships (B,S,L) - Innsbruck (AUT) 2022",BOULDER Women,finished,2025-10-02 07:18:36 UTC,2026-04-22 08:56:56 UTC,,7071,boulder,Final,Women,finished,2022-06-17 17:47:01 UTC,/api/v1/category_rounds/7071/results,boulder_finals_one_by_one,IFSC: Finals,36,,,,,,,6600,3,/api/v1/routes/6600/startlist,
/api/v1/events/1249/result/375,1249,full_results_url,"FISU University Championships (B,S,L) - Innsbruck (AUT) 2022",BOULDER Women,finished,2025-10-02 07:18:36 UTC,2026-04-22 08:56:56 UTC,,7071,boulder,Final,Women,finished,2022-06-17 17:47:01 UTC,/api/v1/category_rounds/7071/results,boulder_finals_one_by_one,IFSC: Finals,36,,,,,,,6601,4,/api/v1/routes/6601/startlist,
/api/v1/events/1249/result/353,1249,full_results_url,"FISU University Championships (B,S,L) - Innsbruck (AUT) 2022",LEAD Men,finished,2025-10-02 07:18:36 UTC,2026-04-22 08:57:00 UTC,,6956,lead,Qualification,Men,finished,2022-06-14 13:25:30 UTC,/api/v1/category_rounds/6956/results,lead_one_group_two_routes,IFSC: 2 routes,34,,,,,,,6158,1,/api/v1/routes/6158/startlist,/api/v1/routes/6158/results
/api/v1/events/1249/result/353,1249,full_results_url,"FISU University Championships (B,S,L) - Innsbruck (AUT) 2022",LEAD Men,finished,2025-10-02 07:18:36 UTC,2026-04-22 08:57:00 UTC,,6956,lead,Qualification,Men,finished,2022-06-14 13:25:30 UTC,/api/v1/category_rounds/6956/results,lead_one_group_two_routes,IFSC: 2 routes,34,,,,,,,6159,2,/api/v1/routes/6159/startlist,/api/v1/routes/6159/results
/api/v1/events/1249/result/353,1249,full_results_url,"FISU University Championships (B,S,L) - Innsbruck (AUT) 2022",LEAD Men,finished,2025-10-02 07:18:36 UTC,2026-04-22 08:57:00 UTC,,7064,lead,Semi-Final,Men,finished,2022-06-15 10:05:15 UTC,/api/v1/category_rounds/7064/results,lead_one_group_one_route,IFSC: 1 route,35,,,,,,,6582,1,/api/v1/routes/6582/startlist,/api/v1/routes/6582/results
/api/v1/events/1249/result/353,1249,full_results_url,"FISU University Championships (B,S,L) - Innsbruck (AUT) 2022",LEAD Men,finished,2025-10-02 07:18:36 UTC,2026-04-22 08:57:00 UTC,,7066,lead,Final,Men,finished,2022-06-15 18:52:38 UTC,/api/v1/category_rounds/7066/results,lead_one_group_one_route,IFSC: 1 route,36,,,,,,,6584,1,/api/v1/routes/6584/startlist,/api/v1/routes/6584/results
/api/v1/events/1249/result/373,1249,full_results_url,"FISU University Championships (B,S,L) - Innsbruck (AUT) 2022",LEAD Women,finished,2025-10-02 07:18:36 UTC,2026-04-22 08:57:03 UTC,,6961,lead,Qualification,Women,finished,2022-06-14 09:31:34 UTC,/api/v1/category_rounds/6961/results,lead_one_group_two_routes,IFSC: 2 routes,34,,,,,,,6168,1,/api/v1/routes/6168/startlist,/api/v1/routes/6168/results
/api/v1/events/1249/result/373,1249,full_results_url,"FISU University Championships (B,S,L) - Innsbruck (AUT) 2022",LEAD Women,finished,2025-10-02 07:18:36 UTC,2026-04-22 08:57:03 UTC,,6961,lead,Qualification,Women,finished,2022-06-14 09:31:34 UTC,/api/v1/category_rounds/6961/results,lead_one_group_two_routes,IFSC: 2 routes,34,,,,,,,6169,2,/api/v1/routes/6169/startlist,/api/v1/routes/6169/results
/api/v1/events/1249/result/373,1249,full_results_url,"FISU University Championships (B,S,L) - Innsbruck (AUT) 2022",LEAD Women,finished,2025-10-02 07:18:36 UTC,2026-04-22 08:57:03 UTC,,7065,lead,Semi-Final,Women,finished,2022-06-15 10:08:35 UTC,/api/v1/category_rounds/7065/results,lead_one_group_one_route,IFSC: 1 route,35,,,,,,,6583,1,/api/v1/routes/6583/startlist,/api/v1/routes/6583/results
/api/v1/events/1249/result/373,1249,full_results_url,"FISU University Championships (B,S,L) - Innsbruck (AUT) 2022",LEAD Women,finished,2025-10-02 07:18:36 UTC,2026-04-22 08:57:03 UTC,,7067,lead,Final,Women,finished,2022-06-15 17:40:16 UTC,/api/v1/category_rounds/7067/results,lead_one_group_one_route,IFSC: 1 route,36,,,,,,,6585,1,/api/v1/routes/6585/startlist,/api/v1/routes/6585/results
/api/v1/events/1249/result/354,1249,full_results_url,"FISU University Championships (B,S,L) - Innsbruck (AUT) 2022",SPEED Men,finished,2025-10-02 07:18:36 UTC,2026-04-22 08:57:06 UTC,,6966,speed,Qualification,Men,finished,2022-06-14 16:46:23 UTC,/api/v1/category_rounds/6966/results,speed_staggered,IFSC: Qualification,34,,,,,,,6178,A,/api/v1/routes/6178/startlist,
/api/v1/events/1249/result/354,1249,full_results_url,"FISU University Championships (B,S,L) - Innsbruck (AUT) 2022",SPEED Men,finished,2025-10-02 07:18:36 UTC,2026-04-22 08:57:06 UTC,,6966,speed,Qualification,Men,finished,2022-06-14 16:46:23 UTC,/api/v1/category_rounds/6966/results,speed_staggered,IFSC: Qualification,34,,,,,,,6179,B,/api/v1/routes/6179/startlist,
/api/v1/events/1249/result/354,1249,full_results_url,"FISU University Championships (B,S,L) - Innsbruck (AUT) 2022",SPEED Men,finished,2025-10-02 07:18:36 UTC,2026-04-22 08:57:06 UTC,,7485,speed,Final,Men,finished,2024-01-17 07:05:15 UTC,/api/v1/category_rounds/7485/results,speed_elimination_ifsc_2022,IFSC 2022: Elimination,36,,,,,,,7843,A,/api/v1/routes/7843/startlist,
/api/v1/events/1249/result/354,1249,full_results_url,"FISU University Championships (B,S,L) - Innsbruck (AUT) 2022",SPEED Men,finished,2025-10-02 07:18:36 UTC,2026-04-22 08:57:06 UTC,,7485,speed,Final,Men,finished,2024-01-17 07:05:15 UTC,/api/v1/category_rounds/7485/results,speed_elimination_ifsc_2022,IFSC 2022: Elimination,36,,,,,,,7844,B,/api/v1/routes/7844/startlist,
/api/v1/events/1249/result/374,1249,full_results_url,"FISU University Championships (B,S,L) - Innsbruck (AUT) 2022",SPEED Women,finished,2025-10-02 07:18:36 UTC,2026-04-22 08:57:10 UTC,,6971,speed,Qualification,Women,finished,2022-06-14 17:15:30 UTC,/api/v1/category_rounds/6971/results,speed_staggered,IFSC: Qualification,34,,,,,,,6188,A,/api/v1/routes/6188/startlist,
/api/v1/events/1249/result/374,1249,full_results_url,"FISU University Championships (B,S,L) - Innsbruck (AUT) 2022",SPEED Women,finished,2025-10-02 07:18:36 UTC,2026-04-22 08:57:10 UTC,,6971,speed,Qualification,Women,finished,2022-06-14 17:15:30 UTC,/api/v1/category_rounds/6971/results,speed_staggered,IFSC: Qualification,34,,,,,,,6189,B,/api/v1/routes/6189/startlist,
/api/v1/events/1249/result/374,1249,full_results_url,"FISU University Championships (B,S,L) - Innsbruck (AUT) 2022",SPEED Women,finished,2025-10-02 07:18:36 UTC,2026-04-22 08:57:10 UTC,,7486,speed,Final,Women,finished,2024-01-17 07:05:16 UTC,/api/v1/category_rounds/7486/results,speed_elimination_ifsc_2022,IFSC 2022: Elimination,36,,,,,,,7845,A,/api/v1/routes/7845/startlist,
/api/v1/events/1249/result/374,1249,full_results_url,"FISU University Championships (B,S,L) - Innsbruck (AUT) 2022",SPEED Women,finished,2025-10-02 07:18:36 UTC,2026-04-22 08:57:10 UTC,,7486,speed,Final,Women,finished,2024-01-17 07:05:16 UTC,/api/v1/category_rounds/7486/results,speed_elimination_ifsc_2022,IFSC 2022: Elimination,36,,,,,,,7846,B,/api/v1/routes/7846/startlist,
/api/v1/events/1277/result/529,1277,full_results_url,IFSC - Paraclimbing World Cup (L) - Innsbruck (AUT) 2022,LEAD Men B1,active,2025-10-02 07:18:37 UTC,NA,,7357,lead,Qualification,Men B1,pending,2022-06-20 17:36:08 UTC,/api/v1/category_rounds/7357/results,lead_one_group_one_route,IFSC: 1 route,49,,,,,,,7901,1,/api/v1/routes/7901/startlist,/api/v1/routes/7901/results
/api/v1/events/1277/result/533,1277,full_results_url,IFSC - Paraclimbing World Cup (L) - Innsbruck (AUT) 2022,LEAD Men B2,finished,2025-10-02 07:18:37 UTC,2024-01-17 07:45:35 UTC,,7358,lead,Qualification,Men B2,finished,2022-06-21 09:12:18 UTC,/api/v1/category_rounds/7358/results,lead_one_group_two_routes,IFSC: 2 routes,49,,,,,,,7922,1,/api/v1/routes/7922/startlist,/api/v1/routes/7922/results
/api/v1/events/1277/result/533,1277,full_results_url,IFSC - Paraclimbing World Cup (L) - Innsbruck (AUT) 2022,LEAD Men B2,finished,2025-10-02 07:18:37 UTC,2024-01-17 07:45:35 UTC,,7358,lead,Qualification,Men B2,finished,2022-06-21 09:12:18 UTC,/api/v1/category_rounds/7358/results,lead_one_group_two_routes,IFSC: 2 routes,49,,,,,,,7923,2,/api/v1/routes/7923/startlist,/api/v1/routes/7923/results
/api/v1/events/1277/result/533,1277,full_results_url,IFSC - Paraclimbing World Cup (L) - Innsbruck (AUT) 2022,LEAD Men B2,finished,2025-10-02 07:18:37 UTC,2024-01-17 07:45:35 UTC,,7522,lead,Final,Men B2,finished,2022-06-22 18:15:11 UTC,/api/v1/category_rounds/7522/results,lead_one_group_one_route,IFSC: 1 route,51,,,,,,,7953,1,/api/v1/routes/7953/startlist,/api/v1/routes/7953/results
/api/v1/events/1277/result/537,1277,full_results_url,IFSC - Paraclimbing World Cup (L) - Innsbruck (AUT) 2022,LEAD Men B3,finished,2025-10-02 07:18:37 UTC,2024-01-17 07:45:35 UTC,,7359,lead,Qualification,Men B3,finished,2022-06-21 09:14:25 UTC,/api/v1/category_rounds/7359/results,lead_one_group_two_routes,IFSC: 2 routes,49,,,,,,,7924,1,/api/v1/routes/7924/startlist,/api/v1/routes/7924/results
/api/v1/events/1277/result/537,1277,full_results_url,IFSC - Paraclimbing World Cup (L) - Innsbruck (AUT) 2022,LEAD Men B3,finished,2025-10-02 07:18:37 UTC,2024-01-17 07:45:35 UTC,,7359,lead,Qualification,Men B3,finished,2022-06-21 09:14:25 UTC,/api/v1/category_rounds/7359/results,lead_one_group_two_routes,IFSC: 2 routes,49,,,,,,,7925,2,/api/v1/routes/7925/startlist,/api/v1/routes/7925/results
/api/v1/events/1277/result/541,1277,full_results_url,IFSC - Paraclimbing World Cup (L) - Innsbruck (AUT) 2022,LEAD Women B1,active,2025-10-02 07:18:37 UTC,NA,,7360,lead,Qualification,Women B1,pending,2022-06-20 15:43:38 UTC,/api/v1/category_rounds/7360/results,lead_one_group_one_route,IFSC: 1 route,49,,,,,,,7391,1,/api/v1/routes/7391/startlist,/api/v1/routes/7391/results
/api/v1/events/1277/result/545,1277,full_results_url,IFSC - Paraclimbing World Cup (L) - Innsbruck (AUT) 2022,LEAD Women B2,active,2025-10-02 07:18:37 UTC,NA,,7361,lead,Qualification,Women B2,pending,2022-06-20 15:43:18 UTC,/api/v1/category_rounds/7361/results,lead_one_group_one_route,IFSC: 1 route,49,,,,,,,7392,1,/api/v1/routes/7392/startlist,/api/v1/routes/7392/results
/api/v1/events/1277/result/549,1277,full_results_url,IFSC - Paraclimbing World Cup (L) - Innsbruck (AUT) 2022,LEAD Women B3,finished,2025-10-02 07:18:37 UTC,2024-01-17 07:45:36 UTC,,7362,lead,Qualification,Women B3,finished,2022-06-21 09:14:47 UTC,/api/v1/category_rounds/7362/results,lead_one_group_two_routes,IFSC: 2 routes,49,,,,,,,7926,1,/api/v1/routes/7926/startlist,/api/v1/routes/7926/results
/api/v1/events/1277/result/549,1277,full_results_url,IFSC - Paraclimbing World Cup (L) - Innsbruck (AUT) 2022,LEAD Women B3,finished,2025-10-02 07:18:37 UTC,2024-01-17 07:45:36 UTC,,7362,lead,Qualification,Women B3,finished,2022-06-21 09:14:47 UTC,/api/v1/category_rounds/7362/results,lead_one_group_two_routes,IFSC: 2 routes,49,,,,,,,7927,2,/api/v1/routes/7927/startlist,/api/v1/routes/7927/results
/api/v1/events/1277/result/549,1277,full_results_url,IFSC - Paraclimbing World Cup (L) - Innsbruck (AUT) 2022,LEAD Women B3,finished,2025-10-02 07:18:37 UTC,2024-01-17 07:45:36 UTC,,7526,lead,Final,Women B3,finished,2022-06-22 18:12:34 UTC,/api/v1/category_rounds/7526/results,lead_one_group_one_route,IFSC: 1 route,51,,,,,,,7957,1,/api/v1/routes/7957/startlist,/api/v1/routes/7957/results
/api/v1/events/1277/result/553,1277,full_results_url,IFSC - Paraclimbing World Cup (L) - Innsbruck (AUT) 2022,LEAD Men AL1,finished,2025-10-02 07:18:37 UTC,2024-01-17 07:45:37 UTC,,7363,lead,Qualification,Men AL1,finished,2022-06-21 11:40:51 UTC,/api/v1/category_rounds/7363/results,lead_one_group_two_routes,IFSC: 2 routes,49,,,,,,,7928,1,/api/v1/routes/7928/startlist,/api/v1/routes/7928/results
/api/v1/events/1277/result/553,1277,full_results_url,IFSC - Paraclimbing World Cup (L) - Innsbruck (AUT) 2022,LEAD Men AL1,finished,2025-10-02 07:18:37 UTC,2024-01-17 07:45:37 UTC,,7363,lead,Qualification,Men AL1,finished,2022-06-21 11:40:51 UTC,/api/v1/category_rounds/7363/results,lead_one_group_two_routes,IFSC: 2 routes,49,,,,,,,7929,2,/api/v1/routes/7929/startlist,/api/v1/routes/7929/results
/api/v1/events/1277/result/553,1277,full_results_url,IFSC - Paraclimbing World Cup (L) - Innsbruck (AUT) 2022,LEAD Men AL1,finished,2025-10-02 07:18:37 UTC,2024-01-17 07:45:37 UTC,,7527,lead,Final,Men AL1,finished,2022-06-22 19:17:27 UTC,/api/v1/category_rounds/7527/results,lead_one_group_one_route,IFSC: 1 route,51,,,,,,,7958,1,/api/v1/routes/7958/startlist,/api/v1/routes/7958/results
/api/v1/events/1277/result/557,1277,full_results_url,IFSC - Paraclimbing World Cup (L) - Innsbruck (AUT) 2022,LEAD Women AL1,active,2025-10-02 07:18:37 UTC,NA,,7364,lead,Qualification,Women AL1,pending,2022-06-20 15:44:09 UTC,/api/v1/category_rounds/7364/results,lead_one_group_one_route,IFSC: 1 route,49,,,,,,,7395,1,/api/v1/routes/7395/startlist,/api/v1/routes/7395/results
/api/v1/events/1277/result/561,1277,full_results_url,IFSC - Paraclimbing World Cup (L) - Innsbruck (AUT) 2022,LEAD Men AL2,finished,2025-10-02 07:18:37 UTC,2024-01-17 07:45:37 UTC,,7365,lead,Qualification,Men AL2,finished,2022-06-21 12:29:33 UTC,/api/v1/category_rounds/7365/results,lead_one_group_two_routes,IFSC: 2 routes,49,,,,,,,7930,1,/api/v1/routes/7930/startlist,/api/v1/routes/7930/results
/api/v1/events/1277/result/561,1277,full_results_url,IFSC - Paraclimbing World Cup (L) - Innsbruck (AUT) 2022,LEAD Men AL2,finished,2025-10-02 07:18:37 UTC,2024-01-17 07:45:37 UTC,,7365,lead,Qualification,Men AL2,finished,2022-06-21 12:29:33 UTC,/api/v1/category_rounds/7365/results,lead_one_group_two_routes,IFSC: 2 routes,49,,,,,,,7931,2,/api/v1/routes/7931/startlist,/api/v1/routes/7931/results
/api/v1/events/1277/result/561,1277,full_results_url,IFSC - Paraclimbing World Cup (L) - Innsbruck (AUT) 2022,LEAD Men AL2,finished,2025-10-02 07:18:37 UTC,2024-01-17 07:45:37 UTC,,7529,lead,Final,Men AL2,finished,2022-06-22 19:45:33 UTC,/api/v1/category_rounds/7529/results,lead_one_group_one_route,IFSC: 1 route,51,,,,,,,7960,1,/api/v1/routes/7960/startlist,/api/v1/routes/7960/results
/api/v1/events/1277/result/565,1277,full_results_url,IFSC - Paraclimbing World Cup (L) - Innsbruck (AUT) 2022,LEAD Women AL2,finished,2025-10-02 07:18:37 UTC,2024-01-15 18:06:18 UTC,,7366,lead,Qualification,Women AL2,finished,2022-06-21 11:25:14 UTC,/api/v1/category_rounds/7366/results,lead_one_group_two_routes,IFSC: 2 routes,49,,,,,,,7932,1,/api/v1/routes/7932/startlist,/api/v1/routes/7932/results
/api/v1/events/1277/result/565,1277,full_results_url,IFSC - Paraclimbing World Cup (L) - Innsbruck (AUT) 2022,LEAD Women AL2,finished,2025-10-02 07:18:37 UTC,2024-01-15 18:06:18 UTC,,7366,lead,Qualification,Women AL2,finished,2022-06-21 11:25:14 UTC,/api/v1/category_rounds/7366/results,lead_one_group_two_routes,IFSC: 2 routes,49,,,,,,,7933,2,/api/v1/routes/7933/startlist,/api/v1/routes/7933/results
/api/v1/events/1277/result/565,1277,full_results_url,IFSC - Paraclimbing World Cup (L) - Innsbruck (AUT) 2022,LEAD Women AL2,finished,2025-10-02 07:18:37 UTC,2024-01-15 18:06:18 UTC,,7530,lead,Final,Women AL2,finished,2022-06-22 19:24:22 UTC,/api/v1/category_rounds/7530/results,lead_one_group_one_route,IFSC: 1 route,51,,,,,,,7961,1,/api/v1/routes/7961/startlist,/api/v1/routes/7961/results
/api/v1/events/1277/result/569,1277,full_results_url,IFSC - Paraclimbing World Cup (L) - Innsbruck (AUT) 2022,LEAD Men AU1,finished,2025-10-02 07:18:37 UTC,2024-01-17 07:45:39 UTC,,7367,lead,Qualification,Men AU1,finished,2022-06-21 12:05:54 UTC,/api/v1/category_rounds/7367/results,lead_one_group_two_routes,IFSC: 2 routes,49,,,,,,,7934,1,/api/v1/routes/7934/startlist,/api/v1/routes/7934/results
/api/v1/events/1277/result/569,1277,full_results_url,IFSC - Paraclimbing World Cup (L) - Innsbruck (AUT) 2022,LEAD Men AU1,finished,2025-10-02 07:18:37 UTC,2024-01-17 07:45:39 UTC,,7367,lead,Qualification,Men AU1,finished,2022-06-21 12:05:54 UTC,/api/v1/category_rounds/7367/results,lead_one_group_two_routes,IFSC: 2 routes,49,,,,,,,7935,2,/api/v1/routes/7935/startlist,/api/v1/routes/7935/results
/api/v1/events/1277/result/569,1277,full_results_url,IFSC - Paraclimbing World Cup (L) - Innsbruck (AUT) 2022,LEAD Men AU1,finished,2025-10-02 07:18:37 UTC,2024-01-17 07:45:39 UTC,,7531,lead,Final,Men AU1,finished,2022-06-22 19:43:16 UTC,/api/v1/category_rounds/7531/results,lead_one_group_one_route,IFSC: 1 route,51,,,,,,,7962,1,/api/v1/routes/7962/startlist,/api/v1/routes/7962/results
/api/v1/events/1277/result/573,1277,full_results_url,IFSC - Paraclimbing World Cup (L) - Innsbruck (AUT) 2022,LEAD Women AU1,registration_pending,2025-10-02 07:18:37 UTC,NA,,7368,lead,Qualification,Women AU1,pending,2022-01-28 10:12:32 UTC,/api/v1/category_rounds/7368/results,lead_one_group_one_route,IFSC: 1 route,49,,,,,,,7399,1,/api/v1/routes/7399/startlist,/api/v1/routes/7399/results
/api/v1/events/1277/result/577,1277,full_results_url,IFSC - Paraclimbing World Cup (L) - Innsbruck (AUT) 2022,LEAD Men AU2,finished,2025-10-02 07:18:37 UTC,2024-01-17 07:45:39 UTC,,7369,lead,Qualification,Men AU2,finished,2022-06-21 12:31:44 UTC,/api/v1/category_rounds/7369/results,lead_one_group_two_routes,IFSC: 2 routes,49,,,,,,,7936,1,/api/v1/routes/7936/startlist,/api/v1/routes/7936/results
/api/v1/events/1277/result/577,1277,full_results_url,IFSC - Paraclimbing World Cup (L) - Innsbruck (AUT) 2022,LEAD Men AU2,finished,2025-10-02 07:18:37 UTC,2024-01-17 07:45:39 UTC,,7369,lead,Qualification,Men AU2,finished,2022-06-21 12:31:44 UTC,/api/v1/category_rounds/7369/results,lead_one_group_two_routes,IFSC: 2 routes,49,,,,,,,7937,2,/api/v1/routes/7937/startlist,/api/v1/routes/7937/results
/api/v1/events/1277/result/577,1277,full_results_url,IFSC - Paraclimbing World Cup (L) - Innsbruck (AUT) 2022,LEAD Men AU2,finished,2025-10-02 07:18:37 UTC,2024-01-17 07:45:39 UTC,,7533,lead,Final,Men AU2,finished,2022-06-22 20:03:50 UTC,/api/v1/category_rounds/7533/results,lead_one_group_one_route,IFSC: 1 route,51,,,,,,,7964,1,/api/v1/routes/7964/startlist,/api/v1/routes/7964/results
/api/v1/events/1277/result/581,1277,full_results_url,IFSC - Paraclimbing World Cup (L) - Innsbruck (AUT) 2022,LEAD Women AU2,finished,2025-10-02 07:18:37 UTC,2024-01-15 18:06:18 UTC,,7370,lead,Qualification,Women AU2,finished,2022-06-21 12:41:36 UTC,/api/v1/category_rounds/7370/results,lead_one_group_two_routes,IFSC: 2 routes,49,,,,,,,7938,1,/api/v1/routes/7938/startlist,/api/v1/routes/7938/results
/api/v1/events/1277/result/581,1277,full_results_url,IFSC - Paraclimbing World Cup (L) - Innsbruck (AUT) 2022,LEAD Women AU2,finished,2025-10-02 07:18:37 UTC,2024-01-15 18:06:18 UTC,,7370,lead,Qualification,Women AU2,finished,2022-06-21 12:41:36 UTC,/api/v1/category_rounds/7370/results,lead_one_group_two_routes,IFSC: 2 routes,49,,,,,,,7939,2,/api/v1/routes/7939/startlist,/api/v1/routes/7939/results
/api/v1/events/1277/result/581,1277,full_results_url,IFSC - Paraclimbing World Cup (L) - Innsbruck (AUT) 2022,LEAD Women AU2,finished,2025-10-02 07:18:37 UTC,2024-01-15 18:06:18 UTC,,7534,lead,Final,Women AU2,finished,2022-06-22 20:02:58 UTC,/api/v1/category_rounds/7534/results,lead_one_group_one_route,IFSC: 1 route,51,,,,,,,7965,1,/api/v1/routes/7965/startlist,/api/v1/routes/7965/results
/api/v1/events/1277/result/585,1277,full_results_url,IFSC - Paraclimbing World Cup (L) - Innsbruck (AUT) 2022,LEAD Men RP1,finished,2025-10-02 07:18:37 UTC,2024-01-17 07:45:41 UTC,,7371,lead,Qualification,Men RP1,finished,2022-06-21 12:19:39 UTC,/api/v1/category_rounds/7371/results,lead_one_group_two_routes,IFSC: 2 routes,49,,,,,,,7940,1,/api/v1/routes/7940/startlist,/api/v1/routes/7940/results
/api/v1/events/1277/result/585,1277,full_results_url,IFSC - Paraclimbing World Cup (L) - Innsbruck (AUT) 2022,LEAD Men RP1,finished,2025-10-02 07:18:37 UTC,2024-01-17 07:45:41 UTC,,7371,lead,Qualification,Men RP1,finished,2022-06-21 12:19:39 UTC,/api/v1/category_rounds/7371/results,lead_one_group_two_routes,IFSC: 2 routes,49,,,,,,,7941,2,/api/v1/routes/7941/startlist,/api/v1/routes/7941/results
/api/v1/events/1277/result/585,1277,full_results_url,IFSC - Paraclimbing World Cup (L) - Innsbruck (AUT) 2022,LEAD Men RP1,finished,2025-10-02 07:18:37 UTC,2024-01-17 07:45:41 UTC,,7535,lead,Final,Men RP1,finished,2022-06-22 18:53:29 UTC,/api/v1/category_rounds/7535/results,lead_one_group_one_route,IFSC: 1 route,51,,,,,,,7966,1,/api/v1/routes/7966/startlist,/api/v1/routes/7966/results
/api/v1/events/1277/result/589,1277,full_results_url,IFSC - Paraclimbing World Cup (L) - Innsbruck (AUT) 2022,LEAD Men RP2,finished,2025-10-02 07:18:37 UTC,2024-01-15 21:15:55 UTC,,7372,lead,Qualification,Men RP2,finished,2022-06-21 12:07:28 UTC,/api/v1/category_rounds/7372/results,lead_one_group_two_routes,IFSC: 2 routes,49,,,,,,,7942,1,/api/v1/routes/7942/startlist,/api/v1/routes/7942/results
/api/v1/events/1277/result/589,1277,full_results_url,IFSC - Paraclimbing World Cup (L) - Innsbruck (AUT) 2022,LEAD Men RP2,finished,2025-10-02 07:18:37 UTC,2024-01-15 21:15:55 UTC,,7372,lead,Qualification,Men RP2,finished,2022-06-21 12:07:28 UTC,/api/v1/category_rounds/7372/results,lead_one_group_two_routes,IFSC: 2 routes,49,,,,,,,7943,2,/api/v1/routes/7943/startlist,/api/v1/routes/7943/results
/api/v1/events/1277/result/589,1277,full_results_url,IFSC - Paraclimbing World Cup (L) - Innsbruck (AUT) 2022,LEAD Men RP2,finished,2025-10-02 07:18:37 UTC,2024-01-15 21:15:55 UTC,,7536,lead,Final,Men RP2,finished,2022-06-22 19:44:32 UTC,/api/v1/category_rounds/7536/results,lead_one_group_one_route,IFSC: 1 route,51,,,,,,,7967,1,/api/v1/routes/7967/startlist,/api/v1/routes/7967/results
/api/v1/events/1277/result/593,1277,full_results_url,IFSC - Paraclimbing World Cup (L) - Innsbruck (AUT) 2022,LEAD Men RP3,finished,2025-10-02 07:18:37 UTC,2024-01-15 18:06:18 UTC,,7373,lead,Qualification,Men RP3,finished,2022-06-21 12:32:27 UTC,/api/v1/category_rounds/7373/results,lead_one_group_two_routes,IFSC: 2 routes,49,,,,,,,7944,1,/api/v1/routes/7944/startlist,/api/v1/routes/7944/results
/api/v1/events/1277/result/593,1277,full_results_url,IFSC - Paraclimbing World Cup (L) - Innsbruck (AUT) 2022,LEAD Men RP3,finished,2025-10-02 07:18:37 UTC,2024-01-15 18:06:18 UTC,,7373,lead,Qualification,Men RP3,finished,2022-06-21 12:32:27 UTC,/api/v1/category_rounds/7373/results,lead_one_group_two_routes,IFSC: 2 routes,49,,,,,,,7945,2,/api/v1/routes/7945/startlist,/api/v1/routes/7945/results
/api/v1/events/1277/result/593,1277,full_results_url,IFSC - Paraclimbing World Cup (L) - Innsbruck (AUT) 2022,LEAD Men RP3,finished,2025-10-02 07:18:37 UTC,2024-01-15 18:06:18 UTC,,7537,lead,Final,Men RP3,finished,2022-06-22 18:29:34 UTC,/api/v1/category_rounds/7537/results,lead_one_group_one_route,IFSC: 1 route,51,,,,,,,7968,1,/api/v1/routes/7968/startlist,/api/v1/routes/7968/results
/api/v1/events/1277/result/597,1277,full_results_url,IFSC - Paraclimbing World Cup (L) - Innsbruck (AUT) 2022,LEAD Women RP1,finished,2025-10-02 07:18:37 UTC,2024-01-17 07:45:42 UTC,,7374,lead,Qualification,Women RP1,finished,2022-06-21 12:08:15 UTC,/api/v1/category_rounds/7374/results,lead_one_group_two_routes,IFSC: 2 routes,49,,,,,,,7946,1,/api/v1/routes/7946/startlist,/api/v1/routes/7946/results
/api/v1/events/1277/result/597,1277,full_results_url,IFSC - Paraclimbing World Cup (L) - Innsbruck (AUT) 2022,LEAD Women RP1,finished,2025-10-02 07:18:37 UTC,2024-01-17 07:45:42 UTC,,7374,lead,Qualification,Women RP1,finished,2022-06-21 12:08:15 UTC,/api/v1/category_rounds/7374/results,lead_one_group_two_routes,IFSC: 2 routes,49,,,,,,,7947,2,/api/v1/routes/7947/startlist,/api/v1/routes/7947/results
/api/v1/events/1277/result/597,1277,full_results_url,IFSC - Paraclimbing World Cup (L) - Innsbruck (AUT) 2022,LEAD Women RP1,finished,2025-10-02 07:18:37 UTC,2024-01-17 07:45:42 UTC,,7538,lead,Final,Women RP1,finished,2022-06-22 18:30:32 UTC,/api/v1/category_rounds/7538/results,lead_one_group_one_route,IFSC: 1 route,51,,,,,,,7969,1,/api/v1/routes/7969/startlist,/api/v1/routes/7969/results
/api/v1/events/1277/result/601,1277,full_results_url,IFSC - Paraclimbing World Cup (L) - Innsbruck (AUT) 2022,LEAD Women RP2,finished,2025-10-02 07:18:37 UTC,2024-01-17 07:45:43 UTC,,7375,lead,Qualification,Women RP2,finished,2022-06-21 12:08:39 UTC,/api/v1/category_rounds/7375/results,lead_one_group_two_routes,IFSC: 2 routes,49,,,,,,,7948,1,/api/v1/routes/7948/startlist,/api/v1/routes/7948/results
/api/v1/events/1277/result/601,1277,full_results_url,IFSC - Paraclimbing World Cup (L) - Innsbruck (AUT) 2022,LEAD Women RP2,finished,2025-10-02 07:18:37 UTC,2024-01-17 07:45:43 UTC,,7375,lead,Qualification,Women RP2,finished,2022-06-21 12:08:39 UTC,/api/v1/category_rounds/7375/results,lead_one_group_two_routes,IFSC: 2 routes,49,,,,,,,7949,2,/api/v1/routes/7949/startlist,/api/v1/routes/7949/results
/api/v1/events/1277/result/601,1277,full_results_url,IFSC - Paraclimbing World Cup (L) - Innsbruck (AUT) 2022,LEAD Women RP2,finished,2025-10-02 07:18:37 UTC,2024-01-17 07:45:43 UTC,,7539,lead,Final,Women RP2,finished,2022-06-22 18:11:13 UTC,/api/v1/category_rounds/7539/results,lead_one_group_one_route,IFSC: 1 route,51,,,,,,,7970,1,/api/v1/routes/7970/startlist,/api/v1/routes/7970/results
/api/v1/events/1277/result/605,1277,full_results_url,IFSC - Paraclimbing World Cup (L) - Innsbruck (AUT) 2022,LEAD Women RP3,finished,2025-10-02 07:18:37 UTC,2024-01-17 07:45:45 UTC,,7376,lead,Qualification,Women RP3,finished,2022-06-21 12:09:09 UTC,/api/v1/category_rounds/7376/results,lead_one_group_two_routes,IFSC: 2 routes,49,,,,,,,7950,1,/api/v1/routes/7950/startlist,/api/v1/routes/7950/results
/api/v1/events/1277/result/605,1277,full_results_url,IFSC - Paraclimbing World Cup (L) - Innsbruck (AUT) 2022,LEAD Women RP3,finished,2025-10-02 07:18:37 UTC,2024-01-17 07:45:45 UTC,,7376,lead,Qualification,Women RP3,finished,2022-06-21 12:09:09 UTC,/api/v1/category_rounds/7376/results,lead_one_group_two_routes,IFSC: 2 routes,49,,,,,,,7951,2,/api/v1/routes/7951/startlist,/api/v1/routes/7951/results
/api/v1/events/1277/result/605,1277,full_results_url,IFSC - Paraclimbing World Cup (L) - Innsbruck (AUT) 2022,LEAD Women RP3,finished,2025-10-02 07:18:37 UTC,2024-01-17 07:45:45 UTC,,7540,lead,Final,Women RP3,finished,2022-06-22 18:49:26 UTC,/api/v1/category_rounds/7540/results,lead_one_group_one_route,IFSC: 1 route,51,,,,,,,7971,1,/api/v1/routes/7971/startlist,/api/v1/routes/7971/results
/api/v1/events/1265/result/226,1265,full_results_url,IFSC Europe - Continental Cup (S) - Innsbruck (AUT) 2022,SPEED Men,finished,2025-10-02 07:18:36 UTC,2026-04-22 08:57:13 UTC,,7108,speed,Qualification,Men,finished,2022-06-21 15:25:34 UTC,/api/v1/category_rounds/7108/results,speed_staggered,IFSC: Qualification,16,,,,,,,6758,A,/api/v1/routes/6758/startlist,
/api/v1/events/1265/result/226,1265,full_results_url,IFSC Europe - Continental Cup (S) - Innsbruck (AUT) 2022,SPEED Men,finished,2025-10-02 07:18:36 UTC,2026-04-22 08:57:13 UTC,,7108,speed,Qualification,Men,finished,2022-06-21 15:25:34 UTC,/api/v1/category_rounds/7108/results,speed_staggered,IFSC: Qualification,16,,,,,,,6759,B,/api/v1/routes/6759/startlist,
/api/v1/events/1265/result/226,1265,full_results_url,IFSC Europe - Continental Cup (S) - Innsbruck (AUT) 2022,SPEED Men,finished,2025-10-02 07:18:36 UTC,2026-04-22 08:57:13 UTC,,7209,speed,Final,Men,finished,2024-01-15 18:39:22 UTC,/api/v1/category_rounds/7209/results,speed_elimination_ifsc_2022,IFSC 2022: Elimination,18,,,,,,,7500,A,/api/v1/routes/7500/startlist,
/api/v1/events/1265/result/226,1265,full_results_url,IFSC Europe - Continental Cup (S) - Innsbruck (AUT) 2022,SPEED Men,finished,2025-10-02 07:18:36 UTC,2026-04-22 08:57:13 UTC,,7209,speed,Final,Men,finished,2024-01-15 18:39:22 UTC,/api/v1/category_rounds/7209/results,speed_elimination_ifsc_2022,IFSC 2022: Elimination,18,,,,,,,7501,B,/api/v1/routes/7501/startlist,
/api/v1/events/1265/result/230,1265,full_results_url,IFSC Europe - Continental Cup (S) - Innsbruck (AUT) 2022,SPEED Women,finished,2025-10-02 07:18:36 UTC,2026-04-22 08:57:16 UTC,,7109,speed,Qualification,Women,finished,2022-06-21 15:50:37 UTC,/api/v1/category_rounds/7109/results,speed_staggered,IFSC: Qualification,16,,,,,,,6760,A,/api/v1/routes/6760/startlist,
/api/v1/events/1265/result/230,1265,full_results_url,IFSC Europe - Continental Cup (S) - Innsbruck (AUT) 2022,SPEED Women,finished,2025-10-02 07:18:36 UTC,2026-04-22 08:57:16 UTC,,7109,speed,Qualification,Women,finished,2022-06-21 15:50:37 UTC,/api/v1/category_rounds/7109/results,speed_staggered,IFSC: Qualification,16,,,,,,,6761,B,/api/v1/routes/6761/startlist,
/api/v1/events/1265/result/230,1265,full_results_url,IFSC Europe - Continental Cup (S) - Innsbruck (AUT) 2022,SPEED Women,finished,2025-10-02 07:18:36 UTC,2026-04-22 08:57:16 UTC,,7210,speed,Final,Women,finished,2024-01-17 07:05:26 UTC,/api/v1/category_rounds/7210/results,speed_elimination_ifsc_2022,IFSC 2022: Elimination,18,,,,,,,7502,A,/api/v1/routes/7502/startlist,
/api/v1/events/1265/result/230,1265,full_results_url,IFSC Europe - Continental Cup (S) - Innsbruck (AUT) 2022,SPEED Women,finished,2025-10-02 07:18:36 UTC,2026-04-22 08:57:16 UTC,,7210,speed,Final,Women,finished,2024-01-17 07:05:26 UTC,/api/v1/category_rounds/7210/results,speed_elimination_ifsc_2022,IFSC 2022: Elimination,18,,,,,,,7503,B,/api/v1/routes/7503/startlist,
/api/v1/events/1238/result/3,1238,full_results_url,"IFSC - Climbing World Cup (B,L) - Innsbruck (AUT) 2022",BOULDER Men,finished,2025-10-02 07:18:36 UTC,2026-04-22 08:57:20 UTC,,7541,boulder,Semi-final,Men,finished,2022-06-23 13:23:55 UTC,/api/v1/category_rounds/7541/results,boulder_one_group_one_boulder_set,IFSC: 1 group,2,,,,,,,7972,1,/api/v1/routes/7972/startlist,
/api/v1/events/1238/result/3,1238,full_results_url,"IFSC - Climbing World Cup (B,L) - Innsbruck (AUT) 2022",BOULDER Men,finished,2025-10-02 07:18:36 UTC,2026-04-22 08:57:20 UTC,,7541,boulder,Semi-final,Men,finished,2022-06-23 13:23:55 UTC,/api/v1/category_rounds/7541/results,boulder_one_group_one_boulder_set,IFSC: 1 group,2,,,,,,,7973,2,/api/v1/routes/7973/startlist,
/api/v1/events/1238/result/3,1238,full_results_url,"IFSC - Climbing World Cup (B,L) - Innsbruck (AUT) 2022",BOULDER Men,finished,2025-10-02 07:18:36 UTC,2026-04-22 08:57:20 UTC,,7541,boulder,Semi-final,Men,finished,2022-06-23 13:23:55 UTC,/api/v1/category_rounds/7541/results,boulder_one_group_one_boulder_set,IFSC: 1 group,2,,,,,,,7974,3,/api/v1/routes/7974/startlist,
/api/v1/events/1238/result/3,1238,full_results_url,"IFSC - Climbing World Cup (B,L) - Innsbruck (AUT) 2022",BOULDER Men,finished,2025-10-02 07:18:36 UTC,2026-04-22 08:57:20 UTC,,7541,boulder,Semi-final,Men,finished,2022-06-23 13:23:55 UTC,/api/v1/category_rounds/7541/results,boulder_one_group_one_boulder_set,IFSC: 1 group,2,,,,,,,7975,4,/api/v1/routes/7975/startlist,
/api/v1/events/1238/result/3,1238,full_results_url,"IFSC - Climbing World Cup (B,L) - Innsbruck (AUT) 2022",BOULDER Men,finished,2025-10-02 07:18:36 UTC,2026-04-22 08:57:20 UTC,,7543,boulder,Final,Men,finished,2022-06-23 19:32:08 UTC,/api/v1/category_rounds/7543/results,boulder_finals_one_by_one,IFSC: Finals,3,,,,,,,7980,1,/api/v1/routes/7980/startlist,
/api/v1/events/1238/result/3,1238,full_results_url,"IFSC - Climbing World Cup (B,L) - Innsbruck (AUT) 2022",BOULDER Men,finished,2025-10-02 07:18:36 UTC,2026-04-22 08:57:20 UTC,,7543,boulder,Final,Men,finished,2022-06-23 19:32:08 UTC,/api/v1/category_rounds/7543/results,boulder_finals_one_by_one,IFSC: Finals,3,,,,,,,7981,2,/api/v1/routes/7981/startlist,
/api/v1/events/1238/result/3,1238,full_results_url,"IFSC - Climbing World Cup (B,L) - Innsbruck (AUT) 2022",BOULDER Men,finished,2025-10-02 07:18:36 UTC,2026-04-22 08:57:20 UTC,,7543,boulder,Final,Men,finished,2022-06-23 19:32:08 UTC,/api/v1/category_rounds/7543/results,boulder_finals_one_by_one,IFSC: Finals,3,,,,,,,7982,3,/api/v1/routes/7982/startlist,
/api/v1/events/1238/result/3,1238,full_results_url,"IFSC - Climbing World Cup (B,L) - Innsbruck (AUT) 2022",BOULDER Men,finished,2025-10-02 07:18:36 UTC,2026-04-22 08:57:20 UTC,,7543,boulder,Final,Men,finished,2022-06-23 19:32:08 UTC,/api/v1/category_rounds/7543/results,boulder_finals_one_by_one,IFSC: Finals,3,,,,,,,7983,4,/api/v1/routes/7983/startlist,
/api/v1/events/1238/result/7,1238,full_results_url,"IFSC - Climbing World Cup (B,L) - Innsbruck (AUT) 2022",BOULDER Women,finished,2025-10-02 07:18:36 UTC,2026-04-22 08:57:24 UTC,,7542,boulder,Semi-final,Women,finished,2022-06-24 13:34:08 UTC,/api/v1/category_rounds/7542/results,boulder_one_group_one_boulder_set,IFSC: 1 group,2,,,,,,,7976,1,/api/v1/routes/7976/startlist,
/api/v1/events/1238/result/7,1238,full_results_url,"IFSC - Climbing World Cup (B,L) - Innsbruck (AUT) 2022",BOULDER Women,finished,2025-10-02 07:18:36 UTC,2026-04-22 08:57:24 UTC,,7542,boulder,Semi-final,Women,finished,2022-06-24 13:34:08 UTC,/api/v1/category_rounds/7542/results,boulder_one_group_one_boulder_set,IFSC: 1 group,2,,,,,,,7977,2,/api/v1/routes/7977/startlist,
/api/v1/events/1238/result/7,1238,full_results_url,"IFSC - Climbing World Cup (B,L) - Innsbruck (AUT) 2022",BOULDER Women,finished,2025-10-02 07:18:36 UTC,2026-04-22 08:57:24 UTC,,7542,boulder,Semi-final,Women,finished,2022-06-24 13:34:08 UTC,/api/v1/category_rounds/7542/results,boulder_one_group_one_boulder_set,IFSC: 1 group,2,,,,,,,7978,3,/api/v1/routes/7978/startlist,
/api/v1/events/1238/result/7,1238,full_results_url,"IFSC - Climbing World Cup (B,L) - Innsbruck (AUT) 2022",BOULDER Women,finished,2025-10-02 07:18:36 UTC,2026-04-22 08:57:24 UTC,,7542,boulder,Semi-final,Women,finished,2022-06-24 13:34:08 UTC,/api/v1/category_rounds/7542/results,boulder_one_group_one_boulder_set,IFSC: 1 group,2,,,,,,,7979,4,/api/v1/routes/7979/startlist,
/api/v1/events/1238/result/7,1238,full_results_url,"IFSC - Climbing World Cup (B,L) - Innsbruck (AUT) 2022",BOULDER Women,finished,2025-10-02 07:18:36 UTC,2026-04-22 08:57:24 UTC,,7544,boulder,Final,Women,finished,2022-06-24 19:50:42 UTC,/api/v1/category_rounds/7544/results,boulder_finals_one_by_one,IFSC: Finals,3,,,,,,,7984,1,/api/v1/routes/7984/startlist,
/api/v1/events/1238/result/7,1238,full_results_url,"IFSC - Climbing World Cup (B,L) - Innsbruck (AUT) 2022",BOULDER Women,finished,2025-10-02 07:18:36 UTC,2026-04-22 08:57:24 UTC,,7544,boulder,Final,Women,finished,2022-06-24 19:50:42 UTC,/api/v1/category_rounds/7544/results,boulder_finals_one_by_one,IFSC: Finals,3,,,,,,,7985,2,/api/v1/routes/7985/startlist,
/api/v1/events/1238/result/7,1238,full_results_url,"IFSC - Climbing World Cup (B,L) - Innsbruck (AUT) 2022",BOULDER Women,finished,2025-10-02 07:18:36 UTC,2026-04-22 08:57:24 UTC,,7544,boulder,Final,Women,finished,2022-06-24 19:50:42 UTC,/api/v1/category_rounds/7544/results,boulder_finals_one_by_one,IFSC: Finals,3,,,,,,,7986,3,/api/v1/routes/7986/startlist,
/api/v1/events/1238/result/7,1238,full_results_url,"IFSC - Climbing World Cup (B,L) - Innsbruck (AUT) 2022",BOULDER Women,finished,2025-10-02 07:18:36 UTC,2026-04-22 08:57:24 UTC,,7544,boulder,Final,Women,finished,2022-06-24 19:50:42 UTC,/api/v1/category_rounds/7544/results,boulder_finals_one_by_one,IFSC: Finals,3,,,,,,,7987,4,/api/v1/routes/7987/startlist,
/api/v1/events/1238/result/1,1238,full_results_url,"IFSC - Climbing World Cup (B,L) - Innsbruck (AUT) 2022",LEAD Men,finished,2025-10-02 07:18:36 UTC,2026-04-22 08:57:29 UTC,,7545,lead,Semi-final,Men,finished,2022-06-25 19:54:32 UTC,/api/v1/category_rounds/7545/results,lead_one_group_one_route,IFSC: 1 route,2,,,,,,,7996,1,/api/v1/routes/7996/startlist,/api/v1/routes/7996/results
/api/v1/events/1238/result/1,1238,full_results_url,"IFSC - Climbing World Cup (B,L) - Innsbruck (AUT) 2022",LEAD Men,finished,2025-10-02 07:18:36 UTC,2026-04-22 08:57:29 UTC,,7547,lead,Final,Men,finished,2022-06-26 19:20:49 UTC,/api/v1/category_rounds/7547/results,lead_one_group_one_route,IFSC: 1 route,3,,,,,,,7998,1,/api/v1/routes/7998/startlist,/api/v1/routes/7998/results
/api/v1/events/1238/result/5,1238,full_results_url,"IFSC - Climbing World Cup (B,L) - Innsbruck (AUT) 2022",LEAD Women,finished,2025-10-02 07:18:36 UTC,2026-04-22 08:57:32 UTC,,7546,lead,Semi-final,Women,finished,2022-06-25 20:03:02 UTC,/api/v1/category_rounds/7546/results,lead_one_group_one_route,IFSC: 1 route,2,,,,,,,7997,1,/api/v1/routes/7997/startlist,/api/v1/routes/7997/results
/api/v1/events/1238/result/5,1238,full_results_url,"IFSC - Climbing World Cup (B,L) - Innsbruck (AUT) 2022",LEAD Women,finished,2025-10-02 07:18:36 UTC,2026-04-22 08:57:32 UTC,,7548,lead,Final,Women,finished,2022-06-26 17:51:33 UTC,/api/v1/category_rounds/7548/results,lead_one_group_one_route,IFSC: 1 route,3,,,,,,,7999,1,/api/v1/routes/7999/startlist,/api/v1/routes/7999/results
/api/v1/events/1266/result/233,1266,full_results_url,IFSC Europe - Continental Youth Cup (L) - Ostermundigen (SUI) 2022,LEAD Juniors Male,finished,2025-10-02 07:18:36 UTC,2026-04-22 08:57:36 UTC,,7110,lead,Qualification,Juniors Male,finished,2022-06-25 09:47:38 UTC,/api/v1/category_rounds/7110/results,lead_one_group_two_routes,IFSC: 2 routes,19,,,,,,,6762,1,/api/v1/routes/6762/startlist,/api/v1/routes/6762/results
/api/v1/events/1266/result/233,1266,full_results_url,IFSC Europe - Continental Youth Cup (L) - Ostermundigen (SUI) 2022,LEAD Juniors Male,finished,2025-10-02 07:18:36 UTC,2026-04-22 08:57:36 UTC,,7110,lead,Qualification,Juniors Male,finished,2022-06-25 09:47:38 UTC,/api/v1/category_rounds/7110/results,lead_one_group_two_routes,IFSC: 2 routes,19,,,,,,,6763,2,/api/v1/routes/6763/startlist,/api/v1/routes/6763/results
/api/v1/events/1266/result/233,1266,full_results_url,IFSC Europe - Continental Youth Cup (L) - Ostermundigen (SUI) 2022,LEAD Juniors Male,finished,2025-10-02 07:18:36 UTC,2026-04-22 08:57:36 UTC,,7247,lead,Final,Juniors Male,finished,2022-06-26 12:07:15 UTC,/api/v1/category_rounds/7247/results,lead_one_group_one_route,IFSC: 1 route,21,,,,,,,7190,1,/api/v1/routes/7190/startlist,/api/v1/routes/7190/results
/api/v1/events/1266/result/237,1266,full_results_url,IFSC Europe - Continental Youth Cup (L) - Ostermundigen (SUI) 2022,LEAD Youth A Male,finished,2025-10-02 07:18:36 UTC,2026-04-23 12:20:24 UTC,,7111,lead,Qualification,Youth A Male,finished,2022-06-25 15:53:16 UTC,/api/v1/category_rounds/7111/results,lead_one_group_two_routes,IFSC: 2 routes,19,,,,,,,6764,1,/api/v1/routes/6764/startlist,/api/v1/routes/6764/results
/api/v1/events/1266/result/237,1266,full_results_url,IFSC Europe - Continental Youth Cup (L) - Ostermundigen (SUI) 2022,LEAD Youth A Male,finished,2025-10-02 07:18:36 UTC,2026-04-23 12:20:24 UTC,,7111,lead,Qualification,Youth A Male,finished,2022-06-25 15:53:16 UTC,/api/v1/category_rounds/7111/results,lead_one_group_two_routes,IFSC: 2 routes,19,,,,,,,6765,2,/api/v1/routes/6765/startlist,/api/v1/routes/6765/results
/api/v1/events/1266/result/237,1266,full_results_url,IFSC Europe - Continental Youth Cup (L) - Ostermundigen (SUI) 2022,LEAD Youth A Male,finished,2025-10-02 07:18:36 UTC,2026-04-23 12:20:24 UTC,,7248,lead,Final,Youth A Male,finished,2022-06-26 10:40:51 UTC,/api/v1/category_rounds/7248/results,lead_one_group_one_route,IFSC: 1 route,21,,,,,,,7191,1,/api/v1/routes/7191/startlist,/api/v1/routes/7191/results
/api/v1/events/1266/result/241,1266,full_results_url,IFSC Europe - Continental Youth Cup (L) - Ostermundigen (SUI) 2022,LEAD Youth B Male,finished,2025-10-02 07:18:36 UTC,2026-04-22 08:57:43 UTC,,7112,lead,Qualification,Youth B Male,finished,2022-06-25 10:40:48 UTC,/api/v1/category_rounds/7112/results,lead_one_group_two_routes,IFSC: 2 routes,19,,,,,,,6766,1,/api/v1/routes/6766/startlist,/api/v1/routes/6766/results
/api/v1/events/1266/result/241,1266,full_results_url,IFSC Europe - Continental Youth Cup (L) - Ostermundigen (SUI) 2022,LEAD Youth B Male,finished,2025-10-02 07:18:36 UTC,2026-04-22 08:57:43 UTC,,7112,lead,Qualification,Youth B Male,finished,2022-06-25 10:40:48 UTC,/api/v1/category_rounds/7112/results,lead_one_group_two_routes,IFSC: 2 routes,19,,,,,,,6767,2,/api/v1/routes/6767/startlist,/api/v1/routes/6767/results
/api/v1/events/1266/result/241,1266,full_results_url,IFSC Europe - Continental Youth Cup (L) - Ostermundigen (SUI) 2022,LEAD Youth B Male,finished,2025-10-02 07:18:36 UTC,2026-04-22 08:57:43 UTC,,7249,lead,Final,Youth B Male,finished,2022-06-26 09:53:07 UTC,/api/v1/category_rounds/7249/results,lead_one_group_one_route,IFSC: 1 route,21,,,,,,,7192,1,/api/v1/routes/7192/startlist,/api/v1/routes/7192/results
/api/v1/events/1266/result/249,1266,full_results_url,IFSC Europe - Continental Youth Cup (L) - Ostermundigen (SUI) 2022,LEAD Juniors Female,finished,2025-10-02 07:18:36 UTC,2026-04-22 08:57:46 UTC,,7113,lead,Qualification,Juniors Female,finished,2022-06-25 15:54:16 UTC,/api/v1/category_rounds/7113/results,lead_one_group_two_routes,IFSC: 2 routes,19,,,,,,,6768,1,/api/v1/routes/6768/startlist,/api/v1/routes/6768/results
/api/v1/events/1266/result/249,1266,full_results_url,IFSC Europe - Continental Youth Cup (L) - Ostermundigen (SUI) 2022,LEAD Juniors Female,finished,2025-10-02 07:18:36 UTC,2026-04-22 08:57:46 UTC,,7113,lead,Qualification,Juniors Female,finished,2022-06-25 15:54:16 UTC,/api/v1/category_rounds/7113/results,lead_one_group_two_routes,IFSC: 2 routes,19,,,,,,,6769,2,/api/v1/routes/6769/startlist,/api/v1/routes/6769/results
/api/v1/events/1266/result/249,1266,full_results_url,IFSC Europe - Continental Youth Cup (L) - Ostermundigen (SUI) 2022,LEAD Juniors Female,finished,2025-10-02 07:18:36 UTC,2026-04-22 08:57:46 UTC,,7250,lead,Final,Juniors Female,finished,2022-06-26 12:06:35 UTC,/api/v1/category_rounds/7250/results,lead_one_group_one_route,IFSC: 1 route,21,,,,,,,7193,1,/api/v1/routes/7193/startlist,/api/v1/routes/7193/results
/api/v1/events/1266/result/253,1266,full_results_url,IFSC Europe - Continental Youth Cup (L) - Ostermundigen (SUI) 2022,LEAD Youth A Female,finished,2025-10-02 07:18:36 UTC,2026-04-22 08:57:49 UTC,,7114,lead,Qualification,Youth A Female,finished,2022-06-25 10:42:30 UTC,/api/v1/category_rounds/7114/results,lead_one_group_two_routes,IFSC: 2 routes,19,,,,,,,6770,1,/api/v1/routes/6770/startlist,/api/v1/routes/6770/results
/api/v1/events/1266/result/253,1266,full_results_url,IFSC Europe - Continental Youth Cup (L) - Ostermundigen (SUI) 2022,LEAD Youth A Female,finished,2025-10-02 07:18:36 UTC,2026-04-22 08:57:49 UTC,,7114,lead,Qualification,Youth A Female,finished,2022-06-25 10:42:30 UTC,/api/v1/category_rounds/7114/results,lead_one_group_two_routes,IFSC: 2 routes,19,,,,,,,6771,2,/api/v1/routes/6771/startlist,/api/v1/routes/6771/results
/api/v1/events/1266/result/253,1266,full_results_url,IFSC Europe - Continental Youth Cup (L) - Ostermundigen (SUI) 2022,LEAD Youth A Female,finished,2025-10-02 07:18:36 UTC,2026-04-22 08:57:49 UTC,,7251,lead,Final,Youth A Female,finished,2022-06-26 10:40:14 UTC,/api/v1/category_rounds/7251/results,lead_one_group_one_route,IFSC: 1 route,21,,,,,,,7194,1,/api/v1/routes/7194/startlist,/api/v1/routes/7194/results
/api/v1/events/1266/result/257,1266,full_results_url,IFSC Europe - Continental Youth Cup (L) - Ostermundigen (SUI) 2022,LEAD Youth B Female,finished,2025-10-02 07:18:36 UTC,2026-04-22 08:57:53 UTC,,7115,lead,Qualification,Youth B Female,finished,2022-06-25 16:01:27 UTC,/api/v1/category_rounds/7115/results,lead_one_group_two_routes,IFSC: 2 routes,19,,,,,,,6772,1,/api/v1/routes/6772/startlist,/api/v1/routes/6772/results
/api/v1/events/1266/result/257,1266,full_results_url,IFSC Europe - Continental Youth Cup (L) - Ostermundigen (SUI) 2022,LEAD Youth B Female,finished,2025-10-02 07:18:36 UTC,2026-04-22 08:57:53 UTC,,7115,lead,Qualification,Youth B Female,finished,2022-06-25 16:01:27 UTC,/api/v1/category_rounds/7115/results,lead_one_group_two_routes,IFSC: 2 routes,19,,,,,,,6773,2,/api/v1/routes/6773/startlist,/api/v1/routes/6773/results
/api/v1/events/1266/result/257,1266,full_results_url,IFSC Europe - Continental Youth Cup (L) - Ostermundigen (SUI) 2022,LEAD Youth B Female,finished,2025-10-02 07:18:36 UTC,2026-04-22 08:57:53 UTC,,7252,lead,Final,Youth B Female,finished,2022-06-26 09:52:33 UTC,/api/v1/category_rounds/7252/results,lead_one_group_one_route,IFSC: 1 route,21,,,,,,,7195,1,/api/v1/routes/7195/startlist,/api/v1/routes/7195/results
/api/v1/events/1239/result/1,1239,full_results_url,"IFSC - Climbing World Cup (L,S) - Villars (SUI) 2022",LEAD Men,finished,2025-10-02 07:18:36 UTC,2026-04-22 08:57:56 UTC,,6862,lead,Qualification,Men,finished,2022-07-01 13:44:41 UTC,/api/v1/category_rounds/6862/results,lead_one_group_two_routes,IFSC: 2 routes,1,,,,,,,5876,1,/api/v1/routes/5876/startlist,/api/v1/routes/5876/results
/api/v1/events/1239/result/1,1239,full_results_url,"IFSC - Climbing World Cup (L,S) - Villars (SUI) 2022",LEAD Men,finished,2025-10-02 07:18:36 UTC,2026-04-22 08:57:56 UTC,,6862,lead,Qualification,Men,finished,2022-07-01 13:44:41 UTC,/api/v1/category_rounds/6862/results,lead_one_group_two_routes,IFSC: 2 routes,1,,,,,,,5877,2,/api/v1/routes/5877/startlist,/api/v1/routes/5877/results
/api/v1/events/1239/result/1,1239,full_results_url,"IFSC - Climbing World Cup (L,S) - Villars (SUI) 2022",LEAD Men,finished,2025-10-02 07:18:36 UTC,2026-04-22 08:57:56 UTC,,7472,lead,Semi-final,Men,finished,2022-07-02 10:55:41 UTC,/api/v1/category_rounds/7472/results,lead_one_group_one_route,IFSC: 1 route,2,,,,,,,7797,1,/api/v1/routes/7797/startlist,/api/v1/routes/7797/results
/api/v1/events/1239/result/1,1239,full_results_url,"IFSC - Climbing World Cup (L,S) - Villars (SUI) 2022",LEAD Men,finished,2025-10-02 07:18:36 UTC,2026-04-22 08:57:56 UTC,,7474,lead,Final,Men,finished,2022-07-02 18:54:05 UTC,/api/v1/category_rounds/7474/results,lead_one_group_one_route,IFSC: 1 route,3,,,,,,,7799,1,/api/v1/routes/7799/startlist,/api/v1/routes/7799/results
/api/v1/events/1239/result/5,1239,full_results_url,"IFSC - Climbing World Cup (L,S) - Villars (SUI) 2022",LEAD Women,finished,2025-10-02 07:18:36 UTC,2026-04-22 08:58:00 UTC,,6863,lead,Qualification,Women,finished,2022-07-01 13:46:21 UTC,/api/v1/category_rounds/6863/results,lead_one_group_two_routes,IFSC: 2 routes,1,,,,,,,5878,1,/api/v1/routes/5878/startlist,/api/v1/routes/5878/results
/api/v1/events/1239/result/5,1239,full_results_url,"IFSC - Climbing World Cup (L,S) - Villars (SUI) 2022",LEAD Women,finished,2025-10-02 07:18:36 UTC,2026-04-22 08:58:00 UTC,,6863,lead,Qualification,Women,finished,2022-07-01 13:46:21 UTC,/api/v1/category_rounds/6863/results,lead_one_group_two_routes,IFSC: 2 routes,1,,,,,,,5879,2,/api/v1/routes/5879/startlist,/api/v1/routes/5879/results
/api/v1/events/1239/result/5,1239,full_results_url,"IFSC - Climbing World Cup (L,S) - Villars (SUI) 2022",LEAD Women,finished,2025-10-02 07:18:36 UTC,2026-04-22 08:58:00 UTC,,7473,lead,Semi-final,Women,finished,2022-07-02 10:53:39 UTC,/api/v1/category_rounds/7473/results,lead_one_group_one_route,IFSC: 1 route,2,,,,,,,7798,1,/api/v1/routes/7798/startlist,/api/v1/routes/7798/results
/api/v1/events/1239/result/5,1239,full_results_url,"IFSC - Climbing World Cup (L,S) - Villars (SUI) 2022",LEAD Women,finished,2025-10-02 07:18:36 UTC,2026-04-22 08:58:00 UTC,,7475,lead,Final,Women,finished,2022-07-02 19:53:35 UTC,/api/v1/category_rounds/7475/results,lead_one_group_one_route,IFSC: 1 route,3,,,,,,,7800,1,/api/v1/routes/7800/startlist,/api/v1/routes/7800/results
/api/v1/events/1239/result/2,1239,full_results_url,"IFSC - Climbing World Cup (L,S) - Villars (SUI) 2022",SPEED Men,finished,2025-10-02 07:18:36 UTC,2026-04-22 08:58:04 UTC,,6864,speed,Qualification,Men,finished,2022-06-30 15:20:17 UTC,/api/v1/category_rounds/6864/results,speed_staggered,IFSC: Qualification,1,,,,,,,5880,A,/api/v1/routes/5880/startlist,
/api/v1/events/1239/result/2,1239,full_results_url,"IFSC - Climbing World Cup (L,S) - Villars (SUI) 2022",SPEED Men,finished,2025-10-02 07:18:36 UTC,2026-04-22 08:58:04 UTC,,6864,speed,Qualification,Men,finished,2022-06-30 15:20:17 UTC,/api/v1/category_rounds/6864/results,speed_staggered,IFSC: Qualification,1,,,,,,,5881,B,/api/v1/routes/5881/startlist,
/api/v1/events/1239/result/2,1239,full_results_url,"IFSC - Climbing World Cup (L,S) - Villars (SUI) 2022",SPEED Men,finished,2025-10-02 07:18:36 UTC,2026-04-22 08:58:04 UTC,,7476,speed,Final,Men,finished,2024-01-16 04:15:02 UTC,/api/v1/category_rounds/7476/results,speed_elimination_ifsc_2022,IFSC 2022: Elimination,3,,,,,,,7801,A,/api/v1/routes/7801/startlist,
/api/v1/events/1239/result/2,1239,full_results_url,"IFSC - Climbing World Cup (L,S) - Villars (SUI) 2022",SPEED Men,finished,2025-10-02 07:18:36 UTC,2026-04-22 08:58:04 UTC,,7476,speed,Final,Men,finished,2024-01-16 04:15:02 UTC,/api/v1/category_rounds/7476/results,speed_elimination_ifsc_2022,IFSC 2022: Elimination,3,,,,,,,7802,B,/api/v1/routes/7802/startlist,
/api/v1/events/1239/result/6,1239,full_results_url,"IFSC - Climbing World Cup (L,S) - Villars (SUI) 2022",SPEED Women,finished,2025-10-02 07:18:36 UTC,2026-04-22 08:58:08 UTC,,6865,speed,Qualification,Women,finished,2022-06-30 16:01:14 UTC,/api/v1/category_rounds/6865/results,speed_staggered,IFSC: Qualification,1,,,,,,,5882,A,/api/v1/routes/5882/startlist,
/api/v1/events/1239/result/6,1239,full_results_url,"IFSC - Climbing World Cup (L,S) - Villars (SUI) 2022",SPEED Women,finished,2025-10-02 07:18:36 UTC,2026-04-22 08:58:08 UTC,,6865,speed,Qualification,Women,finished,2022-06-30 16:01:14 UTC,/api/v1/category_rounds/6865/results,speed_staggered,IFSC: Qualification,1,,,,,,,5883,B,/api/v1/routes/5883/startlist,
/api/v1/events/1239/result/6,1239,full_results_url,"IFSC - Climbing World Cup (L,S) - Villars (SUI) 2022",SPEED Women,finished,2025-10-02 07:18:36 UTC,2026-04-22 08:58:08 UTC,,7477,speed,Final,Women,finished,2024-01-16 06:37:28 UTC,/api/v1/category_rounds/7477/results,speed_elimination_ifsc_2022,IFSC 2022: Elimination,3,,,,,,,7803,A,/api/v1/routes/7803/startlist,
/api/v1/events/1239/result/6,1239,full_results_url,"IFSC - Climbing World Cup (L,S) - Villars (SUI) 2022",SPEED Women,finished,2025-10-02 07:18:36 UTC,2026-04-22 08:58:08 UTC,,7477,speed,Final,Women,finished,2024-01-16 06:37:28 UTC,/api/v1/category_rounds/7477/results,speed_elimination_ifsc_2022,IFSC 2022: Elimination,3,,,,,,,7804,B,/api/v1/routes/7804/startlist,
/api/v1/events/1281/result/529,1281,full_results_url,IFSC - Paraclimbing Master - Imst (AUT) 2022,LEAD Men B1,registration_pending,2025-10-02 07:18:37 UTC,NA,,7377,lead,Qualification,Men B1,pending,2022-02-04 16:03:39 UTC,/api/v1/category_rounds/7377/results,lead_one_group_one_route,IFSC: 1 route,49,,,,,,,7408,1,/api/v1/routes/7408/startlist,/api/v1/routes/7408/results
/api/v1/events/1281/result/533,1281,full_results_url,IFSC - Paraclimbing Master - Imst (AUT) 2022,LEAD Men B2,registration_pending,2025-10-02 07:18:37 UTC,NA,,7378,lead,Qualification,Men B2,pending,2022-02-04 16:03:39 UTC,/api/v1/category_rounds/7378/results,lead_one_group_one_route,IFSC: 1 route,49,,,,,,,7409,1,/api/v1/routes/7409/startlist,/api/v1/routes/7409/results
/api/v1/events/1281/result/537,1281,full_results_url,IFSC - Paraclimbing Master - Imst (AUT) 2022,LEAD Men B3,registration_pending,2025-10-02 07:18:37 UTC,NA,,7379,lead,Qualification,Men B3,pending,2022-02-04 16:03:39 UTC,/api/v1/category_rounds/7379/results,lead_one_group_one_route,IFSC: 1 route,49,,,,,,,7410,1,/api/v1/routes/7410/startlist,/api/v1/routes/7410/results
/api/v1/events/1281/result/541,1281,full_results_url,IFSC - Paraclimbing Master - Imst (AUT) 2022,LEAD Women B1,registration_pending,2025-10-02 07:18:37 UTC,NA,,7380,lead,Qualification,Women B1,pending,2022-02-04 16:03:39 UTC,/api/v1/category_rounds/7380/results,lead_one_group_one_route,IFSC: 1 route,49,,,,,,,7411,1,/api/v1/routes/7411/startlist,/api/v1/routes/7411/results
/api/v1/events/1281/result/545,1281,full_results_url,IFSC - Paraclimbing Master - Imst (AUT) 2022,LEAD Women B2,registration_pending,2025-10-02 07:18:37 UTC,NA,,7381,lead,Qualification,Women B2,pending,2022-02-04 16:03:39 UTC,/api/v1/category_rounds/7381/results,lead_one_group_one_route,IFSC: 1 route,49,,,,,,,7412,1,/api/v1/routes/7412/startlist,/api/v1/routes/7412/results
/api/v1/events/1281/result/549,1281,full_results_url,IFSC - Paraclimbing Master - Imst (AUT) 2022,LEAD Women B3,registration_pending,2025-10-02 07:18:37 UTC,NA,,7382,lead,Qualification,Women B3,pending,2022-02-04 16:03:39 UTC,/api/v1/category_rounds/7382/results,lead_one_group_one_route,IFSC: 1 route,49,,,,,,,7413,1,/api/v1/routes/7413/startlist,/api/v1/routes/7413/results
/api/v1/events/1281/result/553,1281,full_results_url,IFSC - Paraclimbing Master - Imst (AUT) 2022,LEAD Men AL1,registration_pending,2025-10-02 07:18:37 UTC,NA,,7383,lead,Qualification,Men AL1,pending,2022-02-04 16:03:39 UTC,/api/v1/category_rounds/7383/results,lead_one_group_one_route,IFSC: 1 route,49,,,,,,,7414,1,/api/v1/routes/7414/startlist,/api/v1/routes/7414/results
/api/v1/events/1281/result/557,1281,full_results_url,IFSC - Paraclimbing Master - Imst (AUT) 2022,LEAD Women AL1,registration_pending,2025-10-02 07:18:37 UTC,NA,,7384,lead,Qualification,Women AL1,pending,2022-02-04 16:03:39 UTC,/api/v1/category_rounds/7384/results,lead_one_group_one_route,IFSC: 1 route,49,,,,,,,7415,1,/api/v1/routes/7415/startlist,/api/v1/routes/7415/results
/api/v1/events/1281/result/561,1281,full_results_url,IFSC - Paraclimbing Master - Imst (AUT) 2022,LEAD Men AL2,registration_pending,2025-10-02 07:18:37 UTC,NA,,7385,lead,Qualification,Men AL2,pending,2022-02-04 16:03:39 UTC,/api/v1/category_rounds/7385/results,lead_one_group_one_route,IFSC: 1 route,49,,,,,,,7416,1,/api/v1/routes/7416/startlist,/api/v1/routes/7416/results
/api/v1/events/1281/result/565,1281,full_results_url,IFSC - Paraclimbing Master - Imst (AUT) 2022,LEAD Women AL2,registration_pending,2025-10-02 07:18:37 UTC,NA,,7386,lead,Qualification,Women AL2,pending,2022-02-04 16:03:39 UTC,/api/v1/category_rounds/7386/results,lead_one_group_one_route,IFSC: 1 route,49,,,,,,,7417,1,/api/v1/routes/7417/startlist,/api/v1/routes/7417/results
/api/v1/events/1281/result/569,1281,full_results_url,IFSC - Paraclimbing Master - Imst (AUT) 2022,LEAD Men AU1,registration_pending,2025-10-02 07:18:37 UTC,NA,,7387,lead,Qualification,Men AU1,pending,2022-02-04 16:03:39 UTC,/api/v1/category_rounds/7387/results,lead_one_group_one_route,IFSC: 1 route,49,,,,,,,7418,1,/api/v1/routes/7418/startlist,/api/v1/routes/7418/results
/api/v1/events/1281/result/573,1281,full_results_url,IFSC - Paraclimbing Master - Imst (AUT) 2022,LEAD Women AU1,registration_pending,2025-10-02 07:18:37 UTC,NA,,7388,lead,Qualification,Women AU1,pending,2022-02-04 16:03:39 UTC,/api/v1/category_rounds/7388/results,lead_one_group_one_route,IFSC: 1 route,49,,,,,,,7419,1,/api/v1/routes/7419/startlist,/api/v1/routes/7419/results
/api/v1/events/1281/result/577,1281,full_results_url,IFSC - Paraclimbing Master - Imst (AUT) 2022,LEAD Men AU2,registration_pending,2025-10-02 07:18:37 UTC,NA,,7389,lead,Qualification,Men AU2,pending,2022-02-04 16:03:39 UTC,/api/v1/category_rounds/7389/results,lead_one_group_one_route,IFSC: 1 route,49,,,,,,,7420,1,/api/v1/routes/7420/startlist,/api/v1/routes/7420/results
/api/v1/events/1281/result/581,1281,full_results_url,IFSC - Paraclimbing Master - Imst (AUT) 2022,LEAD Women AU2,registration_pending,2025-10-02 07:18:37 UTC,NA,,7390,lead,Qualification,Women AU2,pending,2022-02-04 16:03:39 UTC,/api/v1/category_rounds/7390/results,lead_one_group_one_route,IFSC: 1 route,49,,,,,,,7421,1,/api/v1/routes/7421/startlist,/api/v1/routes/7421/results
/api/v1/events/1281/result/585,1281,full_results_url,IFSC - Paraclimbing Master - Imst (AUT) 2022,LEAD Men RP1,registration_pending,2025-10-02 07:18:37 UTC,NA,,7391,lead,Qualification,Men RP1,pending,2022-02-04 16:03:39 UTC,/api/v1/category_rounds/7391/results,lead_one_group_one_route,IFSC: 1 route,49,,,,,,,7422,1,/api/v1/routes/7422/startlist,/api/v1/routes/7422/results
/api/v1/events/1281/result/589,1281,full_results_url,IFSC - Paraclimbing Master - Imst (AUT) 2022,LEAD Men RP2,registration_pending,2025-10-02 07:18:37 UTC,NA,,7392,lead,Qualification,Men RP2,pending,2022-02-04 16:03:39 UTC,/api/v1/category_rounds/7392/results,lead_one_group_one_route,IFSC: 1 route,49,,,,,,,7423,1,/api/v1/routes/7423/startlist,/api/v1/routes/7423/results
/api/v1/events/1281/result/593,1281,full_results_url,IFSC - Paraclimbing Master - Imst (AUT) 2022,LEAD Men RP3,registration_pending,2025-10-02 07:18:37 UTC,NA,,7393,lead,Qualification,Men RP3,pending,2022-02-04 16:03:39 UTC,/api/v1/category_rounds/7393/results,lead_one_group_one_route,IFSC: 1 route,49,,,,,,,7424,1,/api/v1/routes/7424/startlist,/api/v1/routes/7424/results
/api/v1/events/1281/result/597,1281,full_results_url,IFSC - Paraclimbing Master - Imst (AUT) 2022,LEAD Women RP1,registration_pending,2025-10-02 07:18:37 UTC,NA,,7394,lead,Qualification,Women RP1,pending,2022-02-04 16:03:39 UTC,/api/v1/category_rounds/7394/results,lead_one_group_one_route,IFSC: 1 route,49,,,,,,,7425,1,/api/v1/routes/7425/startlist,/api/v1/routes/7425/results
/api/v1/events/1281/result/601,1281,full_results_url,IFSC - Paraclimbing Master - Imst (AUT) 2022,LEAD Women RP2,registration_pending,2025-10-02 07:18:37 UTC,NA,,7395,lead,Qualification,Women RP2,pending,2022-02-04 16:03:39 UTC,/api/v1/category_rounds/7395/results,lead_one_group_one_route,IFSC: 1 route,49,,,,,,,7426,1,/api/v1/routes/7426/startlist,/api/v1/routes/7426/results
/api/v1/events/1281/result/605,1281,full_results_url,IFSC - Paraclimbing Master - Imst (AUT) 2022,LEAD Women RP3,registration_pending,2025-10-02 07:18:37 UTC,NA,,7396,lead,Qualification,Women RP3,pending,2022-02-04 16:03:39 UTC,/api/v1/category_rounds/7396/results,lead_one_group_one_route,IFSC: 1 route,49,,,,,,,7427,1,/api/v1/routes/7427/startlist,/api/v1/routes/7427/results
/api/v1/events/1267/result/233,1267,full_results_url,IFSC Europe - Continental Youth Cup (L) - Dornbirn (AUT) 2022,LEAD Juniors Male,finished,2025-10-02 07:18:36 UTC,2026-04-22 08:58:11 UTC,,7116,lead,Qualification,Juniors Male,finished,2022-07-02 09:52:17 UTC,/api/v1/category_rounds/7116/results,lead_one_group_two_routes,IFSC: 2 routes,19,,,,,,,6774,1,/api/v1/routes/6774/startlist,/api/v1/routes/6774/results
/api/v1/events/1267/result/233,1267,full_results_url,IFSC Europe - Continental Youth Cup (L) - Dornbirn (AUT) 2022,LEAD Juniors Male,finished,2025-10-02 07:18:36 UTC,2026-04-22 08:58:11 UTC,,7116,lead,Qualification,Juniors Male,finished,2022-07-02 09:52:17 UTC,/api/v1/category_rounds/7116/results,lead_one_group_two_routes,IFSC: 2 routes,19,,,,,,,6775,2,/api/v1/routes/6775/startlist,/api/v1/routes/6775/results
/api/v1/events/1267/result/233,1267,full_results_url,IFSC Europe - Continental Youth Cup (L) - Dornbirn (AUT) 2022,LEAD Juniors Male,finished,2025-10-02 07:18:36 UTC,2026-04-22 08:58:11 UTC,,7253,lead,Final,Juniors Male,finished,2022-07-03 11:49:45 UTC,/api/v1/category_rounds/7253/results,lead_one_group_one_route,IFSC: 1 route,21,,,,,,,7196,1,/api/v1/routes/7196/startlist,/api/v1/routes/7196/results
/api/v1/events/1267/result/237,1267,full_results_url,IFSC Europe - Continental Youth Cup (L) - Dornbirn (AUT) 2022,LEAD Youth A Male,finished,2025-10-02 07:18:36 UTC,2026-04-23 12:20:24 UTC,,7117,lead,Qualification,Youth A Male,finished,2022-07-02 15:07:41 UTC,/api/v1/category_rounds/7117/results,lead_one_group_two_routes,IFSC: 2 routes,19,,,,,,,6776,1,/api/v1/routes/6776/startlist,/api/v1/routes/6776/results
/api/v1/events/1267/result/237,1267,full_results_url,IFSC Europe - Continental Youth Cup (L) - Dornbirn (AUT) 2022,LEAD Youth A Male,finished,2025-10-02 07:18:36 UTC,2026-04-23 12:20:24 UTC,,7117,lead,Qualification,Youth A Male,finished,2022-07-02 15:07:41 UTC,/api/v1/category_rounds/7117/results,lead_one_group_two_routes,IFSC: 2 routes,19,,,,,,,6777,2,/api/v1/routes/6777/startlist,/api/v1/routes/6777/results
/api/v1/events/1267/result/237,1267,full_results_url,IFSC Europe - Continental Youth Cup (L) - Dornbirn (AUT) 2022,LEAD Youth A Male,finished,2025-10-02 07:18:36 UTC,2026-04-23 12:20:24 UTC,,7254,lead,Final,Youth A Male,finished,2022-07-03 10:19:26 UTC,/api/v1/category_rounds/7254/results,lead_one_group_one_route,IFSC: 1 route,21,,,,,,,7197,1,/api/v1/routes/7197/startlist,/api/v1/routes/7197/results
/api/v1/events/1267/result/241,1267,full_results_url,IFSC Europe - Continental Youth Cup (L) - Dornbirn (AUT) 2022,LEAD Youth B Male,finished,2025-10-02 07:18:36 UTC,2026-04-22 08:58:18 UTC,,7118,lead,Qualification,Youth B Male,finished,2022-07-02 11:17:57 UTC,/api/v1/category_rounds/7118/results,lead_one_group_two_routes,IFSC: 2 routes,19,,,,,,,6778,1,/api/v1/routes/6778/startlist,/api/v1/routes/6778/results
/api/v1/events/1267/result/241,1267,full_results_url,IFSC Europe - Continental Youth Cup (L) - Dornbirn (AUT) 2022,LEAD Youth B Male,finished,2025-10-02 07:18:36 UTC,2026-04-22 08:58:18 UTC,,7118,lead,Qualification,Youth B Male,finished,2022-07-02 11:17:57 UTC,/api/v1/category_rounds/7118/results,lead_one_group_two_routes,IFSC: 2 routes,19,,,,,,,6779,2,/api/v1/routes/6779/startlist,/api/v1/routes/6779/results
/api/v1/events/1267/result/241,1267,full_results_url,IFSC Europe - Continental Youth Cup (L) - Dornbirn (AUT) 2022,LEAD Youth B Male,finished,2025-10-02 07:18:36 UTC,2026-04-22 08:58:18 UTC,,7255,lead,Final,Youth B Male,finished,2022-07-03 08:24:28 UTC,/api/v1/category_rounds/7255/results,lead_one_group_one_route,IFSC: 1 route,21,,,,,,,7198,1,/api/v1/routes/7198/startlist,/api/v1/routes/7198/results
/api/v1/events/1267/result/249,1267,full_results_url,IFSC Europe - Continental Youth Cup (L) - Dornbirn (AUT) 2022,LEAD Juniors Female,finished,2025-10-02 07:18:36 UTC,2026-04-22 08:58:21 UTC,,7119,lead,Qualification,Juniors Female,finished,2022-07-02 08:54:03 UTC,/api/v1/category_rounds/7119/results,lead_one_group_two_routes,IFSC: 2 routes,19,,,,,,,6780,1,/api/v1/routes/6780/startlist,/api/v1/routes/6780/results
/api/v1/events/1267/result/249,1267,full_results_url,IFSC Europe - Continental Youth Cup (L) - Dornbirn (AUT) 2022,LEAD Juniors Female,finished,2025-10-02 07:18:36 UTC,2026-04-22 08:58:21 UTC,,7119,lead,Qualification,Juniors Female,finished,2022-07-02 08:54:03 UTC,/api/v1/category_rounds/7119/results,lead_one_group_two_routes,IFSC: 2 routes,19,,,,,,,6781,2,/api/v1/routes/6781/startlist,/api/v1/routes/6781/results
/api/v1/events/1267/result/249,1267,full_results_url,IFSC Europe - Continental Youth Cup (L) - Dornbirn (AUT) 2022,LEAD Juniors Female,finished,2025-10-02 07:18:36 UTC,2026-04-22 08:58:21 UTC,,7256,lead,Final,Juniors Female,finished,2022-07-03 11:50:36 UTC,/api/v1/category_rounds/7256/results,lead_one_group_one_route,IFSC: 1 route,21,,,,,,,7199,1,/api/v1/routes/7199/startlist,/api/v1/routes/7199/results
/api/v1/events/1267/result/253,1267,full_results_url,IFSC Europe - Continental Youth Cup (L) - Dornbirn (AUT) 2022,LEAD Youth A Female,finished,2025-10-02 07:18:36 UTC,2026-04-22 08:58:25 UTC,,7120,lead,Qualification,Youth A Female,finished,2022-07-02 15:34:06 UTC,/api/v1/category_rounds/7120/results,lead_one_group_two_routes,IFSC: 2 routes,19,,,,,,,6782,1,/api/v1/routes/6782/startlist,/api/v1/routes/6782/results
/api/v1/events/1267/result/253,1267,full_results_url,IFSC Europe - Continental Youth Cup (L) - Dornbirn (AUT) 2022,LEAD Youth A Female,finished,2025-10-02 07:18:36 UTC,2026-04-22 08:58:25 UTC,,7120,lead,Qualification,Youth A Female,finished,2022-07-02 15:34:06 UTC,/api/v1/category_rounds/7120/results,lead_one_group_two_routes,IFSC: 2 routes,19,,,,,,,6783,2,/api/v1/routes/6783/startlist,/api/v1/routes/6783/results
/api/v1/events/1267/result/253,1267,full_results_url,IFSC Europe - Continental Youth Cup (L) - Dornbirn (AUT) 2022,LEAD Youth A Female,finished,2025-10-02 07:18:36 UTC,2026-04-22 08:58:25 UTC,,7257,lead,Final,Youth A Female,finished,2022-07-03 10:06:59 UTC,/api/v1/category_rounds/7257/results,lead_one_group_one_route,IFSC: 1 route,21,,,,,,,7200,1,/api/v1/routes/7200/startlist,/api/v1/routes/7200/results
/api/v1/events/1267/result/257,1267,full_results_url,IFSC Europe - Continental Youth Cup (L) - Dornbirn (AUT) 2022,LEAD Youth B Female,finished,2025-10-02 07:18:36 UTC,2026-04-22 08:58:28 UTC,,7121,lead,Qualification,Youth B Female,finished,2022-07-02 15:33:24 UTC,/api/v1/category_rounds/7121/results,lead_one_group_two_routes,IFSC: 2 routes,19,,,,,,,6784,1,/api/v1/routes/6784/startlist,/api/v1/routes/6784/results
/api/v1/events/1267/result/257,1267,full_results_url,IFSC Europe - Continental Youth Cup (L) - Dornbirn (AUT) 2022,LEAD Youth B Female,finished,2025-10-02 07:18:36 UTC,2026-04-22 08:58:28 UTC,,7121,lead,Qualification,Youth B Female,finished,2022-07-02 15:33:24 UTC,/api/v1/category_rounds/7121/results,lead_one_group_two_routes,IFSC: 2 routes,19,,,,,,,6785,2,/api/v1/routes/6785/startlist,/api/v1/routes/6785/results
/api/v1/events/1267/result/257,1267,full_results_url,IFSC Europe - Continental Youth Cup (L) - Dornbirn (AUT) 2022,LEAD Youth B Female,finished,2025-10-02 07:18:36 UTC,2026-04-22 08:58:28 UTC,,7258,lead,Final,Youth B Female,finished,2022-07-03 08:21:53 UTC,/api/v1/category_rounds/7258/results,lead_one_group_one_route,IFSC: 1 route,21,,,,,,,7201,1,/api/v1/routes/7201/startlist,/api/v1/routes/7201/results
/api/v1/events/1268/result/233,1268,full_results_url,"IFSC Europe - Continental Youth Championship (L,S) - Augsburg (GER) 2022",LEAD Juniors Male,finished,2025-10-02 07:18:36 UTC,2026-04-22 08:58:31 UTC,,7122,lead,Qualification,Juniors Male,finished,2022-07-08 16:25:57 UTC,/api/v1/category_rounds/7122/results,lead_one_group_two_routes,IFSC: 2 routes,19,,,,,,,6786,1,/api/v1/routes/6786/startlist,/api/v1/routes/6786/results
/api/v1/events/1268/result/233,1268,full_results_url,"IFSC Europe - Continental Youth Championship (L,S) - Augsburg (GER) 2022",LEAD Juniors Male,finished,2025-10-02 07:18:36 UTC,2026-04-22 08:58:31 UTC,,7122,lead,Qualification,Juniors Male,finished,2022-07-08 16:25:57 UTC,/api/v1/category_rounds/7122/results,lead_one_group_two_routes,IFSC: 2 routes,19,,,,,,,6787,2,/api/v1/routes/6787/startlist,/api/v1/routes/6787/results
/api/v1/events/1268/result/233,1268,full_results_url,"IFSC Europe - Continental Youth Championship (L,S) - Augsburg (GER) 2022",LEAD Juniors Male,finished,2025-10-02 07:18:36 UTC,2026-04-22 08:58:31 UTC,,7259,lead,Semi-Final,Juniors Male,finished,2022-07-09 10:39:09 UTC,/api/v1/category_rounds/7259/results,lead_one_group_one_route,IFSC: 1 route,20,,,,,,,7202,1,/api/v1/routes/7202/startlist,/api/v1/routes/7202/results
/api/v1/events/1268/result/233,1268,full_results_url,"IFSC Europe - Continental Youth Championship (L,S) - Augsburg (GER) 2022",LEAD Juniors Male,finished,2025-10-02 07:18:36 UTC,2026-04-22 08:58:31 UTC,,7265,lead,Final,Juniors Male,finished,2022-07-09 16:57:22 UTC,/api/v1/category_rounds/7265/results,lead_one_group_one_route,IFSC: 1 route,21,,,,,,,7208,1,/api/v1/routes/7208/startlist,/api/v1/routes/7208/results
/api/v1/events/1268/result/237,1268,full_results_url,"IFSC Europe - Continental Youth Championship (L,S) - Augsburg (GER) 2022",LEAD Youth A Male,finished,2025-10-02 07:18:37 UTC,2026-04-23 12:20:24 UTC,,7123,lead,Qualification,Youth A Male,finished,2022-07-08 11:04:13 UTC,/api/v1/category_rounds/7123/results,lead_one_group_two_routes,IFSC: 2 routes,19,,,,,,,6788,1,/api/v1/routes/6788/startlist,/api/v1/routes/6788/results
/api/v1/events/1268/result/237,1268,full_results_url,"IFSC Europe - Continental Youth Championship (L,S) - Augsburg (GER) 2022",LEAD Youth A Male,finished,2025-10-02 07:18:37 UTC,2026-04-23 12:20:24 UTC,,7123,lead,Qualification,Youth A Male,finished,2022-07-08 11:04:13 UTC,/api/v1/category_rounds/7123/results,lead_one_group_two_routes,IFSC: 2 routes,19,,,,,,,6789,2,/api/v1/routes/6789/startlist,/api/v1/routes/6789/results
/api/v1/events/1268/result/237,1268,full_results_url,"IFSC Europe - Continental Youth Championship (L,S) - Augsburg (GER) 2022",LEAD Youth A Male,finished,2025-10-02 07:18:37 UTC,2026-04-23 12:20:24 UTC,,7260,lead,Semi-Final,Youth A Male,finished,2022-07-09 08:53:46 UTC,/api/v1/category_rounds/7260/results,lead_one_group_one_route,IFSC: 1 route,20,,,,,,,7203,1,/api/v1/routes/7203/startlist,/api/v1/routes/7203/results
/api/v1/events/1268/result/237,1268,full_results_url,"IFSC Europe - Continental Youth Championship (L,S) - Augsburg (GER) 2022",LEAD Youth A Male,finished,2025-10-02 07:18:37 UTC,2026-04-23 12:20:24 UTC,,7266,lead,Final,Youth A Male,finished,2022-07-09 16:13:13 UTC,/api/v1/category_rounds/7266/results,lead_one_group_one_route,IFSC: 1 route,21,,,,,,,7209,1,/api/v1/routes/7209/startlist,/api/v1/routes/7209/results
/api/v1/events/1268/result/241,1268,full_results_url,"IFSC Europe - Continental Youth Championship (L,S) - Augsburg (GER) 2022",LEAD Youth B Male,finished,2025-10-02 07:18:37 UTC,2026-04-22 08:58:38 UTC,,7124,lead,Qualification,Youth B Male,finished,2022-07-08 11:03:03 UTC,/api/v1/category_rounds/7124/results,lead_one_group_two_routes,IFSC: 2 routes,19,,,,,,,6790,1,/api/v1/routes/6790/startlist,/api/v1/routes/6790/results
/api/v1/events/1268/result/241,1268,full_results_url,"IFSC Europe - Continental Youth Championship (L,S) - Augsburg (GER) 2022",LEAD Youth B Male,finished,2025-10-02 07:18:37 UTC,2026-04-22 08:58:38 UTC,,7124,lead,Qualification,Youth B Male,finished,2022-07-08 11:03:03 UTC,/api/v1/category_rounds/7124/results,lead_one_group_two_routes,IFSC: 2 routes,19,,,,,,,6791,2,/api/v1/routes/6791/startlist,/api/v1/routes/6791/results
/api/v1/events/1268/result/241,1268,full_results_url,"IFSC Europe - Continental Youth Championship (L,S) - Augsburg (GER) 2022",LEAD Youth B Male,finished,2025-10-02 07:18:37 UTC,2026-04-22 08:58:38 UTC,,7261,lead,Semi-Final,Youth B Male,finished,2022-07-09 08:54:32 UTC,/api/v1/category_rounds/7261/results,lead_one_group_one_route,IFSC: 1 route,20,,,,,,,7204,1,/api/v1/routes/7204/startlist,/api/v1/routes/7204/results
/api/v1/events/1268/result/241,1268,full_results_url,"IFSC Europe - Continental Youth Championship (L,S) - Augsburg (GER) 2022",LEAD Youth B Male,finished,2025-10-02 07:18:37 UTC,2026-04-22 08:58:38 UTC,,7267,lead,Final,Youth B Male,finished,2022-07-09 15:11:37 UTC,/api/v1/category_rounds/7267/results,lead_one_group_one_route,IFSC: 1 route,21,,,,,,,7210,1,/api/v1/routes/7210/startlist,/api/v1/routes/7210/results
/api/v1/events/1268/result/249,1268,full_results_url,"IFSC Europe - Continental Youth Championship (L,S) - Augsburg (GER) 2022",LEAD Juniors Female,finished,2025-10-02 07:18:36 UTC,2026-04-22 08:58:42 UTC,,7125,lead,Qualification,Juniors Female,finished,2022-07-08 16:28:24 UTC,/api/v1/category_rounds/7125/results,lead_one_group_two_routes,IFSC: 2 routes,19,,,,,,,6792,1,/api/v1/routes/6792/startlist,/api/v1/routes/6792/results
/api/v1/events/1268/result/249,1268,full_results_url,"IFSC Europe - Continental Youth Championship (L,S) - Augsburg (GER) 2022",LEAD Juniors Female,finished,2025-10-02 07:18:36 UTC,2026-04-22 08:58:42 UTC,,7125,lead,Qualification,Juniors Female,finished,2022-07-08 16:28:24 UTC,/api/v1/category_rounds/7125/results,lead_one_group_two_routes,IFSC: 2 routes,19,,,,,,,6793,2,/api/v1/routes/6793/startlist,/api/v1/routes/6793/results
/api/v1/events/1268/result/249,1268,full_results_url,"IFSC Europe - Continental Youth Championship (L,S) - Augsburg (GER) 2022",LEAD Juniors Female,finished,2025-10-02 07:18:36 UTC,2026-04-22 08:58:42 UTC,,7262,lead,Semi-Final,Juniors Female,finished,2022-07-09 10:39:48 UTC,/api/v1/category_rounds/7262/results,lead_one_group_one_route,IFSC: 1 route,20,,,,,,,7205,1,/api/v1/routes/7205/startlist,/api/v1/routes/7205/results
/api/v1/events/1268/result/249,1268,full_results_url,"IFSC Europe - Continental Youth Championship (L,S) - Augsburg (GER) 2022",LEAD Juniors Female,finished,2025-10-02 07:18:36 UTC,2026-04-22 08:58:42 UTC,,7268,lead,Final,Juniors Female,finished,2022-07-09 16:56:20 UTC,/api/v1/category_rounds/7268/results,lead_one_group_one_route,IFSC: 1 route,21,,,,,,,7211,1,/api/v1/routes/7211/startlist,/api/v1/routes/7211/results
/api/v1/events/1268/result/253,1268,full_results_url,"IFSC Europe - Continental Youth Championship (L,S) - Augsburg (GER) 2022",LEAD Youth A Female,finished,2025-10-02 07:18:37 UTC,2026-04-22 08:58:45 UTC,,7126,lead,Qualification,Youth A Female,finished,2022-07-08 17:35:32 UTC,/api/v1/category_rounds/7126/results,lead_one_group_two_routes,IFSC: 2 routes,19,,,,,,,6794,1,/api/v1/routes/6794/startlist,/api/v1/routes/6794/results
/api/v1/events/1268/result/253,1268,full_results_url,"IFSC Europe - Continental Youth Championship (L,S) - Augsburg (GER) 2022",LEAD Youth A Female,finished,2025-10-02 07:18:37 UTC,2026-04-22 08:58:45 UTC,,7126,lead,Qualification,Youth A Female,finished,2022-07-08 17:35:32 UTC,/api/v1/category_rounds/7126/results,lead_one_group_two_routes,IFSC: 2 routes,19,,,,,,,6795,2,/api/v1/routes/6795/startlist,/api/v1/routes/6795/results
/api/v1/events/1268/result/253,1268,full_results_url,"IFSC Europe - Continental Youth Championship (L,S) - Augsburg (GER) 2022",LEAD Youth A Female,finished,2025-10-02 07:18:37 UTC,2026-04-22 08:58:45 UTC,,7263,lead,Semi-Final,Youth A Female,finished,2022-07-09 10:40:21 UTC,/api/v1/category_rounds/7263/results,lead_one_group_one_route,IFSC: 1 route,20,,,,,,,7206,1,/api/v1/routes/7206/startlist,/api/v1/routes/7206/results
/api/v1/events/1268/result/253,1268,full_results_url,"IFSC Europe - Continental Youth Championship (L,S) - Augsburg (GER) 2022",LEAD Youth A Female,finished,2025-10-02 07:18:37 UTC,2026-04-22 08:58:45 UTC,,7269,lead,Final,Youth A Female,finished,2022-07-09 16:14:03 UTC,/api/v1/category_rounds/7269/results,lead_one_group_one_route,IFSC: 1 route,21,,,,,,,7212,1,/api/v1/routes/7212/startlist,/api/v1/routes/7212/results
/api/v1/events/1268/result/257,1268,full_results_url,"IFSC Europe - Continental Youth Championship (L,S) - Augsburg (GER) 2022",LEAD Youth B Female,finished,2025-10-02 07:18:37 UTC,2026-04-22 08:58:49 UTC,,7127,lead,Qualification,Youth B Female,finished,2022-07-08 10:22:50 UTC,/api/v1/category_rounds/7127/results,lead_one_group_two_routes,IFSC: 2 routes,19,,,,,,,6796,1,/api/v1/routes/6796/startlist,/api/v1/routes/6796/results
/api/v1/events/1268/result/257,1268,full_results_url,"IFSC Europe - Continental Youth Championship (L,S) - Augsburg (GER) 2022",LEAD Youth B Female,finished,2025-10-02 07:18:37 UTC,2026-04-22 08:58:49 UTC,,7127,lead,Qualification,Youth B Female,finished,2022-07-08 10:22:50 UTC,/api/v1/category_rounds/7127/results,lead_one_group_two_routes,IFSC: 2 routes,19,,,,,,,6797,2,/api/v1/routes/6797/startlist,/api/v1/routes/6797/results
/api/v1/events/1268/result/257,1268,full_results_url,"IFSC Europe - Continental Youth Championship (L,S) - Augsburg (GER) 2022",LEAD Youth B Female,finished,2025-10-02 07:18:37 UTC,2026-04-22 08:58:49 UTC,,7264,lead,Semi-Final,Youth B Female,finished,2022-07-09 08:55:14 UTC,/api/v1/category_rounds/7264/results,lead_one_group_one_route,IFSC: 1 route,20,,,,,,,7207,1,/api/v1/routes/7207/startlist,/api/v1/routes/7207/results
/api/v1/events/1268/result/257,1268,full_results_url,"IFSC Europe - Continental Youth Championship (L,S) - Augsburg (GER) 2022",LEAD Youth B Female,finished,2025-10-02 07:18:37 UTC,2026-04-22 08:58:49 UTC,,7270,lead,Final,Youth B Female,finished,2022-07-09 15:09:37 UTC,/api/v1/category_rounds/7270/results,lead_one_group_one_route,IFSC: 1 route,21,,,,,,,7213,1,/api/v1/routes/7213/startlist,/api/v1/routes/7213/results
/api/v1/events/1268/result/234,1268,full_results_url,"IFSC Europe - Continental Youth Championship (L,S) - Augsburg (GER) 2022",SPEED Juniors Male,finished,2025-10-02 07:18:37 UTC,2026-04-22 08:58:52 UTC,,7128,speed,Qualification,Juniors Male,finished,2022-07-10 13:45:10 UTC,/api/v1/category_rounds/7128/results,speed_staggered,IFSC: Qualification,19,,,,,,,6798,A,/api/v1/routes/6798/startlist,
/api/v1/events/1268/result/234,1268,full_results_url,"IFSC Europe - Continental Youth Championship (L,S) - Augsburg (GER) 2022",SPEED Juniors Male,finished,2025-10-02 07:18:37 UTC,2026-04-22 08:58:52 UTC,,7128,speed,Qualification,Juniors Male,finished,2022-07-10 13:45:10 UTC,/api/v1/category_rounds/7128/results,speed_staggered,IFSC: Qualification,19,,,,,,,6799,B,/api/v1/routes/6799/startlist,
/api/v1/events/1268/result/234,1268,full_results_url,"IFSC Europe - Continental Youth Championship (L,S) - Augsburg (GER) 2022",SPEED Juniors Male,finished,2025-10-02 07:18:37 UTC,2026-04-22 08:58:52 UTC,,7271,speed,Final,Juniors Male,finished,2024-01-17 07:06:09 UTC,/api/v1/category_rounds/7271/results,speed_elimination_ifsc_2022,IFSC 2022: Elimination,21,,,,,,,7476,A,/api/v1/routes/7476/startlist,
/api/v1/events/1268/result/234,1268,full_results_url,"IFSC Europe - Continental Youth Championship (L,S) - Augsburg (GER) 2022",SPEED Juniors Male,finished,2025-10-02 07:18:37 UTC,2026-04-22 08:58:52 UTC,,7271,speed,Final,Juniors Male,finished,2024-01-17 07:06:09 UTC,/api/v1/category_rounds/7271/results,speed_elimination_ifsc_2022,IFSC 2022: Elimination,21,,,,,,,7477,B,/api/v1/routes/7477/startlist,
/api/v1/events/1268/result/238,1268,full_results_url,"IFSC Europe - Continental Youth Championship (L,S) - Augsburg (GER) 2022",SPEED Youth A Male,finished,2025-10-02 07:18:37 UTC,2026-04-22 08:58:55 UTC,,7129,speed,Qualification,Youth A Male,finished,2022-07-10 12:16:49 UTC,/api/v1/category_rounds/7129/results,speed_staggered,IFSC: Qualification,19,,,,,,,6800,A,/api/v1/routes/6800/startlist,
/api/v1/events/1268/result/238,1268,full_results_url,"IFSC Europe - Continental Youth Championship (L,S) - Augsburg (GER) 2022",SPEED Youth A Male,finished,2025-10-02 07:18:37 UTC,2026-04-22 08:58:55 UTC,,7129,speed,Qualification,Youth A Male,finished,2022-07-10 12:16:49 UTC,/api/v1/category_rounds/7129/results,speed_staggered,IFSC: Qualification,19,,,,,,,6801,B,/api/v1/routes/6801/startlist,
/api/v1/events/1268/result/238,1268,full_results_url,"IFSC Europe - Continental Youth Championship (L,S) - Augsburg (GER) 2022",SPEED Youth A Male,finished,2025-10-02 07:18:37 UTC,2026-04-22 08:58:55 UTC,,7272,speed,Final,Youth A Male,finished,2024-01-17 07:06:10 UTC,/api/v1/category_rounds/7272/results,speed_elimination_ifsc_2022,IFSC 2022: Elimination,21,,,,,,,7478,A,/api/v1/routes/7478/startlist,
/api/v1/events/1268/result/238,1268,full_results_url,"IFSC Europe - Continental Youth Championship (L,S) - Augsburg (GER) 2022",SPEED Youth A Male,finished,2025-10-02 07:18:37 UTC,2026-04-22 08:58:55 UTC,,7272,speed,Final,Youth A Male,finished,2024-01-17 07:06:10 UTC,/api/v1/category_rounds/7272/results,speed_elimination_ifsc_2022,IFSC 2022: Elimination,21,,,,,,,7479,B,/api/v1/routes/7479/startlist,
/api/v1/events/1268/result/242,1268,full_results_url,"IFSC Europe - Continental Youth Championship (L,S) - Augsburg (GER) 2022",SPEED Youth B Male,finished,2025-10-02 07:18:37 UTC,2026-04-22 08:58:58 UTC,,7130,speed,Qualification,Youth B Male,finished,2022-07-10 10:14:51 UTC,/api/v1/category_rounds/7130/results,speed_staggered,IFSC: Qualification,19,,,,,,,6802,A,/api/v1/routes/6802/startlist,
/api/v1/events/1268/result/242,1268,full_results_url,"IFSC Europe - Continental Youth Championship (L,S) - Augsburg (GER) 2022",SPEED Youth B Male,finished,2025-10-02 07:18:37 UTC,2026-04-22 08:58:58 UTC,,7130,speed,Qualification,Youth B Male,finished,2022-07-10 10:14:51 UTC,/api/v1/category_rounds/7130/results,speed_staggered,IFSC: Qualification,19,,,,,,,6803,B,/api/v1/routes/6803/startlist,
/api/v1/events/1268/result/242,1268,full_results_url,"IFSC Europe - Continental Youth Championship (L,S) - Augsburg (GER) 2022",SPEED Youth B Male,finished,2025-10-02 07:18:37 UTC,2026-04-22 08:58:58 UTC,,7273,speed,Final,Youth B Male,finished,2024-01-17 07:06:10 UTC,/api/v1/category_rounds/7273/results,speed_elimination_ifsc_2022,IFSC 2022: Elimination,21,,,,,,,7480,A,/api/v1/routes/7480/startlist,
/api/v1/events/1268/result/242,1268,full_results_url,"IFSC Europe - Continental Youth Championship (L,S) - Augsburg (GER) 2022",SPEED Youth B Male,finished,2025-10-02 07:18:37 UTC,2026-04-22 08:58:58 UTC,,7273,speed,Final,Youth B Male,finished,2024-01-17 07:06:10 UTC,/api/v1/category_rounds/7273/results,speed_elimination_ifsc_2022,IFSC 2022: Elimination,21,,,,,,,7481,B,/api/v1/routes/7481/startlist,
/api/v1/events/1268/result/250,1268,full_results_url,"IFSC Europe - Continental Youth Championship (L,S) - Augsburg (GER) 2022",SPEED Juniors Female,finished,2025-10-02 07:18:37 UTC,2026-04-22 08:59:02 UTC,,7131,speed,Qualification,Juniors Female,finished,2022-07-10 13:51:55 UTC,/api/v1/category_rounds/7131/results,speed_staggered,IFSC: Qualification,19,,,,,,,6804,A,/api/v1/routes/6804/startlist,
/api/v1/events/1268/result/250,1268,full_results_url,"IFSC Europe - Continental Youth Championship (L,S) - Augsburg (GER) 2022",SPEED Juniors Female,finished,2025-10-02 07:18:37 UTC,2026-04-22 08:59:02 UTC,,7131,speed,Qualification,Juniors Female,finished,2022-07-10 13:51:55 UTC,/api/v1/category_rounds/7131/results,speed_staggered,IFSC: Qualification,19,,,,,,,6805,B,/api/v1/routes/6805/startlist,
/api/v1/events/1268/result/250,1268,full_results_url,"IFSC Europe - Continental Youth Championship (L,S) - Augsburg (GER) 2022",SPEED Juniors Female,finished,2025-10-02 07:18:37 UTC,2026-04-22 08:59:02 UTC,,7274,speed,Final,Juniors Female,finished,2022-07-10 14:27:41 UTC,/api/v1/category_rounds/7274/results,speed_elimination_ifsc_2022,IFSC 2022: Elimination,21,,,,,,,7482,A,/api/v1/routes/7482/startlist,
/api/v1/events/1268/result/250,1268,full_results_url,"IFSC Europe - Continental Youth Championship (L,S) - Augsburg (GER) 2022",SPEED Juniors Female,finished,2025-10-02 07:18:37 UTC,2026-04-22 08:59:02 UTC,,7274,speed,Final,Juniors Female,finished,2022-07-10 14:27:41 UTC,/api/v1/category_rounds/7274/results,speed_elimination_ifsc_2022,IFSC 2022: Elimination,21,,,,,,,7483,B,/api/v1/routes/7483/startlist,
/api/v1/events/1268/result/254,1268,full_results_url,"IFSC Europe - Continental Youth Championship (L,S) - Augsburg (GER) 2022",SPEED Youth A Female,finished,2025-10-02 07:18:37 UTC,2026-04-22 08:59:05 UTC,,7132,speed,Qualification,Youth A Female,finished,2022-07-10 12:15:59 UTC,/api/v1/category_rounds/7132/results,speed_staggered,IFSC: Qualification,19,,,,,,,6806,A,/api/v1/routes/6806/startlist,
/api/v1/events/1268/result/254,1268,full_results_url,"IFSC Europe - Continental Youth Championship (L,S) - Augsburg (GER) 2022",SPEED Youth A Female,finished,2025-10-02 07:18:37 UTC,2026-04-22 08:59:05 UTC,,7132,speed,Qualification,Youth A Female,finished,2022-07-10 12:15:59 UTC,/api/v1/category_rounds/7132/results,speed_staggered,IFSC: Qualification,19,,,,,,,6807,B,/api/v1/routes/6807/startlist,
/api/v1/events/1268/result/254,1268,full_results_url,"IFSC Europe - Continental Youth Championship (L,S) - Augsburg (GER) 2022",SPEED Youth A Female,finished,2025-10-02 07:18:37 UTC,2026-04-22 08:59:05 UTC,,7275,speed,Final,Youth A Female,finished,2024-01-17 07:06:11 UTC,/api/v1/category_rounds/7275/results,speed_elimination_ifsc_2022,IFSC 2022: Elimination,21,,,,,,,7484,A,/api/v1/routes/7484/startlist,
/api/v1/events/1268/result/254,1268,full_results_url,"IFSC Europe - Continental Youth Championship (L,S) - Augsburg (GER) 2022",SPEED Youth A Female,finished,2025-10-02 07:18:37 UTC,2026-04-22 08:59:05 UTC,,7275,speed,Final,Youth A Female,finished,2024-01-17 07:06:11 UTC,/api/v1/category_rounds/7275/results,speed_elimination_ifsc_2022,IFSC 2022: Elimination,21,,,,,,,7485,B,/api/v1/routes/7485/startlist,
/api/v1/events/1268/result/258,1268,full_results_url,"IFSC Europe - Continental Youth Championship (L,S) - Augsburg (GER) 2022",SPEED Youth B Female,finished,2025-10-02 07:18:37 UTC,2026-04-22 08:59:08 UTC,,7133,speed,Qualification,Youth B Female,finished,2022-07-10 10:16:32 UTC,/api/v1/category_rounds/7133/results,speed_staggered,IFSC: Qualification,19,,,,,,,6808,A,/api/v1/routes/6808/startlist,
/api/v1/events/1268/result/258,1268,full_results_url,"IFSC Europe - Continental Youth Championship (L,S) - Augsburg (GER) 2022",SPEED Youth B Female,finished,2025-10-02 07:18:37 UTC,2026-04-22 08:59:08 UTC,,7133,speed,Qualification,Youth B Female,finished,2022-07-10 10:16:32 UTC,/api/v1/category_rounds/7133/results,speed_staggered,IFSC: Qualification,19,,,,,,,6809,B,/api/v1/routes/6809/startlist,
/api/v1/events/1268/result/258,1268,full_results_url,"IFSC Europe - Continental Youth Championship (L,S) - Augsburg (GER) 2022",SPEED Youth B Female,finished,2025-10-02 07:18:37 UTC,2026-04-22 08:59:08 UTC,,7276,speed,Final,Youth B Female,finished,2024-01-17 07:06:12 UTC,/api/v1/category_rounds/7276/results,speed_elimination_ifsc_2022,IFSC 2022: Elimination,21,,,,,,,7486,A,/api/v1/routes/7486/startlist,
/api/v1/events/1268/result/258,1268,full_results_url,"IFSC Europe - Continental Youth Championship (L,S) - Augsburg (GER) 2022",SPEED Youth B Female,finished,2025-10-02 07:18:37 UTC,2026-04-22 08:59:08 UTC,,7276,speed,Final,Youth B Female,finished,2024-01-17 07:06:12 UTC,/api/v1/category_rounds/7276/results,speed_elimination_ifsc_2022,IFSC 2022: Elimination,21,,,,,,,7487,B,/api/v1/routes/7487/startlist,
/api/v1/events/1240/result/1,1240,full_results_url,"IFSC - Climbing World Cup (L,S) - Chamonix (FRA) 2022",LEAD Men,finished,2025-10-02 07:18:36 UTC,2026-04-22 08:59:12 UTC,,6866,lead,Qualification,Men,finished,2022-07-09 15:34:43 UTC,/api/v1/category_rounds/6866/results,lead_one_group_two_routes,IFSC: 2 routes,1,,,,,,,5884,1,/api/v1/routes/5884/startlist,/api/v1/routes/5884/results
/api/v1/events/1240/result/1,1240,full_results_url,"IFSC - Climbing World Cup (L,S) - Chamonix (FRA) 2022",LEAD Men,finished,2025-10-02 07:18:36 UTC,2026-04-22 08:59:12 UTC,,6866,lead,Qualification,Men,finished,2022-07-09 15:34:43 UTC,/api/v1/category_rounds/6866/results,lead_one_group_two_routes,IFSC: 2 routes,1,,,,,,,5885,2,/api/v1/routes/5885/startlist,/api/v1/routes/5885/results
/api/v1/events/1240/result/1,1240,full_results_url,"IFSC - Climbing World Cup (L,S) - Chamonix (FRA) 2022",LEAD Men,finished,2025-10-02 07:18:36 UTC,2026-04-22 08:59:12 UTC,,7577,lead,Semi-final,Men,finished,2022-07-10 11:24:15 UTC,/api/v1/category_rounds/7577/results,lead_one_group_one_route,IFSC: 1 route,2,,,,,,,8075,1,/api/v1/routes/8075/startlist,/api/v1/routes/8075/results
/api/v1/events/1240/result/1,1240,full_results_url,"IFSC - Climbing World Cup (L,S) - Chamonix (FRA) 2022",LEAD Men,finished,2025-10-02 07:18:36 UTC,2026-04-22 08:59:12 UTC,,7581,lead,Final,Men,finished,2022-07-10 20:44:09 UTC,/api/v1/category_rounds/7581/results,lead_one_group_one_route,IFSC: 1 route,3,,,,,,,8079,1,/api/v1/routes/8079/startlist,/api/v1/routes/8079/results
/api/v1/events/1240/result/5,1240,full_results_url,"IFSC - Climbing World Cup (L,S) - Chamonix (FRA) 2022",LEAD Women,finished,2025-10-02 07:18:36 UTC,2026-04-22 08:59:16 UTC,,6867,lead,Qualification,Women,finished,2022-07-09 14:05:21 UTC,/api/v1/category_rounds/6867/results,lead_one_group_two_routes,IFSC: 2 routes,1,,,,,,,5886,1,/api/v1/routes/5886/startlist,/api/v1/routes/5886/results
/api/v1/events/1240/result/5,1240,full_results_url,"IFSC - Climbing World Cup (L,S) - Chamonix (FRA) 2022",LEAD Women,finished,2025-10-02 07:18:36 UTC,2026-04-22 08:59:16 UTC,,6867,lead,Qualification,Women,finished,2022-07-09 14:05:21 UTC,/api/v1/category_rounds/6867/results,lead_one_group_two_routes,IFSC: 2 routes,1,,,,,,,5887,2,/api/v1/routes/5887/startlist,/api/v1/routes/5887/results
/api/v1/events/1240/result/5,1240,full_results_url,"IFSC - Climbing World Cup (L,S) - Chamonix (FRA) 2022",LEAD Women,finished,2025-10-02 07:18:36 UTC,2026-04-22 08:59:16 UTC,,7578,lead,Semi-final,Women,finished,2022-07-10 11:25:35 UTC,/api/v1/category_rounds/7578/results,lead_one_group_one_route,IFSC: 1 route,2,,,,,,,8076,1,/api/v1/routes/8076/startlist,/api/v1/routes/8076/results
/api/v1/events/1240/result/5,1240,full_results_url,"IFSC - Climbing World Cup (L,S) - Chamonix (FRA) 2022",LEAD Women,finished,2025-10-02 07:18:36 UTC,2026-04-22 08:59:16 UTC,,7582,lead,Final,Women,finished,2022-07-10 19:35:24 UTC,/api/v1/category_rounds/7582/results,lead_one_group_one_route,IFSC: 1 route,3,,,,,,,8080,1,/api/v1/routes/8080/startlist,/api/v1/routes/8080/results
/api/v1/events/1240/result/2,1240,full_results_url,"IFSC - Climbing World Cup (L,S) - Chamonix (FRA) 2022",SPEED Men,finished,2025-10-02 07:18:36 UTC,2026-04-22 08:59:19 UTC,,6868,speed,Qualification,Men,finished,2022-07-08 18:53:53 UTC,/api/v1/category_rounds/6868/results,speed_staggered,IFSC: Qualification,1,,,,,,,5888,A,/api/v1/routes/5888/startlist,
/api/v1/events/1240/result/2,1240,full_results_url,"IFSC - Climbing World Cup (L,S) - Chamonix (FRA) 2022",SPEED Men,finished,2025-10-02 07:18:36 UTC,2026-04-22 08:59:19 UTC,,6868,speed,Qualification,Men,finished,2022-07-08 18:53:53 UTC,/api/v1/category_rounds/6868/results,speed_staggered,IFSC: Qualification,1,,,,,,,5889,B,/api/v1/routes/5889/startlist,
/api/v1/events/1240/result/2,1240,full_results_url,"IFSC - Climbing World Cup (L,S) - Chamonix (FRA) 2022",SPEED Men,finished,2025-10-02 07:18:36 UTC,2026-04-22 08:59:19 UTC,,7487,speed,Final,Men,finished,2024-01-16 09:03:43 UTC,/api/v1/category_rounds/7487/results,speed_elimination_ifsc_2022,IFSC 2022: Elimination,3,,,,,,,7847,A,/api/v1/routes/7847/startlist,
/api/v1/events/1240/result/2,1240,full_results_url,"IFSC - Climbing World Cup (L,S) - Chamonix (FRA) 2022",SPEED Men,finished,2025-10-02 07:18:36 UTC,2026-04-22 08:59:19 UTC,,7487,speed,Final,Men,finished,2024-01-16 09:03:43 UTC,/api/v1/category_rounds/7487/results,speed_elimination_ifsc_2022,IFSC 2022: Elimination,3,,,,,,,7848,B,/api/v1/routes/7848/startlist,
/api/v1/events/1240/result/6,1240,full_results_url,"IFSC - Climbing World Cup (L,S) - Chamonix (FRA) 2022",SPEED Women,finished,2025-10-02 07:18:36 UTC,2026-04-22 08:59:23 UTC,,6869,speed,Qualification,Women,finished,2022-07-08 18:54:38 UTC,/api/v1/category_rounds/6869/results,speed_staggered,IFSC: Qualification,1,,,,,,,5890,A,/api/v1/routes/5890/startlist,
/api/v1/events/1240/result/6,1240,full_results_url,"IFSC - Climbing World Cup (L,S) - Chamonix (FRA) 2022",SPEED Women,finished,2025-10-02 07:18:36 UTC,2026-04-22 08:59:23 UTC,,6869,speed,Qualification,Women,finished,2022-07-08 18:54:38 UTC,/api/v1/category_rounds/6869/results,speed_staggered,IFSC: Qualification,1,,,,,,,5891,B,/api/v1/routes/5891/startlist,
/api/v1/events/1240/result/6,1240,full_results_url,"IFSC - Climbing World Cup (L,S) - Chamonix (FRA) 2022",SPEED Women,finished,2025-10-02 07:18:36 UTC,2026-04-22 08:59:23 UTC,,7488,speed,Final,Women,finished,2024-01-16 09:03:44 UTC,/api/v1/category_rounds/7488/results,speed_elimination_ifsc_2022,IFSC 2022: Elimination,3,,,,,,,7849,A,/api/v1/routes/7849/startlist,
/api/v1/events/1240/result/6,1240,full_results_url,"IFSC - Climbing World Cup (L,S) - Chamonix (FRA) 2022",SPEED Women,finished,2025-10-02 07:18:36 UTC,2026-04-22 08:59:23 UTC,,7488,speed,Final,Women,finished,2024-01-16 09:03:44 UTC,/api/v1/category_rounds/7488/results,speed_elimination_ifsc_2022,IFSC 2022: Elimination,3,,,,,,,7850,B,/api/v1/routes/7850/startlist,
/api/v1/events/1280/result/529,1280,full_results_url,IFSC - Paraclimbing World Cup (L) - Villars (SUI) 2022,LEAD Men B1,finished,2025-10-02 07:18:37 UTC,2024-01-17 07:46:35 UTC,,7317,lead,Qualification,Men B1,finished,2022-07-08 09:10:21 UTC,/api/v1/category_rounds/7317/results,lead_one_group_two_routes,IFSC: 2 routes,49,,,,,,,8008,1,/api/v1/routes/8008/startlist,/api/v1/routes/8008/results
/api/v1/events/1280/result/529,1280,full_results_url,IFSC - Paraclimbing World Cup (L) - Villars (SUI) 2022,LEAD Men B1,finished,2025-10-02 07:18:37 UTC,2024-01-17 07:46:35 UTC,,7317,lead,Qualification,Men B1,finished,2022-07-08 09:10:21 UTC,/api/v1/category_rounds/7317/results,lead_one_group_two_routes,IFSC: 2 routes,49,,,,,,,8009,2,/api/v1/routes/8009/startlist,/api/v1/routes/8009/results
/api/v1/events/1280/result/529,1280,full_results_url,IFSC - Paraclimbing World Cup (L) - Villars (SUI) 2022,LEAD Men B1,finished,2025-10-02 07:18:37 UTC,2024-01-17 07:46:35 UTC,,7555,lead,Final,Men B1,finished,2022-07-09 15:08:14 UTC,/api/v1/category_rounds/7555/results,lead_one_group_one_route,IFSC: 1 route,51,,,,,,,8053,1,/api/v1/routes/8053/startlist,/api/v1/routes/8053/results
/api/v1/events/1280/result/533,1280,full_results_url,IFSC - Paraclimbing World Cup (L) - Villars (SUI) 2022,LEAD Men B2,finished,2025-10-02 07:18:37 UTC,2024-01-16 04:26:21 UTC,,7318,lead,Qualification,Men B2,finished,2022-07-08 09:29:18 UTC,/api/v1/category_rounds/7318/results,lead_one_group_two_routes,IFSC: 2 routes,49,,,,,,,8039,1,/api/v1/routes/8039/startlist,/api/v1/routes/8039/results
/api/v1/events/1280/result/533,1280,full_results_url,IFSC - Paraclimbing World Cup (L) - Villars (SUI) 2022,LEAD Men B2,finished,2025-10-02 07:18:37 UTC,2024-01-16 04:26:21 UTC,,7318,lead,Qualification,Men B2,finished,2022-07-08 09:29:18 UTC,/api/v1/category_rounds/7318/results,lead_one_group_two_routes,IFSC: 2 routes,49,,,,,,,8040,2,/api/v1/routes/8040/startlist,/api/v1/routes/8040/results
/api/v1/events/1280/result/533,1280,full_results_url,IFSC - Paraclimbing World Cup (L) - Villars (SUI) 2022,LEAD Men B2,finished,2025-10-02 07:18:37 UTC,2024-01-16 04:26:21 UTC,,7556,lead,Final,Men B2,finished,2022-07-09 14:33:28 UTC,/api/v1/category_rounds/7556/results,lead_one_group_one_route,IFSC: 1 route,51,,,,,,,8054,1,/api/v1/routes/8054/startlist,/api/v1/routes/8054/results
/api/v1/events/1280/result/537,1280,full_results_url,IFSC - Paraclimbing World Cup (L) - Villars (SUI) 2022,LEAD Men B3,finished,2025-10-02 07:18:37 UTC,2024-01-17 07:46:36 UTC,,7319,lead,Qualification,Men B3,finished,2022-07-08 09:11:18 UTC,/api/v1/category_rounds/7319/results,lead_one_group_two_routes,IFSC: 2 routes,49,,,,,,,8041,1,/api/v1/routes/8041/startlist,/api/v1/routes/8041/results
/api/v1/events/1280/result/537,1280,full_results_url,IFSC - Paraclimbing World Cup (L) - Villars (SUI) 2022,LEAD Men B3,finished,2025-10-02 07:18:37 UTC,2024-01-17 07:46:36 UTC,,7319,lead,Qualification,Men B3,finished,2022-07-08 09:11:18 UTC,/api/v1/category_rounds/7319/results,lead_one_group_two_routes,IFSC: 2 routes,49,,,,,,,8042,2,/api/v1/routes/8042/startlist,/api/v1/routes/8042/results
/api/v1/events/1280/result/537,1280,full_results_url,IFSC - Paraclimbing World Cup (L) - Villars (SUI) 2022,LEAD Men B3,finished,2025-10-02 07:18:37 UTC,2024-01-17 07:46:36 UTC,,7557,lead,Final,Men B3,finished,2022-07-09 14:46:16 UTC,/api/v1/category_rounds/7557/results,lead_one_group_one_route,IFSC: 1 route,51,,,,,,,8055,1,/api/v1/routes/8055/startlist,/api/v1/routes/8055/results
/api/v1/events/1280/result/541,1280,full_results_url,IFSC - Paraclimbing World Cup (L) - Villars (SUI) 2022,LEAD Women B1,active,2025-10-02 07:18:37 UTC,NA,,7320,lead,Qualification,Women B1,pending,2022-07-07 17:20:07 UTC,/api/v1/category_rounds/7320/results,lead_one_group_one_route,IFSC: 1 route,49,,,,,,,7351,1,/api/v1/routes/7351/startlist,/api/v1/routes/7351/results
/api/v1/events/1280/result/541,1280,full_results_url,IFSC - Paraclimbing World Cup (L) - Villars (SUI) 2022,LEAD Women B1,active,2025-10-02 07:18:37 UTC,NA,,7558,lead,Final,Women B1,pending,2022-07-08 09:17:26 UTC,/api/v1/category_rounds/7558/results,lead_one_group_one_route,IFSC: 1 route,51,,,,,,,8056,1,/api/v1/routes/8056/startlist,/api/v1/routes/8056/results
/api/v1/events/1280/result/545,1280,full_results_url,IFSC - Paraclimbing World Cup (L) - Villars (SUI) 2022,LEAD Women B2,finished,2025-10-02 07:18:37 UTC,2024-01-17 07:46:37 UTC,,7321,lead,Qualification,Women B2,finished,2022-07-08 09:30:35 UTC,/api/v1/category_rounds/7321/results,lead_one_group_two_routes,IFSC: 2 routes,49,,,,,,,8010,1,/api/v1/routes/8010/startlist,/api/v1/routes/8010/results
/api/v1/events/1280/result/545,1280,full_results_url,IFSC - Paraclimbing World Cup (L) - Villars (SUI) 2022,LEAD Women B2,finished,2025-10-02 07:18:37 UTC,2024-01-17 07:46:37 UTC,,7321,lead,Qualification,Women B2,finished,2022-07-08 09:30:35 UTC,/api/v1/category_rounds/7321/results,lead_one_group_two_routes,IFSC: 2 routes,49,,,,,,,8011,2,/api/v1/routes/8011/startlist,/api/v1/routes/8011/results
/api/v1/events/1280/result/545,1280,full_results_url,IFSC - Paraclimbing World Cup (L) - Villars (SUI) 2022,LEAD Women B2,finished,2025-10-02 07:18:37 UTC,2024-01-17 07:46:37 UTC,,7559,lead,Final,Women B2,finished,2022-07-09 14:24:52 UTC,/api/v1/category_rounds/7559/results,lead_one_group_one_route,IFSC: 1 route,51,,,,,,,8057,1,/api/v1/routes/8057/startlist,/api/v1/routes/8057/results
/api/v1/events/1280/result/549,1280,full_results_url,IFSC - Paraclimbing World Cup (L) - Villars (SUI) 2022,LEAD Women B3,finished,2025-10-02 07:18:37 UTC,2024-01-16 04:30:58 UTC,,7322,lead,Qualification,Women B3,finished,2022-07-08 09:31:06 UTC,/api/v1/category_rounds/7322/results,lead_one_group_two_routes,IFSC: 2 routes,49,,,,,,,8012,1,/api/v1/routes/8012/startlist,/api/v1/routes/8012/results
/api/v1/events/1280/result/549,1280,full_results_url,IFSC - Paraclimbing World Cup (L) - Villars (SUI) 2022,LEAD Women B3,finished,2025-10-02 07:18:37 UTC,2024-01-16 04:30:58 UTC,,7322,lead,Qualification,Women B3,finished,2022-07-08 09:31:06 UTC,/api/v1/category_rounds/7322/results,lead_one_group_two_routes,IFSC: 2 routes,49,,,,,,,8013,2,/api/v1/routes/8013/startlist,/api/v1/routes/8013/results
/api/v1/events/1280/result/549,1280,full_results_url,IFSC - Paraclimbing World Cup (L) - Villars (SUI) 2022,LEAD Women B3,finished,2025-10-02 07:18:37 UTC,2024-01-16 04:30:58 UTC,,7560,lead,Final,Women B3,finished,2022-07-09 15:58:41 UTC,/api/v1/category_rounds/7560/results,lead_one_group_one_route,IFSC: 1 route,51,,,,,,,8058,1,/api/v1/routes/8058/startlist,/api/v1/routes/8058/results
/api/v1/events/1280/result/553,1280,full_results_url,IFSC - Paraclimbing World Cup (L) - Villars (SUI) 2022,LEAD Men AL1,finished,2025-10-02 07:18:37 UTC,2024-01-17 07:46:39 UTC,,7323,lead,Qualification,Men AL1,finished,2022-07-08 12:17:33 UTC,/api/v1/category_rounds/7323/results,lead_one_group_two_routes,IFSC: 2 routes,49,,,,,,,8014,1,/api/v1/routes/8014/startlist,/api/v1/routes/8014/results
/api/v1/events/1280/result/553,1280,full_results_url,IFSC - Paraclimbing World Cup (L) - Villars (SUI) 2022,LEAD Men AL1,finished,2025-10-02 07:18:37 UTC,2024-01-17 07:46:39 UTC,,7323,lead,Qualification,Men AL1,finished,2022-07-08 12:17:33 UTC,/api/v1/category_rounds/7323/results,lead_one_group_two_routes,IFSC: 2 routes,49,,,,,,,8015,2,/api/v1/routes/8015/startlist,/api/v1/routes/8015/results
/api/v1/events/1280/result/553,1280,full_results_url,IFSC - Paraclimbing World Cup (L) - Villars (SUI) 2022,LEAD Men AL1,finished,2025-10-02 07:18:37 UTC,2024-01-17 07:46:39 UTC,,7561,lead,Final,Men AL1,finished,2022-07-09 17:56:34 UTC,/api/v1/category_rounds/7561/results,lead_one_group_one_route,IFSC: 1 route,51,,,,,,,8059,1,/api/v1/routes/8059/startlist,/api/v1/routes/8059/results
/api/v1/events/1280/result/557,1280,full_results_url,IFSC - Paraclimbing World Cup (L) - Villars (SUI) 2022,LEAD Women AL1,registration_pending,2025-10-02 07:18:37 UTC,NA,,7324,lead,Qualification,Women AL1,pending,2022-07-07 11:04:42 UTC,/api/v1/category_rounds/7324/results,lead_one_group_two_routes,IFSC: 2 routes,49,,,,,,,8016,1,/api/v1/routes/8016/startlist,/api/v1/routes/8016/results
/api/v1/events/1280/result/557,1280,full_results_url,IFSC - Paraclimbing World Cup (L) - Villars (SUI) 2022,LEAD Women AL1,registration_pending,2025-10-02 07:18:37 UTC,NA,,7324,lead,Qualification,Women AL1,pending,2022-07-07 11:04:42 UTC,/api/v1/category_rounds/7324/results,lead_one_group_two_routes,IFSC: 2 routes,49,,,,,,,8017,2,/api/v1/routes/8017/startlist,/api/v1/routes/8017/results
/api/v1/events/1280/result/557,1280,full_results_url,IFSC - Paraclimbing World Cup (L) - Villars (SUI) 2022,LEAD Women AL1,registration_pending,2025-10-02 07:18:37 UTC,NA,,7562,lead,Final,Women AL1,pending,2022-07-08 09:17:26 UTC,/api/v1/category_rounds/7562/results,lead_one_group_one_route,IFSC: 1 route,51,,,,,,,8060,1,/api/v1/routes/8060/startlist,/api/v1/routes/8060/results
/api/v1/events/1280/result/561,1280,full_results_url,IFSC - Paraclimbing World Cup (L) - Villars (SUI) 2022,LEAD Men AL2,finished,2025-10-02 07:18:37 UTC,2024-01-17 07:46:39 UTC,,7325,lead,Qualification,Men AL2,finished,2022-07-08 11:58:23 UTC,/api/v1/category_rounds/7325/results,lead_one_group_two_routes,IFSC: 2 routes,49,,,,,,,8018,1,/api/v1/routes/8018/startlist,/api/v1/routes/8018/results
/api/v1/events/1280/result/561,1280,full_results_url,IFSC - Paraclimbing World Cup (L) - Villars (SUI) 2022,LEAD Men AL2,finished,2025-10-02 07:18:37 UTC,2024-01-17 07:46:39 UTC,,7325,lead,Qualification,Men AL2,finished,2022-07-08 11:58:23 UTC,/api/v1/category_rounds/7325/results,lead_one_group_two_routes,IFSC: 2 routes,49,,,,,,,8019,2,/api/v1/routes/8019/startlist,/api/v1/routes/8019/results
/api/v1/events/1280/result/561,1280,full_results_url,IFSC - Paraclimbing World Cup (L) - Villars (SUI) 2022,LEAD Men AL2,finished,2025-10-02 07:18:37 UTC,2024-01-17 07:46:39 UTC,,7563,lead,Final,Men AL2,finished,2022-07-09 17:20:21 UTC,/api/v1/category_rounds/7563/results,lead_one_group_one_route,IFSC: 1 route,51,,,,,,,8061,1,/api/v1/routes/8061/startlist,/api/v1/routes/8061/results
/api/v1/events/1280/result/565,1280,full_results_url,IFSC - Paraclimbing World Cup (L) - Villars (SUI) 2022,LEAD Women AL2,finished,2025-10-02 07:18:37 UTC,2024-01-17 07:46:40 UTC,,7326,lead,Qualification,Women AL2,finished,2022-07-08 12:00:52 UTC,/api/v1/category_rounds/7326/results,lead_one_group_two_routes,IFSC: 2 routes,49,,,,,,,8020,1,/api/v1/routes/8020/startlist,/api/v1/routes/8020/results
/api/v1/events/1280/result/565,1280,full_results_url,IFSC - Paraclimbing World Cup (L) - Villars (SUI) 2022,LEAD Women AL2,finished,2025-10-02 07:18:37 UTC,2024-01-17 07:46:40 UTC,,7326,lead,Qualification,Women AL2,finished,2022-07-08 12:00:52 UTC,/api/v1/category_rounds/7326/results,lead_one_group_two_routes,IFSC: 2 routes,49,,,,,,,8021,2,/api/v1/routes/8021/startlist,/api/v1/routes/8021/results
/api/v1/events/1280/result/565,1280,full_results_url,IFSC - Paraclimbing World Cup (L) - Villars (SUI) 2022,LEAD Women AL2,finished,2025-10-02 07:18:37 UTC,2024-01-17 07:46:40 UTC,,7564,lead,Final,Women AL2,finished,2022-07-09 17:19:15 UTC,/api/v1/category_rounds/7564/results,lead_one_group_one_route,IFSC: 1 route,51,,,,,,,8062,1,/api/v1/routes/8062/startlist,/api/v1/routes/8062/results
/api/v1/events/1280/result/569,1280,full_results_url,IFSC - Paraclimbing World Cup (L) - Villars (SUI) 2022,LEAD Men AU1,active,2025-10-02 07:18:37 UTC,2024-01-25 19:01:32 UTC,,7327,lead,Qualification,Men AU1,pending,2022-07-07 11:04:55 UTC,/api/v1/category_rounds/7327/results,lead_one_group_one_route,IFSC: 1 route,49,,,,,,,8024,1,/api/v1/routes/8024/startlist,/api/v1/routes/8024/results
/api/v1/events/1280/result/569,1280,full_results_url,IFSC - Paraclimbing World Cup (L) - Villars (SUI) 2022,LEAD Men AU1,active,2025-10-02 07:18:37 UTC,2024-01-25 19:01:32 UTC,,7565,lead,Final,Men AU1,pending,2022-07-08 09:17:26 UTC,/api/v1/category_rounds/7565/results,lead_one_group_one_route,IFSC: 1 route,51,,,,,,,8063,1,/api/v1/routes/8063/startlist,/api/v1/routes/8063/results
/api/v1/events/1280/result/573,1280,full_results_url,IFSC - Paraclimbing World Cup (L) - Villars (SUI) 2022,LEAD Women AU1,registration_pending,2025-10-02 07:18:37 UTC,NA,,7328,lead,Qualification,Women AU1,pending,2022-01-28 10:08:33 UTC,/api/v1/category_rounds/7328/results,lead_one_group_one_route,IFSC: 1 route,49,,,,,,,7359,1,/api/v1/routes/7359/startlist,/api/v1/routes/7359/results
/api/v1/events/1280/result/573,1280,full_results_url,IFSC - Paraclimbing World Cup (L) - Villars (SUI) 2022,LEAD Women AU1,registration_pending,2025-10-02 07:18:37 UTC,NA,,7566,lead,Final,Women AU1,pending,2022-07-08 09:17:26 UTC,/api/v1/category_rounds/7566/results,lead_one_group_one_route,IFSC: 1 route,51,,,,,,,8064,1,/api/v1/routes/8064/startlist,/api/v1/routes/8064/results
/api/v1/events/1280/result/577,1280,full_results_url,IFSC - Paraclimbing World Cup (L) - Villars (SUI) 2022,LEAD Men AU2,finished,2025-10-02 07:18:37 UTC,2024-01-17 07:46:41 UTC,,7329,lead,Qualification,Men AU2,finished,2022-07-08 11:57:47 UTC,/api/v1/category_rounds/7329/results,lead_one_group_two_routes,IFSC: 2 routes,49,,,,,,,8025,1,/api/v1/routes/8025/startlist,/api/v1/routes/8025/results
/api/v1/events/1280/result/577,1280,full_results_url,IFSC - Paraclimbing World Cup (L) - Villars (SUI) 2022,LEAD Men AU2,finished,2025-10-02 07:18:37 UTC,2024-01-17 07:46:41 UTC,,7329,lead,Qualification,Men AU2,finished,2022-07-08 11:57:47 UTC,/api/v1/category_rounds/7329/results,lead_one_group_two_routes,IFSC: 2 routes,49,,,,,,,8026,2,/api/v1/routes/8026/startlist,/api/v1/routes/8026/results
/api/v1/events/1280/result/577,1280,full_results_url,IFSC - Paraclimbing World Cup (L) - Villars (SUI) 2022,LEAD Men AU2,finished,2025-10-02 07:18:37 UTC,2024-01-17 07:46:41 UTC,,7567,lead,Final,Men AU2,finished,2022-07-09 17:46:41 UTC,/api/v1/category_rounds/7567/results,lead_one_group_one_route,IFSC: 1 route,51,,,,,,,8065,1,/api/v1/routes/8065/startlist,/api/v1/routes/8065/results
/api/v1/events/1280/result/581,1280,full_results_url,IFSC - Paraclimbing World Cup (L) - Villars (SUI) 2022,LEAD Women AU2,finished,2025-10-02 07:18:37 UTC,2024-01-17 07:46:41 UTC,,7330,lead,Qualification,Women AU2,finished,2022-07-08 10:52:00 UTC,/api/v1/category_rounds/7330/results,lead_one_group_two_routes,IFSC: 2 routes,49,,,,,,,8027,1,/api/v1/routes/8027/startlist,/api/v1/routes/8027/results
/api/v1/events/1280/result/581,1280,full_results_url,IFSC - Paraclimbing World Cup (L) - Villars (SUI) 2022,LEAD Women AU2,finished,2025-10-02 07:18:37 UTC,2024-01-17 07:46:41 UTC,,7330,lead,Qualification,Women AU2,finished,2022-07-08 10:52:00 UTC,/api/v1/category_rounds/7330/results,lead_one_group_two_routes,IFSC: 2 routes,49,,,,,,,8028,2,/api/v1/routes/8028/startlist,/api/v1/routes/8028/results
/api/v1/events/1280/result/581,1280,full_results_url,IFSC - Paraclimbing World Cup (L) - Villars (SUI) 2022,LEAD Women AU2,finished,2025-10-02 07:18:37 UTC,2024-01-17 07:46:41 UTC,,7568,lead,Final,Women AU2,finished,2022-07-09 17:33:19 UTC,/api/v1/category_rounds/7568/results,lead_one_group_one_route,IFSC: 1 route,51,,,,,,,8066,1,/api/v1/routes/8066/startlist,/api/v1/routes/8066/results
/api/v1/events/1280/result/585,1280,full_results_url,IFSC - Paraclimbing World Cup (L) - Villars (SUI) 2022,LEAD Men RP1,finished,2025-10-02 07:18:37 UTC,2024-01-17 07:46:42 UTC,,7331,lead,Qualification,Men RP1,finished,2022-07-08 12:19:28 UTC,/api/v1/category_rounds/7331/results,lead_one_group_two_routes,IFSC: 2 routes,49,,,,,,,8029,1,/api/v1/routes/8029/startlist,/api/v1/routes/8029/results
/api/v1/events/1280/result/585,1280,full_results_url,IFSC - Paraclimbing World Cup (L) - Villars (SUI) 2022,LEAD Men RP1,finished,2025-10-02 07:18:37 UTC,2024-01-17 07:46:42 UTC,,7331,lead,Qualification,Men RP1,finished,2022-07-08 12:19:28 UTC,/api/v1/category_rounds/7331/results,lead_one_group_two_routes,IFSC: 2 routes,49,,,,,,,8030,2,/api/v1/routes/8030/startlist,/api/v1/routes/8030/results
/api/v1/events/1280/result/585,1280,full_results_url,IFSC - Paraclimbing World Cup (L) - Villars (SUI) 2022,LEAD Men RP1,finished,2025-10-02 07:18:37 UTC,2024-01-17 07:46:42 UTC,,7569,lead,Final,Men RP1,finished,2022-07-09 16:42:27 UTC,/api/v1/category_rounds/7569/results,lead_one_group_one_route,IFSC: 1 route,51,,,,,,,8067,1,/api/v1/routes/8067/startlist,/api/v1/routes/8067/results
/api/v1/events/1280/result/589,1280,full_results_url,IFSC - Paraclimbing World Cup (L) - Villars (SUI) 2022,LEAD Men RP2,finished,2025-10-02 07:18:37 UTC,2024-01-17 07:46:43 UTC,,7332,lead,Qualification,Men RP2,finished,2022-07-08 11:56:45 UTC,/api/v1/category_rounds/7332/results,lead_one_group_two_routes,IFSC: 2 routes,49,,,,,,,8031,1,/api/v1/routes/8031/startlist,/api/v1/routes/8031/results
/api/v1/events/1280/result/589,1280,full_results_url,IFSC - Paraclimbing World Cup (L) - Villars (SUI) 2022,LEAD Men RP2,finished,2025-10-02 07:18:37 UTC,2024-01-17 07:46:43 UTC,,7332,lead,Qualification,Men RP2,finished,2022-07-08 11:56:45 UTC,/api/v1/category_rounds/7332/results,lead_one_group_two_routes,IFSC: 2 routes,49,,,,,,,8032,2,/api/v1/routes/8032/startlist,/api/v1/routes/8032/results
/api/v1/events/1280/result/589,1280,full_results_url,IFSC - Paraclimbing World Cup (L) - Villars (SUI) 2022,LEAD Men RP2,finished,2025-10-02 07:18:37 UTC,2024-01-17 07:46:43 UTC,,7570,lead,Final,Men RP2,finished,2022-07-09 16:27:56 UTC,/api/v1/category_rounds/7570/results,lead_one_group_one_route,IFSC: 1 route,51,,,,,,,8068,1,/api/v1/routes/8068/startlist,/api/v1/routes/8068/results
/api/v1/events/1280/result/593,1280,full_results_url,IFSC - Paraclimbing World Cup (L) - Villars (SUI) 2022,LEAD Men RP3,finished,2025-10-02 07:18:37 UTC,2024-01-17 07:46:43 UTC,,7333,lead,Qualification,Men RP3,finished,2022-07-08 12:04:36 UTC,/api/v1/category_rounds/7333/results,lead_one_group_two_routes,IFSC: 2 routes,49,,,,,,,8033,1,/api/v1/routes/8033/startlist,/api/v1/routes/8033/results
/api/v1/events/1280/result/593,1280,full_results_url,IFSC - Paraclimbing World Cup (L) - Villars (SUI) 2022,LEAD Men RP3,finished,2025-10-02 07:18:37 UTC,2024-01-17 07:46:43 UTC,,7333,lead,Qualification,Men RP3,finished,2022-07-08 12:04:36 UTC,/api/v1/category_rounds/7333/results,lead_one_group_two_routes,IFSC: 2 routes,49,,,,,,,8034,2,/api/v1/routes/8034/startlist,/api/v1/routes/8034/results
/api/v1/events/1280/result/593,1280,full_results_url,IFSC - Paraclimbing World Cup (L) - Villars (SUI) 2022,LEAD Men RP3,finished,2025-10-02 07:18:37 UTC,2024-01-17 07:46:43 UTC,,7571,lead,Final,Men RP3,finished,2022-07-09 16:08:19 UTC,/api/v1/category_rounds/7571/results,lead_one_group_one_route,IFSC: 1 route,51,,,,,,,8069,1,/api/v1/routes/8069/startlist,/api/v1/routes/8069/results
/api/v1/events/1280/result/597,1280,full_results_url,IFSC - Paraclimbing World Cup (L) - Villars (SUI) 2022,LEAD Women RP1,finished,2025-10-02 07:18:37 UTC,2024-01-15 21:11:02 UTC,,7334,lead,Qualification,Women RP1,finished,2022-07-08 11:59:20 UTC,/api/v1/category_rounds/7334/results,lead_one_group_two_routes,IFSC: 2 routes,49,,,,,,,8035,1,/api/v1/routes/8035/startlist,/api/v1/routes/8035/results
/api/v1/events/1280/result/597,1280,full_results_url,IFSC - Paraclimbing World Cup (L) - Villars (SUI) 2022,LEAD Women RP1,finished,2025-10-02 07:18:37 UTC,2024-01-15 21:11:02 UTC,,7334,lead,Qualification,Women RP1,finished,2022-07-08 11:59:20 UTC,/api/v1/category_rounds/7334/results,lead_one_group_two_routes,IFSC: 2 routes,49,,,,,,,8036,2,/api/v1/routes/8036/startlist,/api/v1/routes/8036/results
/api/v1/events/1280/result/597,1280,full_results_url,IFSC - Paraclimbing World Cup (L) - Villars (SUI) 2022,LEAD Women RP1,finished,2025-10-02 07:18:37 UTC,2024-01-15 21:11:02 UTC,,7572,lead,Final,Women RP1,finished,2022-07-09 16:06:31 UTC,/api/v1/category_rounds/7572/results,lead_one_group_one_route,IFSC: 1 route,51,,,,,,,8070,1,/api/v1/routes/8070/startlist,/api/v1/routes/8070/results
/api/v1/events/1280/result/601,1280,full_results_url,IFSC - Paraclimbing World Cup (L) - Villars (SUI) 2022,LEAD Women RP2,active,2025-10-02 07:18:37 UTC,NA,,7335,lead,Qualification,Women RP2,pending,2022-07-07 17:19:07 UTC,/api/v1/category_rounds/7335/results,lead_one_group_one_route,IFSC: 1 route,49,,,,,,,7366,1,/api/v1/routes/7366/startlist,/api/v1/routes/7366/results
/api/v1/events/1280/result/601,1280,full_results_url,IFSC - Paraclimbing World Cup (L) - Villars (SUI) 2022,LEAD Women RP2,active,2025-10-02 07:18:37 UTC,NA,,7573,lead,Final,Women RP2,pending,2022-07-08 09:17:26 UTC,/api/v1/category_rounds/7573/results,lead_one_group_one_route,IFSC: 1 route,51,,,,,,,8071,1,/api/v1/routes/8071/startlist,/api/v1/routes/8071/results
/api/v1/events/1280/result/605,1280,full_results_url,IFSC - Paraclimbing World Cup (L) - Villars (SUI) 2022,LEAD Women RP3,finished,2025-10-02 07:18:37 UTC,2024-01-17 07:46:45 UTC,,7336,lead,Qualification,Women RP3,finished,2022-07-08 12:00:12 UTC,/api/v1/category_rounds/7336/results,lead_one_group_two_routes,IFSC: 2 routes,49,,,,,,,8037,1,/api/v1/routes/8037/startlist,/api/v1/routes/8037/results
/api/v1/events/1280/result/605,1280,full_results_url,IFSC - Paraclimbing World Cup (L) - Villars (SUI) 2022,LEAD Women RP3,finished,2025-10-02 07:18:37 UTC,2024-01-17 07:46:45 UTC,,7336,lead,Qualification,Women RP3,finished,2022-07-08 12:00:12 UTC,/api/v1/category_rounds/7336/results,lead_one_group_two_routes,IFSC: 2 routes,49,,,,,,,8038,2,/api/v1/routes/8038/startlist,/api/v1/routes/8038/results
/api/v1/events/1280/result/605,1280,full_results_url,IFSC - Paraclimbing World Cup (L) - Villars (SUI) 2022,LEAD Women RP3,finished,2025-10-02 07:18:37 UTC,2024-01-17 07:46:45 UTC,,7574,lead,Final,Women RP3,finished,2022-07-09 16:26:47 UTC,/api/v1/category_rounds/7574/results,lead_one_group_one_route,IFSC: 1 route,51,,,,,,,8072,1,/api/v1/routes/8072/startlist,/api/v1/routes/8072/results
/api/v1/events/1245/result/313,1245,full_results_url,"World Games (B,S,L) - Birmingham (USA) 2022",LEAD Men,finished,2025-10-02 07:18:36 UTC,2026-04-22 08:59:26 UTC,,6882,lead,Qualification,Men,finished,2022-07-16 17:39:51 UTC,/api/v1/category_rounds/6882/results,lead_one_group_one_route,IFSC: 1 route,31,,,,,,,8089,1,/api/v1/routes/8089/startlist,/api/v1/routes/8089/results
/api/v1/events/1245/result/313,1245,full_results_url,"World Games (B,S,L) - Birmingham (USA) 2022",LEAD Men,finished,2025-10-02 07:18:36 UTC,2026-04-22 08:59:26 UTC,,7591,lead,Final,Men,finished,2022-07-17 03:23:43 UTC,/api/v1/category_rounds/7591/results,lead_one_group_one_route,IFSC: 1 route,33,,,,,,,8091,1,/api/v1/routes/8091/startlist,/api/v1/routes/8091/results
/api/v1/events/1245/result/333,1245,full_results_url,"World Games (B,S,L) - Birmingham (USA) 2022",LEAD Women,finished,2025-10-02 07:18:36 UTC,2026-04-22 08:59:29 UTC,,6887,lead,Qualification,Women,finished,2022-07-16 17:36:28 UTC,/api/v1/category_rounds/6887/results,lead_one_group_one_route,IFSC: 1 route,31,,,,,,,8090,1,/api/v1/routes/8090/startlist,/api/v1/routes/8090/results
/api/v1/events/1245/result/333,1245,full_results_url,"World Games (B,S,L) - Birmingham (USA) 2022",LEAD Women,finished,2025-10-02 07:18:36 UTC,2026-04-22 08:59:29 UTC,,7592,lead,Final,Women,finished,2022-07-17 03:24:07 UTC,/api/v1/category_rounds/7592/results,lead_one_group_one_route,IFSC: 1 route,33,,,,,,,8092,1,/api/v1/routes/8092/startlist,/api/v1/routes/8092/results
/api/v1/events/1245/result/314,1245,full_results_url,"World Games (B,S,L) - Birmingham (USA) 2022",SPEED Men,finished,2025-10-02 07:18:36 UTC,2026-04-22 08:59:32 UTC,,6892,speed,Qualification,Men,finished,2022-07-14 23:59:12 UTC,/api/v1/category_rounds/6892/results,speed_staggered,IFSC: Qualification,31,,,,,,,5936,A,/api/v1/routes/5936/startlist,
/api/v1/events/1245/result/314,1245,full_results_url,"World Games (B,S,L) - Birmingham (USA) 2022",SPEED Men,finished,2025-10-02 07:18:36 UTC,2026-04-22 08:59:32 UTC,,6892,speed,Qualification,Men,finished,2022-07-14 23:59:12 UTC,/api/v1/category_rounds/6892/results,speed_staggered,IFSC: Qualification,31,,,,,,,5937,B,/api/v1/routes/5937/startlist,
/api/v1/events/1245/result/314,1245,full_results_url,"World Games (B,S,L) - Birmingham (USA) 2022",SPEED Men,finished,2025-10-02 07:18:36 UTC,2026-04-22 08:59:32 UTC,,7493,speed,Final,Men,finished,2024-01-17 07:06:17 UTC,/api/v1/category_rounds/7493/results,speed_elimination_ifsc_2022,IFSC 2022: Elimination,33,,,,,,,7871,A,/api/v1/routes/7871/startlist,
/api/v1/events/1245/result/314,1245,full_results_url,"World Games (B,S,L) - Birmingham (USA) 2022",SPEED Men,finished,2025-10-02 07:18:36 UTC,2026-04-22 08:59:32 UTC,,7493,speed,Final,Men,finished,2024-01-17 07:06:17 UTC,/api/v1/category_rounds/7493/results,speed_elimination_ifsc_2022,IFSC 2022: Elimination,33,,,,,,,7872,B,/api/v1/routes/7872/startlist,
/api/v1/events/1245/result/334,1245,full_results_url,"World Games (B,S,L) - Birmingham (USA) 2022",SPEED Women,finished,2025-10-02 07:18:36 UTC,2026-04-22 08:59:36 UTC,,6897,speed,Qualification,Women,finished,2022-07-15 00:14:13 UTC,/api/v1/category_rounds/6897/results,speed_staggered,IFSC: Qualification,31,,,,,,,5946,A,/api/v1/routes/5946/startlist,
/api/v1/events/1245/result/334,1245,full_results_url,"World Games (B,S,L) - Birmingham (USA) 2022",SPEED Women,finished,2025-10-02 07:18:36 UTC,2026-04-22 08:59:36 UTC,,6897,speed,Qualification,Women,finished,2022-07-15 00:14:13 UTC,/api/v1/category_rounds/6897/results,speed_staggered,IFSC: Qualification,31,,,,,,,5947,B,/api/v1/routes/5947/startlist,
/api/v1/events/1245/result/334,1245,full_results_url,"World Games (B,S,L) - Birmingham (USA) 2022",SPEED Women,finished,2025-10-02 07:18:36 UTC,2026-04-22 08:59:36 UTC,,7595,speed,Final,Women,finished,2024-01-17 07:06:18 UTC,/api/v1/category_rounds/7595/results,speed_elimination_ifsc_2022,IFSC 2022: Elimination,33,,,,,,,8101,A,/api/v1/routes/8101/startlist,
/api/v1/events/1245/result/334,1245,full_results_url,"World Games (B,S,L) - Birmingham (USA) 2022",SPEED Women,finished,2025-10-02 07:18:36 UTC,2026-04-22 08:59:36 UTC,,7595,speed,Final,Women,finished,2024-01-17 07:06:18 UTC,/api/v1/category_rounds/7595/results,speed_elimination_ifsc_2022,IFSC 2022: Elimination,33,,,,,,,8102,B,/api/v1/routes/8102/startlist,
/api/v1/events/1245/result/315,1245,full_results_url,"World Games (B,S,L) - Birmingham (USA) 2022",BOULDER Men,finished,2025-10-02 07:18:36 UTC,2026-04-22 08:59:39 UTC,,6902,boulder,Qualification,Men,finished,2022-07-15 15:44:37 UTC,/api/v1/category_rounds/6902/results,boulder_one_group_one_boulder_set,IFSC: 1 group,31,,,,,,,5956,1,/api/v1/routes/5956/startlist,
/api/v1/events/1245/result/315,1245,full_results_url,"World Games (B,S,L) - Birmingham (USA) 2022",BOULDER Men,finished,2025-10-02 07:18:36 UTC,2026-04-22 08:59:39 UTC,,6902,boulder,Qualification,Men,finished,2022-07-15 15:44:37 UTC,/api/v1/category_rounds/6902/results,boulder_one_group_one_boulder_set,IFSC: 1 group,31,,,,,,,5957,2,/api/v1/routes/5957/startlist,
/api/v1/events/1245/result/315,1245,full_results_url,"World Games (B,S,L) - Birmingham (USA) 2022",BOULDER Men,finished,2025-10-02 07:18:36 UTC,2026-04-22 08:59:39 UTC,,6902,boulder,Qualification,Men,finished,2022-07-15 15:44:37 UTC,/api/v1/category_rounds/6902/results,boulder_one_group_one_boulder_set,IFSC: 1 group,31,,,,,,,5958,3,/api/v1/routes/5958/startlist,
/api/v1/events/1245/result/315,1245,full_results_url,"World Games (B,S,L) - Birmingham (USA) 2022",BOULDER Men,finished,2025-10-02 07:18:36 UTC,2026-04-22 08:59:39 UTC,,6902,boulder,Qualification,Men,finished,2022-07-15 15:44:37 UTC,/api/v1/category_rounds/6902/results,boulder_one_group_one_boulder_set,IFSC: 1 group,31,,,,,,,5959,4,/api/v1/routes/5959/startlist,
/api/v1/events/1245/result/315,1245,full_results_url,"World Games (B,S,L) - Birmingham (USA) 2022",BOULDER Men,finished,2025-10-02 07:18:36 UTC,2026-04-22 08:59:39 UTC,,7593,boulder,Final,Men,finished,2022-07-15 23:23:42 UTC,/api/v1/category_rounds/7593/results,boulder_finals_one_by_one,IFSC: Finals,33,,,,,,,8093,1,/api/v1/routes/8093/startlist,
/api/v1/events/1245/result/315,1245,full_results_url,"World Games (B,S,L) - Birmingham (USA) 2022",BOULDER Men,finished,2025-10-02 07:18:36 UTC,2026-04-22 08:59:39 UTC,,7593,boulder,Final,Men,finished,2022-07-15 23:23:42 UTC,/api/v1/category_rounds/7593/results,boulder_finals_one_by_one,IFSC: Finals,33,,,,,,,8094,2,/api/v1/routes/8094/startlist,
/api/v1/events/1245/result/315,1245,full_results_url,"World Games (B,S,L) - Birmingham (USA) 2022",BOULDER Men,finished,2025-10-02 07:18:36 UTC,2026-04-22 08:59:39 UTC,,7593,boulder,Final,Men,finished,2022-07-15 23:23:42 UTC,/api/v1/category_rounds/7593/results,boulder_finals_one_by_one,IFSC: Finals,33,,,,,,,8095,3,/api/v1/routes/8095/startlist,
/api/v1/events/1245/result/315,1245,full_results_url,"World Games (B,S,L) - Birmingham (USA) 2022",BOULDER Men,finished,2025-10-02 07:18:36 UTC,2026-04-22 08:59:39 UTC,,7593,boulder,Final,Men,finished,2022-07-15 23:23:42 UTC,/api/v1/category_rounds/7593/results,boulder_finals_one_by_one,IFSC: Finals,33,,,,,,,8096,4,/api/v1/routes/8096/startlist,
/api/v1/events/1245/result/335,1245,full_results_url,"World Games (B,S,L) - Birmingham (USA) 2022",BOULDER Women,finished,2025-10-02 07:18:36 UTC,2026-04-22 08:59:42 UTC,,6907,boulder,Qualification,Women,finished,2022-07-15 18:35:00 UTC,/api/v1/category_rounds/6907/results,boulder_one_group_one_boulder_set,IFSC: 1 group,31,,,,,,,5981,1,/api/v1/routes/5981/startlist,
/api/v1/events/1245/result/335,1245,full_results_url,"World Games (B,S,L) - Birmingham (USA) 2022",BOULDER Women,finished,2025-10-02 07:18:36 UTC,2026-04-22 08:59:42 UTC,,6907,boulder,Qualification,Women,finished,2022-07-15 18:35:00 UTC,/api/v1/category_rounds/6907/results,boulder_one_group_one_boulder_set,IFSC: 1 group,31,,,,,,,5982,2,/api/v1/routes/5982/startlist,
/api/v1/events/1245/result/335,1245,full_results_url,"World Games (B,S,L) - Birmingham (USA) 2022",BOULDER Women,finished,2025-10-02 07:18:36 UTC,2026-04-22 08:59:42 UTC,,6907,boulder,Qualification,Women,finished,2022-07-15 18:35:00 UTC,/api/v1/category_rounds/6907/results,boulder_one_group_one_boulder_set,IFSC: 1 group,31,,,,,,,5983,3,/api/v1/routes/5983/startlist,
/api/v1/events/1245/result/335,1245,full_results_url,"World Games (B,S,L) - Birmingham (USA) 2022",BOULDER Women,finished,2025-10-02 07:18:36 UTC,2026-04-22 08:59:42 UTC,,6907,boulder,Qualification,Women,finished,2022-07-15 18:35:00 UTC,/api/v1/category_rounds/6907/results,boulder_one_group_one_boulder_set,IFSC: 1 group,31,,,,,,,5984,4,/api/v1/routes/5984/startlist,
/api/v1/events/1245/result/335,1245,full_results_url,"World Games (B,S,L) - Birmingham (USA) 2022",BOULDER Women,finished,2025-10-02 07:18:36 UTC,2026-04-22 08:59:42 UTC,,6907,boulder,Qualification,Women,finished,2022-07-15 18:35:00 UTC,/api/v1/category_rounds/6907/results,boulder_one_group_one_boulder_set,IFSC: 1 group,31,,,,,,,5985,5,/api/v1/routes/5985/startlist,
/api/v1/events/1245/result/335,1245,full_results_url,"World Games (B,S,L) - Birmingham (USA) 2022",BOULDER Women,finished,2025-10-02 07:18:36 UTC,2026-04-22 08:59:42 UTC,,7594,boulder,Final,Women,finished,2022-07-16 02:42:35 UTC,/api/v1/category_rounds/7594/results,boulder_finals_one_by_one,IFSC: Finals,33,,,,,,,8097,1,/api/v1/routes/8097/startlist,
/api/v1/events/1245/result/335,1245,full_results_url,"World Games (B,S,L) - Birmingham (USA) 2022",BOULDER Women,finished,2025-10-02 07:18:36 UTC,2026-04-22 08:59:42 UTC,,7594,boulder,Final,Women,finished,2022-07-16 02:42:35 UTC,/api/v1/category_rounds/7594/results,boulder_finals_one_by_one,IFSC: Finals,33,,,,,,,8098,2,/api/v1/routes/8098/startlist,
/api/v1/events/1245/result/335,1245,full_results_url,"World Games (B,S,L) - Birmingham (USA) 2022",BOULDER Women,finished,2025-10-02 07:18:36 UTC,2026-04-22 08:59:42 UTC,,7594,boulder,Final,Women,finished,2022-07-16 02:42:35 UTC,/api/v1/category_rounds/7594/results,boulder_finals_one_by_one,IFSC: Finals,33,,,,,,,8099,3,/api/v1/routes/8099/startlist,
/api/v1/events/1245/result/335,1245,full_results_url,"World Games (B,S,L) - Birmingham (USA) 2022",BOULDER Women,finished,2025-10-02 07:18:36 UTC,2026-04-22 08:59:42 UTC,,7594,boulder,Final,Women,finished,2022-07-16 02:42:35 UTC,/api/v1/category_rounds/7594/results,boulder_finals_one_by_one,IFSC: Finals,33,,,,,,,8100,4,/api/v1/routes/8100/startlist,
/api/v1/events/1269/result/225,1269,full_results_url,"IFSC Europe - Continental Cup (L,S) - Žilina (SVK) 2022",LEAD Men,finished,2025-10-02 07:18:37 UTC,2026-04-23 12:20:24 UTC,,7134,lead,Qualification,Men,finished,2022-07-16 11:33:59 UTC,/api/v1/category_rounds/7134/results,lead_one_group_two_routes,IFSC: 2 routes,16,,,,,,,6810,1,/api/v1/routes/6810/startlist,/api/v1/routes/6810/results
/api/v1/events/1269/result/225,1269,full_results_url,"IFSC Europe - Continental Cup (L,S) - Žilina (SVK) 2022",LEAD Men,finished,2025-10-02 07:18:37 UTC,2026-04-23 12:20:24 UTC,,7134,lead,Qualification,Men,finished,2022-07-16 11:33:59 UTC,/api/v1/category_rounds/7134/results,lead_one_group_two_routes,IFSC: 2 routes,16,,,,,,,6811,2,/api/v1/routes/6811/startlist,/api/v1/routes/6811/results
/api/v1/events/1269/result/225,1269,full_results_url,"IFSC Europe - Continental Cup (L,S) - Žilina (SVK) 2022",LEAD Men,finished,2025-10-02 07:18:37 UTC,2026-04-23 12:20:24 UTC,,7211,lead,Semi-Final,Men,finished,2022-07-17 09:17:22 UTC,/api/v1/category_rounds/7211/results,lead_one_group_one_route,IFSC: 1 route,17,,,,,,,7104,1,/api/v1/routes/7104/startlist,/api/v1/routes/7104/results
/api/v1/events/1269/result/225,1269,full_results_url,"IFSC Europe - Continental Cup (L,S) - Žilina (SVK) 2022",LEAD Men,finished,2025-10-02 07:18:37 UTC,2026-04-23 12:20:24 UTC,,7213,lead,Final,Men,finished,2022-07-17 17:55:39 UTC,/api/v1/category_rounds/7213/results,lead_one_group_one_route,IFSC: 1 route,18,,,,,,,7106,1,/api/v1/routes/7106/startlist,/api/v1/routes/7106/results
/api/v1/events/1269/result/229,1269,full_results_url,"IFSC Europe - Continental Cup (L,S) - Žilina (SVK) 2022",LEAD Women,finished,2025-10-02 07:18:37 UTC,2026-04-22 08:59:50 UTC,,7135,lead,Qualification,Women,finished,2022-07-16 10:30:57 UTC,/api/v1/category_rounds/7135/results,lead_one_group_two_routes,IFSC: 2 routes,16,,,,,,,6812,1,/api/v1/routes/6812/startlist,/api/v1/routes/6812/results
/api/v1/events/1269/result/229,1269,full_results_url,"IFSC Europe - Continental Cup (L,S) - Žilina (SVK) 2022",LEAD Women,finished,2025-10-02 07:18:37 UTC,2026-04-22 08:59:50 UTC,,7135,lead,Qualification,Women,finished,2022-07-16 10:30:57 UTC,/api/v1/category_rounds/7135/results,lead_one_group_two_routes,IFSC: 2 routes,16,,,,,,,6813,2,/api/v1/routes/6813/startlist,/api/v1/routes/6813/results
/api/v1/events/1269/result/229,1269,full_results_url,"IFSC Europe - Continental Cup (L,S) - Žilina (SVK) 2022",LEAD Women,finished,2025-10-02 07:18:37 UTC,2026-04-22 08:59:50 UTC,,7212,lead,Semi-Final,Women,finished,2022-07-17 09:10:16 UTC,/api/v1/category_rounds/7212/results,lead_one_group_one_route,IFSC: 1 route,17,,,,,,,7105,1,/api/v1/routes/7105/startlist,/api/v1/routes/7105/results
/api/v1/events/1269/result/229,1269,full_results_url,"IFSC Europe - Continental Cup (L,S) - Žilina (SVK) 2022",LEAD Women,finished,2025-10-02 07:18:37 UTC,2026-04-22 08:59:50 UTC,,7214,lead,Final,Women,finished,2022-07-17 17:04:33 UTC,/api/v1/category_rounds/7214/results,lead_one_group_one_route,IFSC: 1 route,18,,,,,,,7107,1,/api/v1/routes/7107/startlist,/api/v1/routes/7107/results
/api/v1/events/1269/result/226,1269,full_results_url,"IFSC Europe - Continental Cup (L,S) - Žilina (SVK) 2022",SPEED Men,finished,2025-10-02 07:18:37 UTC,2026-04-22 08:59:53 UTC,,7136,speed,Qualification,Men,finished,2022-07-16 18:41:53 UTC,/api/v1/category_rounds/7136/results,speed_staggered,IFSC: Qualification,16,,,,,,,6814,A,/api/v1/routes/6814/startlist,
/api/v1/events/1269/result/226,1269,full_results_url,"IFSC Europe - Continental Cup (L,S) - Žilina (SVK) 2022",SPEED Men,finished,2025-10-02 07:18:37 UTC,2026-04-22 08:59:53 UTC,,7136,speed,Qualification,Men,finished,2022-07-16 18:41:53 UTC,/api/v1/category_rounds/7136/results,speed_staggered,IFSC: Qualification,16,,,,,,,6815,B,/api/v1/routes/6815/startlist,
/api/v1/events/1269/result/226,1269,full_results_url,"IFSC Europe - Continental Cup (L,S) - Žilina (SVK) 2022",SPEED Men,finished,2025-10-02 07:18:37 UTC,2026-04-22 08:59:53 UTC,,7215,speed,Final,Men,finished,2024-01-15 18:40:00 UTC,/api/v1/category_rounds/7215/results,speed_elimination_ifsc_2022,IFSC 2022: Elimination,18,,,,,,,7452,A,/api/v1/routes/7452/startlist,
/api/v1/events/1269/result/226,1269,full_results_url,"IFSC Europe - Continental Cup (L,S) - Žilina (SVK) 2022",SPEED Men,finished,2025-10-02 07:18:37 UTC,2026-04-22 08:59:53 UTC,,7215,speed,Final,Men,finished,2024-01-15 18:40:00 UTC,/api/v1/category_rounds/7215/results,speed_elimination_ifsc_2022,IFSC 2022: Elimination,18,,,,,,,7453,B,/api/v1/routes/7453/startlist,
/api/v1/events/1269/result/230,1269,full_results_url,"IFSC Europe - Continental Cup (L,S) - Žilina (SVK) 2022",SPEED Women,finished,2025-10-02 07:18:37 UTC,2026-04-22 08:59:56 UTC,,7137,speed,Qualification,Women,finished,2022-07-16 18:38:19 UTC,/api/v1/category_rounds/7137/results,speed_staggered,IFSC: Qualification,16,,,,,,,6816,A,/api/v1/routes/6816/startlist,
/api/v1/events/1269/result/230,1269,full_results_url,"IFSC Europe - Continental Cup (L,S) - Žilina (SVK) 2022",SPEED Women,finished,2025-10-02 07:18:37 UTC,2026-04-22 08:59:56 UTC,,7137,speed,Qualification,Women,finished,2022-07-16 18:38:19 UTC,/api/v1/category_rounds/7137/results,speed_staggered,IFSC: Qualification,16,,,,,,,6817,B,/api/v1/routes/6817/startlist,
/api/v1/events/1269/result/230,1269,full_results_url,"IFSC Europe - Continental Cup (L,S) - Žilina (SVK) 2022",SPEED Women,finished,2025-10-02 07:18:37 UTC,2026-04-22 08:59:56 UTC,,7216,speed,Final,Women,finished,2024-01-17 07:06:25 UTC,/api/v1/category_rounds/7216/results,speed_elimination_ifsc_2022,IFSC 2022: Elimination,18,,,,,,,7454,A,/api/v1/routes/7454/startlist,
/api/v1/events/1269/result/230,1269,full_results_url,"IFSC Europe - Continental Cup (L,S) - Žilina (SVK) 2022",SPEED Women,finished,2025-10-02 07:18:37 UTC,2026-04-22 08:59:56 UTC,,7216,speed,Final,Women,finished,2024-01-17 07:06:25 UTC,/api/v1/category_rounds/7216/results,speed_elimination_ifsc_2022,IFSC 2022: Elimination,18,,,,,,,7455,B,/api/v1/routes/7455/startlist,
/api/v1/events/1241/result/1,1241,full_results_url,IFSC - Climbing World Cup (L) - Briançon (FRA) 2022,LEAD Men,finished,2025-10-02 07:18:36 UTC,2026-04-22 09:00:00 UTC,,6870,lead,Qualification,Men,finished,2022-07-22 14:46:56 UTC,/api/v1/category_rounds/6870/results,lead_one_group_two_routes,IFSC: 2 routes,1,,,,,,,5892,1,/api/v1/routes/5892/startlist,/api/v1/routes/5892/results
/api/v1/events/1241/result/1,1241,full_results_url,IFSC - Climbing World Cup (L) - Briançon (FRA) 2022,LEAD Men,finished,2025-10-02 07:18:36 UTC,2026-04-22 09:00:00 UTC,,6870,lead,Qualification,Men,finished,2022-07-22 14:46:56 UTC,/api/v1/category_rounds/6870/results,lead_one_group_two_routes,IFSC: 2 routes,1,,,,,,,5893,2,/api/v1/routes/5893/startlist,/api/v1/routes/5893/results
/api/v1/events/1241/result/1,1241,full_results_url,IFSC - Climbing World Cup (L) - Briançon (FRA) 2022,LEAD Men,finished,2025-10-02 07:18:36 UTC,2026-04-22 09:00:00 UTC,,7583,lead,Semi-final,Men,finished,2022-07-22 20:52:34 UTC,/api/v1/category_rounds/7583/results,lead_one_group_one_route,IFSC: 1 route,2,,,,,,,8081,1,/api/v1/routes/8081/startlist,/api/v1/routes/8081/results
/api/v1/events/1241/result/1,1241,full_results_url,IFSC - Climbing World Cup (L) - Briançon (FRA) 2022,LEAD Men,finished,2025-10-02 07:18:36 UTC,2026-04-22 09:00:00 UTC,,7585,lead,Final,Men,finished,2022-07-23 18:57:57 UTC,/api/v1/category_rounds/7585/results,lead_one_group_one_route,IFSC: 1 route,3,,,,,,,8083,1,/api/v1/routes/8083/startlist,/api/v1/routes/8083/results
/api/v1/events/1241/result/5,1241,full_results_url,IFSC - Climbing World Cup (L) - Briançon (FRA) 2022,LEAD Women,finished,2025-10-02 07:18:36 UTC,2026-04-22 09:00:04 UTC,,6871,lead,Qualification,Women,finished,2022-07-22 12:51:37 UTC,/api/v1/category_rounds/6871/results,lead_one_group_two_routes,IFSC: 2 routes,1,,,,,,,5894,1,/api/v1/routes/5894/startlist,/api/v1/routes/5894/results
/api/v1/events/1241/result/5,1241,full_results_url,IFSC - Climbing World Cup (L) - Briançon (FRA) 2022,LEAD Women,finished,2025-10-02 07:18:36 UTC,2026-04-22 09:00:04 UTC,,6871,lead,Qualification,Women,finished,2022-07-22 12:51:37 UTC,/api/v1/category_rounds/6871/results,lead_one_group_two_routes,IFSC: 2 routes,1,,,,,,,5895,2,/api/v1/routes/5895/startlist,/api/v1/routes/5895/results
/api/v1/events/1241/result/5,1241,full_results_url,IFSC - Climbing World Cup (L) - Briançon (FRA) 2022,LEAD Women,finished,2025-10-02 07:18:36 UTC,2026-04-22 09:00:04 UTC,,7584,lead,Semi-final,Women,finished,2022-07-22 21:00:53 UTC,/api/v1/category_rounds/7584/results,lead_one_group_one_route,IFSC: 1 route,2,,,,,,,8082,1,/api/v1/routes/8082/startlist,/api/v1/routes/8082/results
/api/v1/events/1241/result/5,1241,full_results_url,IFSC - Climbing World Cup (L) - Briançon (FRA) 2022,LEAD Women,finished,2025-10-02 07:18:36 UTC,2026-04-22 09:00:04 UTC,,7586,lead,Final,Women,finished,2022-07-23 20:14:56 UTC,/api/v1/category_rounds/7586/results,lead_one_group_one_route,IFSC: 1 route,3,,,,,,,8084,1,/api/v1/routes/8084/startlist,/api/v1/routes/8084/results
/api/v1/events/1270/result/234,1270,full_results_url,IFSC Europe - Continental Youth Cup (S) - Mezzolombardo (ITA) 2022,SPEED Juniors Male,finished,2025-10-02 07:18:37 UTC,2026-04-22 09:00:07 UTC,,7138,speed,Qualification,Juniors Male,finished,2022-07-29 16:23:27 UTC,/api/v1/category_rounds/7138/results,speed_staggered,IFSC: Qualification,19,,,,,,,6818,A,/api/v1/routes/6818/startlist,
/api/v1/events/1270/result/234,1270,full_results_url,IFSC Europe - Continental Youth Cup (S) - Mezzolombardo (ITA) 2022,SPEED Juniors Male,finished,2025-10-02 07:18:37 UTC,2026-04-22 09:00:07 UTC,,7138,speed,Qualification,Juniors Male,finished,2022-07-29 16:23:27 UTC,/api/v1/category_rounds/7138/results,speed_staggered,IFSC: Qualification,19,,,,,,,6819,B,/api/v1/routes/6819/startlist,
/api/v1/events/1270/result/234,1270,full_results_url,IFSC Europe - Continental Youth Cup (S) - Mezzolombardo (ITA) 2022,SPEED Juniors Male,finished,2025-10-02 07:18:37 UTC,2026-04-22 09:00:07 UTC,,7277,speed,Final,Juniors Male,finished,2024-01-17 07:06:29 UTC,/api/v1/category_rounds/7277/results,speed_elimination_ifsc_2022,IFSC 2022: Elimination,21,,,,,,,8235,A,/api/v1/routes/8235/startlist,
/api/v1/events/1270/result/234,1270,full_results_url,IFSC Europe - Continental Youth Cup (S) - Mezzolombardo (ITA) 2022,SPEED Juniors Male,finished,2025-10-02 07:18:37 UTC,2026-04-22 09:00:07 UTC,,7277,speed,Final,Juniors Male,finished,2024-01-17 07:06:29 UTC,/api/v1/category_rounds/7277/results,speed_elimination_ifsc_2022,IFSC 2022: Elimination,21,,,,,,,8236,B,/api/v1/routes/8236/startlist,
/api/v1/events/1270/result/238,1270,full_results_url,IFSC Europe - Continental Youth Cup (S) - Mezzolombardo (ITA) 2022,SPEED Youth A Male,finished,2025-10-02 07:18:37 UTC,2026-04-22 09:00:10 UTC,,7139,speed,Qualification,Youth A Male,finished,2022-07-29 16:21:11 UTC,/api/v1/category_rounds/7139/results,speed_staggered,IFSC: Qualification,19,,,,,,,6820,A,/api/v1/routes/6820/startlist,
/api/v1/events/1270/result/238,1270,full_results_url,IFSC Europe - Continental Youth Cup (S) - Mezzolombardo (ITA) 2022,SPEED Youth A Male,finished,2025-10-02 07:18:37 UTC,2026-04-22 09:00:10 UTC,,7139,speed,Qualification,Youth A Male,finished,2022-07-29 16:21:11 UTC,/api/v1/category_rounds/7139/results,speed_staggered,IFSC: Qualification,19,,,,,,,6821,B,/api/v1/routes/6821/startlist,
/api/v1/events/1270/result/238,1270,full_results_url,IFSC Europe - Continental Youth Cup (S) - Mezzolombardo (ITA) 2022,SPEED Youth A Male,finished,2025-10-02 07:18:37 UTC,2026-04-22 09:00:10 UTC,,7278,speed,Final,Youth A Male,finished,2024-01-17 07:06:29 UTC,/api/v1/category_rounds/7278/results,speed_elimination_ifsc_2022,IFSC 2022: Elimination,21,,,,,,,8237,A,/api/v1/routes/8237/startlist,
/api/v1/events/1270/result/238,1270,full_results_url,IFSC Europe - Continental Youth Cup (S) - Mezzolombardo (ITA) 2022,SPEED Youth A Male,finished,2025-10-02 07:18:37 UTC,2026-04-22 09:00:10 UTC,,7278,speed,Final,Youth A Male,finished,2024-01-17 07:06:29 UTC,/api/v1/category_rounds/7278/results,speed_elimination_ifsc_2022,IFSC 2022: Elimination,21,,,,,,,8238,B,/api/v1/routes/8238/startlist,
/api/v1/events/1270/result/242,1270,full_results_url,IFSC Europe - Continental Youth Cup (S) - Mezzolombardo (ITA) 2022,SPEED Youth B Male,finished,2025-10-02 07:18:37 UTC,2026-04-22 09:00:14 UTC,,7140,speed,Qualification,Youth B Male,finished,2022-07-29 16:11:59 UTC,/api/v1/category_rounds/7140/results,speed_staggered,IFSC: Qualification,19,,,,,,,6822,A,/api/v1/routes/6822/startlist,
/api/v1/events/1270/result/242,1270,full_results_url,IFSC Europe - Continental Youth Cup (S) - Mezzolombardo (ITA) 2022,SPEED Youth B Male,finished,2025-10-02 07:18:37 UTC,2026-04-22 09:00:14 UTC,,7140,speed,Qualification,Youth B Male,finished,2022-07-29 16:11:59 UTC,/api/v1/category_rounds/7140/results,speed_staggered,IFSC: Qualification,19,,,,,,,6823,B,/api/v1/routes/6823/startlist,
/api/v1/events/1270/result/242,1270,full_results_url,IFSC Europe - Continental Youth Cup (S) - Mezzolombardo (ITA) 2022,SPEED Youth B Male,finished,2025-10-02 07:18:37 UTC,2026-04-22 09:00:14 UTC,,7279,speed,Final,Youth B Male,finished,2024-01-17 07:06:30 UTC,/api/v1/category_rounds/7279/results,speed_elimination_ifsc_2022,IFSC 2022: Elimination,21,,,,,,,8239,A,/api/v1/routes/8239/startlist,
/api/v1/events/1270/result/242,1270,full_results_url,IFSC Europe - Continental Youth Cup (S) - Mezzolombardo (ITA) 2022,SPEED Youth B Male,finished,2025-10-02 07:18:37 UTC,2026-04-22 09:00:14 UTC,,7279,speed,Final,Youth B Male,finished,2024-01-17 07:06:30 UTC,/api/v1/category_rounds/7279/results,speed_elimination_ifsc_2022,IFSC 2022: Elimination,21,,,,,,,8240,B,/api/v1/routes/8240/startlist,
/api/v1/events/1270/result/250,1270,full_results_url,IFSC Europe - Continental Youth Cup (S) - Mezzolombardo (ITA) 2022,SPEED Juniors Female,finished,2025-10-02 07:18:37 UTC,2026-04-22 09:00:17 UTC,,7141,speed,Qualification,Juniors Female,finished,2022-07-29 16:22:24 UTC,/api/v1/category_rounds/7141/results,speed_staggered,IFSC: Qualification,19,,,,,,,6824,A,/api/v1/routes/6824/startlist,
/api/v1/events/1270/result/250,1270,full_results_url,IFSC Europe - Continental Youth Cup (S) - Mezzolombardo (ITA) 2022,SPEED Juniors Female,finished,2025-10-02 07:18:37 UTC,2026-04-22 09:00:17 UTC,,7141,speed,Qualification,Juniors Female,finished,2022-07-29 16:22:24 UTC,/api/v1/category_rounds/7141/results,speed_staggered,IFSC: Qualification,19,,,,,,,6825,B,/api/v1/routes/6825/startlist,
/api/v1/events/1270/result/250,1270,full_results_url,IFSC Europe - Continental Youth Cup (S) - Mezzolombardo (ITA) 2022,SPEED Juniors Female,finished,2025-10-02 07:18:37 UTC,2026-04-22 09:00:17 UTC,,7280,speed,Final,Juniors Female,finished,2024-01-17 07:06:30 UTC,/api/v1/category_rounds/7280/results,speed_elimination_ifsc_2022,IFSC 2022: Elimination,21,,,,,,,8241,A,/api/v1/routes/8241/startlist,
/api/v1/events/1270/result/250,1270,full_results_url,IFSC Europe - Continental Youth Cup (S) - Mezzolombardo (ITA) 2022,SPEED Juniors Female,finished,2025-10-02 07:18:37 UTC,2026-04-22 09:00:17 UTC,,7280,speed,Final,Juniors Female,finished,2024-01-17 07:06:30 UTC,/api/v1/category_rounds/7280/results,speed_elimination_ifsc_2022,IFSC 2022: Elimination,21,,,,,,,8242,B,/api/v1/routes/8242/startlist,
/api/v1/events/1270/result/254,1270,full_results_url,IFSC Europe - Continental Youth Cup (S) - Mezzolombardo (ITA) 2022,SPEED Youth A Female,finished,2025-10-02 07:18:37 UTC,2026-04-22 09:00:20 UTC,,7142,speed,Qualification,Youth A Female,finished,2022-07-29 16:19:58 UTC,/api/v1/category_rounds/7142/results,speed_staggered,IFSC: Qualification,19,,,,,,,6826,A,/api/v1/routes/6826/startlist,
/api/v1/events/1270/result/254,1270,full_results_url,IFSC Europe - Continental Youth Cup (S) - Mezzolombardo (ITA) 2022,SPEED Youth A Female,finished,2025-10-02 07:18:37 UTC,2026-04-22 09:00:20 UTC,,7142,speed,Qualification,Youth A Female,finished,2022-07-29 16:19:58 UTC,/api/v1/category_rounds/7142/results,speed_staggered,IFSC: Qualification,19,,,,,,,6827,B,/api/v1/routes/6827/startlist,
/api/v1/events/1270/result/254,1270,full_results_url,IFSC Europe - Continental Youth Cup (S) - Mezzolombardo (ITA) 2022,SPEED Youth A Female,finished,2025-10-02 07:18:37 UTC,2026-04-22 09:00:20 UTC,,7281,speed,Final,Youth A Female,finished,2024-01-17 07:06:30 UTC,/api/v1/category_rounds/7281/results,speed_elimination_ifsc_2022,IFSC 2022: Elimination,21,,,,,,,8243,A,/api/v1/routes/8243/startlist,
/api/v1/events/1270/result/254,1270,full_results_url,IFSC Europe - Continental Youth Cup (S) - Mezzolombardo (ITA) 2022,SPEED Youth A Female,finished,2025-10-02 07:18:37 UTC,2026-04-22 09:00:20 UTC,,7281,speed,Final,Youth A Female,finished,2024-01-17 07:06:30 UTC,/api/v1/category_rounds/7281/results,speed_elimination_ifsc_2022,IFSC 2022: Elimination,21,,,,,,,8244,B,/api/v1/routes/8244/startlist,
/api/v1/events/1270/result/258,1270,full_results_url,IFSC Europe - Continental Youth Cup (S) - Mezzolombardo (ITA) 2022,SPEED Youth B Female,finished,2025-10-02 07:18:37 UTC,2026-04-22 09:00:24 UTC,,7143,speed,Qualification,Youth B Female,finished,2022-07-29 16:10:13 UTC,/api/v1/category_rounds/7143/results,speed_staggered,IFSC: Qualification,19,,,,,,,6828,A,/api/v1/routes/6828/startlist,
/api/v1/events/1270/result/258,1270,full_results_url,IFSC Europe - Continental Youth Cup (S) - Mezzolombardo (ITA) 2022,SPEED Youth B Female,finished,2025-10-02 07:18:37 UTC,2026-04-22 09:00:24 UTC,,7143,speed,Qualification,Youth B Female,finished,2022-07-29 16:10:13 UTC,/api/v1/category_rounds/7143/results,speed_staggered,IFSC: Qualification,19,,,,,,,6829,B,/api/v1/routes/6829/startlist,
/api/v1/events/1270/result/258,1270,full_results_url,IFSC Europe - Continental Youth Cup (S) - Mezzolombardo (ITA) 2022,SPEED Youth B Female,finished,2025-10-02 07:18:37 UTC,2026-04-22 09:00:24 UTC,,7606,speed,Final,Youth B Female,finished,2024-01-17 07:06:31 UTC,/api/v1/category_rounds/7606/results,speed_elimination_ifsc_2022,IFSC 2022: Elimination,21,,,,,,,8245,A,/api/v1/routes/8245/startlist,
/api/v1/events/1270/result/258,1270,full_results_url,IFSC Europe - Continental Youth Cup (S) - Mezzolombardo (ITA) 2022,SPEED Youth B Female,finished,2025-10-02 07:18:37 UTC,2026-04-22 09:00:24 UTC,,7606,speed,Final,Youth B Female,finished,2024-01-17 07:06:31 UTC,/api/v1/category_rounds/7606/results,speed_elimination_ifsc_2022,IFSC 2022: Elimination,21,,,,,,,8246,B,/api/v1/routes/8246/startlist,
/api/v1/events/1271/result/226,1271,full_results_url,IFSC Europe - Continental Cup (S) - Mezzolombardo (ITA) 2022,SPEED Men,finished,2025-10-02 07:18:37 UTC,2026-04-22 09:00:27 UTC,,7144,speed,Qualification,Men,finished,2022-07-30 16:52:13 UTC,/api/v1/category_rounds/7144/results,speed_staggered,IFSC: Qualification,16,,,,,,,6830,A,/api/v1/routes/6830/startlist,
/api/v1/events/1271/result/226,1271,full_results_url,IFSC Europe - Continental Cup (S) - Mezzolombardo (ITA) 2022,SPEED Men,finished,2025-10-02 07:18:37 UTC,2026-04-22 09:00:27 UTC,,7144,speed,Qualification,Men,finished,2022-07-30 16:52:13 UTC,/api/v1/category_rounds/7144/results,speed_staggered,IFSC: Qualification,16,,,,,,,6831,B,/api/v1/routes/6831/startlist,
/api/v1/events/1271/result/226,1271,full_results_url,IFSC Europe - Continental Cup (S) - Mezzolombardo (ITA) 2022,SPEED Men,finished,2025-10-02 07:18:37 UTC,2026-04-22 09:00:27 UTC,,7217,speed,Final,Men,finished,2024-01-15 18:40:27 UTC,/api/v1/category_rounds/7217/results,speed_elimination_ifsc_2022,IFSC 2022: Elimination,18,,,,,,,7504,A,/api/v1/routes/7504/startlist,
/api/v1/events/1271/result/226,1271,full_results_url,IFSC Europe - Continental Cup (S) - Mezzolombardo (ITA) 2022,SPEED Men,finished,2025-10-02 07:18:37 UTC,2026-04-22 09:00:27 UTC,,7217,speed,Final,Men,finished,2024-01-15 18:40:27 UTC,/api/v1/category_rounds/7217/results,speed_elimination_ifsc_2022,IFSC 2022: Elimination,18,,,,,,,7505,B,/api/v1/routes/7505/startlist,
/api/v1/events/1271/result/230,1271,full_results_url,IFSC Europe - Continental Cup (S) - Mezzolombardo (ITA) 2022,SPEED Women,finished,2025-10-02 07:18:37 UTC,2026-04-22 09:00:30 UTC,,7145,speed,Qualification,Women,finished,2022-07-30 16:24:18 UTC,/api/v1/category_rounds/7145/results,speed_staggered,IFSC: Qualification,16,,,,,,,6832,A,/api/v1/routes/6832/startlist,
/api/v1/events/1271/result/230,1271,full_results_url,IFSC Europe - Continental Cup (S) - Mezzolombardo (ITA) 2022,SPEED Women,finished,2025-10-02 07:18:37 UTC,2026-04-22 09:00:30 UTC,,7145,speed,Qualification,Women,finished,2022-07-30 16:24:18 UTC,/api/v1/category_rounds/7145/results,speed_staggered,IFSC: Qualification,16,,,,,,,6833,B,/api/v1/routes/6833/startlist,
/api/v1/events/1271/result/230,1271,full_results_url,IFSC Europe - Continental Cup (S) - Mezzolombardo (ITA) 2022,SPEED Women,finished,2025-10-02 07:18:37 UTC,2026-04-22 09:00:30 UTC,,7218,speed,Final,Women,finished,2024-01-17 07:06:33 UTC,/api/v1/category_rounds/7218/results,speed_elimination_ifsc_2022,IFSC 2022: Elimination,18,,,,,,,7506,A,/api/v1/routes/7506/startlist,
/api/v1/events/1271/result/230,1271,full_results_url,IFSC Europe - Continental Cup (S) - Mezzolombardo (ITA) 2022,SPEED Women,finished,2025-10-02 07:18:37 UTC,2026-04-22 09:00:30 UTC,,7218,speed,Final,Women,finished,2024-01-17 07:06:33 UTC,/api/v1/category_rounds/7218/results,speed_elimination_ifsc_2022,IFSC 2022: Elimination,18,,,,,,,7507,B,/api/v1/routes/7507/startlist,
/api/v1/events/1272/result/235,1272,full_results_url,IFSC Europe - Continental Youth Championship (B) - Graz (AUT) 2022,BOULDER Juniors Male,finished,2025-10-02 07:18:37 UTC,2026-04-22 09:00:34 UTC,,7146,boulder,Qualification,Juniors Male,finished,2022-08-05 12:53:21 UTC,/api/v1/category_rounds/7146/results,boulder_one_group_one_boulder_set,IFSC: 1 group,19,,,,,,,6834,1,/api/v1/routes/6834/startlist,
/api/v1/events/1272/result/235,1272,full_results_url,IFSC Europe - Continental Youth Championship (B) - Graz (AUT) 2022,BOULDER Juniors Male,finished,2025-10-02 07:18:37 UTC,2026-04-22 09:00:34 UTC,,7146,boulder,Qualification,Juniors Male,finished,2022-08-05 12:53:21 UTC,/api/v1/category_rounds/7146/results,boulder_one_group_one_boulder_set,IFSC: 1 group,19,,,,,,,6835,2,/api/v1/routes/6835/startlist,
/api/v1/events/1272/result/235,1272,full_results_url,IFSC Europe - Continental Youth Championship (B) - Graz (AUT) 2022,BOULDER Juniors Male,finished,2025-10-02 07:18:37 UTC,2026-04-22 09:00:34 UTC,,7146,boulder,Qualification,Juniors Male,finished,2022-08-05 12:53:21 UTC,/api/v1/category_rounds/7146/results,boulder_one_group_one_boulder_set,IFSC: 1 group,19,,,,,,,6836,3,/api/v1/routes/6836/startlist,
/api/v1/events/1272/result/235,1272,full_results_url,IFSC Europe - Continental Youth Championship (B) - Graz (AUT) 2022,BOULDER Juniors Male,finished,2025-10-02 07:18:37 UTC,2026-04-22 09:00:34 UTC,,7146,boulder,Qualification,Juniors Male,finished,2022-08-05 12:53:21 UTC,/api/v1/category_rounds/7146/results,boulder_one_group_one_boulder_set,IFSC: 1 group,19,,,,,,,6837,4,/api/v1/routes/6837/startlist,
/api/v1/events/1272/result/235,1272,full_results_url,IFSC Europe - Continental Youth Championship (B) - Graz (AUT) 2022,BOULDER Juniors Male,finished,2025-10-02 07:18:37 UTC,2026-04-22 09:00:34 UTC,,7283,boulder,Semi-Final,Juniors Male,finished,2022-08-06 09:56:00 UTC,/api/v1/category_rounds/7283/results,boulder_one_group_one_boulder_set,IFSC: 1 group,20,,,,,,,7238,1,/api/v1/routes/7238/startlist,
/api/v1/events/1272/result/235,1272,full_results_url,IFSC Europe - Continental Youth Championship (B) - Graz (AUT) 2022,BOULDER Juniors Male,finished,2025-10-02 07:18:37 UTC,2026-04-22 09:00:34 UTC,,7283,boulder,Semi-Final,Juniors Male,finished,2022-08-06 09:56:00 UTC,/api/v1/category_rounds/7283/results,boulder_one_group_one_boulder_set,IFSC: 1 group,20,,,,,,,7239,2,/api/v1/routes/7239/startlist,
/api/v1/events/1272/result/235,1272,full_results_url,IFSC Europe - Continental Youth Championship (B) - Graz (AUT) 2022,BOULDER Juniors Male,finished,2025-10-02 07:18:37 UTC,2026-04-22 09:00:34 UTC,,7283,boulder,Semi-Final,Juniors Male,finished,2022-08-06 09:56:00 UTC,/api/v1/category_rounds/7283/results,boulder_one_group_one_boulder_set,IFSC: 1 group,20,,,,,,,7240,3,/api/v1/routes/7240/startlist,
/api/v1/events/1272/result/235,1272,full_results_url,IFSC Europe - Continental Youth Championship (B) - Graz (AUT) 2022,BOULDER Juniors Male,finished,2025-10-02 07:18:37 UTC,2026-04-22 09:00:34 UTC,,7283,boulder,Semi-Final,Juniors Male,finished,2022-08-06 09:56:00 UTC,/api/v1/category_rounds/7283/results,boulder_one_group_one_boulder_set,IFSC: 1 group,20,,,,,,,7241,4,/api/v1/routes/7241/startlist,
/api/v1/events/1272/result/235,1272,full_results_url,IFSC Europe - Continental Youth Championship (B) - Graz (AUT) 2022,BOULDER Juniors Male,finished,2025-10-02 07:18:37 UTC,2026-04-22 09:00:34 UTC,,7289,boulder,Final,Juniors Male,finished,2022-08-06 18:39:52 UTC,/api/v1/category_rounds/7289/results,boulder_one_group_one_boulder_set,IFSC: 1 group,21,,,,,,,7262,1,/api/v1/routes/7262/startlist,
/api/v1/events/1272/result/235,1272,full_results_url,IFSC Europe - Continental Youth Championship (B) - Graz (AUT) 2022,BOULDER Juniors Male,finished,2025-10-02 07:18:37 UTC,2026-04-22 09:00:34 UTC,,7289,boulder,Final,Juniors Male,finished,2022-08-06 18:39:52 UTC,/api/v1/category_rounds/7289/results,boulder_one_group_one_boulder_set,IFSC: 1 group,21,,,,,,,7263,2,/api/v1/routes/7263/startlist,
/api/v1/events/1272/result/235,1272,full_results_url,IFSC Europe - Continental Youth Championship (B) - Graz (AUT) 2022,BOULDER Juniors Male,finished,2025-10-02 07:18:37 UTC,2026-04-22 09:00:34 UTC,,7289,boulder,Final,Juniors Male,finished,2022-08-06 18:39:52 UTC,/api/v1/category_rounds/7289/results,boulder_one_group_one_boulder_set,IFSC: 1 group,21,,,,,,,7264,3,/api/v1/routes/7264/startlist,
/api/v1/events/1272/result/235,1272,full_results_url,IFSC Europe - Continental Youth Championship (B) - Graz (AUT) 2022,BOULDER Juniors Male,finished,2025-10-02 07:18:37 UTC,2026-04-22 09:00:34 UTC,,7289,boulder,Final,Juniors Male,finished,2022-08-06 18:39:52 UTC,/api/v1/category_rounds/7289/results,boulder_one_group_one_boulder_set,IFSC: 1 group,21,,,,,,,7265,4,/api/v1/routes/7265/startlist,
/api/v1/events/1272/result/239,1272,full_results_url,IFSC Europe - Continental Youth Championship (B) - Graz (AUT) 2022,BOULDER Youth A Male,finished,2025-10-02 07:18:37 UTC,2026-04-22 09:00:39 UTC,,7147,boulder,Qualification,Youth A Male,finished,2022-08-04 10:56:48 UTC,/api/v1/category_rounds/7147/results,boulder_one_group_one_boulder_set,IFSC: 1 group,19,,,,,,,6839,1,/api/v1/routes/6839/startlist,
/api/v1/events/1272/result/239,1272,full_results_url,IFSC Europe - Continental Youth Championship (B) - Graz (AUT) 2022,BOULDER Youth A Male,finished,2025-10-02 07:18:37 UTC,2026-04-22 09:00:39 UTC,,7147,boulder,Qualification,Youth A Male,finished,2022-08-04 10:56:48 UTC,/api/v1/category_rounds/7147/results,boulder_one_group_one_boulder_set,IFSC: 1 group,19,,,,,,,6840,2,/api/v1/routes/6840/startlist,
/api/v1/events/1272/result/239,1272,full_results_url,IFSC Europe - Continental Youth Championship (B) - Graz (AUT) 2022,BOULDER Youth A Male,finished,2025-10-02 07:18:37 UTC,2026-04-22 09:00:39 UTC,,7147,boulder,Qualification,Youth A Male,finished,2022-08-04 10:56:48 UTC,/api/v1/category_rounds/7147/results,boulder_one_group_one_boulder_set,IFSC: 1 group,19,,,,,,,6841,3,/api/v1/routes/6841/startlist,
/api/v1/events/1272/result/239,1272,full_results_url,IFSC Europe - Continental Youth Championship (B) - Graz (AUT) 2022,BOULDER Youth A Male,finished,2025-10-02 07:18:37 UTC,2026-04-22 09:00:39 UTC,,7147,boulder,Qualification,Youth A Male,finished,2022-08-04 10:56:48 UTC,/api/v1/category_rounds/7147/results,boulder_one_group_one_boulder_set,IFSC: 1 group,19,,,,,,,6842,4,/api/v1/routes/6842/startlist,
/api/v1/events/1272/result/239,1272,full_results_url,IFSC Europe - Continental Youth Championship (B) - Graz (AUT) 2022,BOULDER Youth A Male,finished,2025-10-02 07:18:37 UTC,2026-04-22 09:00:39 UTC,,7284,boulder,Semi-Final,Youth A Male,finished,2022-08-05 12:57:23 UTC,/api/v1/category_rounds/7284/results,boulder_one_group_one_boulder_set,IFSC: 1 group,20,,,,,,,7242,1,/api/v1/routes/7242/startlist,
/api/v1/events/1272/result/239,1272,full_results_url,IFSC Europe - Continental Youth Championship (B) - Graz (AUT) 2022,BOULDER Youth A Male,finished,2025-10-02 07:18:37 UTC,2026-04-22 09:00:39 UTC,,7284,boulder,Semi-Final,Youth A Male,finished,2022-08-05 12:57:23 UTC,/api/v1/category_rounds/7284/results,boulder_one_group_one_boulder_set,IFSC: 1 group,20,,,,,,,7243,2,/api/v1/routes/7243/startlist,
/api/v1/events/1272/result/239,1272,full_results_url,IFSC Europe - Continental Youth Championship (B) - Graz (AUT) 2022,BOULDER Youth A Male,finished,2025-10-02 07:18:37 UTC,2026-04-22 09:00:39 UTC,,7284,boulder,Semi-Final,Youth A Male,finished,2022-08-05 12:57:23 UTC,/api/v1/category_rounds/7284/results,boulder_one_group_one_boulder_set,IFSC: 1 group,20,,,,,,,7244,3,/api/v1/routes/7244/startlist,
/api/v1/events/1272/result/239,1272,full_results_url,IFSC Europe - Continental Youth Championship (B) - Graz (AUT) 2022,BOULDER Youth A Male,finished,2025-10-02 07:18:37 UTC,2026-04-22 09:00:39 UTC,,7284,boulder,Semi-Final,Youth A Male,finished,2022-08-05 12:57:23 UTC,/api/v1/category_rounds/7284/results,boulder_one_group_one_boulder_set,IFSC: 1 group,20,,,,,,,7245,4,/api/v1/routes/7245/startlist,
/api/v1/events/1272/result/239,1272,full_results_url,IFSC Europe - Continental Youth Championship (B) - Graz (AUT) 2022,BOULDER Youth A Male,finished,2025-10-02 07:18:37 UTC,2026-04-22 09:00:39 UTC,,7290,boulder,Final,Youth A Male,finished,2022-08-05 19:02:43 UTC,/api/v1/category_rounds/7290/results,boulder_one_group_one_boulder_set,IFSC: 1 group,21,,,,,,,7266,1,/api/v1/routes/7266/startlist,
/api/v1/events/1272/result/239,1272,full_results_url,IFSC Europe - Continental Youth Championship (B) - Graz (AUT) 2022,BOULDER Youth A Male,finished,2025-10-02 07:18:37 UTC,2026-04-22 09:00:39 UTC,,7290,boulder,Final,Youth A Male,finished,2022-08-05 19:02:43 UTC,/api/v1/category_rounds/7290/results,boulder_one_group_one_boulder_set,IFSC: 1 group,21,,,,,,,7267,2,/api/v1/routes/7267/startlist,
/api/v1/events/1272/result/239,1272,full_results_url,IFSC Europe - Continental Youth Championship (B) - Graz (AUT) 2022,BOULDER Youth A Male,finished,2025-10-02 07:18:37 UTC,2026-04-22 09:00:39 UTC,,7290,boulder,Final,Youth A Male,finished,2022-08-05 19:02:43 UTC,/api/v1/category_rounds/7290/results,boulder_one_group_one_boulder_set,IFSC: 1 group,21,,,,,,,7268,3,/api/v1/routes/7268/startlist,
/api/v1/events/1272/result/239,1272,full_results_url,IFSC Europe - Continental Youth Championship (B) - Graz (AUT) 2022,BOULDER Youth A Male,finished,2025-10-02 07:18:37 UTC,2026-04-22 09:00:39 UTC,,7290,boulder,Final,Youth A Male,finished,2022-08-05 19:02:43 UTC,/api/v1/category_rounds/7290/results,boulder_one_group_one_boulder_set,IFSC: 1 group,21,,,,,,,7269,4,/api/v1/routes/7269/startlist,
/api/v1/events/1272/result/243,1272,full_results_url,IFSC Europe - Continental Youth Championship (B) - Graz (AUT) 2022,BOULDER Youth B Male,finished,2025-10-02 07:18:37 UTC,2026-04-22 09:00:42 UTC,,7148,boulder,Qualification,Youth B Male,finished,2022-08-04 17:09:49 UTC,/api/v1/category_rounds/7148/results,boulder_one_group_one_boulder_set,IFSC: 1 group,19,,,,,,,6844,1,/api/v1/routes/6844/startlist,
/api/v1/events/1272/result/243,1272,full_results_url,IFSC Europe - Continental Youth Championship (B) - Graz (AUT) 2022,BOULDER Youth B Male,finished,2025-10-02 07:18:37 UTC,2026-04-22 09:00:42 UTC,,7148,boulder,Qualification,Youth B Male,finished,2022-08-04 17:09:49 UTC,/api/v1/category_rounds/7148/results,boulder_one_group_one_boulder_set,IFSC: 1 group,19,,,,,,,6845,2,/api/v1/routes/6845/startlist,
/api/v1/events/1272/result/243,1272,full_results_url,IFSC Europe - Continental Youth Championship (B) - Graz (AUT) 2022,BOULDER Youth B Male,finished,2025-10-02 07:18:37 UTC,2026-04-22 09:00:42 UTC,,7148,boulder,Qualification,Youth B Male,finished,2022-08-04 17:09:49 UTC,/api/v1/category_rounds/7148/results,boulder_one_group_one_boulder_set,IFSC: 1 group,19,,,,,,,6846,3,/api/v1/routes/6846/startlist,
/api/v1/events/1272/result/243,1272,full_results_url,IFSC Europe - Continental Youth Championship (B) - Graz (AUT) 2022,BOULDER Youth B Male,finished,2025-10-02 07:18:37 UTC,2026-04-22 09:00:42 UTC,,7148,boulder,Qualification,Youth B Male,finished,2022-08-04 17:09:49 UTC,/api/v1/category_rounds/7148/results,boulder_one_group_one_boulder_set,IFSC: 1 group,19,,,,,,,6847,4,/api/v1/routes/6847/startlist,
/api/v1/events/1272/result/243,1272,full_results_url,IFSC Europe - Continental Youth Championship (B) - Graz (AUT) 2022,BOULDER Youth B Male,finished,2025-10-02 07:18:37 UTC,2026-04-22 09:00:42 UTC,,7285,boulder,Semi-Final,Youth B Male,finished,2022-08-05 15:58:05 UTC,/api/v1/category_rounds/7285/results,boulder_one_group_one_boulder_set,IFSC: 1 group,20,,,,,,,7246,1,/api/v1/routes/7246/startlist,
/api/v1/events/1272/result/243,1272,full_results_url,IFSC Europe - Continental Youth Championship (B) - Graz (AUT) 2022,BOULDER Youth B Male,finished,2025-10-02 07:18:37 UTC,2026-04-22 09:00:42 UTC,,7285,boulder,Semi-Final,Youth B Male,finished,2022-08-05 15:58:05 UTC,/api/v1/category_rounds/7285/results,boulder_one_group_one_boulder_set,IFSC: 1 group,20,,,,,,,7247,2,/api/v1/routes/7247/startlist,
/api/v1/events/1272/result/243,1272,full_results_url,IFSC Europe - Continental Youth Championship (B) - Graz (AUT) 2022,BOULDER Youth B Male,finished,2025-10-02 07:18:37 UTC,2026-04-22 09:00:42 UTC,,7285,boulder,Semi-Final,Youth B Male,finished,2022-08-05 15:58:05 UTC,/api/v1/category_rounds/7285/results,boulder_one_group_one_boulder_set,IFSC: 1 group,20,,,,,,,7248,3,/api/v1/routes/7248/startlist,
/api/v1/events/1272/result/243,1272,full_results_url,IFSC Europe - Continental Youth Championship (B) - Graz (AUT) 2022,BOULDER Youth B Male,finished,2025-10-02 07:18:37 UTC,2026-04-22 09:00:42 UTC,,7285,boulder,Semi-Final,Youth B Male,finished,2022-08-05 15:58:05 UTC,/api/v1/category_rounds/7285/results,boulder_one_group_one_boulder_set,IFSC: 1 group,20,,,,,,,7249,4,/api/v1/routes/7249/startlist,
/api/v1/events/1272/result/243,1272,full_results_url,IFSC Europe - Continental Youth Championship (B) - Graz (AUT) 2022,BOULDER Youth B Male,finished,2025-10-02 07:18:37 UTC,2026-04-22 09:00:42 UTC,,7291,boulder,Final,Youth B Male,finished,2022-08-06 16:32:51 UTC,/api/v1/category_rounds/7291/results,boulder_one_group_one_boulder_set,IFSC: 1 group,21,,,,,,,7270,1,/api/v1/routes/7270/startlist,
/api/v1/events/1272/result/243,1272,full_results_url,IFSC Europe - Continental Youth Championship (B) - Graz (AUT) 2022,BOULDER Youth B Male,finished,2025-10-02 07:18:37 UTC,2026-04-22 09:00:42 UTC,,7291,boulder,Final,Youth B Male,finished,2022-08-06 16:32:51 UTC,/api/v1/category_rounds/7291/results,boulder_one_group_one_boulder_set,IFSC: 1 group,21,,,,,,,7271,2,/api/v1/routes/7271/startlist,
/api/v1/events/1272/result/243,1272,full_results_url,IFSC Europe - Continental Youth Championship (B) - Graz (AUT) 2022,BOULDER Youth B Male,finished,2025-10-02 07:18:37 UTC,2026-04-22 09:00:42 UTC,,7291,boulder,Final,Youth B Male,finished,2022-08-06 16:32:51 UTC,/api/v1/category_rounds/7291/results,boulder_one_group_one_boulder_set,IFSC: 1 group,21,,,,,,,7272,3,/api/v1/routes/7272/startlist,
/api/v1/events/1272/result/243,1272,full_results_url,IFSC Europe - Continental Youth Championship (B) - Graz (AUT) 2022,BOULDER Youth B Male,finished,2025-10-02 07:18:37 UTC,2026-04-22 09:00:42 UTC,,7291,boulder,Final,Youth B Male,finished,2022-08-06 16:32:51 UTC,/api/v1/category_rounds/7291/results,boulder_one_group_one_boulder_set,IFSC: 1 group,21,,,,,,,7273,4,/api/v1/routes/7273/startlist,
/api/v1/events/1272/result/251,1272,full_results_url,IFSC Europe - Continental Youth Championship (B) - Graz (AUT) 2022,BOULDER Juniors Female,finished,2025-10-02 07:18:37 UTC,2026-04-22 09:00:46 UTC,,7149,boulder,Qualification,Juniors Female,finished,2022-08-05 08:58:14 UTC,/api/v1/category_rounds/7149/results,boulder_one_group_one_boulder_set,IFSC: 1 group,19,,,,,,,6849,1,/api/v1/routes/6849/startlist,
/api/v1/events/1272/result/251,1272,full_results_url,IFSC Europe - Continental Youth Championship (B) - Graz (AUT) 2022,BOULDER Juniors Female,finished,2025-10-02 07:18:37 UTC,2026-04-22 09:00:46 UTC,,7149,boulder,Qualification,Juniors Female,finished,2022-08-05 08:58:14 UTC,/api/v1/category_rounds/7149/results,boulder_one_group_one_boulder_set,IFSC: 1 group,19,,,,,,,6850,2,/api/v1/routes/6850/startlist,
/api/v1/events/1272/result/251,1272,full_results_url,IFSC Europe - Continental Youth Championship (B) - Graz (AUT) 2022,BOULDER Juniors Female,finished,2025-10-02 07:18:37 UTC,2026-04-22 09:00:46 UTC,,7149,boulder,Qualification,Juniors Female,finished,2022-08-05 08:58:14 UTC,/api/v1/category_rounds/7149/results,boulder_one_group_one_boulder_set,IFSC: 1 group,19,,,,,,,6851,3,/api/v1/routes/6851/startlist,
/api/v1/events/1272/result/251,1272,full_results_url,IFSC Europe - Continental Youth Championship (B) - Graz (AUT) 2022,BOULDER Juniors Female,finished,2025-10-02 07:18:37 UTC,2026-04-22 09:00:46 UTC,,7149,boulder,Qualification,Juniors Female,finished,2022-08-05 08:58:14 UTC,/api/v1/category_rounds/7149/results,boulder_one_group_one_boulder_set,IFSC: 1 group,19,,,,,,,6852,4,/api/v1/routes/6852/startlist,
/api/v1/events/1272/result/251,1272,full_results_url,IFSC Europe - Continental Youth Championship (B) - Graz (AUT) 2022,BOULDER Juniors Female,finished,2025-10-02 07:18:37 UTC,2026-04-22 09:00:46 UTC,,7286,boulder,Semi-Final,Juniors Female,finished,2022-08-06 09:58:10 UTC,/api/v1/category_rounds/7286/results,boulder_one_group_one_boulder_set,IFSC: 1 group,20,,,,,,,7250,1,/api/v1/routes/7250/startlist,
/api/v1/events/1272/result/251,1272,full_results_url,IFSC Europe - Continental Youth Championship (B) - Graz (AUT) 2022,BOULDER Juniors Female,finished,2025-10-02 07:18:37 UTC,2026-04-22 09:00:46 UTC,,7286,boulder,Semi-Final,Juniors Female,finished,2022-08-06 09:58:10 UTC,/api/v1/category_rounds/7286/results,boulder_one_group_one_boulder_set,IFSC: 1 group,20,,,,,,,7251,2,/api/v1/routes/7251/startlist,
/api/v1/events/1272/result/251,1272,full_results_url,IFSC Europe - Continental Youth Championship (B) - Graz (AUT) 2022,BOULDER Juniors Female,finished,2025-10-02 07:18:37 UTC,2026-04-22 09:00:46 UTC,,7286,boulder,Semi-Final,Juniors Female,finished,2022-08-06 09:58:10 UTC,/api/v1/category_rounds/7286/results,boulder_one_group_one_boulder_set,IFSC: 1 group,20,,,,,,,7252,3,/api/v1/routes/7252/startlist,
/api/v1/events/1272/result/251,1272,full_results_url,IFSC Europe - Continental Youth Championship (B) - Graz (AUT) 2022,BOULDER Juniors Female,finished,2025-10-02 07:18:37 UTC,2026-04-22 09:00:46 UTC,,7286,boulder,Semi-Final,Juniors Female,finished,2022-08-06 09:58:10 UTC,/api/v1/category_rounds/7286/results,boulder_one_group_one_boulder_set,IFSC: 1 group,20,,,,,,,7253,4,/api/v1/routes/7253/startlist,
/api/v1/events/1272/result/251,1272,full_results_url,IFSC Europe - Continental Youth Championship (B) - Graz (AUT) 2022,BOULDER Juniors Female,finished,2025-10-02 07:18:37 UTC,2026-04-22 09:00:46 UTC,,7292,boulder,Final,Juniors Female,finished,2022-08-06 18:39:29 UTC,/api/v1/category_rounds/7292/results,boulder_one_group_one_boulder_set,IFSC: 1 group,21,,,,,,,7274,1,/api/v1/routes/7274/startlist,
/api/v1/events/1272/result/251,1272,full_results_url,IFSC Europe - Continental Youth Championship (B) - Graz (AUT) 2022,BOULDER Juniors Female,finished,2025-10-02 07:18:37 UTC,2026-04-22 09:00:46 UTC,,7292,boulder,Final,Juniors Female,finished,2022-08-06 18:39:29 UTC,/api/v1/category_rounds/7292/results,boulder_one_group_one_boulder_set,IFSC: 1 group,21,,,,,,,7275,2,/api/v1/routes/7275/startlist,
/api/v1/events/1272/result/251,1272,full_results_url,IFSC Europe - Continental Youth Championship (B) - Graz (AUT) 2022,BOULDER Juniors Female,finished,2025-10-02 07:18:37 UTC,2026-04-22 09:00:46 UTC,,7292,boulder,Final,Juniors Female,finished,2022-08-06 18:39:29 UTC,/api/v1/category_rounds/7292/results,boulder_one_group_one_boulder_set,IFSC: 1 group,21,,,,,,,7276,3,/api/v1/routes/7276/startlist,
/api/v1/events/1272/result/251,1272,full_results_url,IFSC Europe - Continental Youth Championship (B) - Graz (AUT) 2022,BOULDER Juniors Female,finished,2025-10-02 07:18:37 UTC,2026-04-22 09:00:46 UTC,,7292,boulder,Final,Juniors Female,finished,2022-08-06 18:39:29 UTC,/api/v1/category_rounds/7292/results,boulder_one_group_one_boulder_set,IFSC: 1 group,21,,,,,,,7277,4,/api/v1/routes/7277/startlist,
/api/v1/events/1272/result/255,1272,full_results_url,IFSC Europe - Continental Youth Championship (B) - Graz (AUT) 2022,BOULDER Youth A Female,finished,2025-10-02 07:18:37 UTC,2026-04-22 09:00:50 UTC,,7150,boulder,Qualification,Youth A Female,finished,2022-08-04 11:00:12 UTC,/api/v1/category_rounds/7150/results,boulder_one_group_one_boulder_set,IFSC: 1 group,19,,,,,,,6854,1,/api/v1/routes/6854/startlist,
/api/v1/events/1272/result/255,1272,full_results_url,IFSC Europe - Continental Youth Championship (B) - Graz (AUT) 2022,BOULDER Youth A Female,finished,2025-10-02 07:18:37 UTC,2026-04-22 09:00:50 UTC,,7150,boulder,Qualification,Youth A Female,finished,2022-08-04 11:00:12 UTC,/api/v1/category_rounds/7150/results,boulder_one_group_one_boulder_set,IFSC: 1 group,19,,,,,,,6855,2,/api/v1/routes/6855/startlist,
/api/v1/events/1272/result/255,1272,full_results_url,IFSC Europe - Continental Youth Championship (B) - Graz (AUT) 2022,BOULDER Youth A Female,finished,2025-10-02 07:18:37 UTC,2026-04-22 09:00:50 UTC,,7150,boulder,Qualification,Youth A Female,finished,2022-08-04 11:00:12 UTC,/api/v1/category_rounds/7150/results,boulder_one_group_one_boulder_set,IFSC: 1 group,19,,,,,,,6856,3,/api/v1/routes/6856/startlist,
/api/v1/events/1272/result/255,1272,full_results_url,IFSC Europe - Continental Youth Championship (B) - Graz (AUT) 2022,BOULDER Youth A Female,finished,2025-10-02 07:18:37 UTC,2026-04-22 09:00:50 UTC,,7150,boulder,Qualification,Youth A Female,finished,2022-08-04 11:00:12 UTC,/api/v1/category_rounds/7150/results,boulder_one_group_one_boulder_set,IFSC: 1 group,19,,,,,,,6857,4,/api/v1/routes/6857/startlist,
/api/v1/events/1272/result/255,1272,full_results_url,IFSC Europe - Continental Youth Championship (B) - Graz (AUT) 2022,BOULDER Youth A Female,finished,2025-10-02 07:18:37 UTC,2026-04-22 09:00:50 UTC,,7287,boulder,Semi-Final,Youth A Female,finished,2022-08-05 12:59:02 UTC,/api/v1/category_rounds/7287/results,boulder_one_group_one_boulder_set,IFSC: 1 group,20,,,,,,,7254,1,/api/v1/routes/7254/startlist,
/api/v1/events/1272/result/255,1272,full_results_url,IFSC Europe - Continental Youth Championship (B) - Graz (AUT) 2022,BOULDER Youth A Female,finished,2025-10-02 07:18:37 UTC,2026-04-22 09:00:50 UTC,,7287,boulder,Semi-Final,Youth A Female,finished,2022-08-05 12:59:02 UTC,/api/v1/category_rounds/7287/results,boulder_one_group_one_boulder_set,IFSC: 1 group,20,,,,,,,7255,2,/api/v1/routes/7255/startlist,
/api/v1/events/1272/result/255,1272,full_results_url,IFSC Europe - Continental Youth Championship (B) - Graz (AUT) 2022,BOULDER Youth A Female,finished,2025-10-02 07:18:37 UTC,2026-04-22 09:00:50 UTC,,7287,boulder,Semi-Final,Youth A Female,finished,2022-08-05 12:59:02 UTC,/api/v1/category_rounds/7287/results,boulder_one_group_one_boulder_set,IFSC: 1 group,20,,,,,,,7256,3,/api/v1/routes/7256/startlist,
/api/v1/events/1272/result/255,1272,full_results_url,IFSC Europe - Continental Youth Championship (B) - Graz (AUT) 2022,BOULDER Youth A Female,finished,2025-10-02 07:18:37 UTC,2026-04-22 09:00:50 UTC,,7287,boulder,Semi-Final,Youth A Female,finished,2022-08-05 12:59:02 UTC,/api/v1/category_rounds/7287/results,boulder_one_group_one_boulder_set,IFSC: 1 group,20,,,,,,,7257,4,/api/v1/routes/7257/startlist,
/api/v1/events/1272/result/255,1272,full_results_url,IFSC Europe - Continental Youth Championship (B) - Graz (AUT) 2022,BOULDER Youth A Female,finished,2025-10-02 07:18:37 UTC,2026-04-22 09:00:50 UTC,,7293,boulder,Final,Youth A Female,finished,2022-08-05 18:59:41 UTC,/api/v1/category_rounds/7293/results,boulder_one_group_one_boulder_set,IFSC: 1 group,21,,,,,,,7278,1,/api/v1/routes/7278/startlist,
/api/v1/events/1272/result/255,1272,full_results_url,IFSC Europe - Continental Youth Championship (B) - Graz (AUT) 2022,BOULDER Youth A Female,finished,2025-10-02 07:18:37 UTC,2026-04-22 09:00:50 UTC,,7293,boulder,Final,Youth A Female,finished,2022-08-05 18:59:41 UTC,/api/v1/category_rounds/7293/results,boulder_one_group_one_boulder_set,IFSC: 1 group,21,,,,,,,7279,2,/api/v1/routes/7279/startlist,
/api/v1/events/1272/result/255,1272,full_results_url,IFSC Europe - Continental Youth Championship (B) - Graz (AUT) 2022,BOULDER Youth A Female,finished,2025-10-02 07:18:37 UTC,2026-04-22 09:00:50 UTC,,7293,boulder,Final,Youth A Female,finished,2022-08-05 18:59:41 UTC,/api/v1/category_rounds/7293/results,boulder_one_group_one_boulder_set,IFSC: 1 group,21,,,,,,,7280,3,/api/v1/routes/7280/startlist,
/api/v1/events/1272/result/255,1272,full_results_url,IFSC Europe - Continental Youth Championship (B) - Graz (AUT) 2022,BOULDER Youth A Female,finished,2025-10-02 07:18:37 UTC,2026-04-22 09:00:50 UTC,,7293,boulder,Final,Youth A Female,finished,2022-08-05 18:59:41 UTC,/api/v1/category_rounds/7293/results,boulder_one_group_one_boulder_set,IFSC: 1 group,21,,,,,,,7281,4,/api/v1/routes/7281/startlist,
/api/v1/events/1272/result/259,1272,full_results_url,IFSC Europe - Continental Youth Championship (B) - Graz (AUT) 2022,BOULDER Youth B Female,finished,2025-10-02 07:18:37 UTC,2026-04-22 09:00:54 UTC,,7151,boulder,Qualification,Youth B Female,finished,2022-08-04 17:08:58 UTC,/api/v1/category_rounds/7151/results,boulder_one_group_one_boulder_set,IFSC: 1 group,19,,,,,,,6859,1,/api/v1/routes/6859/startlist,
/api/v1/events/1272/result/259,1272,full_results_url,IFSC Europe - Continental Youth Championship (B) - Graz (AUT) 2022,BOULDER Youth B Female,finished,2025-10-02 07:18:37 UTC,2026-04-22 09:00:54 UTC,,7151,boulder,Qualification,Youth B Female,finished,2022-08-04 17:08:58 UTC,/api/v1/category_rounds/7151/results,boulder_one_group_one_boulder_set,IFSC: 1 group,19,,,,,,,6860,2,/api/v1/routes/6860/startlist,
/api/v1/events/1272/result/259,1272,full_results_url,IFSC Europe - Continental Youth Championship (B) - Graz (AUT) 2022,BOULDER Youth B Female,finished,2025-10-02 07:18:37 UTC,2026-04-22 09:00:54 UTC,,7151,boulder,Qualification,Youth B Female,finished,2022-08-04 17:08:58 UTC,/api/v1/category_rounds/7151/results,boulder_one_group_one_boulder_set,IFSC: 1 group,19,,,,,,,6861,3,/api/v1/routes/6861/startlist,
/api/v1/events/1272/result/259,1272,full_results_url,IFSC Europe - Continental Youth Championship (B) - Graz (AUT) 2022,BOULDER Youth B Female,finished,2025-10-02 07:18:37 UTC,2026-04-22 09:00:54 UTC,,7151,boulder,Qualification,Youth B Female,finished,2022-08-04 17:08:58 UTC,/api/v1/category_rounds/7151/results,boulder_one_group_one_boulder_set,IFSC: 1 group,19,,,,,,,6862,4,/api/v1/routes/6862/startlist,
/api/v1/events/1272/result/259,1272,full_results_url,IFSC Europe - Continental Youth Championship (B) - Graz (AUT) 2022,BOULDER Youth B Female,finished,2025-10-02 07:18:37 UTC,2026-04-22 09:00:54 UTC,,7288,boulder,Semi-Final,Youth B Female,finished,2022-08-05 16:02:19 UTC,/api/v1/category_rounds/7288/results,boulder_one_group_one_boulder_set,IFSC: 1 group,20,,,,,,,7258,1,/api/v1/routes/7258/startlist,
/api/v1/events/1272/result/259,1272,full_results_url,IFSC Europe - Continental Youth Championship (B) - Graz (AUT) 2022,BOULDER Youth B Female,finished,2025-10-02 07:18:37 UTC,2026-04-22 09:00:54 UTC,,7288,boulder,Semi-Final,Youth B Female,finished,2022-08-05 16:02:19 UTC,/api/v1/category_rounds/7288/results,boulder_one_group_one_boulder_set,IFSC: 1 group,20,,,,,,,7259,2,/api/v1/routes/7259/startlist,
/api/v1/events/1272/result/259,1272,full_results_url,IFSC Europe - Continental Youth Championship (B) - Graz (AUT) 2022,BOULDER Youth B Female,finished,2025-10-02 07:18:37 UTC,2026-04-22 09:00:54 UTC,,7288,boulder,Semi-Final,Youth B Female,finished,2022-08-05 16:02:19 UTC,/api/v1/category_rounds/7288/results,boulder_one_group_one_boulder_set,IFSC: 1 group,20,,,,,,,7260,3,/api/v1/routes/7260/startlist,
/api/v1/events/1272/result/259,1272,full_results_url,IFSC Europe - Continental Youth Championship (B) - Graz (AUT) 2022,BOULDER Youth B Female,finished,2025-10-02 07:18:37 UTC,2026-04-22 09:00:54 UTC,,7288,boulder,Semi-Final,Youth B Female,finished,2022-08-05 16:02:19 UTC,/api/v1/category_rounds/7288/results,boulder_one_group_one_boulder_set,IFSC: 1 group,20,,,,,,,7261,4,/api/v1/routes/7261/startlist,
/api/v1/events/1272/result/259,1272,full_results_url,IFSC Europe - Continental Youth Championship (B) - Graz (AUT) 2022,BOULDER Youth B Female,finished,2025-10-02 07:18:37 UTC,2026-04-22 09:00:54 UTC,,7294,boulder,Final,Youth B Female,finished,2022-08-06 16:33:41 UTC,/api/v1/category_rounds/7294/results,boulder_one_group_one_boulder_set,IFSC: 1 group,21,,,,,,,7282,1,/api/v1/routes/7282/startlist,
/api/v1/events/1272/result/259,1272,full_results_url,IFSC Europe - Continental Youth Championship (B) - Graz (AUT) 2022,BOULDER Youth B Female,finished,2025-10-02 07:18:37 UTC,2026-04-22 09:00:54 UTC,,7294,boulder,Final,Youth B Female,finished,2022-08-06 16:33:41 UTC,/api/v1/category_rounds/7294/results,boulder_one_group_one_boulder_set,IFSC: 1 group,21,,,,,,,7283,2,/api/v1/routes/7283/startlist,
/api/v1/events/1272/result/259,1272,full_results_url,IFSC Europe - Continental Youth Championship (B) - Graz (AUT) 2022,BOULDER Youth B Female,finished,2025-10-02 07:18:37 UTC,2026-04-22 09:00:54 UTC,,7294,boulder,Final,Youth B Female,finished,2022-08-06 16:33:41 UTC,/api/v1/category_rounds/7294/results,boulder_one_group_one_boulder_set,IFSC: 1 group,21,,,,,,,7284,3,/api/v1/routes/7284/startlist,
/api/v1/events/1272/result/259,1272,full_results_url,IFSC Europe - Continental Youth Championship (B) - Graz (AUT) 2022,BOULDER Youth B Female,finished,2025-10-02 07:18:37 UTC,2026-04-22 09:00:54 UTC,,7294,boulder,Final,Youth B Female,finished,2022-08-06 16:33:41 UTC,/api/v1/category_rounds/7294/results,boulder_one_group_one_boulder_set,IFSC: 1 group,21,,,,,,,7285,4,/api/v1/routes/7285/startlist,
/api/v1/events/1247/result/227,1247,full_results_url,"IFSC Europe - Continental Championships (B,S,L) - Munich (GER) 2022",BOULDER Men,finished,2025-10-02 07:18:36 UTC,2026-04-22 09:00:57 UTC,,7619,boulder,Semi-Final,Men,finished,2022-08-13 12:31:06 UTC,/api/v1/category_rounds/7619/results,boulder_one_group_one_boulder_set,IFSC: 1 group,17,,,,,,,8295,1,/api/v1/routes/8295/startlist,
/api/v1/events/1247/result/227,1247,full_results_url,"IFSC Europe - Continental Championships (B,S,L) - Munich (GER) 2022",BOULDER Men,finished,2025-10-02 07:18:36 UTC,2026-04-22 09:00:57 UTC,,7619,boulder,Semi-Final,Men,finished,2022-08-13 12:31:06 UTC,/api/v1/category_rounds/7619/results,boulder_one_group_one_boulder_set,IFSC: 1 group,17,,,,,,,8296,2,/api/v1/routes/8296/startlist,
/api/v1/events/1247/result/227,1247,full_results_url,"IFSC Europe - Continental Championships (B,S,L) - Munich (GER) 2022",BOULDER Men,finished,2025-10-02 07:18:36 UTC,2026-04-22 09:00:57 UTC,,7619,boulder,Semi-Final,Men,finished,2022-08-13 12:31:06 UTC,/api/v1/category_rounds/7619/results,boulder_one_group_one_boulder_set,IFSC: 1 group,17,,,,,,,8297,3,/api/v1/routes/8297/startlist,
/api/v1/events/1247/result/227,1247,full_results_url,"IFSC Europe - Continental Championships (B,S,L) - Munich (GER) 2022",BOULDER Men,finished,2025-10-02 07:18:36 UTC,2026-04-22 09:00:57 UTC,,7619,boulder,Semi-Final,Men,finished,2022-08-13 12:31:06 UTC,/api/v1/category_rounds/7619/results,boulder_one_group_one_boulder_set,IFSC: 1 group,17,,,,,,,8298,4,/api/v1/routes/8298/startlist,
/api/v1/events/1247/result/227,1247,full_results_url,"IFSC Europe - Continental Championships (B,S,L) - Munich (GER) 2022",BOULDER Men,finished,2025-10-02 07:18:36 UTC,2026-04-22 09:00:57 UTC,,7621,boulder,Final,Men,finished,2022-08-13 17:27:59 UTC,/api/v1/category_rounds/7621/results,boulder_one_group_one_boulder_set,IFSC: 1 group,18,,,,,,,8303,1,/api/v1/routes/8303/startlist,
/api/v1/events/1247/result/227,1247,full_results_url,"IFSC Europe - Continental Championships (B,S,L) - Munich (GER) 2022",BOULDER Men,finished,2025-10-02 07:18:36 UTC,2026-04-22 09:00:57 UTC,,7621,boulder,Final,Men,finished,2022-08-13 17:27:59 UTC,/api/v1/category_rounds/7621/results,boulder_one_group_one_boulder_set,IFSC: 1 group,18,,,,,,,8304,2,/api/v1/routes/8304/startlist,
/api/v1/events/1247/result/227,1247,full_results_url,"IFSC Europe - Continental Championships (B,S,L) - Munich (GER) 2022",BOULDER Men,finished,2025-10-02 07:18:36 UTC,2026-04-22 09:00:57 UTC,,7621,boulder,Final,Men,finished,2022-08-13 17:27:59 UTC,/api/v1/category_rounds/7621/results,boulder_one_group_one_boulder_set,IFSC: 1 group,18,,,,,,,8305,3,/api/v1/routes/8305/startlist,
/api/v1/events/1247/result/227,1247,full_results_url,"IFSC Europe - Continental Championships (B,S,L) - Munich (GER) 2022",BOULDER Men,finished,2025-10-02 07:18:36 UTC,2026-04-22 09:00:57 UTC,,7621,boulder,Final,Men,finished,2022-08-13 17:27:59 UTC,/api/v1/category_rounds/7621/results,boulder_one_group_one_boulder_set,IFSC: 1 group,18,,,,,,,8306,4,/api/v1/routes/8306/startlist,
/api/v1/events/1247/result/231,1247,full_results_url,"IFSC Europe - Continental Championships (B,S,L) - Munich (GER) 2022",BOULDER Women,finished,2025-10-02 07:18:36 UTC,2026-04-22 09:01:02 UTC,,7620,boulder,Semi-Final,Women,finished,2022-08-14 09:29:08 UTC,/api/v1/category_rounds/7620/results,boulder_one_group_one_boulder_set,IFSC: 1 group,17,,,,,,,8299,1,/api/v1/routes/8299/startlist,
/api/v1/events/1247/result/231,1247,full_results_url,"IFSC Europe - Continental Championships (B,S,L) - Munich (GER) 2022",BOULDER Women,finished,2025-10-02 07:18:36 UTC,2026-04-22 09:01:02 UTC,,7620,boulder,Semi-Final,Women,finished,2022-08-14 09:29:08 UTC,/api/v1/category_rounds/7620/results,boulder_one_group_one_boulder_set,IFSC: 1 group,17,,,,,,,8300,2,/api/v1/routes/8300/startlist,
/api/v1/events/1247/result/231,1247,full_results_url,"IFSC Europe - Continental Championships (B,S,L) - Munich (GER) 2022",BOULDER Women,finished,2025-10-02 07:18:36 UTC,2026-04-22 09:01:02 UTC,,7620,boulder,Semi-Final,Women,finished,2022-08-14 09:29:08 UTC,/api/v1/category_rounds/7620/results,boulder_one_group_one_boulder_set,IFSC: 1 group,17,,,,,,,8301,3,/api/v1/routes/8301/startlist,
/api/v1/events/1247/result/231,1247,full_results_url,"IFSC Europe - Continental Championships (B,S,L) - Munich (GER) 2022",BOULDER Women,finished,2025-10-02 07:18:36 UTC,2026-04-22 09:01:02 UTC,,7620,boulder,Semi-Final,Women,finished,2022-08-14 09:29:08 UTC,/api/v1/category_rounds/7620/results,boulder_one_group_one_boulder_set,IFSC: 1 group,17,,,,,,,8302,4,/api/v1/routes/8302/startlist,
/api/v1/events/1247/result/231,1247,full_results_url,"IFSC Europe - Continental Championships (B,S,L) - Munich (GER) 2022",BOULDER Women,finished,2025-10-02 07:18:36 UTC,2026-04-22 09:01:02 UTC,,7622,boulder,Final,Women,finished,2022-08-14 15:52:50 UTC,/api/v1/category_rounds/7622/results,boulder_one_group_one_boulder_set,IFSC: 1 group,18,,,,,,,8307,1,/api/v1/routes/8307/startlist,
/api/v1/events/1247/result/231,1247,full_results_url,"IFSC Europe - Continental Championships (B,S,L) - Munich (GER) 2022",BOULDER Women,finished,2025-10-02 07:18:36 UTC,2026-04-22 09:01:02 UTC,,7622,boulder,Final,Women,finished,2022-08-14 15:52:50 UTC,/api/v1/category_rounds/7622/results,boulder_one_group_one_boulder_set,IFSC: 1 group,18,,,,,,,8308,2,/api/v1/routes/8308/startlist,
/api/v1/events/1247/result/231,1247,full_results_url,"IFSC Europe - Continental Championships (B,S,L) - Munich (GER) 2022",BOULDER Women,finished,2025-10-02 07:18:36 UTC,2026-04-22 09:01:02 UTC,,7622,boulder,Final,Women,finished,2022-08-14 15:52:50 UTC,/api/v1/category_rounds/7622/results,boulder_one_group_one_boulder_set,IFSC: 1 group,18,,,,,,,8309,3,/api/v1/routes/8309/startlist,
/api/v1/events/1247/result/231,1247,full_results_url,"IFSC Europe - Continental Championships (B,S,L) - Munich (GER) 2022",BOULDER Women,finished,2025-10-02 07:18:36 UTC,2026-04-22 09:01:02 UTC,,7622,boulder,Final,Women,finished,2022-08-14 15:52:50 UTC,/api/v1/category_rounds/7622/results,boulder_one_group_one_boulder_set,IFSC: 1 group,18,,,,,,,8310,4,/api/v1/routes/8310/startlist,
/api/v1/events/1247/result/225,1247,full_results_url,"IFSC Europe - Continental Championships (B,S,L) - Munich (GER) 2022",LEAD Men,finished,2025-10-02 07:18:36 UTC,2026-04-22 09:01:06 UTC,,6932,lead,Qualification,Men,finished,2022-08-13 08:21:13 UTC,/api/v1/category_rounds/6932/results,lead_one_group_two_routes,IFSC: 2 routes,16,,,,,,,6080,1,/api/v1/routes/6080/startlist,/api/v1/routes/6080/results
/api/v1/events/1247/result/225,1247,full_results_url,"IFSC Europe - Continental Championships (B,S,L) - Munich (GER) 2022",LEAD Men,finished,2025-10-02 07:18:36 UTC,2026-04-22 09:01:06 UTC,,6932,lead,Qualification,Men,finished,2022-08-13 08:21:13 UTC,/api/v1/category_rounds/6932/results,lead_one_group_two_routes,IFSC: 2 routes,16,,,,,,,6081,2,/api/v1/routes/6081/startlist,/api/v1/routes/6081/results
/api/v1/events/1247/result/225,1247,full_results_url,"IFSC Europe - Continental Championships (B,S,L) - Munich (GER) 2022",LEAD Men,finished,2025-10-02 07:18:36 UTC,2026-04-22 09:01:06 UTC,,7623,lead,Semi-Final,Men,finished,2022-08-14 12:51:48 UTC,/api/v1/category_rounds/7623/results,lead_one_group_one_route,IFSC: 1 route,17,,,,,,,8311,1,/api/v1/routes/8311/startlist,/api/v1/routes/8311/results
/api/v1/events/1247/result/225,1247,full_results_url,"IFSC Europe - Continental Championships (B,S,L) - Munich (GER) 2022",LEAD Men,finished,2025-10-02 07:18:36 UTC,2026-04-22 09:01:06 UTC,,7625,lead,Final,Men,finished,2022-08-14 17:28:44 UTC,/api/v1/category_rounds/7625/results,lead_one_group_one_route,IFSC: 1 route,18,,,,,,,8313,1,/api/v1/routes/8313/startlist,/api/v1/routes/8313/results
/api/v1/events/1247/result/229,1247,full_results_url,"IFSC Europe - Continental Championships (B,S,L) - Munich (GER) 2022",LEAD Women,finished,2025-10-02 07:18:36 UTC,2026-04-22 09:01:10 UTC,,6933,lead,Qualification,Women,finished,2022-08-13 08:21:13 UTC,/api/v1/category_rounds/6933/results,lead_one_group_two_routes,IFSC: 2 routes,16,,,,,,,6082,1,/api/v1/routes/6082/startlist,/api/v1/routes/6082/results
/api/v1/events/1247/result/229,1247,full_results_url,"IFSC Europe - Continental Championships (B,S,L) - Munich (GER) 2022",LEAD Women,finished,2025-10-02 07:18:36 UTC,2026-04-22 09:01:10 UTC,,6933,lead,Qualification,Women,finished,2022-08-13 08:21:13 UTC,/api/v1/category_rounds/6933/results,lead_one_group_two_routes,IFSC: 2 routes,16,,,,,,,6083,2,/api/v1/routes/6083/startlist,/api/v1/routes/6083/results
/api/v1/events/1247/result/229,1247,full_results_url,"IFSC Europe - Continental Championships (B,S,L) - Munich (GER) 2022",LEAD Women,finished,2025-10-02 07:18:36 UTC,2026-04-22 09:01:10 UTC,,7624,lead,Semi-Final,Women,finished,2022-08-13 09:19:11 UTC,/api/v1/category_rounds/7624/results,lead_one_group_one_route,IFSC: 1 route,17,,,,,,,8312,1,/api/v1/routes/8312/startlist,/api/v1/routes/8312/results
/api/v1/events/1247/result/229,1247,full_results_url,"IFSC Europe - Continental Championships (B,S,L) - Munich (GER) 2022",LEAD Women,finished,2025-10-02 07:18:36 UTC,2026-04-22 09:01:10 UTC,,7626,lead,Final,Women,finished,2022-08-13 14:55:37 UTC,/api/v1/category_rounds/7626/results,lead_one_group_one_route,IFSC: 1 route,18,,,,,,,8314,1,/api/v1/routes/8314/startlist,/api/v1/routes/8314/results
/api/v1/events/1247/result/226,1247,full_results_url,"IFSC Europe - Continental Championships (B,S,L) - Munich (GER) 2022",SPEED Men,finished,2025-10-02 07:18:36 UTC,2026-04-22 09:01:13 UTC,,6934,speed,Qualification,Men,finished,2022-08-15 16:05:37 UTC,/api/v1/category_rounds/6934/results,speed_staggered,IFSC: Qualification,16,,,,,,,6084,A,/api/v1/routes/6084/startlist,
/api/v1/events/1247/result/226,1247,full_results_url,"IFSC Europe - Continental Championships (B,S,L) - Munich (GER) 2022",SPEED Men,finished,2025-10-02 07:18:36 UTC,2026-04-22 09:01:13 UTC,,6934,speed,Qualification,Men,finished,2022-08-15 16:05:37 UTC,/api/v1/category_rounds/6934/results,speed_staggered,IFSC: Qualification,16,,,,,,,6085,B,/api/v1/routes/6085/startlist,
/api/v1/events/1247/result/226,1247,full_results_url,"IFSC Europe - Continental Championships (B,S,L) - Munich (GER) 2022",SPEED Men,finished,2025-10-02 07:18:36 UTC,2026-04-22 09:01:13 UTC,,7397,speed,Final,Men,finished,2024-01-15 22:42:00 UTC,/api/v1/category_rounds/7397/results,speed_elimination_ifsc_2022,IFSC 2022: Elimination,18,,,,,,,7436,A,/api/v1/routes/7436/startlist,
/api/v1/events/1247/result/226,1247,full_results_url,"IFSC Europe - Continental Championships (B,S,L) - Munich (GER) 2022",SPEED Men,finished,2025-10-02 07:18:36 UTC,2026-04-22 09:01:13 UTC,,7397,speed,Final,Men,finished,2024-01-15 22:42:00 UTC,/api/v1/category_rounds/7397/results,speed_elimination_ifsc_2022,IFSC 2022: Elimination,18,,,,,,,7437,B,/api/v1/routes/7437/startlist,
/api/v1/events/1247/result/230,1247,full_results_url,"IFSC Europe - Continental Championships (B,S,L) - Munich (GER) 2022",SPEED Women,finished,2025-10-02 07:18:36 UTC,2026-04-22 09:01:18 UTC,,6935,speed,Qualification,Women,finished,2022-08-15 15:30:15 UTC,/api/v1/category_rounds/6935/results,speed_staggered,IFSC: Qualification,16,,,,,,,6086,A,/api/v1/routes/6086/startlist,
/api/v1/events/1247/result/230,1247,full_results_url,"IFSC Europe - Continental Championships (B,S,L) - Munich (GER) 2022",SPEED Women,finished,2025-10-02 07:18:36 UTC,2026-04-22 09:01:18 UTC,,6935,speed,Qualification,Women,finished,2022-08-15 15:30:15 UTC,/api/v1/category_rounds/6935/results,speed_staggered,IFSC: Qualification,16,,,,,,,6087,B,/api/v1/routes/6087/startlist,
/api/v1/events/1247/result/230,1247,full_results_url,"IFSC Europe - Continental Championships (B,S,L) - Munich (GER) 2022",SPEED Women,finished,2025-10-02 07:18:36 UTC,2026-04-22 09:01:18 UTC,,7398,speed,Final,Women,finished,2024-01-15 22:42:00 UTC,/api/v1/category_rounds/7398/results,speed_elimination_ifsc_2022,IFSC 2022: Elimination,18,,,,,,,7438,A,/api/v1/routes/7438/startlist,
/api/v1/events/1247/result/230,1247,full_results_url,"IFSC Europe - Continental Championships (B,S,L) - Munich (GER) 2022",SPEED Women,finished,2025-10-02 07:18:36 UTC,2026-04-22 09:01:18 UTC,,7398,speed,Final,Women,finished,2024-01-15 22:42:00 UTC,/api/v1/category_rounds/7398/results,speed_elimination_ifsc_2022,IFSC 2022: Elimination,18,,,,,,,7439,B,/api/v1/routes/7439/startlist,
/api/v1/events/1247/result/669,1247,full_results_url,"IFSC Europe - Continental Championships (B,S,L) - Munich (GER) 2022",BOULDER&LEAD Men,finished,2025-10-02 07:18:38 UTC,2026-04-22 09:01:21 UTC,,7633,boulder&lead,Final,Men,finished,2022-09-12 14:04:03 UTC,/api/v1/category_rounds/7633/results,bl_qualification,IFSC: Qualification,18,695.0,,boulder,finished,2022-08-22 07:39:06 UTC,/api/v1/combined_stages/695/results,8377,1,/api/v1/routes/8377/startlist,
/api/v1/events/1247/result/669,1247,full_results_url,"IFSC Europe - Continental Championships (B,S,L) - Munich (GER) 2022",BOULDER&LEAD Men,finished,2025-10-02 07:18:38 UTC,2026-04-22 09:01:21 UTC,,7633,boulder&lead,Final,Men,finished,2022-09-12 14:04:03 UTC,/api/v1/category_rounds/7633/results,bl_qualification,IFSC: Qualification,18,695.0,,boulder,finished,2022-08-22 07:39:06 UTC,/api/v1/combined_stages/695/results,8378,2,/api/v1/routes/8378/startlist,
/api/v1/events/1247/result/669,1247,full_results_url,"IFSC Europe - Continental Championships (B,S,L) - Munich (GER) 2022",BOULDER&LEAD Men,finished,2025-10-02 07:18:38 UTC,2026-04-22 09:01:21 UTC,,7633,boulder&lead,Final,Men,finished,2022-09-12 14:04:03 UTC,/api/v1/category_rounds/7633/results,bl_qualification,IFSC: Qualification,18,695.0,,boulder,finished,2022-08-22 07:39:06 UTC,/api/v1/combined_stages/695/results,8379,3,/api/v1/routes/8379/startlist,
/api/v1/events/1247/result/669,1247,full_results_url,"IFSC Europe - Continental Championships (B,S,L) - Munich (GER) 2022",BOULDER&LEAD Men,finished,2025-10-02 07:18:38 UTC,2026-04-22 09:01:21 UTC,,7633,boulder&lead,Final,Men,finished,2022-09-12 14:04:03 UTC,/api/v1/category_rounds/7633/results,bl_qualification,IFSC: Qualification,18,695.0,,boulder,finished,2022-08-22 07:39:06 UTC,/api/v1/combined_stages/695/results,8380,4,/api/v1/routes/8380/startlist,
/api/v1/events/1247/result/669,1247,full_results_url,"IFSC Europe - Continental Championships (B,S,L) - Munich (GER) 2022",BOULDER&LEAD Men,finished,2025-10-02 07:18:38 UTC,2026-04-22 09:01:21 UTC,,7633,boulder&lead,Final,Men,finished,2022-09-12 14:04:03 UTC,/api/v1/category_rounds/7633/results,bl_qualification,IFSC: Qualification,18,696.0,,lead,finished,2022-08-22 07:39:06 UTC,/api/v1/combined_stages/696/results,8381,1,/api/v1/routes/8381/startlist,/api/v1/routes/8381/results
/api/v1/events/1247/result/670,1247,full_results_url,"IFSC Europe - Continental Championships (B,S,L) - Munich (GER) 2022",BOULDER&LEAD Women,finished,2025-10-02 07:18:38 UTC,2026-04-22 09:01:24 UTC,,7634,boulder&lead,Final,Women,finished,2022-08-18 16:04:22 UTC,/api/v1/category_rounds/7634/results,bl_qualification,IFSC: Qualification,18,697.0,,boulder,finished,2022-08-17 14:35:51 UTC,/api/v1/combined_stages/697/results,8382,1,/api/v1/routes/8382/startlist,
/api/v1/events/1247/result/670,1247,full_results_url,"IFSC Europe - Continental Championships (B,S,L) - Munich (GER) 2022",BOULDER&LEAD Women,finished,2025-10-02 07:18:38 UTC,2026-04-22 09:01:24 UTC,,7634,boulder&lead,Final,Women,finished,2022-08-18 16:04:22 UTC,/api/v1/category_rounds/7634/results,bl_qualification,IFSC: Qualification,18,697.0,,boulder,finished,2022-08-17 14:35:51 UTC,/api/v1/combined_stages/697/results,8383,2,/api/v1/routes/8383/startlist,
/api/v1/events/1247/result/670,1247,full_results_url,"IFSC Europe - Continental Championships (B,S,L) - Munich (GER) 2022",BOULDER&LEAD Women,finished,2025-10-02 07:18:38 UTC,2026-04-22 09:01:24 UTC,,7634,boulder&lead,Final,Women,finished,2022-08-18 16:04:22 UTC,/api/v1/category_rounds/7634/results,bl_qualification,IFSC: Qualification,18,697.0,,boulder,finished,2022-08-17 14:35:51 UTC,/api/v1/combined_stages/697/results,8384,3,/api/v1/routes/8384/startlist,
/api/v1/events/1247/result/670,1247,full_results_url,"IFSC Europe - Continental Championships (B,S,L) - Munich (GER) 2022",BOULDER&LEAD Women,finished,2025-10-02 07:18:38 UTC,2026-04-22 09:01:24 UTC,,7634,boulder&lead,Final,Women,finished,2022-08-18 16:04:22 UTC,/api/v1/category_rounds/7634/results,bl_qualification,IFSC: Qualification,18,697.0,,boulder,finished,2022-08-17 14:35:51 UTC,/api/v1/combined_stages/697/results,8385,4,/api/v1/routes/8385/startlist,
/api/v1/events/1247/result/670,1247,full_results_url,"IFSC Europe - Continental Championships (B,S,L) - Munich (GER) 2022",BOULDER&LEAD Women,finished,2025-10-02 07:18:38 UTC,2026-04-22 09:01:24 UTC,,7634,boulder&lead,Final,Women,finished,2022-08-18 16:04:22 UTC,/api/v1/category_rounds/7634/results,bl_qualification,IFSC: Qualification,18,698.0,,lead,finished,2022-08-17 16:06:48 UTC,/api/v1/combined_stages/698/results,8386,1,/api/v1/routes/8386/startlist,/api/v1/routes/8386/results
/api/v1/events/1246/result/11,1246,full_results_url,"IFSC - Climbing Youth World Championships (B,S,L) - Dallas (USA) 2022",BOULDER Juniors Male,finished,2025-10-02 07:18:36 UTC,2026-04-22 09:01:28 UTC,,6912,boulder,Qualification,Juniors Male,finished,2022-08-22 17:57:27 UTC,/api/v1/category_rounds/6912/results,boulder_one_group_two_courses,Custom: 2 courses,4,,,,,,,8450,A1,/api/v1/routes/8450/startlist,
/api/v1/events/1246/result/11,1246,full_results_url,"IFSC - Climbing Youth World Championships (B,S,L) - Dallas (USA) 2022",BOULDER Juniors Male,finished,2025-10-02 07:18:36 UTC,2026-04-22 09:01:28 UTC,,6912,boulder,Qualification,Juniors Male,finished,2022-08-22 17:57:27 UTC,/api/v1/category_rounds/6912/results,boulder_one_group_two_courses,Custom: 2 courses,4,,,,,,,8451,A2,/api/v1/routes/8451/startlist,
/api/v1/events/1246/result/11,1246,full_results_url,"IFSC - Climbing Youth World Championships (B,S,L) - Dallas (USA) 2022",BOULDER Juniors Male,finished,2025-10-02 07:18:36 UTC,2026-04-22 09:01:28 UTC,,6912,boulder,Qualification,Juniors Male,finished,2022-08-22 17:57:27 UTC,/api/v1/category_rounds/6912/results,boulder_one_group_two_courses,Custom: 2 courses,4,,,,,,,8452,A3,/api/v1/routes/8452/startlist,
/api/v1/events/1246/result/11,1246,full_results_url,"IFSC - Climbing Youth World Championships (B,S,L) - Dallas (USA) 2022",BOULDER Juniors Male,finished,2025-10-02 07:18:36 UTC,2026-04-22 09:01:28 UTC,,6912,boulder,Qualification,Juniors Male,finished,2022-08-22 17:57:27 UTC,/api/v1/category_rounds/6912/results,boulder_one_group_two_courses,Custom: 2 courses,4,,,,,,,8453,B1,/api/v1/routes/8453/startlist,
/api/v1/events/1246/result/11,1246,full_results_url,"IFSC - Climbing Youth World Championships (B,S,L) - Dallas (USA) 2022",BOULDER Juniors Male,finished,2025-10-02 07:18:36 UTC,2026-04-22 09:01:28 UTC,,6912,boulder,Qualification,Juniors Male,finished,2022-08-22 17:57:27 UTC,/api/v1/category_rounds/6912/results,boulder_one_group_two_courses,Custom: 2 courses,4,,,,,,,8454,B2,/api/v1/routes/8454/startlist,
/api/v1/events/1246/result/11,1246,full_results_url,"IFSC - Climbing Youth World Championships (B,S,L) - Dallas (USA) 2022",BOULDER Juniors Male,finished,2025-10-02 07:18:36 UTC,2026-04-22 09:01:28 UTC,,6912,boulder,Qualification,Juniors Male,finished,2022-08-22 17:57:27 UTC,/api/v1/category_rounds/6912/results,boulder_one_group_two_courses,Custom: 2 courses,4,,,,,,,8455,B3,/api/v1/routes/8455/startlist,
/api/v1/events/1246/result/11,1246,full_results_url,"IFSC - Climbing Youth World Championships (B,S,L) - Dallas (USA) 2022",BOULDER Juniors Male,finished,2025-10-02 07:18:36 UTC,2026-04-22 09:01:28 UTC,,7635,boulder,Semi-Final,Juniors Male,finished,2022-08-23 22:22:11 UTC,/api/v1/category_rounds/7635/results,boulder_one_group_one_boulder_set,IFSC: 1 group,5,,,,,,,8387,1,/api/v1/routes/8387/startlist,
/api/v1/events/1246/result/11,1246,full_results_url,"IFSC - Climbing Youth World Championships (B,S,L) - Dallas (USA) 2022",BOULDER Juniors Male,finished,2025-10-02 07:18:36 UTC,2026-04-22 09:01:28 UTC,,7635,boulder,Semi-Final,Juniors Male,finished,2022-08-23 22:22:11 UTC,/api/v1/category_rounds/7635/results,boulder_one_group_one_boulder_set,IFSC: 1 group,5,,,,,,,8388,2,/api/v1/routes/8388/startlist,
/api/v1/events/1246/result/11,1246,full_results_url,"IFSC - Climbing Youth World Championships (B,S,L) - Dallas (USA) 2022",BOULDER Juniors Male,finished,2025-10-02 07:18:36 UTC,2026-04-22 09:01:28 UTC,,7635,boulder,Semi-Final,Juniors Male,finished,2022-08-23 22:22:11 UTC,/api/v1/category_rounds/7635/results,boulder_one_group_one_boulder_set,IFSC: 1 group,5,,,,,,,8389,3,/api/v1/routes/8389/startlist,
/api/v1/events/1246/result/11,1246,full_results_url,"IFSC - Climbing Youth World Championships (B,S,L) - Dallas (USA) 2022",BOULDER Juniors Male,finished,2025-10-02 07:18:36 UTC,2026-04-22 09:01:28 UTC,,7635,boulder,Semi-Final,Juniors Male,finished,2022-08-23 22:22:11 UTC,/api/v1/category_rounds/7635/results,boulder_one_group_one_boulder_set,IFSC: 1 group,5,,,,,,,8390,4,/api/v1/routes/8390/startlist,
/api/v1/events/1246/result/11,1246,full_results_url,"IFSC - Climbing Youth World Championships (B,S,L) - Dallas (USA) 2022",BOULDER Juniors Male,finished,2025-10-02 07:18:36 UTC,2026-04-22 09:01:28 UTC,,7641,boulder,Final,Juniors Male,finished,2022-08-24 23:26:52 UTC,/api/v1/category_rounds/7641/results,boulder_finals_one_by_one,IFSC: Finals,6,,,,,,,8411,1,/api/v1/routes/8411/startlist,
/api/v1/events/1246/result/11,1246,full_results_url,"IFSC - Climbing Youth World Championships (B,S,L) - Dallas (USA) 2022",BOULDER Juniors Male,finished,2025-10-02 07:18:36 UTC,2026-04-22 09:01:28 UTC,,7641,boulder,Final,Juniors Male,finished,2022-08-24 23:26:52 UTC,/api/v1/category_rounds/7641/results,boulder_finals_one_by_one,IFSC: Finals,6,,,,,,,8412,2,/api/v1/routes/8412/startlist,
/api/v1/events/1246/result/11,1246,full_results_url,"IFSC - Climbing Youth World Championships (B,S,L) - Dallas (USA) 2022",BOULDER Juniors Male,finished,2025-10-02 07:18:36 UTC,2026-04-22 09:01:28 UTC,,7641,boulder,Final,Juniors Male,finished,2022-08-24 23:26:52 UTC,/api/v1/category_rounds/7641/results,boulder_finals_one_by_one,IFSC: Finals,6,,,,,,,8413,3,/api/v1/routes/8413/startlist,
/api/v1/events/1246/result/11,1246,full_results_url,"IFSC - Climbing Youth World Championships (B,S,L) - Dallas (USA) 2022",BOULDER Juniors Male,finished,2025-10-02 07:18:36 UTC,2026-04-22 09:01:28 UTC,,7641,boulder,Final,Juniors Male,finished,2022-08-24 23:26:52 UTC,/api/v1/category_rounds/7641/results,boulder_finals_one_by_one,IFSC: Finals,6,,,,,,,8414,4,/api/v1/routes/8414/startlist,
/api/v1/events/1246/result/15,1246,full_results_url,"IFSC - Climbing Youth World Championships (B,S,L) - Dallas (USA) 2022",BOULDER Youth A Male,finished,2025-10-02 07:18:36 UTC,2026-04-22 09:01:31 UTC,,6913,boulder,Qualification,Youth A Male,finished,2022-08-22 23:08:02 UTC,/api/v1/category_rounds/6913/results,boulder_one_group_two_courses,Custom: 2 courses,4,,,,,,,8179,A1,/api/v1/routes/8179/startlist,
/api/v1/events/1246/result/15,1246,full_results_url,"IFSC - Climbing Youth World Championships (B,S,L) - Dallas (USA) 2022",BOULDER Youth A Male,finished,2025-10-02 07:18:36 UTC,2026-04-22 09:01:31 UTC,,6913,boulder,Qualification,Youth A Male,finished,2022-08-22 23:08:02 UTC,/api/v1/category_rounds/6913/results,boulder_one_group_two_courses,Custom: 2 courses,4,,,,,,,8180,A2,/api/v1/routes/8180/startlist,
/api/v1/events/1246/result/15,1246,full_results_url,"IFSC - Climbing Youth World Championships (B,S,L) - Dallas (USA) 2022",BOULDER Youth A Male,finished,2025-10-02 07:18:36 UTC,2026-04-22 09:01:31 UTC,,6913,boulder,Qualification,Youth A Male,finished,2022-08-22 23:08:02 UTC,/api/v1/category_rounds/6913/results,boulder_one_group_two_courses,Custom: 2 courses,4,,,,,,,8181,A3,/api/v1/routes/8181/startlist,
/api/v1/events/1246/result/15,1246,full_results_url,"IFSC - Climbing Youth World Championships (B,S,L) - Dallas (USA) 2022",BOULDER Youth A Male,finished,2025-10-02 07:18:36 UTC,2026-04-22 09:01:31 UTC,,6913,boulder,Qualification,Youth A Male,finished,2022-08-22 23:08:02 UTC,/api/v1/category_rounds/6913/results,boulder_one_group_two_courses,Custom: 2 courses,4,,,,,,,8182,B1,/api/v1/routes/8182/startlist,
/api/v1/events/1246/result/15,1246,full_results_url,"IFSC - Climbing Youth World Championships (B,S,L) - Dallas (USA) 2022",BOULDER Youth A Male,finished,2025-10-02 07:18:36 UTC,2026-04-22 09:01:31 UTC,,6913,boulder,Qualification,Youth A Male,finished,2022-08-22 23:08:02 UTC,/api/v1/category_rounds/6913/results,boulder_one_group_two_courses,Custom: 2 courses,4,,,,,,,8183,B2,/api/v1/routes/8183/startlist,
/api/v1/events/1246/result/15,1246,full_results_url,"IFSC - Climbing Youth World Championships (B,S,L) - Dallas (USA) 2022",BOULDER Youth A Male,finished,2025-10-02 07:18:36 UTC,2026-04-22 09:01:31 UTC,,6913,boulder,Qualification,Youth A Male,finished,2022-08-22 23:08:02 UTC,/api/v1/category_rounds/6913/results,boulder_one_group_two_courses,Custom: 2 courses,4,,,,,,,8184,B3,/api/v1/routes/8184/startlist,
/api/v1/events/1246/result/15,1246,full_results_url,"IFSC - Climbing Youth World Championships (B,S,L) - Dallas (USA) 2022",BOULDER Youth A Male,finished,2025-10-02 07:18:36 UTC,2026-04-22 09:01:31 UTC,,7636,boulder,Semi-Final,Youth A Male,finished,2022-08-24 01:20:46 UTC,/api/v1/category_rounds/7636/results,boulder_one_group_one_boulder_set,IFSC: 1 group,5,,,,,,,8391,1,/api/v1/routes/8391/startlist,
/api/v1/events/1246/result/15,1246,full_results_url,"IFSC - Climbing Youth World Championships (B,S,L) - Dallas (USA) 2022",BOULDER Youth A Male,finished,2025-10-02 07:18:36 UTC,2026-04-22 09:01:31 UTC,,7636,boulder,Semi-Final,Youth A Male,finished,2022-08-24 01:20:46 UTC,/api/v1/category_rounds/7636/results,boulder_one_group_one_boulder_set,IFSC: 1 group,5,,,,,,,8392,2,/api/v1/routes/8392/startlist,
/api/v1/events/1246/result/15,1246,full_results_url,"IFSC - Climbing Youth World Championships (B,S,L) - Dallas (USA) 2022",BOULDER Youth A Male,finished,2025-10-02 07:18:36 UTC,2026-04-22 09:01:31 UTC,,7636,boulder,Semi-Final,Youth A Male,finished,2022-08-24 01:20:46 UTC,/api/v1/category_rounds/7636/results,boulder_one_group_one_boulder_set,IFSC: 1 group,5,,,,,,,8393,3,/api/v1/routes/8393/startlist,
/api/v1/events/1246/result/15,1246,full_results_url,"IFSC - Climbing Youth World Championships (B,S,L) - Dallas (USA) 2022",BOULDER Youth A Male,finished,2025-10-02 07:18:36 UTC,2026-04-22 09:01:31 UTC,,7636,boulder,Semi-Final,Youth A Male,finished,2022-08-24 01:20:46 UTC,/api/v1/category_rounds/7636/results,boulder_one_group_one_boulder_set,IFSC: 1 group,5,,,,,,,8394,4,/api/v1/routes/8394/startlist,
/api/v1/events/1246/result/15,1246,full_results_url,"IFSC - Climbing Youth World Championships (B,S,L) - Dallas (USA) 2022",BOULDER Youth A Male,finished,2025-10-02 07:18:36 UTC,2026-04-22 09:01:31 UTC,,7642,boulder,Final,Youth A Male,finished,2022-08-24 20:50:09 UTC,/api/v1/category_rounds/7642/results,boulder_finals_one_by_one,IFSC: Finals,6,,,,,,,8415,1,/api/v1/routes/8415/startlist,
/api/v1/events/1246/result/15,1246,full_results_url,"IFSC - Climbing Youth World Championships (B,S,L) - Dallas (USA) 2022",BOULDER Youth A Male,finished,2025-10-02 07:18:36 UTC,2026-04-22 09:01:31 UTC,,7642,boulder,Final,Youth A Male,finished,2022-08-24 20:50:09 UTC,/api/v1/category_rounds/7642/results,boulder_finals_one_by_one,IFSC: Finals,6,,,,,,,8416,2,/api/v1/routes/8416/startlist,
/api/v1/events/1246/result/15,1246,full_results_url,"IFSC - Climbing Youth World Championships (B,S,L) - Dallas (USA) 2022",BOULDER Youth A Male,finished,2025-10-02 07:18:36 UTC,2026-04-22 09:01:31 UTC,,7642,boulder,Final,Youth A Male,finished,2022-08-24 20:50:09 UTC,/api/v1/category_rounds/7642/results,boulder_finals_one_by_one,IFSC: Finals,6,,,,,,,8417,3,/api/v1/routes/8417/startlist,
/api/v1/events/1246/result/15,1246,full_results_url,"IFSC - Climbing Youth World Championships (B,S,L) - Dallas (USA) 2022",BOULDER Youth A Male,finished,2025-10-02 07:18:36 UTC,2026-04-22 09:01:31 UTC,,7642,boulder,Final,Youth A Male,finished,2022-08-24 20:50:09 UTC,/api/v1/category_rounds/7642/results,boulder_finals_one_by_one,IFSC: Finals,6,,,,,,,8418,4,/api/v1/routes/8418/startlist,
/api/v1/events/1246/result/19,1246,full_results_url,"IFSC - Climbing Youth World Championships (B,S,L) - Dallas (USA) 2022",BOULDER Youth B Male,finished,2025-10-02 07:18:36 UTC,2026-04-22 09:01:35 UTC,,6914,boulder,Qualification,Youth B Male,finished,2022-08-23 17:55:08 UTC,/api/v1/category_rounds/6914/results,boulder_one_group_two_courses,Custom: 2 courses,4,,,,,,,8185,A1,/api/v1/routes/8185/startlist,
/api/v1/events/1246/result/19,1246,full_results_url,"IFSC - Climbing Youth World Championships (B,S,L) - Dallas (USA) 2022",BOULDER Youth B Male,finished,2025-10-02 07:18:36 UTC,2026-04-22 09:01:35 UTC,,6914,boulder,Qualification,Youth B Male,finished,2022-08-23 17:55:08 UTC,/api/v1/category_rounds/6914/results,boulder_one_group_two_courses,Custom: 2 courses,4,,,,,,,8186,A2,/api/v1/routes/8186/startlist,
/api/v1/events/1246/result/19,1246,full_results_url,"IFSC - Climbing Youth World Championships (B,S,L) - Dallas (USA) 2022",BOULDER Youth B Male,finished,2025-10-02 07:18:36 UTC,2026-04-22 09:01:35 UTC,,6914,boulder,Qualification,Youth B Male,finished,2022-08-23 17:55:08 UTC,/api/v1/category_rounds/6914/results,boulder_one_group_two_courses,Custom: 2 courses,4,,,,,,,8187,A3,/api/v1/routes/8187/startlist,
/api/v1/events/1246/result/19,1246,full_results_url,"IFSC - Climbing Youth World Championships (B,S,L) - Dallas (USA) 2022",BOULDER Youth B Male,finished,2025-10-02 07:18:36 UTC,2026-04-22 09:01:35 UTC,,6914,boulder,Qualification,Youth B Male,finished,2022-08-23 17:55:08 UTC,/api/v1/category_rounds/6914/results,boulder_one_group_two_courses,Custom: 2 courses,4,,,,,,,8188,B1,/api/v1/routes/8188/startlist,
/api/v1/events/1246/result/19,1246,full_results_url,"IFSC - Climbing Youth World Championships (B,S,L) - Dallas (USA) 2022",BOULDER Youth B Male,finished,2025-10-02 07:18:36 UTC,2026-04-22 09:01:35 UTC,,6914,boulder,Qualification,Youth B Male,finished,2022-08-23 17:55:08 UTC,/api/v1/category_rounds/6914/results,boulder_one_group_two_courses,Custom: 2 courses,4,,,,,,,8189,B2,/api/v1/routes/8189/startlist,
/api/v1/events/1246/result/19,1246,full_results_url,"IFSC - Climbing Youth World Championships (B,S,L) - Dallas (USA) 2022",BOULDER Youth B Male,finished,2025-10-02 07:18:36 UTC,2026-04-22 09:01:35 UTC,,6914,boulder,Qualification,Youth B Male,finished,2022-08-23 17:55:08 UTC,/api/v1/category_rounds/6914/results,boulder_one_group_two_courses,Custom: 2 courses,4,,,,,,,8190,B3,/api/v1/routes/8190/startlist,
/api/v1/events/1246/result/19,1246,full_results_url,"IFSC - Climbing Youth World Championships (B,S,L) - Dallas (USA) 2022",BOULDER Youth B Male,finished,2025-10-02 07:18:36 UTC,2026-04-22 09:01:35 UTC,,7637,boulder,Semi-Final,Youth B Male,finished,2022-08-24 16:19:15 UTC,/api/v1/category_rounds/7637/results,boulder_one_group_one_boulder_set,IFSC: 1 group,5,,,,,,,8395,1,/api/v1/routes/8395/startlist,
/api/v1/events/1246/result/19,1246,full_results_url,"IFSC - Climbing Youth World Championships (B,S,L) - Dallas (USA) 2022",BOULDER Youth B Male,finished,2025-10-02 07:18:36 UTC,2026-04-22 09:01:35 UTC,,7637,boulder,Semi-Final,Youth B Male,finished,2022-08-24 16:19:15 UTC,/api/v1/category_rounds/7637/results,boulder_one_group_one_boulder_set,IFSC: 1 group,5,,,,,,,8396,2,/api/v1/routes/8396/startlist,
/api/v1/events/1246/result/19,1246,full_results_url,"IFSC - Climbing Youth World Championships (B,S,L) - Dallas (USA) 2022",BOULDER Youth B Male,finished,2025-10-02 07:18:36 UTC,2026-04-22 09:01:35 UTC,,7637,boulder,Semi-Final,Youth B Male,finished,2022-08-24 16:19:15 UTC,/api/v1/category_rounds/7637/results,boulder_one_group_one_boulder_set,IFSC: 1 group,5,,,,,,,8397,3,/api/v1/routes/8397/startlist,
/api/v1/events/1246/result/19,1246,full_results_url,"IFSC - Climbing Youth World Championships (B,S,L) - Dallas (USA) 2022",BOULDER Youth B Male,finished,2025-10-02 07:18:36 UTC,2026-04-22 09:01:35 UTC,,7637,boulder,Semi-Final,Youth B Male,finished,2022-08-24 16:19:15 UTC,/api/v1/category_rounds/7637/results,boulder_one_group_one_boulder_set,IFSC: 1 group,5,,,,,,,8398,4,/api/v1/routes/8398/startlist,
/api/v1/events/1246/result/19,1246,full_results_url,"IFSC - Climbing Youth World Championships (B,S,L) - Dallas (USA) 2022",BOULDER Youth B Male,finished,2025-10-02 07:18:36 UTC,2026-04-22 09:01:35 UTC,,7643,boulder,Final,Youth B Male,finished,2022-08-25 16:36:41 UTC,/api/v1/category_rounds/7643/results,boulder_finals_one_by_one,IFSC: Finals,6,,,,,,,8419,1,/api/v1/routes/8419/startlist,
/api/v1/events/1246/result/19,1246,full_results_url,"IFSC - Climbing Youth World Championships (B,S,L) - Dallas (USA) 2022",BOULDER Youth B Male,finished,2025-10-02 07:18:36 UTC,2026-04-22 09:01:35 UTC,,7643,boulder,Final,Youth B Male,finished,2022-08-25 16:36:41 UTC,/api/v1/category_rounds/7643/results,boulder_finals_one_by_one,IFSC: Finals,6,,,,,,,8420,2,/api/v1/routes/8420/startlist,
/api/v1/events/1246/result/19,1246,full_results_url,"IFSC - Climbing Youth World Championships (B,S,L) - Dallas (USA) 2022",BOULDER Youth B Male,finished,2025-10-02 07:18:36 UTC,2026-04-22 09:01:35 UTC,,7643,boulder,Final,Youth B Male,finished,2022-08-25 16:36:41 UTC,/api/v1/category_rounds/7643/results,boulder_finals_one_by_one,IFSC: Finals,6,,,,,,,8421,3,/api/v1/routes/8421/startlist,
/api/v1/events/1246/result/19,1246,full_results_url,"IFSC - Climbing Youth World Championships (B,S,L) - Dallas (USA) 2022",BOULDER Youth B Male,finished,2025-10-02 07:18:36 UTC,2026-04-22 09:01:35 UTC,,7643,boulder,Final,Youth B Male,finished,2022-08-25 16:36:41 UTC,/api/v1/category_rounds/7643/results,boulder_finals_one_by_one,IFSC: Finals,6,,,,,,,8422,4,/api/v1/routes/8422/startlist,
/api/v1/events/1246/result/27,1246,full_results_url,"IFSC - Climbing Youth World Championships (B,S,L) - Dallas (USA) 2022",BOULDER Juniors Female,finished,2025-10-02 07:18:36 UTC,2026-04-22 09:01:39 UTC,,6915,boulder,Qualification,Juniors Female,finished,2022-08-22 17:50:08 UTC,/api/v1/category_rounds/6915/results,boulder_one_group_two_courses,Custom: 2 courses,4,,,,,,,8191,A1,/api/v1/routes/8191/startlist,
/api/v1/events/1246/result/27,1246,full_results_url,"IFSC - Climbing Youth World Championships (B,S,L) - Dallas (USA) 2022",BOULDER Juniors Female,finished,2025-10-02 07:18:36 UTC,2026-04-22 09:01:39 UTC,,6915,boulder,Qualification,Juniors Female,finished,2022-08-22 17:50:08 UTC,/api/v1/category_rounds/6915/results,boulder_one_group_two_courses,Custom: 2 courses,4,,,,,,,8192,A2,/api/v1/routes/8192/startlist,
/api/v1/events/1246/result/27,1246,full_results_url,"IFSC - Climbing Youth World Championships (B,S,L) - Dallas (USA) 2022",BOULDER Juniors Female,finished,2025-10-02 07:18:36 UTC,2026-04-22 09:01:39 UTC,,6915,boulder,Qualification,Juniors Female,finished,2022-08-22 17:50:08 UTC,/api/v1/category_rounds/6915/results,boulder_one_group_two_courses,Custom: 2 courses,4,,,,,,,8193,A3,/api/v1/routes/8193/startlist,
/api/v1/events/1246/result/27,1246,full_results_url,"IFSC - Climbing Youth World Championships (B,S,L) - Dallas (USA) 2022",BOULDER Juniors Female,finished,2025-10-02 07:18:36 UTC,2026-04-22 09:01:39 UTC,,6915,boulder,Qualification,Juniors Female,finished,2022-08-22 17:50:08 UTC,/api/v1/category_rounds/6915/results,boulder_one_group_two_courses,Custom: 2 courses,4,,,,,,,8194,B1,/api/v1/routes/8194/startlist,
/api/v1/events/1246/result/27,1246,full_results_url,"IFSC - Climbing Youth World Championships (B,S,L) - Dallas (USA) 2022",BOULDER Juniors Female,finished,2025-10-02 07:18:36 UTC,2026-04-22 09:01:39 UTC,,6915,boulder,Qualification,Juniors Female,finished,2022-08-22 17:50:08 UTC,/api/v1/category_rounds/6915/results,boulder_one_group_two_courses,Custom: 2 courses,4,,,,,,,8195,B2,/api/v1/routes/8195/startlist,
/api/v1/events/1246/result/27,1246,full_results_url,"IFSC - Climbing Youth World Championships (B,S,L) - Dallas (USA) 2022",BOULDER Juniors Female,finished,2025-10-02 07:18:36 UTC,2026-04-22 09:01:39 UTC,,6915,boulder,Qualification,Juniors Female,finished,2022-08-22 17:50:08 UTC,/api/v1/category_rounds/6915/results,boulder_one_group_two_courses,Custom: 2 courses,4,,,,,,,8196,B3,/api/v1/routes/8196/startlist,
/api/v1/events/1246/result/27,1246,full_results_url,"IFSC - Climbing Youth World Championships (B,S,L) - Dallas (USA) 2022",BOULDER Juniors Female,finished,2025-10-02 07:18:36 UTC,2026-04-22 09:01:39 UTC,,7638,boulder,Semi-Final,Juniors Female,finished,2022-08-23 22:21:24 UTC,/api/v1/category_rounds/7638/results,boulder_one_group_one_boulder_set,IFSC: 1 group,5,,,,,,,8399,1,/api/v1/routes/8399/startlist,
/api/v1/events/1246/result/27,1246,full_results_url,"IFSC - Climbing Youth World Championships (B,S,L) - Dallas (USA) 2022",BOULDER Juniors Female,finished,2025-10-02 07:18:36 UTC,2026-04-22 09:01:39 UTC,,7638,boulder,Semi-Final,Juniors Female,finished,2022-08-23 22:21:24 UTC,/api/v1/category_rounds/7638/results,boulder_one_group_one_boulder_set,IFSC: 1 group,5,,,,,,,8400,2,/api/v1/routes/8400/startlist,
/api/v1/events/1246/result/27,1246,full_results_url,"IFSC - Climbing Youth World Championships (B,S,L) - Dallas (USA) 2022",BOULDER Juniors Female,finished,2025-10-02 07:18:36 UTC,2026-04-22 09:01:39 UTC,,7638,boulder,Semi-Final,Juniors Female,finished,2022-08-23 22:21:24 UTC,/api/v1/category_rounds/7638/results,boulder_one_group_one_boulder_set,IFSC: 1 group,5,,,,,,,8401,3,/api/v1/routes/8401/startlist,
/api/v1/events/1246/result/27,1246,full_results_url,"IFSC - Climbing Youth World Championships (B,S,L) - Dallas (USA) 2022",BOULDER Juniors Female,finished,2025-10-02 07:18:36 UTC,2026-04-22 09:01:39 UTC,,7638,boulder,Semi-Final,Juniors Female,finished,2022-08-23 22:21:24 UTC,/api/v1/category_rounds/7638/results,boulder_one_group_one_boulder_set,IFSC: 1 group,5,,,,,,,8402,4,/api/v1/routes/8402/startlist,
/api/v1/events/1246/result/27,1246,full_results_url,"IFSC - Climbing Youth World Championships (B,S,L) - Dallas (USA) 2022",BOULDER Juniors Female,finished,2025-10-02 07:18:36 UTC,2026-04-22 09:01:39 UTC,,7644,boulder,Final,Juniors Female,finished,2022-08-24 23:27:48 UTC,/api/v1/category_rounds/7644/results,boulder_finals_one_by_one,IFSC: Finals,6,,,,,,,8423,1,/api/v1/routes/8423/startlist,
/api/v1/events/1246/result/27,1246,full_results_url,"IFSC - Climbing Youth World Championships (B,S,L) - Dallas (USA) 2022",BOULDER Juniors Female,finished,2025-10-02 07:18:36 UTC,2026-04-22 09:01:39 UTC,,7644,boulder,Final,Juniors Female,finished,2022-08-24 23:27:48 UTC,/api/v1/category_rounds/7644/results,boulder_finals_one_by_one,IFSC: Finals,6,,,,,,,8424,2,/api/v1/routes/8424/startlist,
/api/v1/events/1246/result/27,1246,full_results_url,"IFSC - Climbing Youth World Championships (B,S,L) - Dallas (USA) 2022",BOULDER Juniors Female,finished,2025-10-02 07:18:36 UTC,2026-04-22 09:01:39 UTC,,7644,boulder,Final,Juniors Female,finished,2022-08-24 23:27:48 UTC,/api/v1/category_rounds/7644/results,boulder_finals_one_by_one,IFSC: Finals,6,,,,,,,8425,3,/api/v1/routes/8425/startlist,
/api/v1/events/1246/result/27,1246,full_results_url,"IFSC - Climbing Youth World Championships (B,S,L) - Dallas (USA) 2022",BOULDER Juniors Female,finished,2025-10-02 07:18:36 UTC,2026-04-22 09:01:39 UTC,,7644,boulder,Final,Juniors Female,finished,2022-08-24 23:27:48 UTC,/api/v1/category_rounds/7644/results,boulder_finals_one_by_one,IFSC: Finals,6,,,,,,,8426,4,/api/v1/routes/8426/startlist,
/api/v1/events/1246/result/31,1246,full_results_url,"IFSC - Climbing Youth World Championships (B,S,L) - Dallas (USA) 2022",BOULDER Youth A Female,finished,2025-10-02 07:18:36 UTC,2026-04-22 09:01:43 UTC,,6916,boulder,Qualification,Youth A Female,finished,2022-08-22 23:15:16 UTC,/api/v1/category_rounds/6916/results,boulder_one_group_two_courses,Custom: 2 courses,4,,,,,,,8197,A1,/api/v1/routes/8197/startlist,
/api/v1/events/1246/result/31,1246,full_results_url,"IFSC - Climbing Youth World Championships (B,S,L) - Dallas (USA) 2022",BOULDER Youth A Female,finished,2025-10-02 07:18:36 UTC,2026-04-22 09:01:43 UTC,,6916,boulder,Qualification,Youth A Female,finished,2022-08-22 23:15:16 UTC,/api/v1/category_rounds/6916/results,boulder_one_group_two_courses,Custom: 2 courses,4,,,,,,,8198,A2,/api/v1/routes/8198/startlist,
/api/v1/events/1246/result/31,1246,full_results_url,"IFSC - Climbing Youth World Championships (B,S,L) - Dallas (USA) 2022",BOULDER Youth A Female,finished,2025-10-02 07:18:36 UTC,2026-04-22 09:01:43 UTC,,6916,boulder,Qualification,Youth A Female,finished,2022-08-22 23:15:16 UTC,/api/v1/category_rounds/6916/results,boulder_one_group_two_courses,Custom: 2 courses,4,,,,,,,8199,A3,/api/v1/routes/8199/startlist,
/api/v1/events/1246/result/31,1246,full_results_url,"IFSC - Climbing Youth World Championships (B,S,L) - Dallas (USA) 2022",BOULDER Youth A Female,finished,2025-10-02 07:18:36 UTC,2026-04-22 09:01:43 UTC,,6916,boulder,Qualification,Youth A Female,finished,2022-08-22 23:15:16 UTC,/api/v1/category_rounds/6916/results,boulder_one_group_two_courses,Custom: 2 courses,4,,,,,,,8200,B1,/api/v1/routes/8200/startlist,
/api/v1/events/1246/result/31,1246,full_results_url,"IFSC - Climbing Youth World Championships (B,S,L) - Dallas (USA) 2022",BOULDER Youth A Female,finished,2025-10-02 07:18:36 UTC,2026-04-22 09:01:43 UTC,,6916,boulder,Qualification,Youth A Female,finished,2022-08-22 23:15:16 UTC,/api/v1/category_rounds/6916/results,boulder_one_group_two_courses,Custom: 2 courses,4,,,,,,,8201,B2,/api/v1/routes/8201/startlist,
/api/v1/events/1246/result/31,1246,full_results_url,"IFSC - Climbing Youth World Championships (B,S,L) - Dallas (USA) 2022",BOULDER Youth A Female,finished,2025-10-02 07:18:36 UTC,2026-04-22 09:01:43 UTC,,6916,boulder,Qualification,Youth A Female,finished,2022-08-22 23:15:16 UTC,/api/v1/category_rounds/6916/results,boulder_one_group_two_courses,Custom: 2 courses,4,,,,,,,8202,B3,/api/v1/routes/8202/startlist,
/api/v1/events/1246/result/31,1246,full_results_url,"IFSC - Climbing Youth World Championships (B,S,L) - Dallas (USA) 2022",BOULDER Youth A Female,finished,2025-10-02 07:18:36 UTC,2026-04-22 09:01:43 UTC,,7639,boulder,Semi-Final,Youth A Female,finished,2022-08-24 01:21:30 UTC,/api/v1/category_rounds/7639/results,boulder_one_group_one_boulder_set,IFSC: 1 group,5,,,,,,,8403,1,/api/v1/routes/8403/startlist,
/api/v1/events/1246/result/31,1246,full_results_url,"IFSC - Climbing Youth World Championships (B,S,L) - Dallas (USA) 2022",BOULDER Youth A Female,finished,2025-10-02 07:18:36 UTC,2026-04-22 09:01:43 UTC,,7639,boulder,Semi-Final,Youth A Female,finished,2022-08-24 01:21:30 UTC,/api/v1/category_rounds/7639/results,boulder_one_group_one_boulder_set,IFSC: 1 group,5,,,,,,,8404,2,/api/v1/routes/8404/startlist,
/api/v1/events/1246/result/31,1246,full_results_url,"IFSC - Climbing Youth World Championships (B,S,L) - Dallas (USA) 2022",BOULDER Youth A Female,finished,2025-10-02 07:18:36 UTC,2026-04-22 09:01:43 UTC,,7639,boulder,Semi-Final,Youth A Female,finished,2022-08-24 01:21:30 UTC,/api/v1/category_rounds/7639/results,boulder_one_group_one_boulder_set,IFSC: 1 group,5,,,,,,,8405,3,/api/v1/routes/8405/startlist,
/api/v1/events/1246/result/31,1246,full_results_url,"IFSC - Climbing Youth World Championships (B,S,L) - Dallas (USA) 2022",BOULDER Youth A Female,finished,2025-10-02 07:18:36 UTC,2026-04-22 09:01:43 UTC,,7639,boulder,Semi-Final,Youth A Female,finished,2022-08-24 01:21:30 UTC,/api/v1/category_rounds/7639/results,boulder_one_group_one_boulder_set,IFSC: 1 group,5,,,,,,,8406,4,/api/v1/routes/8406/startlist,
/api/v1/events/1246/result/31,1246,full_results_url,"IFSC - Climbing Youth World Championships (B,S,L) - Dallas (USA) 2022",BOULDER Youth A Female,finished,2025-10-02 07:18:36 UTC,2026-04-22 09:01:43 UTC,,7645,boulder,Final,Youth A Female,finished,2022-08-24 20:48:10 UTC,/api/v1/category_rounds/7645/results,boulder_finals_one_by_one,IFSC: Finals,6,,,,,,,8427,1,/api/v1/routes/8427/startlist,
/api/v1/events/1246/result/31,1246,full_results_url,"IFSC - Climbing Youth World Championships (B,S,L) - Dallas (USA) 2022",BOULDER Youth A Female,finished,2025-10-02 07:18:36 UTC,2026-04-22 09:01:43 UTC,,7645,boulder,Final,Youth A Female,finished,2022-08-24 20:48:10 UTC,/api/v1/category_rounds/7645/results,boulder_finals_one_by_one,IFSC: Finals,6,,,,,,,8428,2,/api/v1/routes/8428/startlist,
/api/v1/events/1246/result/31,1246,full_results_url,"IFSC - Climbing Youth World Championships (B,S,L) - Dallas (USA) 2022",BOULDER Youth A Female,finished,2025-10-02 07:18:36 UTC,2026-04-22 09:01:43 UTC,,7645,boulder,Final,Youth A Female,finished,2022-08-24 20:48:10 UTC,/api/v1/category_rounds/7645/results,boulder_finals_one_by_one,IFSC: Finals,6,,,,,,,8429,3,/api/v1/routes/8429/startlist,
/api/v1/events/1246/result/31,1246,full_results_url,"IFSC - Climbing Youth World Championships (B,S,L) - Dallas (USA) 2022",BOULDER Youth A Female,finished,2025-10-02 07:18:36 UTC,2026-04-22 09:01:43 UTC,,7645,boulder,Final,Youth A Female,finished,2022-08-24 20:48:10 UTC,/api/v1/category_rounds/7645/results,boulder_finals_one_by_one,IFSC: Finals,6,,,,,,,8430,4,/api/v1/routes/8430/startlist,
/api/v1/events/1246/result/35,1246,full_results_url,"IFSC - Climbing Youth World Championships (B,S,L) - Dallas (USA) 2022",BOULDER Youth B Female,finished,2025-10-02 07:18:36 UTC,2026-04-22 09:01:47 UTC,,6917,boulder,Qualification,Youth B Female,finished,2022-08-23 17:54:32 UTC,/api/v1/category_rounds/6917/results,boulder_one_group_two_courses,Custom: 2 courses,4,,,,,,,8203,A1,/api/v1/routes/8203/startlist,
/api/v1/events/1246/result/35,1246,full_results_url,"IFSC - Climbing Youth World Championships (B,S,L) - Dallas (USA) 2022",BOULDER Youth B Female,finished,2025-10-02 07:18:36 UTC,2026-04-22 09:01:47 UTC,,6917,boulder,Qualification,Youth B Female,finished,2022-08-23 17:54:32 UTC,/api/v1/category_rounds/6917/results,boulder_one_group_two_courses,Custom: 2 courses,4,,,,,,,8204,A2,/api/v1/routes/8204/startlist,
/api/v1/events/1246/result/35,1246,full_results_url,"IFSC - Climbing Youth World Championships (B,S,L) - Dallas (USA) 2022",BOULDER Youth B Female,finished,2025-10-02 07:18:36 UTC,2026-04-22 09:01:47 UTC,,6917,boulder,Qualification,Youth B Female,finished,2022-08-23 17:54:32 UTC,/api/v1/category_rounds/6917/results,boulder_one_group_two_courses,Custom: 2 courses,4,,,,,,,8205,A3,/api/v1/routes/8205/startlist,
/api/v1/events/1246/result/35,1246,full_results_url,"IFSC - Climbing Youth World Championships (B,S,L) - Dallas (USA) 2022",BOULDER Youth B Female,finished,2025-10-02 07:18:36 UTC,2026-04-22 09:01:47 UTC,,6917,boulder,Qualification,Youth B Female,finished,2022-08-23 17:54:32 UTC,/api/v1/category_rounds/6917/results,boulder_one_group_two_courses,Custom: 2 courses,4,,,,,,,8206,B1,/api/v1/routes/8206/startlist,
/api/v1/events/1246/result/35,1246,full_results_url,"IFSC - Climbing Youth World Championships (B,S,L) - Dallas (USA) 2022",BOULDER Youth B Female,finished,2025-10-02 07:18:36 UTC,2026-04-22 09:01:47 UTC,,6917,boulder,Qualification,Youth B Female,finished,2022-08-23 17:54:32 UTC,/api/v1/category_rounds/6917/results,boulder_one_group_two_courses,Custom: 2 courses,4,,,,,,,8207,B2,/api/v1/routes/8207/startlist,
/api/v1/events/1246/result/35,1246,full_results_url,"IFSC - Climbing Youth World Championships (B,S,L) - Dallas (USA) 2022",BOULDER Youth B Female,finished,2025-10-02 07:18:36 UTC,2026-04-22 09:01:47 UTC,,6917,boulder,Qualification,Youth B Female,finished,2022-08-23 17:54:32 UTC,/api/v1/category_rounds/6917/results,boulder_one_group_two_courses,Custom: 2 courses,4,,,,,,,8208,B3,/api/v1/routes/8208/startlist,
/api/v1/events/1246/result/35,1246,full_results_url,"IFSC - Climbing Youth World Championships (B,S,L) - Dallas (USA) 2022",BOULDER Youth B Female,finished,2025-10-02 07:18:36 UTC,2026-04-22 09:01:47 UTC,,7640,boulder,Semi-Final,Youth B Female,finished,2022-08-24 16:18:25 UTC,/api/v1/category_rounds/7640/results,boulder_one_group_one_boulder_set,IFSC: 1 group,5,,,,,,,8407,1,/api/v1/routes/8407/startlist,
/api/v1/events/1246/result/35,1246,full_results_url,"IFSC - Climbing Youth World Championships (B,S,L) - Dallas (USA) 2022",BOULDER Youth B Female,finished,2025-10-02 07:18:36 UTC,2026-04-22 09:01:47 UTC,,7640,boulder,Semi-Final,Youth B Female,finished,2022-08-24 16:18:25 UTC,/api/v1/category_rounds/7640/results,boulder_one_group_one_boulder_set,IFSC: 1 group,5,,,,,,,8408,2,/api/v1/routes/8408/startlist,
/api/v1/events/1246/result/35,1246,full_results_url,"IFSC - Climbing Youth World Championships (B,S,L) - Dallas (USA) 2022",BOULDER Youth B Female,finished,2025-10-02 07:18:36 UTC,2026-04-22 09:01:47 UTC,,7640,boulder,Semi-Final,Youth B Female,finished,2022-08-24 16:18:25 UTC,/api/v1/category_rounds/7640/results,boulder_one_group_one_boulder_set,IFSC: 1 group,5,,,,,,,8409,3,/api/v1/routes/8409/startlist,
/api/v1/events/1246/result/35,1246,full_results_url,"IFSC - Climbing Youth World Championships (B,S,L) - Dallas (USA) 2022",BOULDER Youth B Female,finished,2025-10-02 07:18:36 UTC,2026-04-22 09:01:47 UTC,,7640,boulder,Semi-Final,Youth B Female,finished,2022-08-24 16:18:25 UTC,/api/v1/category_rounds/7640/results,boulder_one_group_one_boulder_set,IFSC: 1 group,5,,,,,,,8410,4,/api/v1/routes/8410/startlist,
/api/v1/events/1246/result/35,1246,full_results_url,"IFSC - Climbing Youth World Championships (B,S,L) - Dallas (USA) 2022",BOULDER Youth B Female,finished,2025-10-02 07:18:36 UTC,2026-04-22 09:01:47 UTC,,7646,boulder,Final,Youth B Female,finished,2022-08-25 16:37:29 UTC,/api/v1/category_rounds/7646/results,boulder_finals_one_by_one,IFSC: Finals,6,,,,,,,8431,1,/api/v1/routes/8431/startlist,
/api/v1/events/1246/result/35,1246,full_results_url,"IFSC - Climbing Youth World Championships (B,S,L) - Dallas (USA) 2022",BOULDER Youth B Female,finished,2025-10-02 07:18:36 UTC,2026-04-22 09:01:47 UTC,,7646,boulder,Final,Youth B Female,finished,2022-08-25 16:37:29 UTC,/api/v1/category_rounds/7646/results,boulder_finals_one_by_one,IFSC: Finals,6,,,,,,,8432,2,/api/v1/routes/8432/startlist,
/api/v1/events/1246/result/35,1246,full_results_url,"IFSC - Climbing Youth World Championships (B,S,L) - Dallas (USA) 2022",BOULDER Youth B Female,finished,2025-10-02 07:18:36 UTC,2026-04-22 09:01:47 UTC,,7646,boulder,Final,Youth B Female,finished,2022-08-25 16:37:29 UTC,/api/v1/category_rounds/7646/results,boulder_finals_one_by_one,IFSC: Finals,6,,,,,,,8433,3,/api/v1/routes/8433/startlist,
/api/v1/events/1246/result/35,1246,full_results_url,"IFSC - Climbing Youth World Championships (B,S,L) - Dallas (USA) 2022",BOULDER Youth B Female,finished,2025-10-02 07:18:36 UTC,2026-04-22 09:01:47 UTC,,7646,boulder,Final,Youth B Female,finished,2022-08-25 16:37:29 UTC,/api/v1/category_rounds/7646/results,boulder_finals_one_by_one,IFSC: Finals,6,,,,,,,8434,4,/api/v1/routes/8434/startlist,
/api/v1/events/1246/result/9,1246,full_results_url,"IFSC - Climbing Youth World Championships (B,S,L) - Dallas (USA) 2022",LEAD Juniors Male,finished,2025-10-02 07:18:36 UTC,2026-04-22 09:01:51 UTC,,6918,lead,Qualification,Juniors Male,finished,2022-08-28 19:14:27 UTC,/api/v1/category_rounds/6918/results,lead_one_group_two_routes,IFSC: 2 routes,4,,,,,,,6036,1,/api/v1/routes/6036/startlist,/api/v1/routes/6036/results
/api/v1/events/1246/result/9,1246,full_results_url,"IFSC - Climbing Youth World Championships (B,S,L) - Dallas (USA) 2022",LEAD Juniors Male,finished,2025-10-02 07:18:36 UTC,2026-04-22 09:01:51 UTC,,6918,lead,Qualification,Juniors Male,finished,2022-08-28 19:14:27 UTC,/api/v1/category_rounds/6918/results,lead_one_group_two_routes,IFSC: 2 routes,4,,,,,,,6037,2,/api/v1/routes/6037/startlist,/api/v1/routes/6037/results
/api/v1/events/1246/result/9,1246,full_results_url,"IFSC - Climbing Youth World Championships (B,S,L) - Dallas (USA) 2022",LEAD Juniors Male,finished,2025-10-02 07:18:36 UTC,2026-04-22 09:01:51 UTC,,7653,lead,Semi-Final,Juniors Male,finished,2022-08-30 16:27:17 UTC,/api/v1/category_rounds/7653/results,lead_one_group_one_route,IFSC: 1 route,5,,,,,,,8464,1,/api/v1/routes/8464/startlist,/api/v1/routes/8464/results
/api/v1/events/1246/result/9,1246,full_results_url,"IFSC - Climbing Youth World Championships (B,S,L) - Dallas (USA) 2022",LEAD Juniors Male,finished,2025-10-02 07:18:36 UTC,2026-04-22 09:01:51 UTC,,7659,lead,Final,Juniors Male,finished,2022-08-30 21:01:59 UTC,/api/v1/category_rounds/7659/results,lead_one_group_one_route,IFSC: 1 route,6,,,,,,,8470,1,/api/v1/routes/8470/startlist,/api/v1/routes/8470/results
/api/v1/events/1246/result/13,1246,full_results_url,"IFSC - Climbing Youth World Championships (B,S,L) - Dallas (USA) 2022",LEAD Youth A Male,finished,2025-10-02 07:18:36 UTC,2026-04-22 09:01:54 UTC,,6919,lead,Qualification,Youth A Male,finished,2022-08-29 19:02:58 UTC,/api/v1/category_rounds/6919/results,lead_one_group_two_routes,IFSC: 2 routes,4,,,,,,,6038,1,/api/v1/routes/6038/startlist,/api/v1/routes/6038/results
/api/v1/events/1246/result/13,1246,full_results_url,"IFSC - Climbing Youth World Championships (B,S,L) - Dallas (USA) 2022",LEAD Youth A Male,finished,2025-10-02 07:18:36 UTC,2026-04-22 09:01:54 UTC,,6919,lead,Qualification,Youth A Male,finished,2022-08-29 19:02:58 UTC,/api/v1/category_rounds/6919/results,lead_one_group_two_routes,IFSC: 2 routes,4,,,,,,,6039,2,/api/v1/routes/6039/startlist,/api/v1/routes/6039/results
/api/v1/events/1246/result/13,1246,full_results_url,"IFSC - Climbing Youth World Championships (B,S,L) - Dallas (USA) 2022",LEAD Youth A Male,finished,2025-10-02 07:18:36 UTC,2026-04-22 09:01:54 UTC,,7654,lead,Semi-Final,Youth A Male,finished,2022-08-31 16:11:54 UTC,/api/v1/category_rounds/7654/results,lead_one_group_one_route,IFSC: 1 route,5,,,,,,,8465,1,/api/v1/routes/8465/startlist,/api/v1/routes/8465/results
/api/v1/events/1246/result/13,1246,full_results_url,"IFSC - Climbing Youth World Championships (B,S,L) - Dallas (USA) 2022",LEAD Youth A Male,finished,2025-10-02 07:18:36 UTC,2026-04-22 09:01:54 UTC,,7660,lead,Final,Youth A Male,finished,2022-08-31 20:45:05 UTC,/api/v1/category_rounds/7660/results,lead_one_group_one_route,IFSC: 1 route,6,,,,,,,8471,1,/api/v1/routes/8471/startlist,/api/v1/routes/8471/results
/api/v1/events/1246/result/17,1246,full_results_url,"IFSC - Climbing Youth World Championships (B,S,L) - Dallas (USA) 2022",LEAD Youth B Male,finished,2025-10-02 07:18:36 UTC,2026-04-22 09:01:57 UTC,,6920,lead,Qualification,Youth B Male,finished,2022-08-29 19:03:38 UTC,/api/v1/category_rounds/6920/results,lead_one_group_two_routes,IFSC: 2 routes,4,,,,,,,6040,1,/api/v1/routes/6040/startlist,/api/v1/routes/6040/results
/api/v1/events/1246/result/17,1246,full_results_url,"IFSC - Climbing Youth World Championships (B,S,L) - Dallas (USA) 2022",LEAD Youth B Male,finished,2025-10-02 07:18:36 UTC,2026-04-22 09:01:57 UTC,,6920,lead,Qualification,Youth B Male,finished,2022-08-29 19:03:38 UTC,/api/v1/category_rounds/6920/results,lead_one_group_two_routes,IFSC: 2 routes,4,,,,,,,6041,2,/api/v1/routes/6041/startlist,/api/v1/routes/6041/results
/api/v1/events/1246/result/17,1246,full_results_url,"IFSC - Climbing Youth World Championships (B,S,L) - Dallas (USA) 2022",LEAD Youth B Male,finished,2025-10-02 07:18:36 UTC,2026-04-22 09:01:57 UTC,,7655,lead,Semi-Final,Youth B Male,finished,2022-08-31 16:33:00 UTC,/api/v1/category_rounds/7655/results,lead_one_group_one_route,IFSC: 1 route,5,,,,,,,8466,1,/api/v1/routes/8466/startlist,/api/v1/routes/8466/results
/api/v1/events/1246/result/17,1246,full_results_url,"IFSC - Climbing Youth World Championships (B,S,L) - Dallas (USA) 2022",LEAD Youth B Male,finished,2025-10-02 07:18:36 UTC,2026-04-22 09:01:57 UTC,,7661,lead,Final,Youth B Male,finished,2022-08-31 21:03:52 UTC,/api/v1/category_rounds/7661/results,lead_one_group_one_route,IFSC: 1 route,6,,,,,,,8472,1,/api/v1/routes/8472/startlist,/api/v1/routes/8472/results
/api/v1/events/1246/result/25,1246,full_results_url,"IFSC - Climbing Youth World Championships (B,S,L) - Dallas (USA) 2022",LEAD Juniors Female,finished,2025-10-02 07:18:36 UTC,2026-04-22 09:02:01 UTC,,6921,lead,Qualification,Juniors Female,finished,2022-08-28 18:58:50 UTC,/api/v1/category_rounds/6921/results,lead_one_group_two_routes,IFSC: 2 routes,4,,,,,,,6042,1,/api/v1/routes/6042/startlist,/api/v1/routes/6042/results
/api/v1/events/1246/result/25,1246,full_results_url,"IFSC - Climbing Youth World Championships (B,S,L) - Dallas (USA) 2022",LEAD Juniors Female,finished,2025-10-02 07:18:36 UTC,2026-04-22 09:02:01 UTC,,6921,lead,Qualification,Juniors Female,finished,2022-08-28 18:58:50 UTC,/api/v1/category_rounds/6921/results,lead_one_group_two_routes,IFSC: 2 routes,4,,,,,,,6043,2,/api/v1/routes/6043/startlist,/api/v1/routes/6043/results
/api/v1/events/1246/result/25,1246,full_results_url,"IFSC - Climbing Youth World Championships (B,S,L) - Dallas (USA) 2022",LEAD Juniors Female,finished,2025-10-02 07:18:36 UTC,2026-04-22 09:02:01 UTC,,7656,lead,Semi-Final,Juniors Female,finished,2022-08-30 16:55:10 UTC,/api/v1/category_rounds/7656/results,lead_one_group_one_route,IFSC: 1 route,5,,,,,,,8467,1,/api/v1/routes/8467/startlist,/api/v1/routes/8467/results
/api/v1/events/1246/result/25,1246,full_results_url,"IFSC - Climbing Youth World Championships (B,S,L) - Dallas (USA) 2022",LEAD Juniors Female,finished,2025-10-02 07:18:36 UTC,2026-04-22 09:02:01 UTC,,7662,lead,Final,Juniors Female,finished,2022-08-30 21:39:09 UTC,/api/v1/category_rounds/7662/results,lead_one_group_one_route,IFSC: 1 route,6,,,,,,,8473,1,/api/v1/routes/8473/startlist,/api/v1/routes/8473/results
/api/v1/events/1246/result/29,1246,full_results_url,"IFSC - Climbing Youth World Championships (B,S,L) - Dallas (USA) 2022",LEAD Youth A Female,finished,2025-10-02 07:18:36 UTC,2026-04-22 09:02:04 UTC,,6922,lead,Qualification,Youth A Female,finished,2022-08-28 19:23:14 UTC,/api/v1/category_rounds/6922/results,lead_one_group_two_routes,IFSC: 2 routes,4,,,,,,,6044,1,/api/v1/routes/6044/startlist,/api/v1/routes/6044/results
/api/v1/events/1246/result/29,1246,full_results_url,"IFSC - Climbing Youth World Championships (B,S,L) - Dallas (USA) 2022",LEAD Youth A Female,finished,2025-10-02 07:18:36 UTC,2026-04-22 09:02:04 UTC,,6922,lead,Qualification,Youth A Female,finished,2022-08-28 19:23:14 UTC,/api/v1/category_rounds/6922/results,lead_one_group_two_routes,IFSC: 2 routes,4,,,,,,,6045,2,/api/v1/routes/6045/startlist,/api/v1/routes/6045/results
/api/v1/events/1246/result/29,1246,full_results_url,"IFSC - Climbing Youth World Championships (B,S,L) - Dallas (USA) 2022",LEAD Youth A Female,finished,2025-10-02 07:18:36 UTC,2026-04-22 09:02:04 UTC,,7657,lead,Semi-Final,Youth A Female,finished,2022-08-30 16:32:22 UTC,/api/v1/category_rounds/7657/results,lead_one_group_one_route,IFSC: 1 route,5,,,,,,,8468,1,/api/v1/routes/8468/startlist,/api/v1/routes/8468/results
/api/v1/events/1246/result/29,1246,full_results_url,"IFSC - Climbing Youth World Championships (B,S,L) - Dallas (USA) 2022",LEAD Youth A Female,finished,2025-10-02 07:18:36 UTC,2026-04-22 09:02:04 UTC,,7663,lead,Final,Youth A Female,finished,2022-08-30 20:43:28 UTC,/api/v1/category_rounds/7663/results,lead_one_group_one_route,IFSC: 1 route,6,,,,,,,8474,1,/api/v1/routes/8474/startlist,/api/v1/routes/8474/results
/api/v1/events/1246/result/33,1246,full_results_url,"IFSC - Climbing Youth World Championships (B,S,L) - Dallas (USA) 2022",LEAD Youth B Female,finished,2025-10-02 07:18:36 UTC,2026-04-22 09:02:08 UTC,,6923,lead,Qualification,Youth B Female,finished,2022-08-29 19:11:52 UTC,/api/v1/category_rounds/6923/results,lead_one_group_two_routes,IFSC: 2 routes,4,,,,,,,6046,1,/api/v1/routes/6046/startlist,/api/v1/routes/6046/results
/api/v1/events/1246/result/33,1246,full_results_url,"IFSC - Climbing Youth World Championships (B,S,L) - Dallas (USA) 2022",LEAD Youth B Female,finished,2025-10-02 07:18:36 UTC,2026-04-22 09:02:08 UTC,,6923,lead,Qualification,Youth B Female,finished,2022-08-29 19:11:52 UTC,/api/v1/category_rounds/6923/results,lead_one_group_two_routes,IFSC: 2 routes,4,,,,,,,6047,2,/api/v1/routes/6047/startlist,/api/v1/routes/6047/results
/api/v1/events/1246/result/33,1246,full_results_url,"IFSC - Climbing Youth World Championships (B,S,L) - Dallas (USA) 2022",LEAD Youth B Female,finished,2025-10-02 07:18:36 UTC,2026-04-22 09:02:08 UTC,,7658,lead,Semi-Final,Youth B Female,finished,2022-08-31 16:30:10 UTC,/api/v1/category_rounds/7658/results,lead_one_group_one_route,IFSC: 1 route,5,,,,,,,8469,1,/api/v1/routes/8469/startlist,/api/v1/routes/8469/results
/api/v1/events/1246/result/33,1246,full_results_url,"IFSC - Climbing Youth World Championships (B,S,L) - Dallas (USA) 2022",LEAD Youth B Female,finished,2025-10-02 07:18:36 UTC,2026-04-22 09:02:08 UTC,,7664,lead,Final,Youth B Female,finished,2022-08-31 21:12:02 UTC,/api/v1/category_rounds/7664/results,lead_one_group_one_route,IFSC: 1 route,6,,,,,,,8475,1,/api/v1/routes/8475/startlist,/api/v1/routes/8475/results
/api/v1/events/1246/result/10,1246,full_results_url,"IFSC - Climbing Youth World Championships (B,S,L) - Dallas (USA) 2022",SPEED Juniors Male,finished,2025-10-02 07:18:36 UTC,2026-04-22 09:02:11 UTC,,6924,speed,Qualification,Juniors Male,finished,2022-08-26 19:37:00 UTC,/api/v1/category_rounds/6924/results,speed_staggered,IFSC: Qualification,4,,,,,,,6048,A,/api/v1/routes/6048/startlist,
/api/v1/events/1246/result/10,1246,full_results_url,"IFSC - Climbing Youth World Championships (B,S,L) - Dallas (USA) 2022",SPEED Juniors Male,finished,2025-10-02 07:18:36 UTC,2026-04-22 09:02:11 UTC,,6924,speed,Qualification,Juniors Male,finished,2022-08-26 19:37:00 UTC,/api/v1/category_rounds/6924/results,speed_staggered,IFSC: Qualification,4,,,,,,,6049,B,/api/v1/routes/6049/startlist,
/api/v1/events/1246/result/10,1246,full_results_url,"IFSC - Climbing Youth World Championships (B,S,L) - Dallas (USA) 2022",SPEED Juniors Male,finished,2025-10-02 07:18:36 UTC,2026-04-22 09:02:11 UTC,,7495,speed,Final,Juniors Male,finished,2024-01-15 21:39:23 UTC,/api/v1/category_rounds/7495/results,speed_elimination_ifsc_2022,IFSC 2022: Elimination,6,,,,,,,7887,A,/api/v1/routes/7887/startlist,
/api/v1/events/1246/result/10,1246,full_results_url,"IFSC - Climbing Youth World Championships (B,S,L) - Dallas (USA) 2022",SPEED Juniors Male,finished,2025-10-02 07:18:36 UTC,2026-04-22 09:02:11 UTC,,7495,speed,Final,Juniors Male,finished,2024-01-15 21:39:23 UTC,/api/v1/category_rounds/7495/results,speed_elimination_ifsc_2022,IFSC 2022: Elimination,6,,,,,,,7888,B,/api/v1/routes/7888/startlist,
/api/v1/events/1246/result/14,1246,full_results_url,"IFSC - Climbing Youth World Championships (B,S,L) - Dallas (USA) 2022",SPEED Youth A Male,finished,2025-10-02 07:18:36 UTC,2026-04-22 09:02:15 UTC,,6925,speed,Qualification,Youth A Male,finished,2022-08-26 18:32:25 UTC,/api/v1/category_rounds/6925/results,speed_staggered,IFSC: Qualification,4,,,,,,,6050,A,/api/v1/routes/6050/startlist,
/api/v1/events/1246/result/14,1246,full_results_url,"IFSC - Climbing Youth World Championships (B,S,L) - Dallas (USA) 2022",SPEED Youth A Male,finished,2025-10-02 07:18:36 UTC,2026-04-22 09:02:15 UTC,,6925,speed,Qualification,Youth A Male,finished,2022-08-26 18:32:25 UTC,/api/v1/category_rounds/6925/results,speed_staggered,IFSC: Qualification,4,,,,,,,6051,B,/api/v1/routes/6051/startlist,
/api/v1/events/1246/result/14,1246,full_results_url,"IFSC - Climbing Youth World Championships (B,S,L) - Dallas (USA) 2022",SPEED Youth A Male,finished,2025-10-02 07:18:36 UTC,2026-04-22 09:02:15 UTC,,7496,speed,Final,Youth A Male,finished,2024-01-15 21:39:24 UTC,/api/v1/category_rounds/7496/results,speed_elimination_ifsc_2022,IFSC 2022: Elimination,6,,,,,,,7889,A,/api/v1/routes/7889/startlist,
/api/v1/events/1246/result/14,1246,full_results_url,"IFSC - Climbing Youth World Championships (B,S,L) - Dallas (USA) 2022",SPEED Youth A Male,finished,2025-10-02 07:18:36 UTC,2026-04-22 09:02:15 UTC,,7496,speed,Final,Youth A Male,finished,2024-01-15 21:39:24 UTC,/api/v1/category_rounds/7496/results,speed_elimination_ifsc_2022,IFSC 2022: Elimination,6,,,,,,,7890,B,/api/v1/routes/7890/startlist,
/api/v1/events/1246/result/18,1246,full_results_url,"IFSC - Climbing Youth World Championships (B,S,L) - Dallas (USA) 2022",SPEED Youth B Male,finished,2025-10-02 07:18:36 UTC,2026-04-22 09:02:18 UTC,,6926,speed,Qualification,Youth B Male,finished,2022-08-27 16:58:07 UTC,/api/v1/category_rounds/6926/results,speed_staggered,IFSC: Qualification,4,,,,,,,6052,A,/api/v1/routes/6052/startlist,
/api/v1/events/1246/result/18,1246,full_results_url,"IFSC - Climbing Youth World Championships (B,S,L) - Dallas (USA) 2022",SPEED Youth B Male,finished,2025-10-02 07:18:36 UTC,2026-04-22 09:02:18 UTC,,6926,speed,Qualification,Youth B Male,finished,2022-08-27 16:58:07 UTC,/api/v1/category_rounds/6926/results,speed_staggered,IFSC: Qualification,4,,,,,,,6053,B,/api/v1/routes/6053/startlist,
/api/v1/events/1246/result/18,1246,full_results_url,"IFSC - Climbing Youth World Championships (B,S,L) - Dallas (USA) 2022",SPEED Youth B Male,finished,2025-10-02 07:18:36 UTC,2026-04-22 09:02:18 UTC,,7497,speed,Final,Youth B Male,finished,2024-01-15 21:39:24 UTC,/api/v1/category_rounds/7497/results,speed_elimination_ifsc_2022,IFSC 2022: Elimination,6,,,,,,,7891,A,/api/v1/routes/7891/startlist,
/api/v1/events/1246/result/18,1246,full_results_url,"IFSC - Climbing Youth World Championships (B,S,L) - Dallas (USA) 2022",SPEED Youth B Male,finished,2025-10-02 07:18:36 UTC,2026-04-22 09:02:18 UTC,,7497,speed,Final,Youth B Male,finished,2024-01-15 21:39:24 UTC,/api/v1/category_rounds/7497/results,speed_elimination_ifsc_2022,IFSC 2022: Elimination,6,,,,,,,7892,B,/api/v1/routes/7892/startlist,
/api/v1/events/1246/result/26,1246,full_results_url,"IFSC - Climbing Youth World Championships (B,S,L) - Dallas (USA) 2022",SPEED Juniors Female,finished,2025-10-02 07:18:36 UTC,2026-04-22 09:02:21 UTC,,6927,speed,Qualification,Juniors Female,finished,2022-08-26 19:06:16 UTC,/api/v1/category_rounds/6927/results,speed_staggered,IFSC: Qualification,4,,,,,,,6054,A,/api/v1/routes/6054/startlist,
/api/v1/events/1246/result/26,1246,full_results_url,"IFSC - Climbing Youth World Championships (B,S,L) - Dallas (USA) 2022",SPEED Juniors Female,finished,2025-10-02 07:18:36 UTC,2026-04-22 09:02:21 UTC,,6927,speed,Qualification,Juniors Female,finished,2022-08-26 19:06:16 UTC,/api/v1/category_rounds/6927/results,speed_staggered,IFSC: Qualification,4,,,,,,,6055,B,/api/v1/routes/6055/startlist,
/api/v1/events/1246/result/26,1246,full_results_url,"IFSC - Climbing Youth World Championships (B,S,L) - Dallas (USA) 2022",SPEED Juniors Female,finished,2025-10-02 07:18:36 UTC,2026-04-22 09:02:21 UTC,,7498,speed,Final,Juniors Female,finished,2024-01-15 21:39:25 UTC,/api/v1/category_rounds/7498/results,speed_elimination_ifsc_2022,IFSC 2022: Elimination,6,,,,,,,7893,A,/api/v1/routes/7893/startlist,
/api/v1/events/1246/result/26,1246,full_results_url,"IFSC - Climbing Youth World Championships (B,S,L) - Dallas (USA) 2022",SPEED Juniors Female,finished,2025-10-02 07:18:36 UTC,2026-04-22 09:02:21 UTC,,7498,speed,Final,Juniors Female,finished,2024-01-15 21:39:25 UTC,/api/v1/category_rounds/7498/results,speed_elimination_ifsc_2022,IFSC 2022: Elimination,6,,,,,,,7894,B,/api/v1/routes/7894/startlist,
/api/v1/events/1246/result/30,1246,full_results_url,"IFSC - Climbing Youth World Championships (B,S,L) - Dallas (USA) 2022",SPEED Youth A Female,finished,2025-10-02 07:18:36 UTC,2026-04-22 09:02:25 UTC,,6928,speed,Qualification,Youth A Female,finished,2022-08-26 18:03:56 UTC,/api/v1/category_rounds/6928/results,speed_staggered,IFSC: Qualification,4,,,,,,,6056,A,/api/v1/routes/6056/startlist,
/api/v1/events/1246/result/30,1246,full_results_url,"IFSC - Climbing Youth World Championships (B,S,L) - Dallas (USA) 2022",SPEED Youth A Female,finished,2025-10-02 07:18:36 UTC,2026-04-22 09:02:25 UTC,,6928,speed,Qualification,Youth A Female,finished,2022-08-26 18:03:56 UTC,/api/v1/category_rounds/6928/results,speed_staggered,IFSC: Qualification,4,,,,,,,6057,B,/api/v1/routes/6057/startlist,
/api/v1/events/1246/result/30,1246,full_results_url,"IFSC - Climbing Youth World Championships (B,S,L) - Dallas (USA) 2022",SPEED Youth A Female,finished,2025-10-02 07:18:36 UTC,2026-04-22 09:02:25 UTC,,7499,speed,Final,Youth A Female,finished,2024-01-15 21:39:25 UTC,/api/v1/category_rounds/7499/results,speed_elimination_ifsc_2022,IFSC 2022: Elimination,6,,,,,,,7895,A,/api/v1/routes/7895/startlist,
/api/v1/events/1246/result/30,1246,full_results_url,"IFSC - Climbing Youth World Championships (B,S,L) - Dallas (USA) 2022",SPEED Youth A Female,finished,2025-10-02 07:18:36 UTC,2026-04-22 09:02:25 UTC,,7499,speed,Final,Youth A Female,finished,2024-01-15 21:39:25 UTC,/api/v1/category_rounds/7499/results,speed_elimination_ifsc_2022,IFSC 2022: Elimination,6,,,,,,,7896,B,/api/v1/routes/7896/startlist,
/api/v1/events/1246/result/34,1246,full_results_url,"IFSC - Climbing Youth World Championships (B,S,L) - Dallas (USA) 2022",SPEED Youth B Female,finished,2025-10-02 07:18:36 UTC,2026-04-22 09:02:28 UTC,,6929,speed,Qualification,Youth B Female,finished,2022-08-27 16:30:56 UTC,/api/v1/category_rounds/6929/results,speed_staggered,IFSC: Qualification,4,,,,,,,6058,A,/api/v1/routes/6058/startlist,
/api/v1/events/1246/result/34,1246,full_results_url,"IFSC - Climbing Youth World Championships (B,S,L) - Dallas (USA) 2022",SPEED Youth B Female,finished,2025-10-02 07:18:36 UTC,2026-04-22 09:02:28 UTC,,6929,speed,Qualification,Youth B Female,finished,2022-08-27 16:30:56 UTC,/api/v1/category_rounds/6929/results,speed_staggered,IFSC: Qualification,4,,,,,,,6059,B,/api/v1/routes/6059/startlist,
/api/v1/events/1246/result/34,1246,full_results_url,"IFSC - Climbing Youth World Championships (B,S,L) - Dallas (USA) 2022",SPEED Youth B Female,finished,2025-10-02 07:18:36 UTC,2026-04-22 09:02:28 UTC,,7500,speed,Final,Youth B Female,finished,2024-01-15 21:39:26 UTC,/api/v1/category_rounds/7500/results,speed_elimination_ifsc_2022,IFSC 2022: Elimination,6,,,,,,,7897,A,/api/v1/routes/7897/startlist,
/api/v1/events/1246/result/34,1246,full_results_url,"IFSC - Climbing Youth World Championships (B,S,L) - Dallas (USA) 2022",SPEED Youth B Female,finished,2025-10-02 07:18:36 UTC,2026-04-22 09:02:28 UTC,,7500,speed,Final,Youth B Female,finished,2024-01-15 21:39:26 UTC,/api/v1/category_rounds/7500/results,speed_elimination_ifsc_2022,IFSC 2022: Elimination,6,,,,,,,7898,B,/api/v1/routes/7898/startlist,
/api/v1/events/1242/result/1,1242,full_results_url,IFSC - Climbing World Cup (L) - Koper (SLO) 2022,LEAD Men,finished,2025-10-02 07:18:36 UTC,2026-04-22 09:02:32 UTC,,6872,lead,Qualification,Men,finished,2022-09-02 11:03:52 UTC,/api/v1/category_rounds/6872/results,lead_one_group_two_routes,IFSC: 2 routes,1,,,,,,,5896,1,/api/v1/routes/5896/startlist,/api/v1/routes/5896/results
/api/v1/events/1242/result/1,1242,full_results_url,IFSC - Climbing World Cup (L) - Koper (SLO) 2022,LEAD Men,finished,2025-10-02 07:18:36 UTC,2026-04-22 09:02:32 UTC,,6872,lead,Qualification,Men,finished,2022-09-02 11:03:52 UTC,/api/v1/category_rounds/6872/results,lead_one_group_two_routes,IFSC: 2 routes,1,,,,,,,5897,2,/api/v1/routes/5897/startlist,/api/v1/routes/5897/results
/api/v1/events/1242/result/1,1242,full_results_url,IFSC - Climbing World Cup (L) - Koper (SLO) 2022,LEAD Men,finished,2025-10-02 07:18:36 UTC,2026-04-22 09:02:32 UTC,,7665,lead,Semi-final,Men,finished,2022-09-02 21:11:33 UTC,/api/v1/category_rounds/7665/results,lead_one_group_one_route,IFSC: 1 route,2,,,,,,,8476,1,/api/v1/routes/8476/startlist,/api/v1/routes/8476/results
/api/v1/events/1242/result/1,1242,full_results_url,IFSC - Climbing World Cup (L) - Koper (SLO) 2022,LEAD Men,finished,2025-10-02 07:18:36 UTC,2026-04-22 09:02:32 UTC,,7667,lead,Final,Men,finished,2022-09-03 18:48:13 UTC,/api/v1/category_rounds/7667/results,lead_one_group_one_route,IFSC: 1 route,3,,,,,,,8478,1,/api/v1/routes/8478/startlist,/api/v1/routes/8478/results
/api/v1/events/1242/result/5,1242,full_results_url,IFSC - Climbing World Cup (L) - Koper (SLO) 2022,LEAD Women,finished,2025-10-02 07:18:36 UTC,2026-04-22 09:02:35 UTC,,6873,lead,Qualification,Women,finished,2022-09-02 11:41:54 UTC,/api/v1/category_rounds/6873/results,lead_one_group_two_routes,IFSC: 2 routes,1,,,,,,,5898,1,/api/v1/routes/5898/startlist,/api/v1/routes/5898/results
/api/v1/events/1242/result/5,1242,full_results_url,IFSC - Climbing World Cup (L) - Koper (SLO) 2022,LEAD Women,finished,2025-10-02 07:18:36 UTC,2026-04-22 09:02:35 UTC,,6873,lead,Qualification,Women,finished,2022-09-02 11:41:54 UTC,/api/v1/category_rounds/6873/results,lead_one_group_two_routes,IFSC: 2 routes,1,,,,,,,5899,2,/api/v1/routes/5899/startlist,/api/v1/routes/5899/results
/api/v1/events/1242/result/5,1242,full_results_url,IFSC - Climbing World Cup (L) - Koper (SLO) 2022,LEAD Women,finished,2025-10-02 07:18:36 UTC,2026-04-22 09:02:35 UTC,,7666,lead,Semi-final,Women,finished,2022-09-02 21:12:37 UTC,/api/v1/category_rounds/7666/results,lead_one_group_one_route,IFSC: 1 route,2,,,,,,,8477,1,/api/v1/routes/8477/startlist,/api/v1/routes/8477/results
/api/v1/events/1242/result/5,1242,full_results_url,IFSC - Climbing World Cup (L) - Koper (SLO) 2022,LEAD Women,finished,2025-10-02 07:18:36 UTC,2026-04-22 09:02:35 UTC,,7668,lead,Final,Women,finished,2022-09-03 19:43:26 UTC,/api/v1/category_rounds/7668/results,lead_one_group_one_route,IFSC: 1 route,3,,,,,,,8479,1,/api/v1/routes/8479/startlist,/api/v1/routes/8479/results
/api/v1/events/1288/result/1,1288,full_results_url,"IFSC - Climbing World Cup (L,S) - Edinburgh (GBR) 2022",LEAD Men,finished,2025-10-02 07:18:38 UTC,2026-04-22 09:02:39 UTC,,7549,lead,Qualification,Men,finished,2022-09-10 14:04:05 UTC,/api/v1/category_rounds/7549/results,lead_one_group_two_routes,IFSC: 2 routes,1,,,,,,,8000,1,/api/v1/routes/8000/startlist,/api/v1/routes/8000/results
/api/v1/events/1288/result/1,1288,full_results_url,"IFSC - Climbing World Cup (L,S) - Edinburgh (GBR) 2022",LEAD Men,finished,2025-10-02 07:18:38 UTC,2026-04-22 09:02:39 UTC,,7549,lead,Qualification,Men,finished,2022-09-10 14:04:05 UTC,/api/v1/category_rounds/7549/results,lead_one_group_two_routes,IFSC: 2 routes,1,,,,,,,8001,2,/api/v1/routes/8001/startlist,/api/v1/routes/8001/results
/api/v1/events/1288/result/1,1288,full_results_url,"IFSC - Climbing World Cup (L,S) - Edinburgh (GBR) 2022",LEAD Men,finished,2025-10-02 07:18:38 UTC,2026-04-22 09:02:39 UTC,,7647,lead,Semi-final,Men,finished,2022-09-11 12:30:57 UTC,/api/v1/category_rounds/7647/results,lead_one_group_one_route,IFSC: 1 route,2,,,,,,,8456,1,/api/v1/routes/8456/startlist,/api/v1/routes/8456/results
/api/v1/events/1288/result/1,1288,full_results_url,"IFSC - Climbing World Cup (L,S) - Edinburgh (GBR) 2022",LEAD Men,finished,2025-10-02 07:18:38 UTC,2026-04-22 09:02:39 UTC,,7649,lead,Final,Men,finished,2022-09-11 18:04:02 UTC,/api/v1/category_rounds/7649/results,lead_one_group_one_route,IFSC: 1 route,3,,,,,,,8458,1,/api/v1/routes/8458/startlist,/api/v1/routes/8458/results
/api/v1/events/1288/result/5,1288,full_results_url,"IFSC - Climbing World Cup (L,S) - Edinburgh (GBR) 2022",LEAD Women,finished,2025-10-02 07:18:38 UTC,2026-04-22 09:02:42 UTC,,7550,lead,Qualification,Women,finished,2022-09-10 14:06:08 UTC,/api/v1/category_rounds/7550/results,lead_one_group_two_routes,IFSC: 2 routes,1,,,,,,,8002,1,/api/v1/routes/8002/startlist,/api/v1/routes/8002/results
/api/v1/events/1288/result/5,1288,full_results_url,"IFSC - Climbing World Cup (L,S) - Edinburgh (GBR) 2022",LEAD Women,finished,2025-10-02 07:18:38 UTC,2026-04-22 09:02:42 UTC,,7550,lead,Qualification,Women,finished,2022-09-10 14:06:08 UTC,/api/v1/category_rounds/7550/results,lead_one_group_two_routes,IFSC: 2 routes,1,,,,,,,8003,2,/api/v1/routes/8003/startlist,/api/v1/routes/8003/results
/api/v1/events/1288/result/5,1288,full_results_url,"IFSC - Climbing World Cup (L,S) - Edinburgh (GBR) 2022",LEAD Women,finished,2025-10-02 07:18:38 UTC,2026-04-22 09:02:42 UTC,,7648,lead,Semi-final,Women,finished,2022-09-11 12:47:53 UTC,/api/v1/category_rounds/7648/results,lead_one_group_one_route,IFSC: 1 route,2,,,,,,,8457,1,/api/v1/routes/8457/startlist,/api/v1/routes/8457/results
/api/v1/events/1288/result/5,1288,full_results_url,"IFSC - Climbing World Cup (L,S) - Edinburgh (GBR) 2022",LEAD Women,finished,2025-10-02 07:18:38 UTC,2026-04-22 09:02:42 UTC,,7650,lead,Final,Women,finished,2022-09-11 19:04:51 UTC,/api/v1/category_rounds/7650/results,lead_one_group_one_route,IFSC: 1 route,3,,,,,,,8459,1,/api/v1/routes/8459/startlist,/api/v1/routes/8459/results
/api/v1/events/1288/result/2,1288,full_results_url,"IFSC - Climbing World Cup (L,S) - Edinburgh (GBR) 2022",SPEED Men,finished,2025-10-02 07:18:38 UTC,2026-04-22 09:02:46 UTC,,7551,speed,Qualification,Men,finished,2022-09-09 16:53:03 UTC,/api/v1/category_rounds/7551/results,speed_staggered,IFSC: Qualification,1,,,,,,,8004,A,/api/v1/routes/8004/startlist,
/api/v1/events/1288/result/2,1288,full_results_url,"IFSC - Climbing World Cup (L,S) - Edinburgh (GBR) 2022",SPEED Men,finished,2025-10-02 07:18:38 UTC,2026-04-22 09:02:46 UTC,,7551,speed,Qualification,Men,finished,2022-09-09 16:53:03 UTC,/api/v1/category_rounds/7551/results,speed_staggered,IFSC: Qualification,1,,,,,,,8005,B,/api/v1/routes/8005/startlist,
/api/v1/events/1288/result/2,1288,full_results_url,"IFSC - Climbing World Cup (L,S) - Edinburgh (GBR) 2022",SPEED Men,finished,2025-10-02 07:18:38 UTC,2026-04-22 09:02:46 UTC,,7651,speed,Final,Men,finished,2024-01-15 18:41:05 UTC,/api/v1/category_rounds/7651/results,speed_elimination_ifsc_2022,IFSC 2022: Elimination,3,,,,,,,8460,A,/api/v1/routes/8460/startlist,
/api/v1/events/1288/result/2,1288,full_results_url,"IFSC - Climbing World Cup (L,S) - Edinburgh (GBR) 2022",SPEED Men,finished,2025-10-02 07:18:38 UTC,2026-04-22 09:02:46 UTC,,7651,speed,Final,Men,finished,2024-01-15 18:41:05 UTC,/api/v1/category_rounds/7651/results,speed_elimination_ifsc_2022,IFSC 2022: Elimination,3,,,,,,,8461,B,/api/v1/routes/8461/startlist,
/api/v1/events/1288/result/6,1288,full_results_url,"IFSC - Climbing World Cup (L,S) - Edinburgh (GBR) 2022",SPEED Women,finished,2025-10-02 07:18:38 UTC,2026-04-22 09:02:49 UTC,,7552,speed,Qualification,Women,finished,2022-09-09 17:36:41 UTC,/api/v1/category_rounds/7552/results,speed_staggered,IFSC: Qualification,1,,,,,,,8006,A,/api/v1/routes/8006/startlist,
/api/v1/events/1288/result/6,1288,full_results_url,"IFSC - Climbing World Cup (L,S) - Edinburgh (GBR) 2022",SPEED Women,finished,2025-10-02 07:18:38 UTC,2026-04-22 09:02:49 UTC,,7552,speed,Qualification,Women,finished,2022-09-09 17:36:41 UTC,/api/v1/category_rounds/7552/results,speed_staggered,IFSC: Qualification,1,,,,,,,8007,B,/api/v1/routes/8007/startlist,
/api/v1/events/1288/result/6,1288,full_results_url,"IFSC - Climbing World Cup (L,S) - Edinburgh (GBR) 2022",SPEED Women,finished,2025-10-02 07:18:38 UTC,2026-04-22 09:02:49 UTC,,7652,speed,Final,Women,finished,2024-01-17 07:06:56 UTC,/api/v1/category_rounds/7652/results,speed_elimination_ifsc_2022,IFSC 2022: Elimination,3,,,,,,,8462,A,/api/v1/routes/8462/startlist,
/api/v1/events/1288/result/6,1288,full_results_url,"IFSC - Climbing World Cup (L,S) - Edinburgh (GBR) 2022",SPEED Women,finished,2025-10-02 07:18:38 UTC,2026-04-22 09:02:49 UTC,,7652,speed,Final,Women,finished,2024-01-17 07:06:56 UTC,/api/v1/category_rounds/7652/results,speed_elimination_ifsc_2022,IFSC 2022: Elimination,3,,,,,,,8463,B,/api/v1/routes/8463/startlist,
/api/v1/events/1248/result/314,1248,full_results_url,Asian Games - Hangzhou (CHN) 2022 - POSTPONED,SPEED Men,registration_pending,2025-10-02 07:18:36 UTC,NA,,6936,speed,Qualification,Men,pending,2021-10-06 13:58:19 UTC,/api/v1/category_rounds/6936/results,speed_staggered,IFSC: Qualification,31,,,,,,,6088,A,/api/v1/routes/6088/startlist,
/api/v1/events/1248/result/314,1248,full_results_url,Asian Games - Hangzhou (CHN) 2022 - POSTPONED,SPEED Men,registration_pending,2025-10-02 07:18:36 UTC,NA,,6936,speed,Qualification,Men,pending,2021-10-06 13:58:19 UTC,/api/v1/category_rounds/6936/results,speed_staggered,IFSC: Qualification,31,,,,,,,6089,B,/api/v1/routes/6089/startlist,
/api/v1/events/1248/result/334,1248,full_results_url,Asian Games - Hangzhou (CHN) 2022 - POSTPONED,SPEED Women,registration_pending,2025-10-02 07:18:36 UTC,NA,,6941,speed,Qualification,Women,pending,2021-10-06 13:58:19 UTC,/api/v1/category_rounds/6941/results,speed_staggered,IFSC: Qualification,31,,,,,,,6098,A,/api/v1/routes/6098/startlist,
/api/v1/events/1248/result/334,1248,full_results_url,Asian Games - Hangzhou (CHN) 2022 - POSTPONED,SPEED Women,registration_pending,2025-10-02 07:18:36 UTC,NA,,6941,speed,Qualification,Women,pending,2021-10-06 13:58:19 UTC,/api/v1/category_rounds/6941/results,speed_staggered,IFSC: Qualification,31,,,,,,,6099,B,/api/v1/routes/6099/startlist,
/api/v1/events/1243/result/1,1243,full_results_url,"IFSC - Climbing World Cup (L,S) - Jakarta (INA) 2022",LEAD Men,finished,2025-10-02 07:18:36 UTC,2026-04-22 09:02:53 UTC,,6874,lead,Qualification,Men,finished,2022-09-25 06:40:28 UTC,/api/v1/category_rounds/6874/results,lead_one_group_two_routes,IFSC: 2 routes,1,,,,,,,5900,1,/api/v1/routes/5900/startlist,/api/v1/routes/5900/results
/api/v1/events/1243/result/1,1243,full_results_url,"IFSC - Climbing World Cup (L,S) - Jakarta (INA) 2022",LEAD Men,finished,2025-10-02 07:18:36 UTC,2026-04-22 09:02:53 UTC,,6874,lead,Qualification,Men,finished,2022-09-25 06:40:28 UTC,/api/v1/category_rounds/6874/results,lead_one_group_two_routes,IFSC: 2 routes,1,,,,,,,5901,2,/api/v1/routes/5901/startlist,/api/v1/routes/5901/results
/api/v1/events/1243/result/1,1243,full_results_url,"IFSC - Climbing World Cup (L,S) - Jakarta (INA) 2022",LEAD Men,finished,2025-10-02 07:18:36 UTC,2026-04-22 09:02:53 UTC,,7793,lead,Semi-final,Men,finished,2022-09-26 07:47:37 UTC,/api/v1/category_rounds/7793/results,lead_one_group_one_route,IFSC: 1 route,2,,,,,,,8962,1,/api/v1/routes/8962/startlist,/api/v1/routes/8962/results
/api/v1/events/1243/result/1,1243,full_results_url,"IFSC - Climbing World Cup (L,S) - Jakarta (INA) 2022",LEAD Men,finished,2025-10-02 07:18:36 UTC,2026-04-22 09:02:53 UTC,,7795,lead,Final,Men,finished,2022-09-26 13:19:43 UTC,/api/v1/category_rounds/7795/results,lead_one_group_one_route,IFSC: 1 route,3,,,,,,,8964,1,/api/v1/routes/8964/startlist,/api/v1/routes/8964/results
/api/v1/events/1243/result/5,1243,full_results_url,"IFSC - Climbing World Cup (L,S) - Jakarta (INA) 2022",LEAD Women,finished,2025-10-02 07:18:36 UTC,2026-04-22 09:02:56 UTC,,6875,lead,Qualification,Women,finished,2022-09-25 06:27:49 UTC,/api/v1/category_rounds/6875/results,lead_one_group_two_routes,IFSC: 2 routes,1,,,,,,,5902,1,/api/v1/routes/5902/startlist,/api/v1/routes/5902/results
/api/v1/events/1243/result/5,1243,full_results_url,"IFSC - Climbing World Cup (L,S) - Jakarta (INA) 2022",LEAD Women,finished,2025-10-02 07:18:36 UTC,2026-04-22 09:02:56 UTC,,6875,lead,Qualification,Women,finished,2022-09-25 06:27:49 UTC,/api/v1/category_rounds/6875/results,lead_one_group_two_routes,IFSC: 2 routes,1,,,,,,,5903,2,/api/v1/routes/5903/startlist,/api/v1/routes/5903/results
/api/v1/events/1243/result/5,1243,full_results_url,"IFSC - Climbing World Cup (L,S) - Jakarta (INA) 2022",LEAD Women,finished,2025-10-02 07:18:36 UTC,2026-04-22 09:02:56 UTC,,7794,lead,Semi-final,Women,finished,2022-09-26 07:49:58 UTC,/api/v1/category_rounds/7794/results,lead_one_group_one_route,IFSC: 1 route,2,,,,,,,8963,1,/api/v1/routes/8963/startlist,/api/v1/routes/8963/results
/api/v1/events/1243/result/5,1243,full_results_url,"IFSC - Climbing World Cup (L,S) - Jakarta (INA) 2022",LEAD Women,finished,2025-10-02 07:18:36 UTC,2026-04-22 09:02:56 UTC,,7796,lead,Final,Women,finished,2022-09-26 14:15:06 UTC,/api/v1/category_rounds/7796/results,lead_one_group_one_route,IFSC: 1 route,3,,,,,,,8965,1,/api/v1/routes/8965/startlist,/api/v1/routes/8965/results
/api/v1/events/1243/result/2,1243,full_results_url,"IFSC - Climbing World Cup (L,S) - Jakarta (INA) 2022",SPEED Men,finished,2025-10-02 07:18:36 UTC,2026-04-22 09:02:59 UTC,,6876,speed,Qualification,Men,finished,2022-09-24 07:09:41 UTC,/api/v1/category_rounds/6876/results,speed_staggered,IFSC: Qualification,1,,,,,,,5904,A,/api/v1/routes/5904/startlist,
/api/v1/events/1243/result/2,1243,full_results_url,"IFSC - Climbing World Cup (L,S) - Jakarta (INA) 2022",SPEED Men,finished,2025-10-02 07:18:36 UTC,2026-04-22 09:02:59 UTC,,6876,speed,Qualification,Men,finished,2022-09-24 07:09:41 UTC,/api/v1/category_rounds/6876/results,speed_staggered,IFSC: Qualification,1,,,,,,,5905,B,/api/v1/routes/5905/startlist,
/api/v1/events/1243/result/2,1243,full_results_url,"IFSC - Climbing World Cup (L,S) - Jakarta (INA) 2022",SPEED Men,finished,2025-10-02 07:18:36 UTC,2026-04-22 09:02:59 UTC,,7797,speed,Final,Men,finished,2024-01-16 08:05:18 UTC,/api/v1/category_rounds/7797/results,speed_elimination_ifsc_2022,IFSC 2022: Elimination,3,,,,,,,8966,A,/api/v1/routes/8966/startlist,
/api/v1/events/1243/result/2,1243,full_results_url,"IFSC - Climbing World Cup (L,S) - Jakarta (INA) 2022",SPEED Men,finished,2025-10-02 07:18:36 UTC,2026-04-22 09:02:59 UTC,,7797,speed,Final,Men,finished,2024-01-16 08:05:18 UTC,/api/v1/category_rounds/7797/results,speed_elimination_ifsc_2022,IFSC 2022: Elimination,3,,,,,,,8967,B,/api/v1/routes/8967/startlist,
/api/v1/events/1243/result/6,1243,full_results_url,"IFSC - Climbing World Cup (L,S) - Jakarta (INA) 2022",SPEED Women,finished,2025-10-02 07:18:36 UTC,2026-04-22 09:03:03 UTC,,6877,speed,Qualification,Women,finished,2022-09-24 07:55:26 UTC,/api/v1/category_rounds/6877/results,speed_staggered,IFSC: Qualification,1,,,,,,,5906,A,/api/v1/routes/5906/startlist,
/api/v1/events/1243/result/6,1243,full_results_url,"IFSC - Climbing World Cup (L,S) - Jakarta (INA) 2022",SPEED Women,finished,2025-10-02 07:18:36 UTC,2026-04-22 09:03:03 UTC,,6877,speed,Qualification,Women,finished,2022-09-24 07:55:26 UTC,/api/v1/category_rounds/6877/results,speed_staggered,IFSC: Qualification,1,,,,,,,5907,B,/api/v1/routes/5907/startlist,
/api/v1/events/1243/result/6,1243,full_results_url,"IFSC - Climbing World Cup (L,S) - Jakarta (INA) 2022",SPEED Women,finished,2025-10-02 07:18:36 UTC,2026-04-22 09:03:03 UTC,,7798,speed,Final,Women,finished,2024-01-16 08:05:19 UTC,/api/v1/category_rounds/7798/results,speed_elimination_ifsc_2022,IFSC 2022: Elimination,3,,,,,,,8968,A,/api/v1/routes/8968/startlist,
/api/v1/events/1243/result/6,1243,full_results_url,"IFSC - Climbing World Cup (L,S) - Jakarta (INA) 2022",SPEED Women,finished,2025-10-02 07:18:36 UTC,2026-04-22 09:03:03 UTC,,7798,speed,Final,Women,finished,2024-01-16 08:05:19 UTC,/api/v1/category_rounds/7798/results,speed_elimination_ifsc_2022,IFSC 2022: Elimination,3,,,,,,,8969,B,/api/v1/routes/8969/startlist,
/api/v1/events/1273/result/226,1273,full_results_url,IFSC Europe - Continental Cup (S) - Hamburg (GER) 2022,SPEED Men,finished,2025-10-02 07:18:37 UTC,2026-04-22 09:03:06 UTC,,7152,speed,Qualification,Men,finished,2022-09-25 10:53:26 UTC,/api/v1/category_rounds/7152/results,speed_staggered,IFSC: Qualification,16,,,,,,,6864,A,/api/v1/routes/6864/startlist,
/api/v1/events/1273/result/226,1273,full_results_url,IFSC Europe - Continental Cup (S) - Hamburg (GER) 2022,SPEED Men,finished,2025-10-02 07:18:37 UTC,2026-04-22 09:03:06 UTC,,7152,speed,Qualification,Men,finished,2022-09-25 10:53:26 UTC,/api/v1/category_rounds/7152/results,speed_staggered,IFSC: Qualification,16,,,,,,,6865,B,/api/v1/routes/6865/startlist,
/api/v1/events/1273/result/226,1273,full_results_url,IFSC Europe - Continental Cup (S) - Hamburg (GER) 2022,SPEED Men,finished,2025-10-02 07:18:37 UTC,2026-04-22 09:03:06 UTC,,7219,speed,Final,Men,finished,2024-01-15 18:41:26 UTC,/api/v1/category_rounds/7219/results,speed_elimination_ifsc_2022,IFSC 2022: Elimination,18,,,,,,,7508,A,/api/v1/routes/7508/startlist,
/api/v1/events/1273/result/226,1273,full_results_url,IFSC Europe - Continental Cup (S) - Hamburg (GER) 2022,SPEED Men,finished,2025-10-02 07:18:37 UTC,2026-04-22 09:03:06 UTC,,7219,speed,Final,Men,finished,2024-01-15 18:41:26 UTC,/api/v1/category_rounds/7219/results,speed_elimination_ifsc_2022,IFSC 2022: Elimination,18,,,,,,,7509,B,/api/v1/routes/7509/startlist,
/api/v1/events/1273/result/230,1273,full_results_url,IFSC Europe - Continental Cup (S) - Hamburg (GER) 2022,SPEED Women,finished,2025-10-02 07:18:37 UTC,2026-04-22 09:03:10 UTC,,7153,speed,Qualification,Women,finished,2022-09-25 11:03:55 UTC,/api/v1/category_rounds/7153/results,speed_staggered,IFSC: Qualification,16,,,,,,,6866,A,/api/v1/routes/6866/startlist,
/api/v1/events/1273/result/230,1273,full_results_url,IFSC Europe - Continental Cup (S) - Hamburg (GER) 2022,SPEED Women,finished,2025-10-02 07:18:37 UTC,2026-04-22 09:03:10 UTC,,7153,speed,Qualification,Women,finished,2022-09-25 11:03:55 UTC,/api/v1/category_rounds/7153/results,speed_staggered,IFSC: Qualification,16,,,,,,,6867,B,/api/v1/routes/6867/startlist,
/api/v1/events/1273/result/230,1273,full_results_url,IFSC Europe - Continental Cup (S) - Hamburg (GER) 2022,SPEED Women,finished,2025-10-02 07:18:37 UTC,2026-04-22 09:03:10 UTC,,7220,speed,Final,Women,finished,2024-01-17 07:07:02 UTC,/api/v1/category_rounds/7220/results,speed_elimination_ifsc_2022,IFSC 2022: Elimination,18,,,,,,,7510,A,/api/v1/routes/7510/startlist,
/api/v1/events/1273/result/230,1273,full_results_url,IFSC Europe - Continental Cup (S) - Hamburg (GER) 2022,SPEED Women,finished,2025-10-02 07:18:37 UTC,2026-04-22 09:03:10 UTC,,7220,speed,Final,Women,finished,2024-01-17 07:07:02 UTC,/api/v1/category_rounds/7220/results,speed_elimination_ifsc_2022,IFSC 2022: Elimination,18,,,,,,,7511,B,/api/v1/routes/7511/startlist,
/api/v1/events/1287/result/185,1287,full_results_url,"IFSC Asia - Continental Championships (B, L, S, B&L) - Republic of Korea 2022",LEAD Men,finished,2025-10-02 07:18:38 UTC,2026-04-22 09:03:13 UTC,,7464,lead,Qualification,Men,finished,2022-10-10 06:20:16 UTC,/api/v1/category_rounds/7464/results,lead_one_group_two_routes,IFSC: 2 routes,10,,,,,,,7775,1,/api/v1/routes/7775/startlist,/api/v1/routes/7775/results
/api/v1/events/1287/result/185,1287,full_results_url,"IFSC Asia - Continental Championships (B, L, S, B&L) - Republic of Korea 2022",LEAD Men,finished,2025-10-02 07:18:38 UTC,2026-04-22 09:03:13 UTC,,7464,lead,Qualification,Men,finished,2022-10-10 06:20:16 UTC,/api/v1/category_rounds/7464/results,lead_one_group_two_routes,IFSC: 2 routes,10,,,,,,,7776,2,/api/v1/routes/7776/startlist,/api/v1/routes/7776/results
/api/v1/events/1287/result/185,1287,full_results_url,"IFSC Asia - Continental Championships (B, L, S, B&L) - Republic of Korea 2022",LEAD Men,finished,2025-10-02 07:18:38 UTC,2026-04-22 09:03:13 UTC,,7821,lead,Semi-Final,Men,finished,2022-10-12 02:07:35 UTC,/api/v1/category_rounds/7821/results,lead_one_group_one_route,IFSC: 1 route,11,,,,,,,9080,1,/api/v1/routes/9080/startlist,/api/v1/routes/9080/results
/api/v1/events/1287/result/185,1287,full_results_url,"IFSC Asia - Continental Championships (B, L, S, B&L) - Republic of Korea 2022",LEAD Men,finished,2025-10-02 07:18:38 UTC,2026-04-22 09:03:13 UTC,,7823,lead,Final,Men,finished,2022-10-12 05:44:54 UTC,/api/v1/category_rounds/7823/results,lead_one_group_one_route,IFSC: 1 route,12,,,,,,,9082,1,/api/v1/routes/9082/startlist,/api/v1/routes/9082/results
/api/v1/events/1287/result/189,1287,full_results_url,"IFSC Asia - Continental Championships (B, L, S, B&L) - Republic of Korea 2022",LEAD Women,finished,2025-10-02 07:18:38 UTC,2026-04-22 09:03:16 UTC,,7465,lead,Qualification,Women,finished,2022-10-10 06:21:59 UTC,/api/v1/category_rounds/7465/results,lead_one_group_two_routes,IFSC: 2 routes,10,,,,,,,7777,1,/api/v1/routes/7777/startlist,/api/v1/routes/7777/results
/api/v1/events/1287/result/189,1287,full_results_url,"IFSC Asia - Continental Championships (B, L, S, B&L) - Republic of Korea 2022",LEAD Women,finished,2025-10-02 07:18:38 UTC,2026-04-22 09:03:16 UTC,,7465,lead,Qualification,Women,finished,2022-10-10 06:21:59 UTC,/api/v1/category_rounds/7465/results,lead_one_group_two_routes,IFSC: 2 routes,10,,,,,,,7778,2,/api/v1/routes/7778/startlist,/api/v1/routes/7778/results
/api/v1/events/1287/result/189,1287,full_results_url,"IFSC Asia - Continental Championships (B, L, S, B&L) - Republic of Korea 2022",LEAD Women,finished,2025-10-02 07:18:38 UTC,2026-04-22 09:03:16 UTC,,7822,lead,Semi-Final,Women,finished,2022-10-13 02:37:01 UTC,/api/v1/category_rounds/7822/results,lead_one_group_one_route,IFSC: 1 route,11,,,,,,,9081,1,/api/v1/routes/9081/startlist,/api/v1/routes/9081/results
/api/v1/events/1287/result/189,1287,full_results_url,"IFSC Asia - Continental Championships (B, L, S, B&L) - Republic of Korea 2022",LEAD Women,finished,2025-10-02 07:18:38 UTC,2026-04-22 09:03:16 UTC,,7824,lead,Final,Women,finished,2022-10-13 06:05:07 UTC,/api/v1/category_rounds/7824/results,lead_one_group_one_route,IFSC: 1 route,12,,,,,,,9083,1,/api/v1/routes/9083/startlist,/api/v1/routes/9083/results
/api/v1/events/1287/result/186,1287,full_results_url,"IFSC Asia - Continental Championships (B, L, S, B&L) - Republic of Korea 2022",SPEED Men,finished,2025-10-02 07:18:38 UTC,2026-04-22 09:03:20 UTC,,7466,speed,Qualification,Men,finished,2022-10-14 04:15:17 UTC,/api/v1/category_rounds/7466/results,speed_staggered,IFSC: Qualification,10,,,,,,,7779,A,/api/v1/routes/7779/startlist,
/api/v1/events/1287/result/186,1287,full_results_url,"IFSC Asia - Continental Championships (B, L, S, B&L) - Republic of Korea 2022",SPEED Men,finished,2025-10-02 07:18:38 UTC,2026-04-22 09:03:20 UTC,,7466,speed,Qualification,Men,finished,2022-10-14 04:15:17 UTC,/api/v1/category_rounds/7466/results,speed_staggered,IFSC: Qualification,10,,,,,,,7780,B,/api/v1/routes/7780/startlist,
/api/v1/events/1287/result/186,1287,full_results_url,"IFSC Asia - Continental Championships (B, L, S, B&L) - Republic of Korea 2022",SPEED Men,finished,2025-10-02 07:18:38 UTC,2026-04-22 09:03:20 UTC,,7491,speed,Final,Men,finished,2024-01-16 02:03:59 UTC,/api/v1/category_rounds/7491/results,speed_elimination_ifsc_2022,IFSC 2022: Elimination,12,,,,,,,7863,A,/api/v1/routes/7863/startlist,
/api/v1/events/1287/result/186,1287,full_results_url,"IFSC Asia - Continental Championships (B, L, S, B&L) - Republic of Korea 2022",SPEED Men,finished,2025-10-02 07:18:38 UTC,2026-04-22 09:03:20 UTC,,7491,speed,Final,Men,finished,2024-01-16 02:03:59 UTC,/api/v1/category_rounds/7491/results,speed_elimination_ifsc_2022,IFSC 2022: Elimination,12,,,,,,,7864,B,/api/v1/routes/7864/startlist,
/api/v1/events/1287/result/190,1287,full_results_url,"IFSC Asia - Continental Championships (B, L, S, B&L) - Republic of Korea 2022",SPEED Women,finished,2025-10-02 07:18:38 UTC,2026-04-22 09:03:23 UTC,,7467,speed,Qualification,Women,finished,2022-10-14 03:36:33 UTC,/api/v1/category_rounds/7467/results,speed_staggered,IFSC: Qualification,10,,,,,,,7781,A,/api/v1/routes/7781/startlist,
/api/v1/events/1287/result/190,1287,full_results_url,"IFSC Asia - Continental Championships (B, L, S, B&L) - Republic of Korea 2022",SPEED Women,finished,2025-10-02 07:18:38 UTC,2026-04-22 09:03:23 UTC,,7467,speed,Qualification,Women,finished,2022-10-14 03:36:33 UTC,/api/v1/category_rounds/7467/results,speed_staggered,IFSC: Qualification,10,,,,,,,7782,B,/api/v1/routes/7782/startlist,
/api/v1/events/1287/result/190,1287,full_results_url,"IFSC Asia - Continental Championships (B, L, S, B&L) - Republic of Korea 2022",SPEED Women,finished,2025-10-02 07:18:38 UTC,2026-04-22 09:03:23 UTC,,7492,speed,Final,Women,finished,2024-01-16 02:04:00 UTC,/api/v1/category_rounds/7492/results,speed_elimination_ifsc_2022,IFSC 2022: Elimination,12,,,,,,,7865,A,/api/v1/routes/7865/startlist,
/api/v1/events/1287/result/190,1287,full_results_url,"IFSC Asia - Continental Championships (B, L, S, B&L) - Republic of Korea 2022",SPEED Women,finished,2025-10-02 07:18:38 UTC,2026-04-22 09:03:23 UTC,,7492,speed,Final,Women,finished,2024-01-16 02:04:00 UTC,/api/v1/category_rounds/7492/results,speed_elimination_ifsc_2022,IFSC 2022: Elimination,12,,,,,,,7866,B,/api/v1/routes/7866/startlist,
/api/v1/events/1287/result/187,1287,full_results_url,"IFSC Asia - Continental Championships (B, L, S, B&L) - Republic of Korea 2022",BOULDER Men,finished,2025-10-02 07:18:38 UTC,2026-04-22 09:03:27 UTC,,7468,boulder,Qualification,Men,finished,2022-10-11 04:56:24 UTC,/api/v1/category_rounds/7468/results,boulder_one_group_one_boulder_set,IFSC: 1 group,10,,,,,,,7783,1,/api/v1/routes/7783/startlist,
/api/v1/events/1287/result/187,1287,full_results_url,"IFSC Asia - Continental Championships (B, L, S, B&L) - Republic of Korea 2022",BOULDER Men,finished,2025-10-02 07:18:38 UTC,2026-04-22 09:03:27 UTC,,7468,boulder,Qualification,Men,finished,2022-10-11 04:56:24 UTC,/api/v1/category_rounds/7468/results,boulder_one_group_one_boulder_set,IFSC: 1 group,10,,,,,,,7784,2,/api/v1/routes/7784/startlist,
/api/v1/events/1287/result/187,1287,full_results_url,"IFSC Asia - Continental Championships (B, L, S, B&L) - Republic of Korea 2022",BOULDER Men,finished,2025-10-02 07:18:38 UTC,2026-04-22 09:03:27 UTC,,7468,boulder,Qualification,Men,finished,2022-10-11 04:56:24 UTC,/api/v1/category_rounds/7468/results,boulder_one_group_one_boulder_set,IFSC: 1 group,10,,,,,,,7785,3,/api/v1/routes/7785/startlist,
/api/v1/events/1287/result/187,1287,full_results_url,"IFSC Asia - Continental Championships (B, L, S, B&L) - Republic of Korea 2022",BOULDER Men,finished,2025-10-02 07:18:38 UTC,2026-04-22 09:03:27 UTC,,7468,boulder,Qualification,Men,finished,2022-10-11 04:56:24 UTC,/api/v1/category_rounds/7468/results,boulder_one_group_one_boulder_set,IFSC: 1 group,10,,,,,,,7786,4,/api/v1/routes/7786/startlist,
/api/v1/events/1287/result/187,1287,full_results_url,"IFSC Asia - Continental Championships (B, L, S, B&L) - Republic of Korea 2022",BOULDER Men,finished,2025-10-02 07:18:38 UTC,2026-04-22 09:03:27 UTC,,7468,boulder,Qualification,Men,finished,2022-10-11 04:56:24 UTC,/api/v1/category_rounds/7468/results,boulder_one_group_one_boulder_set,IFSC: 1 group,10,,,,,,,7787,5,/api/v1/routes/7787/startlist,
/api/v1/events/1287/result/187,1287,full_results_url,"IFSC Asia - Continental Championships (B, L, S, B&L) - Republic of Korea 2022",BOULDER Men,finished,2025-10-02 07:18:38 UTC,2026-04-22 09:03:27 UTC,,7825,boulder,Semi-Final,Men,finished,2022-10-13 02:50:59 UTC,/api/v1/category_rounds/7825/results,boulder_one_group_one_boulder_set,IFSC: 1 group,11,,,,,,,9084,1,/api/v1/routes/9084/startlist,
/api/v1/events/1287/result/187,1287,full_results_url,"IFSC Asia - Continental Championships (B, L, S, B&L) - Republic of Korea 2022",BOULDER Men,finished,2025-10-02 07:18:38 UTC,2026-04-22 09:03:27 UTC,,7825,boulder,Semi-Final,Men,finished,2022-10-13 02:50:59 UTC,/api/v1/category_rounds/7825/results,boulder_one_group_one_boulder_set,IFSC: 1 group,11,,,,,,,9085,2,/api/v1/routes/9085/startlist,
/api/v1/events/1287/result/187,1287,full_results_url,"IFSC Asia - Continental Championships (B, L, S, B&L) - Republic of Korea 2022",BOULDER Men,finished,2025-10-02 07:18:38 UTC,2026-04-22 09:03:27 UTC,,7825,boulder,Semi-Final,Men,finished,2022-10-13 02:50:59 UTC,/api/v1/category_rounds/7825/results,boulder_one_group_one_boulder_set,IFSC: 1 group,11,,,,,,,9086,3,/api/v1/routes/9086/startlist,
/api/v1/events/1287/result/187,1287,full_results_url,"IFSC Asia - Continental Championships (B, L, S, B&L) - Republic of Korea 2022",BOULDER Men,finished,2025-10-02 07:18:38 UTC,2026-04-22 09:03:27 UTC,,7825,boulder,Semi-Final,Men,finished,2022-10-13 02:50:59 UTC,/api/v1/category_rounds/7825/results,boulder_one_group_one_boulder_set,IFSC: 1 group,11,,,,,,,9087,4,/api/v1/routes/9087/startlist,
/api/v1/events/1287/result/187,1287,full_results_url,"IFSC Asia - Continental Championships (B, L, S, B&L) - Republic of Korea 2022",BOULDER Men,finished,2025-10-02 07:18:38 UTC,2026-04-22 09:03:27 UTC,,7827,boulder,Final,Men,finished,2022-10-13 07:33:40 UTC,/api/v1/category_rounds/7827/results,boulder_one_group_one_boulder_set,IFSC: 1 group,12,,,,,,,9092,1,/api/v1/routes/9092/startlist,
/api/v1/events/1287/result/187,1287,full_results_url,"IFSC Asia - Continental Championships (B, L, S, B&L) - Republic of Korea 2022",BOULDER Men,finished,2025-10-02 07:18:38 UTC,2026-04-22 09:03:27 UTC,,7827,boulder,Final,Men,finished,2022-10-13 07:33:40 UTC,/api/v1/category_rounds/7827/results,boulder_one_group_one_boulder_set,IFSC: 1 group,12,,,,,,,9093,2,/api/v1/routes/9093/startlist,
/api/v1/events/1287/result/187,1287,full_results_url,"IFSC Asia - Continental Championships (B, L, S, B&L) - Republic of Korea 2022",BOULDER Men,finished,2025-10-02 07:18:38 UTC,2026-04-22 09:03:27 UTC,,7827,boulder,Final,Men,finished,2022-10-13 07:33:40 UTC,/api/v1/category_rounds/7827/results,boulder_one_group_one_boulder_set,IFSC: 1 group,12,,,,,,,9094,3,/api/v1/routes/9094/startlist,
/api/v1/events/1287/result/187,1287,full_results_url,"IFSC Asia - Continental Championships (B, L, S, B&L) - Republic of Korea 2022",BOULDER Men,finished,2025-10-02 07:18:38 UTC,2026-04-22 09:03:27 UTC,,7827,boulder,Final,Men,finished,2022-10-13 07:33:40 UTC,/api/v1/category_rounds/7827/results,boulder_one_group_one_boulder_set,IFSC: 1 group,12,,,,,,,9095,4,/api/v1/routes/9095/startlist,
/api/v1/events/1287/result/191,1287,full_results_url,"IFSC Asia - Continental Championships (B, L, S, B&L) - Republic of Korea 2022",BOULDER Women,finished,2025-10-02 07:18:38 UTC,2026-04-22 09:03:30 UTC,,7469,boulder,Qualification,Women,finished,2022-10-11 04:22:47 UTC,/api/v1/category_rounds/7469/results,boulder_one_group_one_boulder_set,IFSC: 1 group,10,,,,,,,7788,1,/api/v1/routes/7788/startlist,
/api/v1/events/1287/result/191,1287,full_results_url,"IFSC Asia - Continental Championships (B, L, S, B&L) - Republic of Korea 2022",BOULDER Women,finished,2025-10-02 07:18:38 UTC,2026-04-22 09:03:30 UTC,,7469,boulder,Qualification,Women,finished,2022-10-11 04:22:47 UTC,/api/v1/category_rounds/7469/results,boulder_one_group_one_boulder_set,IFSC: 1 group,10,,,,,,,7789,2,/api/v1/routes/7789/startlist,
/api/v1/events/1287/result/191,1287,full_results_url,"IFSC Asia - Continental Championships (B, L, S, B&L) - Republic of Korea 2022",BOULDER Women,finished,2025-10-02 07:18:38 UTC,2026-04-22 09:03:30 UTC,,7469,boulder,Qualification,Women,finished,2022-10-11 04:22:47 UTC,/api/v1/category_rounds/7469/results,boulder_one_group_one_boulder_set,IFSC: 1 group,10,,,,,,,7790,3,/api/v1/routes/7790/startlist,
/api/v1/events/1287/result/191,1287,full_results_url,"IFSC Asia - Continental Championships (B, L, S, B&L) - Republic of Korea 2022",BOULDER Women,finished,2025-10-02 07:18:38 UTC,2026-04-22 09:03:30 UTC,,7469,boulder,Qualification,Women,finished,2022-10-11 04:22:47 UTC,/api/v1/category_rounds/7469/results,boulder_one_group_one_boulder_set,IFSC: 1 group,10,,,,,,,7791,4,/api/v1/routes/7791/startlist,
/api/v1/events/1287/result/191,1287,full_results_url,"IFSC Asia - Continental Championships (B, L, S, B&L) - Republic of Korea 2022",BOULDER Women,finished,2025-10-02 07:18:38 UTC,2026-04-22 09:03:30 UTC,,7469,boulder,Qualification,Women,finished,2022-10-11 04:22:47 UTC,/api/v1/category_rounds/7469/results,boulder_one_group_one_boulder_set,IFSC: 1 group,10,,,,,,,7792,5,/api/v1/routes/7792/startlist,
/api/v1/events/1287/result/191,1287,full_results_url,"IFSC Asia - Continental Championships (B, L, S, B&L) - Republic of Korea 2022",BOULDER Women,finished,2025-10-02 07:18:38 UTC,2026-04-22 09:03:30 UTC,,7826,boulder,Semi-Final,Women,finished,2022-10-12 02:20:56 UTC,/api/v1/category_rounds/7826/results,boulder_one_group_one_boulder_set,IFSC: 1 group,11,,,,,,,9088,1,/api/v1/routes/9088/startlist,
/api/v1/events/1287/result/191,1287,full_results_url,"IFSC Asia - Continental Championships (B, L, S, B&L) - Republic of Korea 2022",BOULDER Women,finished,2025-10-02 07:18:38 UTC,2026-04-22 09:03:30 UTC,,7826,boulder,Semi-Final,Women,finished,2022-10-12 02:20:56 UTC,/api/v1/category_rounds/7826/results,boulder_one_group_one_boulder_set,IFSC: 1 group,11,,,,,,,9089,2,/api/v1/routes/9089/startlist,
/api/v1/events/1287/result/191,1287,full_results_url,"IFSC Asia - Continental Championships (B, L, S, B&L) - Republic of Korea 2022",BOULDER Women,finished,2025-10-02 07:18:38 UTC,2026-04-22 09:03:30 UTC,,7826,boulder,Semi-Final,Women,finished,2022-10-12 02:20:56 UTC,/api/v1/category_rounds/7826/results,boulder_one_group_one_boulder_set,IFSC: 1 group,11,,,,,,,9090,3,/api/v1/routes/9090/startlist,
/api/v1/events/1287/result/191,1287,full_results_url,"IFSC Asia - Continental Championships (B, L, S, B&L) - Republic of Korea 2022",BOULDER Women,finished,2025-10-02 07:18:38 UTC,2026-04-22 09:03:30 UTC,,7826,boulder,Semi-Final,Women,finished,2022-10-12 02:20:56 UTC,/api/v1/category_rounds/7826/results,boulder_one_group_one_boulder_set,IFSC: 1 group,11,,,,,,,9091,4,/api/v1/routes/9091/startlist,
/api/v1/events/1287/result/191,1287,full_results_url,"IFSC Asia - Continental Championships (B, L, S, B&L) - Republic of Korea 2022",BOULDER Women,finished,2025-10-02 07:18:38 UTC,2026-04-22 09:03:30 UTC,,7828,boulder,Final,Women,finished,2022-10-12 07:23:31 UTC,/api/v1/category_rounds/7828/results,boulder_one_group_one_boulder_set,IFSC: 1 group,12,,,,,,,9096,1,/api/v1/routes/9096/startlist,
/api/v1/events/1287/result/191,1287,full_results_url,"IFSC Asia - Continental Championships (B, L, S, B&L) - Republic of Korea 2022",BOULDER Women,finished,2025-10-02 07:18:38 UTC,2026-04-22 09:03:30 UTC,,7828,boulder,Final,Women,finished,2022-10-12 07:23:31 UTC,/api/v1/category_rounds/7828/results,boulder_one_group_one_boulder_set,IFSC: 1 group,12,,,,,,,9097,2,/api/v1/routes/9097/startlist,
/api/v1/events/1287/result/191,1287,full_results_url,"IFSC Asia - Continental Championships (B, L, S, B&L) - Republic of Korea 2022",BOULDER Women,finished,2025-10-02 07:18:38 UTC,2026-04-22 09:03:30 UTC,,7828,boulder,Final,Women,finished,2022-10-12 07:23:31 UTC,/api/v1/category_rounds/7828/results,boulder_one_group_one_boulder_set,IFSC: 1 group,12,,,,,,,9098,3,/api/v1/routes/9098/startlist,
/api/v1/events/1287/result/191,1287,full_results_url,"IFSC Asia - Continental Championships (B, L, S, B&L) - Republic of Korea 2022",BOULDER Women,finished,2025-10-02 07:18:38 UTC,2026-04-22 09:03:30 UTC,,7828,boulder,Final,Women,finished,2022-10-12 07:23:31 UTC,/api/v1/category_rounds/7828/results,boulder_one_group_one_boulder_set,IFSC: 1 group,12,,,,,,,9099,4,/api/v1/routes/9099/startlist,
/api/v1/events/1287/result/661,1287,full_results_url,"IFSC Asia - Continental Championships (B, L, S, B&L) - Republic of Korea 2022",BOULDER&LEAD Men,finished,2025-10-02 07:18:38 UTC,2026-04-22 09:03:34 UTC,,7813,boulder&lead,Semi-Final,Men,finished,2022-10-15 08:00:39 UTC,/api/v1/category_rounds/7813/results,bl_qualification,IFSC: Qualification,11,739.0,,boulder,finished,2022-10-15 03:15:01 UTC,/api/v1/combined_stages/739/results,9040,1,/api/v1/routes/9040/startlist,
/api/v1/events/1287/result/661,1287,full_results_url,"IFSC Asia - Continental Championships (B, L, S, B&L) - Republic of Korea 2022",BOULDER&LEAD Men,finished,2025-10-02 07:18:38 UTC,2026-04-22 09:03:34 UTC,,7813,boulder&lead,Semi-Final,Men,finished,2022-10-15 08:00:39 UTC,/api/v1/category_rounds/7813/results,bl_qualification,IFSC: Qualification,11,739.0,,boulder,finished,2022-10-15 03:15:01 UTC,/api/v1/combined_stages/739/results,9041,2,/api/v1/routes/9041/startlist,
/api/v1/events/1287/result/661,1287,full_results_url,"IFSC Asia - Continental Championships (B, L, S, B&L) - Republic of Korea 2022",BOULDER&LEAD Men,finished,2025-10-02 07:18:38 UTC,2026-04-22 09:03:34 UTC,,7813,boulder&lead,Semi-Final,Men,finished,2022-10-15 08:00:39 UTC,/api/v1/category_rounds/7813/results,bl_qualification,IFSC: Qualification,11,739.0,,boulder,finished,2022-10-15 03:15:01 UTC,/api/v1/combined_stages/739/results,9042,3,/api/v1/routes/9042/startlist,
/api/v1/events/1287/result/661,1287,full_results_url,"IFSC Asia - Continental Championships (B, L, S, B&L) - Republic of Korea 2022",BOULDER&LEAD Men,finished,2025-10-02 07:18:38 UTC,2026-04-22 09:03:34 UTC,,7813,boulder&lead,Semi-Final,Men,finished,2022-10-15 08:00:39 UTC,/api/v1/category_rounds/7813/results,bl_qualification,IFSC: Qualification,11,739.0,,boulder,finished,2022-10-15 03:15:01 UTC,/api/v1/combined_stages/739/results,9043,4,/api/v1/routes/9043/startlist,
/api/v1/events/1287/result/661,1287,full_results_url,"IFSC Asia - Continental Championships (B, L, S, B&L) - Republic of Korea 2022",BOULDER&LEAD Men,finished,2025-10-02 07:18:38 UTC,2026-04-22 09:03:34 UTC,,7813,boulder&lead,Semi-Final,Men,finished,2022-10-15 08:00:39 UTC,/api/v1/category_rounds/7813/results,bl_qualification,IFSC: Qualification,11,740.0,,lead,finished,2022-10-15 07:58:56 UTC,/api/v1/combined_stages/740/results,9044,1,/api/v1/routes/9044/startlist,/api/v1/routes/9044/results
/api/v1/events/1287/result/661,1287,full_results_url,"IFSC Asia - Continental Championships (B, L, S, B&L) - Republic of Korea 2022",BOULDER&LEAD Men,finished,2025-10-02 07:18:38 UTC,2026-04-22 09:03:34 UTC,,7815,boulder&lead,Final,Men,finished,2022-10-16 08:17:40 UTC,/api/v1/category_rounds/7815/results,bl_final,IFSC: Finals,12,743.0,,boulder,finished,2022-10-16 06:46:03 UTC,/api/v1/combined_stages/743/results,9050,1,/api/v1/routes/9050/startlist,
/api/v1/events/1287/result/661,1287,full_results_url,"IFSC Asia - Continental Championships (B, L, S, B&L) - Republic of Korea 2022",BOULDER&LEAD Men,finished,2025-10-02 07:18:38 UTC,2026-04-22 09:03:34 UTC,,7815,boulder&lead,Final,Men,finished,2022-10-16 08:17:40 UTC,/api/v1/category_rounds/7815/results,bl_final,IFSC: Finals,12,743.0,,boulder,finished,2022-10-16 06:46:03 UTC,/api/v1/combined_stages/743/results,9051,2,/api/v1/routes/9051/startlist,
/api/v1/events/1287/result/661,1287,full_results_url,"IFSC Asia - Continental Championships (B, L, S, B&L) - Republic of Korea 2022",BOULDER&LEAD Men,finished,2025-10-02 07:18:38 UTC,2026-04-22 09:03:34 UTC,,7815,boulder&lead,Final,Men,finished,2022-10-16 08:17:40 UTC,/api/v1/category_rounds/7815/results,bl_final,IFSC: Finals,12,743.0,,boulder,finished,2022-10-16 06:46:03 UTC,/api/v1/combined_stages/743/results,9052,3,/api/v1/routes/9052/startlist,
/api/v1/events/1287/result/661,1287,full_results_url,"IFSC Asia - Continental Championships (B, L, S, B&L) - Republic of Korea 2022",BOULDER&LEAD Men,finished,2025-10-02 07:18:38 UTC,2026-04-22 09:03:34 UTC,,7815,boulder&lead,Final,Men,finished,2022-10-16 08:17:40 UTC,/api/v1/category_rounds/7815/results,bl_final,IFSC: Finals,12,743.0,,boulder,finished,2022-10-16 06:46:03 UTC,/api/v1/combined_stages/743/results,9053,4,/api/v1/routes/9053/startlist,
/api/v1/events/1287/result/661,1287,full_results_url,"IFSC Asia - Continental Championships (B, L, S, B&L) - Republic of Korea 2022",BOULDER&LEAD Men,finished,2025-10-02 07:18:38 UTC,2026-04-22 09:03:34 UTC,,7815,boulder&lead,Final,Men,finished,2022-10-16 08:17:40 UTC,/api/v1/category_rounds/7815/results,bl_final,IFSC: Finals,12,744.0,,lead,finished,2022-10-16 08:17:31 UTC,/api/v1/combined_stages/744/results,9054,1,/api/v1/routes/9054/startlist,/api/v1/routes/9054/results
/api/v1/events/1287/result/662,1287,full_results_url,"IFSC Asia - Continental Championships (B, L, S, B&L) - Republic of Korea 2022",BOULDER&LEAD Women,finished,2025-10-02 07:18:38 UTC,2026-04-22 09:03:38 UTC,,7814,boulder&lead,Semi-Final,Women,finished,2022-10-15 08:34:41 UTC,/api/v1/category_rounds/7814/results,bl_qualification,IFSC: Qualification,11,741.0,,boulder,finished,2022-10-15 03:21:03 UTC,/api/v1/combined_stages/741/results,9045,1,/api/v1/routes/9045/startlist,
/api/v1/events/1287/result/662,1287,full_results_url,"IFSC Asia - Continental Championships (B, L, S, B&L) - Republic of Korea 2022",BOULDER&LEAD Women,finished,2025-10-02 07:18:38 UTC,2026-04-22 09:03:38 UTC,,7814,boulder&lead,Semi-Final,Women,finished,2022-10-15 08:34:41 UTC,/api/v1/category_rounds/7814/results,bl_qualification,IFSC: Qualification,11,741.0,,boulder,finished,2022-10-15 03:21:03 UTC,/api/v1/combined_stages/741/results,9046,2,/api/v1/routes/9046/startlist,
/api/v1/events/1287/result/662,1287,full_results_url,"IFSC Asia - Continental Championships (B, L, S, B&L) - Republic of Korea 2022",BOULDER&LEAD Women,finished,2025-10-02 07:18:38 UTC,2026-04-22 09:03:38 UTC,,7814,boulder&lead,Semi-Final,Women,finished,2022-10-15 08:34:41 UTC,/api/v1/category_rounds/7814/results,bl_qualification,IFSC: Qualification,11,741.0,,boulder,finished,2022-10-15 03:21:03 UTC,/api/v1/combined_stages/741/results,9047,3,/api/v1/routes/9047/startlist,
/api/v1/events/1287/result/662,1287,full_results_url,"IFSC Asia - Continental Championships (B, L, S, B&L) - Republic of Korea 2022",BOULDER&LEAD Women,finished,2025-10-02 07:18:38 UTC,2026-04-22 09:03:38 UTC,,7814,boulder&lead,Semi-Final,Women,finished,2022-10-15 08:34:41 UTC,/api/v1/category_rounds/7814/results,bl_qualification,IFSC: Qualification,11,741.0,,boulder,finished,2022-10-15 03:21:03 UTC,/api/v1/combined_stages/741/results,9048,4,/api/v1/routes/9048/startlist,
/api/v1/events/1287/result/662,1287,full_results_url,"IFSC Asia - Continental Championships (B, L, S, B&L) - Republic of Korea 2022",BOULDER&LEAD Women,finished,2025-10-02 07:18:38 UTC,2026-04-22 09:03:38 UTC,,7814,boulder&lead,Semi-Final,Women,finished,2022-10-15 08:34:41 UTC,/api/v1/category_rounds/7814/results,bl_qualification,IFSC: Qualification,11,742.0,,lead,finished,2022-10-15 08:34:28 UTC,/api/v1/combined_stages/742/results,9049,1,/api/v1/routes/9049/startlist,/api/v1/routes/9049/results
/api/v1/events/1287/result/662,1287,full_results_url,"IFSC Asia - Continental Championships (B, L, S, B&L) - Republic of Korea 2022",BOULDER&LEAD Women,finished,2025-10-02 07:18:38 UTC,2026-04-22 09:03:38 UTC,,7816,boulder&lead,Final,Women,finished,2022-10-16 03:53:49 UTC,/api/v1/category_rounds/7816/results,bl_final,IFSC: Finals,12,745.0,,boulder,finished,2022-10-16 02:21:46 UTC,/api/v1/combined_stages/745/results,9055,1,/api/v1/routes/9055/startlist,
/api/v1/events/1287/result/662,1287,full_results_url,"IFSC Asia - Continental Championships (B, L, S, B&L) - Republic of Korea 2022",BOULDER&LEAD Women,finished,2025-10-02 07:18:38 UTC,2026-04-22 09:03:38 UTC,,7816,boulder&lead,Final,Women,finished,2022-10-16 03:53:49 UTC,/api/v1/category_rounds/7816/results,bl_final,IFSC: Finals,12,745.0,,boulder,finished,2022-10-16 02:21:46 UTC,/api/v1/combined_stages/745/results,9056,2,/api/v1/routes/9056/startlist,
/api/v1/events/1287/result/662,1287,full_results_url,"IFSC Asia - Continental Championships (B, L, S, B&L) - Republic of Korea 2022",BOULDER&LEAD Women,finished,2025-10-02 07:18:38 UTC,2026-04-22 09:03:38 UTC,,7816,boulder&lead,Final,Women,finished,2022-10-16 03:53:49 UTC,/api/v1/category_rounds/7816/results,bl_final,IFSC: Finals,12,745.0,,boulder,finished,2022-10-16 02:21:46 UTC,/api/v1/combined_stages/745/results,9057,3,/api/v1/routes/9057/startlist,
/api/v1/events/1287/result/662,1287,full_results_url,"IFSC Asia - Continental Championships (B, L, S, B&L) - Republic of Korea 2022",BOULDER&LEAD Women,finished,2025-10-02 07:18:38 UTC,2026-04-22 09:03:38 UTC,,7816,boulder&lead,Final,Women,finished,2022-10-16 03:53:49 UTC,/api/v1/category_rounds/7816/results,bl_final,IFSC: Finals,12,745.0,,boulder,finished,2022-10-16 02:21:46 UTC,/api/v1/combined_stages/745/results,9058,4,/api/v1/routes/9058/startlist,
/api/v1/events/1287/result/662,1287,full_results_url,"IFSC Asia - Continental Championships (B, L, S, B&L) - Republic of Korea 2022",BOULDER&LEAD Women,finished,2025-10-02 07:18:38 UTC,2026-04-22 09:03:38 UTC,,7816,boulder&lead,Final,Women,finished,2022-10-16 03:53:49 UTC,/api/v1/category_rounds/7816/results,bl_final,IFSC: Finals,12,746.0,,lead,finished,2022-10-16 03:52:45 UTC,/api/v1/combined_stages/746/results,9059,1,/api/v1/routes/9059/startlist,/api/v1/routes/9059/results
/api/v1/events/1274/result/233,1274,full_results_url,"IFSC Europe - Continental Youth Cup (L,S,B) - Kaliningrad (RUS) 2022 - CANCELLED",LEAD Juniors Male,registration_pending,2025-10-02 07:18:37 UTC,NA,,7154,lead,Qualification,Juniors Male,pending,2021-11-26 09:11:19 UTC,/api/v1/category_rounds/7154/results,lead_one_group_two_routes,IFSC: 2 routes,19,,,,,,,6868,1,/api/v1/routes/6868/startlist,/api/v1/routes/6868/results
/api/v1/events/1274/result/233,1274,full_results_url,"IFSC Europe - Continental Youth Cup (L,S,B) - Kaliningrad (RUS) 2022 - CANCELLED",LEAD Juniors Male,registration_pending,2025-10-02 07:18:37 UTC,NA,,7154,lead,Qualification,Juniors Male,pending,2021-11-26 09:11:19 UTC,/api/v1/category_rounds/7154/results,lead_one_group_two_routes,IFSC: 2 routes,19,,,,,,,6869,2,/api/v1/routes/6869/startlist,/api/v1/routes/6869/results
/api/v1/events/1274/result/233,1274,full_results_url,"IFSC Europe - Continental Youth Cup (L,S,B) - Kaliningrad (RUS) 2022 - CANCELLED",LEAD Juniors Male,registration_pending,2025-10-02 07:18:37 UTC,NA,,7295,lead,Final,Juniors Male,pending,2021-12-16 07:26:30 UTC,/api/v1/category_rounds/7295/results,lead_one_group_one_route,IFSC: 1 route,21,,,,,,,7286,1,/api/v1/routes/7286/startlist,/api/v1/routes/7286/results
/api/v1/events/1274/result/237,1274,full_results_url,"IFSC Europe - Continental Youth Cup (L,S,B) - Kaliningrad (RUS) 2022 - CANCELLED",LEAD Youth A Male,registration_pending,2025-10-02 07:18:37 UTC,NA,,7155,lead,Qualification,Youth A Male,pending,2021-11-26 09:11:19 UTC,/api/v1/category_rounds/7155/results,lead_one_group_two_routes,IFSC: 2 routes,19,,,,,,,6870,1,/api/v1/routes/6870/startlist,/api/v1/routes/6870/results
/api/v1/events/1274/result/237,1274,full_results_url,"IFSC Europe - Continental Youth Cup (L,S,B) - Kaliningrad (RUS) 2022 - CANCELLED",LEAD Youth A Male,registration_pending,2025-10-02 07:18:37 UTC,NA,,7155,lead,Qualification,Youth A Male,pending,2021-11-26 09:11:19 UTC,/api/v1/category_rounds/7155/results,lead_one_group_two_routes,IFSC: 2 routes,19,,,,,,,6871,2,/api/v1/routes/6871/startlist,/api/v1/routes/6871/results
/api/v1/events/1274/result/237,1274,full_results_url,"IFSC Europe - Continental Youth Cup (L,S,B) - Kaliningrad (RUS) 2022 - CANCELLED",LEAD Youth A Male,registration_pending,2025-10-02 07:18:37 UTC,NA,,7296,lead,Final,Youth A Male,pending,2021-12-16 07:26:30 UTC,/api/v1/category_rounds/7296/results,lead_one_group_one_route,IFSC: 1 route,21,,,,,,,7287,1,/api/v1/routes/7287/startlist,/api/v1/routes/7287/results
/api/v1/events/1274/result/241,1274,full_results_url,"IFSC Europe - Continental Youth Cup (L,S,B) - Kaliningrad (RUS) 2022 - CANCELLED",LEAD Youth B Male,registration_pending,2025-10-02 07:18:37 UTC,NA,,7156,lead,Qualification,Youth B Male,pending,2021-11-26 09:11:19 UTC,/api/v1/category_rounds/7156/results,lead_one_group_two_routes,IFSC: 2 routes,19,,,,,,,6872,1,/api/v1/routes/6872/startlist,/api/v1/routes/6872/results
/api/v1/events/1274/result/241,1274,full_results_url,"IFSC Europe - Continental Youth Cup (L,S,B) - Kaliningrad (RUS) 2022 - CANCELLED",LEAD Youth B Male,registration_pending,2025-10-02 07:18:37 UTC,NA,,7156,lead,Qualification,Youth B Male,pending,2021-11-26 09:11:19 UTC,/api/v1/category_rounds/7156/results,lead_one_group_two_routes,IFSC: 2 routes,19,,,,,,,6873,2,/api/v1/routes/6873/startlist,/api/v1/routes/6873/results
/api/v1/events/1274/result/241,1274,full_results_url,"IFSC Europe - Continental Youth Cup (L,S,B) - Kaliningrad (RUS) 2022 - CANCELLED",LEAD Youth B Male,registration_pending,2025-10-02 07:18:37 UTC,NA,,7297,lead,Final,Youth B Male,pending,2021-12-16 07:26:30 UTC,/api/v1/category_rounds/7297/results,lead_one_group_one_route,IFSC: 1 route,21,,,,,,,7288,1,/api/v1/routes/7288/startlist,/api/v1/routes/7288/results
/api/v1/events/1274/result/249,1274,full_results_url,"IFSC Europe - Continental Youth Cup (L,S,B) - Kaliningrad (RUS) 2022 - CANCELLED",LEAD Juniors Female,registration_pending,2025-10-02 07:18:37 UTC,NA,,7157,lead,Qualification,Juniors Female,pending,2021-11-26 09:11:19 UTC,/api/v1/category_rounds/7157/results,lead_one_group_two_routes,IFSC: 2 routes,19,,,,,,,6874,1,/api/v1/routes/6874/startlist,/api/v1/routes/6874/results
/api/v1/events/1274/result/249,1274,full_results_url,"IFSC Europe - Continental Youth Cup (L,S,B) - Kaliningrad (RUS) 2022 - CANCELLED",LEAD Juniors Female,registration_pending,2025-10-02 07:18:37 UTC,NA,,7157,lead,Qualification,Juniors Female,pending,2021-11-26 09:11:19 UTC,/api/v1/category_rounds/7157/results,lead_one_group_two_routes,IFSC: 2 routes,19,,,,,,,6875,2,/api/v1/routes/6875/startlist,/api/v1/routes/6875/results
/api/v1/events/1274/result/249,1274,full_results_url,"IFSC Europe - Continental Youth Cup (L,S,B) - Kaliningrad (RUS) 2022 - CANCELLED",LEAD Juniors Female,registration_pending,2025-10-02 07:18:37 UTC,NA,,7298,lead,Final,Juniors Female,pending,2021-12-16 07:26:30 UTC,/api/v1/category_rounds/7298/results,lead_one_group_one_route,IFSC: 1 route,21,,,,,,,7289,1,/api/v1/routes/7289/startlist,/api/v1/routes/7289/results
/api/v1/events/1274/result/253,1274,full_results_url,"IFSC Europe - Continental Youth Cup (L,S,B) - Kaliningrad (RUS) 2022 - CANCELLED",LEAD Youth A Female,registration_pending,2025-10-02 07:18:37 UTC,NA,,7158,lead,Qualification,Youth A Female,pending,2021-11-26 09:11:19 UTC,/api/v1/category_rounds/7158/results,lead_one_group_two_routes,IFSC: 2 routes,19,,,,,,,6876,1,/api/v1/routes/6876/startlist,/api/v1/routes/6876/results
/api/v1/events/1274/result/253,1274,full_results_url,"IFSC Europe - Continental Youth Cup (L,S,B) - Kaliningrad (RUS) 2022 - CANCELLED",LEAD Youth A Female,registration_pending,2025-10-02 07:18:37 UTC,NA,,7158,lead,Qualification,Youth A Female,pending,2021-11-26 09:11:19 UTC,/api/v1/category_rounds/7158/results,lead_one_group_two_routes,IFSC: 2 routes,19,,,,,,,6877,2,/api/v1/routes/6877/startlist,/api/v1/routes/6877/results
/api/v1/events/1274/result/253,1274,full_results_url,"IFSC Europe - Continental Youth Cup (L,S,B) - Kaliningrad (RUS) 2022 - CANCELLED",LEAD Youth A Female,registration_pending,2025-10-02 07:18:37 UTC,NA,,7299,lead,Final,Youth A Female,pending,2021-12-16 07:26:30 UTC,/api/v1/category_rounds/7299/results,lead_one_group_one_route,IFSC: 1 route,21,,,,,,,7290,1,/api/v1/routes/7290/startlist,/api/v1/routes/7290/results
/api/v1/events/1274/result/257,1274,full_results_url,"IFSC Europe - Continental Youth Cup (L,S,B) - Kaliningrad (RUS) 2022 - CANCELLED",LEAD Youth B Female,registration_pending,2025-10-02 07:18:37 UTC,NA,,7159,lead,Qualification,Youth B Female,pending,2021-11-26 09:11:19 UTC,/api/v1/category_rounds/7159/results,lead_one_group_two_routes,IFSC: 2 routes,19,,,,,,,6878,1,/api/v1/routes/6878/startlist,/api/v1/routes/6878/results
/api/v1/events/1274/result/257,1274,full_results_url,"IFSC Europe - Continental Youth Cup (L,S,B) - Kaliningrad (RUS) 2022 - CANCELLED",LEAD Youth B Female,registration_pending,2025-10-02 07:18:37 UTC,NA,,7159,lead,Qualification,Youth B Female,pending,2021-11-26 09:11:19 UTC,/api/v1/category_rounds/7159/results,lead_one_group_two_routes,IFSC: 2 routes,19,,,,,,,6879,2,/api/v1/routes/6879/startlist,/api/v1/routes/6879/results
/api/v1/events/1274/result/257,1274,full_results_url,"IFSC Europe - Continental Youth Cup (L,S,B) - Kaliningrad (RUS) 2022 - CANCELLED",LEAD Youth B Female,registration_pending,2025-10-02 07:18:37 UTC,NA,,7300,lead,Final,Youth B Female,pending,2021-12-16 07:26:30 UTC,/api/v1/category_rounds/7300/results,lead_one_group_one_route,IFSC: 1 route,21,,,,,,,7291,1,/api/v1/routes/7291/startlist,/api/v1/routes/7291/results
/api/v1/events/1274/result/234,1274,full_results_url,"IFSC Europe - Continental Youth Cup (L,S,B) - Kaliningrad (RUS) 2022 - CANCELLED",SPEED Juniors Male,registration_pending,2025-10-02 07:18:37 UTC,NA,,7160,speed,Qualification,Juniors Male,pending,2021-11-26 09:11:20 UTC,/api/v1/category_rounds/7160/results,speed_staggered,IFSC: Qualification,19,,,,,,,6880,A,/api/v1/routes/6880/startlist,
/api/v1/events/1274/result/234,1274,full_results_url,"IFSC Europe - Continental Youth Cup (L,S,B) - Kaliningrad (RUS) 2022 - CANCELLED",SPEED Juniors Male,registration_pending,2025-10-02 07:18:37 UTC,NA,,7160,speed,Qualification,Juniors Male,pending,2021-11-26 09:11:20 UTC,/api/v1/category_rounds/7160/results,speed_staggered,IFSC: Qualification,19,,,,,,,6881,B,/api/v1/routes/6881/startlist,
/api/v1/events/1274/result/234,1274,full_results_url,"IFSC Europe - Continental Youth Cup (L,S,B) - Kaliningrad (RUS) 2022 - CANCELLED",SPEED Juniors Male,registration_pending,2025-10-02 07:18:37 UTC,NA,,7301,speed,Final,Juniors Male,pending,2021-12-16 07:26:35 UTC,/api/v1/category_rounds/7301/results,speed_elimination_ifsc,IFSC 2021: Elimination,21,,,,,,,7292,A,/api/v1/routes/7292/startlist,
/api/v1/events/1274/result/234,1274,full_results_url,"IFSC Europe - Continental Youth Cup (L,S,B) - Kaliningrad (RUS) 2022 - CANCELLED",SPEED Juniors Male,registration_pending,2025-10-02 07:18:37 UTC,NA,,7301,speed,Final,Juniors Male,pending,2021-12-16 07:26:35 UTC,/api/v1/category_rounds/7301/results,speed_elimination_ifsc,IFSC 2021: Elimination,21,,,,,,,7293,B,/api/v1/routes/7293/startlist,
/api/v1/events/1274/result/238,1274,full_results_url,"IFSC Europe - Continental Youth Cup (L,S,B) - Kaliningrad (RUS) 2022 - CANCELLED",SPEED Youth A Male,registration_pending,2025-10-02 07:18:37 UTC,NA,,7161,speed,Qualification,Youth A Male,pending,2021-11-26 09:11:20 UTC,/api/v1/category_rounds/7161/results,speed_staggered,IFSC: Qualification,19,,,,,,,6882,A,/api/v1/routes/6882/startlist,
/api/v1/events/1274/result/238,1274,full_results_url,"IFSC Europe - Continental Youth Cup (L,S,B) - Kaliningrad (RUS) 2022 - CANCELLED",SPEED Youth A Male,registration_pending,2025-10-02 07:18:37 UTC,NA,,7161,speed,Qualification,Youth A Male,pending,2021-11-26 09:11:20 UTC,/api/v1/category_rounds/7161/results,speed_staggered,IFSC: Qualification,19,,,,,,,6883,B,/api/v1/routes/6883/startlist,
/api/v1/events/1274/result/238,1274,full_results_url,"IFSC Europe - Continental Youth Cup (L,S,B) - Kaliningrad (RUS) 2022 - CANCELLED",SPEED Youth A Male,registration_pending,2025-10-02 07:18:37 UTC,NA,,7302,speed,Final,Youth A Male,pending,2021-12-16 07:26:35 UTC,/api/v1/category_rounds/7302/results,speed_elimination_ifsc,IFSC 2021: Elimination,21,,,,,,,7294,A,/api/v1/routes/7294/startlist,
/api/v1/events/1274/result/238,1274,full_results_url,"IFSC Europe - Continental Youth Cup (L,S,B) - Kaliningrad (RUS) 2022 - CANCELLED",SPEED Youth A Male,registration_pending,2025-10-02 07:18:37 UTC,NA,,7302,speed,Final,Youth A Male,pending,2021-12-16 07:26:35 UTC,/api/v1/category_rounds/7302/results,speed_elimination_ifsc,IFSC 2021: Elimination,21,,,,,,,7295,B,/api/v1/routes/7295/startlist,
/api/v1/events/1274/result/242,1274,full_results_url,"IFSC Europe - Continental Youth Cup (L,S,B) - Kaliningrad (RUS) 2022 - CANCELLED",SPEED Youth B Male,registration_pending,2025-10-02 07:18:37 UTC,NA,,7162,speed,Qualification,Youth B Male,pending,2021-11-26 09:11:20 UTC,/api/v1/category_rounds/7162/results,speed_staggered,IFSC: Qualification,19,,,,,,,6884,A,/api/v1/routes/6884/startlist,
/api/v1/events/1274/result/242,1274,full_results_url,"IFSC Europe - Continental Youth Cup (L,S,B) - Kaliningrad (RUS) 2022 - CANCELLED",SPEED Youth B Male,registration_pending,2025-10-02 07:18:37 UTC,NA,,7162,speed,Qualification,Youth B Male,pending,2021-11-26 09:11:20 UTC,/api/v1/category_rounds/7162/results,speed_staggered,IFSC: Qualification,19,,,,,,,6885,B,/api/v1/routes/6885/startlist,
/api/v1/events/1274/result/242,1274,full_results_url,"IFSC Europe - Continental Youth Cup (L,S,B) - Kaliningrad (RUS) 2022 - CANCELLED",SPEED Youth B Male,registration_pending,2025-10-02 07:18:37 UTC,NA,,7303,speed,Final,Youth B Male,pending,2021-12-16 07:26:35 UTC,/api/v1/category_rounds/7303/results,speed_elimination_ifsc,IFSC 2021: Elimination,21,,,,,,,7296,A,/api/v1/routes/7296/startlist,
/api/v1/events/1274/result/242,1274,full_results_url,"IFSC Europe - Continental Youth Cup (L,S,B) - Kaliningrad (RUS) 2022 - CANCELLED",SPEED Youth B Male,registration_pending,2025-10-02 07:18:37 UTC,NA,,7303,speed,Final,Youth B Male,pending,2021-12-16 07:26:35 UTC,/api/v1/category_rounds/7303/results,speed_elimination_ifsc,IFSC 2021: Elimination,21,,,,,,,7297,B,/api/v1/routes/7297/startlist,
/api/v1/events/1274/result/250,1274,full_results_url,"IFSC Europe - Continental Youth Cup (L,S,B) - Kaliningrad (RUS) 2022 - CANCELLED",SPEED Juniors Female,registration_pending,2025-10-02 07:18:37 UTC,NA,,7163,speed,Qualification,Juniors Female,pending,2021-11-26 09:11:20 UTC,/api/v1/category_rounds/7163/results,speed_staggered,IFSC: Qualification,19,,,,,,,6886,A,/api/v1/routes/6886/startlist,
/api/v1/events/1274/result/250,1274,full_results_url,"IFSC Europe - Continental Youth Cup (L,S,B) - Kaliningrad (RUS) 2022 - CANCELLED",SPEED Juniors Female,registration_pending,2025-10-02 07:18:37 UTC,NA,,7163,speed,Qualification,Juniors Female,pending,2021-11-26 09:11:20 UTC,/api/v1/category_rounds/7163/results,speed_staggered,IFSC: Qualification,19,,,,,,,6887,B,/api/v1/routes/6887/startlist,
/api/v1/events/1274/result/250,1274,full_results_url,"IFSC Europe - Continental Youth Cup (L,S,B) - Kaliningrad (RUS) 2022 - CANCELLED",SPEED Juniors Female,registration_pending,2025-10-02 07:18:37 UTC,NA,,7304,speed,Final,Juniors Female,pending,2021-12-16 07:26:35 UTC,/api/v1/category_rounds/7304/results,speed_elimination_ifsc,IFSC 2021: Elimination,21,,,,,,,7298,A,/api/v1/routes/7298/startlist,
/api/v1/events/1274/result/250,1274,full_results_url,"IFSC Europe - Continental Youth Cup (L,S,B) - Kaliningrad (RUS) 2022 - CANCELLED",SPEED Juniors Female,registration_pending,2025-10-02 07:18:37 UTC,NA,,7304,speed,Final,Juniors Female,pending,2021-12-16 07:26:35 UTC,/api/v1/category_rounds/7304/results,speed_elimination_ifsc,IFSC 2021: Elimination,21,,,,,,,7299,B,/api/v1/routes/7299/startlist,
/api/v1/events/1274/result/254,1274,full_results_url,"IFSC Europe - Continental Youth Cup (L,S,B) - Kaliningrad (RUS) 2022 - CANCELLED",SPEED Youth A Female,registration_pending,2025-10-02 07:18:37 UTC,NA,,7164,speed,Qualification,Youth A Female,pending,2021-11-26 09:11:20 UTC,/api/v1/category_rounds/7164/results,speed_staggered,IFSC: Qualification,19,,,,,,,6888,A,/api/v1/routes/6888/startlist,
/api/v1/events/1274/result/254,1274,full_results_url,"IFSC Europe - Continental Youth Cup (L,S,B) - Kaliningrad (RUS) 2022 - CANCELLED",SPEED Youth A Female,registration_pending,2025-10-02 07:18:37 UTC,NA,,7164,speed,Qualification,Youth A Female,pending,2021-11-26 09:11:20 UTC,/api/v1/category_rounds/7164/results,speed_staggered,IFSC: Qualification,19,,,,,,,6889,B,/api/v1/routes/6889/startlist,
/api/v1/events/1274/result/254,1274,full_results_url,"IFSC Europe - Continental Youth Cup (L,S,B) - Kaliningrad (RUS) 2022 - CANCELLED",SPEED Youth A Female,registration_pending,2025-10-02 07:18:37 UTC,NA,,7305,speed,Final,Youth A Female,pending,2021-12-16 07:26:35 UTC,/api/v1/category_rounds/7305/results,speed_elimination_ifsc,IFSC 2021: Elimination,21,,,,,,,7300,A,/api/v1/routes/7300/startlist,
/api/v1/events/1274/result/254,1274,full_results_url,"IFSC Europe - Continental Youth Cup (L,S,B) - Kaliningrad (RUS) 2022 - CANCELLED",SPEED Youth A Female,registration_pending,2025-10-02 07:18:37 UTC,NA,,7305,speed,Final,Youth A Female,pending,2021-12-16 07:26:35 UTC,/api/v1/category_rounds/7305/results,speed_elimination_ifsc,IFSC 2021: Elimination,21,,,,,,,7301,B,/api/v1/routes/7301/startlist,
/api/v1/events/1274/result/258,1274,full_results_url,"IFSC Europe - Continental Youth Cup (L,S,B) - Kaliningrad (RUS) 2022 - CANCELLED",SPEED Youth B Female,registration_pending,2025-10-02 07:18:37 UTC,NA,,7165,speed,Qualification,Youth B Female,pending,2021-11-26 09:11:20 UTC,/api/v1/category_rounds/7165/results,speed_staggered,IFSC: Qualification,19,,,,,,,6890,A,/api/v1/routes/6890/startlist,
/api/v1/events/1274/result/258,1274,full_results_url,"IFSC Europe - Continental Youth Cup (L,S,B) - Kaliningrad (RUS) 2022 - CANCELLED",SPEED Youth B Female,registration_pending,2025-10-02 07:18:37 UTC,NA,,7165,speed,Qualification,Youth B Female,pending,2021-11-26 09:11:20 UTC,/api/v1/category_rounds/7165/results,speed_staggered,IFSC: Qualification,19,,,,,,,6891,B,/api/v1/routes/6891/startlist,
/api/v1/events/1274/result/258,1274,full_results_url,"IFSC Europe - Continental Youth Cup (L,S,B) - Kaliningrad (RUS) 2022 - CANCELLED",SPEED Youth B Female,registration_pending,2025-10-02 07:18:37 UTC,NA,,7306,speed,Final,Youth B Female,pending,2021-12-16 07:26:35 UTC,/api/v1/category_rounds/7306/results,speed_elimination_ifsc,IFSC 2021: Elimination,21,,,,,,,7302,A,/api/v1/routes/7302/startlist,
/api/v1/events/1274/result/258,1274,full_results_url,"IFSC Europe - Continental Youth Cup (L,S,B) - Kaliningrad (RUS) 2022 - CANCELLED",SPEED Youth B Female,registration_pending,2025-10-02 07:18:37 UTC,NA,,7306,speed,Final,Youth B Female,pending,2021-12-16 07:26:35 UTC,/api/v1/category_rounds/7306/results,speed_elimination_ifsc,IFSC 2021: Elimination,21,,,,,,,7303,B,/api/v1/routes/7303/startlist,
/api/v1/events/1274/result/235,1274,full_results_url,"IFSC Europe - Continental Youth Cup (L,S,B) - Kaliningrad (RUS) 2022 - CANCELLED",BOULDER Juniors Male,registration_pending,2025-10-02 07:18:37 UTC,NA,,7166,boulder,Qualification,Juniors Male,pending,2021-11-26 09:11:21 UTC,/api/v1/category_rounds/7166/results,boulder_one_group_one_boulder_set,IFSC: 1 group,19,,,,,,,6892,1,/api/v1/routes/6892/startlist,
/api/v1/events/1274/result/235,1274,full_results_url,"IFSC Europe - Continental Youth Cup (L,S,B) - Kaliningrad (RUS) 2022 - CANCELLED",BOULDER Juniors Male,registration_pending,2025-10-02 07:18:37 UTC,NA,,7166,boulder,Qualification,Juniors Male,pending,2021-11-26 09:11:21 UTC,/api/v1/category_rounds/7166/results,boulder_one_group_one_boulder_set,IFSC: 1 group,19,,,,,,,6893,2,/api/v1/routes/6893/startlist,
/api/v1/events/1274/result/235,1274,full_results_url,"IFSC Europe - Continental Youth Cup (L,S,B) - Kaliningrad (RUS) 2022 - CANCELLED",BOULDER Juniors Male,registration_pending,2025-10-02 07:18:37 UTC,NA,,7166,boulder,Qualification,Juniors Male,pending,2021-11-26 09:11:21 UTC,/api/v1/category_rounds/7166/results,boulder_one_group_one_boulder_set,IFSC: 1 group,19,,,,,,,6894,3,/api/v1/routes/6894/startlist,
/api/v1/events/1274/result/235,1274,full_results_url,"IFSC Europe - Continental Youth Cup (L,S,B) - Kaliningrad (RUS) 2022 - CANCELLED",BOULDER Juniors Male,registration_pending,2025-10-02 07:18:37 UTC,NA,,7166,boulder,Qualification,Juniors Male,pending,2021-11-26 09:11:21 UTC,/api/v1/category_rounds/7166/results,boulder_one_group_one_boulder_set,IFSC: 1 group,19,,,,,,,6895,4,/api/v1/routes/6895/startlist,
/api/v1/events/1274/result/235,1274,full_results_url,"IFSC Europe - Continental Youth Cup (L,S,B) - Kaliningrad (RUS) 2022 - CANCELLED",BOULDER Juniors Male,registration_pending,2025-10-02 07:18:37 UTC,NA,,7166,boulder,Qualification,Juniors Male,pending,2021-11-26 09:11:21 UTC,/api/v1/category_rounds/7166/results,boulder_one_group_one_boulder_set,IFSC: 1 group,19,,,,,,,6896,5,/api/v1/routes/6896/startlist,
/api/v1/events/1274/result/235,1274,full_results_url,"IFSC Europe - Continental Youth Cup (L,S,B) - Kaliningrad (RUS) 2022 - CANCELLED",BOULDER Juniors Male,registration_pending,2025-10-02 07:18:37 UTC,NA,,7307,boulder,Final,Juniors Male,pending,2021-12-16 07:26:45 UTC,/api/v1/category_rounds/7307/results,boulder_one_group_one_boulder_set,IFSC: 1 group,21,,,,,,,7304,1,/api/v1/routes/7304/startlist,
/api/v1/events/1274/result/235,1274,full_results_url,"IFSC Europe - Continental Youth Cup (L,S,B) - Kaliningrad (RUS) 2022 - CANCELLED",BOULDER Juniors Male,registration_pending,2025-10-02 07:18:37 UTC,NA,,7307,boulder,Final,Juniors Male,pending,2021-12-16 07:26:45 UTC,/api/v1/category_rounds/7307/results,boulder_one_group_one_boulder_set,IFSC: 1 group,21,,,,,,,7305,2,/api/v1/routes/7305/startlist,
/api/v1/events/1274/result/235,1274,full_results_url,"IFSC Europe - Continental Youth Cup (L,S,B) - Kaliningrad (RUS) 2022 - CANCELLED",BOULDER Juniors Male,registration_pending,2025-10-02 07:18:37 UTC,NA,,7307,boulder,Final,Juniors Male,pending,2021-12-16 07:26:45 UTC,/api/v1/category_rounds/7307/results,boulder_one_group_one_boulder_set,IFSC: 1 group,21,,,,,,,7306,3,/api/v1/routes/7306/startlist,
/api/v1/events/1274/result/235,1274,full_results_url,"IFSC Europe - Continental Youth Cup (L,S,B) - Kaliningrad (RUS) 2022 - CANCELLED",BOULDER Juniors Male,registration_pending,2025-10-02 07:18:37 UTC,NA,,7307,boulder,Final,Juniors Male,pending,2021-12-16 07:26:45 UTC,/api/v1/category_rounds/7307/results,boulder_one_group_one_boulder_set,IFSC: 1 group,21,,,,,,,7307,4,/api/v1/routes/7307/startlist,
/api/v1/events/1274/result/239,1274,full_results_url,"IFSC Europe - Continental Youth Cup (L,S,B) - Kaliningrad (RUS) 2022 - CANCELLED",BOULDER Youth A Male,registration_pending,2025-10-02 07:18:37 UTC,NA,,7167,boulder,Qualification,Youth A Male,pending,2021-11-26 09:11:21 UTC,/api/v1/category_rounds/7167/results,boulder_one_group_one_boulder_set,IFSC: 1 group,19,,,,,,,6897,1,/api/v1/routes/6897/startlist,
/api/v1/events/1274/result/239,1274,full_results_url,"IFSC Europe - Continental Youth Cup (L,S,B) - Kaliningrad (RUS) 2022 - CANCELLED",BOULDER Youth A Male,registration_pending,2025-10-02 07:18:37 UTC,NA,,7167,boulder,Qualification,Youth A Male,pending,2021-11-26 09:11:21 UTC,/api/v1/category_rounds/7167/results,boulder_one_group_one_boulder_set,IFSC: 1 group,19,,,,,,,6898,2,/api/v1/routes/6898/startlist,
/api/v1/events/1274/result/239,1274,full_results_url,"IFSC Europe - Continental Youth Cup (L,S,B) - Kaliningrad (RUS) 2022 - CANCELLED",BOULDER Youth A Male,registration_pending,2025-10-02 07:18:37 UTC,NA,,7167,boulder,Qualification,Youth A Male,pending,2021-11-26 09:11:21 UTC,/api/v1/category_rounds/7167/results,boulder_one_group_one_boulder_set,IFSC: 1 group,19,,,,,,,6899,3,/api/v1/routes/6899/startlist,
/api/v1/events/1274/result/239,1274,full_results_url,"IFSC Europe - Continental Youth Cup (L,S,B) - Kaliningrad (RUS) 2022 - CANCELLED",BOULDER Youth A Male,registration_pending,2025-10-02 07:18:37 UTC,NA,,7167,boulder,Qualification,Youth A Male,pending,2021-11-26 09:11:21 UTC,/api/v1/category_rounds/7167/results,boulder_one_group_one_boulder_set,IFSC: 1 group,19,,,,,,,6900,4,/api/v1/routes/6900/startlist,
/api/v1/events/1274/result/239,1274,full_results_url,"IFSC Europe - Continental Youth Cup (L,S,B) - Kaliningrad (RUS) 2022 - CANCELLED",BOULDER Youth A Male,registration_pending,2025-10-02 07:18:37 UTC,NA,,7167,boulder,Qualification,Youth A Male,pending,2021-11-26 09:11:21 UTC,/api/v1/category_rounds/7167/results,boulder_one_group_one_boulder_set,IFSC: 1 group,19,,,,,,,6901,5,/api/v1/routes/6901/startlist,
/api/v1/events/1274/result/239,1274,full_results_url,"IFSC Europe - Continental Youth Cup (L,S,B) - Kaliningrad (RUS) 2022 - CANCELLED",BOULDER Youth A Male,registration_pending,2025-10-02 07:18:37 UTC,NA,,7308,boulder,Final,Youth A Male,pending,2021-12-16 07:26:45 UTC,/api/v1/category_rounds/7308/results,boulder_one_group_one_boulder_set,IFSC: 1 group,21,,,,,,,7308,1,/api/v1/routes/7308/startlist,
/api/v1/events/1274/result/239,1274,full_results_url,"IFSC Europe - Continental Youth Cup (L,S,B) - Kaliningrad (RUS) 2022 - CANCELLED",BOULDER Youth A Male,registration_pending,2025-10-02 07:18:37 UTC,NA,,7308,boulder,Final,Youth A Male,pending,2021-12-16 07:26:45 UTC,/api/v1/category_rounds/7308/results,boulder_one_group_one_boulder_set,IFSC: 1 group,21,,,,,,,7309,2,/api/v1/routes/7309/startlist,
/api/v1/events/1274/result/239,1274,full_results_url,"IFSC Europe - Continental Youth Cup (L,S,B) - Kaliningrad (RUS) 2022 - CANCELLED",BOULDER Youth A Male,registration_pending,2025-10-02 07:18:37 UTC,NA,,7308,boulder,Final,Youth A Male,pending,2021-12-16 07:26:45 UTC,/api/v1/category_rounds/7308/results,boulder_one_group_one_boulder_set,IFSC: 1 group,21,,,,,,,7310,3,/api/v1/routes/7310/startlist,
/api/v1/events/1274/result/239,1274,full_results_url,"IFSC Europe - Continental Youth Cup (L,S,B) - Kaliningrad (RUS) 2022 - CANCELLED",BOULDER Youth A Male,registration_pending,2025-10-02 07:18:37 UTC,NA,,7308,boulder,Final,Youth A Male,pending,2021-12-16 07:26:45 UTC,/api/v1/category_rounds/7308/results,boulder_one_group_one_boulder_set,IFSC: 1 group,21,,,,,,,7311,4,/api/v1/routes/7311/startlist,
/api/v1/events/1274/result/243,1274,full_results_url,"IFSC Europe - Continental Youth Cup (L,S,B) - Kaliningrad (RUS) 2022 - CANCELLED",BOULDER Youth B Male,registration_pending,2025-10-02 07:18:37 UTC,NA,,7168,boulder,Qualification,Youth B Male,pending,2021-11-26 09:11:21 UTC,/api/v1/category_rounds/7168/results,boulder_one_group_one_boulder_set,IFSC: 1 group,19,,,,,,,6902,1,/api/v1/routes/6902/startlist,
/api/v1/events/1274/result/243,1274,full_results_url,"IFSC Europe - Continental Youth Cup (L,S,B) - Kaliningrad (RUS) 2022 - CANCELLED",BOULDER Youth B Male,registration_pending,2025-10-02 07:18:37 UTC,NA,,7168,boulder,Qualification,Youth B Male,pending,2021-11-26 09:11:21 UTC,/api/v1/category_rounds/7168/results,boulder_one_group_one_boulder_set,IFSC: 1 group,19,,,,,,,6903,2,/api/v1/routes/6903/startlist,
/api/v1/events/1274/result/243,1274,full_results_url,"IFSC Europe - Continental Youth Cup (L,S,B) - Kaliningrad (RUS) 2022 - CANCELLED",BOULDER Youth B Male,registration_pending,2025-10-02 07:18:37 UTC,NA,,7168,boulder,Qualification,Youth B Male,pending,2021-11-26 09:11:21 UTC,/api/v1/category_rounds/7168/results,boulder_one_group_one_boulder_set,IFSC: 1 group,19,,,,,,,6904,3,/api/v1/routes/6904/startlist,
/api/v1/events/1274/result/243,1274,full_results_url,"IFSC Europe - Continental Youth Cup (L,S,B) - Kaliningrad (RUS) 2022 - CANCELLED",BOULDER Youth B Male,registration_pending,2025-10-02 07:18:37 UTC,NA,,7168,boulder,Qualification,Youth B Male,pending,2021-11-26 09:11:21 UTC,/api/v1/category_rounds/7168/results,boulder_one_group_one_boulder_set,IFSC: 1 group,19,,,,,,,6905,4,/api/v1/routes/6905/startlist,
/api/v1/events/1274/result/243,1274,full_results_url,"IFSC Europe - Continental Youth Cup (L,S,B) - Kaliningrad (RUS) 2022 - CANCELLED",BOULDER Youth B Male,registration_pending,2025-10-02 07:18:37 UTC,NA,,7168,boulder,Qualification,Youth B Male,pending,2021-11-26 09:11:21 UTC,/api/v1/category_rounds/7168/results,boulder_one_group_one_boulder_set,IFSC: 1 group,19,,,,,,,6906,5,/api/v1/routes/6906/startlist,
/api/v1/events/1274/result/243,1274,full_results_url,"IFSC Europe - Continental Youth Cup (L,S,B) - Kaliningrad (RUS) 2022 - CANCELLED",BOULDER Youth B Male,registration_pending,2025-10-02 07:18:37 UTC,NA,,7309,boulder,Final,Youth B Male,pending,2021-12-16 07:26:46 UTC,/api/v1/category_rounds/7309/results,boulder_one_group_one_boulder_set,IFSC: 1 group,21,,,,,,,7312,1,/api/v1/routes/7312/startlist,
/api/v1/events/1274/result/243,1274,full_results_url,"IFSC Europe - Continental Youth Cup (L,S,B) - Kaliningrad (RUS) 2022 - CANCELLED",BOULDER Youth B Male,registration_pending,2025-10-02 07:18:37 UTC,NA,,7309,boulder,Final,Youth B Male,pending,2021-12-16 07:26:46 UTC,/api/v1/category_rounds/7309/results,boulder_one_group_one_boulder_set,IFSC: 1 group,21,,,,,,,7313,2,/api/v1/routes/7313/startlist,
/api/v1/events/1274/result/243,1274,full_results_url,"IFSC Europe - Continental Youth Cup (L,S,B) - Kaliningrad (RUS) 2022 - CANCELLED",BOULDER Youth B Male,registration_pending,2025-10-02 07:18:37 UTC,NA,,7309,boulder,Final,Youth B Male,pending,2021-12-16 07:26:46 UTC,/api/v1/category_rounds/7309/results,boulder_one_group_one_boulder_set,IFSC: 1 group,21,,,,,,,7314,3,/api/v1/routes/7314/startlist,
/api/v1/events/1274/result/243,1274,full_results_url,"IFSC Europe - Continental Youth Cup (L,S,B) - Kaliningrad (RUS) 2022 - CANCELLED",BOULDER Youth B Male,registration_pending,2025-10-02 07:18:37 UTC,NA,,7309,boulder,Final,Youth B Male,pending,2021-12-16 07:26:46 UTC,/api/v1/category_rounds/7309/results,boulder_one_group_one_boulder_set,IFSC: 1 group,21,,,,,,,7315,4,/api/v1/routes/7315/startlist,
/api/v1/events/1274/result/251,1274,full_results_url,"IFSC Europe - Continental Youth Cup (L,S,B) - Kaliningrad (RUS) 2022 - CANCELLED",BOULDER Juniors Female,registration_pending,2025-10-02 07:18:37 UTC,NA,,7169,boulder,Qualification,Juniors Female,pending,2021-11-26 09:11:22 UTC,/api/v1/category_rounds/7169/results,boulder_one_group_one_boulder_set,IFSC: 1 group,19,,,,,,,6907,1,/api/v1/routes/6907/startlist,
/api/v1/events/1274/result/251,1274,full_results_url,"IFSC Europe - Continental Youth Cup (L,S,B) - Kaliningrad (RUS) 2022 - CANCELLED",BOULDER Juniors Female,registration_pending,2025-10-02 07:18:37 UTC,NA,,7169,boulder,Qualification,Juniors Female,pending,2021-11-26 09:11:22 UTC,/api/v1/category_rounds/7169/results,boulder_one_group_one_boulder_set,IFSC: 1 group,19,,,,,,,6908,2,/api/v1/routes/6908/startlist,
/api/v1/events/1274/result/251,1274,full_results_url,"IFSC Europe - Continental Youth Cup (L,S,B) - Kaliningrad (RUS) 2022 - CANCELLED",BOULDER Juniors Female,registration_pending,2025-10-02 07:18:37 UTC,NA,,7169,boulder,Qualification,Juniors Female,pending,2021-11-26 09:11:22 UTC,/api/v1/category_rounds/7169/results,boulder_one_group_one_boulder_set,IFSC: 1 group,19,,,,,,,6909,3,/api/v1/routes/6909/startlist,
/api/v1/events/1274/result/251,1274,full_results_url,"IFSC Europe - Continental Youth Cup (L,S,B) - Kaliningrad (RUS) 2022 - CANCELLED",BOULDER Juniors Female,registration_pending,2025-10-02 07:18:37 UTC,NA,,7169,boulder,Qualification,Juniors Female,pending,2021-11-26 09:11:22 UTC,/api/v1/category_rounds/7169/results,boulder_one_group_one_boulder_set,IFSC: 1 group,19,,,,,,,6910,4,/api/v1/routes/6910/startlist,
/api/v1/events/1274/result/251,1274,full_results_url,"IFSC Europe - Continental Youth Cup (L,S,B) - Kaliningrad (RUS) 2022 - CANCELLED",BOULDER Juniors Female,registration_pending,2025-10-02 07:18:37 UTC,NA,,7169,boulder,Qualification,Juniors Female,pending,2021-11-26 09:11:22 UTC,/api/v1/category_rounds/7169/results,boulder_one_group_one_boulder_set,IFSC: 1 group,19,,,,,,,6911,5,/api/v1/routes/6911/startlist,
/api/v1/events/1274/result/251,1274,full_results_url,"IFSC Europe - Continental Youth Cup (L,S,B) - Kaliningrad (RUS) 2022 - CANCELLED",BOULDER Juniors Female,registration_pending,2025-10-02 07:18:37 UTC,NA,,7310,boulder,Final,Juniors Female,pending,2021-12-16 07:26:46 UTC,/api/v1/category_rounds/7310/results,boulder_one_group_one_boulder_set,IFSC: 1 group,21,,,,,,,7316,1,/api/v1/routes/7316/startlist,
/api/v1/events/1274/result/251,1274,full_results_url,"IFSC Europe - Continental Youth Cup (L,S,B) - Kaliningrad (RUS) 2022 - CANCELLED",BOULDER Juniors Female,registration_pending,2025-10-02 07:18:37 UTC,NA,,7310,boulder,Final,Juniors Female,pending,2021-12-16 07:26:46 UTC,/api/v1/category_rounds/7310/results,boulder_one_group_one_boulder_set,IFSC: 1 group,21,,,,,,,7317,2,/api/v1/routes/7317/startlist,
/api/v1/events/1274/result/251,1274,full_results_url,"IFSC Europe - Continental Youth Cup (L,S,B) - Kaliningrad (RUS) 2022 - CANCELLED",BOULDER Juniors Female,registration_pending,2025-10-02 07:18:37 UTC,NA,,7310,boulder,Final,Juniors Female,pending,2021-12-16 07:26:46 UTC,/api/v1/category_rounds/7310/results,boulder_one_group_one_boulder_set,IFSC: 1 group,21,,,,,,,7318,3,/api/v1/routes/7318/startlist,
/api/v1/events/1274/result/251,1274,full_results_url,"IFSC Europe - Continental Youth Cup (L,S,B) - Kaliningrad (RUS) 2022 - CANCELLED",BOULDER Juniors Female,registration_pending,2025-10-02 07:18:37 UTC,NA,,7310,boulder,Final,Juniors Female,pending,2021-12-16 07:26:46 UTC,/api/v1/category_rounds/7310/results,boulder_one_group_one_boulder_set,IFSC: 1 group,21,,,,,,,7319,4,/api/v1/routes/7319/startlist,
/api/v1/events/1274/result/255,1274,full_results_url,"IFSC Europe - Continental Youth Cup (L,S,B) - Kaliningrad (RUS) 2022 - CANCELLED",BOULDER Youth A Female,registration_pending,2025-10-02 07:18:37 UTC,NA,,7170,boulder,Qualification,Youth A Female,pending,2021-11-26 09:11:22 UTC,/api/v1/category_rounds/7170/results,boulder_one_group_one_boulder_set,IFSC: 1 group,19,,,,,,,6912,1,/api/v1/routes/6912/startlist,
/api/v1/events/1274/result/255,1274,full_results_url,"IFSC Europe - Continental Youth Cup (L,S,B) - Kaliningrad (RUS) 2022 - CANCELLED",BOULDER Youth A Female,registration_pending,2025-10-02 07:18:37 UTC,NA,,7170,boulder,Qualification,Youth A Female,pending,2021-11-26 09:11:22 UTC,/api/v1/category_rounds/7170/results,boulder_one_group_one_boulder_set,IFSC: 1 group,19,,,,,,,6913,2,/api/v1/routes/6913/startlist,
/api/v1/events/1274/result/255,1274,full_results_url,"IFSC Europe - Continental Youth Cup (L,S,B) - Kaliningrad (RUS) 2022 - CANCELLED",BOULDER Youth A Female,registration_pending,2025-10-02 07:18:37 UTC,NA,,7170,boulder,Qualification,Youth A Female,pending,2021-11-26 09:11:22 UTC,/api/v1/category_rounds/7170/results,boulder_one_group_one_boulder_set,IFSC: 1 group,19,,,,,,,6914,3,/api/v1/routes/6914/startlist,
/api/v1/events/1274/result/255,1274,full_results_url,"IFSC Europe - Continental Youth Cup (L,S,B) - Kaliningrad (RUS) 2022 - CANCELLED",BOULDER Youth A Female,registration_pending,2025-10-02 07:18:37 UTC,NA,,7170,boulder,Qualification,Youth A Female,pending,2021-11-26 09:11:22 UTC,/api/v1/category_rounds/7170/results,boulder_one_group_one_boulder_set,IFSC: 1 group,19,,,,,,,6915,4,/api/v1/routes/6915/startlist,
/api/v1/events/1274/result/255,1274,full_results_url,"IFSC Europe - Continental Youth Cup (L,S,B) - Kaliningrad (RUS) 2022 - CANCELLED",BOULDER Youth A Female,registration_pending,2025-10-02 07:18:37 UTC,NA,,7170,boulder,Qualification,Youth A Female,pending,2021-11-26 09:11:22 UTC,/api/v1/category_rounds/7170/results,boulder_one_group_one_boulder_set,IFSC: 1 group,19,,,,,,,6916,5,/api/v1/routes/6916/startlist,
/api/v1/events/1274/result/255,1274,full_results_url,"IFSC Europe - Continental Youth Cup (L,S,B) - Kaliningrad (RUS) 2022 - CANCELLED",BOULDER Youth A Female,registration_pending,2025-10-02 07:18:37 UTC,NA,,7311,boulder,Final,Youth A Female,pending,2021-12-16 07:26:46 UTC,/api/v1/category_rounds/7311/results,boulder_one_group_one_boulder_set,IFSC: 1 group,21,,,,,,,7320,1,/api/v1/routes/7320/startlist,
/api/v1/events/1274/result/255,1274,full_results_url,"IFSC Europe - Continental Youth Cup (L,S,B) - Kaliningrad (RUS) 2022 - CANCELLED",BOULDER Youth A Female,registration_pending,2025-10-02 07:18:37 UTC,NA,,7311,boulder,Final,Youth A Female,pending,2021-12-16 07:26:46 UTC,/api/v1/category_rounds/7311/results,boulder_one_group_one_boulder_set,IFSC: 1 group,21,,,,,,,7321,2,/api/v1/routes/7321/startlist,
/api/v1/events/1274/result/255,1274,full_results_url,"IFSC Europe - Continental Youth Cup (L,S,B) - Kaliningrad (RUS) 2022 - CANCELLED",BOULDER Youth A Female,registration_pending,2025-10-02 07:18:37 UTC,NA,,7311,boulder,Final,Youth A Female,pending,2021-12-16 07:26:46 UTC,/api/v1/category_rounds/7311/results,boulder_one_group_one_boulder_set,IFSC: 1 group,21,,,,,,,7322,3,/api/v1/routes/7322/startlist,
/api/v1/events/1274/result/255,1274,full_results_url,"IFSC Europe - Continental Youth Cup (L,S,B) - Kaliningrad (RUS) 2022 - CANCELLED",BOULDER Youth A Female,registration_pending,2025-10-02 07:18:37 UTC,NA,,7311,boulder,Final,Youth A Female,pending,2021-12-16 07:26:46 UTC,/api/v1/category_rounds/7311/results,boulder_one_group_one_boulder_set,IFSC: 1 group,21,,,,,,,7323,4,/api/v1/routes/7323/startlist,
/api/v1/events/1274/result/259,1274,full_results_url,"IFSC Europe - Continental Youth Cup (L,S,B) - Kaliningrad (RUS) 2022 - CANCELLED",BOULDER Youth B Female,registration_pending,2025-10-02 07:18:37 UTC,NA,,7171,boulder,Qualification,Youth B Female,pending,2021-11-26 09:11:22 UTC,/api/v1/category_rounds/7171/results,boulder_one_group_one_boulder_set,IFSC: 1 group,19,,,,,,,6917,1,/api/v1/routes/6917/startlist,
/api/v1/events/1274/result/259,1274,full_results_url,"IFSC Europe - Continental Youth Cup (L,S,B) - Kaliningrad (RUS) 2022 - CANCELLED",BOULDER Youth B Female,registration_pending,2025-10-02 07:18:37 UTC,NA,,7171,boulder,Qualification,Youth B Female,pending,2021-11-26 09:11:22 UTC,/api/v1/category_rounds/7171/results,boulder_one_group_one_boulder_set,IFSC: 1 group,19,,,,,,,6918,2,/api/v1/routes/6918/startlist,
/api/v1/events/1274/result/259,1274,full_results_url,"IFSC Europe - Continental Youth Cup (L,S,B) - Kaliningrad (RUS) 2022 - CANCELLED",BOULDER Youth B Female,registration_pending,2025-10-02 07:18:37 UTC,NA,,7171,boulder,Qualification,Youth B Female,pending,2021-11-26 09:11:22 UTC,/api/v1/category_rounds/7171/results,boulder_one_group_one_boulder_set,IFSC: 1 group,19,,,,,,,6919,3,/api/v1/routes/6919/startlist,
/api/v1/events/1274/result/259,1274,full_results_url,"IFSC Europe - Continental Youth Cup (L,S,B) - Kaliningrad (RUS) 2022 - CANCELLED",BOULDER Youth B Female,registration_pending,2025-10-02 07:18:37 UTC,NA,,7171,boulder,Qualification,Youth B Female,pending,2021-11-26 09:11:22 UTC,/api/v1/category_rounds/7171/results,boulder_one_group_one_boulder_set,IFSC: 1 group,19,,,,,,,6920,4,/api/v1/routes/6920/startlist,
/api/v1/events/1274/result/259,1274,full_results_url,"IFSC Europe - Continental Youth Cup (L,S,B) - Kaliningrad (RUS) 2022 - CANCELLED",BOULDER Youth B Female,registration_pending,2025-10-02 07:18:37 UTC,NA,,7171,boulder,Qualification,Youth B Female,pending,2021-11-26 09:11:22 UTC,/api/v1/category_rounds/7171/results,boulder_one_group_one_boulder_set,IFSC: 1 group,19,,,,,,,6921,5,/api/v1/routes/6921/startlist,
/api/v1/events/1274/result/259,1274,full_results_url,"IFSC Europe - Continental Youth Cup (L,S,B) - Kaliningrad (RUS) 2022 - CANCELLED",BOULDER Youth B Female,registration_pending,2025-10-02 07:18:37 UTC,NA,,7312,boulder,Final,Youth B Female,pending,2021-12-16 07:26:46 UTC,/api/v1/category_rounds/7312/results,boulder_one_group_one_boulder_set,IFSC: 1 group,21,,,,,,,7324,1,/api/v1/routes/7324/startlist,
/api/v1/events/1274/result/259,1274,full_results_url,"IFSC Europe - Continental Youth Cup (L,S,B) - Kaliningrad (RUS) 2022 - CANCELLED",BOULDER Youth B Female,registration_pending,2025-10-02 07:18:37 UTC,NA,,7312,boulder,Final,Youth B Female,pending,2021-12-16 07:26:46 UTC,/api/v1/category_rounds/7312/results,boulder_one_group_one_boulder_set,IFSC: 1 group,21,,,,,,,7325,2,/api/v1/routes/7325/startlist,
/api/v1/events/1274/result/259,1274,full_results_url,"IFSC Europe - Continental Youth Cup (L,S,B) - Kaliningrad (RUS) 2022 - CANCELLED",BOULDER Youth B Female,registration_pending,2025-10-02 07:18:37 UTC,NA,,7312,boulder,Final,Youth B Female,pending,2021-12-16 07:26:46 UTC,/api/v1/category_rounds/7312/results,boulder_one_group_one_boulder_set,IFSC: 1 group,21,,,,,,,7326,3,/api/v1/routes/7326/startlist,
/api/v1/events/1274/result/259,1274,full_results_url,"IFSC Europe - Continental Youth Cup (L,S,B) - Kaliningrad (RUS) 2022 - CANCELLED",BOULDER Youth B Female,registration_pending,2025-10-02 07:18:37 UTC,NA,,7312,boulder,Final,Youth B Female,pending,2021-12-16 07:26:46 UTC,/api/v1/category_rounds/7312/results,boulder_one_group_one_boulder_set,IFSC: 1 group,21,,,,,,,7327,4,/api/v1/routes/7327/startlist,
/api/v1/events/1234/result/617,1234,full_results_url,"IFSC - Climbing World Cup (B&L) - Morioka, Iwate (JPN) 2022",BOULDER&LEAD Men,finished,2025-10-02 07:18:38 UTC,2026-04-22 09:03:42 UTC,,7553,boulder&lead,Qualification,Men,finished,2022-10-20 12:08:48 UTC,/api/v1/category_rounds/7553/results,bl_qualification,IFSC: Qualification,1,633.0,,boulder,finished,2022-10-20 12:08:37 UTC,/api/v1/combined_stages/633/results,8043,1,/api/v1/routes/8043/startlist,
/api/v1/events/1234/result/617,1234,full_results_url,"IFSC - Climbing World Cup (B&L) - Morioka, Iwate (JPN) 2022",BOULDER&LEAD Men,finished,2025-10-02 07:18:38 UTC,2026-04-22 09:03:42 UTC,,7553,boulder&lead,Qualification,Men,finished,2022-10-20 12:08:48 UTC,/api/v1/category_rounds/7553/results,bl_qualification,IFSC: Qualification,1,633.0,,boulder,finished,2022-10-20 12:08:37 UTC,/api/v1/combined_stages/633/results,8044,2,/api/v1/routes/8044/startlist,
/api/v1/events/1234/result/617,1234,full_results_url,"IFSC - Climbing World Cup (B&L) - Morioka, Iwate (JPN) 2022",BOULDER&LEAD Men,finished,2025-10-02 07:18:38 UTC,2026-04-22 09:03:42 UTC,,7553,boulder&lead,Qualification,Men,finished,2022-10-20 12:08:48 UTC,/api/v1/category_rounds/7553/results,bl_qualification,IFSC: Qualification,1,633.0,,boulder,finished,2022-10-20 12:08:37 UTC,/api/v1/combined_stages/633/results,8045,3,/api/v1/routes/8045/startlist,
/api/v1/events/1234/result/617,1234,full_results_url,"IFSC - Climbing World Cup (B&L) - Morioka, Iwate (JPN) 2022",BOULDER&LEAD Men,finished,2025-10-02 07:18:38 UTC,2026-04-22 09:03:42 UTC,,7553,boulder&lead,Qualification,Men,finished,2022-10-20 12:08:48 UTC,/api/v1/category_rounds/7553/results,bl_qualification,IFSC: Qualification,1,633.0,,boulder,finished,2022-10-20 12:08:37 UTC,/api/v1/combined_stages/633/results,8046,4,/api/v1/routes/8046/startlist,
/api/v1/events/1234/result/617,1234,full_results_url,"IFSC - Climbing World Cup (B&L) - Morioka, Iwate (JPN) 2022",BOULDER&LEAD Men,finished,2025-10-02 07:18:38 UTC,2026-04-22 09:03:42 UTC,,7553,boulder&lead,Qualification,Men,finished,2022-10-20 12:08:48 UTC,/api/v1/category_rounds/7553/results,bl_qualification,IFSC: Qualification,1,634.0,,lead,finished,2022-10-20 08:36:28 UTC,/api/v1/combined_stages/634/results,8047,1,/api/v1/routes/8047/startlist,/api/v1/routes/8047/results
/api/v1/events/1234/result/617,1234,full_results_url,"IFSC - Climbing World Cup (B&L) - Morioka, Iwate (JPN) 2022",BOULDER&LEAD Men,finished,2025-10-02 07:18:38 UTC,2026-04-22 09:03:42 UTC,,7817,boulder&lead,Semi-final,Men,finished,2022-10-21 05:11:21 UTC,/api/v1/category_rounds/7817/results,bl_qualification,IFSC: Qualification,2,747.0,,boulder,finished,2022-10-21 02:47:27 UTC,/api/v1/combined_stages/747/results,9060,1,/api/v1/routes/9060/startlist,
/api/v1/events/1234/result/617,1234,full_results_url,"IFSC - Climbing World Cup (B&L) - Morioka, Iwate (JPN) 2022",BOULDER&LEAD Men,finished,2025-10-02 07:18:38 UTC,2026-04-22 09:03:42 UTC,,7817,boulder&lead,Semi-final,Men,finished,2022-10-21 05:11:21 UTC,/api/v1/category_rounds/7817/results,bl_qualification,IFSC: Qualification,2,747.0,,boulder,finished,2022-10-21 02:47:27 UTC,/api/v1/combined_stages/747/results,9061,2,/api/v1/routes/9061/startlist,
/api/v1/events/1234/result/617,1234,full_results_url,"IFSC - Climbing World Cup (B&L) - Morioka, Iwate (JPN) 2022",BOULDER&LEAD Men,finished,2025-10-02 07:18:38 UTC,2026-04-22 09:03:42 UTC,,7817,boulder&lead,Semi-final,Men,finished,2022-10-21 05:11:21 UTC,/api/v1/category_rounds/7817/results,bl_qualification,IFSC: Qualification,2,747.0,,boulder,finished,2022-10-21 02:47:27 UTC,/api/v1/combined_stages/747/results,9062,3,/api/v1/routes/9062/startlist,
/api/v1/events/1234/result/617,1234,full_results_url,"IFSC - Climbing World Cup (B&L) - Morioka, Iwate (JPN) 2022",BOULDER&LEAD Men,finished,2025-10-02 07:18:38 UTC,2026-04-22 09:03:42 UTC,,7817,boulder&lead,Semi-final,Men,finished,2022-10-21 05:11:21 UTC,/api/v1/category_rounds/7817/results,bl_qualification,IFSC: Qualification,2,747.0,,boulder,finished,2022-10-21 02:47:27 UTC,/api/v1/combined_stages/747/results,9063,4,/api/v1/routes/9063/startlist,
/api/v1/events/1234/result/617,1234,full_results_url,"IFSC - Climbing World Cup (B&L) - Morioka, Iwate (JPN) 2022",BOULDER&LEAD Men,finished,2025-10-02 07:18:38 UTC,2026-04-22 09:03:42 UTC,,7817,boulder&lead,Semi-final,Men,finished,2022-10-21 05:11:21 UTC,/api/v1/category_rounds/7817/results,bl_qualification,IFSC: Qualification,2,748.0,,lead,finished,2022-10-21 05:11:17 UTC,/api/v1/combined_stages/748/results,9064,1,/api/v1/routes/9064/startlist,/api/v1/routes/9064/results
/api/v1/events/1234/result/617,1234,full_results_url,"IFSC - Climbing World Cup (B&L) - Morioka, Iwate (JPN) 2022",BOULDER&LEAD Men,finished,2025-10-02 07:18:38 UTC,2026-04-22 09:03:42 UTC,,7819,boulder&lead,Final,Men,finished,2022-10-21 11:56:34 UTC,/api/v1/category_rounds/7819/results,bl_final,IFSC: Finals,3,751.0,,boulder,finished,2022-10-21 10:40:18 UTC,/api/v1/combined_stages/751/results,9070,1,/api/v1/routes/9070/startlist,
/api/v1/events/1234/result/617,1234,full_results_url,"IFSC - Climbing World Cup (B&L) - Morioka, Iwate (JPN) 2022",BOULDER&LEAD Men,finished,2025-10-02 07:18:38 UTC,2026-04-22 09:03:42 UTC,,7819,boulder&lead,Final,Men,finished,2022-10-21 11:56:34 UTC,/api/v1/category_rounds/7819/results,bl_final,IFSC: Finals,3,751.0,,boulder,finished,2022-10-21 10:40:18 UTC,/api/v1/combined_stages/751/results,9071,2,/api/v1/routes/9071/startlist,
/api/v1/events/1234/result/617,1234,full_results_url,"IFSC - Climbing World Cup (B&L) - Morioka, Iwate (JPN) 2022",BOULDER&LEAD Men,finished,2025-10-02 07:18:38 UTC,2026-04-22 09:03:42 UTC,,7819,boulder&lead,Final,Men,finished,2022-10-21 11:56:34 UTC,/api/v1/category_rounds/7819/results,bl_final,IFSC: Finals,3,751.0,,boulder,finished,2022-10-21 10:40:18 UTC,/api/v1/combined_stages/751/results,9072,3,/api/v1/routes/9072/startlist,
/api/v1/events/1234/result/617,1234,full_results_url,"IFSC - Climbing World Cup (B&L) - Morioka, Iwate (JPN) 2022",BOULDER&LEAD Men,finished,2025-10-02 07:18:38 UTC,2026-04-22 09:03:42 UTC,,7819,boulder&lead,Final,Men,finished,2022-10-21 11:56:34 UTC,/api/v1/category_rounds/7819/results,bl_final,IFSC: Finals,3,751.0,,boulder,finished,2022-10-21 10:40:18 UTC,/api/v1/combined_stages/751/results,9073,4,/api/v1/routes/9073/startlist,
/api/v1/events/1234/result/617,1234,full_results_url,"IFSC - Climbing World Cup (B&L) - Morioka, Iwate (JPN) 2022",BOULDER&LEAD Men,finished,2025-10-02 07:18:38 UTC,2026-04-22 09:03:42 UTC,,7819,boulder&lead,Final,Men,finished,2022-10-21 11:56:34 UTC,/api/v1/category_rounds/7819/results,bl_final,IFSC: Finals,3,752.0,,lead,finished,2022-10-21 11:56:28 UTC,/api/v1/combined_stages/752/results,9074,1,/api/v1/routes/9074/startlist,/api/v1/routes/9074/results
/api/v1/events/1234/result/618,1234,full_results_url,"IFSC - Climbing World Cup (B&L) - Morioka, Iwate (JPN) 2022",BOULDER&LEAD Women,finished,2025-10-02 07:18:38 UTC,2026-04-22 09:03:46 UTC,,7554,boulder&lead,Qualification,Women,finished,2022-10-20 12:11:51 UTC,/api/v1/category_rounds/7554/results,bl_qualification,IFSC: Qualification,1,635.0,,boulder,finished,2022-10-20 12:11:46 UTC,/api/v1/combined_stages/635/results,8048,1,/api/v1/routes/8048/startlist,
/api/v1/events/1234/result/618,1234,full_results_url,"IFSC - Climbing World Cup (B&L) - Morioka, Iwate (JPN) 2022",BOULDER&LEAD Women,finished,2025-10-02 07:18:38 UTC,2026-04-22 09:03:46 UTC,,7554,boulder&lead,Qualification,Women,finished,2022-10-20 12:11:51 UTC,/api/v1/category_rounds/7554/results,bl_qualification,IFSC: Qualification,1,635.0,,boulder,finished,2022-10-20 12:11:46 UTC,/api/v1/combined_stages/635/results,8049,2,/api/v1/routes/8049/startlist,
/api/v1/events/1234/result/618,1234,full_results_url,"IFSC - Climbing World Cup (B&L) - Morioka, Iwate (JPN) 2022",BOULDER&LEAD Women,finished,2025-10-02 07:18:38 UTC,2026-04-22 09:03:46 UTC,,7554,boulder&lead,Qualification,Women,finished,2022-10-20 12:11:51 UTC,/api/v1/category_rounds/7554/results,bl_qualification,IFSC: Qualification,1,635.0,,boulder,finished,2022-10-20 12:11:46 UTC,/api/v1/combined_stages/635/results,8050,3,/api/v1/routes/8050/startlist,
/api/v1/events/1234/result/618,1234,full_results_url,"IFSC - Climbing World Cup (B&L) - Morioka, Iwate (JPN) 2022",BOULDER&LEAD Women,finished,2025-10-02 07:18:38 UTC,2026-04-22 09:03:46 UTC,,7554,boulder&lead,Qualification,Women,finished,2022-10-20 12:11:51 UTC,/api/v1/category_rounds/7554/results,bl_qualification,IFSC: Qualification,1,635.0,,boulder,finished,2022-10-20 12:11:46 UTC,/api/v1/combined_stages/635/results,8051,4,/api/v1/routes/8051/startlist,
/api/v1/events/1234/result/618,1234,full_results_url,"IFSC - Climbing World Cup (B&L) - Morioka, Iwate (JPN) 2022",BOULDER&LEAD Women,finished,2025-10-02 07:18:38 UTC,2026-04-22 09:03:46 UTC,,7554,boulder&lead,Qualification,Women,finished,2022-10-20 12:11:51 UTC,/api/v1/category_rounds/7554/results,bl_qualification,IFSC: Qualification,1,636.0,,lead,finished,2022-10-20 08:28:48 UTC,/api/v1/combined_stages/636/results,8052,1,/api/v1/routes/8052/startlist,/api/v1/routes/8052/results
/api/v1/events/1234/result/618,1234,full_results_url,"IFSC - Climbing World Cup (B&L) - Morioka, Iwate (JPN) 2022",BOULDER&LEAD Women,finished,2025-10-02 07:18:38 UTC,2026-04-22 09:03:46 UTC,,7818,boulder&lead,Semi-final,Women,finished,2022-10-21 05:15:00 UTC,/api/v1/category_rounds/7818/results,bl_qualification,IFSC: Qualification,2,749.0,,boulder,finished,2022-10-21 02:47:35 UTC,/api/v1/combined_stages/749/results,9065,1,/api/v1/routes/9065/startlist,
/api/v1/events/1234/result/618,1234,full_results_url,"IFSC - Climbing World Cup (B&L) - Morioka, Iwate (JPN) 2022",BOULDER&LEAD Women,finished,2025-10-02 07:18:38 UTC,2026-04-22 09:03:46 UTC,,7818,boulder&lead,Semi-final,Women,finished,2022-10-21 05:15:00 UTC,/api/v1/category_rounds/7818/results,bl_qualification,IFSC: Qualification,2,749.0,,boulder,finished,2022-10-21 02:47:35 UTC,/api/v1/combined_stages/749/results,9066,2,/api/v1/routes/9066/startlist,
/api/v1/events/1234/result/618,1234,full_results_url,"IFSC - Climbing World Cup (B&L) - Morioka, Iwate (JPN) 2022",BOULDER&LEAD Women,finished,2025-10-02 07:18:38 UTC,2026-04-22 09:03:46 UTC,,7818,boulder&lead,Semi-final,Women,finished,2022-10-21 05:15:00 UTC,/api/v1/category_rounds/7818/results,bl_qualification,IFSC: Qualification,2,749.0,,boulder,finished,2022-10-21 02:47:35 UTC,/api/v1/combined_stages/749/results,9067,3,/api/v1/routes/9067/startlist,
/api/v1/events/1234/result/618,1234,full_results_url,"IFSC - Climbing World Cup (B&L) - Morioka, Iwate (JPN) 2022",BOULDER&LEAD Women,finished,2025-10-02 07:18:38 UTC,2026-04-22 09:03:46 UTC,,7818,boulder&lead,Semi-final,Women,finished,2022-10-21 05:15:00 UTC,/api/v1/category_rounds/7818/results,bl_qualification,IFSC: Qualification,2,749.0,,boulder,finished,2022-10-21 02:47:35 UTC,/api/v1/combined_stages/749/results,9068,4,/api/v1/routes/9068/startlist,
/api/v1/events/1234/result/618,1234,full_results_url,"IFSC - Climbing World Cup (B&L) - Morioka, Iwate (JPN) 2022",BOULDER&LEAD Women,finished,2025-10-02 07:18:38 UTC,2026-04-22 09:03:46 UTC,,7818,boulder&lead,Semi-final,Women,finished,2022-10-21 05:15:00 UTC,/api/v1/category_rounds/7818/results,bl_qualification,IFSC: Qualification,2,750.0,,lead,finished,2022-10-21 05:14:47 UTC,/api/v1/combined_stages/750/results,9069,1,/api/v1/routes/9069/startlist,/api/v1/routes/9069/results
/api/v1/events/1234/result/618,1234,full_results_url,"IFSC - Climbing World Cup (B&L) - Morioka, Iwate (JPN) 2022",BOULDER&LEAD Women,finished,2025-10-02 07:18:38 UTC,2026-04-22 09:03:46 UTC,,7820,boulder&lead,Final,Women,finished,2022-10-22 08:28:57 UTC,/api/v1/category_rounds/7820/results,bl_final,IFSC: Finals,3,753.0,,boulder,finished,2022-10-22 07:18:50 UTC,/api/v1/combined_stages/753/results,9075,1,/api/v1/routes/9075/startlist,
/api/v1/events/1234/result/618,1234,full_results_url,"IFSC - Climbing World Cup (B&L) - Morioka, Iwate (JPN) 2022",BOULDER&LEAD Women,finished,2025-10-02 07:18:38 UTC,2026-04-22 09:03:46 UTC,,7820,boulder&lead,Final,Women,finished,2022-10-22 08:28:57 UTC,/api/v1/category_rounds/7820/results,bl_final,IFSC: Finals,3,753.0,,boulder,finished,2022-10-22 07:18:50 UTC,/api/v1/combined_stages/753/results,9076,2,/api/v1/routes/9076/startlist,
/api/v1/events/1234/result/618,1234,full_results_url,"IFSC - Climbing World Cup (B&L) - Morioka, Iwate (JPN) 2022",BOULDER&LEAD Women,finished,2025-10-02 07:18:38 UTC,2026-04-22 09:03:46 UTC,,7820,boulder&lead,Final,Women,finished,2022-10-22 08:28:57 UTC,/api/v1/category_rounds/7820/results,bl_final,IFSC: Finals,3,753.0,,boulder,finished,2022-10-22 07:18:50 UTC,/api/v1/combined_stages/753/results,9077,3,/api/v1/routes/9077/startlist,
/api/v1/events/1234/result/618,1234,full_results_url,"IFSC - Climbing World Cup (B&L) - Morioka, Iwate (JPN) 2022",BOULDER&LEAD Women,finished,2025-10-02 07:18:38 UTC,2026-04-22 09:03:46 UTC,,7820,boulder&lead,Final,Women,finished,2022-10-22 08:28:57 UTC,/api/v1/category_rounds/7820/results,bl_final,IFSC: Finals,3,753.0,,boulder,finished,2022-10-22 07:18:50 UTC,/api/v1/combined_stages/753/results,9078,4,/api/v1/routes/9078/startlist,
/api/v1/events/1234/result/618,1234,full_results_url,"IFSC - Climbing World Cup (B&L) - Morioka, Iwate (JPN) 2022",BOULDER&LEAD Women,finished,2025-10-02 07:18:38 UTC,2026-04-22 09:03:46 UTC,,7820,boulder&lead,Final,Women,finished,2022-10-22 08:28:57 UTC,/api/v1/category_rounds/7820/results,bl_final,IFSC: Finals,3,754.0,,lead,finished,2022-10-22 08:28:52 UTC,/api/v1/combined_stages/754/results,9079,1,/api/v1/routes/9079/startlist,/api/v1/routes/9079/results
/api/v1/events/1275/result/226,1275,full_results_url,IFSC Europe - Continental Cup (S) - Laval (FRA) 2022,SPEED Men,finished,2025-10-02 07:18:37 UTC,2026-04-22 09:03:50 UTC,,7172,speed,Qualification,Men,finished,2022-10-21 20:14:04 UTC,/api/v1/category_rounds/7172/results,speed_staggered,IFSC: Qualification,16,,,,,,,6922,A,/api/v1/routes/6922/startlist,
/api/v1/events/1275/result/226,1275,full_results_url,IFSC Europe - Continental Cup (S) - Laval (FRA) 2022,SPEED Men,finished,2025-10-02 07:18:37 UTC,2026-04-22 09:03:50 UTC,,7172,speed,Qualification,Men,finished,2022-10-21 20:14:04 UTC,/api/v1/category_rounds/7172/results,speed_staggered,IFSC: Qualification,16,,,,,,,6923,B,/api/v1/routes/6923/startlist,
/api/v1/events/1275/result/226,1275,full_results_url,IFSC Europe - Continental Cup (S) - Laval (FRA) 2022,SPEED Men,finished,2025-10-02 07:18:37 UTC,2026-04-22 09:03:50 UTC,,7221,speed,Final,Men,finished,2024-01-17 07:07:10 UTC,/api/v1/category_rounds/7221/results,speed_elimination_ifsc_2022,IFSC 2022: Elimination,18,,,,,,,7512,A,/api/v1/routes/7512/startlist,
/api/v1/events/1275/result/226,1275,full_results_url,IFSC Europe - Continental Cup (S) - Laval (FRA) 2022,SPEED Men,finished,2025-10-02 07:18:37 UTC,2026-04-22 09:03:50 UTC,,7221,speed,Final,Men,finished,2024-01-17 07:07:10 UTC,/api/v1/category_rounds/7221/results,speed_elimination_ifsc_2022,IFSC 2022: Elimination,18,,,,,,,7513,B,/api/v1/routes/7513/startlist,
/api/v1/events/1275/result/230,1275,full_results_url,IFSC Europe - Continental Cup (S) - Laval (FRA) 2022,SPEED Women,finished,2025-10-02 07:18:37 UTC,2026-04-22 09:03:53 UTC,,7173,speed,Qualification,Women,finished,2022-10-21 20:15:00 UTC,/api/v1/category_rounds/7173/results,speed_staggered,IFSC: Qualification,16,,,,,,,6924,A,/api/v1/routes/6924/startlist,
/api/v1/events/1275/result/230,1275,full_results_url,IFSC Europe - Continental Cup (S) - Laval (FRA) 2022,SPEED Women,finished,2025-10-02 07:18:37 UTC,2026-04-22 09:03:53 UTC,,7173,speed,Qualification,Women,finished,2022-10-21 20:15:00 UTC,/api/v1/category_rounds/7173/results,speed_staggered,IFSC: Qualification,16,,,,,,,6925,B,/api/v1/routes/6925/startlist,
/api/v1/events/1275/result/230,1275,full_results_url,IFSC Europe - Continental Cup (S) - Laval (FRA) 2022,SPEED Women,finished,2025-10-02 07:18:37 UTC,2026-04-22 09:03:53 UTC,,7222,speed,Final,Women,finished,2024-01-17 07:07:11 UTC,/api/v1/category_rounds/7222/results,speed_elimination_ifsc_2022,IFSC 2022: Elimination,18,,,,,,,7514,A,/api/v1/routes/7514/startlist,
/api/v1/events/1275/result/230,1275,full_results_url,IFSC Europe - Continental Cup (S) - Laval (FRA) 2022,SPEED Women,finished,2025-10-02 07:18:37 UTC,2026-04-22 09:03:53 UTC,,7222,speed,Final,Women,finished,2024-01-17 07:07:11 UTC,/api/v1/category_rounds/7222/results,speed_elimination_ifsc_2022,IFSC 2022: Elimination,18,,,,,,,7515,B,/api/v1/routes/7515/startlist,
/api/v1/events/1290/result/697,1290,full_results_url,International Climbing Series - The internationals of Mayenne (B&L) - Laval (FRA) 2022,BOULDER&LEAD Men,finished,2025-10-02 07:18:38 UTC,2026-04-22 09:03:56 UTC,,7596,boulder&lead,Qualification,Men,finished,2022-10-22 11:21:09 UTC,/api/v1/category_rounds/7596/results,bl_qualification,IFSC: Qualification,37,699.0,,boulder,finished,2022-10-21 13:44:54 UTC,/api/v1/combined_stages/699/results,8480,1,/api/v1/routes/8480/startlist,
/api/v1/events/1290/result/697,1290,full_results_url,International Climbing Series - The internationals of Mayenne (B&L) - Laval (FRA) 2022,BOULDER&LEAD Men,finished,2025-10-02 07:18:38 UTC,2026-04-22 09:03:56 UTC,,7596,boulder&lead,Qualification,Men,finished,2022-10-22 11:21:09 UTC,/api/v1/category_rounds/7596/results,bl_qualification,IFSC: Qualification,37,699.0,,boulder,finished,2022-10-21 13:44:54 UTC,/api/v1/combined_stages/699/results,8481,2,/api/v1/routes/8481/startlist,
/api/v1/events/1290/result/697,1290,full_results_url,International Climbing Series - The internationals of Mayenne (B&L) - Laval (FRA) 2022,BOULDER&LEAD Men,finished,2025-10-02 07:18:38 UTC,2026-04-22 09:03:56 UTC,,7596,boulder&lead,Qualification,Men,finished,2022-10-22 11:21:09 UTC,/api/v1/category_rounds/7596/results,bl_qualification,IFSC: Qualification,37,699.0,,boulder,finished,2022-10-21 13:44:54 UTC,/api/v1/combined_stages/699/results,8482,3,/api/v1/routes/8482/startlist,
/api/v1/events/1290/result/697,1290,full_results_url,International Climbing Series - The internationals of Mayenne (B&L) - Laval (FRA) 2022,BOULDER&LEAD Men,finished,2025-10-02 07:18:38 UTC,2026-04-22 09:03:56 UTC,,7596,boulder&lead,Qualification,Men,finished,2022-10-22 11:21:09 UTC,/api/v1/category_rounds/7596/results,bl_qualification,IFSC: Qualification,37,699.0,,boulder,finished,2022-10-21 13:44:54 UTC,/api/v1/combined_stages/699/results,8483,4,/api/v1/routes/8483/startlist,
/api/v1/events/1290/result/697,1290,full_results_url,International Climbing Series - The internationals of Mayenne (B&L) - Laval (FRA) 2022,BOULDER&LEAD Men,finished,2025-10-02 07:18:38 UTC,2026-04-22 09:03:56 UTC,,7596,boulder&lead,Qualification,Men,finished,2022-10-22 11:21:09 UTC,/api/v1/category_rounds/7596/results,bl_qualification,IFSC: Qualification,37,700.0,,lead,finished,2022-10-22 11:17:26 UTC,/api/v1/combined_stages/700/results,8484,1,/api/v1/routes/8484/startlist,/api/v1/routes/8484/results
/api/v1/events/1290/result/697,1290,full_results_url,International Climbing Series - The internationals of Mayenne (B&L) - Laval (FRA) 2022,BOULDER&LEAD Men,finished,2025-10-02 07:18:38 UTC,2026-04-22 09:03:56 UTC,,7829,boulder&lead,Final,Men,finished,2022-10-23 16:03:06 UTC,/api/v1/category_rounds/7829/results,bl_qualification,IFSC: Qualification,39,755.0,,boulder,finished,2022-10-23 13:48:59 UTC,/api/v1/combined_stages/755/results,9100,1,/api/v1/routes/9100/startlist,
/api/v1/events/1290/result/697,1290,full_results_url,International Climbing Series - The internationals of Mayenne (B&L) - Laval (FRA) 2022,BOULDER&LEAD Men,finished,2025-10-02 07:18:38 UTC,2026-04-22 09:03:56 UTC,,7829,boulder&lead,Final,Men,finished,2022-10-23 16:03:06 UTC,/api/v1/category_rounds/7829/results,bl_qualification,IFSC: Qualification,39,755.0,,boulder,finished,2022-10-23 13:48:59 UTC,/api/v1/combined_stages/755/results,9101,2,/api/v1/routes/9101/startlist,
/api/v1/events/1290/result/697,1290,full_results_url,International Climbing Series - The internationals of Mayenne (B&L) - Laval (FRA) 2022,BOULDER&LEAD Men,finished,2025-10-02 07:18:38 UTC,2026-04-22 09:03:56 UTC,,7829,boulder&lead,Final,Men,finished,2022-10-23 16:03:06 UTC,/api/v1/category_rounds/7829/results,bl_qualification,IFSC: Qualification,39,755.0,,boulder,finished,2022-10-23 13:48:59 UTC,/api/v1/combined_stages/755/results,9102,3,/api/v1/routes/9102/startlist,
/api/v1/events/1290/result/697,1290,full_results_url,International Climbing Series - The internationals of Mayenne (B&L) - Laval (FRA) 2022,BOULDER&LEAD Men,finished,2025-10-02 07:18:38 UTC,2026-04-22 09:03:56 UTC,,7829,boulder&lead,Final,Men,finished,2022-10-23 16:03:06 UTC,/api/v1/category_rounds/7829/results,bl_qualification,IFSC: Qualification,39,755.0,,boulder,finished,2022-10-23 13:48:59 UTC,/api/v1/combined_stages/755/results,9103,4,/api/v1/routes/9103/startlist,
/api/v1/events/1290/result/697,1290,full_results_url,International Climbing Series - The internationals of Mayenne (B&L) - Laval (FRA) 2022,BOULDER&LEAD Men,finished,2025-10-02 07:18:38 UTC,2026-04-22 09:03:56 UTC,,7829,boulder&lead,Final,Men,finished,2022-10-23 16:03:06 UTC,/api/v1/category_rounds/7829/results,bl_qualification,IFSC: Qualification,39,756.0,,lead,finished,2022-10-23 16:03:02 UTC,/api/v1/combined_stages/756/results,9104,1,/api/v1/routes/9104/startlist,/api/v1/routes/9104/results
/api/v1/events/1290/result/702,1290,full_results_url,International Climbing Series - The internationals of Mayenne (B&L) - Laval (FRA) 2022,BOULDER&LEAD Women,finished,2025-10-02 07:18:38 UTC,2026-04-22 09:04:00 UTC,,7601,boulder&lead,Qualification,Women,finished,2022-10-22 11:22:25 UTC,/api/v1/category_rounds/7601/results,bl_qualification,IFSC: Qualification,37,701.0,,boulder,finished,2022-10-21 09:23:29 UTC,/api/v1/combined_stages/701/results,8485,1,/api/v1/routes/8485/startlist,
/api/v1/events/1290/result/702,1290,full_results_url,International Climbing Series - The internationals of Mayenne (B&L) - Laval (FRA) 2022,BOULDER&LEAD Women,finished,2025-10-02 07:18:38 UTC,2026-04-22 09:04:00 UTC,,7601,boulder&lead,Qualification,Women,finished,2022-10-22 11:22:25 UTC,/api/v1/category_rounds/7601/results,bl_qualification,IFSC: Qualification,37,701.0,,boulder,finished,2022-10-21 09:23:29 UTC,/api/v1/combined_stages/701/results,8486,2,/api/v1/routes/8486/startlist,
/api/v1/events/1290/result/702,1290,full_results_url,International Climbing Series - The internationals of Mayenne (B&L) - Laval (FRA) 2022,BOULDER&LEAD Women,finished,2025-10-02 07:18:38 UTC,2026-04-22 09:04:00 UTC,,7601,boulder&lead,Qualification,Women,finished,2022-10-22 11:22:25 UTC,/api/v1/category_rounds/7601/results,bl_qualification,IFSC: Qualification,37,701.0,,boulder,finished,2022-10-21 09:23:29 UTC,/api/v1/combined_stages/701/results,8487,3,/api/v1/routes/8487/startlist,
/api/v1/events/1290/result/702,1290,full_results_url,International Climbing Series - The internationals of Mayenne (B&L) - Laval (FRA) 2022,BOULDER&LEAD Women,finished,2025-10-02 07:18:38 UTC,2026-04-22 09:04:00 UTC,,7601,boulder&lead,Qualification,Women,finished,2022-10-22 11:22:25 UTC,/api/v1/category_rounds/7601/results,bl_qualification,IFSC: Qualification,37,701.0,,boulder,finished,2022-10-21 09:23:29 UTC,/api/v1/combined_stages/701/results,8488,4,/api/v1/routes/8488/startlist,
/api/v1/events/1290/result/702,1290,full_results_url,International Climbing Series - The internationals of Mayenne (B&L) - Laval (FRA) 2022,BOULDER&LEAD Women,finished,2025-10-02 07:18:38 UTC,2026-04-22 09:04:00 UTC,,7601,boulder&lead,Qualification,Women,finished,2022-10-22 11:22:25 UTC,/api/v1/category_rounds/7601/results,bl_qualification,IFSC: Qualification,37,702.0,,lead,finished,2022-10-22 11:16:31 UTC,/api/v1/combined_stages/702/results,8489,1,/api/v1/routes/8489/startlist,/api/v1/routes/8489/results
/api/v1/events/1290/result/702,1290,full_results_url,International Climbing Series - The internationals of Mayenne (B&L) - Laval (FRA) 2022,BOULDER&LEAD Women,finished,2025-10-02 07:18:38 UTC,2026-04-22 09:04:00 UTC,,7830,boulder&lead,Final,Women,finished,2022-10-23 09:53:53 UTC,/api/v1/category_rounds/7830/results,bl_qualification,IFSC: Qualification,39,757.0,,boulder,finished,2022-10-23 08:42:54 UTC,/api/v1/combined_stages/757/results,9105,1,/api/v1/routes/9105/startlist,
/api/v1/events/1290/result/702,1290,full_results_url,International Climbing Series - The internationals of Mayenne (B&L) - Laval (FRA) 2022,BOULDER&LEAD Women,finished,2025-10-02 07:18:38 UTC,2026-04-22 09:04:00 UTC,,7830,boulder&lead,Final,Women,finished,2022-10-23 09:53:53 UTC,/api/v1/category_rounds/7830/results,bl_qualification,IFSC: Qualification,39,757.0,,boulder,finished,2022-10-23 08:42:54 UTC,/api/v1/combined_stages/757/results,9106,2,/api/v1/routes/9106/startlist,
/api/v1/events/1290/result/702,1290,full_results_url,International Climbing Series - The internationals of Mayenne (B&L) - Laval (FRA) 2022,BOULDER&LEAD Women,finished,2025-10-02 07:18:38 UTC,2026-04-22 09:04:00 UTC,,7830,boulder&lead,Final,Women,finished,2022-10-23 09:53:53 UTC,/api/v1/category_rounds/7830/results,bl_qualification,IFSC: Qualification,39,757.0,,boulder,finished,2022-10-23 08:42:54 UTC,/api/v1/combined_stages/757/results,9107,3,/api/v1/routes/9107/startlist,
/api/v1/events/1290/result/702,1290,full_results_url,International Climbing Series - The internationals of Mayenne (B&L) - Laval (FRA) 2022,BOULDER&LEAD Women,finished,2025-10-02 07:18:38 UTC,2026-04-22 09:04:00 UTC,,7830,boulder&lead,Final,Women,finished,2022-10-23 09:53:53 UTC,/api/v1/category_rounds/7830/results,bl_qualification,IFSC: Qualification,39,757.0,,boulder,finished,2022-10-23 08:42:54 UTC,/api/v1/combined_stages/757/results,9108,4,/api/v1/routes/9108/startlist,
/api/v1/events/1290/result/702,1290,full_results_url,International Climbing Series - The internationals of Mayenne (B&L) - Laval (FRA) 2022,BOULDER&LEAD Women,finished,2025-10-02 07:18:38 UTC,2026-04-22 09:04:00 UTC,,7830,boulder&lead,Final,Women,finished,2022-10-23 09:53:53 UTC,/api/v1/category_rounds/7830/results,bl_qualification,IFSC: Qualification,39,758.0,,lead,finished,2022-10-23 09:53:25 UTC,/api/v1/combined_stages/758/results,9109,1,/api/v1/routes/9109/startlist,/api/v1/routes/9109/results
/api/v1/events/1315/result/187,1315,full_results_url,IFSC Asia - Continental Cup (B) - Manila (PHI) 2022,BOULDER Men,finished,2025-10-02 07:18:38 UTC,2026-04-22 09:04:03 UTC,,7809,boulder,Qualification,Men,finished,2022-11-05 08:17:35 UTC,/api/v1/category_rounds/7809/results,boulder_one_group_one_boulder_set,IFSC: 1 group,10,,,,,,,9020,1,/api/v1/routes/9020/startlist,
/api/v1/events/1315/result/187,1315,full_results_url,IFSC Asia - Continental Cup (B) - Manila (PHI) 2022,BOULDER Men,finished,2025-10-02 07:18:38 UTC,2026-04-22 09:04:03 UTC,,7809,boulder,Qualification,Men,finished,2022-11-05 08:17:35 UTC,/api/v1/category_rounds/7809/results,boulder_one_group_one_boulder_set,IFSC: 1 group,10,,,,,,,9021,2,/api/v1/routes/9021/startlist,
/api/v1/events/1315/result/187,1315,full_results_url,IFSC Asia - Continental Cup (B) - Manila (PHI) 2022,BOULDER Men,finished,2025-10-02 07:18:38 UTC,2026-04-22 09:04:03 UTC,,7809,boulder,Qualification,Men,finished,2022-11-05 08:17:35 UTC,/api/v1/category_rounds/7809/results,boulder_one_group_one_boulder_set,IFSC: 1 group,10,,,,,,,9022,3,/api/v1/routes/9022/startlist,
/api/v1/events/1315/result/187,1315,full_results_url,IFSC Asia - Continental Cup (B) - Manila (PHI) 2022,BOULDER Men,finished,2025-10-02 07:18:38 UTC,2026-04-22 09:04:03 UTC,,7809,boulder,Qualification,Men,finished,2022-11-05 08:17:35 UTC,/api/v1/category_rounds/7809/results,boulder_one_group_one_boulder_set,IFSC: 1 group,10,,,,,,,9023,4,/api/v1/routes/9023/startlist,
/api/v1/events/1315/result/187,1315,full_results_url,IFSC Asia - Continental Cup (B) - Manila (PHI) 2022,BOULDER Men,finished,2025-10-02 07:18:38 UTC,2026-04-22 09:04:03 UTC,,7809,boulder,Qualification,Men,finished,2022-11-05 08:17:35 UTC,/api/v1/category_rounds/7809/results,boulder_one_group_one_boulder_set,IFSC: 1 group,10,,,,,,,9024,5,/api/v1/routes/9024/startlist,
/api/v1/events/1315/result/187,1315,full_results_url,IFSC Asia - Continental Cup (B) - Manila (PHI) 2022,BOULDER Men,finished,2025-10-02 07:18:38 UTC,2026-04-22 09:04:03 UTC,,7849,boulder,Semi-Final,Men,finished,2022-11-06 04:24:08 UTC,/api/v1/category_rounds/7849/results,boulder_one_group_one_boulder_set,IFSC: 1 group,11,,,,,,,9164,1,/api/v1/routes/9164/startlist,
/api/v1/events/1315/result/187,1315,full_results_url,IFSC Asia - Continental Cup (B) - Manila (PHI) 2022,BOULDER Men,finished,2025-10-02 07:18:38 UTC,2026-04-22 09:04:03 UTC,,7849,boulder,Semi-Final,Men,finished,2022-11-06 04:24:08 UTC,/api/v1/category_rounds/7849/results,boulder_one_group_one_boulder_set,IFSC: 1 group,11,,,,,,,9165,2,/api/v1/routes/9165/startlist,
/api/v1/events/1315/result/187,1315,full_results_url,IFSC Asia - Continental Cup (B) - Manila (PHI) 2022,BOULDER Men,finished,2025-10-02 07:18:38 UTC,2026-04-22 09:04:03 UTC,,7849,boulder,Semi-Final,Men,finished,2022-11-06 04:24:08 UTC,/api/v1/category_rounds/7849/results,boulder_one_group_one_boulder_set,IFSC: 1 group,11,,,,,,,9166,3,/api/v1/routes/9166/startlist,
/api/v1/events/1315/result/187,1315,full_results_url,IFSC Asia - Continental Cup (B) - Manila (PHI) 2022,BOULDER Men,finished,2025-10-02 07:18:38 UTC,2026-04-22 09:04:03 UTC,,7849,boulder,Semi-Final,Men,finished,2022-11-06 04:24:08 UTC,/api/v1/category_rounds/7849/results,boulder_one_group_one_boulder_set,IFSC: 1 group,11,,,,,,,9167,4,/api/v1/routes/9167/startlist,
/api/v1/events/1315/result/187,1315,full_results_url,IFSC Asia - Continental Cup (B) - Manila (PHI) 2022,BOULDER Men,finished,2025-10-02 07:18:38 UTC,2026-04-22 09:04:03 UTC,,7851,boulder,Final,Men,finished,2022-11-06 09:37:57 UTC,/api/v1/category_rounds/7851/results,boulder_one_group_one_boulder_set,IFSC: 1 group,12,,,,,,,9172,1,/api/v1/routes/9172/startlist,
/api/v1/events/1315/result/187,1315,full_results_url,IFSC Asia - Continental Cup (B) - Manila (PHI) 2022,BOULDER Men,finished,2025-10-02 07:18:38 UTC,2026-04-22 09:04:03 UTC,,7851,boulder,Final,Men,finished,2022-11-06 09:37:57 UTC,/api/v1/category_rounds/7851/results,boulder_one_group_one_boulder_set,IFSC: 1 group,12,,,,,,,9173,2,/api/v1/routes/9173/startlist,
/api/v1/events/1315/result/187,1315,full_results_url,IFSC Asia - Continental Cup (B) - Manila (PHI) 2022,BOULDER Men,finished,2025-10-02 07:18:38 UTC,2026-04-22 09:04:03 UTC,,7851,boulder,Final,Men,finished,2022-11-06 09:37:57 UTC,/api/v1/category_rounds/7851/results,boulder_one_group_one_boulder_set,IFSC: 1 group,12,,,,,,,9174,3,/api/v1/routes/9174/startlist,
/api/v1/events/1315/result/187,1315,full_results_url,IFSC Asia - Continental Cup (B) - Manila (PHI) 2022,BOULDER Men,finished,2025-10-02 07:18:38 UTC,2026-04-22 09:04:03 UTC,,7851,boulder,Final,Men,finished,2022-11-06 09:37:57 UTC,/api/v1/category_rounds/7851/results,boulder_one_group_one_boulder_set,IFSC: 1 group,12,,,,,,,9175,4,/api/v1/routes/9175/startlist,
/api/v1/events/1315/result/191,1315,full_results_url,IFSC Asia - Continental Cup (B) - Manila (PHI) 2022,BOULDER Women,finished,2025-10-02 07:18:38 UTC,2026-04-22 09:04:07 UTC,,7810,boulder,Qualification,Women,finished,2022-11-05 04:26:53 UTC,/api/v1/category_rounds/7810/results,boulder_one_group_one_boulder_set,IFSC: 1 group,10,,,,,,,9025,1,/api/v1/routes/9025/startlist,
/api/v1/events/1315/result/191,1315,full_results_url,IFSC Asia - Continental Cup (B) - Manila (PHI) 2022,BOULDER Women,finished,2025-10-02 07:18:38 UTC,2026-04-22 09:04:07 UTC,,7810,boulder,Qualification,Women,finished,2022-11-05 04:26:53 UTC,/api/v1/category_rounds/7810/results,boulder_one_group_one_boulder_set,IFSC: 1 group,10,,,,,,,9026,2,/api/v1/routes/9026/startlist,
/api/v1/events/1315/result/191,1315,full_results_url,IFSC Asia - Continental Cup (B) - Manila (PHI) 2022,BOULDER Women,finished,2025-10-02 07:18:38 UTC,2026-04-22 09:04:07 UTC,,7810,boulder,Qualification,Women,finished,2022-11-05 04:26:53 UTC,/api/v1/category_rounds/7810/results,boulder_one_group_one_boulder_set,IFSC: 1 group,10,,,,,,,9027,3,/api/v1/routes/9027/startlist,
/api/v1/events/1315/result/191,1315,full_results_url,IFSC Asia - Continental Cup (B) - Manila (PHI) 2022,BOULDER Women,finished,2025-10-02 07:18:38 UTC,2026-04-22 09:04:07 UTC,,7810,boulder,Qualification,Women,finished,2022-11-05 04:26:53 UTC,/api/v1/category_rounds/7810/results,boulder_one_group_one_boulder_set,IFSC: 1 group,10,,,,,,,9028,4,/api/v1/routes/9028/startlist,
/api/v1/events/1315/result/191,1315,full_results_url,IFSC Asia - Continental Cup (B) - Manila (PHI) 2022,BOULDER Women,finished,2025-10-02 07:18:38 UTC,2026-04-22 09:04:07 UTC,,7810,boulder,Qualification,Women,finished,2022-11-05 04:26:53 UTC,/api/v1/category_rounds/7810/results,boulder_one_group_one_boulder_set,IFSC: 1 group,10,,,,,,,9029,5,/api/v1/routes/9029/startlist,
/api/v1/events/1315/result/191,1315,full_results_url,IFSC Asia - Continental Cup (B) - Manila (PHI) 2022,BOULDER Women,finished,2025-10-02 07:18:38 UTC,2026-04-22 09:04:07 UTC,,7850,boulder,Semi-Final,Women,finished,2022-11-05 11:19:06 UTC,/api/v1/category_rounds/7850/results,boulder_one_group_one_boulder_set,IFSC: 1 group,11,,,,,,,9168,1,/api/v1/routes/9168/startlist,
/api/v1/events/1315/result/191,1315,full_results_url,IFSC Asia - Continental Cup (B) - Manila (PHI) 2022,BOULDER Women,finished,2025-10-02 07:18:38 UTC,2026-04-22 09:04:07 UTC,,7850,boulder,Semi-Final,Women,finished,2022-11-05 11:19:06 UTC,/api/v1/category_rounds/7850/results,boulder_one_group_one_boulder_set,IFSC: 1 group,11,,,,,,,9169,2,/api/v1/routes/9169/startlist,
/api/v1/events/1315/result/191,1315,full_results_url,IFSC Asia - Continental Cup (B) - Manila (PHI) 2022,BOULDER Women,finished,2025-10-02 07:18:38 UTC,2026-04-22 09:04:07 UTC,,7850,boulder,Semi-Final,Women,finished,2022-11-05 11:19:06 UTC,/api/v1/category_rounds/7850/results,boulder_one_group_one_boulder_set,IFSC: 1 group,11,,,,,,,9170,3,/api/v1/routes/9170/startlist,
/api/v1/events/1315/result/191,1315,full_results_url,IFSC Asia - Continental Cup (B) - Manila (PHI) 2022,BOULDER Women,finished,2025-10-02 07:18:38 UTC,2026-04-22 09:04:07 UTC,,7850,boulder,Semi-Final,Women,finished,2022-11-05 11:19:06 UTC,/api/v1/category_rounds/7850/results,boulder_one_group_one_boulder_set,IFSC: 1 group,11,,,,,,,9171,4,/api/v1/routes/9171/startlist,
/api/v1/events/1315/result/191,1315,full_results_url,IFSC Asia - Continental Cup (B) - Manila (PHI) 2022,BOULDER Women,finished,2025-10-02 07:18:38 UTC,2026-04-22 09:04:07 UTC,,7852,boulder,Final,Women,finished,2022-11-06 07:05:26 UTC,/api/v1/category_rounds/7852/results,boulder_one_group_one_boulder_set,IFSC: 1 group,12,,,,,,,9176,1,/api/v1/routes/9176/startlist,
/api/v1/events/1315/result/191,1315,full_results_url,IFSC Asia - Continental Cup (B) - Manila (PHI) 2022,BOULDER Women,finished,2025-10-02 07:18:38 UTC,2026-04-22 09:04:07 UTC,,7852,boulder,Final,Women,finished,2022-11-06 07:05:26 UTC,/api/v1/category_rounds/7852/results,boulder_one_group_one_boulder_set,IFSC: 1 group,12,,,,,,,9177,2,/api/v1/routes/9177/startlist,
/api/v1/events/1315/result/191,1315,full_results_url,IFSC Asia - Continental Cup (B) - Manila (PHI) 2022,BOULDER Women,finished,2025-10-02 07:18:38 UTC,2026-04-22 09:04:07 UTC,,7852,boulder,Final,Women,finished,2022-11-06 07:05:26 UTC,/api/v1/category_rounds/7852/results,boulder_one_group_one_boulder_set,IFSC: 1 group,12,,,,,,,9178,3,/api/v1/routes/9178/startlist,
/api/v1/events/1315/result/191,1315,full_results_url,IFSC Asia - Continental Cup (B) - Manila (PHI) 2022,BOULDER Women,finished,2025-10-02 07:18:38 UTC,2026-04-22 09:04:07 UTC,,7852,boulder,Final,Women,finished,2022-11-06 07:05:26 UTC,/api/v1/category_rounds/7852/results,boulder_one_group_one_boulder_set,IFSC: 1 group,12,,,,,,,9179,4,/api/v1/routes/9179/startlist,
/api/v1/events/1316/result/193,1316,full_results_url,IFSC Asia - K Continental Championships - Jamshedpur (IND),LEAD Juniors Male,registration_pending,2025-10-02 07:18:38 UTC,NA,,7831,lead,Qualification,Juniors Male,pending,2022-10-22 01:52:56 UTC,/api/v1/category_rounds/7831/results,lead_one_group_two_routes,IFSC: 2 routes,13,,,,,,,9110,1,/api/v1/routes/9110/startlist,/api/v1/routes/9110/results
/api/v1/events/1316/result/193,1316,full_results_url,IFSC Asia - K Continental Championships - Jamshedpur (IND),LEAD Juniors Male,registration_pending,2025-10-02 07:18:38 UTC,NA,,7831,lead,Qualification,Juniors Male,pending,2022-10-22 01:52:56 UTC,/api/v1/category_rounds/7831/results,lead_one_group_two_routes,IFSC: 2 routes,13,,,,,,,9111,2,/api/v1/routes/9111/startlist,/api/v1/routes/9111/results
/api/v1/events/1316/result/197,1316,full_results_url,IFSC Asia - K Continental Championships - Jamshedpur (IND),LEAD Youth A Male,registration_pending,2025-10-02 07:18:38 UTC,NA,,7832,lead,Qualification,Youth A Male,pending,2022-10-22 01:52:56 UTC,/api/v1/category_rounds/7832/results,lead_one_group_two_routes,IFSC: 2 routes,13,,,,,,,9112,1,/api/v1/routes/9112/startlist,/api/v1/routes/9112/results
/api/v1/events/1316/result/197,1316,full_results_url,IFSC Asia - K Continental Championships - Jamshedpur (IND),LEAD Youth A Male,registration_pending,2025-10-02 07:18:38 UTC,NA,,7832,lead,Qualification,Youth A Male,pending,2022-10-22 01:52:56 UTC,/api/v1/category_rounds/7832/results,lead_one_group_two_routes,IFSC: 2 routes,13,,,,,,,9113,2,/api/v1/routes/9113/startlist,/api/v1/routes/9113/results
/api/v1/events/1316/result/201,1316,full_results_url,IFSC Asia - K Continental Championships - Jamshedpur (IND),LEAD Youth B Male,registration_pending,2025-10-02 07:18:38 UTC,NA,,7833,lead,Qualification,Youth B Male,pending,2022-10-22 01:52:56 UTC,/api/v1/category_rounds/7833/results,lead_one_group_two_routes,IFSC: 2 routes,13,,,,,,,9114,1,/api/v1/routes/9114/startlist,/api/v1/routes/9114/results
/api/v1/events/1316/result/201,1316,full_results_url,IFSC Asia - K Continental Championships - Jamshedpur (IND),LEAD Youth B Male,registration_pending,2025-10-02 07:18:38 UTC,NA,,7833,lead,Qualification,Youth B Male,pending,2022-10-22 01:52:56 UTC,/api/v1/category_rounds/7833/results,lead_one_group_two_routes,IFSC: 2 routes,13,,,,,,,9115,2,/api/v1/routes/9115/startlist,/api/v1/routes/9115/results
/api/v1/events/1316/result/209,1316,full_results_url,IFSC Asia - K Continental Championships - Jamshedpur (IND),LEAD Juniors Female,registration_pending,2025-10-02 07:18:38 UTC,NA,,7834,lead,Qualification,Juniors Female,pending,2022-10-22 01:52:56 UTC,/api/v1/category_rounds/7834/results,lead_one_group_two_routes,IFSC: 2 routes,13,,,,,,,9116,1,/api/v1/routes/9116/startlist,/api/v1/routes/9116/results
/api/v1/events/1316/result/209,1316,full_results_url,IFSC Asia - K Continental Championships - Jamshedpur (IND),LEAD Juniors Female,registration_pending,2025-10-02 07:18:38 UTC,NA,,7834,lead,Qualification,Juniors Female,pending,2022-10-22 01:52:56 UTC,/api/v1/category_rounds/7834/results,lead_one_group_two_routes,IFSC: 2 routes,13,,,,,,,9117,2,/api/v1/routes/9117/startlist,/api/v1/routes/9117/results
/api/v1/events/1316/result/213,1316,full_results_url,IFSC Asia - K Continental Championships - Jamshedpur (IND),LEAD Youth A Female,registration_pending,2025-10-02 07:18:38 UTC,NA,,7835,lead,Qualification,Youth A Female,pending,2022-10-22 01:52:56 UTC,/api/v1/category_rounds/7835/results,lead_one_group_two_routes,IFSC: 2 routes,13,,,,,,,9118,1,/api/v1/routes/9118/startlist,/api/v1/routes/9118/results
/api/v1/events/1316/result/213,1316,full_results_url,IFSC Asia - K Continental Championships - Jamshedpur (IND),LEAD Youth A Female,registration_pending,2025-10-02 07:18:38 UTC,NA,,7835,lead,Qualification,Youth A Female,pending,2022-10-22 01:52:56 UTC,/api/v1/category_rounds/7835/results,lead_one_group_two_routes,IFSC: 2 routes,13,,,,,,,9119,2,/api/v1/routes/9119/startlist,/api/v1/routes/9119/results
/api/v1/events/1316/result/217,1316,full_results_url,IFSC Asia - K Continental Championships - Jamshedpur (IND),LEAD Youth B Female,registration_pending,2025-10-02 07:18:38 UTC,NA,,7836,lead,Qualification,Youth B Female,pending,2022-10-22 01:52:56 UTC,/api/v1/category_rounds/7836/results,lead_one_group_two_routes,IFSC: 2 routes,13,,,,,,,9120,1,/api/v1/routes/9120/startlist,/api/v1/routes/9120/results
/api/v1/events/1316/result/217,1316,full_results_url,IFSC Asia - K Continental Championships - Jamshedpur (IND),LEAD Youth B Female,registration_pending,2025-10-02 07:18:38 UTC,NA,,7836,lead,Qualification,Youth B Female,pending,2022-10-22 01:52:56 UTC,/api/v1/category_rounds/7836/results,lead_one_group_two_routes,IFSC: 2 routes,13,,,,,,,9121,2,/api/v1/routes/9121/startlist,/api/v1/routes/9121/results
/api/v1/events/1316/result/194,1316,full_results_url,IFSC Asia - K Continental Championships - Jamshedpur (IND),SPEED Juniors Male,registration_pending,2025-10-02 07:18:38 UTC,NA,,7837,speed,Qualification,Juniors Male,pending,2022-10-22 01:52:58 UTC,/api/v1/category_rounds/7837/results,speed_staggered,IFSC: Qualification,13,,,,,,,9122,A,/api/v1/routes/9122/startlist,
/api/v1/events/1316/result/194,1316,full_results_url,IFSC Asia - K Continental Championships - Jamshedpur (IND),SPEED Juniors Male,registration_pending,2025-10-02 07:18:38 UTC,NA,,7837,speed,Qualification,Juniors Male,pending,2022-10-22 01:52:58 UTC,/api/v1/category_rounds/7837/results,speed_staggered,IFSC: Qualification,13,,,,,,,9123,B,/api/v1/routes/9123/startlist,
/api/v1/events/1316/result/198,1316,full_results_url,IFSC Asia - K Continental Championships - Jamshedpur (IND),SPEED Youth A Male,registration_pending,2025-10-02 07:18:38 UTC,NA,,7838,speed,Qualification,Youth A Male,pending,2022-10-22 01:52:58 UTC,/api/v1/category_rounds/7838/results,speed_staggered,IFSC: Qualification,13,,,,,,,9124,A,/api/v1/routes/9124/startlist,
/api/v1/events/1316/result/198,1316,full_results_url,IFSC Asia - K Continental Championships - Jamshedpur (IND),SPEED Youth A Male,registration_pending,2025-10-02 07:18:38 UTC,NA,,7838,speed,Qualification,Youth A Male,pending,2022-10-22 01:52:58 UTC,/api/v1/category_rounds/7838/results,speed_staggered,IFSC: Qualification,13,,,,,,,9125,B,/api/v1/routes/9125/startlist,
/api/v1/events/1316/result/202,1316,full_results_url,IFSC Asia - K Continental Championships - Jamshedpur (IND),SPEED Youth B Male,registration_pending,2025-10-02 07:18:38 UTC,NA,,7839,speed,Qualification,Youth B Male,pending,2022-10-22 01:52:58 UTC,/api/v1/category_rounds/7839/results,speed_staggered,IFSC: Qualification,13,,,,,,,9126,A,/api/v1/routes/9126/startlist,
/api/v1/events/1316/result/202,1316,full_results_url,IFSC Asia - K Continental Championships - Jamshedpur (IND),SPEED Youth B Male,registration_pending,2025-10-02 07:18:38 UTC,NA,,7839,speed,Qualification,Youth B Male,pending,2022-10-22 01:52:58 UTC,/api/v1/category_rounds/7839/results,speed_staggered,IFSC: Qualification,13,,,,,,,9127,B,/api/v1/routes/9127/startlist,
/api/v1/events/1316/result/210,1316,full_results_url,IFSC Asia - K Continental Championships - Jamshedpur (IND),SPEED Juniors Female,registration_pending,2025-10-02 07:18:38 UTC,NA,,7840,speed,Qualification,Juniors Female,pending,2022-10-22 01:52:58 UTC,/api/v1/category_rounds/7840/results,speed_staggered,IFSC: Qualification,13,,,,,,,9128,A,/api/v1/routes/9128/startlist,
/api/v1/events/1316/result/210,1316,full_results_url,IFSC Asia - K Continental Championships - Jamshedpur (IND),SPEED Juniors Female,registration_pending,2025-10-02 07:18:38 UTC,NA,,7840,speed,Qualification,Juniors Female,pending,2022-10-22 01:52:58 UTC,/api/v1/category_rounds/7840/results,speed_staggered,IFSC: Qualification,13,,,,,,,9129,B,/api/v1/routes/9129/startlist,
/api/v1/events/1316/result/214,1316,full_results_url,IFSC Asia - K Continental Championships - Jamshedpur (IND),SPEED Youth A Female,registration_pending,2025-10-02 07:18:38 UTC,NA,,7841,speed,Qualification,Youth A Female,pending,2022-10-22 01:52:58 UTC,/api/v1/category_rounds/7841/results,speed_staggered,IFSC: Qualification,13,,,,,,,9130,A,/api/v1/routes/9130/startlist,
/api/v1/events/1316/result/214,1316,full_results_url,IFSC Asia - K Continental Championships - Jamshedpur (IND),SPEED Youth A Female,registration_pending,2025-10-02 07:18:38 UTC,NA,,7841,speed,Qualification,Youth A Female,pending,2022-10-22 01:52:58 UTC,/api/v1/category_rounds/7841/results,speed_staggered,IFSC: Qualification,13,,,,,,,9131,B,/api/v1/routes/9131/startlist,
/api/v1/events/1316/result/218,1316,full_results_url,IFSC Asia - K Continental Championships - Jamshedpur (IND),SPEED Youth B Female,registration_pending,2025-10-02 07:18:38 UTC,NA,,7842,speed,Qualification,Youth B Female,pending,2022-10-22 01:52:58 UTC,/api/v1/category_rounds/7842/results,speed_staggered,IFSC: Qualification,13,,,,,,,9132,A,/api/v1/routes/9132/startlist,
/api/v1/events/1316/result/218,1316,full_results_url,IFSC Asia - K Continental Championships - Jamshedpur (IND),SPEED Youth B Female,registration_pending,2025-10-02 07:18:38 UTC,NA,,7842,speed,Qualification,Youth B Female,pending,2022-10-22 01:52:58 UTC,/api/v1/category_rounds/7842/results,speed_staggered,IFSC: Qualification,13,,,,,,,9133,B,/api/v1/routes/9133/startlist,
/api/v1/events/1316/result/195,1316,full_results_url,IFSC Asia - K Continental Championships - Jamshedpur (IND),BOULDER Juniors Male,registration_pending,2025-10-02 07:18:38 UTC,NA,,7843,boulder,Qualification,Juniors Male,pending,2022-12-08 12:11:25 UTC,/api/v1/category_rounds/7843/results,boulder_one_group_one_boulder_set,IFSC: 1 group,13,,,,,,,9134,1,/api/v1/routes/9134/startlist,
/api/v1/events/1316/result/195,1316,full_results_url,IFSC Asia - K Continental Championships - Jamshedpur (IND),BOULDER Juniors Male,registration_pending,2025-10-02 07:18:38 UTC,NA,,7843,boulder,Qualification,Juniors Male,pending,2022-12-08 12:11:25 UTC,/api/v1/category_rounds/7843/results,boulder_one_group_one_boulder_set,IFSC: 1 group,13,,,,,,,9135,2,/api/v1/routes/9135/startlist,
/api/v1/events/1316/result/195,1316,full_results_url,IFSC Asia - K Continental Championships - Jamshedpur (IND),BOULDER Juniors Male,registration_pending,2025-10-02 07:18:38 UTC,NA,,7843,boulder,Qualification,Juniors Male,pending,2022-12-08 12:11:25 UTC,/api/v1/category_rounds/7843/results,boulder_one_group_one_boulder_set,IFSC: 1 group,13,,,,,,,9136,3,/api/v1/routes/9136/startlist,
/api/v1/events/1316/result/195,1316,full_results_url,IFSC Asia - K Continental Championships - Jamshedpur (IND),BOULDER Juniors Male,registration_pending,2025-10-02 07:18:38 UTC,NA,,7843,boulder,Qualification,Juniors Male,pending,2022-12-08 12:11:25 UTC,/api/v1/category_rounds/7843/results,boulder_one_group_one_boulder_set,IFSC: 1 group,13,,,,,,,9137,4,/api/v1/routes/9137/startlist,
/api/v1/events/1316/result/195,1316,full_results_url,IFSC Asia - K Continental Championships - Jamshedpur (IND),BOULDER Juniors Male,registration_pending,2025-10-02 07:18:38 UTC,NA,,7843,boulder,Qualification,Juniors Male,pending,2022-12-08 12:11:25 UTC,/api/v1/category_rounds/7843/results,boulder_one_group_one_boulder_set,IFSC: 1 group,13,,,,,,,9138,5,/api/v1/routes/9138/startlist,
/api/v1/events/1316/result/199,1316,full_results_url,IFSC Asia - K Continental Championships - Jamshedpur (IND),BOULDER Youth A Male,registration_pending,2025-10-02 07:18:38 UTC,NA,,7844,boulder,Qualification,Youth A Male,pending,2022-12-08 12:11:26 UTC,/api/v1/category_rounds/7844/results,boulder_one_group_one_boulder_set,IFSC: 1 group,13,,,,,,,9139,1,/api/v1/routes/9139/startlist,
/api/v1/events/1316/result/199,1316,full_results_url,IFSC Asia - K Continental Championships - Jamshedpur (IND),BOULDER Youth A Male,registration_pending,2025-10-02 07:18:38 UTC,NA,,7844,boulder,Qualification,Youth A Male,pending,2022-12-08 12:11:26 UTC,/api/v1/category_rounds/7844/results,boulder_one_group_one_boulder_set,IFSC: 1 group,13,,,,,,,9140,2,/api/v1/routes/9140/startlist,
/api/v1/events/1316/result/199,1316,full_results_url,IFSC Asia - K Continental Championships - Jamshedpur (IND),BOULDER Youth A Male,registration_pending,2025-10-02 07:18:38 UTC,NA,,7844,boulder,Qualification,Youth A Male,pending,2022-12-08 12:11:26 UTC,/api/v1/category_rounds/7844/results,boulder_one_group_one_boulder_set,IFSC: 1 group,13,,,,,,,9141,3,/api/v1/routes/9141/startlist,
/api/v1/events/1316/result/199,1316,full_results_url,IFSC Asia - K Continental Championships - Jamshedpur (IND),BOULDER Youth A Male,registration_pending,2025-10-02 07:18:38 UTC,NA,,7844,boulder,Qualification,Youth A Male,pending,2022-12-08 12:11:26 UTC,/api/v1/category_rounds/7844/results,boulder_one_group_one_boulder_set,IFSC: 1 group,13,,,,,,,9142,4,/api/v1/routes/9142/startlist,
/api/v1/events/1316/result/199,1316,full_results_url,IFSC Asia - K Continental Championships - Jamshedpur (IND),BOULDER Youth A Male,registration_pending,2025-10-02 07:18:38 UTC,NA,,7844,boulder,Qualification,Youth A Male,pending,2022-12-08 12:11:26 UTC,/api/v1/category_rounds/7844/results,boulder_one_group_one_boulder_set,IFSC: 1 group,13,,,,,,,9143,5,/api/v1/routes/9143/startlist,
/api/v1/events/1316/result/203,1316,full_results_url,IFSC Asia - K Continental Championships - Jamshedpur (IND),BOULDER Youth B Male,registration_pending,2025-10-02 07:18:38 UTC,NA,,7845,boulder,Qualification,Youth B Male,pending,2022-12-08 12:11:27 UTC,/api/v1/category_rounds/7845/results,boulder_one_group_one_boulder_set,IFSC: 1 group,13,,,,,,,9144,1,/api/v1/routes/9144/startlist,
/api/v1/events/1316/result/203,1316,full_results_url,IFSC Asia - K Continental Championships - Jamshedpur (IND),BOULDER Youth B Male,registration_pending,2025-10-02 07:18:38 UTC,NA,,7845,boulder,Qualification,Youth B Male,pending,2022-12-08 12:11:27 UTC,/api/v1/category_rounds/7845/results,boulder_one_group_one_boulder_set,IFSC: 1 group,13,,,,,,,9145,2,/api/v1/routes/9145/startlist,
/api/v1/events/1316/result/203,1316,full_results_url,IFSC Asia - K Continental Championships - Jamshedpur (IND),BOULDER Youth B Male,registration_pending,2025-10-02 07:18:38 UTC,NA,,7845,boulder,Qualification,Youth B Male,pending,2022-12-08 12:11:27 UTC,/api/v1/category_rounds/7845/results,boulder_one_group_one_boulder_set,IFSC: 1 group,13,,,,,,,9146,3,/api/v1/routes/9146/startlist,
/api/v1/events/1316/result/203,1316,full_results_url,IFSC Asia - K Continental Championships - Jamshedpur (IND),BOULDER Youth B Male,registration_pending,2025-10-02 07:18:38 UTC,NA,,7845,boulder,Qualification,Youth B Male,pending,2022-12-08 12:11:27 UTC,/api/v1/category_rounds/7845/results,boulder_one_group_one_boulder_set,IFSC: 1 group,13,,,,,,,9147,4,/api/v1/routes/9147/startlist,
/api/v1/events/1316/result/203,1316,full_results_url,IFSC Asia - K Continental Championships - Jamshedpur (IND),BOULDER Youth B Male,registration_pending,2025-10-02 07:18:38 UTC,NA,,7845,boulder,Qualification,Youth B Male,pending,2022-12-08 12:11:27 UTC,/api/v1/category_rounds/7845/results,boulder_one_group_one_boulder_set,IFSC: 1 group,13,,,,,,,9148,5,/api/v1/routes/9148/startlist,
/api/v1/events/1316/result/211,1316,full_results_url,IFSC Asia - K Continental Championships - Jamshedpur (IND),BOULDER Juniors Female,registration_pending,2025-10-02 07:18:38 UTC,NA,,7846,boulder,Qualification,Juniors Female,pending,2022-12-08 12:11:28 UTC,/api/v1/category_rounds/7846/results,boulder_one_group_one_boulder_set,IFSC: 1 group,13,,,,,,,9149,1,/api/v1/routes/9149/startlist,
/api/v1/events/1316/result/211,1316,full_results_url,IFSC Asia - K Continental Championships - Jamshedpur (IND),BOULDER Juniors Female,registration_pending,2025-10-02 07:18:38 UTC,NA,,7846,boulder,Qualification,Juniors Female,pending,2022-12-08 12:11:28 UTC,/api/v1/category_rounds/7846/results,boulder_one_group_one_boulder_set,IFSC: 1 group,13,,,,,,,9150,2,/api/v1/routes/9150/startlist,
/api/v1/events/1316/result/211,1316,full_results_url,IFSC Asia - K Continental Championships - Jamshedpur (IND),BOULDER Juniors Female,registration_pending,2025-10-02 07:18:38 UTC,NA,,7846,boulder,Qualification,Juniors Female,pending,2022-12-08 12:11:28 UTC,/api/v1/category_rounds/7846/results,boulder_one_group_one_boulder_set,IFSC: 1 group,13,,,,,,,9151,3,/api/v1/routes/9151/startlist,
/api/v1/events/1316/result/211,1316,full_results_url,IFSC Asia - K Continental Championships - Jamshedpur (IND),BOULDER Juniors Female,registration_pending,2025-10-02 07:18:38 UTC,NA,,7846,boulder,Qualification,Juniors Female,pending,2022-12-08 12:11:28 UTC,/api/v1/category_rounds/7846/results,boulder_one_group_one_boulder_set,IFSC: 1 group,13,,,,,,,9152,4,/api/v1/routes/9152/startlist,
/api/v1/events/1316/result/211,1316,full_results_url,IFSC Asia - K Continental Championships - Jamshedpur (IND),BOULDER Juniors Female,registration_pending,2025-10-02 07:18:38 UTC,NA,,7846,boulder,Qualification,Juniors Female,pending,2022-12-08 12:11:28 UTC,/api/v1/category_rounds/7846/results,boulder_one_group_one_boulder_set,IFSC: 1 group,13,,,,,,,9153,5,/api/v1/routes/9153/startlist,
/api/v1/events/1316/result/215,1316,full_results_url,IFSC Asia - K Continental Championships - Jamshedpur (IND),BOULDER Youth A Female,registration_pending,2025-10-02 07:18:38 UTC,NA,,7847,boulder,Qualification,Youth A Female,pending,2022-12-08 12:11:29 UTC,/api/v1/category_rounds/7847/results,boulder_one_group_one_boulder_set,IFSC: 1 group,13,,,,,,,9154,1,/api/v1/routes/9154/startlist,
/api/v1/events/1316/result/215,1316,full_results_url,IFSC Asia - K Continental Championships - Jamshedpur (IND),BOULDER Youth A Female,registration_pending,2025-10-02 07:18:38 UTC,NA,,7847,boulder,Qualification,Youth A Female,pending,2022-12-08 12:11:29 UTC,/api/v1/category_rounds/7847/results,boulder_one_group_one_boulder_set,IFSC: 1 group,13,,,,,,,9155,2,/api/v1/routes/9155/startlist,
/api/v1/events/1316/result/215,1316,full_results_url,IFSC Asia - K Continental Championships - Jamshedpur (IND),BOULDER Youth A Female,registration_pending,2025-10-02 07:18:38 UTC,NA,,7847,boulder,Qualification,Youth A Female,pending,2022-12-08 12:11:29 UTC,/api/v1/category_rounds/7847/results,boulder_one_group_one_boulder_set,IFSC: 1 group,13,,,,,,,9156,3,/api/v1/routes/9156/startlist,
/api/v1/events/1316/result/215,1316,full_results_url,IFSC Asia - K Continental Championships - Jamshedpur (IND),BOULDER Youth A Female,registration_pending,2025-10-02 07:18:38 UTC,NA,,7847,boulder,Qualification,Youth A Female,pending,2022-12-08 12:11:29 UTC,/api/v1/category_rounds/7847/results,boulder_one_group_one_boulder_set,IFSC: 1 group,13,,,,,,,9157,4,/api/v1/routes/9157/startlist,
/api/v1/events/1316/result/215,1316,full_results_url,IFSC Asia - K Continental Championships - Jamshedpur (IND),BOULDER Youth A Female,registration_pending,2025-10-02 07:18:38 UTC,NA,,7847,boulder,Qualification,Youth A Female,pending,2022-12-08 12:11:29 UTC,/api/v1/category_rounds/7847/results,boulder_one_group_one_boulder_set,IFSC: 1 group,13,,,,,,,9158,5,/api/v1/routes/9158/startlist,
/api/v1/events/1316/result/219,1316,full_results_url,IFSC Asia - K Continental Championships - Jamshedpur (IND),BOULDER Youth B Female,registration_pending,2025-10-02 07:18:38 UTC,NA,,7848,boulder,Qualification,Youth B Female,pending,2022-12-08 12:11:30 UTC,/api/v1/category_rounds/7848/results,boulder_one_group_one_boulder_set,IFSC: 1 group,13,,,,,,,9159,1,/api/v1/routes/9159/startlist,
/api/v1/events/1316/result/219,1316,full_results_url,IFSC Asia - K Continental Championships - Jamshedpur (IND),BOULDER Youth B Female,registration_pending,2025-10-02 07:18:38 UTC,NA,,7848,boulder,Qualification,Youth B Female,pending,2022-12-08 12:11:30 UTC,/api/v1/category_rounds/7848/results,boulder_one_group_one_boulder_set,IFSC: 1 group,13,,,,,,,9160,2,/api/v1/routes/9160/startlist,
/api/v1/events/1316/result/219,1316,full_results_url,IFSC Asia - K Continental Championships - Jamshedpur (IND),BOULDER Youth B Female,registration_pending,2025-10-02 07:18:38 UTC,NA,,7848,boulder,Qualification,Youth B Female,pending,2022-12-08 12:11:30 UTC,/api/v1/category_rounds/7848/results,boulder_one_group_one_boulder_set,IFSC: 1 group,13,,,,,,,9161,3,/api/v1/routes/9161/startlist,
/api/v1/events/1316/result/219,1316,full_results_url,IFSC Asia - K Continental Championships - Jamshedpur (IND),BOULDER Youth B Female,registration_pending,2025-10-02 07:18:38 UTC,NA,,7848,boulder,Qualification,Youth B Female,pending,2022-12-08 12:11:30 UTC,/api/v1/category_rounds/7848/results,boulder_one_group_one_boulder_set,IFSC: 1 group,13,,,,,,,9162,4,/api/v1/routes/9162/startlist,
/api/v1/events/1316/result/219,1316,full_results_url,IFSC Asia - K Continental Championships - Jamshedpur (IND),BOULDER Youth B Female,registration_pending,2025-10-02 07:18:38 UTC,NA,,7848,boulder,Qualification,Youth B Female,pending,2022-12-08 12:11:30 UTC,/api/v1/category_rounds/7848/results,boulder_one_group_one_boulder_set,IFSC: 1 group,13,,,,,,,9163,5,/api/v1/routes/9163/startlist,
