source_event_url,event_id,source_url_layer,event_name,dcat_name,dcat_status,dcat_status_as_of,dcat_ranking_as_of,cutoff_rank,category_round_id,round_kind,round_name,round_category,round_status,round_status_as_of,round_result_url,format_identifier,format,league_round_id,stage_id,stage_name,stage_kind,stage_status,stage_status_as_of,stage_results_url,route_id,route_name,route_startlist_url,route_results_url
/api/v1/events/70/result/4,70,full_results_url,IFSC Pan Am - Continental Championships (C) - Los Angeles (USA) 2020,COMBINED Men,finished,2025-10-02 07:18:06 UTC,2026-04-22 09:14:30 UTC,,487,combined,Qualification,Men,finished,2020-02-29 03:09:31 UTC,/api/v1/category_rounds/487/results,sbl_qualification,Speed Boulder Lead Qualification,1,13.0,,speed,finished,2020-02-29 03:09:31 UTC,/api/v1/combined_stages/13/results,257,A,/api/v1/routes/257/startlist,
/api/v1/events/70/result/4,70,full_results_url,IFSC Pan Am - Continental Championships (C) - Los Angeles (USA) 2020,COMBINED Men,finished,2025-10-02 07:18:06 UTC,2026-04-22 09:14:30 UTC,,487,combined,Qualification,Men,finished,2020-02-29 03:09:31 UTC,/api/v1/category_rounds/487/results,sbl_qualification,Speed Boulder Lead Qualification,1,13.0,,speed,finished,2020-02-29 03:09:31 UTC,/api/v1/combined_stages/13/results,258,B,/api/v1/routes/258/startlist,
/api/v1/events/70/result/4,70,full_results_url,IFSC Pan Am - Continental Championships (C) - Los Angeles (USA) 2020,COMBINED Men,finished,2025-10-02 07:18:06 UTC,2026-04-22 09:14:30 UTC,,487,combined,Qualification,Men,finished,2020-02-29 03:09:31 UTC,/api/v1/category_rounds/487/results,sbl_qualification,Speed Boulder Lead Qualification,1,14.0,,boulder,finished,2020-02-29 03:09:31 UTC,/api/v1/combined_stages/14/results,259,A,/api/v1/routes/259/startlist,
/api/v1/events/70/result/4,70,full_results_url,IFSC Pan Am - Continental Championships (C) - Los Angeles (USA) 2020,COMBINED Men,finished,2025-10-02 07:18:06 UTC,2026-04-22 09:14:30 UTC,,487,combined,Qualification,Men,finished,2020-02-29 03:09:31 UTC,/api/v1/category_rounds/487/results,sbl_qualification,Speed Boulder Lead Qualification,1,14.0,,boulder,finished,2020-02-29 03:09:31 UTC,/api/v1/combined_stages/14/results,260,B,/api/v1/routes/260/startlist,
/api/v1/events/70/result/4,70,full_results_url,IFSC Pan Am - Continental Championships (C) - Los Angeles (USA) 2020,COMBINED Men,finished,2025-10-02 07:18:06 UTC,2026-04-22 09:14:30 UTC,,487,combined,Qualification,Men,finished,2020-02-29 03:09:31 UTC,/api/v1/category_rounds/487/results,sbl_qualification,Speed Boulder Lead Qualification,1,14.0,,boulder,finished,2020-02-29 03:09:31 UTC,/api/v1/combined_stages/14/results,261,C,/api/v1/routes/261/startlist,
/api/v1/events/70/result/4,70,full_results_url,IFSC Pan Am - Continental Championships (C) - Los Angeles (USA) 2020,COMBINED Men,finished,2025-10-02 07:18:06 UTC,2026-04-22 09:14:30 UTC,,487,combined,Qualification,Men,finished,2020-02-29 03:09:31 UTC,/api/v1/category_rounds/487/results,sbl_qualification,Speed Boulder Lead Qualification,1,14.0,,boulder,finished,2020-02-29 03:09:31 UTC,/api/v1/combined_stages/14/results,262,D,/api/v1/routes/262/startlist,
/api/v1/events/70/result/4,70,full_results_url,IFSC Pan Am - Continental Championships (C) - Los Angeles (USA) 2020,COMBINED Men,finished,2025-10-02 07:18:06 UTC,2026-04-22 09:14:30 UTC,,487,combined,Qualification,Men,finished,2020-02-29 03:09:31 UTC,/api/v1/category_rounds/487/results,sbl_qualification,Speed Boulder Lead Qualification,1,15.0,,lead,finished,2020-02-29 03:09:31 UTC,/api/v1/combined_stages/15/results,263,A,/api/v1/routes/263/startlist,/api/v1/routes/263/results
/api/v1/events/70/result/4,70,full_results_url,IFSC Pan Am - Continental Championships (C) - Los Angeles (USA) 2020,COMBINED Men,finished,2025-10-02 07:18:06 UTC,2026-04-22 09:14:30 UTC,,6020,combined,Final,Men,active,2020-02-29 03:13:53 UTC,/api/v1/category_rounds/6020/results,sbl_final,Speed Boulder Lead Final,3,327.0,,speed,finished,2024-01-17 07:09:46 UTC,/api/v1/combined_stages/327/results,653,A,/api/v1/routes/653/startlist,
/api/v1/events/70/result/4,70,full_results_url,IFSC Pan Am - Continental Championships (C) - Los Angeles (USA) 2020,COMBINED Men,finished,2025-10-02 07:18:06 UTC,2026-04-22 09:14:30 UTC,,6020,combined,Final,Men,active,2020-02-29 03:13:53 UTC,/api/v1/category_rounds/6020/results,sbl_final,Speed Boulder Lead Final,3,327.0,,speed,finished,2024-01-17 07:09:46 UTC,/api/v1/combined_stages/327/results,654,B,/api/v1/routes/654/startlist,
/api/v1/events/70/result/4,70,full_results_url,IFSC Pan Am - Continental Championships (C) - Los Angeles (USA) 2020,COMBINED Men,finished,2025-10-02 07:18:06 UTC,2026-04-22 09:14:30 UTC,,6020,combined,Final,Men,active,2020-02-29 03:13:53 UTC,/api/v1/category_rounds/6020/results,sbl_final,Speed Boulder Lead Final,3,328.0,,boulder,finished,2020-03-02 00:06:45 UTC,/api/v1/combined_stages/328/results,655,A,/api/v1/routes/655/startlist,
/api/v1/events/70/result/4,70,full_results_url,IFSC Pan Am - Continental Championships (C) - Los Angeles (USA) 2020,COMBINED Men,finished,2025-10-02 07:18:06 UTC,2026-04-22 09:14:30 UTC,,6020,combined,Final,Men,active,2020-02-29 03:13:53 UTC,/api/v1/category_rounds/6020/results,sbl_final,Speed Boulder Lead Final,3,328.0,,boulder,finished,2020-03-02 00:06:45 UTC,/api/v1/combined_stages/328/results,656,B,/api/v1/routes/656/startlist,
/api/v1/events/70/result/4,70,full_results_url,IFSC Pan Am - Continental Championships (C) - Los Angeles (USA) 2020,COMBINED Men,finished,2025-10-02 07:18:06 UTC,2026-04-22 09:14:30 UTC,,6020,combined,Final,Men,active,2020-02-29 03:13:53 UTC,/api/v1/category_rounds/6020/results,sbl_final,Speed Boulder Lead Final,3,328.0,,boulder,finished,2020-03-02 00:06:45 UTC,/api/v1/combined_stages/328/results,657,C,/api/v1/routes/657/startlist,
/api/v1/events/70/result/4,70,full_results_url,IFSC Pan Am - Continental Championships (C) - Los Angeles (USA) 2020,COMBINED Men,finished,2025-10-02 07:18:06 UTC,2026-04-22 09:14:30 UTC,,6020,combined,Final,Men,active,2020-02-29 03:13:53 UTC,/api/v1/category_rounds/6020/results,sbl_final,Speed Boulder Lead Final,3,329.0,,lead,finished,2020-03-02 01:28:47 UTC,/api/v1/combined_stages/329/results,658,A,/api/v1/routes/658/startlist,/api/v1/routes/658/results
/api/v1/events/70/result/8,70,full_results_url,IFSC Pan Am - Continental Championships (C) - Los Angeles (USA) 2020,COMBINED Women,finished,2025-10-02 07:18:06 UTC,2026-04-22 09:14:33 UTC,,488,combined,Qualification,Women,finished,2020-02-28 03:06:52 UTC,/api/v1/category_rounds/488/results,sbl_qualification,Speed Boulder Lead Qualification,1,16.0,,speed,finished,2020-02-28 03:06:52 UTC,/api/v1/combined_stages/16/results,264,A,/api/v1/routes/264/startlist,
/api/v1/events/70/result/8,70,full_results_url,IFSC Pan Am - Continental Championships (C) - Los Angeles (USA) 2020,COMBINED Women,finished,2025-10-02 07:18:06 UTC,2026-04-22 09:14:33 UTC,,488,combined,Qualification,Women,finished,2020-02-28 03:06:52 UTC,/api/v1/category_rounds/488/results,sbl_qualification,Speed Boulder Lead Qualification,1,16.0,,speed,finished,2020-02-28 03:06:52 UTC,/api/v1/combined_stages/16/results,265,B,/api/v1/routes/265/startlist,
/api/v1/events/70/result/8,70,full_results_url,IFSC Pan Am - Continental Championships (C) - Los Angeles (USA) 2020,COMBINED Women,finished,2025-10-02 07:18:06 UTC,2026-04-22 09:14:33 UTC,,488,combined,Qualification,Women,finished,2020-02-28 03:06:52 UTC,/api/v1/category_rounds/488/results,sbl_qualification,Speed Boulder Lead Qualification,1,17.0,,boulder,finished,2020-02-28 03:06:52 UTC,/api/v1/combined_stages/17/results,266,A,/api/v1/routes/266/startlist,
/api/v1/events/70/result/8,70,full_results_url,IFSC Pan Am - Continental Championships (C) - Los Angeles (USA) 2020,COMBINED Women,finished,2025-10-02 07:18:06 UTC,2026-04-22 09:14:33 UTC,,488,combined,Qualification,Women,finished,2020-02-28 03:06:52 UTC,/api/v1/category_rounds/488/results,sbl_qualification,Speed Boulder Lead Qualification,1,17.0,,boulder,finished,2020-02-28 03:06:52 UTC,/api/v1/combined_stages/17/results,267,B,/api/v1/routes/267/startlist,
/api/v1/events/70/result/8,70,full_results_url,IFSC Pan Am - Continental Championships (C) - Los Angeles (USA) 2020,COMBINED Women,finished,2025-10-02 07:18:06 UTC,2026-04-22 09:14:33 UTC,,488,combined,Qualification,Women,finished,2020-02-28 03:06:52 UTC,/api/v1/category_rounds/488/results,sbl_qualification,Speed Boulder Lead Qualification,1,17.0,,boulder,finished,2020-02-28 03:06:52 UTC,/api/v1/combined_stages/17/results,268,C,/api/v1/routes/268/startlist,
/api/v1/events/70/result/8,70,full_results_url,IFSC Pan Am - Continental Championships (C) - Los Angeles (USA) 2020,COMBINED Women,finished,2025-10-02 07:18:06 UTC,2026-04-22 09:14:33 UTC,,488,combined,Qualification,Women,finished,2020-02-28 03:06:52 UTC,/api/v1/category_rounds/488/results,sbl_qualification,Speed Boulder Lead Qualification,1,17.0,,boulder,finished,2020-02-28 03:06:52 UTC,/api/v1/combined_stages/17/results,269,D,/api/v1/routes/269/startlist,
/api/v1/events/70/result/8,70,full_results_url,IFSC Pan Am - Continental Championships (C) - Los Angeles (USA) 2020,COMBINED Women,finished,2025-10-02 07:18:06 UTC,2026-04-22 09:14:33 UTC,,488,combined,Qualification,Women,finished,2020-02-28 03:06:52 UTC,/api/v1/category_rounds/488/results,sbl_qualification,Speed Boulder Lead Qualification,1,18.0,,lead,finished,2020-02-28 03:06:52 UTC,/api/v1/combined_stages/18/results,270,A,/api/v1/routes/270/startlist,/api/v1/routes/270/results
/api/v1/events/70/result/8,70,full_results_url,IFSC Pan Am - Continental Championships (C) - Los Angeles (USA) 2020,COMBINED Women,finished,2025-10-02 07:18:06 UTC,2026-04-22 09:14:33 UTC,,6021,combined,Final,Women,finished,2020-03-01 01:51:50 UTC,/api/v1/category_rounds/6021/results,sbl_final,Speed Boulder Lead Final,3,330.0,,speed,finished,2024-01-15 14:43:53 UTC,/api/v1/combined_stages/330/results,659,A,/api/v1/routes/659/startlist,
/api/v1/events/70/result/8,70,full_results_url,IFSC Pan Am - Continental Championships (C) - Los Angeles (USA) 2020,COMBINED Women,finished,2025-10-02 07:18:06 UTC,2026-04-22 09:14:33 UTC,,6021,combined,Final,Women,finished,2020-03-01 01:51:50 UTC,/api/v1/category_rounds/6021/results,sbl_final,Speed Boulder Lead Final,3,330.0,,speed,finished,2024-01-15 14:43:53 UTC,/api/v1/combined_stages/330/results,660,B,/api/v1/routes/660/startlist,
/api/v1/events/70/result/8,70,full_results_url,IFSC Pan Am - Continental Championships (C) - Los Angeles (USA) 2020,COMBINED Women,finished,2025-10-02 07:18:06 UTC,2026-04-22 09:14:33 UTC,,6021,combined,Final,Women,finished,2020-03-01 01:51:50 UTC,/api/v1/category_rounds/6021/results,sbl_final,Speed Boulder Lead Final,3,331.0,,boulder,finished,2020-03-01 00:33:53 UTC,/api/v1/combined_stages/331/results,661,A,/api/v1/routes/661/startlist,
/api/v1/events/70/result/8,70,full_results_url,IFSC Pan Am - Continental Championships (C) - Los Angeles (USA) 2020,COMBINED Women,finished,2025-10-02 07:18:06 UTC,2026-04-22 09:14:33 UTC,,6021,combined,Final,Women,finished,2020-03-01 01:51:50 UTC,/api/v1/category_rounds/6021/results,sbl_final,Speed Boulder Lead Final,3,331.0,,boulder,finished,2020-03-01 00:33:53 UTC,/api/v1/combined_stages/331/results,662,B,/api/v1/routes/662/startlist,
/api/v1/events/70/result/8,70,full_results_url,IFSC Pan Am - Continental Championships (C) - Los Angeles (USA) 2020,COMBINED Women,finished,2025-10-02 07:18:06 UTC,2026-04-22 09:14:33 UTC,,6021,combined,Final,Women,finished,2020-03-01 01:51:50 UTC,/api/v1/category_rounds/6021/results,sbl_final,Speed Boulder Lead Final,3,331.0,,boulder,finished,2020-03-01 00:33:53 UTC,/api/v1/combined_stages/331/results,663,C,/api/v1/routes/663/startlist,
/api/v1/events/70/result/8,70,full_results_url,IFSC Pan Am - Continental Championships (C) - Los Angeles (USA) 2020,COMBINED Women,finished,2025-10-02 07:18:06 UTC,2026-04-22 09:14:33 UTC,,6021,combined,Final,Women,finished,2020-03-01 01:51:50 UTC,/api/v1/category_rounds/6021/results,sbl_final,Speed Boulder Lead Final,3,332.0,,lead,finished,2020-03-01 01:50:06 UTC,/api/v1/combined_stages/332/results,664,A,/api/v1/routes/664/startlist,/api/v1/routes/664/results
/api/v1/events/1171/result/436,1171,full_results_url,IFSC Pan Am - Pre Qualifying event (C) - Los Angeles (USA) 2020,COMBINED Men,finished,2025-10-02 07:18:34 UTC,2026-04-22 09:14:37 UTC,,6024,combined,Qualification,Men,finished,2020-02-26 05:07:46 UTC,/api/v1/category_rounds/6024/results,sbl_qualification,Speed Boulder Lead Qualification,40,333.0,,speed,finished,2020-02-25 19:55:10 UTC,/api/v1/combined_stages/333/results,669,A,/api/v1/routes/669/startlist,
/api/v1/events/1171/result/436,1171,full_results_url,IFSC Pan Am - Pre Qualifying event (C) - Los Angeles (USA) 2020,COMBINED Men,finished,2025-10-02 07:18:34 UTC,2026-04-22 09:14:37 UTC,,6024,combined,Qualification,Men,finished,2020-02-26 05:07:46 UTC,/api/v1/category_rounds/6024/results,sbl_qualification,Speed Boulder Lead Qualification,40,333.0,,speed,finished,2020-02-25 19:55:10 UTC,/api/v1/combined_stages/333/results,670,B,/api/v1/routes/670/startlist,
/api/v1/events/1171/result/436,1171,full_results_url,IFSC Pan Am - Pre Qualifying event (C) - Los Angeles (USA) 2020,COMBINED Men,finished,2025-10-02 07:18:34 UTC,2026-04-22 09:14:37 UTC,,6024,combined,Qualification,Men,finished,2020-02-26 05:07:46 UTC,/api/v1/category_rounds/6024/results,sbl_qualification,Speed Boulder Lead Qualification,40,334.0,,boulder,finished,2020-02-25 23:48:56 UTC,/api/v1/combined_stages/334/results,671,A,/api/v1/routes/671/startlist,
/api/v1/events/1171/result/436,1171,full_results_url,IFSC Pan Am - Pre Qualifying event (C) - Los Angeles (USA) 2020,COMBINED Men,finished,2025-10-02 07:18:34 UTC,2026-04-22 09:14:37 UTC,,6024,combined,Qualification,Men,finished,2020-02-26 05:07:46 UTC,/api/v1/category_rounds/6024/results,sbl_qualification,Speed Boulder Lead Qualification,40,334.0,,boulder,finished,2020-02-25 23:48:56 UTC,/api/v1/combined_stages/334/results,672,B,/api/v1/routes/672/startlist,
/api/v1/events/1171/result/436,1171,full_results_url,IFSC Pan Am - Pre Qualifying event (C) - Los Angeles (USA) 2020,COMBINED Men,finished,2025-10-02 07:18:34 UTC,2026-04-22 09:14:37 UTC,,6024,combined,Qualification,Men,finished,2020-02-26 05:07:46 UTC,/api/v1/category_rounds/6024/results,sbl_qualification,Speed Boulder Lead Qualification,40,334.0,,boulder,finished,2020-02-25 23:48:56 UTC,/api/v1/combined_stages/334/results,673,C,/api/v1/routes/673/startlist,
/api/v1/events/1171/result/436,1171,full_results_url,IFSC Pan Am - Pre Qualifying event (C) - Los Angeles (USA) 2020,COMBINED Men,finished,2025-10-02 07:18:34 UTC,2026-04-22 09:14:37 UTC,,6024,combined,Qualification,Men,finished,2020-02-26 05:07:46 UTC,/api/v1/category_rounds/6024/results,sbl_qualification,Speed Boulder Lead Qualification,40,334.0,,boulder,finished,2020-02-25 23:48:56 UTC,/api/v1/combined_stages/334/results,674,D,/api/v1/routes/674/startlist,
/api/v1/events/1171/result/436,1171,full_results_url,IFSC Pan Am - Pre Qualifying event (C) - Los Angeles (USA) 2020,COMBINED Men,finished,2025-10-02 07:18:34 UTC,2026-04-22 09:14:37 UTC,,6024,combined,Qualification,Men,finished,2020-02-26 05:07:46 UTC,/api/v1/category_rounds/6024/results,sbl_qualification,Speed Boulder Lead Qualification,40,335.0,,lead,finished,2020-02-26 05:07:41 UTC,/api/v1/combined_stages/335/results,675,A,/api/v1/routes/675/startlist,/api/v1/routes/675/results
/api/v1/events/1171/result/440,1171,full_results_url,IFSC Pan Am - Pre Qualifying event (C) - Los Angeles (USA) 2020,COMBINED Women,finished,2025-10-02 07:18:34 UTC,2026-04-22 09:14:43 UTC,,6025,combined,Qualification,Women,finished,2020-02-26 05:08:09 UTC,/api/v1/category_rounds/6025/results,sbl_qualification,Speed Boulder Lead Qualification,40,336.0,,speed,finished,2020-02-25 19:59:54 UTC,/api/v1/combined_stages/336/results,676,A,/api/v1/routes/676/startlist,
/api/v1/events/1171/result/440,1171,full_results_url,IFSC Pan Am - Pre Qualifying event (C) - Los Angeles (USA) 2020,COMBINED Women,finished,2025-10-02 07:18:34 UTC,2026-04-22 09:14:43 UTC,,6025,combined,Qualification,Women,finished,2020-02-26 05:08:09 UTC,/api/v1/category_rounds/6025/results,sbl_qualification,Speed Boulder Lead Qualification,40,336.0,,speed,finished,2020-02-25 19:59:54 UTC,/api/v1/combined_stages/336/results,677,B,/api/v1/routes/677/startlist,
/api/v1/events/1171/result/440,1171,full_results_url,IFSC Pan Am - Pre Qualifying event (C) - Los Angeles (USA) 2020,COMBINED Women,finished,2025-10-02 07:18:34 UTC,2026-04-22 09:14:43 UTC,,6025,combined,Qualification,Women,finished,2020-02-26 05:08:09 UTC,/api/v1/category_rounds/6025/results,sbl_qualification,Speed Boulder Lead Qualification,40,337.0,,boulder,finished,2020-02-25 23:48:55 UTC,/api/v1/combined_stages/337/results,678,A,/api/v1/routes/678/startlist,
/api/v1/events/1171/result/440,1171,full_results_url,IFSC Pan Am - Pre Qualifying event (C) - Los Angeles (USA) 2020,COMBINED Women,finished,2025-10-02 07:18:34 UTC,2026-04-22 09:14:43 UTC,,6025,combined,Qualification,Women,finished,2020-02-26 05:08:09 UTC,/api/v1/category_rounds/6025/results,sbl_qualification,Speed Boulder Lead Qualification,40,337.0,,boulder,finished,2020-02-25 23:48:55 UTC,/api/v1/combined_stages/337/results,679,B,/api/v1/routes/679/startlist,
/api/v1/events/1171/result/440,1171,full_results_url,IFSC Pan Am - Pre Qualifying event (C) - Los Angeles (USA) 2020,COMBINED Women,finished,2025-10-02 07:18:34 UTC,2026-04-22 09:14:43 UTC,,6025,combined,Qualification,Women,finished,2020-02-26 05:08:09 UTC,/api/v1/category_rounds/6025/results,sbl_qualification,Speed Boulder Lead Qualification,40,337.0,,boulder,finished,2020-02-25 23:48:55 UTC,/api/v1/combined_stages/337/results,680,C,/api/v1/routes/680/startlist,
/api/v1/events/1171/result/440,1171,full_results_url,IFSC Pan Am - Pre Qualifying event (C) - Los Angeles (USA) 2020,COMBINED Women,finished,2025-10-02 07:18:34 UTC,2026-04-22 09:14:43 UTC,,6025,combined,Qualification,Women,finished,2020-02-26 05:08:09 UTC,/api/v1/category_rounds/6025/results,sbl_qualification,Speed Boulder Lead Qualification,40,337.0,,boulder,finished,2020-02-25 23:48:55 UTC,/api/v1/combined_stages/337/results,681,D,/api/v1/routes/681/startlist,
/api/v1/events/1171/result/440,1171,full_results_url,IFSC Pan Am - Pre Qualifying event (C) - Los Angeles (USA) 2020,COMBINED Women,finished,2025-10-02 07:18:34 UTC,2026-04-22 09:14:43 UTC,,6025,combined,Qualification,Women,finished,2020-02-26 05:08:09 UTC,/api/v1/category_rounds/6025/results,sbl_qualification,Speed Boulder Lead Qualification,40,338.0,,lead,finished,2020-02-26 05:08:06 UTC,/api/v1/combined_stages/338/results,682,A,/api/v1/routes/682/startlist,/api/v1/routes/682/results
/api/v1/events/1183/result/354,1183,full_results_url,IFSC Connected Speed Knockout presented by Japan Airlines,SPEED Men,registration_pending,2025-10-02 07:18:34 UTC,NA,,6120,speed,Qualification,Men,pending,2020-07-23 11:36:00 UTC,/api/v1/category_rounds/6120/results,speed_staggered,IFSC: Qualification,34,,,,,,,1047,A,/api/v1/routes/1047/startlist,
/api/v1/events/1183/result/354,1183,full_results_url,IFSC Connected Speed Knockout presented by Japan Airlines,SPEED Men,registration_pending,2025-10-02 07:18:34 UTC,NA,,6120,speed,Qualification,Men,pending,2020-07-23 11:36:00 UTC,/api/v1/category_rounds/6120/results,speed_staggered,IFSC: Qualification,34,,,,,,,1048,B,/api/v1/routes/1048/startlist,
/api/v1/events/1183/result/354,1183,full_results_url,IFSC Connected Speed Knockout presented by Japan Airlines,SPEED Men,registration_pending,2025-10-02 07:18:34 UTC,NA,,6130,speed,Final,Men,pending,2020-07-23 11:40:00 UTC,/api/v1/category_rounds/6130/results,speed_elimination_ifsc,IFSC 2021: Elimination,36,,,,,,,1067,A,/api/v1/routes/1067/startlist,
/api/v1/events/1183/result/354,1183,full_results_url,IFSC Connected Speed Knockout presented by Japan Airlines,SPEED Men,registration_pending,2025-10-02 07:18:34 UTC,NA,,6130,speed,Final,Men,pending,2020-07-23 11:40:00 UTC,/api/v1/category_rounds/6130/results,speed_elimination_ifsc,IFSC 2021: Elimination,36,,,,,,,1068,B,/api/v1/routes/1068/startlist,
/api/v1/events/1183/result/374,1183,full_results_url,IFSC Connected Speed Knockout presented by Japan Airlines,SPEED Women,registration_pending,2025-10-02 07:18:34 UTC,NA,,6125,speed,Qualification,Women,pending,2020-07-23 11:36:00 UTC,/api/v1/category_rounds/6125/results,speed_staggered,IFSC: Qualification,34,,,,,,,1057,A,/api/v1/routes/1057/startlist,
/api/v1/events/1183/result/374,1183,full_results_url,IFSC Connected Speed Knockout presented by Japan Airlines,SPEED Women,registration_pending,2025-10-02 07:18:34 UTC,NA,,6125,speed,Qualification,Women,pending,2020-07-23 11:36:00 UTC,/api/v1/category_rounds/6125/results,speed_staggered,IFSC: Qualification,34,,,,,,,1058,B,/api/v1/routes/1058/startlist,
/api/v1/events/1183/result/374,1183,full_results_url,IFSC Connected Speed Knockout presented by Japan Airlines,SPEED Women,registration_pending,2025-10-02 07:18:34 UTC,NA,,6131,speed,Final,Women,pending,2020-07-23 11:40:00 UTC,/api/v1/category_rounds/6131/results,speed_elimination_ifsc,IFSC 2021: Elimination,36,,,,,,,1069,A,/api/v1/routes/1069/startlist,
/api/v1/events/1183/result/374,1183,full_results_url,IFSC Connected Speed Knockout presented by Japan Airlines,SPEED Women,registration_pending,2025-10-02 07:18:34 UTC,NA,,6131,speed,Final,Women,pending,2020-07-23 11:40:00 UTC,/api/v1/category_rounds/6131/results,speed_elimination_ifsc,IFSC 2021: Elimination,36,,,,,,,1070,B,/api/v1/routes/1070/startlist,
/api/v1/events/1176/result/316,1176,full_results_url,Olympic Games -  Sport Climbing combined event -Tokyo (JPN) 2020,COMBINED Men,registration_pending,2025-10-02 07:18:34 UTC,NA,,6036,combined,Qualification,Men,pending,2020-02-21 11:14:59 UTC,/api/v1/category_rounds/6036/results,sbl_qualification,Speed Boulder Lead Qualification,31,339.0,,speed,pending,2020-02-21 11:14:59 UTC,/api/v1/combined_stages/339/results,733,A,/api/v1/routes/733/startlist,
/api/v1/events/1176/result/316,1176,full_results_url,Olympic Games -  Sport Climbing combined event -Tokyo (JPN) 2020,COMBINED Men,registration_pending,2025-10-02 07:18:34 UTC,NA,,6036,combined,Qualification,Men,pending,2020-02-21 11:14:59 UTC,/api/v1/category_rounds/6036/results,sbl_qualification,Speed Boulder Lead Qualification,31,339.0,,speed,pending,2020-02-21 11:14:59 UTC,/api/v1/combined_stages/339/results,734,B,/api/v1/routes/734/startlist,
/api/v1/events/1176/result/316,1176,full_results_url,Olympic Games -  Sport Climbing combined event -Tokyo (JPN) 2020,COMBINED Men,registration_pending,2025-10-02 07:18:34 UTC,NA,,6036,combined,Qualification,Men,pending,2020-02-21 11:14:59 UTC,/api/v1/category_rounds/6036/results,sbl_qualification,Speed Boulder Lead Qualification,31,340.0,,boulder,pending,2020-02-21 11:14:59 UTC,/api/v1/combined_stages/340/results,735,A,/api/v1/routes/735/startlist,
/api/v1/events/1176/result/316,1176,full_results_url,Olympic Games -  Sport Climbing combined event -Tokyo (JPN) 2020,COMBINED Men,registration_pending,2025-10-02 07:18:34 UTC,NA,,6036,combined,Qualification,Men,pending,2020-02-21 11:14:59 UTC,/api/v1/category_rounds/6036/results,sbl_qualification,Speed Boulder Lead Qualification,31,340.0,,boulder,pending,2020-02-21 11:14:59 UTC,/api/v1/combined_stages/340/results,736,B,/api/v1/routes/736/startlist,
/api/v1/events/1176/result/316,1176,full_results_url,Olympic Games -  Sport Climbing combined event -Tokyo (JPN) 2020,COMBINED Men,registration_pending,2025-10-02 07:18:34 UTC,NA,,6036,combined,Qualification,Men,pending,2020-02-21 11:14:59 UTC,/api/v1/category_rounds/6036/results,sbl_qualification,Speed Boulder Lead Qualification,31,340.0,,boulder,pending,2020-02-21 11:14:59 UTC,/api/v1/combined_stages/340/results,737,C,/api/v1/routes/737/startlist,
/api/v1/events/1176/result/316,1176,full_results_url,Olympic Games -  Sport Climbing combined event -Tokyo (JPN) 2020,COMBINED Men,registration_pending,2025-10-02 07:18:34 UTC,NA,,6036,combined,Qualification,Men,pending,2020-02-21 11:14:59 UTC,/api/v1/category_rounds/6036/results,sbl_qualification,Speed Boulder Lead Qualification,31,340.0,,boulder,pending,2020-02-21 11:14:59 UTC,/api/v1/combined_stages/340/results,738,D,/api/v1/routes/738/startlist,
/api/v1/events/1176/result/316,1176,full_results_url,Olympic Games -  Sport Climbing combined event -Tokyo (JPN) 2020,COMBINED Men,registration_pending,2025-10-02 07:18:34 UTC,NA,,6036,combined,Qualification,Men,pending,2020-02-21 11:14:59 UTC,/api/v1/category_rounds/6036/results,sbl_qualification,Speed Boulder Lead Qualification,31,341.0,,lead,pending,2020-02-21 11:14:59 UTC,/api/v1/combined_stages/341/results,739,A,/api/v1/routes/739/startlist,/api/v1/routes/739/results
/api/v1/events/1176/result/320,1176,full_results_url,Olympic Games -  Sport Climbing combined event -Tokyo (JPN) 2020,COMBINED Juniors Male,registration_pending,2025-10-02 07:18:34 UTC,NA,,6037,combined,Qualification,Juniors Male,pending,2020-02-21 11:14:59 UTC,/api/v1/category_rounds/6037/results,sbl_qualification,Speed Boulder Lead Qualification,31,342.0,,speed,pending,2020-02-21 11:14:59 UTC,/api/v1/combined_stages/342/results,740,A,/api/v1/routes/740/startlist,
/api/v1/events/1176/result/320,1176,full_results_url,Olympic Games -  Sport Climbing combined event -Tokyo (JPN) 2020,COMBINED Juniors Male,registration_pending,2025-10-02 07:18:34 UTC,NA,,6037,combined,Qualification,Juniors Male,pending,2020-02-21 11:14:59 UTC,/api/v1/category_rounds/6037/results,sbl_qualification,Speed Boulder Lead Qualification,31,342.0,,speed,pending,2020-02-21 11:14:59 UTC,/api/v1/combined_stages/342/results,741,B,/api/v1/routes/741/startlist,
/api/v1/events/1176/result/320,1176,full_results_url,Olympic Games -  Sport Climbing combined event -Tokyo (JPN) 2020,COMBINED Juniors Male,registration_pending,2025-10-02 07:18:34 UTC,NA,,6037,combined,Qualification,Juniors Male,pending,2020-02-21 11:14:59 UTC,/api/v1/category_rounds/6037/results,sbl_qualification,Speed Boulder Lead Qualification,31,343.0,,boulder,pending,2020-02-21 11:14:59 UTC,/api/v1/combined_stages/343/results,742,A,/api/v1/routes/742/startlist,
/api/v1/events/1176/result/320,1176,full_results_url,Olympic Games -  Sport Climbing combined event -Tokyo (JPN) 2020,COMBINED Juniors Male,registration_pending,2025-10-02 07:18:34 UTC,NA,,6037,combined,Qualification,Juniors Male,pending,2020-02-21 11:14:59 UTC,/api/v1/category_rounds/6037/results,sbl_qualification,Speed Boulder Lead Qualification,31,343.0,,boulder,pending,2020-02-21 11:14:59 UTC,/api/v1/combined_stages/343/results,743,B,/api/v1/routes/743/startlist,
/api/v1/events/1176/result/320,1176,full_results_url,Olympic Games -  Sport Climbing combined event -Tokyo (JPN) 2020,COMBINED Juniors Male,registration_pending,2025-10-02 07:18:34 UTC,NA,,6037,combined,Qualification,Juniors Male,pending,2020-02-21 11:14:59 UTC,/api/v1/category_rounds/6037/results,sbl_qualification,Speed Boulder Lead Qualification,31,343.0,,boulder,pending,2020-02-21 11:14:59 UTC,/api/v1/combined_stages/343/results,744,C,/api/v1/routes/744/startlist,
/api/v1/events/1176/result/320,1176,full_results_url,Olympic Games -  Sport Climbing combined event -Tokyo (JPN) 2020,COMBINED Juniors Male,registration_pending,2025-10-02 07:18:34 UTC,NA,,6037,combined,Qualification,Juniors Male,pending,2020-02-21 11:14:59 UTC,/api/v1/category_rounds/6037/results,sbl_qualification,Speed Boulder Lead Qualification,31,343.0,,boulder,pending,2020-02-21 11:14:59 UTC,/api/v1/combined_stages/343/results,745,D,/api/v1/routes/745/startlist,
/api/v1/events/1176/result/320,1176,full_results_url,Olympic Games -  Sport Climbing combined event -Tokyo (JPN) 2020,COMBINED Juniors Male,registration_pending,2025-10-02 07:18:34 UTC,NA,,6037,combined,Qualification,Juniors Male,pending,2020-02-21 11:14:59 UTC,/api/v1/category_rounds/6037/results,sbl_qualification,Speed Boulder Lead Qualification,31,344.0,,lead,pending,2020-02-21 11:14:59 UTC,/api/v1/combined_stages/344/results,746,A,/api/v1/routes/746/startlist,/api/v1/routes/746/results
/api/v1/events/1176/result/324,1176,full_results_url,Olympic Games -  Sport Climbing combined event -Tokyo (JPN) 2020,COMBINED Youth A Male,registration_pending,2025-10-02 07:18:34 UTC,NA,,6038,combined,Qualification,Youth A Male,pending,2020-02-21 11:14:59 UTC,/api/v1/category_rounds/6038/results,sbl_qualification,Speed Boulder Lead Qualification,31,345.0,,speed,pending,2020-02-21 11:14:59 UTC,/api/v1/combined_stages/345/results,747,A,/api/v1/routes/747/startlist,
/api/v1/events/1176/result/324,1176,full_results_url,Olympic Games -  Sport Climbing combined event -Tokyo (JPN) 2020,COMBINED Youth A Male,registration_pending,2025-10-02 07:18:34 UTC,NA,,6038,combined,Qualification,Youth A Male,pending,2020-02-21 11:14:59 UTC,/api/v1/category_rounds/6038/results,sbl_qualification,Speed Boulder Lead Qualification,31,345.0,,speed,pending,2020-02-21 11:14:59 UTC,/api/v1/combined_stages/345/results,748,B,/api/v1/routes/748/startlist,
/api/v1/events/1176/result/324,1176,full_results_url,Olympic Games -  Sport Climbing combined event -Tokyo (JPN) 2020,COMBINED Youth A Male,registration_pending,2025-10-02 07:18:34 UTC,NA,,6038,combined,Qualification,Youth A Male,pending,2020-02-21 11:14:59 UTC,/api/v1/category_rounds/6038/results,sbl_qualification,Speed Boulder Lead Qualification,31,346.0,,boulder,pending,2020-02-21 11:14:59 UTC,/api/v1/combined_stages/346/results,749,A,/api/v1/routes/749/startlist,
/api/v1/events/1176/result/324,1176,full_results_url,Olympic Games -  Sport Climbing combined event -Tokyo (JPN) 2020,COMBINED Youth A Male,registration_pending,2025-10-02 07:18:34 UTC,NA,,6038,combined,Qualification,Youth A Male,pending,2020-02-21 11:14:59 UTC,/api/v1/category_rounds/6038/results,sbl_qualification,Speed Boulder Lead Qualification,31,346.0,,boulder,pending,2020-02-21 11:14:59 UTC,/api/v1/combined_stages/346/results,750,B,/api/v1/routes/750/startlist,
/api/v1/events/1176/result/324,1176,full_results_url,Olympic Games -  Sport Climbing combined event -Tokyo (JPN) 2020,COMBINED Youth A Male,registration_pending,2025-10-02 07:18:34 UTC,NA,,6038,combined,Qualification,Youth A Male,pending,2020-02-21 11:14:59 UTC,/api/v1/category_rounds/6038/results,sbl_qualification,Speed Boulder Lead Qualification,31,346.0,,boulder,pending,2020-02-21 11:14:59 UTC,/api/v1/combined_stages/346/results,751,C,/api/v1/routes/751/startlist,
/api/v1/events/1176/result/324,1176,full_results_url,Olympic Games -  Sport Climbing combined event -Tokyo (JPN) 2020,COMBINED Youth A Male,registration_pending,2025-10-02 07:18:34 UTC,NA,,6038,combined,Qualification,Youth A Male,pending,2020-02-21 11:14:59 UTC,/api/v1/category_rounds/6038/results,sbl_qualification,Speed Boulder Lead Qualification,31,346.0,,boulder,pending,2020-02-21 11:14:59 UTC,/api/v1/combined_stages/346/results,752,D,/api/v1/routes/752/startlist,
/api/v1/events/1176/result/324,1176,full_results_url,Olympic Games -  Sport Climbing combined event -Tokyo (JPN) 2020,COMBINED Youth A Male,registration_pending,2025-10-02 07:18:34 UTC,NA,,6038,combined,Qualification,Youth A Male,pending,2020-02-21 11:14:59 UTC,/api/v1/category_rounds/6038/results,sbl_qualification,Speed Boulder Lead Qualification,31,347.0,,lead,pending,2020-02-21 11:14:59 UTC,/api/v1/combined_stages/347/results,753,A,/api/v1/routes/753/startlist,/api/v1/routes/753/results
/api/v1/events/1176/result/328,1176,full_results_url,Olympic Games -  Sport Climbing combined event -Tokyo (JPN) 2020,COMBINED Youth B Male,registration_pending,2025-10-02 07:18:34 UTC,NA,,6039,combined,Qualification,Youth B Male,pending,2020-02-21 11:14:59 UTC,/api/v1/category_rounds/6039/results,sbl_qualification,Speed Boulder Lead Qualification,31,348.0,,speed,pending,2020-02-21 11:14:59 UTC,/api/v1/combined_stages/348/results,754,A,/api/v1/routes/754/startlist,
/api/v1/events/1176/result/328,1176,full_results_url,Olympic Games -  Sport Climbing combined event -Tokyo (JPN) 2020,COMBINED Youth B Male,registration_pending,2025-10-02 07:18:34 UTC,NA,,6039,combined,Qualification,Youth B Male,pending,2020-02-21 11:14:59 UTC,/api/v1/category_rounds/6039/results,sbl_qualification,Speed Boulder Lead Qualification,31,348.0,,speed,pending,2020-02-21 11:14:59 UTC,/api/v1/combined_stages/348/results,755,B,/api/v1/routes/755/startlist,
/api/v1/events/1176/result/328,1176,full_results_url,Olympic Games -  Sport Climbing combined event -Tokyo (JPN) 2020,COMBINED Youth B Male,registration_pending,2025-10-02 07:18:34 UTC,NA,,6039,combined,Qualification,Youth B Male,pending,2020-02-21 11:14:59 UTC,/api/v1/category_rounds/6039/results,sbl_qualification,Speed Boulder Lead Qualification,31,349.0,,boulder,pending,2020-02-21 11:14:59 UTC,/api/v1/combined_stages/349/results,756,A,/api/v1/routes/756/startlist,
/api/v1/events/1176/result/328,1176,full_results_url,Olympic Games -  Sport Climbing combined event -Tokyo (JPN) 2020,COMBINED Youth B Male,registration_pending,2025-10-02 07:18:34 UTC,NA,,6039,combined,Qualification,Youth B Male,pending,2020-02-21 11:14:59 UTC,/api/v1/category_rounds/6039/results,sbl_qualification,Speed Boulder Lead Qualification,31,349.0,,boulder,pending,2020-02-21 11:14:59 UTC,/api/v1/combined_stages/349/results,757,B,/api/v1/routes/757/startlist,
/api/v1/events/1176/result/328,1176,full_results_url,Olympic Games -  Sport Climbing combined event -Tokyo (JPN) 2020,COMBINED Youth B Male,registration_pending,2025-10-02 07:18:34 UTC,NA,,6039,combined,Qualification,Youth B Male,pending,2020-02-21 11:14:59 UTC,/api/v1/category_rounds/6039/results,sbl_qualification,Speed Boulder Lead Qualification,31,349.0,,boulder,pending,2020-02-21 11:14:59 UTC,/api/v1/combined_stages/349/results,758,C,/api/v1/routes/758/startlist,
/api/v1/events/1176/result/328,1176,full_results_url,Olympic Games -  Sport Climbing combined event -Tokyo (JPN) 2020,COMBINED Youth B Male,registration_pending,2025-10-02 07:18:34 UTC,NA,,6039,combined,Qualification,Youth B Male,pending,2020-02-21 11:14:59 UTC,/api/v1/category_rounds/6039/results,sbl_qualification,Speed Boulder Lead Qualification,31,349.0,,boulder,pending,2020-02-21 11:14:59 UTC,/api/v1/combined_stages/349/results,759,D,/api/v1/routes/759/startlist,
/api/v1/events/1176/result/328,1176,full_results_url,Olympic Games -  Sport Climbing combined event -Tokyo (JPN) 2020,COMBINED Youth B Male,registration_pending,2025-10-02 07:18:34 UTC,NA,,6039,combined,Qualification,Youth B Male,pending,2020-02-21 11:14:59 UTC,/api/v1/category_rounds/6039/results,sbl_qualification,Speed Boulder Lead Qualification,31,350.0,,lead,pending,2020-02-21 11:14:59 UTC,/api/v1/combined_stages/350/results,760,A,/api/v1/routes/760/startlist,/api/v1/routes/760/results
/api/v1/events/1176/result/332,1176,full_results_url,Olympic Games -  Sport Climbing combined event -Tokyo (JPN) 2020,COMBINED Youth C Male,registration_pending,2025-10-02 07:18:34 UTC,NA,,6040,combined,Qualification,Youth C Male,pending,2020-02-21 11:14:59 UTC,/api/v1/category_rounds/6040/results,sbl_qualification,Speed Boulder Lead Qualification,31,351.0,,speed,pending,2020-02-21 11:14:59 UTC,/api/v1/combined_stages/351/results,761,A,/api/v1/routes/761/startlist,
/api/v1/events/1176/result/332,1176,full_results_url,Olympic Games -  Sport Climbing combined event -Tokyo (JPN) 2020,COMBINED Youth C Male,registration_pending,2025-10-02 07:18:34 UTC,NA,,6040,combined,Qualification,Youth C Male,pending,2020-02-21 11:14:59 UTC,/api/v1/category_rounds/6040/results,sbl_qualification,Speed Boulder Lead Qualification,31,351.0,,speed,pending,2020-02-21 11:14:59 UTC,/api/v1/combined_stages/351/results,762,B,/api/v1/routes/762/startlist,
/api/v1/events/1176/result/332,1176,full_results_url,Olympic Games -  Sport Climbing combined event -Tokyo (JPN) 2020,COMBINED Youth C Male,registration_pending,2025-10-02 07:18:34 UTC,NA,,6040,combined,Qualification,Youth C Male,pending,2020-02-21 11:14:59 UTC,/api/v1/category_rounds/6040/results,sbl_qualification,Speed Boulder Lead Qualification,31,352.0,,boulder,pending,2020-02-21 11:14:59 UTC,/api/v1/combined_stages/352/results,763,A,/api/v1/routes/763/startlist,
/api/v1/events/1176/result/332,1176,full_results_url,Olympic Games -  Sport Climbing combined event -Tokyo (JPN) 2020,COMBINED Youth C Male,registration_pending,2025-10-02 07:18:34 UTC,NA,,6040,combined,Qualification,Youth C Male,pending,2020-02-21 11:14:59 UTC,/api/v1/category_rounds/6040/results,sbl_qualification,Speed Boulder Lead Qualification,31,352.0,,boulder,pending,2020-02-21 11:14:59 UTC,/api/v1/combined_stages/352/results,764,B,/api/v1/routes/764/startlist,
/api/v1/events/1176/result/332,1176,full_results_url,Olympic Games -  Sport Climbing combined event -Tokyo (JPN) 2020,COMBINED Youth C Male,registration_pending,2025-10-02 07:18:34 UTC,NA,,6040,combined,Qualification,Youth C Male,pending,2020-02-21 11:14:59 UTC,/api/v1/category_rounds/6040/results,sbl_qualification,Speed Boulder Lead Qualification,31,352.0,,boulder,pending,2020-02-21 11:14:59 UTC,/api/v1/combined_stages/352/results,765,C,/api/v1/routes/765/startlist,
/api/v1/events/1176/result/332,1176,full_results_url,Olympic Games -  Sport Climbing combined event -Tokyo (JPN) 2020,COMBINED Youth C Male,registration_pending,2025-10-02 07:18:34 UTC,NA,,6040,combined,Qualification,Youth C Male,pending,2020-02-21 11:14:59 UTC,/api/v1/category_rounds/6040/results,sbl_qualification,Speed Boulder Lead Qualification,31,352.0,,boulder,pending,2020-02-21 11:14:59 UTC,/api/v1/combined_stages/352/results,766,D,/api/v1/routes/766/startlist,
/api/v1/events/1176/result/332,1176,full_results_url,Olympic Games -  Sport Climbing combined event -Tokyo (JPN) 2020,COMBINED Youth C Male,registration_pending,2025-10-02 07:18:34 UTC,NA,,6040,combined,Qualification,Youth C Male,pending,2020-02-21 11:14:59 UTC,/api/v1/category_rounds/6040/results,sbl_qualification,Speed Boulder Lead Qualification,31,353.0,,lead,pending,2020-02-21 11:14:59 UTC,/api/v1/combined_stages/353/results,767,A,/api/v1/routes/767/startlist,/api/v1/routes/767/results
/api/v1/events/1176/result/336,1176,full_results_url,Olympic Games -  Sport Climbing combined event -Tokyo (JPN) 2020,COMBINED Women,registration_pending,2025-10-02 07:18:34 UTC,NA,,6041,combined,Qualification,Women,pending,2020-02-21 11:14:59 UTC,/api/v1/category_rounds/6041/results,sbl_qualification,Speed Boulder Lead Qualification,31,354.0,,speed,pending,2020-02-21 11:14:59 UTC,/api/v1/combined_stages/354/results,768,A,/api/v1/routes/768/startlist,
/api/v1/events/1176/result/336,1176,full_results_url,Olympic Games -  Sport Climbing combined event -Tokyo (JPN) 2020,COMBINED Women,registration_pending,2025-10-02 07:18:34 UTC,NA,,6041,combined,Qualification,Women,pending,2020-02-21 11:14:59 UTC,/api/v1/category_rounds/6041/results,sbl_qualification,Speed Boulder Lead Qualification,31,354.0,,speed,pending,2020-02-21 11:14:59 UTC,/api/v1/combined_stages/354/results,769,B,/api/v1/routes/769/startlist,
/api/v1/events/1176/result/336,1176,full_results_url,Olympic Games -  Sport Climbing combined event -Tokyo (JPN) 2020,COMBINED Women,registration_pending,2025-10-02 07:18:34 UTC,NA,,6041,combined,Qualification,Women,pending,2020-02-21 11:14:59 UTC,/api/v1/category_rounds/6041/results,sbl_qualification,Speed Boulder Lead Qualification,31,355.0,,boulder,pending,2020-02-21 11:14:59 UTC,/api/v1/combined_stages/355/results,770,A,/api/v1/routes/770/startlist,
/api/v1/events/1176/result/336,1176,full_results_url,Olympic Games -  Sport Climbing combined event -Tokyo (JPN) 2020,COMBINED Women,registration_pending,2025-10-02 07:18:34 UTC,NA,,6041,combined,Qualification,Women,pending,2020-02-21 11:14:59 UTC,/api/v1/category_rounds/6041/results,sbl_qualification,Speed Boulder Lead Qualification,31,355.0,,boulder,pending,2020-02-21 11:14:59 UTC,/api/v1/combined_stages/355/results,771,B,/api/v1/routes/771/startlist,
/api/v1/events/1176/result/336,1176,full_results_url,Olympic Games -  Sport Climbing combined event -Tokyo (JPN) 2020,COMBINED Women,registration_pending,2025-10-02 07:18:34 UTC,NA,,6041,combined,Qualification,Women,pending,2020-02-21 11:14:59 UTC,/api/v1/category_rounds/6041/results,sbl_qualification,Speed Boulder Lead Qualification,31,355.0,,boulder,pending,2020-02-21 11:14:59 UTC,/api/v1/combined_stages/355/results,772,C,/api/v1/routes/772/startlist,
/api/v1/events/1176/result/336,1176,full_results_url,Olympic Games -  Sport Climbing combined event -Tokyo (JPN) 2020,COMBINED Women,registration_pending,2025-10-02 07:18:34 UTC,NA,,6041,combined,Qualification,Women,pending,2020-02-21 11:14:59 UTC,/api/v1/category_rounds/6041/results,sbl_qualification,Speed Boulder Lead Qualification,31,355.0,,boulder,pending,2020-02-21 11:14:59 UTC,/api/v1/combined_stages/355/results,773,D,/api/v1/routes/773/startlist,
/api/v1/events/1176/result/336,1176,full_results_url,Olympic Games -  Sport Climbing combined event -Tokyo (JPN) 2020,COMBINED Women,registration_pending,2025-10-02 07:18:34 UTC,NA,,6041,combined,Qualification,Women,pending,2020-02-21 11:14:59 UTC,/api/v1/category_rounds/6041/results,sbl_qualification,Speed Boulder Lead Qualification,31,356.0,,lead,pending,2020-02-21 11:14:59 UTC,/api/v1/combined_stages/356/results,774,A,/api/v1/routes/774/startlist,/api/v1/routes/774/results
/api/v1/events/1176/result/340,1176,full_results_url,Olympic Games -  Sport Climbing combined event -Tokyo (JPN) 2020,COMBINED Juniors Female,registration_pending,2025-10-02 07:18:34 UTC,NA,,6042,combined,Qualification,Juniors Female,pending,2020-02-21 11:14:59 UTC,/api/v1/category_rounds/6042/results,sbl_qualification,Speed Boulder Lead Qualification,31,357.0,,speed,pending,2020-02-21 11:14:59 UTC,/api/v1/combined_stages/357/results,775,A,/api/v1/routes/775/startlist,
/api/v1/events/1176/result/340,1176,full_results_url,Olympic Games -  Sport Climbing combined event -Tokyo (JPN) 2020,COMBINED Juniors Female,registration_pending,2025-10-02 07:18:34 UTC,NA,,6042,combined,Qualification,Juniors Female,pending,2020-02-21 11:14:59 UTC,/api/v1/category_rounds/6042/results,sbl_qualification,Speed Boulder Lead Qualification,31,357.0,,speed,pending,2020-02-21 11:14:59 UTC,/api/v1/combined_stages/357/results,776,B,/api/v1/routes/776/startlist,
/api/v1/events/1176/result/340,1176,full_results_url,Olympic Games -  Sport Climbing combined event -Tokyo (JPN) 2020,COMBINED Juniors Female,registration_pending,2025-10-02 07:18:34 UTC,NA,,6042,combined,Qualification,Juniors Female,pending,2020-02-21 11:14:59 UTC,/api/v1/category_rounds/6042/results,sbl_qualification,Speed Boulder Lead Qualification,31,358.0,,boulder,pending,2020-02-21 11:14:59 UTC,/api/v1/combined_stages/358/results,777,A,/api/v1/routes/777/startlist,
/api/v1/events/1176/result/340,1176,full_results_url,Olympic Games -  Sport Climbing combined event -Tokyo (JPN) 2020,COMBINED Juniors Female,registration_pending,2025-10-02 07:18:34 UTC,NA,,6042,combined,Qualification,Juniors Female,pending,2020-02-21 11:14:59 UTC,/api/v1/category_rounds/6042/results,sbl_qualification,Speed Boulder Lead Qualification,31,358.0,,boulder,pending,2020-02-21 11:14:59 UTC,/api/v1/combined_stages/358/results,778,B,/api/v1/routes/778/startlist,
/api/v1/events/1176/result/340,1176,full_results_url,Olympic Games -  Sport Climbing combined event -Tokyo (JPN) 2020,COMBINED Juniors Female,registration_pending,2025-10-02 07:18:34 UTC,NA,,6042,combined,Qualification,Juniors Female,pending,2020-02-21 11:14:59 UTC,/api/v1/category_rounds/6042/results,sbl_qualification,Speed Boulder Lead Qualification,31,358.0,,boulder,pending,2020-02-21 11:14:59 UTC,/api/v1/combined_stages/358/results,779,C,/api/v1/routes/779/startlist,
/api/v1/events/1176/result/340,1176,full_results_url,Olympic Games -  Sport Climbing combined event -Tokyo (JPN) 2020,COMBINED Juniors Female,registration_pending,2025-10-02 07:18:34 UTC,NA,,6042,combined,Qualification,Juniors Female,pending,2020-02-21 11:14:59 UTC,/api/v1/category_rounds/6042/results,sbl_qualification,Speed Boulder Lead Qualification,31,358.0,,boulder,pending,2020-02-21 11:14:59 UTC,/api/v1/combined_stages/358/results,780,D,/api/v1/routes/780/startlist,
/api/v1/events/1176/result/340,1176,full_results_url,Olympic Games -  Sport Climbing combined event -Tokyo (JPN) 2020,COMBINED Juniors Female,registration_pending,2025-10-02 07:18:34 UTC,NA,,6042,combined,Qualification,Juniors Female,pending,2020-02-21 11:14:59 UTC,/api/v1/category_rounds/6042/results,sbl_qualification,Speed Boulder Lead Qualification,31,359.0,,lead,pending,2020-02-21 11:14:59 UTC,/api/v1/combined_stages/359/results,781,A,/api/v1/routes/781/startlist,/api/v1/routes/781/results
/api/v1/events/1176/result/344,1176,full_results_url,Olympic Games -  Sport Climbing combined event -Tokyo (JPN) 2020,COMBINED Youth A Female,registration_pending,2025-10-02 07:18:34 UTC,NA,,6043,combined,Qualification,Youth A Female,pending,2020-02-21 11:14:59 UTC,/api/v1/category_rounds/6043/results,sbl_qualification,Speed Boulder Lead Qualification,31,360.0,,speed,pending,2020-02-21 11:14:59 UTC,/api/v1/combined_stages/360/results,782,A,/api/v1/routes/782/startlist,
/api/v1/events/1176/result/344,1176,full_results_url,Olympic Games -  Sport Climbing combined event -Tokyo (JPN) 2020,COMBINED Youth A Female,registration_pending,2025-10-02 07:18:34 UTC,NA,,6043,combined,Qualification,Youth A Female,pending,2020-02-21 11:14:59 UTC,/api/v1/category_rounds/6043/results,sbl_qualification,Speed Boulder Lead Qualification,31,360.0,,speed,pending,2020-02-21 11:14:59 UTC,/api/v1/combined_stages/360/results,783,B,/api/v1/routes/783/startlist,
/api/v1/events/1176/result/344,1176,full_results_url,Olympic Games -  Sport Climbing combined event -Tokyo (JPN) 2020,COMBINED Youth A Female,registration_pending,2025-10-02 07:18:34 UTC,NA,,6043,combined,Qualification,Youth A Female,pending,2020-02-21 11:14:59 UTC,/api/v1/category_rounds/6043/results,sbl_qualification,Speed Boulder Lead Qualification,31,361.0,,boulder,pending,2020-02-21 11:14:59 UTC,/api/v1/combined_stages/361/results,784,A,/api/v1/routes/784/startlist,
/api/v1/events/1176/result/344,1176,full_results_url,Olympic Games -  Sport Climbing combined event -Tokyo (JPN) 2020,COMBINED Youth A Female,registration_pending,2025-10-02 07:18:34 UTC,NA,,6043,combined,Qualification,Youth A Female,pending,2020-02-21 11:14:59 UTC,/api/v1/category_rounds/6043/results,sbl_qualification,Speed Boulder Lead Qualification,31,361.0,,boulder,pending,2020-02-21 11:14:59 UTC,/api/v1/combined_stages/361/results,785,B,/api/v1/routes/785/startlist,
/api/v1/events/1176/result/344,1176,full_results_url,Olympic Games -  Sport Climbing combined event -Tokyo (JPN) 2020,COMBINED Youth A Female,registration_pending,2025-10-02 07:18:34 UTC,NA,,6043,combined,Qualification,Youth A Female,pending,2020-02-21 11:14:59 UTC,/api/v1/category_rounds/6043/results,sbl_qualification,Speed Boulder Lead Qualification,31,361.0,,boulder,pending,2020-02-21 11:14:59 UTC,/api/v1/combined_stages/361/results,786,C,/api/v1/routes/786/startlist,
/api/v1/events/1176/result/344,1176,full_results_url,Olympic Games -  Sport Climbing combined event -Tokyo (JPN) 2020,COMBINED Youth A Female,registration_pending,2025-10-02 07:18:34 UTC,NA,,6043,combined,Qualification,Youth A Female,pending,2020-02-21 11:14:59 UTC,/api/v1/category_rounds/6043/results,sbl_qualification,Speed Boulder Lead Qualification,31,361.0,,boulder,pending,2020-02-21 11:14:59 UTC,/api/v1/combined_stages/361/results,787,D,/api/v1/routes/787/startlist,
/api/v1/events/1176/result/344,1176,full_results_url,Olympic Games -  Sport Climbing combined event -Tokyo (JPN) 2020,COMBINED Youth A Female,registration_pending,2025-10-02 07:18:34 UTC,NA,,6043,combined,Qualification,Youth A Female,pending,2020-02-21 11:14:59 UTC,/api/v1/category_rounds/6043/results,sbl_qualification,Speed Boulder Lead Qualification,31,362.0,,lead,pending,2020-02-21 11:14:59 UTC,/api/v1/combined_stages/362/results,788,A,/api/v1/routes/788/startlist,/api/v1/routes/788/results
/api/v1/events/1176/result/348,1176,full_results_url,Olympic Games -  Sport Climbing combined event -Tokyo (JPN) 2020,COMBINED Youth B Female,registration_pending,2025-10-02 07:18:34 UTC,NA,,6044,combined,Qualification,Youth B Female,pending,2020-02-21 11:14:59 UTC,/api/v1/category_rounds/6044/results,sbl_qualification,Speed Boulder Lead Qualification,31,363.0,,speed,pending,2020-02-21 11:14:59 UTC,/api/v1/combined_stages/363/results,789,A,/api/v1/routes/789/startlist,
/api/v1/events/1176/result/348,1176,full_results_url,Olympic Games -  Sport Climbing combined event -Tokyo (JPN) 2020,COMBINED Youth B Female,registration_pending,2025-10-02 07:18:34 UTC,NA,,6044,combined,Qualification,Youth B Female,pending,2020-02-21 11:14:59 UTC,/api/v1/category_rounds/6044/results,sbl_qualification,Speed Boulder Lead Qualification,31,363.0,,speed,pending,2020-02-21 11:14:59 UTC,/api/v1/combined_stages/363/results,790,B,/api/v1/routes/790/startlist,
/api/v1/events/1176/result/348,1176,full_results_url,Olympic Games -  Sport Climbing combined event -Tokyo (JPN) 2020,COMBINED Youth B Female,registration_pending,2025-10-02 07:18:34 UTC,NA,,6044,combined,Qualification,Youth B Female,pending,2020-02-21 11:14:59 UTC,/api/v1/category_rounds/6044/results,sbl_qualification,Speed Boulder Lead Qualification,31,364.0,,boulder,pending,2020-02-21 11:14:59 UTC,/api/v1/combined_stages/364/results,791,A,/api/v1/routes/791/startlist,
/api/v1/events/1176/result/348,1176,full_results_url,Olympic Games -  Sport Climbing combined event -Tokyo (JPN) 2020,COMBINED Youth B Female,registration_pending,2025-10-02 07:18:34 UTC,NA,,6044,combined,Qualification,Youth B Female,pending,2020-02-21 11:14:59 UTC,/api/v1/category_rounds/6044/results,sbl_qualification,Speed Boulder Lead Qualification,31,364.0,,boulder,pending,2020-02-21 11:14:59 UTC,/api/v1/combined_stages/364/results,792,B,/api/v1/routes/792/startlist,
/api/v1/events/1176/result/348,1176,full_results_url,Olympic Games -  Sport Climbing combined event -Tokyo (JPN) 2020,COMBINED Youth B Female,registration_pending,2025-10-02 07:18:34 UTC,NA,,6044,combined,Qualification,Youth B Female,pending,2020-02-21 11:14:59 UTC,/api/v1/category_rounds/6044/results,sbl_qualification,Speed Boulder Lead Qualification,31,364.0,,boulder,pending,2020-02-21 11:14:59 UTC,/api/v1/combined_stages/364/results,793,C,/api/v1/routes/793/startlist,
/api/v1/events/1176/result/348,1176,full_results_url,Olympic Games -  Sport Climbing combined event -Tokyo (JPN) 2020,COMBINED Youth B Female,registration_pending,2025-10-02 07:18:34 UTC,NA,,6044,combined,Qualification,Youth B Female,pending,2020-02-21 11:14:59 UTC,/api/v1/category_rounds/6044/results,sbl_qualification,Speed Boulder Lead Qualification,31,364.0,,boulder,pending,2020-02-21 11:14:59 UTC,/api/v1/combined_stages/364/results,794,D,/api/v1/routes/794/startlist,
/api/v1/events/1176/result/348,1176,full_results_url,Olympic Games -  Sport Climbing combined event -Tokyo (JPN) 2020,COMBINED Youth B Female,registration_pending,2025-10-02 07:18:34 UTC,NA,,6044,combined,Qualification,Youth B Female,pending,2020-02-21 11:14:59 UTC,/api/v1/category_rounds/6044/results,sbl_qualification,Speed Boulder Lead Qualification,31,365.0,,lead,pending,2020-02-21 11:14:59 UTC,/api/v1/combined_stages/365/results,795,A,/api/v1/routes/795/startlist,/api/v1/routes/795/results
/api/v1/events/1176/result/352,1176,full_results_url,Olympic Games -  Sport Climbing combined event -Tokyo (JPN) 2020,COMBINED Youth C Female,registration_pending,2025-10-02 07:18:34 UTC,NA,,6045,combined,Qualification,Youth C Female,pending,2020-02-21 11:14:59 UTC,/api/v1/category_rounds/6045/results,sbl_qualification,Speed Boulder Lead Qualification,31,366.0,,speed,pending,2020-02-21 11:14:59 UTC,/api/v1/combined_stages/366/results,796,A,/api/v1/routes/796/startlist,
/api/v1/events/1176/result/352,1176,full_results_url,Olympic Games -  Sport Climbing combined event -Tokyo (JPN) 2020,COMBINED Youth C Female,registration_pending,2025-10-02 07:18:34 UTC,NA,,6045,combined,Qualification,Youth C Female,pending,2020-02-21 11:14:59 UTC,/api/v1/category_rounds/6045/results,sbl_qualification,Speed Boulder Lead Qualification,31,366.0,,speed,pending,2020-02-21 11:14:59 UTC,/api/v1/combined_stages/366/results,797,B,/api/v1/routes/797/startlist,
/api/v1/events/1176/result/352,1176,full_results_url,Olympic Games -  Sport Climbing combined event -Tokyo (JPN) 2020,COMBINED Youth C Female,registration_pending,2025-10-02 07:18:34 UTC,NA,,6045,combined,Qualification,Youth C Female,pending,2020-02-21 11:14:59 UTC,/api/v1/category_rounds/6045/results,sbl_qualification,Speed Boulder Lead Qualification,31,367.0,,boulder,pending,2020-02-21 11:14:59 UTC,/api/v1/combined_stages/367/results,798,A,/api/v1/routes/798/startlist,
/api/v1/events/1176/result/352,1176,full_results_url,Olympic Games -  Sport Climbing combined event -Tokyo (JPN) 2020,COMBINED Youth C Female,registration_pending,2025-10-02 07:18:34 UTC,NA,,6045,combined,Qualification,Youth C Female,pending,2020-02-21 11:14:59 UTC,/api/v1/category_rounds/6045/results,sbl_qualification,Speed Boulder Lead Qualification,31,367.0,,boulder,pending,2020-02-21 11:14:59 UTC,/api/v1/combined_stages/367/results,799,B,/api/v1/routes/799/startlist,
/api/v1/events/1176/result/352,1176,full_results_url,Olympic Games -  Sport Climbing combined event -Tokyo (JPN) 2020,COMBINED Youth C Female,registration_pending,2025-10-02 07:18:34 UTC,NA,,6045,combined,Qualification,Youth C Female,pending,2020-02-21 11:14:59 UTC,/api/v1/category_rounds/6045/results,sbl_qualification,Speed Boulder Lead Qualification,31,367.0,,boulder,pending,2020-02-21 11:14:59 UTC,/api/v1/combined_stages/367/results,800,C,/api/v1/routes/800/startlist,
/api/v1/events/1176/result/352,1176,full_results_url,Olympic Games -  Sport Climbing combined event -Tokyo (JPN) 2020,COMBINED Youth C Female,registration_pending,2025-10-02 07:18:34 UTC,NA,,6045,combined,Qualification,Youth C Female,pending,2020-02-21 11:14:59 UTC,/api/v1/category_rounds/6045/results,sbl_qualification,Speed Boulder Lead Qualification,31,367.0,,boulder,pending,2020-02-21 11:14:59 UTC,/api/v1/combined_stages/367/results,801,D,/api/v1/routes/801/startlist,
/api/v1/events/1176/result/352,1176,full_results_url,Olympic Games -  Sport Climbing combined event -Tokyo (JPN) 2020,COMBINED Youth C Female,registration_pending,2025-10-02 07:18:34 UTC,NA,,6045,combined,Qualification,Youth C Female,pending,2020-02-21 11:14:59 UTC,/api/v1/category_rounds/6045/results,sbl_qualification,Speed Boulder Lead Qualification,31,368.0,,lead,pending,2020-02-21 11:14:59 UTC,/api/v1/combined_stages/368/results,802,A,/api/v1/routes/802/startlist,/api/v1/routes/802/results
/api/v1/events/85/result/225,85,full_results_url,"IFSC Europe - Continental Cup (L,S) - Belgrad (SRB) 2020 - CANCELLED",LEAD Men,registration_pending,2025-10-02 07:18:06 UTC,NA,,567,lead,Qualification,Men,pending,2020-02-14 15:59:20 UTC,/api/v1/category_rounds/567/results,lead_one_group_two_routes,IFSC: 2 routes,16,,,,,,,531,1,/api/v1/routes/531/startlist,/api/v1/routes/531/results
/api/v1/events/85/result/225,85,full_results_url,"IFSC Europe - Continental Cup (L,S) - Belgrad (SRB) 2020 - CANCELLED",LEAD Men,registration_pending,2025-10-02 07:18:06 UTC,NA,,567,lead,Qualification,Men,pending,2020-02-14 15:59:20 UTC,/api/v1/category_rounds/567/results,lead_one_group_two_routes,IFSC: 2 routes,16,,,,,,,532,2,/api/v1/routes/532/startlist,/api/v1/routes/532/results
/api/v1/events/85/result/229,85,full_results_url,"IFSC Europe - Continental Cup (L,S) - Belgrad (SRB) 2020 - CANCELLED",LEAD Women,registration_pending,2025-10-02 07:18:06 UTC,NA,,568,lead,Qualification,Women,pending,2020-02-14 15:59:20 UTC,/api/v1/category_rounds/568/results,lead_one_group_two_routes,IFSC: 2 routes,16,,,,,,,533,1,/api/v1/routes/533/startlist,/api/v1/routes/533/results
/api/v1/events/85/result/229,85,full_results_url,"IFSC Europe - Continental Cup (L,S) - Belgrad (SRB) 2020 - CANCELLED",LEAD Women,registration_pending,2025-10-02 07:18:06 UTC,NA,,568,lead,Qualification,Women,pending,2020-02-14 15:59:20 UTC,/api/v1/category_rounds/568/results,lead_one_group_two_routes,IFSC: 2 routes,16,,,,,,,534,2,/api/v1/routes/534/startlist,/api/v1/routes/534/results
/api/v1/events/85/result/226,85,full_results_url,"IFSC Europe - Continental Cup (L,S) - Belgrad (SRB) 2020 - CANCELLED",SPEED Men,registration_pending,2025-10-02 07:18:06 UTC,NA,,569,speed,Qualification,Men,pending,2020-02-14 15:59:20 UTC,/api/v1/category_rounds/569/results,speed_staggered,IFSC: Qualification,16,,,,,,,535,A,/api/v1/routes/535/startlist,
/api/v1/events/85/result/226,85,full_results_url,"IFSC Europe - Continental Cup (L,S) - Belgrad (SRB) 2020 - CANCELLED",SPEED Men,registration_pending,2025-10-02 07:18:06 UTC,NA,,569,speed,Qualification,Men,pending,2020-02-14 15:59:20 UTC,/api/v1/category_rounds/569/results,speed_staggered,IFSC: Qualification,16,,,,,,,536,B,/api/v1/routes/536/startlist,
/api/v1/events/85/result/230,85,full_results_url,"IFSC Europe - Continental Cup (L,S) - Belgrad (SRB) 2020 - CANCELLED",SPEED Women,registration_pending,2025-10-02 07:18:06 UTC,NA,,570,speed,Qualification,Women,pending,2020-02-14 15:59:20 UTC,/api/v1/category_rounds/570/results,speed_staggered,IFSC: Qualification,16,,,,,,,537,A,/api/v1/routes/537/startlist,
/api/v1/events/85/result/230,85,full_results_url,"IFSC Europe - Continental Cup (L,S) - Belgrad (SRB) 2020 - CANCELLED",SPEED Women,registration_pending,2025-10-02 07:18:06 UTC,NA,,570,speed,Qualification,Women,pending,2020-02-14 15:59:20 UTC,/api/v1/category_rounds/570/results,speed_staggered,IFSC: Qualification,16,,,,,,,538,B,/api/v1/routes/538/startlist,
/api/v1/events/65/result/1,65,full_results_url,IFSC - Climbing World Cup (L) - Briançon (FRA) 2020,LEAD Men,finished,2025-10-02 07:18:05 UTC,2026-04-22 09:14:48 UTC,,469,lead,Qualification,Men,finished,2020-08-21 12:15:24 UTC,/api/v1/category_rounds/469/results,lead_one_group_two_routes,IFSC: 2 routes,1,,,,,,,185,1,/api/v1/routes/185/startlist,/api/v1/routes/185/results
/api/v1/events/65/result/1,65,full_results_url,IFSC - Climbing World Cup (L) - Briançon (FRA) 2020,LEAD Men,finished,2025-10-02 07:18:05 UTC,2026-04-22 09:14:48 UTC,,469,lead,Qualification,Men,finished,2020-08-21 12:15:24 UTC,/api/v1/category_rounds/469/results,lead_one_group_two_routes,IFSC: 2 routes,1,,,,,,,186,2,/api/v1/routes/186/startlist,/api/v1/routes/186/results
/api/v1/events/65/result/1,65,full_results_url,IFSC - Climbing World Cup (L) - Briançon (FRA) 2020,LEAD Men,finished,2025-10-02 07:18:05 UTC,2026-04-22 09:14:48 UTC,,6136,lead,Semi-Final,Men,finished,2020-08-21 20:24:18 UTC,/api/v1/category_rounds/6136/results,lead_one_group_one_route,IFSC: 1 route,2,,,,,,,1079,1,/api/v1/routes/1079/startlist,/api/v1/routes/1079/results
/api/v1/events/65/result/1,65,full_results_url,IFSC - Climbing World Cup (L) - Briançon (FRA) 2020,LEAD Men,finished,2025-10-02 07:18:05 UTC,2026-04-22 09:14:48 UTC,,6138,lead,Final,Men,finished,2020-08-22 19:51:54 UTC,/api/v1/category_rounds/6138/results,lead_one_group_one_route,IFSC: 1 route,3,,,,,,,1081,1,/api/v1/routes/1081/startlist,/api/v1/routes/1081/results
/api/v1/events/65/result/5,65,full_results_url,IFSC - Climbing World Cup (L) - Briançon (FRA) 2020,LEAD Women,finished,2025-10-02 07:18:05 UTC,2026-04-22 09:14:52 UTC,,470,lead,Qualification,Women,finished,2020-08-21 12:26:41 UTC,/api/v1/category_rounds/470/results,lead_one_group_two_routes,IFSC: 2 routes,1,,,,,,,187,1,/api/v1/routes/187/startlist,/api/v1/routes/187/results
/api/v1/events/65/result/5,65,full_results_url,IFSC - Climbing World Cup (L) - Briançon (FRA) 2020,LEAD Women,finished,2025-10-02 07:18:05 UTC,2026-04-22 09:14:52 UTC,,470,lead,Qualification,Women,finished,2020-08-21 12:26:41 UTC,/api/v1/category_rounds/470/results,lead_one_group_two_routes,IFSC: 2 routes,1,,,,,,,188,2,/api/v1/routes/188/startlist,/api/v1/routes/188/results
/api/v1/events/65/result/5,65,full_results_url,IFSC - Climbing World Cup (L) - Briançon (FRA) 2020,LEAD Women,finished,2025-10-02 07:18:05 UTC,2026-04-22 09:14:52 UTC,,6137,lead,Semi-Final,Women,finished,2020-08-21 20:23:18 UTC,/api/v1/category_rounds/6137/results,lead_one_group_one_route,IFSC: 1 route,2,,,,,,,1080,1,/api/v1/routes/1080/startlist,/api/v1/routes/1080/results
/api/v1/events/65/result/5,65,full_results_url,IFSC - Climbing World Cup (L) - Briançon (FRA) 2020,LEAD Women,finished,2025-10-02 07:18:05 UTC,2026-04-22 09:14:52 UTC,,6139,lead,Final,Women,finished,2020-08-22 18:44:30 UTC,/api/v1/category_rounds/6139/results,lead_one_group_one_route,IFSC: 1 route,3,,,,,,,1082,1,/api/v1/routes/1082/startlist,/api/v1/routes/1082/results
/api/v1/events/1177/result/9,1177,full_results_url,"IFSC Youth - World Championships (B,S,L) - Voronezh (RUS) 2020 - CANCELLED",LEAD Juniors Male,registration_pending,2025-10-02 07:18:34 UTC,NA,,6046,lead,Qualification,Juniors Male,pending,2020-02-21 11:16:57 UTC,/api/v1/category_rounds/6046/results,lead_one_group_two_routes,IFSC: 2 routes,4,,,,,,,803,1,/api/v1/routes/803/startlist,/api/v1/routes/803/results
/api/v1/events/1177/result/9,1177,full_results_url,"IFSC Youth - World Championships (B,S,L) - Voronezh (RUS) 2020 - CANCELLED",LEAD Juniors Male,registration_pending,2025-10-02 07:18:34 UTC,NA,,6046,lead,Qualification,Juniors Male,pending,2020-02-21 11:16:57 UTC,/api/v1/category_rounds/6046/results,lead_one_group_two_routes,IFSC: 2 routes,4,,,,,,,804,2,/api/v1/routes/804/startlist,/api/v1/routes/804/results
/api/v1/events/1177/result/13,1177,full_results_url,"IFSC Youth - World Championships (B,S,L) - Voronezh (RUS) 2020 - CANCELLED",LEAD Youth A Male,registration_pending,2025-10-02 07:18:34 UTC,NA,,6047,lead,Qualification,Youth A Male,pending,2020-02-21 11:16:57 UTC,/api/v1/category_rounds/6047/results,lead_one_group_two_routes,IFSC: 2 routes,4,,,,,,,805,1,/api/v1/routes/805/startlist,/api/v1/routes/805/results
/api/v1/events/1177/result/13,1177,full_results_url,"IFSC Youth - World Championships (B,S,L) - Voronezh (RUS) 2020 - CANCELLED",LEAD Youth A Male,registration_pending,2025-10-02 07:18:34 UTC,NA,,6047,lead,Qualification,Youth A Male,pending,2020-02-21 11:16:57 UTC,/api/v1/category_rounds/6047/results,lead_one_group_two_routes,IFSC: 2 routes,4,,,,,,,806,2,/api/v1/routes/806/startlist,/api/v1/routes/806/results
/api/v1/events/1177/result/17,1177,full_results_url,"IFSC Youth - World Championships (B,S,L) - Voronezh (RUS) 2020 - CANCELLED",LEAD Youth B Male,registration_pending,2025-10-02 07:18:34 UTC,NA,,6048,lead,Qualification,Youth B Male,pending,2020-02-21 11:16:57 UTC,/api/v1/category_rounds/6048/results,lead_one_group_two_routes,IFSC: 2 routes,4,,,,,,,807,1,/api/v1/routes/807/startlist,/api/v1/routes/807/results
/api/v1/events/1177/result/17,1177,full_results_url,"IFSC Youth - World Championships (B,S,L) - Voronezh (RUS) 2020 - CANCELLED",LEAD Youth B Male,registration_pending,2025-10-02 07:18:34 UTC,NA,,6048,lead,Qualification,Youth B Male,pending,2020-02-21 11:16:57 UTC,/api/v1/category_rounds/6048/results,lead_one_group_two_routes,IFSC: 2 routes,4,,,,,,,808,2,/api/v1/routes/808/startlist,/api/v1/routes/808/results
/api/v1/events/1177/result/25,1177,full_results_url,"IFSC Youth - World Championships (B,S,L) - Voronezh (RUS) 2020 - CANCELLED",LEAD Juniors Female,registration_pending,2025-10-02 07:18:34 UTC,NA,,6049,lead,Qualification,Juniors Female,pending,2020-02-21 11:16:57 UTC,/api/v1/category_rounds/6049/results,lead_one_group_two_routes,IFSC: 2 routes,4,,,,,,,809,1,/api/v1/routes/809/startlist,/api/v1/routes/809/results
/api/v1/events/1177/result/25,1177,full_results_url,"IFSC Youth - World Championships (B,S,L) - Voronezh (RUS) 2020 - CANCELLED",LEAD Juniors Female,registration_pending,2025-10-02 07:18:34 UTC,NA,,6049,lead,Qualification,Juniors Female,pending,2020-02-21 11:16:57 UTC,/api/v1/category_rounds/6049/results,lead_one_group_two_routes,IFSC: 2 routes,4,,,,,,,810,2,/api/v1/routes/810/startlist,/api/v1/routes/810/results
/api/v1/events/1177/result/29,1177,full_results_url,"IFSC Youth - World Championships (B,S,L) - Voronezh (RUS) 2020 - CANCELLED",LEAD Youth A Female,registration_pending,2025-10-02 07:18:34 UTC,NA,,6050,lead,Qualification,Youth A Female,pending,2020-02-21 11:16:57 UTC,/api/v1/category_rounds/6050/results,lead_one_group_two_routes,IFSC: 2 routes,4,,,,,,,811,1,/api/v1/routes/811/startlist,/api/v1/routes/811/results
/api/v1/events/1177/result/29,1177,full_results_url,"IFSC Youth - World Championships (B,S,L) - Voronezh (RUS) 2020 - CANCELLED",LEAD Youth A Female,registration_pending,2025-10-02 07:18:34 UTC,NA,,6050,lead,Qualification,Youth A Female,pending,2020-02-21 11:16:57 UTC,/api/v1/category_rounds/6050/results,lead_one_group_two_routes,IFSC: 2 routes,4,,,,,,,812,2,/api/v1/routes/812/startlist,/api/v1/routes/812/results
/api/v1/events/1177/result/33,1177,full_results_url,"IFSC Youth - World Championships (B,S,L) - Voronezh (RUS) 2020 - CANCELLED",LEAD Youth B Female,registration_pending,2025-10-02 07:18:34 UTC,NA,,6051,lead,Qualification,Youth B Female,pending,2020-02-21 11:16:57 UTC,/api/v1/category_rounds/6051/results,lead_one_group_two_routes,IFSC: 2 routes,4,,,,,,,813,1,/api/v1/routes/813/startlist,/api/v1/routes/813/results
/api/v1/events/1177/result/33,1177,full_results_url,"IFSC Youth - World Championships (B,S,L) - Voronezh (RUS) 2020 - CANCELLED",LEAD Youth B Female,registration_pending,2025-10-02 07:18:34 UTC,NA,,6051,lead,Qualification,Youth B Female,pending,2020-02-21 11:16:57 UTC,/api/v1/category_rounds/6051/results,lead_one_group_two_routes,IFSC: 2 routes,4,,,,,,,814,2,/api/v1/routes/814/startlist,/api/v1/routes/814/results
/api/v1/events/1177/result/10,1177,full_results_url,"IFSC Youth - World Championships (B,S,L) - Voronezh (RUS) 2020 - CANCELLED",SPEED Juniors Male,registration_pending,2025-10-02 07:18:34 UTC,NA,,6052,speed,Qualification,Juniors Male,pending,2020-02-21 11:17:00 UTC,/api/v1/category_rounds/6052/results,speed_staggered,IFSC: Qualification,4,,,,,,,815,A,/api/v1/routes/815/startlist,
/api/v1/events/1177/result/10,1177,full_results_url,"IFSC Youth - World Championships (B,S,L) - Voronezh (RUS) 2020 - CANCELLED",SPEED Juniors Male,registration_pending,2025-10-02 07:18:34 UTC,NA,,6052,speed,Qualification,Juniors Male,pending,2020-02-21 11:17:00 UTC,/api/v1/category_rounds/6052/results,speed_staggered,IFSC: Qualification,4,,,,,,,816,B,/api/v1/routes/816/startlist,
/api/v1/events/1177/result/14,1177,full_results_url,"IFSC Youth - World Championships (B,S,L) - Voronezh (RUS) 2020 - CANCELLED",SPEED Youth A Male,registration_pending,2025-10-02 07:18:34 UTC,NA,,6053,speed,Qualification,Youth A Male,pending,2020-02-21 11:17:00 UTC,/api/v1/category_rounds/6053/results,speed_staggered,IFSC: Qualification,4,,,,,,,817,A,/api/v1/routes/817/startlist,
/api/v1/events/1177/result/14,1177,full_results_url,"IFSC Youth - World Championships (B,S,L) - Voronezh (RUS) 2020 - CANCELLED",SPEED Youth A Male,registration_pending,2025-10-02 07:18:34 UTC,NA,,6053,speed,Qualification,Youth A Male,pending,2020-02-21 11:17:00 UTC,/api/v1/category_rounds/6053/results,speed_staggered,IFSC: Qualification,4,,,,,,,818,B,/api/v1/routes/818/startlist,
/api/v1/events/1177/result/18,1177,full_results_url,"IFSC Youth - World Championships (B,S,L) - Voronezh (RUS) 2020 - CANCELLED",SPEED Youth B Male,registration_pending,2025-10-02 07:18:34 UTC,NA,,6054,speed,Qualification,Youth B Male,pending,2020-02-21 11:17:00 UTC,/api/v1/category_rounds/6054/results,speed_staggered,IFSC: Qualification,4,,,,,,,819,A,/api/v1/routes/819/startlist,
/api/v1/events/1177/result/18,1177,full_results_url,"IFSC Youth - World Championships (B,S,L) - Voronezh (RUS) 2020 - CANCELLED",SPEED Youth B Male,registration_pending,2025-10-02 07:18:34 UTC,NA,,6054,speed,Qualification,Youth B Male,pending,2020-02-21 11:17:00 UTC,/api/v1/category_rounds/6054/results,speed_staggered,IFSC: Qualification,4,,,,,,,820,B,/api/v1/routes/820/startlist,
/api/v1/events/1177/result/26,1177,full_results_url,"IFSC Youth - World Championships (B,S,L) - Voronezh (RUS) 2020 - CANCELLED",SPEED Juniors Female,registration_pending,2025-10-02 07:18:34 UTC,NA,,6055,speed,Qualification,Juniors Female,pending,2020-02-21 11:17:00 UTC,/api/v1/category_rounds/6055/results,speed_staggered,IFSC: Qualification,4,,,,,,,821,A,/api/v1/routes/821/startlist,
/api/v1/events/1177/result/26,1177,full_results_url,"IFSC Youth - World Championships (B,S,L) - Voronezh (RUS) 2020 - CANCELLED",SPEED Juniors Female,registration_pending,2025-10-02 07:18:34 UTC,NA,,6055,speed,Qualification,Juniors Female,pending,2020-02-21 11:17:00 UTC,/api/v1/category_rounds/6055/results,speed_staggered,IFSC: Qualification,4,,,,,,,822,B,/api/v1/routes/822/startlist,
/api/v1/events/1177/result/30,1177,full_results_url,"IFSC Youth - World Championships (B,S,L) - Voronezh (RUS) 2020 - CANCELLED",SPEED Youth A Female,registration_pending,2025-10-02 07:18:34 UTC,NA,,6056,speed,Qualification,Youth A Female,pending,2020-02-21 11:17:00 UTC,/api/v1/category_rounds/6056/results,speed_staggered,IFSC: Qualification,4,,,,,,,823,A,/api/v1/routes/823/startlist,
/api/v1/events/1177/result/30,1177,full_results_url,"IFSC Youth - World Championships (B,S,L) - Voronezh (RUS) 2020 - CANCELLED",SPEED Youth A Female,registration_pending,2025-10-02 07:18:34 UTC,NA,,6056,speed,Qualification,Youth A Female,pending,2020-02-21 11:17:00 UTC,/api/v1/category_rounds/6056/results,speed_staggered,IFSC: Qualification,4,,,,,,,824,B,/api/v1/routes/824/startlist,
/api/v1/events/1177/result/34,1177,full_results_url,"IFSC Youth - World Championships (B,S,L) - Voronezh (RUS) 2020 - CANCELLED",SPEED Youth B Female,registration_pending,2025-10-02 07:18:34 UTC,NA,,6057,speed,Qualification,Youth B Female,pending,2020-02-21 11:17:00 UTC,/api/v1/category_rounds/6057/results,speed_staggered,IFSC: Qualification,4,,,,,,,825,A,/api/v1/routes/825/startlist,
/api/v1/events/1177/result/34,1177,full_results_url,"IFSC Youth - World Championships (B,S,L) - Voronezh (RUS) 2020 - CANCELLED",SPEED Youth B Female,registration_pending,2025-10-02 07:18:34 UTC,NA,,6057,speed,Qualification,Youth B Female,pending,2020-02-21 11:17:00 UTC,/api/v1/category_rounds/6057/results,speed_staggered,IFSC: Qualification,4,,,,,,,826,B,/api/v1/routes/826/startlist,
/api/v1/events/1177/result/11,1177,full_results_url,"IFSC Youth - World Championships (B,S,L) - Voronezh (RUS) 2020 - CANCELLED",BOULDER Juniors Male,registration_pending,2025-10-02 07:18:34 UTC,NA,,6058,boulder,Qualification,Juniors Male,pending,2020-02-21 11:17:03 UTC,/api/v1/category_rounds/6058/results,boulder_one_group_one_boulder_set,IFSC: 1 group,4,,,,,,,827,1,/api/v1/routes/827/startlist,
/api/v1/events/1177/result/11,1177,full_results_url,"IFSC Youth - World Championships (B,S,L) - Voronezh (RUS) 2020 - CANCELLED",BOULDER Juniors Male,registration_pending,2025-10-02 07:18:34 UTC,NA,,6058,boulder,Qualification,Juniors Male,pending,2020-02-21 11:17:03 UTC,/api/v1/category_rounds/6058/results,boulder_one_group_one_boulder_set,IFSC: 1 group,4,,,,,,,828,2,/api/v1/routes/828/startlist,
/api/v1/events/1177/result/11,1177,full_results_url,"IFSC Youth - World Championships (B,S,L) - Voronezh (RUS) 2020 - CANCELLED",BOULDER Juniors Male,registration_pending,2025-10-02 07:18:34 UTC,NA,,6058,boulder,Qualification,Juniors Male,pending,2020-02-21 11:17:03 UTC,/api/v1/category_rounds/6058/results,boulder_one_group_one_boulder_set,IFSC: 1 group,4,,,,,,,829,3,/api/v1/routes/829/startlist,
/api/v1/events/1177/result/11,1177,full_results_url,"IFSC Youth - World Championships (B,S,L) - Voronezh (RUS) 2020 - CANCELLED",BOULDER Juniors Male,registration_pending,2025-10-02 07:18:34 UTC,NA,,6058,boulder,Qualification,Juniors Male,pending,2020-02-21 11:17:03 UTC,/api/v1/category_rounds/6058/results,boulder_one_group_one_boulder_set,IFSC: 1 group,4,,,,,,,830,4,/api/v1/routes/830/startlist,
/api/v1/events/1177/result/11,1177,full_results_url,"IFSC Youth - World Championships (B,S,L) - Voronezh (RUS) 2020 - CANCELLED",BOULDER Juniors Male,registration_pending,2025-10-02 07:18:34 UTC,NA,,6058,boulder,Qualification,Juniors Male,pending,2020-02-21 11:17:03 UTC,/api/v1/category_rounds/6058/results,boulder_one_group_one_boulder_set,IFSC: 1 group,4,,,,,,,831,5,/api/v1/routes/831/startlist,
/api/v1/events/1177/result/15,1177,full_results_url,"IFSC Youth - World Championships (B,S,L) - Voronezh (RUS) 2020 - CANCELLED",BOULDER Youth A Male,registration_pending,2025-10-02 07:18:34 UTC,NA,,6059,boulder,Qualification,Youth A Male,pending,2020-02-21 11:17:03 UTC,/api/v1/category_rounds/6059/results,boulder_one_group_one_boulder_set,IFSC: 1 group,4,,,,,,,832,1,/api/v1/routes/832/startlist,
/api/v1/events/1177/result/15,1177,full_results_url,"IFSC Youth - World Championships (B,S,L) - Voronezh (RUS) 2020 - CANCELLED",BOULDER Youth A Male,registration_pending,2025-10-02 07:18:34 UTC,NA,,6059,boulder,Qualification,Youth A Male,pending,2020-02-21 11:17:03 UTC,/api/v1/category_rounds/6059/results,boulder_one_group_one_boulder_set,IFSC: 1 group,4,,,,,,,833,2,/api/v1/routes/833/startlist,
/api/v1/events/1177/result/15,1177,full_results_url,"IFSC Youth - World Championships (B,S,L) - Voronezh (RUS) 2020 - CANCELLED",BOULDER Youth A Male,registration_pending,2025-10-02 07:18:34 UTC,NA,,6059,boulder,Qualification,Youth A Male,pending,2020-02-21 11:17:03 UTC,/api/v1/category_rounds/6059/results,boulder_one_group_one_boulder_set,IFSC: 1 group,4,,,,,,,834,3,/api/v1/routes/834/startlist,
/api/v1/events/1177/result/15,1177,full_results_url,"IFSC Youth - World Championships (B,S,L) - Voronezh (RUS) 2020 - CANCELLED",BOULDER Youth A Male,registration_pending,2025-10-02 07:18:34 UTC,NA,,6059,boulder,Qualification,Youth A Male,pending,2020-02-21 11:17:03 UTC,/api/v1/category_rounds/6059/results,boulder_one_group_one_boulder_set,IFSC: 1 group,4,,,,,,,835,4,/api/v1/routes/835/startlist,
/api/v1/events/1177/result/15,1177,full_results_url,"IFSC Youth - World Championships (B,S,L) - Voronezh (RUS) 2020 - CANCELLED",BOULDER Youth A Male,registration_pending,2025-10-02 07:18:34 UTC,NA,,6059,boulder,Qualification,Youth A Male,pending,2020-02-21 11:17:03 UTC,/api/v1/category_rounds/6059/results,boulder_one_group_one_boulder_set,IFSC: 1 group,4,,,,,,,836,5,/api/v1/routes/836/startlist,
/api/v1/events/1177/result/19,1177,full_results_url,"IFSC Youth - World Championships (B,S,L) - Voronezh (RUS) 2020 - CANCELLED",BOULDER Youth B Male,registration_pending,2025-10-02 07:18:34 UTC,NA,,6060,boulder,Qualification,Youth B Male,pending,2020-02-21 11:17:03 UTC,/api/v1/category_rounds/6060/results,boulder_one_group_one_boulder_set,IFSC: 1 group,4,,,,,,,837,1,/api/v1/routes/837/startlist,
/api/v1/events/1177/result/19,1177,full_results_url,"IFSC Youth - World Championships (B,S,L) - Voronezh (RUS) 2020 - CANCELLED",BOULDER Youth B Male,registration_pending,2025-10-02 07:18:34 UTC,NA,,6060,boulder,Qualification,Youth B Male,pending,2020-02-21 11:17:03 UTC,/api/v1/category_rounds/6060/results,boulder_one_group_one_boulder_set,IFSC: 1 group,4,,,,,,,838,2,/api/v1/routes/838/startlist,
/api/v1/events/1177/result/19,1177,full_results_url,"IFSC Youth - World Championships (B,S,L) - Voronezh (RUS) 2020 - CANCELLED",BOULDER Youth B Male,registration_pending,2025-10-02 07:18:34 UTC,NA,,6060,boulder,Qualification,Youth B Male,pending,2020-02-21 11:17:03 UTC,/api/v1/category_rounds/6060/results,boulder_one_group_one_boulder_set,IFSC: 1 group,4,,,,,,,839,3,/api/v1/routes/839/startlist,
/api/v1/events/1177/result/19,1177,full_results_url,"IFSC Youth - World Championships (B,S,L) - Voronezh (RUS) 2020 - CANCELLED",BOULDER Youth B Male,registration_pending,2025-10-02 07:18:34 UTC,NA,,6060,boulder,Qualification,Youth B Male,pending,2020-02-21 11:17:03 UTC,/api/v1/category_rounds/6060/results,boulder_one_group_one_boulder_set,IFSC: 1 group,4,,,,,,,840,4,/api/v1/routes/840/startlist,
/api/v1/events/1177/result/19,1177,full_results_url,"IFSC Youth - World Championships (B,S,L) - Voronezh (RUS) 2020 - CANCELLED",BOULDER Youth B Male,registration_pending,2025-10-02 07:18:34 UTC,NA,,6060,boulder,Qualification,Youth B Male,pending,2020-02-21 11:17:03 UTC,/api/v1/category_rounds/6060/results,boulder_one_group_one_boulder_set,IFSC: 1 group,4,,,,,,,841,5,/api/v1/routes/841/startlist,
/api/v1/events/1177/result/27,1177,full_results_url,"IFSC Youth - World Championships (B,S,L) - Voronezh (RUS) 2020 - CANCELLED",BOULDER Juniors Female,registration_pending,2025-10-02 07:18:34 UTC,NA,,6061,boulder,Qualification,Juniors Female,pending,2020-02-21 11:17:03 UTC,/api/v1/category_rounds/6061/results,boulder_one_group_one_boulder_set,IFSC: 1 group,4,,,,,,,842,1,/api/v1/routes/842/startlist,
/api/v1/events/1177/result/27,1177,full_results_url,"IFSC Youth - World Championships (B,S,L) - Voronezh (RUS) 2020 - CANCELLED",BOULDER Juniors Female,registration_pending,2025-10-02 07:18:34 UTC,NA,,6061,boulder,Qualification,Juniors Female,pending,2020-02-21 11:17:03 UTC,/api/v1/category_rounds/6061/results,boulder_one_group_one_boulder_set,IFSC: 1 group,4,,,,,,,843,2,/api/v1/routes/843/startlist,
/api/v1/events/1177/result/27,1177,full_results_url,"IFSC Youth - World Championships (B,S,L) - Voronezh (RUS) 2020 - CANCELLED",BOULDER Juniors Female,registration_pending,2025-10-02 07:18:34 UTC,NA,,6061,boulder,Qualification,Juniors Female,pending,2020-02-21 11:17:03 UTC,/api/v1/category_rounds/6061/results,boulder_one_group_one_boulder_set,IFSC: 1 group,4,,,,,,,844,3,/api/v1/routes/844/startlist,
/api/v1/events/1177/result/27,1177,full_results_url,"IFSC Youth - World Championships (B,S,L) - Voronezh (RUS) 2020 - CANCELLED",BOULDER Juniors Female,registration_pending,2025-10-02 07:18:34 UTC,NA,,6061,boulder,Qualification,Juniors Female,pending,2020-02-21 11:17:03 UTC,/api/v1/category_rounds/6061/results,boulder_one_group_one_boulder_set,IFSC: 1 group,4,,,,,,,845,4,/api/v1/routes/845/startlist,
/api/v1/events/1177/result/27,1177,full_results_url,"IFSC Youth - World Championships (B,S,L) - Voronezh (RUS) 2020 - CANCELLED",BOULDER Juniors Female,registration_pending,2025-10-02 07:18:34 UTC,NA,,6061,boulder,Qualification,Juniors Female,pending,2020-02-21 11:17:03 UTC,/api/v1/category_rounds/6061/results,boulder_one_group_one_boulder_set,IFSC: 1 group,4,,,,,,,846,5,/api/v1/routes/846/startlist,
/api/v1/events/1177/result/31,1177,full_results_url,"IFSC Youth - World Championships (B,S,L) - Voronezh (RUS) 2020 - CANCELLED",BOULDER Youth A Female,registration_pending,2025-10-02 07:18:34 UTC,NA,,6062,boulder,Qualification,Youth A Female,pending,2020-02-21 11:17:03 UTC,/api/v1/category_rounds/6062/results,boulder_one_group_one_boulder_set,IFSC: 1 group,4,,,,,,,847,1,/api/v1/routes/847/startlist,
/api/v1/events/1177/result/31,1177,full_results_url,"IFSC Youth - World Championships (B,S,L) - Voronezh (RUS) 2020 - CANCELLED",BOULDER Youth A Female,registration_pending,2025-10-02 07:18:34 UTC,NA,,6062,boulder,Qualification,Youth A Female,pending,2020-02-21 11:17:03 UTC,/api/v1/category_rounds/6062/results,boulder_one_group_one_boulder_set,IFSC: 1 group,4,,,,,,,848,2,/api/v1/routes/848/startlist,
/api/v1/events/1177/result/31,1177,full_results_url,"IFSC Youth - World Championships (B,S,L) - Voronezh (RUS) 2020 - CANCELLED",BOULDER Youth A Female,registration_pending,2025-10-02 07:18:34 UTC,NA,,6062,boulder,Qualification,Youth A Female,pending,2020-02-21 11:17:03 UTC,/api/v1/category_rounds/6062/results,boulder_one_group_one_boulder_set,IFSC: 1 group,4,,,,,,,849,3,/api/v1/routes/849/startlist,
/api/v1/events/1177/result/31,1177,full_results_url,"IFSC Youth - World Championships (B,S,L) - Voronezh (RUS) 2020 - CANCELLED",BOULDER Youth A Female,registration_pending,2025-10-02 07:18:34 UTC,NA,,6062,boulder,Qualification,Youth A Female,pending,2020-02-21 11:17:03 UTC,/api/v1/category_rounds/6062/results,boulder_one_group_one_boulder_set,IFSC: 1 group,4,,,,,,,850,4,/api/v1/routes/850/startlist,
/api/v1/events/1177/result/31,1177,full_results_url,"IFSC Youth - World Championships (B,S,L) - Voronezh (RUS) 2020 - CANCELLED",BOULDER Youth A Female,registration_pending,2025-10-02 07:18:34 UTC,NA,,6062,boulder,Qualification,Youth A Female,pending,2020-02-21 11:17:03 UTC,/api/v1/category_rounds/6062/results,boulder_one_group_one_boulder_set,IFSC: 1 group,4,,,,,,,851,5,/api/v1/routes/851/startlist,
/api/v1/events/1177/result/35,1177,full_results_url,"IFSC Youth - World Championships (B,S,L) - Voronezh (RUS) 2020 - CANCELLED",BOULDER Youth B Female,registration_pending,2025-10-02 07:18:34 UTC,NA,,6063,boulder,Qualification,Youth B Female,pending,2020-02-21 11:17:03 UTC,/api/v1/category_rounds/6063/results,boulder_one_group_one_boulder_set,IFSC: 1 group,4,,,,,,,852,1,/api/v1/routes/852/startlist,
/api/v1/events/1177/result/35,1177,full_results_url,"IFSC Youth - World Championships (B,S,L) - Voronezh (RUS) 2020 - CANCELLED",BOULDER Youth B Female,registration_pending,2025-10-02 07:18:34 UTC,NA,,6063,boulder,Qualification,Youth B Female,pending,2020-02-21 11:17:03 UTC,/api/v1/category_rounds/6063/results,boulder_one_group_one_boulder_set,IFSC: 1 group,4,,,,,,,853,2,/api/v1/routes/853/startlist,
/api/v1/events/1177/result/35,1177,full_results_url,"IFSC Youth - World Championships (B,S,L) - Voronezh (RUS) 2020 - CANCELLED",BOULDER Youth B Female,registration_pending,2025-10-02 07:18:34 UTC,NA,,6063,boulder,Qualification,Youth B Female,pending,2020-02-21 11:17:03 UTC,/api/v1/category_rounds/6063/results,boulder_one_group_one_boulder_set,IFSC: 1 group,4,,,,,,,854,3,/api/v1/routes/854/startlist,
/api/v1/events/1177/result/35,1177,full_results_url,"IFSC Youth - World Championships (B,S,L) - Voronezh (RUS) 2020 - CANCELLED",BOULDER Youth B Female,registration_pending,2025-10-02 07:18:34 UTC,NA,,6063,boulder,Qualification,Youth B Female,pending,2020-02-21 11:17:03 UTC,/api/v1/category_rounds/6063/results,boulder_one_group_one_boulder_set,IFSC: 1 group,4,,,,,,,855,4,/api/v1/routes/855/startlist,
/api/v1/events/1177/result/35,1177,full_results_url,"IFSC Youth - World Championships (B,S,L) - Voronezh (RUS) 2020 - CANCELLED",BOULDER Youth B Female,registration_pending,2025-10-02 07:18:34 UTC,NA,,6063,boulder,Qualification,Youth B Female,pending,2020-02-21 11:17:03 UTC,/api/v1/category_rounds/6063/results,boulder_one_group_one_boulder_set,IFSC: 1 group,4,,,,,,,856,5,/api/v1/routes/856/startlist,
/api/v1/events/1181/result/233,1181,full_results_url,IFSC Europe - Continental Youth Cup (L) - Augsburg (GER) 2020,LEAD Juniors Male,finished,2025-10-02 07:18:34 UTC,2026-04-22 09:14:55 UTC,,6112,lead,Qualification,Juniors Male,finished,2020-09-18 12:01:53 UTC,/api/v1/category_rounds/6112/results,lead_one_group_two_routes,IFSC: 2 routes,19,,,,,,,1031,1,/api/v1/routes/1031/startlist,/api/v1/routes/1031/results
/api/v1/events/1181/result/233,1181,full_results_url,IFSC Europe - Continental Youth Cup (L) - Augsburg (GER) 2020,LEAD Juniors Male,finished,2025-10-02 07:18:34 UTC,2026-04-22 09:14:55 UTC,,6112,lead,Qualification,Juniors Male,finished,2020-09-18 12:01:53 UTC,/api/v1/category_rounds/6112/results,lead_one_group_two_routes,IFSC: 2 routes,19,,,,,,,1032,2,/api/v1/routes/1032/startlist,/api/v1/routes/1032/results
/api/v1/events/1181/result/233,1181,full_results_url,IFSC Europe - Continental Youth Cup (L) - Augsburg (GER) 2020,LEAD Juniors Male,finished,2025-10-02 07:18:34 UTC,2026-04-22 09:14:55 UTC,,6206,lead,Final,Juniors Male,finished,2020-09-18 16:06:24 UTC,/api/v1/category_rounds/6206/results,lead_one_group_one_route,IFSC: 1 route,21,,,,,,,1345,1,/api/v1/routes/1345/startlist,/api/v1/routes/1345/results
/api/v1/events/1181/result/237,1181,full_results_url,IFSC Europe - Continental Youth Cup (L) - Augsburg (GER) 2020,LEAD Youth A Male,finished,2025-10-02 07:18:34 UTC,2026-04-22 09:14:59 UTC,,6113,lead,Qualification,Youth A Male,finished,2020-09-18 10:16:44 UTC,/api/v1/category_rounds/6113/results,lead_one_group_two_routes,IFSC: 2 routes,19,,,,,,,1033,1,/api/v1/routes/1033/startlist,/api/v1/routes/1033/results
/api/v1/events/1181/result/237,1181,full_results_url,IFSC Europe - Continental Youth Cup (L) - Augsburg (GER) 2020,LEAD Youth A Male,finished,2025-10-02 07:18:34 UTC,2026-04-22 09:14:59 UTC,,6113,lead,Qualification,Youth A Male,finished,2020-09-18 10:16:44 UTC,/api/v1/category_rounds/6113/results,lead_one_group_two_routes,IFSC: 2 routes,19,,,,,,,1034,2,/api/v1/routes/1034/startlist,/api/v1/routes/1034/results
/api/v1/events/1181/result/237,1181,full_results_url,IFSC Europe - Continental Youth Cup (L) - Augsburg (GER) 2020,LEAD Youth A Male,finished,2025-10-02 07:18:34 UTC,2026-04-22 09:14:59 UTC,,6207,lead,Final,Youth A Male,finished,2020-09-18 15:24:14 UTC,/api/v1/category_rounds/6207/results,lead_one_group_one_route,IFSC: 1 route,21,,,,,,,1346,1,/api/v1/routes/1346/startlist,/api/v1/routes/1346/results
/api/v1/events/1181/result/241,1181,full_results_url,IFSC Europe - Continental Youth Cup (L) - Augsburg (GER) 2020,LEAD Youth B Male,finished,2025-10-02 07:18:34 UTC,2026-04-23 12:20:22 UTC,,6114,lead,Qualification,Youth B Male,finished,2020-09-17 10:27:15 UTC,/api/v1/category_rounds/6114/results,lead_one_group_two_routes,IFSC: 2 routes,19,,,,,,,1035,1,/api/v1/routes/1035/startlist,/api/v1/routes/1035/results
/api/v1/events/1181/result/241,1181,full_results_url,IFSC Europe - Continental Youth Cup (L) - Augsburg (GER) 2020,LEAD Youth B Male,finished,2025-10-02 07:18:34 UTC,2026-04-23 12:20:22 UTC,,6114,lead,Qualification,Youth B Male,finished,2020-09-17 10:27:15 UTC,/api/v1/category_rounds/6114/results,lead_one_group_two_routes,IFSC: 2 routes,19,,,,,,,1036,2,/api/v1/routes/1036/startlist,/api/v1/routes/1036/results
/api/v1/events/1181/result/241,1181,full_results_url,IFSC Europe - Continental Youth Cup (L) - Augsburg (GER) 2020,LEAD Youth B Male,finished,2025-10-02 07:18:34 UTC,2026-04-23 12:20:22 UTC,,6208,lead,Final,Youth B Male,finished,2020-09-17 14:11:17 UTC,/api/v1/category_rounds/6208/results,lead_one_group_one_route,IFSC: 1 route,21,,,,,,,1347,1,/api/v1/routes/1347/startlist,/api/v1/routes/1347/results
/api/v1/events/1181/result/249,1181,full_results_url,IFSC Europe - Continental Youth Cup (L) - Augsburg (GER) 2020,LEAD Juniors Female,finished,2025-10-02 07:18:34 UTC,2026-04-22 09:15:05 UTC,,6115,lead,Qualification,Juniors Female,finished,2020-09-17 11:10:43 UTC,/api/v1/category_rounds/6115/results,lead_one_group_two_routes,IFSC: 2 routes,19,,,,,,,1037,1,/api/v1/routes/1037/startlist,/api/v1/routes/1037/results
/api/v1/events/1181/result/249,1181,full_results_url,IFSC Europe - Continental Youth Cup (L) - Augsburg (GER) 2020,LEAD Juniors Female,finished,2025-10-02 07:18:34 UTC,2026-04-22 09:15:05 UTC,,6115,lead,Qualification,Juniors Female,finished,2020-09-17 11:10:43 UTC,/api/v1/category_rounds/6115/results,lead_one_group_two_routes,IFSC: 2 routes,19,,,,,,,1038,2,/api/v1/routes/1038/startlist,/api/v1/routes/1038/results
/api/v1/events/1181/result/249,1181,full_results_url,IFSC Europe - Continental Youth Cup (L) - Augsburg (GER) 2020,LEAD Juniors Female,finished,2025-10-02 07:18:34 UTC,2026-04-22 09:15:05 UTC,,6209,lead,Final,Juniors Female,finished,2020-09-17 16:24:41 UTC,/api/v1/category_rounds/6209/results,lead_one_group_one_route,IFSC: 1 route,21,,,,,,,1348,1,/api/v1/routes/1348/startlist,/api/v1/routes/1348/results
/api/v1/events/1181/result/253,1181,full_results_url,IFSC Europe - Continental Youth Cup (L) - Augsburg (GER) 2020,LEAD Youth A Female,finished,2025-10-02 07:18:34 UTC,2026-04-22 09:15:09 UTC,,6116,lead,Qualification,Youth A Female,finished,2020-09-17 10:22:34 UTC,/api/v1/category_rounds/6116/results,lead_one_group_two_routes,IFSC: 2 routes,19,,,,,,,1039,1,/api/v1/routes/1039/startlist,/api/v1/routes/1039/results
/api/v1/events/1181/result/253,1181,full_results_url,IFSC Europe - Continental Youth Cup (L) - Augsburg (GER) 2020,LEAD Youth A Female,finished,2025-10-02 07:18:34 UTC,2026-04-22 09:15:09 UTC,,6116,lead,Qualification,Youth A Female,finished,2020-09-17 10:22:34 UTC,/api/v1/category_rounds/6116/results,lead_one_group_two_routes,IFSC: 2 routes,19,,,,,,,1040,2,/api/v1/routes/1040/startlist,/api/v1/routes/1040/results
/api/v1/events/1181/result/253,1181,full_results_url,IFSC Europe - Continental Youth Cup (L) - Augsburg (GER) 2020,LEAD Youth A Female,finished,2025-10-02 07:18:34 UTC,2026-04-22 09:15:09 UTC,,6210,lead,Final,Youth A Female,finished,2020-09-17 15:27:29 UTC,/api/v1/category_rounds/6210/results,lead_one_group_one_route,IFSC: 1 route,21,,,,,,,1349,1,/api/v1/routes/1349/startlist,/api/v1/routes/1349/results
/api/v1/events/1181/result/257,1181,full_results_url,IFSC Europe - Continental Youth Cup (L) - Augsburg (GER) 2020,LEAD Youth B Female,finished,2025-10-02 07:18:34 UTC,2026-04-22 09:15:12 UTC,,6117,lead,Qualification,Youth B Female,finished,2020-09-18 10:20:18 UTC,/api/v1/category_rounds/6117/results,lead_one_group_two_routes,IFSC: 2 routes,19,,,,,,,1041,1,/api/v1/routes/1041/startlist,/api/v1/routes/1041/results
/api/v1/events/1181/result/257,1181,full_results_url,IFSC Europe - Continental Youth Cup (L) - Augsburg (GER) 2020,LEAD Youth B Female,finished,2025-10-02 07:18:34 UTC,2026-04-22 09:15:12 UTC,,6117,lead,Qualification,Youth B Female,finished,2020-09-18 10:20:18 UTC,/api/v1/category_rounds/6117/results,lead_one_group_two_routes,IFSC: 2 routes,19,,,,,,,1042,2,/api/v1/routes/1042/startlist,/api/v1/routes/1042/results
/api/v1/events/1181/result/257,1181,full_results_url,IFSC Europe - Continental Youth Cup (L) - Augsburg (GER) 2020,LEAD Youth B Female,finished,2025-10-02 07:18:34 UTC,2026-04-22 09:15:12 UTC,,6211,lead,Final,Youth B Female,finished,2020-09-18 14:21:23 UTC,/api/v1/category_rounds/6211/results,lead_one_group_one_route,IFSC: 1 route,21,,,,,,,1350,1,/api/v1/routes/1350/startlist,/api/v1/routes/1350/results
/api/v1/events/87/result/233,87,full_results_url,"IFSC Europe - Continental Youth Championships (B,L,S) - Perm (RUS) 2020 - POSTPONED",LEAD Juniors Male,registration_pending,2025-10-02 07:18:06 UTC,NA,,573,lead,Qualification,Juniors Male,pending,2020-02-14 15:59:20 UTC,/api/v1/category_rounds/573/results,lead_one_group_two_routes,IFSC: 2 routes,19,,,,,,,543,1,/api/v1/routes/543/startlist,/api/v1/routes/543/results
/api/v1/events/87/result/233,87,full_results_url,"IFSC Europe - Continental Youth Championships (B,L,S) - Perm (RUS) 2020 - POSTPONED",LEAD Juniors Male,registration_pending,2025-10-02 07:18:06 UTC,NA,,573,lead,Qualification,Juniors Male,pending,2020-02-14 15:59:20 UTC,/api/v1/category_rounds/573/results,lead_one_group_two_routes,IFSC: 2 routes,19,,,,,,,544,2,/api/v1/routes/544/startlist,/api/v1/routes/544/results
/api/v1/events/87/result/237,87,full_results_url,"IFSC Europe - Continental Youth Championships (B,L,S) - Perm (RUS) 2020 - POSTPONED",LEAD Youth A Male,registration_pending,2025-10-02 07:18:06 UTC,NA,,574,lead,Qualification,Youth A Male,pending,2020-02-14 15:59:20 UTC,/api/v1/category_rounds/574/results,lead_one_group_two_routes,IFSC: 2 routes,19,,,,,,,545,1,/api/v1/routes/545/startlist,/api/v1/routes/545/results
/api/v1/events/87/result/237,87,full_results_url,"IFSC Europe - Continental Youth Championships (B,L,S) - Perm (RUS) 2020 - POSTPONED",LEAD Youth A Male,registration_pending,2025-10-02 07:18:06 UTC,NA,,574,lead,Qualification,Youth A Male,pending,2020-02-14 15:59:20 UTC,/api/v1/category_rounds/574/results,lead_one_group_two_routes,IFSC: 2 routes,19,,,,,,,546,2,/api/v1/routes/546/startlist,/api/v1/routes/546/results
/api/v1/events/87/result/241,87,full_results_url,"IFSC Europe - Continental Youth Championships (B,L,S) - Perm (RUS) 2020 - POSTPONED",LEAD Youth B Male,registration_pending,2025-10-02 07:18:06 UTC,NA,,575,lead,Qualification,Youth B Male,pending,2020-02-14 15:59:20 UTC,/api/v1/category_rounds/575/results,lead_one_group_two_routes,IFSC: 2 routes,19,,,,,,,547,1,/api/v1/routes/547/startlist,/api/v1/routes/547/results
/api/v1/events/87/result/241,87,full_results_url,"IFSC Europe - Continental Youth Championships (B,L,S) - Perm (RUS) 2020 - POSTPONED",LEAD Youth B Male,registration_pending,2025-10-02 07:18:06 UTC,NA,,575,lead,Qualification,Youth B Male,pending,2020-02-14 15:59:20 UTC,/api/v1/category_rounds/575/results,lead_one_group_two_routes,IFSC: 2 routes,19,,,,,,,548,2,/api/v1/routes/548/startlist,/api/v1/routes/548/results
/api/v1/events/87/result/249,87,full_results_url,"IFSC Europe - Continental Youth Championships (B,L,S) - Perm (RUS) 2020 - POSTPONED",LEAD Juniors Female,registration_pending,2025-10-02 07:18:06 UTC,NA,,576,lead,Qualification,Juniors Female,pending,2020-02-14 15:59:20 UTC,/api/v1/category_rounds/576/results,lead_one_group_two_routes,IFSC: 2 routes,19,,,,,,,549,1,/api/v1/routes/549/startlist,/api/v1/routes/549/results
/api/v1/events/87/result/249,87,full_results_url,"IFSC Europe - Continental Youth Championships (B,L,S) - Perm (RUS) 2020 - POSTPONED",LEAD Juniors Female,registration_pending,2025-10-02 07:18:06 UTC,NA,,576,lead,Qualification,Juniors Female,pending,2020-02-14 15:59:20 UTC,/api/v1/category_rounds/576/results,lead_one_group_two_routes,IFSC: 2 routes,19,,,,,,,550,2,/api/v1/routes/550/startlist,/api/v1/routes/550/results
/api/v1/events/87/result/253,87,full_results_url,"IFSC Europe - Continental Youth Championships (B,L,S) - Perm (RUS) 2020 - POSTPONED",LEAD Youth A Female,registration_pending,2025-10-02 07:18:06 UTC,NA,,577,lead,Qualification,Youth A Female,pending,2020-02-14 15:59:20 UTC,/api/v1/category_rounds/577/results,lead_one_group_two_routes,IFSC: 2 routes,19,,,,,,,551,1,/api/v1/routes/551/startlist,/api/v1/routes/551/results
/api/v1/events/87/result/253,87,full_results_url,"IFSC Europe - Continental Youth Championships (B,L,S) - Perm (RUS) 2020 - POSTPONED",LEAD Youth A Female,registration_pending,2025-10-02 07:18:06 UTC,NA,,577,lead,Qualification,Youth A Female,pending,2020-02-14 15:59:20 UTC,/api/v1/category_rounds/577/results,lead_one_group_two_routes,IFSC: 2 routes,19,,,,,,,552,2,/api/v1/routes/552/startlist,/api/v1/routes/552/results
/api/v1/events/87/result/257,87,full_results_url,"IFSC Europe - Continental Youth Championships (B,L,S) - Perm (RUS) 2020 - POSTPONED",LEAD Youth B Female,registration_pending,2025-10-02 07:18:06 UTC,NA,,578,lead,Qualification,Youth B Female,pending,2020-02-14 15:59:20 UTC,/api/v1/category_rounds/578/results,lead_one_group_two_routes,IFSC: 2 routes,19,,,,,,,553,1,/api/v1/routes/553/startlist,/api/v1/routes/553/results
/api/v1/events/87/result/257,87,full_results_url,"IFSC Europe - Continental Youth Championships (B,L,S) - Perm (RUS) 2020 - POSTPONED",LEAD Youth B Female,registration_pending,2025-10-02 07:18:06 UTC,NA,,578,lead,Qualification,Youth B Female,pending,2020-02-14 15:59:20 UTC,/api/v1/category_rounds/578/results,lead_one_group_two_routes,IFSC: 2 routes,19,,,,,,,554,2,/api/v1/routes/554/startlist,/api/v1/routes/554/results
/api/v1/events/87/result/234,87,full_results_url,"IFSC Europe - Continental Youth Championships (B,L,S) - Perm (RUS) 2020 - POSTPONED",SPEED Juniors Male,registration_pending,2025-10-02 07:18:06 UTC,NA,,579,speed,Qualification,Juniors Male,pending,2020-02-14 15:59:20 UTC,/api/v1/category_rounds/579/results,speed_staggered,IFSC: Qualification,19,,,,,,,555,A,/api/v1/routes/555/startlist,
/api/v1/events/87/result/234,87,full_results_url,"IFSC Europe - Continental Youth Championships (B,L,S) - Perm (RUS) 2020 - POSTPONED",SPEED Juniors Male,registration_pending,2025-10-02 07:18:06 UTC,NA,,579,speed,Qualification,Juniors Male,pending,2020-02-14 15:59:20 UTC,/api/v1/category_rounds/579/results,speed_staggered,IFSC: Qualification,19,,,,,,,556,B,/api/v1/routes/556/startlist,
/api/v1/events/87/result/238,87,full_results_url,"IFSC Europe - Continental Youth Championships (B,L,S) - Perm (RUS) 2020 - POSTPONED",SPEED Youth A Male,registration_pending,2025-10-02 07:18:06 UTC,NA,,580,speed,Qualification,Youth A Male,pending,2020-02-14 15:59:20 UTC,/api/v1/category_rounds/580/results,speed_staggered,IFSC: Qualification,19,,,,,,,557,A,/api/v1/routes/557/startlist,
/api/v1/events/87/result/238,87,full_results_url,"IFSC Europe - Continental Youth Championships (B,L,S) - Perm (RUS) 2020 - POSTPONED",SPEED Youth A Male,registration_pending,2025-10-02 07:18:06 UTC,NA,,580,speed,Qualification,Youth A Male,pending,2020-02-14 15:59:20 UTC,/api/v1/category_rounds/580/results,speed_staggered,IFSC: Qualification,19,,,,,,,558,B,/api/v1/routes/558/startlist,
/api/v1/events/87/result/242,87,full_results_url,"IFSC Europe - Continental Youth Championships (B,L,S) - Perm (RUS) 2020 - POSTPONED",SPEED Youth B Male,registration_pending,2025-10-02 07:18:06 UTC,NA,,581,speed,Qualification,Youth B Male,pending,2020-02-14 15:59:20 UTC,/api/v1/category_rounds/581/results,speed_staggered,IFSC: Qualification,19,,,,,,,559,A,/api/v1/routes/559/startlist,
/api/v1/events/87/result/242,87,full_results_url,"IFSC Europe - Continental Youth Championships (B,L,S) - Perm (RUS) 2020 - POSTPONED",SPEED Youth B Male,registration_pending,2025-10-02 07:18:06 UTC,NA,,581,speed,Qualification,Youth B Male,pending,2020-02-14 15:59:20 UTC,/api/v1/category_rounds/581/results,speed_staggered,IFSC: Qualification,19,,,,,,,560,B,/api/v1/routes/560/startlist,
/api/v1/events/87/result/250,87,full_results_url,"IFSC Europe - Continental Youth Championships (B,L,S) - Perm (RUS) 2020 - POSTPONED",SPEED Juniors Female,registration_pending,2025-10-02 07:18:06 UTC,NA,,582,speed,Qualification,Juniors Female,pending,2020-02-14 15:59:20 UTC,/api/v1/category_rounds/582/results,speed_staggered,IFSC: Qualification,19,,,,,,,561,A,/api/v1/routes/561/startlist,
/api/v1/events/87/result/250,87,full_results_url,"IFSC Europe - Continental Youth Championships (B,L,S) - Perm (RUS) 2020 - POSTPONED",SPEED Juniors Female,registration_pending,2025-10-02 07:18:06 UTC,NA,,582,speed,Qualification,Juniors Female,pending,2020-02-14 15:59:20 UTC,/api/v1/category_rounds/582/results,speed_staggered,IFSC: Qualification,19,,,,,,,562,B,/api/v1/routes/562/startlist,
/api/v1/events/87/result/254,87,full_results_url,"IFSC Europe - Continental Youth Championships (B,L,S) - Perm (RUS) 2020 - POSTPONED",SPEED Youth A Female,registration_pending,2025-10-02 07:18:06 UTC,NA,,583,speed,Qualification,Youth A Female,pending,2020-02-14 15:59:20 UTC,/api/v1/category_rounds/583/results,speed_staggered,IFSC: Qualification,19,,,,,,,563,A,/api/v1/routes/563/startlist,
/api/v1/events/87/result/254,87,full_results_url,"IFSC Europe - Continental Youth Championships (B,L,S) - Perm (RUS) 2020 - POSTPONED",SPEED Youth A Female,registration_pending,2025-10-02 07:18:06 UTC,NA,,583,speed,Qualification,Youth A Female,pending,2020-02-14 15:59:20 UTC,/api/v1/category_rounds/583/results,speed_staggered,IFSC: Qualification,19,,,,,,,564,B,/api/v1/routes/564/startlist,
/api/v1/events/87/result/258,87,full_results_url,"IFSC Europe - Continental Youth Championships (B,L,S) - Perm (RUS) 2020 - POSTPONED",SPEED Youth B Female,registration_pending,2025-10-02 07:18:06 UTC,NA,,584,speed,Qualification,Youth B Female,pending,2020-02-14 15:59:20 UTC,/api/v1/category_rounds/584/results,speed_staggered,IFSC: Qualification,19,,,,,,,565,A,/api/v1/routes/565/startlist,
/api/v1/events/87/result/258,87,full_results_url,"IFSC Europe - Continental Youth Championships (B,L,S) - Perm (RUS) 2020 - POSTPONED",SPEED Youth B Female,registration_pending,2025-10-02 07:18:06 UTC,NA,,584,speed,Qualification,Youth B Female,pending,2020-02-14 15:59:20 UTC,/api/v1/category_rounds/584/results,speed_staggered,IFSC: Qualification,19,,,,,,,566,B,/api/v1/routes/566/startlist,
/api/v1/events/87/result/235,87,full_results_url,"IFSC Europe - Continental Youth Championships (B,L,S) - Perm (RUS) 2020 - POSTPONED",BOULDER Juniors Male,registration_pending,2025-10-02 07:18:06 UTC,NA,,585,boulder,Qualification,Juniors Male,pending,2020-02-14 15:59:20 UTC,/api/v1/category_rounds/585/results,boulder_one_group_one_boulder_set,IFSC: 1 group,19,,,,,,,567,1,/api/v1/routes/567/startlist,
/api/v1/events/87/result/235,87,full_results_url,"IFSC Europe - Continental Youth Championships (B,L,S) - Perm (RUS) 2020 - POSTPONED",BOULDER Juniors Male,registration_pending,2025-10-02 07:18:06 UTC,NA,,585,boulder,Qualification,Juniors Male,pending,2020-02-14 15:59:20 UTC,/api/v1/category_rounds/585/results,boulder_one_group_one_boulder_set,IFSC: 1 group,19,,,,,,,568,2,/api/v1/routes/568/startlist,
/api/v1/events/87/result/235,87,full_results_url,"IFSC Europe - Continental Youth Championships (B,L,S) - Perm (RUS) 2020 - POSTPONED",BOULDER Juniors Male,registration_pending,2025-10-02 07:18:06 UTC,NA,,585,boulder,Qualification,Juniors Male,pending,2020-02-14 15:59:20 UTC,/api/v1/category_rounds/585/results,boulder_one_group_one_boulder_set,IFSC: 1 group,19,,,,,,,569,3,/api/v1/routes/569/startlist,
/api/v1/events/87/result/235,87,full_results_url,"IFSC Europe - Continental Youth Championships (B,L,S) - Perm (RUS) 2020 - POSTPONED",BOULDER Juniors Male,registration_pending,2025-10-02 07:18:06 UTC,NA,,585,boulder,Qualification,Juniors Male,pending,2020-02-14 15:59:20 UTC,/api/v1/category_rounds/585/results,boulder_one_group_one_boulder_set,IFSC: 1 group,19,,,,,,,570,4,/api/v1/routes/570/startlist,
/api/v1/events/87/result/235,87,full_results_url,"IFSC Europe - Continental Youth Championships (B,L,S) - Perm (RUS) 2020 - POSTPONED",BOULDER Juniors Male,registration_pending,2025-10-02 07:18:06 UTC,NA,,585,boulder,Qualification,Juniors Male,pending,2020-02-14 15:59:20 UTC,/api/v1/category_rounds/585/results,boulder_one_group_one_boulder_set,IFSC: 1 group,19,,,,,,,571,5,/api/v1/routes/571/startlist,
/api/v1/events/87/result/239,87,full_results_url,"IFSC Europe - Continental Youth Championships (B,L,S) - Perm (RUS) 2020 - POSTPONED",BOULDER Youth A Male,registration_pending,2025-10-02 07:18:06 UTC,NA,,586,boulder,Qualification,Youth A Male,pending,2020-02-14 15:59:20 UTC,/api/v1/category_rounds/586/results,boulder_one_group_one_boulder_set,IFSC: 1 group,19,,,,,,,572,1,/api/v1/routes/572/startlist,
/api/v1/events/87/result/239,87,full_results_url,"IFSC Europe - Continental Youth Championships (B,L,S) - Perm (RUS) 2020 - POSTPONED",BOULDER Youth A Male,registration_pending,2025-10-02 07:18:06 UTC,NA,,586,boulder,Qualification,Youth A Male,pending,2020-02-14 15:59:20 UTC,/api/v1/category_rounds/586/results,boulder_one_group_one_boulder_set,IFSC: 1 group,19,,,,,,,573,2,/api/v1/routes/573/startlist,
/api/v1/events/87/result/239,87,full_results_url,"IFSC Europe - Continental Youth Championships (B,L,S) - Perm (RUS) 2020 - POSTPONED",BOULDER Youth A Male,registration_pending,2025-10-02 07:18:06 UTC,NA,,586,boulder,Qualification,Youth A Male,pending,2020-02-14 15:59:20 UTC,/api/v1/category_rounds/586/results,boulder_one_group_one_boulder_set,IFSC: 1 group,19,,,,,,,574,3,/api/v1/routes/574/startlist,
/api/v1/events/87/result/239,87,full_results_url,"IFSC Europe - Continental Youth Championships (B,L,S) - Perm (RUS) 2020 - POSTPONED",BOULDER Youth A Male,registration_pending,2025-10-02 07:18:06 UTC,NA,,586,boulder,Qualification,Youth A Male,pending,2020-02-14 15:59:20 UTC,/api/v1/category_rounds/586/results,boulder_one_group_one_boulder_set,IFSC: 1 group,19,,,,,,,575,4,/api/v1/routes/575/startlist,
/api/v1/events/87/result/239,87,full_results_url,"IFSC Europe - Continental Youth Championships (B,L,S) - Perm (RUS) 2020 - POSTPONED",BOULDER Youth A Male,registration_pending,2025-10-02 07:18:06 UTC,NA,,586,boulder,Qualification,Youth A Male,pending,2020-02-14 15:59:20 UTC,/api/v1/category_rounds/586/results,boulder_one_group_one_boulder_set,IFSC: 1 group,19,,,,,,,576,5,/api/v1/routes/576/startlist,
/api/v1/events/87/result/243,87,full_results_url,"IFSC Europe - Continental Youth Championships (B,L,S) - Perm (RUS) 2020 - POSTPONED",BOULDER Youth B Male,registration_pending,2025-10-02 07:18:06 UTC,NA,,587,boulder,Qualification,Youth B Male,pending,2020-02-14 15:59:20 UTC,/api/v1/category_rounds/587/results,boulder_one_group_one_boulder_set,IFSC: 1 group,19,,,,,,,577,1,/api/v1/routes/577/startlist,
/api/v1/events/87/result/243,87,full_results_url,"IFSC Europe - Continental Youth Championships (B,L,S) - Perm (RUS) 2020 - POSTPONED",BOULDER Youth B Male,registration_pending,2025-10-02 07:18:06 UTC,NA,,587,boulder,Qualification,Youth B Male,pending,2020-02-14 15:59:20 UTC,/api/v1/category_rounds/587/results,boulder_one_group_one_boulder_set,IFSC: 1 group,19,,,,,,,578,2,/api/v1/routes/578/startlist,
/api/v1/events/87/result/243,87,full_results_url,"IFSC Europe - Continental Youth Championships (B,L,S) - Perm (RUS) 2020 - POSTPONED",BOULDER Youth B Male,registration_pending,2025-10-02 07:18:06 UTC,NA,,587,boulder,Qualification,Youth B Male,pending,2020-02-14 15:59:20 UTC,/api/v1/category_rounds/587/results,boulder_one_group_one_boulder_set,IFSC: 1 group,19,,,,,,,579,3,/api/v1/routes/579/startlist,
/api/v1/events/87/result/243,87,full_results_url,"IFSC Europe - Continental Youth Championships (B,L,S) - Perm (RUS) 2020 - POSTPONED",BOULDER Youth B Male,registration_pending,2025-10-02 07:18:06 UTC,NA,,587,boulder,Qualification,Youth B Male,pending,2020-02-14 15:59:20 UTC,/api/v1/category_rounds/587/results,boulder_one_group_one_boulder_set,IFSC: 1 group,19,,,,,,,580,4,/api/v1/routes/580/startlist,
/api/v1/events/87/result/243,87,full_results_url,"IFSC Europe - Continental Youth Championships (B,L,S) - Perm (RUS) 2020 - POSTPONED",BOULDER Youth B Male,registration_pending,2025-10-02 07:18:06 UTC,NA,,587,boulder,Qualification,Youth B Male,pending,2020-02-14 15:59:20 UTC,/api/v1/category_rounds/587/results,boulder_one_group_one_boulder_set,IFSC: 1 group,19,,,,,,,581,5,/api/v1/routes/581/startlist,
/api/v1/events/87/result/251,87,full_results_url,"IFSC Europe - Continental Youth Championships (B,L,S) - Perm (RUS) 2020 - POSTPONED",BOULDER Juniors Female,registration_pending,2025-10-02 07:18:06 UTC,NA,,588,boulder,Qualification,Juniors Female,pending,2020-02-14 15:59:20 UTC,/api/v1/category_rounds/588/results,boulder_one_group_one_boulder_set,IFSC: 1 group,19,,,,,,,582,1,/api/v1/routes/582/startlist,
/api/v1/events/87/result/251,87,full_results_url,"IFSC Europe - Continental Youth Championships (B,L,S) - Perm (RUS) 2020 - POSTPONED",BOULDER Juniors Female,registration_pending,2025-10-02 07:18:06 UTC,NA,,588,boulder,Qualification,Juniors Female,pending,2020-02-14 15:59:20 UTC,/api/v1/category_rounds/588/results,boulder_one_group_one_boulder_set,IFSC: 1 group,19,,,,,,,583,2,/api/v1/routes/583/startlist,
/api/v1/events/87/result/251,87,full_results_url,"IFSC Europe - Continental Youth Championships (B,L,S) - Perm (RUS) 2020 - POSTPONED",BOULDER Juniors Female,registration_pending,2025-10-02 07:18:06 UTC,NA,,588,boulder,Qualification,Juniors Female,pending,2020-02-14 15:59:20 UTC,/api/v1/category_rounds/588/results,boulder_one_group_one_boulder_set,IFSC: 1 group,19,,,,,,,584,3,/api/v1/routes/584/startlist,
/api/v1/events/87/result/251,87,full_results_url,"IFSC Europe - Continental Youth Championships (B,L,S) - Perm (RUS) 2020 - POSTPONED",BOULDER Juniors Female,registration_pending,2025-10-02 07:18:06 UTC,NA,,588,boulder,Qualification,Juniors Female,pending,2020-02-14 15:59:20 UTC,/api/v1/category_rounds/588/results,boulder_one_group_one_boulder_set,IFSC: 1 group,19,,,,,,,585,4,/api/v1/routes/585/startlist,
/api/v1/events/87/result/251,87,full_results_url,"IFSC Europe - Continental Youth Championships (B,L,S) - Perm (RUS) 2020 - POSTPONED",BOULDER Juniors Female,registration_pending,2025-10-02 07:18:06 UTC,NA,,588,boulder,Qualification,Juniors Female,pending,2020-02-14 15:59:20 UTC,/api/v1/category_rounds/588/results,boulder_one_group_one_boulder_set,IFSC: 1 group,19,,,,,,,586,5,/api/v1/routes/586/startlist,
/api/v1/events/87/result/255,87,full_results_url,"IFSC Europe - Continental Youth Championships (B,L,S) - Perm (RUS) 2020 - POSTPONED",BOULDER Youth A Female,registration_pending,2025-10-02 07:18:06 UTC,NA,,589,boulder,Qualification,Youth A Female,pending,2020-02-14 15:59:20 UTC,/api/v1/category_rounds/589/results,boulder_one_group_one_boulder_set,IFSC: 1 group,19,,,,,,,587,1,/api/v1/routes/587/startlist,
/api/v1/events/87/result/255,87,full_results_url,"IFSC Europe - Continental Youth Championships (B,L,S) - Perm (RUS) 2020 - POSTPONED",BOULDER Youth A Female,registration_pending,2025-10-02 07:18:06 UTC,NA,,589,boulder,Qualification,Youth A Female,pending,2020-02-14 15:59:20 UTC,/api/v1/category_rounds/589/results,boulder_one_group_one_boulder_set,IFSC: 1 group,19,,,,,,,588,2,/api/v1/routes/588/startlist,
/api/v1/events/87/result/255,87,full_results_url,"IFSC Europe - Continental Youth Championships (B,L,S) - Perm (RUS) 2020 - POSTPONED",BOULDER Youth A Female,registration_pending,2025-10-02 07:18:06 UTC,NA,,589,boulder,Qualification,Youth A Female,pending,2020-02-14 15:59:20 UTC,/api/v1/category_rounds/589/results,boulder_one_group_one_boulder_set,IFSC: 1 group,19,,,,,,,589,3,/api/v1/routes/589/startlist,
/api/v1/events/87/result/255,87,full_results_url,"IFSC Europe - Continental Youth Championships (B,L,S) - Perm (RUS) 2020 - POSTPONED",BOULDER Youth A Female,registration_pending,2025-10-02 07:18:06 UTC,NA,,589,boulder,Qualification,Youth A Female,pending,2020-02-14 15:59:20 UTC,/api/v1/category_rounds/589/results,boulder_one_group_one_boulder_set,IFSC: 1 group,19,,,,,,,590,4,/api/v1/routes/590/startlist,
/api/v1/events/87/result/255,87,full_results_url,"IFSC Europe - Continental Youth Championships (B,L,S) - Perm (RUS) 2020 - POSTPONED",BOULDER Youth A Female,registration_pending,2025-10-02 07:18:06 UTC,NA,,589,boulder,Qualification,Youth A Female,pending,2020-02-14 15:59:20 UTC,/api/v1/category_rounds/589/results,boulder_one_group_one_boulder_set,IFSC: 1 group,19,,,,,,,591,5,/api/v1/routes/591/startlist,
/api/v1/events/87/result/259,87,full_results_url,"IFSC Europe - Continental Youth Championships (B,L,S) - Perm (RUS) 2020 - POSTPONED",BOULDER Youth B Female,registration_pending,2025-10-02 07:18:06 UTC,NA,,590,boulder,Qualification,Youth B Female,pending,2020-02-14 15:59:20 UTC,/api/v1/category_rounds/590/results,boulder_one_group_one_boulder_set,IFSC: 1 group,19,,,,,,,592,1,/api/v1/routes/592/startlist,
/api/v1/events/87/result/259,87,full_results_url,"IFSC Europe - Continental Youth Championships (B,L,S) - Perm (RUS) 2020 - POSTPONED",BOULDER Youth B Female,registration_pending,2025-10-02 07:18:06 UTC,NA,,590,boulder,Qualification,Youth B Female,pending,2020-02-14 15:59:20 UTC,/api/v1/category_rounds/590/results,boulder_one_group_one_boulder_set,IFSC: 1 group,19,,,,,,,593,2,/api/v1/routes/593/startlist,
/api/v1/events/87/result/259,87,full_results_url,"IFSC Europe - Continental Youth Championships (B,L,S) - Perm (RUS) 2020 - POSTPONED",BOULDER Youth B Female,registration_pending,2025-10-02 07:18:06 UTC,NA,,590,boulder,Qualification,Youth B Female,pending,2020-02-14 15:59:20 UTC,/api/v1/category_rounds/590/results,boulder_one_group_one_boulder_set,IFSC: 1 group,19,,,,,,,594,3,/api/v1/routes/594/startlist,
/api/v1/events/87/result/259,87,full_results_url,"IFSC Europe - Continental Youth Championships (B,L,S) - Perm (RUS) 2020 - POSTPONED",BOULDER Youth B Female,registration_pending,2025-10-02 07:18:06 UTC,NA,,590,boulder,Qualification,Youth B Female,pending,2020-02-14 15:59:20 UTC,/api/v1/category_rounds/590/results,boulder_one_group_one_boulder_set,IFSC: 1 group,19,,,,,,,595,4,/api/v1/routes/595/startlist,
/api/v1/events/87/result/259,87,full_results_url,"IFSC Europe - Continental Youth Championships (B,L,S) - Perm (RUS) 2020 - POSTPONED",BOULDER Youth B Female,registration_pending,2025-10-02 07:18:06 UTC,NA,,590,boulder,Qualification,Youth B Female,pending,2020-02-14 15:59:20 UTC,/api/v1/category_rounds/590/results,boulder_one_group_one_boulder_set,IFSC: 1 group,19,,,,,,,596,5,/api/v1/routes/596/startlist,
/api/v1/events/72/result/235,72,full_results_url,IFSC Europe - Continental Youth Cup (B) - Soure (POR) 2020 - CANCELLED,BOULDER Juniors Male,registration_pending,2025-10-02 07:18:06 UTC,NA,,513,boulder,Qualification,Juniors Male,pending,2020-02-14 15:59:19 UTC,/api/v1/category_rounds/513/results,boulder_one_group_one_boulder_set,IFSC: 1 group,19,,,,,,,373,1,/api/v1/routes/373/startlist,
/api/v1/events/72/result/235,72,full_results_url,IFSC Europe - Continental Youth Cup (B) - Soure (POR) 2020 - CANCELLED,BOULDER Juniors Male,registration_pending,2025-10-02 07:18:06 UTC,NA,,513,boulder,Qualification,Juniors Male,pending,2020-02-14 15:59:19 UTC,/api/v1/category_rounds/513/results,boulder_one_group_one_boulder_set,IFSC: 1 group,19,,,,,,,374,2,/api/v1/routes/374/startlist,
/api/v1/events/72/result/235,72,full_results_url,IFSC Europe - Continental Youth Cup (B) - Soure (POR) 2020 - CANCELLED,BOULDER Juniors Male,registration_pending,2025-10-02 07:18:06 UTC,NA,,513,boulder,Qualification,Juniors Male,pending,2020-02-14 15:59:19 UTC,/api/v1/category_rounds/513/results,boulder_one_group_one_boulder_set,IFSC: 1 group,19,,,,,,,375,3,/api/v1/routes/375/startlist,
/api/v1/events/72/result/235,72,full_results_url,IFSC Europe - Continental Youth Cup (B) - Soure (POR) 2020 - CANCELLED,BOULDER Juniors Male,registration_pending,2025-10-02 07:18:06 UTC,NA,,513,boulder,Qualification,Juniors Male,pending,2020-02-14 15:59:19 UTC,/api/v1/category_rounds/513/results,boulder_one_group_one_boulder_set,IFSC: 1 group,19,,,,,,,376,4,/api/v1/routes/376/startlist,
/api/v1/events/72/result/235,72,full_results_url,IFSC Europe - Continental Youth Cup (B) - Soure (POR) 2020 - CANCELLED,BOULDER Juniors Male,registration_pending,2025-10-02 07:18:06 UTC,NA,,513,boulder,Qualification,Juniors Male,pending,2020-02-14 15:59:19 UTC,/api/v1/category_rounds/513/results,boulder_one_group_one_boulder_set,IFSC: 1 group,19,,,,,,,377,5,/api/v1/routes/377/startlist,
/api/v1/events/72/result/239,72,full_results_url,IFSC Europe - Continental Youth Cup (B) - Soure (POR) 2020 - CANCELLED,BOULDER Youth A Male,registration_pending,2025-10-02 07:18:06 UTC,NA,,514,boulder,Qualification,Youth A Male,pending,2020-02-14 15:59:19 UTC,/api/v1/category_rounds/514/results,boulder_one_group_one_boulder_set,IFSC: 1 group,19,,,,,,,378,1,/api/v1/routes/378/startlist,
/api/v1/events/72/result/239,72,full_results_url,IFSC Europe - Continental Youth Cup (B) - Soure (POR) 2020 - CANCELLED,BOULDER Youth A Male,registration_pending,2025-10-02 07:18:06 UTC,NA,,514,boulder,Qualification,Youth A Male,pending,2020-02-14 15:59:19 UTC,/api/v1/category_rounds/514/results,boulder_one_group_one_boulder_set,IFSC: 1 group,19,,,,,,,379,2,/api/v1/routes/379/startlist,
/api/v1/events/72/result/239,72,full_results_url,IFSC Europe - Continental Youth Cup (B) - Soure (POR) 2020 - CANCELLED,BOULDER Youth A Male,registration_pending,2025-10-02 07:18:06 UTC,NA,,514,boulder,Qualification,Youth A Male,pending,2020-02-14 15:59:19 UTC,/api/v1/category_rounds/514/results,boulder_one_group_one_boulder_set,IFSC: 1 group,19,,,,,,,380,3,/api/v1/routes/380/startlist,
/api/v1/events/72/result/239,72,full_results_url,IFSC Europe - Continental Youth Cup (B) - Soure (POR) 2020 - CANCELLED,BOULDER Youth A Male,registration_pending,2025-10-02 07:18:06 UTC,NA,,514,boulder,Qualification,Youth A Male,pending,2020-02-14 15:59:19 UTC,/api/v1/category_rounds/514/results,boulder_one_group_one_boulder_set,IFSC: 1 group,19,,,,,,,381,4,/api/v1/routes/381/startlist,
/api/v1/events/72/result/239,72,full_results_url,IFSC Europe - Continental Youth Cup (B) - Soure (POR) 2020 - CANCELLED,BOULDER Youth A Male,registration_pending,2025-10-02 07:18:06 UTC,NA,,514,boulder,Qualification,Youth A Male,pending,2020-02-14 15:59:19 UTC,/api/v1/category_rounds/514/results,boulder_one_group_one_boulder_set,IFSC: 1 group,19,,,,,,,382,5,/api/v1/routes/382/startlist,
/api/v1/events/72/result/243,72,full_results_url,IFSC Europe - Continental Youth Cup (B) - Soure (POR) 2020 - CANCELLED,BOULDER Youth B Male,registration_pending,2025-10-02 07:18:06 UTC,NA,,515,boulder,Qualification,Youth B Male,pending,2020-02-14 15:59:19 UTC,/api/v1/category_rounds/515/results,boulder_one_group_one_boulder_set,IFSC: 1 group,19,,,,,,,383,1,/api/v1/routes/383/startlist,
/api/v1/events/72/result/243,72,full_results_url,IFSC Europe - Continental Youth Cup (B) - Soure (POR) 2020 - CANCELLED,BOULDER Youth B Male,registration_pending,2025-10-02 07:18:06 UTC,NA,,515,boulder,Qualification,Youth B Male,pending,2020-02-14 15:59:19 UTC,/api/v1/category_rounds/515/results,boulder_one_group_one_boulder_set,IFSC: 1 group,19,,,,,,,384,2,/api/v1/routes/384/startlist,
/api/v1/events/72/result/243,72,full_results_url,IFSC Europe - Continental Youth Cup (B) - Soure (POR) 2020 - CANCELLED,BOULDER Youth B Male,registration_pending,2025-10-02 07:18:06 UTC,NA,,515,boulder,Qualification,Youth B Male,pending,2020-02-14 15:59:19 UTC,/api/v1/category_rounds/515/results,boulder_one_group_one_boulder_set,IFSC: 1 group,19,,,,,,,385,3,/api/v1/routes/385/startlist,
/api/v1/events/72/result/243,72,full_results_url,IFSC Europe - Continental Youth Cup (B) - Soure (POR) 2020 - CANCELLED,BOULDER Youth B Male,registration_pending,2025-10-02 07:18:06 UTC,NA,,515,boulder,Qualification,Youth B Male,pending,2020-02-14 15:59:19 UTC,/api/v1/category_rounds/515/results,boulder_one_group_one_boulder_set,IFSC: 1 group,19,,,,,,,386,4,/api/v1/routes/386/startlist,
/api/v1/events/72/result/243,72,full_results_url,IFSC Europe - Continental Youth Cup (B) - Soure (POR) 2020 - CANCELLED,BOULDER Youth B Male,registration_pending,2025-10-02 07:18:06 UTC,NA,,515,boulder,Qualification,Youth B Male,pending,2020-02-14 15:59:19 UTC,/api/v1/category_rounds/515/results,boulder_one_group_one_boulder_set,IFSC: 1 group,19,,,,,,,387,5,/api/v1/routes/387/startlist,
/api/v1/events/72/result/251,72,full_results_url,IFSC Europe - Continental Youth Cup (B) - Soure (POR) 2020 - CANCELLED,BOULDER Juniors Female,registration_pending,2025-10-02 07:18:06 UTC,NA,,516,boulder,Qualification,Juniors Female,pending,2020-02-14 15:59:19 UTC,/api/v1/category_rounds/516/results,boulder_one_group_one_boulder_set,IFSC: 1 group,19,,,,,,,388,1,/api/v1/routes/388/startlist,
/api/v1/events/72/result/251,72,full_results_url,IFSC Europe - Continental Youth Cup (B) - Soure (POR) 2020 - CANCELLED,BOULDER Juniors Female,registration_pending,2025-10-02 07:18:06 UTC,NA,,516,boulder,Qualification,Juniors Female,pending,2020-02-14 15:59:19 UTC,/api/v1/category_rounds/516/results,boulder_one_group_one_boulder_set,IFSC: 1 group,19,,,,,,,389,2,/api/v1/routes/389/startlist,
/api/v1/events/72/result/251,72,full_results_url,IFSC Europe - Continental Youth Cup (B) - Soure (POR) 2020 - CANCELLED,BOULDER Juniors Female,registration_pending,2025-10-02 07:18:06 UTC,NA,,516,boulder,Qualification,Juniors Female,pending,2020-02-14 15:59:19 UTC,/api/v1/category_rounds/516/results,boulder_one_group_one_boulder_set,IFSC: 1 group,19,,,,,,,390,3,/api/v1/routes/390/startlist,
/api/v1/events/72/result/251,72,full_results_url,IFSC Europe - Continental Youth Cup (B) - Soure (POR) 2020 - CANCELLED,BOULDER Juniors Female,registration_pending,2025-10-02 07:18:06 UTC,NA,,516,boulder,Qualification,Juniors Female,pending,2020-02-14 15:59:19 UTC,/api/v1/category_rounds/516/results,boulder_one_group_one_boulder_set,IFSC: 1 group,19,,,,,,,391,4,/api/v1/routes/391/startlist,
/api/v1/events/72/result/251,72,full_results_url,IFSC Europe - Continental Youth Cup (B) - Soure (POR) 2020 - CANCELLED,BOULDER Juniors Female,registration_pending,2025-10-02 07:18:06 UTC,NA,,516,boulder,Qualification,Juniors Female,pending,2020-02-14 15:59:19 UTC,/api/v1/category_rounds/516/results,boulder_one_group_one_boulder_set,IFSC: 1 group,19,,,,,,,392,5,/api/v1/routes/392/startlist,
/api/v1/events/72/result/255,72,full_results_url,IFSC Europe - Continental Youth Cup (B) - Soure (POR) 2020 - CANCELLED,BOULDER Youth A Female,registration_pending,2025-10-02 07:18:06 UTC,NA,,517,boulder,Qualification,Youth A Female,pending,2020-02-14 15:59:19 UTC,/api/v1/category_rounds/517/results,boulder_one_group_one_boulder_set,IFSC: 1 group,19,,,,,,,393,1,/api/v1/routes/393/startlist,
/api/v1/events/72/result/255,72,full_results_url,IFSC Europe - Continental Youth Cup (B) - Soure (POR) 2020 - CANCELLED,BOULDER Youth A Female,registration_pending,2025-10-02 07:18:06 UTC,NA,,517,boulder,Qualification,Youth A Female,pending,2020-02-14 15:59:19 UTC,/api/v1/category_rounds/517/results,boulder_one_group_one_boulder_set,IFSC: 1 group,19,,,,,,,394,2,/api/v1/routes/394/startlist,
/api/v1/events/72/result/255,72,full_results_url,IFSC Europe - Continental Youth Cup (B) - Soure (POR) 2020 - CANCELLED,BOULDER Youth A Female,registration_pending,2025-10-02 07:18:06 UTC,NA,,517,boulder,Qualification,Youth A Female,pending,2020-02-14 15:59:19 UTC,/api/v1/category_rounds/517/results,boulder_one_group_one_boulder_set,IFSC: 1 group,19,,,,,,,395,3,/api/v1/routes/395/startlist,
/api/v1/events/72/result/255,72,full_results_url,IFSC Europe - Continental Youth Cup (B) - Soure (POR) 2020 - CANCELLED,BOULDER Youth A Female,registration_pending,2025-10-02 07:18:06 UTC,NA,,517,boulder,Qualification,Youth A Female,pending,2020-02-14 15:59:19 UTC,/api/v1/category_rounds/517/results,boulder_one_group_one_boulder_set,IFSC: 1 group,19,,,,,,,396,4,/api/v1/routes/396/startlist,
/api/v1/events/72/result/255,72,full_results_url,IFSC Europe - Continental Youth Cup (B) - Soure (POR) 2020 - CANCELLED,BOULDER Youth A Female,registration_pending,2025-10-02 07:18:06 UTC,NA,,517,boulder,Qualification,Youth A Female,pending,2020-02-14 15:59:19 UTC,/api/v1/category_rounds/517/results,boulder_one_group_one_boulder_set,IFSC: 1 group,19,,,,,,,397,5,/api/v1/routes/397/startlist,
/api/v1/events/72/result/259,72,full_results_url,IFSC Europe - Continental Youth Cup (B) - Soure (POR) 2020 - CANCELLED,BOULDER Youth B Female,registration_pending,2025-10-02 07:18:06 UTC,NA,,518,boulder,Qualification,Youth B Female,pending,2020-02-14 15:59:19 UTC,/api/v1/category_rounds/518/results,boulder_one_group_one_boulder_set,IFSC: 1 group,19,,,,,,,398,1,/api/v1/routes/398/startlist,
/api/v1/events/72/result/259,72,full_results_url,IFSC Europe - Continental Youth Cup (B) - Soure (POR) 2020 - CANCELLED,BOULDER Youth B Female,registration_pending,2025-10-02 07:18:06 UTC,NA,,518,boulder,Qualification,Youth B Female,pending,2020-02-14 15:59:19 UTC,/api/v1/category_rounds/518/results,boulder_one_group_one_boulder_set,IFSC: 1 group,19,,,,,,,399,2,/api/v1/routes/399/startlist,
/api/v1/events/72/result/259,72,full_results_url,IFSC Europe - Continental Youth Cup (B) - Soure (POR) 2020 - CANCELLED,BOULDER Youth B Female,registration_pending,2025-10-02 07:18:06 UTC,NA,,518,boulder,Qualification,Youth B Female,pending,2020-02-14 15:59:19 UTC,/api/v1/category_rounds/518/results,boulder_one_group_one_boulder_set,IFSC: 1 group,19,,,,,,,400,3,/api/v1/routes/400/startlist,
/api/v1/events/72/result/259,72,full_results_url,IFSC Europe - Continental Youth Cup (B) - Soure (POR) 2020 - CANCELLED,BOULDER Youth B Female,registration_pending,2025-10-02 07:18:06 UTC,NA,,518,boulder,Qualification,Youth B Female,pending,2020-02-14 15:59:19 UTC,/api/v1/category_rounds/518/results,boulder_one_group_one_boulder_set,IFSC: 1 group,19,,,,,,,401,4,/api/v1/routes/401/startlist,
/api/v1/events/72/result/259,72,full_results_url,IFSC Europe - Continental Youth Cup (B) - Soure (POR) 2020 - CANCELLED,BOULDER Youth B Female,registration_pending,2025-10-02 07:18:06 UTC,NA,,518,boulder,Qualification,Youth B Female,pending,2020-02-14 15:59:19 UTC,/api/v1/category_rounds/518/results,boulder_one_group_one_boulder_set,IFSC: 1 group,19,,,,,,,402,5,/api/v1/routes/402/startlist,
/api/v1/events/1200/result/234,1200,full_results_url,IFSC Europe - Continental Youth Cup (S) - Tarnow (POL),SPEED Juniors Male,finished,2025-10-02 07:18:34 UTC,2026-04-22 09:15:15 UTC,,6200,speed,Qualification,Juniors Male,finished,2020-11-14 15:24:23 UTC,/api/v1/category_rounds/6200/results,speed_staggered_tolerate_false_start,IFSC-E: Qualification (Tolerate FS),19,,,,,,,1363,A,/api/v1/routes/1363/startlist,
/api/v1/events/1200/result/234,1200,full_results_url,IFSC Europe - Continental Youth Cup (S) - Tarnow (POL),SPEED Juniors Male,finished,2025-10-02 07:18:34 UTC,2026-04-22 09:15:15 UTC,,6200,speed,Qualification,Juniors Male,finished,2020-11-14 15:24:23 UTC,/api/v1/category_rounds/6200/results,speed_staggered_tolerate_false_start,IFSC-E: Qualification (Tolerate FS),19,,,,,,,1364,B,/api/v1/routes/1364/startlist,
/api/v1/events/1200/result/234,1200,full_results_url,IFSC Europe - Continental Youth Cup (S) - Tarnow (POL),SPEED Juniors Male,finished,2025-10-02 07:18:34 UTC,2026-04-22 09:15:15 UTC,,6212,speed,Final,Juniors Male,finished,2024-01-17 07:10:11 UTC,/api/v1/category_rounds/6212/results,speed_elimination_ifsc,IFSC 2021: Elimination,21,,,,,,,1351,A,/api/v1/routes/1351/startlist,
/api/v1/events/1200/result/234,1200,full_results_url,IFSC Europe - Continental Youth Cup (S) - Tarnow (POL),SPEED Juniors Male,finished,2025-10-02 07:18:34 UTC,2026-04-22 09:15:15 UTC,,6212,speed,Final,Juniors Male,finished,2024-01-17 07:10:11 UTC,/api/v1/category_rounds/6212/results,speed_elimination_ifsc,IFSC 2021: Elimination,21,,,,,,,1352,B,/api/v1/routes/1352/startlist,
/api/v1/events/1200/result/238,1200,full_results_url,IFSC Europe - Continental Youth Cup (S) - Tarnow (POL),SPEED Youth A Male,finished,2025-10-02 07:18:34 UTC,2026-04-22 09:15:19 UTC,,6201,speed,Qualification,Youth A Male,finished,2020-11-14 15:01:18 UTC,/api/v1/category_rounds/6201/results,speed_staggered_tolerate_false_start,IFSC-E: Qualification (Tolerate FS),19,,,,,,,1365,A,/api/v1/routes/1365/startlist,
/api/v1/events/1200/result/238,1200,full_results_url,IFSC Europe - Continental Youth Cup (S) - Tarnow (POL),SPEED Youth A Male,finished,2025-10-02 07:18:34 UTC,2026-04-22 09:15:19 UTC,,6201,speed,Qualification,Youth A Male,finished,2020-11-14 15:01:18 UTC,/api/v1/category_rounds/6201/results,speed_staggered_tolerate_false_start,IFSC-E: Qualification (Tolerate FS),19,,,,,,,1366,B,/api/v1/routes/1366/startlist,
/api/v1/events/1200/result/238,1200,full_results_url,IFSC Europe - Continental Youth Cup (S) - Tarnow (POL),SPEED Youth A Male,finished,2025-10-02 07:18:34 UTC,2026-04-22 09:15:19 UTC,,6213,speed,Final,Youth A Male,finished,2024-01-17 07:10:12 UTC,/api/v1/category_rounds/6213/results,speed_elimination_ifsc,IFSC 2021: Elimination,21,,,,,,,1353,A,/api/v1/routes/1353/startlist,
/api/v1/events/1200/result/238,1200,full_results_url,IFSC Europe - Continental Youth Cup (S) - Tarnow (POL),SPEED Youth A Male,finished,2025-10-02 07:18:34 UTC,2026-04-22 09:15:19 UTC,,6213,speed,Final,Youth A Male,finished,2024-01-17 07:10:12 UTC,/api/v1/category_rounds/6213/results,speed_elimination_ifsc,IFSC 2021: Elimination,21,,,,,,,1354,B,/api/v1/routes/1354/startlist,
/api/v1/events/1200/result/242,1200,full_results_url,IFSC Europe - Continental Youth Cup (S) - Tarnow (POL),SPEED Youth B Male,finished,2025-10-02 07:18:34 UTC,2026-04-22 09:15:22 UTC,,6202,speed,Qualification,Youth B Male,finished,2020-11-14 14:40:08 UTC,/api/v1/category_rounds/6202/results,speed_staggered_tolerate_false_start,IFSC-E: Qualification (Tolerate FS),19,,,,,,,1367,A,/api/v1/routes/1367/startlist,
/api/v1/events/1200/result/242,1200,full_results_url,IFSC Europe - Continental Youth Cup (S) - Tarnow (POL),SPEED Youth B Male,finished,2025-10-02 07:18:34 UTC,2026-04-22 09:15:22 UTC,,6202,speed,Qualification,Youth B Male,finished,2020-11-14 14:40:08 UTC,/api/v1/category_rounds/6202/results,speed_staggered_tolerate_false_start,IFSC-E: Qualification (Tolerate FS),19,,,,,,,1368,B,/api/v1/routes/1368/startlist,
/api/v1/events/1200/result/242,1200,full_results_url,IFSC Europe - Continental Youth Cup (S) - Tarnow (POL),SPEED Youth B Male,finished,2025-10-02 07:18:34 UTC,2026-04-22 09:15:22 UTC,,6214,speed,Final,Youth B Male,finished,2024-01-17 07:10:12 UTC,/api/v1/category_rounds/6214/results,speed_elimination_ifsc,IFSC 2021: Elimination,21,,,,,,,1355,A,/api/v1/routes/1355/startlist,
/api/v1/events/1200/result/242,1200,full_results_url,IFSC Europe - Continental Youth Cup (S) - Tarnow (POL),SPEED Youth B Male,finished,2025-10-02 07:18:34 UTC,2026-04-22 09:15:22 UTC,,6214,speed,Final,Youth B Male,finished,2024-01-17 07:10:12 UTC,/api/v1/category_rounds/6214/results,speed_elimination_ifsc,IFSC 2021: Elimination,21,,,,,,,1356,B,/api/v1/routes/1356/startlist,
/api/v1/events/1200/result/250,1200,full_results_url,IFSC Europe - Continental Youth Cup (S) - Tarnow (POL),SPEED Juniors Female,finished,2025-10-02 07:18:34 UTC,2026-04-22 09:15:25 UTC,,6203,speed,Qualification,Juniors Female,finished,2020-11-14 15:12:02 UTC,/api/v1/category_rounds/6203/results,speed_staggered_tolerate_false_start,IFSC-E: Qualification (Tolerate FS),19,,,,,,,1369,A,/api/v1/routes/1369/startlist,
/api/v1/events/1200/result/250,1200,full_results_url,IFSC Europe - Continental Youth Cup (S) - Tarnow (POL),SPEED Juniors Female,finished,2025-10-02 07:18:34 UTC,2026-04-22 09:15:25 UTC,,6203,speed,Qualification,Juniors Female,finished,2020-11-14 15:12:02 UTC,/api/v1/category_rounds/6203/results,speed_staggered_tolerate_false_start,IFSC-E: Qualification (Tolerate FS),19,,,,,,,1370,B,/api/v1/routes/1370/startlist,
/api/v1/events/1200/result/250,1200,full_results_url,IFSC Europe - Continental Youth Cup (S) - Tarnow (POL),SPEED Juniors Female,finished,2025-10-02 07:18:34 UTC,2026-04-22 09:15:25 UTC,,6215,speed,Final,Juniors Female,finished,2024-01-17 07:10:12 UTC,/api/v1/category_rounds/6215/results,speed_elimination_ifsc,IFSC 2021: Elimination,21,,,,,,,1357,A,/api/v1/routes/1357/startlist,
/api/v1/events/1200/result/250,1200,full_results_url,IFSC Europe - Continental Youth Cup (S) - Tarnow (POL),SPEED Juniors Female,finished,2025-10-02 07:18:34 UTC,2026-04-22 09:15:25 UTC,,6215,speed,Final,Juniors Female,finished,2024-01-17 07:10:12 UTC,/api/v1/category_rounds/6215/results,speed_elimination_ifsc,IFSC 2021: Elimination,21,,,,,,,1358,B,/api/v1/routes/1358/startlist,
/api/v1/events/1200/result/254,1200,full_results_url,IFSC Europe - Continental Youth Cup (S) - Tarnow (POL),SPEED Youth A Female,finished,2025-10-02 07:18:34 UTC,2026-04-22 09:15:28 UTC,,6204,speed,Qualification,Youth A Female,finished,2020-11-14 14:50:37 UTC,/api/v1/category_rounds/6204/results,speed_staggered_tolerate_false_start,IFSC-E: Qualification (Tolerate FS),19,,,,,,,1371,A,/api/v1/routes/1371/startlist,
/api/v1/events/1200/result/254,1200,full_results_url,IFSC Europe - Continental Youth Cup (S) - Tarnow (POL),SPEED Youth A Female,finished,2025-10-02 07:18:34 UTC,2026-04-22 09:15:28 UTC,,6204,speed,Qualification,Youth A Female,finished,2020-11-14 14:50:37 UTC,/api/v1/category_rounds/6204/results,speed_staggered_tolerate_false_start,IFSC-E: Qualification (Tolerate FS),19,,,,,,,1372,B,/api/v1/routes/1372/startlist,
/api/v1/events/1200/result/254,1200,full_results_url,IFSC Europe - Continental Youth Cup (S) - Tarnow (POL),SPEED Youth A Female,finished,2025-10-02 07:18:34 UTC,2026-04-22 09:15:28 UTC,,6216,speed,Final,Youth A Female,finished,2024-01-17 07:10:13 UTC,/api/v1/category_rounds/6216/results,speed_elimination_ifsc,IFSC 2021: Elimination,21,,,,,,,1359,A,/api/v1/routes/1359/startlist,
/api/v1/events/1200/result/254,1200,full_results_url,IFSC Europe - Continental Youth Cup (S) - Tarnow (POL),SPEED Youth A Female,finished,2025-10-02 07:18:34 UTC,2026-04-22 09:15:28 UTC,,6216,speed,Final,Youth A Female,finished,2024-01-17 07:10:13 UTC,/api/v1/category_rounds/6216/results,speed_elimination_ifsc,IFSC 2021: Elimination,21,,,,,,,1360,B,/api/v1/routes/1360/startlist,
/api/v1/events/1200/result/258,1200,full_results_url,IFSC Europe - Continental Youth Cup (S) - Tarnow (POL),SPEED Youth B Female,finished,2025-10-02 07:18:34 UTC,2026-04-22 09:15:31 UTC,,6205,speed,Qualification,Youth B Female,finished,2020-11-14 14:26:24 UTC,/api/v1/category_rounds/6205/results,speed_staggered_tolerate_false_start,IFSC-E: Qualification (Tolerate FS),19,,,,,,,1373,A,/api/v1/routes/1373/startlist,
/api/v1/events/1200/result/258,1200,full_results_url,IFSC Europe - Continental Youth Cup (S) - Tarnow (POL),SPEED Youth B Female,finished,2025-10-02 07:18:34 UTC,2026-04-22 09:15:31 UTC,,6205,speed,Qualification,Youth B Female,finished,2020-11-14 14:26:24 UTC,/api/v1/category_rounds/6205/results,speed_staggered_tolerate_false_start,IFSC-E: Qualification (Tolerate FS),19,,,,,,,1374,B,/api/v1/routes/1374/startlist,
/api/v1/events/1200/result/258,1200,full_results_url,IFSC Europe - Continental Youth Cup (S) - Tarnow (POL),SPEED Youth B Female,finished,2025-10-02 07:18:34 UTC,2026-04-22 09:15:31 UTC,,6217,speed,Final,Youth B Female,finished,2024-01-17 07:10:13 UTC,/api/v1/category_rounds/6217/results,speed_elimination_ifsc,IFSC 2021: Elimination,21,,,,,,,1361,A,/api/v1/routes/1361/startlist,
/api/v1/events/1200/result/258,1200,full_results_url,IFSC Europe - Continental Youth Cup (S) - Tarnow (POL),SPEED Youth B Female,finished,2025-10-02 07:18:34 UTC,2026-04-22 09:15:31 UTC,,6217,speed,Final,Youth B Female,finished,2024-01-17 07:10:13 UTC,/api/v1/category_rounds/6217/results,speed_elimination_ifsc,IFSC 2021: Elimination,21,,,,,,,1362,B,/api/v1/routes/1362/startlist,
/api/v1/events/1166/result/1,1166,full_results_url,"IFSC Europe - Continental Championships (B,S,L,C) - Moscow (RUS) 2020",LEAD Men,finished,2025-10-02 07:18:33 UTC,2026-04-22 09:15:34 UTC,,6010,lead,Qualification,Men,finished,2020-11-24 12:49:31 UTC,/api/v1/category_rounds/6010/results,lead_one_group_two_routes,IFSC: 2 routes,1,,,,,,,597,1,/api/v1/routes/597/startlist,/api/v1/routes/597/results
/api/v1/events/1166/result/1,1166,full_results_url,"IFSC Europe - Continental Championships (B,S,L,C) - Moscow (RUS) 2020",LEAD Men,finished,2025-10-02 07:18:33 UTC,2026-04-22 09:15:34 UTC,,6010,lead,Qualification,Men,finished,2020-11-24 12:49:31 UTC,/api/v1/category_rounds/6010/results,lead_one_group_two_routes,IFSC: 2 routes,1,,,,,,,598,2,/api/v1/routes/598/startlist,/api/v1/routes/598/results
/api/v1/events/1166/result/1,1166,full_results_url,"IFSC Europe - Continental Championships (B,S,L,C) - Moscow (RUS) 2020",LEAD Men,finished,2025-10-02 07:18:33 UTC,2026-04-22 09:15:34 UTC,,6218,lead,Semi-Final,Men,finished,2020-11-25 10:15:13 UTC,/api/v1/category_rounds/6218/results,lead_one_group_one_route,IFSC: 1 route,2,,,,,,,1375,1,/api/v1/routes/1375/startlist,/api/v1/routes/1375/results
/api/v1/events/1166/result/1,1166,full_results_url,"IFSC Europe - Continental Championships (B,S,L,C) - Moscow (RUS) 2020",LEAD Men,finished,2025-10-02 07:18:33 UTC,2026-04-22 09:15:34 UTC,,6222,lead,Final,Men,finished,2020-11-25 17:49:40 UTC,/api/v1/category_rounds/6222/results,lead_one_group_one_route,IFSC: 1 route,3,,,,,,,1381,1,/api/v1/routes/1381/startlist,/api/v1/routes/1381/results
/api/v1/events/1166/result/5,1166,full_results_url,"IFSC Europe - Continental Championships (B,S,L,C) - Moscow (RUS) 2020",LEAD Women,finished,2025-10-02 07:18:33 UTC,2026-04-22 09:15:38 UTC,,6011,lead,Qualification,Women,finished,2020-11-24 12:10:08 UTC,/api/v1/category_rounds/6011/results,lead_one_group_two_routes,IFSC: 2 routes,1,,,,,,,599,1,/api/v1/routes/599/startlist,/api/v1/routes/599/results
/api/v1/events/1166/result/5,1166,full_results_url,"IFSC Europe - Continental Championships (B,S,L,C) - Moscow (RUS) 2020",LEAD Women,finished,2025-10-02 07:18:33 UTC,2026-04-22 09:15:38 UTC,,6011,lead,Qualification,Women,finished,2020-11-24 12:10:08 UTC,/api/v1/category_rounds/6011/results,lead_one_group_two_routes,IFSC: 2 routes,1,,,,,,,600,2,/api/v1/routes/600/startlist,/api/v1/routes/600/results
/api/v1/events/1166/result/5,1166,full_results_url,"IFSC Europe - Continental Championships (B,S,L,C) - Moscow (RUS) 2020",LEAD Women,finished,2025-10-02 07:18:33 UTC,2026-04-22 09:15:38 UTC,,6219,lead,Semi-Final,Women,finished,2020-11-25 10:14:50 UTC,/api/v1/category_rounds/6219/results,lead_one_group_one_route,IFSC: 1 route,2,,,,,,,1376,1,/api/v1/routes/1376/startlist,/api/v1/routes/1376/results
/api/v1/events/1166/result/5,1166,full_results_url,"IFSC Europe - Continental Championships (B,S,L,C) - Moscow (RUS) 2020",LEAD Women,finished,2025-10-02 07:18:33 UTC,2026-04-22 09:15:38 UTC,,6223,lead,Final,Women,finished,2020-11-25 16:46:14 UTC,/api/v1/category_rounds/6223/results,lead_one_group_one_route,IFSC: 1 route,3,,,,,,,1382,1,/api/v1/routes/1382/startlist,/api/v1/routes/1382/results
/api/v1/events/1166/result/2,1166,full_results_url,"IFSC Europe - Continental Championships (B,S,L,C) - Moscow (RUS) 2020",SPEED Men,finished,2025-10-02 07:18:34 UTC,2026-04-22 09:15:41 UTC,,6012,speed,Qualification,Men,finished,2020-11-21 13:22:43 UTC,/api/v1/category_rounds/6012/results,speed_staggered,IFSC: Qualification,1,,,,,,,601,A,/api/v1/routes/601/startlist,
/api/v1/events/1166/result/2,1166,full_results_url,"IFSC Europe - Continental Championships (B,S,L,C) - Moscow (RUS) 2020",SPEED Men,finished,2025-10-02 07:18:34 UTC,2026-04-22 09:15:41 UTC,,6012,speed,Qualification,Men,finished,2020-11-21 13:22:43 UTC,/api/v1/category_rounds/6012/results,speed_staggered,IFSC: Qualification,1,,,,,,,602,B,/api/v1/routes/602/startlist,
/api/v1/events/1166/result/2,1166,full_results_url,"IFSC Europe - Continental Championships (B,S,L,C) - Moscow (RUS) 2020",SPEED Men,finished,2025-10-02 07:18:34 UTC,2026-04-22 09:15:41 UTC,,6220,speed,Final,Men,finished,2024-01-16 19:41:02 UTC,/api/v1/category_rounds/6220/results,speed_elimination_ifsc,IFSC 2021: Elimination,3,,,,,,,1377,A,/api/v1/routes/1377/startlist,
/api/v1/events/1166/result/2,1166,full_results_url,"IFSC Europe - Continental Championships (B,S,L,C) - Moscow (RUS) 2020",SPEED Men,finished,2025-10-02 07:18:34 UTC,2026-04-22 09:15:41 UTC,,6220,speed,Final,Men,finished,2024-01-16 19:41:02 UTC,/api/v1/category_rounds/6220/results,speed_elimination_ifsc,IFSC 2021: Elimination,3,,,,,,,1378,B,/api/v1/routes/1378/startlist,
/api/v1/events/1166/result/6,1166,full_results_url,"IFSC Europe - Continental Championships (B,S,L,C) - Moscow (RUS) 2020",SPEED Women,finished,2025-10-02 07:18:34 UTC,2026-04-22 09:15:45 UTC,,6013,speed,Qualification,Women,finished,2020-11-21 08:58:58 UTC,/api/v1/category_rounds/6013/results,speed_staggered,IFSC: Qualification,1,,,,,,,603,A,/api/v1/routes/603/startlist,
/api/v1/events/1166/result/6,1166,full_results_url,"IFSC Europe - Continental Championships (B,S,L,C) - Moscow (RUS) 2020",SPEED Women,finished,2025-10-02 07:18:34 UTC,2026-04-22 09:15:45 UTC,,6013,speed,Qualification,Women,finished,2020-11-21 08:58:58 UTC,/api/v1/category_rounds/6013/results,speed_staggered,IFSC: Qualification,1,,,,,,,604,B,/api/v1/routes/604/startlist,
/api/v1/events/1166/result/6,1166,full_results_url,"IFSC Europe - Continental Championships (B,S,L,C) - Moscow (RUS) 2020",SPEED Women,finished,2025-10-02 07:18:34 UTC,2026-04-22 09:15:45 UTC,,6221,speed,Final,Women,finished,2024-01-15 16:23:39 UTC,/api/v1/category_rounds/6221/results,speed_elimination_ifsc,IFSC 2021: Elimination,3,,,,,,,1379,A,/api/v1/routes/1379/startlist,
/api/v1/events/1166/result/6,1166,full_results_url,"IFSC Europe - Continental Championships (B,S,L,C) - Moscow (RUS) 2020",SPEED Women,finished,2025-10-02 07:18:34 UTC,2026-04-22 09:15:45 UTC,,6221,speed,Final,Women,finished,2024-01-15 16:23:39 UTC,/api/v1/category_rounds/6221/results,speed_elimination_ifsc,IFSC 2021: Elimination,3,,,,,,,1380,B,/api/v1/routes/1380/startlist,
/api/v1/events/1166/result/3,1166,full_results_url,"IFSC Europe - Continental Championships (B,S,L,C) - Moscow (RUS) 2020",BOULDER Men,finished,2025-10-02 07:18:34 UTC,2026-04-22 09:15:48 UTC,,6014,boulder,Qualification,Men,finished,2020-11-22 17:23:21 UTC,/api/v1/category_rounds/6014/results,boulder_one_group_one_boulder_set,IFSC: 1 group,1,,,,,,,1383,1,/api/v1/routes/1383/startlist,
/api/v1/events/1166/result/3,1166,full_results_url,"IFSC Europe - Continental Championships (B,S,L,C) - Moscow (RUS) 2020",BOULDER Men,finished,2025-10-02 07:18:34 UTC,2026-04-22 09:15:48 UTC,,6014,boulder,Qualification,Men,finished,2020-11-22 17:23:21 UTC,/api/v1/category_rounds/6014/results,boulder_one_group_one_boulder_set,IFSC: 1 group,1,,,,,,,1384,2,/api/v1/routes/1384/startlist,
/api/v1/events/1166/result/3,1166,full_results_url,"IFSC Europe - Continental Championships (B,S,L,C) - Moscow (RUS) 2020",BOULDER Men,finished,2025-10-02 07:18:34 UTC,2026-04-22 09:15:48 UTC,,6014,boulder,Qualification,Men,finished,2020-11-22 17:23:21 UTC,/api/v1/category_rounds/6014/results,boulder_one_group_one_boulder_set,IFSC: 1 group,1,,,,,,,1385,3,/api/v1/routes/1385/startlist,
/api/v1/events/1166/result/3,1166,full_results_url,"IFSC Europe - Continental Championships (B,S,L,C) - Moscow (RUS) 2020",BOULDER Men,finished,2025-10-02 07:18:34 UTC,2026-04-22 09:15:48 UTC,,6014,boulder,Qualification,Men,finished,2020-11-22 17:23:21 UTC,/api/v1/category_rounds/6014/results,boulder_one_group_one_boulder_set,IFSC: 1 group,1,,,,,,,1386,4,/api/v1/routes/1386/startlist,
/api/v1/events/1166/result/3,1166,full_results_url,"IFSC Europe - Continental Championships (B,S,L,C) - Moscow (RUS) 2020",BOULDER Men,finished,2025-10-02 07:18:34 UTC,2026-04-22 09:15:48 UTC,,6014,boulder,Qualification,Men,finished,2020-11-22 17:23:21 UTC,/api/v1/category_rounds/6014/results,boulder_one_group_one_boulder_set,IFSC: 1 group,1,,,,,,,1387,5,/api/v1/routes/1387/startlist,
/api/v1/events/1166/result/3,1166,full_results_url,"IFSC Europe - Continental Championships (B,S,L,C) - Moscow (RUS) 2020",BOULDER Men,finished,2025-10-02 07:18:34 UTC,2026-04-22 09:15:48 UTC,,6224,boulder,Semi-Final,Men,finished,2020-11-23 10:18:06 UTC,/api/v1/category_rounds/6224/results,boulder_one_group_one_boulder_set,IFSC: 1 group,2,,,,,,,1393,1,/api/v1/routes/1393/startlist,
/api/v1/events/1166/result/3,1166,full_results_url,"IFSC Europe - Continental Championships (B,S,L,C) - Moscow (RUS) 2020",BOULDER Men,finished,2025-10-02 07:18:34 UTC,2026-04-22 09:15:48 UTC,,6224,boulder,Semi-Final,Men,finished,2020-11-23 10:18:06 UTC,/api/v1/category_rounds/6224/results,boulder_one_group_one_boulder_set,IFSC: 1 group,2,,,,,,,1394,2,/api/v1/routes/1394/startlist,
/api/v1/events/1166/result/3,1166,full_results_url,"IFSC Europe - Continental Championships (B,S,L,C) - Moscow (RUS) 2020",BOULDER Men,finished,2025-10-02 07:18:34 UTC,2026-04-22 09:15:48 UTC,,6224,boulder,Semi-Final,Men,finished,2020-11-23 10:18:06 UTC,/api/v1/category_rounds/6224/results,boulder_one_group_one_boulder_set,IFSC: 1 group,2,,,,,,,1395,3,/api/v1/routes/1395/startlist,
/api/v1/events/1166/result/3,1166,full_results_url,"IFSC Europe - Continental Championships (B,S,L,C) - Moscow (RUS) 2020",BOULDER Men,finished,2025-10-02 07:18:34 UTC,2026-04-22 09:15:48 UTC,,6224,boulder,Semi-Final,Men,finished,2020-11-23 10:18:06 UTC,/api/v1/category_rounds/6224/results,boulder_one_group_one_boulder_set,IFSC: 1 group,2,,,,,,,1396,4,/api/v1/routes/1396/startlist,
/api/v1/events/1166/result/3,1166,full_results_url,"IFSC Europe - Continental Championships (B,S,L,C) - Moscow (RUS) 2020",BOULDER Men,finished,2025-10-02 07:18:34 UTC,2026-04-22 09:15:48 UTC,,6226,boulder,Final,Men,finished,2020-11-23 17:14:55 UTC,/api/v1/category_rounds/6226/results,boulder_finals_one_by_one,IFSC: Finals,3,,,,,,,1401,1,/api/v1/routes/1401/startlist,
/api/v1/events/1166/result/3,1166,full_results_url,"IFSC Europe - Continental Championships (B,S,L,C) - Moscow (RUS) 2020",BOULDER Men,finished,2025-10-02 07:18:34 UTC,2026-04-22 09:15:48 UTC,,6226,boulder,Final,Men,finished,2020-11-23 17:14:55 UTC,/api/v1/category_rounds/6226/results,boulder_finals_one_by_one,IFSC: Finals,3,,,,,,,1402,2,/api/v1/routes/1402/startlist,
/api/v1/events/1166/result/3,1166,full_results_url,"IFSC Europe - Continental Championships (B,S,L,C) - Moscow (RUS) 2020",BOULDER Men,finished,2025-10-02 07:18:34 UTC,2026-04-22 09:15:48 UTC,,6226,boulder,Final,Men,finished,2020-11-23 17:14:55 UTC,/api/v1/category_rounds/6226/results,boulder_finals_one_by_one,IFSC: Finals,3,,,,,,,1403,3,/api/v1/routes/1403/startlist,
/api/v1/events/1166/result/3,1166,full_results_url,"IFSC Europe - Continental Championships (B,S,L,C) - Moscow (RUS) 2020",BOULDER Men,finished,2025-10-02 07:18:34 UTC,2026-04-22 09:15:48 UTC,,6226,boulder,Final,Men,finished,2020-11-23 17:14:55 UTC,/api/v1/category_rounds/6226/results,boulder_finals_one_by_one,IFSC: Finals,3,,,,,,,1404,4,/api/v1/routes/1404/startlist,
/api/v1/events/1166/result/7,1166,full_results_url,"IFSC Europe - Continental Championships (B,S,L,C) - Moscow (RUS) 2020",BOULDER Women,finished,2025-10-02 07:18:34 UTC,2026-04-22 09:15:52 UTC,,6015,boulder,Qualification,Women,finished,2020-11-22 09:48:56 UTC,/api/v1/category_rounds/6015/results,boulder_one_group_one_boulder_set,IFSC: 1 group,1,,,,,,,1388,1,/api/v1/routes/1388/startlist,
/api/v1/events/1166/result/7,1166,full_results_url,"IFSC Europe - Continental Championships (B,S,L,C) - Moscow (RUS) 2020",BOULDER Women,finished,2025-10-02 07:18:34 UTC,2026-04-22 09:15:52 UTC,,6015,boulder,Qualification,Women,finished,2020-11-22 09:48:56 UTC,/api/v1/category_rounds/6015/results,boulder_one_group_one_boulder_set,IFSC: 1 group,1,,,,,,,1389,2,/api/v1/routes/1389/startlist,
/api/v1/events/1166/result/7,1166,full_results_url,"IFSC Europe - Continental Championships (B,S,L,C) - Moscow (RUS) 2020",BOULDER Women,finished,2025-10-02 07:18:34 UTC,2026-04-22 09:15:52 UTC,,6015,boulder,Qualification,Women,finished,2020-11-22 09:48:56 UTC,/api/v1/category_rounds/6015/results,boulder_one_group_one_boulder_set,IFSC: 1 group,1,,,,,,,1390,3,/api/v1/routes/1390/startlist,
/api/v1/events/1166/result/7,1166,full_results_url,"IFSC Europe - Continental Championships (B,S,L,C) - Moscow (RUS) 2020",BOULDER Women,finished,2025-10-02 07:18:34 UTC,2026-04-22 09:15:52 UTC,,6015,boulder,Qualification,Women,finished,2020-11-22 09:48:56 UTC,/api/v1/category_rounds/6015/results,boulder_one_group_one_boulder_set,IFSC: 1 group,1,,,,,,,1391,4,/api/v1/routes/1391/startlist,
/api/v1/events/1166/result/7,1166,full_results_url,"IFSC Europe - Continental Championships (B,S,L,C) - Moscow (RUS) 2020",BOULDER Women,finished,2025-10-02 07:18:34 UTC,2026-04-22 09:15:52 UTC,,6015,boulder,Qualification,Women,finished,2020-11-22 09:48:56 UTC,/api/v1/category_rounds/6015/results,boulder_one_group_one_boulder_set,IFSC: 1 group,1,,,,,,,1392,5,/api/v1/routes/1392/startlist,
/api/v1/events/1166/result/7,1166,full_results_url,"IFSC Europe - Continental Championships (B,S,L,C) - Moscow (RUS) 2020",BOULDER Women,finished,2025-10-02 07:18:34 UTC,2026-04-22 09:15:52 UTC,,6225,boulder,Semi-Final,Women,finished,2020-11-26 13:10:48 UTC,/api/v1/category_rounds/6225/results,boulder_one_group_one_boulder_set,IFSC: 1 group,2,,,,,,,1397,1,/api/v1/routes/1397/startlist,
/api/v1/events/1166/result/7,1166,full_results_url,"IFSC Europe - Continental Championships (B,S,L,C) - Moscow (RUS) 2020",BOULDER Women,finished,2025-10-02 07:18:34 UTC,2026-04-22 09:15:52 UTC,,6225,boulder,Semi-Final,Women,finished,2020-11-26 13:10:48 UTC,/api/v1/category_rounds/6225/results,boulder_one_group_one_boulder_set,IFSC: 1 group,2,,,,,,,1398,2,/api/v1/routes/1398/startlist,
/api/v1/events/1166/result/7,1166,full_results_url,"IFSC Europe - Continental Championships (B,S,L,C) - Moscow (RUS) 2020",BOULDER Women,finished,2025-10-02 07:18:34 UTC,2026-04-22 09:15:52 UTC,,6225,boulder,Semi-Final,Women,finished,2020-11-26 13:10:48 UTC,/api/v1/category_rounds/6225/results,boulder_one_group_one_boulder_set,IFSC: 1 group,2,,,,,,,1399,3,/api/v1/routes/1399/startlist,
/api/v1/events/1166/result/7,1166,full_results_url,"IFSC Europe - Continental Championships (B,S,L,C) - Moscow (RUS) 2020",BOULDER Women,finished,2025-10-02 07:18:34 UTC,2026-04-22 09:15:52 UTC,,6225,boulder,Semi-Final,Women,finished,2020-11-26 13:10:48 UTC,/api/v1/category_rounds/6225/results,boulder_one_group_one_boulder_set,IFSC: 1 group,2,,,,,,,1400,4,/api/v1/routes/1400/startlist,
/api/v1/events/1166/result/7,1166,full_results_url,"IFSC Europe - Continental Championships (B,S,L,C) - Moscow (RUS) 2020",BOULDER Women,finished,2025-10-02 07:18:34 UTC,2026-04-22 09:15:52 UTC,,6227,boulder,Final,Women,finished,2020-11-26 13:13:51 UTC,/api/v1/category_rounds/6227/results,boulder_finals_one_by_one,IFSC: Finals,3,,,,,,,1405,1,/api/v1/routes/1405/startlist,
/api/v1/events/1166/result/7,1166,full_results_url,"IFSC Europe - Continental Championships (B,S,L,C) - Moscow (RUS) 2020",BOULDER Women,finished,2025-10-02 07:18:34 UTC,2026-04-22 09:15:52 UTC,,6227,boulder,Final,Women,finished,2020-11-26 13:13:51 UTC,/api/v1/category_rounds/6227/results,boulder_finals_one_by_one,IFSC: Finals,3,,,,,,,1406,2,/api/v1/routes/1406/startlist,
/api/v1/events/1166/result/7,1166,full_results_url,"IFSC Europe - Continental Championships (B,S,L,C) - Moscow (RUS) 2020",BOULDER Women,finished,2025-10-02 07:18:34 UTC,2026-04-22 09:15:52 UTC,,6227,boulder,Final,Women,finished,2020-11-26 13:13:51 UTC,/api/v1/category_rounds/6227/results,boulder_finals_one_by_one,IFSC: Finals,3,,,,,,,1407,3,/api/v1/routes/1407/startlist,
/api/v1/events/1166/result/7,1166,full_results_url,"IFSC Europe - Continental Championships (B,S,L,C) - Moscow (RUS) 2020",BOULDER Women,finished,2025-10-02 07:18:34 UTC,2026-04-22 09:15:52 UTC,,6227,boulder,Final,Women,finished,2020-11-26 13:13:51 UTC,/api/v1/category_rounds/6227/results,boulder_finals_one_by_one,IFSC: Finals,3,,,,,,,1408,4,/api/v1/routes/1408/startlist,
/api/v1/events/1166/result/4,1166,full_results_url,"IFSC Europe - Continental Championships (B,S,L,C) - Moscow (RUS) 2020",COMBINED Men,finished,2025-10-02 07:18:34 UTC,2026-04-22 09:15:56 UTC,,6232,combined,Qualification,Men,finished,2020-11-27 20:28:56 UTC,/api/v1/category_rounds/6232/results,sbl_qualification,Speed Boulder Lead Qualification,1,399.0,,speed,finished,2020-11-27 08:01:48 UTC,/api/v1/combined_stages/399/results,1435,A,/api/v1/routes/1435/startlist,
/api/v1/events/1166/result/4,1166,full_results_url,"IFSC Europe - Continental Championships (B,S,L,C) - Moscow (RUS) 2020",COMBINED Men,finished,2025-10-02 07:18:34 UTC,2026-04-22 09:15:56 UTC,,6232,combined,Qualification,Men,finished,2020-11-27 20:28:56 UTC,/api/v1/category_rounds/6232/results,sbl_qualification,Speed Boulder Lead Qualification,1,399.0,,speed,finished,2020-11-27 08:01:48 UTC,/api/v1/combined_stages/399/results,1436,B,/api/v1/routes/1436/startlist,
/api/v1/events/1166/result/4,1166,full_results_url,"IFSC Europe - Continental Championships (B,S,L,C) - Moscow (RUS) 2020",COMBINED Men,finished,2025-10-02 07:18:34 UTC,2026-04-22 09:15:56 UTC,,6232,combined,Qualification,Men,finished,2020-11-27 20:28:56 UTC,/api/v1/category_rounds/6232/results,sbl_qualification,Speed Boulder Lead Qualification,1,400.0,,boulder,finished,2020-11-27 10:42:39 UTC,/api/v1/combined_stages/400/results,1437,1,/api/v1/routes/1437/startlist,
/api/v1/events/1166/result/4,1166,full_results_url,"IFSC Europe - Continental Championships (B,S,L,C) - Moscow (RUS) 2020",COMBINED Men,finished,2025-10-02 07:18:34 UTC,2026-04-22 09:15:56 UTC,,6232,combined,Qualification,Men,finished,2020-11-27 20:28:56 UTC,/api/v1/category_rounds/6232/results,sbl_qualification,Speed Boulder Lead Qualification,1,400.0,,boulder,finished,2020-11-27 10:42:39 UTC,/api/v1/combined_stages/400/results,1438,2,/api/v1/routes/1438/startlist,
/api/v1/events/1166/result/4,1166,full_results_url,"IFSC Europe - Continental Championships (B,S,L,C) - Moscow (RUS) 2020",COMBINED Men,finished,2025-10-02 07:18:34 UTC,2026-04-22 09:15:56 UTC,,6232,combined,Qualification,Men,finished,2020-11-27 20:28:56 UTC,/api/v1/category_rounds/6232/results,sbl_qualification,Speed Boulder Lead Qualification,1,400.0,,boulder,finished,2020-11-27 10:42:39 UTC,/api/v1/combined_stages/400/results,1439,3,/api/v1/routes/1439/startlist,
/api/v1/events/1166/result/4,1166,full_results_url,"IFSC Europe - Continental Championships (B,S,L,C) - Moscow (RUS) 2020",COMBINED Men,finished,2025-10-02 07:18:34 UTC,2026-04-22 09:15:56 UTC,,6232,combined,Qualification,Men,finished,2020-11-27 20:28:56 UTC,/api/v1/category_rounds/6232/results,sbl_qualification,Speed Boulder Lead Qualification,1,400.0,,boulder,finished,2020-11-27 10:42:39 UTC,/api/v1/combined_stages/400/results,1440,4,/api/v1/routes/1440/startlist,
/api/v1/events/1166/result/4,1166,full_results_url,"IFSC Europe - Continental Championships (B,S,L,C) - Moscow (RUS) 2020",COMBINED Men,finished,2025-10-02 07:18:34 UTC,2026-04-22 09:15:56 UTC,,6232,combined,Qualification,Men,finished,2020-11-27 20:28:56 UTC,/api/v1/category_rounds/6232/results,sbl_qualification,Speed Boulder Lead Qualification,1,401.0,,lead,finished,2020-11-27 20:28:53 UTC,/api/v1/combined_stages/401/results,1441,1,/api/v1/routes/1441/startlist,/api/v1/routes/1441/results
/api/v1/events/1166/result/4,1166,full_results_url,"IFSC Europe - Continental Championships (B,S,L,C) - Moscow (RUS) 2020",COMBINED Men,finished,2025-10-02 07:18:34 UTC,2026-04-22 09:15:56 UTC,,6234,combined,Final,Men,finished,2020-11-28 19:42:54 UTC,/api/v1/category_rounds/6234/results,sbl_final,Speed Boulder Lead Final,3,405.0,,speed,finished,2024-01-16 08:27:56 UTC,/api/v1/combined_stages/405/results,1449,A,/api/v1/routes/1449/startlist,
/api/v1/events/1166/result/4,1166,full_results_url,"IFSC Europe - Continental Championships (B,S,L,C) - Moscow (RUS) 2020",COMBINED Men,finished,2025-10-02 07:18:34 UTC,2026-04-22 09:15:56 UTC,,6234,combined,Final,Men,finished,2020-11-28 19:42:54 UTC,/api/v1/category_rounds/6234/results,sbl_final,Speed Boulder Lead Final,3,405.0,,speed,finished,2024-01-16 08:27:56 UTC,/api/v1/combined_stages/405/results,1450,B,/api/v1/routes/1450/startlist,
/api/v1/events/1166/result/4,1166,full_results_url,"IFSC Europe - Continental Championships (B,S,L,C) - Moscow (RUS) 2020",COMBINED Men,finished,2025-10-02 07:18:34 UTC,2026-04-22 09:15:56 UTC,,6234,combined,Final,Men,finished,2020-11-28 19:42:54 UTC,/api/v1/category_rounds/6234/results,sbl_final,Speed Boulder Lead Final,3,406.0,,boulder,finished,2020-11-28 17:39:11 UTC,/api/v1/combined_stages/406/results,1451,1,/api/v1/routes/1451/startlist,
/api/v1/events/1166/result/4,1166,full_results_url,"IFSC Europe - Continental Championships (B,S,L,C) - Moscow (RUS) 2020",COMBINED Men,finished,2025-10-02 07:18:34 UTC,2026-04-22 09:15:56 UTC,,6234,combined,Final,Men,finished,2020-11-28 19:42:54 UTC,/api/v1/category_rounds/6234/results,sbl_final,Speed Boulder Lead Final,3,406.0,,boulder,finished,2020-11-28 17:39:11 UTC,/api/v1/combined_stages/406/results,1452,2,/api/v1/routes/1452/startlist,
/api/v1/events/1166/result/4,1166,full_results_url,"IFSC Europe - Continental Championships (B,S,L,C) - Moscow (RUS) 2020",COMBINED Men,finished,2025-10-02 07:18:34 UTC,2026-04-22 09:15:56 UTC,,6234,combined,Final,Men,finished,2020-11-28 19:42:54 UTC,/api/v1/category_rounds/6234/results,sbl_final,Speed Boulder Lead Final,3,406.0,,boulder,finished,2020-11-28 17:39:11 UTC,/api/v1/combined_stages/406/results,1453,3,/api/v1/routes/1453/startlist,
/api/v1/events/1166/result/4,1166,full_results_url,"IFSC Europe - Continental Championships (B,S,L,C) - Moscow (RUS) 2020",COMBINED Men,finished,2025-10-02 07:18:34 UTC,2026-04-22 09:15:56 UTC,,6234,combined,Final,Men,finished,2020-11-28 19:42:54 UTC,/api/v1/category_rounds/6234/results,sbl_final,Speed Boulder Lead Final,3,407.0,,lead,finished,2020-11-28 19:41:56 UTC,/api/v1/combined_stages/407/results,1454,1,/api/v1/routes/1454/startlist,/api/v1/routes/1454/results
/api/v1/events/1166/result/8,1166,full_results_url,"IFSC Europe - Continental Championships (B,S,L,C) - Moscow (RUS) 2020",COMBINED Women,finished,2025-10-02 07:18:34 UTC,2026-04-22 09:16:01 UTC,,6233,combined,Qualification,Women,finished,2020-11-27 16:49:06 UTC,/api/v1/category_rounds/6233/results,sbl_qualification,Speed Boulder Lead Qualification,1,402.0,,speed,finished,2020-11-27 07:29:46 UTC,/api/v1/combined_stages/402/results,1442,A,/api/v1/routes/1442/startlist,
/api/v1/events/1166/result/8,1166,full_results_url,"IFSC Europe - Continental Championships (B,S,L,C) - Moscow (RUS) 2020",COMBINED Women,finished,2025-10-02 07:18:34 UTC,2026-04-22 09:16:01 UTC,,6233,combined,Qualification,Women,finished,2020-11-27 16:49:06 UTC,/api/v1/category_rounds/6233/results,sbl_qualification,Speed Boulder Lead Qualification,1,402.0,,speed,finished,2020-11-27 07:29:46 UTC,/api/v1/combined_stages/402/results,1443,B,/api/v1/routes/1443/startlist,
/api/v1/events/1166/result/8,1166,full_results_url,"IFSC Europe - Continental Championships (B,S,L,C) - Moscow (RUS) 2020",COMBINED Women,finished,2025-10-02 07:18:34 UTC,2026-04-22 09:16:01 UTC,,6233,combined,Qualification,Women,finished,2020-11-27 16:49:06 UTC,/api/v1/category_rounds/6233/results,sbl_qualification,Speed Boulder Lead Qualification,1,403.0,,boulder,finished,2020-11-27 10:42:55 UTC,/api/v1/combined_stages/403/results,1444,1,/api/v1/routes/1444/startlist,
/api/v1/events/1166/result/8,1166,full_results_url,"IFSC Europe - Continental Championships (B,S,L,C) - Moscow (RUS) 2020",COMBINED Women,finished,2025-10-02 07:18:34 UTC,2026-04-22 09:16:01 UTC,,6233,combined,Qualification,Women,finished,2020-11-27 16:49:06 UTC,/api/v1/category_rounds/6233/results,sbl_qualification,Speed Boulder Lead Qualification,1,403.0,,boulder,finished,2020-11-27 10:42:55 UTC,/api/v1/combined_stages/403/results,1445,2,/api/v1/routes/1445/startlist,
/api/v1/events/1166/result/8,1166,full_results_url,"IFSC Europe - Continental Championships (B,S,L,C) - Moscow (RUS) 2020",COMBINED Women,finished,2025-10-02 07:18:34 UTC,2026-04-22 09:16:01 UTC,,6233,combined,Qualification,Women,finished,2020-11-27 16:49:06 UTC,/api/v1/category_rounds/6233/results,sbl_qualification,Speed Boulder Lead Qualification,1,403.0,,boulder,finished,2020-11-27 10:42:55 UTC,/api/v1/combined_stages/403/results,1446,3,/api/v1/routes/1446/startlist,
/api/v1/events/1166/result/8,1166,full_results_url,"IFSC Europe - Continental Championships (B,S,L,C) - Moscow (RUS) 2020",COMBINED Women,finished,2025-10-02 07:18:34 UTC,2026-04-22 09:16:01 UTC,,6233,combined,Qualification,Women,finished,2020-11-27 16:49:06 UTC,/api/v1/category_rounds/6233/results,sbl_qualification,Speed Boulder Lead Qualification,1,403.0,,boulder,finished,2020-11-27 10:42:55 UTC,/api/v1/combined_stages/403/results,1447,4,/api/v1/routes/1447/startlist,
/api/v1/events/1166/result/8,1166,full_results_url,"IFSC Europe - Continental Championships (B,S,L,C) - Moscow (RUS) 2020",COMBINED Women,finished,2025-10-02 07:18:34 UTC,2026-04-22 09:16:01 UTC,,6233,combined,Qualification,Women,finished,2020-11-27 16:49:06 UTC,/api/v1/category_rounds/6233/results,sbl_qualification,Speed Boulder Lead Qualification,1,404.0,,lead,finished,2020-11-27 16:48:43 UTC,/api/v1/combined_stages/404/results,1448,1,/api/v1/routes/1448/startlist,/api/v1/routes/1448/results
/api/v1/events/1166/result/8,1166,full_results_url,"IFSC Europe - Continental Championships (B,S,L,C) - Moscow (RUS) 2020",COMBINED Women,finished,2025-10-02 07:18:34 UTC,2026-04-22 09:16:01 UTC,,6235,combined,Final,Women,finished,2020-11-28 19:00:26 UTC,/api/v1/category_rounds/6235/results,sbl_final,Speed Boulder Lead Final,3,408.0,,speed,finished,2024-01-16 15:08:04 UTC,/api/v1/combined_stages/408/results,1455,A,/api/v1/routes/1455/startlist,
/api/v1/events/1166/result/8,1166,full_results_url,"IFSC Europe - Continental Championships (B,S,L,C) - Moscow (RUS) 2020",COMBINED Women,finished,2025-10-02 07:18:34 UTC,2026-04-22 09:16:01 UTC,,6235,combined,Final,Women,finished,2020-11-28 19:00:26 UTC,/api/v1/category_rounds/6235/results,sbl_final,Speed Boulder Lead Final,3,408.0,,speed,finished,2024-01-16 15:08:04 UTC,/api/v1/combined_stages/408/results,1456,B,/api/v1/routes/1456/startlist,
/api/v1/events/1166/result/8,1166,full_results_url,"IFSC Europe - Continental Championships (B,S,L,C) - Moscow (RUS) 2020",COMBINED Women,finished,2025-10-02 07:18:34 UTC,2026-04-22 09:16:01 UTC,,6235,combined,Final,Women,finished,2020-11-28 19:00:26 UTC,/api/v1/category_rounds/6235/results,sbl_final,Speed Boulder Lead Final,3,409.0,,boulder,finished,2020-11-28 19:00:26 UTC,/api/v1/combined_stages/409/results,1457,1,/api/v1/routes/1457/startlist,
/api/v1/events/1166/result/8,1166,full_results_url,"IFSC Europe - Continental Championships (B,S,L,C) - Moscow (RUS) 2020",COMBINED Women,finished,2025-10-02 07:18:34 UTC,2026-04-22 09:16:01 UTC,,6235,combined,Final,Women,finished,2020-11-28 19:00:26 UTC,/api/v1/category_rounds/6235/results,sbl_final,Speed Boulder Lead Final,3,409.0,,boulder,finished,2020-11-28 19:00:26 UTC,/api/v1/combined_stages/409/results,1458,2,/api/v1/routes/1458/startlist,
/api/v1/events/1166/result/8,1166,full_results_url,"IFSC Europe - Continental Championships (B,S,L,C) - Moscow (RUS) 2020",COMBINED Women,finished,2025-10-02 07:18:34 UTC,2026-04-22 09:16:01 UTC,,6235,combined,Final,Women,finished,2020-11-28 19:00:26 UTC,/api/v1/category_rounds/6235/results,sbl_final,Speed Boulder Lead Final,3,409.0,,boulder,finished,2020-11-28 19:00:26 UTC,/api/v1/combined_stages/409/results,1459,3,/api/v1/routes/1459/startlist,
/api/v1/events/1166/result/8,1166,full_results_url,"IFSC Europe - Continental Championships (B,S,L,C) - Moscow (RUS) 2020",COMBINED Women,finished,2025-10-02 07:18:34 UTC,2026-04-22 09:16:01 UTC,,6235,combined,Final,Women,finished,2020-11-28 19:00:26 UTC,/api/v1/category_rounds/6235/results,sbl_final,Speed Boulder Lead Final,3,410.0,,lead,finished,2020-11-28 18:59:17 UTC,/api/v1/combined_stages/410/results,1460,1,/api/v1/routes/1460/startlist,/api/v1/routes/1460/results
/api/v1/events/1184/result/225,1184,full_results_url,IFSC Europe - Continental Cup - Voronezh (RUS) - CANCELLED,LEAD Men,registration_pending,2025-10-02 07:18:34 UTC,NA,,6132,lead,Qualification,Men,pending,2020-07-27 10:00:10 UTC,/api/v1/category_rounds/6132/results,lead_one_group_two_routes,IFSC: 2 routes,16,,,,,,,1071,1,/api/v1/routes/1071/startlist,/api/v1/routes/1071/results
/api/v1/events/1184/result/225,1184,full_results_url,IFSC Europe - Continental Cup - Voronezh (RUS) - CANCELLED,LEAD Men,registration_pending,2025-10-02 07:18:34 UTC,NA,,6132,lead,Qualification,Men,pending,2020-07-27 10:00:10 UTC,/api/v1/category_rounds/6132/results,lead_one_group_two_routes,IFSC: 2 routes,16,,,,,,,1072,2,/api/v1/routes/1072/startlist,/api/v1/routes/1072/results
/api/v1/events/1184/result/229,1184,full_results_url,IFSC Europe - Continental Cup - Voronezh (RUS) - CANCELLED,LEAD Women,registration_pending,2025-10-02 07:18:34 UTC,NA,,6133,lead,Qualification,Women,pending,2020-07-27 10:00:10 UTC,/api/v1/category_rounds/6133/results,lead_one_group_two_routes,IFSC: 2 routes,16,,,,,,,1073,1,/api/v1/routes/1073/startlist,/api/v1/routes/1073/results
/api/v1/events/1184/result/229,1184,full_results_url,IFSC Europe - Continental Cup - Voronezh (RUS) - CANCELLED,LEAD Women,registration_pending,2025-10-02 07:18:34 UTC,NA,,6133,lead,Qualification,Women,pending,2020-07-27 10:00:10 UTC,/api/v1/category_rounds/6133/results,lead_one_group_two_routes,IFSC: 2 routes,16,,,,,,,1074,2,/api/v1/routes/1074/startlist,/api/v1/routes/1074/results
/api/v1/events/1184/result/226,1184,full_results_url,IFSC Europe - Continental Cup - Voronezh (RUS) - CANCELLED,SPEED Men,registration_pending,2025-10-02 07:18:34 UTC,NA,,6134,speed,Qualification,Men,pending,2020-07-27 10:00:12 UTC,/api/v1/category_rounds/6134/results,speed_staggered,IFSC: Qualification,16,,,,,,,1075,A,/api/v1/routes/1075/startlist,
/api/v1/events/1184/result/226,1184,full_results_url,IFSC Europe - Continental Cup - Voronezh (RUS) - CANCELLED,SPEED Men,registration_pending,2025-10-02 07:18:34 UTC,NA,,6134,speed,Qualification,Men,pending,2020-07-27 10:00:12 UTC,/api/v1/category_rounds/6134/results,speed_staggered,IFSC: Qualification,16,,,,,,,1076,B,/api/v1/routes/1076/startlist,
/api/v1/events/1184/result/230,1184,full_results_url,IFSC Europe - Continental Cup - Voronezh (RUS) - CANCELLED,SPEED Women,registration_pending,2025-10-02 07:18:34 UTC,NA,,6135,speed,Qualification,Women,pending,2020-07-27 10:00:12 UTC,/api/v1/category_rounds/6135/results,speed_staggered,IFSC: Qualification,16,,,,,,,1077,A,/api/v1/routes/1077/startlist,
/api/v1/events/1184/result/230,1184,full_results_url,IFSC Europe - Continental Cup - Voronezh (RUS) - CANCELLED,SPEED Women,registration_pending,2025-10-02 07:18:34 UTC,NA,,6135,speed,Qualification,Women,pending,2020-07-27 10:00:12 UTC,/api/v1/category_rounds/6135/results,speed_staggered,IFSC: Qualification,16,,,,,,,1078,B,/api/v1/routes/1078/startlist,
/api/v1/events/1168/result/4,1168,full_results_url,IFSC Africa - Continental Championships (C) - Cape Town (RSA) 2020,COMBINED Men,finished,2025-10-02 07:18:34 UTC,2026-04-22 09:16:07 UTC,,6018,combined,Qualification,Men,finished,2020-12-18 15:58:50 UTC,/api/v1/category_rounds/6018/results,sbl_qualification,Speed Boulder Lead Qualification,1,321.0,,speed,finished,2020-12-18 09:44:39 UTC,/api/v1/combined_stages/321/results,639,A,/api/v1/routes/639/startlist,
/api/v1/events/1168/result/4,1168,full_results_url,IFSC Africa - Continental Championships (C) - Cape Town (RSA) 2020,COMBINED Men,finished,2025-10-02 07:18:34 UTC,2026-04-22 09:16:07 UTC,,6018,combined,Qualification,Men,finished,2020-12-18 15:58:50 UTC,/api/v1/category_rounds/6018/results,sbl_qualification,Speed Boulder Lead Qualification,1,321.0,,speed,finished,2020-12-18 09:44:39 UTC,/api/v1/combined_stages/321/results,640,B,/api/v1/routes/640/startlist,
/api/v1/events/1168/result/4,1168,full_results_url,IFSC Africa - Continental Championships (C) - Cape Town (RSA) 2020,COMBINED Men,finished,2025-10-02 07:18:34 UTC,2026-04-22 09:16:07 UTC,,6018,combined,Qualification,Men,finished,2020-12-18 15:58:50 UTC,/api/v1/category_rounds/6018/results,sbl_qualification,Speed Boulder Lead Qualification,1,322.0,,boulder,finished,2020-12-18 13:25:29 UTC,/api/v1/combined_stages/322/results,641,A,/api/v1/routes/641/startlist,
/api/v1/events/1168/result/4,1168,full_results_url,IFSC Africa - Continental Championships (C) - Cape Town (RSA) 2020,COMBINED Men,finished,2025-10-02 07:18:34 UTC,2026-04-22 09:16:07 UTC,,6018,combined,Qualification,Men,finished,2020-12-18 15:58:50 UTC,/api/v1/category_rounds/6018/results,sbl_qualification,Speed Boulder Lead Qualification,1,322.0,,boulder,finished,2020-12-18 13:25:29 UTC,/api/v1/combined_stages/322/results,642,B,/api/v1/routes/642/startlist,
/api/v1/events/1168/result/4,1168,full_results_url,IFSC Africa - Continental Championships (C) - Cape Town (RSA) 2020,COMBINED Men,finished,2025-10-02 07:18:34 UTC,2026-04-22 09:16:07 UTC,,6018,combined,Qualification,Men,finished,2020-12-18 15:58:50 UTC,/api/v1/category_rounds/6018/results,sbl_qualification,Speed Boulder Lead Qualification,1,322.0,,boulder,finished,2020-12-18 13:25:29 UTC,/api/v1/combined_stages/322/results,643,C,/api/v1/routes/643/startlist,
/api/v1/events/1168/result/4,1168,full_results_url,IFSC Africa - Continental Championships (C) - Cape Town (RSA) 2020,COMBINED Men,finished,2025-10-02 07:18:34 UTC,2026-04-22 09:16:07 UTC,,6018,combined,Qualification,Men,finished,2020-12-18 15:58:50 UTC,/api/v1/category_rounds/6018/results,sbl_qualification,Speed Boulder Lead Qualification,1,322.0,,boulder,finished,2020-12-18 13:25:29 UTC,/api/v1/combined_stages/322/results,644,D,/api/v1/routes/644/startlist,
/api/v1/events/1168/result/4,1168,full_results_url,IFSC Africa - Continental Championships (C) - Cape Town (RSA) 2020,COMBINED Men,finished,2025-10-02 07:18:34 UTC,2026-04-22 09:16:07 UTC,,6018,combined,Qualification,Men,finished,2020-12-18 15:58:50 UTC,/api/v1/category_rounds/6018/results,sbl_qualification,Speed Boulder Lead Qualification,1,323.0,,lead,finished,2020-12-18 15:58:45 UTC,/api/v1/combined_stages/323/results,645,A,/api/v1/routes/645/startlist,/api/v1/routes/645/results
/api/v1/events/1168/result/4,1168,full_results_url,IFSC Africa - Continental Championships (C) - Cape Town (RSA) 2020,COMBINED Men,finished,2025-10-02 07:18:34 UTC,2026-04-22 09:16:07 UTC,,6104,combined,Final,Men,finished,2020-12-20 13:33:57 UTC,/api/v1/category_rounds/6104/results,sbl_final,Speed Boulder Lead Final,3,381.0,,speed,finished,2024-01-17 07:10:20 UTC,/api/v1/combined_stages/381/results,991,A,/api/v1/routes/991/startlist,
/api/v1/events/1168/result/4,1168,full_results_url,IFSC Africa - Continental Championships (C) - Cape Town (RSA) 2020,COMBINED Men,finished,2025-10-02 07:18:34 UTC,2026-04-22 09:16:07 UTC,,6104,combined,Final,Men,finished,2020-12-20 13:33:57 UTC,/api/v1/category_rounds/6104/results,sbl_final,Speed Boulder Lead Final,3,381.0,,speed,finished,2024-01-17 07:10:20 UTC,/api/v1/combined_stages/381/results,992,B,/api/v1/routes/992/startlist,
/api/v1/events/1168/result/4,1168,full_results_url,IFSC Africa - Continental Championships (C) - Cape Town (RSA) 2020,COMBINED Men,finished,2025-10-02 07:18:34 UTC,2026-04-22 09:16:07 UTC,,6104,combined,Final,Men,finished,2020-12-20 13:33:57 UTC,/api/v1/category_rounds/6104/results,sbl_final,Speed Boulder Lead Final,3,382.0,,boulder,finished,2020-12-20 12:15:43 UTC,/api/v1/combined_stages/382/results,993,1,/api/v1/routes/993/startlist,
/api/v1/events/1168/result/4,1168,full_results_url,IFSC Africa - Continental Championships (C) - Cape Town (RSA) 2020,COMBINED Men,finished,2025-10-02 07:18:34 UTC,2026-04-22 09:16:07 UTC,,6104,combined,Final,Men,finished,2020-12-20 13:33:57 UTC,/api/v1/category_rounds/6104/results,sbl_final,Speed Boulder Lead Final,3,382.0,,boulder,finished,2020-12-20 12:15:43 UTC,/api/v1/combined_stages/382/results,994,2,/api/v1/routes/994/startlist,
/api/v1/events/1168/result/4,1168,full_results_url,IFSC Africa - Continental Championships (C) - Cape Town (RSA) 2020,COMBINED Men,finished,2025-10-02 07:18:34 UTC,2026-04-22 09:16:07 UTC,,6104,combined,Final,Men,finished,2020-12-20 13:33:57 UTC,/api/v1/category_rounds/6104/results,sbl_final,Speed Boulder Lead Final,3,382.0,,boulder,finished,2020-12-20 12:15:43 UTC,/api/v1/combined_stages/382/results,995,3,/api/v1/routes/995/startlist,
/api/v1/events/1168/result/4,1168,full_results_url,IFSC Africa - Continental Championships (C) - Cape Town (RSA) 2020,COMBINED Men,finished,2025-10-02 07:18:34 UTC,2026-04-22 09:16:07 UTC,,6104,combined,Final,Men,finished,2020-12-20 13:33:57 UTC,/api/v1/category_rounds/6104/results,sbl_final,Speed Boulder Lead Final,3,383.0,,lead,finished,2020-12-20 13:33:52 UTC,/api/v1/combined_stages/383/results,996,1,/api/v1/routes/996/startlist,/api/v1/routes/996/results
/api/v1/events/1168/result/8,1168,full_results_url,IFSC Africa - Continental Championships (C) - Cape Town (RSA) 2020,COMBINED Women,finished,2025-10-02 07:18:34 UTC,2026-04-22 09:16:13 UTC,,6019,combined,Qualification,Women,finished,2020-12-17 15:32:36 UTC,/api/v1/category_rounds/6019/results,sbl_qualification,Speed Boulder Lead Qualification,1,324.0,,speed,finished,2020-12-17 09:29:19 UTC,/api/v1/combined_stages/324/results,646,A,/api/v1/routes/646/startlist,
/api/v1/events/1168/result/8,1168,full_results_url,IFSC Africa - Continental Championships (C) - Cape Town (RSA) 2020,COMBINED Women,finished,2025-10-02 07:18:34 UTC,2026-04-22 09:16:13 UTC,,6019,combined,Qualification,Women,finished,2020-12-17 15:32:36 UTC,/api/v1/category_rounds/6019/results,sbl_qualification,Speed Boulder Lead Qualification,1,324.0,,speed,finished,2020-12-17 09:29:19 UTC,/api/v1/combined_stages/324/results,647,B,/api/v1/routes/647/startlist,
/api/v1/events/1168/result/8,1168,full_results_url,IFSC Africa - Continental Championships (C) - Cape Town (RSA) 2020,COMBINED Women,finished,2025-10-02 07:18:34 UTC,2026-04-22 09:16:13 UTC,,6019,combined,Qualification,Women,finished,2020-12-17 15:32:36 UTC,/api/v1/category_rounds/6019/results,sbl_qualification,Speed Boulder Lead Qualification,1,325.0,,boulder,finished,2020-12-17 12:18:22 UTC,/api/v1/combined_stages/325/results,648,A,/api/v1/routes/648/startlist,
/api/v1/events/1168/result/8,1168,full_results_url,IFSC Africa - Continental Championships (C) - Cape Town (RSA) 2020,COMBINED Women,finished,2025-10-02 07:18:34 UTC,2026-04-22 09:16:13 UTC,,6019,combined,Qualification,Women,finished,2020-12-17 15:32:36 UTC,/api/v1/category_rounds/6019/results,sbl_qualification,Speed Boulder Lead Qualification,1,325.0,,boulder,finished,2020-12-17 12:18:22 UTC,/api/v1/combined_stages/325/results,649,B,/api/v1/routes/649/startlist,
/api/v1/events/1168/result/8,1168,full_results_url,IFSC Africa - Continental Championships (C) - Cape Town (RSA) 2020,COMBINED Women,finished,2025-10-02 07:18:34 UTC,2026-04-22 09:16:13 UTC,,6019,combined,Qualification,Women,finished,2020-12-17 15:32:36 UTC,/api/v1/category_rounds/6019/results,sbl_qualification,Speed Boulder Lead Qualification,1,325.0,,boulder,finished,2020-12-17 12:18:22 UTC,/api/v1/combined_stages/325/results,650,C,/api/v1/routes/650/startlist,
/api/v1/events/1168/result/8,1168,full_results_url,IFSC Africa - Continental Championships (C) - Cape Town (RSA) 2020,COMBINED Women,finished,2025-10-02 07:18:34 UTC,2026-04-22 09:16:13 UTC,,6019,combined,Qualification,Women,finished,2020-12-17 15:32:36 UTC,/api/v1/category_rounds/6019/results,sbl_qualification,Speed Boulder Lead Qualification,1,325.0,,boulder,finished,2020-12-17 12:18:22 UTC,/api/v1/combined_stages/325/results,651,D,/api/v1/routes/651/startlist,
/api/v1/events/1168/result/8,1168,full_results_url,IFSC Africa - Continental Championships (C) - Cape Town (RSA) 2020,COMBINED Women,finished,2025-10-02 07:18:34 UTC,2026-04-22 09:16:13 UTC,,6019,combined,Qualification,Women,finished,2020-12-17 15:32:36 UTC,/api/v1/category_rounds/6019/results,sbl_qualification,Speed Boulder Lead Qualification,1,326.0,,lead,finished,2020-12-17 15:32:31 UTC,/api/v1/combined_stages/326/results,652,A,/api/v1/routes/652/startlist,/api/v1/routes/652/results
/api/v1/events/1168/result/8,1168,full_results_url,IFSC Africa - Continental Championships (C) - Cape Town (RSA) 2020,COMBINED Women,finished,2025-10-02 07:18:34 UTC,2026-04-22 09:16:13 UTC,,6105,combined,Final,Women,finished,2020-12-19 13:43:01 UTC,/api/v1/category_rounds/6105/results,sbl_final,Speed Boulder Lead Final,3,384.0,,speed,finished,2024-01-17 07:10:22 UTC,/api/v1/combined_stages/384/results,997,A,/api/v1/routes/997/startlist,
/api/v1/events/1168/result/8,1168,full_results_url,IFSC Africa - Continental Championships (C) - Cape Town (RSA) 2020,COMBINED Women,finished,2025-10-02 07:18:34 UTC,2026-04-22 09:16:13 UTC,,6105,combined,Final,Women,finished,2020-12-19 13:43:01 UTC,/api/v1/category_rounds/6105/results,sbl_final,Speed Boulder Lead Final,3,384.0,,speed,finished,2024-01-17 07:10:22 UTC,/api/v1/combined_stages/384/results,998,B,/api/v1/routes/998/startlist,
/api/v1/events/1168/result/8,1168,full_results_url,IFSC Africa - Continental Championships (C) - Cape Town (RSA) 2020,COMBINED Women,finished,2025-10-02 07:18:34 UTC,2026-04-22 09:16:13 UTC,,6105,combined,Final,Women,finished,2020-12-19 13:43:01 UTC,/api/v1/category_rounds/6105/results,sbl_final,Speed Boulder Lead Final,3,385.0,,boulder,finished,2020-12-19 12:15:19 UTC,/api/v1/combined_stages/385/results,999,1,/api/v1/routes/999/startlist,
/api/v1/events/1168/result/8,1168,full_results_url,IFSC Africa - Continental Championships (C) - Cape Town (RSA) 2020,COMBINED Women,finished,2025-10-02 07:18:34 UTC,2026-04-22 09:16:13 UTC,,6105,combined,Final,Women,finished,2020-12-19 13:43:01 UTC,/api/v1/category_rounds/6105/results,sbl_final,Speed Boulder Lead Final,3,385.0,,boulder,finished,2020-12-19 12:15:19 UTC,/api/v1/combined_stages/385/results,1000,2,/api/v1/routes/1000/startlist,
/api/v1/events/1168/result/8,1168,full_results_url,IFSC Africa - Continental Championships (C) - Cape Town (RSA) 2020,COMBINED Women,finished,2025-10-02 07:18:34 UTC,2026-04-22 09:16:13 UTC,,6105,combined,Final,Women,finished,2020-12-19 13:43:01 UTC,/api/v1/category_rounds/6105/results,sbl_final,Speed Boulder Lead Final,3,385.0,,boulder,finished,2020-12-19 12:15:19 UTC,/api/v1/combined_stages/385/results,1001,3,/api/v1/routes/1001/startlist,
/api/v1/events/1168/result/8,1168,full_results_url,IFSC Africa - Continental Championships (C) - Cape Town (RSA) 2020,COMBINED Women,finished,2025-10-02 07:18:34 UTC,2026-04-22 09:16:13 UTC,,6105,combined,Final,Women,finished,2020-12-19 13:43:01 UTC,/api/v1/category_rounds/6105/results,sbl_final,Speed Boulder Lead Final,3,386.0,,lead,finished,2020-12-19 13:42:57 UTC,/api/v1/combined_stages/386/results,1002,1,/api/v1/routes/1002/startlist,/api/v1/routes/1002/results
/api/v1/events/1167/result/4,1167,full_results_url,IFSC Oceania - Continental Championships (C) - Sydney (AUS) 2020,COMBINED Men,finished,2025-10-02 07:18:34 UTC,2026-04-22 09:16:18 UTC,,6016,combined,Qualification,Men,finished,2020-12-19 12:52:52 UTC,/api/v1/category_rounds/6016/results,sbl_qualification,Speed Boulder Lead Qualification,1,315.0,,speed,finished,2020-12-19 00:24:37 UTC,/api/v1/combined_stages/315/results,625,A,/api/v1/routes/625/startlist,
/api/v1/events/1167/result/4,1167,full_results_url,IFSC Oceania - Continental Championships (C) - Sydney (AUS) 2020,COMBINED Men,finished,2025-10-02 07:18:34 UTC,2026-04-22 09:16:18 UTC,,6016,combined,Qualification,Men,finished,2020-12-19 12:52:52 UTC,/api/v1/category_rounds/6016/results,sbl_qualification,Speed Boulder Lead Qualification,1,315.0,,speed,finished,2020-12-19 00:24:37 UTC,/api/v1/combined_stages/315/results,626,B,/api/v1/routes/626/startlist,
/api/v1/events/1167/result/4,1167,full_results_url,IFSC Oceania - Continental Championships (C) - Sydney (AUS) 2020,COMBINED Men,finished,2025-10-02 07:18:34 UTC,2026-04-22 09:16:18 UTC,,6016,combined,Qualification,Men,finished,2020-12-19 12:52:52 UTC,/api/v1/category_rounds/6016/results,sbl_qualification,Speed Boulder Lead Qualification,1,316.0,,boulder,finished,2020-12-19 03:29:59 UTC,/api/v1/combined_stages/316/results,627,A,/api/v1/routes/627/startlist,
/api/v1/events/1167/result/4,1167,full_results_url,IFSC Oceania - Continental Championships (C) - Sydney (AUS) 2020,COMBINED Men,finished,2025-10-02 07:18:34 UTC,2026-04-22 09:16:18 UTC,,6016,combined,Qualification,Men,finished,2020-12-19 12:52:52 UTC,/api/v1/category_rounds/6016/results,sbl_qualification,Speed Boulder Lead Qualification,1,316.0,,boulder,finished,2020-12-19 03:29:59 UTC,/api/v1/combined_stages/316/results,628,B,/api/v1/routes/628/startlist,
/api/v1/events/1167/result/4,1167,full_results_url,IFSC Oceania - Continental Championships (C) - Sydney (AUS) 2020,COMBINED Men,finished,2025-10-02 07:18:34 UTC,2026-04-22 09:16:18 UTC,,6016,combined,Qualification,Men,finished,2020-12-19 12:52:52 UTC,/api/v1/category_rounds/6016/results,sbl_qualification,Speed Boulder Lead Qualification,1,316.0,,boulder,finished,2020-12-19 03:29:59 UTC,/api/v1/combined_stages/316/results,629,C,/api/v1/routes/629/startlist,
/api/v1/events/1167/result/4,1167,full_results_url,IFSC Oceania - Continental Championships (C) - Sydney (AUS) 2020,COMBINED Men,finished,2025-10-02 07:18:34 UTC,2026-04-22 09:16:18 UTC,,6016,combined,Qualification,Men,finished,2020-12-19 12:52:52 UTC,/api/v1/category_rounds/6016/results,sbl_qualification,Speed Boulder Lead Qualification,1,316.0,,boulder,finished,2020-12-19 03:29:59 UTC,/api/v1/combined_stages/316/results,630,D,/api/v1/routes/630/startlist,
/api/v1/events/1167/result/4,1167,full_results_url,IFSC Oceania - Continental Championships (C) - Sydney (AUS) 2020,COMBINED Men,finished,2025-10-02 07:18:34 UTC,2026-04-22 09:16:18 UTC,,6016,combined,Qualification,Men,finished,2020-12-19 12:52:52 UTC,/api/v1/category_rounds/6016/results,sbl_qualification,Speed Boulder Lead Qualification,1,317.0,,lead,finished,2020-12-19 12:51:52 UTC,/api/v1/combined_stages/317/results,631,A,/api/v1/routes/631/startlist,/api/v1/routes/631/results
/api/v1/events/1167/result/4,1167,full_results_url,IFSC Oceania - Continental Championships (C) - Sydney (AUS) 2020,COMBINED Men,finished,2025-10-02 07:18:34 UTC,2026-04-22 09:16:18 UTC,,6260,combined,Final,Men,finished,2020-12-20 09:32:58 UTC,/api/v1/category_rounds/6260/results,sbl_final,Speed Boulder Lead Final,3,453.0,,speed,finished,2024-01-17 07:10:25 UTC,/api/v1/combined_stages/453/results,1575,A,/api/v1/routes/1575/startlist,
/api/v1/events/1167/result/4,1167,full_results_url,IFSC Oceania - Continental Championships (C) - Sydney (AUS) 2020,COMBINED Men,finished,2025-10-02 07:18:34 UTC,2026-04-22 09:16:18 UTC,,6260,combined,Final,Men,finished,2020-12-20 09:32:58 UTC,/api/v1/category_rounds/6260/results,sbl_final,Speed Boulder Lead Final,3,453.0,,speed,finished,2024-01-17 07:10:25 UTC,/api/v1/combined_stages/453/results,1576,B,/api/v1/routes/1576/startlist,
/api/v1/events/1167/result/4,1167,full_results_url,IFSC Oceania - Continental Championships (C) - Sydney (AUS) 2020,COMBINED Men,finished,2025-10-02 07:18:34 UTC,2026-04-22 09:16:18 UTC,,6260,combined,Final,Men,finished,2020-12-20 09:32:58 UTC,/api/v1/category_rounds/6260/results,sbl_final,Speed Boulder Lead Final,3,454.0,,boulder,finished,2020-12-20 07:52:32 UTC,/api/v1/combined_stages/454/results,1577,1,/api/v1/routes/1577/startlist,
/api/v1/events/1167/result/4,1167,full_results_url,IFSC Oceania - Continental Championships (C) - Sydney (AUS) 2020,COMBINED Men,finished,2025-10-02 07:18:34 UTC,2026-04-22 09:16:18 UTC,,6260,combined,Final,Men,finished,2020-12-20 09:32:58 UTC,/api/v1/category_rounds/6260/results,sbl_final,Speed Boulder Lead Final,3,454.0,,boulder,finished,2020-12-20 07:52:32 UTC,/api/v1/combined_stages/454/results,1578,2,/api/v1/routes/1578/startlist,
/api/v1/events/1167/result/4,1167,full_results_url,IFSC Oceania - Continental Championships (C) - Sydney (AUS) 2020,COMBINED Men,finished,2025-10-02 07:18:34 UTC,2026-04-22 09:16:18 UTC,,6260,combined,Final,Men,finished,2020-12-20 09:32:58 UTC,/api/v1/category_rounds/6260/results,sbl_final,Speed Boulder Lead Final,3,454.0,,boulder,finished,2020-12-20 07:52:32 UTC,/api/v1/combined_stages/454/results,1579,3,/api/v1/routes/1579/startlist,
/api/v1/events/1167/result/4,1167,full_results_url,IFSC Oceania - Continental Championships (C) - Sydney (AUS) 2020,COMBINED Men,finished,2025-10-02 07:18:34 UTC,2026-04-22 09:16:18 UTC,,6260,combined,Final,Men,finished,2020-12-20 09:32:58 UTC,/api/v1/category_rounds/6260/results,sbl_final,Speed Boulder Lead Final,3,455.0,,lead,finished,2020-12-20 09:32:39 UTC,/api/v1/combined_stages/455/results,1580,1,/api/v1/routes/1580/startlist,/api/v1/routes/1580/results
/api/v1/events/1167/result/8,1167,full_results_url,IFSC Oceania - Continental Championships (C) - Sydney (AUS) 2020,COMBINED Women,finished,2025-10-02 07:18:34 UTC,2026-04-22 09:16:24 UTC,,6017,combined,Qualification,Women,finished,2020-12-19 08:04:00 UTC,/api/v1/category_rounds/6017/results,sbl_qualification,Speed Boulder Lead Qualification,1,318.0,,speed,finished,2020-12-19 00:35:22 UTC,/api/v1/combined_stages/318/results,632,A,/api/v1/routes/632/startlist,
/api/v1/events/1167/result/8,1167,full_results_url,IFSC Oceania - Continental Championships (C) - Sydney (AUS) 2020,COMBINED Women,finished,2025-10-02 07:18:34 UTC,2026-04-22 09:16:24 UTC,,6017,combined,Qualification,Women,finished,2020-12-19 08:04:00 UTC,/api/v1/category_rounds/6017/results,sbl_qualification,Speed Boulder Lead Qualification,1,318.0,,speed,finished,2020-12-19 00:35:22 UTC,/api/v1/combined_stages/318/results,633,B,/api/v1/routes/633/startlist,
/api/v1/events/1167/result/8,1167,full_results_url,IFSC Oceania - Continental Championships (C) - Sydney (AUS) 2020,COMBINED Women,finished,2025-10-02 07:18:34 UTC,2026-04-22 09:16:24 UTC,,6017,combined,Qualification,Women,finished,2020-12-19 08:04:00 UTC,/api/v1/category_rounds/6017/results,sbl_qualification,Speed Boulder Lead Qualification,1,319.0,,boulder,finished,2020-12-19 03:47:28 UTC,/api/v1/combined_stages/319/results,634,A,/api/v1/routes/634/startlist,
/api/v1/events/1167/result/8,1167,full_results_url,IFSC Oceania - Continental Championships (C) - Sydney (AUS) 2020,COMBINED Women,finished,2025-10-02 07:18:34 UTC,2026-04-22 09:16:24 UTC,,6017,combined,Qualification,Women,finished,2020-12-19 08:04:00 UTC,/api/v1/category_rounds/6017/results,sbl_qualification,Speed Boulder Lead Qualification,1,319.0,,boulder,finished,2020-12-19 03:47:28 UTC,/api/v1/combined_stages/319/results,635,B,/api/v1/routes/635/startlist,
/api/v1/events/1167/result/8,1167,full_results_url,IFSC Oceania - Continental Championships (C) - Sydney (AUS) 2020,COMBINED Women,finished,2025-10-02 07:18:34 UTC,2026-04-22 09:16:24 UTC,,6017,combined,Qualification,Women,finished,2020-12-19 08:04:00 UTC,/api/v1/category_rounds/6017/results,sbl_qualification,Speed Boulder Lead Qualification,1,319.0,,boulder,finished,2020-12-19 03:47:28 UTC,/api/v1/combined_stages/319/results,636,C,/api/v1/routes/636/startlist,
/api/v1/events/1167/result/8,1167,full_results_url,IFSC Oceania - Continental Championships (C) - Sydney (AUS) 2020,COMBINED Women,finished,2025-10-02 07:18:34 UTC,2026-04-22 09:16:24 UTC,,6017,combined,Qualification,Women,finished,2020-12-19 08:04:00 UTC,/api/v1/category_rounds/6017/results,sbl_qualification,Speed Boulder Lead Qualification,1,319.0,,boulder,finished,2020-12-19 03:47:28 UTC,/api/v1/combined_stages/319/results,637,D,/api/v1/routes/637/startlist,
/api/v1/events/1167/result/8,1167,full_results_url,IFSC Oceania - Continental Championships (C) - Sydney (AUS) 2020,COMBINED Women,finished,2025-10-02 07:18:34 UTC,2026-04-22 09:16:24 UTC,,6017,combined,Qualification,Women,finished,2020-12-19 08:04:00 UTC,/api/v1/category_rounds/6017/results,sbl_qualification,Speed Boulder Lead Qualification,1,320.0,,lead,finished,2020-12-19 08:03:57 UTC,/api/v1/combined_stages/320/results,638,A,/api/v1/routes/638/startlist,/api/v1/routes/638/results
/api/v1/events/1167/result/8,1167,full_results_url,IFSC Oceania - Continental Championships (C) - Sydney (AUS) 2020,COMBINED Women,finished,2025-10-02 07:18:34 UTC,2026-04-22 09:16:24 UTC,,6261,combined,Final,Women,finished,2020-12-20 09:32:14 UTC,/api/v1/category_rounds/6261/results,sbl_final,Speed Boulder Lead Final,3,456.0,,speed,finished,2024-01-17 06:43:44 UTC,/api/v1/combined_stages/456/results,1581,A,/api/v1/routes/1581/startlist,
/api/v1/events/1167/result/8,1167,full_results_url,IFSC Oceania - Continental Championships (C) - Sydney (AUS) 2020,COMBINED Women,finished,2025-10-02 07:18:34 UTC,2026-04-22 09:16:24 UTC,,6261,combined,Final,Women,finished,2020-12-20 09:32:14 UTC,/api/v1/category_rounds/6261/results,sbl_final,Speed Boulder Lead Final,3,456.0,,speed,finished,2024-01-17 06:43:44 UTC,/api/v1/combined_stages/456/results,1582,B,/api/v1/routes/1582/startlist,
/api/v1/events/1167/result/8,1167,full_results_url,IFSC Oceania - Continental Championships (C) - Sydney (AUS) 2020,COMBINED Women,finished,2025-10-02 07:18:34 UTC,2026-04-22 09:16:24 UTC,,6261,combined,Final,Women,finished,2020-12-20 09:32:14 UTC,/api/v1/category_rounds/6261/results,sbl_final,Speed Boulder Lead Final,3,457.0,,boulder,finished,2020-12-20 07:51:16 UTC,/api/v1/combined_stages/457/results,1583,1,/api/v1/routes/1583/startlist,
/api/v1/events/1167/result/8,1167,full_results_url,IFSC Oceania - Continental Championships (C) - Sydney (AUS) 2020,COMBINED Women,finished,2025-10-02 07:18:34 UTC,2026-04-22 09:16:24 UTC,,6261,combined,Final,Women,finished,2020-12-20 09:32:14 UTC,/api/v1/category_rounds/6261/results,sbl_final,Speed Boulder Lead Final,3,457.0,,boulder,finished,2020-12-20 07:51:16 UTC,/api/v1/combined_stages/457/results,1584,2,/api/v1/routes/1584/startlist,
/api/v1/events/1167/result/8,1167,full_results_url,IFSC Oceania - Continental Championships (C) - Sydney (AUS) 2020,COMBINED Women,finished,2025-10-02 07:18:34 UTC,2026-04-22 09:16:24 UTC,,6261,combined,Final,Women,finished,2020-12-20 09:32:14 UTC,/api/v1/category_rounds/6261/results,sbl_final,Speed Boulder Lead Final,3,457.0,,boulder,finished,2020-12-20 07:51:16 UTC,/api/v1/combined_stages/457/results,1585,3,/api/v1/routes/1585/startlist,
/api/v1/events/1167/result/8,1167,full_results_url,IFSC Oceania - Continental Championships (C) - Sydney (AUS) 2020,COMBINED Women,finished,2025-10-02 07:18:34 UTC,2026-04-22 09:16:24 UTC,,6261,combined,Final,Women,finished,2020-12-20 09:32:14 UTC,/api/v1/category_rounds/6261/results,sbl_final,Speed Boulder Lead Final,3,458.0,,lead,finished,2020-12-20 09:31:16 UTC,/api/v1/combined_stages/458/results,1586,1,/api/v1/routes/1586/startlist,/api/v1/routes/1586/results
