source_event_url,event_id,source_url_layer,event_name,dcat_name,dcat_status,dcat_status_as_of,dcat_ranking_as_of,cutoff_rank,category_round_id,round_kind,round_name,round_category,round_status,round_status_as_of,round_result_url,format_identifier,format,league_round_id,stage_id,stage_name,stage_kind,stage_status,stage_status_as_of,stage_results_url,route_id,route_name,route_startlist_url,route_results_url
/api/v1/events/1314/result/395,1314,full_results_url,International Climbing Series - Studio Bloc Master - Pfungstadt (GER) 2023,BOULDER Men,registration_pending,2025-10-02 07:18:38 UTC,NA,,7799,boulder,Qualification,Men,pending,2022-09-27 07:35:19 UTC,/api/v1/category_rounds/7799/results,boulder_one_group_one_boulder_set,IFSC: 1 group,37,,,,,,,8970,1,/api/v1/routes/8970/startlist,
/api/v1/events/1314/result/395,1314,full_results_url,International Climbing Series - Studio Bloc Master - Pfungstadt (GER) 2023,BOULDER Men,registration_pending,2025-10-02 07:18:38 UTC,NA,,7799,boulder,Qualification,Men,pending,2022-09-27 07:35:19 UTC,/api/v1/category_rounds/7799/results,boulder_one_group_one_boulder_set,IFSC: 1 group,37,,,,,,,8971,2,/api/v1/routes/8971/startlist,
/api/v1/events/1314/result/395,1314,full_results_url,International Climbing Series - Studio Bloc Master - Pfungstadt (GER) 2023,BOULDER Men,registration_pending,2025-10-02 07:18:38 UTC,NA,,7799,boulder,Qualification,Men,pending,2022-09-27 07:35:19 UTC,/api/v1/category_rounds/7799/results,boulder_one_group_one_boulder_set,IFSC: 1 group,37,,,,,,,8972,3,/api/v1/routes/8972/startlist,
/api/v1/events/1314/result/395,1314,full_results_url,International Climbing Series - Studio Bloc Master - Pfungstadt (GER) 2023,BOULDER Men,registration_pending,2025-10-02 07:18:38 UTC,NA,,7799,boulder,Qualification,Men,pending,2022-09-27 07:35:19 UTC,/api/v1/category_rounds/7799/results,boulder_one_group_one_boulder_set,IFSC: 1 group,37,,,,,,,8973,4,/api/v1/routes/8973/startlist,
/api/v1/events/1314/result/395,1314,full_results_url,International Climbing Series - Studio Bloc Master - Pfungstadt (GER) 2023,BOULDER Men,registration_pending,2025-10-02 07:18:38 UTC,NA,,7799,boulder,Qualification,Men,pending,2022-09-27 07:35:19 UTC,/api/v1/category_rounds/7799/results,boulder_one_group_one_boulder_set,IFSC: 1 group,37,,,,,,,8974,5,/api/v1/routes/8974/startlist,
/api/v1/events/1314/result/399,1314,full_results_url,International Climbing Series - Studio Bloc Master - Pfungstadt (GER) 2023,BOULDER Juniors Male,registration_pending,2025-10-02 07:18:38 UTC,NA,,7800,boulder,Qualification,Juniors Male,pending,2022-09-27 07:35:19 UTC,/api/v1/category_rounds/7800/results,boulder_one_group_one_boulder_set,IFSC: 1 group,37,,,,,,,8975,1,/api/v1/routes/8975/startlist,
/api/v1/events/1314/result/399,1314,full_results_url,International Climbing Series - Studio Bloc Master - Pfungstadt (GER) 2023,BOULDER Juniors Male,registration_pending,2025-10-02 07:18:38 UTC,NA,,7800,boulder,Qualification,Juniors Male,pending,2022-09-27 07:35:19 UTC,/api/v1/category_rounds/7800/results,boulder_one_group_one_boulder_set,IFSC: 1 group,37,,,,,,,8976,2,/api/v1/routes/8976/startlist,
/api/v1/events/1314/result/399,1314,full_results_url,International Climbing Series - Studio Bloc Master - Pfungstadt (GER) 2023,BOULDER Juniors Male,registration_pending,2025-10-02 07:18:38 UTC,NA,,7800,boulder,Qualification,Juniors Male,pending,2022-09-27 07:35:19 UTC,/api/v1/category_rounds/7800/results,boulder_one_group_one_boulder_set,IFSC: 1 group,37,,,,,,,8977,3,/api/v1/routes/8977/startlist,
/api/v1/events/1314/result/399,1314,full_results_url,International Climbing Series - Studio Bloc Master - Pfungstadt (GER) 2023,BOULDER Juniors Male,registration_pending,2025-10-02 07:18:38 UTC,NA,,7800,boulder,Qualification,Juniors Male,pending,2022-09-27 07:35:19 UTC,/api/v1/category_rounds/7800/results,boulder_one_group_one_boulder_set,IFSC: 1 group,37,,,,,,,8978,4,/api/v1/routes/8978/startlist,
/api/v1/events/1314/result/399,1314,full_results_url,International Climbing Series - Studio Bloc Master - Pfungstadt (GER) 2023,BOULDER Juniors Male,registration_pending,2025-10-02 07:18:38 UTC,NA,,7800,boulder,Qualification,Juniors Male,pending,2022-09-27 07:35:19 UTC,/api/v1/category_rounds/7800/results,boulder_one_group_one_boulder_set,IFSC: 1 group,37,,,,,,,8979,5,/api/v1/routes/8979/startlist,
/api/v1/events/1314/result/403,1314,full_results_url,International Climbing Series - Studio Bloc Master - Pfungstadt (GER) 2023,BOULDER Youth A Male,registration_pending,2025-10-02 07:18:38 UTC,NA,,7801,boulder,Qualification,Youth A Male,pending,2022-09-27 07:35:19 UTC,/api/v1/category_rounds/7801/results,boulder_one_group_one_boulder_set,IFSC: 1 group,37,,,,,,,8980,1,/api/v1/routes/8980/startlist,
/api/v1/events/1314/result/403,1314,full_results_url,International Climbing Series - Studio Bloc Master - Pfungstadt (GER) 2023,BOULDER Youth A Male,registration_pending,2025-10-02 07:18:38 UTC,NA,,7801,boulder,Qualification,Youth A Male,pending,2022-09-27 07:35:19 UTC,/api/v1/category_rounds/7801/results,boulder_one_group_one_boulder_set,IFSC: 1 group,37,,,,,,,8981,2,/api/v1/routes/8981/startlist,
/api/v1/events/1314/result/403,1314,full_results_url,International Climbing Series - Studio Bloc Master - Pfungstadt (GER) 2023,BOULDER Youth A Male,registration_pending,2025-10-02 07:18:38 UTC,NA,,7801,boulder,Qualification,Youth A Male,pending,2022-09-27 07:35:19 UTC,/api/v1/category_rounds/7801/results,boulder_one_group_one_boulder_set,IFSC: 1 group,37,,,,,,,8982,3,/api/v1/routes/8982/startlist,
/api/v1/events/1314/result/403,1314,full_results_url,International Climbing Series - Studio Bloc Master - Pfungstadt (GER) 2023,BOULDER Youth A Male,registration_pending,2025-10-02 07:18:38 UTC,NA,,7801,boulder,Qualification,Youth A Male,pending,2022-09-27 07:35:19 UTC,/api/v1/category_rounds/7801/results,boulder_one_group_one_boulder_set,IFSC: 1 group,37,,,,,,,8983,4,/api/v1/routes/8983/startlist,
/api/v1/events/1314/result/403,1314,full_results_url,International Climbing Series - Studio Bloc Master - Pfungstadt (GER) 2023,BOULDER Youth A Male,registration_pending,2025-10-02 07:18:38 UTC,NA,,7801,boulder,Qualification,Youth A Male,pending,2022-09-27 07:35:19 UTC,/api/v1/category_rounds/7801/results,boulder_one_group_one_boulder_set,IFSC: 1 group,37,,,,,,,8984,5,/api/v1/routes/8984/startlist,
/api/v1/events/1314/result/407,1314,full_results_url,International Climbing Series - Studio Bloc Master - Pfungstadt (GER) 2023,BOULDER Youth B Male,registration_pending,2025-10-02 07:18:38 UTC,NA,,7802,boulder,Qualification,Youth B Male,pending,2022-09-27 07:35:19 UTC,/api/v1/category_rounds/7802/results,boulder_one_group_one_boulder_set,IFSC: 1 group,37,,,,,,,8985,1,/api/v1/routes/8985/startlist,
/api/v1/events/1314/result/407,1314,full_results_url,International Climbing Series - Studio Bloc Master - Pfungstadt (GER) 2023,BOULDER Youth B Male,registration_pending,2025-10-02 07:18:38 UTC,NA,,7802,boulder,Qualification,Youth B Male,pending,2022-09-27 07:35:19 UTC,/api/v1/category_rounds/7802/results,boulder_one_group_one_boulder_set,IFSC: 1 group,37,,,,,,,8986,2,/api/v1/routes/8986/startlist,
/api/v1/events/1314/result/407,1314,full_results_url,International Climbing Series - Studio Bloc Master - Pfungstadt (GER) 2023,BOULDER Youth B Male,registration_pending,2025-10-02 07:18:38 UTC,NA,,7802,boulder,Qualification,Youth B Male,pending,2022-09-27 07:35:19 UTC,/api/v1/category_rounds/7802/results,boulder_one_group_one_boulder_set,IFSC: 1 group,37,,,,,,,8987,3,/api/v1/routes/8987/startlist,
/api/v1/events/1314/result/407,1314,full_results_url,International Climbing Series - Studio Bloc Master - Pfungstadt (GER) 2023,BOULDER Youth B Male,registration_pending,2025-10-02 07:18:38 UTC,NA,,7802,boulder,Qualification,Youth B Male,pending,2022-09-27 07:35:19 UTC,/api/v1/category_rounds/7802/results,boulder_one_group_one_boulder_set,IFSC: 1 group,37,,,,,,,8988,4,/api/v1/routes/8988/startlist,
/api/v1/events/1314/result/407,1314,full_results_url,International Climbing Series - Studio Bloc Master - Pfungstadt (GER) 2023,BOULDER Youth B Male,registration_pending,2025-10-02 07:18:38 UTC,NA,,7802,boulder,Qualification,Youth B Male,pending,2022-09-27 07:35:19 UTC,/api/v1/category_rounds/7802/results,boulder_one_group_one_boulder_set,IFSC: 1 group,37,,,,,,,8989,5,/api/v1/routes/8989/startlist,
/api/v1/events/1314/result/411,1314,full_results_url,International Climbing Series - Studio Bloc Master - Pfungstadt (GER) 2023,BOULDER Youth C Male,registration_pending,2025-10-02 07:18:38 UTC,NA,,7803,boulder,Qualification,Youth C Male,pending,2022-09-27 07:35:19 UTC,/api/v1/category_rounds/7803/results,boulder_one_group_one_boulder_set,IFSC: 1 group,37,,,,,,,8990,1,/api/v1/routes/8990/startlist,
/api/v1/events/1314/result/411,1314,full_results_url,International Climbing Series - Studio Bloc Master - Pfungstadt (GER) 2023,BOULDER Youth C Male,registration_pending,2025-10-02 07:18:38 UTC,NA,,7803,boulder,Qualification,Youth C Male,pending,2022-09-27 07:35:19 UTC,/api/v1/category_rounds/7803/results,boulder_one_group_one_boulder_set,IFSC: 1 group,37,,,,,,,8991,2,/api/v1/routes/8991/startlist,
/api/v1/events/1314/result/411,1314,full_results_url,International Climbing Series - Studio Bloc Master - Pfungstadt (GER) 2023,BOULDER Youth C Male,registration_pending,2025-10-02 07:18:38 UTC,NA,,7803,boulder,Qualification,Youth C Male,pending,2022-09-27 07:35:19 UTC,/api/v1/category_rounds/7803/results,boulder_one_group_one_boulder_set,IFSC: 1 group,37,,,,,,,8992,3,/api/v1/routes/8992/startlist,
/api/v1/events/1314/result/411,1314,full_results_url,International Climbing Series - Studio Bloc Master - Pfungstadt (GER) 2023,BOULDER Youth C Male,registration_pending,2025-10-02 07:18:38 UTC,NA,,7803,boulder,Qualification,Youth C Male,pending,2022-09-27 07:35:19 UTC,/api/v1/category_rounds/7803/results,boulder_one_group_one_boulder_set,IFSC: 1 group,37,,,,,,,8993,4,/api/v1/routes/8993/startlist,
/api/v1/events/1314/result/411,1314,full_results_url,International Climbing Series - Studio Bloc Master - Pfungstadt (GER) 2023,BOULDER Youth C Male,registration_pending,2025-10-02 07:18:38 UTC,NA,,7803,boulder,Qualification,Youth C Male,pending,2022-09-27 07:35:19 UTC,/api/v1/category_rounds/7803/results,boulder_one_group_one_boulder_set,IFSC: 1 group,37,,,,,,,8994,5,/api/v1/routes/8994/startlist,
/api/v1/events/1314/result/415,1314,full_results_url,International Climbing Series - Studio Bloc Master - Pfungstadt (GER) 2023,BOULDER Women,registration_pending,2025-10-02 07:18:38 UTC,NA,,7804,boulder,Qualification,Women,pending,2022-09-27 07:35:19 UTC,/api/v1/category_rounds/7804/results,boulder_one_group_one_boulder_set,IFSC: 1 group,37,,,,,,,8995,1,/api/v1/routes/8995/startlist,
/api/v1/events/1314/result/415,1314,full_results_url,International Climbing Series - Studio Bloc Master - Pfungstadt (GER) 2023,BOULDER Women,registration_pending,2025-10-02 07:18:38 UTC,NA,,7804,boulder,Qualification,Women,pending,2022-09-27 07:35:19 UTC,/api/v1/category_rounds/7804/results,boulder_one_group_one_boulder_set,IFSC: 1 group,37,,,,,,,8996,2,/api/v1/routes/8996/startlist,
/api/v1/events/1314/result/415,1314,full_results_url,International Climbing Series - Studio Bloc Master - Pfungstadt (GER) 2023,BOULDER Women,registration_pending,2025-10-02 07:18:38 UTC,NA,,7804,boulder,Qualification,Women,pending,2022-09-27 07:35:19 UTC,/api/v1/category_rounds/7804/results,boulder_one_group_one_boulder_set,IFSC: 1 group,37,,,,,,,8997,3,/api/v1/routes/8997/startlist,
/api/v1/events/1314/result/415,1314,full_results_url,International Climbing Series - Studio Bloc Master - Pfungstadt (GER) 2023,BOULDER Women,registration_pending,2025-10-02 07:18:38 UTC,NA,,7804,boulder,Qualification,Women,pending,2022-09-27 07:35:19 UTC,/api/v1/category_rounds/7804/results,boulder_one_group_one_boulder_set,IFSC: 1 group,37,,,,,,,8998,4,/api/v1/routes/8998/startlist,
/api/v1/events/1314/result/415,1314,full_results_url,International Climbing Series - Studio Bloc Master - Pfungstadt (GER) 2023,BOULDER Women,registration_pending,2025-10-02 07:18:38 UTC,NA,,7804,boulder,Qualification,Women,pending,2022-09-27 07:35:19 UTC,/api/v1/category_rounds/7804/results,boulder_one_group_one_boulder_set,IFSC: 1 group,37,,,,,,,8999,5,/api/v1/routes/8999/startlist,
/api/v1/events/1314/result/419,1314,full_results_url,International Climbing Series - Studio Bloc Master - Pfungstadt (GER) 2023,BOULDER Juniors Female,registration_pending,2025-10-02 07:18:38 UTC,NA,,7805,boulder,Qualification,Juniors Female,pending,2022-09-27 07:35:20 UTC,/api/v1/category_rounds/7805/results,boulder_one_group_one_boulder_set,IFSC: 1 group,37,,,,,,,9000,1,/api/v1/routes/9000/startlist,
/api/v1/events/1314/result/419,1314,full_results_url,International Climbing Series - Studio Bloc Master - Pfungstadt (GER) 2023,BOULDER Juniors Female,registration_pending,2025-10-02 07:18:38 UTC,NA,,7805,boulder,Qualification,Juniors Female,pending,2022-09-27 07:35:20 UTC,/api/v1/category_rounds/7805/results,boulder_one_group_one_boulder_set,IFSC: 1 group,37,,,,,,,9001,2,/api/v1/routes/9001/startlist,
/api/v1/events/1314/result/419,1314,full_results_url,International Climbing Series - Studio Bloc Master - Pfungstadt (GER) 2023,BOULDER Juniors Female,registration_pending,2025-10-02 07:18:38 UTC,NA,,7805,boulder,Qualification,Juniors Female,pending,2022-09-27 07:35:20 UTC,/api/v1/category_rounds/7805/results,boulder_one_group_one_boulder_set,IFSC: 1 group,37,,,,,,,9002,3,/api/v1/routes/9002/startlist,
/api/v1/events/1314/result/419,1314,full_results_url,International Climbing Series - Studio Bloc Master - Pfungstadt (GER) 2023,BOULDER Juniors Female,registration_pending,2025-10-02 07:18:38 UTC,NA,,7805,boulder,Qualification,Juniors Female,pending,2022-09-27 07:35:20 UTC,/api/v1/category_rounds/7805/results,boulder_one_group_one_boulder_set,IFSC: 1 group,37,,,,,,,9003,4,/api/v1/routes/9003/startlist,
/api/v1/events/1314/result/419,1314,full_results_url,International Climbing Series - Studio Bloc Master - Pfungstadt (GER) 2023,BOULDER Juniors Female,registration_pending,2025-10-02 07:18:38 UTC,NA,,7805,boulder,Qualification,Juniors Female,pending,2022-09-27 07:35:20 UTC,/api/v1/category_rounds/7805/results,boulder_one_group_one_boulder_set,IFSC: 1 group,37,,,,,,,9004,5,/api/v1/routes/9004/startlist,
/api/v1/events/1314/result/423,1314,full_results_url,International Climbing Series - Studio Bloc Master - Pfungstadt (GER) 2023,BOULDER Youth A Female,registration_pending,2025-10-02 07:18:38 UTC,NA,,7806,boulder,Qualification,Youth A Female,pending,2022-09-27 07:35:20 UTC,/api/v1/category_rounds/7806/results,boulder_one_group_one_boulder_set,IFSC: 1 group,37,,,,,,,9005,1,/api/v1/routes/9005/startlist,
/api/v1/events/1314/result/423,1314,full_results_url,International Climbing Series - Studio Bloc Master - Pfungstadt (GER) 2023,BOULDER Youth A Female,registration_pending,2025-10-02 07:18:38 UTC,NA,,7806,boulder,Qualification,Youth A Female,pending,2022-09-27 07:35:20 UTC,/api/v1/category_rounds/7806/results,boulder_one_group_one_boulder_set,IFSC: 1 group,37,,,,,,,9006,2,/api/v1/routes/9006/startlist,
/api/v1/events/1314/result/423,1314,full_results_url,International Climbing Series - Studio Bloc Master - Pfungstadt (GER) 2023,BOULDER Youth A Female,registration_pending,2025-10-02 07:18:38 UTC,NA,,7806,boulder,Qualification,Youth A Female,pending,2022-09-27 07:35:20 UTC,/api/v1/category_rounds/7806/results,boulder_one_group_one_boulder_set,IFSC: 1 group,37,,,,,,,9007,3,/api/v1/routes/9007/startlist,
/api/v1/events/1314/result/423,1314,full_results_url,International Climbing Series - Studio Bloc Master - Pfungstadt (GER) 2023,BOULDER Youth A Female,registration_pending,2025-10-02 07:18:38 UTC,NA,,7806,boulder,Qualification,Youth A Female,pending,2022-09-27 07:35:20 UTC,/api/v1/category_rounds/7806/results,boulder_one_group_one_boulder_set,IFSC: 1 group,37,,,,,,,9008,4,/api/v1/routes/9008/startlist,
/api/v1/events/1314/result/423,1314,full_results_url,International Climbing Series - Studio Bloc Master - Pfungstadt (GER) 2023,BOULDER Youth A Female,registration_pending,2025-10-02 07:18:38 UTC,NA,,7806,boulder,Qualification,Youth A Female,pending,2022-09-27 07:35:20 UTC,/api/v1/category_rounds/7806/results,boulder_one_group_one_boulder_set,IFSC: 1 group,37,,,,,,,9009,5,/api/v1/routes/9009/startlist,
/api/v1/events/1314/result/427,1314,full_results_url,International Climbing Series - Studio Bloc Master - Pfungstadt (GER) 2023,BOULDER Youth B Female,registration_pending,2025-10-02 07:18:38 UTC,NA,,7807,boulder,Qualification,Youth B Female,pending,2022-09-27 07:35:20 UTC,/api/v1/category_rounds/7807/results,boulder_one_group_one_boulder_set,IFSC: 1 group,37,,,,,,,9010,1,/api/v1/routes/9010/startlist,
/api/v1/events/1314/result/427,1314,full_results_url,International Climbing Series - Studio Bloc Master - Pfungstadt (GER) 2023,BOULDER Youth B Female,registration_pending,2025-10-02 07:18:38 UTC,NA,,7807,boulder,Qualification,Youth B Female,pending,2022-09-27 07:35:20 UTC,/api/v1/category_rounds/7807/results,boulder_one_group_one_boulder_set,IFSC: 1 group,37,,,,,,,9011,2,/api/v1/routes/9011/startlist,
/api/v1/events/1314/result/427,1314,full_results_url,International Climbing Series - Studio Bloc Master - Pfungstadt (GER) 2023,BOULDER Youth B Female,registration_pending,2025-10-02 07:18:38 UTC,NA,,7807,boulder,Qualification,Youth B Female,pending,2022-09-27 07:35:20 UTC,/api/v1/category_rounds/7807/results,boulder_one_group_one_boulder_set,IFSC: 1 group,37,,,,,,,9012,3,/api/v1/routes/9012/startlist,
/api/v1/events/1314/result/427,1314,full_results_url,International Climbing Series - Studio Bloc Master - Pfungstadt (GER) 2023,BOULDER Youth B Female,registration_pending,2025-10-02 07:18:38 UTC,NA,,7807,boulder,Qualification,Youth B Female,pending,2022-09-27 07:35:20 UTC,/api/v1/category_rounds/7807/results,boulder_one_group_one_boulder_set,IFSC: 1 group,37,,,,,,,9013,4,/api/v1/routes/9013/startlist,
/api/v1/events/1314/result/427,1314,full_results_url,International Climbing Series - Studio Bloc Master - Pfungstadt (GER) 2023,BOULDER Youth B Female,registration_pending,2025-10-02 07:18:38 UTC,NA,,7807,boulder,Qualification,Youth B Female,pending,2022-09-27 07:35:20 UTC,/api/v1/category_rounds/7807/results,boulder_one_group_one_boulder_set,IFSC: 1 group,37,,,,,,,9014,5,/api/v1/routes/9014/startlist,
/api/v1/events/1314/result/431,1314,full_results_url,International Climbing Series - Studio Bloc Master - Pfungstadt (GER) 2023,BOULDER Youth C Female,registration_pending,2025-10-02 07:18:38 UTC,NA,,7808,boulder,Qualification,Youth C Female,pending,2022-09-27 07:35:20 UTC,/api/v1/category_rounds/7808/results,boulder_one_group_one_boulder_set,IFSC: 1 group,37,,,,,,,9015,1,/api/v1/routes/9015/startlist,
/api/v1/events/1314/result/431,1314,full_results_url,International Climbing Series - Studio Bloc Master - Pfungstadt (GER) 2023,BOULDER Youth C Female,registration_pending,2025-10-02 07:18:38 UTC,NA,,7808,boulder,Qualification,Youth C Female,pending,2022-09-27 07:35:20 UTC,/api/v1/category_rounds/7808/results,boulder_one_group_one_boulder_set,IFSC: 1 group,37,,,,,,,9016,2,/api/v1/routes/9016/startlist,
/api/v1/events/1314/result/431,1314,full_results_url,International Climbing Series - Studio Bloc Master - Pfungstadt (GER) 2023,BOULDER Youth C Female,registration_pending,2025-10-02 07:18:38 UTC,NA,,7808,boulder,Qualification,Youth C Female,pending,2022-09-27 07:35:20 UTC,/api/v1/category_rounds/7808/results,boulder_one_group_one_boulder_set,IFSC: 1 group,37,,,,,,,9017,3,/api/v1/routes/9017/startlist,
/api/v1/events/1314/result/431,1314,full_results_url,International Climbing Series - Studio Bloc Master - Pfungstadt (GER) 2023,BOULDER Youth C Female,registration_pending,2025-10-02 07:18:38 UTC,NA,,7808,boulder,Qualification,Youth C Female,pending,2022-09-27 07:35:20 UTC,/api/v1/category_rounds/7808/results,boulder_one_group_one_boulder_set,IFSC: 1 group,37,,,,,,,9018,4,/api/v1/routes/9018/startlist,
/api/v1/events/1314/result/431,1314,full_results_url,International Climbing Series - Studio Bloc Master - Pfungstadt (GER) 2023,BOULDER Youth C Female,registration_pending,2025-10-02 07:18:38 UTC,NA,,7808,boulder,Qualification,Youth C Female,pending,2022-09-27 07:35:20 UTC,/api/v1/category_rounds/7808/results,boulder_one_group_one_boulder_set,IFSC: 1 group,37,,,,,,,9019,5,/api/v1/routes/9019/startlist,
/api/v1/events/1332/result/234,1332,full_results_url,IFSC Europe - Continental Youth Cup (S) - Tarnów (POL) 2023,SPEED Juniors Male,finished,2025-10-02 07:18:39 UTC,2026-04-22 08:40:21 UTC,,7929,speed,Qualification,Juniors Male,finished,2023-04-02 11:51:22 UTC,/api/v1/category_rounds/7929/results,speed_staggered_tolerate_false_start,IFSC-E: Qualification (Tolerate FS),19,,,,,,,9593,A,/api/v1/routes/9593/startlist,
/api/v1/events/1332/result/234,1332,full_results_url,IFSC Europe - Continental Youth Cup (S) - Tarnów (POL) 2023,SPEED Juniors Male,finished,2025-10-02 07:18:39 UTC,2026-04-22 08:40:21 UTC,,7929,speed,Qualification,Juniors Male,finished,2023-04-02 11:51:22 UTC,/api/v1/category_rounds/7929/results,speed_staggered_tolerate_false_start,IFSC-E: Qualification (Tolerate FS),19,,,,,,,9594,B,/api/v1/routes/9594/startlist,
/api/v1/events/1332/result/234,1332,full_results_url,IFSC Europe - Continental Youth Cup (S) - Tarnów (POL) 2023,SPEED Juniors Male,finished,2025-10-02 07:18:39 UTC,2026-04-22 08:40:21 UTC,,8078,speed,Final,Juniors Male,finished,2024-01-15 13:33:32 UTC,/api/v1/category_rounds/8078/results,speed_elimination_ifsc_2022,IFSC 2022: Elimination,21,,,,,,,9759,A,/api/v1/routes/9759/startlist,
/api/v1/events/1332/result/234,1332,full_results_url,IFSC Europe - Continental Youth Cup (S) - Tarnów (POL) 2023,SPEED Juniors Male,finished,2025-10-02 07:18:39 UTC,2026-04-22 08:40:21 UTC,,8078,speed,Final,Juniors Male,finished,2024-01-15 13:33:32 UTC,/api/v1/category_rounds/8078/results,speed_elimination_ifsc_2022,IFSC 2022: Elimination,21,,,,,,,9760,B,/api/v1/routes/9760/startlist,
/api/v1/events/1332/result/238,1332,full_results_url,IFSC Europe - Continental Youth Cup (S) - Tarnów (POL) 2023,SPEED Youth A Male,finished,2025-10-02 07:18:39 UTC,2026-04-22 08:40:24 UTC,,7930,speed,Qualification,Youth A Male,finished,2023-04-02 11:23:18 UTC,/api/v1/category_rounds/7930/results,speed_staggered_tolerate_false_start,IFSC-E: Qualification (Tolerate FS),19,,,,,,,9595,A,/api/v1/routes/9595/startlist,
/api/v1/events/1332/result/238,1332,full_results_url,IFSC Europe - Continental Youth Cup (S) - Tarnów (POL) 2023,SPEED Youth A Male,finished,2025-10-02 07:18:39 UTC,2026-04-22 08:40:24 UTC,,7930,speed,Qualification,Youth A Male,finished,2023-04-02 11:23:18 UTC,/api/v1/category_rounds/7930/results,speed_staggered_tolerate_false_start,IFSC-E: Qualification (Tolerate FS),19,,,,,,,9596,B,/api/v1/routes/9596/startlist,
/api/v1/events/1332/result/238,1332,full_results_url,IFSC Europe - Continental Youth Cup (S) - Tarnów (POL) 2023,SPEED Youth A Male,finished,2025-10-02 07:18:39 UTC,2026-04-22 08:40:24 UTC,,8079,speed,Final,Youth A Male,finished,2024-01-15 13:33:33 UTC,/api/v1/category_rounds/8079/results,speed_elimination_ifsc_2022,IFSC 2022: Elimination,21,,,,,,,9761,A,/api/v1/routes/9761/startlist,
/api/v1/events/1332/result/238,1332,full_results_url,IFSC Europe - Continental Youth Cup (S) - Tarnów (POL) 2023,SPEED Youth A Male,finished,2025-10-02 07:18:39 UTC,2026-04-22 08:40:24 UTC,,8079,speed,Final,Youth A Male,finished,2024-01-15 13:33:33 UTC,/api/v1/category_rounds/8079/results,speed_elimination_ifsc_2022,IFSC 2022: Elimination,21,,,,,,,9762,B,/api/v1/routes/9762/startlist,
/api/v1/events/1332/result/242,1332,full_results_url,IFSC Europe - Continental Youth Cup (S) - Tarnów (POL) 2023,SPEED Youth B Male,finished,2025-10-02 07:18:39 UTC,2026-04-22 08:40:27 UTC,,7931,speed,Qualification,Youth B Male,finished,2023-04-02 10:52:09 UTC,/api/v1/category_rounds/7931/results,speed_staggered_tolerate_false_start,IFSC-E: Qualification (Tolerate FS),19,,,,,,,9597,A,/api/v1/routes/9597/startlist,
/api/v1/events/1332/result/242,1332,full_results_url,IFSC Europe - Continental Youth Cup (S) - Tarnów (POL) 2023,SPEED Youth B Male,finished,2025-10-02 07:18:39 UTC,2026-04-22 08:40:27 UTC,,7931,speed,Qualification,Youth B Male,finished,2023-04-02 10:52:09 UTC,/api/v1/category_rounds/7931/results,speed_staggered_tolerate_false_start,IFSC-E: Qualification (Tolerate FS),19,,,,,,,9598,B,/api/v1/routes/9598/startlist,
/api/v1/events/1332/result/242,1332,full_results_url,IFSC Europe - Continental Youth Cup (S) - Tarnów (POL) 2023,SPEED Youth B Male,finished,2025-10-02 07:18:39 UTC,2026-04-22 08:40:27 UTC,,8080,speed,Final,Youth B Male,finished,2024-01-15 13:33:33 UTC,/api/v1/category_rounds/8080/results,speed_elimination_ifsc_2022,IFSC 2022: Elimination,21,,,,,,,9763,A,/api/v1/routes/9763/startlist,
/api/v1/events/1332/result/242,1332,full_results_url,IFSC Europe - Continental Youth Cup (S) - Tarnów (POL) 2023,SPEED Youth B Male,finished,2025-10-02 07:18:39 UTC,2026-04-22 08:40:27 UTC,,8080,speed,Final,Youth B Male,finished,2024-01-15 13:33:33 UTC,/api/v1/category_rounds/8080/results,speed_elimination_ifsc_2022,IFSC 2022: Elimination,21,,,,,,,9764,B,/api/v1/routes/9764/startlist,
/api/v1/events/1332/result/250,1332,full_results_url,IFSC Europe - Continental Youth Cup (S) - Tarnów (POL) 2023,SPEED Juniors Female,finished,2025-10-02 07:18:39 UTC,2026-04-22 08:40:30 UTC,,7932,speed,Qualification,Juniors Female,finished,2023-04-02 11:37:35 UTC,/api/v1/category_rounds/7932/results,speed_staggered_tolerate_false_start,IFSC-E: Qualification (Tolerate FS),19,,,,,,,9599,A,/api/v1/routes/9599/startlist,
/api/v1/events/1332/result/250,1332,full_results_url,IFSC Europe - Continental Youth Cup (S) - Tarnów (POL) 2023,SPEED Juniors Female,finished,2025-10-02 07:18:39 UTC,2026-04-22 08:40:30 UTC,,7932,speed,Qualification,Juniors Female,finished,2023-04-02 11:37:35 UTC,/api/v1/category_rounds/7932/results,speed_staggered_tolerate_false_start,IFSC-E: Qualification (Tolerate FS),19,,,,,,,9600,B,/api/v1/routes/9600/startlist,
/api/v1/events/1332/result/250,1332,full_results_url,IFSC Europe - Continental Youth Cup (S) - Tarnów (POL) 2023,SPEED Juniors Female,finished,2025-10-02 07:18:39 UTC,2026-04-22 08:40:30 UTC,,8081,speed,Final,Juniors Female,finished,2023-04-02 14:44:23 UTC,/api/v1/category_rounds/8081/results,speed_elimination_ifsc_2022,IFSC 2022: Elimination,21,,,,,,,9765,A,/api/v1/routes/9765/startlist,
/api/v1/events/1332/result/250,1332,full_results_url,IFSC Europe - Continental Youth Cup (S) - Tarnów (POL) 2023,SPEED Juniors Female,finished,2025-10-02 07:18:39 UTC,2026-04-22 08:40:30 UTC,,8081,speed,Final,Juniors Female,finished,2023-04-02 14:44:23 UTC,/api/v1/category_rounds/8081/results,speed_elimination_ifsc_2022,IFSC 2022: Elimination,21,,,,,,,9766,B,/api/v1/routes/9766/startlist,
/api/v1/events/1332/result/254,1332,full_results_url,IFSC Europe - Continental Youth Cup (S) - Tarnów (POL) 2023,SPEED Youth A Female,finished,2025-10-02 07:18:39 UTC,2026-04-22 08:40:34 UTC,,7933,speed,Qualification,Youth A Female,finished,2023-04-02 11:05:15 UTC,/api/v1/category_rounds/7933/results,speed_staggered_tolerate_false_start,IFSC-E: Qualification (Tolerate FS),19,,,,,,,9601,A,/api/v1/routes/9601/startlist,
/api/v1/events/1332/result/254,1332,full_results_url,IFSC Europe - Continental Youth Cup (S) - Tarnów (POL) 2023,SPEED Youth A Female,finished,2025-10-02 07:18:39 UTC,2026-04-22 08:40:34 UTC,,7933,speed,Qualification,Youth A Female,finished,2023-04-02 11:05:15 UTC,/api/v1/category_rounds/7933/results,speed_staggered_tolerate_false_start,IFSC-E: Qualification (Tolerate FS),19,,,,,,,9602,B,/api/v1/routes/9602/startlist,
/api/v1/events/1332/result/254,1332,full_results_url,IFSC Europe - Continental Youth Cup (S) - Tarnów (POL) 2023,SPEED Youth A Female,finished,2025-10-02 07:18:39 UTC,2026-04-22 08:40:34 UTC,,8082,speed,Final,Youth A Female,finished,2024-01-15 13:33:34 UTC,/api/v1/category_rounds/8082/results,speed_elimination_ifsc_2022,IFSC 2022: Elimination,21,,,,,,,9767,A,/api/v1/routes/9767/startlist,
/api/v1/events/1332/result/254,1332,full_results_url,IFSC Europe - Continental Youth Cup (S) - Tarnów (POL) 2023,SPEED Youth A Female,finished,2025-10-02 07:18:39 UTC,2026-04-22 08:40:34 UTC,,8082,speed,Final,Youth A Female,finished,2024-01-15 13:33:34 UTC,/api/v1/category_rounds/8082/results,speed_elimination_ifsc_2022,IFSC 2022: Elimination,21,,,,,,,9768,B,/api/v1/routes/9768/startlist,
/api/v1/events/1332/result/258,1332,full_results_url,IFSC Europe - Continental Youth Cup (S) - Tarnów (POL) 2023,SPEED Youth B Female,finished,2025-10-02 07:18:39 UTC,2026-04-22 08:40:37 UTC,,7934,speed,Qualification,Youth B Female,finished,2023-04-02 10:32:49 UTC,/api/v1/category_rounds/7934/results,speed_staggered_tolerate_false_start,IFSC-E: Qualification (Tolerate FS),19,,,,,,,9603,A,/api/v1/routes/9603/startlist,
/api/v1/events/1332/result/258,1332,full_results_url,IFSC Europe - Continental Youth Cup (S) - Tarnów (POL) 2023,SPEED Youth B Female,finished,2025-10-02 07:18:39 UTC,2026-04-22 08:40:37 UTC,,7934,speed,Qualification,Youth B Female,finished,2023-04-02 10:32:49 UTC,/api/v1/category_rounds/7934/results,speed_staggered_tolerate_false_start,IFSC-E: Qualification (Tolerate FS),19,,,,,,,9604,B,/api/v1/routes/9604/startlist,
/api/v1/events/1332/result/258,1332,full_results_url,IFSC Europe - Continental Youth Cup (S) - Tarnów (POL) 2023,SPEED Youth B Female,finished,2025-10-02 07:18:39 UTC,2026-04-22 08:40:37 UTC,,8083,speed,Final,Youth B Female,finished,2024-01-15 13:33:34 UTC,/api/v1/category_rounds/8083/results,speed_elimination_ifsc_2022,IFSC 2022: Elimination,21,,,,,,,9769,A,/api/v1/routes/9769/startlist,
/api/v1/events/1332/result/258,1332,full_results_url,IFSC Europe - Continental Youth Cup (S) - Tarnów (POL) 2023,SPEED Youth B Female,finished,2025-10-02 07:18:39 UTC,2026-04-22 08:40:37 UTC,,8083,speed,Final,Youth B Female,finished,2024-01-15 13:33:34 UTC,/api/v1/category_rounds/8083/results,speed_elimination_ifsc_2022,IFSC 2022: Elimination,21,,,,,,,9770,B,/api/v1/routes/9770/startlist,
/api/v1/events/1331/result/226,1331,full_results_url,IFSC European Cup Tarnów 2023,SPEED Men,finished,2025-10-02 07:18:39 UTC,2026-04-22 08:40:40 UTC,,7927,speed,Qualification,Men,finished,2023-04-01 16:41:44 UTC,/api/v1/category_rounds/7927/results,speed_staggered,IFSC: Qualification,16,,,,,,,9464,A,/api/v1/routes/9464/startlist,
/api/v1/events/1331/result/226,1331,full_results_url,IFSC European Cup Tarnów 2023,SPEED Men,finished,2025-10-02 07:18:39 UTC,2026-04-22 08:40:40 UTC,,7927,speed,Qualification,Men,finished,2023-04-01 16:41:44 UTC,/api/v1/category_rounds/7927/results,speed_staggered,IFSC: Qualification,16,,,,,,,9465,B,/api/v1/routes/9465/startlist,
/api/v1/events/1331/result/226,1331,full_results_url,IFSC European Cup Tarnów 2023,SPEED Men,finished,2025-10-02 07:18:39 UTC,2026-04-22 08:40:40 UTC,,8076,speed,Final,Men,finished,2024-01-15 15:49:05 UTC,/api/v1/category_rounds/8076/results,speed_elimination_ifsc_2022,IFSC 2022: Elimination,18,,,,,,,9755,A,/api/v1/routes/9755/startlist,
/api/v1/events/1331/result/226,1331,full_results_url,IFSC European Cup Tarnów 2023,SPEED Men,finished,2025-10-02 07:18:39 UTC,2026-04-22 08:40:40 UTC,,8076,speed,Final,Men,finished,2024-01-15 15:49:05 UTC,/api/v1/category_rounds/8076/results,speed_elimination_ifsc_2022,IFSC 2022: Elimination,18,,,,,,,9756,B,/api/v1/routes/9756/startlist,
/api/v1/events/1331/result/230,1331,full_results_url,IFSC European Cup Tarnów 2023,SPEED Women,finished,2025-10-02 07:18:39 UTC,2026-04-22 08:40:43 UTC,,7928,speed,Qualification,Women,finished,2023-04-01 16:02:05 UTC,/api/v1/category_rounds/7928/results,speed_staggered,IFSC: Qualification,16,,,,,,,9466,A,/api/v1/routes/9466/startlist,
/api/v1/events/1331/result/230,1331,full_results_url,IFSC European Cup Tarnów 2023,SPEED Women,finished,2025-10-02 07:18:39 UTC,2026-04-22 08:40:43 UTC,,7928,speed,Qualification,Women,finished,2023-04-01 16:02:05 UTC,/api/v1/category_rounds/7928/results,speed_staggered,IFSC: Qualification,16,,,,,,,9467,B,/api/v1/routes/9467/startlist,
/api/v1/events/1331/result/230,1331,full_results_url,IFSC European Cup Tarnów 2023,SPEED Women,finished,2025-10-02 07:18:39 UTC,2026-04-22 08:40:43 UTC,,8077,speed,Final,Women,finished,2024-01-15 15:49:05 UTC,/api/v1/category_rounds/8077/results,speed_elimination_ifsc_2022,IFSC 2022: Elimination,18,,,,,,,9757,A,/api/v1/routes/9757/startlist,
/api/v1/events/1331/result/230,1331,full_results_url,IFSC European Cup Tarnów 2023,SPEED Women,finished,2025-10-02 07:18:39 UTC,2026-04-22 08:40:43 UTC,,8077,speed,Final,Women,finished,2024-01-15 15:49:05 UTC,/api/v1/category_rounds/8077/results,speed_elimination_ifsc_2022,IFSC 2022: Elimination,18,,,,,,,9758,B,/api/v1/routes/9758/startlist,
/api/v1/events/1317/result/227,1317,full_results_url,IFSC European Cup Chambéry 2023,BOULDER Men,finished,2025-10-02 07:18:38 UTC,2026-04-22 08:40:47 UTC,,7857,boulder,Qualification,Men,finished,2023-04-07 18:31:57 UTC,/api/v1/category_rounds/7857/results,boulder_one_group_one_boulder_set,IFSC: 1 group,16,,,,,,,9859,1,/api/v1/routes/9859/startlist,
/api/v1/events/1317/result/227,1317,full_results_url,IFSC European Cup Chambéry 2023,BOULDER Men,finished,2025-10-02 07:18:38 UTC,2026-04-22 08:40:47 UTC,,7857,boulder,Qualification,Men,finished,2023-04-07 18:31:57 UTC,/api/v1/category_rounds/7857/results,boulder_one_group_one_boulder_set,IFSC: 1 group,16,,,,,,,9860,2,/api/v1/routes/9860/startlist,
/api/v1/events/1317/result/227,1317,full_results_url,IFSC European Cup Chambéry 2023,BOULDER Men,finished,2025-10-02 07:18:38 UTC,2026-04-22 08:40:47 UTC,,7857,boulder,Qualification,Men,finished,2023-04-07 18:31:57 UTC,/api/v1/category_rounds/7857/results,boulder_one_group_one_boulder_set,IFSC: 1 group,16,,,,,,,9861,3,/api/v1/routes/9861/startlist,
/api/v1/events/1317/result/227,1317,full_results_url,IFSC European Cup Chambéry 2023,BOULDER Men,finished,2025-10-02 07:18:38 UTC,2026-04-22 08:40:47 UTC,,7857,boulder,Qualification,Men,finished,2023-04-07 18:31:57 UTC,/api/v1/category_rounds/7857/results,boulder_one_group_one_boulder_set,IFSC: 1 group,16,,,,,,,9862,4,/api/v1/routes/9862/startlist,
/api/v1/events/1317/result/227,1317,full_results_url,IFSC European Cup Chambéry 2023,BOULDER Men,finished,2025-10-02 07:18:38 UTC,2026-04-22 08:40:47 UTC,,7857,boulder,Qualification,Men,finished,2023-04-07 18:31:57 UTC,/api/v1/category_rounds/7857/results,boulder_one_group_one_boulder_set,IFSC: 1 group,16,,,,,,,9863,5,/api/v1/routes/9863/startlist,
/api/v1/events/1317/result/227,1317,full_results_url,IFSC European Cup Chambéry 2023,BOULDER Men,finished,2025-10-02 07:18:38 UTC,2026-04-22 08:40:47 UTC,,7857,boulder,Qualification,Men,finished,2023-04-07 18:31:57 UTC,/api/v1/category_rounds/7857/results,boulder_one_group_one_boulder_set,IFSC: 1 group,16,,,,,,,9885,6,/api/v1/routes/9885/startlist,
/api/v1/events/1317/result/227,1317,full_results_url,IFSC European Cup Chambéry 2023,BOULDER Men,finished,2025-10-02 07:18:38 UTC,2026-04-22 08:40:47 UTC,,8114,boulder,Semi-Final,Men,finished,2023-04-08 11:00:04 UTC,/api/v1/category_rounds/8114/results,boulder_one_group_one_boulder_set,IFSC: 1 group,17,,,,,,,9869,1,/api/v1/routes/9869/startlist,
/api/v1/events/1317/result/227,1317,full_results_url,IFSC European Cup Chambéry 2023,BOULDER Men,finished,2025-10-02 07:18:38 UTC,2026-04-22 08:40:47 UTC,,8114,boulder,Semi-Final,Men,finished,2023-04-08 11:00:04 UTC,/api/v1/category_rounds/8114/results,boulder_one_group_one_boulder_set,IFSC: 1 group,17,,,,,,,9870,2,/api/v1/routes/9870/startlist,
/api/v1/events/1317/result/227,1317,full_results_url,IFSC European Cup Chambéry 2023,BOULDER Men,finished,2025-10-02 07:18:38 UTC,2026-04-22 08:40:47 UTC,,8114,boulder,Semi-Final,Men,finished,2023-04-08 11:00:04 UTC,/api/v1/category_rounds/8114/results,boulder_one_group_one_boulder_set,IFSC: 1 group,17,,,,,,,9871,3,/api/v1/routes/9871/startlist,
/api/v1/events/1317/result/227,1317,full_results_url,IFSC European Cup Chambéry 2023,BOULDER Men,finished,2025-10-02 07:18:38 UTC,2026-04-22 08:40:47 UTC,,8114,boulder,Semi-Final,Men,finished,2023-04-08 11:00:04 UTC,/api/v1/category_rounds/8114/results,boulder_one_group_one_boulder_set,IFSC: 1 group,17,,,,,,,9872,4,/api/v1/routes/9872/startlist,
/api/v1/events/1317/result/227,1317,full_results_url,IFSC European Cup Chambéry 2023,BOULDER Men,finished,2025-10-02 07:18:38 UTC,2026-04-22 08:40:47 UTC,,8116,boulder,Final,Men,finished,2023-04-08 19:13:12 UTC,/api/v1/category_rounds/8116/results,boulder_one_group_one_boulder_set,IFSC: 1 group,18,,,,,,,9877,1,/api/v1/routes/9877/startlist,
/api/v1/events/1317/result/227,1317,full_results_url,IFSC European Cup Chambéry 2023,BOULDER Men,finished,2025-10-02 07:18:38 UTC,2026-04-22 08:40:47 UTC,,8116,boulder,Final,Men,finished,2023-04-08 19:13:12 UTC,/api/v1/category_rounds/8116/results,boulder_one_group_one_boulder_set,IFSC: 1 group,18,,,,,,,9878,2,/api/v1/routes/9878/startlist,
/api/v1/events/1317/result/227,1317,full_results_url,IFSC European Cup Chambéry 2023,BOULDER Men,finished,2025-10-02 07:18:38 UTC,2026-04-22 08:40:47 UTC,,8116,boulder,Final,Men,finished,2023-04-08 19:13:12 UTC,/api/v1/category_rounds/8116/results,boulder_one_group_one_boulder_set,IFSC: 1 group,18,,,,,,,9879,3,/api/v1/routes/9879/startlist,
/api/v1/events/1317/result/227,1317,full_results_url,IFSC European Cup Chambéry 2023,BOULDER Men,finished,2025-10-02 07:18:38 UTC,2026-04-22 08:40:47 UTC,,8116,boulder,Final,Men,finished,2023-04-08 19:13:12 UTC,/api/v1/category_rounds/8116/results,boulder_one_group_one_boulder_set,IFSC: 1 group,18,,,,,,,9880,4,/api/v1/routes/9880/startlist,
/api/v1/events/1317/result/231,1317,full_results_url,IFSC European Cup Chambéry 2023,BOULDER Women,finished,2025-10-02 07:18:38 UTC,2026-04-22 08:40:51 UTC,,7858,boulder,Qualification,Women,finished,2023-04-07 13:34:10 UTC,/api/v1/category_rounds/7858/results,boulder_one_group_one_boulder_set,IFSC: 1 group,16,,,,,,,9864,1,/api/v1/routes/9864/startlist,
/api/v1/events/1317/result/231,1317,full_results_url,IFSC European Cup Chambéry 2023,BOULDER Women,finished,2025-10-02 07:18:38 UTC,2026-04-22 08:40:51 UTC,,7858,boulder,Qualification,Women,finished,2023-04-07 13:34:10 UTC,/api/v1/category_rounds/7858/results,boulder_one_group_one_boulder_set,IFSC: 1 group,16,,,,,,,9865,2,/api/v1/routes/9865/startlist,
/api/v1/events/1317/result/231,1317,full_results_url,IFSC European Cup Chambéry 2023,BOULDER Women,finished,2025-10-02 07:18:38 UTC,2026-04-22 08:40:51 UTC,,7858,boulder,Qualification,Women,finished,2023-04-07 13:34:10 UTC,/api/v1/category_rounds/7858/results,boulder_one_group_one_boulder_set,IFSC: 1 group,16,,,,,,,9866,3,/api/v1/routes/9866/startlist,
/api/v1/events/1317/result/231,1317,full_results_url,IFSC European Cup Chambéry 2023,BOULDER Women,finished,2025-10-02 07:18:38 UTC,2026-04-22 08:40:51 UTC,,7858,boulder,Qualification,Women,finished,2023-04-07 13:34:10 UTC,/api/v1/category_rounds/7858/results,boulder_one_group_one_boulder_set,IFSC: 1 group,16,,,,,,,9867,4,/api/v1/routes/9867/startlist,
/api/v1/events/1317/result/231,1317,full_results_url,IFSC European Cup Chambéry 2023,BOULDER Women,finished,2025-10-02 07:18:38 UTC,2026-04-22 08:40:51 UTC,,7858,boulder,Qualification,Women,finished,2023-04-07 13:34:10 UTC,/api/v1/category_rounds/7858/results,boulder_one_group_one_boulder_set,IFSC: 1 group,16,,,,,,,9868,5,/api/v1/routes/9868/startlist,
/api/v1/events/1317/result/231,1317,full_results_url,IFSC European Cup Chambéry 2023,BOULDER Women,finished,2025-10-02 07:18:38 UTC,2026-04-22 08:40:51 UTC,,7858,boulder,Qualification,Women,finished,2023-04-07 13:34:10 UTC,/api/v1/category_rounds/7858/results,boulder_one_group_one_boulder_set,IFSC: 1 group,16,,,,,,,9886,6,/api/v1/routes/9886/startlist,
/api/v1/events/1317/result/231,1317,full_results_url,IFSC European Cup Chambéry 2023,BOULDER Women,finished,2025-10-02 07:18:38 UTC,2026-04-22 08:40:51 UTC,,8115,boulder,Semi-Final,Women,finished,2023-04-08 11:03:16 UTC,/api/v1/category_rounds/8115/results,boulder_one_group_one_boulder_set,IFSC: 1 group,17,,,,,,,9873,1,/api/v1/routes/9873/startlist,
/api/v1/events/1317/result/231,1317,full_results_url,IFSC European Cup Chambéry 2023,BOULDER Women,finished,2025-10-02 07:18:38 UTC,2026-04-22 08:40:51 UTC,,8115,boulder,Semi-Final,Women,finished,2023-04-08 11:03:16 UTC,/api/v1/category_rounds/8115/results,boulder_one_group_one_boulder_set,IFSC: 1 group,17,,,,,,,9874,2,/api/v1/routes/9874/startlist,
/api/v1/events/1317/result/231,1317,full_results_url,IFSC European Cup Chambéry 2023,BOULDER Women,finished,2025-10-02 07:18:38 UTC,2026-04-22 08:40:51 UTC,,8115,boulder,Semi-Final,Women,finished,2023-04-08 11:03:16 UTC,/api/v1/category_rounds/8115/results,boulder_one_group_one_boulder_set,IFSC: 1 group,17,,,,,,,9875,3,/api/v1/routes/9875/startlist,
/api/v1/events/1317/result/231,1317,full_results_url,IFSC European Cup Chambéry 2023,BOULDER Women,finished,2025-10-02 07:18:38 UTC,2026-04-22 08:40:51 UTC,,8115,boulder,Semi-Final,Women,finished,2023-04-08 11:03:16 UTC,/api/v1/category_rounds/8115/results,boulder_one_group_one_boulder_set,IFSC: 1 group,17,,,,,,,9876,4,/api/v1/routes/9876/startlist,
/api/v1/events/1317/result/231,1317,full_results_url,IFSC European Cup Chambéry 2023,BOULDER Women,finished,2025-10-02 07:18:38 UTC,2026-04-22 08:40:51 UTC,,8117,boulder,Final,Women,finished,2023-04-08 18:06:57 UTC,/api/v1/category_rounds/8117/results,boulder_one_group_one_boulder_set,IFSC: 1 group,18,,,,,,,9881,1,/api/v1/routes/9881/startlist,
/api/v1/events/1317/result/231,1317,full_results_url,IFSC European Cup Chambéry 2023,BOULDER Women,finished,2025-10-02 07:18:38 UTC,2026-04-22 08:40:51 UTC,,8117,boulder,Final,Women,finished,2023-04-08 18:06:57 UTC,/api/v1/category_rounds/8117/results,boulder_one_group_one_boulder_set,IFSC: 1 group,18,,,,,,,9882,2,/api/v1/routes/9882/startlist,
/api/v1/events/1317/result/231,1317,full_results_url,IFSC European Cup Chambéry 2023,BOULDER Women,finished,2025-10-02 07:18:38 UTC,2026-04-22 08:40:51 UTC,,8117,boulder,Final,Women,finished,2023-04-08 18:06:57 UTC,/api/v1/category_rounds/8117/results,boulder_one_group_one_boulder_set,IFSC: 1 group,18,,,,,,,9883,3,/api/v1/routes/9883/startlist,
/api/v1/events/1317/result/231,1317,full_results_url,IFSC European Cup Chambéry 2023,BOULDER Women,finished,2025-10-02 07:18:38 UTC,2026-04-22 08:40:51 UTC,,8117,boulder,Final,Women,finished,2023-04-08 18:06:57 UTC,/api/v1/category_rounds/8117/results,boulder_one_group_one_boulder_set,IFSC: 1 group,18,,,,,,,9884,4,/api/v1/routes/9884/startlist,
/api/v1/events/1291/result/3,1291,full_results_url,IFSC World Cup Hachioji 2023,BOULDER Men,finished,2025-10-02 07:18:38 UTC,2026-04-22 08:40:55 UTC,,8120,boulder,Semi-final,Men,finished,2023-04-23 04:17:38 UTC,/api/v1/category_rounds/8120/results,boulder_one_group_one_boulder_set,IFSC: 1 group,2,,,,,,,9891,1,/api/v1/routes/9891/startlist,
/api/v1/events/1291/result/3,1291,full_results_url,IFSC World Cup Hachioji 2023,BOULDER Men,finished,2025-10-02 07:18:38 UTC,2026-04-22 08:40:55 UTC,,8120,boulder,Semi-final,Men,finished,2023-04-23 04:17:38 UTC,/api/v1/category_rounds/8120/results,boulder_one_group_one_boulder_set,IFSC: 1 group,2,,,,,,,9892,2,/api/v1/routes/9892/startlist,
/api/v1/events/1291/result/3,1291,full_results_url,IFSC World Cup Hachioji 2023,BOULDER Men,finished,2025-10-02 07:18:38 UTC,2026-04-22 08:40:55 UTC,,8120,boulder,Semi-final,Men,finished,2023-04-23 04:17:38 UTC,/api/v1/category_rounds/8120/results,boulder_one_group_one_boulder_set,IFSC: 1 group,2,,,,,,,9893,3,/api/v1/routes/9893/startlist,
/api/v1/events/1291/result/3,1291,full_results_url,IFSC World Cup Hachioji 2023,BOULDER Men,finished,2025-10-02 07:18:38 UTC,2026-04-22 08:40:55 UTC,,8120,boulder,Semi-final,Men,finished,2023-04-23 04:17:38 UTC,/api/v1/category_rounds/8120/results,boulder_one_group_one_boulder_set,IFSC: 1 group,2,,,,,,,9894,4,/api/v1/routes/9894/startlist,
/api/v1/events/1291/result/3,1291,full_results_url,IFSC World Cup Hachioji 2023,BOULDER Men,finished,2025-10-02 07:18:38 UTC,2026-04-22 08:40:55 UTC,,8122,boulder,Final,Men,finished,2023-04-23 10:03:03 UTC,/api/v1/category_rounds/8122/results,boulder_finals_one_by_one,IFSC: Finals,3,,,,,,,9899,1,/api/v1/routes/9899/startlist,
/api/v1/events/1291/result/3,1291,full_results_url,IFSC World Cup Hachioji 2023,BOULDER Men,finished,2025-10-02 07:18:38 UTC,2026-04-22 08:40:55 UTC,,8122,boulder,Final,Men,finished,2023-04-23 10:03:03 UTC,/api/v1/category_rounds/8122/results,boulder_finals_one_by_one,IFSC: Finals,3,,,,,,,9900,2,/api/v1/routes/9900/startlist,
/api/v1/events/1291/result/3,1291,full_results_url,IFSC World Cup Hachioji 2023,BOULDER Men,finished,2025-10-02 07:18:38 UTC,2026-04-22 08:40:55 UTC,,8122,boulder,Final,Men,finished,2023-04-23 10:03:03 UTC,/api/v1/category_rounds/8122/results,boulder_finals_one_by_one,IFSC: Finals,3,,,,,,,9901,3,/api/v1/routes/9901/startlist,
/api/v1/events/1291/result/3,1291,full_results_url,IFSC World Cup Hachioji 2023,BOULDER Men,finished,2025-10-02 07:18:38 UTC,2026-04-22 08:40:55 UTC,,8122,boulder,Final,Men,finished,2023-04-23 10:03:03 UTC,/api/v1/category_rounds/8122/results,boulder_finals_one_by_one,IFSC: Finals,3,,,,,,,9902,4,/api/v1/routes/9902/startlist,
/api/v1/events/1291/result/7,1291,full_results_url,IFSC World Cup Hachioji 2023,BOULDER Women,finished,2025-10-02 07:18:38 UTC,2026-04-22 08:40:59 UTC,,8121,boulder,Semi-final,Women,finished,2023-04-22 04:22:33 UTC,/api/v1/category_rounds/8121/results,boulder_one_group_one_boulder_set,IFSC: 1 group,2,,,,,,,9895,1,/api/v1/routes/9895/startlist,
/api/v1/events/1291/result/7,1291,full_results_url,IFSC World Cup Hachioji 2023,BOULDER Women,finished,2025-10-02 07:18:38 UTC,2026-04-22 08:40:59 UTC,,8121,boulder,Semi-final,Women,finished,2023-04-22 04:22:33 UTC,/api/v1/category_rounds/8121/results,boulder_one_group_one_boulder_set,IFSC: 1 group,2,,,,,,,9896,2,/api/v1/routes/9896/startlist,
/api/v1/events/1291/result/7,1291,full_results_url,IFSC World Cup Hachioji 2023,BOULDER Women,finished,2025-10-02 07:18:38 UTC,2026-04-22 08:40:59 UTC,,8121,boulder,Semi-final,Women,finished,2023-04-22 04:22:33 UTC,/api/v1/category_rounds/8121/results,boulder_one_group_one_boulder_set,IFSC: 1 group,2,,,,,,,9897,3,/api/v1/routes/9897/startlist,
/api/v1/events/1291/result/7,1291,full_results_url,IFSC World Cup Hachioji 2023,BOULDER Women,finished,2025-10-02 07:18:38 UTC,2026-04-22 08:40:59 UTC,,8121,boulder,Semi-final,Women,finished,2023-04-22 04:22:33 UTC,/api/v1/category_rounds/8121/results,boulder_one_group_one_boulder_set,IFSC: 1 group,2,,,,,,,9898,4,/api/v1/routes/9898/startlist,
/api/v1/events/1291/result/7,1291,full_results_url,IFSC World Cup Hachioji 2023,BOULDER Women,finished,2025-10-02 07:18:38 UTC,2026-04-22 08:40:59 UTC,,8123,boulder,Final,Women,finished,2023-04-22 09:55:10 UTC,/api/v1/category_rounds/8123/results,boulder_finals_one_by_one,IFSC: Finals,3,,,,,,,9903,1,/api/v1/routes/9903/startlist,
/api/v1/events/1291/result/7,1291,full_results_url,IFSC World Cup Hachioji 2023,BOULDER Women,finished,2025-10-02 07:18:38 UTC,2026-04-22 08:40:59 UTC,,8123,boulder,Final,Women,finished,2023-04-22 09:55:10 UTC,/api/v1/category_rounds/8123/results,boulder_finals_one_by_one,IFSC: Finals,3,,,,,,,9904,2,/api/v1/routes/9904/startlist,
/api/v1/events/1291/result/7,1291,full_results_url,IFSC World Cup Hachioji 2023,BOULDER Women,finished,2025-10-02 07:18:38 UTC,2026-04-22 08:40:59 UTC,,8123,boulder,Final,Women,finished,2023-04-22 09:55:10 UTC,/api/v1/category_rounds/8123/results,boulder_finals_one_by_one,IFSC: Finals,3,,,,,,,9905,3,/api/v1/routes/9905/startlist,
/api/v1/events/1291/result/7,1291,full_results_url,IFSC World Cup Hachioji 2023,BOULDER Women,finished,2025-10-02 07:18:38 UTC,2026-04-22 08:40:59 UTC,,8123,boulder,Final,Women,finished,2023-04-22 09:55:10 UTC,/api/v1/category_rounds/8123/results,boulder_finals_one_by_one,IFSC: Finals,3,,,,,,,9906,4,/api/v1/routes/9906/startlist,
/api/v1/events/1321/result/235,1321,full_results_url,IFSC Europe - Continental Youth Cup (B) - Soure (POR) 2023,BOULDER Juniors Male,finished,2025-10-02 07:18:38 UTC,2026-04-22 08:41:03 UTC,,7861,boulder,Qualification,Juniors Male,finished,2023-04-22 15:57:30 UTC,/api/v1/category_rounds/7861/results,boulder_one_group_one_boulder_set,IFSC: 1 group,19,,,,,,,9260,1,/api/v1/routes/9260/startlist,
/api/v1/events/1321/result/235,1321,full_results_url,IFSC Europe - Continental Youth Cup (B) - Soure (POR) 2023,BOULDER Juniors Male,finished,2025-10-02 07:18:38 UTC,2026-04-22 08:41:03 UTC,,7861,boulder,Qualification,Juniors Male,finished,2023-04-22 15:57:30 UTC,/api/v1/category_rounds/7861/results,boulder_one_group_one_boulder_set,IFSC: 1 group,19,,,,,,,9261,2,/api/v1/routes/9261/startlist,
/api/v1/events/1321/result/235,1321,full_results_url,IFSC Europe - Continental Youth Cup (B) - Soure (POR) 2023,BOULDER Juniors Male,finished,2025-10-02 07:18:38 UTC,2026-04-22 08:41:03 UTC,,7861,boulder,Qualification,Juniors Male,finished,2023-04-22 15:57:30 UTC,/api/v1/category_rounds/7861/results,boulder_one_group_one_boulder_set,IFSC: 1 group,19,,,,,,,9262,3,/api/v1/routes/9262/startlist,
/api/v1/events/1321/result/235,1321,full_results_url,IFSC Europe - Continental Youth Cup (B) - Soure (POR) 2023,BOULDER Juniors Male,finished,2025-10-02 07:18:38 UTC,2026-04-22 08:41:03 UTC,,7861,boulder,Qualification,Juniors Male,finished,2023-04-22 15:57:30 UTC,/api/v1/category_rounds/7861/results,boulder_one_group_one_boulder_set,IFSC: 1 group,19,,,,,,,9263,4,/api/v1/routes/9263/startlist,
/api/v1/events/1321/result/235,1321,full_results_url,IFSC Europe - Continental Youth Cup (B) - Soure (POR) 2023,BOULDER Juniors Male,finished,2025-10-02 07:18:38 UTC,2026-04-22 08:41:03 UTC,,7861,boulder,Qualification,Juniors Male,finished,2023-04-22 15:57:30 UTC,/api/v1/category_rounds/7861/results,boulder_one_group_one_boulder_set,IFSC: 1 group,19,,,,,,,9264,5,/api/v1/routes/9264/startlist,
/api/v1/events/1321/result/235,1321,full_results_url,IFSC Europe - Continental Youth Cup (B) - Soure (POR) 2023,BOULDER Juniors Male,finished,2025-10-02 07:18:38 UTC,2026-04-22 08:41:03 UTC,,7861,boulder,Qualification,Juniors Male,finished,2023-04-22 15:57:30 UTC,/api/v1/category_rounds/7861/results,boulder_one_group_one_boulder_set,IFSC: 1 group,19,,,,,,,9933,6,/api/v1/routes/9933/startlist,
/api/v1/events/1321/result/235,1321,full_results_url,IFSC Europe - Continental Youth Cup (B) - Soure (POR) 2023,BOULDER Juniors Male,finished,2025-10-02 07:18:38 UTC,2026-04-22 08:41:03 UTC,,8126,boulder,Final,Juniors Male,finished,2023-04-23 12:40:27 UTC,/api/v1/category_rounds/8126/results,boulder_one_group_one_boulder_set,IFSC: 1 group,21,,,,,,,9909,1,/api/v1/routes/9909/startlist,
/api/v1/events/1321/result/235,1321,full_results_url,IFSC Europe - Continental Youth Cup (B) - Soure (POR) 2023,BOULDER Juniors Male,finished,2025-10-02 07:18:38 UTC,2026-04-22 08:41:03 UTC,,8126,boulder,Final,Juniors Male,finished,2023-04-23 12:40:27 UTC,/api/v1/category_rounds/8126/results,boulder_one_group_one_boulder_set,IFSC: 1 group,21,,,,,,,9910,2,/api/v1/routes/9910/startlist,
/api/v1/events/1321/result/235,1321,full_results_url,IFSC Europe - Continental Youth Cup (B) - Soure (POR) 2023,BOULDER Juniors Male,finished,2025-10-02 07:18:38 UTC,2026-04-22 08:41:03 UTC,,8126,boulder,Final,Juniors Male,finished,2023-04-23 12:40:27 UTC,/api/v1/category_rounds/8126/results,boulder_one_group_one_boulder_set,IFSC: 1 group,21,,,,,,,9911,3,/api/v1/routes/9911/startlist,
/api/v1/events/1321/result/235,1321,full_results_url,IFSC Europe - Continental Youth Cup (B) - Soure (POR) 2023,BOULDER Juniors Male,finished,2025-10-02 07:18:38 UTC,2026-04-22 08:41:03 UTC,,8126,boulder,Final,Juniors Male,finished,2023-04-23 12:40:27 UTC,/api/v1/category_rounds/8126/results,boulder_one_group_one_boulder_set,IFSC: 1 group,21,,,,,,,9912,4,/api/v1/routes/9912/startlist,
/api/v1/events/1321/result/239,1321,full_results_url,IFSC Europe - Continental Youth Cup (B) - Soure (POR) 2023,BOULDER Youth A Male,finished,2025-10-02 07:18:38 UTC,2026-04-22 08:41:07 UTC,,7862,boulder,Qualification,Youth A Male,finished,2023-04-22 20:36:58 UTC,/api/v1/category_rounds/7862/results,boulder_one_group_one_boulder_set,IFSC: 1 group,19,,,,,,,9265,1,/api/v1/routes/9265/startlist,
/api/v1/events/1321/result/239,1321,full_results_url,IFSC Europe - Continental Youth Cup (B) - Soure (POR) 2023,BOULDER Youth A Male,finished,2025-10-02 07:18:38 UTC,2026-04-22 08:41:07 UTC,,7862,boulder,Qualification,Youth A Male,finished,2023-04-22 20:36:58 UTC,/api/v1/category_rounds/7862/results,boulder_one_group_one_boulder_set,IFSC: 1 group,19,,,,,,,9266,2,/api/v1/routes/9266/startlist,
/api/v1/events/1321/result/239,1321,full_results_url,IFSC Europe - Continental Youth Cup (B) - Soure (POR) 2023,BOULDER Youth A Male,finished,2025-10-02 07:18:38 UTC,2026-04-22 08:41:07 UTC,,7862,boulder,Qualification,Youth A Male,finished,2023-04-22 20:36:58 UTC,/api/v1/category_rounds/7862/results,boulder_one_group_one_boulder_set,IFSC: 1 group,19,,,,,,,9267,3,/api/v1/routes/9267/startlist,
/api/v1/events/1321/result/239,1321,full_results_url,IFSC Europe - Continental Youth Cup (B) - Soure (POR) 2023,BOULDER Youth A Male,finished,2025-10-02 07:18:38 UTC,2026-04-22 08:41:07 UTC,,7862,boulder,Qualification,Youth A Male,finished,2023-04-22 20:36:58 UTC,/api/v1/category_rounds/7862/results,boulder_one_group_one_boulder_set,IFSC: 1 group,19,,,,,,,9268,4,/api/v1/routes/9268/startlist,
/api/v1/events/1321/result/239,1321,full_results_url,IFSC Europe - Continental Youth Cup (B) - Soure (POR) 2023,BOULDER Youth A Male,finished,2025-10-02 07:18:38 UTC,2026-04-22 08:41:07 UTC,,7862,boulder,Qualification,Youth A Male,finished,2023-04-22 20:36:58 UTC,/api/v1/category_rounds/7862/results,boulder_one_group_one_boulder_set,IFSC: 1 group,19,,,,,,,9269,5,/api/v1/routes/9269/startlist,
/api/v1/events/1321/result/239,1321,full_results_url,IFSC Europe - Continental Youth Cup (B) - Soure (POR) 2023,BOULDER Youth A Male,finished,2025-10-02 07:18:38 UTC,2026-04-22 08:41:07 UTC,,7862,boulder,Qualification,Youth A Male,finished,2023-04-22 20:36:58 UTC,/api/v1/category_rounds/7862/results,boulder_one_group_one_boulder_set,IFSC: 1 group,19,,,,,,,9935,6,/api/v1/routes/9935/startlist,
/api/v1/events/1321/result/239,1321,full_results_url,IFSC Europe - Continental Youth Cup (B) - Soure (POR) 2023,BOULDER Youth A Male,finished,2025-10-02 07:18:38 UTC,2026-04-22 08:41:07 UTC,,8127,boulder,Final,Youth A Male,finished,2023-04-23 14:26:50 UTC,/api/v1/category_rounds/8127/results,boulder_one_group_one_boulder_set,IFSC: 1 group,21,,,,,,,9913,1,/api/v1/routes/9913/startlist,
/api/v1/events/1321/result/239,1321,full_results_url,IFSC Europe - Continental Youth Cup (B) - Soure (POR) 2023,BOULDER Youth A Male,finished,2025-10-02 07:18:38 UTC,2026-04-22 08:41:07 UTC,,8127,boulder,Final,Youth A Male,finished,2023-04-23 14:26:50 UTC,/api/v1/category_rounds/8127/results,boulder_one_group_one_boulder_set,IFSC: 1 group,21,,,,,,,9914,2,/api/v1/routes/9914/startlist,
/api/v1/events/1321/result/239,1321,full_results_url,IFSC Europe - Continental Youth Cup (B) - Soure (POR) 2023,BOULDER Youth A Male,finished,2025-10-02 07:18:38 UTC,2026-04-22 08:41:07 UTC,,8127,boulder,Final,Youth A Male,finished,2023-04-23 14:26:50 UTC,/api/v1/category_rounds/8127/results,boulder_one_group_one_boulder_set,IFSC: 1 group,21,,,,,,,9915,3,/api/v1/routes/9915/startlist,
/api/v1/events/1321/result/239,1321,full_results_url,IFSC Europe - Continental Youth Cup (B) - Soure (POR) 2023,BOULDER Youth A Male,finished,2025-10-02 07:18:38 UTC,2026-04-22 08:41:07 UTC,,8127,boulder,Final,Youth A Male,finished,2023-04-23 14:26:50 UTC,/api/v1/category_rounds/8127/results,boulder_one_group_one_boulder_set,IFSC: 1 group,21,,,,,,,9916,4,/api/v1/routes/9916/startlist,
/api/v1/events/1321/result/243,1321,full_results_url,IFSC Europe - Continental Youth Cup (B) - Soure (POR) 2023,BOULDER Youth B Male,finished,2025-10-02 07:18:38 UTC,2026-04-22 08:41:11 UTC,,7863,boulder,Qualification,Youth B Male,finished,2023-04-22 11:18:35 UTC,/api/v1/category_rounds/7863/results,boulder_one_group_one_boulder_set,IFSC: 1 group,19,,,,,,,9270,1,/api/v1/routes/9270/startlist,
/api/v1/events/1321/result/243,1321,full_results_url,IFSC Europe - Continental Youth Cup (B) - Soure (POR) 2023,BOULDER Youth B Male,finished,2025-10-02 07:18:38 UTC,2026-04-22 08:41:11 UTC,,7863,boulder,Qualification,Youth B Male,finished,2023-04-22 11:18:35 UTC,/api/v1/category_rounds/7863/results,boulder_one_group_one_boulder_set,IFSC: 1 group,19,,,,,,,9271,2,/api/v1/routes/9271/startlist,
/api/v1/events/1321/result/243,1321,full_results_url,IFSC Europe - Continental Youth Cup (B) - Soure (POR) 2023,BOULDER Youth B Male,finished,2025-10-02 07:18:38 UTC,2026-04-22 08:41:11 UTC,,7863,boulder,Qualification,Youth B Male,finished,2023-04-22 11:18:35 UTC,/api/v1/category_rounds/7863/results,boulder_one_group_one_boulder_set,IFSC: 1 group,19,,,,,,,9272,3,/api/v1/routes/9272/startlist,
/api/v1/events/1321/result/243,1321,full_results_url,IFSC Europe - Continental Youth Cup (B) - Soure (POR) 2023,BOULDER Youth B Male,finished,2025-10-02 07:18:38 UTC,2026-04-22 08:41:11 UTC,,7863,boulder,Qualification,Youth B Male,finished,2023-04-22 11:18:35 UTC,/api/v1/category_rounds/7863/results,boulder_one_group_one_boulder_set,IFSC: 1 group,19,,,,,,,9273,4,/api/v1/routes/9273/startlist,
/api/v1/events/1321/result/243,1321,full_results_url,IFSC Europe - Continental Youth Cup (B) - Soure (POR) 2023,BOULDER Youth B Male,finished,2025-10-02 07:18:38 UTC,2026-04-22 08:41:11 UTC,,7863,boulder,Qualification,Youth B Male,finished,2023-04-22 11:18:35 UTC,/api/v1/category_rounds/7863/results,boulder_one_group_one_boulder_set,IFSC: 1 group,19,,,,,,,9274,5,/api/v1/routes/9274/startlist,
/api/v1/events/1321/result/243,1321,full_results_url,IFSC Europe - Continental Youth Cup (B) - Soure (POR) 2023,BOULDER Youth B Male,finished,2025-10-02 07:18:38 UTC,2026-04-22 08:41:11 UTC,,7863,boulder,Qualification,Youth B Male,finished,2023-04-22 11:18:35 UTC,/api/v1/category_rounds/7863/results,boulder_one_group_one_boulder_set,IFSC: 1 group,19,,,,,,,9934,6,/api/v1/routes/9934/startlist,
/api/v1/events/1321/result/243,1321,full_results_url,IFSC Europe - Continental Youth Cup (B) - Soure (POR) 2023,BOULDER Youth B Male,finished,2025-10-02 07:18:38 UTC,2026-04-22 08:41:11 UTC,,8128,boulder,Final,Youth B Male,finished,2023-04-23 10:24:31 UTC,/api/v1/category_rounds/8128/results,boulder_one_group_one_boulder_set,IFSC: 1 group,21,,,,,,,9917,1,/api/v1/routes/9917/startlist,
/api/v1/events/1321/result/243,1321,full_results_url,IFSC Europe - Continental Youth Cup (B) - Soure (POR) 2023,BOULDER Youth B Male,finished,2025-10-02 07:18:38 UTC,2026-04-22 08:41:11 UTC,,8128,boulder,Final,Youth B Male,finished,2023-04-23 10:24:31 UTC,/api/v1/category_rounds/8128/results,boulder_one_group_one_boulder_set,IFSC: 1 group,21,,,,,,,9918,2,/api/v1/routes/9918/startlist,
/api/v1/events/1321/result/243,1321,full_results_url,IFSC Europe - Continental Youth Cup (B) - Soure (POR) 2023,BOULDER Youth B Male,finished,2025-10-02 07:18:38 UTC,2026-04-22 08:41:11 UTC,,8128,boulder,Final,Youth B Male,finished,2023-04-23 10:24:31 UTC,/api/v1/category_rounds/8128/results,boulder_one_group_one_boulder_set,IFSC: 1 group,21,,,,,,,9919,3,/api/v1/routes/9919/startlist,
/api/v1/events/1321/result/243,1321,full_results_url,IFSC Europe - Continental Youth Cup (B) - Soure (POR) 2023,BOULDER Youth B Male,finished,2025-10-02 07:18:38 UTC,2026-04-22 08:41:11 UTC,,8128,boulder,Final,Youth B Male,finished,2023-04-23 10:24:31 UTC,/api/v1/category_rounds/8128/results,boulder_one_group_one_boulder_set,IFSC: 1 group,21,,,,,,,9920,4,/api/v1/routes/9920/startlist,
/api/v1/events/1321/result/251,1321,full_results_url,IFSC Europe - Continental Youth Cup (B) - Soure (POR) 2023,BOULDER Juniors Female,finished,2025-10-02 07:18:38 UTC,2026-04-22 08:41:14 UTC,,7864,boulder,Qualification,Juniors Female,finished,2023-04-22 15:42:49 UTC,/api/v1/category_rounds/7864/results,boulder_one_group_one_boulder_set,IFSC: 1 group,19,,,,,,,9275,1,/api/v1/routes/9275/startlist,
/api/v1/events/1321/result/251,1321,full_results_url,IFSC Europe - Continental Youth Cup (B) - Soure (POR) 2023,BOULDER Juniors Female,finished,2025-10-02 07:18:38 UTC,2026-04-22 08:41:14 UTC,,7864,boulder,Qualification,Juniors Female,finished,2023-04-22 15:42:49 UTC,/api/v1/category_rounds/7864/results,boulder_one_group_one_boulder_set,IFSC: 1 group,19,,,,,,,9276,2,/api/v1/routes/9276/startlist,
/api/v1/events/1321/result/251,1321,full_results_url,IFSC Europe - Continental Youth Cup (B) - Soure (POR) 2023,BOULDER Juniors Female,finished,2025-10-02 07:18:38 UTC,2026-04-22 08:41:14 UTC,,7864,boulder,Qualification,Juniors Female,finished,2023-04-22 15:42:49 UTC,/api/v1/category_rounds/7864/results,boulder_one_group_one_boulder_set,IFSC: 1 group,19,,,,,,,9277,3,/api/v1/routes/9277/startlist,
/api/v1/events/1321/result/251,1321,full_results_url,IFSC Europe - Continental Youth Cup (B) - Soure (POR) 2023,BOULDER Juniors Female,finished,2025-10-02 07:18:38 UTC,2026-04-22 08:41:14 UTC,,7864,boulder,Qualification,Juniors Female,finished,2023-04-22 15:42:49 UTC,/api/v1/category_rounds/7864/results,boulder_one_group_one_boulder_set,IFSC: 1 group,19,,,,,,,9278,4,/api/v1/routes/9278/startlist,
/api/v1/events/1321/result/251,1321,full_results_url,IFSC Europe - Continental Youth Cup (B) - Soure (POR) 2023,BOULDER Juniors Female,finished,2025-10-02 07:18:38 UTC,2026-04-22 08:41:14 UTC,,7864,boulder,Qualification,Juniors Female,finished,2023-04-22 15:42:49 UTC,/api/v1/category_rounds/7864/results,boulder_one_group_one_boulder_set,IFSC: 1 group,19,,,,,,,9279,5,/api/v1/routes/9279/startlist,
/api/v1/events/1321/result/251,1321,full_results_url,IFSC Europe - Continental Youth Cup (B) - Soure (POR) 2023,BOULDER Juniors Female,finished,2025-10-02 07:18:38 UTC,2026-04-22 08:41:14 UTC,,7864,boulder,Qualification,Juniors Female,finished,2023-04-22 15:42:49 UTC,/api/v1/category_rounds/7864/results,boulder_one_group_one_boulder_set,IFSC: 1 group,19,,,,,,,9936,6,/api/v1/routes/9936/startlist,
/api/v1/events/1321/result/251,1321,full_results_url,IFSC Europe - Continental Youth Cup (B) - Soure (POR) 2023,BOULDER Juniors Female,finished,2025-10-02 07:18:38 UTC,2026-04-22 08:41:14 UTC,,8129,boulder,Final,Juniors Female,finished,2023-04-23 12:42:40 UTC,/api/v1/category_rounds/8129/results,boulder_one_group_one_boulder_set,IFSC: 1 group,21,,,,,,,9921,1,/api/v1/routes/9921/startlist,
/api/v1/events/1321/result/251,1321,full_results_url,IFSC Europe - Continental Youth Cup (B) - Soure (POR) 2023,BOULDER Juniors Female,finished,2025-10-02 07:18:38 UTC,2026-04-22 08:41:14 UTC,,8129,boulder,Final,Juniors Female,finished,2023-04-23 12:42:40 UTC,/api/v1/category_rounds/8129/results,boulder_one_group_one_boulder_set,IFSC: 1 group,21,,,,,,,9922,2,/api/v1/routes/9922/startlist,
/api/v1/events/1321/result/251,1321,full_results_url,IFSC Europe - Continental Youth Cup (B) - Soure (POR) 2023,BOULDER Juniors Female,finished,2025-10-02 07:18:38 UTC,2026-04-22 08:41:14 UTC,,8129,boulder,Final,Juniors Female,finished,2023-04-23 12:42:40 UTC,/api/v1/category_rounds/8129/results,boulder_one_group_one_boulder_set,IFSC: 1 group,21,,,,,,,9923,3,/api/v1/routes/9923/startlist,
/api/v1/events/1321/result/251,1321,full_results_url,IFSC Europe - Continental Youth Cup (B) - Soure (POR) 2023,BOULDER Juniors Female,finished,2025-10-02 07:18:38 UTC,2026-04-22 08:41:14 UTC,,8129,boulder,Final,Juniors Female,finished,2023-04-23 12:42:40 UTC,/api/v1/category_rounds/8129/results,boulder_one_group_one_boulder_set,IFSC: 1 group,21,,,,,,,9924,4,/api/v1/routes/9924/startlist,
/api/v1/events/1321/result/255,1321,full_results_url,IFSC Europe - Continental Youth Cup (B) - Soure (POR) 2023,BOULDER Youth A Female,finished,2025-10-02 07:18:38 UTC,2026-04-22 08:41:18 UTC,,7865,boulder,Qualification,Youth A Female,finished,2023-04-22 19:56:21 UTC,/api/v1/category_rounds/7865/results,boulder_one_group_one_boulder_set,IFSC: 1 group,19,,,,,,,9280,1,/api/v1/routes/9280/startlist,
/api/v1/events/1321/result/255,1321,full_results_url,IFSC Europe - Continental Youth Cup (B) - Soure (POR) 2023,BOULDER Youth A Female,finished,2025-10-02 07:18:38 UTC,2026-04-22 08:41:18 UTC,,7865,boulder,Qualification,Youth A Female,finished,2023-04-22 19:56:21 UTC,/api/v1/category_rounds/7865/results,boulder_one_group_one_boulder_set,IFSC: 1 group,19,,,,,,,9281,2,/api/v1/routes/9281/startlist,
/api/v1/events/1321/result/255,1321,full_results_url,IFSC Europe - Continental Youth Cup (B) - Soure (POR) 2023,BOULDER Youth A Female,finished,2025-10-02 07:18:38 UTC,2026-04-22 08:41:18 UTC,,7865,boulder,Qualification,Youth A Female,finished,2023-04-22 19:56:21 UTC,/api/v1/category_rounds/7865/results,boulder_one_group_one_boulder_set,IFSC: 1 group,19,,,,,,,9282,3,/api/v1/routes/9282/startlist,
/api/v1/events/1321/result/255,1321,full_results_url,IFSC Europe - Continental Youth Cup (B) - Soure (POR) 2023,BOULDER Youth A Female,finished,2025-10-02 07:18:38 UTC,2026-04-22 08:41:18 UTC,,7865,boulder,Qualification,Youth A Female,finished,2023-04-22 19:56:21 UTC,/api/v1/category_rounds/7865/results,boulder_one_group_one_boulder_set,IFSC: 1 group,19,,,,,,,9283,4,/api/v1/routes/9283/startlist,
/api/v1/events/1321/result/255,1321,full_results_url,IFSC Europe - Continental Youth Cup (B) - Soure (POR) 2023,BOULDER Youth A Female,finished,2025-10-02 07:18:38 UTC,2026-04-22 08:41:18 UTC,,7865,boulder,Qualification,Youth A Female,finished,2023-04-22 19:56:21 UTC,/api/v1/category_rounds/7865/results,boulder_one_group_one_boulder_set,IFSC: 1 group,19,,,,,,,9284,5,/api/v1/routes/9284/startlist,
/api/v1/events/1321/result/255,1321,full_results_url,IFSC Europe - Continental Youth Cup (B) - Soure (POR) 2023,BOULDER Youth A Female,finished,2025-10-02 07:18:38 UTC,2026-04-22 08:41:18 UTC,,7865,boulder,Qualification,Youth A Female,finished,2023-04-22 19:56:21 UTC,/api/v1/category_rounds/7865/results,boulder_one_group_one_boulder_set,IFSC: 1 group,19,,,,,,,9937,6,/api/v1/routes/9937/startlist,
/api/v1/events/1321/result/255,1321,full_results_url,IFSC Europe - Continental Youth Cup (B) - Soure (POR) 2023,BOULDER Youth A Female,finished,2025-10-02 07:18:38 UTC,2026-04-22 08:41:18 UTC,,8130,boulder,Final,Youth A Female,finished,2023-04-23 14:27:17 UTC,/api/v1/category_rounds/8130/results,boulder_one_group_one_boulder_set,IFSC: 1 group,21,,,,,,,9925,1,/api/v1/routes/9925/startlist,
/api/v1/events/1321/result/255,1321,full_results_url,IFSC Europe - Continental Youth Cup (B) - Soure (POR) 2023,BOULDER Youth A Female,finished,2025-10-02 07:18:38 UTC,2026-04-22 08:41:18 UTC,,8130,boulder,Final,Youth A Female,finished,2023-04-23 14:27:17 UTC,/api/v1/category_rounds/8130/results,boulder_one_group_one_boulder_set,IFSC: 1 group,21,,,,,,,9926,2,/api/v1/routes/9926/startlist,
/api/v1/events/1321/result/255,1321,full_results_url,IFSC Europe - Continental Youth Cup (B) - Soure (POR) 2023,BOULDER Youth A Female,finished,2025-10-02 07:18:38 UTC,2026-04-22 08:41:18 UTC,,8130,boulder,Final,Youth A Female,finished,2023-04-23 14:27:17 UTC,/api/v1/category_rounds/8130/results,boulder_one_group_one_boulder_set,IFSC: 1 group,21,,,,,,,9927,3,/api/v1/routes/9927/startlist,
/api/v1/events/1321/result/255,1321,full_results_url,IFSC Europe - Continental Youth Cup (B) - Soure (POR) 2023,BOULDER Youth A Female,finished,2025-10-02 07:18:38 UTC,2026-04-22 08:41:18 UTC,,8130,boulder,Final,Youth A Female,finished,2023-04-23 14:27:17 UTC,/api/v1/category_rounds/8130/results,boulder_one_group_one_boulder_set,IFSC: 1 group,21,,,,,,,9928,4,/api/v1/routes/9928/startlist,
/api/v1/events/1321/result/259,1321,full_results_url,IFSC Europe - Continental Youth Cup (B) - Soure (POR) 2023,BOULDER Youth B Female,finished,2025-10-02 07:18:38 UTC,2026-04-22 08:41:22 UTC,,7866,boulder,Qualification,Youth B Female,finished,2023-04-22 10:51:01 UTC,/api/v1/category_rounds/7866/results,boulder_one_group_one_boulder_set,IFSC: 1 group,19,,,,,,,9285,1,/api/v1/routes/9285/startlist,
/api/v1/events/1321/result/259,1321,full_results_url,IFSC Europe - Continental Youth Cup (B) - Soure (POR) 2023,BOULDER Youth B Female,finished,2025-10-02 07:18:38 UTC,2026-04-22 08:41:22 UTC,,7866,boulder,Qualification,Youth B Female,finished,2023-04-22 10:51:01 UTC,/api/v1/category_rounds/7866/results,boulder_one_group_one_boulder_set,IFSC: 1 group,19,,,,,,,9286,2,/api/v1/routes/9286/startlist,
/api/v1/events/1321/result/259,1321,full_results_url,IFSC Europe - Continental Youth Cup (B) - Soure (POR) 2023,BOULDER Youth B Female,finished,2025-10-02 07:18:38 UTC,2026-04-22 08:41:22 UTC,,7866,boulder,Qualification,Youth B Female,finished,2023-04-22 10:51:01 UTC,/api/v1/category_rounds/7866/results,boulder_one_group_one_boulder_set,IFSC: 1 group,19,,,,,,,9287,3,/api/v1/routes/9287/startlist,
/api/v1/events/1321/result/259,1321,full_results_url,IFSC Europe - Continental Youth Cup (B) - Soure (POR) 2023,BOULDER Youth B Female,finished,2025-10-02 07:18:38 UTC,2026-04-22 08:41:22 UTC,,7866,boulder,Qualification,Youth B Female,finished,2023-04-22 10:51:01 UTC,/api/v1/category_rounds/7866/results,boulder_one_group_one_boulder_set,IFSC: 1 group,19,,,,,,,9288,4,/api/v1/routes/9288/startlist,
/api/v1/events/1321/result/259,1321,full_results_url,IFSC Europe - Continental Youth Cup (B) - Soure (POR) 2023,BOULDER Youth B Female,finished,2025-10-02 07:18:38 UTC,2026-04-22 08:41:22 UTC,,7866,boulder,Qualification,Youth B Female,finished,2023-04-22 10:51:01 UTC,/api/v1/category_rounds/7866/results,boulder_one_group_one_boulder_set,IFSC: 1 group,19,,,,,,,9289,5,/api/v1/routes/9289/startlist,
/api/v1/events/1321/result/259,1321,full_results_url,IFSC Europe - Continental Youth Cup (B) - Soure (POR) 2023,BOULDER Youth B Female,finished,2025-10-02 07:18:38 UTC,2026-04-22 08:41:22 UTC,,7866,boulder,Qualification,Youth B Female,finished,2023-04-22 10:51:01 UTC,/api/v1/category_rounds/7866/results,boulder_one_group_one_boulder_set,IFSC: 1 group,19,,,,,,,9938,6,/api/v1/routes/9938/startlist,
/api/v1/events/1321/result/259,1321,full_results_url,IFSC Europe - Continental Youth Cup (B) - Soure (POR) 2023,BOULDER Youth B Female,finished,2025-10-02 07:18:38 UTC,2026-04-22 08:41:22 UTC,,8131,boulder,Final,Youth B Female,finished,2023-04-23 10:25:27 UTC,/api/v1/category_rounds/8131/results,boulder_one_group_one_boulder_set,IFSC: 1 group,21,,,,,,,9929,1,/api/v1/routes/9929/startlist,
/api/v1/events/1321/result/259,1321,full_results_url,IFSC Europe - Continental Youth Cup (B) - Soure (POR) 2023,BOULDER Youth B Female,finished,2025-10-02 07:18:38 UTC,2026-04-22 08:41:22 UTC,,8131,boulder,Final,Youth B Female,finished,2023-04-23 10:25:27 UTC,/api/v1/category_rounds/8131/results,boulder_one_group_one_boulder_set,IFSC: 1 group,21,,,,,,,9930,2,/api/v1/routes/9930/startlist,
/api/v1/events/1321/result/259,1321,full_results_url,IFSC Europe - Continental Youth Cup (B) - Soure (POR) 2023,BOULDER Youth B Female,finished,2025-10-02 07:18:38 UTC,2026-04-22 08:41:22 UTC,,8131,boulder,Final,Youth B Female,finished,2023-04-23 10:25:27 UTC,/api/v1/category_rounds/8131/results,boulder_one_group_one_boulder_set,IFSC: 1 group,21,,,,,,,9931,3,/api/v1/routes/9931/startlist,
/api/v1/events/1321/result/259,1321,full_results_url,IFSC Europe - Continental Youth Cup (B) - Soure (POR) 2023,BOULDER Youth B Female,finished,2025-10-02 07:18:38 UTC,2026-04-22 08:41:22 UTC,,8131,boulder,Final,Youth B Female,finished,2023-04-23 10:25:27 UTC,/api/v1/category_rounds/8131/results,boulder_one_group_one_boulder_set,IFSC: 1 group,21,,,,,,,9932,4,/api/v1/routes/9932/startlist,
/api/v1/events/1292/result/3,1292,full_results_url,IFSC World Cup Seoul 2023,BOULDER Men,finished,2025-10-02 07:18:38 UTC,2026-04-22 08:41:26 UTC,,8154,boulder,Semi-final,Men,finished,2023-04-30 11:32:35 UTC,/api/v1/category_rounds/8154/results,boulder_one_group_one_boulder_set,IFSC: 1 group,2,,,,,,,10143,1,/api/v1/routes/10143/startlist,
/api/v1/events/1292/result/3,1292,full_results_url,IFSC World Cup Seoul 2023,BOULDER Men,finished,2025-10-02 07:18:38 UTC,2026-04-22 08:41:26 UTC,,8154,boulder,Semi-final,Men,finished,2023-04-30 11:32:35 UTC,/api/v1/category_rounds/8154/results,boulder_one_group_one_boulder_set,IFSC: 1 group,2,,,,,,,10144,2,/api/v1/routes/10144/startlist,
/api/v1/events/1292/result/3,1292,full_results_url,IFSC World Cup Seoul 2023,BOULDER Men,finished,2025-10-02 07:18:38 UTC,2026-04-22 08:41:26 UTC,,8154,boulder,Semi-final,Men,finished,2023-04-30 11:32:35 UTC,/api/v1/category_rounds/8154/results,boulder_one_group_one_boulder_set,IFSC: 1 group,2,,,,,,,10145,3,/api/v1/routes/10145/startlist,
/api/v1/events/1292/result/3,1292,full_results_url,IFSC World Cup Seoul 2023,BOULDER Men,finished,2025-10-02 07:18:38 UTC,2026-04-22 08:41:26 UTC,,8154,boulder,Semi-final,Men,finished,2023-04-30 11:32:35 UTC,/api/v1/category_rounds/8154/results,boulder_one_group_one_boulder_set,IFSC: 1 group,2,,,,,,,10146,4,/api/v1/routes/10146/startlist,
/api/v1/events/1292/result/7,1292,full_results_url,IFSC World Cup Seoul 2023,BOULDER Women,finished,2025-10-02 07:18:38 UTC,2026-04-22 08:41:30 UTC,,8155,boulder,Semi-final,Women,finished,2023-04-30 11:32:00 UTC,/api/v1/category_rounds/8155/results,boulder_one_group_one_boulder_set,IFSC: 1 group,2,,,,,,,10147,1,/api/v1/routes/10147/startlist,
/api/v1/events/1292/result/7,1292,full_results_url,IFSC World Cup Seoul 2023,BOULDER Women,finished,2025-10-02 07:18:38 UTC,2026-04-22 08:41:30 UTC,,8155,boulder,Semi-final,Women,finished,2023-04-30 11:32:00 UTC,/api/v1/category_rounds/8155/results,boulder_one_group_one_boulder_set,IFSC: 1 group,2,,,,,,,10148,2,/api/v1/routes/10148/startlist,
/api/v1/events/1292/result/7,1292,full_results_url,IFSC World Cup Seoul 2023,BOULDER Women,finished,2025-10-02 07:18:38 UTC,2026-04-22 08:41:30 UTC,,8155,boulder,Semi-final,Women,finished,2023-04-30 11:32:00 UTC,/api/v1/category_rounds/8155/results,boulder_one_group_one_boulder_set,IFSC: 1 group,2,,,,,,,10149,3,/api/v1/routes/10149/startlist,
/api/v1/events/1292/result/7,1292,full_results_url,IFSC World Cup Seoul 2023,BOULDER Women,finished,2025-10-02 07:18:38 UTC,2026-04-22 08:41:30 UTC,,8155,boulder,Semi-final,Women,finished,2023-04-30 11:32:00 UTC,/api/v1/category_rounds/8155/results,boulder_one_group_one_boulder_set,IFSC: 1 group,2,,,,,,,10150,4,/api/v1/routes/10150/startlist,
/api/v1/events/1292/result/2,1292,full_results_url,IFSC World Cup Seoul 2023,SPEED Men,finished,2025-10-02 07:18:38 UTC,2026-04-22 08:41:34 UTC,,7673,speed,Qualification,Men,finished,2023-04-28 04:54:42 UTC,/api/v1/category_rounds/7673/results,speed_staggered,IFSC: Qualification,1,,,,,,,8530,A,/api/v1/routes/8530/startlist,
/api/v1/events/1292/result/2,1292,full_results_url,IFSC World Cup Seoul 2023,SPEED Men,finished,2025-10-02 07:18:38 UTC,2026-04-22 08:41:34 UTC,,7673,speed,Qualification,Men,finished,2023-04-28 04:54:42 UTC,/api/v1/category_rounds/7673/results,speed_staggered,IFSC: Qualification,1,,,,,,,8531,B,/api/v1/routes/8531/startlist,
/api/v1/events/1292/result/2,1292,full_results_url,IFSC World Cup Seoul 2023,SPEED Men,finished,2025-10-02 07:18:38 UTC,2026-04-22 08:41:34 UTC,,8084,speed,Final,Men,finished,2024-01-15 11:56:19 UTC,/api/v1/category_rounds/8084/results,speed_elimination_ifsc_2023,IFSC 2023+: Elimination,3,,,,,,,9775,A,/api/v1/routes/9775/startlist,
/api/v1/events/1292/result/2,1292,full_results_url,IFSC World Cup Seoul 2023,SPEED Men,finished,2025-10-02 07:18:38 UTC,2026-04-22 08:41:34 UTC,,8084,speed,Final,Men,finished,2024-01-15 11:56:19 UTC,/api/v1/category_rounds/8084/results,speed_elimination_ifsc_2023,IFSC 2023+: Elimination,3,,,,,,,9776,B,/api/v1/routes/9776/startlist,
/api/v1/events/1292/result/6,1292,full_results_url,IFSC World Cup Seoul 2023,SPEED Women,finished,2025-10-02 07:18:38 UTC,2026-04-22 08:41:37 UTC,,7674,speed,Qualification,Women,finished,2023-04-28 05:53:14 UTC,/api/v1/category_rounds/7674/results,speed_staggered,IFSC: Qualification,1,,,,,,,8532,A,/api/v1/routes/8532/startlist,
/api/v1/events/1292/result/6,1292,full_results_url,IFSC World Cup Seoul 2023,SPEED Women,finished,2025-10-02 07:18:38 UTC,2026-04-22 08:41:37 UTC,,7674,speed,Qualification,Women,finished,2023-04-28 05:53:14 UTC,/api/v1/category_rounds/7674/results,speed_staggered,IFSC: Qualification,1,,,,,,,8533,B,/api/v1/routes/8533/startlist,
/api/v1/events/1292/result/6,1292,full_results_url,IFSC World Cup Seoul 2023,SPEED Women,finished,2025-10-02 07:18:38 UTC,2026-04-22 08:41:37 UTC,,8085,speed,Final,Women,finished,2024-01-15 11:58:31 UTC,/api/v1/category_rounds/8085/results,speed_elimination_ifsc_2023,IFSC 2023+: Elimination,3,,,,,,,9777,A,/api/v1/routes/9777/startlist,
/api/v1/events/1292/result/6,1292,full_results_url,IFSC World Cup Seoul 2023,SPEED Women,finished,2025-10-02 07:18:38 UTC,2026-04-22 08:41:37 UTC,,8085,speed,Final,Women,finished,2024-01-15 11:58:31 UTC,/api/v1/category_rounds/8085/results,speed_elimination_ifsc_2023,IFSC 2023+: Elimination,3,,,,,,,9778,B,/api/v1/routes/9778/startlist,
/api/v1/events/1322/result/235,1322,full_results_url,IFSC Europe - Continental Youth Cup (B) - Kaunas (LTU) 2023,BOULDER Juniors Male,finished,2025-10-02 07:18:38 UTC,2026-04-22 08:41:41 UTC,,7867,boulder,Qualification,Juniors Male,finished,2023-04-29 19:15:04 UTC,/api/v1/category_rounds/7867/results,boulder_one_group_one_boulder_set,IFSC: 1 group,19,,,,,,,10169,1,/api/v1/routes/10169/startlist,
/api/v1/events/1322/result/235,1322,full_results_url,IFSC Europe - Continental Youth Cup (B) - Kaunas (LTU) 2023,BOULDER Juniors Male,finished,2025-10-02 07:18:38 UTC,2026-04-22 08:41:41 UTC,,7867,boulder,Qualification,Juniors Male,finished,2023-04-29 19:15:04 UTC,/api/v1/category_rounds/7867/results,boulder_one_group_one_boulder_set,IFSC: 1 group,19,,,,,,,10170,2,/api/v1/routes/10170/startlist,
/api/v1/events/1322/result/235,1322,full_results_url,IFSC Europe - Continental Youth Cup (B) - Kaunas (LTU) 2023,BOULDER Juniors Male,finished,2025-10-02 07:18:38 UTC,2026-04-22 08:41:41 UTC,,7867,boulder,Qualification,Juniors Male,finished,2023-04-29 19:15:04 UTC,/api/v1/category_rounds/7867/results,boulder_one_group_one_boulder_set,IFSC: 1 group,19,,,,,,,10171,3,/api/v1/routes/10171/startlist,
/api/v1/events/1322/result/235,1322,full_results_url,IFSC Europe - Continental Youth Cup (B) - Kaunas (LTU) 2023,BOULDER Juniors Male,finished,2025-10-02 07:18:38 UTC,2026-04-22 08:41:41 UTC,,7867,boulder,Qualification,Juniors Male,finished,2023-04-29 19:15:04 UTC,/api/v1/category_rounds/7867/results,boulder_one_group_one_boulder_set,IFSC: 1 group,19,,,,,,,10172,4,/api/v1/routes/10172/startlist,
/api/v1/events/1322/result/235,1322,full_results_url,IFSC Europe - Continental Youth Cup (B) - Kaunas (LTU) 2023,BOULDER Juniors Male,finished,2025-10-02 07:18:38 UTC,2026-04-22 08:41:41 UTC,,7867,boulder,Qualification,Juniors Male,finished,2023-04-29 19:15:04 UTC,/api/v1/category_rounds/7867/results,boulder_one_group_one_boulder_set,IFSC: 1 group,19,,,,,,,10173,5,/api/v1/routes/10173/startlist,
/api/v1/events/1322/result/235,1322,full_results_url,IFSC Europe - Continental Youth Cup (B) - Kaunas (LTU) 2023,BOULDER Juniors Male,finished,2025-10-02 07:18:38 UTC,2026-04-22 08:41:41 UTC,,7867,boulder,Qualification,Juniors Male,finished,2023-04-29 19:15:04 UTC,/api/v1/category_rounds/7867/results,boulder_one_group_one_boulder_set,IFSC: 1 group,19,,,,,,,10174,6,/api/v1/routes/10174/startlist,
/api/v1/events/1322/result/235,1322,full_results_url,IFSC Europe - Continental Youth Cup (B) - Kaunas (LTU) 2023,BOULDER Juniors Male,finished,2025-10-02 07:18:38 UTC,2026-04-22 08:41:41 UTC,,8148,boulder,Final,Juniors Male,finished,2023-04-30 12:29:53 UTC,/api/v1/category_rounds/8148/results,boulder_one_group_one_boulder_set,IFSC: 1 group,21,,,,,,,10009,1,/api/v1/routes/10009/startlist,
/api/v1/events/1322/result/235,1322,full_results_url,IFSC Europe - Continental Youth Cup (B) - Kaunas (LTU) 2023,BOULDER Juniors Male,finished,2025-10-02 07:18:38 UTC,2026-04-22 08:41:41 UTC,,8148,boulder,Final,Juniors Male,finished,2023-04-30 12:29:53 UTC,/api/v1/category_rounds/8148/results,boulder_one_group_one_boulder_set,IFSC: 1 group,21,,,,,,,10010,2,/api/v1/routes/10010/startlist,
/api/v1/events/1322/result/235,1322,full_results_url,IFSC Europe - Continental Youth Cup (B) - Kaunas (LTU) 2023,BOULDER Juniors Male,finished,2025-10-02 07:18:38 UTC,2026-04-22 08:41:41 UTC,,8148,boulder,Final,Juniors Male,finished,2023-04-30 12:29:53 UTC,/api/v1/category_rounds/8148/results,boulder_one_group_one_boulder_set,IFSC: 1 group,21,,,,,,,10011,3,/api/v1/routes/10011/startlist,
/api/v1/events/1322/result/235,1322,full_results_url,IFSC Europe - Continental Youth Cup (B) - Kaunas (LTU) 2023,BOULDER Juniors Male,finished,2025-10-02 07:18:38 UTC,2026-04-22 08:41:41 UTC,,8148,boulder,Final,Juniors Male,finished,2023-04-30 12:29:53 UTC,/api/v1/category_rounds/8148/results,boulder_one_group_one_boulder_set,IFSC: 1 group,21,,,,,,,10012,4,/api/v1/routes/10012/startlist,
/api/v1/events/1322/result/239,1322,full_results_url,IFSC Europe - Continental Youth Cup (B) - Kaunas (LTU) 2023,BOULDER Youth A Male,finished,2025-10-02 07:18:39 UTC,2026-04-22 08:41:45 UTC,,7868,boulder,Qualification,Youth A Male,finished,2023-04-29 15:31:36 UTC,/api/v1/category_rounds/7868/results,boulder_one_group_one_boulder_set,IFSC: 1 group,19,,,,,,,10151,1,/api/v1/routes/10151/startlist,
/api/v1/events/1322/result/239,1322,full_results_url,IFSC Europe - Continental Youth Cup (B) - Kaunas (LTU) 2023,BOULDER Youth A Male,finished,2025-10-02 07:18:39 UTC,2026-04-22 08:41:45 UTC,,7868,boulder,Qualification,Youth A Male,finished,2023-04-29 15:31:36 UTC,/api/v1/category_rounds/7868/results,boulder_one_group_one_boulder_set,IFSC: 1 group,19,,,,,,,10152,2,/api/v1/routes/10152/startlist,
/api/v1/events/1322/result/239,1322,full_results_url,IFSC Europe - Continental Youth Cup (B) - Kaunas (LTU) 2023,BOULDER Youth A Male,finished,2025-10-02 07:18:39 UTC,2026-04-22 08:41:45 UTC,,7868,boulder,Qualification,Youth A Male,finished,2023-04-29 15:31:36 UTC,/api/v1/category_rounds/7868/results,boulder_one_group_one_boulder_set,IFSC: 1 group,19,,,,,,,10153,3,/api/v1/routes/10153/startlist,
/api/v1/events/1322/result/239,1322,full_results_url,IFSC Europe - Continental Youth Cup (B) - Kaunas (LTU) 2023,BOULDER Youth A Male,finished,2025-10-02 07:18:39 UTC,2026-04-22 08:41:45 UTC,,7868,boulder,Qualification,Youth A Male,finished,2023-04-29 15:31:36 UTC,/api/v1/category_rounds/7868/results,boulder_one_group_one_boulder_set,IFSC: 1 group,19,,,,,,,10154,4,/api/v1/routes/10154/startlist,
/api/v1/events/1322/result/239,1322,full_results_url,IFSC Europe - Continental Youth Cup (B) - Kaunas (LTU) 2023,BOULDER Youth A Male,finished,2025-10-02 07:18:39 UTC,2026-04-22 08:41:45 UTC,,7868,boulder,Qualification,Youth A Male,finished,2023-04-29 15:31:36 UTC,/api/v1/category_rounds/7868/results,boulder_one_group_one_boulder_set,IFSC: 1 group,19,,,,,,,10155,5,/api/v1/routes/10155/startlist,
/api/v1/events/1322/result/239,1322,full_results_url,IFSC Europe - Continental Youth Cup (B) - Kaunas (LTU) 2023,BOULDER Youth A Male,finished,2025-10-02 07:18:39 UTC,2026-04-22 08:41:45 UTC,,7868,boulder,Qualification,Youth A Male,finished,2023-04-29 15:31:36 UTC,/api/v1/category_rounds/7868/results,boulder_one_group_one_boulder_set,IFSC: 1 group,19,,,,,,,10156,6,/api/v1/routes/10156/startlist,
/api/v1/events/1322/result/239,1322,full_results_url,IFSC Europe - Continental Youth Cup (B) - Kaunas (LTU) 2023,BOULDER Youth A Male,finished,2025-10-02 07:18:39 UTC,2026-04-22 08:41:45 UTC,,8149,boulder,Final,Youth A Male,finished,2023-04-30 10:41:56 UTC,/api/v1/category_rounds/8149/results,boulder_one_group_one_boulder_set,IFSC: 1 group,21,,,,,,,10013,1,/api/v1/routes/10013/startlist,
/api/v1/events/1322/result/239,1322,full_results_url,IFSC Europe - Continental Youth Cup (B) - Kaunas (LTU) 2023,BOULDER Youth A Male,finished,2025-10-02 07:18:39 UTC,2026-04-22 08:41:45 UTC,,8149,boulder,Final,Youth A Male,finished,2023-04-30 10:41:56 UTC,/api/v1/category_rounds/8149/results,boulder_one_group_one_boulder_set,IFSC: 1 group,21,,,,,,,10014,2,/api/v1/routes/10014/startlist,
/api/v1/events/1322/result/239,1322,full_results_url,IFSC Europe - Continental Youth Cup (B) - Kaunas (LTU) 2023,BOULDER Youth A Male,finished,2025-10-02 07:18:39 UTC,2026-04-22 08:41:45 UTC,,8149,boulder,Final,Youth A Male,finished,2023-04-30 10:41:56 UTC,/api/v1/category_rounds/8149/results,boulder_one_group_one_boulder_set,IFSC: 1 group,21,,,,,,,10015,3,/api/v1/routes/10015/startlist,
/api/v1/events/1322/result/239,1322,full_results_url,IFSC Europe - Continental Youth Cup (B) - Kaunas (LTU) 2023,BOULDER Youth A Male,finished,2025-10-02 07:18:39 UTC,2026-04-22 08:41:45 UTC,,8149,boulder,Final,Youth A Male,finished,2023-04-30 10:41:56 UTC,/api/v1/category_rounds/8149/results,boulder_one_group_one_boulder_set,IFSC: 1 group,21,,,,,,,10016,4,/api/v1/routes/10016/startlist,
/api/v1/events/1322/result/243,1322,full_results_url,IFSC Europe - Continental Youth Cup (B) - Kaunas (LTU) 2023,BOULDER Youth B Male,finished,2025-10-02 07:18:39 UTC,2026-04-22 08:41:49 UTC,,7869,boulder,Qualification,Youth B Male,finished,2023-04-29 14:42:13 UTC,/api/v1/category_rounds/7869/results,boulder_one_group_one_boulder_set,IFSC: 1 group,19,,,,,,,10136,1,/api/v1/routes/10136/startlist,
/api/v1/events/1322/result/243,1322,full_results_url,IFSC Europe - Continental Youth Cup (B) - Kaunas (LTU) 2023,BOULDER Youth B Male,finished,2025-10-02 07:18:39 UTC,2026-04-22 08:41:49 UTC,,7869,boulder,Qualification,Youth B Male,finished,2023-04-29 14:42:13 UTC,/api/v1/category_rounds/7869/results,boulder_one_group_one_boulder_set,IFSC: 1 group,19,,,,,,,10137,2,/api/v1/routes/10137/startlist,
/api/v1/events/1322/result/243,1322,full_results_url,IFSC Europe - Continental Youth Cup (B) - Kaunas (LTU) 2023,BOULDER Youth B Male,finished,2025-10-02 07:18:39 UTC,2026-04-22 08:41:49 UTC,,7869,boulder,Qualification,Youth B Male,finished,2023-04-29 14:42:13 UTC,/api/v1/category_rounds/7869/results,boulder_one_group_one_boulder_set,IFSC: 1 group,19,,,,,,,10138,3,/api/v1/routes/10138/startlist,
/api/v1/events/1322/result/243,1322,full_results_url,IFSC Europe - Continental Youth Cup (B) - Kaunas (LTU) 2023,BOULDER Youth B Male,finished,2025-10-02 07:18:39 UTC,2026-04-22 08:41:49 UTC,,7869,boulder,Qualification,Youth B Male,finished,2023-04-29 14:42:13 UTC,/api/v1/category_rounds/7869/results,boulder_one_group_one_boulder_set,IFSC: 1 group,19,,,,,,,10139,4,/api/v1/routes/10139/startlist,
/api/v1/events/1322/result/243,1322,full_results_url,IFSC Europe - Continental Youth Cup (B) - Kaunas (LTU) 2023,BOULDER Youth B Male,finished,2025-10-02 07:18:39 UTC,2026-04-22 08:41:49 UTC,,7869,boulder,Qualification,Youth B Male,finished,2023-04-29 14:42:13 UTC,/api/v1/category_rounds/7869/results,boulder_one_group_one_boulder_set,IFSC: 1 group,19,,,,,,,10140,5,/api/v1/routes/10140/startlist,
/api/v1/events/1322/result/243,1322,full_results_url,IFSC Europe - Continental Youth Cup (B) - Kaunas (LTU) 2023,BOULDER Youth B Male,finished,2025-10-02 07:18:39 UTC,2026-04-22 08:41:49 UTC,,7869,boulder,Qualification,Youth B Male,finished,2023-04-29 14:42:13 UTC,/api/v1/category_rounds/7869/results,boulder_one_group_one_boulder_set,IFSC: 1 group,19,,,,,,,10142,6,/api/v1/routes/10142/startlist,
/api/v1/events/1322/result/243,1322,full_results_url,IFSC Europe - Continental Youth Cup (B) - Kaunas (LTU) 2023,BOULDER Youth B Male,finished,2025-10-02 07:18:39 UTC,2026-04-22 08:41:49 UTC,,8150,boulder,Final,Youth B Male,finished,2023-04-30 07:35:04 UTC,/api/v1/category_rounds/8150/results,boulder_one_group_one_boulder_set,IFSC: 1 group,21,,,,,,,10017,1,/api/v1/routes/10017/startlist,
/api/v1/events/1322/result/243,1322,full_results_url,IFSC Europe - Continental Youth Cup (B) - Kaunas (LTU) 2023,BOULDER Youth B Male,finished,2025-10-02 07:18:39 UTC,2026-04-22 08:41:49 UTC,,8150,boulder,Final,Youth B Male,finished,2023-04-30 07:35:04 UTC,/api/v1/category_rounds/8150/results,boulder_one_group_one_boulder_set,IFSC: 1 group,21,,,,,,,10018,2,/api/v1/routes/10018/startlist,
/api/v1/events/1322/result/243,1322,full_results_url,IFSC Europe - Continental Youth Cup (B) - Kaunas (LTU) 2023,BOULDER Youth B Male,finished,2025-10-02 07:18:39 UTC,2026-04-22 08:41:49 UTC,,8150,boulder,Final,Youth B Male,finished,2023-04-30 07:35:04 UTC,/api/v1/category_rounds/8150/results,boulder_one_group_one_boulder_set,IFSC: 1 group,21,,,,,,,10019,3,/api/v1/routes/10019/startlist,
/api/v1/events/1322/result/243,1322,full_results_url,IFSC Europe - Continental Youth Cup (B) - Kaunas (LTU) 2023,BOULDER Youth B Male,finished,2025-10-02 07:18:39 UTC,2026-04-22 08:41:49 UTC,,8150,boulder,Final,Youth B Male,finished,2023-04-30 07:35:04 UTC,/api/v1/category_rounds/8150/results,boulder_one_group_one_boulder_set,IFSC: 1 group,21,,,,,,,10020,4,/api/v1/routes/10020/startlist,
/api/v1/events/1322/result/251,1322,full_results_url,IFSC Europe - Continental Youth Cup (B) - Kaunas (LTU) 2023,BOULDER Juniors Female,finished,2025-10-02 07:18:38 UTC,2026-04-22 08:41:52 UTC,,7870,boulder,Qualification,Juniors Female,finished,2023-04-29 18:54:07 UTC,/api/v1/category_rounds/7870/results,boulder_one_group_one_boulder_set,IFSC: 1 group,19,,,,,,,10163,1,/api/v1/routes/10163/startlist,
/api/v1/events/1322/result/251,1322,full_results_url,IFSC Europe - Continental Youth Cup (B) - Kaunas (LTU) 2023,BOULDER Juniors Female,finished,2025-10-02 07:18:38 UTC,2026-04-22 08:41:52 UTC,,7870,boulder,Qualification,Juniors Female,finished,2023-04-29 18:54:07 UTC,/api/v1/category_rounds/7870/results,boulder_one_group_one_boulder_set,IFSC: 1 group,19,,,,,,,10164,2,/api/v1/routes/10164/startlist,
/api/v1/events/1322/result/251,1322,full_results_url,IFSC Europe - Continental Youth Cup (B) - Kaunas (LTU) 2023,BOULDER Juniors Female,finished,2025-10-02 07:18:38 UTC,2026-04-22 08:41:52 UTC,,7870,boulder,Qualification,Juniors Female,finished,2023-04-29 18:54:07 UTC,/api/v1/category_rounds/7870/results,boulder_one_group_one_boulder_set,IFSC: 1 group,19,,,,,,,10165,3,/api/v1/routes/10165/startlist,
/api/v1/events/1322/result/251,1322,full_results_url,IFSC Europe - Continental Youth Cup (B) - Kaunas (LTU) 2023,BOULDER Juniors Female,finished,2025-10-02 07:18:38 UTC,2026-04-22 08:41:52 UTC,,7870,boulder,Qualification,Juniors Female,finished,2023-04-29 18:54:07 UTC,/api/v1/category_rounds/7870/results,boulder_one_group_one_boulder_set,IFSC: 1 group,19,,,,,,,10166,4,/api/v1/routes/10166/startlist,
/api/v1/events/1322/result/251,1322,full_results_url,IFSC Europe - Continental Youth Cup (B) - Kaunas (LTU) 2023,BOULDER Juniors Female,finished,2025-10-02 07:18:38 UTC,2026-04-22 08:41:52 UTC,,7870,boulder,Qualification,Juniors Female,finished,2023-04-29 18:54:07 UTC,/api/v1/category_rounds/7870/results,boulder_one_group_one_boulder_set,IFSC: 1 group,19,,,,,,,10167,5,/api/v1/routes/10167/startlist,
/api/v1/events/1322/result/251,1322,full_results_url,IFSC Europe - Continental Youth Cup (B) - Kaunas (LTU) 2023,BOULDER Juniors Female,finished,2025-10-02 07:18:38 UTC,2026-04-22 08:41:52 UTC,,7870,boulder,Qualification,Juniors Female,finished,2023-04-29 18:54:07 UTC,/api/v1/category_rounds/7870/results,boulder_one_group_one_boulder_set,IFSC: 1 group,19,,,,,,,10168,6,/api/v1/routes/10168/startlist,
/api/v1/events/1322/result/251,1322,full_results_url,IFSC Europe - Continental Youth Cup (B) - Kaunas (LTU) 2023,BOULDER Juniors Female,finished,2025-10-02 07:18:38 UTC,2026-04-22 08:41:52 UTC,,8151,boulder,Final,Juniors Female,finished,2023-04-30 12:29:17 UTC,/api/v1/category_rounds/8151/results,boulder_one_group_one_boulder_set,IFSC: 1 group,21,,,,,,,10021,1,/api/v1/routes/10021/startlist,
/api/v1/events/1322/result/251,1322,full_results_url,IFSC Europe - Continental Youth Cup (B) - Kaunas (LTU) 2023,BOULDER Juniors Female,finished,2025-10-02 07:18:38 UTC,2026-04-22 08:41:52 UTC,,8151,boulder,Final,Juniors Female,finished,2023-04-30 12:29:17 UTC,/api/v1/category_rounds/8151/results,boulder_one_group_one_boulder_set,IFSC: 1 group,21,,,,,,,10022,2,/api/v1/routes/10022/startlist,
/api/v1/events/1322/result/251,1322,full_results_url,IFSC Europe - Continental Youth Cup (B) - Kaunas (LTU) 2023,BOULDER Juniors Female,finished,2025-10-02 07:18:38 UTC,2026-04-22 08:41:52 UTC,,8151,boulder,Final,Juniors Female,finished,2023-04-30 12:29:17 UTC,/api/v1/category_rounds/8151/results,boulder_one_group_one_boulder_set,IFSC: 1 group,21,,,,,,,10023,3,/api/v1/routes/10023/startlist,
/api/v1/events/1322/result/251,1322,full_results_url,IFSC Europe - Continental Youth Cup (B) - Kaunas (LTU) 2023,BOULDER Juniors Female,finished,2025-10-02 07:18:38 UTC,2026-04-22 08:41:52 UTC,,8151,boulder,Final,Juniors Female,finished,2023-04-30 12:29:17 UTC,/api/v1/category_rounds/8151/results,boulder_one_group_one_boulder_set,IFSC: 1 group,21,,,,,,,10024,4,/api/v1/routes/10024/startlist,
/api/v1/events/1322/result/255,1322,full_results_url,IFSC Europe - Continental Youth Cup (B) - Kaunas (LTU) 2023,BOULDER Youth A Female,finished,2025-10-02 07:18:39 UTC,2026-04-22 08:41:56 UTC,,7871,boulder,Qualification,Youth A Female,finished,2023-04-29 18:40:26 UTC,/api/v1/category_rounds/7871/results,boulder_one_group_one_boulder_set,IFSC: 1 group,19,,,,,,,10157,1,/api/v1/routes/10157/startlist,
/api/v1/events/1322/result/255,1322,full_results_url,IFSC Europe - Continental Youth Cup (B) - Kaunas (LTU) 2023,BOULDER Youth A Female,finished,2025-10-02 07:18:39 UTC,2026-04-22 08:41:56 UTC,,7871,boulder,Qualification,Youth A Female,finished,2023-04-29 18:40:26 UTC,/api/v1/category_rounds/7871/results,boulder_one_group_one_boulder_set,IFSC: 1 group,19,,,,,,,10158,2,/api/v1/routes/10158/startlist,
/api/v1/events/1322/result/255,1322,full_results_url,IFSC Europe - Continental Youth Cup (B) - Kaunas (LTU) 2023,BOULDER Youth A Female,finished,2025-10-02 07:18:39 UTC,2026-04-22 08:41:56 UTC,,7871,boulder,Qualification,Youth A Female,finished,2023-04-29 18:40:26 UTC,/api/v1/category_rounds/7871/results,boulder_one_group_one_boulder_set,IFSC: 1 group,19,,,,,,,10159,3,/api/v1/routes/10159/startlist,
/api/v1/events/1322/result/255,1322,full_results_url,IFSC Europe - Continental Youth Cup (B) - Kaunas (LTU) 2023,BOULDER Youth A Female,finished,2025-10-02 07:18:39 UTC,2026-04-22 08:41:56 UTC,,7871,boulder,Qualification,Youth A Female,finished,2023-04-29 18:40:26 UTC,/api/v1/category_rounds/7871/results,boulder_one_group_one_boulder_set,IFSC: 1 group,19,,,,,,,10160,4,/api/v1/routes/10160/startlist,
/api/v1/events/1322/result/255,1322,full_results_url,IFSC Europe - Continental Youth Cup (B) - Kaunas (LTU) 2023,BOULDER Youth A Female,finished,2025-10-02 07:18:39 UTC,2026-04-22 08:41:56 UTC,,7871,boulder,Qualification,Youth A Female,finished,2023-04-29 18:40:26 UTC,/api/v1/category_rounds/7871/results,boulder_one_group_one_boulder_set,IFSC: 1 group,19,,,,,,,10161,5,/api/v1/routes/10161/startlist,
/api/v1/events/1322/result/255,1322,full_results_url,IFSC Europe - Continental Youth Cup (B) - Kaunas (LTU) 2023,BOULDER Youth A Female,finished,2025-10-02 07:18:39 UTC,2026-04-22 08:41:56 UTC,,7871,boulder,Qualification,Youth A Female,finished,2023-04-29 18:40:26 UTC,/api/v1/category_rounds/7871/results,boulder_one_group_one_boulder_set,IFSC: 1 group,19,,,,,,,10162,6,/api/v1/routes/10162/startlist,
/api/v1/events/1322/result/255,1322,full_results_url,IFSC Europe - Continental Youth Cup (B) - Kaunas (LTU) 2023,BOULDER Youth A Female,finished,2025-10-02 07:18:39 UTC,2026-04-22 08:41:56 UTC,,8152,boulder,Final,Youth A Female,finished,2023-04-30 10:43:05 UTC,/api/v1/category_rounds/8152/results,boulder_one_group_one_boulder_set,IFSC: 1 group,21,,,,,,,10025,1,/api/v1/routes/10025/startlist,
/api/v1/events/1322/result/255,1322,full_results_url,IFSC Europe - Continental Youth Cup (B) - Kaunas (LTU) 2023,BOULDER Youth A Female,finished,2025-10-02 07:18:39 UTC,2026-04-22 08:41:56 UTC,,8152,boulder,Final,Youth A Female,finished,2023-04-30 10:43:05 UTC,/api/v1/category_rounds/8152/results,boulder_one_group_one_boulder_set,IFSC: 1 group,21,,,,,,,10026,2,/api/v1/routes/10026/startlist,
/api/v1/events/1322/result/255,1322,full_results_url,IFSC Europe - Continental Youth Cup (B) - Kaunas (LTU) 2023,BOULDER Youth A Female,finished,2025-10-02 07:18:39 UTC,2026-04-22 08:41:56 UTC,,8152,boulder,Final,Youth A Female,finished,2023-04-30 10:43:05 UTC,/api/v1/category_rounds/8152/results,boulder_one_group_one_boulder_set,IFSC: 1 group,21,,,,,,,10027,3,/api/v1/routes/10027/startlist,
/api/v1/events/1322/result/255,1322,full_results_url,IFSC Europe - Continental Youth Cup (B) - Kaunas (LTU) 2023,BOULDER Youth A Female,finished,2025-10-02 07:18:39 UTC,2026-04-22 08:41:56 UTC,,8152,boulder,Final,Youth A Female,finished,2023-04-30 10:43:05 UTC,/api/v1/category_rounds/8152/results,boulder_one_group_one_boulder_set,IFSC: 1 group,21,,,,,,,10028,4,/api/v1/routes/10028/startlist,
/api/v1/events/1322/result/259,1322,full_results_url,IFSC Europe - Continental Youth Cup (B) - Kaunas (LTU) 2023,BOULDER Youth B Female,finished,2025-10-02 07:18:39 UTC,2026-04-22 08:42:00 UTC,,7872,boulder,Qualification,Youth B Female,finished,2023-04-29 11:36:58 UTC,/api/v1/category_rounds/7872/results,boulder_one_group_one_boulder_set,IFSC: 1 group,19,,,,,,,10131,1,/api/v1/routes/10131/startlist,
/api/v1/events/1322/result/259,1322,full_results_url,IFSC Europe - Continental Youth Cup (B) - Kaunas (LTU) 2023,BOULDER Youth B Female,finished,2025-10-02 07:18:39 UTC,2026-04-22 08:42:00 UTC,,7872,boulder,Qualification,Youth B Female,finished,2023-04-29 11:36:58 UTC,/api/v1/category_rounds/7872/results,boulder_one_group_one_boulder_set,IFSC: 1 group,19,,,,,,,10132,2,/api/v1/routes/10132/startlist,
/api/v1/events/1322/result/259,1322,full_results_url,IFSC Europe - Continental Youth Cup (B) - Kaunas (LTU) 2023,BOULDER Youth B Female,finished,2025-10-02 07:18:39 UTC,2026-04-22 08:42:00 UTC,,7872,boulder,Qualification,Youth B Female,finished,2023-04-29 11:36:58 UTC,/api/v1/category_rounds/7872/results,boulder_one_group_one_boulder_set,IFSC: 1 group,19,,,,,,,10133,3,/api/v1/routes/10133/startlist,
/api/v1/events/1322/result/259,1322,full_results_url,IFSC Europe - Continental Youth Cup (B) - Kaunas (LTU) 2023,BOULDER Youth B Female,finished,2025-10-02 07:18:39 UTC,2026-04-22 08:42:00 UTC,,7872,boulder,Qualification,Youth B Female,finished,2023-04-29 11:36:58 UTC,/api/v1/category_rounds/7872/results,boulder_one_group_one_boulder_set,IFSC: 1 group,19,,,,,,,10134,4,/api/v1/routes/10134/startlist,
/api/v1/events/1322/result/259,1322,full_results_url,IFSC Europe - Continental Youth Cup (B) - Kaunas (LTU) 2023,BOULDER Youth B Female,finished,2025-10-02 07:18:39 UTC,2026-04-22 08:42:00 UTC,,7872,boulder,Qualification,Youth B Female,finished,2023-04-29 11:36:58 UTC,/api/v1/category_rounds/7872/results,boulder_one_group_one_boulder_set,IFSC: 1 group,19,,,,,,,10135,5,/api/v1/routes/10135/startlist,
/api/v1/events/1322/result/259,1322,full_results_url,IFSC Europe - Continental Youth Cup (B) - Kaunas (LTU) 2023,BOULDER Youth B Female,finished,2025-10-02 07:18:39 UTC,2026-04-22 08:42:00 UTC,,7872,boulder,Qualification,Youth B Female,finished,2023-04-29 11:36:58 UTC,/api/v1/category_rounds/7872/results,boulder_one_group_one_boulder_set,IFSC: 1 group,19,,,,,,,10141,6,/api/v1/routes/10141/startlist,
/api/v1/events/1322/result/259,1322,full_results_url,IFSC Europe - Continental Youth Cup (B) - Kaunas (LTU) 2023,BOULDER Youth B Female,finished,2025-10-02 07:18:39 UTC,2026-04-22 08:42:00 UTC,,8153,boulder,Final,Youth B Female,finished,2023-04-30 07:35:32 UTC,/api/v1/category_rounds/8153/results,boulder_one_group_one_boulder_set,IFSC: 1 group,21,,,,,,,10029,1,/api/v1/routes/10029/startlist,
/api/v1/events/1322/result/259,1322,full_results_url,IFSC Europe - Continental Youth Cup (B) - Kaunas (LTU) 2023,BOULDER Youth B Female,finished,2025-10-02 07:18:39 UTC,2026-04-22 08:42:00 UTC,,8153,boulder,Final,Youth B Female,finished,2023-04-30 07:35:32 UTC,/api/v1/category_rounds/8153/results,boulder_one_group_one_boulder_set,IFSC: 1 group,21,,,,,,,10030,2,/api/v1/routes/10030/startlist,
/api/v1/events/1322/result/259,1322,full_results_url,IFSC Europe - Continental Youth Cup (B) - Kaunas (LTU) 2023,BOULDER Youth B Female,finished,2025-10-02 07:18:39 UTC,2026-04-22 08:42:00 UTC,,8153,boulder,Final,Youth B Female,finished,2023-04-30 07:35:32 UTC,/api/v1/category_rounds/8153/results,boulder_one_group_one_boulder_set,IFSC: 1 group,21,,,,,,,10031,3,/api/v1/routes/10031/startlist,
/api/v1/events/1322/result/259,1322,full_results_url,IFSC Europe - Continental Youth Cup (B) - Kaunas (LTU) 2023,BOULDER Youth B Female,finished,2025-10-02 07:18:39 UTC,2026-04-22 08:42:00 UTC,,8153,boulder,Final,Youth B Female,finished,2023-04-30 07:35:32 UTC,/api/v1/category_rounds/8153/results,boulder_one_group_one_boulder_set,IFSC: 1 group,21,,,,,,,10032,4,/api/v1/routes/10032/startlist,
/api/v1/events/1323/result/235,1323,full_results_url,IFSC Europe - Continental Youth Cup (B) - Graz (AUT) 2023,BOULDER Juniors Male,finished,2025-10-02 07:18:39 UTC,2026-04-22 08:42:04 UTC,,7873,boulder,Qualification,Juniors Male,finished,2023-05-06 10:53:11 UTC,/api/v1/category_rounds/7873/results,boulder_one_group_two_courses,Custom: 2 courses,19,,,,,,,10175,A1,/api/v1/routes/10175/startlist,
/api/v1/events/1323/result/235,1323,full_results_url,IFSC Europe - Continental Youth Cup (B) - Graz (AUT) 2023,BOULDER Juniors Male,finished,2025-10-02 07:18:39 UTC,2026-04-22 08:42:04 UTC,,7873,boulder,Qualification,Juniors Male,finished,2023-05-06 10:53:11 UTC,/api/v1/category_rounds/7873/results,boulder_one_group_two_courses,Custom: 2 courses,19,,,,,,,10176,A2,/api/v1/routes/10176/startlist,
/api/v1/events/1323/result/235,1323,full_results_url,IFSC Europe - Continental Youth Cup (B) - Graz (AUT) 2023,BOULDER Juniors Male,finished,2025-10-02 07:18:39 UTC,2026-04-22 08:42:04 UTC,,7873,boulder,Qualification,Juniors Male,finished,2023-05-06 10:53:11 UTC,/api/v1/category_rounds/7873/results,boulder_one_group_two_courses,Custom: 2 courses,19,,,,,,,10177,A3,/api/v1/routes/10177/startlist,
/api/v1/events/1323/result/235,1323,full_results_url,IFSC Europe - Continental Youth Cup (B) - Graz (AUT) 2023,BOULDER Juniors Male,finished,2025-10-02 07:18:39 UTC,2026-04-22 08:42:04 UTC,,7873,boulder,Qualification,Juniors Male,finished,2023-05-06 10:53:11 UTC,/api/v1/category_rounds/7873/results,boulder_one_group_two_courses,Custom: 2 courses,19,,,,,,,10178,B1,/api/v1/routes/10178/startlist,
/api/v1/events/1323/result/235,1323,full_results_url,IFSC Europe - Continental Youth Cup (B) - Graz (AUT) 2023,BOULDER Juniors Male,finished,2025-10-02 07:18:39 UTC,2026-04-22 08:42:04 UTC,,7873,boulder,Qualification,Juniors Male,finished,2023-05-06 10:53:11 UTC,/api/v1/category_rounds/7873/results,boulder_one_group_two_courses,Custom: 2 courses,19,,,,,,,10179,B2,/api/v1/routes/10179/startlist,
/api/v1/events/1323/result/235,1323,full_results_url,IFSC Europe - Continental Youth Cup (B) - Graz (AUT) 2023,BOULDER Juniors Male,finished,2025-10-02 07:18:39 UTC,2026-04-22 08:42:04 UTC,,7873,boulder,Qualification,Juniors Male,finished,2023-05-06 10:53:11 UTC,/api/v1/category_rounds/7873/results,boulder_one_group_two_courses,Custom: 2 courses,19,,,,,,,10180,B3,/api/v1/routes/10180/startlist,
/api/v1/events/1323/result/235,1323,full_results_url,IFSC Europe - Continental Youth Cup (B) - Graz (AUT) 2023,BOULDER Juniors Male,finished,2025-10-02 07:18:39 UTC,2026-04-22 08:42:04 UTC,,8142,boulder,Final,Juniors Male,finished,2023-05-07 09:26:20 UTC,/api/v1/category_rounds/8142/results,boulder_one_group_one_boulder_set,IFSC: 1 group,21,,,,,,,9979,1,/api/v1/routes/9979/startlist,
/api/v1/events/1323/result/235,1323,full_results_url,IFSC Europe - Continental Youth Cup (B) - Graz (AUT) 2023,BOULDER Juniors Male,finished,2025-10-02 07:18:39 UTC,2026-04-22 08:42:04 UTC,,8142,boulder,Final,Juniors Male,finished,2023-05-07 09:26:20 UTC,/api/v1/category_rounds/8142/results,boulder_one_group_one_boulder_set,IFSC: 1 group,21,,,,,,,9980,2,/api/v1/routes/9980/startlist,
/api/v1/events/1323/result/235,1323,full_results_url,IFSC Europe - Continental Youth Cup (B) - Graz (AUT) 2023,BOULDER Juniors Male,finished,2025-10-02 07:18:39 UTC,2026-04-22 08:42:04 UTC,,8142,boulder,Final,Juniors Male,finished,2023-05-07 09:26:20 UTC,/api/v1/category_rounds/8142/results,boulder_one_group_one_boulder_set,IFSC: 1 group,21,,,,,,,9981,3,/api/v1/routes/9981/startlist,
/api/v1/events/1323/result/235,1323,full_results_url,IFSC Europe - Continental Youth Cup (B) - Graz (AUT) 2023,BOULDER Juniors Male,finished,2025-10-02 07:18:39 UTC,2026-04-22 08:42:04 UTC,,8142,boulder,Final,Juniors Male,finished,2023-05-07 09:26:20 UTC,/api/v1/category_rounds/8142/results,boulder_one_group_one_boulder_set,IFSC: 1 group,21,,,,,,,9982,4,/api/v1/routes/9982/startlist,
/api/v1/events/1323/result/239,1323,full_results_url,IFSC Europe - Continental Youth Cup (B) - Graz (AUT) 2023,BOULDER Youth A Male,finished,2025-10-02 07:18:39 UTC,2026-04-22 08:42:08 UTC,,7874,boulder,Qualification,Youth A Male,finished,2023-05-06 16:53:31 UTC,/api/v1/category_rounds/7874/results,boulder_one_group_two_courses,Custom: 2 courses,19,,,,,,,10181,A1,/api/v1/routes/10181/startlist,
/api/v1/events/1323/result/239,1323,full_results_url,IFSC Europe - Continental Youth Cup (B) - Graz (AUT) 2023,BOULDER Youth A Male,finished,2025-10-02 07:18:39 UTC,2026-04-22 08:42:08 UTC,,7874,boulder,Qualification,Youth A Male,finished,2023-05-06 16:53:31 UTC,/api/v1/category_rounds/7874/results,boulder_one_group_two_courses,Custom: 2 courses,19,,,,,,,10182,A2,/api/v1/routes/10182/startlist,
/api/v1/events/1323/result/239,1323,full_results_url,IFSC Europe - Continental Youth Cup (B) - Graz (AUT) 2023,BOULDER Youth A Male,finished,2025-10-02 07:18:39 UTC,2026-04-22 08:42:08 UTC,,7874,boulder,Qualification,Youth A Male,finished,2023-05-06 16:53:31 UTC,/api/v1/category_rounds/7874/results,boulder_one_group_two_courses,Custom: 2 courses,19,,,,,,,10183,A3,/api/v1/routes/10183/startlist,
/api/v1/events/1323/result/239,1323,full_results_url,IFSC Europe - Continental Youth Cup (B) - Graz (AUT) 2023,BOULDER Youth A Male,finished,2025-10-02 07:18:39 UTC,2026-04-22 08:42:08 UTC,,7874,boulder,Qualification,Youth A Male,finished,2023-05-06 16:53:31 UTC,/api/v1/category_rounds/7874/results,boulder_one_group_two_courses,Custom: 2 courses,19,,,,,,,10184,B1,/api/v1/routes/10184/startlist,
/api/v1/events/1323/result/239,1323,full_results_url,IFSC Europe - Continental Youth Cup (B) - Graz (AUT) 2023,BOULDER Youth A Male,finished,2025-10-02 07:18:39 UTC,2026-04-22 08:42:08 UTC,,7874,boulder,Qualification,Youth A Male,finished,2023-05-06 16:53:31 UTC,/api/v1/category_rounds/7874/results,boulder_one_group_two_courses,Custom: 2 courses,19,,,,,,,10185,B2,/api/v1/routes/10185/startlist,
/api/v1/events/1323/result/239,1323,full_results_url,IFSC Europe - Continental Youth Cup (B) - Graz (AUT) 2023,BOULDER Youth A Male,finished,2025-10-02 07:18:39 UTC,2026-04-22 08:42:08 UTC,,7874,boulder,Qualification,Youth A Male,finished,2023-05-06 16:53:31 UTC,/api/v1/category_rounds/7874/results,boulder_one_group_two_courses,Custom: 2 courses,19,,,,,,,10186,B3,/api/v1/routes/10186/startlist,
/api/v1/events/1323/result/239,1323,full_results_url,IFSC Europe - Continental Youth Cup (B) - Graz (AUT) 2023,BOULDER Youth A Male,finished,2025-10-02 07:18:39 UTC,2026-04-22 08:42:08 UTC,,8143,boulder,Final,Youth A Male,finished,2023-05-07 11:25:09 UTC,/api/v1/category_rounds/8143/results,boulder_one_group_one_boulder_set,IFSC: 1 group,21,,,,,,,9983,1,/api/v1/routes/9983/startlist,
/api/v1/events/1323/result/239,1323,full_results_url,IFSC Europe - Continental Youth Cup (B) - Graz (AUT) 2023,BOULDER Youth A Male,finished,2025-10-02 07:18:39 UTC,2026-04-22 08:42:08 UTC,,8143,boulder,Final,Youth A Male,finished,2023-05-07 11:25:09 UTC,/api/v1/category_rounds/8143/results,boulder_one_group_one_boulder_set,IFSC: 1 group,21,,,,,,,9984,2,/api/v1/routes/9984/startlist,
/api/v1/events/1323/result/239,1323,full_results_url,IFSC Europe - Continental Youth Cup (B) - Graz (AUT) 2023,BOULDER Youth A Male,finished,2025-10-02 07:18:39 UTC,2026-04-22 08:42:08 UTC,,8143,boulder,Final,Youth A Male,finished,2023-05-07 11:25:09 UTC,/api/v1/category_rounds/8143/results,boulder_one_group_one_boulder_set,IFSC: 1 group,21,,,,,,,9985,3,/api/v1/routes/9985/startlist,
/api/v1/events/1323/result/239,1323,full_results_url,IFSC Europe - Continental Youth Cup (B) - Graz (AUT) 2023,BOULDER Youth A Male,finished,2025-10-02 07:18:39 UTC,2026-04-22 08:42:08 UTC,,8143,boulder,Final,Youth A Male,finished,2023-05-07 11:25:09 UTC,/api/v1/category_rounds/8143/results,boulder_one_group_one_boulder_set,IFSC: 1 group,21,,,,,,,9986,4,/api/v1/routes/9986/startlist,
/api/v1/events/1323/result/243,1323,full_results_url,IFSC Europe - Continental Youth Cup (B) - Graz (AUT) 2023,BOULDER Youth B Male,finished,2025-10-02 07:18:39 UTC,2026-04-22 08:42:12 UTC,,7875,boulder,Qualification,Youth B Male,finished,2023-05-05 20:31:14 UTC,/api/v1/category_rounds/7875/results,boulder_one_group_two_courses,Custom: 2 courses,19,,,,,,,10187,A1,/api/v1/routes/10187/startlist,
/api/v1/events/1323/result/243,1323,full_results_url,IFSC Europe - Continental Youth Cup (B) - Graz (AUT) 2023,BOULDER Youth B Male,finished,2025-10-02 07:18:39 UTC,2026-04-22 08:42:12 UTC,,7875,boulder,Qualification,Youth B Male,finished,2023-05-05 20:31:14 UTC,/api/v1/category_rounds/7875/results,boulder_one_group_two_courses,Custom: 2 courses,19,,,,,,,10188,A2,/api/v1/routes/10188/startlist,
/api/v1/events/1323/result/243,1323,full_results_url,IFSC Europe - Continental Youth Cup (B) - Graz (AUT) 2023,BOULDER Youth B Male,finished,2025-10-02 07:18:39 UTC,2026-04-22 08:42:12 UTC,,7875,boulder,Qualification,Youth B Male,finished,2023-05-05 20:31:14 UTC,/api/v1/category_rounds/7875/results,boulder_one_group_two_courses,Custom: 2 courses,19,,,,,,,10189,A3,/api/v1/routes/10189/startlist,
/api/v1/events/1323/result/243,1323,full_results_url,IFSC Europe - Continental Youth Cup (B) - Graz (AUT) 2023,BOULDER Youth B Male,finished,2025-10-02 07:18:39 UTC,2026-04-22 08:42:12 UTC,,7875,boulder,Qualification,Youth B Male,finished,2023-05-05 20:31:14 UTC,/api/v1/category_rounds/7875/results,boulder_one_group_two_courses,Custom: 2 courses,19,,,,,,,10190,B1,/api/v1/routes/10190/startlist,
/api/v1/events/1323/result/243,1323,full_results_url,IFSC Europe - Continental Youth Cup (B) - Graz (AUT) 2023,BOULDER Youth B Male,finished,2025-10-02 07:18:39 UTC,2026-04-22 08:42:12 UTC,,7875,boulder,Qualification,Youth B Male,finished,2023-05-05 20:31:14 UTC,/api/v1/category_rounds/7875/results,boulder_one_group_two_courses,Custom: 2 courses,19,,,,,,,10191,B2,/api/v1/routes/10191/startlist,
/api/v1/events/1323/result/243,1323,full_results_url,IFSC Europe - Continental Youth Cup (B) - Graz (AUT) 2023,BOULDER Youth B Male,finished,2025-10-02 07:18:39 UTC,2026-04-22 08:42:12 UTC,,7875,boulder,Qualification,Youth B Male,finished,2023-05-05 20:31:14 UTC,/api/v1/category_rounds/7875/results,boulder_one_group_two_courses,Custom: 2 courses,19,,,,,,,10192,B3,/api/v1/routes/10192/startlist,
/api/v1/events/1323/result/243,1323,full_results_url,IFSC Europe - Continental Youth Cup (B) - Graz (AUT) 2023,BOULDER Youth B Male,finished,2025-10-02 07:18:39 UTC,2026-04-22 08:42:12 UTC,,8144,boulder,Final,Youth B Male,finished,2023-05-06 19:49:22 UTC,/api/v1/category_rounds/8144/results,boulder_one_group_one_boulder_set,IFSC: 1 group,21,,,,,,,9987,1,/api/v1/routes/9987/startlist,
/api/v1/events/1323/result/243,1323,full_results_url,IFSC Europe - Continental Youth Cup (B) - Graz (AUT) 2023,BOULDER Youth B Male,finished,2025-10-02 07:18:39 UTC,2026-04-22 08:42:12 UTC,,8144,boulder,Final,Youth B Male,finished,2023-05-06 19:49:22 UTC,/api/v1/category_rounds/8144/results,boulder_one_group_one_boulder_set,IFSC: 1 group,21,,,,,,,9988,2,/api/v1/routes/9988/startlist,
/api/v1/events/1323/result/243,1323,full_results_url,IFSC Europe - Continental Youth Cup (B) - Graz (AUT) 2023,BOULDER Youth B Male,finished,2025-10-02 07:18:39 UTC,2026-04-22 08:42:12 UTC,,8144,boulder,Final,Youth B Male,finished,2023-05-06 19:49:22 UTC,/api/v1/category_rounds/8144/results,boulder_one_group_one_boulder_set,IFSC: 1 group,21,,,,,,,9989,3,/api/v1/routes/9989/startlist,
/api/v1/events/1323/result/243,1323,full_results_url,IFSC Europe - Continental Youth Cup (B) - Graz (AUT) 2023,BOULDER Youth B Male,finished,2025-10-02 07:18:39 UTC,2026-04-22 08:42:12 UTC,,8144,boulder,Final,Youth B Male,finished,2023-05-06 19:49:22 UTC,/api/v1/category_rounds/8144/results,boulder_one_group_one_boulder_set,IFSC: 1 group,21,,,,,,,9990,4,/api/v1/routes/9990/startlist,
/api/v1/events/1323/result/251,1323,full_results_url,IFSC Europe - Continental Youth Cup (B) - Graz (AUT) 2023,BOULDER Juniors Female,finished,2025-10-02 07:18:39 UTC,2026-04-22 08:42:16 UTC,,7876,boulder,Qualification,Juniors Female,finished,2023-05-06 09:18:21 UTC,/api/v1/category_rounds/7876/results,boulder_one_group_two_courses,Custom: 2 courses,19,,,,,,,10193,A1,/api/v1/routes/10193/startlist,
/api/v1/events/1323/result/251,1323,full_results_url,IFSC Europe - Continental Youth Cup (B) - Graz (AUT) 2023,BOULDER Juniors Female,finished,2025-10-02 07:18:39 UTC,2026-04-22 08:42:16 UTC,,7876,boulder,Qualification,Juniors Female,finished,2023-05-06 09:18:21 UTC,/api/v1/category_rounds/7876/results,boulder_one_group_two_courses,Custom: 2 courses,19,,,,,,,10194,A2,/api/v1/routes/10194/startlist,
/api/v1/events/1323/result/251,1323,full_results_url,IFSC Europe - Continental Youth Cup (B) - Graz (AUT) 2023,BOULDER Juniors Female,finished,2025-10-02 07:18:39 UTC,2026-04-22 08:42:16 UTC,,7876,boulder,Qualification,Juniors Female,finished,2023-05-06 09:18:21 UTC,/api/v1/category_rounds/7876/results,boulder_one_group_two_courses,Custom: 2 courses,19,,,,,,,10195,A3,/api/v1/routes/10195/startlist,
/api/v1/events/1323/result/251,1323,full_results_url,IFSC Europe - Continental Youth Cup (B) - Graz (AUT) 2023,BOULDER Juniors Female,finished,2025-10-02 07:18:39 UTC,2026-04-22 08:42:16 UTC,,7876,boulder,Qualification,Juniors Female,finished,2023-05-06 09:18:21 UTC,/api/v1/category_rounds/7876/results,boulder_one_group_two_courses,Custom: 2 courses,19,,,,,,,10196,B1,/api/v1/routes/10196/startlist,
/api/v1/events/1323/result/251,1323,full_results_url,IFSC Europe - Continental Youth Cup (B) - Graz (AUT) 2023,BOULDER Juniors Female,finished,2025-10-02 07:18:39 UTC,2026-04-22 08:42:16 UTC,,7876,boulder,Qualification,Juniors Female,finished,2023-05-06 09:18:21 UTC,/api/v1/category_rounds/7876/results,boulder_one_group_two_courses,Custom: 2 courses,19,,,,,,,10197,B2,/api/v1/routes/10197/startlist,
/api/v1/events/1323/result/251,1323,full_results_url,IFSC Europe - Continental Youth Cup (B) - Graz (AUT) 2023,BOULDER Juniors Female,finished,2025-10-02 07:18:39 UTC,2026-04-22 08:42:16 UTC,,7876,boulder,Qualification,Juniors Female,finished,2023-05-06 09:18:21 UTC,/api/v1/category_rounds/7876/results,boulder_one_group_two_courses,Custom: 2 courses,19,,,,,,,10198,B3,/api/v1/routes/10198/startlist,
/api/v1/events/1323/result/251,1323,full_results_url,IFSC Europe - Continental Youth Cup (B) - Graz (AUT) 2023,BOULDER Juniors Female,finished,2025-10-02 07:18:39 UTC,2026-04-22 08:42:16 UTC,,8145,boulder,Final,Juniors Female,finished,2023-05-07 09:24:49 UTC,/api/v1/category_rounds/8145/results,boulder_one_group_one_boulder_set,IFSC: 1 group,21,,,,,,,9991,1,/api/v1/routes/9991/startlist,
/api/v1/events/1323/result/251,1323,full_results_url,IFSC Europe - Continental Youth Cup (B) - Graz (AUT) 2023,BOULDER Juniors Female,finished,2025-10-02 07:18:39 UTC,2026-04-22 08:42:16 UTC,,8145,boulder,Final,Juniors Female,finished,2023-05-07 09:24:49 UTC,/api/v1/category_rounds/8145/results,boulder_one_group_one_boulder_set,IFSC: 1 group,21,,,,,,,9992,2,/api/v1/routes/9992/startlist,
/api/v1/events/1323/result/251,1323,full_results_url,IFSC Europe - Continental Youth Cup (B) - Graz (AUT) 2023,BOULDER Juniors Female,finished,2025-10-02 07:18:39 UTC,2026-04-22 08:42:16 UTC,,8145,boulder,Final,Juniors Female,finished,2023-05-07 09:24:49 UTC,/api/v1/category_rounds/8145/results,boulder_one_group_one_boulder_set,IFSC: 1 group,21,,,,,,,9993,3,/api/v1/routes/9993/startlist,
/api/v1/events/1323/result/251,1323,full_results_url,IFSC Europe - Continental Youth Cup (B) - Graz (AUT) 2023,BOULDER Juniors Female,finished,2025-10-02 07:18:39 UTC,2026-04-22 08:42:16 UTC,,8145,boulder,Final,Juniors Female,finished,2023-05-07 09:24:49 UTC,/api/v1/category_rounds/8145/results,boulder_one_group_one_boulder_set,IFSC: 1 group,21,,,,,,,9994,4,/api/v1/routes/9994/startlist,
/api/v1/events/1323/result/255,1323,full_results_url,IFSC Europe - Continental Youth Cup (B) - Graz (AUT) 2023,BOULDER Youth A Female,finished,2025-10-02 07:18:39 UTC,2026-04-22 08:42:19 UTC,,7877,boulder,Qualification,Youth A Female,finished,2023-05-06 16:28:26 UTC,/api/v1/category_rounds/7877/results,boulder_one_group_two_courses,Custom: 2 courses,19,,,,,,,10199,A1,/api/v1/routes/10199/startlist,
/api/v1/events/1323/result/255,1323,full_results_url,IFSC Europe - Continental Youth Cup (B) - Graz (AUT) 2023,BOULDER Youth A Female,finished,2025-10-02 07:18:39 UTC,2026-04-22 08:42:19 UTC,,7877,boulder,Qualification,Youth A Female,finished,2023-05-06 16:28:26 UTC,/api/v1/category_rounds/7877/results,boulder_one_group_two_courses,Custom: 2 courses,19,,,,,,,10200,A2,/api/v1/routes/10200/startlist,
/api/v1/events/1323/result/255,1323,full_results_url,IFSC Europe - Continental Youth Cup (B) - Graz (AUT) 2023,BOULDER Youth A Female,finished,2025-10-02 07:18:39 UTC,2026-04-22 08:42:19 UTC,,7877,boulder,Qualification,Youth A Female,finished,2023-05-06 16:28:26 UTC,/api/v1/category_rounds/7877/results,boulder_one_group_two_courses,Custom: 2 courses,19,,,,,,,10201,A3,/api/v1/routes/10201/startlist,
/api/v1/events/1323/result/255,1323,full_results_url,IFSC Europe - Continental Youth Cup (B) - Graz (AUT) 2023,BOULDER Youth A Female,finished,2025-10-02 07:18:39 UTC,2026-04-22 08:42:19 UTC,,7877,boulder,Qualification,Youth A Female,finished,2023-05-06 16:28:26 UTC,/api/v1/category_rounds/7877/results,boulder_one_group_two_courses,Custom: 2 courses,19,,,,,,,10202,B1,/api/v1/routes/10202/startlist,
/api/v1/events/1323/result/255,1323,full_results_url,IFSC Europe - Continental Youth Cup (B) - Graz (AUT) 2023,BOULDER Youth A Female,finished,2025-10-02 07:18:39 UTC,2026-04-22 08:42:19 UTC,,7877,boulder,Qualification,Youth A Female,finished,2023-05-06 16:28:26 UTC,/api/v1/category_rounds/7877/results,boulder_one_group_two_courses,Custom: 2 courses,19,,,,,,,10203,B2,/api/v1/routes/10203/startlist,
/api/v1/events/1323/result/255,1323,full_results_url,IFSC Europe - Continental Youth Cup (B) - Graz (AUT) 2023,BOULDER Youth A Female,finished,2025-10-02 07:18:39 UTC,2026-04-22 08:42:19 UTC,,7877,boulder,Qualification,Youth A Female,finished,2023-05-06 16:28:26 UTC,/api/v1/category_rounds/7877/results,boulder_one_group_two_courses,Custom: 2 courses,19,,,,,,,10204,B3,/api/v1/routes/10204/startlist,
/api/v1/events/1323/result/255,1323,full_results_url,IFSC Europe - Continental Youth Cup (B) - Graz (AUT) 2023,BOULDER Youth A Female,finished,2025-10-02 07:18:39 UTC,2026-04-22 08:42:19 UTC,,8146,boulder,Final,Youth A Female,finished,2023-05-07 11:26:14 UTC,/api/v1/category_rounds/8146/results,boulder_one_group_one_boulder_set,IFSC: 1 group,21,,,,,,,9995,1,/api/v1/routes/9995/startlist,
/api/v1/events/1323/result/255,1323,full_results_url,IFSC Europe - Continental Youth Cup (B) - Graz (AUT) 2023,BOULDER Youth A Female,finished,2025-10-02 07:18:39 UTC,2026-04-22 08:42:19 UTC,,8146,boulder,Final,Youth A Female,finished,2023-05-07 11:26:14 UTC,/api/v1/category_rounds/8146/results,boulder_one_group_one_boulder_set,IFSC: 1 group,21,,,,,,,9996,2,/api/v1/routes/9996/startlist,
/api/v1/events/1323/result/255,1323,full_results_url,IFSC Europe - Continental Youth Cup (B) - Graz (AUT) 2023,BOULDER Youth A Female,finished,2025-10-02 07:18:39 UTC,2026-04-22 08:42:19 UTC,,8146,boulder,Final,Youth A Female,finished,2023-05-07 11:26:14 UTC,/api/v1/category_rounds/8146/results,boulder_one_group_one_boulder_set,IFSC: 1 group,21,,,,,,,9997,3,/api/v1/routes/9997/startlist,
/api/v1/events/1323/result/255,1323,full_results_url,IFSC Europe - Continental Youth Cup (B) - Graz (AUT) 2023,BOULDER Youth A Female,finished,2025-10-02 07:18:39 UTC,2026-04-22 08:42:19 UTC,,8146,boulder,Final,Youth A Female,finished,2023-05-07 11:26:14 UTC,/api/v1/category_rounds/8146/results,boulder_one_group_one_boulder_set,IFSC: 1 group,21,,,,,,,9998,4,/api/v1/routes/9998/startlist,
/api/v1/events/1323/result/259,1323,full_results_url,IFSC Europe - Continental Youth Cup (B) - Graz (AUT) 2023,BOULDER Youth B Female,finished,2025-10-02 07:18:39 UTC,2026-04-22 08:42:23 UTC,,7878,boulder,Qualification,Youth B Female,finished,2023-05-05 20:33:12 UTC,/api/v1/category_rounds/7878/results,boulder_one_group_two_courses,Custom: 2 courses,19,,,,,,,10205,A1,/api/v1/routes/10205/startlist,
/api/v1/events/1323/result/259,1323,full_results_url,IFSC Europe - Continental Youth Cup (B) - Graz (AUT) 2023,BOULDER Youth B Female,finished,2025-10-02 07:18:39 UTC,2026-04-22 08:42:23 UTC,,7878,boulder,Qualification,Youth B Female,finished,2023-05-05 20:33:12 UTC,/api/v1/category_rounds/7878/results,boulder_one_group_two_courses,Custom: 2 courses,19,,,,,,,10206,A2,/api/v1/routes/10206/startlist,
/api/v1/events/1323/result/259,1323,full_results_url,IFSC Europe - Continental Youth Cup (B) - Graz (AUT) 2023,BOULDER Youth B Female,finished,2025-10-02 07:18:39 UTC,2026-04-22 08:42:23 UTC,,7878,boulder,Qualification,Youth B Female,finished,2023-05-05 20:33:12 UTC,/api/v1/category_rounds/7878/results,boulder_one_group_two_courses,Custom: 2 courses,19,,,,,,,10207,A3,/api/v1/routes/10207/startlist,
/api/v1/events/1323/result/259,1323,full_results_url,IFSC Europe - Continental Youth Cup (B) - Graz (AUT) 2023,BOULDER Youth B Female,finished,2025-10-02 07:18:39 UTC,2026-04-22 08:42:23 UTC,,7878,boulder,Qualification,Youth B Female,finished,2023-05-05 20:33:12 UTC,/api/v1/category_rounds/7878/results,boulder_one_group_two_courses,Custom: 2 courses,19,,,,,,,10208,B1,/api/v1/routes/10208/startlist,
/api/v1/events/1323/result/259,1323,full_results_url,IFSC Europe - Continental Youth Cup (B) - Graz (AUT) 2023,BOULDER Youth B Female,finished,2025-10-02 07:18:39 UTC,2026-04-22 08:42:23 UTC,,7878,boulder,Qualification,Youth B Female,finished,2023-05-05 20:33:12 UTC,/api/v1/category_rounds/7878/results,boulder_one_group_two_courses,Custom: 2 courses,19,,,,,,,10209,B2,/api/v1/routes/10209/startlist,
/api/v1/events/1323/result/259,1323,full_results_url,IFSC Europe - Continental Youth Cup (B) - Graz (AUT) 2023,BOULDER Youth B Female,finished,2025-10-02 07:18:39 UTC,2026-04-22 08:42:23 UTC,,7878,boulder,Qualification,Youth B Female,finished,2023-05-05 20:33:12 UTC,/api/v1/category_rounds/7878/results,boulder_one_group_two_courses,Custom: 2 courses,19,,,,,,,10210,B3,/api/v1/routes/10210/startlist,
/api/v1/events/1323/result/259,1323,full_results_url,IFSC Europe - Continental Youth Cup (B) - Graz (AUT) 2023,BOULDER Youth B Female,finished,2025-10-02 07:18:39 UTC,2026-04-22 08:42:23 UTC,,8147,boulder,Final,Youth B Female,finished,2023-05-06 19:48:07 UTC,/api/v1/category_rounds/8147/results,boulder_one_group_one_boulder_set,IFSC: 1 group,21,,,,,,,9999,1,/api/v1/routes/9999/startlist,
/api/v1/events/1323/result/259,1323,full_results_url,IFSC Europe - Continental Youth Cup (B) - Graz (AUT) 2023,BOULDER Youth B Female,finished,2025-10-02 07:18:39 UTC,2026-04-22 08:42:23 UTC,,8147,boulder,Final,Youth B Female,finished,2023-05-06 19:48:07 UTC,/api/v1/category_rounds/8147/results,boulder_one_group_one_boulder_set,IFSC: 1 group,21,,,,,,,10000,2,/api/v1/routes/10000/startlist,
/api/v1/events/1323/result/259,1323,full_results_url,IFSC Europe - Continental Youth Cup (B) - Graz (AUT) 2023,BOULDER Youth B Female,finished,2025-10-02 07:18:39 UTC,2026-04-22 08:42:23 UTC,,8147,boulder,Final,Youth B Female,finished,2023-05-06 19:48:07 UTC,/api/v1/category_rounds/8147/results,boulder_one_group_one_boulder_set,IFSC: 1 group,21,,,,,,,10001,3,/api/v1/routes/10001/startlist,
/api/v1/events/1323/result/259,1323,full_results_url,IFSC Europe - Continental Youth Cup (B) - Graz (AUT) 2023,BOULDER Youth B Female,finished,2025-10-02 07:18:39 UTC,2026-04-22 08:42:23 UTC,,8147,boulder,Final,Youth B Female,finished,2023-05-06 19:48:07 UTC,/api/v1/category_rounds/8147/results,boulder_one_group_one_boulder_set,IFSC: 1 group,21,,,,,,,10002,4,/api/v1/routes/10002/startlist,
/api/v1/events/1293/result/2,1293,full_results_url,IFSC World Cup Jakarta 2023,SPEED Men,finished,2025-10-02 07:18:38 UTC,2026-04-22 08:42:28 UTC,,7675,speed,Qualification,Men,finished,2023-05-06 14:40:35 UTC,/api/v1/category_rounds/7675/results,speed_staggered,IFSC: Qualification,1,,,,,,,8534,A,/api/v1/routes/8534/startlist,
/api/v1/events/1293/result/2,1293,full_results_url,IFSC World Cup Jakarta 2023,SPEED Men,finished,2025-10-02 07:18:38 UTC,2026-04-22 08:42:28 UTC,,7675,speed,Qualification,Men,finished,2023-05-06 14:40:35 UTC,/api/v1/category_rounds/7675/results,speed_staggered,IFSC: Qualification,1,,,,,,,8535,B,/api/v1/routes/8535/startlist,
/api/v1/events/1293/result/2,1293,full_results_url,IFSC World Cup Jakarta 2023,SPEED Men,finished,2025-10-02 07:18:38 UTC,2026-04-22 08:42:28 UTC,,8088,speed,Final,Men,finished,2024-01-15 11:38:45 UTC,/api/v1/category_rounds/8088/results,speed_elimination_ifsc_2023,IFSC 2023+: Elimination,3,,,,,,,9783,A,/api/v1/routes/9783/startlist,
/api/v1/events/1293/result/2,1293,full_results_url,IFSC World Cup Jakarta 2023,SPEED Men,finished,2025-10-02 07:18:38 UTC,2026-04-22 08:42:28 UTC,,8088,speed,Final,Men,finished,2024-01-15 11:38:45 UTC,/api/v1/category_rounds/8088/results,speed_elimination_ifsc_2023,IFSC 2023+: Elimination,3,,,,,,,9784,B,/api/v1/routes/9784/startlist,
/api/v1/events/1293/result/6,1293,full_results_url,IFSC World Cup Jakarta 2023,SPEED Women,finished,2025-10-02 07:18:38 UTC,2026-04-22 08:42:31 UTC,,7676,speed,Qualification,Women,finished,2023-05-06 13:04:31 UTC,/api/v1/category_rounds/7676/results,speed_staggered,IFSC: Qualification,1,,,,,,,8536,A,/api/v1/routes/8536/startlist,
/api/v1/events/1293/result/6,1293,full_results_url,IFSC World Cup Jakarta 2023,SPEED Women,finished,2025-10-02 07:18:38 UTC,2026-04-22 08:42:31 UTC,,7676,speed,Qualification,Women,finished,2023-05-06 13:04:31 UTC,/api/v1/category_rounds/7676/results,speed_staggered,IFSC: Qualification,1,,,,,,,8537,B,/api/v1/routes/8537/startlist,
/api/v1/events/1293/result/6,1293,full_results_url,IFSC World Cup Jakarta 2023,SPEED Women,finished,2025-10-02 07:18:38 UTC,2026-04-22 08:42:31 UTC,,8089,speed,Final,Women,finished,2024-01-15 11:51:52 UTC,/api/v1/category_rounds/8089/results,speed_elimination_ifsc_2023,IFSC 2023+: Elimination,3,,,,,,,9785,A,/api/v1/routes/9785/startlist,
/api/v1/events/1293/result/6,1293,full_results_url,IFSC World Cup Jakarta 2023,SPEED Women,finished,2025-10-02 07:18:38 UTC,2026-04-22 08:42:31 UTC,,8089,speed,Final,Women,finished,2024-01-15 11:51:52 UTC,/api/v1/category_rounds/8089/results,speed_elimination_ifsc_2023,IFSC 2023+: Elimination,3,,,,,,,9786,B,/api/v1/routes/9786/startlist,
/api/v1/events/1320/result/227,1320,full_results_url,IFSC European Cup Liébana 2023,BOULDER Men,finished,2025-10-02 07:18:38 UTC,2026-04-22 08:42:35 UTC,,7859,boulder,Qualification,Men,finished,2023-05-12 12:35:42 UTC,/api/v1/category_rounds/7859/results,boulder_one_group_two_courses,Custom: 2 courses,16,,,,,,,10241,A1,/api/v1/routes/10241/startlist,
/api/v1/events/1320/result/227,1320,full_results_url,IFSC European Cup Liébana 2023,BOULDER Men,finished,2025-10-02 07:18:38 UTC,2026-04-22 08:42:35 UTC,,7859,boulder,Qualification,Men,finished,2023-05-12 12:35:42 UTC,/api/v1/category_rounds/7859/results,boulder_one_group_two_courses,Custom: 2 courses,16,,,,,,,10242,A2,/api/v1/routes/10242/startlist,
/api/v1/events/1320/result/227,1320,full_results_url,IFSC European Cup Liébana 2023,BOULDER Men,finished,2025-10-02 07:18:38 UTC,2026-04-22 08:42:35 UTC,,7859,boulder,Qualification,Men,finished,2023-05-12 12:35:42 UTC,/api/v1/category_rounds/7859/results,boulder_one_group_two_courses,Custom: 2 courses,16,,,,,,,10243,A3,/api/v1/routes/10243/startlist,
/api/v1/events/1320/result/227,1320,full_results_url,IFSC European Cup Liébana 2023,BOULDER Men,finished,2025-10-02 07:18:38 UTC,2026-04-22 08:42:35 UTC,,7859,boulder,Qualification,Men,finished,2023-05-12 12:35:42 UTC,/api/v1/category_rounds/7859/results,boulder_one_group_two_courses,Custom: 2 courses,16,,,,,,,10244,B1,/api/v1/routes/10244/startlist,
/api/v1/events/1320/result/227,1320,full_results_url,IFSC European Cup Liébana 2023,BOULDER Men,finished,2025-10-02 07:18:38 UTC,2026-04-22 08:42:35 UTC,,7859,boulder,Qualification,Men,finished,2023-05-12 12:35:42 UTC,/api/v1/category_rounds/7859/results,boulder_one_group_two_courses,Custom: 2 courses,16,,,,,,,10245,B2,/api/v1/routes/10245/startlist,
/api/v1/events/1320/result/227,1320,full_results_url,IFSC European Cup Liébana 2023,BOULDER Men,finished,2025-10-02 07:18:38 UTC,2026-04-22 08:42:35 UTC,,7859,boulder,Qualification,Men,finished,2023-05-12 12:35:42 UTC,/api/v1/category_rounds/7859/results,boulder_one_group_two_courses,Custom: 2 courses,16,,,,,,,10246,B3,/api/v1/routes/10246/startlist,
/api/v1/events/1320/result/227,1320,full_results_url,IFSC European Cup Liébana 2023,BOULDER Men,finished,2025-10-02 07:18:38 UTC,2026-04-22 08:42:35 UTC,,8110,boulder,Semi-Final,Men,finished,2023-05-14 11:04:28 UTC,/api/v1/category_rounds/8110/results,boulder_one_group_one_boulder_set,IFSC: 1 group,17,,,,,,,9843,1,/api/v1/routes/9843/startlist,
/api/v1/events/1320/result/227,1320,full_results_url,IFSC European Cup Liébana 2023,BOULDER Men,finished,2025-10-02 07:18:38 UTC,2026-04-22 08:42:35 UTC,,8110,boulder,Semi-Final,Men,finished,2023-05-14 11:04:28 UTC,/api/v1/category_rounds/8110/results,boulder_one_group_one_boulder_set,IFSC: 1 group,17,,,,,,,9844,2,/api/v1/routes/9844/startlist,
/api/v1/events/1320/result/227,1320,full_results_url,IFSC European Cup Liébana 2023,BOULDER Men,finished,2025-10-02 07:18:38 UTC,2026-04-22 08:42:35 UTC,,8110,boulder,Semi-Final,Men,finished,2023-05-14 11:04:28 UTC,/api/v1/category_rounds/8110/results,boulder_one_group_one_boulder_set,IFSC: 1 group,17,,,,,,,9845,3,/api/v1/routes/9845/startlist,
/api/v1/events/1320/result/227,1320,full_results_url,IFSC European Cup Liébana 2023,BOULDER Men,finished,2025-10-02 07:18:38 UTC,2026-04-22 08:42:35 UTC,,8110,boulder,Semi-Final,Men,finished,2023-05-14 11:04:28 UTC,/api/v1/category_rounds/8110/results,boulder_one_group_one_boulder_set,IFSC: 1 group,17,,,,,,,9846,4,/api/v1/routes/9846/startlist,
/api/v1/events/1320/result/227,1320,full_results_url,IFSC European Cup Liébana 2023,BOULDER Men,finished,2025-10-02 07:18:38 UTC,2026-04-22 08:42:35 UTC,,8112,boulder,Final,Men,finished,2023-05-14 17:16:29 UTC,/api/v1/category_rounds/8112/results,boulder_one_group_one_boulder_set,IFSC: 1 group,18,,,,,,,9851,1,/api/v1/routes/9851/startlist,
/api/v1/events/1320/result/227,1320,full_results_url,IFSC European Cup Liébana 2023,BOULDER Men,finished,2025-10-02 07:18:38 UTC,2026-04-22 08:42:35 UTC,,8112,boulder,Final,Men,finished,2023-05-14 17:16:29 UTC,/api/v1/category_rounds/8112/results,boulder_one_group_one_boulder_set,IFSC: 1 group,18,,,,,,,9852,2,/api/v1/routes/9852/startlist,
/api/v1/events/1320/result/227,1320,full_results_url,IFSC European Cup Liébana 2023,BOULDER Men,finished,2025-10-02 07:18:38 UTC,2026-04-22 08:42:35 UTC,,8112,boulder,Final,Men,finished,2023-05-14 17:16:29 UTC,/api/v1/category_rounds/8112/results,boulder_one_group_one_boulder_set,IFSC: 1 group,18,,,,,,,9853,3,/api/v1/routes/9853/startlist,
/api/v1/events/1320/result/227,1320,full_results_url,IFSC European Cup Liébana 2023,BOULDER Men,finished,2025-10-02 07:18:38 UTC,2026-04-22 08:42:35 UTC,,8112,boulder,Final,Men,finished,2023-05-14 17:16:29 UTC,/api/v1/category_rounds/8112/results,boulder_one_group_one_boulder_set,IFSC: 1 group,18,,,,,,,9854,4,/api/v1/routes/9854/startlist,
/api/v1/events/1320/result/231,1320,full_results_url,IFSC European Cup Liébana 2023,BOULDER Women,finished,2025-10-02 07:18:38 UTC,2026-04-22 08:42:39 UTC,,7860,boulder,Qualification,Women,finished,2023-05-12 16:59:27 UTC,/api/v1/category_rounds/7860/results,boulder_one_group_two_courses,Custom: 2 courses,16,,,,,,,10247,A1,/api/v1/routes/10247/startlist,
/api/v1/events/1320/result/231,1320,full_results_url,IFSC European Cup Liébana 2023,BOULDER Women,finished,2025-10-02 07:18:38 UTC,2026-04-22 08:42:39 UTC,,7860,boulder,Qualification,Women,finished,2023-05-12 16:59:27 UTC,/api/v1/category_rounds/7860/results,boulder_one_group_two_courses,Custom: 2 courses,16,,,,,,,10248,A2,/api/v1/routes/10248/startlist,
/api/v1/events/1320/result/231,1320,full_results_url,IFSC European Cup Liébana 2023,BOULDER Women,finished,2025-10-02 07:18:38 UTC,2026-04-22 08:42:39 UTC,,7860,boulder,Qualification,Women,finished,2023-05-12 16:59:27 UTC,/api/v1/category_rounds/7860/results,boulder_one_group_two_courses,Custom: 2 courses,16,,,,,,,10249,A3,/api/v1/routes/10249/startlist,
/api/v1/events/1320/result/231,1320,full_results_url,IFSC European Cup Liébana 2023,BOULDER Women,finished,2025-10-02 07:18:38 UTC,2026-04-22 08:42:39 UTC,,7860,boulder,Qualification,Women,finished,2023-05-12 16:59:27 UTC,/api/v1/category_rounds/7860/results,boulder_one_group_two_courses,Custom: 2 courses,16,,,,,,,10250,B1,/api/v1/routes/10250/startlist,
/api/v1/events/1320/result/231,1320,full_results_url,IFSC European Cup Liébana 2023,BOULDER Women,finished,2025-10-02 07:18:38 UTC,2026-04-22 08:42:39 UTC,,7860,boulder,Qualification,Women,finished,2023-05-12 16:59:27 UTC,/api/v1/category_rounds/7860/results,boulder_one_group_two_courses,Custom: 2 courses,16,,,,,,,10251,B2,/api/v1/routes/10251/startlist,
/api/v1/events/1320/result/231,1320,full_results_url,IFSC European Cup Liébana 2023,BOULDER Women,finished,2025-10-02 07:18:38 UTC,2026-04-22 08:42:39 UTC,,7860,boulder,Qualification,Women,finished,2023-05-12 16:59:27 UTC,/api/v1/category_rounds/7860/results,boulder_one_group_two_courses,Custom: 2 courses,16,,,,,,,10252,B3,/api/v1/routes/10252/startlist,
/api/v1/events/1320/result/231,1320,full_results_url,IFSC European Cup Liébana 2023,BOULDER Women,finished,2025-10-02 07:18:38 UTC,2026-04-22 08:42:39 UTC,,8111,boulder,Semi-Final,Women,finished,2023-05-14 11:05:54 UTC,/api/v1/category_rounds/8111/results,boulder_one_group_one_boulder_set,IFSC: 1 group,17,,,,,,,9847,1,/api/v1/routes/9847/startlist,
/api/v1/events/1320/result/231,1320,full_results_url,IFSC European Cup Liébana 2023,BOULDER Women,finished,2025-10-02 07:18:38 UTC,2026-04-22 08:42:39 UTC,,8111,boulder,Semi-Final,Women,finished,2023-05-14 11:05:54 UTC,/api/v1/category_rounds/8111/results,boulder_one_group_one_boulder_set,IFSC: 1 group,17,,,,,,,9848,2,/api/v1/routes/9848/startlist,
/api/v1/events/1320/result/231,1320,full_results_url,IFSC European Cup Liébana 2023,BOULDER Women,finished,2025-10-02 07:18:38 UTC,2026-04-22 08:42:39 UTC,,8111,boulder,Semi-Final,Women,finished,2023-05-14 11:05:54 UTC,/api/v1/category_rounds/8111/results,boulder_one_group_one_boulder_set,IFSC: 1 group,17,,,,,,,9849,3,/api/v1/routes/9849/startlist,
/api/v1/events/1320/result/231,1320,full_results_url,IFSC European Cup Liébana 2023,BOULDER Women,finished,2025-10-02 07:18:38 UTC,2026-04-22 08:42:39 UTC,,8111,boulder,Semi-Final,Women,finished,2023-05-14 11:05:54 UTC,/api/v1/category_rounds/8111/results,boulder_one_group_one_boulder_set,IFSC: 1 group,17,,,,,,,9850,4,/api/v1/routes/9850/startlist,
/api/v1/events/1320/result/231,1320,full_results_url,IFSC European Cup Liébana 2023,BOULDER Women,finished,2025-10-02 07:18:38 UTC,2026-04-22 08:42:39 UTC,,8113,boulder,Final,Women,finished,2023-05-14 18:43:30 UTC,/api/v1/category_rounds/8113/results,boulder_one_group_one_boulder_set,IFSC: 1 group,18,,,,,,,9855,1,/api/v1/routes/9855/startlist,
/api/v1/events/1320/result/231,1320,full_results_url,IFSC European Cup Liébana 2023,BOULDER Women,finished,2025-10-02 07:18:38 UTC,2026-04-22 08:42:39 UTC,,8113,boulder,Final,Women,finished,2023-05-14 18:43:30 UTC,/api/v1/category_rounds/8113/results,boulder_one_group_one_boulder_set,IFSC: 1 group,18,,,,,,,9856,2,/api/v1/routes/9856/startlist,
/api/v1/events/1320/result/231,1320,full_results_url,IFSC European Cup Liébana 2023,BOULDER Women,finished,2025-10-02 07:18:38 UTC,2026-04-22 08:42:39 UTC,,8113,boulder,Final,Women,finished,2023-05-14 18:43:30 UTC,/api/v1/category_rounds/8113/results,boulder_one_group_one_boulder_set,IFSC: 1 group,18,,,,,,,9857,3,/api/v1/routes/9857/startlist,
/api/v1/events/1320/result/231,1320,full_results_url,IFSC European Cup Liébana 2023,BOULDER Women,finished,2025-10-02 07:18:38 UTC,2026-04-22 08:42:39 UTC,,8113,boulder,Final,Women,finished,2023-05-14 18:43:30 UTC,/api/v1/category_rounds/8113/results,boulder_one_group_one_boulder_set,IFSC: 1 group,18,,,,,,,9858,4,/api/v1/routes/9858/startlist,
/api/v1/events/1320/result/226,1320,full_results_url,IFSC European Cup Liébana 2023,SPEED Men,finished,2025-10-02 07:18:39 UTC,2026-04-22 08:42:42 UTC,,7939,speed,Qualification,Men,finished,2023-05-13 15:32:44 UTC,/api/v1/category_rounds/7939/results,speed_staggered,IFSC: Qualification,16,,,,,,,9488,A,/api/v1/routes/9488/startlist,
/api/v1/events/1320/result/226,1320,full_results_url,IFSC European Cup Liébana 2023,SPEED Men,finished,2025-10-02 07:18:39 UTC,2026-04-22 08:42:42 UTC,,7939,speed,Qualification,Men,finished,2023-05-13 15:32:44 UTC,/api/v1/category_rounds/7939/results,speed_staggered,IFSC: Qualification,16,,,,,,,9489,B,/api/v1/routes/9489/startlist,
/api/v1/events/1320/result/226,1320,full_results_url,IFSC European Cup Liébana 2023,SPEED Men,finished,2025-10-02 07:18:39 UTC,2026-04-22 08:42:42 UTC,,8102,speed,Final,Men,finished,2024-01-15 11:36:03 UTC,/api/v1/category_rounds/8102/results,speed_elimination_ifsc_2023,IFSC 2023+: Elimination,18,,,,,,,9827,A,/api/v1/routes/9827/startlist,
/api/v1/events/1320/result/226,1320,full_results_url,IFSC European Cup Liébana 2023,SPEED Men,finished,2025-10-02 07:18:39 UTC,2026-04-22 08:42:42 UTC,,8102,speed,Final,Men,finished,2024-01-15 11:36:03 UTC,/api/v1/category_rounds/8102/results,speed_elimination_ifsc_2023,IFSC 2023+: Elimination,18,,,,,,,9828,B,/api/v1/routes/9828/startlist,
/api/v1/events/1320/result/230,1320,full_results_url,IFSC European Cup Liébana 2023,SPEED Women,finished,2025-10-02 07:18:39 UTC,2026-04-22 08:42:46 UTC,,7940,speed,Qualification,Women,finished,2023-05-13 15:34:09 UTC,/api/v1/category_rounds/7940/results,speed_staggered,IFSC: Qualification,16,,,,,,,9490,A,/api/v1/routes/9490/startlist,
/api/v1/events/1320/result/230,1320,full_results_url,IFSC European Cup Liébana 2023,SPEED Women,finished,2025-10-02 07:18:39 UTC,2026-04-22 08:42:46 UTC,,7940,speed,Qualification,Women,finished,2023-05-13 15:34:09 UTC,/api/v1/category_rounds/7940/results,speed_staggered,IFSC: Qualification,16,,,,,,,9491,B,/api/v1/routes/9491/startlist,
/api/v1/events/1320/result/230,1320,full_results_url,IFSC European Cup Liébana 2023,SPEED Women,finished,2025-10-02 07:18:39 UTC,2026-04-22 08:42:46 UTC,,8103,speed,Final,Women,finished,2024-01-15 11:36:04 UTC,/api/v1/category_rounds/8103/results,speed_elimination_ifsc_2023,IFSC 2023+: Elimination,18,,,,,,,9829,A,/api/v1/routes/9829/startlist,
/api/v1/events/1320/result/230,1320,full_results_url,IFSC European Cup Liébana 2023,SPEED Women,finished,2025-10-02 07:18:39 UTC,2026-04-22 08:42:46 UTC,,8103,speed,Final,Women,finished,2024-01-15 11:36:04 UTC,/api/v1/category_rounds/8103/results,speed_elimination_ifsc_2023,IFSC 2023+: Elimination,18,,,,,,,9830,B,/api/v1/routes/9830/startlist,
/api/v1/events/1335/result/529,1335,full_results_url,IFSC Paraclimbing World Cup Salt Lake City 2023,LEAD Men B1,finished,2025-10-02 07:18:39 UTC,2024-01-16 09:40:47 UTC,,7953,lead,Qualification,Men B1,finished,2023-05-16 20:22:03 UTC,/api/v1/category_rounds/7953/results,lead_one_group_two_routes,IFSC: 2 routes,49,,,,,,,10275,1,/api/v1/routes/10275/startlist,/api/v1/routes/10275/results
/api/v1/events/1335/result/529,1335,full_results_url,IFSC Paraclimbing World Cup Salt Lake City 2023,LEAD Men B1,finished,2025-10-02 07:18:39 UTC,2024-01-16 09:40:47 UTC,,7953,lead,Qualification,Men B1,finished,2023-05-16 20:22:03 UTC,/api/v1/category_rounds/7953/results,lead_one_group_two_routes,IFSC: 2 routes,49,,,,,,,10276,2,/api/v1/routes/10276/startlist,/api/v1/routes/10276/results
/api/v1/events/1335/result/529,1335,full_results_url,IFSC Paraclimbing World Cup Salt Lake City 2023,LEAD Men B1,finished,2025-10-02 07:18:39 UTC,2024-01-16 09:40:47 UTC,,8181,lead,Final,Men B1,finished,2023-05-17 18:59:30 UTC,/api/v1/category_rounds/8181/results,lead_one_group_one_route,IFSC: 1 route,51,,,,,,,10286,1,/api/v1/routes/10286/startlist,/api/v1/routes/10286/results
/api/v1/events/1335/result/533,1335,full_results_url,IFSC Paraclimbing World Cup Salt Lake City 2023,LEAD Men B2,registration_active,2025-10-02 07:18:39 UTC,NA,,8180,lead,Qualification,Men B2,pending,2023-05-15 22:14:50 UTC,/api/v1/category_rounds/8180/results,lead_one_group_two_routes,IFSC: 2 routes,49,,,,,,,10280,1,/api/v1/routes/10280/startlist,/api/v1/routes/10280/results
/api/v1/events/1335/result/533,1335,full_results_url,IFSC Paraclimbing World Cup Salt Lake City 2023,LEAD Men B2,registration_active,2025-10-02 07:18:39 UTC,NA,,8180,lead,Qualification,Men B2,pending,2023-05-15 22:14:50 UTC,/api/v1/category_rounds/8180/results,lead_one_group_two_routes,IFSC: 2 routes,49,,,,,,,10281,2,/api/v1/routes/10281/startlist,/api/v1/routes/10281/results
/api/v1/events/1335/result/537,1335,full_results_url,IFSC Paraclimbing World Cup Salt Lake City 2023,LEAD Men B3,finished,2025-10-02 07:18:39 UTC,2024-01-16 09:41:29 UTC,,7955,lead,Qualification,Men B3,finished,2023-05-16 20:23:07 UTC,/api/v1/category_rounds/7955/results,lead_one_group_two_routes,IFSC: 2 routes,49,,,,,,,10277,1,/api/v1/routes/10277/startlist,/api/v1/routes/10277/results
/api/v1/events/1335/result/537,1335,full_results_url,IFSC Paraclimbing World Cup Salt Lake City 2023,LEAD Men B3,finished,2025-10-02 07:18:39 UTC,2024-01-16 09:41:29 UTC,,7955,lead,Qualification,Men B3,finished,2023-05-16 20:23:07 UTC,/api/v1/category_rounds/7955/results,lead_one_group_two_routes,IFSC: 2 routes,49,,,,,,,10278,2,/api/v1/routes/10278/startlist,/api/v1/routes/10278/results
/api/v1/events/1335/result/537,1335,full_results_url,IFSC Paraclimbing World Cup Salt Lake City 2023,LEAD Men B3,finished,2025-10-02 07:18:39 UTC,2024-01-16 09:41:29 UTC,,8162,lead,Final,Men B3,finished,2023-05-17 19:11:11 UTC,/api/v1/category_rounds/8162/results,lead_one_group_one_route,IFSC: 1 route,51,,,,,,,10255,1,/api/v1/routes/10255/startlist,/api/v1/routes/10255/results
/api/v1/events/1335/result/541,1335,full_results_url,IFSC Paraclimbing World Cup Salt Lake City 2023,LEAD Women B1,registration_active,2025-10-02 07:18:39 UTC,NA,,8179,lead,Qualification,Women B1,pending,2023-05-15 22:14:54 UTC,/api/v1/category_rounds/8179/results,lead_one_group_two_routes,IFSC: 2 routes,49,,,,,,,10282,1,/api/v1/routes/10282/startlist,/api/v1/routes/10282/results
/api/v1/events/1335/result/541,1335,full_results_url,IFSC Paraclimbing World Cup Salt Lake City 2023,LEAD Women B1,registration_active,2025-10-02 07:18:39 UTC,NA,,8179,lead,Qualification,Women B1,pending,2023-05-15 22:14:54 UTC,/api/v1/category_rounds/8179/results,lead_one_group_two_routes,IFSC: 2 routes,49,,,,,,,10283,2,/api/v1/routes/10283/startlist,/api/v1/routes/10283/results
/api/v1/events/1335/result/545,1335,full_results_url,IFSC Paraclimbing World Cup Salt Lake City 2023,LEAD Women B2,registration_active,2025-10-02 07:18:39 UTC,NA,,8178,lead,Qualification,Women B2,pending,2026-02-19 08:38:36 UTC,/api/v1/category_rounds/8178/results,lead_one_group_two_routes,IFSC: 2 routes,49,,,,,,,10284,1,/api/v1/routes/10284/startlist,/api/v1/routes/10284/results
/api/v1/events/1335/result/545,1335,full_results_url,IFSC Paraclimbing World Cup Salt Lake City 2023,LEAD Women B2,registration_active,2025-10-02 07:18:39 UTC,NA,,8178,lead,Qualification,Women B2,pending,2026-02-19 08:38:36 UTC,/api/v1/category_rounds/8178/results,lead_one_group_two_routes,IFSC: 2 routes,49,,,,,,,10285,2,/api/v1/routes/10285/startlist,/api/v1/routes/10285/results
/api/v1/events/1335/result/549,1335,full_results_url,IFSC Paraclimbing World Cup Salt Lake City 2023,LEAD Women B3,finished,2025-10-02 07:18:39 UTC,2024-01-17 07:38:44 UTC,,7958,lead,Qualification,Women B3,finished,2023-05-16 20:20:50 UTC,/api/v1/category_rounds/7958/results,lead_one_group_two_routes,IFSC: 2 routes,49,,,,,,,10271,1,/api/v1/routes/10271/startlist,/api/v1/routes/10271/results
/api/v1/events/1335/result/549,1335,full_results_url,IFSC Paraclimbing World Cup Salt Lake City 2023,LEAD Women B3,finished,2025-10-02 07:18:39 UTC,2024-01-17 07:38:44 UTC,,7958,lead,Qualification,Women B3,finished,2023-05-16 20:20:50 UTC,/api/v1/category_rounds/7958/results,lead_one_group_two_routes,IFSC: 2 routes,49,,,,,,,10272,2,/api/v1/routes/10272/startlist,/api/v1/routes/10272/results
/api/v1/events/1335/result/549,1335,full_results_url,IFSC Paraclimbing World Cup Salt Lake City 2023,LEAD Women B3,finished,2025-10-02 07:18:39 UTC,2024-01-17 07:38:44 UTC,,8165,lead,Final,Women B3,finished,2023-05-17 18:34:11 UTC,/api/v1/category_rounds/8165/results,lead_one_group_one_route,IFSC: 1 route,51,,,,,,,10258,1,/api/v1/routes/10258/startlist,/api/v1/routes/10258/results
/api/v1/events/1335/result/553,1335,full_results_url,IFSC Paraclimbing World Cup Salt Lake City 2023,LEAD Men AL1,finished,2025-10-02 07:18:39 UTC,2024-01-17 07:38:44 UTC,,7959,lead,Qualification,Men AL1,finished,2023-05-16 20:52:32 UTC,/api/v1/category_rounds/7959/results,lead_one_group_two_routes,IFSC: 2 routes,49,,,,,,,10287,1,/api/v1/routes/10287/startlist,/api/v1/routes/10287/results
/api/v1/events/1335/result/553,1335,full_results_url,IFSC Paraclimbing World Cup Salt Lake City 2023,LEAD Men AL1,finished,2025-10-02 07:18:39 UTC,2024-01-17 07:38:44 UTC,,7959,lead,Qualification,Men AL1,finished,2023-05-16 20:52:32 UTC,/api/v1/category_rounds/7959/results,lead_one_group_two_routes,IFSC: 2 routes,49,,,,,,,10288,2,/api/v1/routes/10288/startlist,/api/v1/routes/10288/results
/api/v1/events/1335/result/553,1335,full_results_url,IFSC Paraclimbing World Cup Salt Lake City 2023,LEAD Men AL1,finished,2025-10-02 07:18:39 UTC,2024-01-17 07:38:44 UTC,,8182,lead,Final,Men AL1,finished,2023-05-17 21:21:22 UTC,/api/v1/category_rounds/8182/results,lead_one_group_one_route,IFSC: 1 route,51,,,,,,,10293,1,/api/v1/routes/10293/startlist,/api/v1/routes/10293/results
/api/v1/events/1335/result/561,1335,full_results_url,IFSC Paraclimbing World Cup Salt Lake City 2023,LEAD Men AL2,finished,2025-10-02 07:18:39 UTC,2024-01-17 07:38:45 UTC,,7961,lead,Qualification,Men AL2,finished,2023-05-16 22:19:03 UTC,/api/v1/category_rounds/7961/results,lead_one_group_two_routes,IFSC: 2 routes,49,,,,,,,10289,1,/api/v1/routes/10289/startlist,/api/v1/routes/10289/results
/api/v1/events/1335/result/561,1335,full_results_url,IFSC Paraclimbing World Cup Salt Lake City 2023,LEAD Men AL2,finished,2025-10-02 07:18:39 UTC,2024-01-17 07:38:45 UTC,,7961,lead,Qualification,Men AL2,finished,2023-05-16 22:19:03 UTC,/api/v1/category_rounds/7961/results,lead_one_group_two_routes,IFSC: 2 routes,49,,,,,,,10290,2,/api/v1/routes/10290/startlist,/api/v1/routes/10290/results
/api/v1/events/1335/result/561,1335,full_results_url,IFSC Paraclimbing World Cup Salt Lake City 2023,LEAD Men AL2,finished,2025-10-02 07:18:39 UTC,2024-01-17 07:38:45 UTC,,8183,lead,Final,Men AL2,finished,2023-05-17 20:45:38 UTC,/api/v1/category_rounds/8183/results,lead_one_group_one_route,IFSC: 1 route,51,,,,,,,10294,1,/api/v1/routes/10294/startlist,/api/v1/routes/10294/results
/api/v1/events/1335/result/565,1335,full_results_url,IFSC Paraclimbing World Cup Salt Lake City 2023,LEAD Women AL2,finished,2025-10-02 07:18:39 UTC,2024-01-17 07:38:46 UTC,,7962,lead,Qualification,Women AL2,finished,2023-05-16 20:53:05 UTC,/api/v1/category_rounds/7962/results,lead_one_group_two_routes,IFSC: 2 routes,49,,,,,,,10298,1,/api/v1/routes/10298/startlist,/api/v1/routes/10298/results
/api/v1/events/1335/result/565,1335,full_results_url,IFSC Paraclimbing World Cup Salt Lake City 2023,LEAD Women AL2,finished,2025-10-02 07:18:39 UTC,2024-01-17 07:38:46 UTC,,7962,lead,Qualification,Women AL2,finished,2023-05-16 20:53:05 UTC,/api/v1/category_rounds/7962/results,lead_one_group_two_routes,IFSC: 2 routes,49,,,,,,,10299,2,/api/v1/routes/10299/startlist,/api/v1/routes/10299/results
/api/v1/events/1335/result/565,1335,full_results_url,IFSC Paraclimbing World Cup Salt Lake City 2023,LEAD Women AL2,finished,2025-10-02 07:18:39 UTC,2024-01-17 07:38:46 UTC,,8185,lead,Final,Women AL2,finished,2023-05-17 19:44:00 UTC,/api/v1/category_rounds/8185/results,lead_one_group_one_route,IFSC: 1 route,51,,,,,,,10308,1,/api/v1/routes/10308/startlist,/api/v1/routes/10308/results
/api/v1/events/1335/result/577,1335,full_results_url,IFSC Paraclimbing World Cup Salt Lake City 2023,LEAD Men AU2,registration_active,2025-10-02 07:18:39 UTC,NA,,7965,lead,Qualification,Men AU2,pending,2023-05-15 22:18:58 UTC,/api/v1/category_rounds/7965/results,lead_one_group_two_routes,IFSC: 2 routes,49,,,,,,,10296,1,/api/v1/routes/10296/startlist,/api/v1/routes/10296/results
/api/v1/events/1335/result/577,1335,full_results_url,IFSC Paraclimbing World Cup Salt Lake City 2023,LEAD Men AU2,registration_active,2025-10-02 07:18:39 UTC,NA,,7965,lead,Qualification,Men AU2,pending,2023-05-15 22:18:58 UTC,/api/v1/category_rounds/7965/results,lead_one_group_two_routes,IFSC: 2 routes,49,,,,,,,10297,2,/api/v1/routes/10297/startlist,/api/v1/routes/10297/results
/api/v1/events/1335/result/581,1335,full_results_url,IFSC Paraclimbing World Cup Salt Lake City 2023,LEAD Women AU2,finished,2025-10-02 07:18:39 UTC,2024-01-17 07:38:47 UTC,,7966,lead,Qualification,Women AU2,finished,2023-05-16 22:18:04 UTC,/api/v1/category_rounds/7966/results,lead_one_group_two_routes,IFSC: 2 routes,49,,,,,,,10300,1,/api/v1/routes/10300/startlist,/api/v1/routes/10300/results
/api/v1/events/1335/result/581,1335,full_results_url,IFSC Paraclimbing World Cup Salt Lake City 2023,LEAD Women AU2,finished,2025-10-02 07:18:39 UTC,2024-01-17 07:38:47 UTC,,7966,lead,Qualification,Women AU2,finished,2023-05-16 22:18:04 UTC,/api/v1/category_rounds/7966/results,lead_one_group_two_routes,IFSC: 2 routes,49,,,,,,,10301,2,/api/v1/routes/10301/startlist,/api/v1/routes/10301/results
/api/v1/events/1335/result/581,1335,full_results_url,IFSC Paraclimbing World Cup Salt Lake City 2023,LEAD Women AU2,finished,2025-10-02 07:18:39 UTC,2024-01-17 07:38:47 UTC,,8191,lead,Final,Women AU2,finished,2023-05-17 20:14:31 UTC,/api/v1/category_rounds/8191/results,lead_one_group_one_route,IFSC: 1 route,51,,,,,,,10322,1,/api/v1/routes/10322/startlist,/api/v1/routes/10322/results
/api/v1/events/1335/result/585,1335,full_results_url,IFSC Paraclimbing World Cup Salt Lake City 2023,LEAD Men RP1,finished,2025-10-02 07:18:39 UTC,2024-01-17 07:38:47 UTC,,7967,lead,Qualification,Men RP1,finished,2023-05-16 20:53:40 UTC,/api/v1/category_rounds/7967/results,lead_one_group_two_routes,IFSC: 2 routes,49,,,,,,,10306,1,/api/v1/routes/10306/startlist,/api/v1/routes/10306/results
/api/v1/events/1335/result/585,1335,full_results_url,IFSC Paraclimbing World Cup Salt Lake City 2023,LEAD Men RP1,finished,2025-10-02 07:18:39 UTC,2024-01-17 07:38:47 UTC,,7967,lead,Qualification,Men RP1,finished,2023-05-16 20:53:40 UTC,/api/v1/category_rounds/7967/results,lead_one_group_two_routes,IFSC: 2 routes,49,,,,,,,10307,2,/api/v1/routes/10307/startlist,/api/v1/routes/10307/results
/api/v1/events/1335/result/585,1335,full_results_url,IFSC Paraclimbing World Cup Salt Lake City 2023,LEAD Men RP1,finished,2025-10-02 07:18:39 UTC,2024-01-17 07:38:47 UTC,,8188,lead,Final,Men RP1,finished,2023-05-17 21:08:38 UTC,/api/v1/category_rounds/8188/results,lead_one_group_one_route,IFSC: 1 route,51,,,,,,,10319,1,/api/v1/routes/10319/startlist,/api/v1/routes/10319/results
/api/v1/events/1335/result/589,1335,full_results_url,IFSC Paraclimbing World Cup Salt Lake City 2023,LEAD Men RP2,finished,2025-10-02 07:18:39 UTC,2024-01-17 07:38:48 UTC,,7968,lead,Qualification,Men RP2,finished,2023-05-16 22:17:29 UTC,/api/v1/category_rounds/7968/results,lead_one_group_two_routes,IFSC: 2 routes,49,,,,,,,10304,1,/api/v1/routes/10304/startlist,/api/v1/routes/10304/results
/api/v1/events/1335/result/589,1335,full_results_url,IFSC Paraclimbing World Cup Salt Lake City 2023,LEAD Men RP2,finished,2025-10-02 07:18:39 UTC,2024-01-17 07:38:48 UTC,,7968,lead,Qualification,Men RP2,finished,2023-05-16 22:17:29 UTC,/api/v1/category_rounds/7968/results,lead_one_group_two_routes,IFSC: 2 routes,49,,,,,,,10305,2,/api/v1/routes/10305/startlist,/api/v1/routes/10305/results
/api/v1/events/1335/result/589,1335,full_results_url,IFSC Paraclimbing World Cup Salt Lake City 2023,LEAD Men RP2,finished,2025-10-02 07:18:39 UTC,2024-01-17 07:38:48 UTC,,8189,lead,Final,Men RP2,finished,2023-05-17 20:02:28 UTC,/api/v1/category_rounds/8189/results,lead_one_group_one_route,IFSC: 1 route,51,,,,,,,10320,1,/api/v1/routes/10320/startlist,/api/v1/routes/10320/results
/api/v1/events/1335/result/593,1335,full_results_url,IFSC Paraclimbing World Cup Salt Lake City 2023,LEAD Men RP3,finished,2025-10-02 07:18:39 UTC,2024-01-17 07:38:49 UTC,,7969,lead,Qualification,Men RP3,finished,2023-05-16 22:14:20 UTC,/api/v1/category_rounds/7969/results,lead_one_group_two_routes,IFSC: 2 routes,49,,,,,,,10302,1,/api/v1/routes/10302/startlist,/api/v1/routes/10302/results
/api/v1/events/1335/result/593,1335,full_results_url,IFSC Paraclimbing World Cup Salt Lake City 2023,LEAD Men RP3,finished,2025-10-02 07:18:39 UTC,2024-01-17 07:38:49 UTC,,7969,lead,Qualification,Men RP3,finished,2023-05-16 22:14:20 UTC,/api/v1/category_rounds/7969/results,lead_one_group_two_routes,IFSC: 2 routes,49,,,,,,,10303,2,/api/v1/routes/10303/startlist,/api/v1/routes/10303/results
/api/v1/events/1335/result/593,1335,full_results_url,IFSC Paraclimbing World Cup Salt Lake City 2023,LEAD Men RP3,finished,2025-10-02 07:18:39 UTC,2024-01-17 07:38:49 UTC,,8192,lead,Final,Men RP3,finished,2023-05-17 21:00:22 UTC,/api/v1/category_rounds/8192/results,lead_one_group_one_route,IFSC: 1 route,51,,,,,,,10323,1,/api/v1/routes/10323/startlist,/api/v1/routes/10323/results
/api/v1/events/1335/result/597,1335,full_results_url,IFSC Paraclimbing World Cup Salt Lake City 2023,LEAD Women RP1,finished,2025-10-02 07:18:39 UTC,2024-01-17 07:38:49 UTC,,7970,lead,Qualification,Women RP1,finished,2023-05-16 20:54:23 UTC,/api/v1/category_rounds/7970/results,lead_one_group_two_routes,IFSC: 2 routes,49,,,,,,,10310,1,/api/v1/routes/10310/startlist,/api/v1/routes/10310/results
/api/v1/events/1335/result/597,1335,full_results_url,IFSC Paraclimbing World Cup Salt Lake City 2023,LEAD Women RP1,finished,2025-10-02 07:18:39 UTC,2024-01-17 07:38:49 UTC,,7970,lead,Qualification,Women RP1,finished,2023-05-16 20:54:23 UTC,/api/v1/category_rounds/7970/results,lead_one_group_two_routes,IFSC: 2 routes,49,,,,,,,10311,2,/api/v1/routes/10311/startlist,/api/v1/routes/10311/results
/api/v1/events/1335/result/597,1335,full_results_url,IFSC Paraclimbing World Cup Salt Lake City 2023,LEAD Women RP1,finished,2025-10-02 07:18:39 UTC,2024-01-17 07:38:49 UTC,,8187,lead,Final,Women RP1,finished,2023-05-17 20:52:06 UTC,/api/v1/category_rounds/8187/results,lead_one_group_one_route,IFSC: 1 route,51,,,,,,,10318,1,/api/v1/routes/10318/startlist,/api/v1/routes/10318/results
/api/v1/events/1335/result/601,1335,full_results_url,IFSC Paraclimbing World Cup Salt Lake City 2023,LEAD Women RP2,finished,2025-10-02 07:18:39 UTC,2024-01-16 20:43:24 UTC,,7971,lead,Qualification,Women RP2,finished,2023-05-16 22:16:35 UTC,/api/v1/category_rounds/7971/results,lead_one_group_two_routes,IFSC: 2 routes,49,,,,,,,10312,1,/api/v1/routes/10312/startlist,/api/v1/routes/10312/results
/api/v1/events/1335/result/601,1335,full_results_url,IFSC Paraclimbing World Cup Salt Lake City 2023,LEAD Women RP2,finished,2025-10-02 07:18:39 UTC,2024-01-16 20:43:24 UTC,,7971,lead,Qualification,Women RP2,finished,2023-05-16 22:16:35 UTC,/api/v1/category_rounds/7971/results,lead_one_group_two_routes,IFSC: 2 routes,49,,,,,,,10313,2,/api/v1/routes/10313/startlist,/api/v1/routes/10313/results
/api/v1/events/1335/result/601,1335,full_results_url,IFSC Paraclimbing World Cup Salt Lake City 2023,LEAD Women RP2,finished,2025-10-02 07:18:39 UTC,2024-01-16 20:43:24 UTC,,8190,lead,Final,Women RP2,finished,2023-05-17 19:52:01 UTC,/api/v1/category_rounds/8190/results,lead_one_group_one_route,IFSC: 1 route,51,,,,,,,10321,1,/api/v1/routes/10321/startlist,/api/v1/routes/10321/results
/api/v1/events/1335/result/605,1335,full_results_url,IFSC Paraclimbing World Cup Salt Lake City 2023,LEAD Women RP3,finished,2025-10-02 07:18:39 UTC,2024-01-17 07:38:51 UTC,,7972,lead,Qualification,Women RP3,finished,2023-05-16 22:16:03 UTC,/api/v1/category_rounds/7972/results,lead_one_group_two_routes,IFSC: 2 routes,49,,,,,,,10314,1,/api/v1/routes/10314/startlist,/api/v1/routes/10314/results
/api/v1/events/1335/result/605,1335,full_results_url,IFSC Paraclimbing World Cup Salt Lake City 2023,LEAD Women RP3,finished,2025-10-02 07:18:39 UTC,2024-01-17 07:38:51 UTC,,7972,lead,Qualification,Women RP3,finished,2023-05-16 22:16:03 UTC,/api/v1/category_rounds/7972/results,lead_one_group_two_routes,IFSC: 2 routes,49,,,,,,,10315,2,/api/v1/routes/10315/startlist,/api/v1/routes/10315/results
/api/v1/events/1335/result/605,1335,full_results_url,IFSC Paraclimbing World Cup Salt Lake City 2023,LEAD Women RP3,finished,2025-10-02 07:18:39 UTC,2024-01-17 07:38:51 UTC,,8193,lead,Final,Women RP3,finished,2023-05-17 19:45:59 UTC,/api/v1/category_rounds/8193/results,lead_one_group_one_route,IFSC: 1 route,51,,,,,,,10324,1,/api/v1/routes/10324/startlist,/api/v1/routes/10324/results
/api/v1/events/1335/result/753,1335,full_results_url,IFSC Paraclimbing World Cup Salt Lake City 2023,LEAD Men AU3,registration_active,2025-10-02 07:18:40 UTC,NA,,8069,lead,Qualification,Men AU3,pending,2023-05-15 22:16:23 UTC,/api/v1/category_rounds/8069/results,lead_one_group_two_routes,IFSC: 2 routes,49,,,,,,,10291,1,/api/v1/routes/10291/startlist,/api/v1/routes/10291/results
/api/v1/events/1335/result/753,1335,full_results_url,IFSC Paraclimbing World Cup Salt Lake City 2023,LEAD Men AU3,registration_active,2025-10-02 07:18:40 UTC,NA,,8069,lead,Qualification,Men AU3,pending,2023-05-15 22:16:23 UTC,/api/v1/category_rounds/8069/results,lead_one_group_two_routes,IFSC: 2 routes,49,,,,,,,10292,2,/api/v1/routes/10292/startlist,/api/v1/routes/10292/results
/api/v1/events/1335/result/758,1335,full_results_url,IFSC Paraclimbing World Cup Salt Lake City 2023,LEAD Women AU3,registration_active,2025-10-02 07:18:40 UTC,NA,,8186,lead,Qualification,Women AU3,pending,2023-05-16 01:08:44 UTC,/api/v1/category_rounds/8186/results,lead_one_group_two_routes,IFSC: 2 routes,49,,,,,,,10316,1,/api/v1/routes/10316/startlist,/api/v1/routes/10316/results
/api/v1/events/1335/result/758,1335,full_results_url,IFSC Paraclimbing World Cup Salt Lake City 2023,LEAD Women AU3,registration_active,2025-10-02 07:18:40 UTC,NA,,8186,lead,Qualification,Women AU3,pending,2023-05-16 01:08:44 UTC,/api/v1/category_rounds/8186/results,lead_one_group_two_routes,IFSC: 2 routes,49,,,,,,,10317,2,/api/v1/routes/10317/startlist,/api/v1/routes/10317/results
/api/v1/events/1294/result/3,1294,full_results_url,IFSC World Cup Salt Lake City 2023,BOULDER Men,finished,2025-10-02 07:18:38 UTC,2026-04-22 08:42:49 UTC,,8194,boulder,Semi-final,Men,finished,2023-05-21 18:25:54 UTC,/api/v1/category_rounds/8194/results,boulder_one_group_one_boulder_set,IFSC: 1 group,2,,,,,,,10325,1,/api/v1/routes/10325/startlist,
/api/v1/events/1294/result/3,1294,full_results_url,IFSC World Cup Salt Lake City 2023,BOULDER Men,finished,2025-10-02 07:18:38 UTC,2026-04-22 08:42:49 UTC,,8194,boulder,Semi-final,Men,finished,2023-05-21 18:25:54 UTC,/api/v1/category_rounds/8194/results,boulder_one_group_one_boulder_set,IFSC: 1 group,2,,,,,,,10326,2,/api/v1/routes/10326/startlist,
/api/v1/events/1294/result/3,1294,full_results_url,IFSC World Cup Salt Lake City 2023,BOULDER Men,finished,2025-10-02 07:18:38 UTC,2026-04-22 08:42:49 UTC,,8194,boulder,Semi-final,Men,finished,2023-05-21 18:25:54 UTC,/api/v1/category_rounds/8194/results,boulder_one_group_one_boulder_set,IFSC: 1 group,2,,,,,,,10327,3,/api/v1/routes/10327/startlist,
/api/v1/events/1294/result/3,1294,full_results_url,IFSC World Cup Salt Lake City 2023,BOULDER Men,finished,2025-10-02 07:18:38 UTC,2026-04-22 08:42:49 UTC,,8194,boulder,Semi-final,Men,finished,2023-05-21 18:25:54 UTC,/api/v1/category_rounds/8194/results,boulder_one_group_one_boulder_set,IFSC: 1 group,2,,,,,,,10328,4,/api/v1/routes/10328/startlist,
/api/v1/events/1294/result/3,1294,full_results_url,IFSC World Cup Salt Lake City 2023,BOULDER Men,finished,2025-10-02 07:18:38 UTC,2026-04-22 08:42:49 UTC,,8196,boulder,Final,Men,finished,2023-05-22 01:28:30 UTC,/api/v1/category_rounds/8196/results,boulder_finals_one_by_one,IFSC: Finals,3,,,,,,,10333,1,/api/v1/routes/10333/startlist,
/api/v1/events/1294/result/3,1294,full_results_url,IFSC World Cup Salt Lake City 2023,BOULDER Men,finished,2025-10-02 07:18:38 UTC,2026-04-22 08:42:49 UTC,,8196,boulder,Final,Men,finished,2023-05-22 01:28:30 UTC,/api/v1/category_rounds/8196/results,boulder_finals_one_by_one,IFSC: Finals,3,,,,,,,10334,2,/api/v1/routes/10334/startlist,
/api/v1/events/1294/result/3,1294,full_results_url,IFSC World Cup Salt Lake City 2023,BOULDER Men,finished,2025-10-02 07:18:38 UTC,2026-04-22 08:42:49 UTC,,8196,boulder,Final,Men,finished,2023-05-22 01:28:30 UTC,/api/v1/category_rounds/8196/results,boulder_finals_one_by_one,IFSC: Finals,3,,,,,,,10335,3,/api/v1/routes/10335/startlist,
/api/v1/events/1294/result/3,1294,full_results_url,IFSC World Cup Salt Lake City 2023,BOULDER Men,finished,2025-10-02 07:18:38 UTC,2026-04-22 08:42:49 UTC,,8196,boulder,Final,Men,finished,2023-05-22 01:28:30 UTC,/api/v1/category_rounds/8196/results,boulder_finals_one_by_one,IFSC: Finals,3,,,,,,,10336,4,/api/v1/routes/10336/startlist,
/api/v1/events/1294/result/7,1294,full_results_url,IFSC World Cup Salt Lake City 2023,BOULDER Women,finished,2025-10-02 07:18:38 UTC,2026-04-22 08:42:53 UTC,,8195,boulder,Semi-final,Women,finished,2023-05-20 18:24:07 UTC,/api/v1/category_rounds/8195/results,boulder_one_group_one_boulder_set,IFSC: 1 group,2,,,,,,,10329,1,/api/v1/routes/10329/startlist,
/api/v1/events/1294/result/7,1294,full_results_url,IFSC World Cup Salt Lake City 2023,BOULDER Women,finished,2025-10-02 07:18:38 UTC,2026-04-22 08:42:53 UTC,,8195,boulder,Semi-final,Women,finished,2023-05-20 18:24:07 UTC,/api/v1/category_rounds/8195/results,boulder_one_group_one_boulder_set,IFSC: 1 group,2,,,,,,,10330,2,/api/v1/routes/10330/startlist,
/api/v1/events/1294/result/7,1294,full_results_url,IFSC World Cup Salt Lake City 2023,BOULDER Women,finished,2025-10-02 07:18:38 UTC,2026-04-22 08:42:53 UTC,,8195,boulder,Semi-final,Women,finished,2023-05-20 18:24:07 UTC,/api/v1/category_rounds/8195/results,boulder_one_group_one_boulder_set,IFSC: 1 group,2,,,,,,,10331,3,/api/v1/routes/10331/startlist,
/api/v1/events/1294/result/7,1294,full_results_url,IFSC World Cup Salt Lake City 2023,BOULDER Women,finished,2025-10-02 07:18:38 UTC,2026-04-22 08:42:53 UTC,,8195,boulder,Semi-final,Women,finished,2023-05-20 18:24:07 UTC,/api/v1/category_rounds/8195/results,boulder_one_group_one_boulder_set,IFSC: 1 group,2,,,,,,,10332,4,/api/v1/routes/10332/startlist,
/api/v1/events/1294/result/7,1294,full_results_url,IFSC World Cup Salt Lake City 2023,BOULDER Women,finished,2025-10-02 07:18:38 UTC,2026-04-22 08:42:53 UTC,,8197,boulder,Final,Women,finished,2023-05-21 01:34:34 UTC,/api/v1/category_rounds/8197/results,boulder_finals_one_by_one,IFSC: Finals,3,,,,,,,10337,1,/api/v1/routes/10337/startlist,
/api/v1/events/1294/result/7,1294,full_results_url,IFSC World Cup Salt Lake City 2023,BOULDER Women,finished,2025-10-02 07:18:38 UTC,2026-04-22 08:42:53 UTC,,8197,boulder,Final,Women,finished,2023-05-21 01:34:34 UTC,/api/v1/category_rounds/8197/results,boulder_finals_one_by_one,IFSC: Finals,3,,,,,,,10338,2,/api/v1/routes/10338/startlist,
/api/v1/events/1294/result/7,1294,full_results_url,IFSC World Cup Salt Lake City 2023,BOULDER Women,finished,2025-10-02 07:18:38 UTC,2026-04-22 08:42:53 UTC,,8197,boulder,Final,Women,finished,2023-05-21 01:34:34 UTC,/api/v1/category_rounds/8197/results,boulder_finals_one_by_one,IFSC: Finals,3,,,,,,,10339,3,/api/v1/routes/10339/startlist,
/api/v1/events/1294/result/7,1294,full_results_url,IFSC World Cup Salt Lake City 2023,BOULDER Women,finished,2025-10-02 07:18:38 UTC,2026-04-22 08:42:53 UTC,,8197,boulder,Final,Women,finished,2023-05-21 01:34:34 UTC,/api/v1/category_rounds/8197/results,boulder_finals_one_by_one,IFSC: Finals,3,,,,,,,10340,4,/api/v1/routes/10340/startlist,
/api/v1/events/1294/result/2,1294,full_results_url,IFSC World Cup Salt Lake City 2023,SPEED Men,finished,2025-10-02 07:18:38 UTC,2026-04-22 08:42:57 UTC,,7679,speed,Qualification,Men,finished,2023-05-21 22:53:08 UTC,/api/v1/category_rounds/7679/results,speed_staggered,IFSC: Qualification,1,,,,,,,8558,A,/api/v1/routes/8558/startlist,
/api/v1/events/1294/result/2,1294,full_results_url,IFSC World Cup Salt Lake City 2023,SPEED Men,finished,2025-10-02 07:18:38 UTC,2026-04-22 08:42:57 UTC,,7679,speed,Qualification,Men,finished,2023-05-21 22:53:08 UTC,/api/v1/category_rounds/7679/results,speed_staggered,IFSC: Qualification,1,,,,,,,8559,B,/api/v1/routes/8559/startlist,
/api/v1/events/1294/result/2,1294,full_results_url,IFSC World Cup Salt Lake City 2023,SPEED Men,finished,2025-10-02 07:18:38 UTC,2026-04-22 08:42:57 UTC,,8090,speed,Final,Men,finished,2024-01-15 12:14:33 UTC,/api/v1/category_rounds/8090/results,speed_elimination_ifsc_2023,IFSC 2023+: Elimination,3,,,,,,,9787,A,/api/v1/routes/9787/startlist,
/api/v1/events/1294/result/2,1294,full_results_url,IFSC World Cup Salt Lake City 2023,SPEED Men,finished,2025-10-02 07:18:38 UTC,2026-04-22 08:42:57 UTC,,8090,speed,Final,Men,finished,2024-01-15 12:14:33 UTC,/api/v1/category_rounds/8090/results,speed_elimination_ifsc_2023,IFSC 2023+: Elimination,3,,,,,,,9788,B,/api/v1/routes/9788/startlist,
/api/v1/events/1294/result/6,1294,full_results_url,IFSC World Cup Salt Lake City 2023,SPEED Women,finished,2025-10-02 07:18:38 UTC,2026-04-22 08:43:01 UTC,,7680,speed,Qualification,Women,finished,2023-05-20 22:37:22 UTC,/api/v1/category_rounds/7680/results,speed_staggered,IFSC: Qualification,1,,,,,,,8560,A,/api/v1/routes/8560/startlist,
/api/v1/events/1294/result/6,1294,full_results_url,IFSC World Cup Salt Lake City 2023,SPEED Women,finished,2025-10-02 07:18:38 UTC,2026-04-22 08:43:01 UTC,,7680,speed,Qualification,Women,finished,2023-05-20 22:37:22 UTC,/api/v1/category_rounds/7680/results,speed_staggered,IFSC: Qualification,1,,,,,,,8561,B,/api/v1/routes/8561/startlist,
/api/v1/events/1294/result/6,1294,full_results_url,IFSC World Cup Salt Lake City 2023,SPEED Women,finished,2025-10-02 07:18:38 UTC,2026-04-22 08:43:01 UTC,,8091,speed,Final,Women,finished,2024-01-15 12:02:49 UTC,/api/v1/category_rounds/8091/results,speed_elimination_ifsc_2023,IFSC 2023+: Elimination,3,,,,,,,9789,A,/api/v1/routes/9789/startlist,
/api/v1/events/1294/result/6,1294,full_results_url,IFSC World Cup Salt Lake City 2023,SPEED Women,finished,2025-10-02 07:18:38 UTC,2026-04-22 08:43:01 UTC,,8091,speed,Final,Women,finished,2024-01-15 12:02:49 UTC,/api/v1/category_rounds/8091/results,speed_elimination_ifsc_2023,IFSC 2023+: Elimination,3,,,,,,,9790,B,/api/v1/routes/9790/startlist,
/api/v1/events/1318/result/227,1318,full_results_url,IFSC European Cup Loverval 2023,BOULDER Men,finished,2025-10-02 07:18:38 UTC,2026-04-22 08:43:04 UTC,,7855,boulder,Qualification,Men,finished,2023-05-27 18:36:02 UTC,/api/v1/category_rounds/7855/results,boulder_one_group_two_courses,Custom: 2 courses,16,,,,,,,10357,A1,/api/v1/routes/10357/startlist,
/api/v1/events/1318/result/227,1318,full_results_url,IFSC European Cup Loverval 2023,BOULDER Men,finished,2025-10-02 07:18:38 UTC,2026-04-22 08:43:04 UTC,,7855,boulder,Qualification,Men,finished,2023-05-27 18:36:02 UTC,/api/v1/category_rounds/7855/results,boulder_one_group_two_courses,Custom: 2 courses,16,,,,,,,10358,A2,/api/v1/routes/10358/startlist,
/api/v1/events/1318/result/227,1318,full_results_url,IFSC European Cup Loverval 2023,BOULDER Men,finished,2025-10-02 07:18:38 UTC,2026-04-22 08:43:04 UTC,,7855,boulder,Qualification,Men,finished,2023-05-27 18:36:02 UTC,/api/v1/category_rounds/7855/results,boulder_one_group_two_courses,Custom: 2 courses,16,,,,,,,10359,A3,/api/v1/routes/10359/startlist,
/api/v1/events/1318/result/227,1318,full_results_url,IFSC European Cup Loverval 2023,BOULDER Men,finished,2025-10-02 07:18:38 UTC,2026-04-22 08:43:04 UTC,,7855,boulder,Qualification,Men,finished,2023-05-27 18:36:02 UTC,/api/v1/category_rounds/7855/results,boulder_one_group_two_courses,Custom: 2 courses,16,,,,,,,10360,B1,/api/v1/routes/10360/startlist,
/api/v1/events/1318/result/227,1318,full_results_url,IFSC European Cup Loverval 2023,BOULDER Men,finished,2025-10-02 07:18:38 UTC,2026-04-22 08:43:04 UTC,,7855,boulder,Qualification,Men,finished,2023-05-27 18:36:02 UTC,/api/v1/category_rounds/7855/results,boulder_one_group_two_courses,Custom: 2 courses,16,,,,,,,10361,B2,/api/v1/routes/10361/startlist,
/api/v1/events/1318/result/227,1318,full_results_url,IFSC European Cup Loverval 2023,BOULDER Men,finished,2025-10-02 07:18:38 UTC,2026-04-22 08:43:04 UTC,,7855,boulder,Qualification,Men,finished,2023-05-27 18:36:02 UTC,/api/v1/category_rounds/7855/results,boulder_one_group_two_courses,Custom: 2 courses,16,,,,,,,10362,B3,/api/v1/routes/10362/startlist,
/api/v1/events/1318/result/227,1318,full_results_url,IFSC European Cup Loverval 2023,BOULDER Men,finished,2025-10-02 07:18:38 UTC,2026-04-22 08:43:04 UTC,,8198,boulder,Semi-Final,Men,finished,2023-05-28 13:33:25 UTC,/api/v1/category_rounds/8198/results,boulder_one_group_one_boulder_set,IFSC: 1 group,17,,,,,,,10341,1,/api/v1/routes/10341/startlist,
/api/v1/events/1318/result/227,1318,full_results_url,IFSC European Cup Loverval 2023,BOULDER Men,finished,2025-10-02 07:18:38 UTC,2026-04-22 08:43:04 UTC,,8198,boulder,Semi-Final,Men,finished,2023-05-28 13:33:25 UTC,/api/v1/category_rounds/8198/results,boulder_one_group_one_boulder_set,IFSC: 1 group,17,,,,,,,10342,2,/api/v1/routes/10342/startlist,
/api/v1/events/1318/result/227,1318,full_results_url,IFSC European Cup Loverval 2023,BOULDER Men,finished,2025-10-02 07:18:38 UTC,2026-04-22 08:43:04 UTC,,8198,boulder,Semi-Final,Men,finished,2023-05-28 13:33:25 UTC,/api/v1/category_rounds/8198/results,boulder_one_group_one_boulder_set,IFSC: 1 group,17,,,,,,,10343,3,/api/v1/routes/10343/startlist,
/api/v1/events/1318/result/227,1318,full_results_url,IFSC European Cup Loverval 2023,BOULDER Men,finished,2025-10-02 07:18:38 UTC,2026-04-22 08:43:04 UTC,,8198,boulder,Semi-Final,Men,finished,2023-05-28 13:33:25 UTC,/api/v1/category_rounds/8198/results,boulder_one_group_one_boulder_set,IFSC: 1 group,17,,,,,,,10344,4,/api/v1/routes/10344/startlist,
/api/v1/events/1318/result/227,1318,full_results_url,IFSC European Cup Loverval 2023,BOULDER Men,finished,2025-10-02 07:18:38 UTC,2026-04-22 08:43:04 UTC,,8200,boulder,Final,Men,finished,2023-05-28 19:20:03 UTC,/api/v1/category_rounds/8200/results,boulder_one_group_one_boulder_set,IFSC: 1 group,18,,,,,,,10349,1,/api/v1/routes/10349/startlist,
/api/v1/events/1318/result/227,1318,full_results_url,IFSC European Cup Loverval 2023,BOULDER Men,finished,2025-10-02 07:18:38 UTC,2026-04-22 08:43:04 UTC,,8200,boulder,Final,Men,finished,2023-05-28 19:20:03 UTC,/api/v1/category_rounds/8200/results,boulder_one_group_one_boulder_set,IFSC: 1 group,18,,,,,,,10350,2,/api/v1/routes/10350/startlist,
/api/v1/events/1318/result/227,1318,full_results_url,IFSC European Cup Loverval 2023,BOULDER Men,finished,2025-10-02 07:18:38 UTC,2026-04-22 08:43:04 UTC,,8200,boulder,Final,Men,finished,2023-05-28 19:20:03 UTC,/api/v1/category_rounds/8200/results,boulder_one_group_one_boulder_set,IFSC: 1 group,18,,,,,,,10351,3,/api/v1/routes/10351/startlist,
/api/v1/events/1318/result/227,1318,full_results_url,IFSC European Cup Loverval 2023,BOULDER Men,finished,2025-10-02 07:18:38 UTC,2026-04-22 08:43:04 UTC,,8200,boulder,Final,Men,finished,2023-05-28 19:20:03 UTC,/api/v1/category_rounds/8200/results,boulder_one_group_one_boulder_set,IFSC: 1 group,18,,,,,,,10352,4,/api/v1/routes/10352/startlist,
/api/v1/events/1318/result/231,1318,full_results_url,IFSC European Cup Loverval 2023,BOULDER Women,finished,2025-10-02 07:18:38 UTC,2026-04-22 08:43:08 UTC,,7856,boulder,Qualification,Women,finished,2023-05-27 11:45:13 UTC,/api/v1/category_rounds/7856/results,boulder_one_group_two_courses,Custom: 2 courses,16,,,,,,,10363,A1,/api/v1/routes/10363/startlist,
/api/v1/events/1318/result/231,1318,full_results_url,IFSC European Cup Loverval 2023,BOULDER Women,finished,2025-10-02 07:18:38 UTC,2026-04-22 08:43:08 UTC,,7856,boulder,Qualification,Women,finished,2023-05-27 11:45:13 UTC,/api/v1/category_rounds/7856/results,boulder_one_group_two_courses,Custom: 2 courses,16,,,,,,,10364,A2,/api/v1/routes/10364/startlist,
/api/v1/events/1318/result/231,1318,full_results_url,IFSC European Cup Loverval 2023,BOULDER Women,finished,2025-10-02 07:18:38 UTC,2026-04-22 08:43:08 UTC,,7856,boulder,Qualification,Women,finished,2023-05-27 11:45:13 UTC,/api/v1/category_rounds/7856/results,boulder_one_group_two_courses,Custom: 2 courses,16,,,,,,,10365,A3,/api/v1/routes/10365/startlist,
/api/v1/events/1318/result/231,1318,full_results_url,IFSC European Cup Loverval 2023,BOULDER Women,finished,2025-10-02 07:18:38 UTC,2026-04-22 08:43:08 UTC,,7856,boulder,Qualification,Women,finished,2023-05-27 11:45:13 UTC,/api/v1/category_rounds/7856/results,boulder_one_group_two_courses,Custom: 2 courses,16,,,,,,,10366,B1,/api/v1/routes/10366/startlist,
/api/v1/events/1318/result/231,1318,full_results_url,IFSC European Cup Loverval 2023,BOULDER Women,finished,2025-10-02 07:18:38 UTC,2026-04-22 08:43:08 UTC,,7856,boulder,Qualification,Women,finished,2023-05-27 11:45:13 UTC,/api/v1/category_rounds/7856/results,boulder_one_group_two_courses,Custom: 2 courses,16,,,,,,,10367,B2,/api/v1/routes/10367/startlist,
/api/v1/events/1318/result/231,1318,full_results_url,IFSC European Cup Loverval 2023,BOULDER Women,finished,2025-10-02 07:18:38 UTC,2026-04-22 08:43:08 UTC,,7856,boulder,Qualification,Women,finished,2023-05-27 11:45:13 UTC,/api/v1/category_rounds/7856/results,boulder_one_group_two_courses,Custom: 2 courses,16,,,,,,,10368,B3,/api/v1/routes/10368/startlist,
/api/v1/events/1318/result/231,1318,full_results_url,IFSC European Cup Loverval 2023,BOULDER Women,finished,2025-10-02 07:18:38 UTC,2026-04-22 08:43:08 UTC,,8199,boulder,Semi-Final,Women,finished,2023-05-28 09:31:01 UTC,/api/v1/category_rounds/8199/results,boulder_one_group_one_boulder_set,IFSC: 1 group,17,,,,,,,10345,1,/api/v1/routes/10345/startlist,
/api/v1/events/1318/result/231,1318,full_results_url,IFSC European Cup Loverval 2023,BOULDER Women,finished,2025-10-02 07:18:38 UTC,2026-04-22 08:43:08 UTC,,8199,boulder,Semi-Final,Women,finished,2023-05-28 09:31:01 UTC,/api/v1/category_rounds/8199/results,boulder_one_group_one_boulder_set,IFSC: 1 group,17,,,,,,,10346,2,/api/v1/routes/10346/startlist,
/api/v1/events/1318/result/231,1318,full_results_url,IFSC European Cup Loverval 2023,BOULDER Women,finished,2025-10-02 07:18:38 UTC,2026-04-22 08:43:08 UTC,,8199,boulder,Semi-Final,Women,finished,2023-05-28 09:31:01 UTC,/api/v1/category_rounds/8199/results,boulder_one_group_one_boulder_set,IFSC: 1 group,17,,,,,,,10347,3,/api/v1/routes/10347/startlist,
/api/v1/events/1318/result/231,1318,full_results_url,IFSC European Cup Loverval 2023,BOULDER Women,finished,2025-10-02 07:18:38 UTC,2026-04-22 08:43:08 UTC,,8199,boulder,Semi-Final,Women,finished,2023-05-28 09:31:01 UTC,/api/v1/category_rounds/8199/results,boulder_one_group_one_boulder_set,IFSC: 1 group,17,,,,,,,10348,4,/api/v1/routes/10348/startlist,
/api/v1/events/1318/result/231,1318,full_results_url,IFSC European Cup Loverval 2023,BOULDER Women,finished,2025-10-02 07:18:38 UTC,2026-04-22 08:43:08 UTC,,8201,boulder,Final,Women,finished,2023-05-28 16:20:38 UTC,/api/v1/category_rounds/8201/results,boulder_one_group_one_boulder_set,IFSC: 1 group,18,,,,,,,10353,1,/api/v1/routes/10353/startlist,
/api/v1/events/1318/result/231,1318,full_results_url,IFSC European Cup Loverval 2023,BOULDER Women,finished,2025-10-02 07:18:38 UTC,2026-04-22 08:43:08 UTC,,8201,boulder,Final,Women,finished,2023-05-28 16:20:38 UTC,/api/v1/category_rounds/8201/results,boulder_one_group_one_boulder_set,IFSC: 1 group,18,,,,,,,10354,2,/api/v1/routes/10354/startlist,
/api/v1/events/1318/result/231,1318,full_results_url,IFSC European Cup Loverval 2023,BOULDER Women,finished,2025-10-02 07:18:38 UTC,2026-04-22 08:43:08 UTC,,8201,boulder,Final,Women,finished,2023-05-28 16:20:38 UTC,/api/v1/category_rounds/8201/results,boulder_one_group_one_boulder_set,IFSC: 1 group,18,,,,,,,10355,3,/api/v1/routes/10355/startlist,
/api/v1/events/1318/result/231,1318,full_results_url,IFSC European Cup Loverval 2023,BOULDER Women,finished,2025-10-02 07:18:38 UTC,2026-04-22 08:43:08 UTC,,8201,boulder,Final,Women,finished,2023-05-28 16:20:38 UTC,/api/v1/category_rounds/8201/results,boulder_one_group_one_boulder_set,IFSC: 1 group,18,,,,,,,10356,4,/api/v1/routes/10356/startlist,
/api/v1/events/1295/result/3,1295,full_results_url,IFSC World Cup Prague 2023,BOULDER Men,finished,2025-10-02 07:18:38 UTC,2026-04-22 08:43:12 UTC,,8206,boulder,Semi-final,Men,finished,2023-06-03 12:19:37 UTC,/api/v1/category_rounds/8206/results,boulder_one_group_one_boulder_set,IFSC: 1 group,2,,,,,,,10385,1,/api/v1/routes/10385/startlist,
/api/v1/events/1295/result/3,1295,full_results_url,IFSC World Cup Prague 2023,BOULDER Men,finished,2025-10-02 07:18:38 UTC,2026-04-22 08:43:12 UTC,,8206,boulder,Semi-final,Men,finished,2023-06-03 12:19:37 UTC,/api/v1/category_rounds/8206/results,boulder_one_group_one_boulder_set,IFSC: 1 group,2,,,,,,,10386,2,/api/v1/routes/10386/startlist,
/api/v1/events/1295/result/3,1295,full_results_url,IFSC World Cup Prague 2023,BOULDER Men,finished,2025-10-02 07:18:38 UTC,2026-04-22 08:43:12 UTC,,8206,boulder,Semi-final,Men,finished,2023-06-03 12:19:37 UTC,/api/v1/category_rounds/8206/results,boulder_one_group_one_boulder_set,IFSC: 1 group,2,,,,,,,10387,3,/api/v1/routes/10387/startlist,
/api/v1/events/1295/result/3,1295,full_results_url,IFSC World Cup Prague 2023,BOULDER Men,finished,2025-10-02 07:18:38 UTC,2026-04-22 08:43:12 UTC,,8206,boulder,Semi-final,Men,finished,2023-06-03 12:19:37 UTC,/api/v1/category_rounds/8206/results,boulder_one_group_one_boulder_set,IFSC: 1 group,2,,,,,,,10388,4,/api/v1/routes/10388/startlist,
/api/v1/events/1295/result/3,1295,full_results_url,IFSC World Cup Prague 2023,BOULDER Men,finished,2025-10-02 07:18:38 UTC,2026-04-22 08:43:12 UTC,,8208,boulder,Final,Men,finished,2023-06-03 19:11:20 UTC,/api/v1/category_rounds/8208/results,boulder_finals_one_by_one,IFSC: Finals,3,,,,,,,10393,1,/api/v1/routes/10393/startlist,
/api/v1/events/1295/result/3,1295,full_results_url,IFSC World Cup Prague 2023,BOULDER Men,finished,2025-10-02 07:18:38 UTC,2026-04-22 08:43:12 UTC,,8208,boulder,Final,Men,finished,2023-06-03 19:11:20 UTC,/api/v1/category_rounds/8208/results,boulder_finals_one_by_one,IFSC: Finals,3,,,,,,,10394,2,/api/v1/routes/10394/startlist,
/api/v1/events/1295/result/3,1295,full_results_url,IFSC World Cup Prague 2023,BOULDER Men,finished,2025-10-02 07:18:38 UTC,2026-04-22 08:43:12 UTC,,8208,boulder,Final,Men,finished,2023-06-03 19:11:20 UTC,/api/v1/category_rounds/8208/results,boulder_finals_one_by_one,IFSC: Finals,3,,,,,,,10395,3,/api/v1/routes/10395/startlist,
/api/v1/events/1295/result/3,1295,full_results_url,IFSC World Cup Prague 2023,BOULDER Men,finished,2025-10-02 07:18:38 UTC,2026-04-22 08:43:12 UTC,,8208,boulder,Final,Men,finished,2023-06-03 19:11:20 UTC,/api/v1/category_rounds/8208/results,boulder_finals_one_by_one,IFSC: Finals,3,,,,,,,10396,4,/api/v1/routes/10396/startlist,
/api/v1/events/1295/result/7,1295,full_results_url,IFSC World Cup Prague 2023,BOULDER Women,finished,2025-10-02 07:18:38 UTC,2026-04-22 08:43:16 UTC,,8207,boulder,Semi-final,Women,finished,2023-06-04 12:20:21 UTC,/api/v1/category_rounds/8207/results,boulder_one_group_one_boulder_set,IFSC: 1 group,2,,,,,,,10389,1,/api/v1/routes/10389/startlist,
/api/v1/events/1295/result/7,1295,full_results_url,IFSC World Cup Prague 2023,BOULDER Women,finished,2025-10-02 07:18:38 UTC,2026-04-22 08:43:16 UTC,,8207,boulder,Semi-final,Women,finished,2023-06-04 12:20:21 UTC,/api/v1/category_rounds/8207/results,boulder_one_group_one_boulder_set,IFSC: 1 group,2,,,,,,,10390,2,/api/v1/routes/10390/startlist,
/api/v1/events/1295/result/7,1295,full_results_url,IFSC World Cup Prague 2023,BOULDER Women,finished,2025-10-02 07:18:38 UTC,2026-04-22 08:43:16 UTC,,8207,boulder,Semi-final,Women,finished,2023-06-04 12:20:21 UTC,/api/v1/category_rounds/8207/results,boulder_one_group_one_boulder_set,IFSC: 1 group,2,,,,,,,10391,3,/api/v1/routes/10391/startlist,
/api/v1/events/1295/result/7,1295,full_results_url,IFSC World Cup Prague 2023,BOULDER Women,finished,2025-10-02 07:18:38 UTC,2026-04-22 08:43:16 UTC,,8207,boulder,Semi-final,Women,finished,2023-06-04 12:20:21 UTC,/api/v1/category_rounds/8207/results,boulder_one_group_one_boulder_set,IFSC: 1 group,2,,,,,,,10392,4,/api/v1/routes/10392/startlist,
/api/v1/events/1295/result/7,1295,full_results_url,IFSC World Cup Prague 2023,BOULDER Women,finished,2025-10-02 07:18:38 UTC,2026-04-22 08:43:16 UTC,,8209,boulder,Final,Women,finished,2023-06-04 18:32:00 UTC,/api/v1/category_rounds/8209/results,boulder_finals_one_by_one,IFSC: Finals,3,,,,,,,10397,1,/api/v1/routes/10397/startlist,
/api/v1/events/1295/result/7,1295,full_results_url,IFSC World Cup Prague 2023,BOULDER Women,finished,2025-10-02 07:18:38 UTC,2026-04-22 08:43:16 UTC,,8209,boulder,Final,Women,finished,2023-06-04 18:32:00 UTC,/api/v1/category_rounds/8209/results,boulder_finals_one_by_one,IFSC: Finals,3,,,,,,,10398,2,/api/v1/routes/10398/startlist,
/api/v1/events/1295/result/7,1295,full_results_url,IFSC World Cup Prague 2023,BOULDER Women,finished,2025-10-02 07:18:38 UTC,2026-04-22 08:43:16 UTC,,8209,boulder,Final,Women,finished,2023-06-04 18:32:00 UTC,/api/v1/category_rounds/8209/results,boulder_finals_one_by_one,IFSC: Finals,3,,,,,,,10399,3,/api/v1/routes/10399/startlist,
/api/v1/events/1295/result/7,1295,full_results_url,IFSC World Cup Prague 2023,BOULDER Women,finished,2025-10-02 07:18:38 UTC,2026-04-22 08:43:16 UTC,,8209,boulder,Final,Women,finished,2023-06-04 18:32:00 UTC,/api/v1/category_rounds/8209/results,boulder_finals_one_by_one,IFSC: Finals,3,,,,,,,10400,4,/api/v1/routes/10400/startlist,
/api/v1/events/1329/result/235,1329,full_results_url,"IFSC Europe - Continental Youth Championship (B,S) - Duisburg (GER) 2023",BOULDER Juniors Male,finished,2025-10-02 07:18:39 UTC,2026-04-22 08:43:20 UTC,,7909,boulder,Qualification,Juniors Male,finished,2023-06-08 10:27:05 UTC,/api/v1/category_rounds/7909/results,boulder_one_group_two_courses,Custom: 2 courses,19,,,,,,,10475,A1,/api/v1/routes/10475/startlist,
/api/v1/events/1329/result/235,1329,full_results_url,"IFSC Europe - Continental Youth Championship (B,S) - Duisburg (GER) 2023",BOULDER Juniors Male,finished,2025-10-02 07:18:39 UTC,2026-04-22 08:43:20 UTC,,7909,boulder,Qualification,Juniors Male,finished,2023-06-08 10:27:05 UTC,/api/v1/category_rounds/7909/results,boulder_one_group_two_courses,Custom: 2 courses,19,,,,,,,10476,A2,/api/v1/routes/10476/startlist,
/api/v1/events/1329/result/235,1329,full_results_url,"IFSC Europe - Continental Youth Championship (B,S) - Duisburg (GER) 2023",BOULDER Juniors Male,finished,2025-10-02 07:18:39 UTC,2026-04-22 08:43:20 UTC,,7909,boulder,Qualification,Juniors Male,finished,2023-06-08 10:27:05 UTC,/api/v1/category_rounds/7909/results,boulder_one_group_two_courses,Custom: 2 courses,19,,,,,,,10477,A3,/api/v1/routes/10477/startlist,
/api/v1/events/1329/result/235,1329,full_results_url,"IFSC Europe - Continental Youth Championship (B,S) - Duisburg (GER) 2023",BOULDER Juniors Male,finished,2025-10-02 07:18:39 UTC,2026-04-22 08:43:20 UTC,,7909,boulder,Qualification,Juniors Male,finished,2023-06-08 10:27:05 UTC,/api/v1/category_rounds/7909/results,boulder_one_group_two_courses,Custom: 2 courses,19,,,,,,,10478,B1,/api/v1/routes/10478/startlist,
/api/v1/events/1329/result/235,1329,full_results_url,"IFSC Europe - Continental Youth Championship (B,S) - Duisburg (GER) 2023",BOULDER Juniors Male,finished,2025-10-02 07:18:39 UTC,2026-04-22 08:43:20 UTC,,7909,boulder,Qualification,Juniors Male,finished,2023-06-08 10:27:05 UTC,/api/v1/category_rounds/7909/results,boulder_one_group_two_courses,Custom: 2 courses,19,,,,,,,10479,B2,/api/v1/routes/10479/startlist,
/api/v1/events/1329/result/235,1329,full_results_url,"IFSC Europe - Continental Youth Championship (B,S) - Duisburg (GER) 2023",BOULDER Juniors Male,finished,2025-10-02 07:18:39 UTC,2026-04-22 08:43:20 UTC,,7909,boulder,Qualification,Juniors Male,finished,2023-06-08 10:27:05 UTC,/api/v1/category_rounds/7909/results,boulder_one_group_two_courses,Custom: 2 courses,19,,,,,,,10480,B3,/api/v1/routes/10480/startlist,
/api/v1/events/1329/result/235,1329,full_results_url,"IFSC Europe - Continental Youth Championship (B,S) - Duisburg (GER) 2023",BOULDER Juniors Male,finished,2025-10-02 07:18:39 UTC,2026-04-22 08:43:20 UTC,,8210,boulder,Semi-Final,Juniors Male,finished,2023-06-09 10:10:38 UTC,/api/v1/category_rounds/8210/results,boulder_one_group_one_boulder_set,IFSC: 1 group,20,,,,,,,10401,1,/api/v1/routes/10401/startlist,
/api/v1/events/1329/result/235,1329,full_results_url,"IFSC Europe - Continental Youth Championship (B,S) - Duisburg (GER) 2023",BOULDER Juniors Male,finished,2025-10-02 07:18:39 UTC,2026-04-22 08:43:20 UTC,,8210,boulder,Semi-Final,Juniors Male,finished,2023-06-09 10:10:38 UTC,/api/v1/category_rounds/8210/results,boulder_one_group_one_boulder_set,IFSC: 1 group,20,,,,,,,10402,2,/api/v1/routes/10402/startlist,
/api/v1/events/1329/result/235,1329,full_results_url,"IFSC Europe - Continental Youth Championship (B,S) - Duisburg (GER) 2023",BOULDER Juniors Male,finished,2025-10-02 07:18:39 UTC,2026-04-22 08:43:20 UTC,,8210,boulder,Semi-Final,Juniors Male,finished,2023-06-09 10:10:38 UTC,/api/v1/category_rounds/8210/results,boulder_one_group_one_boulder_set,IFSC: 1 group,20,,,,,,,10403,3,/api/v1/routes/10403/startlist,
/api/v1/events/1329/result/235,1329,full_results_url,"IFSC Europe - Continental Youth Championship (B,S) - Duisburg (GER) 2023",BOULDER Juniors Male,finished,2025-10-02 07:18:39 UTC,2026-04-22 08:43:20 UTC,,8210,boulder,Semi-Final,Juniors Male,finished,2023-06-09 10:10:38 UTC,/api/v1/category_rounds/8210/results,boulder_one_group_one_boulder_set,IFSC: 1 group,20,,,,,,,10404,4,/api/v1/routes/10404/startlist,
/api/v1/events/1329/result/235,1329,full_results_url,"IFSC Europe - Continental Youth Championship (B,S) - Duisburg (GER) 2023",BOULDER Juniors Male,finished,2025-10-02 07:18:39 UTC,2026-04-22 08:43:20 UTC,,8216,boulder,Final,Juniors Male,finished,2023-06-09 18:22:06 UTC,/api/v1/category_rounds/8216/results,boulder_one_group_one_boulder_set,IFSC: 1 group,21,,,,,,,10425,1,/api/v1/routes/10425/startlist,
/api/v1/events/1329/result/235,1329,full_results_url,"IFSC Europe - Continental Youth Championship (B,S) - Duisburg (GER) 2023",BOULDER Juniors Male,finished,2025-10-02 07:18:39 UTC,2026-04-22 08:43:20 UTC,,8216,boulder,Final,Juniors Male,finished,2023-06-09 18:22:06 UTC,/api/v1/category_rounds/8216/results,boulder_one_group_one_boulder_set,IFSC: 1 group,21,,,,,,,10426,2,/api/v1/routes/10426/startlist,
/api/v1/events/1329/result/235,1329,full_results_url,"IFSC Europe - Continental Youth Championship (B,S) - Duisburg (GER) 2023",BOULDER Juniors Male,finished,2025-10-02 07:18:39 UTC,2026-04-22 08:43:20 UTC,,8216,boulder,Final,Juniors Male,finished,2023-06-09 18:22:06 UTC,/api/v1/category_rounds/8216/results,boulder_one_group_one_boulder_set,IFSC: 1 group,21,,,,,,,10427,3,/api/v1/routes/10427/startlist,
/api/v1/events/1329/result/235,1329,full_results_url,"IFSC Europe - Continental Youth Championship (B,S) - Duisburg (GER) 2023",BOULDER Juniors Male,finished,2025-10-02 07:18:39 UTC,2026-04-22 08:43:20 UTC,,8216,boulder,Final,Juniors Male,finished,2023-06-09 18:22:06 UTC,/api/v1/category_rounds/8216/results,boulder_one_group_one_boulder_set,IFSC: 1 group,21,,,,,,,10428,4,/api/v1/routes/10428/startlist,
/api/v1/events/1329/result/239,1329,full_results_url,"IFSC Europe - Continental Youth Championship (B,S) - Duisburg (GER) 2023",BOULDER Youth A Male,finished,2025-10-02 07:18:39 UTC,2026-04-22 08:43:24 UTC,,7910,boulder,Qualification,Youth A Male,finished,2023-06-08 16:10:44 UTC,/api/v1/category_rounds/7910/results,boulder_one_group_two_courses,Custom: 2 courses,19,,,,,,,10481,A1,/api/v1/routes/10481/startlist,
/api/v1/events/1329/result/239,1329,full_results_url,"IFSC Europe - Continental Youth Championship (B,S) - Duisburg (GER) 2023",BOULDER Youth A Male,finished,2025-10-02 07:18:39 UTC,2026-04-22 08:43:24 UTC,,7910,boulder,Qualification,Youth A Male,finished,2023-06-08 16:10:44 UTC,/api/v1/category_rounds/7910/results,boulder_one_group_two_courses,Custom: 2 courses,19,,,,,,,10482,A2,/api/v1/routes/10482/startlist,
/api/v1/events/1329/result/239,1329,full_results_url,"IFSC Europe - Continental Youth Championship (B,S) - Duisburg (GER) 2023",BOULDER Youth A Male,finished,2025-10-02 07:18:39 UTC,2026-04-22 08:43:24 UTC,,7910,boulder,Qualification,Youth A Male,finished,2023-06-08 16:10:44 UTC,/api/v1/category_rounds/7910/results,boulder_one_group_two_courses,Custom: 2 courses,19,,,,,,,10483,A3,/api/v1/routes/10483/startlist,
/api/v1/events/1329/result/239,1329,full_results_url,"IFSC Europe - Continental Youth Championship (B,S) - Duisburg (GER) 2023",BOULDER Youth A Male,finished,2025-10-02 07:18:39 UTC,2026-04-22 08:43:24 UTC,,7910,boulder,Qualification,Youth A Male,finished,2023-06-08 16:10:44 UTC,/api/v1/category_rounds/7910/results,boulder_one_group_two_courses,Custom: 2 courses,19,,,,,,,10484,B1,/api/v1/routes/10484/startlist,
/api/v1/events/1329/result/239,1329,full_results_url,"IFSC Europe - Continental Youth Championship (B,S) - Duisburg (GER) 2023",BOULDER Youth A Male,finished,2025-10-02 07:18:39 UTC,2026-04-22 08:43:24 UTC,,7910,boulder,Qualification,Youth A Male,finished,2023-06-08 16:10:44 UTC,/api/v1/category_rounds/7910/results,boulder_one_group_two_courses,Custom: 2 courses,19,,,,,,,10485,B2,/api/v1/routes/10485/startlist,
/api/v1/events/1329/result/239,1329,full_results_url,"IFSC Europe - Continental Youth Championship (B,S) - Duisburg (GER) 2023",BOULDER Youth A Male,finished,2025-10-02 07:18:39 UTC,2026-04-22 08:43:24 UTC,,7910,boulder,Qualification,Youth A Male,finished,2023-06-08 16:10:44 UTC,/api/v1/category_rounds/7910/results,boulder_one_group_two_courses,Custom: 2 courses,19,,,,,,,10486,B3,/api/v1/routes/10486/startlist,
/api/v1/events/1329/result/239,1329,full_results_url,"IFSC Europe - Continental Youth Championship (B,S) - Duisburg (GER) 2023",BOULDER Youth A Male,finished,2025-10-02 07:18:39 UTC,2026-04-22 08:43:24 UTC,,8211,boulder,Semi-Final,Youth A Male,finished,2023-06-10 10:10:29 UTC,/api/v1/category_rounds/8211/results,boulder_one_group_one_boulder_set,IFSC: 1 group,20,,,,,,,10405,1,/api/v1/routes/10405/startlist,
/api/v1/events/1329/result/239,1329,full_results_url,"IFSC Europe - Continental Youth Championship (B,S) - Duisburg (GER) 2023",BOULDER Youth A Male,finished,2025-10-02 07:18:39 UTC,2026-04-22 08:43:24 UTC,,8211,boulder,Semi-Final,Youth A Male,finished,2023-06-10 10:10:29 UTC,/api/v1/category_rounds/8211/results,boulder_one_group_one_boulder_set,IFSC: 1 group,20,,,,,,,10406,2,/api/v1/routes/10406/startlist,
/api/v1/events/1329/result/239,1329,full_results_url,"IFSC Europe - Continental Youth Championship (B,S) - Duisburg (GER) 2023",BOULDER Youth A Male,finished,2025-10-02 07:18:39 UTC,2026-04-22 08:43:24 UTC,,8211,boulder,Semi-Final,Youth A Male,finished,2023-06-10 10:10:29 UTC,/api/v1/category_rounds/8211/results,boulder_one_group_one_boulder_set,IFSC: 1 group,20,,,,,,,10407,3,/api/v1/routes/10407/startlist,
/api/v1/events/1329/result/239,1329,full_results_url,"IFSC Europe - Continental Youth Championship (B,S) - Duisburg (GER) 2023",BOULDER Youth A Male,finished,2025-10-02 07:18:39 UTC,2026-04-22 08:43:24 UTC,,8211,boulder,Semi-Final,Youth A Male,finished,2023-06-10 10:10:29 UTC,/api/v1/category_rounds/8211/results,boulder_one_group_one_boulder_set,IFSC: 1 group,20,,,,,,,10408,4,/api/v1/routes/10408/startlist,
/api/v1/events/1329/result/239,1329,full_results_url,"IFSC Europe - Continental Youth Championship (B,S) - Duisburg (GER) 2023",BOULDER Youth A Male,finished,2025-10-02 07:18:39 UTC,2026-04-22 08:43:24 UTC,,8217,boulder,Final,Youth A Male,finished,2023-06-10 19:00:02 UTC,/api/v1/category_rounds/8217/results,boulder_one_group_one_boulder_set,IFSC: 1 group,21,,,,,,,10429,1,/api/v1/routes/10429/startlist,
/api/v1/events/1329/result/239,1329,full_results_url,"IFSC Europe - Continental Youth Championship (B,S) - Duisburg (GER) 2023",BOULDER Youth A Male,finished,2025-10-02 07:18:39 UTC,2026-04-22 08:43:24 UTC,,8217,boulder,Final,Youth A Male,finished,2023-06-10 19:00:02 UTC,/api/v1/category_rounds/8217/results,boulder_one_group_one_boulder_set,IFSC: 1 group,21,,,,,,,10430,2,/api/v1/routes/10430/startlist,
/api/v1/events/1329/result/239,1329,full_results_url,"IFSC Europe - Continental Youth Championship (B,S) - Duisburg (GER) 2023",BOULDER Youth A Male,finished,2025-10-02 07:18:39 UTC,2026-04-22 08:43:24 UTC,,8217,boulder,Final,Youth A Male,finished,2023-06-10 19:00:02 UTC,/api/v1/category_rounds/8217/results,boulder_one_group_one_boulder_set,IFSC: 1 group,21,,,,,,,10431,3,/api/v1/routes/10431/startlist,
/api/v1/events/1329/result/239,1329,full_results_url,"IFSC Europe - Continental Youth Championship (B,S) - Duisburg (GER) 2023",BOULDER Youth A Male,finished,2025-10-02 07:18:39 UTC,2026-04-22 08:43:24 UTC,,8217,boulder,Final,Youth A Male,finished,2023-06-10 19:00:02 UTC,/api/v1/category_rounds/8217/results,boulder_one_group_one_boulder_set,IFSC: 1 group,21,,,,,,,10432,4,/api/v1/routes/10432/startlist,
/api/v1/events/1329/result/243,1329,full_results_url,"IFSC Europe - Continental Youth Championship (B,S) - Duisburg (GER) 2023",BOULDER Youth B Male,finished,2025-10-02 07:18:39 UTC,2026-04-22 08:43:29 UTC,,7911,boulder,Qualification,Youth B Male,finished,2023-06-09 15:46:14 UTC,/api/v1/category_rounds/7911/results,boulder_one_group_two_courses,Custom: 2 courses,19,,,,,,,10493,A1,/api/v1/routes/10493/startlist,
/api/v1/events/1329/result/243,1329,full_results_url,"IFSC Europe - Continental Youth Championship (B,S) - Duisburg (GER) 2023",BOULDER Youth B Male,finished,2025-10-02 07:18:39 UTC,2026-04-22 08:43:29 UTC,,7911,boulder,Qualification,Youth B Male,finished,2023-06-09 15:46:14 UTC,/api/v1/category_rounds/7911/results,boulder_one_group_two_courses,Custom: 2 courses,19,,,,,,,10494,A2,/api/v1/routes/10494/startlist,
/api/v1/events/1329/result/243,1329,full_results_url,"IFSC Europe - Continental Youth Championship (B,S) - Duisburg (GER) 2023",BOULDER Youth B Male,finished,2025-10-02 07:18:39 UTC,2026-04-22 08:43:29 UTC,,7911,boulder,Qualification,Youth B Male,finished,2023-06-09 15:46:14 UTC,/api/v1/category_rounds/7911/results,boulder_one_group_two_courses,Custom: 2 courses,19,,,,,,,10495,A3,/api/v1/routes/10495/startlist,
/api/v1/events/1329/result/243,1329,full_results_url,"IFSC Europe - Continental Youth Championship (B,S) - Duisburg (GER) 2023",BOULDER Youth B Male,finished,2025-10-02 07:18:39 UTC,2026-04-22 08:43:29 UTC,,7911,boulder,Qualification,Youth B Male,finished,2023-06-09 15:46:14 UTC,/api/v1/category_rounds/7911/results,boulder_one_group_two_courses,Custom: 2 courses,19,,,,,,,10496,B1,/api/v1/routes/10496/startlist,
/api/v1/events/1329/result/243,1329,full_results_url,"IFSC Europe - Continental Youth Championship (B,S) - Duisburg (GER) 2023",BOULDER Youth B Male,finished,2025-10-02 07:18:39 UTC,2026-04-22 08:43:29 UTC,,7911,boulder,Qualification,Youth B Male,finished,2023-06-09 15:46:14 UTC,/api/v1/category_rounds/7911/results,boulder_one_group_two_courses,Custom: 2 courses,19,,,,,,,10497,B2,/api/v1/routes/10497/startlist,
/api/v1/events/1329/result/243,1329,full_results_url,"IFSC Europe - Continental Youth Championship (B,S) - Duisburg (GER) 2023",BOULDER Youth B Male,finished,2025-10-02 07:18:39 UTC,2026-04-22 08:43:29 UTC,,7911,boulder,Qualification,Youth B Male,finished,2023-06-09 15:46:14 UTC,/api/v1/category_rounds/7911/results,boulder_one_group_two_courses,Custom: 2 courses,19,,,,,,,10498,B3,/api/v1/routes/10498/startlist,
/api/v1/events/1329/result/243,1329,full_results_url,"IFSC Europe - Continental Youth Championship (B,S) - Duisburg (GER) 2023",BOULDER Youth B Male,finished,2025-10-02 07:18:39 UTC,2026-04-22 08:43:29 UTC,,8212,boulder,Semi-Final,Youth B Male,finished,2023-06-11 10:15:12 UTC,/api/v1/category_rounds/8212/results,boulder_one_group_one_boulder_set,IFSC: 1 group,20,,,,,,,10409,1,/api/v1/routes/10409/startlist,
/api/v1/events/1329/result/243,1329,full_results_url,"IFSC Europe - Continental Youth Championship (B,S) - Duisburg (GER) 2023",BOULDER Youth B Male,finished,2025-10-02 07:18:39 UTC,2026-04-22 08:43:29 UTC,,8212,boulder,Semi-Final,Youth B Male,finished,2023-06-11 10:15:12 UTC,/api/v1/category_rounds/8212/results,boulder_one_group_one_boulder_set,IFSC: 1 group,20,,,,,,,10410,2,/api/v1/routes/10410/startlist,
/api/v1/events/1329/result/243,1329,full_results_url,"IFSC Europe - Continental Youth Championship (B,S) - Duisburg (GER) 2023",BOULDER Youth B Male,finished,2025-10-02 07:18:39 UTC,2026-04-22 08:43:29 UTC,,8212,boulder,Semi-Final,Youth B Male,finished,2023-06-11 10:15:12 UTC,/api/v1/category_rounds/8212/results,boulder_one_group_one_boulder_set,IFSC: 1 group,20,,,,,,,10411,3,/api/v1/routes/10411/startlist,
/api/v1/events/1329/result/243,1329,full_results_url,"IFSC Europe - Continental Youth Championship (B,S) - Duisburg (GER) 2023",BOULDER Youth B Male,finished,2025-10-02 07:18:39 UTC,2026-04-22 08:43:29 UTC,,8212,boulder,Semi-Final,Youth B Male,finished,2023-06-11 10:15:12 UTC,/api/v1/category_rounds/8212/results,boulder_one_group_one_boulder_set,IFSC: 1 group,20,,,,,,,10412,4,/api/v1/routes/10412/startlist,
/api/v1/events/1329/result/243,1329,full_results_url,"IFSC Europe - Continental Youth Championship (B,S) - Duisburg (GER) 2023",BOULDER Youth B Male,finished,2025-10-02 07:18:39 UTC,2026-04-22 08:43:29 UTC,,8218,boulder,Final,Youth B Male,finished,2023-06-11 15:47:33 UTC,/api/v1/category_rounds/8218/results,boulder_one_group_one_boulder_set,IFSC: 1 group,21,,,,,,,10433,1,/api/v1/routes/10433/startlist,
/api/v1/events/1329/result/243,1329,full_results_url,"IFSC Europe - Continental Youth Championship (B,S) - Duisburg (GER) 2023",BOULDER Youth B Male,finished,2025-10-02 07:18:39 UTC,2026-04-22 08:43:29 UTC,,8218,boulder,Final,Youth B Male,finished,2023-06-11 15:47:33 UTC,/api/v1/category_rounds/8218/results,boulder_one_group_one_boulder_set,IFSC: 1 group,21,,,,,,,10434,2,/api/v1/routes/10434/startlist,
/api/v1/events/1329/result/243,1329,full_results_url,"IFSC Europe - Continental Youth Championship (B,S) - Duisburg (GER) 2023",BOULDER Youth B Male,finished,2025-10-02 07:18:39 UTC,2026-04-22 08:43:29 UTC,,8218,boulder,Final,Youth B Male,finished,2023-06-11 15:47:33 UTC,/api/v1/category_rounds/8218/results,boulder_one_group_one_boulder_set,IFSC: 1 group,21,,,,,,,10435,3,/api/v1/routes/10435/startlist,
/api/v1/events/1329/result/243,1329,full_results_url,"IFSC Europe - Continental Youth Championship (B,S) - Duisburg (GER) 2023",BOULDER Youth B Male,finished,2025-10-02 07:18:39 UTC,2026-04-22 08:43:29 UTC,,8218,boulder,Final,Youth B Male,finished,2023-06-11 15:47:33 UTC,/api/v1/category_rounds/8218/results,boulder_one_group_one_boulder_set,IFSC: 1 group,21,,,,,,,10436,4,/api/v1/routes/10436/startlist,
/api/v1/events/1329/result/251,1329,full_results_url,"IFSC Europe - Continental Youth Championship (B,S) - Duisburg (GER) 2023",BOULDER Juniors Female,finished,2025-10-02 07:18:39 UTC,2026-04-22 08:43:32 UTC,,7912,boulder,Qualification,Juniors Female,finished,2023-06-08 09:40:42 UTC,/api/v1/category_rounds/7912/results,boulder_one_group_two_courses,Custom: 2 courses,19,,,,,,,10469,A1,/api/v1/routes/10469/startlist,
/api/v1/events/1329/result/251,1329,full_results_url,"IFSC Europe - Continental Youth Championship (B,S) - Duisburg (GER) 2023",BOULDER Juniors Female,finished,2025-10-02 07:18:39 UTC,2026-04-22 08:43:32 UTC,,7912,boulder,Qualification,Juniors Female,finished,2023-06-08 09:40:42 UTC,/api/v1/category_rounds/7912/results,boulder_one_group_two_courses,Custom: 2 courses,19,,,,,,,10470,A2,/api/v1/routes/10470/startlist,
/api/v1/events/1329/result/251,1329,full_results_url,"IFSC Europe - Continental Youth Championship (B,S) - Duisburg (GER) 2023",BOULDER Juniors Female,finished,2025-10-02 07:18:39 UTC,2026-04-22 08:43:32 UTC,,7912,boulder,Qualification,Juniors Female,finished,2023-06-08 09:40:42 UTC,/api/v1/category_rounds/7912/results,boulder_one_group_two_courses,Custom: 2 courses,19,,,,,,,10471,A3,/api/v1/routes/10471/startlist,
/api/v1/events/1329/result/251,1329,full_results_url,"IFSC Europe - Continental Youth Championship (B,S) - Duisburg (GER) 2023",BOULDER Juniors Female,finished,2025-10-02 07:18:39 UTC,2026-04-22 08:43:32 UTC,,7912,boulder,Qualification,Juniors Female,finished,2023-06-08 09:40:42 UTC,/api/v1/category_rounds/7912/results,boulder_one_group_two_courses,Custom: 2 courses,19,,,,,,,10472,B1,/api/v1/routes/10472/startlist,
/api/v1/events/1329/result/251,1329,full_results_url,"IFSC Europe - Continental Youth Championship (B,S) - Duisburg (GER) 2023",BOULDER Juniors Female,finished,2025-10-02 07:18:39 UTC,2026-04-22 08:43:32 UTC,,7912,boulder,Qualification,Juniors Female,finished,2023-06-08 09:40:42 UTC,/api/v1/category_rounds/7912/results,boulder_one_group_two_courses,Custom: 2 courses,19,,,,,,,10473,B2,/api/v1/routes/10473/startlist,
/api/v1/events/1329/result/251,1329,full_results_url,"IFSC Europe - Continental Youth Championship (B,S) - Duisburg (GER) 2023",BOULDER Juniors Female,finished,2025-10-02 07:18:39 UTC,2026-04-22 08:43:32 UTC,,7912,boulder,Qualification,Juniors Female,finished,2023-06-08 09:40:42 UTC,/api/v1/category_rounds/7912/results,boulder_one_group_two_courses,Custom: 2 courses,19,,,,,,,10474,B3,/api/v1/routes/10474/startlist,
/api/v1/events/1329/result/251,1329,full_results_url,"IFSC Europe - Continental Youth Championship (B,S) - Duisburg (GER) 2023",BOULDER Juniors Female,finished,2025-10-02 07:18:39 UTC,2026-04-22 08:43:32 UTC,,8219,boulder,Final,Juniors Female,finished,2023-06-09 18:23:04 UTC,/api/v1/category_rounds/8219/results,boulder_one_group_one_boulder_set,IFSC: 1 group,21,,,,,,,10437,1,/api/v1/routes/10437/startlist,
/api/v1/events/1329/result/251,1329,full_results_url,"IFSC Europe - Continental Youth Championship (B,S) - Duisburg (GER) 2023",BOULDER Juniors Female,finished,2025-10-02 07:18:39 UTC,2026-04-22 08:43:32 UTC,,8219,boulder,Final,Juniors Female,finished,2023-06-09 18:23:04 UTC,/api/v1/category_rounds/8219/results,boulder_one_group_one_boulder_set,IFSC: 1 group,21,,,,,,,10438,2,/api/v1/routes/10438/startlist,
/api/v1/events/1329/result/251,1329,full_results_url,"IFSC Europe - Continental Youth Championship (B,S) - Duisburg (GER) 2023",BOULDER Juniors Female,finished,2025-10-02 07:18:39 UTC,2026-04-22 08:43:32 UTC,,8219,boulder,Final,Juniors Female,finished,2023-06-09 18:23:04 UTC,/api/v1/category_rounds/8219/results,boulder_one_group_one_boulder_set,IFSC: 1 group,21,,,,,,,10439,3,/api/v1/routes/10439/startlist,
/api/v1/events/1329/result/251,1329,full_results_url,"IFSC Europe - Continental Youth Championship (B,S) - Duisburg (GER) 2023",BOULDER Juniors Female,finished,2025-10-02 07:18:39 UTC,2026-04-22 08:43:32 UTC,,8219,boulder,Final,Juniors Female,finished,2023-06-09 18:23:04 UTC,/api/v1/category_rounds/8219/results,boulder_one_group_one_boulder_set,IFSC: 1 group,21,,,,,,,10440,4,/api/v1/routes/10440/startlist,
/api/v1/events/1329/result/255,1329,full_results_url,"IFSC Europe - Continental Youth Championship (B,S) - Duisburg (GER) 2023",BOULDER Youth A Female,finished,2025-10-02 07:18:39 UTC,2026-04-22 08:43:36 UTC,,7913,boulder,Qualification,Youth A Female,finished,2023-06-08 16:18:17 UTC,/api/v1/category_rounds/7913/results,boulder_one_group_two_courses,Custom: 2 courses,19,,,,,,,10487,A1,/api/v1/routes/10487/startlist,
/api/v1/events/1329/result/255,1329,full_results_url,"IFSC Europe - Continental Youth Championship (B,S) - Duisburg (GER) 2023",BOULDER Youth A Female,finished,2025-10-02 07:18:39 UTC,2026-04-22 08:43:36 UTC,,7913,boulder,Qualification,Youth A Female,finished,2023-06-08 16:18:17 UTC,/api/v1/category_rounds/7913/results,boulder_one_group_two_courses,Custom: 2 courses,19,,,,,,,10488,A2,/api/v1/routes/10488/startlist,
/api/v1/events/1329/result/255,1329,full_results_url,"IFSC Europe - Continental Youth Championship (B,S) - Duisburg (GER) 2023",BOULDER Youth A Female,finished,2025-10-02 07:18:39 UTC,2026-04-22 08:43:36 UTC,,7913,boulder,Qualification,Youth A Female,finished,2023-06-08 16:18:17 UTC,/api/v1/category_rounds/7913/results,boulder_one_group_two_courses,Custom: 2 courses,19,,,,,,,10489,A3,/api/v1/routes/10489/startlist,
/api/v1/events/1329/result/255,1329,full_results_url,"IFSC Europe - Continental Youth Championship (B,S) - Duisburg (GER) 2023",BOULDER Youth A Female,finished,2025-10-02 07:18:39 UTC,2026-04-22 08:43:36 UTC,,7913,boulder,Qualification,Youth A Female,finished,2023-06-08 16:18:17 UTC,/api/v1/category_rounds/7913/results,boulder_one_group_two_courses,Custom: 2 courses,19,,,,,,,10490,B1,/api/v1/routes/10490/startlist,
/api/v1/events/1329/result/255,1329,full_results_url,"IFSC Europe - Continental Youth Championship (B,S) - Duisburg (GER) 2023",BOULDER Youth A Female,finished,2025-10-02 07:18:39 UTC,2026-04-22 08:43:36 UTC,,7913,boulder,Qualification,Youth A Female,finished,2023-06-08 16:18:17 UTC,/api/v1/category_rounds/7913/results,boulder_one_group_two_courses,Custom: 2 courses,19,,,,,,,10491,B2,/api/v1/routes/10491/startlist,
/api/v1/events/1329/result/255,1329,full_results_url,"IFSC Europe - Continental Youth Championship (B,S) - Duisburg (GER) 2023",BOULDER Youth A Female,finished,2025-10-02 07:18:39 UTC,2026-04-22 08:43:36 UTC,,7913,boulder,Qualification,Youth A Female,finished,2023-06-08 16:18:17 UTC,/api/v1/category_rounds/7913/results,boulder_one_group_two_courses,Custom: 2 courses,19,,,,,,,10492,B3,/api/v1/routes/10492/startlist,
/api/v1/events/1329/result/255,1329,full_results_url,"IFSC Europe - Continental Youth Championship (B,S) - Duisburg (GER) 2023",BOULDER Youth A Female,finished,2025-10-02 07:18:39 UTC,2026-04-22 08:43:36 UTC,,8214,boulder,Semi-Final,Youth A Female,finished,2023-06-10 10:07:46 UTC,/api/v1/category_rounds/8214/results,boulder_one_group_one_boulder_set,IFSC: 1 group,20,,,,,,,10417,1,/api/v1/routes/10417/startlist,
/api/v1/events/1329/result/255,1329,full_results_url,"IFSC Europe - Continental Youth Championship (B,S) - Duisburg (GER) 2023",BOULDER Youth A Female,finished,2025-10-02 07:18:39 UTC,2026-04-22 08:43:36 UTC,,8214,boulder,Semi-Final,Youth A Female,finished,2023-06-10 10:07:46 UTC,/api/v1/category_rounds/8214/results,boulder_one_group_one_boulder_set,IFSC: 1 group,20,,,,,,,10418,2,/api/v1/routes/10418/startlist,
/api/v1/events/1329/result/255,1329,full_results_url,"IFSC Europe - Continental Youth Championship (B,S) - Duisburg (GER) 2023",BOULDER Youth A Female,finished,2025-10-02 07:18:39 UTC,2026-04-22 08:43:36 UTC,,8214,boulder,Semi-Final,Youth A Female,finished,2023-06-10 10:07:46 UTC,/api/v1/category_rounds/8214/results,boulder_one_group_one_boulder_set,IFSC: 1 group,20,,,,,,,10419,3,/api/v1/routes/10419/startlist,
/api/v1/events/1329/result/255,1329,full_results_url,"IFSC Europe - Continental Youth Championship (B,S) - Duisburg (GER) 2023",BOULDER Youth A Female,finished,2025-10-02 07:18:39 UTC,2026-04-22 08:43:36 UTC,,8214,boulder,Semi-Final,Youth A Female,finished,2023-06-10 10:07:46 UTC,/api/v1/category_rounds/8214/results,boulder_one_group_one_boulder_set,IFSC: 1 group,20,,,,,,,10420,4,/api/v1/routes/10420/startlist,
/api/v1/events/1329/result/255,1329,full_results_url,"IFSC Europe - Continental Youth Championship (B,S) - Duisburg (GER) 2023",BOULDER Youth A Female,finished,2025-10-02 07:18:39 UTC,2026-04-22 08:43:36 UTC,,8220,boulder,Final,Youth A Female,finished,2023-06-10 19:06:21 UTC,/api/v1/category_rounds/8220/results,boulder_one_group_one_boulder_set,IFSC: 1 group,21,,,,,,,10441,1,/api/v1/routes/10441/startlist,
/api/v1/events/1329/result/255,1329,full_results_url,"IFSC Europe - Continental Youth Championship (B,S) - Duisburg (GER) 2023",BOULDER Youth A Female,finished,2025-10-02 07:18:39 UTC,2026-04-22 08:43:36 UTC,,8220,boulder,Final,Youth A Female,finished,2023-06-10 19:06:21 UTC,/api/v1/category_rounds/8220/results,boulder_one_group_one_boulder_set,IFSC: 1 group,21,,,,,,,10442,2,/api/v1/routes/10442/startlist,
/api/v1/events/1329/result/255,1329,full_results_url,"IFSC Europe - Continental Youth Championship (B,S) - Duisburg (GER) 2023",BOULDER Youth A Female,finished,2025-10-02 07:18:39 UTC,2026-04-22 08:43:36 UTC,,8220,boulder,Final,Youth A Female,finished,2023-06-10 19:06:21 UTC,/api/v1/category_rounds/8220/results,boulder_one_group_one_boulder_set,IFSC: 1 group,21,,,,,,,10443,3,/api/v1/routes/10443/startlist,
/api/v1/events/1329/result/255,1329,full_results_url,"IFSC Europe - Continental Youth Championship (B,S) - Duisburg (GER) 2023",BOULDER Youth A Female,finished,2025-10-02 07:18:39 UTC,2026-04-22 08:43:36 UTC,,8220,boulder,Final,Youth A Female,finished,2023-06-10 19:06:21 UTC,/api/v1/category_rounds/8220/results,boulder_one_group_one_boulder_set,IFSC: 1 group,21,,,,,,,10444,4,/api/v1/routes/10444/startlist,
/api/v1/events/1329/result/259,1329,full_results_url,"IFSC Europe - Continental Youth Championship (B,S) - Duisburg (GER) 2023",BOULDER Youth B Female,finished,2025-10-02 07:18:39 UTC,2026-04-22 08:43:40 UTC,,7914,boulder,Qualification,Youth B Female,finished,2023-06-09 15:47:51 UTC,/api/v1/category_rounds/7914/results,boulder_one_group_two_courses,Custom: 2 courses,19,,,,,,,10499,A1,/api/v1/routes/10499/startlist,
/api/v1/events/1329/result/259,1329,full_results_url,"IFSC Europe - Continental Youth Championship (B,S) - Duisburg (GER) 2023",BOULDER Youth B Female,finished,2025-10-02 07:18:39 UTC,2026-04-22 08:43:40 UTC,,7914,boulder,Qualification,Youth B Female,finished,2023-06-09 15:47:51 UTC,/api/v1/category_rounds/7914/results,boulder_one_group_two_courses,Custom: 2 courses,19,,,,,,,10500,A2,/api/v1/routes/10500/startlist,
/api/v1/events/1329/result/259,1329,full_results_url,"IFSC Europe - Continental Youth Championship (B,S) - Duisburg (GER) 2023",BOULDER Youth B Female,finished,2025-10-02 07:18:39 UTC,2026-04-22 08:43:40 UTC,,7914,boulder,Qualification,Youth B Female,finished,2023-06-09 15:47:51 UTC,/api/v1/category_rounds/7914/results,boulder_one_group_two_courses,Custom: 2 courses,19,,,,,,,10501,A3,/api/v1/routes/10501/startlist,
/api/v1/events/1329/result/259,1329,full_results_url,"IFSC Europe - Continental Youth Championship (B,S) - Duisburg (GER) 2023",BOULDER Youth B Female,finished,2025-10-02 07:18:39 UTC,2026-04-22 08:43:40 UTC,,7914,boulder,Qualification,Youth B Female,finished,2023-06-09 15:47:51 UTC,/api/v1/category_rounds/7914/results,boulder_one_group_two_courses,Custom: 2 courses,19,,,,,,,10502,B1,/api/v1/routes/10502/startlist,
/api/v1/events/1329/result/259,1329,full_results_url,"IFSC Europe - Continental Youth Championship (B,S) - Duisburg (GER) 2023",BOULDER Youth B Female,finished,2025-10-02 07:18:39 UTC,2026-04-22 08:43:40 UTC,,7914,boulder,Qualification,Youth B Female,finished,2023-06-09 15:47:51 UTC,/api/v1/category_rounds/7914/results,boulder_one_group_two_courses,Custom: 2 courses,19,,,,,,,10503,B2,/api/v1/routes/10503/startlist,
/api/v1/events/1329/result/259,1329,full_results_url,"IFSC Europe - Continental Youth Championship (B,S) - Duisburg (GER) 2023",BOULDER Youth B Female,finished,2025-10-02 07:18:39 UTC,2026-04-22 08:43:40 UTC,,7914,boulder,Qualification,Youth B Female,finished,2023-06-09 15:47:51 UTC,/api/v1/category_rounds/7914/results,boulder_one_group_two_courses,Custom: 2 courses,19,,,,,,,10504,B3,/api/v1/routes/10504/startlist,
/api/v1/events/1329/result/259,1329,full_results_url,"IFSC Europe - Continental Youth Championship (B,S) - Duisburg (GER) 2023",BOULDER Youth B Female,finished,2025-10-02 07:18:39 UTC,2026-04-22 08:43:40 UTC,,8215,boulder,Semi-Final,Youth B Female,finished,2023-06-11 10:09:35 UTC,/api/v1/category_rounds/8215/results,boulder_one_group_one_boulder_set,IFSC: 1 group,20,,,,,,,10421,1,/api/v1/routes/10421/startlist,
/api/v1/events/1329/result/259,1329,full_results_url,"IFSC Europe - Continental Youth Championship (B,S) - Duisburg (GER) 2023",BOULDER Youth B Female,finished,2025-10-02 07:18:39 UTC,2026-04-22 08:43:40 UTC,,8215,boulder,Semi-Final,Youth B Female,finished,2023-06-11 10:09:35 UTC,/api/v1/category_rounds/8215/results,boulder_one_group_one_boulder_set,IFSC: 1 group,20,,,,,,,10422,2,/api/v1/routes/10422/startlist,
/api/v1/events/1329/result/259,1329,full_results_url,"IFSC Europe - Continental Youth Championship (B,S) - Duisburg (GER) 2023",BOULDER Youth B Female,finished,2025-10-02 07:18:39 UTC,2026-04-22 08:43:40 UTC,,8215,boulder,Semi-Final,Youth B Female,finished,2023-06-11 10:09:35 UTC,/api/v1/category_rounds/8215/results,boulder_one_group_one_boulder_set,IFSC: 1 group,20,,,,,,,10423,3,/api/v1/routes/10423/startlist,
/api/v1/events/1329/result/259,1329,full_results_url,"IFSC Europe - Continental Youth Championship (B,S) - Duisburg (GER) 2023",BOULDER Youth B Female,finished,2025-10-02 07:18:39 UTC,2026-04-22 08:43:40 UTC,,8215,boulder,Semi-Final,Youth B Female,finished,2023-06-11 10:09:35 UTC,/api/v1/category_rounds/8215/results,boulder_one_group_one_boulder_set,IFSC: 1 group,20,,,,,,,10424,4,/api/v1/routes/10424/startlist,
/api/v1/events/1329/result/259,1329,full_results_url,"IFSC Europe - Continental Youth Championship (B,S) - Duisburg (GER) 2023",BOULDER Youth B Female,finished,2025-10-02 07:18:39 UTC,2026-04-22 08:43:40 UTC,,8221,boulder,Final,Youth B Female,finished,2023-06-11 15:47:54 UTC,/api/v1/category_rounds/8221/results,boulder_one_group_one_boulder_set,IFSC: 1 group,21,,,,,,,10445,1,/api/v1/routes/10445/startlist,
/api/v1/events/1329/result/259,1329,full_results_url,"IFSC Europe - Continental Youth Championship (B,S) - Duisburg (GER) 2023",BOULDER Youth B Female,finished,2025-10-02 07:18:39 UTC,2026-04-22 08:43:40 UTC,,8221,boulder,Final,Youth B Female,finished,2023-06-11 15:47:54 UTC,/api/v1/category_rounds/8221/results,boulder_one_group_one_boulder_set,IFSC: 1 group,21,,,,,,,10446,2,/api/v1/routes/10446/startlist,
/api/v1/events/1329/result/259,1329,full_results_url,"IFSC Europe - Continental Youth Championship (B,S) - Duisburg (GER) 2023",BOULDER Youth B Female,finished,2025-10-02 07:18:39 UTC,2026-04-22 08:43:40 UTC,,8221,boulder,Final,Youth B Female,finished,2023-06-11 15:47:54 UTC,/api/v1/category_rounds/8221/results,boulder_one_group_one_boulder_set,IFSC: 1 group,21,,,,,,,10447,3,/api/v1/routes/10447/startlist,
/api/v1/events/1329/result/259,1329,full_results_url,"IFSC Europe - Continental Youth Championship (B,S) - Duisburg (GER) 2023",BOULDER Youth B Female,finished,2025-10-02 07:18:39 UTC,2026-04-22 08:43:40 UTC,,8221,boulder,Final,Youth B Female,finished,2023-06-11 15:47:54 UTC,/api/v1/category_rounds/8221/results,boulder_one_group_one_boulder_set,IFSC: 1 group,21,,,,,,,10448,4,/api/v1/routes/10448/startlist,
/api/v1/events/1329/result/234,1329,full_results_url,"IFSC Europe - Continental Youth Championship (B,S) - Duisburg (GER) 2023",SPEED Juniors Male,finished,2025-10-02 07:18:39 UTC,2026-04-22 08:43:44 UTC,,7915,speed,Qualification,Juniors Male,finished,2023-06-10 15:12:04 UTC,/api/v1/category_rounds/7915/results,speed_staggered_tolerate_false_start,IFSC-E: Qualification (Tolerate FS),19,,,,,,,9617,A,/api/v1/routes/9617/startlist,
/api/v1/events/1329/result/234,1329,full_results_url,"IFSC Europe - Continental Youth Championship (B,S) - Duisburg (GER) 2023",SPEED Juniors Male,finished,2025-10-02 07:18:39 UTC,2026-04-22 08:43:44 UTC,,7915,speed,Qualification,Juniors Male,finished,2023-06-10 15:12:04 UTC,/api/v1/category_rounds/7915/results,speed_staggered_tolerate_false_start,IFSC-E: Qualification (Tolerate FS),19,,,,,,,9618,B,/api/v1/routes/9618/startlist,
/api/v1/events/1329/result/234,1329,full_results_url,"IFSC Europe - Continental Youth Championship (B,S) - Duisburg (GER) 2023",SPEED Juniors Male,finished,2025-10-02 07:18:39 UTC,2026-04-22 08:43:44 UTC,,8222,speed,Final,Juniors Male,finished,2024-01-15 15:11:58 UTC,/api/v1/category_rounds/8222/results,speed_elimination_ifsc_2023,IFSC 2023+: Elimination,21,,,,,,,10455,A,/api/v1/routes/10455/startlist,
/api/v1/events/1329/result/234,1329,full_results_url,"IFSC Europe - Continental Youth Championship (B,S) - Duisburg (GER) 2023",SPEED Juniors Male,finished,2025-10-02 07:18:39 UTC,2026-04-22 08:43:44 UTC,,8222,speed,Final,Juniors Male,finished,2024-01-15 15:11:58 UTC,/api/v1/category_rounds/8222/results,speed_elimination_ifsc_2023,IFSC 2023+: Elimination,21,,,,,,,10456,B,/api/v1/routes/10456/startlist,
/api/v1/events/1329/result/238,1329,full_results_url,"IFSC Europe - Continental Youth Championship (B,S) - Duisburg (GER) 2023",SPEED Youth A Male,finished,2025-10-02 07:18:39 UTC,2026-04-22 08:43:47 UTC,,7916,speed,Qualification,Youth A Male,finished,2023-06-11 12:57:52 UTC,/api/v1/category_rounds/7916/results,speed_staggered_tolerate_false_start,IFSC-E: Qualification (Tolerate FS),19,,,,,,,9619,A,/api/v1/routes/9619/startlist,
/api/v1/events/1329/result/238,1329,full_results_url,"IFSC Europe - Continental Youth Championship (B,S) - Duisburg (GER) 2023",SPEED Youth A Male,finished,2025-10-02 07:18:39 UTC,2026-04-22 08:43:47 UTC,,7916,speed,Qualification,Youth A Male,finished,2023-06-11 12:57:52 UTC,/api/v1/category_rounds/7916/results,speed_staggered_tolerate_false_start,IFSC-E: Qualification (Tolerate FS),19,,,,,,,9620,B,/api/v1/routes/9620/startlist,
/api/v1/events/1329/result/238,1329,full_results_url,"IFSC Europe - Continental Youth Championship (B,S) - Duisburg (GER) 2023",SPEED Youth A Male,finished,2025-10-02 07:18:39 UTC,2026-04-22 08:43:47 UTC,,8223,speed,Final,Youth A Male,finished,2024-01-15 15:11:59 UTC,/api/v1/category_rounds/8223/results,speed_elimination_ifsc_2023,IFSC 2023+: Elimination,21,,,,,,,10457,A,/api/v1/routes/10457/startlist,
/api/v1/events/1329/result/238,1329,full_results_url,"IFSC Europe - Continental Youth Championship (B,S) - Duisburg (GER) 2023",SPEED Youth A Male,finished,2025-10-02 07:18:39 UTC,2026-04-22 08:43:47 UTC,,8223,speed,Final,Youth A Male,finished,2024-01-15 15:11:59 UTC,/api/v1/category_rounds/8223/results,speed_elimination_ifsc_2023,IFSC 2023+: Elimination,21,,,,,,,10458,B,/api/v1/routes/10458/startlist,
/api/v1/events/1329/result/242,1329,full_results_url,"IFSC Europe - Continental Youth Championship (B,S) - Duisburg (GER) 2023",SPEED Youth B Male,finished,2025-10-02 07:18:39 UTC,2026-04-22 08:43:51 UTC,,7917,speed,Qualification,Youth B Male,finished,2023-06-10 13:36:17 UTC,/api/v1/category_rounds/7917/results,speed_staggered_tolerate_false_start,IFSC-E: Qualification (Tolerate FS),19,,,,,,,9621,A,/api/v1/routes/9621/startlist,
/api/v1/events/1329/result/242,1329,full_results_url,"IFSC Europe - Continental Youth Championship (B,S) - Duisburg (GER) 2023",SPEED Youth B Male,finished,2025-10-02 07:18:39 UTC,2026-04-22 08:43:51 UTC,,7917,speed,Qualification,Youth B Male,finished,2023-06-10 13:36:17 UTC,/api/v1/category_rounds/7917/results,speed_staggered_tolerate_false_start,IFSC-E: Qualification (Tolerate FS),19,,,,,,,9622,B,/api/v1/routes/9622/startlist,
/api/v1/events/1329/result/242,1329,full_results_url,"IFSC Europe - Continental Youth Championship (B,S) - Duisburg (GER) 2023",SPEED Youth B Male,finished,2025-10-02 07:18:39 UTC,2026-04-22 08:43:51 UTC,,8224,speed,Final,Youth B Male,finished,2024-01-15 15:11:59 UTC,/api/v1/category_rounds/8224/results,speed_elimination_ifsc_2023,IFSC 2023+: Elimination,21,,,,,,,10459,A,/api/v1/routes/10459/startlist,
/api/v1/events/1329/result/242,1329,full_results_url,"IFSC Europe - Continental Youth Championship (B,S) - Duisburg (GER) 2023",SPEED Youth B Male,finished,2025-10-02 07:18:39 UTC,2026-04-22 08:43:51 UTC,,8224,speed,Final,Youth B Male,finished,2024-01-15 15:11:59 UTC,/api/v1/category_rounds/8224/results,speed_elimination_ifsc_2023,IFSC 2023+: Elimination,21,,,,,,,10460,B,/api/v1/routes/10460/startlist,
/api/v1/events/1329/result/250,1329,full_results_url,"IFSC Europe - Continental Youth Championship (B,S) - Duisburg (GER) 2023",SPEED Juniors Female,finished,2025-10-02 07:18:39 UTC,2026-04-22 08:43:54 UTC,,7918,speed,Qualification,Juniors Female,finished,2023-06-10 14:58:32 UTC,/api/v1/category_rounds/7918/results,speed_staggered_tolerate_false_start,IFSC-E: Qualification (Tolerate FS),19,,,,,,,9623,A,/api/v1/routes/9623/startlist,
/api/v1/events/1329/result/250,1329,full_results_url,"IFSC Europe - Continental Youth Championship (B,S) - Duisburg (GER) 2023",SPEED Juniors Female,finished,2025-10-02 07:18:39 UTC,2026-04-22 08:43:54 UTC,,7918,speed,Qualification,Juniors Female,finished,2023-06-10 14:58:32 UTC,/api/v1/category_rounds/7918/results,speed_staggered_tolerate_false_start,IFSC-E: Qualification (Tolerate FS),19,,,,,,,9624,B,/api/v1/routes/9624/startlist,
/api/v1/events/1329/result/250,1329,full_results_url,"IFSC Europe - Continental Youth Championship (B,S) - Duisburg (GER) 2023",SPEED Juniors Female,finished,2025-10-02 07:18:39 UTC,2026-04-22 08:43:54 UTC,,8225,speed,Final,Juniors Female,finished,2023-06-10 15:42:44 UTC,/api/v1/category_rounds/8225/results,speed_elimination_ifsc_2023,IFSC 2023+: Elimination,21,,,,,,,10461,A,/api/v1/routes/10461/startlist,
/api/v1/events/1329/result/250,1329,full_results_url,"IFSC Europe - Continental Youth Championship (B,S) - Duisburg (GER) 2023",SPEED Juniors Female,finished,2025-10-02 07:18:39 UTC,2026-04-22 08:43:54 UTC,,8225,speed,Final,Juniors Female,finished,2023-06-10 15:42:44 UTC,/api/v1/category_rounds/8225/results,speed_elimination_ifsc_2023,IFSC 2023+: Elimination,21,,,,,,,10462,B,/api/v1/routes/10462/startlist,
/api/v1/events/1329/result/254,1329,full_results_url,"IFSC Europe - Continental Youth Championship (B,S) - Duisburg (GER) 2023",SPEED Youth A Female,finished,2025-10-02 07:18:39 UTC,2026-04-22 08:43:57 UTC,,7919,speed,Qualification,Youth A Female,finished,2023-06-11 12:43:09 UTC,/api/v1/category_rounds/7919/results,speed_staggered_tolerate_false_start,IFSC-E: Qualification (Tolerate FS),19,,,,,,,9625,A,/api/v1/routes/9625/startlist,
/api/v1/events/1329/result/254,1329,full_results_url,"IFSC Europe - Continental Youth Championship (B,S) - Duisburg (GER) 2023",SPEED Youth A Female,finished,2025-10-02 07:18:39 UTC,2026-04-22 08:43:57 UTC,,7919,speed,Qualification,Youth A Female,finished,2023-06-11 12:43:09 UTC,/api/v1/category_rounds/7919/results,speed_staggered_tolerate_false_start,IFSC-E: Qualification (Tolerate FS),19,,,,,,,9626,B,/api/v1/routes/9626/startlist,
/api/v1/events/1329/result/254,1329,full_results_url,"IFSC Europe - Continental Youth Championship (B,S) - Duisburg (GER) 2023",SPEED Youth A Female,finished,2025-10-02 07:18:39 UTC,2026-04-22 08:43:57 UTC,,8226,speed,Final,Youth A Female,finished,2024-01-15 15:12:00 UTC,/api/v1/category_rounds/8226/results,speed_elimination_ifsc_2023,IFSC 2023+: Elimination,21,,,,,,,10463,A,/api/v1/routes/10463/startlist,
/api/v1/events/1329/result/254,1329,full_results_url,"IFSC Europe - Continental Youth Championship (B,S) - Duisburg (GER) 2023",SPEED Youth A Female,finished,2025-10-02 07:18:39 UTC,2026-04-22 08:43:57 UTC,,8226,speed,Final,Youth A Female,finished,2024-01-15 15:12:00 UTC,/api/v1/category_rounds/8226/results,speed_elimination_ifsc_2023,IFSC 2023+: Elimination,21,,,,,,,10464,B,/api/v1/routes/10464/startlist,
/api/v1/events/1329/result/258,1329,full_results_url,"IFSC Europe - Continental Youth Championship (B,S) - Duisburg (GER) 2023",SPEED Youth B Female,finished,2025-10-02 07:18:39 UTC,2026-04-22 08:44:00 UTC,,7920,speed,Qualification,Youth B Female,finished,2023-06-10 13:23:50 UTC,/api/v1/category_rounds/7920/results,speed_staggered_tolerate_false_start,IFSC-E: Qualification (Tolerate FS),19,,,,,,,9627,A,/api/v1/routes/9627/startlist,
/api/v1/events/1329/result/258,1329,full_results_url,"IFSC Europe - Continental Youth Championship (B,S) - Duisburg (GER) 2023",SPEED Youth B Female,finished,2025-10-02 07:18:39 UTC,2026-04-22 08:44:00 UTC,,7920,speed,Qualification,Youth B Female,finished,2023-06-10 13:23:50 UTC,/api/v1/category_rounds/7920/results,speed_staggered_tolerate_false_start,IFSC-E: Qualification (Tolerate FS),19,,,,,,,9628,B,/api/v1/routes/9628/startlist,
/api/v1/events/1329/result/258,1329,full_results_url,"IFSC Europe - Continental Youth Championship (B,S) - Duisburg (GER) 2023",SPEED Youth B Female,finished,2025-10-02 07:18:39 UTC,2026-04-22 08:44:00 UTC,,8227,speed,Final,Youth B Female,finished,2024-01-15 15:12:00 UTC,/api/v1/category_rounds/8227/results,speed_elimination_ifsc_2023,IFSC 2023+: Elimination,21,,,,,,,10465,A,/api/v1/routes/10465/startlist,
/api/v1/events/1329/result/258,1329,full_results_url,"IFSC Europe - Continental Youth Championship (B,S) - Duisburg (GER) 2023",SPEED Youth B Female,finished,2025-10-02 07:18:39 UTC,2026-04-22 08:44:00 UTC,,8227,speed,Final,Youth B Female,finished,2024-01-15 15:12:00 UTC,/api/v1/category_rounds/8227/results,speed_elimination_ifsc_2023,IFSC 2023+: Elimination,21,,,,,,,10466,B,/api/v1/routes/10466/startlist,
/api/v1/events/1296/result/3,1296,full_results_url,IFSC World Cup Brixen 2023,BOULDER Men,finished,2025-10-02 07:18:38 UTC,2026-04-22 08:44:04 UTC,,8202,boulder,Semi-final,Men,finished,2023-06-11 11:21:39 UTC,/api/v1/category_rounds/8202/results,boulder_one_group_one_boulder_set,IFSC: 1 group,2,,,,,,,10369,1,/api/v1/routes/10369/startlist,
/api/v1/events/1296/result/3,1296,full_results_url,IFSC World Cup Brixen 2023,BOULDER Men,finished,2025-10-02 07:18:38 UTC,2026-04-22 08:44:04 UTC,,8202,boulder,Semi-final,Men,finished,2023-06-11 11:21:39 UTC,/api/v1/category_rounds/8202/results,boulder_one_group_one_boulder_set,IFSC: 1 group,2,,,,,,,10370,2,/api/v1/routes/10370/startlist,
/api/v1/events/1296/result/3,1296,full_results_url,IFSC World Cup Brixen 2023,BOULDER Men,finished,2025-10-02 07:18:38 UTC,2026-04-22 08:44:04 UTC,,8202,boulder,Semi-final,Men,finished,2023-06-11 11:21:39 UTC,/api/v1/category_rounds/8202/results,boulder_one_group_one_boulder_set,IFSC: 1 group,2,,,,,,,10371,3,/api/v1/routes/10371/startlist,
/api/v1/events/1296/result/3,1296,full_results_url,IFSC World Cup Brixen 2023,BOULDER Men,finished,2025-10-02 07:18:38 UTC,2026-04-22 08:44:04 UTC,,8202,boulder,Semi-final,Men,finished,2023-06-11 11:21:39 UTC,/api/v1/category_rounds/8202/results,boulder_one_group_one_boulder_set,IFSC: 1 group,2,,,,,,,10372,4,/api/v1/routes/10372/startlist,
/api/v1/events/1296/result/3,1296,full_results_url,IFSC World Cup Brixen 2023,BOULDER Men,finished,2025-10-02 07:18:38 UTC,2026-04-22 08:44:04 UTC,,8204,boulder,Final,Men,finished,2023-06-11 19:37:51 UTC,/api/v1/category_rounds/8204/results,boulder_finals_one_by_one,IFSC: Finals,3,,,,,,,10377,1,/api/v1/routes/10377/startlist,
/api/v1/events/1296/result/3,1296,full_results_url,IFSC World Cup Brixen 2023,BOULDER Men,finished,2025-10-02 07:18:38 UTC,2026-04-22 08:44:04 UTC,,8204,boulder,Final,Men,finished,2023-06-11 19:37:51 UTC,/api/v1/category_rounds/8204/results,boulder_finals_one_by_one,IFSC: Finals,3,,,,,,,10378,2,/api/v1/routes/10378/startlist,
/api/v1/events/1296/result/3,1296,full_results_url,IFSC World Cup Brixen 2023,BOULDER Men,finished,2025-10-02 07:18:38 UTC,2026-04-22 08:44:04 UTC,,8204,boulder,Final,Men,finished,2023-06-11 19:37:51 UTC,/api/v1/category_rounds/8204/results,boulder_finals_one_by_one,IFSC: Finals,3,,,,,,,10379,3,/api/v1/routes/10379/startlist,
/api/v1/events/1296/result/3,1296,full_results_url,IFSC World Cup Brixen 2023,BOULDER Men,finished,2025-10-02 07:18:38 UTC,2026-04-22 08:44:04 UTC,,8204,boulder,Final,Men,finished,2023-06-11 19:37:51 UTC,/api/v1/category_rounds/8204/results,boulder_finals_one_by_one,IFSC: Finals,3,,,,,,,10380,4,/api/v1/routes/10380/startlist,
/api/v1/events/1296/result/7,1296,full_results_url,IFSC World Cup Brixen 2023,BOULDER Women,finished,2025-10-02 07:18:38 UTC,2026-04-22 08:44:08 UTC,,8203,boulder,Semi-final,Women,finished,2023-06-10 11:19:13 UTC,/api/v1/category_rounds/8203/results,boulder_one_group_one_boulder_set,IFSC: 1 group,2,,,,,,,10373,1,/api/v1/routes/10373/startlist,
/api/v1/events/1296/result/7,1296,full_results_url,IFSC World Cup Brixen 2023,BOULDER Women,finished,2025-10-02 07:18:38 UTC,2026-04-22 08:44:08 UTC,,8203,boulder,Semi-final,Women,finished,2023-06-10 11:19:13 UTC,/api/v1/category_rounds/8203/results,boulder_one_group_one_boulder_set,IFSC: 1 group,2,,,,,,,10374,2,/api/v1/routes/10374/startlist,
/api/v1/events/1296/result/7,1296,full_results_url,IFSC World Cup Brixen 2023,BOULDER Women,finished,2025-10-02 07:18:38 UTC,2026-04-22 08:44:08 UTC,,8203,boulder,Semi-final,Women,finished,2023-06-10 11:19:13 UTC,/api/v1/category_rounds/8203/results,boulder_one_group_one_boulder_set,IFSC: 1 group,2,,,,,,,10375,3,/api/v1/routes/10375/startlist,
/api/v1/events/1296/result/7,1296,full_results_url,IFSC World Cup Brixen 2023,BOULDER Women,finished,2025-10-02 07:18:38 UTC,2026-04-22 08:44:08 UTC,,8203,boulder,Semi-final,Women,finished,2023-06-10 11:19:13 UTC,/api/v1/category_rounds/8203/results,boulder_one_group_one_boulder_set,IFSC: 1 group,2,,,,,,,10376,4,/api/v1/routes/10376/startlist,
/api/v1/events/1296/result/7,1296,full_results_url,IFSC World Cup Brixen 2023,BOULDER Women,finished,2025-10-02 07:18:38 UTC,2026-04-22 08:44:08 UTC,,8205,boulder,Final,Women,finished,2023-06-10 19:28:20 UTC,/api/v1/category_rounds/8205/results,boulder_finals_one_by_one,IFSC: Finals,3,,,,,,,10381,1,/api/v1/routes/10381/startlist,
/api/v1/events/1296/result/7,1296,full_results_url,IFSC World Cup Brixen 2023,BOULDER Women,finished,2025-10-02 07:18:38 UTC,2026-04-22 08:44:08 UTC,,8205,boulder,Final,Women,finished,2023-06-10 19:28:20 UTC,/api/v1/category_rounds/8205/results,boulder_finals_one_by_one,IFSC: Finals,3,,,,,,,10382,2,/api/v1/routes/10382/startlist,
/api/v1/events/1296/result/7,1296,full_results_url,IFSC World Cup Brixen 2023,BOULDER Women,finished,2025-10-02 07:18:38 UTC,2026-04-22 08:44:08 UTC,,8205,boulder,Final,Women,finished,2023-06-10 19:28:20 UTC,/api/v1/category_rounds/8205/results,boulder_finals_one_by_one,IFSC: Finals,3,,,,,,,10383,3,/api/v1/routes/10383/startlist,
/api/v1/events/1296/result/7,1296,full_results_url,IFSC World Cup Brixen 2023,BOULDER Women,finished,2025-10-02 07:18:38 UTC,2026-04-22 08:44:08 UTC,,8205,boulder,Final,Women,finished,2023-06-10 19:28:20 UTC,/api/v1/category_rounds/8205/results,boulder_finals_one_by_one,IFSC: Finals,3,,,,,,,10384,4,/api/v1/routes/10384/startlist,
/api/v1/events/1337/result/529,1337,full_results_url,IFSC Paraclimbing World Cup Innsbruck 2023,LEAD Men B1,finished,2025-10-02 07:18:39 UTC,2024-01-17 07:39:29 UTC,,7977,lead,Qualification,Men B1,finished,2023-06-12 10:43:43 UTC,/api/v1/category_rounds/7977/results,lead_one_group_two_routes,IFSC: 2 routes,49,,,,,,,10525,D,/api/v1/routes/10525/startlist,/api/v1/routes/10525/results
/api/v1/events/1337/result/529,1337,full_results_url,IFSC Paraclimbing World Cup Innsbruck 2023,LEAD Men B1,finished,2025-10-02 07:18:39 UTC,2024-01-17 07:39:29 UTC,,7977,lead,Qualification,Men B1,finished,2023-06-12 10:43:43 UTC,/api/v1/category_rounds/7977/results,lead_one_group_two_routes,IFSC: 2 routes,49,,,,,,,10526,C,/api/v1/routes/10526/startlist,/api/v1/routes/10526/results
/api/v1/events/1337/result/529,1337,full_results_url,IFSC Paraclimbing World Cup Innsbruck 2023,LEAD Men B1,finished,2025-10-02 07:18:39 UTC,2024-01-17 07:39:29 UTC,,8230,lead,Final,Men B1,finished,2023-06-13 20:04:23 UTC,/api/v1/category_rounds/8230/results,lead_one_group_one_route,IFSC: 1 route,51,,,,,,,10505,1,/api/v1/routes/10505/startlist,/api/v1/routes/10505/results
/api/v1/events/1337/result/533,1337,full_results_url,IFSC Paraclimbing World Cup Innsbruck 2023,LEAD Men B2,finished,2025-10-02 07:18:39 UTC,2024-01-17 07:39:29 UTC,,7978,lead,Qualification,Men B2,finished,2023-06-12 10:44:14 UTC,/api/v1/category_rounds/7978/results,lead_one_group_two_routes,IFSC: 2 routes,49,,,,,,,10527,D,/api/v1/routes/10527/startlist,/api/v1/routes/10527/results
/api/v1/events/1337/result/533,1337,full_results_url,IFSC Paraclimbing World Cup Innsbruck 2023,LEAD Men B2,finished,2025-10-02 07:18:39 UTC,2024-01-17 07:39:29 UTC,,7978,lead,Qualification,Men B2,finished,2023-06-12 10:44:14 UTC,/api/v1/category_rounds/7978/results,lead_one_group_two_routes,IFSC: 2 routes,49,,,,,,,10528,C,/api/v1/routes/10528/startlist,/api/v1/routes/10528/results
/api/v1/events/1337/result/533,1337,full_results_url,IFSC Paraclimbing World Cup Innsbruck 2023,LEAD Men B2,finished,2025-10-02 07:18:39 UTC,2024-01-17 07:39:29 UTC,,8231,lead,Final,Men B2,finished,2023-06-13 19:43:50 UTC,/api/v1/category_rounds/8231/results,lead_one_group_one_route,IFSC: 1 route,51,,,,,,,10506,1,/api/v1/routes/10506/startlist,/api/v1/routes/10506/results
/api/v1/events/1337/result/537,1337,full_results_url,IFSC Paraclimbing World Cup Innsbruck 2023,LEAD Men B3,finished,2025-10-02 07:18:39 UTC,2024-01-17 07:39:30 UTC,,7979,lead,Qualification,Men B3,finished,2023-06-12 10:44:39 UTC,/api/v1/category_rounds/7979/results,lead_one_group_two_routes,IFSC: 2 routes,49,,,,,,,10529,D,/api/v1/routes/10529/startlist,/api/v1/routes/10529/results
/api/v1/events/1337/result/537,1337,full_results_url,IFSC Paraclimbing World Cup Innsbruck 2023,LEAD Men B3,finished,2025-10-02 07:18:39 UTC,2024-01-17 07:39:30 UTC,,7979,lead,Qualification,Men B3,finished,2023-06-12 10:44:39 UTC,/api/v1/category_rounds/7979/results,lead_one_group_two_routes,IFSC: 2 routes,49,,,,,,,10530,C,/api/v1/routes/10530/startlist,/api/v1/routes/10530/results
/api/v1/events/1337/result/537,1337,full_results_url,IFSC Paraclimbing World Cup Innsbruck 2023,LEAD Men B3,finished,2025-10-02 07:18:39 UTC,2024-01-17 07:39:30 UTC,,8232,lead,Final,Men B3,finished,2023-06-13 19:16:55 UTC,/api/v1/category_rounds/8232/results,lead_one_group_one_route,IFSC: 1 route,51,,,,,,,10507,1,/api/v1/routes/10507/startlist,/api/v1/routes/10507/results
/api/v1/events/1337/result/541,1337,full_results_url,IFSC Paraclimbing World Cup Innsbruck 2023,LEAD Women B1,active,2025-10-02 07:18:39 UTC,NA,,7980,lead,Qualification,Women B1,pending,2023-06-11 08:28:21 UTC,/api/v1/category_rounds/7980/results,lead_one_group_two_routes,IFSC: 2 routes,49,,,,,,,10531,1,/api/v1/routes/10531/startlist,/api/v1/routes/10531/results
/api/v1/events/1337/result/541,1337,full_results_url,IFSC Paraclimbing World Cup Innsbruck 2023,LEAD Women B1,active,2025-10-02 07:18:39 UTC,NA,,7980,lead,Qualification,Women B1,pending,2023-06-11 08:28:21 UTC,/api/v1/category_rounds/7980/results,lead_one_group_two_routes,IFSC: 2 routes,49,,,,,,,10532,2,/api/v1/routes/10532/startlist,/api/v1/routes/10532/results
/api/v1/events/1337/result/545,1337,full_results_url,IFSC Paraclimbing World Cup Innsbruck 2023,LEAD Women B2,active,2025-10-02 07:18:39 UTC,NA,,7981,lead,Qualification,Women B2,pending,2023-06-11 12:47:53 UTC,/api/v1/category_rounds/7981/results,lead_one_group_two_routes,IFSC: 2 routes,49,,,,,,,10533,1,/api/v1/routes/10533/startlist,/api/v1/routes/10533/results
/api/v1/events/1337/result/545,1337,full_results_url,IFSC Paraclimbing World Cup Innsbruck 2023,LEAD Women B2,active,2025-10-02 07:18:39 UTC,NA,,7981,lead,Qualification,Women B2,pending,2023-06-11 12:47:53 UTC,/api/v1/category_rounds/7981/results,lead_one_group_two_routes,IFSC: 2 routes,49,,,,,,,10534,2,/api/v1/routes/10534/startlist,/api/v1/routes/10534/results
/api/v1/events/1337/result/549,1337,full_results_url,IFSC Paraclimbing World Cup Innsbruck 2023,LEAD Women B3,finished,2025-10-02 07:18:39 UTC,2024-01-17 07:39:31 UTC,,7982,lead,Qualification,Women B3,finished,2023-06-12 10:45:46 UTC,/api/v1/category_rounds/7982/results,lead_one_group_two_routes,IFSC: 2 routes,49,,,,,,,10535,B,/api/v1/routes/10535/startlist,/api/v1/routes/10535/results
/api/v1/events/1337/result/549,1337,full_results_url,IFSC Paraclimbing World Cup Innsbruck 2023,LEAD Women B3,finished,2025-10-02 07:18:39 UTC,2024-01-17 07:39:31 UTC,,7982,lead,Qualification,Women B3,finished,2023-06-12 10:45:46 UTC,/api/v1/category_rounds/7982/results,lead_one_group_two_routes,IFSC: 2 routes,49,,,,,,,10536,A,/api/v1/routes/10536/startlist,/api/v1/routes/10536/results
/api/v1/events/1337/result/549,1337,full_results_url,IFSC Paraclimbing World Cup Innsbruck 2023,LEAD Women B3,finished,2025-10-02 07:18:39 UTC,2024-01-17 07:39:31 UTC,,8235,lead,Final,Women B3,finished,2023-06-13 19:16:21 UTC,/api/v1/category_rounds/8235/results,lead_one_group_one_route,IFSC: 1 route,51,,,,,,,10510,1,/api/v1/routes/10510/startlist,/api/v1/routes/10510/results
/api/v1/events/1337/result/553,1337,full_results_url,IFSC Paraclimbing World Cup Innsbruck 2023,LEAD Men AL1,finished,2025-10-02 07:18:39 UTC,2024-01-16 21:02:10 UTC,,7983,lead,Qualification,Men AL1,finished,2023-06-12 10:42:19 UTC,/api/v1/category_rounds/7983/results,lead_one_group_two_routes,IFSC: 2 routes,49,,,,,,,10537,A,/api/v1/routes/10537/startlist,/api/v1/routes/10537/results
/api/v1/events/1337/result/553,1337,full_results_url,IFSC Paraclimbing World Cup Innsbruck 2023,LEAD Men AL1,finished,2025-10-02 07:18:39 UTC,2024-01-16 21:02:10 UTC,,7983,lead,Qualification,Men AL1,finished,2023-06-12 10:42:19 UTC,/api/v1/category_rounds/7983/results,lead_one_group_two_routes,IFSC: 2 routes,49,,,,,,,10538,B,/api/v1/routes/10538/startlist,/api/v1/routes/10538/results
/api/v1/events/1337/result/553,1337,full_results_url,IFSC Paraclimbing World Cup Innsbruck 2023,LEAD Men AL1,finished,2025-10-02 07:18:39 UTC,2024-01-16 21:02:10 UTC,,8236,lead,Final,Men AL1,finished,2023-06-13 17:32:29 UTC,/api/v1/category_rounds/8236/results,lead_one_group_one_route,IFSC: 1 route,51,,,,,,,10511,1,/api/v1/routes/10511/startlist,/api/v1/routes/10511/results
/api/v1/events/1337/result/557,1337,full_results_url,IFSC Paraclimbing World Cup Innsbruck 2023,LEAD Women AL1,active,2025-10-02 07:18:39 UTC,NA,,7984,lead,Qualification,Women AL1,pending,2023-06-11 11:00:14 UTC,/api/v1/category_rounds/7984/results,lead_one_group_two_routes,IFSC: 2 routes,49,,,,,,,10539,1,/api/v1/routes/10539/startlist,/api/v1/routes/10539/results
/api/v1/events/1337/result/557,1337,full_results_url,IFSC Paraclimbing World Cup Innsbruck 2023,LEAD Women AL1,active,2025-10-02 07:18:39 UTC,NA,,7984,lead,Qualification,Women AL1,pending,2023-06-11 11:00:14 UTC,/api/v1/category_rounds/7984/results,lead_one_group_two_routes,IFSC: 2 routes,49,,,,,,,10540,2,/api/v1/routes/10540/startlist,/api/v1/routes/10540/results
/api/v1/events/1337/result/561,1337,full_results_url,IFSC Paraclimbing World Cup Innsbruck 2023,LEAD Men AL2,finished,2025-10-02 07:18:39 UTC,2024-01-17 07:39:32 UTC,,7985,lead,Qualification,Men AL2,finished,2023-06-12 11:06:21 UTC,/api/v1/category_rounds/7985/results,lead_one_group_two_routes,IFSC: 2 routes,49,,,,,,,10541,E,/api/v1/routes/10541/startlist,/api/v1/routes/10541/results
/api/v1/events/1337/result/561,1337,full_results_url,IFSC Paraclimbing World Cup Innsbruck 2023,LEAD Men AL2,finished,2025-10-02 07:18:39 UTC,2024-01-17 07:39:32 UTC,,7985,lead,Qualification,Men AL2,finished,2023-06-12 11:06:21 UTC,/api/v1/category_rounds/7985/results,lead_one_group_two_routes,IFSC: 2 routes,49,,,,,,,10542,F,/api/v1/routes/10542/startlist,/api/v1/routes/10542/results
/api/v1/events/1337/result/561,1337,full_results_url,IFSC Paraclimbing World Cup Innsbruck 2023,LEAD Men AL2,finished,2025-10-02 07:18:39 UTC,2024-01-17 07:39:32 UTC,,8238,lead,Final,Men AL2,finished,2023-06-13 18:35:24 UTC,/api/v1/category_rounds/8238/results,lead_one_group_one_route,IFSC: 1 route,51,,,,,,,10513,1,/api/v1/routes/10513/startlist,/api/v1/routes/10513/results
/api/v1/events/1337/result/565,1337,full_results_url,IFSC Paraclimbing World Cup Innsbruck 2023,LEAD Women AL2,finished,2025-10-02 07:18:39 UTC,2024-01-17 07:39:33 UTC,,7986,lead,Qualification,Women AL2,finished,2023-06-12 14:15:59 UTC,/api/v1/category_rounds/7986/results,lead_one_group_two_routes,IFSC: 2 routes,49,,,,,,,10543,B,/api/v1/routes/10543/startlist,/api/v1/routes/10543/results
/api/v1/events/1337/result/565,1337,full_results_url,IFSC Paraclimbing World Cup Innsbruck 2023,LEAD Women AL2,finished,2025-10-02 07:18:39 UTC,2024-01-17 07:39:33 UTC,,7986,lead,Qualification,Women AL2,finished,2023-06-12 14:15:59 UTC,/api/v1/category_rounds/7986/results,lead_one_group_two_routes,IFSC: 2 routes,49,,,,,,,10544,E,/api/v1/routes/10544/startlist,/api/v1/routes/10544/results
/api/v1/events/1337/result/565,1337,full_results_url,IFSC Paraclimbing World Cup Innsbruck 2023,LEAD Women AL2,finished,2025-10-02 07:18:39 UTC,2024-01-17 07:39:33 UTC,,8239,lead,Final,Women AL2,finished,2023-06-13 18:19:36 UTC,/api/v1/category_rounds/8239/results,lead_one_group_one_route,IFSC: 1 route,51,,,,,,,10514,1,/api/v1/routes/10514/startlist,/api/v1/routes/10514/results
/api/v1/events/1337/result/577,1337,full_results_url,IFSC Paraclimbing World Cup Innsbruck 2023,LEAD Men AU2,finished,2025-10-02 07:18:39 UTC,2024-01-17 07:39:33 UTC,,7989,lead,Qualification,Men AU2,finished,2023-06-12 14:20:53 UTC,/api/v1/category_rounds/7989/results,lead_one_group_two_routes,IFSC: 2 routes,49,,,,,,,10545,D,/api/v1/routes/10545/startlist,/api/v1/routes/10545/results
/api/v1/events/1337/result/577,1337,full_results_url,IFSC Paraclimbing World Cup Innsbruck 2023,LEAD Men AU2,finished,2025-10-02 07:18:39 UTC,2024-01-17 07:39:33 UTC,,7989,lead,Qualification,Men AU2,finished,2023-06-12 14:20:53 UTC,/api/v1/category_rounds/7989/results,lead_one_group_two_routes,IFSC: 2 routes,49,,,,,,,10546,E,/api/v1/routes/10546/startlist,/api/v1/routes/10546/results
/api/v1/events/1337/result/577,1337,full_results_url,IFSC Paraclimbing World Cup Innsbruck 2023,LEAD Men AU2,finished,2025-10-02 07:18:39 UTC,2024-01-17 07:39:33 UTC,,8240,lead,Final,Men AU2,finished,2023-06-13 17:00:30 UTC,/api/v1/category_rounds/8240/results,lead_one_group_one_route,IFSC: 1 route,51,,,,,,,10515,1,/api/v1/routes/10515/startlist,/api/v1/routes/10515/results
/api/v1/events/1337/result/581,1337,full_results_url,IFSC Paraclimbing World Cup Innsbruck 2023,LEAD Women AU2,finished,2025-10-02 07:18:39 UTC,2024-01-17 07:39:35 UTC,,7990,lead,Qualification,Women AU2,finished,2023-06-12 10:45:16 UTC,/api/v1/category_rounds/7990/results,lead_one_group_two_routes,IFSC: 2 routes,49,,,,,,,10547,C,/api/v1/routes/10547/startlist,/api/v1/routes/10547/results
/api/v1/events/1337/result/581,1337,full_results_url,IFSC Paraclimbing World Cup Innsbruck 2023,LEAD Women AU2,finished,2025-10-02 07:18:39 UTC,2024-01-17 07:39:35 UTC,,7990,lead,Qualification,Women AU2,finished,2023-06-12 10:45:16 UTC,/api/v1/category_rounds/7990/results,lead_one_group_two_routes,IFSC: 2 routes,49,,,,,,,10548,D,/api/v1/routes/10548/startlist,/api/v1/routes/10548/results
/api/v1/events/1337/result/581,1337,full_results_url,IFSC Paraclimbing World Cup Innsbruck 2023,LEAD Women AU2,finished,2025-10-02 07:18:39 UTC,2024-01-17 07:39:35 UTC,,8241,lead,Final,Women AU2,finished,2023-06-13 18:35:57 UTC,/api/v1/category_rounds/8241/results,lead_one_group_one_route,IFSC: 1 route,51,,,,,,,10516,1,/api/v1/routes/10516/startlist,/api/v1/routes/10516/results
/api/v1/events/1337/result/585,1337,full_results_url,IFSC Paraclimbing World Cup Innsbruck 2023,LEAD Men RP1,finished,2025-10-02 07:18:39 UTC,2024-01-16 17:38:03 UTC,,7991,lead,Qualification,Men RP1,finished,2023-06-12 14:09:44 UTC,/api/v1/category_rounds/7991/results,lead_one_group_two_routes,IFSC: 2 routes,49,,,,,,,10549,A,/api/v1/routes/10549/startlist,/api/v1/routes/10549/results
/api/v1/events/1337/result/585,1337,full_results_url,IFSC Paraclimbing World Cup Innsbruck 2023,LEAD Men RP1,finished,2025-10-02 07:18:39 UTC,2024-01-16 17:38:03 UTC,,7991,lead,Qualification,Men RP1,finished,2023-06-12 14:09:44 UTC,/api/v1/category_rounds/7991/results,lead_one_group_two_routes,IFSC: 2 routes,49,,,,,,,10550,B,/api/v1/routes/10550/startlist,/api/v1/routes/10550/results
/api/v1/events/1337/result/585,1337,full_results_url,IFSC Paraclimbing World Cup Innsbruck 2023,LEAD Men RP1,finished,2025-10-02 07:18:39 UTC,2024-01-16 17:38:03 UTC,,8242,lead,Final,Men RP1,finished,2023-06-13 16:40:22 UTC,/api/v1/category_rounds/8242/results,lead_one_group_one_route,IFSC: 1 route,51,,,,,,,10517,1,/api/v1/routes/10517/startlist,/api/v1/routes/10517/results
/api/v1/events/1337/result/589,1337,full_results_url,IFSC Paraclimbing World Cup Innsbruck 2023,LEAD Men RP2,finished,2025-10-02 07:18:39 UTC,2024-01-17 07:39:36 UTC,,7992,lead,Qualification,Men RP2,finished,2023-06-12 14:00:18 UTC,/api/v1/category_rounds/7992/results,lead_one_group_two_routes,IFSC: 2 routes,49,,,,,,,10551,E,/api/v1/routes/10551/startlist,/api/v1/routes/10551/results
/api/v1/events/1337/result/589,1337,full_results_url,IFSC Paraclimbing World Cup Innsbruck 2023,LEAD Men RP2,finished,2025-10-02 07:18:39 UTC,2024-01-17 07:39:36 UTC,,7992,lead,Qualification,Men RP2,finished,2023-06-12 14:00:18 UTC,/api/v1/category_rounds/7992/results,lead_one_group_two_routes,IFSC: 2 routes,49,,,,,,,10552,D,/api/v1/routes/10552/startlist,/api/v1/routes/10552/results
/api/v1/events/1337/result/589,1337,full_results_url,IFSC Paraclimbing World Cup Innsbruck 2023,LEAD Men RP2,finished,2025-10-02 07:18:39 UTC,2024-01-17 07:39:36 UTC,,8243,lead,Final,Men RP2,finished,2023-06-13 16:41:37 UTC,/api/v1/category_rounds/8243/results,lead_one_group_one_route,IFSC: 1 route,51,,,,,,,10518,1,/api/v1/routes/10518/startlist,/api/v1/routes/10518/results
/api/v1/events/1337/result/593,1337,full_results_url,IFSC Paraclimbing World Cup Innsbruck 2023,LEAD Men RP3,finished,2025-10-02 07:18:39 UTC,2024-01-17 07:39:38 UTC,,7993,lead,Qualification,Men RP3,finished,2023-06-12 14:10:46 UTC,/api/v1/category_rounds/7993/results,lead_one_group_two_routes,IFSC: 2 routes,49,,,,,,,10553,F,/api/v1/routes/10553/startlist,/api/v1/routes/10553/results
/api/v1/events/1337/result/593,1337,full_results_url,IFSC Paraclimbing World Cup Innsbruck 2023,LEAD Men RP3,finished,2025-10-02 07:18:39 UTC,2024-01-17 07:39:38 UTC,,7993,lead,Qualification,Men RP3,finished,2023-06-12 14:10:46 UTC,/api/v1/category_rounds/7993/results,lead_one_group_two_routes,IFSC: 2 routes,49,,,,,,,10554,E,/api/v1/routes/10554/startlist,/api/v1/routes/10554/results
/api/v1/events/1337/result/593,1337,full_results_url,IFSC Paraclimbing World Cup Innsbruck 2023,LEAD Men RP3,finished,2025-10-02 07:18:39 UTC,2024-01-17 07:39:38 UTC,,8244,lead,Final,Men RP3,finished,2023-06-13 18:03:06 UTC,/api/v1/category_rounds/8244/results,lead_one_group_one_route,IFSC: 1 route,51,,,,,,,10519,1,/api/v1/routes/10519/startlist,/api/v1/routes/10519/results
/api/v1/events/1337/result/597,1337,full_results_url,IFSC Paraclimbing World Cup Innsbruck 2023,LEAD Women RP1,finished,2025-10-02 07:18:39 UTC,2024-01-17 07:39:39 UTC,,7994,lead,Qualification,Women RP1,finished,2023-06-12 14:01:34 UTC,/api/v1/category_rounds/7994/results,lead_one_group_two_routes,IFSC: 2 routes,49,,,,,,,10555,A,/api/v1/routes/10555/startlist,/api/v1/routes/10555/results
/api/v1/events/1337/result/597,1337,full_results_url,IFSC Paraclimbing World Cup Innsbruck 2023,LEAD Women RP1,finished,2025-10-02 07:18:39 UTC,2024-01-17 07:39:39 UTC,,7994,lead,Qualification,Women RP1,finished,2023-06-12 14:01:34 UTC,/api/v1/category_rounds/7994/results,lead_one_group_two_routes,IFSC: 2 routes,49,,,,,,,10556,B,/api/v1/routes/10556/startlist,/api/v1/routes/10556/results
/api/v1/events/1337/result/597,1337,full_results_url,IFSC Paraclimbing World Cup Innsbruck 2023,LEAD Women RP1,finished,2025-10-02 07:18:39 UTC,2024-01-17 07:39:39 UTC,,8245,lead,Final,Women RP1,finished,2023-06-13 17:01:17 UTC,/api/v1/category_rounds/8245/results,lead_one_group_one_route,IFSC: 1 route,51,,,,,,,10520,1,/api/v1/routes/10520/startlist,/api/v1/routes/10520/results
/api/v1/events/1337/result/601,1337,full_results_url,IFSC Paraclimbing World Cup Innsbruck 2023,LEAD Women RP2,finished,2025-10-02 07:18:39 UTC,2024-01-17 07:39:40 UTC,,7995,lead,Qualification,Women RP2,finished,2023-06-13 12:27:54 UTC,/api/v1/category_rounds/7995/results,lead_one_group_two_routes,IFSC: 2 routes,49,,,,,,,10557,B,/api/v1/routes/10557/startlist,/api/v1/routes/10557/results
/api/v1/events/1337/result/601,1337,full_results_url,IFSC Paraclimbing World Cup Innsbruck 2023,LEAD Women RP2,finished,2025-10-02 07:18:39 UTC,2024-01-17 07:39:40 UTC,,7995,lead,Qualification,Women RP2,finished,2023-06-13 12:27:54 UTC,/api/v1/category_rounds/7995/results,lead_one_group_two_routes,IFSC: 2 routes,49,,,,,,,10558,A,/api/v1/routes/10558/startlist,/api/v1/routes/10558/results
/api/v1/events/1337/result/601,1337,full_results_url,IFSC Paraclimbing World Cup Innsbruck 2023,LEAD Women RP2,finished,2025-10-02 07:18:39 UTC,2024-01-17 07:39:40 UTC,,8246,lead,Final,Women RP2,finished,2023-06-13 17:13:10 UTC,/api/v1/category_rounds/8246/results,lead_one_group_one_route,IFSC: 1 route,51,,,,,,,10521,1,/api/v1/routes/10521/startlist,/api/v1/routes/10521/results
/api/v1/events/1337/result/605,1337,full_results_url,IFSC Paraclimbing World Cup Innsbruck 2023,LEAD Women RP3,finished,2025-10-02 07:18:39 UTC,2024-01-17 07:39:40 UTC,,7996,lead,Qualification,Women RP3,finished,2023-06-12 14:11:25 UTC,/api/v1/category_rounds/7996/results,lead_one_group_two_routes,IFSC: 2 routes,49,,,,,,,10559,C,/api/v1/routes/10559/startlist,/api/v1/routes/10559/results
/api/v1/events/1337/result/605,1337,full_results_url,IFSC Paraclimbing World Cup Innsbruck 2023,LEAD Women RP3,finished,2025-10-02 07:18:39 UTC,2024-01-17 07:39:40 UTC,,7996,lead,Qualification,Women RP3,finished,2023-06-12 14:11:25 UTC,/api/v1/category_rounds/7996/results,lead_one_group_two_routes,IFSC: 2 routes,49,,,,,,,10560,D,/api/v1/routes/10560/startlist,/api/v1/routes/10560/results
/api/v1/events/1337/result/605,1337,full_results_url,IFSC Paraclimbing World Cup Innsbruck 2023,LEAD Women RP3,finished,2025-10-02 07:18:39 UTC,2024-01-17 07:39:40 UTC,,8247,lead,Final,Women RP3,finished,2023-06-13 18:04:02 UTC,/api/v1/category_rounds/8247/results,lead_one_group_one_route,IFSC: 1 route,51,,,,,,,10522,1,/api/v1/routes/10522/startlist,/api/v1/routes/10522/results
/api/v1/events/1337/result/753,1337,full_results_url,IFSC Paraclimbing World Cup Innsbruck 2023,LEAD Men AU3,finished,2025-10-02 07:18:40 UTC,2024-01-17 07:39:41 UTC,,8070,lead,Qualification,Men AU3,finished,2023-06-12 10:41:00 UTC,/api/v1/category_rounds/8070/results,lead_one_group_two_routes,IFSC: 2 routes,49,,,,,,,10561,E,/api/v1/routes/10561/startlist,/api/v1/routes/10561/results
/api/v1/events/1337/result/753,1337,full_results_url,IFSC Paraclimbing World Cup Innsbruck 2023,LEAD Men AU3,finished,2025-10-02 07:18:40 UTC,2024-01-17 07:39:41 UTC,,8070,lead,Qualification,Men AU3,finished,2023-06-12 10:41:00 UTC,/api/v1/category_rounds/8070/results,lead_one_group_two_routes,IFSC: 2 routes,49,,,,,,,10562,F,/api/v1/routes/10562/startlist,/api/v1/routes/10562/results
/api/v1/events/1337/result/753,1337,full_results_url,IFSC Paraclimbing World Cup Innsbruck 2023,LEAD Men AU3,finished,2025-10-02 07:18:40 UTC,2024-01-17 07:39:41 UTC,,8248,lead,Final,Men AU3,finished,2023-06-13 17:21:06 UTC,/api/v1/category_rounds/8248/results,lead_one_group_one_route,IFSC: 1 route,51,,,,,,,10523,1,/api/v1/routes/10523/startlist,/api/v1/routes/10523/results
/api/v1/events/1337/result/758,1337,full_results_url,IFSC Paraclimbing World Cup Innsbruck 2023,LEAD Women AU3,finished,2025-10-02 07:18:40 UTC,2024-01-17 07:39:42 UTC,,8071,lead,Qualification,Women AU3,finished,2023-06-12 14:02:03 UTC,/api/v1/category_rounds/8071/results,lead_one_group_two_routes,IFSC: 2 routes,49,,,,,,,10563,C,/api/v1/routes/10563/startlist,/api/v1/routes/10563/results
/api/v1/events/1337/result/758,1337,full_results_url,IFSC Paraclimbing World Cup Innsbruck 2023,LEAD Women AU3,finished,2025-10-02 07:18:40 UTC,2024-01-17 07:39:42 UTC,,8071,lead,Qualification,Women AU3,finished,2023-06-12 14:02:03 UTC,/api/v1/category_rounds/8071/results,lead_one_group_two_routes,IFSC: 2 routes,49,,,,,,,10564,D,/api/v1/routes/10564/startlist,/api/v1/routes/10564/results
/api/v1/events/1337/result/758,1337,full_results_url,IFSC Paraclimbing World Cup Innsbruck 2023,LEAD Women AU3,finished,2025-10-02 07:18:40 UTC,2024-01-17 07:39:42 UTC,,8249,lead,Final,Women AU3,finished,2023-06-13 18:44:58 UTC,/api/v1/category_rounds/8249/results,lead_one_group_one_route,IFSC: 1 route,51,,,,,,,10524,1,/api/v1/routes/10524/startlist,/api/v1/routes/10524/results
/api/v1/events/1325/result/226,1325,full_results_url,IFSC European Cup Innsbruck 2023,SPEED Men,finished,2025-10-02 07:18:39 UTC,2026-04-22 08:44:12 UTC,,7883,speed,Qualification,Men,finished,2023-06-12 17:59:45 UTC,/api/v1/category_rounds/7883/results,speed_staggered,IFSC: Qualification,16,,,,,,,9358,A,/api/v1/routes/9358/startlist,
/api/v1/events/1325/result/226,1325,full_results_url,IFSC European Cup Innsbruck 2023,SPEED Men,finished,2025-10-02 07:18:39 UTC,2026-04-22 08:44:12 UTC,,7883,speed,Qualification,Men,finished,2023-06-12 17:59:45 UTC,/api/v1/category_rounds/7883/results,speed_staggered,IFSC: Qualification,16,,,,,,,9359,B,/api/v1/routes/9359/startlist,
/api/v1/events/1325/result/226,1325,full_results_url,IFSC European Cup Innsbruck 2023,SPEED Men,finished,2025-10-02 07:18:39 UTC,2026-04-22 08:44:12 UTC,,8092,speed,Final,Men,finished,2024-01-16 15:43:51 UTC,/api/v1/category_rounds/8092/results,speed_elimination_ifsc_2023,IFSC 2023+: Elimination,18,,,,,,,9795,A,/api/v1/routes/9795/startlist,
/api/v1/events/1325/result/226,1325,full_results_url,IFSC European Cup Innsbruck 2023,SPEED Men,finished,2025-10-02 07:18:39 UTC,2026-04-22 08:44:12 UTC,,8092,speed,Final,Men,finished,2024-01-16 15:43:51 UTC,/api/v1/category_rounds/8092/results,speed_elimination_ifsc_2023,IFSC 2023+: Elimination,18,,,,,,,9796,B,/api/v1/routes/9796/startlist,
/api/v1/events/1325/result/230,1325,full_results_url,IFSC European Cup Innsbruck 2023,SPEED Women,finished,2025-10-02 07:18:39 UTC,2026-04-22 08:44:15 UTC,,7884,speed,Qualification,Women,finished,2023-06-12 17:17:10 UTC,/api/v1/category_rounds/7884/results,speed_staggered,IFSC: Qualification,16,,,,,,,9360,A,/api/v1/routes/9360/startlist,
/api/v1/events/1325/result/230,1325,full_results_url,IFSC European Cup Innsbruck 2023,SPEED Women,finished,2025-10-02 07:18:39 UTC,2026-04-22 08:44:15 UTC,,7884,speed,Qualification,Women,finished,2023-06-12 17:17:10 UTC,/api/v1/category_rounds/7884/results,speed_staggered,IFSC: Qualification,16,,,,,,,9361,B,/api/v1/routes/9361/startlist,
/api/v1/events/1325/result/230,1325,full_results_url,IFSC European Cup Innsbruck 2023,SPEED Women,finished,2025-10-02 07:18:39 UTC,2026-04-22 08:44:15 UTC,,8093,speed,Final,Women,finished,2024-01-16 15:43:52 UTC,/api/v1/category_rounds/8093/results,speed_elimination_ifsc_2023,IFSC 2023+: Elimination,18,,,,,,,9797,A,/api/v1/routes/9797/startlist,
/api/v1/events/1325/result/230,1325,full_results_url,IFSC European Cup Innsbruck 2023,SPEED Women,finished,2025-10-02 07:18:39 UTC,2026-04-22 08:44:15 UTC,,8093,speed,Final,Women,finished,2024-01-16 15:43:52 UTC,/api/v1/category_rounds/8093/results,speed_elimination_ifsc_2023,IFSC 2023+: Elimination,18,,,,,,,9798,B,/api/v1/routes/9798/startlist,
/api/v1/events/1297/result/3,1297,full_results_url,IFSC World Cup Innsbruck 2023,BOULDER Men,finished,2025-10-02 07:18:38 UTC,2026-04-22 08:44:19 UTC,,8250,boulder,Semi-final,Men,finished,2023-06-16 15:02:49 UTC,/api/v1/category_rounds/8250/results,boulder_one_group_one_boulder_set,IFSC: 1 group,2,,,,,,,10565,1,/api/v1/routes/10565/startlist,
/api/v1/events/1297/result/3,1297,full_results_url,IFSC World Cup Innsbruck 2023,BOULDER Men,finished,2025-10-02 07:18:38 UTC,2026-04-22 08:44:19 UTC,,8250,boulder,Semi-final,Men,finished,2023-06-16 15:02:49 UTC,/api/v1/category_rounds/8250/results,boulder_one_group_one_boulder_set,IFSC: 1 group,2,,,,,,,10566,2,/api/v1/routes/10566/startlist,
/api/v1/events/1297/result/3,1297,full_results_url,IFSC World Cup Innsbruck 2023,BOULDER Men,finished,2025-10-02 07:18:38 UTC,2026-04-22 08:44:19 UTC,,8250,boulder,Semi-final,Men,finished,2023-06-16 15:02:49 UTC,/api/v1/category_rounds/8250/results,boulder_one_group_one_boulder_set,IFSC: 1 group,2,,,,,,,10567,3,/api/v1/routes/10567/startlist,
/api/v1/events/1297/result/3,1297,full_results_url,IFSC World Cup Innsbruck 2023,BOULDER Men,finished,2025-10-02 07:18:38 UTC,2026-04-22 08:44:19 UTC,,8250,boulder,Semi-final,Men,finished,2023-06-16 15:02:49 UTC,/api/v1/category_rounds/8250/results,boulder_one_group_one_boulder_set,IFSC: 1 group,2,,,,,,,10568,4,/api/v1/routes/10568/startlist,
/api/v1/events/1297/result/3,1297,full_results_url,IFSC World Cup Innsbruck 2023,BOULDER Men,finished,2025-10-02 07:18:38 UTC,2026-04-22 08:44:19 UTC,,8252,boulder,Final,Men,finished,2023-06-16 19:27:54 UTC,/api/v1/category_rounds/8252/results,boulder_finals_one_by_one,IFSC: Finals,3,,,,,,,10573,1,/api/v1/routes/10573/startlist,
/api/v1/events/1297/result/3,1297,full_results_url,IFSC World Cup Innsbruck 2023,BOULDER Men,finished,2025-10-02 07:18:38 UTC,2026-04-22 08:44:19 UTC,,8252,boulder,Final,Men,finished,2023-06-16 19:27:54 UTC,/api/v1/category_rounds/8252/results,boulder_finals_one_by_one,IFSC: Finals,3,,,,,,,10574,2,/api/v1/routes/10574/startlist,
/api/v1/events/1297/result/3,1297,full_results_url,IFSC World Cup Innsbruck 2023,BOULDER Men,finished,2025-10-02 07:18:38 UTC,2026-04-22 08:44:19 UTC,,8252,boulder,Final,Men,finished,2023-06-16 19:27:54 UTC,/api/v1/category_rounds/8252/results,boulder_finals_one_by_one,IFSC: Finals,3,,,,,,,10575,3,/api/v1/routes/10575/startlist,
/api/v1/events/1297/result/3,1297,full_results_url,IFSC World Cup Innsbruck 2023,BOULDER Men,finished,2025-10-02 07:18:38 UTC,2026-04-22 08:44:19 UTC,,8252,boulder,Final,Men,finished,2023-06-16 19:27:54 UTC,/api/v1/category_rounds/8252/results,boulder_finals_one_by_one,IFSC: Finals,3,,,,,,,10576,4,/api/v1/routes/10576/startlist,
/api/v1/events/1297/result/7,1297,full_results_url,IFSC World Cup Innsbruck 2023,BOULDER Women,finished,2025-10-02 07:18:38 UTC,2026-04-22 08:44:23 UTC,,8251,boulder,Semi-final,Women,finished,2023-06-14 19:51:46 UTC,/api/v1/category_rounds/8251/results,boulder_one_group_one_boulder_set,IFSC: 1 group,2,,,,,,,10569,1,/api/v1/routes/10569/startlist,
/api/v1/events/1297/result/7,1297,full_results_url,IFSC World Cup Innsbruck 2023,BOULDER Women,finished,2025-10-02 07:18:38 UTC,2026-04-22 08:44:23 UTC,,8251,boulder,Semi-final,Women,finished,2023-06-14 19:51:46 UTC,/api/v1/category_rounds/8251/results,boulder_one_group_one_boulder_set,IFSC: 1 group,2,,,,,,,10570,2,/api/v1/routes/10570/startlist,
/api/v1/events/1297/result/7,1297,full_results_url,IFSC World Cup Innsbruck 2023,BOULDER Women,finished,2025-10-02 07:18:38 UTC,2026-04-22 08:44:23 UTC,,8251,boulder,Semi-final,Women,finished,2023-06-14 19:51:46 UTC,/api/v1/category_rounds/8251/results,boulder_one_group_one_boulder_set,IFSC: 1 group,2,,,,,,,10571,3,/api/v1/routes/10571/startlist,
/api/v1/events/1297/result/7,1297,full_results_url,IFSC World Cup Innsbruck 2023,BOULDER Women,finished,2025-10-02 07:18:38 UTC,2026-04-22 08:44:23 UTC,,8251,boulder,Semi-final,Women,finished,2023-06-14 19:51:46 UTC,/api/v1/category_rounds/8251/results,boulder_one_group_one_boulder_set,IFSC: 1 group,2,,,,,,,10572,4,/api/v1/routes/10572/startlist,
/api/v1/events/1297/result/7,1297,full_results_url,IFSC World Cup Innsbruck 2023,BOULDER Women,finished,2025-10-02 07:18:38 UTC,2026-04-22 08:44:23 UTC,,8253,boulder,Final,Women,finished,2023-06-15 19:22:51 UTC,/api/v1/category_rounds/8253/results,boulder_finals_one_by_one,IFSC: Finals,3,,,,,,,10577,1,/api/v1/routes/10577/startlist,
/api/v1/events/1297/result/7,1297,full_results_url,IFSC World Cup Innsbruck 2023,BOULDER Women,finished,2025-10-02 07:18:38 UTC,2026-04-22 08:44:23 UTC,,8253,boulder,Final,Women,finished,2023-06-15 19:22:51 UTC,/api/v1/category_rounds/8253/results,boulder_finals_one_by_one,IFSC: Finals,3,,,,,,,10578,2,/api/v1/routes/10578/startlist,
/api/v1/events/1297/result/7,1297,full_results_url,IFSC World Cup Innsbruck 2023,BOULDER Women,finished,2025-10-02 07:18:38 UTC,2026-04-22 08:44:23 UTC,,8253,boulder,Final,Women,finished,2023-06-15 19:22:51 UTC,/api/v1/category_rounds/8253/results,boulder_finals_one_by_one,IFSC: Finals,3,,,,,,,10579,3,/api/v1/routes/10579/startlist,
/api/v1/events/1297/result/7,1297,full_results_url,IFSC World Cup Innsbruck 2023,BOULDER Women,finished,2025-10-02 07:18:38 UTC,2026-04-22 08:44:23 UTC,,8253,boulder,Final,Women,finished,2023-06-15 19:22:51 UTC,/api/v1/category_rounds/8253/results,boulder_finals_one_by_one,IFSC: Finals,3,,,,,,,10580,4,/api/v1/routes/10580/startlist,
/api/v1/events/1297/result/1,1297,full_results_url,IFSC World Cup Innsbruck 2023,LEAD Men,finished,2025-10-02 07:18:38 UTC,2026-04-22 08:44:27 UTC,,7687,lead,Qualification,Men,finished,2023-06-17 14:51:12 UTC,/api/v1/category_rounds/7687/results,lead_one_group_two_routes,IFSC: 2 routes,1,,,,,,,8622,1,/api/v1/routes/8622/startlist,/api/v1/routes/8622/results
/api/v1/events/1297/result/1,1297,full_results_url,IFSC World Cup Innsbruck 2023,LEAD Men,finished,2025-10-02 07:18:38 UTC,2026-04-22 08:44:27 UTC,,7687,lead,Qualification,Men,finished,2023-06-17 14:51:12 UTC,/api/v1/category_rounds/7687/results,lead_one_group_two_routes,IFSC: 2 routes,1,,,,,,,8623,2,/api/v1/routes/8623/startlist,/api/v1/routes/8623/results
/api/v1/events/1297/result/1,1297,full_results_url,IFSC World Cup Innsbruck 2023,LEAD Men,finished,2025-10-02 07:18:38 UTC,2026-04-22 08:44:27 UTC,,8124,lead,Semi-final,Men,finished,2023-06-17 20:19:18 UTC,/api/v1/category_rounds/8124/results,lead_one_group_one_route,IFSC: 1 route,2,,,,,,,9907,1,/api/v1/routes/9907/startlist,/api/v1/routes/9907/results
/api/v1/events/1297/result/1,1297,full_results_url,IFSC World Cup Innsbruck 2023,LEAD Men,finished,2025-10-02 07:18:38 UTC,2026-04-22 08:44:27 UTC,,8264,lead,Final,Men,finished,2023-06-18 19:44:25 UTC,/api/v1/category_rounds/8264/results,lead_one_group_one_route,IFSC: 1 route,3,,,,,,,10591,1,/api/v1/routes/10591/startlist,/api/v1/routes/10591/results
/api/v1/events/1297/result/5,1297,full_results_url,IFSC World Cup Innsbruck 2023,LEAD Women,finished,2025-10-02 07:18:38 UTC,2026-04-22 08:44:31 UTC,,7688,lead,Qualification,Women,finished,2023-06-17 13:59:26 UTC,/api/v1/category_rounds/7688/results,lead_one_group_two_routes,IFSC: 2 routes,1,,,,,,,8624,1,/api/v1/routes/8624/startlist,/api/v1/routes/8624/results
/api/v1/events/1297/result/5,1297,full_results_url,IFSC World Cup Innsbruck 2023,LEAD Women,finished,2025-10-02 07:18:38 UTC,2026-04-22 08:44:31 UTC,,7688,lead,Qualification,Women,finished,2023-06-17 13:59:26 UTC,/api/v1/category_rounds/7688/results,lead_one_group_two_routes,IFSC: 2 routes,1,,,,,,,8625,2,/api/v1/routes/8625/startlist,/api/v1/routes/8625/results
/api/v1/events/1297/result/5,1297,full_results_url,IFSC World Cup Innsbruck 2023,LEAD Women,finished,2025-10-02 07:18:38 UTC,2026-04-22 08:44:31 UTC,,8125,lead,Semi-final,Women,finished,2023-06-17 20:01:13 UTC,/api/v1/category_rounds/8125/results,lead_one_group_one_route,IFSC: 1 route,2,,,,,,,9908,1,/api/v1/routes/9908/startlist,/api/v1/routes/9908/results
/api/v1/events/1297/result/5,1297,full_results_url,IFSC World Cup Innsbruck 2023,LEAD Women,finished,2025-10-02 07:18:38 UTC,2026-04-22 08:44:31 UTC,,8265,lead,Final,Women,finished,2023-06-18 18:25:57 UTC,/api/v1/category_rounds/8265/results,lead_one_group_one_route,IFSC: 1 route,3,,,,,,,10592,1,/api/v1/routes/10592/startlist,/api/v1/routes/10592/results
/api/v1/events/1326/result/233,1326,full_results_url,IFSC Europe - Continental Youth Cup (L) - Niederwangen (SUI) 2023,LEAD Juniors Male,finished,2025-10-02 07:18:39 UTC,2026-04-22 08:44:35 UTC,,7885,lead,Qualification,Juniors Male,finished,2023-06-17 09:31:33 UTC,/api/v1/category_rounds/7885/results,lead_one_group_two_routes,IFSC: 2 routes,19,,,,,,,9362,1,/api/v1/routes/9362/startlist,/api/v1/routes/9362/results
/api/v1/events/1326/result/233,1326,full_results_url,IFSC Europe - Continental Youth Cup (L) - Niederwangen (SUI) 2023,LEAD Juniors Male,finished,2025-10-02 07:18:39 UTC,2026-04-22 08:44:35 UTC,,7885,lead,Qualification,Juniors Male,finished,2023-06-17 09:31:33 UTC,/api/v1/category_rounds/7885/results,lead_one_group_two_routes,IFSC: 2 routes,19,,,,,,,9363,2,/api/v1/routes/9363/startlist,/api/v1/routes/9363/results
/api/v1/events/1326/result/233,1326,full_results_url,IFSC Europe - Continental Youth Cup (L) - Niederwangen (SUI) 2023,LEAD Juniors Male,finished,2025-10-02 07:18:39 UTC,2026-04-22 08:44:35 UTC,,8254,lead,Final,Juniors Male,finished,2023-06-18 11:52:16 UTC,/api/v1/category_rounds/8254/results,lead_one_group_one_route,IFSC: 1 route,21,,,,,,,10581,1,/api/v1/routes/10581/startlist,/api/v1/routes/10581/results
/api/v1/events/1326/result/237,1326,full_results_url,IFSC Europe - Continental Youth Cup (L) - Niederwangen (SUI) 2023,LEAD Youth A Male,finished,2025-10-02 07:18:39 UTC,2026-04-22 08:44:38 UTC,,7886,lead,Qualification,Youth A Male,finished,2023-06-17 15:03:18 UTC,/api/v1/category_rounds/7886/results,lead_one_group_two_routes,IFSC: 2 routes,19,,,,,,,9364,1,/api/v1/routes/9364/startlist,/api/v1/routes/9364/results
/api/v1/events/1326/result/237,1326,full_results_url,IFSC Europe - Continental Youth Cup (L) - Niederwangen (SUI) 2023,LEAD Youth A Male,finished,2025-10-02 07:18:39 UTC,2026-04-22 08:44:38 UTC,,7886,lead,Qualification,Youth A Male,finished,2023-06-17 15:03:18 UTC,/api/v1/category_rounds/7886/results,lead_one_group_two_routes,IFSC: 2 routes,19,,,,,,,9365,2,/api/v1/routes/9365/startlist,/api/v1/routes/9365/results
/api/v1/events/1326/result/237,1326,full_results_url,IFSC Europe - Continental Youth Cup (L) - Niederwangen (SUI) 2023,LEAD Youth A Male,finished,2025-10-02 07:18:39 UTC,2026-04-22 08:44:38 UTC,,8255,lead,Final,Youth A Male,finished,2023-06-18 10:26:10 UTC,/api/v1/category_rounds/8255/results,lead_one_group_one_route,IFSC: 1 route,21,,,,,,,10582,1,/api/v1/routes/10582/startlist,/api/v1/routes/10582/results
/api/v1/events/1326/result/241,1326,full_results_url,IFSC Europe - Continental Youth Cup (L) - Niederwangen (SUI) 2023,LEAD Youth B Male,finished,2025-10-02 07:18:39 UTC,2026-04-22 08:44:41 UTC,,7887,lead,Qualification,Youth B Male,finished,2023-06-17 09:33:54 UTC,/api/v1/category_rounds/7887/results,lead_one_group_two_routes,IFSC: 2 routes,19,,,,,,,9366,1,/api/v1/routes/9366/startlist,/api/v1/routes/9366/results
/api/v1/events/1326/result/241,1326,full_results_url,IFSC Europe - Continental Youth Cup (L) - Niederwangen (SUI) 2023,LEAD Youth B Male,finished,2025-10-02 07:18:39 UTC,2026-04-22 08:44:41 UTC,,7887,lead,Qualification,Youth B Male,finished,2023-06-17 09:33:54 UTC,/api/v1/category_rounds/7887/results,lead_one_group_two_routes,IFSC: 2 routes,19,,,,,,,9367,2,/api/v1/routes/9367/startlist,/api/v1/routes/9367/results
/api/v1/events/1326/result/241,1326,full_results_url,IFSC Europe - Continental Youth Cup (L) - Niederwangen (SUI) 2023,LEAD Youth B Male,finished,2025-10-02 07:18:39 UTC,2026-04-22 08:44:41 UTC,,8256,lead,Final,Youth B Male,finished,2023-06-18 09:10:13 UTC,/api/v1/category_rounds/8256/results,lead_one_group_one_route,IFSC: 1 route,21,,,,,,,10583,1,/api/v1/routes/10583/startlist,/api/v1/routes/10583/results
/api/v1/events/1326/result/249,1326,full_results_url,IFSC Europe - Continental Youth Cup (L) - Niederwangen (SUI) 2023,LEAD Juniors Female,finished,2025-10-02 07:18:39 UTC,2026-04-22 08:44:45 UTC,,7888,lead,Qualification,Juniors Female,finished,2023-06-17 15:02:31 UTC,/api/v1/category_rounds/7888/results,lead_one_group_two_routes,IFSC: 2 routes,19,,,,,,,9368,1,/api/v1/routes/9368/startlist,/api/v1/routes/9368/results
/api/v1/events/1326/result/249,1326,full_results_url,IFSC Europe - Continental Youth Cup (L) - Niederwangen (SUI) 2023,LEAD Juniors Female,finished,2025-10-02 07:18:39 UTC,2026-04-22 08:44:45 UTC,,7888,lead,Qualification,Juniors Female,finished,2023-06-17 15:02:31 UTC,/api/v1/category_rounds/7888/results,lead_one_group_two_routes,IFSC: 2 routes,19,,,,,,,9369,2,/api/v1/routes/9369/startlist,/api/v1/routes/9369/results
/api/v1/events/1326/result/249,1326,full_results_url,IFSC Europe - Continental Youth Cup (L) - Niederwangen (SUI) 2023,LEAD Juniors Female,finished,2025-10-02 07:18:39 UTC,2026-04-22 08:44:45 UTC,,8257,lead,Final,Juniors Female,finished,2023-06-18 11:52:45 UTC,/api/v1/category_rounds/8257/results,lead_one_group_one_route,IFSC: 1 route,21,,,,,,,10584,1,/api/v1/routes/10584/startlist,/api/v1/routes/10584/results
/api/v1/events/1326/result/253,1326,full_results_url,IFSC Europe - Continental Youth Cup (L) - Niederwangen (SUI) 2023,LEAD Youth A Female,finished,2025-10-02 07:18:39 UTC,2026-04-22 08:44:48 UTC,,7889,lead,Qualification,Youth A Female,finished,2023-06-17 09:33:03 UTC,/api/v1/category_rounds/7889/results,lead_one_group_two_routes,IFSC: 2 routes,19,,,,,,,9370,1,/api/v1/routes/9370/startlist,/api/v1/routes/9370/results
/api/v1/events/1326/result/253,1326,full_results_url,IFSC Europe - Continental Youth Cup (L) - Niederwangen (SUI) 2023,LEAD Youth A Female,finished,2025-10-02 07:18:39 UTC,2026-04-22 08:44:48 UTC,,7889,lead,Qualification,Youth A Female,finished,2023-06-17 09:33:03 UTC,/api/v1/category_rounds/7889/results,lead_one_group_two_routes,IFSC: 2 routes,19,,,,,,,9371,2,/api/v1/routes/9371/startlist,/api/v1/routes/9371/results
/api/v1/events/1326/result/253,1326,full_results_url,IFSC Europe - Continental Youth Cup (L) - Niederwangen (SUI) 2023,LEAD Youth A Female,finished,2025-10-02 07:18:39 UTC,2026-04-22 08:44:48 UTC,,8258,lead,Final,Youth A Female,finished,2023-06-18 10:26:46 UTC,/api/v1/category_rounds/8258/results,lead_one_group_one_route,IFSC: 1 route,21,,,,,,,10585,1,/api/v1/routes/10585/startlist,/api/v1/routes/10585/results
/api/v1/events/1326/result/257,1326,full_results_url,IFSC Europe - Continental Youth Cup (L) - Niederwangen (SUI) 2023,LEAD Youth B Female,finished,2025-10-02 07:18:39 UTC,2026-04-22 08:44:52 UTC,,7890,lead,Qualification,Youth B Female,finished,2023-06-17 15:03:48 UTC,/api/v1/category_rounds/7890/results,lead_one_group_two_routes,IFSC: 2 routes,19,,,,,,,9372,1,/api/v1/routes/9372/startlist,/api/v1/routes/9372/results
/api/v1/events/1326/result/257,1326,full_results_url,IFSC Europe - Continental Youth Cup (L) - Niederwangen (SUI) 2023,LEAD Youth B Female,finished,2025-10-02 07:18:39 UTC,2026-04-22 08:44:52 UTC,,7890,lead,Qualification,Youth B Female,finished,2023-06-17 15:03:48 UTC,/api/v1/category_rounds/7890/results,lead_one_group_two_routes,IFSC: 2 routes,19,,,,,,,9373,2,/api/v1/routes/9373/startlist,/api/v1/routes/9373/results
/api/v1/events/1326/result/257,1326,full_results_url,IFSC Europe - Continental Youth Cup (L) - Niederwangen (SUI) 2023,LEAD Youth B Female,finished,2025-10-02 07:18:39 UTC,2026-04-22 08:44:52 UTC,,8259,lead,Final,Youth B Female,finished,2023-06-18 09:10:56 UTC,/api/v1/category_rounds/8259/results,lead_one_group_one_route,IFSC: 1 route,21,,,,,,,10586,1,/api/v1/routes/10586/startlist,/api/v1/routes/10586/results
/api/v1/events/1305/result/315,1305,full_results_url,European Games Krakow-Malopolska 2023,BOULDER Men,registration_pending,2025-10-02 07:18:38 UTC,NA,,7729,boulder,Qualification,Men,pending,2022-09-19 10:03:18 UTC,/api/v1/category_rounds/7729/results,boulder_one_group_one_boulder_set,IFSC: 1 group,31,,,,,,,8740,1,/api/v1/routes/8740/startlist,
/api/v1/events/1305/result/315,1305,full_results_url,European Games Krakow-Malopolska 2023,BOULDER Men,registration_pending,2025-10-02 07:18:38 UTC,NA,,7729,boulder,Qualification,Men,pending,2022-09-19 10:03:18 UTC,/api/v1/category_rounds/7729/results,boulder_one_group_one_boulder_set,IFSC: 1 group,31,,,,,,,8741,2,/api/v1/routes/8741/startlist,
/api/v1/events/1305/result/315,1305,full_results_url,European Games Krakow-Malopolska 2023,BOULDER Men,registration_pending,2025-10-02 07:18:38 UTC,NA,,7729,boulder,Qualification,Men,pending,2022-09-19 10:03:18 UTC,/api/v1/category_rounds/7729/results,boulder_one_group_one_boulder_set,IFSC: 1 group,31,,,,,,,8742,3,/api/v1/routes/8742/startlist,
/api/v1/events/1305/result/315,1305,full_results_url,European Games Krakow-Malopolska 2023,BOULDER Men,registration_pending,2025-10-02 07:18:38 UTC,NA,,7729,boulder,Qualification,Men,pending,2022-09-19 10:03:18 UTC,/api/v1/category_rounds/7729/results,boulder_one_group_one_boulder_set,IFSC: 1 group,31,,,,,,,8743,4,/api/v1/routes/8743/startlist,
/api/v1/events/1305/result/315,1305,full_results_url,European Games Krakow-Malopolska 2023,BOULDER Men,registration_pending,2025-10-02 07:18:38 UTC,NA,,7729,boulder,Qualification,Men,pending,2022-09-19 10:03:18 UTC,/api/v1/category_rounds/7729/results,boulder_one_group_one_boulder_set,IFSC: 1 group,31,,,,,,,8744,5,/api/v1/routes/8744/startlist,
/api/v1/events/1305/result/335,1305,full_results_url,European Games Krakow-Malopolska 2023,BOULDER Women,registration_pending,2025-10-02 07:18:38 UTC,NA,,7734,boulder,Qualification,Women,pending,2022-09-19 10:03:19 UTC,/api/v1/category_rounds/7734/results,boulder_one_group_one_boulder_set,IFSC: 1 group,31,,,,,,,8765,1,/api/v1/routes/8765/startlist,
/api/v1/events/1305/result/335,1305,full_results_url,European Games Krakow-Malopolska 2023,BOULDER Women,registration_pending,2025-10-02 07:18:38 UTC,NA,,7734,boulder,Qualification,Women,pending,2022-09-19 10:03:19 UTC,/api/v1/category_rounds/7734/results,boulder_one_group_one_boulder_set,IFSC: 1 group,31,,,,,,,8766,2,/api/v1/routes/8766/startlist,
/api/v1/events/1305/result/335,1305,full_results_url,European Games Krakow-Malopolska 2023,BOULDER Women,registration_pending,2025-10-02 07:18:38 UTC,NA,,7734,boulder,Qualification,Women,pending,2022-09-19 10:03:19 UTC,/api/v1/category_rounds/7734/results,boulder_one_group_one_boulder_set,IFSC: 1 group,31,,,,,,,8767,3,/api/v1/routes/8767/startlist,
/api/v1/events/1305/result/335,1305,full_results_url,European Games Krakow-Malopolska 2023,BOULDER Women,registration_pending,2025-10-02 07:18:38 UTC,NA,,7734,boulder,Qualification,Women,pending,2022-09-19 10:03:19 UTC,/api/v1/category_rounds/7734/results,boulder_one_group_one_boulder_set,IFSC: 1 group,31,,,,,,,8768,4,/api/v1/routes/8768/startlist,
/api/v1/events/1305/result/335,1305,full_results_url,European Games Krakow-Malopolska 2023,BOULDER Women,registration_pending,2025-10-02 07:18:38 UTC,NA,,7734,boulder,Qualification,Women,pending,2022-09-19 10:03:19 UTC,/api/v1/category_rounds/7734/results,boulder_one_group_one_boulder_set,IFSC: 1 group,31,,,,,,,8769,5,/api/v1/routes/8769/startlist,
/api/v1/events/1305/result/313,1305,full_results_url,European Games Krakow-Malopolska 2023,LEAD Men,registration_pending,2025-10-02 07:18:38 UTC,NA,,8306,lead,Semi-Final,Men,pending,2023-06-22 20:53:02 UTC,/api/v1/category_rounds/8306/results,lead_one_group_one_route,IFSC: 1 route,32,,,,,,,10673,1,/api/v1/routes/10673/startlist,/api/v1/routes/10673/results
/api/v1/events/1305/result/313,1305,full_results_url,European Games Krakow-Malopolska 2023,LEAD Men,registration_pending,2025-10-02 07:18:38 UTC,NA,,8308,lead,Final,Men,pending,2023-06-22 20:53:08 UTC,/api/v1/category_rounds/8308/results,lead_one_group_one_route,IFSC: 1 route,33,,,,,,,10675,1,/api/v1/routes/10675/startlist,/api/v1/routes/10675/results
/api/v1/events/1305/result/333,1305,full_results_url,European Games Krakow-Malopolska 2023,LEAD Women,registration_pending,2025-10-02 07:18:38 UTC,NA,,8307,lead,Semi-Final,Women,pending,2023-06-22 20:53:02 UTC,/api/v1/category_rounds/8307/results,lead_one_group_one_route,IFSC: 1 route,32,,,,,,,10674,1,/api/v1/routes/10674/startlist,/api/v1/routes/10674/results
/api/v1/events/1305/result/333,1305,full_results_url,European Games Krakow-Malopolska 2023,LEAD Women,registration_pending,2025-10-02 07:18:38 UTC,NA,,8309,lead,Final,Women,pending,2023-06-22 20:53:08 UTC,/api/v1/category_rounds/8309/results,lead_one_group_one_route,IFSC: 1 route,33,,,,,,,10676,1,/api/v1/routes/10676/startlist,/api/v1/routes/10676/results
/api/v1/events/1305/result/314,1305,full_results_url,European Games Krakow-Malopolska 2023,SPEED Men,registration_pending,2025-10-02 07:18:38 UTC,NA,,7749,speed,Qualification,Men,pending,2022-09-19 10:03:23 UTC,/api/v1/category_rounds/7749/results,speed_staggered,IFSC: Qualification,31,,,,,,,8810,A,/api/v1/routes/8810/startlist,
/api/v1/events/1305/result/314,1305,full_results_url,European Games Krakow-Malopolska 2023,SPEED Men,registration_pending,2025-10-02 07:18:38 UTC,NA,,7749,speed,Qualification,Men,pending,2022-09-19 10:03:23 UTC,/api/v1/category_rounds/7749/results,speed_staggered,IFSC: Qualification,31,,,,,,,8811,B,/api/v1/routes/8811/startlist,
/api/v1/events/1305/result/334,1305,full_results_url,European Games Krakow-Malopolska 2023,SPEED Women,registration_pending,2025-10-02 07:18:38 UTC,NA,,7754,speed,Qualification,Women,pending,2022-09-19 10:03:23 UTC,/api/v1/category_rounds/7754/results,speed_staggered,IFSC: Qualification,31,,,,,,,8820,A,/api/v1/routes/8820/startlist,
/api/v1/events/1305/result/334,1305,full_results_url,European Games Krakow-Malopolska 2023,SPEED Women,registration_pending,2025-10-02 07:18:38 UTC,NA,,7754,speed,Qualification,Women,pending,2022-09-19 10:03:23 UTC,/api/v1/category_rounds/7754/results,speed_staggered,IFSC: Qualification,31,,,,,,,8821,B,/api/v1/routes/8821/startlist,
/api/v1/events/1341/result/529,1341,full_results_url,IFSC Paraclimbing World Cup Villars 2023,LEAD Men B1,finished,2025-10-02 07:18:39 UTC,2024-01-17 07:40:02 UTC,,8026,lead,Qualification,Men B1,finished,2023-06-23 16:06:09 UTC,/api/v1/category_rounds/8026/results,lead_one_group_two_routes,IFSC: 2 routes,49,,,,,,,10645,1,/api/v1/routes/10645/startlist,/api/v1/routes/10645/results
/api/v1/events/1341/result/529,1341,full_results_url,IFSC Paraclimbing World Cup Villars 2023,LEAD Men B1,finished,2025-10-02 07:18:39 UTC,2024-01-17 07:40:02 UTC,,8026,lead,Qualification,Men B1,finished,2023-06-23 16:06:09 UTC,/api/v1/category_rounds/8026/results,lead_one_group_two_routes,IFSC: 2 routes,49,,,,,,,10646,2,/api/v1/routes/10646/startlist,/api/v1/routes/10646/results
/api/v1/events/1341/result/529,1341,full_results_url,IFSC Paraclimbing World Cup Villars 2023,LEAD Men B1,finished,2025-10-02 07:18:39 UTC,2024-01-17 07:40:02 UTC,,8294,lead,Final,Men B1,finished,2023-06-24 14:38:58 UTC,/api/v1/category_rounds/8294/results,lead_one_group_one_route,IFSC: 1 route,51,,,,,,,10621,1,/api/v1/routes/10621/startlist,/api/v1/routes/10621/results
/api/v1/events/1341/result/533,1341,full_results_url,IFSC Paraclimbing World Cup Villars 2023,LEAD Men B2,finished,2025-10-02 07:18:39 UTC,2023-06-24 14:49:52 UTC,,8027,lead,Qualification,Men B2,finished,2023-06-23 16:24:38 UTC,/api/v1/category_rounds/8027/results,lead_one_group_two_routes,IFSC: 2 routes,49,,,,,,,10647,1,/api/v1/routes/10647/startlist,/api/v1/routes/10647/results
/api/v1/events/1341/result/533,1341,full_results_url,IFSC Paraclimbing World Cup Villars 2023,LEAD Men B2,finished,2025-10-02 07:18:39 UTC,2023-06-24 14:49:52 UTC,,8027,lead,Qualification,Men B2,finished,2023-06-23 16:24:38 UTC,/api/v1/category_rounds/8027/results,lead_one_group_two_routes,IFSC: 2 routes,49,,,,,,,10648,2,/api/v1/routes/10648/startlist,/api/v1/routes/10648/results
/api/v1/events/1341/result/533,1341,full_results_url,IFSC Paraclimbing World Cup Villars 2023,LEAD Men B2,finished,2025-10-02 07:18:39 UTC,2023-06-24 14:49:52 UTC,,8295,lead,Final,Men B2,finished,2023-06-24 14:53:05 UTC,/api/v1/category_rounds/8295/results,lead_one_group_one_route,IFSC: 1 route,51,,,,,,,10622,1,/api/v1/routes/10622/startlist,/api/v1/routes/10622/results
/api/v1/events/1341/result/537,1341,full_results_url,IFSC Paraclimbing World Cup Villars 2023,LEAD Men B3,finished,2025-10-02 07:18:39 UTC,2024-01-17 07:40:03 UTC,,8028,lead,Qualification,Men B3,finished,2023-06-23 16:47:23 UTC,/api/v1/category_rounds/8028/results,lead_one_group_two_routes,IFSC: 2 routes,49,,,,,,,10649,1,/api/v1/routes/10649/startlist,/api/v1/routes/10649/results
/api/v1/events/1341/result/537,1341,full_results_url,IFSC Paraclimbing World Cup Villars 2023,LEAD Men B3,finished,2025-10-02 07:18:39 UTC,2024-01-17 07:40:03 UTC,,8028,lead,Qualification,Men B3,finished,2023-06-23 16:47:23 UTC,/api/v1/category_rounds/8028/results,lead_one_group_two_routes,IFSC: 2 routes,49,,,,,,,10650,2,/api/v1/routes/10650/startlist,/api/v1/routes/10650/results
/api/v1/events/1341/result/537,1341,full_results_url,IFSC Paraclimbing World Cup Villars 2023,LEAD Men B3,finished,2025-10-02 07:18:39 UTC,2024-01-17 07:40:03 UTC,,8296,lead,Final,Men B3,finished,2023-06-24 15:03:03 UTC,/api/v1/category_rounds/8296/results,lead_one_group_one_route,IFSC: 1 route,51,,,,,,,10623,1,/api/v1/routes/10623/startlist,/api/v1/routes/10623/results
/api/v1/events/1341/result/541,1341,full_results_url,IFSC Paraclimbing World Cup Villars 2023,LEAD Women B1,active,2025-10-02 07:18:39 UTC,NA,,8029,lead,Qualification,Women B1,pending,2023-06-22 18:01:57 UTC,/api/v1/category_rounds/8029/results,lead_one_group_two_routes,IFSC: 2 routes,49,,,,,,,10633,1,/api/v1/routes/10633/startlist,/api/v1/routes/10633/results
/api/v1/events/1341/result/541,1341,full_results_url,IFSC Paraclimbing World Cup Villars 2023,LEAD Women B1,active,2025-10-02 07:18:39 UTC,NA,,8029,lead,Qualification,Women B1,pending,2023-06-22 18:01:57 UTC,/api/v1/category_rounds/8029/results,lead_one_group_two_routes,IFSC: 2 routes,49,,,,,,,10634,2,/api/v1/routes/10634/startlist,/api/v1/routes/10634/results
/api/v1/events/1341/result/545,1341,full_results_url,IFSC Paraclimbing World Cup Villars 2023,LEAD Women B2,active,2025-10-02 07:18:39 UTC,NA,,8030,lead,Qualification,Women B2,pending,2023-06-22 18:01:57 UTC,/api/v1/category_rounds/8030/results,lead_one_group_two_routes,IFSC: 2 routes,49,,,,,,,10635,1,/api/v1/routes/10635/startlist,/api/v1/routes/10635/results
/api/v1/events/1341/result/545,1341,full_results_url,IFSC Paraclimbing World Cup Villars 2023,LEAD Women B2,active,2025-10-02 07:18:39 UTC,NA,,8030,lead,Qualification,Women B2,pending,2023-06-22 18:01:57 UTC,/api/v1/category_rounds/8030/results,lead_one_group_two_routes,IFSC: 2 routes,49,,,,,,,10636,2,/api/v1/routes/10636/startlist,/api/v1/routes/10636/results
/api/v1/events/1341/result/549,1341,full_results_url,IFSC Paraclimbing World Cup Villars 2023,LEAD Women B3,finished,2025-10-02 07:18:39 UTC,2024-01-17 07:40:04 UTC,,8031,lead,Qualification,Women B3,finished,2023-06-23 16:19:47 UTC,/api/v1/category_rounds/8031/results,lead_one_group_two_routes,IFSC: 2 routes,49,,,,,,,10651,1,/api/v1/routes/10651/startlist,/api/v1/routes/10651/results
/api/v1/events/1341/result/549,1341,full_results_url,IFSC Paraclimbing World Cup Villars 2023,LEAD Women B3,finished,2025-10-02 07:18:39 UTC,2024-01-17 07:40:04 UTC,,8031,lead,Qualification,Women B3,finished,2023-06-23 16:19:47 UTC,/api/v1/category_rounds/8031/results,lead_one_group_two_routes,IFSC: 2 routes,49,,,,,,,10652,2,/api/v1/routes/10652/startlist,/api/v1/routes/10652/results
/api/v1/events/1341/result/549,1341,full_results_url,IFSC Paraclimbing World Cup Villars 2023,LEAD Women B3,finished,2025-10-02 07:18:39 UTC,2024-01-17 07:40:04 UTC,,8303,lead,Final,Women B3,finished,2023-06-24 14:28:29 UTC,/api/v1/category_rounds/8303/results,lead_one_group_one_route,IFSC: 1 route,51,,,,,,,10630,1,/api/v1/routes/10630/startlist,/api/v1/routes/10630/results
/api/v1/events/1341/result/553,1341,full_results_url,IFSC Paraclimbing World Cup Villars 2023,LEAD Men AL1,registration_active,2025-10-02 07:18:39 UTC,NA,,8032,lead,Qualification,Men AL1,pending,2023-06-22 18:01:58 UTC,/api/v1/category_rounds/8032/results,lead_one_group_two_routes,IFSC: 2 routes,49,,,,,,,10637,1,/api/v1/routes/10637/startlist,/api/v1/routes/10637/results
/api/v1/events/1341/result/553,1341,full_results_url,IFSC Paraclimbing World Cup Villars 2023,LEAD Men AL1,registration_active,2025-10-02 07:18:39 UTC,NA,,8032,lead,Qualification,Men AL1,pending,2023-06-22 18:01:58 UTC,/api/v1/category_rounds/8032/results,lead_one_group_two_routes,IFSC: 2 routes,49,,,,,,,10638,2,/api/v1/routes/10638/startlist,/api/v1/routes/10638/results
/api/v1/events/1341/result/557,1341,full_results_url,IFSC Paraclimbing World Cup Villars 2023,LEAD Women AL1,registration_pending,2025-10-02 07:18:39 UTC,NA,,8033,lead,Qualification,Women AL1,pending,2023-06-22 18:01:58 UTC,/api/v1/category_rounds/8033/results,lead_one_group_two_routes,IFSC: 2 routes,49,,,,,,,10639,1,/api/v1/routes/10639/startlist,/api/v1/routes/10639/results
/api/v1/events/1341/result/557,1341,full_results_url,IFSC Paraclimbing World Cup Villars 2023,LEAD Women AL1,registration_pending,2025-10-02 07:18:39 UTC,NA,,8033,lead,Qualification,Women AL1,pending,2023-06-22 18:01:58 UTC,/api/v1/category_rounds/8033/results,lead_one_group_two_routes,IFSC: 2 routes,49,,,,,,,10640,2,/api/v1/routes/10640/startlist,/api/v1/routes/10640/results
/api/v1/events/1341/result/561,1341,full_results_url,IFSC Paraclimbing World Cup Villars 2023,LEAD Men AL2,finished,2025-10-02 07:18:39 UTC,2024-01-17 07:40:04 UTC,,8034,lead,Qualification,Men AL2,finished,2023-06-23 14:27:46 UTC,/api/v1/category_rounds/8034/results,lead_one_group_two_routes,IFSC: 2 routes,49,,,,,,,10653,1,/api/v1/routes/10653/startlist,/api/v1/routes/10653/results
/api/v1/events/1341/result/561,1341,full_results_url,IFSC Paraclimbing World Cup Villars 2023,LEAD Men AL2,finished,2025-10-02 07:18:39 UTC,2024-01-17 07:40:04 UTC,,8034,lead,Qualification,Men AL2,finished,2023-06-23 14:27:46 UTC,/api/v1/category_rounds/8034/results,lead_one_group_two_routes,IFSC: 2 routes,49,,,,,,,10654,2,/api/v1/routes/10654/startlist,/api/v1/routes/10654/results
/api/v1/events/1341/result/561,1341,full_results_url,IFSC Paraclimbing World Cup Villars 2023,LEAD Men AL2,finished,2025-10-02 07:18:39 UTC,2024-01-17 07:40:04 UTC,,8292,lead,Final,Men AL2,finished,2023-06-24 15:27:02 UTC,/api/v1/category_rounds/8292/results,lead_one_group_one_route,IFSC: 1 route,51,,,,,,,10619,1,/api/v1/routes/10619/startlist,/api/v1/routes/10619/results
/api/v1/events/1341/result/565,1341,full_results_url,IFSC Paraclimbing World Cup Villars 2023,LEAD Women AL2,finished,2025-10-02 07:18:39 UTC,2024-01-17 07:40:05 UTC,,8035,lead,Qualification,Women AL2,finished,2023-06-23 13:10:38 UTC,/api/v1/category_rounds/8035/results,lead_one_group_two_routes,IFSC: 2 routes,49,,,,,,,10655,1,/api/v1/routes/10655/startlist,/api/v1/routes/10655/results
/api/v1/events/1341/result/565,1341,full_results_url,IFSC Paraclimbing World Cup Villars 2023,LEAD Women AL2,finished,2025-10-02 07:18:39 UTC,2024-01-17 07:40:05 UTC,,8035,lead,Qualification,Women AL2,finished,2023-06-23 13:10:38 UTC,/api/v1/category_rounds/8035/results,lead_one_group_two_routes,IFSC: 2 routes,49,,,,,,,10656,2,/api/v1/routes/10656/startlist,/api/v1/routes/10656/results
/api/v1/events/1341/result/565,1341,full_results_url,IFSC Paraclimbing World Cup Villars 2023,LEAD Women AL2,finished,2025-10-02 07:18:39 UTC,2024-01-17 07:40:05 UTC,,8301,lead,Final,Women AL2,finished,2023-06-24 16:08:41 UTC,/api/v1/category_rounds/8301/results,lead_one_group_one_route,IFSC: 1 route,51,,,,,,,10628,1,/api/v1/routes/10628/startlist,/api/v1/routes/10628/results
/api/v1/events/1341/result/577,1341,full_results_url,IFSC Paraclimbing World Cup Villars 2023,LEAD Men AU2,finished,2025-10-02 07:18:39 UTC,2024-01-17 07:40:06 UTC,,8038,lead,Qualification,Men AU2,finished,2023-06-23 14:17:00 UTC,/api/v1/category_rounds/8038/results,lead_one_group_two_routes,IFSC: 2 routes,49,,,,,,,10657,1,/api/v1/routes/10657/startlist,/api/v1/routes/10657/results
/api/v1/events/1341/result/577,1341,full_results_url,IFSC Paraclimbing World Cup Villars 2023,LEAD Men AU2,finished,2025-10-02 07:18:39 UTC,2024-01-17 07:40:06 UTC,,8038,lead,Qualification,Men AU2,finished,2023-06-23 14:17:00 UTC,/api/v1/category_rounds/8038/results,lead_one_group_two_routes,IFSC: 2 routes,49,,,,,,,10658,2,/api/v1/routes/10658/startlist,/api/v1/routes/10658/results
/api/v1/events/1341/result/577,1341,full_results_url,IFSC Paraclimbing World Cup Villars 2023,LEAD Men AU2,finished,2025-10-02 07:18:39 UTC,2024-01-17 07:40:06 UTC,,8300,lead,Final,Men AU2,finished,2023-06-24 16:37:34 UTC,/api/v1/category_rounds/8300/results,lead_one_group_one_route,IFSC: 1 route,51,,,,,,,10627,1,/api/v1/routes/10627/startlist,/api/v1/routes/10627/results
/api/v1/events/1341/result/581,1341,full_results_url,IFSC Paraclimbing World Cup Villars 2023,LEAD Women AU2,finished,2025-10-02 07:18:39 UTC,2024-01-17 07:40:06 UTC,,8039,lead,Qualification,Women AU2,finished,2023-06-23 15:14:29 UTC,/api/v1/category_rounds/8039/results,lead_one_group_two_routes,IFSC: 2 routes,49,,,,,,,10659,1,/api/v1/routes/10659/startlist,/api/v1/routes/10659/results
/api/v1/events/1341/result/581,1341,full_results_url,IFSC Paraclimbing World Cup Villars 2023,LEAD Women AU2,finished,2025-10-02 07:18:39 UTC,2024-01-17 07:40:06 UTC,,8039,lead,Qualification,Women AU2,finished,2023-06-23 15:14:29 UTC,/api/v1/category_rounds/8039/results,lead_one_group_two_routes,IFSC: 2 routes,49,,,,,,,10660,2,/api/v1/routes/10660/startlist,/api/v1/routes/10660/results
/api/v1/events/1341/result/581,1341,full_results_url,IFSC Paraclimbing World Cup Villars 2023,LEAD Women AU2,finished,2025-10-02 07:18:39 UTC,2024-01-17 07:40:06 UTC,,8302,lead,Final,Women AU2,finished,2023-06-24 15:46:20 UTC,/api/v1/category_rounds/8302/results,lead_one_group_one_route,IFSC: 1 route,51,,,,,,,10629,1,/api/v1/routes/10629/startlist,/api/v1/routes/10629/results
/api/v1/events/1341/result/585,1341,full_results_url,IFSC Paraclimbing World Cup Villars 2023,LEAD Men RP1,finished,2025-10-02 07:18:39 UTC,2024-01-16 17:37:52 UTC,,8040,lead,Qualification,Men RP1,finished,2023-06-23 13:45:25 UTC,/api/v1/category_rounds/8040/results,lead_one_group_two_routes,IFSC: 2 routes,49,,,,,,,10661,1,/api/v1/routes/10661/startlist,/api/v1/routes/10661/results
/api/v1/events/1341/result/585,1341,full_results_url,IFSC Paraclimbing World Cup Villars 2023,LEAD Men RP1,finished,2025-10-02 07:18:39 UTC,2024-01-16 17:37:52 UTC,,8040,lead,Qualification,Men RP1,finished,2023-06-23 13:45:25 UTC,/api/v1/category_rounds/8040/results,lead_one_group_two_routes,IFSC: 2 routes,49,,,,,,,10662,2,/api/v1/routes/10662/startlist,/api/v1/routes/10662/results
/api/v1/events/1341/result/585,1341,full_results_url,IFSC Paraclimbing World Cup Villars 2023,LEAD Men RP1,finished,2025-10-02 07:18:39 UTC,2024-01-16 17:37:52 UTC,,8297,lead,Final,Men RP1,finished,2023-06-24 16:50:48 UTC,/api/v1/category_rounds/8297/results,lead_one_group_one_route,IFSC: 1 route,51,,,,,,,10624,1,/api/v1/routes/10624/startlist,/api/v1/routes/10624/results
/api/v1/events/1341/result/589,1341,full_results_url,IFSC Paraclimbing World Cup Villars 2023,LEAD Men RP2,finished,2025-10-02 07:18:39 UTC,2024-01-17 07:40:08 UTC,,8041,lead,Qualification,Men RP2,finished,2023-06-23 14:14:08 UTC,/api/v1/category_rounds/8041/results,lead_one_group_two_routes,IFSC: 2 routes,49,,,,,,,10663,1,/api/v1/routes/10663/startlist,/api/v1/routes/10663/results
/api/v1/events/1341/result/589,1341,full_results_url,IFSC Paraclimbing World Cup Villars 2023,LEAD Men RP2,finished,2025-10-02 07:18:39 UTC,2024-01-17 07:40:08 UTC,,8041,lead,Qualification,Men RP2,finished,2023-06-23 14:14:08 UTC,/api/v1/category_rounds/8041/results,lead_one_group_two_routes,IFSC: 2 routes,49,,,,,,,10664,2,/api/v1/routes/10664/startlist,/api/v1/routes/10664/results
/api/v1/events/1341/result/589,1341,full_results_url,IFSC Paraclimbing World Cup Villars 2023,LEAD Men RP2,finished,2025-10-02 07:18:39 UTC,2024-01-17 07:40:08 UTC,,8298,lead,Final,Men RP2,finished,2023-06-24 16:43:24 UTC,/api/v1/category_rounds/8298/results,lead_one_group_one_route,IFSC: 1 route,51,,,,,,,10625,1,/api/v1/routes/10625/startlist,/api/v1/routes/10625/results
/api/v1/events/1341/result/593,1341,full_results_url,IFSC Paraclimbing World Cup Villars 2023,LEAD Men RP3,finished,2025-10-02 07:18:39 UTC,2024-01-17 07:40:09 UTC,,8042,lead,Qualification,Men RP3,finished,2023-06-23 13:03:30 UTC,/api/v1/category_rounds/8042/results,lead_one_group_two_routes,IFSC: 2 routes,49,,,,,,,10665,1,/api/v1/routes/10665/startlist,/api/v1/routes/10665/results
/api/v1/events/1341/result/593,1341,full_results_url,IFSC Paraclimbing World Cup Villars 2023,LEAD Men RP3,finished,2025-10-02 07:18:39 UTC,2024-01-17 07:40:09 UTC,,8042,lead,Qualification,Men RP3,finished,2023-06-23 13:03:30 UTC,/api/v1/category_rounds/8042/results,lead_one_group_two_routes,IFSC: 2 routes,49,,,,,,,10666,2,/api/v1/routes/10666/startlist,/api/v1/routes/10666/results
/api/v1/events/1341/result/593,1341,full_results_url,IFSC Paraclimbing World Cup Villars 2023,LEAD Men RP3,finished,2025-10-02 07:18:39 UTC,2024-01-17 07:40:09 UTC,,8299,lead,Final,Men RP3,finished,2023-06-24 15:49:15 UTC,/api/v1/category_rounds/8299/results,lead_one_group_one_route,IFSC: 1 route,51,,,,,,,10626,1,/api/v1/routes/10626/startlist,/api/v1/routes/10626/results
/api/v1/events/1341/result/597,1341,full_results_url,IFSC Paraclimbing World Cup Villars 2023,LEAD Women RP1,finished,2025-10-02 07:18:39 UTC,2024-01-17 07:40:09 UTC,,8043,lead,Qualification,Women RP1,finished,2023-06-23 15:16:42 UTC,/api/v1/category_rounds/8043/results,lead_one_group_two_routes,IFSC: 2 routes,49,,,,,,,10667,1,/api/v1/routes/10667/startlist,/api/v1/routes/10667/results
/api/v1/events/1341/result/597,1341,full_results_url,IFSC Paraclimbing World Cup Villars 2023,LEAD Women RP1,finished,2025-10-02 07:18:39 UTC,2024-01-17 07:40:09 UTC,,8043,lead,Qualification,Women RP1,finished,2023-06-23 15:16:42 UTC,/api/v1/category_rounds/8043/results,lead_one_group_two_routes,IFSC: 2 routes,49,,,,,,,10668,2,/api/v1/routes/10668/startlist,/api/v1/routes/10668/results
/api/v1/events/1341/result/597,1341,full_results_url,IFSC Paraclimbing World Cup Villars 2023,LEAD Women RP1,finished,2025-10-02 07:18:39 UTC,2024-01-17 07:40:09 UTC,,8304,lead,Final,Women RP1,finished,2023-06-24 16:27:24 UTC,/api/v1/category_rounds/8304/results,lead_one_group_one_route,IFSC: 1 route,51,,,,,,,10631,1,/api/v1/routes/10631/startlist,/api/v1/routes/10631/results
/api/v1/events/1341/result/601,1341,full_results_url,IFSC Paraclimbing World Cup Villars 2023,LEAD Women RP2,active,2025-10-02 07:18:39 UTC,NA,,8044,lead,Qualification,Women RP2,pending,2023-06-22 18:01:58 UTC,/api/v1/category_rounds/8044/results,lead_one_group_two_routes,IFSC: 2 routes,49,,,,,,,10641,1,/api/v1/routes/10641/startlist,/api/v1/routes/10641/results
/api/v1/events/1341/result/601,1341,full_results_url,IFSC Paraclimbing World Cup Villars 2023,LEAD Women RP2,active,2025-10-02 07:18:39 UTC,NA,,8044,lead,Qualification,Women RP2,pending,2023-06-22 18:01:58 UTC,/api/v1/category_rounds/8044/results,lead_one_group_two_routes,IFSC: 2 routes,49,,,,,,,10642,2,/api/v1/routes/10642/startlist,/api/v1/routes/10642/results
/api/v1/events/1341/result/605,1341,full_results_url,IFSC Paraclimbing World Cup Villars 2023,LEAD Women RP3,finished,2025-10-02 07:18:39 UTC,2024-01-17 07:40:10 UTC,,8045,lead,Qualification,Women RP3,finished,2023-06-23 15:23:34 UTC,/api/v1/category_rounds/8045/results,lead_one_group_two_routes,IFSC: 2 routes,49,,,,,,,10669,1,/api/v1/routes/10669/startlist,/api/v1/routes/10669/results
/api/v1/events/1341/result/605,1341,full_results_url,IFSC Paraclimbing World Cup Villars 2023,LEAD Women RP3,finished,2025-10-02 07:18:39 UTC,2024-01-17 07:40:10 UTC,,8045,lead,Qualification,Women RP3,finished,2023-06-23 15:23:34 UTC,/api/v1/category_rounds/8045/results,lead_one_group_two_routes,IFSC: 2 routes,49,,,,,,,10670,2,/api/v1/routes/10670/startlist,/api/v1/routes/10670/results
/api/v1/events/1341/result/605,1341,full_results_url,IFSC Paraclimbing World Cup Villars 2023,LEAD Women RP3,finished,2025-10-02 07:18:39 UTC,2024-01-17 07:40:10 UTC,,8305,lead,Final,Women RP3,finished,2023-06-24 15:30:58 UTC,/api/v1/category_rounds/8305/results,lead_one_group_one_route,IFSC: 1 route,51,,,,,,,10632,1,/api/v1/routes/10632/startlist,/api/v1/routes/10632/results
/api/v1/events/1341/result/753,1341,full_results_url,IFSC Paraclimbing World Cup Villars 2023,LEAD Men AU3,finished,2025-10-02 07:18:40 UTC,2024-01-17 07:40:11 UTC,,8072,lead,Qualification,Men AU3,finished,2023-06-23 13:07:28 UTC,/api/v1/category_rounds/8072/results,lead_one_group_two_routes,IFSC: 2 routes,49,,,,,,,10671,1,/api/v1/routes/10671/startlist,/api/v1/routes/10671/results
/api/v1/events/1341/result/753,1341,full_results_url,IFSC Paraclimbing World Cup Villars 2023,LEAD Men AU3,finished,2025-10-02 07:18:40 UTC,2024-01-17 07:40:11 UTC,,8072,lead,Qualification,Men AU3,finished,2023-06-23 13:07:28 UTC,/api/v1/category_rounds/8072/results,lead_one_group_two_routes,IFSC: 2 routes,49,,,,,,,10672,2,/api/v1/routes/10672/startlist,/api/v1/routes/10672/results
/api/v1/events/1341/result/753,1341,full_results_url,IFSC Paraclimbing World Cup Villars 2023,LEAD Men AU3,finished,2025-10-02 07:18:40 UTC,2024-01-17 07:40:11 UTC,,8293,lead,Final,Men AU3,finished,2023-06-24 16:10:32 UTC,/api/v1/category_rounds/8293/results,lead_one_group_one_route,IFSC: 1 route,51,,,,,,,10620,1,/api/v1/routes/10620/startlist,/api/v1/routes/10620/results
/api/v1/events/1341/result/758,1341,full_results_url,IFSC Paraclimbing World Cup Villars 2023,LEAD Women AU3,active,2025-10-02 07:18:40 UTC,NA,,8073,lead,Qualification,Women AU3,pending,2023-06-22 18:01:58 UTC,/api/v1/category_rounds/8073/results,lead_one_group_two_routes,IFSC: 2 routes,49,,,,,,,10643,1,/api/v1/routes/10643/startlist,/api/v1/routes/10643/results
/api/v1/events/1341/result/758,1341,full_results_url,IFSC Paraclimbing World Cup Villars 2023,LEAD Women AU3,active,2025-10-02 07:18:40 UTC,NA,,8073,lead,Qualification,Women AU3,pending,2023-06-22 18:01:58 UTC,/api/v1/category_rounds/8073/results,lead_one_group_two_routes,IFSC: 2 routes,49,,,,,,,10644,2,/api/v1/routes/10644/startlist,/api/v1/routes/10644/results
/api/v1/events/1327/result/233,1327,full_results_url,IFSC Europe - Continental Youth Cup (L) - St. Pierre en Faucigny (FRA) 2023,LEAD Juniors Male,finished,2025-10-02 07:18:39 UTC,2026-04-22 08:44:55 UTC,,7891,lead,Qualification,Juniors Male,finished,2023-06-24 14:35:33 UTC,/api/v1/category_rounds/7891/results,lead_one_group_two_routes,IFSC: 2 routes,19,,,,,,,9374,1,/api/v1/routes/9374/startlist,/api/v1/routes/9374/results
/api/v1/events/1327/result/233,1327,full_results_url,IFSC Europe - Continental Youth Cup (L) - St. Pierre en Faucigny (FRA) 2023,LEAD Juniors Male,finished,2025-10-02 07:18:39 UTC,2026-04-22 08:44:55 UTC,,7891,lead,Qualification,Juniors Male,finished,2023-06-24 14:35:33 UTC,/api/v1/category_rounds/7891/results,lead_one_group_two_routes,IFSC: 2 routes,19,,,,,,,9375,2,/api/v1/routes/9375/startlist,/api/v1/routes/9375/results
/api/v1/events/1327/result/233,1327,full_results_url,IFSC Europe - Continental Youth Cup (L) - St. Pierre en Faucigny (FRA) 2023,LEAD Juniors Male,finished,2025-10-02 07:18:39 UTC,2026-04-22 08:44:55 UTC,,8266,lead,Final,Juniors Male,finished,2023-06-25 11:58:34 UTC,/api/v1/category_rounds/8266/results,lead_one_group_one_route,IFSC: 1 route,21,,,,,,,10593,1,/api/v1/routes/10593/startlist,/api/v1/routes/10593/results
/api/v1/events/1327/result/237,1327,full_results_url,IFSC Europe - Continental Youth Cup (L) - St. Pierre en Faucigny (FRA) 2023,LEAD Youth A Male,finished,2025-10-02 07:18:39 UTC,2026-04-22 08:44:58 UTC,,7892,lead,Qualification,Youth A Male,finished,2023-06-24 09:40:34 UTC,/api/v1/category_rounds/7892/results,lead_one_group_two_routes,IFSC: 2 routes,19,,,,,,,9376,1,/api/v1/routes/9376/startlist,/api/v1/routes/9376/results
/api/v1/events/1327/result/237,1327,full_results_url,IFSC Europe - Continental Youth Cup (L) - St. Pierre en Faucigny (FRA) 2023,LEAD Youth A Male,finished,2025-10-02 07:18:39 UTC,2026-04-22 08:44:58 UTC,,7892,lead,Qualification,Youth A Male,finished,2023-06-24 09:40:34 UTC,/api/v1/category_rounds/7892/results,lead_one_group_two_routes,IFSC: 2 routes,19,,,,,,,9377,2,/api/v1/routes/9377/startlist,/api/v1/routes/9377/results
/api/v1/events/1327/result/237,1327,full_results_url,IFSC Europe - Continental Youth Cup (L) - St. Pierre en Faucigny (FRA) 2023,LEAD Youth A Male,finished,2025-10-02 07:18:39 UTC,2026-04-22 08:44:58 UTC,,8267,lead,Final,Youth A Male,finished,2023-06-25 10:08:09 UTC,/api/v1/category_rounds/8267/results,lead_one_group_one_route,IFSC: 1 route,21,,,,,,,10594,1,/api/v1/routes/10594/startlist,/api/v1/routes/10594/results
/api/v1/events/1327/result/241,1327,full_results_url,IFSC Europe - Continental Youth Cup (L) - St. Pierre en Faucigny (FRA) 2023,LEAD Youth B Male,finished,2025-10-02 07:18:39 UTC,2026-04-22 08:45:02 UTC,,7893,lead,Qualification,Youth B Male,finished,2023-06-24 15:06:18 UTC,/api/v1/category_rounds/7893/results,lead_one_group_two_routes,IFSC: 2 routes,19,,,,,,,9378,1,/api/v1/routes/9378/startlist,/api/v1/routes/9378/results
/api/v1/events/1327/result/241,1327,full_results_url,IFSC Europe - Continental Youth Cup (L) - St. Pierre en Faucigny (FRA) 2023,LEAD Youth B Male,finished,2025-10-02 07:18:39 UTC,2026-04-22 08:45:02 UTC,,7893,lead,Qualification,Youth B Male,finished,2023-06-24 15:06:18 UTC,/api/v1/category_rounds/7893/results,lead_one_group_two_routes,IFSC: 2 routes,19,,,,,,,9379,2,/api/v1/routes/9379/startlist,/api/v1/routes/9379/results
/api/v1/events/1327/result/241,1327,full_results_url,IFSC Europe - Continental Youth Cup (L) - St. Pierre en Faucigny (FRA) 2023,LEAD Youth B Male,finished,2025-10-02 07:18:39 UTC,2026-04-22 08:45:02 UTC,,8268,lead,Final,Youth B Male,finished,2023-06-25 08:37:47 UTC,/api/v1/category_rounds/8268/results,lead_one_group_one_route,IFSC: 1 route,21,,,,,,,10595,1,/api/v1/routes/10595/startlist,/api/v1/routes/10595/results
/api/v1/events/1327/result/249,1327,full_results_url,IFSC Europe - Continental Youth Cup (L) - St. Pierre en Faucigny (FRA) 2023,LEAD Juniors Female,finished,2025-10-02 07:18:39 UTC,2026-04-22 08:45:05 UTC,,7894,lead,Qualification,Juniors Female,finished,2023-06-24 14:07:26 UTC,/api/v1/category_rounds/7894/results,lead_one_group_two_routes,IFSC: 2 routes,19,,,,,,,9380,1,/api/v1/routes/9380/startlist,/api/v1/routes/9380/results
/api/v1/events/1327/result/249,1327,full_results_url,IFSC Europe - Continental Youth Cup (L) - St. Pierre en Faucigny (FRA) 2023,LEAD Juniors Female,finished,2025-10-02 07:18:39 UTC,2026-04-22 08:45:05 UTC,,7894,lead,Qualification,Juniors Female,finished,2023-06-24 14:07:26 UTC,/api/v1/category_rounds/7894/results,lead_one_group_two_routes,IFSC: 2 routes,19,,,,,,,9381,2,/api/v1/routes/9381/startlist,/api/v1/routes/9381/results
/api/v1/events/1327/result/249,1327,full_results_url,IFSC Europe - Continental Youth Cup (L) - St. Pierre en Faucigny (FRA) 2023,LEAD Juniors Female,finished,2025-10-02 07:18:39 UTC,2026-04-22 08:45:05 UTC,,8269,lead,Final,Juniors Female,finished,2023-06-25 11:47:13 UTC,/api/v1/category_rounds/8269/results,lead_one_group_one_route,IFSC: 1 route,21,,,,,,,10596,1,/api/v1/routes/10596/startlist,/api/v1/routes/10596/results
/api/v1/events/1327/result/253,1327,full_results_url,IFSC Europe - Continental Youth Cup (L) - St. Pierre en Faucigny (FRA) 2023,LEAD Youth A Female,finished,2025-10-02 07:18:39 UTC,2026-04-22 08:45:09 UTC,,7895,lead,Qualification,Youth A Female,finished,2023-06-24 09:17:38 UTC,/api/v1/category_rounds/7895/results,lead_one_group_two_routes,IFSC: 2 routes,19,,,,,,,9382,1,/api/v1/routes/9382/startlist,/api/v1/routes/9382/results
/api/v1/events/1327/result/253,1327,full_results_url,IFSC Europe - Continental Youth Cup (L) - St. Pierre en Faucigny (FRA) 2023,LEAD Youth A Female,finished,2025-10-02 07:18:39 UTC,2026-04-22 08:45:09 UTC,,7895,lead,Qualification,Youth A Female,finished,2023-06-24 09:17:38 UTC,/api/v1/category_rounds/7895/results,lead_one_group_two_routes,IFSC: 2 routes,19,,,,,,,9383,2,/api/v1/routes/9383/startlist,/api/v1/routes/9383/results
/api/v1/events/1327/result/253,1327,full_results_url,IFSC Europe - Continental Youth Cup (L) - St. Pierre en Faucigny (FRA) 2023,LEAD Youth A Female,finished,2025-10-02 07:18:39 UTC,2026-04-22 08:45:09 UTC,,8270,lead,Final,Youth A Female,finished,2023-06-25 10:12:59 UTC,/api/v1/category_rounds/8270/results,lead_one_group_one_route,IFSC: 1 route,21,,,,,,,10597,1,/api/v1/routes/10597/startlist,/api/v1/routes/10597/results
/api/v1/events/1327/result/257,1327,full_results_url,IFSC Europe - Continental Youth Cup (L) - St. Pierre en Faucigny (FRA) 2023,LEAD Youth B Female,finished,2025-10-02 07:18:39 UTC,2026-04-22 08:45:12 UTC,,7896,lead,Qualification,Youth B Female,finished,2023-06-24 10:12:05 UTC,/api/v1/category_rounds/7896/results,lead_one_group_two_routes,IFSC: 2 routes,19,,,,,,,9384,1,/api/v1/routes/9384/startlist,/api/v1/routes/9384/results
/api/v1/events/1327/result/257,1327,full_results_url,IFSC Europe - Continental Youth Cup (L) - St. Pierre en Faucigny (FRA) 2023,LEAD Youth B Female,finished,2025-10-02 07:18:39 UTC,2026-04-22 08:45:12 UTC,,7896,lead,Qualification,Youth B Female,finished,2023-06-24 10:12:05 UTC,/api/v1/category_rounds/7896/results,lead_one_group_two_routes,IFSC: 2 routes,19,,,,,,,9385,2,/api/v1/routes/9385/startlist,/api/v1/routes/9385/results
/api/v1/events/1327/result/257,1327,full_results_url,IFSC Europe - Continental Youth Cup (L) - St. Pierre en Faucigny (FRA) 2023,LEAD Youth B Female,finished,2025-10-02 07:18:39 UTC,2026-04-22 08:45:12 UTC,,8271,lead,Final,Youth B Female,finished,2023-06-25 10:23:10 UTC,/api/v1/category_rounds/8271/results,lead_one_group_one_route,IFSC: 1 route,21,,,,,,,10598,1,/api/v1/routes/10598/startlist,/api/v1/routes/10598/results
/api/v1/events/1298/result/1,1298,full_results_url,IFSC World Cup Villars 2023,LEAD Men,finished,2025-10-02 07:18:38 UTC,2026-04-22 08:45:16 UTC,,7689,lead,Qualification,Men,finished,2023-06-30 18:14:27 UTC,/api/v1/category_rounds/7689/results,lead_one_group_two_routes,IFSC: 2 routes,1,,,,,,,8626,1,/api/v1/routes/8626/startlist,/api/v1/routes/8626/results
/api/v1/events/1298/result/1,1298,full_results_url,IFSC World Cup Villars 2023,LEAD Men,finished,2025-10-02 07:18:38 UTC,2026-04-22 08:45:16 UTC,,7689,lead,Qualification,Men,finished,2023-06-30 18:14:27 UTC,/api/v1/category_rounds/7689/results,lead_one_group_two_routes,IFSC: 2 routes,1,,,,,,,8627,2,/api/v1/routes/8627/startlist,/api/v1/routes/8627/results
/api/v1/events/1298/result/1,1298,full_results_url,IFSC World Cup Villars 2023,LEAD Men,finished,2025-10-02 07:18:38 UTC,2026-04-22 08:45:16 UTC,,8260,lead,Semi-final,Men,finished,2023-07-01 13:25:05 UTC,/api/v1/category_rounds/8260/results,lead_one_group_one_route,IFSC: 1 route,2,,,,,,,10587,1,/api/v1/routes/10587/startlist,/api/v1/routes/10587/results
/api/v1/events/1298/result/1,1298,full_results_url,IFSC World Cup Villars 2023,LEAD Men,finished,2025-10-02 07:18:38 UTC,2026-04-22 08:45:16 UTC,,8262,lead,Final,Men,finished,2023-07-01 18:55:55 UTC,/api/v1/category_rounds/8262/results,lead_one_group_one_route,IFSC: 1 route,3,,,,,,,10589,1,/api/v1/routes/10589/startlist,/api/v1/routes/10589/results
/api/v1/events/1298/result/5,1298,full_results_url,IFSC World Cup Villars 2023,LEAD Women,finished,2025-10-02 07:18:38 UTC,2026-04-22 08:45:20 UTC,,7690,lead,Qualification,Women,finished,2023-06-30 18:01:02 UTC,/api/v1/category_rounds/7690/results,lead_one_group_two_routes,IFSC: 2 routes,1,,,,,,,8628,1,/api/v1/routes/8628/startlist,/api/v1/routes/8628/results
/api/v1/events/1298/result/5,1298,full_results_url,IFSC World Cup Villars 2023,LEAD Women,finished,2025-10-02 07:18:38 UTC,2026-04-22 08:45:20 UTC,,7690,lead,Qualification,Women,finished,2023-06-30 18:01:02 UTC,/api/v1/category_rounds/7690/results,lead_one_group_two_routes,IFSC: 2 routes,1,,,,,,,8629,2,/api/v1/routes/8629/startlist,/api/v1/routes/8629/results
/api/v1/events/1298/result/5,1298,full_results_url,IFSC World Cup Villars 2023,LEAD Women,finished,2025-10-02 07:18:38 UTC,2026-04-22 08:45:20 UTC,,8261,lead,Semi-final,Women,finished,2023-07-01 13:11:23 UTC,/api/v1/category_rounds/8261/results,lead_one_group_one_route,IFSC: 1 route,2,,,,,,,10588,1,/api/v1/routes/10588/startlist,/api/v1/routes/10588/results
/api/v1/events/1298/result/5,1298,full_results_url,IFSC World Cup Villars 2023,LEAD Women,finished,2025-10-02 07:18:38 UTC,2026-04-22 08:45:20 UTC,,8263,lead,Final,Women,finished,2023-07-01 20:08:46 UTC,/api/v1/category_rounds/8263/results,lead_one_group_one_route,IFSC: 1 route,3,,,,,,,10590,1,/api/v1/routes/10590/startlist,/api/v1/routes/10590/results
/api/v1/events/1298/result/2,1298,full_results_url,IFSC World Cup Villars 2023,SPEED Men,finished,2025-10-02 07:18:38 UTC,2026-04-22 08:45:23 UTC,,7691,speed,Qualification,Men,finished,2023-07-02 11:58:29 UTC,/api/v1/category_rounds/7691/results,speed_staggered,IFSC: Qualification,1,,,,,,,8630,A,/api/v1/routes/8630/startlist,
/api/v1/events/1298/result/2,1298,full_results_url,IFSC World Cup Villars 2023,SPEED Men,finished,2025-10-02 07:18:38 UTC,2026-04-22 08:45:23 UTC,,7691,speed,Qualification,Men,finished,2023-07-02 11:58:29 UTC,/api/v1/category_rounds/7691/results,speed_staggered,IFSC: Qualification,1,,,,,,,8631,B,/api/v1/routes/8631/startlist,
/api/v1/events/1298/result/2,1298,full_results_url,IFSC World Cup Villars 2023,SPEED Men,finished,2025-10-02 07:18:38 UTC,2026-04-22 08:45:23 UTC,,8118,speed,Final,Men,finished,2024-01-15 13:46:58 UTC,/api/v1/category_rounds/8118/results,speed_elimination_ifsc_2023,IFSC 2023+: Elimination,3,,,,,,,9887,A,/api/v1/routes/9887/startlist,
/api/v1/events/1298/result/2,1298,full_results_url,IFSC World Cup Villars 2023,SPEED Men,finished,2025-10-02 07:18:38 UTC,2026-04-22 08:45:23 UTC,,8118,speed,Final,Men,finished,2024-01-15 13:46:58 UTC,/api/v1/category_rounds/8118/results,speed_elimination_ifsc_2023,IFSC 2023+: Elimination,3,,,,,,,9888,B,/api/v1/routes/9888/startlist,
/api/v1/events/1298/result/6,1298,full_results_url,IFSC World Cup Villars 2023,SPEED Women,finished,2025-10-02 07:18:38 UTC,2026-04-22 08:45:27 UTC,,7692,speed,Qualification,Women,finished,2023-07-02 13:11:24 UTC,/api/v1/category_rounds/7692/results,speed_staggered,IFSC: Qualification,1,,,,,,,8632,A,/api/v1/routes/8632/startlist,
/api/v1/events/1298/result/6,1298,full_results_url,IFSC World Cup Villars 2023,SPEED Women,finished,2025-10-02 07:18:38 UTC,2026-04-22 08:45:27 UTC,,7692,speed,Qualification,Women,finished,2023-07-02 13:11:24 UTC,/api/v1/category_rounds/7692/results,speed_staggered,IFSC: Qualification,1,,,,,,,8633,B,/api/v1/routes/8633/startlist,
/api/v1/events/1298/result/6,1298,full_results_url,IFSC World Cup Villars 2023,SPEED Women,finished,2025-10-02 07:18:38 UTC,2026-04-22 08:45:27 UTC,,8119,speed,Final,Women,finished,2024-01-15 13:46:59 UTC,/api/v1/category_rounds/8119/results,speed_elimination_ifsc_2023,IFSC 2023+: Elimination,3,,,,,,,9889,A,/api/v1/routes/9889/startlist,
/api/v1/events/1298/result/6,1298,full_results_url,IFSC World Cup Villars 2023,SPEED Women,finished,2025-10-02 07:18:38 UTC,2026-04-22 08:45:27 UTC,,8119,speed,Final,Women,finished,2024-01-15 13:46:59 UTC,/api/v1/category_rounds/8119/results,speed_elimination_ifsc_2023,IFSC 2023+: Elimination,3,,,,,,,9890,B,/api/v1/routes/9890/startlist,
/api/v1/events/1328/result/233,1328,full_results_url,"IFSC Europe - Continental Youth Cup (L,S) - Imst (AUT) 2023",LEAD Juniors Male,finished,2025-10-02 07:18:39 UTC,2026-04-22 08:45:31 UTC,,7897,lead,Qualification,Juniors Male,finished,2023-07-01 10:39:17 UTC,/api/v1/category_rounds/7897/results,lead_one_group_two_routes,IFSC: 2 routes,19,,,,,,,9386,1,/api/v1/routes/9386/startlist,/api/v1/routes/9386/results
/api/v1/events/1328/result/233,1328,full_results_url,"IFSC Europe - Continental Youth Cup (L,S) - Imst (AUT) 2023",LEAD Juniors Male,finished,2025-10-02 07:18:39 UTC,2026-04-22 08:45:31 UTC,,7897,lead,Qualification,Juniors Male,finished,2023-07-01 10:39:17 UTC,/api/v1/category_rounds/7897/results,lead_one_group_two_routes,IFSC: 2 routes,19,,,,,,,9387,2,/api/v1/routes/9387/startlist,/api/v1/routes/9387/results
/api/v1/events/1328/result/233,1328,full_results_url,"IFSC Europe - Continental Youth Cup (L,S) - Imst (AUT) 2023",LEAD Juniors Male,finished,2025-10-02 07:18:39 UTC,2026-04-22 08:45:31 UTC,,8310,lead,Final,Juniors Male,finished,2023-07-02 12:00:44 UTC,/api/v1/category_rounds/8310/results,lead_one_group_one_route,IFSC: 1 route,21,,,,,,,10677,1,/api/v1/routes/10677/startlist,/api/v1/routes/10677/results
/api/v1/events/1328/result/237,1328,full_results_url,"IFSC Europe - Continental Youth Cup (L,S) - Imst (AUT) 2023",LEAD Youth A Male,finished,2025-10-02 07:18:39 UTC,2026-04-22 08:45:34 UTC,,7898,lead,Qualification,Youth A Male,finished,2023-07-01 16:48:21 UTC,/api/v1/category_rounds/7898/results,lead_one_group_two_routes,IFSC: 2 routes,19,,,,,,,9388,1,/api/v1/routes/9388/startlist,/api/v1/routes/9388/results
/api/v1/events/1328/result/237,1328,full_results_url,"IFSC Europe - Continental Youth Cup (L,S) - Imst (AUT) 2023",LEAD Youth A Male,finished,2025-10-02 07:18:39 UTC,2026-04-22 08:45:34 UTC,,7898,lead,Qualification,Youth A Male,finished,2023-07-01 16:48:21 UTC,/api/v1/category_rounds/7898/results,lead_one_group_two_routes,IFSC: 2 routes,19,,,,,,,9389,2,/api/v1/routes/9389/startlist,/api/v1/routes/9389/results
/api/v1/events/1328/result/237,1328,full_results_url,"IFSC Europe - Continental Youth Cup (L,S) - Imst (AUT) 2023",LEAD Youth A Male,finished,2025-10-02 07:18:39 UTC,2026-04-22 08:45:34 UTC,,8311,lead,Final,Youth A Male,finished,2023-07-02 10:32:38 UTC,/api/v1/category_rounds/8311/results,lead_one_group_one_route,IFSC: 1 route,21,,,,,,,10678,1,/api/v1/routes/10678/startlist,/api/v1/routes/10678/results
/api/v1/events/1328/result/241,1328,full_results_url,"IFSC Europe - Continental Youth Cup (L,S) - Imst (AUT) 2023",LEAD Youth B Male,finished,2025-10-02 07:18:39 UTC,2026-04-22 08:45:38 UTC,,7899,lead,Qualification,Youth B Male,finished,2023-07-01 12:47:12 UTC,/api/v1/category_rounds/7899/results,lead_one_group_two_routes,IFSC: 2 routes,19,,,,,,,9390,1,/api/v1/routes/9390/startlist,/api/v1/routes/9390/results
/api/v1/events/1328/result/241,1328,full_results_url,"IFSC Europe - Continental Youth Cup (L,S) - Imst (AUT) 2023",LEAD Youth B Male,finished,2025-10-02 07:18:39 UTC,2026-04-22 08:45:38 UTC,,7899,lead,Qualification,Youth B Male,finished,2023-07-01 12:47:12 UTC,/api/v1/category_rounds/7899/results,lead_one_group_two_routes,IFSC: 2 routes,19,,,,,,,9391,2,/api/v1/routes/9391/startlist,/api/v1/routes/9391/results
/api/v1/events/1328/result/241,1328,full_results_url,"IFSC Europe - Continental Youth Cup (L,S) - Imst (AUT) 2023",LEAD Youth B Male,finished,2025-10-02 07:18:39 UTC,2026-04-22 08:45:38 UTC,,8312,lead,Final,Youth B Male,finished,2023-07-02 09:00:46 UTC,/api/v1/category_rounds/8312/results,lead_one_group_one_route,IFSC: 1 route,21,,,,,,,10679,1,/api/v1/routes/10679/startlist,/api/v1/routes/10679/results
/api/v1/events/1328/result/249,1328,full_results_url,"IFSC Europe - Continental Youth Cup (L,S) - Imst (AUT) 2023",LEAD Juniors Female,finished,2025-10-02 07:18:39 UTC,2026-04-22 08:45:41 UTC,,7900,lead,Qualification,Juniors Female,finished,2023-07-01 15:49:12 UTC,/api/v1/category_rounds/7900/results,lead_one_group_two_routes,IFSC: 2 routes,19,,,,,,,9392,1,/api/v1/routes/9392/startlist,/api/v1/routes/9392/results
/api/v1/events/1328/result/249,1328,full_results_url,"IFSC Europe - Continental Youth Cup (L,S) - Imst (AUT) 2023",LEAD Juniors Female,finished,2025-10-02 07:18:39 UTC,2026-04-22 08:45:41 UTC,,7900,lead,Qualification,Juniors Female,finished,2023-07-01 15:49:12 UTC,/api/v1/category_rounds/7900/results,lead_one_group_two_routes,IFSC: 2 routes,19,,,,,,,9393,2,/api/v1/routes/9393/startlist,/api/v1/routes/9393/results
/api/v1/events/1328/result/249,1328,full_results_url,"IFSC Europe - Continental Youth Cup (L,S) - Imst (AUT) 2023",LEAD Juniors Female,finished,2025-10-02 07:18:39 UTC,2026-04-22 08:45:41 UTC,,8313,lead,Final,Juniors Female,finished,2023-07-02 11:59:57 UTC,/api/v1/category_rounds/8313/results,lead_one_group_one_route,IFSC: 1 route,21,,,,,,,10680,1,/api/v1/routes/10680/startlist,/api/v1/routes/10680/results
/api/v1/events/1328/result/253,1328,full_results_url,"IFSC Europe - Continental Youth Cup (L,S) - Imst (AUT) 2023",LEAD Youth A Female,finished,2025-10-02 07:18:39 UTC,2026-04-22 08:45:44 UTC,,7901,lead,Qualification,Youth A Female,finished,2023-07-01 12:20:41 UTC,/api/v1/category_rounds/7901/results,lead_one_group_two_routes,IFSC: 2 routes,19,,,,,,,9394,1,/api/v1/routes/9394/startlist,/api/v1/routes/9394/results
/api/v1/events/1328/result/253,1328,full_results_url,"IFSC Europe - Continental Youth Cup (L,S) - Imst (AUT) 2023",LEAD Youth A Female,finished,2025-10-02 07:18:39 UTC,2026-04-22 08:45:44 UTC,,7901,lead,Qualification,Youth A Female,finished,2023-07-01 12:20:41 UTC,/api/v1/category_rounds/7901/results,lead_one_group_two_routes,IFSC: 2 routes,19,,,,,,,9395,2,/api/v1/routes/9395/startlist,/api/v1/routes/9395/results
/api/v1/events/1328/result/253,1328,full_results_url,"IFSC Europe - Continental Youth Cup (L,S) - Imst (AUT) 2023",LEAD Youth A Female,finished,2025-10-02 07:18:39 UTC,2026-04-22 08:45:44 UTC,,8314,lead,Final,Youth A Female,finished,2023-07-02 10:33:49 UTC,/api/v1/category_rounds/8314/results,lead_one_group_one_route,IFSC: 1 route,21,,,,,,,10681,1,/api/v1/routes/10681/startlist,/api/v1/routes/10681/results
/api/v1/events/1328/result/257,1328,full_results_url,"IFSC Europe - Continental Youth Cup (L,S) - Imst (AUT) 2023",LEAD Youth B Female,finished,2025-10-02 07:18:39 UTC,2026-04-22 08:45:48 UTC,,7902,lead,Qualification,Youth B Female,finished,2023-07-01 17:45:13 UTC,/api/v1/category_rounds/7902/results,lead_one_group_two_routes,IFSC: 2 routes,19,,,,,,,9396,1,/api/v1/routes/9396/startlist,/api/v1/routes/9396/results
/api/v1/events/1328/result/257,1328,full_results_url,"IFSC Europe - Continental Youth Cup (L,S) - Imst (AUT) 2023",LEAD Youth B Female,finished,2025-10-02 07:18:39 UTC,2026-04-22 08:45:48 UTC,,7902,lead,Qualification,Youth B Female,finished,2023-07-01 17:45:13 UTC,/api/v1/category_rounds/7902/results,lead_one_group_two_routes,IFSC: 2 routes,19,,,,,,,9397,2,/api/v1/routes/9397/startlist,/api/v1/routes/9397/results
/api/v1/events/1328/result/257,1328,full_results_url,"IFSC Europe - Continental Youth Cup (L,S) - Imst (AUT) 2023",LEAD Youth B Female,finished,2025-10-02 07:18:39 UTC,2026-04-22 08:45:48 UTC,,8315,lead,Final,Youth B Female,finished,2023-07-02 08:59:31 UTC,/api/v1/category_rounds/8315/results,lead_one_group_one_route,IFSC: 1 route,21,,,,,,,10682,1,/api/v1/routes/10682/startlist,/api/v1/routes/10682/results
/api/v1/events/1328/result/234,1328,full_results_url,"IFSC Europe - Continental Youth Cup (L,S) - Imst (AUT) 2023",SPEED Juniors Male,finished,2025-10-02 07:18:39 UTC,2026-04-22 08:45:51 UTC,,7903,speed,Qualification,Juniors Male,finished,2023-06-30 10:47:26 UTC,/api/v1/category_rounds/7903/results,speed_staggered_tolerate_false_start,IFSC-E: Qualification (Tolerate FS),19,,,,,,,9629,A,/api/v1/routes/9629/startlist,
/api/v1/events/1328/result/234,1328,full_results_url,"IFSC Europe - Continental Youth Cup (L,S) - Imst (AUT) 2023",SPEED Juniors Male,finished,2025-10-02 07:18:39 UTC,2026-04-22 08:45:51 UTC,,7903,speed,Qualification,Juniors Male,finished,2023-06-30 10:47:26 UTC,/api/v1/category_rounds/7903/results,speed_staggered_tolerate_false_start,IFSC-E: Qualification (Tolerate FS),19,,,,,,,9630,B,/api/v1/routes/9630/startlist,
/api/v1/events/1328/result/234,1328,full_results_url,"IFSC Europe - Continental Youth Cup (L,S) - Imst (AUT) 2023",SPEED Juniors Male,finished,2025-10-02 07:18:39 UTC,2026-04-22 08:45:51 UTC,,8094,speed,Final,Juniors Male,finished,2024-01-15 11:57:07 UTC,/api/v1/category_rounds/8094/results,speed_elimination_ifsc_2023,IFSC 2023+: Elimination,21,,,,,,,10695,A,/api/v1/routes/10695/startlist,
/api/v1/events/1328/result/234,1328,full_results_url,"IFSC Europe - Continental Youth Cup (L,S) - Imst (AUT) 2023",SPEED Juniors Male,finished,2025-10-02 07:18:39 UTC,2026-04-22 08:45:51 UTC,,8094,speed,Final,Juniors Male,finished,2024-01-15 11:57:07 UTC,/api/v1/category_rounds/8094/results,speed_elimination_ifsc_2023,IFSC 2023+: Elimination,21,,,,,,,10696,B,/api/v1/routes/10696/startlist,
/api/v1/events/1328/result/238,1328,full_results_url,"IFSC Europe - Continental Youth Cup (L,S) - Imst (AUT) 2023",SPEED Youth A Male,finished,2025-10-02 07:18:39 UTC,2026-04-22 08:45:54 UTC,,7904,speed,Qualification,Youth A Male,finished,2023-06-30 10:19:08 UTC,/api/v1/category_rounds/7904/results,speed_staggered_tolerate_false_start,IFSC-E: Qualification (Tolerate FS),19,,,,,,,9631,A,/api/v1/routes/9631/startlist,
/api/v1/events/1328/result/238,1328,full_results_url,"IFSC Europe - Continental Youth Cup (L,S) - Imst (AUT) 2023",SPEED Youth A Male,finished,2025-10-02 07:18:39 UTC,2026-04-22 08:45:54 UTC,,7904,speed,Qualification,Youth A Male,finished,2023-06-30 10:19:08 UTC,/api/v1/category_rounds/7904/results,speed_staggered_tolerate_false_start,IFSC-E: Qualification (Tolerate FS),19,,,,,,,9632,B,/api/v1/routes/9632/startlist,
/api/v1/events/1328/result/238,1328,full_results_url,"IFSC Europe - Continental Youth Cup (L,S) - Imst (AUT) 2023",SPEED Youth A Male,finished,2025-10-02 07:18:39 UTC,2026-04-22 08:45:54 UTC,,8095,speed,Final,Youth A Male,finished,2024-01-15 11:57:08 UTC,/api/v1/category_rounds/8095/results,speed_elimination_ifsc_2023,IFSC 2023+: Elimination,21,,,,,,,10697,A,/api/v1/routes/10697/startlist,
/api/v1/events/1328/result/238,1328,full_results_url,"IFSC Europe - Continental Youth Cup (L,S) - Imst (AUT) 2023",SPEED Youth A Male,finished,2025-10-02 07:18:39 UTC,2026-04-22 08:45:54 UTC,,8095,speed,Final,Youth A Male,finished,2024-01-15 11:57:08 UTC,/api/v1/category_rounds/8095/results,speed_elimination_ifsc_2023,IFSC 2023+: Elimination,21,,,,,,,10698,B,/api/v1/routes/10698/startlist,
/api/v1/events/1328/result/242,1328,full_results_url,"IFSC Europe - Continental Youth Cup (L,S) - Imst (AUT) 2023",SPEED Youth B Male,finished,2025-10-02 07:18:39 UTC,2026-04-22 08:45:58 UTC,,7905,speed,Qualification,Youth B Male,finished,2023-06-30 09:48:20 UTC,/api/v1/category_rounds/7905/results,speed_staggered_tolerate_false_start,IFSC-E: Qualification (Tolerate FS),19,,,,,,,9633,A,/api/v1/routes/9633/startlist,
/api/v1/events/1328/result/242,1328,full_results_url,"IFSC Europe - Continental Youth Cup (L,S) - Imst (AUT) 2023",SPEED Youth B Male,finished,2025-10-02 07:18:39 UTC,2026-04-22 08:45:58 UTC,,7905,speed,Qualification,Youth B Male,finished,2023-06-30 09:48:20 UTC,/api/v1/category_rounds/7905/results,speed_staggered_tolerate_false_start,IFSC-E: Qualification (Tolerate FS),19,,,,,,,9634,B,/api/v1/routes/9634/startlist,
/api/v1/events/1328/result/242,1328,full_results_url,"IFSC Europe - Continental Youth Cup (L,S) - Imst (AUT) 2023",SPEED Youth B Male,finished,2025-10-02 07:18:39 UTC,2026-04-22 08:45:58 UTC,,8096,speed,Final,Youth B Male,finished,2024-01-15 11:57:08 UTC,/api/v1/category_rounds/8096/results,speed_elimination_ifsc_2023,IFSC 2023+: Elimination,21,,,,,,,10699,A,/api/v1/routes/10699/startlist,
/api/v1/events/1328/result/242,1328,full_results_url,"IFSC Europe - Continental Youth Cup (L,S) - Imst (AUT) 2023",SPEED Youth B Male,finished,2025-10-02 07:18:39 UTC,2026-04-22 08:45:58 UTC,,8096,speed,Final,Youth B Male,finished,2024-01-15 11:57:08 UTC,/api/v1/category_rounds/8096/results,speed_elimination_ifsc_2023,IFSC 2023+: Elimination,21,,,,,,,10700,B,/api/v1/routes/10700/startlist,
/api/v1/events/1328/result/250,1328,full_results_url,"IFSC Europe - Continental Youth Cup (L,S) - Imst (AUT) 2023",SPEED Juniors Female,finished,2025-10-02 07:18:39 UTC,2026-04-22 08:46:01 UTC,,7906,speed,Qualification,Juniors Female,finished,2023-06-30 10:34:14 UTC,/api/v1/category_rounds/7906/results,speed_staggered_tolerate_false_start,IFSC-E: Qualification (Tolerate FS),19,,,,,,,9635,A,/api/v1/routes/9635/startlist,
/api/v1/events/1328/result/250,1328,full_results_url,"IFSC Europe - Continental Youth Cup (L,S) - Imst (AUT) 2023",SPEED Juniors Female,finished,2025-10-02 07:18:39 UTC,2026-04-22 08:46:01 UTC,,7906,speed,Qualification,Juniors Female,finished,2023-06-30 10:34:14 UTC,/api/v1/category_rounds/7906/results,speed_staggered_tolerate_false_start,IFSC-E: Qualification (Tolerate FS),19,,,,,,,9636,B,/api/v1/routes/9636/startlist,
/api/v1/events/1328/result/250,1328,full_results_url,"IFSC Europe - Continental Youth Cup (L,S) - Imst (AUT) 2023",SPEED Juniors Female,finished,2025-10-02 07:18:39 UTC,2026-04-22 08:46:01 UTC,,8097,speed,Final,Juniors Female,finished,2023-06-30 11:43:41 UTC,/api/v1/category_rounds/8097/results,speed_elimination_ifsc_2023,IFSC 2023+: Elimination,21,,,,,,,10701,A,/api/v1/routes/10701/startlist,
/api/v1/events/1328/result/250,1328,full_results_url,"IFSC Europe - Continental Youth Cup (L,S) - Imst (AUT) 2023",SPEED Juniors Female,finished,2025-10-02 07:18:39 UTC,2026-04-22 08:46:01 UTC,,8097,speed,Final,Juniors Female,finished,2023-06-30 11:43:41 UTC,/api/v1/category_rounds/8097/results,speed_elimination_ifsc_2023,IFSC 2023+: Elimination,21,,,,,,,10702,B,/api/v1/routes/10702/startlist,
/api/v1/events/1328/result/254,1328,full_results_url,"IFSC Europe - Continental Youth Cup (L,S) - Imst (AUT) 2023",SPEED Youth A Female,finished,2025-10-02 07:18:39 UTC,2026-04-22 08:46:04 UTC,,7907,speed,Qualification,Youth A Female,finished,2023-06-30 10:01:58 UTC,/api/v1/category_rounds/7907/results,speed_staggered_tolerate_false_start,IFSC-E: Qualification (Tolerate FS),19,,,,,,,9637,A,/api/v1/routes/9637/startlist,
/api/v1/events/1328/result/254,1328,full_results_url,"IFSC Europe - Continental Youth Cup (L,S) - Imst (AUT) 2023",SPEED Youth A Female,finished,2025-10-02 07:18:39 UTC,2026-04-22 08:46:04 UTC,,7907,speed,Qualification,Youth A Female,finished,2023-06-30 10:01:58 UTC,/api/v1/category_rounds/7907/results,speed_staggered_tolerate_false_start,IFSC-E: Qualification (Tolerate FS),19,,,,,,,9638,B,/api/v1/routes/9638/startlist,
/api/v1/events/1328/result/254,1328,full_results_url,"IFSC Europe - Continental Youth Cup (L,S) - Imst (AUT) 2023",SPEED Youth A Female,finished,2025-10-02 07:18:39 UTC,2026-04-22 08:46:04 UTC,,8098,speed,Final,Youth A Female,finished,2024-01-15 11:57:09 UTC,/api/v1/category_rounds/8098/results,speed_elimination_ifsc_2023,IFSC 2023+: Elimination,21,,,,,,,10703,A,/api/v1/routes/10703/startlist,
/api/v1/events/1328/result/254,1328,full_results_url,"IFSC Europe - Continental Youth Cup (L,S) - Imst (AUT) 2023",SPEED Youth A Female,finished,2025-10-02 07:18:39 UTC,2026-04-22 08:46:04 UTC,,8098,speed,Final,Youth A Female,finished,2024-01-15 11:57:09 UTC,/api/v1/category_rounds/8098/results,speed_elimination_ifsc_2023,IFSC 2023+: Elimination,21,,,,,,,10704,B,/api/v1/routes/10704/startlist,
/api/v1/events/1328/result/258,1328,full_results_url,"IFSC Europe - Continental Youth Cup (L,S) - Imst (AUT) 2023",SPEED Youth B Female,finished,2025-10-02 07:18:39 UTC,2026-04-22 08:46:07 UTC,,7908,speed,Qualification,Youth B Female,finished,2023-06-30 09:29:24 UTC,/api/v1/category_rounds/7908/results,speed_staggered_tolerate_false_start,IFSC-E: Qualification (Tolerate FS),19,,,,,,,9639,A,/api/v1/routes/9639/startlist,
/api/v1/events/1328/result/258,1328,full_results_url,"IFSC Europe - Continental Youth Cup (L,S) - Imst (AUT) 2023",SPEED Youth B Female,finished,2025-10-02 07:18:39 UTC,2026-04-22 08:46:07 UTC,,7908,speed,Qualification,Youth B Female,finished,2023-06-30 09:29:24 UTC,/api/v1/category_rounds/7908/results,speed_staggered_tolerate_false_start,IFSC-E: Qualification (Tolerate FS),19,,,,,,,9640,B,/api/v1/routes/9640/startlist,
/api/v1/events/1328/result/258,1328,full_results_url,"IFSC Europe - Continental Youth Cup (L,S) - Imst (AUT) 2023",SPEED Youth B Female,finished,2025-10-02 07:18:39 UTC,2026-04-22 08:46:07 UTC,,8099,speed,Final,Youth B Female,finished,2024-01-15 11:57:09 UTC,/api/v1/category_rounds/8099/results,speed_elimination_ifsc_2023,IFSC 2023+: Elimination,21,,,,,,,10705,A,/api/v1/routes/10705/startlist,
/api/v1/events/1328/result/258,1328,full_results_url,"IFSC Europe - Continental Youth Cup (L,S) - Imst (AUT) 2023",SPEED Youth B Female,finished,2025-10-02 07:18:39 UTC,2026-04-22 08:46:07 UTC,,8099,speed,Final,Youth B Female,finished,2024-01-15 11:57:09 UTC,/api/v1/category_rounds/8099/results,speed_elimination_ifsc_2023,IFSC 2023+: Elimination,21,,,,,,,10706,B,/api/v1/routes/10706/startlist,
/api/v1/events/1299/result/1,1299,full_results_url,IFSC World Cup Chamonix 2023,LEAD Men,finished,2025-10-02 07:18:38 UTC,2026-04-22 08:46:11 UTC,,7693,lead,Qualification,Men,finished,2023-07-08 14:50:27 UTC,/api/v1/category_rounds/7693/results,lead_one_group_two_routes,IFSC: 2 routes,1,,,,,,,8634,1,/api/v1/routes/8634/startlist,/api/v1/routes/8634/results
/api/v1/events/1299/result/1,1299,full_results_url,IFSC World Cup Chamonix 2023,LEAD Men,finished,2025-10-02 07:18:38 UTC,2026-04-22 08:46:11 UTC,,7693,lead,Qualification,Men,finished,2023-07-08 14:50:27 UTC,/api/v1/category_rounds/7693/results,lead_one_group_two_routes,IFSC: 2 routes,1,,,,,,,8635,2,/api/v1/routes/8635/startlist,/api/v1/routes/8635/results
/api/v1/events/1299/result/1,1299,full_results_url,IFSC World Cup Chamonix 2023,LEAD Men,finished,2025-10-02 07:18:38 UTC,2026-04-22 08:46:11 UTC,,8330,lead,Semi-final,Men,finished,2023-07-09 10:45:11 UTC,/api/v1/category_rounds/8330/results,lead_one_group_one_route,IFSC: 1 route,2,,,,,,,10735,1,/api/v1/routes/10735/startlist,/api/v1/routes/10735/results
/api/v1/events/1299/result/1,1299,full_results_url,IFSC World Cup Chamonix 2023,LEAD Men,finished,2025-10-02 07:18:38 UTC,2026-04-22 08:46:11 UTC,,8332,lead,Final,Men,finished,2023-07-09 20:57:46 UTC,/api/v1/category_rounds/8332/results,lead_one_group_one_route,IFSC: 1 route,3,,,,,,,10737,1,/api/v1/routes/10737/startlist,/api/v1/routes/10737/results
/api/v1/events/1299/result/5,1299,full_results_url,IFSC World Cup Chamonix 2023,LEAD Women,finished,2025-10-02 07:18:38 UTC,2026-04-22 08:46:15 UTC,,7694,lead,Qualification,Women,finished,2023-07-08 14:13:54 UTC,/api/v1/category_rounds/7694/results,lead_one_group_two_routes,IFSC: 2 routes,1,,,,,,,8636,1,/api/v1/routes/8636/startlist,/api/v1/routes/8636/results
/api/v1/events/1299/result/5,1299,full_results_url,IFSC World Cup Chamonix 2023,LEAD Women,finished,2025-10-02 07:18:38 UTC,2026-04-22 08:46:15 UTC,,7694,lead,Qualification,Women,finished,2023-07-08 14:13:54 UTC,/api/v1/category_rounds/7694/results,lead_one_group_two_routes,IFSC: 2 routes,1,,,,,,,8637,2,/api/v1/routes/8637/startlist,/api/v1/routes/8637/results
/api/v1/events/1299/result/5,1299,full_results_url,IFSC World Cup Chamonix 2023,LEAD Women,finished,2025-10-02 07:18:38 UTC,2026-04-22 08:46:15 UTC,,8331,lead,Semi-final,Women,finished,2023-07-09 10:37:27 UTC,/api/v1/category_rounds/8331/results,lead_one_group_one_route,IFSC: 1 route,2,,,,,,,10736,1,/api/v1/routes/10736/startlist,/api/v1/routes/10736/results
/api/v1/events/1299/result/5,1299,full_results_url,IFSC World Cup Chamonix 2023,LEAD Women,finished,2025-10-02 07:18:38 UTC,2026-04-22 08:46:15 UTC,,8333,lead,Final,Women,finished,2023-07-09 19:52:30 UTC,/api/v1/category_rounds/8333/results,lead_one_group_one_route,IFSC: 1 route,3,,,,,,,10738,1,/api/v1/routes/10738/startlist,/api/v1/routes/10738/results
/api/v1/events/1299/result/2,1299,full_results_url,IFSC World Cup Chamonix 2023,SPEED Men,finished,2025-10-02 07:18:38 UTC,2026-04-22 08:46:18 UTC,,7695,speed,Qualification,Men,finished,2023-07-07 19:42:25 UTC,/api/v1/category_rounds/7695/results,speed_staggered,IFSC: Qualification,1,,,,,,,8638,A,/api/v1/routes/8638/startlist,
/api/v1/events/1299/result/2,1299,full_results_url,IFSC World Cup Chamonix 2023,SPEED Men,finished,2025-10-02 07:18:38 UTC,2026-04-22 08:46:18 UTC,,7695,speed,Qualification,Men,finished,2023-07-07 19:42:25 UTC,/api/v1/category_rounds/7695/results,speed_staggered,IFSC: Qualification,1,,,,,,,8639,B,/api/v1/routes/8639/startlist,
/api/v1/events/1299/result/2,1299,full_results_url,IFSC World Cup Chamonix 2023,SPEED Men,finished,2025-10-02 07:18:38 UTC,2026-04-22 08:46:18 UTC,,8334,speed,Final,Men,finished,2024-01-15 13:01:37 UTC,/api/v1/category_rounds/8334/results,speed_elimination_ifsc_2023,IFSC 2023+: Elimination,3,,,,,,,10739,A,/api/v1/routes/10739/startlist,
/api/v1/events/1299/result/2,1299,full_results_url,IFSC World Cup Chamonix 2023,SPEED Men,finished,2025-10-02 07:18:38 UTC,2026-04-22 08:46:18 UTC,,8334,speed,Final,Men,finished,2024-01-15 13:01:37 UTC,/api/v1/category_rounds/8334/results,speed_elimination_ifsc_2023,IFSC 2023+: Elimination,3,,,,,,,10740,B,/api/v1/routes/10740/startlist,
/api/v1/events/1299/result/6,1299,full_results_url,IFSC World Cup Chamonix 2023,SPEED Women,finished,2025-10-02 07:18:38 UTC,2026-04-22 08:46:22 UTC,,7696,speed,Qualification,Women,finished,2023-07-07 19:43:38 UTC,/api/v1/category_rounds/7696/results,speed_staggered,IFSC: Qualification,1,,,,,,,8640,A,/api/v1/routes/8640/startlist,
/api/v1/events/1299/result/6,1299,full_results_url,IFSC World Cup Chamonix 2023,SPEED Women,finished,2025-10-02 07:18:38 UTC,2026-04-22 08:46:22 UTC,,7696,speed,Qualification,Women,finished,2023-07-07 19:43:38 UTC,/api/v1/category_rounds/7696/results,speed_staggered,IFSC: Qualification,1,,,,,,,8641,B,/api/v1/routes/8641/startlist,
/api/v1/events/1299/result/6,1299,full_results_url,IFSC World Cup Chamonix 2023,SPEED Women,finished,2025-10-02 07:18:38 UTC,2026-04-22 08:46:22 UTC,,8335,speed,Final,Women,finished,2024-01-15 13:01:38 UTC,/api/v1/category_rounds/8335/results,speed_elimination_ifsc_2023,IFSC 2023+: Elimination,3,,,,,,,10741,A,/api/v1/routes/10741/startlist,
/api/v1/events/1299/result/6,1299,full_results_url,IFSC World Cup Chamonix 2023,SPEED Women,finished,2025-10-02 07:18:38 UTC,2026-04-22 08:46:22 UTC,,8335,speed,Final,Women,finished,2024-01-15 13:01:38 UTC,/api/v1/category_rounds/8335/results,speed_elimination_ifsc_2023,IFSC 2023+: Elimination,3,,,,,,,10742,B,/api/v1/routes/10742/startlist,
/api/v1/events/1342/result/194,1342,full_results_url,IFSC Asia - Continental Youth Cup (S) - Singapore (SGP) 2023,SPEED Juniors Male,finished,2025-10-02 07:18:39 UTC,2026-04-22 08:46:26 UTC,,8052,speed,Qualification,Juniors Male,finished,2023-07-08 04:33:35 UTC,/api/v1/category_rounds/8052/results,speed_staggered,IFSC: Qualification,13,,,,,,,9703,A,/api/v1/routes/9703/startlist,
/api/v1/events/1342/result/194,1342,full_results_url,IFSC Asia - Continental Youth Cup (S) - Singapore (SGP) 2023,SPEED Juniors Male,finished,2025-10-02 07:18:39 UTC,2026-04-22 08:46:26 UTC,,8052,speed,Qualification,Juniors Male,finished,2023-07-08 04:33:35 UTC,/api/v1/category_rounds/8052/results,speed_staggered,IFSC: Qualification,13,,,,,,,9704,B,/api/v1/routes/9704/startlist,
/api/v1/events/1342/result/194,1342,full_results_url,IFSC Asia - Continental Youth Cup (S) - Singapore (SGP) 2023,SPEED Juniors Male,finished,2025-10-02 07:18:39 UTC,2026-04-22 08:46:26 UTC,,8336,speed,Final,Juniors Male,finished,2023-07-08 06:28:25 UTC,/api/v1/category_rounds/8336/results,speed_elimination_ifsc_2023,IFSC 2023+: Elimination,15,,,,,,,10743,A,/api/v1/routes/10743/startlist,
/api/v1/events/1342/result/194,1342,full_results_url,IFSC Asia - Continental Youth Cup (S) - Singapore (SGP) 2023,SPEED Juniors Male,finished,2025-10-02 07:18:39 UTC,2026-04-22 08:46:26 UTC,,8336,speed,Final,Juniors Male,finished,2023-07-08 06:28:25 UTC,/api/v1/category_rounds/8336/results,speed_elimination_ifsc_2023,IFSC 2023+: Elimination,15,,,,,,,10744,B,/api/v1/routes/10744/startlist,
/api/v1/events/1342/result/198,1342,full_results_url,IFSC Asia - Continental Youth Cup (S) - Singapore (SGP) 2023,SPEED Youth A Male,finished,2025-10-02 07:18:39 UTC,2026-04-22 08:46:29 UTC,,8053,speed,Qualification,Youth A Male,finished,2023-07-08 04:33:47 UTC,/api/v1/category_rounds/8053/results,speed_staggered,IFSC: Qualification,13,,,,,,,9705,A,/api/v1/routes/9705/startlist,
/api/v1/events/1342/result/198,1342,full_results_url,IFSC Asia - Continental Youth Cup (S) - Singapore (SGP) 2023,SPEED Youth A Male,finished,2025-10-02 07:18:39 UTC,2026-04-22 08:46:29 UTC,,8053,speed,Qualification,Youth A Male,finished,2023-07-08 04:33:47 UTC,/api/v1/category_rounds/8053/results,speed_staggered,IFSC: Qualification,13,,,,,,,9706,B,/api/v1/routes/9706/startlist,
/api/v1/events/1342/result/198,1342,full_results_url,IFSC Asia - Continental Youth Cup (S) - Singapore (SGP) 2023,SPEED Youth A Male,finished,2025-10-02 07:18:39 UTC,2026-04-22 08:46:29 UTC,,8337,speed,Final,Youth A Male,finished,2025-04-29 08:18:44 UTC,/api/v1/category_rounds/8337/results,speed_elimination_ifsc_2023,IFSC 2023+: Elimination,15,,,,,,,10745,A,/api/v1/routes/10745/startlist,
/api/v1/events/1342/result/198,1342,full_results_url,IFSC Asia - Continental Youth Cup (S) - Singapore (SGP) 2023,SPEED Youth A Male,finished,2025-10-02 07:18:39 UTC,2026-04-22 08:46:29 UTC,,8337,speed,Final,Youth A Male,finished,2025-04-29 08:18:44 UTC,/api/v1/category_rounds/8337/results,speed_elimination_ifsc_2023,IFSC 2023+: Elimination,15,,,,,,,10746,B,/api/v1/routes/10746/startlist,
/api/v1/events/1342/result/202,1342,full_results_url,IFSC Asia - Continental Youth Cup (S) - Singapore (SGP) 2023,SPEED Youth B Male,finished,2025-10-02 07:18:39 UTC,2026-04-22 08:46:32 UTC,,8054,speed,Qualification,Youth B Male,finished,2023-07-08 04:35:36 UTC,/api/v1/category_rounds/8054/results,speed_staggered,IFSC: Qualification,13,,,,,,,9707,A,/api/v1/routes/9707/startlist,
/api/v1/events/1342/result/202,1342,full_results_url,IFSC Asia - Continental Youth Cup (S) - Singapore (SGP) 2023,SPEED Youth B Male,finished,2025-10-02 07:18:39 UTC,2026-04-22 08:46:32 UTC,,8054,speed,Qualification,Youth B Male,finished,2023-07-08 04:35:36 UTC,/api/v1/category_rounds/8054/results,speed_staggered,IFSC: Qualification,13,,,,,,,9708,B,/api/v1/routes/9708/startlist,
/api/v1/events/1342/result/202,1342,full_results_url,IFSC Asia - Continental Youth Cup (S) - Singapore (SGP) 2023,SPEED Youth B Male,finished,2025-10-02 07:18:39 UTC,2026-04-22 08:46:32 UTC,,8338,speed,Final,Youth B Male,finished,2023-07-08 06:26:15 UTC,/api/v1/category_rounds/8338/results,speed_elimination_ifsc_2023,IFSC 2023+: Elimination,15,,,,,,,10747,A,/api/v1/routes/10747/startlist,
/api/v1/events/1342/result/202,1342,full_results_url,IFSC Asia - Continental Youth Cup (S) - Singapore (SGP) 2023,SPEED Youth B Male,finished,2025-10-02 07:18:39 UTC,2026-04-22 08:46:32 UTC,,8338,speed,Final,Youth B Male,finished,2023-07-08 06:26:15 UTC,/api/v1/category_rounds/8338/results,speed_elimination_ifsc_2023,IFSC 2023+: Elimination,15,,,,,,,10748,B,/api/v1/routes/10748/startlist,
/api/v1/events/1342/result/210,1342,full_results_url,IFSC Asia - Continental Youth Cup (S) - Singapore (SGP) 2023,SPEED Juniors Female,finished,2025-10-02 07:18:39 UTC,2026-04-22 08:46:35 UTC,,8055,speed,Qualification,Juniors Female,finished,2023-07-08 04:33:17 UTC,/api/v1/category_rounds/8055/results,speed_staggered,IFSC: Qualification,13,,,,,,,9709,A,/api/v1/routes/9709/startlist,
/api/v1/events/1342/result/210,1342,full_results_url,IFSC Asia - Continental Youth Cup (S) - Singapore (SGP) 2023,SPEED Juniors Female,finished,2025-10-02 07:18:39 UTC,2026-04-22 08:46:35 UTC,,8055,speed,Qualification,Juniors Female,finished,2023-07-08 04:33:17 UTC,/api/v1/category_rounds/8055/results,speed_staggered,IFSC: Qualification,13,,,,,,,9710,B,/api/v1/routes/9710/startlist,
/api/v1/events/1342/result/210,1342,full_results_url,IFSC Asia - Continental Youth Cup (S) - Singapore (SGP) 2023,SPEED Juniors Female,finished,2025-10-02 07:18:39 UTC,2026-04-22 08:46:35 UTC,,8339,speed,Final,Juniors Female,finished,2023-07-08 06:26:59 UTC,/api/v1/category_rounds/8339/results,speed_elimination_ifsc_2023,IFSC 2023+: Elimination,15,,,,,,,10749,A,/api/v1/routes/10749/startlist,
/api/v1/events/1342/result/210,1342,full_results_url,IFSC Asia - Continental Youth Cup (S) - Singapore (SGP) 2023,SPEED Juniors Female,finished,2025-10-02 07:18:39 UTC,2026-04-22 08:46:35 UTC,,8339,speed,Final,Juniors Female,finished,2023-07-08 06:26:59 UTC,/api/v1/category_rounds/8339/results,speed_elimination_ifsc_2023,IFSC 2023+: Elimination,15,,,,,,,10750,B,/api/v1/routes/10750/startlist,
/api/v1/events/1342/result/214,1342,full_results_url,IFSC Asia - Continental Youth Cup (S) - Singapore (SGP) 2023,SPEED Youth A Female,finished,2025-10-02 07:18:39 UTC,2026-04-22 08:46:38 UTC,,8056,speed,Qualification,Youth A Female,finished,2023-07-08 04:33:29 UTC,/api/v1/category_rounds/8056/results,speed_staggered,IFSC: Qualification,13,,,,,,,9711,A,/api/v1/routes/9711/startlist,
/api/v1/events/1342/result/214,1342,full_results_url,IFSC Asia - Continental Youth Cup (S) - Singapore (SGP) 2023,SPEED Youth A Female,finished,2025-10-02 07:18:39 UTC,2026-04-22 08:46:38 UTC,,8056,speed,Qualification,Youth A Female,finished,2023-07-08 04:33:29 UTC,/api/v1/category_rounds/8056/results,speed_staggered,IFSC: Qualification,13,,,,,,,9712,B,/api/v1/routes/9712/startlist,
/api/v1/events/1342/result/214,1342,full_results_url,IFSC Asia - Continental Youth Cup (S) - Singapore (SGP) 2023,SPEED Youth A Female,finished,2025-10-02 07:18:39 UTC,2026-04-22 08:46:38 UTC,,8340,speed,Final,Youth A Female,finished,2023-07-08 06:28:14 UTC,/api/v1/category_rounds/8340/results,speed_elimination_ifsc_2023,IFSC 2023+: Elimination,15,,,,,,,10751,A,/api/v1/routes/10751/startlist,
/api/v1/events/1342/result/214,1342,full_results_url,IFSC Asia - Continental Youth Cup (S) - Singapore (SGP) 2023,SPEED Youth A Female,finished,2025-10-02 07:18:39 UTC,2026-04-22 08:46:38 UTC,,8340,speed,Final,Youth A Female,finished,2023-07-08 06:28:14 UTC,/api/v1/category_rounds/8340/results,speed_elimination_ifsc_2023,IFSC 2023+: Elimination,15,,,,,,,10752,B,/api/v1/routes/10752/startlist,
/api/v1/events/1342/result/218,1342,full_results_url,IFSC Asia - Continental Youth Cup (S) - Singapore (SGP) 2023,SPEED Youth B Female,finished,2025-10-02 07:18:39 UTC,2026-04-22 08:46:41 UTC,,8057,speed,Qualification,Youth B Female,finished,2023-07-08 04:31:37 UTC,/api/v1/category_rounds/8057/results,speed_staggered,IFSC: Qualification,13,,,,,,,9713,A,/api/v1/routes/9713/startlist,
/api/v1/events/1342/result/218,1342,full_results_url,IFSC Asia - Continental Youth Cup (S) - Singapore (SGP) 2023,SPEED Youth B Female,finished,2025-10-02 07:18:39 UTC,2026-04-22 08:46:41 UTC,,8057,speed,Qualification,Youth B Female,finished,2023-07-08 04:31:37 UTC,/api/v1/category_rounds/8057/results,speed_staggered,IFSC: Qualification,13,,,,,,,9714,B,/api/v1/routes/9714/startlist,
/api/v1/events/1342/result/218,1342,full_results_url,IFSC Asia - Continental Youth Cup (S) - Singapore (SGP) 2023,SPEED Youth B Female,finished,2025-10-02 07:18:39 UTC,2026-04-22 08:46:41 UTC,,8341,speed,Final,Youth B Female,finished,2023-07-08 06:25:14 UTC,/api/v1/category_rounds/8341/results,speed_elimination_ifsc_2023,IFSC 2023+: Elimination,15,,,,,,,10753,A,/api/v1/routes/10753/startlist,
/api/v1/events/1342/result/218,1342,full_results_url,IFSC Asia - Continental Youth Cup (S) - Singapore (SGP) 2023,SPEED Youth B Female,finished,2025-10-02 07:18:39 UTC,2026-04-22 08:46:41 UTC,,8341,speed,Final,Youth B Female,finished,2023-07-08 06:25:14 UTC,/api/v1/category_rounds/8341/results,speed_elimination_ifsc_2023,IFSC 2023+: Elimination,15,,,,,,,10754,B,/api/v1/routes/10754/startlist,
/api/v1/events/1300/result/1,1300,full_results_url,IFSC World Cup Briançon 2023,LEAD Men,finished,2025-10-02 07:18:38 UTC,2026-04-22 08:46:44 UTC,,7697,lead,Qualification,Men,finished,2023-07-14 13:49:16 UTC,/api/v1/category_rounds/7697/results,lead_one_group_two_routes,IFSC: 2 routes,1,,,,,,,8642,1,/api/v1/routes/8642/startlist,/api/v1/routes/8642/results
/api/v1/events/1300/result/1,1300,full_results_url,IFSC World Cup Briançon 2023,LEAD Men,finished,2025-10-02 07:18:38 UTC,2026-04-22 08:46:44 UTC,,7697,lead,Qualification,Men,finished,2023-07-14 13:49:16 UTC,/api/v1/category_rounds/7697/results,lead_one_group_two_routes,IFSC: 2 routes,1,,,,,,,8643,2,/api/v1/routes/8643/startlist,/api/v1/routes/8643/results
/api/v1/events/1300/result/1,1300,full_results_url,IFSC World Cup Briançon 2023,LEAD Men,finished,2025-10-02 07:18:38 UTC,2026-04-22 08:46:44 UTC,,8316,lead,Semi-final,Men,finished,2023-07-14 21:17:06 UTC,/api/v1/category_rounds/8316/results,lead_one_group_one_route,IFSC: 1 route,2,,,,,,,10707,1,/api/v1/routes/10707/startlist,/api/v1/routes/10707/results
/api/v1/events/1300/result/1,1300,full_results_url,IFSC World Cup Briançon 2023,LEAD Men,finished,2025-10-02 07:18:38 UTC,2026-04-22 08:46:44 UTC,,8328,lead,Final,Men,finished,2023-07-15 19:27:13 UTC,/api/v1/category_rounds/8328/results,lead_one_group_one_route,IFSC: 1 route,3,,,,,,,10733,1,/api/v1/routes/10733/startlist,/api/v1/routes/10733/results
/api/v1/events/1300/result/5,1300,full_results_url,IFSC World Cup Briançon 2023,LEAD Women,finished,2025-10-02 07:18:38 UTC,2026-04-22 08:46:48 UTC,,7698,lead,Qualification,Women,finished,2023-07-14 13:48:46 UTC,/api/v1/category_rounds/7698/results,lead_one_group_two_routes,IFSC: 2 routes,1,,,,,,,8644,1,/api/v1/routes/8644/startlist,/api/v1/routes/8644/results
/api/v1/events/1300/result/5,1300,full_results_url,IFSC World Cup Briançon 2023,LEAD Women,finished,2025-10-02 07:18:38 UTC,2026-04-22 08:46:48 UTC,,7698,lead,Qualification,Women,finished,2023-07-14 13:48:46 UTC,/api/v1/category_rounds/7698/results,lead_one_group_two_routes,IFSC: 2 routes,1,,,,,,,8645,2,/api/v1/routes/8645/startlist,/api/v1/routes/8645/results
/api/v1/events/1300/result/5,1300,full_results_url,IFSC World Cup Briançon 2023,LEAD Women,finished,2025-10-02 07:18:38 UTC,2026-04-22 08:46:48 UTC,,8317,lead,Semi-final,Women,finished,2023-07-14 21:20:30 UTC,/api/v1/category_rounds/8317/results,lead_one_group_one_route,IFSC: 1 route,2,,,,,,,10708,1,/api/v1/routes/10708/startlist,/api/v1/routes/10708/results
/api/v1/events/1300/result/5,1300,full_results_url,IFSC World Cup Briançon 2023,LEAD Women,finished,2025-10-02 07:18:38 UTC,2026-04-22 08:46:48 UTC,,8329,lead,Final,Women,finished,2023-07-15 20:38:37 UTC,/api/v1/category_rounds/8329/results,lead_one_group_one_route,IFSC: 1 route,3,,,,,,,10734,1,/api/v1/routes/10734/startlist,/api/v1/routes/10734/results
/api/v1/events/1324/result/225,1324,full_results_url,IFSC European Cup Žilina 2023,LEAD Men,finished,2025-10-02 07:18:39 UTC,2026-04-22 08:46:52 UTC,,7879,lead,Qualification,Men,finished,2023-07-21 11:34:38 UTC,/api/v1/category_rounds/7879/results,lead_one_group_two_routes,IFSC: 2 routes,16,,,,,,,9350,1,/api/v1/routes/9350/startlist,/api/v1/routes/9350/results
/api/v1/events/1324/result/225,1324,full_results_url,IFSC European Cup Žilina 2023,LEAD Men,finished,2025-10-02 07:18:39 UTC,2026-04-22 08:46:52 UTC,,7879,lead,Qualification,Men,finished,2023-07-21 11:34:38 UTC,/api/v1/category_rounds/7879/results,lead_one_group_two_routes,IFSC: 2 routes,16,,,,,,,9351,2,/api/v1/routes/9351/startlist,/api/v1/routes/9351/results
/api/v1/events/1324/result/225,1324,full_results_url,IFSC European Cup Žilina 2023,LEAD Men,finished,2025-10-02 07:18:39 UTC,2026-04-22 08:46:52 UTC,,8342,lead,Semi-Final,Men,finished,2023-07-22 09:32:07 UTC,/api/v1/category_rounds/8342/results,lead_one_group_one_route,IFSC: 1 route,17,,,,,,,10795,1,/api/v1/routes/10795/startlist,/api/v1/routes/10795/results
/api/v1/events/1324/result/225,1324,full_results_url,IFSC European Cup Žilina 2023,LEAD Men,finished,2025-10-02 07:18:39 UTC,2026-04-22 08:46:52 UTC,,8344,lead,Final,Men,finished,2023-07-22 17:44:15 UTC,/api/v1/category_rounds/8344/results,lead_one_group_one_route,IFSC: 1 route,18,,,,,,,10797,1,/api/v1/routes/10797/startlist,/api/v1/routes/10797/results
/api/v1/events/1324/result/229,1324,full_results_url,IFSC European Cup Žilina 2023,LEAD Women,finished,2025-10-02 07:18:39 UTC,2026-04-22 08:46:55 UTC,,7880,lead,Qualification,Women,finished,2023-07-21 10:56:51 UTC,/api/v1/category_rounds/7880/results,lead_one_group_two_routes,IFSC: 2 routes,16,,,,,,,9352,1,/api/v1/routes/9352/startlist,/api/v1/routes/9352/results
/api/v1/events/1324/result/229,1324,full_results_url,IFSC European Cup Žilina 2023,LEAD Women,finished,2025-10-02 07:18:39 UTC,2026-04-22 08:46:55 UTC,,7880,lead,Qualification,Women,finished,2023-07-21 10:56:51 UTC,/api/v1/category_rounds/7880/results,lead_one_group_two_routes,IFSC: 2 routes,16,,,,,,,9353,2,/api/v1/routes/9353/startlist,/api/v1/routes/9353/results
/api/v1/events/1324/result/229,1324,full_results_url,IFSC European Cup Žilina 2023,LEAD Women,finished,2025-10-02 07:18:39 UTC,2026-04-22 08:46:55 UTC,,8343,lead,Semi-Final,Women,finished,2023-07-22 09:31:26 UTC,/api/v1/category_rounds/8343/results,lead_one_group_one_route,IFSC: 1 route,17,,,,,,,10796,1,/api/v1/routes/10796/startlist,/api/v1/routes/10796/results
/api/v1/events/1324/result/229,1324,full_results_url,IFSC European Cup Žilina 2023,LEAD Women,finished,2025-10-02 07:18:39 UTC,2026-04-22 08:46:55 UTC,,8345,lead,Final,Women,finished,2023-07-23 07:17:31 UTC,/api/v1/category_rounds/8345/results,lead_one_group_one_route,IFSC: 1 route,18,,,,,,,10798,1,/api/v1/routes/10798/startlist,/api/v1/routes/10798/results
/api/v1/events/1324/result/226,1324,full_results_url,IFSC European Cup Žilina 2023,SPEED Men,finished,2025-10-02 07:18:39 UTC,2026-04-22 08:46:58 UTC,,7881,speed,Qualification,Men,finished,2023-07-21 15:51:14 UTC,/api/v1/category_rounds/7881/results,speed_staggered,IFSC: Qualification,16,,,,,,,9354,A,/api/v1/routes/9354/startlist,
/api/v1/events/1324/result/226,1324,full_results_url,IFSC European Cup Žilina 2023,SPEED Men,finished,2025-10-02 07:18:39 UTC,2026-04-22 08:46:58 UTC,,7881,speed,Qualification,Men,finished,2023-07-21 15:51:14 UTC,/api/v1/category_rounds/7881/results,speed_staggered,IFSC: Qualification,16,,,,,,,9355,B,/api/v1/routes/9355/startlist,
/api/v1/events/1324/result/226,1324,full_results_url,IFSC European Cup Žilina 2023,SPEED Men,finished,2025-10-02 07:18:39 UTC,2026-04-22 08:46:58 UTC,,8346,speed,Final,Men,finished,2024-01-16 15:44:05 UTC,/api/v1/category_rounds/8346/results,speed_elimination_ifsc_2023,IFSC 2023+: Elimination,18,,,,,,,10799,A,/api/v1/routes/10799/startlist,
/api/v1/events/1324/result/226,1324,full_results_url,IFSC European Cup Žilina 2023,SPEED Men,finished,2025-10-02 07:18:39 UTC,2026-04-22 08:46:58 UTC,,8346,speed,Final,Men,finished,2024-01-16 15:44:05 UTC,/api/v1/category_rounds/8346/results,speed_elimination_ifsc_2023,IFSC 2023+: Elimination,18,,,,,,,10800,B,/api/v1/routes/10800/startlist,
/api/v1/events/1324/result/230,1324,full_results_url,IFSC European Cup Žilina 2023,SPEED Women,finished,2025-10-02 07:18:39 UTC,2026-04-22 08:47:02 UTC,,7882,speed,Qualification,Women,finished,2023-07-21 15:50:09 UTC,/api/v1/category_rounds/7882/results,speed_staggered,IFSC: Qualification,16,,,,,,,9356,A,/api/v1/routes/9356/startlist,
/api/v1/events/1324/result/230,1324,full_results_url,IFSC European Cup Žilina 2023,SPEED Women,finished,2025-10-02 07:18:39 UTC,2026-04-22 08:47:02 UTC,,7882,speed,Qualification,Women,finished,2023-07-21 15:50:09 UTC,/api/v1/category_rounds/7882/results,speed_staggered,IFSC: Qualification,16,,,,,,,9357,B,/api/v1/routes/9357/startlist,
/api/v1/events/1324/result/230,1324,full_results_url,IFSC European Cup Žilina 2023,SPEED Women,finished,2025-10-02 07:18:39 UTC,2026-04-22 08:47:02 UTC,,8347,speed,Final,Women,finished,2024-01-16 15:44:06 UTC,/api/v1/category_rounds/8347/results,speed_elimination_ifsc_2023,IFSC 2023+: Elimination,18,,,,,,,10801,A,/api/v1/routes/10801/startlist,
/api/v1/events/1324/result/230,1324,full_results_url,IFSC European Cup Žilina 2023,SPEED Women,finished,2025-10-02 07:18:39 UTC,2026-04-22 08:47:02 UTC,,8347,speed,Final,Women,finished,2024-01-16 15:44:06 UTC,/api/v1/category_rounds/8347/results,speed_elimination_ifsc_2023,IFSC 2023+: Elimination,18,,,,,,,10802,B,/api/v1/routes/10802/startlist,
/api/v1/events/1301/result/3,1301,full_results_url,IFSC World Championships Bern 2023,BOULDER Men,finished,2025-10-02 07:18:38 UTC,2026-04-22 08:47:06 UTC,,8318,boulder,Semi-final,Men,finished,2023-08-04 10:28:10 UTC,/api/v1/category_rounds/8318/results,boulder_one_group_one_boulder_set,IFSC: 1 group,2,,,,,,,10709,1,/api/v1/routes/10709/startlist,
/api/v1/events/1301/result/3,1301,full_results_url,IFSC World Championships Bern 2023,BOULDER Men,finished,2025-10-02 07:18:38 UTC,2026-04-22 08:47:06 UTC,,8318,boulder,Semi-final,Men,finished,2023-08-04 10:28:10 UTC,/api/v1/category_rounds/8318/results,boulder_one_group_one_boulder_set,IFSC: 1 group,2,,,,,,,10710,2,/api/v1/routes/10710/startlist,
/api/v1/events/1301/result/3,1301,full_results_url,IFSC World Championships Bern 2023,BOULDER Men,finished,2025-10-02 07:18:38 UTC,2026-04-22 08:47:06 UTC,,8318,boulder,Semi-final,Men,finished,2023-08-04 10:28:10 UTC,/api/v1/category_rounds/8318/results,boulder_one_group_one_boulder_set,IFSC: 1 group,2,,,,,,,10711,3,/api/v1/routes/10711/startlist,
/api/v1/events/1301/result/3,1301,full_results_url,IFSC World Championships Bern 2023,BOULDER Men,finished,2025-10-02 07:18:38 UTC,2026-04-22 08:47:06 UTC,,8318,boulder,Semi-final,Men,finished,2023-08-04 10:28:10 UTC,/api/v1/category_rounds/8318/results,boulder_one_group_one_boulder_set,IFSC: 1 group,2,,,,,,,10712,4,/api/v1/routes/10712/startlist,
/api/v1/events/1301/result/3,1301,full_results_url,IFSC World Championships Bern 2023,BOULDER Men,finished,2025-10-02 07:18:38 UTC,2026-04-22 08:47:06 UTC,,8320,boulder,Final,Men,finished,2023-08-04 18:17:20 UTC,/api/v1/category_rounds/8320/results,boulder_finals_one_by_one,IFSC: Finals,3,,,,,,,10717,1,/api/v1/routes/10717/startlist,
/api/v1/events/1301/result/3,1301,full_results_url,IFSC World Championships Bern 2023,BOULDER Men,finished,2025-10-02 07:18:38 UTC,2026-04-22 08:47:06 UTC,,8320,boulder,Final,Men,finished,2023-08-04 18:17:20 UTC,/api/v1/category_rounds/8320/results,boulder_finals_one_by_one,IFSC: Finals,3,,,,,,,10718,2,/api/v1/routes/10718/startlist,
/api/v1/events/1301/result/3,1301,full_results_url,IFSC World Championships Bern 2023,BOULDER Men,finished,2025-10-02 07:18:38 UTC,2026-04-22 08:47:06 UTC,,8320,boulder,Final,Men,finished,2023-08-04 18:17:20 UTC,/api/v1/category_rounds/8320/results,boulder_finals_one_by_one,IFSC: Finals,3,,,,,,,10719,3,/api/v1/routes/10719/startlist,
/api/v1/events/1301/result/3,1301,full_results_url,IFSC World Championships Bern 2023,BOULDER Men,finished,2025-10-02 07:18:38 UTC,2026-04-22 08:47:06 UTC,,8320,boulder,Final,Men,finished,2023-08-04 18:17:20 UTC,/api/v1/category_rounds/8320/results,boulder_finals_one_by_one,IFSC: Finals,3,,,,,,,10720,4,/api/v1/routes/10720/startlist,
/api/v1/events/1301/result/7,1301,full_results_url,IFSC World Championships Bern 2023,BOULDER Women,finished,2025-10-02 07:18:38 UTC,2026-04-22 08:47:10 UTC,,8319,boulder,Semi-final,Women,finished,2023-08-05 10:19:07 UTC,/api/v1/category_rounds/8319/results,boulder_one_group_one_boulder_set,IFSC: 1 group,2,,,,,,,10713,1,/api/v1/routes/10713/startlist,
/api/v1/events/1301/result/7,1301,full_results_url,IFSC World Championships Bern 2023,BOULDER Women,finished,2025-10-02 07:18:38 UTC,2026-04-22 08:47:10 UTC,,8319,boulder,Semi-final,Women,finished,2023-08-05 10:19:07 UTC,/api/v1/category_rounds/8319/results,boulder_one_group_one_boulder_set,IFSC: 1 group,2,,,,,,,10714,2,/api/v1/routes/10714/startlist,
/api/v1/events/1301/result/7,1301,full_results_url,IFSC World Championships Bern 2023,BOULDER Women,finished,2025-10-02 07:18:38 UTC,2026-04-22 08:47:10 UTC,,8319,boulder,Semi-final,Women,finished,2023-08-05 10:19:07 UTC,/api/v1/category_rounds/8319/results,boulder_one_group_one_boulder_set,IFSC: 1 group,2,,,,,,,10715,3,/api/v1/routes/10715/startlist,
/api/v1/events/1301/result/7,1301,full_results_url,IFSC World Championships Bern 2023,BOULDER Women,finished,2025-10-02 07:18:38 UTC,2026-04-22 08:47:10 UTC,,8319,boulder,Semi-final,Women,finished,2023-08-05 10:19:07 UTC,/api/v1/category_rounds/8319/results,boulder_one_group_one_boulder_set,IFSC: 1 group,2,,,,,,,10716,4,/api/v1/routes/10716/startlist,
/api/v1/events/1301/result/7,1301,full_results_url,IFSC World Championships Bern 2023,BOULDER Women,finished,2025-10-02 07:18:38 UTC,2026-04-22 08:47:10 UTC,,8321,boulder,Final,Women,finished,2023-08-05 18:10:18 UTC,/api/v1/category_rounds/8321/results,boulder_finals_one_by_one,IFSC: Finals,3,,,,,,,10721,1,/api/v1/routes/10721/startlist,
/api/v1/events/1301/result/7,1301,full_results_url,IFSC World Championships Bern 2023,BOULDER Women,finished,2025-10-02 07:18:38 UTC,2026-04-22 08:47:10 UTC,,8321,boulder,Final,Women,finished,2023-08-05 18:10:18 UTC,/api/v1/category_rounds/8321/results,boulder_finals_one_by_one,IFSC: Finals,3,,,,,,,10722,2,/api/v1/routes/10722/startlist,
/api/v1/events/1301/result/7,1301,full_results_url,IFSC World Championships Bern 2023,BOULDER Women,finished,2025-10-02 07:18:38 UTC,2026-04-22 08:47:10 UTC,,8321,boulder,Final,Women,finished,2023-08-05 18:10:18 UTC,/api/v1/category_rounds/8321/results,boulder_finals_one_by_one,IFSC: Finals,3,,,,,,,10723,3,/api/v1/routes/10723/startlist,
/api/v1/events/1301/result/7,1301,full_results_url,IFSC World Championships Bern 2023,BOULDER Women,finished,2025-10-02 07:18:38 UTC,2026-04-22 08:47:10 UTC,,8321,boulder,Final,Women,finished,2023-08-05 18:10:18 UTC,/api/v1/category_rounds/8321/results,boulder_finals_one_by_one,IFSC: Finals,3,,,,,,,10724,4,/api/v1/routes/10724/startlist,
/api/v1/events/1301/result/1,1301,full_results_url,IFSC World Championships Bern 2023,LEAD Men,finished,2025-10-02 07:18:38 UTC,2026-04-22 08:47:14 UTC,,8322,lead,Semi-final,Men,finished,2023-08-06 10:53:08 UTC,/api/v1/category_rounds/8322/results,lead_one_group_one_route,IFSC: 1 route,2,,,,,,,10725,1,/api/v1/routes/10725/startlist,/api/v1/routes/10725/results
/api/v1/events/1301/result/1,1301,full_results_url,IFSC World Championships Bern 2023,LEAD Men,finished,2025-10-02 07:18:38 UTC,2026-04-22 08:47:14 UTC,,8324,lead,Final,Men,finished,2023-08-06 18:56:17 UTC,/api/v1/category_rounds/8324/results,lead_one_group_one_route,IFSC: 1 route,3,,,,,,,10727,1,/api/v1/routes/10727/startlist,/api/v1/routes/10727/results
/api/v1/events/1301/result/5,1301,full_results_url,IFSC World Championships Bern 2023,LEAD Women,finished,2025-10-02 07:18:38 UTC,2026-04-22 08:47:18 UTC,,8323,lead,Semi-final,Women,finished,2023-08-06 10:51:29 UTC,/api/v1/category_rounds/8323/results,lead_one_group_one_route,IFSC: 1 route,2,,,,,,,10726,1,/api/v1/routes/10726/startlist,/api/v1/routes/10726/results
/api/v1/events/1301/result/5,1301,full_results_url,IFSC World Championships Bern 2023,LEAD Women,finished,2025-10-02 07:18:38 UTC,2026-04-22 08:47:18 UTC,,8325,lead,Final,Women,finished,2023-08-06 17:38:24 UTC,/api/v1/category_rounds/8325/results,lead_one_group_one_route,IFSC: 1 route,3,,,,,,,10728,1,/api/v1/routes/10728/startlist,/api/v1/routes/10728/results
/api/v1/events/1301/result/2,1301,full_results_url,IFSC World Championships Bern 2023,SPEED Men,finished,2025-10-02 07:18:38 UTC,2026-04-22 08:47:22 UTC,,7703,speed,Qualification,Men,finished,2023-08-10 09:47:40 UTC,/api/v1/category_rounds/7703/results,speed_staggered,IFSC: Qualification,1,,,,,,,8670,A,/api/v1/routes/8670/startlist,
/api/v1/events/1301/result/2,1301,full_results_url,IFSC World Championships Bern 2023,SPEED Men,finished,2025-10-02 07:18:38 UTC,2026-04-22 08:47:22 UTC,,7703,speed,Qualification,Men,finished,2023-08-10 09:47:40 UTC,/api/v1/category_rounds/7703/results,speed_staggered,IFSC: Qualification,1,,,,,,,8671,B,/api/v1/routes/8671/startlist,
/api/v1/events/1301/result/2,1301,full_results_url,IFSC World Championships Bern 2023,SPEED Men,finished,2025-10-02 07:18:38 UTC,2026-04-22 08:47:22 UTC,,8326,speed,Final,Men,finished,2024-01-15 11:45:04 UTC,/api/v1/category_rounds/8326/results,speed_elimination_ifsc_2023,IFSC 2023+: Elimination,3,,,,,,,10729,A,/api/v1/routes/10729/startlist,
/api/v1/events/1301/result/2,1301,full_results_url,IFSC World Championships Bern 2023,SPEED Men,finished,2025-10-02 07:18:38 UTC,2026-04-22 08:47:22 UTC,,8326,speed,Final,Men,finished,2024-01-15 11:45:04 UTC,/api/v1/category_rounds/8326/results,speed_elimination_ifsc_2023,IFSC 2023+: Elimination,3,,,,,,,10730,B,/api/v1/routes/10730/startlist,
/api/v1/events/1301/result/6,1301,full_results_url,IFSC World Championships Bern 2023,SPEED Women,finished,2025-10-02 07:18:38 UTC,2026-04-22 08:47:26 UTC,,7704,speed,Qualification,Women,finished,2023-08-10 08:07:28 UTC,/api/v1/category_rounds/7704/results,speed_staggered,IFSC: Qualification,1,,,,,,,8672,A,/api/v1/routes/8672/startlist,
/api/v1/events/1301/result/6,1301,full_results_url,IFSC World Championships Bern 2023,SPEED Women,finished,2025-10-02 07:18:38 UTC,2026-04-22 08:47:26 UTC,,7704,speed,Qualification,Women,finished,2023-08-10 08:07:28 UTC,/api/v1/category_rounds/7704/results,speed_staggered,IFSC: Qualification,1,,,,,,,8673,B,/api/v1/routes/8673/startlist,
/api/v1/events/1301/result/6,1301,full_results_url,IFSC World Championships Bern 2023,SPEED Women,finished,2025-10-02 07:18:38 UTC,2026-04-22 08:47:26 UTC,,8327,speed,Final,Women,finished,2024-01-15 11:45:05 UTC,/api/v1/category_rounds/8327/results,speed_elimination_ifsc_2023,IFSC 2023+: Elimination,3,,,,,,,10731,A,/api/v1/routes/10731/startlist,
/api/v1/events/1301/result/6,1301,full_results_url,IFSC World Championships Bern 2023,SPEED Women,finished,2025-10-02 07:18:38 UTC,2026-04-22 08:47:26 UTC,,8327,speed,Final,Women,finished,2024-01-15 11:45:05 UTC,/api/v1/category_rounds/8327/results,speed_elimination_ifsc_2023,IFSC 2023+: Elimination,3,,,,,,,10732,B,/api/v1/routes/10732/startlist,
/api/v1/events/1301/result/617,1301,full_results_url,IFSC World Championships Bern 2023,BOULDER&LEAD Men,finished,2025-10-02 07:18:40 UTC,2026-04-22 08:47:31 UTC,,8348,boulder&lead,Qualification,Men,finished,2023-08-07 08:24:23 UTC,/api/v1/category_rounds/8348/results,bl_qualification,IFSC: Qualification,1,759.0,,boulder,finished,2023-08-07 08:21:34 UTC,/api/v1/combined_stages/759/results,10803,1,/api/v1/routes/10803/startlist,
/api/v1/events/1301/result/617,1301,full_results_url,IFSC World Championships Bern 2023,BOULDER&LEAD Men,finished,2025-10-02 07:18:40 UTC,2026-04-22 08:47:31 UTC,,8348,boulder&lead,Qualification,Men,finished,2023-08-07 08:24:23 UTC,/api/v1/category_rounds/8348/results,bl_qualification,IFSC: Qualification,1,759.0,,boulder,finished,2023-08-07 08:21:34 UTC,/api/v1/combined_stages/759/results,10804,2,/api/v1/routes/10804/startlist,
/api/v1/events/1301/result/617,1301,full_results_url,IFSC World Championships Bern 2023,BOULDER&LEAD Men,finished,2025-10-02 07:18:40 UTC,2026-04-22 08:47:31 UTC,,8348,boulder&lead,Qualification,Men,finished,2023-08-07 08:24:23 UTC,/api/v1/category_rounds/8348/results,bl_qualification,IFSC: Qualification,1,759.0,,boulder,finished,2023-08-07 08:21:34 UTC,/api/v1/combined_stages/759/results,10805,3,/api/v1/routes/10805/startlist,
/api/v1/events/1301/result/617,1301,full_results_url,IFSC World Championships Bern 2023,BOULDER&LEAD Men,finished,2025-10-02 07:18:40 UTC,2026-04-22 08:47:31 UTC,,8348,boulder&lead,Qualification,Men,finished,2023-08-07 08:24:23 UTC,/api/v1/category_rounds/8348/results,bl_qualification,IFSC: Qualification,1,759.0,,boulder,finished,2023-08-07 08:21:34 UTC,/api/v1/combined_stages/759/results,10806,4,/api/v1/routes/10806/startlist,
/api/v1/events/1301/result/617,1301,full_results_url,IFSC World Championships Bern 2023,BOULDER&LEAD Men,finished,2025-10-02 07:18:40 UTC,2026-04-22 08:47:31 UTC,,8348,boulder&lead,Qualification,Men,finished,2023-08-07 08:24:23 UTC,/api/v1/category_rounds/8348/results,bl_qualification,IFSC: Qualification,1,760.0,,lead,finished,2023-08-07 08:22:08 UTC,/api/v1/combined_stages/760/results,10807,1,/api/v1/routes/10807/startlist,/api/v1/routes/10807/results
/api/v1/events/1301/result/617,1301,full_results_url,IFSC World Championships Bern 2023,BOULDER&LEAD Men,finished,2025-10-02 07:18:40 UTC,2026-04-22 08:47:31 UTC,,8350,boulder&lead,Semi-final,Men,finished,2023-08-09 20:35:22 UTC,/api/v1/category_rounds/8350/results,bl_qualification,IFSC: Qualification,2,763.0,,boulder,finished,2023-08-09 13:16:01 UTC,/api/v1/combined_stages/763/results,10821,1,/api/v1/routes/10821/startlist,
/api/v1/events/1301/result/617,1301,full_results_url,IFSC World Championships Bern 2023,BOULDER&LEAD Men,finished,2025-10-02 07:18:40 UTC,2026-04-22 08:47:31 UTC,,8350,boulder&lead,Semi-final,Men,finished,2023-08-09 20:35:22 UTC,/api/v1/category_rounds/8350/results,bl_qualification,IFSC: Qualification,2,763.0,,boulder,finished,2023-08-09 13:16:01 UTC,/api/v1/combined_stages/763/results,10822,2,/api/v1/routes/10822/startlist,
/api/v1/events/1301/result/617,1301,full_results_url,IFSC World Championships Bern 2023,BOULDER&LEAD Men,finished,2025-10-02 07:18:40 UTC,2026-04-22 08:47:31 UTC,,8350,boulder&lead,Semi-final,Men,finished,2023-08-09 20:35:22 UTC,/api/v1/category_rounds/8350/results,bl_qualification,IFSC: Qualification,2,763.0,,boulder,finished,2023-08-09 13:16:01 UTC,/api/v1/combined_stages/763/results,10823,3,/api/v1/routes/10823/startlist,
/api/v1/events/1301/result/617,1301,full_results_url,IFSC World Championships Bern 2023,BOULDER&LEAD Men,finished,2025-10-02 07:18:40 UTC,2026-04-22 08:47:31 UTC,,8350,boulder&lead,Semi-final,Men,finished,2023-08-09 20:35:22 UTC,/api/v1/category_rounds/8350/results,bl_qualification,IFSC: Qualification,2,763.0,,boulder,finished,2023-08-09 13:16:01 UTC,/api/v1/combined_stages/763/results,10824,4,/api/v1/routes/10824/startlist,
/api/v1/events/1301/result/617,1301,full_results_url,IFSC World Championships Bern 2023,BOULDER&LEAD Men,finished,2025-10-02 07:18:40 UTC,2026-04-22 08:47:31 UTC,,8350,boulder&lead,Semi-final,Men,finished,2023-08-09 20:35:22 UTC,/api/v1/category_rounds/8350/results,bl_qualification,IFSC: Qualification,2,764.0,,lead,finished,2023-08-09 20:31:27 UTC,/api/v1/combined_stages/764/results,10825,1,/api/v1/routes/10825/startlist,/api/v1/routes/10825/results
/api/v1/events/1301/result/617,1301,full_results_url,IFSC World Championships Bern 2023,BOULDER&LEAD Men,finished,2025-10-02 07:18:40 UTC,2026-04-22 08:47:31 UTC,,8352,boulder&lead,Final,Men,finished,2023-08-12 16:57:14 UTC,/api/v1/category_rounds/8352/results,bl_final,IFSC: Finals,3,767.0,,boulder,finished,2023-08-12 15:26:30 UTC,/api/v1/combined_stages/767/results,10831,1,/api/v1/routes/10831/startlist,
/api/v1/events/1301/result/617,1301,full_results_url,IFSC World Championships Bern 2023,BOULDER&LEAD Men,finished,2025-10-02 07:18:40 UTC,2026-04-22 08:47:31 UTC,,8352,boulder&lead,Final,Men,finished,2023-08-12 16:57:14 UTC,/api/v1/category_rounds/8352/results,bl_final,IFSC: Finals,3,767.0,,boulder,finished,2023-08-12 15:26:30 UTC,/api/v1/combined_stages/767/results,10832,2,/api/v1/routes/10832/startlist,
/api/v1/events/1301/result/617,1301,full_results_url,IFSC World Championships Bern 2023,BOULDER&LEAD Men,finished,2025-10-02 07:18:40 UTC,2026-04-22 08:47:31 UTC,,8352,boulder&lead,Final,Men,finished,2023-08-12 16:57:14 UTC,/api/v1/category_rounds/8352/results,bl_final,IFSC: Finals,3,767.0,,boulder,finished,2023-08-12 15:26:30 UTC,/api/v1/combined_stages/767/results,10833,3,/api/v1/routes/10833/startlist,
/api/v1/events/1301/result/617,1301,full_results_url,IFSC World Championships Bern 2023,BOULDER&LEAD Men,finished,2025-10-02 07:18:40 UTC,2026-04-22 08:47:31 UTC,,8352,boulder&lead,Final,Men,finished,2023-08-12 16:57:14 UTC,/api/v1/category_rounds/8352/results,bl_final,IFSC: Finals,3,767.0,,boulder,finished,2023-08-12 15:26:30 UTC,/api/v1/combined_stages/767/results,10834,4,/api/v1/routes/10834/startlist,
/api/v1/events/1301/result/617,1301,full_results_url,IFSC World Championships Bern 2023,BOULDER&LEAD Men,finished,2025-10-02 07:18:40 UTC,2026-04-22 08:47:31 UTC,,8352,boulder&lead,Final,Men,finished,2023-08-12 16:57:14 UTC,/api/v1/category_rounds/8352/results,bl_final,IFSC: Finals,3,768.0,,lead,finished,2023-08-12 16:57:09 UTC,/api/v1/combined_stages/768/results,10835,1,/api/v1/routes/10835/startlist,/api/v1/routes/10835/results
/api/v1/events/1301/result/618,1301,full_results_url,IFSC World Championships Bern 2023,BOULDER&LEAD Women,finished,2025-10-02 07:18:40 UTC,2026-04-22 08:47:42 UTC,,8349,boulder&lead,Qualification,Women,finished,2023-08-07 08:25:32 UTC,/api/v1/category_rounds/8349/results,bl_qualification,IFSC: Qualification,1,761.0,,boulder,finished,2023-08-07 08:22:41 UTC,/api/v1/combined_stages/761/results,10808,1,/api/v1/routes/10808/startlist,
/api/v1/events/1301/result/618,1301,full_results_url,IFSC World Championships Bern 2023,BOULDER&LEAD Women,finished,2025-10-02 07:18:40 UTC,2026-04-22 08:47:42 UTC,,8349,boulder&lead,Qualification,Women,finished,2023-08-07 08:25:32 UTC,/api/v1/category_rounds/8349/results,bl_qualification,IFSC: Qualification,1,761.0,,boulder,finished,2023-08-07 08:22:41 UTC,/api/v1/combined_stages/761/results,10809,2,/api/v1/routes/10809/startlist,
/api/v1/events/1301/result/618,1301,full_results_url,IFSC World Championships Bern 2023,BOULDER&LEAD Women,finished,2025-10-02 07:18:40 UTC,2026-04-22 08:47:42 UTC,,8349,boulder&lead,Qualification,Women,finished,2023-08-07 08:25:32 UTC,/api/v1/category_rounds/8349/results,bl_qualification,IFSC: Qualification,1,761.0,,boulder,finished,2023-08-07 08:22:41 UTC,/api/v1/combined_stages/761/results,10810,3,/api/v1/routes/10810/startlist,
/api/v1/events/1301/result/618,1301,full_results_url,IFSC World Championships Bern 2023,BOULDER&LEAD Women,finished,2025-10-02 07:18:40 UTC,2026-04-22 08:47:42 UTC,,8349,boulder&lead,Qualification,Women,finished,2023-08-07 08:25:32 UTC,/api/v1/category_rounds/8349/results,bl_qualification,IFSC: Qualification,1,761.0,,boulder,finished,2023-08-07 08:22:41 UTC,/api/v1/combined_stages/761/results,10811,4,/api/v1/routes/10811/startlist,
/api/v1/events/1301/result/618,1301,full_results_url,IFSC World Championships Bern 2023,BOULDER&LEAD Women,finished,2025-10-02 07:18:40 UTC,2026-04-22 08:47:42 UTC,,8349,boulder&lead,Qualification,Women,finished,2023-08-07 08:25:32 UTC,/api/v1/category_rounds/8349/results,bl_qualification,IFSC: Qualification,1,762.0,,lead,finished,2023-08-07 08:22:41 UTC,/api/v1/combined_stages/762/results,10812,1,/api/v1/routes/10812/startlist,/api/v1/routes/10812/results
/api/v1/events/1301/result/618,1301,full_results_url,IFSC World Championships Bern 2023,BOULDER&LEAD Women,finished,2025-10-02 07:18:40 UTC,2026-04-22 08:47:42 UTC,,8351,boulder&lead,Semi-final,Women,finished,2023-08-09 20:34:39 UTC,/api/v1/category_rounds/8351/results,bl_qualification,IFSC: Qualification,2,765.0,,boulder,finished,2023-08-09 09:22:57 UTC,/api/v1/combined_stages/765/results,10826,1,/api/v1/routes/10826/startlist,
/api/v1/events/1301/result/618,1301,full_results_url,IFSC World Championships Bern 2023,BOULDER&LEAD Women,finished,2025-10-02 07:18:40 UTC,2026-04-22 08:47:42 UTC,,8351,boulder&lead,Semi-final,Women,finished,2023-08-09 20:34:39 UTC,/api/v1/category_rounds/8351/results,bl_qualification,IFSC: Qualification,2,765.0,,boulder,finished,2023-08-09 09:22:57 UTC,/api/v1/combined_stages/765/results,10827,2,/api/v1/routes/10827/startlist,
/api/v1/events/1301/result/618,1301,full_results_url,IFSC World Championships Bern 2023,BOULDER&LEAD Women,finished,2025-10-02 07:18:40 UTC,2026-04-22 08:47:42 UTC,,8351,boulder&lead,Semi-final,Women,finished,2023-08-09 20:34:39 UTC,/api/v1/category_rounds/8351/results,bl_qualification,IFSC: Qualification,2,765.0,,boulder,finished,2023-08-09 09:22:57 UTC,/api/v1/combined_stages/765/results,10828,3,/api/v1/routes/10828/startlist,
/api/v1/events/1301/result/618,1301,full_results_url,IFSC World Championships Bern 2023,BOULDER&LEAD Women,finished,2025-10-02 07:18:40 UTC,2026-04-22 08:47:42 UTC,,8351,boulder&lead,Semi-final,Women,finished,2023-08-09 20:34:39 UTC,/api/v1/category_rounds/8351/results,bl_qualification,IFSC: Qualification,2,765.0,,boulder,finished,2023-08-09 09:22:57 UTC,/api/v1/combined_stages/765/results,10829,4,/api/v1/routes/10829/startlist,
/api/v1/events/1301/result/618,1301,full_results_url,IFSC World Championships Bern 2023,BOULDER&LEAD Women,finished,2025-10-02 07:18:40 UTC,2026-04-22 08:47:42 UTC,,8351,boulder&lead,Semi-final,Women,finished,2023-08-09 20:34:39 UTC,/api/v1/category_rounds/8351/results,bl_qualification,IFSC: Qualification,2,766.0,,lead,finished,2023-08-09 20:32:42 UTC,/api/v1/combined_stages/766/results,10830,1,/api/v1/routes/10830/startlist,/api/v1/routes/10830/results
/api/v1/events/1301/result/618,1301,full_results_url,IFSC World Championships Bern 2023,BOULDER&LEAD Women,finished,2025-10-02 07:18:40 UTC,2026-04-22 08:47:42 UTC,,8353,boulder&lead,Final,Women,finished,2023-08-11 20:21:52 UTC,/api/v1/category_rounds/8353/results,bl_final,IFSC: Finals,3,769.0,,boulder,finished,2023-08-11 18:52:23 UTC,/api/v1/combined_stages/769/results,10836,1,/api/v1/routes/10836/startlist,
/api/v1/events/1301/result/618,1301,full_results_url,IFSC World Championships Bern 2023,BOULDER&LEAD Women,finished,2025-10-02 07:18:40 UTC,2026-04-22 08:47:42 UTC,,8353,boulder&lead,Final,Women,finished,2023-08-11 20:21:52 UTC,/api/v1/category_rounds/8353/results,bl_final,IFSC: Finals,3,769.0,,boulder,finished,2023-08-11 18:52:23 UTC,/api/v1/combined_stages/769/results,10837,2,/api/v1/routes/10837/startlist,
/api/v1/events/1301/result/618,1301,full_results_url,IFSC World Championships Bern 2023,BOULDER&LEAD Women,finished,2025-10-02 07:18:40 UTC,2026-04-22 08:47:42 UTC,,8353,boulder&lead,Final,Women,finished,2023-08-11 20:21:52 UTC,/api/v1/category_rounds/8353/results,bl_final,IFSC: Finals,3,769.0,,boulder,finished,2023-08-11 18:52:23 UTC,/api/v1/combined_stages/769/results,10838,3,/api/v1/routes/10838/startlist,
/api/v1/events/1301/result/618,1301,full_results_url,IFSC World Championships Bern 2023,BOULDER&LEAD Women,finished,2025-10-02 07:18:40 UTC,2026-04-22 08:47:42 UTC,,8353,boulder&lead,Final,Women,finished,2023-08-11 20:21:52 UTC,/api/v1/category_rounds/8353/results,bl_final,IFSC: Finals,3,769.0,,boulder,finished,2023-08-11 18:52:23 UTC,/api/v1/combined_stages/769/results,10839,4,/api/v1/routes/10839/startlist,
/api/v1/events/1301/result/618,1301,full_results_url,IFSC World Championships Bern 2023,BOULDER&LEAD Women,finished,2025-10-02 07:18:40 UTC,2026-04-22 08:47:42 UTC,,8353,boulder&lead,Final,Women,finished,2023-08-11 20:21:52 UTC,/api/v1/category_rounds/8353/results,bl_final,IFSC: Finals,3,770.0,,lead,finished,2023-08-11 20:21:41 UTC,/api/v1/combined_stages/770/results,10840,1,/api/v1/routes/10840/startlist,/api/v1/routes/10840/results
/api/v1/events/1338/result/529,1338,full_results_url,IFSC Paraclimbing World Championships Bern 2023,LEAD Men B1,finished,2025-10-02 07:18:39 UTC,2026-04-23 07:47:06 UTC,,7997,lead,Qualification,Men B1,finished,2023-08-08 10:20:28 UTC,/api/v1/category_rounds/7997/results,lead_one_group_two_routes,IFSC: 2 routes,49,,,,,,,10755,1,/api/v1/routes/10755/startlist,/api/v1/routes/10755/results
/api/v1/events/1338/result/529,1338,full_results_url,IFSC Paraclimbing World Championships Bern 2023,LEAD Men B1,finished,2025-10-02 07:18:39 UTC,2026-04-23 07:47:06 UTC,,7997,lead,Qualification,Men B1,finished,2023-08-08 10:20:28 UTC,/api/v1/category_rounds/7997/results,lead_one_group_two_routes,IFSC: 2 routes,49,,,,,,,10756,2,/api/v1/routes/10756/startlist,/api/v1/routes/10756/results
/api/v1/events/1338/result/529,1338,full_results_url,IFSC Paraclimbing World Championships Bern 2023,LEAD Men B1,finished,2025-10-02 07:18:39 UTC,2026-04-23 07:47:06 UTC,,8354,lead,Final,Men B1,finished,2023-08-10 13:21:39 UTC,/api/v1/category_rounds/8354/results,lead_one_group_one_route,IFSC: 1 route,51,,,,,,,10841,1,/api/v1/routes/10841/startlist,/api/v1/routes/10841/results
/api/v1/events/1338/result/533,1338,full_results_url,IFSC Paraclimbing World Championships Bern 2023,LEAD Men B2,finished,2025-10-02 07:18:39 UTC,2026-04-23 07:47:06 UTC,,7998,lead,Qualification,Men B2,finished,2023-08-08 10:15:02 UTC,/api/v1/category_rounds/7998/results,lead_one_group_two_routes,IFSC: 2 routes,49,,,,,,,10757,1,/api/v1/routes/10757/startlist,/api/v1/routes/10757/results
/api/v1/events/1338/result/533,1338,full_results_url,IFSC Paraclimbing World Championships Bern 2023,LEAD Men B2,finished,2025-10-02 07:18:39 UTC,2026-04-23 07:47:06 UTC,,7998,lead,Qualification,Men B2,finished,2023-08-08 10:15:02 UTC,/api/v1/category_rounds/7998/results,lead_one_group_two_routes,IFSC: 2 routes,49,,,,,,,10758,2,/api/v1/routes/10758/startlist,/api/v1/routes/10758/results
/api/v1/events/1338/result/533,1338,full_results_url,IFSC Paraclimbing World Championships Bern 2023,LEAD Men B2,finished,2025-10-02 07:18:39 UTC,2026-04-23 07:47:06 UTC,,8355,lead,Final,Men B2,finished,2023-08-10 13:56:47 UTC,/api/v1/category_rounds/8355/results,lead_one_group_one_route,IFSC: 1 route,51,,,,,,,10842,1,/api/v1/routes/10842/startlist,/api/v1/routes/10842/results
/api/v1/events/1338/result/537,1338,full_results_url,IFSC Paraclimbing World Championships Bern 2023,LEAD Men B3,finished,2025-10-02 07:18:39 UTC,2026-04-23 07:47:06 UTC,,7999,lead,Qualification,Men B3,finished,2023-08-08 10:11:03 UTC,/api/v1/category_rounds/7999/results,lead_one_group_two_routes,IFSC: 2 routes,49,,,,,,,10759,1,/api/v1/routes/10759/startlist,/api/v1/routes/10759/results
/api/v1/events/1338/result/537,1338,full_results_url,IFSC Paraclimbing World Championships Bern 2023,LEAD Men B3,finished,2025-10-02 07:18:39 UTC,2026-04-23 07:47:06 UTC,,7999,lead,Qualification,Men B3,finished,2023-08-08 10:11:03 UTC,/api/v1/category_rounds/7999/results,lead_one_group_two_routes,IFSC: 2 routes,49,,,,,,,10760,2,/api/v1/routes/10760/startlist,/api/v1/routes/10760/results
/api/v1/events/1338/result/537,1338,full_results_url,IFSC Paraclimbing World Championships Bern 2023,LEAD Men B3,finished,2025-10-02 07:18:39 UTC,2026-04-23 07:47:06 UTC,,8356,lead,Final,Men B3,finished,2023-08-10 14:23:09 UTC,/api/v1/category_rounds/8356/results,lead_one_group_one_route,IFSC: 1 route,51,,,,,,,10843,1,/api/v1/routes/10843/startlist,/api/v1/routes/10843/results
/api/v1/events/1338/result/541,1338,full_results_url,IFSC Paraclimbing World Championships Bern 2023,LEAD Women B1,registration_active,2025-10-02 07:18:39 UTC,NA,,8000,lead,Qualification,Women B1,pending,2023-07-11 12:50:14 UTC,/api/v1/category_rounds/8000/results,lead_one_group_two_routes,IFSC: 2 routes,49,,,,,,,10761,1,/api/v1/routes/10761/startlist,/api/v1/routes/10761/results
/api/v1/events/1338/result/541,1338,full_results_url,IFSC Paraclimbing World Championships Bern 2023,LEAD Women B1,registration_active,2025-10-02 07:18:39 UTC,NA,,8000,lead,Qualification,Women B1,pending,2023-07-11 12:50:14 UTC,/api/v1/category_rounds/8000/results,lead_one_group_two_routes,IFSC: 2 routes,49,,,,,,,10762,2,/api/v1/routes/10762/startlist,/api/v1/routes/10762/results
/api/v1/events/1338/result/541,1338,full_results_url,IFSC Paraclimbing World Championships Bern 2023,LEAD Women B1,registration_active,2025-10-02 07:18:39 UTC,NA,,8357,lead,Final,Women B1,pending,2023-08-07 13:31:55 UTC,/api/v1/category_rounds/8357/results,lead_one_group_one_route,IFSC: 1 route,51,,,,,,,10844,1,/api/v1/routes/10844/startlist,/api/v1/routes/10844/results
/api/v1/events/1338/result/545,1338,full_results_url,IFSC Paraclimbing World Championships Bern 2023,LEAD Women B2,finished,2025-10-02 07:18:39 UTC,2026-04-23 07:47:06 UTC,,8001,lead,Qualification,Women B2,finished,2023-08-08 10:35:20 UTC,/api/v1/category_rounds/8001/results,lead_one_group_two_routes,IFSC: 2 routes,49,,,,,,,10763,1,/api/v1/routes/10763/startlist,/api/v1/routes/10763/results
/api/v1/events/1338/result/545,1338,full_results_url,IFSC Paraclimbing World Championships Bern 2023,LEAD Women B2,finished,2025-10-02 07:18:39 UTC,2026-04-23 07:47:06 UTC,,8001,lead,Qualification,Women B2,finished,2023-08-08 10:35:20 UTC,/api/v1/category_rounds/8001/results,lead_one_group_two_routes,IFSC: 2 routes,49,,,,,,,10764,2,/api/v1/routes/10764/startlist,/api/v1/routes/10764/results
/api/v1/events/1338/result/545,1338,full_results_url,IFSC Paraclimbing World Championships Bern 2023,LEAD Women B2,finished,2025-10-02 07:18:39 UTC,2026-04-23 07:47:06 UTC,,8358,lead,Final,Women B2,finished,2023-08-10 12:53:46 UTC,/api/v1/category_rounds/8358/results,lead_one_group_one_route,IFSC: 1 route,51,,,,,,,10845,1,/api/v1/routes/10845/startlist,/api/v1/routes/10845/results
/api/v1/events/1338/result/549,1338,full_results_url,IFSC Paraclimbing World Championships Bern 2023,LEAD Women B3,finished,2025-10-02 07:18:39 UTC,2026-04-23 07:47:06 UTC,,8002,lead,Qualification,Women B3,finished,2023-08-08 09:29:53 UTC,/api/v1/category_rounds/8002/results,lead_one_group_two_routes,IFSC: 2 routes,49,,,,,,,10765,1,/api/v1/routes/10765/startlist,/api/v1/routes/10765/results
/api/v1/events/1338/result/549,1338,full_results_url,IFSC Paraclimbing World Championships Bern 2023,LEAD Women B3,finished,2025-10-02 07:18:39 UTC,2026-04-23 07:47:06 UTC,,8002,lead,Qualification,Women B3,finished,2023-08-08 09:29:53 UTC,/api/v1/category_rounds/8002/results,lead_one_group_two_routes,IFSC: 2 routes,49,,,,,,,10766,2,/api/v1/routes/10766/startlist,/api/v1/routes/10766/results
/api/v1/events/1338/result/549,1338,full_results_url,IFSC Paraclimbing World Championships Bern 2023,LEAD Women B3,finished,2025-10-02 07:18:39 UTC,2026-04-23 07:47:06 UTC,,8359,lead,Final,Women B3,finished,2023-08-10 13:38:31 UTC,/api/v1/category_rounds/8359/results,lead_one_group_one_route,IFSC: 1 route,51,,,,,,,10846,1,/api/v1/routes/10846/startlist,/api/v1/routes/10846/results
/api/v1/events/1338/result/553,1338,full_results_url,IFSC Paraclimbing World Championships Bern 2023,LEAD Men AL1,finished,2025-10-02 07:18:39 UTC,2026-04-23 07:47:06 UTC,,8003,lead,Qualification,Men AL1,finished,2023-08-08 14:36:36 UTC,/api/v1/category_rounds/8003/results,lead_one_group_two_routes,IFSC: 2 routes,49,,,,,,,10767,1,/api/v1/routes/10767/startlist,/api/v1/routes/10767/results
/api/v1/events/1338/result/553,1338,full_results_url,IFSC Paraclimbing World Championships Bern 2023,LEAD Men AL1,finished,2025-10-02 07:18:39 UTC,2026-04-23 07:47:06 UTC,,8003,lead,Qualification,Men AL1,finished,2023-08-08 14:36:36 UTC,/api/v1/category_rounds/8003/results,lead_one_group_two_routes,IFSC: 2 routes,49,,,,,,,10768,2,/api/v1/routes/10768/startlist,/api/v1/routes/10768/results
/api/v1/events/1338/result/553,1338,full_results_url,IFSC Paraclimbing World Championships Bern 2023,LEAD Men AL1,finished,2025-10-02 07:18:39 UTC,2026-04-23 07:47:06 UTC,,8360,lead,Final,Men AL1,finished,2023-08-10 15:46:39 UTC,/api/v1/category_rounds/8360/results,lead_one_group_one_route,IFSC: 1 route,51,,,,,,,10847,1,/api/v1/routes/10847/startlist,/api/v1/routes/10847/results
/api/v1/events/1338/result/557,1338,full_results_url,IFSC Paraclimbing World Championships Bern 2023,LEAD Women AL1,active,2025-10-02 07:18:39 UTC,NA,,8004,lead,Qualification,Women AL1,pending,2023-08-07 16:03:51 UTC,/api/v1/category_rounds/8004/results,lead_one_group_two_routes,IFSC: 2 routes,49,,,,,,,10769,1,/api/v1/routes/10769/startlist,/api/v1/routes/10769/results
/api/v1/events/1338/result/557,1338,full_results_url,IFSC Paraclimbing World Championships Bern 2023,LEAD Women AL1,active,2025-10-02 07:18:39 UTC,NA,,8004,lead,Qualification,Women AL1,pending,2023-08-07 16:03:51 UTC,/api/v1/category_rounds/8004/results,lead_one_group_two_routes,IFSC: 2 routes,49,,,,,,,10770,2,/api/v1/routes/10770/startlist,/api/v1/routes/10770/results
/api/v1/events/1338/result/557,1338,full_results_url,IFSC Paraclimbing World Championships Bern 2023,LEAD Women AL1,active,2025-10-02 07:18:39 UTC,NA,,8361,lead,Final,Women AL1,pending,2023-08-07 13:31:55 UTC,/api/v1/category_rounds/8361/results,lead_one_group_one_route,IFSC: 1 route,51,,,,,,,10848,1,/api/v1/routes/10848/startlist,/api/v1/routes/10848/results
/api/v1/events/1338/result/561,1338,full_results_url,IFSC Paraclimbing World Championships Bern 2023,LEAD Men AL2,finished,2025-10-02 07:18:39 UTC,2026-04-23 07:47:06 UTC,,8005,lead,Qualification,Men AL2,finished,2023-08-08 14:23:45 UTC,/api/v1/category_rounds/8005/results,lead_one_group_two_routes,IFSC: 2 routes,49,,,,,,,10771,1,/api/v1/routes/10771/startlist,/api/v1/routes/10771/results
/api/v1/events/1338/result/561,1338,full_results_url,IFSC Paraclimbing World Championships Bern 2023,LEAD Men AL2,finished,2025-10-02 07:18:39 UTC,2026-04-23 07:47:06 UTC,,8005,lead,Qualification,Men AL2,finished,2023-08-08 14:23:45 UTC,/api/v1/category_rounds/8005/results,lead_one_group_two_routes,IFSC: 2 routes,49,,,,,,,10772,2,/api/v1/routes/10772/startlist,/api/v1/routes/10772/results
/api/v1/events/1338/result/561,1338,full_results_url,IFSC Paraclimbing World Championships Bern 2023,LEAD Men AL2,finished,2025-10-02 07:18:39 UTC,2026-04-23 07:47:06 UTC,,8362,lead,Final,Men AL2,finished,2023-08-10 15:04:04 UTC,/api/v1/category_rounds/8362/results,lead_one_group_one_route,IFSC: 1 route,51,,,,,,,10849,1,/api/v1/routes/10849/startlist,/api/v1/routes/10849/results
/api/v1/events/1338/result/565,1338,full_results_url,IFSC Paraclimbing World Championships Bern 2023,LEAD Women AL2,finished,2025-10-02 07:18:39 UTC,2026-04-23 07:47:06 UTC,,8006,lead,Qualification,Women AL2,finished,2023-08-08 17:13:59 UTC,/api/v1/category_rounds/8006/results,lead_one_group_two_routes,IFSC: 2 routes,49,,,,,,,10773,1,/api/v1/routes/10773/startlist,/api/v1/routes/10773/results
/api/v1/events/1338/result/565,1338,full_results_url,IFSC Paraclimbing World Championships Bern 2023,LEAD Women AL2,finished,2025-10-02 07:18:39 UTC,2026-04-23 07:47:06 UTC,,8006,lead,Qualification,Women AL2,finished,2023-08-08 17:13:59 UTC,/api/v1/category_rounds/8006/results,lead_one_group_two_routes,IFSC: 2 routes,49,,,,,,,10774,2,/api/v1/routes/10774/startlist,/api/v1/routes/10774/results
/api/v1/events/1338/result/565,1338,full_results_url,IFSC Paraclimbing World Championships Bern 2023,LEAD Women AL2,finished,2025-10-02 07:18:39 UTC,2026-04-23 07:47:06 UTC,,8363,lead,Final,Women AL2,finished,2023-08-10 15:11:23 UTC,/api/v1/category_rounds/8363/results,lead_one_group_one_route,IFSC: 1 route,51,,,,,,,10850,1,/api/v1/routes/10850/startlist,/api/v1/routes/10850/results
/api/v1/events/1338/result/577,1338,full_results_url,IFSC Paraclimbing World Championships Bern 2023,LEAD Men AU2,finished,2025-10-02 07:18:39 UTC,2026-04-23 07:47:06 UTC,,8009,lead,Qualification,Men AU2,finished,2023-08-08 14:21:13 UTC,/api/v1/category_rounds/8009/results,lead_one_group_two_routes,IFSC: 2 routes,49,,,,,,,10775,1,/api/v1/routes/10775/startlist,/api/v1/routes/10775/results
/api/v1/events/1338/result/577,1338,full_results_url,IFSC Paraclimbing World Championships Bern 2023,LEAD Men AU2,finished,2025-10-02 07:18:39 UTC,2026-04-23 07:47:06 UTC,,8009,lead,Qualification,Men AU2,finished,2023-08-08 14:21:13 UTC,/api/v1/category_rounds/8009/results,lead_one_group_two_routes,IFSC: 2 routes,49,,,,,,,10776,2,/api/v1/routes/10776/startlist,/api/v1/routes/10776/results
/api/v1/events/1338/result/577,1338,full_results_url,IFSC Paraclimbing World Championships Bern 2023,LEAD Men AU2,finished,2025-10-02 07:18:39 UTC,2026-04-23 07:47:06 UTC,,8364,lead,Final,Men AU2,finished,2023-08-10 11:49:16 UTC,/api/v1/category_rounds/8364/results,lead_one_group_one_route,IFSC: 1 route,51,,,,,,,10851,1,/api/v1/routes/10851/startlist,/api/v1/routes/10851/results
/api/v1/events/1338/result/581,1338,full_results_url,IFSC Paraclimbing World Championships Bern 2023,LEAD Women AU2,finished,2025-10-02 07:18:39 UTC,2026-04-23 07:47:06 UTC,,8010,lead,Qualification,Women AU2,finished,2023-08-08 17:11:15 UTC,/api/v1/category_rounds/8010/results,lead_one_group_two_routes,IFSC: 2 routes,49,,,,,,,10777,1,/api/v1/routes/10777/startlist,/api/v1/routes/10777/results
/api/v1/events/1338/result/581,1338,full_results_url,IFSC Paraclimbing World Championships Bern 2023,LEAD Women AU2,finished,2025-10-02 07:18:39 UTC,2026-04-23 07:47:06 UTC,,8010,lead,Qualification,Women AU2,finished,2023-08-08 17:11:15 UTC,/api/v1/category_rounds/8010/results,lead_one_group_two_routes,IFSC: 2 routes,49,,,,,,,10778,2,/api/v1/routes/10778/startlist,/api/v1/routes/10778/results
/api/v1/events/1338/result/581,1338,full_results_url,IFSC Paraclimbing World Championships Bern 2023,LEAD Women AU2,finished,2025-10-02 07:18:39 UTC,2026-04-23 07:47:06 UTC,,8365,lead,Final,Women AU2,finished,2023-08-10 15:29:28 UTC,/api/v1/category_rounds/8365/results,lead_one_group_one_route,IFSC: 1 route,51,,,,,,,10852,1,/api/v1/routes/10852/startlist,/api/v1/routes/10852/results
/api/v1/events/1338/result/585,1338,full_results_url,IFSC Paraclimbing World Championships Bern 2023,LEAD Men RP1,finished,2025-10-02 07:18:39 UTC,2026-04-23 07:47:06 UTC,,8011,lead,Qualification,Men RP1,finished,2023-08-08 14:02:33 UTC,/api/v1/category_rounds/8011/results,lead_one_group_two_routes,IFSC: 2 routes,49,,,,,,,10779,1,/api/v1/routes/10779/startlist,/api/v1/routes/10779/results
/api/v1/events/1338/result/585,1338,full_results_url,IFSC Paraclimbing World Championships Bern 2023,LEAD Men RP1,finished,2025-10-02 07:18:39 UTC,2026-04-23 07:47:06 UTC,,8011,lead,Qualification,Men RP1,finished,2023-08-08 14:02:33 UTC,/api/v1/category_rounds/8011/results,lead_one_group_two_routes,IFSC: 2 routes,49,,,,,,,10780,2,/api/v1/routes/10780/startlist,/api/v1/routes/10780/results
/api/v1/events/1338/result/585,1338,full_results_url,IFSC Paraclimbing World Championships Bern 2023,LEAD Men RP1,finished,2025-10-02 07:18:39 UTC,2026-04-23 07:47:06 UTC,,8366,lead,Final,Men RP1,finished,2023-08-10 11:44:06 UTC,/api/v1/category_rounds/8366/results,lead_one_group_one_route,IFSC: 1 route,51,,,,,,,10853,1,/api/v1/routes/10853/startlist,/api/v1/routes/10853/results
/api/v1/events/1338/result/589,1338,full_results_url,IFSC Paraclimbing World Championships Bern 2023,LEAD Men RP2,finished,2025-10-02 07:18:39 UTC,2026-04-23 07:47:06 UTC,,8012,lead,Qualification,Men RP2,finished,2023-08-08 13:40:34 UTC,/api/v1/category_rounds/8012/results,lead_one_group_two_routes,IFSC: 2 routes,49,,,,,,,10781,1,/api/v1/routes/10781/startlist,/api/v1/routes/10781/results
/api/v1/events/1338/result/589,1338,full_results_url,IFSC Paraclimbing World Championships Bern 2023,LEAD Men RP2,finished,2025-10-02 07:18:39 UTC,2026-04-23 07:47:06 UTC,,8012,lead,Qualification,Men RP2,finished,2023-08-08 13:40:34 UTC,/api/v1/category_rounds/8012/results,lead_one_group_two_routes,IFSC: 2 routes,49,,,,,,,10782,2,/api/v1/routes/10782/startlist,/api/v1/routes/10782/results
/api/v1/events/1338/result/589,1338,full_results_url,IFSC Paraclimbing World Championships Bern 2023,LEAD Men RP2,finished,2025-10-02 07:18:39 UTC,2026-04-23 07:47:06 UTC,,8367,lead,Final,Men RP2,finished,2023-08-10 11:32:19 UTC,/api/v1/category_rounds/8367/results,lead_one_group_one_route,IFSC: 1 route,51,,,,,,,10854,1,/api/v1/routes/10854/startlist,/api/v1/routes/10854/results
/api/v1/events/1338/result/593,1338,full_results_url,IFSC Paraclimbing World Championships Bern 2023,LEAD Men RP3,finished,2025-10-02 07:18:39 UTC,2026-04-23 07:47:06 UTC,,8013,lead,Qualification,Men RP3,finished,2023-08-08 14:10:23 UTC,/api/v1/category_rounds/8013/results,lead_one_group_two_routes,IFSC: 2 routes,49,,,,,,,10783,1,/api/v1/routes/10783/startlist,/api/v1/routes/10783/results
/api/v1/events/1338/result/593,1338,full_results_url,IFSC Paraclimbing World Championships Bern 2023,LEAD Men RP3,finished,2025-10-02 07:18:39 UTC,2026-04-23 07:47:06 UTC,,8013,lead,Qualification,Men RP3,finished,2023-08-08 14:10:23 UTC,/api/v1/category_rounds/8013/results,lead_one_group_two_routes,IFSC: 2 routes,49,,,,,,,10784,2,/api/v1/routes/10784/startlist,/api/v1/routes/10784/results
/api/v1/events/1338/result/593,1338,full_results_url,IFSC Paraclimbing World Championships Bern 2023,LEAD Men RP3,finished,2025-10-02 07:18:39 UTC,2026-04-23 07:47:06 UTC,,8368,lead,Final,Men RP3,finished,2023-08-10 15:34:30 UTC,/api/v1/category_rounds/8368/results,lead_one_group_one_route,IFSC: 1 route,51,,,,,,,10855,1,/api/v1/routes/10855/startlist,/api/v1/routes/10855/results
/api/v1/events/1338/result/597,1338,full_results_url,IFSC Paraclimbing World Championships Bern 2023,LEAD Women RP1,finished,2025-10-02 07:18:39 UTC,2026-04-23 07:47:06 UTC,,8014,lead,Qualification,Women RP1,finished,2023-08-08 13:34:52 UTC,/api/v1/category_rounds/8014/results,lead_one_group_two_routes,IFSC: 2 routes,49,,,,,,,10785,1,/api/v1/routes/10785/startlist,/api/v1/routes/10785/results
/api/v1/events/1338/result/597,1338,full_results_url,IFSC Paraclimbing World Championships Bern 2023,LEAD Women RP1,finished,2025-10-02 07:18:39 UTC,2026-04-23 07:47:06 UTC,,8014,lead,Qualification,Women RP1,finished,2023-08-08 13:34:52 UTC,/api/v1/category_rounds/8014/results,lead_one_group_two_routes,IFSC: 2 routes,49,,,,,,,10786,2,/api/v1/routes/10786/startlist,/api/v1/routes/10786/results
/api/v1/events/1338/result/597,1338,full_results_url,IFSC Paraclimbing World Championships Bern 2023,LEAD Women RP1,finished,2025-10-02 07:18:39 UTC,2026-04-23 07:47:06 UTC,,8369,lead,Final,Women RP1,finished,2023-08-10 12:18:00 UTC,/api/v1/category_rounds/8369/results,lead_one_group_one_route,IFSC: 1 route,51,,,,,,,10856,1,/api/v1/routes/10856/startlist,/api/v1/routes/10856/results
/api/v1/events/1338/result/601,1338,full_results_url,IFSC Paraclimbing World Championships Bern 2023,LEAD Women RP2,finished,2025-10-02 07:18:39 UTC,2026-04-23 07:47:06 UTC,,8015,lead,Qualification,Women RP2,finished,2023-08-08 15:05:51 UTC,/api/v1/category_rounds/8015/results,lead_one_group_two_routes,IFSC: 2 routes,49,,,,,,,10787,1,/api/v1/routes/10787/startlist,/api/v1/routes/10787/results
/api/v1/events/1338/result/601,1338,full_results_url,IFSC Paraclimbing World Championships Bern 2023,LEAD Women RP2,finished,2025-10-02 07:18:39 UTC,2026-04-23 07:47:06 UTC,,8015,lead,Qualification,Women RP2,finished,2023-08-08 15:05:51 UTC,/api/v1/category_rounds/8015/results,lead_one_group_two_routes,IFSC: 2 routes,49,,,,,,,10788,2,/api/v1/routes/10788/startlist,/api/v1/routes/10788/results
/api/v1/events/1338/result/601,1338,full_results_url,IFSC Paraclimbing World Championships Bern 2023,LEAD Women RP2,finished,2025-10-02 07:18:39 UTC,2026-04-23 07:47:06 UTC,,8370,lead,Final,Women RP2,finished,2023-08-10 12:02:31 UTC,/api/v1/category_rounds/8370/results,lead_one_group_one_route,IFSC: 1 route,51,,,,,,,10857,1,/api/v1/routes/10857/startlist,/api/v1/routes/10857/results
/api/v1/events/1338/result/605,1338,full_results_url,IFSC Paraclimbing World Championships Bern 2023,LEAD Women RP3,finished,2025-10-02 07:18:39 UTC,2026-04-23 07:47:06 UTC,,8016,lead,Qualification,Women RP3,finished,2023-08-08 13:43:58 UTC,/api/v1/category_rounds/8016/results,lead_one_group_two_routes,IFSC: 2 routes,49,,,,,,,10789,1,/api/v1/routes/10789/startlist,/api/v1/routes/10789/results
/api/v1/events/1338/result/605,1338,full_results_url,IFSC Paraclimbing World Championships Bern 2023,LEAD Women RP3,finished,2025-10-02 07:18:39 UTC,2026-04-23 07:47:06 UTC,,8016,lead,Qualification,Women RP3,finished,2023-08-08 13:43:58 UTC,/api/v1/category_rounds/8016/results,lead_one_group_two_routes,IFSC: 2 routes,49,,,,,,,10790,2,/api/v1/routes/10790/startlist,/api/v1/routes/10790/results
/api/v1/events/1338/result/605,1338,full_results_url,IFSC Paraclimbing World Championships Bern 2023,LEAD Women RP3,finished,2025-10-02 07:18:39 UTC,2026-04-23 07:47:06 UTC,,8371,lead,Final,Women RP3,finished,2023-08-10 12:16:34 UTC,/api/v1/category_rounds/8371/results,lead_one_group_one_route,IFSC: 1 route,51,,,,,,,10858,1,/api/v1/routes/10858/startlist,/api/v1/routes/10858/results
/api/v1/events/1338/result/753,1338,full_results_url,IFSC Paraclimbing World Championships Bern 2023,LEAD Men AU3,finished,2025-10-02 07:18:40 UTC,2026-04-23 07:47:06 UTC,,8074,lead,Qualification,Men AU3,finished,2023-08-08 12:43:41 UTC,/api/v1/category_rounds/8074/results,lead_one_group_two_routes,IFSC: 2 routes,49,,,,,,,10791,1,/api/v1/routes/10791/startlist,/api/v1/routes/10791/results
/api/v1/events/1338/result/753,1338,full_results_url,IFSC Paraclimbing World Championships Bern 2023,LEAD Men AU3,finished,2025-10-02 07:18:40 UTC,2026-04-23 07:47:06 UTC,,8074,lead,Qualification,Men AU3,finished,2023-08-08 12:43:41 UTC,/api/v1/category_rounds/8074/results,lead_one_group_two_routes,IFSC: 2 routes,49,,,,,,,10792,2,/api/v1/routes/10792/startlist,/api/v1/routes/10792/results
/api/v1/events/1338/result/753,1338,full_results_url,IFSC Paraclimbing World Championships Bern 2023,LEAD Men AU3,finished,2025-10-02 07:18:40 UTC,2026-04-23 07:47:06 UTC,,8372,lead,Final,Men AU3,finished,2023-08-10 14:52:04 UTC,/api/v1/category_rounds/8372/results,lead_one_group_one_route,IFSC: 1 route,51,,,,,,,10859,1,/api/v1/routes/10859/startlist,/api/v1/routes/10859/results
/api/v1/events/1338/result/758,1338,full_results_url,IFSC Paraclimbing World Championships Bern 2023,LEAD Women AU3,active,2025-10-02 07:18:40 UTC,NA,,8075,lead,Qualification,Women AU3,pending,2023-07-11 12:50:16 UTC,/api/v1/category_rounds/8075/results,lead_one_group_two_routes,IFSC: 2 routes,49,,,,,,,10793,1,/api/v1/routes/10793/startlist,/api/v1/routes/10793/results
/api/v1/events/1338/result/758,1338,full_results_url,IFSC Paraclimbing World Championships Bern 2023,LEAD Women AU3,active,2025-10-02 07:18:40 UTC,NA,,8075,lead,Qualification,Women AU3,pending,2023-07-11 12:50:16 UTC,/api/v1/category_rounds/8075/results,lead_one_group_two_routes,IFSC: 2 routes,49,,,,,,,10794,2,/api/v1/routes/10794/startlist,/api/v1/routes/10794/results
/api/v1/events/1338/result/758,1338,full_results_url,IFSC Paraclimbing World Championships Bern 2023,LEAD Women AU3,active,2025-10-02 07:18:40 UTC,NA,,8373,lead,Final,Women AU3,pending,2023-08-07 13:31:56 UTC,/api/v1/category_rounds/8373/results,lead_one_group_one_route,IFSC: 1 route,51,,,,,,,10860,1,/api/v1/routes/10860/startlist,/api/v1/routes/10860/results
/api/v1/events/1304/result/11,1304,full_results_url,IFSC Youth World Championships Seoul 2023,BOULDER Juniors Male,finished,2025-10-02 07:18:38 UTC,2026-04-22 08:47:52 UTC,,7711,boulder,Qualification,Juniors Male,finished,2023-08-24 04:41:27 UTC,/api/v1/category_rounds/7711/results,boulder_one_group_two_courses,Custom: 2 courses,4,,,,,,,11037,A1,/api/v1/routes/11037/startlist,
/api/v1/events/1304/result/11,1304,full_results_url,IFSC Youth World Championships Seoul 2023,BOULDER Juniors Male,finished,2025-10-02 07:18:38 UTC,2026-04-22 08:47:52 UTC,,7711,boulder,Qualification,Juniors Male,finished,2023-08-24 04:41:27 UTC,/api/v1/category_rounds/7711/results,boulder_one_group_two_courses,Custom: 2 courses,4,,,,,,,11038,A2,/api/v1/routes/11038/startlist,
/api/v1/events/1304/result/11,1304,full_results_url,IFSC Youth World Championships Seoul 2023,BOULDER Juniors Male,finished,2025-10-02 07:18:38 UTC,2026-04-22 08:47:52 UTC,,7711,boulder,Qualification,Juniors Male,finished,2023-08-24 04:41:27 UTC,/api/v1/category_rounds/7711/results,boulder_one_group_two_courses,Custom: 2 courses,4,,,,,,,11039,A3,/api/v1/routes/11039/startlist,
/api/v1/events/1304/result/11,1304,full_results_url,IFSC Youth World Championships Seoul 2023,BOULDER Juniors Male,finished,2025-10-02 07:18:38 UTC,2026-04-22 08:47:52 UTC,,7711,boulder,Qualification,Juniors Male,finished,2023-08-24 04:41:27 UTC,/api/v1/category_rounds/7711/results,boulder_one_group_two_courses,Custom: 2 courses,4,,,,,,,11040,B1,/api/v1/routes/11040/startlist,
/api/v1/events/1304/result/11,1304,full_results_url,IFSC Youth World Championships Seoul 2023,BOULDER Juniors Male,finished,2025-10-02 07:18:38 UTC,2026-04-22 08:47:52 UTC,,7711,boulder,Qualification,Juniors Male,finished,2023-08-24 04:41:27 UTC,/api/v1/category_rounds/7711/results,boulder_one_group_two_courses,Custom: 2 courses,4,,,,,,,11041,B2,/api/v1/routes/11041/startlist,
/api/v1/events/1304/result/11,1304,full_results_url,IFSC Youth World Championships Seoul 2023,BOULDER Juniors Male,finished,2025-10-02 07:18:38 UTC,2026-04-22 08:47:52 UTC,,7711,boulder,Qualification,Juniors Male,finished,2023-08-24 04:41:27 UTC,/api/v1/category_rounds/7711/results,boulder_one_group_two_courses,Custom: 2 courses,4,,,,,,,11042,B3,/api/v1/routes/11042/startlist,
/api/v1/events/1304/result/11,1304,full_results_url,IFSC Youth World Championships Seoul 2023,BOULDER Juniors Male,finished,2025-10-02 07:18:38 UTC,2026-04-22 08:47:52 UTC,,8374,boulder,Semi-Final,Juniors Male,finished,2023-08-25 02:28:23 UTC,/api/v1/category_rounds/8374/results,boulder_one_group_one_boulder_set,IFSC: 1 group,5,,,,,,,10861,1,/api/v1/routes/10861/startlist,
/api/v1/events/1304/result/11,1304,full_results_url,IFSC Youth World Championships Seoul 2023,BOULDER Juniors Male,finished,2025-10-02 07:18:38 UTC,2026-04-22 08:47:52 UTC,,8374,boulder,Semi-Final,Juniors Male,finished,2023-08-25 02:28:23 UTC,/api/v1/category_rounds/8374/results,boulder_one_group_one_boulder_set,IFSC: 1 group,5,,,,,,,10862,2,/api/v1/routes/10862/startlist,
/api/v1/events/1304/result/11,1304,full_results_url,IFSC Youth World Championships Seoul 2023,BOULDER Juniors Male,finished,2025-10-02 07:18:38 UTC,2026-04-22 08:47:52 UTC,,8374,boulder,Semi-Final,Juniors Male,finished,2023-08-25 02:28:23 UTC,/api/v1/category_rounds/8374/results,boulder_one_group_one_boulder_set,IFSC: 1 group,5,,,,,,,10863,3,/api/v1/routes/10863/startlist,
/api/v1/events/1304/result/11,1304,full_results_url,IFSC Youth World Championships Seoul 2023,BOULDER Juniors Male,finished,2025-10-02 07:18:38 UTC,2026-04-22 08:47:52 UTC,,8374,boulder,Semi-Final,Juniors Male,finished,2023-08-25 02:28:23 UTC,/api/v1/category_rounds/8374/results,boulder_one_group_one_boulder_set,IFSC: 1 group,5,,,,,,,10864,4,/api/v1/routes/10864/startlist,
/api/v1/events/1304/result/11,1304,full_results_url,IFSC Youth World Championships Seoul 2023,BOULDER Juniors Male,finished,2025-10-02 07:18:38 UTC,2026-04-22 08:47:52 UTC,,8380,boulder,Final,Juniors Male,finished,2023-08-25 11:42:40 UTC,/api/v1/category_rounds/8380/results,boulder_finals_one_by_one,IFSC: Finals,6,,,,,,,10885,1,/api/v1/routes/10885/startlist,
/api/v1/events/1304/result/11,1304,full_results_url,IFSC Youth World Championships Seoul 2023,BOULDER Juniors Male,finished,2025-10-02 07:18:38 UTC,2026-04-22 08:47:52 UTC,,8380,boulder,Final,Juniors Male,finished,2023-08-25 11:42:40 UTC,/api/v1/category_rounds/8380/results,boulder_finals_one_by_one,IFSC: Finals,6,,,,,,,10886,2,/api/v1/routes/10886/startlist,
/api/v1/events/1304/result/11,1304,full_results_url,IFSC Youth World Championships Seoul 2023,BOULDER Juniors Male,finished,2025-10-02 07:18:38 UTC,2026-04-22 08:47:52 UTC,,8380,boulder,Final,Juniors Male,finished,2023-08-25 11:42:40 UTC,/api/v1/category_rounds/8380/results,boulder_finals_one_by_one,IFSC: Finals,6,,,,,,,10887,3,/api/v1/routes/10887/startlist,
/api/v1/events/1304/result/11,1304,full_results_url,IFSC Youth World Championships Seoul 2023,BOULDER Juniors Male,finished,2025-10-02 07:18:38 UTC,2026-04-22 08:47:52 UTC,,8380,boulder,Final,Juniors Male,finished,2023-08-25 11:42:40 UTC,/api/v1/category_rounds/8380/results,boulder_finals_one_by_one,IFSC: Finals,6,,,,,,,10888,4,/api/v1/routes/10888/startlist,
/api/v1/events/1304/result/15,1304,full_results_url,IFSC Youth World Championships Seoul 2023,BOULDER Youth A Male,finished,2025-10-02 07:18:38 UTC,2026-04-22 08:47:56 UTC,,7712,boulder,Qualification,Youth A Male,finished,2023-08-22 04:38:55 UTC,/api/v1/category_rounds/7712/results,boulder_one_group_two_courses,Custom: 2 courses,4,,,,,,,11043,A1,/api/v1/routes/11043/startlist,
/api/v1/events/1304/result/15,1304,full_results_url,IFSC Youth World Championships Seoul 2023,BOULDER Youth A Male,finished,2025-10-02 07:18:38 UTC,2026-04-22 08:47:56 UTC,,7712,boulder,Qualification,Youth A Male,finished,2023-08-22 04:38:55 UTC,/api/v1/category_rounds/7712/results,boulder_one_group_two_courses,Custom: 2 courses,4,,,,,,,11044,A2,/api/v1/routes/11044/startlist,
/api/v1/events/1304/result/15,1304,full_results_url,IFSC Youth World Championships Seoul 2023,BOULDER Youth A Male,finished,2025-10-02 07:18:38 UTC,2026-04-22 08:47:56 UTC,,7712,boulder,Qualification,Youth A Male,finished,2023-08-22 04:38:55 UTC,/api/v1/category_rounds/7712/results,boulder_one_group_two_courses,Custom: 2 courses,4,,,,,,,11045,A3,/api/v1/routes/11045/startlist,
/api/v1/events/1304/result/15,1304,full_results_url,IFSC Youth World Championships Seoul 2023,BOULDER Youth A Male,finished,2025-10-02 07:18:38 UTC,2026-04-22 08:47:56 UTC,,7712,boulder,Qualification,Youth A Male,finished,2023-08-22 04:38:55 UTC,/api/v1/category_rounds/7712/results,boulder_one_group_two_courses,Custom: 2 courses,4,,,,,,,11046,B1,/api/v1/routes/11046/startlist,
/api/v1/events/1304/result/15,1304,full_results_url,IFSC Youth World Championships Seoul 2023,BOULDER Youth A Male,finished,2025-10-02 07:18:38 UTC,2026-04-22 08:47:56 UTC,,7712,boulder,Qualification,Youth A Male,finished,2023-08-22 04:38:55 UTC,/api/v1/category_rounds/7712/results,boulder_one_group_two_courses,Custom: 2 courses,4,,,,,,,11047,B2,/api/v1/routes/11047/startlist,
/api/v1/events/1304/result/15,1304,full_results_url,IFSC Youth World Championships Seoul 2023,BOULDER Youth A Male,finished,2025-10-02 07:18:38 UTC,2026-04-22 08:47:56 UTC,,7712,boulder,Qualification,Youth A Male,finished,2023-08-22 04:38:55 UTC,/api/v1/category_rounds/7712/results,boulder_one_group_two_courses,Custom: 2 courses,4,,,,,,,11048,B3,/api/v1/routes/11048/startlist,
/api/v1/events/1304/result/15,1304,full_results_url,IFSC Youth World Championships Seoul 2023,BOULDER Youth A Male,finished,2025-10-02 07:18:38 UTC,2026-04-22 08:47:56 UTC,,8375,boulder,Semi-Final,Youth A Male,finished,2023-08-23 02:20:44 UTC,/api/v1/category_rounds/8375/results,boulder_one_group_one_boulder_set,IFSC: 1 group,5,,,,,,,10865,1,/api/v1/routes/10865/startlist,
/api/v1/events/1304/result/15,1304,full_results_url,IFSC Youth World Championships Seoul 2023,BOULDER Youth A Male,finished,2025-10-02 07:18:38 UTC,2026-04-22 08:47:56 UTC,,8375,boulder,Semi-Final,Youth A Male,finished,2023-08-23 02:20:44 UTC,/api/v1/category_rounds/8375/results,boulder_one_group_one_boulder_set,IFSC: 1 group,5,,,,,,,10866,2,/api/v1/routes/10866/startlist,
/api/v1/events/1304/result/15,1304,full_results_url,IFSC Youth World Championships Seoul 2023,BOULDER Youth A Male,finished,2025-10-02 07:18:38 UTC,2026-04-22 08:47:56 UTC,,8375,boulder,Semi-Final,Youth A Male,finished,2023-08-23 02:20:44 UTC,/api/v1/category_rounds/8375/results,boulder_one_group_one_boulder_set,IFSC: 1 group,5,,,,,,,10867,3,/api/v1/routes/10867/startlist,
/api/v1/events/1304/result/15,1304,full_results_url,IFSC Youth World Championships Seoul 2023,BOULDER Youth A Male,finished,2025-10-02 07:18:38 UTC,2026-04-22 08:47:56 UTC,,8375,boulder,Semi-Final,Youth A Male,finished,2023-08-23 02:20:44 UTC,/api/v1/category_rounds/8375/results,boulder_one_group_one_boulder_set,IFSC: 1 group,5,,,,,,,10868,4,/api/v1/routes/10868/startlist,
/api/v1/events/1304/result/15,1304,full_results_url,IFSC Youth World Championships Seoul 2023,BOULDER Youth A Male,finished,2025-10-02 07:18:38 UTC,2026-04-22 08:47:56 UTC,,8381,boulder,Final,Youth A Male,finished,2023-08-23 12:08:33 UTC,/api/v1/category_rounds/8381/results,boulder_finals_one_by_one,IFSC: Finals,6,,,,,,,10889,1,/api/v1/routes/10889/startlist,
/api/v1/events/1304/result/15,1304,full_results_url,IFSC Youth World Championships Seoul 2023,BOULDER Youth A Male,finished,2025-10-02 07:18:38 UTC,2026-04-22 08:47:56 UTC,,8381,boulder,Final,Youth A Male,finished,2023-08-23 12:08:33 UTC,/api/v1/category_rounds/8381/results,boulder_finals_one_by_one,IFSC: Finals,6,,,,,,,10890,2,/api/v1/routes/10890/startlist,
/api/v1/events/1304/result/15,1304,full_results_url,IFSC Youth World Championships Seoul 2023,BOULDER Youth A Male,finished,2025-10-02 07:18:38 UTC,2026-04-22 08:47:56 UTC,,8381,boulder,Final,Youth A Male,finished,2023-08-23 12:08:33 UTC,/api/v1/category_rounds/8381/results,boulder_finals_one_by_one,IFSC: Finals,6,,,,,,,10891,3,/api/v1/routes/10891/startlist,
/api/v1/events/1304/result/15,1304,full_results_url,IFSC Youth World Championships Seoul 2023,BOULDER Youth A Male,finished,2025-10-02 07:18:38 UTC,2026-04-22 08:47:56 UTC,,8381,boulder,Final,Youth A Male,finished,2023-08-23 12:08:33 UTC,/api/v1/category_rounds/8381/results,boulder_finals_one_by_one,IFSC: Finals,6,,,,,,,10892,4,/api/v1/routes/10892/startlist,
/api/v1/events/1304/result/19,1304,full_results_url,IFSC Youth World Championships Seoul 2023,BOULDER Youth B Male,finished,2025-10-02 07:18:38 UTC,2026-04-22 08:48:00 UTC,,7713,boulder,Qualification,Youth B Male,finished,2023-08-26 04:06:49 UTC,/api/v1/category_rounds/7713/results,boulder_one_group_two_courses,Custom: 2 courses,4,,,,,,,11049,A1,/api/v1/routes/11049/startlist,
/api/v1/events/1304/result/19,1304,full_results_url,IFSC Youth World Championships Seoul 2023,BOULDER Youth B Male,finished,2025-10-02 07:18:38 UTC,2026-04-22 08:48:00 UTC,,7713,boulder,Qualification,Youth B Male,finished,2023-08-26 04:06:49 UTC,/api/v1/category_rounds/7713/results,boulder_one_group_two_courses,Custom: 2 courses,4,,,,,,,11050,A2,/api/v1/routes/11050/startlist,
/api/v1/events/1304/result/19,1304,full_results_url,IFSC Youth World Championships Seoul 2023,BOULDER Youth B Male,finished,2025-10-02 07:18:38 UTC,2026-04-22 08:48:00 UTC,,7713,boulder,Qualification,Youth B Male,finished,2023-08-26 04:06:49 UTC,/api/v1/category_rounds/7713/results,boulder_one_group_two_courses,Custom: 2 courses,4,,,,,,,11051,A3,/api/v1/routes/11051/startlist,
/api/v1/events/1304/result/19,1304,full_results_url,IFSC Youth World Championships Seoul 2023,BOULDER Youth B Male,finished,2025-10-02 07:18:38 UTC,2026-04-22 08:48:00 UTC,,7713,boulder,Qualification,Youth B Male,finished,2023-08-26 04:06:49 UTC,/api/v1/category_rounds/7713/results,boulder_one_group_two_courses,Custom: 2 courses,4,,,,,,,11052,B1,/api/v1/routes/11052/startlist,
/api/v1/events/1304/result/19,1304,full_results_url,IFSC Youth World Championships Seoul 2023,BOULDER Youth B Male,finished,2025-10-02 07:18:38 UTC,2026-04-22 08:48:00 UTC,,7713,boulder,Qualification,Youth B Male,finished,2023-08-26 04:06:49 UTC,/api/v1/category_rounds/7713/results,boulder_one_group_two_courses,Custom: 2 courses,4,,,,,,,11053,B2,/api/v1/routes/11053/startlist,
/api/v1/events/1304/result/19,1304,full_results_url,IFSC Youth World Championships Seoul 2023,BOULDER Youth B Male,finished,2025-10-02 07:18:38 UTC,2026-04-22 08:48:00 UTC,,7713,boulder,Qualification,Youth B Male,finished,2023-08-26 04:06:49 UTC,/api/v1/category_rounds/7713/results,boulder_one_group_two_courses,Custom: 2 courses,4,,,,,,,11054,B3,/api/v1/routes/11054/startlist,
/api/v1/events/1304/result/19,1304,full_results_url,IFSC Youth World Championships Seoul 2023,BOULDER Youth B Male,finished,2025-10-02 07:18:38 UTC,2026-04-22 08:48:00 UTC,,8376,boulder,Semi-Final,Youth B Male,finished,2023-08-27 02:16:49 UTC,/api/v1/category_rounds/8376/results,boulder_one_group_one_boulder_set,IFSC: 1 group,5,,,,,,,10869,1,/api/v1/routes/10869/startlist,
/api/v1/events/1304/result/19,1304,full_results_url,IFSC Youth World Championships Seoul 2023,BOULDER Youth B Male,finished,2025-10-02 07:18:38 UTC,2026-04-22 08:48:00 UTC,,8376,boulder,Semi-Final,Youth B Male,finished,2023-08-27 02:16:49 UTC,/api/v1/category_rounds/8376/results,boulder_one_group_one_boulder_set,IFSC: 1 group,5,,,,,,,10870,2,/api/v1/routes/10870/startlist,
/api/v1/events/1304/result/19,1304,full_results_url,IFSC Youth World Championships Seoul 2023,BOULDER Youth B Male,finished,2025-10-02 07:18:38 UTC,2026-04-22 08:48:00 UTC,,8376,boulder,Semi-Final,Youth B Male,finished,2023-08-27 02:16:49 UTC,/api/v1/category_rounds/8376/results,boulder_one_group_one_boulder_set,IFSC: 1 group,5,,,,,,,10871,3,/api/v1/routes/10871/startlist,
/api/v1/events/1304/result/19,1304,full_results_url,IFSC Youth World Championships Seoul 2023,BOULDER Youth B Male,finished,2025-10-02 07:18:38 UTC,2026-04-22 08:48:00 UTC,,8376,boulder,Semi-Final,Youth B Male,finished,2023-08-27 02:16:49 UTC,/api/v1/category_rounds/8376/results,boulder_one_group_one_boulder_set,IFSC: 1 group,5,,,,,,,10872,4,/api/v1/routes/10872/startlist,
/api/v1/events/1304/result/19,1304,full_results_url,IFSC Youth World Championships Seoul 2023,BOULDER Youth B Male,finished,2025-10-02 07:18:38 UTC,2026-04-22 08:48:00 UTC,,8382,boulder,Final,Youth B Male,finished,2023-08-27 10:52:31 UTC,/api/v1/category_rounds/8382/results,boulder_finals_one_by_one,IFSC: Finals,6,,,,,,,10893,1,/api/v1/routes/10893/startlist,
/api/v1/events/1304/result/19,1304,full_results_url,IFSC Youth World Championships Seoul 2023,BOULDER Youth B Male,finished,2025-10-02 07:18:38 UTC,2026-04-22 08:48:00 UTC,,8382,boulder,Final,Youth B Male,finished,2023-08-27 10:52:31 UTC,/api/v1/category_rounds/8382/results,boulder_finals_one_by_one,IFSC: Finals,6,,,,,,,10894,2,/api/v1/routes/10894/startlist,
/api/v1/events/1304/result/19,1304,full_results_url,IFSC Youth World Championships Seoul 2023,BOULDER Youth B Male,finished,2025-10-02 07:18:38 UTC,2026-04-22 08:48:00 UTC,,8382,boulder,Final,Youth B Male,finished,2023-08-27 10:52:31 UTC,/api/v1/category_rounds/8382/results,boulder_finals_one_by_one,IFSC: Finals,6,,,,,,,10895,3,/api/v1/routes/10895/startlist,
/api/v1/events/1304/result/19,1304,full_results_url,IFSC Youth World Championships Seoul 2023,BOULDER Youth B Male,finished,2025-10-02 07:18:38 UTC,2026-04-22 08:48:00 UTC,,8382,boulder,Final,Youth B Male,finished,2023-08-27 10:52:31 UTC,/api/v1/category_rounds/8382/results,boulder_finals_one_by_one,IFSC: Finals,6,,,,,,,10896,4,/api/v1/routes/10896/startlist,
/api/v1/events/1304/result/27,1304,full_results_url,IFSC Youth World Championships Seoul 2023,BOULDER Juniors Female,finished,2025-10-02 07:18:38 UTC,2026-04-22 08:48:04 UTC,,7714,boulder,Qualification,Juniors Female,finished,2023-08-24 03:43:58 UTC,/api/v1/category_rounds/7714/results,boulder_one_group_two_courses,Custom: 2 courses,4,,,,,,,11055,A1,/api/v1/routes/11055/startlist,
/api/v1/events/1304/result/27,1304,full_results_url,IFSC Youth World Championships Seoul 2023,BOULDER Juniors Female,finished,2025-10-02 07:18:38 UTC,2026-04-22 08:48:04 UTC,,7714,boulder,Qualification,Juniors Female,finished,2023-08-24 03:43:58 UTC,/api/v1/category_rounds/7714/results,boulder_one_group_two_courses,Custom: 2 courses,4,,,,,,,11056,A2,/api/v1/routes/11056/startlist,
/api/v1/events/1304/result/27,1304,full_results_url,IFSC Youth World Championships Seoul 2023,BOULDER Juniors Female,finished,2025-10-02 07:18:38 UTC,2026-04-22 08:48:04 UTC,,7714,boulder,Qualification,Juniors Female,finished,2023-08-24 03:43:58 UTC,/api/v1/category_rounds/7714/results,boulder_one_group_two_courses,Custom: 2 courses,4,,,,,,,11057,A3,/api/v1/routes/11057/startlist,
/api/v1/events/1304/result/27,1304,full_results_url,IFSC Youth World Championships Seoul 2023,BOULDER Juniors Female,finished,2025-10-02 07:18:38 UTC,2026-04-22 08:48:04 UTC,,7714,boulder,Qualification,Juniors Female,finished,2023-08-24 03:43:58 UTC,/api/v1/category_rounds/7714/results,boulder_one_group_two_courses,Custom: 2 courses,4,,,,,,,11058,B1,/api/v1/routes/11058/startlist,
/api/v1/events/1304/result/27,1304,full_results_url,IFSC Youth World Championships Seoul 2023,BOULDER Juniors Female,finished,2025-10-02 07:18:38 UTC,2026-04-22 08:48:04 UTC,,7714,boulder,Qualification,Juniors Female,finished,2023-08-24 03:43:58 UTC,/api/v1/category_rounds/7714/results,boulder_one_group_two_courses,Custom: 2 courses,4,,,,,,,11059,B2,/api/v1/routes/11059/startlist,
/api/v1/events/1304/result/27,1304,full_results_url,IFSC Youth World Championships Seoul 2023,BOULDER Juniors Female,finished,2025-10-02 07:18:38 UTC,2026-04-22 08:48:04 UTC,,7714,boulder,Qualification,Juniors Female,finished,2023-08-24 03:43:58 UTC,/api/v1/category_rounds/7714/results,boulder_one_group_two_courses,Custom: 2 courses,4,,,,,,,11060,B3,/api/v1/routes/11060/startlist,
/api/v1/events/1304/result/27,1304,full_results_url,IFSC Youth World Championships Seoul 2023,BOULDER Juniors Female,finished,2025-10-02 07:18:38 UTC,2026-04-22 08:48:04 UTC,,8377,boulder,Semi-Final,Juniors Female,finished,2023-08-25 02:24:18 UTC,/api/v1/category_rounds/8377/results,boulder_one_group_one_boulder_set,IFSC: 1 group,5,,,,,,,10873,1,/api/v1/routes/10873/startlist,
/api/v1/events/1304/result/27,1304,full_results_url,IFSC Youth World Championships Seoul 2023,BOULDER Juniors Female,finished,2025-10-02 07:18:38 UTC,2026-04-22 08:48:04 UTC,,8377,boulder,Semi-Final,Juniors Female,finished,2023-08-25 02:24:18 UTC,/api/v1/category_rounds/8377/results,boulder_one_group_one_boulder_set,IFSC: 1 group,5,,,,,,,10874,2,/api/v1/routes/10874/startlist,
/api/v1/events/1304/result/27,1304,full_results_url,IFSC Youth World Championships Seoul 2023,BOULDER Juniors Female,finished,2025-10-02 07:18:38 UTC,2026-04-22 08:48:04 UTC,,8377,boulder,Semi-Final,Juniors Female,finished,2023-08-25 02:24:18 UTC,/api/v1/category_rounds/8377/results,boulder_one_group_one_boulder_set,IFSC: 1 group,5,,,,,,,10875,3,/api/v1/routes/10875/startlist,
/api/v1/events/1304/result/27,1304,full_results_url,IFSC Youth World Championships Seoul 2023,BOULDER Juniors Female,finished,2025-10-02 07:18:38 UTC,2026-04-22 08:48:04 UTC,,8377,boulder,Semi-Final,Juniors Female,finished,2023-08-25 02:24:18 UTC,/api/v1/category_rounds/8377/results,boulder_one_group_one_boulder_set,IFSC: 1 group,5,,,,,,,10876,4,/api/v1/routes/10876/startlist,
/api/v1/events/1304/result/27,1304,full_results_url,IFSC Youth World Championships Seoul 2023,BOULDER Juniors Female,finished,2025-10-02 07:18:38 UTC,2026-04-22 08:48:04 UTC,,8383,boulder,Final,Juniors Female,finished,2023-08-25 11:41:03 UTC,/api/v1/category_rounds/8383/results,boulder_finals_one_by_one,IFSC: Finals,6,,,,,,,10897,1,/api/v1/routes/10897/startlist,
/api/v1/events/1304/result/27,1304,full_results_url,IFSC Youth World Championships Seoul 2023,BOULDER Juniors Female,finished,2025-10-02 07:18:38 UTC,2026-04-22 08:48:04 UTC,,8383,boulder,Final,Juniors Female,finished,2023-08-25 11:41:03 UTC,/api/v1/category_rounds/8383/results,boulder_finals_one_by_one,IFSC: Finals,6,,,,,,,10898,2,/api/v1/routes/10898/startlist,
/api/v1/events/1304/result/27,1304,full_results_url,IFSC Youth World Championships Seoul 2023,BOULDER Juniors Female,finished,2025-10-02 07:18:38 UTC,2026-04-22 08:48:04 UTC,,8383,boulder,Final,Juniors Female,finished,2023-08-25 11:41:03 UTC,/api/v1/category_rounds/8383/results,boulder_finals_one_by_one,IFSC: Finals,6,,,,,,,10899,3,/api/v1/routes/10899/startlist,
/api/v1/events/1304/result/27,1304,full_results_url,IFSC Youth World Championships Seoul 2023,BOULDER Juniors Female,finished,2025-10-02 07:18:38 UTC,2026-04-22 08:48:04 UTC,,8383,boulder,Final,Juniors Female,finished,2023-08-25 11:41:03 UTC,/api/v1/category_rounds/8383/results,boulder_finals_one_by_one,IFSC: Finals,6,,,,,,,10900,4,/api/v1/routes/10900/startlist,
/api/v1/events/1304/result/31,1304,full_results_url,IFSC Youth World Championships Seoul 2023,BOULDER Youth A Female,finished,2025-10-02 07:18:38 UTC,2026-04-22 08:48:08 UTC,,7715,boulder,Qualification,Youth A Female,finished,2023-08-22 05:06:00 UTC,/api/v1/category_rounds/7715/results,boulder_one_group_two_courses,Custom: 2 courses,4,,,,,,,11061,A1,/api/v1/routes/11061/startlist,
/api/v1/events/1304/result/31,1304,full_results_url,IFSC Youth World Championships Seoul 2023,BOULDER Youth A Female,finished,2025-10-02 07:18:38 UTC,2026-04-22 08:48:08 UTC,,7715,boulder,Qualification,Youth A Female,finished,2023-08-22 05:06:00 UTC,/api/v1/category_rounds/7715/results,boulder_one_group_two_courses,Custom: 2 courses,4,,,,,,,11062,A2,/api/v1/routes/11062/startlist,
/api/v1/events/1304/result/31,1304,full_results_url,IFSC Youth World Championships Seoul 2023,BOULDER Youth A Female,finished,2025-10-02 07:18:38 UTC,2026-04-22 08:48:08 UTC,,7715,boulder,Qualification,Youth A Female,finished,2023-08-22 05:06:00 UTC,/api/v1/category_rounds/7715/results,boulder_one_group_two_courses,Custom: 2 courses,4,,,,,,,11063,A3,/api/v1/routes/11063/startlist,
/api/v1/events/1304/result/31,1304,full_results_url,IFSC Youth World Championships Seoul 2023,BOULDER Youth A Female,finished,2025-10-02 07:18:38 UTC,2026-04-22 08:48:08 UTC,,7715,boulder,Qualification,Youth A Female,finished,2023-08-22 05:06:00 UTC,/api/v1/category_rounds/7715/results,boulder_one_group_two_courses,Custom: 2 courses,4,,,,,,,11064,B1,/api/v1/routes/11064/startlist,
/api/v1/events/1304/result/31,1304,full_results_url,IFSC Youth World Championships Seoul 2023,BOULDER Youth A Female,finished,2025-10-02 07:18:38 UTC,2026-04-22 08:48:08 UTC,,7715,boulder,Qualification,Youth A Female,finished,2023-08-22 05:06:00 UTC,/api/v1/category_rounds/7715/results,boulder_one_group_two_courses,Custom: 2 courses,4,,,,,,,11065,B2,/api/v1/routes/11065/startlist,
/api/v1/events/1304/result/31,1304,full_results_url,IFSC Youth World Championships Seoul 2023,BOULDER Youth A Female,finished,2025-10-02 07:18:38 UTC,2026-04-22 08:48:08 UTC,,7715,boulder,Qualification,Youth A Female,finished,2023-08-22 05:06:00 UTC,/api/v1/category_rounds/7715/results,boulder_one_group_two_courses,Custom: 2 courses,4,,,,,,,11066,B3,/api/v1/routes/11066/startlist,
/api/v1/events/1304/result/31,1304,full_results_url,IFSC Youth World Championships Seoul 2023,BOULDER Youth A Female,finished,2025-10-02 07:18:38 UTC,2026-04-22 08:48:08 UTC,,8378,boulder,Semi-Final,Youth A Female,finished,2023-08-23 02:19:53 UTC,/api/v1/category_rounds/8378/results,boulder_one_group_one_boulder_set,IFSC: 1 group,5,,,,,,,10877,1,/api/v1/routes/10877/startlist,
/api/v1/events/1304/result/31,1304,full_results_url,IFSC Youth World Championships Seoul 2023,BOULDER Youth A Female,finished,2025-10-02 07:18:38 UTC,2026-04-22 08:48:08 UTC,,8378,boulder,Semi-Final,Youth A Female,finished,2023-08-23 02:19:53 UTC,/api/v1/category_rounds/8378/results,boulder_one_group_one_boulder_set,IFSC: 1 group,5,,,,,,,10878,2,/api/v1/routes/10878/startlist,
/api/v1/events/1304/result/31,1304,full_results_url,IFSC Youth World Championships Seoul 2023,BOULDER Youth A Female,finished,2025-10-02 07:18:38 UTC,2026-04-22 08:48:08 UTC,,8378,boulder,Semi-Final,Youth A Female,finished,2023-08-23 02:19:53 UTC,/api/v1/category_rounds/8378/results,boulder_one_group_one_boulder_set,IFSC: 1 group,5,,,,,,,10879,3,/api/v1/routes/10879/startlist,
/api/v1/events/1304/result/31,1304,full_results_url,IFSC Youth World Championships Seoul 2023,BOULDER Youth A Female,finished,2025-10-02 07:18:38 UTC,2026-04-22 08:48:08 UTC,,8378,boulder,Semi-Final,Youth A Female,finished,2023-08-23 02:19:53 UTC,/api/v1/category_rounds/8378/results,boulder_one_group_one_boulder_set,IFSC: 1 group,5,,,,,,,10880,4,/api/v1/routes/10880/startlist,
/api/v1/events/1304/result/31,1304,full_results_url,IFSC Youth World Championships Seoul 2023,BOULDER Youth A Female,finished,2025-10-02 07:18:38 UTC,2026-04-22 08:48:08 UTC,,8384,boulder,Final,Youth A Female,finished,2023-08-23 12:07:38 UTC,/api/v1/category_rounds/8384/results,boulder_finals_one_by_one,IFSC: Finals,6,,,,,,,10901,1,/api/v1/routes/10901/startlist,
/api/v1/events/1304/result/31,1304,full_results_url,IFSC Youth World Championships Seoul 2023,BOULDER Youth A Female,finished,2025-10-02 07:18:38 UTC,2026-04-22 08:48:08 UTC,,8384,boulder,Final,Youth A Female,finished,2023-08-23 12:07:38 UTC,/api/v1/category_rounds/8384/results,boulder_finals_one_by_one,IFSC: Finals,6,,,,,,,10902,2,/api/v1/routes/10902/startlist,
/api/v1/events/1304/result/31,1304,full_results_url,IFSC Youth World Championships Seoul 2023,BOULDER Youth A Female,finished,2025-10-02 07:18:38 UTC,2026-04-22 08:48:08 UTC,,8384,boulder,Final,Youth A Female,finished,2023-08-23 12:07:38 UTC,/api/v1/category_rounds/8384/results,boulder_finals_one_by_one,IFSC: Finals,6,,,,,,,10903,3,/api/v1/routes/10903/startlist,
/api/v1/events/1304/result/31,1304,full_results_url,IFSC Youth World Championships Seoul 2023,BOULDER Youth A Female,finished,2025-10-02 07:18:38 UTC,2026-04-22 08:48:08 UTC,,8384,boulder,Final,Youth A Female,finished,2023-08-23 12:07:38 UTC,/api/v1/category_rounds/8384/results,boulder_finals_one_by_one,IFSC: Finals,6,,,,,,,10904,4,/api/v1/routes/10904/startlist,
/api/v1/events/1304/result/35,1304,full_results_url,IFSC Youth World Championships Seoul 2023,BOULDER Youth B Female,finished,2025-10-02 07:18:38 UTC,2026-04-22 08:48:12 UTC,,7716,boulder,Qualification,Youth B Female,finished,2023-08-26 03:40:28 UTC,/api/v1/category_rounds/7716/results,boulder_one_group_two_courses,Custom: 2 courses,4,,,,,,,11067,A1,/api/v1/routes/11067/startlist,
/api/v1/events/1304/result/35,1304,full_results_url,IFSC Youth World Championships Seoul 2023,BOULDER Youth B Female,finished,2025-10-02 07:18:38 UTC,2026-04-22 08:48:12 UTC,,7716,boulder,Qualification,Youth B Female,finished,2023-08-26 03:40:28 UTC,/api/v1/category_rounds/7716/results,boulder_one_group_two_courses,Custom: 2 courses,4,,,,,,,11068,A2,/api/v1/routes/11068/startlist,
/api/v1/events/1304/result/35,1304,full_results_url,IFSC Youth World Championships Seoul 2023,BOULDER Youth B Female,finished,2025-10-02 07:18:38 UTC,2026-04-22 08:48:12 UTC,,7716,boulder,Qualification,Youth B Female,finished,2023-08-26 03:40:28 UTC,/api/v1/category_rounds/7716/results,boulder_one_group_two_courses,Custom: 2 courses,4,,,,,,,11069,A3,/api/v1/routes/11069/startlist,
/api/v1/events/1304/result/35,1304,full_results_url,IFSC Youth World Championships Seoul 2023,BOULDER Youth B Female,finished,2025-10-02 07:18:38 UTC,2026-04-22 08:48:12 UTC,,7716,boulder,Qualification,Youth B Female,finished,2023-08-26 03:40:28 UTC,/api/v1/category_rounds/7716/results,boulder_one_group_two_courses,Custom: 2 courses,4,,,,,,,11070,B1,/api/v1/routes/11070/startlist,
/api/v1/events/1304/result/35,1304,full_results_url,IFSC Youth World Championships Seoul 2023,BOULDER Youth B Female,finished,2025-10-02 07:18:38 UTC,2026-04-22 08:48:12 UTC,,7716,boulder,Qualification,Youth B Female,finished,2023-08-26 03:40:28 UTC,/api/v1/category_rounds/7716/results,boulder_one_group_two_courses,Custom: 2 courses,4,,,,,,,11071,B2,/api/v1/routes/11071/startlist,
/api/v1/events/1304/result/35,1304,full_results_url,IFSC Youth World Championships Seoul 2023,BOULDER Youth B Female,finished,2025-10-02 07:18:38 UTC,2026-04-22 08:48:12 UTC,,7716,boulder,Qualification,Youth B Female,finished,2023-08-26 03:40:28 UTC,/api/v1/category_rounds/7716/results,boulder_one_group_two_courses,Custom: 2 courses,4,,,,,,,11072,B3,/api/v1/routes/11072/startlist,
/api/v1/events/1304/result/35,1304,full_results_url,IFSC Youth World Championships Seoul 2023,BOULDER Youth B Female,finished,2025-10-02 07:18:38 UTC,2026-04-22 08:48:12 UTC,,8379,boulder,Semi-Final,Youth B Female,finished,2023-08-27 02:20:53 UTC,/api/v1/category_rounds/8379/results,boulder_one_group_one_boulder_set,IFSC: 1 group,5,,,,,,,10881,1,/api/v1/routes/10881/startlist,
/api/v1/events/1304/result/35,1304,full_results_url,IFSC Youth World Championships Seoul 2023,BOULDER Youth B Female,finished,2025-10-02 07:18:38 UTC,2026-04-22 08:48:12 UTC,,8379,boulder,Semi-Final,Youth B Female,finished,2023-08-27 02:20:53 UTC,/api/v1/category_rounds/8379/results,boulder_one_group_one_boulder_set,IFSC: 1 group,5,,,,,,,10882,2,/api/v1/routes/10882/startlist,
/api/v1/events/1304/result/35,1304,full_results_url,IFSC Youth World Championships Seoul 2023,BOULDER Youth B Female,finished,2025-10-02 07:18:38 UTC,2026-04-22 08:48:12 UTC,,8379,boulder,Semi-Final,Youth B Female,finished,2023-08-27 02:20:53 UTC,/api/v1/category_rounds/8379/results,boulder_one_group_one_boulder_set,IFSC: 1 group,5,,,,,,,10883,3,/api/v1/routes/10883/startlist,
/api/v1/events/1304/result/35,1304,full_results_url,IFSC Youth World Championships Seoul 2023,BOULDER Youth B Female,finished,2025-10-02 07:18:38 UTC,2026-04-22 08:48:12 UTC,,8379,boulder,Semi-Final,Youth B Female,finished,2023-08-27 02:20:53 UTC,/api/v1/category_rounds/8379/results,boulder_one_group_one_boulder_set,IFSC: 1 group,5,,,,,,,10884,4,/api/v1/routes/10884/startlist,
/api/v1/events/1304/result/35,1304,full_results_url,IFSC Youth World Championships Seoul 2023,BOULDER Youth B Female,finished,2025-10-02 07:18:38 UTC,2026-04-22 08:48:12 UTC,,8385,boulder,Final,Youth B Female,finished,2023-08-27 10:54:47 UTC,/api/v1/category_rounds/8385/results,boulder_finals_one_by_one,IFSC: Finals,6,,,,,,,10905,1,/api/v1/routes/10905/startlist,
/api/v1/events/1304/result/35,1304,full_results_url,IFSC Youth World Championships Seoul 2023,BOULDER Youth B Female,finished,2025-10-02 07:18:38 UTC,2026-04-22 08:48:12 UTC,,8385,boulder,Final,Youth B Female,finished,2023-08-27 10:54:47 UTC,/api/v1/category_rounds/8385/results,boulder_finals_one_by_one,IFSC: Finals,6,,,,,,,10906,2,/api/v1/routes/10906/startlist,
/api/v1/events/1304/result/35,1304,full_results_url,IFSC Youth World Championships Seoul 2023,BOULDER Youth B Female,finished,2025-10-02 07:18:38 UTC,2026-04-22 08:48:12 UTC,,8385,boulder,Final,Youth B Female,finished,2023-08-27 10:54:47 UTC,/api/v1/category_rounds/8385/results,boulder_finals_one_by_one,IFSC: Finals,6,,,,,,,10907,3,/api/v1/routes/10907/startlist,
/api/v1/events/1304/result/35,1304,full_results_url,IFSC Youth World Championships Seoul 2023,BOULDER Youth B Female,finished,2025-10-02 07:18:38 UTC,2026-04-22 08:48:12 UTC,,8385,boulder,Final,Youth B Female,finished,2023-08-27 10:54:47 UTC,/api/v1/category_rounds/8385/results,boulder_finals_one_by_one,IFSC: Finals,6,,,,,,,10908,4,/api/v1/routes/10908/startlist,
/api/v1/events/1304/result/9,1304,full_results_url,IFSC Youth World Championships Seoul 2023,LEAD Juniors Male,finished,2025-10-02 07:18:38 UTC,2026-04-22 08:48:16 UTC,,7717,lead,Qualification,Juniors Male,finished,2023-08-19 04:19:59 UTC,/api/v1/category_rounds/7717/results,lead_one_group_two_routes,IFSC: 2 routes,4,,,,,,,8716,1,/api/v1/routes/8716/startlist,/api/v1/routes/8716/results
/api/v1/events/1304/result/9,1304,full_results_url,IFSC Youth World Championships Seoul 2023,LEAD Juniors Male,finished,2025-10-02 07:18:38 UTC,2026-04-22 08:48:16 UTC,,7717,lead,Qualification,Juniors Male,finished,2023-08-19 04:19:59 UTC,/api/v1/category_rounds/7717/results,lead_one_group_two_routes,IFSC: 2 routes,4,,,,,,,8717,2,/api/v1/routes/8717/startlist,/api/v1/routes/8717/results
/api/v1/events/1304/result/9,1304,full_results_url,IFSC Youth World Championships Seoul 2023,LEAD Juniors Male,finished,2025-10-02 07:18:38 UTC,2026-04-22 08:48:16 UTC,,8386,lead,Semi-Final,Juniors Male,finished,2023-08-20 04:26:09 UTC,/api/v1/category_rounds/8386/results,lead_one_group_one_route,IFSC: 1 route,5,,,,,,,10909,1,/api/v1/routes/10909/startlist,/api/v1/routes/10909/results
/api/v1/events/1304/result/9,1304,full_results_url,IFSC Youth World Championships Seoul 2023,LEAD Juniors Male,finished,2025-10-02 07:18:38 UTC,2026-04-22 08:48:16 UTC,,8392,lead,Final,Juniors Male,finished,2023-08-21 11:43:55 UTC,/api/v1/category_rounds/8392/results,lead_one_group_one_route,IFSC: 1 route,6,,,,,,,10915,1,/api/v1/routes/10915/startlist,/api/v1/routes/10915/results
/api/v1/events/1304/result/13,1304,full_results_url,IFSC Youth World Championships Seoul 2023,LEAD Youth A Male,finished,2025-10-02 07:18:38 UTC,2026-04-22 08:48:20 UTC,,7718,lead,Qualification,Youth A Male,finished,2023-08-18 04:26:32 UTC,/api/v1/category_rounds/7718/results,lead_one_group_two_routes,IFSC: 2 routes,4,,,,,,,8718,1,/api/v1/routes/8718/startlist,/api/v1/routes/8718/results
/api/v1/events/1304/result/13,1304,full_results_url,IFSC Youth World Championships Seoul 2023,LEAD Youth A Male,finished,2025-10-02 07:18:38 UTC,2026-04-22 08:48:20 UTC,,7718,lead,Qualification,Youth A Male,finished,2023-08-18 04:26:32 UTC,/api/v1/category_rounds/7718/results,lead_one_group_two_routes,IFSC: 2 routes,4,,,,,,,8719,2,/api/v1/routes/8719/startlist,/api/v1/routes/8719/results
/api/v1/events/1304/result/13,1304,full_results_url,IFSC Youth World Championships Seoul 2023,LEAD Youth A Male,finished,2025-10-02 07:18:38 UTC,2026-04-22 08:48:20 UTC,,8387,lead,Semi-Final,Youth A Male,finished,2023-08-20 02:04:00 UTC,/api/v1/category_rounds/8387/results,lead_one_group_one_route,IFSC: 1 route,5,,,,,,,10910,1,/api/v1/routes/10910/startlist,/api/v1/routes/10910/results
/api/v1/events/1304/result/13,1304,full_results_url,IFSC Youth World Championships Seoul 2023,LEAD Youth A Male,finished,2025-10-02 07:18:38 UTC,2026-04-22 08:48:20 UTC,,8393,lead,Final,Youth A Male,finished,2023-08-20 11:47:16 UTC,/api/v1/category_rounds/8393/results,lead_one_group_one_route,IFSC: 1 route,6,,,,,,,10916,1,/api/v1/routes/10916/startlist,/api/v1/routes/10916/results
/api/v1/events/1304/result/17,1304,full_results_url,IFSC Youth World Championships Seoul 2023,LEAD Youth B Male,finished,2025-10-02 07:18:38 UTC,2026-04-22 08:48:24 UTC,,7719,lead,Qualification,Youth B Male,finished,2023-08-18 04:11:03 UTC,/api/v1/category_rounds/7719/results,lead_one_group_two_routes,IFSC: 2 routes,4,,,,,,,8720,1,/api/v1/routes/8720/startlist,/api/v1/routes/8720/results
/api/v1/events/1304/result/17,1304,full_results_url,IFSC Youth World Championships Seoul 2023,LEAD Youth B Male,finished,2025-10-02 07:18:38 UTC,2026-04-22 08:48:24 UTC,,7719,lead,Qualification,Youth B Male,finished,2023-08-18 04:11:03 UTC,/api/v1/category_rounds/7719/results,lead_one_group_two_routes,IFSC: 2 routes,4,,,,,,,8721,2,/api/v1/routes/8721/startlist,/api/v1/routes/8721/results
/api/v1/events/1304/result/17,1304,full_results_url,IFSC Youth World Championships Seoul 2023,LEAD Youth B Male,finished,2025-10-02 07:18:38 UTC,2026-04-22 08:48:24 UTC,,8388,lead,Semi-Final,Youth B Male,finished,2023-08-19 11:59:52 UTC,/api/v1/category_rounds/8388/results,lead_one_group_one_route,IFSC: 1 route,5,,,,,,,10911,1,/api/v1/routes/10911/startlist,/api/v1/routes/10911/results
/api/v1/events/1304/result/17,1304,full_results_url,IFSC Youth World Championships Seoul 2023,LEAD Youth B Male,finished,2025-10-02 07:18:38 UTC,2026-04-22 08:48:24 UTC,,8394,lead,Final,Youth B Male,finished,2023-08-20 08:59:18 UTC,/api/v1/category_rounds/8394/results,lead_one_group_one_route,IFSC: 1 route,6,,,,,,,10917,1,/api/v1/routes/10917/startlist,/api/v1/routes/10917/results
/api/v1/events/1304/result/25,1304,full_results_url,IFSC Youth World Championships Seoul 2023,LEAD Juniors Female,finished,2025-10-02 07:18:38 UTC,2026-04-22 08:48:27 UTC,,7720,lead,Qualification,Juniors Female,finished,2023-08-19 02:55:28 UTC,/api/v1/category_rounds/7720/results,lead_one_group_two_routes,IFSC: 2 routes,4,,,,,,,8722,1,/api/v1/routes/8722/startlist,/api/v1/routes/8722/results
/api/v1/events/1304/result/25,1304,full_results_url,IFSC Youth World Championships Seoul 2023,LEAD Juniors Female,finished,2025-10-02 07:18:38 UTC,2026-04-22 08:48:27 UTC,,7720,lead,Qualification,Juniors Female,finished,2023-08-19 02:55:28 UTC,/api/v1/category_rounds/7720/results,lead_one_group_two_routes,IFSC: 2 routes,4,,,,,,,8723,2,/api/v1/routes/8723/startlist,/api/v1/routes/8723/results
/api/v1/events/1304/result/25,1304,full_results_url,IFSC Youth World Championships Seoul 2023,LEAD Juniors Female,finished,2025-10-02 07:18:38 UTC,2026-04-22 08:48:27 UTC,,8389,lead,Semi-Final,Juniors Female,finished,2023-08-20 04:39:18 UTC,/api/v1/category_rounds/8389/results,lead_one_group_one_route,IFSC: 1 route,5,,,,,,,10912,1,/api/v1/routes/10912/startlist,/api/v1/routes/10912/results
/api/v1/events/1304/result/25,1304,full_results_url,IFSC Youth World Championships Seoul 2023,LEAD Juniors Female,finished,2025-10-02 07:18:38 UTC,2026-04-22 08:48:27 UTC,,8395,lead,Final,Juniors Female,finished,2023-08-21 11:48:30 UTC,/api/v1/category_rounds/8395/results,lead_one_group_one_route,IFSC: 1 route,6,,,,,,,10918,1,/api/v1/routes/10918/startlist,/api/v1/routes/10918/results
/api/v1/events/1304/result/29,1304,full_results_url,IFSC Youth World Championships Seoul 2023,LEAD Youth A Female,finished,2025-10-02 07:18:38 UTC,2026-04-22 08:48:31 UTC,,7721,lead,Qualification,Youth A Female,finished,2023-08-18 04:21:21 UTC,/api/v1/category_rounds/7721/results,lead_one_group_two_routes,IFSC: 2 routes,4,,,,,,,8724,1,/api/v1/routes/8724/startlist,/api/v1/routes/8724/results
/api/v1/events/1304/result/29,1304,full_results_url,IFSC Youth World Championships Seoul 2023,LEAD Youth A Female,finished,2025-10-02 07:18:38 UTC,2026-04-22 08:48:31 UTC,,7721,lead,Qualification,Youth A Female,finished,2023-08-18 04:21:21 UTC,/api/v1/category_rounds/7721/results,lead_one_group_two_routes,IFSC: 2 routes,4,,,,,,,8725,2,/api/v1/routes/8725/startlist,/api/v1/routes/8725/results
/api/v1/events/1304/result/29,1304,full_results_url,IFSC Youth World Championships Seoul 2023,LEAD Youth A Female,finished,2025-10-02 07:18:38 UTC,2026-04-22 08:48:31 UTC,,8390,lead,Semi-Final,Youth A Female,finished,2023-08-20 02:25:25 UTC,/api/v1/category_rounds/8390/results,lead_one_group_one_route,IFSC: 1 route,5,,,,,,,10913,1,/api/v1/routes/10913/startlist,/api/v1/routes/10913/results
/api/v1/events/1304/result/29,1304,full_results_url,IFSC Youth World Championships Seoul 2023,LEAD Youth A Female,finished,2025-10-02 07:18:38 UTC,2026-04-22 08:48:31 UTC,,8396,lead,Final,Youth A Female,finished,2023-08-20 11:50:32 UTC,/api/v1/category_rounds/8396/results,lead_one_group_one_route,IFSC: 1 route,6,,,,,,,10919,1,/api/v1/routes/10919/startlist,/api/v1/routes/10919/results
/api/v1/events/1304/result/33,1304,full_results_url,IFSC Youth World Championships Seoul 2023,LEAD Youth B Female,finished,2025-10-02 07:18:38 UTC,2026-04-22 08:48:34 UTC,,7722,lead,Qualification,Youth B Female,finished,2023-08-19 03:55:19 UTC,/api/v1/category_rounds/7722/results,lead_one_group_two_routes,IFSC: 2 routes,4,,,,,,,8726,1,/api/v1/routes/8726/startlist,/api/v1/routes/8726/results
/api/v1/events/1304/result/33,1304,full_results_url,IFSC Youth World Championships Seoul 2023,LEAD Youth B Female,finished,2025-10-02 07:18:38 UTC,2026-04-22 08:48:34 UTC,,7722,lead,Qualification,Youth B Female,finished,2023-08-19 03:55:19 UTC,/api/v1/category_rounds/7722/results,lead_one_group_two_routes,IFSC: 2 routes,4,,,,,,,8727,2,/api/v1/routes/8727/startlist,/api/v1/routes/8727/results
/api/v1/events/1304/result/33,1304,full_results_url,IFSC Youth World Championships Seoul 2023,LEAD Youth B Female,finished,2025-10-02 07:18:38 UTC,2026-04-22 08:48:34 UTC,,8391,lead,Semi-Final,Youth B Female,finished,2023-08-19 12:16:33 UTC,/api/v1/category_rounds/8391/results,lead_one_group_one_route,IFSC: 1 route,5,,,,,,,10914,1,/api/v1/routes/10914/startlist,/api/v1/routes/10914/results
/api/v1/events/1304/result/33,1304,full_results_url,IFSC Youth World Championships Seoul 2023,LEAD Youth B Female,finished,2025-10-02 07:18:38 UTC,2026-04-22 08:48:34 UTC,,8397,lead,Final,Youth B Female,finished,2023-08-20 08:41:35 UTC,/api/v1/category_rounds/8397/results,lead_one_group_one_route,IFSC: 1 route,6,,,,,,,10920,1,/api/v1/routes/10920/startlist,/api/v1/routes/10920/results
/api/v1/events/1304/result/10,1304,full_results_url,IFSC Youth World Championships Seoul 2023,SPEED Juniors Male,finished,2025-10-02 07:18:38 UTC,2026-04-22 08:48:38 UTC,,7723,speed,Qualification,Juniors Male,finished,2023-08-24 06:20:50 UTC,/api/v1/category_rounds/7723/results,speed_staggered,IFSC: Qualification,4,,,,,,,8728,A,/api/v1/routes/8728/startlist,
/api/v1/events/1304/result/10,1304,full_results_url,IFSC Youth World Championships Seoul 2023,SPEED Juniors Male,finished,2025-10-02 07:18:38 UTC,2026-04-22 08:48:38 UTC,,7723,speed,Qualification,Juniors Male,finished,2023-08-24 06:20:50 UTC,/api/v1/category_rounds/7723/results,speed_staggered,IFSC: Qualification,4,,,,,,,8729,B,/api/v1/routes/8729/startlist,
/api/v1/events/1304/result/10,1304,full_results_url,IFSC Youth World Championships Seoul 2023,SPEED Juniors Male,finished,2025-10-02 07:18:38 UTC,2026-04-22 08:48:38 UTC,,8398,speed,Final,Juniors Male,finished,2024-01-15 11:40:40 UTC,/api/v1/category_rounds/8398/results,speed_elimination_ifsc_2023,IFSC 2023+: Elimination,6,,,,,,,10921,A,/api/v1/routes/10921/startlist,
/api/v1/events/1304/result/10,1304,full_results_url,IFSC Youth World Championships Seoul 2023,SPEED Juniors Male,finished,2025-10-02 07:18:38 UTC,2026-04-22 08:48:38 UTC,,8398,speed,Final,Juniors Male,finished,2024-01-15 11:40:40 UTC,/api/v1/category_rounds/8398/results,speed_elimination_ifsc_2023,IFSC 2023+: Elimination,6,,,,,,,10922,B,/api/v1/routes/10922/startlist,
/api/v1/events/1304/result/14,1304,full_results_url,IFSC Youth World Championships Seoul 2023,SPEED Youth A Male,finished,2025-10-02 07:18:38 UTC,2026-04-22 08:48:41 UTC,,7724,speed,Qualification,Youth A Male,finished,2023-08-25 09:10:43 UTC,/api/v1/category_rounds/7724/results,speed_staggered,IFSC: Qualification,4,,,,,,,8730,A,/api/v1/routes/8730/startlist,
/api/v1/events/1304/result/14,1304,full_results_url,IFSC Youth World Championships Seoul 2023,SPEED Youth A Male,finished,2025-10-02 07:18:38 UTC,2026-04-22 08:48:41 UTC,,7724,speed,Qualification,Youth A Male,finished,2023-08-25 09:10:43 UTC,/api/v1/category_rounds/7724/results,speed_staggered,IFSC: Qualification,4,,,,,,,8731,B,/api/v1/routes/8731/startlist,
/api/v1/events/1304/result/14,1304,full_results_url,IFSC Youth World Championships Seoul 2023,SPEED Youth A Male,finished,2025-10-02 07:18:38 UTC,2026-04-22 08:48:41 UTC,,8399,speed,Final,Youth A Male,finished,2025-04-29 08:18:44 UTC,/api/v1/category_rounds/8399/results,speed_elimination_ifsc_2023,IFSC 2023+: Elimination,6,,,,,,,10923,A,/api/v1/routes/10923/startlist,
/api/v1/events/1304/result/14,1304,full_results_url,IFSC Youth World Championships Seoul 2023,SPEED Youth A Male,finished,2025-10-02 07:18:38 UTC,2026-04-22 08:48:41 UTC,,8399,speed,Final,Youth A Male,finished,2025-04-29 08:18:44 UTC,/api/v1/category_rounds/8399/results,speed_elimination_ifsc_2023,IFSC 2023+: Elimination,6,,,,,,,10924,B,/api/v1/routes/10924/startlist,
/api/v1/events/1304/result/18,1304,full_results_url,IFSC Youth World Championships Seoul 2023,SPEED Youth B Male,finished,2025-10-02 07:18:38 UTC,2026-04-22 08:48:45 UTC,,7725,speed,Qualification,Youth B Male,finished,2023-08-21 02:37:07 UTC,/api/v1/category_rounds/7725/results,speed_staggered,IFSC: Qualification,4,,,,,,,8732,A,/api/v1/routes/8732/startlist,
/api/v1/events/1304/result/18,1304,full_results_url,IFSC Youth World Championships Seoul 2023,SPEED Youth B Male,finished,2025-10-02 07:18:38 UTC,2026-04-22 08:48:45 UTC,,7725,speed,Qualification,Youth B Male,finished,2023-08-21 02:37:07 UTC,/api/v1/category_rounds/7725/results,speed_staggered,IFSC: Qualification,4,,,,,,,8733,B,/api/v1/routes/8733/startlist,
/api/v1/events/1304/result/18,1304,full_results_url,IFSC Youth World Championships Seoul 2023,SPEED Youth B Male,finished,2025-10-02 07:18:38 UTC,2026-04-22 08:48:45 UTC,,8400,speed,Final,Youth B Male,finished,2024-01-15 11:40:41 UTC,/api/v1/category_rounds/8400/results,speed_elimination_ifsc_2023,IFSC 2023+: Elimination,6,,,,,,,10925,A,/api/v1/routes/10925/startlist,
/api/v1/events/1304/result/18,1304,full_results_url,IFSC Youth World Championships Seoul 2023,SPEED Youth B Male,finished,2025-10-02 07:18:38 UTC,2026-04-22 08:48:45 UTC,,8400,speed,Final,Youth B Male,finished,2024-01-15 11:40:41 UTC,/api/v1/category_rounds/8400/results,speed_elimination_ifsc_2023,IFSC 2023+: Elimination,6,,,,,,,10926,B,/api/v1/routes/10926/startlist,
/api/v1/events/1304/result/26,1304,full_results_url,IFSC Youth World Championships Seoul 2023,SPEED Juniors Female,finished,2025-10-02 07:18:38 UTC,2026-04-22 08:48:48 UTC,,7726,speed,Qualification,Juniors Female,finished,2023-08-24 05:33:39 UTC,/api/v1/category_rounds/7726/results,speed_staggered,IFSC: Qualification,4,,,,,,,8734,A,/api/v1/routes/8734/startlist,
/api/v1/events/1304/result/26,1304,full_results_url,IFSC Youth World Championships Seoul 2023,SPEED Juniors Female,finished,2025-10-02 07:18:38 UTC,2026-04-22 08:48:48 UTC,,7726,speed,Qualification,Juniors Female,finished,2023-08-24 05:33:39 UTC,/api/v1/category_rounds/7726/results,speed_staggered,IFSC: Qualification,4,,,,,,,8735,B,/api/v1/routes/8735/startlist,
/api/v1/events/1304/result/26,1304,full_results_url,IFSC Youth World Championships Seoul 2023,SPEED Juniors Female,finished,2025-10-02 07:18:38 UTC,2026-04-22 08:48:48 UTC,,8401,speed,Final,Juniors Female,finished,2024-01-15 11:40:42 UTC,/api/v1/category_rounds/8401/results,speed_elimination_ifsc_2023,IFSC 2023+: Elimination,6,,,,,,,10927,A,/api/v1/routes/10927/startlist,
/api/v1/events/1304/result/26,1304,full_results_url,IFSC Youth World Championships Seoul 2023,SPEED Juniors Female,finished,2025-10-02 07:18:38 UTC,2026-04-22 08:48:48 UTC,,8401,speed,Final,Juniors Female,finished,2024-01-15 11:40:42 UTC,/api/v1/category_rounds/8401/results,speed_elimination_ifsc_2023,IFSC 2023+: Elimination,6,,,,,,,10928,B,/api/v1/routes/10928/startlist,
/api/v1/events/1304/result/30,1304,full_results_url,IFSC Youth World Championships Seoul 2023,SPEED Youth A Female,finished,2025-10-02 07:18:38 UTC,2026-04-22 08:48:51 UTC,,7727,speed,Qualification,Youth A Female,finished,2023-08-25 08:33:53 UTC,/api/v1/category_rounds/7727/results,speed_staggered,IFSC: Qualification,4,,,,,,,8736,A,/api/v1/routes/8736/startlist,
/api/v1/events/1304/result/30,1304,full_results_url,IFSC Youth World Championships Seoul 2023,SPEED Youth A Female,finished,2025-10-02 07:18:38 UTC,2026-04-22 08:48:51 UTC,,7727,speed,Qualification,Youth A Female,finished,2023-08-25 08:33:53 UTC,/api/v1/category_rounds/7727/results,speed_staggered,IFSC: Qualification,4,,,,,,,8737,B,/api/v1/routes/8737/startlist,
/api/v1/events/1304/result/30,1304,full_results_url,IFSC Youth World Championships Seoul 2023,SPEED Youth A Female,finished,2025-10-02 07:18:38 UTC,2026-04-22 08:48:51 UTC,,8402,speed,Final,Youth A Female,finished,2024-01-15 11:40:43 UTC,/api/v1/category_rounds/8402/results,speed_elimination_ifsc_2023,IFSC 2023+: Elimination,6,,,,,,,10929,A,/api/v1/routes/10929/startlist,
/api/v1/events/1304/result/30,1304,full_results_url,IFSC Youth World Championships Seoul 2023,SPEED Youth A Female,finished,2025-10-02 07:18:38 UTC,2026-04-22 08:48:51 UTC,,8402,speed,Final,Youth A Female,finished,2024-01-15 11:40:43 UTC,/api/v1/category_rounds/8402/results,speed_elimination_ifsc_2023,IFSC 2023+: Elimination,6,,,,,,,10930,B,/api/v1/routes/10930/startlist,
/api/v1/events/1304/result/34,1304,full_results_url,IFSC Youth World Championships Seoul 2023,SPEED Youth B Female,finished,2025-10-02 07:18:38 UTC,2026-04-22 08:48:55 UTC,,7728,speed,Qualification,Youth B Female,finished,2023-08-21 01:51:04 UTC,/api/v1/category_rounds/7728/results,speed_staggered,IFSC: Qualification,4,,,,,,,8738,A,/api/v1/routes/8738/startlist,
/api/v1/events/1304/result/34,1304,full_results_url,IFSC Youth World Championships Seoul 2023,SPEED Youth B Female,finished,2025-10-02 07:18:38 UTC,2026-04-22 08:48:55 UTC,,7728,speed,Qualification,Youth B Female,finished,2023-08-21 01:51:04 UTC,/api/v1/category_rounds/7728/results,speed_staggered,IFSC: Qualification,4,,,,,,,8739,B,/api/v1/routes/8739/startlist,
/api/v1/events/1304/result/34,1304,full_results_url,IFSC Youth World Championships Seoul 2023,SPEED Youth B Female,finished,2025-10-02 07:18:38 UTC,2026-04-22 08:48:55 UTC,,8403,speed,Final,Youth B Female,finished,2024-01-15 11:40:44 UTC,/api/v1/category_rounds/8403/results,speed_elimination_ifsc_2023,IFSC 2023+: Elimination,6,,,,,,,10931,A,/api/v1/routes/10931/startlist,
/api/v1/events/1304/result/34,1304,full_results_url,IFSC Youth World Championships Seoul 2023,SPEED Youth B Female,finished,2025-10-02 07:18:38 UTC,2026-04-22 08:48:55 UTC,,8403,speed,Final,Youth B Female,finished,2024-01-15 11:40:44 UTC,/api/v1/category_rounds/8403/results,speed_elimination_ifsc_2023,IFSC 2023+: Elimination,6,,,,,,,10932,B,/api/v1/routes/10932/startlist,
/api/v1/events/1336/result/225,1336,full_results_url,IFSC European Cup Bologna 2023,LEAD Men,finished,2025-10-02 07:18:39 UTC,2026-04-22 08:48:58 UTC,,7973,lead,Qualification,Men,finished,2023-09-02 13:56:06 UTC,/api/v1/category_rounds/7973/results,lead_one_group_two_routes,IFSC: 2 routes,16,,,,,,,9536,1,/api/v1/routes/9536/startlist,/api/v1/routes/9536/results
/api/v1/events/1336/result/225,1336,full_results_url,IFSC European Cup Bologna 2023,LEAD Men,finished,2025-10-02 07:18:39 UTC,2026-04-22 08:48:58 UTC,,7973,lead,Qualification,Men,finished,2023-09-02 13:56:06 UTC,/api/v1/category_rounds/7973/results,lead_one_group_two_routes,IFSC: 2 routes,16,,,,,,,9537,2,/api/v1/routes/9537/startlist,/api/v1/routes/9537/results
/api/v1/events/1336/result/225,1336,full_results_url,IFSC European Cup Bologna 2023,LEAD Men,finished,2025-10-02 07:18:39 UTC,2026-04-22 08:48:58 UTC,,8438,lead,Semi-Final,Men,finished,2023-09-03 09:56:14 UTC,/api/v1/category_rounds/8438/results,lead_one_group_one_route,IFSC: 1 route,17,,,,,,,11079,1,/api/v1/routes/11079/startlist,/api/v1/routes/11079/results
/api/v1/events/1336/result/225,1336,full_results_url,IFSC European Cup Bologna 2023,LEAD Men,finished,2025-10-02 07:18:39 UTC,2026-04-22 08:48:58 UTC,,8436,lead,Final,Men,finished,2023-09-03 15:36:02 UTC,/api/v1/category_rounds/8436/results,lead_one_group_one_route,IFSC: 1 route,18,,,,,,,11077,1,/api/v1/routes/11077/startlist,/api/v1/routes/11077/results
/api/v1/events/1336/result/229,1336,full_results_url,IFSC European Cup Bologna 2023,LEAD Women,finished,2025-10-02 07:18:39 UTC,2026-04-22 08:49:02 UTC,,7974,lead,Qualification,Women,finished,2023-09-02 11:08:49 UTC,/api/v1/category_rounds/7974/results,lead_one_group_two_routes,IFSC: 2 routes,16,,,,,,,9538,1,/api/v1/routes/9538/startlist,/api/v1/routes/9538/results
/api/v1/events/1336/result/229,1336,full_results_url,IFSC European Cup Bologna 2023,LEAD Women,finished,2025-10-02 07:18:39 UTC,2026-04-22 08:49:02 UTC,,7974,lead,Qualification,Women,finished,2023-09-02 11:08:49 UTC,/api/v1/category_rounds/7974/results,lead_one_group_two_routes,IFSC: 2 routes,16,,,,,,,9539,2,/api/v1/routes/9539/startlist,/api/v1/routes/9539/results
/api/v1/events/1336/result/229,1336,full_results_url,IFSC European Cup Bologna 2023,LEAD Women,finished,2025-10-02 07:18:39 UTC,2026-04-22 08:49:02 UTC,,8439,lead,Semi-Final,Women,finished,2023-09-03 10:06:50 UTC,/api/v1/category_rounds/8439/results,lead_one_group_one_route,IFSC: 1 route,17,,,,,,,11080,1,/api/v1/routes/11080/startlist,/api/v1/routes/11080/results
/api/v1/events/1336/result/229,1336,full_results_url,IFSC European Cup Bologna 2023,LEAD Women,finished,2025-10-02 07:18:39 UTC,2026-04-22 08:49:02 UTC,,8437,lead,Final,Women,finished,2023-09-03 16:29:57 UTC,/api/v1/category_rounds/8437/results,lead_one_group_one_route,IFSC: 1 route,18,,,,,,,11078,1,/api/v1/routes/11078/startlist,/api/v1/routes/11078/results
/api/v1/events/1336/result/226,1336,full_results_url,IFSC European Cup Bologna 2023,SPEED Men,finished,2025-10-02 07:18:39 UTC,2026-04-22 08:49:05 UTC,,7975,speed,Qualification,Men,finished,2023-09-02 17:01:25 UTC,/api/v1/category_rounds/7975/results,speed_staggered,IFSC: Qualification,16,,,,,,,9540,A,/api/v1/routes/9540/startlist,
/api/v1/events/1336/result/226,1336,full_results_url,IFSC European Cup Bologna 2023,SPEED Men,finished,2025-10-02 07:18:39 UTC,2026-04-22 08:49:05 UTC,,7975,speed,Qualification,Men,finished,2023-09-02 17:01:25 UTC,/api/v1/category_rounds/7975/results,speed_staggered,IFSC: Qualification,16,,,,,,,9541,B,/api/v1/routes/9541/startlist,
/api/v1/events/1336/result/226,1336,full_results_url,IFSC European Cup Bologna 2023,SPEED Men,finished,2025-10-02 07:18:39 UTC,2026-04-22 08:49:05 UTC,,8440,speed,Final,Men,finished,2024-01-15 20:30:09 UTC,/api/v1/category_rounds/8440/results,speed_elimination_ifsc_2023,IFSC 2023+: Elimination,18,,,,,,,11081,A,/api/v1/routes/11081/startlist,
/api/v1/events/1336/result/226,1336,full_results_url,IFSC European Cup Bologna 2023,SPEED Men,finished,2025-10-02 07:18:39 UTC,2026-04-22 08:49:05 UTC,,8440,speed,Final,Men,finished,2024-01-15 20:30:09 UTC,/api/v1/category_rounds/8440/results,speed_elimination_ifsc_2023,IFSC 2023+: Elimination,18,,,,,,,11082,B,/api/v1/routes/11082/startlist,
/api/v1/events/1336/result/230,1336,full_results_url,IFSC European Cup Bologna 2023,SPEED Women,finished,2025-10-02 07:18:39 UTC,2026-04-22 08:49:08 UTC,,7976,speed,Qualification,Women,finished,2023-09-02 16:22:39 UTC,/api/v1/category_rounds/7976/results,speed_staggered,IFSC: Qualification,16,,,,,,,9542,A,/api/v1/routes/9542/startlist,
/api/v1/events/1336/result/230,1336,full_results_url,IFSC European Cup Bologna 2023,SPEED Women,finished,2025-10-02 07:18:39 UTC,2026-04-22 08:49:08 UTC,,7976,speed,Qualification,Women,finished,2023-09-02 16:22:39 UTC,/api/v1/category_rounds/7976/results,speed_staggered,IFSC: Qualification,16,,,,,,,9543,B,/api/v1/routes/9543/startlist,
/api/v1/events/1336/result/230,1336,full_results_url,IFSC European Cup Bologna 2023,SPEED Women,finished,2025-10-02 07:18:39 UTC,2026-04-22 08:49:08 UTC,,8441,speed,Final,Women,finished,2024-01-15 20:30:09 UTC,/api/v1/category_rounds/8441/results,speed_elimination_ifsc_2023,IFSC 2023+: Elimination,18,,,,,,,11083,A,/api/v1/routes/11083/startlist,
/api/v1/events/1336/result/230,1336,full_results_url,IFSC European Cup Bologna 2023,SPEED Women,finished,2025-10-02 07:18:39 UTC,2026-04-22 08:49:08 UTC,,8441,speed,Final,Women,finished,2024-01-15 20:30:09 UTC,/api/v1/category_rounds/8441/results,speed_elimination_ifsc_2023,IFSC 2023+: Elimination,18,,,,,,,11084,B,/api/v1/routes/11084/startlist,
/api/v1/events/1302/result/1,1302,full_results_url,IFSC World Cup Koper 2023,LEAD Men,finished,2025-10-02 07:18:38 UTC,2026-04-22 08:49:12 UTC,,7705,lead,Qualification,Men,finished,2023-09-08 12:15:23 UTC,/api/v1/category_rounds/7705/results,lead_one_group_two_routes,IFSC: 2 routes,1,,,,,,,8674,1,/api/v1/routes/8674/startlist,/api/v1/routes/8674/results
/api/v1/events/1302/result/1,1302,full_results_url,IFSC World Cup Koper 2023,LEAD Men,finished,2025-10-02 07:18:38 UTC,2026-04-22 08:49:12 UTC,,7705,lead,Qualification,Men,finished,2023-09-08 12:15:23 UTC,/api/v1/category_rounds/7705/results,lead_one_group_two_routes,IFSC: 2 routes,1,,,,,,,8675,2,/api/v1/routes/8675/startlist,/api/v1/routes/8675/results
/api/v1/events/1302/result/1,1302,full_results_url,IFSC World Cup Koper 2023,LEAD Men,finished,2025-10-02 07:18:38 UTC,2026-04-22 08:49:12 UTC,,8432,lead,Semi-final,Men,finished,2023-09-08 20:27:24 UTC,/api/v1/category_rounds/8432/results,lead_one_group_one_route,IFSC: 1 route,2,,,,,,,11073,1,/api/v1/routes/11073/startlist,/api/v1/routes/11073/results
/api/v1/events/1302/result/1,1302,full_results_url,IFSC World Cup Koper 2023,LEAD Men,finished,2025-10-02 07:18:38 UTC,2026-04-22 08:49:12 UTC,,8434,lead,Final,Men,finished,2023-09-09 18:50:11 UTC,/api/v1/category_rounds/8434/results,lead_one_group_one_route,IFSC: 1 route,3,,,,,,,11075,1,/api/v1/routes/11075/startlist,/api/v1/routes/11075/results
/api/v1/events/1302/result/5,1302,full_results_url,IFSC World Cup Koper 2023,LEAD Women,finished,2025-10-02 07:18:38 UTC,2026-04-22 08:49:16 UTC,,7706,lead,Qualification,Women,finished,2023-09-08 12:18:14 UTC,/api/v1/category_rounds/7706/results,lead_one_group_two_routes,IFSC: 2 routes,1,,,,,,,8676,1,/api/v1/routes/8676/startlist,/api/v1/routes/8676/results
/api/v1/events/1302/result/5,1302,full_results_url,IFSC World Cup Koper 2023,LEAD Women,finished,2025-10-02 07:18:38 UTC,2026-04-22 08:49:16 UTC,,7706,lead,Qualification,Women,finished,2023-09-08 12:18:14 UTC,/api/v1/category_rounds/7706/results,lead_one_group_two_routes,IFSC: 2 routes,1,,,,,,,8677,2,/api/v1/routes/8677/startlist,/api/v1/routes/8677/results
/api/v1/events/1302/result/5,1302,full_results_url,IFSC World Cup Koper 2023,LEAD Women,finished,2025-10-02 07:18:38 UTC,2026-04-22 08:49:16 UTC,,8433,lead,Semi-final,Women,finished,2023-09-08 20:27:19 UTC,/api/v1/category_rounds/8433/results,lead_one_group_one_route,IFSC: 1 route,2,,,,,,,11074,1,/api/v1/routes/11074/startlist,/api/v1/routes/11074/results
/api/v1/events/1302/result/5,1302,full_results_url,IFSC World Cup Koper 2023,LEAD Women,finished,2025-10-02 07:18:38 UTC,2026-04-22 08:49:16 UTC,,8435,lead,Final,Women,finished,2023-09-09 20:01:28 UTC,/api/v1/category_rounds/8435/results,lead_one_group_one_route,IFSC: 1 route,3,,,,,,,11076,1,/api/v1/routes/11076/startlist,/api/v1/routes/11076/results
/api/v1/events/1343/result/187,1343,full_results_url,"IFSC Asian Cup Hong Kong, China 2023",BOULDER Men,active,2025-10-02 07:18:40 UTC,NA,,8058,boulder,Qualification,Men,pending,2023-09-09 11:44:33 UTC,/api/v1/category_rounds/8058/results,boulder_one_group_one_boulder_set,IFSC: 1 group,10,,,,,,,9715,1,/api/v1/routes/9715/startlist,
/api/v1/events/1343/result/187,1343,full_results_url,"IFSC Asian Cup Hong Kong, China 2023",BOULDER Men,active,2025-10-02 07:18:40 UTC,NA,,8058,boulder,Qualification,Men,pending,2023-09-09 11:44:33 UTC,/api/v1/category_rounds/8058/results,boulder_one_group_one_boulder_set,IFSC: 1 group,10,,,,,,,9716,2,/api/v1/routes/9716/startlist,
/api/v1/events/1343/result/187,1343,full_results_url,"IFSC Asian Cup Hong Kong, China 2023",BOULDER Men,active,2025-10-02 07:18:40 UTC,NA,,8058,boulder,Qualification,Men,pending,2023-09-09 11:44:33 UTC,/api/v1/category_rounds/8058/results,boulder_one_group_one_boulder_set,IFSC: 1 group,10,,,,,,,9717,3,/api/v1/routes/9717/startlist,
/api/v1/events/1343/result/187,1343,full_results_url,"IFSC Asian Cup Hong Kong, China 2023",BOULDER Men,active,2025-10-02 07:18:40 UTC,NA,,8058,boulder,Qualification,Men,pending,2023-09-09 11:44:33 UTC,/api/v1/category_rounds/8058/results,boulder_one_group_one_boulder_set,IFSC: 1 group,10,,,,,,,9718,4,/api/v1/routes/9718/startlist,
/api/v1/events/1343/result/187,1343,full_results_url,"IFSC Asian Cup Hong Kong, China 2023",BOULDER Men,active,2025-10-02 07:18:40 UTC,NA,,8486,boulder,Final,Men,pending,2023-09-08 06:56:50 UTC,/api/v1/category_rounds/8486/results,boulder_finals_one_by_one,IFSC: Finals,12,,,,,,,11249,1,/api/v1/routes/11249/startlist,
/api/v1/events/1343/result/187,1343,full_results_url,"IFSC Asian Cup Hong Kong, China 2023",BOULDER Men,active,2025-10-02 07:18:40 UTC,NA,,8486,boulder,Final,Men,pending,2023-09-08 06:56:50 UTC,/api/v1/category_rounds/8486/results,boulder_finals_one_by_one,IFSC: Finals,12,,,,,,,11250,2,/api/v1/routes/11250/startlist,
/api/v1/events/1343/result/187,1343,full_results_url,"IFSC Asian Cup Hong Kong, China 2023",BOULDER Men,active,2025-10-02 07:18:40 UTC,NA,,8486,boulder,Final,Men,pending,2023-09-08 06:56:50 UTC,/api/v1/category_rounds/8486/results,boulder_finals_one_by_one,IFSC: Finals,12,,,,,,,11251,3,/api/v1/routes/11251/startlist,
/api/v1/events/1343/result/187,1343,full_results_url,"IFSC Asian Cup Hong Kong, China 2023",BOULDER Men,active,2025-10-02 07:18:40 UTC,NA,,8486,boulder,Final,Men,pending,2023-09-08 06:56:50 UTC,/api/v1/category_rounds/8486/results,boulder_finals_one_by_one,IFSC: Finals,12,,,,,,,11252,4,/api/v1/routes/11252/startlist,
/api/v1/events/1343/result/191,1343,full_results_url,"IFSC Asian Cup Hong Kong, China 2023",BOULDER Women,active,2025-10-02 07:18:40 UTC,NA,,8059,boulder,Qualification,Women,pending,2023-09-09 11:45:08 UTC,/api/v1/category_rounds/8059/results,boulder_one_group_one_boulder_set,IFSC: 1 group,10,,,,,,,9720,1,/api/v1/routes/9720/startlist,
/api/v1/events/1343/result/191,1343,full_results_url,"IFSC Asian Cup Hong Kong, China 2023",BOULDER Women,active,2025-10-02 07:18:40 UTC,NA,,8059,boulder,Qualification,Women,pending,2023-09-09 11:45:08 UTC,/api/v1/category_rounds/8059/results,boulder_one_group_one_boulder_set,IFSC: 1 group,10,,,,,,,9721,2,/api/v1/routes/9721/startlist,
/api/v1/events/1343/result/191,1343,full_results_url,"IFSC Asian Cup Hong Kong, China 2023",BOULDER Women,active,2025-10-02 07:18:40 UTC,NA,,8059,boulder,Qualification,Women,pending,2023-09-09 11:45:08 UTC,/api/v1/category_rounds/8059/results,boulder_one_group_one_boulder_set,IFSC: 1 group,10,,,,,,,9722,3,/api/v1/routes/9722/startlist,
/api/v1/events/1343/result/191,1343,full_results_url,"IFSC Asian Cup Hong Kong, China 2023",BOULDER Women,active,2025-10-02 07:18:40 UTC,NA,,8059,boulder,Qualification,Women,pending,2023-09-09 11:45:08 UTC,/api/v1/category_rounds/8059/results,boulder_one_group_one_boulder_set,IFSC: 1 group,10,,,,,,,9723,4,/api/v1/routes/9723/startlist,
/api/v1/events/1343/result/191,1343,full_results_url,"IFSC Asian Cup Hong Kong, China 2023",BOULDER Women,active,2025-10-02 07:18:40 UTC,NA,,8487,boulder,Final,Women,pending,2023-09-08 06:56:50 UTC,/api/v1/category_rounds/8487/results,boulder_finals_one_by_one,IFSC: Finals,12,,,,,,,11253,1,/api/v1/routes/11253/startlist,
/api/v1/events/1343/result/191,1343,full_results_url,"IFSC Asian Cup Hong Kong, China 2023",BOULDER Women,active,2025-10-02 07:18:40 UTC,NA,,8487,boulder,Final,Women,pending,2023-09-08 06:56:50 UTC,/api/v1/category_rounds/8487/results,boulder_finals_one_by_one,IFSC: Finals,12,,,,,,,11254,2,/api/v1/routes/11254/startlist,
/api/v1/events/1343/result/191,1343,full_results_url,"IFSC Asian Cup Hong Kong, China 2023",BOULDER Women,active,2025-10-02 07:18:40 UTC,NA,,8487,boulder,Final,Women,pending,2023-09-08 06:56:50 UTC,/api/v1/category_rounds/8487/results,boulder_finals_one_by_one,IFSC: Finals,12,,,,,,,11255,3,/api/v1/routes/11255/startlist,
/api/v1/events/1343/result/191,1343,full_results_url,"IFSC Asian Cup Hong Kong, China 2023",BOULDER Women,active,2025-10-02 07:18:40 UTC,NA,,8487,boulder,Final,Women,pending,2023-09-08 06:56:50 UTC,/api/v1/category_rounds/8487/results,boulder_finals_one_by_one,IFSC: Finals,12,,,,,,,11256,4,/api/v1/routes/11256/startlist,
/api/v1/events/1330/result/233,1330,full_results_url,IFSC Europe - Youth Championship - Helsinki (FIN) 2023,LEAD Juniors Male,finished,2025-10-02 07:18:39 UTC,2026-04-22 08:49:19 UTC,,7921,lead,Qualification,Juniors Male,finished,2023-09-15 14:34:37 UTC,/api/v1/category_rounds/7921/results,lead_one_group_two_routes,IFSC: 2 routes,19,,,,,,,9452,2,/api/v1/routes/9452/startlist,/api/v1/routes/9452/results
/api/v1/events/1330/result/233,1330,full_results_url,IFSC Europe - Youth Championship - Helsinki (FIN) 2023,LEAD Juniors Male,finished,2025-10-02 07:18:39 UTC,2026-04-22 08:49:19 UTC,,7921,lead,Qualification,Juniors Male,finished,2023-09-15 14:34:37 UTC,/api/v1/category_rounds/7921/results,lead_one_group_two_routes,IFSC: 2 routes,19,,,,,,,9453,1,/api/v1/routes/9453/startlist,/api/v1/routes/9453/results
/api/v1/events/1330/result/233,1330,full_results_url,IFSC Europe - Youth Championship - Helsinki (FIN) 2023,LEAD Juniors Male,finished,2025-10-02 07:18:39 UTC,2026-04-22 08:49:19 UTC,,8462,lead,Semi-Final,Juniors Male,finished,2023-09-16 11:00:00 UTC,/api/v1/category_rounds/8462/results,lead_one_group_one_route,IFSC: 1 route,20,,,,,,,11155,1,/api/v1/routes/11155/startlist,/api/v1/routes/11155/results
/api/v1/events/1330/result/233,1330,full_results_url,IFSC Europe - Youth Championship - Helsinki (FIN) 2023,LEAD Juniors Male,finished,2025-10-02 07:18:39 UTC,2026-04-22 08:49:19 UTC,,8468,lead,Final,Juniors Male,finished,2023-09-16 17:47:57 UTC,/api/v1/category_rounds/8468/results,lead_one_group_one_route,IFSC: 1 route,21,,,,,,,11161,1,/api/v1/routes/11161/startlist,/api/v1/routes/11161/results
/api/v1/events/1330/result/237,1330,full_results_url,IFSC Europe - Youth Championship - Helsinki (FIN) 2023,LEAD Youth A Male,finished,2025-10-02 07:18:39 UTC,2026-04-22 08:49:23 UTC,,7922,lead,Qualification,Youth A Male,finished,2023-09-15 09:47:16 UTC,/api/v1/category_rounds/7922/results,lead_one_group_two_routes,IFSC: 2 routes,19,,,,,,,9454,1,/api/v1/routes/9454/startlist,/api/v1/routes/9454/results
/api/v1/events/1330/result/237,1330,full_results_url,IFSC Europe - Youth Championship - Helsinki (FIN) 2023,LEAD Youth A Male,finished,2025-10-02 07:18:39 UTC,2026-04-22 08:49:23 UTC,,7922,lead,Qualification,Youth A Male,finished,2023-09-15 09:47:16 UTC,/api/v1/category_rounds/7922/results,lead_one_group_two_routes,IFSC: 2 routes,19,,,,,,,9455,2,/api/v1/routes/9455/startlist,/api/v1/routes/9455/results
/api/v1/events/1330/result/237,1330,full_results_url,IFSC Europe - Youth Championship - Helsinki (FIN) 2023,LEAD Youth A Male,finished,2025-10-02 07:18:39 UTC,2026-04-22 08:49:23 UTC,,8463,lead,Semi-Final,Youth A Male,finished,2023-09-16 07:57:15 UTC,/api/v1/category_rounds/8463/results,lead_one_group_one_route,IFSC: 1 route,20,,,,,,,11156,1,/api/v1/routes/11156/startlist,/api/v1/routes/11156/results
/api/v1/events/1330/result/237,1330,full_results_url,IFSC Europe - Youth Championship - Helsinki (FIN) 2023,LEAD Youth A Male,finished,2025-10-02 07:18:39 UTC,2026-04-22 08:49:23 UTC,,8469,lead,Final,Youth A Male,finished,2023-09-16 16:49:17 UTC,/api/v1/category_rounds/8469/results,lead_one_group_one_route,IFSC: 1 route,21,,,,,,,11162,1,/api/v1/routes/11162/startlist,/api/v1/routes/11162/results
/api/v1/events/1330/result/241,1330,full_results_url,IFSC Europe - Youth Championship - Helsinki (FIN) 2023,LEAD Youth B Male,finished,2025-10-02 07:18:39 UTC,2026-04-22 08:49:26 UTC,,7923,lead,Qualification,Youth B Male,finished,2023-09-15 09:38:03 UTC,/api/v1/category_rounds/7923/results,lead_one_group_two_routes,IFSC: 2 routes,19,,,,,,,9456,1,/api/v1/routes/9456/startlist,/api/v1/routes/9456/results
/api/v1/events/1330/result/241,1330,full_results_url,IFSC Europe - Youth Championship - Helsinki (FIN) 2023,LEAD Youth B Male,finished,2025-10-02 07:18:39 UTC,2026-04-22 08:49:26 UTC,,7923,lead,Qualification,Youth B Male,finished,2023-09-15 09:38:03 UTC,/api/v1/category_rounds/7923/results,lead_one_group_two_routes,IFSC: 2 routes,19,,,,,,,9457,2,/api/v1/routes/9457/startlist,/api/v1/routes/9457/results
/api/v1/events/1330/result/241,1330,full_results_url,IFSC Europe - Youth Championship - Helsinki (FIN) 2023,LEAD Youth B Male,finished,2025-10-02 07:18:39 UTC,2026-04-22 08:49:26 UTC,,8464,lead,Semi-Final,Youth B Male,finished,2023-09-16 08:12:10 UTC,/api/v1/category_rounds/8464/results,lead_one_group_one_route,IFSC: 1 route,20,,,,,,,11157,1,/api/v1/routes/11157/startlist,/api/v1/routes/11157/results
/api/v1/events/1330/result/241,1330,full_results_url,IFSC Europe - Youth Championship - Helsinki (FIN) 2023,LEAD Youth B Male,finished,2025-10-02 07:18:39 UTC,2026-04-22 08:49:26 UTC,,8470,lead,Final,Youth B Male,finished,2023-09-16 15:55:58 UTC,/api/v1/category_rounds/8470/results,lead_one_group_one_route,IFSC: 1 route,21,,,,,,,11163,1,/api/v1/routes/11163/startlist,/api/v1/routes/11163/results
/api/v1/events/1330/result/249,1330,full_results_url,IFSC Europe - Youth Championship - Helsinki (FIN) 2023,LEAD Juniors Female,finished,2025-10-02 07:18:39 UTC,2026-04-22 08:49:29 UTC,,7924,lead,Qualification,Juniors Female,finished,2023-09-15 14:00:01 UTC,/api/v1/category_rounds/7924/results,lead_one_group_two_routes,IFSC: 2 routes,19,,,,,,,9458,1,/api/v1/routes/9458/startlist,/api/v1/routes/9458/results
/api/v1/events/1330/result/249,1330,full_results_url,IFSC Europe - Youth Championship - Helsinki (FIN) 2023,LEAD Juniors Female,finished,2025-10-02 07:18:39 UTC,2026-04-22 08:49:29 UTC,,7924,lead,Qualification,Juniors Female,finished,2023-09-15 14:00:01 UTC,/api/v1/category_rounds/7924/results,lead_one_group_two_routes,IFSC: 2 routes,19,,,,,,,9459,2,/api/v1/routes/9459/startlist,/api/v1/routes/9459/results
/api/v1/events/1330/result/249,1330,full_results_url,IFSC Europe - Youth Championship - Helsinki (FIN) 2023,LEAD Juniors Female,finished,2025-10-02 07:18:39 UTC,2026-04-22 08:49:29 UTC,,8465,lead,Semi-Final,Juniors Female,finished,2023-09-16 11:03:14 UTC,/api/v1/category_rounds/8465/results,lead_one_group_one_route,IFSC: 1 route,20,,,,,,,11158,1,/api/v1/routes/11158/startlist,/api/v1/routes/11158/results
/api/v1/events/1330/result/249,1330,full_results_url,IFSC Europe - Youth Championship - Helsinki (FIN) 2023,LEAD Juniors Female,finished,2025-10-02 07:18:39 UTC,2026-04-22 08:49:29 UTC,,8471,lead,Final,Juniors Female,finished,2023-09-16 17:52:31 UTC,/api/v1/category_rounds/8471/results,lead_one_group_one_route,IFSC: 1 route,21,,,,,,,11164,1,/api/v1/routes/11164/startlist,/api/v1/routes/11164/results
/api/v1/events/1330/result/253,1330,full_results_url,IFSC Europe - Youth Championship - Helsinki (FIN) 2023,LEAD Youth A Female,finished,2025-10-02 07:18:39 UTC,2026-04-22 08:49:33 UTC,,7925,lead,Qualification,Youth A Female,finished,2023-09-15 14:38:35 UTC,/api/v1/category_rounds/7925/results,lead_one_group_two_routes,IFSC: 2 routes,19,,,,,,,9460,2,/api/v1/routes/9460/startlist,/api/v1/routes/9460/results
/api/v1/events/1330/result/253,1330,full_results_url,IFSC Europe - Youth Championship - Helsinki (FIN) 2023,LEAD Youth A Female,finished,2025-10-02 07:18:39 UTC,2026-04-22 08:49:33 UTC,,7925,lead,Qualification,Youth A Female,finished,2023-09-15 14:38:35 UTC,/api/v1/category_rounds/7925/results,lead_one_group_two_routes,IFSC: 2 routes,19,,,,,,,9461,1,/api/v1/routes/9461/startlist,/api/v1/routes/9461/results
/api/v1/events/1330/result/253,1330,full_results_url,IFSC Europe - Youth Championship - Helsinki (FIN) 2023,LEAD Youth A Female,finished,2025-10-02 07:18:39 UTC,2026-04-22 08:49:33 UTC,,8466,lead,Semi-Final,Youth A Female,finished,2023-09-16 10:56:22 UTC,/api/v1/category_rounds/8466/results,lead_one_group_one_route,IFSC: 1 route,20,,,,,,,11159,1,/api/v1/routes/11159/startlist,/api/v1/routes/11159/results
/api/v1/events/1330/result/253,1330,full_results_url,IFSC Europe - Youth Championship - Helsinki (FIN) 2023,LEAD Youth A Female,finished,2025-10-02 07:18:39 UTC,2026-04-22 08:49:33 UTC,,8472,lead,Final,Youth A Female,finished,2023-09-16 16:52:28 UTC,/api/v1/category_rounds/8472/results,lead_one_group_one_route,IFSC: 1 route,21,,,,,,,11165,1,/api/v1/routes/11165/startlist,/api/v1/routes/11165/results
/api/v1/events/1330/result/257,1330,full_results_url,IFSC Europe - Youth Championship - Helsinki (FIN) 2023,LEAD Youth B Female,finished,2025-10-02 07:18:39 UTC,2026-04-22 08:49:36 UTC,,7926,lead,Qualification,Youth B Female,finished,2023-09-15 09:20:42 UTC,/api/v1/category_rounds/7926/results,lead_one_group_two_routes,IFSC: 2 routes,19,,,,,,,9462,1,/api/v1/routes/9462/startlist,/api/v1/routes/9462/results
/api/v1/events/1330/result/257,1330,full_results_url,IFSC Europe - Youth Championship - Helsinki (FIN) 2023,LEAD Youth B Female,finished,2025-10-02 07:18:39 UTC,2026-04-22 08:49:36 UTC,,7926,lead,Qualification,Youth B Female,finished,2023-09-15 09:20:42 UTC,/api/v1/category_rounds/7926/results,lead_one_group_two_routes,IFSC: 2 routes,19,,,,,,,9463,2,/api/v1/routes/9463/startlist,/api/v1/routes/9463/results
/api/v1/events/1330/result/257,1330,full_results_url,IFSC Europe - Youth Championship - Helsinki (FIN) 2023,LEAD Youth B Female,finished,2025-10-02 07:18:39 UTC,2026-04-22 08:49:36 UTC,,8467,lead,Semi-Final,Youth B Female,finished,2023-09-16 07:50:17 UTC,/api/v1/category_rounds/8467/results,lead_one_group_one_route,IFSC: 1 route,20,,,,,,,11160,1,/api/v1/routes/11160/startlist,/api/v1/routes/11160/results
/api/v1/events/1330/result/257,1330,full_results_url,IFSC Europe - Youth Championship - Helsinki (FIN) 2023,LEAD Youth B Female,finished,2025-10-02 07:18:39 UTC,2026-04-22 08:49:36 UTC,,8473,lead,Final,Youth B Female,finished,2023-09-16 15:58:41 UTC,/api/v1/category_rounds/8473/results,lead_one_group_one_route,IFSC: 1 route,21,,,,,,,11166,1,/api/v1/routes/11166/startlist,/api/v1/routes/11166/results
/api/v1/events/1309/result/226,1309,full_results_url,IFSC European Qualifier Rome 2023,SPEED Men,finished,2025-10-02 07:18:38 UTC,2026-04-22 08:49:59 UTC,,7781,speed,Qualification,Men,finished,2023-09-15 11:30:31 UTC,/api/v1/category_rounds/7781/results,speed_staggered,IFSC: Qualification,16,,,,,,,8910,A,/api/v1/routes/8910/startlist,
/api/v1/events/1309/result/226,1309,full_results_url,IFSC European Qualifier Rome 2023,SPEED Men,finished,2025-10-02 07:18:38 UTC,2026-04-22 08:49:59 UTC,,7781,speed,Qualification,Men,finished,2023-09-15 11:30:31 UTC,/api/v1/category_rounds/7781/results,speed_staggered,IFSC: Qualification,16,,,,,,,8911,B,/api/v1/routes/8911/startlist,
/api/v1/events/1309/result/226,1309,full_results_url,IFSC European Qualifier Rome 2023,SPEED Men,finished,2025-10-02 07:18:38 UTC,2026-04-22 08:49:59 UTC,,8492,speed,Final,Men,finished,2024-01-15 11:30:12 UTC,/api/v1/category_rounds/8492/results,speed_elimination_ifsc_2023,IFSC 2023+: Elimination,18,,,,,,,11265,A,/api/v1/routes/11265/startlist,
/api/v1/events/1309/result/226,1309,full_results_url,IFSC European Qualifier Rome 2023,SPEED Men,finished,2025-10-02 07:18:38 UTC,2026-04-22 08:49:59 UTC,,8492,speed,Final,Men,finished,2024-01-15 11:30:12 UTC,/api/v1/category_rounds/8492/results,speed_elimination_ifsc_2023,IFSC 2023+: Elimination,18,,,,,,,11266,B,/api/v1/routes/11266/startlist,
/api/v1/events/1309/result/230,1309,full_results_url,IFSC European Qualifier Rome 2023,SPEED Women,finished,2025-10-02 07:18:38 UTC,2026-04-22 08:50:03 UTC,,7782,speed,Qualification,Women,finished,2023-09-15 10:21:51 UTC,/api/v1/category_rounds/7782/results,speed_staggered,IFSC: Qualification,16,,,,,,,8912,A,/api/v1/routes/8912/startlist,
/api/v1/events/1309/result/230,1309,full_results_url,IFSC European Qualifier Rome 2023,SPEED Women,finished,2025-10-02 07:18:38 UTC,2026-04-22 08:50:03 UTC,,7782,speed,Qualification,Women,finished,2023-09-15 10:21:51 UTC,/api/v1/category_rounds/7782/results,speed_staggered,IFSC: Qualification,16,,,,,,,8913,B,/api/v1/routes/8913/startlist,
/api/v1/events/1309/result/230,1309,full_results_url,IFSC European Qualifier Rome 2023,SPEED Women,finished,2025-10-02 07:18:38 UTC,2026-04-22 08:50:03 UTC,,8493,speed,Final,Women,finished,2024-01-15 11:30:13 UTC,/api/v1/category_rounds/8493/results,speed_elimination_ifsc_2023,IFSC 2023+: Elimination,18,,,,,,,11267,A,/api/v1/routes/11267/startlist,
/api/v1/events/1309/result/230,1309,full_results_url,IFSC European Qualifier Rome 2023,SPEED Women,finished,2025-10-02 07:18:38 UTC,2026-04-22 08:50:03 UTC,,8493,speed,Final,Women,finished,2024-01-15 11:30:13 UTC,/api/v1/category_rounds/8493/results,speed_elimination_ifsc_2023,IFSC 2023+: Elimination,18,,,,,,,11268,B,/api/v1/routes/11268/startlist,
/api/v1/events/1303/result/1,1303,full_results_url,IFSC World Cup Wujiang 2023,LEAD Men,finished,2025-10-02 07:18:38 UTC,2026-04-22 08:50:06 UTC,,7707,lead,Qualification,Men,finished,2023-09-22 09:48:09 UTC,/api/v1/category_rounds/7707/results,lead_one_group_two_routes,IFSC: 2 routes,1,,,,,,,8678,1,/api/v1/routes/8678/startlist,/api/v1/routes/8678/results
/api/v1/events/1303/result/1,1303,full_results_url,IFSC World Cup Wujiang 2023,LEAD Men,finished,2025-10-02 07:18:38 UTC,2026-04-22 08:50:06 UTC,,7707,lead,Qualification,Men,finished,2023-09-22 09:48:09 UTC,/api/v1/category_rounds/7707/results,lead_one_group_two_routes,IFSC: 2 routes,1,,,,,,,8679,2,/api/v1/routes/8679/startlist,/api/v1/routes/8679/results
/api/v1/events/1303/result/1,1303,full_results_url,IFSC World Cup Wujiang 2023,LEAD Men,finished,2025-10-02 07:18:38 UTC,2026-04-22 08:50:06 UTC,,8500,lead,Semi-final,Men,finished,2023-09-23 09:42:16 UTC,/api/v1/category_rounds/8500/results,lead_one_group_one_route,IFSC: 1 route,2,,,,,,,11269,1,/api/v1/routes/11269/startlist,/api/v1/routes/11269/results
/api/v1/events/1303/result/1,1303,full_results_url,IFSC World Cup Wujiang 2023,LEAD Men,finished,2025-10-02 07:18:38 UTC,2026-04-22 08:50:06 UTC,,8502,lead,Final,Men,finished,2023-09-24 12:38:39 UTC,/api/v1/category_rounds/8502/results,lead_one_group_one_route,IFSC: 1 route,3,,,,,,,11271,1,/api/v1/routes/11271/startlist,/api/v1/routes/11271/results
/api/v1/events/1303/result/5,1303,full_results_url,IFSC World Cup Wujiang 2023,LEAD Women,finished,2025-10-02 07:18:38 UTC,2026-04-22 08:50:10 UTC,,7708,lead,Qualification,Women,finished,2023-09-22 05:14:55 UTC,/api/v1/category_rounds/7708/results,lead_one_group_two_routes,IFSC: 2 routes,1,,,,,,,8680,1,/api/v1/routes/8680/startlist,/api/v1/routes/8680/results
/api/v1/events/1303/result/5,1303,full_results_url,IFSC World Cup Wujiang 2023,LEAD Women,finished,2025-10-02 07:18:38 UTC,2026-04-22 08:50:10 UTC,,7708,lead,Qualification,Women,finished,2023-09-22 05:14:55 UTC,/api/v1/category_rounds/7708/results,lead_one_group_two_routes,IFSC: 2 routes,1,,,,,,,8681,2,/api/v1/routes/8681/startlist,/api/v1/routes/8681/results
/api/v1/events/1303/result/5,1303,full_results_url,IFSC World Cup Wujiang 2023,LEAD Women,finished,2025-10-02 07:18:38 UTC,2026-04-22 08:50:10 UTC,,8501,lead,Semi-final,Women,finished,2023-09-23 09:41:29 UTC,/api/v1/category_rounds/8501/results,lead_one_group_one_route,IFSC: 1 route,2,,,,,,,11270,1,/api/v1/routes/11270/startlist,/api/v1/routes/11270/results
/api/v1/events/1303/result/5,1303,full_results_url,IFSC World Cup Wujiang 2023,LEAD Women,finished,2025-10-02 07:18:38 UTC,2026-04-22 08:50:10 UTC,,8503,lead,Final,Women,finished,2023-09-24 11:46:51 UTC,/api/v1/category_rounds/8503/results,lead_one_group_one_route,IFSC: 1 route,3,,,,,,,11272,1,/api/v1/routes/11272/startlist,/api/v1/routes/11272/results
/api/v1/events/1303/result/2,1303,full_results_url,IFSC World Cup Wujiang 2023,SPEED Men,finished,2025-10-02 07:18:38 UTC,2026-04-22 08:50:13 UTC,,7709,speed,Qualification,Men,finished,2023-09-22 13:00:53 UTC,/api/v1/category_rounds/7709/results,speed_staggered,IFSC: Qualification,1,,,,,,,8682,A,/api/v1/routes/8682/startlist,
/api/v1/events/1303/result/2,1303,full_results_url,IFSC World Cup Wujiang 2023,SPEED Men,finished,2025-10-02 07:18:38 UTC,2026-04-22 08:50:13 UTC,,7709,speed,Qualification,Men,finished,2023-09-22 13:00:53 UTC,/api/v1/category_rounds/7709/results,speed_staggered,IFSC: Qualification,1,,,,,,,8683,B,/api/v1/routes/8683/startlist,
/api/v1/events/1303/result/2,1303,full_results_url,IFSC World Cup Wujiang 2023,SPEED Men,finished,2025-10-02 07:18:38 UTC,2026-04-22 08:50:13 UTC,,8086,speed,Final,Men,finished,2024-01-15 13:29:45 UTC,/api/v1/category_rounds/8086/results,speed_elimination_ifsc_2023,IFSC 2023+: Elimination,3,,,,,,,9779,A,/api/v1/routes/9779/startlist,
/api/v1/events/1303/result/2,1303,full_results_url,IFSC World Cup Wujiang 2023,SPEED Men,finished,2025-10-02 07:18:38 UTC,2026-04-22 08:50:13 UTC,,8086,speed,Final,Men,finished,2024-01-15 13:29:45 UTC,/api/v1/category_rounds/8086/results,speed_elimination_ifsc_2023,IFSC 2023+: Elimination,3,,,,,,,9780,B,/api/v1/routes/9780/startlist,
/api/v1/events/1303/result/6,1303,full_results_url,IFSC World Cup Wujiang 2023,SPEED Women,finished,2025-10-02 07:18:38 UTC,2026-04-22 08:50:16 UTC,,7710,speed,Qualification,Women,finished,2023-09-22 11:41:35 UTC,/api/v1/category_rounds/7710/results,speed_staggered,IFSC: Qualification,1,,,,,,,8684,A,/api/v1/routes/8684/startlist,
/api/v1/events/1303/result/6,1303,full_results_url,IFSC World Cup Wujiang 2023,SPEED Women,finished,2025-10-02 07:18:38 UTC,2026-04-22 08:50:16 UTC,,7710,speed,Qualification,Women,finished,2023-09-22 11:41:35 UTC,/api/v1/category_rounds/7710/results,speed_staggered,IFSC: Qualification,1,,,,,,,8685,B,/api/v1/routes/8685/startlist,
/api/v1/events/1303/result/6,1303,full_results_url,IFSC World Cup Wujiang 2023,SPEED Women,finished,2025-10-02 07:18:38 UTC,2026-04-22 08:50:16 UTC,,8087,speed,Final,Women,finished,2024-01-15 13:29:45 UTC,/api/v1/category_rounds/8087/results,speed_elimination_ifsc_2023,IFSC 2023+: Elimination,3,,,,,,,9781,A,/api/v1/routes/9781/startlist,
/api/v1/events/1303/result/6,1303,full_results_url,IFSC World Cup Wujiang 2023,SPEED Women,finished,2025-10-02 07:18:38 UTC,2026-04-22 08:50:16 UTC,,8087,speed,Final,Women,finished,2024-01-15 13:29:45 UTC,/api/v1/category_rounds/8087/results,speed_elimination_ifsc_2023,IFSC 2023+: Elimination,3,,,,,,,9782,B,/api/v1/routes/9782/startlist,
/api/v1/events/1306/result/314,1306,full_results_url,Asian Games Hangzhou 2022,SPEED Men,finished,2025-10-02 07:18:42 UTC,2026-04-22 08:50:20 UTC,,9169,speed,Qualification,Men,finished,2024-07-19 15:55:47 UTC,/api/v1/category_rounds/9169/results,speed_staggered,IFSC: Qualification,31,,,,,,,13518,A,/api/v1/routes/13518/startlist,
/api/v1/events/1306/result/314,1306,full_results_url,Asian Games Hangzhou 2022,SPEED Men,finished,2025-10-02 07:18:42 UTC,2026-04-22 08:50:20 UTC,,9169,speed,Qualification,Men,finished,2024-07-19 15:55:47 UTC,/api/v1/category_rounds/9169/results,speed_staggered,IFSC: Qualification,31,,,,,,,13519,B,/api/v1/routes/13519/startlist,
/api/v1/events/1306/result/314,1306,full_results_url,Asian Games Hangzhou 2022,SPEED Men,finished,2025-10-02 07:18:42 UTC,2026-04-22 08:50:20 UTC,,9179,speed,Final,Men,finished,2024-07-19 16:00:51 UTC,/api/v1/category_rounds/9179/results,speed_elimination_ifsc_2023,IFSC 2023+: Elimination,33,,,,,,,13538,A,/api/v1/routes/13538/startlist,
/api/v1/events/1306/result/314,1306,full_results_url,Asian Games Hangzhou 2022,SPEED Men,finished,2025-10-02 07:18:42 UTC,2026-04-22 08:50:20 UTC,,9179,speed,Final,Men,finished,2024-07-19 16:00:51 UTC,/api/v1/category_rounds/9179/results,speed_elimination_ifsc_2023,IFSC 2023+: Elimination,33,,,,,,,13539,B,/api/v1/routes/13539/startlist,
/api/v1/events/1306/result/334,1306,full_results_url,Asian Games Hangzhou 2022,SPEED Women,finished,2025-10-02 07:18:42 UTC,2026-04-22 08:50:23 UTC,,9174,speed,Qualification,Women,finished,2024-07-19 15:35:09 UTC,/api/v1/category_rounds/9174/results,speed_staggered,IFSC: Qualification,31,,,,,,,13528,A,/api/v1/routes/13528/startlist,
/api/v1/events/1306/result/334,1306,full_results_url,Asian Games Hangzhou 2022,SPEED Women,finished,2025-10-02 07:18:42 UTC,2026-04-22 08:50:23 UTC,,9174,speed,Qualification,Women,finished,2024-07-19 15:35:09 UTC,/api/v1/category_rounds/9174/results,speed_staggered,IFSC: Qualification,31,,,,,,,13529,B,/api/v1/routes/13529/startlist,
/api/v1/events/1306/result/334,1306,full_results_url,Asian Games Hangzhou 2022,SPEED Women,finished,2025-10-02 07:18:42 UTC,2026-04-22 08:50:23 UTC,,9180,speed,Final,Women,finished,2024-07-19 15:41:07 UTC,/api/v1/category_rounds/9180/results,speed_elimination_ifsc_2023,IFSC 2023+: Elimination,33,,,,,,,13540,A,/api/v1/routes/13540/startlist,
/api/v1/events/1306/result/334,1306,full_results_url,Asian Games Hangzhou 2022,SPEED Women,finished,2025-10-02 07:18:42 UTC,2026-04-22 08:50:23 UTC,,9180,speed,Final,Women,finished,2024-07-19 15:41:07 UTC,/api/v1/category_rounds/9180/results,speed_elimination_ifsc_2023,IFSC 2023+: Elimination,33,,,,,,,13541,B,/api/v1/routes/13541/startlist,
/api/v1/events/1334/result/234,1334,full_results_url,IFSC Europe - Continental Youth Cup (S) - Hamburg (GER) 2023,SPEED Juniors Male,finished,2025-10-02 07:18:39 UTC,2026-04-22 08:50:26 UTC,,7947,speed,Qualification,Juniors Male,finished,2023-09-24 13:45:12 UTC,/api/v1/category_rounds/7947/results,speed_staggered_tolerate_false_start,IFSC-E: Qualification (Tolerate FS),19,,,,,,,9641,A,/api/v1/routes/9641/startlist,
/api/v1/events/1334/result/234,1334,full_results_url,IFSC Europe - Continental Youth Cup (S) - Hamburg (GER) 2023,SPEED Juniors Male,finished,2025-10-02 07:18:39 UTC,2026-04-22 08:50:26 UTC,,7947,speed,Qualification,Juniors Male,finished,2023-09-24 13:45:12 UTC,/api/v1/category_rounds/7947/results,speed_staggered_tolerate_false_start,IFSC-E: Qualification (Tolerate FS),19,,,,,,,9642,B,/api/v1/routes/9642/startlist,
/api/v1/events/1334/result/234,1334,full_results_url,IFSC Europe - Continental Youth Cup (S) - Hamburg (GER) 2023,SPEED Juniors Male,finished,2025-10-02 07:18:39 UTC,2026-04-22 08:50:26 UTC,,8104,speed,Final,Juniors Male,finished,2024-01-15 15:10:54 UTC,/api/v1/category_rounds/8104/results,speed_elimination_ifsc_2023,IFSC 2023+: Elimination,21,,,,,,,9831,A,/api/v1/routes/9831/startlist,
/api/v1/events/1334/result/234,1334,full_results_url,IFSC Europe - Continental Youth Cup (S) - Hamburg (GER) 2023,SPEED Juniors Male,finished,2025-10-02 07:18:39 UTC,2026-04-22 08:50:26 UTC,,8104,speed,Final,Juniors Male,finished,2024-01-15 15:10:54 UTC,/api/v1/category_rounds/8104/results,speed_elimination_ifsc_2023,IFSC 2023+: Elimination,21,,,,,,,9832,B,/api/v1/routes/9832/startlist,
/api/v1/events/1334/result/238,1334,full_results_url,IFSC Europe - Continental Youth Cup (S) - Hamburg (GER) 2023,SPEED Youth A Male,finished,2025-10-02 07:18:39 UTC,2026-04-22 08:50:30 UTC,,7948,speed,Qualification,Youth A Male,finished,2023-09-24 12:08:04 UTC,/api/v1/category_rounds/7948/results,speed_staggered_tolerate_false_start,IFSC-E: Qualification (Tolerate FS),19,,,,,,,9643,A,/api/v1/routes/9643/startlist,
/api/v1/events/1334/result/238,1334,full_results_url,IFSC Europe - Continental Youth Cup (S) - Hamburg (GER) 2023,SPEED Youth A Male,finished,2025-10-02 07:18:39 UTC,2026-04-22 08:50:30 UTC,,7948,speed,Qualification,Youth A Male,finished,2023-09-24 12:08:04 UTC,/api/v1/category_rounds/7948/results,speed_staggered_tolerate_false_start,IFSC-E: Qualification (Tolerate FS),19,,,,,,,9644,B,/api/v1/routes/9644/startlist,
/api/v1/events/1334/result/238,1334,full_results_url,IFSC Europe - Continental Youth Cup (S) - Hamburg (GER) 2023,SPEED Youth A Male,finished,2025-10-02 07:18:39 UTC,2026-04-22 08:50:30 UTC,,8105,speed,Final,Youth A Male,finished,2024-01-15 15:10:55 UTC,/api/v1/category_rounds/8105/results,speed_elimination_ifsc_2023,IFSC 2023+: Elimination,21,,,,,,,9833,A,/api/v1/routes/9833/startlist,
/api/v1/events/1334/result/238,1334,full_results_url,IFSC Europe - Continental Youth Cup (S) - Hamburg (GER) 2023,SPEED Youth A Male,finished,2025-10-02 07:18:39 UTC,2026-04-22 08:50:30 UTC,,8105,speed,Final,Youth A Male,finished,2024-01-15 15:10:55 UTC,/api/v1/category_rounds/8105/results,speed_elimination_ifsc_2023,IFSC 2023+: Elimination,21,,,,,,,9834,B,/api/v1/routes/9834/startlist,
/api/v1/events/1334/result/242,1334,full_results_url,IFSC Europe - Continental Youth Cup (S) - Hamburg (GER) 2023,SPEED Youth B Male,finished,2025-10-02 07:18:39 UTC,2026-04-22 08:50:33 UTC,,7949,speed,Qualification,Youth B Male,finished,2023-09-24 09:39:27 UTC,/api/v1/category_rounds/7949/results,speed_staggered_tolerate_false_start,IFSC-E: Qualification (Tolerate FS),19,,,,,,,9645,A,/api/v1/routes/9645/startlist,
/api/v1/events/1334/result/242,1334,full_results_url,IFSC Europe - Continental Youth Cup (S) - Hamburg (GER) 2023,SPEED Youth B Male,finished,2025-10-02 07:18:39 UTC,2026-04-22 08:50:33 UTC,,7949,speed,Qualification,Youth B Male,finished,2023-09-24 09:39:27 UTC,/api/v1/category_rounds/7949/results,speed_staggered_tolerate_false_start,IFSC-E: Qualification (Tolerate FS),19,,,,,,,9646,B,/api/v1/routes/9646/startlist,
/api/v1/events/1334/result/242,1334,full_results_url,IFSC Europe - Continental Youth Cup (S) - Hamburg (GER) 2023,SPEED Youth B Male,finished,2025-10-02 07:18:39 UTC,2026-04-22 08:50:33 UTC,,8106,speed,Final,Youth B Male,finished,2024-01-15 15:10:55 UTC,/api/v1/category_rounds/8106/results,speed_elimination_ifsc_2023,IFSC 2023+: Elimination,21,,,,,,,9835,A,/api/v1/routes/9835/startlist,
/api/v1/events/1334/result/242,1334,full_results_url,IFSC Europe - Continental Youth Cup (S) - Hamburg (GER) 2023,SPEED Youth B Male,finished,2025-10-02 07:18:39 UTC,2026-04-22 08:50:33 UTC,,8106,speed,Final,Youth B Male,finished,2024-01-15 15:10:55 UTC,/api/v1/category_rounds/8106/results,speed_elimination_ifsc_2023,IFSC 2023+: Elimination,21,,,,,,,9836,B,/api/v1/routes/9836/startlist,
/api/v1/events/1334/result/250,1334,full_results_url,IFSC Europe - Continental Youth Cup (S) - Hamburg (GER) 2023,SPEED Juniors Female,finished,2025-10-02 07:18:39 UTC,2026-04-22 08:50:36 UTC,,7950,speed,Qualification,Juniors Female,finished,2023-09-24 13:54:18 UTC,/api/v1/category_rounds/7950/results,speed_staggered_tolerate_false_start,IFSC-E: Qualification (Tolerate FS),19,,,,,,,9647,A,/api/v1/routes/9647/startlist,
/api/v1/events/1334/result/250,1334,full_results_url,IFSC Europe - Continental Youth Cup (S) - Hamburg (GER) 2023,SPEED Juniors Female,finished,2025-10-02 07:18:39 UTC,2026-04-22 08:50:36 UTC,,7950,speed,Qualification,Juniors Female,finished,2023-09-24 13:54:18 UTC,/api/v1/category_rounds/7950/results,speed_staggered_tolerate_false_start,IFSC-E: Qualification (Tolerate FS),19,,,,,,,9648,B,/api/v1/routes/9648/startlist,
/api/v1/events/1334/result/250,1334,full_results_url,IFSC Europe - Continental Youth Cup (S) - Hamburg (GER) 2023,SPEED Juniors Female,finished,2025-10-02 07:18:39 UTC,2026-04-22 08:50:36 UTC,,8107,speed,Final,Juniors Female,finished,2023-09-24 14:29:10 UTC,/api/v1/category_rounds/8107/results,speed_elimination_ifsc_2023,IFSC 2023+: Elimination,21,,,,,,,9837,A,/api/v1/routes/9837/startlist,
/api/v1/events/1334/result/250,1334,full_results_url,IFSC Europe - Continental Youth Cup (S) - Hamburg (GER) 2023,SPEED Juniors Female,finished,2025-10-02 07:18:39 UTC,2026-04-22 08:50:36 UTC,,8107,speed,Final,Juniors Female,finished,2023-09-24 14:29:10 UTC,/api/v1/category_rounds/8107/results,speed_elimination_ifsc_2023,IFSC 2023+: Elimination,21,,,,,,,9838,B,/api/v1/routes/9838/startlist,
/api/v1/events/1334/result/254,1334,full_results_url,IFSC Europe - Continental Youth Cup (S) - Hamburg (GER) 2023,SPEED Youth A Female,finished,2025-10-02 07:18:39 UTC,2026-04-22 08:50:40 UTC,,7951,speed,Qualification,Youth A Female,finished,2023-09-24 12:09:30 UTC,/api/v1/category_rounds/7951/results,speed_staggered_tolerate_false_start,IFSC-E: Qualification (Tolerate FS),19,,,,,,,9649,A,/api/v1/routes/9649/startlist,
/api/v1/events/1334/result/254,1334,full_results_url,IFSC Europe - Continental Youth Cup (S) - Hamburg (GER) 2023,SPEED Youth A Female,finished,2025-10-02 07:18:39 UTC,2026-04-22 08:50:40 UTC,,7951,speed,Qualification,Youth A Female,finished,2023-09-24 12:09:30 UTC,/api/v1/category_rounds/7951/results,speed_staggered_tolerate_false_start,IFSC-E: Qualification (Tolerate FS),19,,,,,,,9650,B,/api/v1/routes/9650/startlist,
/api/v1/events/1334/result/254,1334,full_results_url,IFSC Europe - Continental Youth Cup (S) - Hamburg (GER) 2023,SPEED Youth A Female,finished,2025-10-02 07:18:39 UTC,2026-04-22 08:50:40 UTC,,8108,speed,Final,Youth A Female,finished,2024-01-15 15:10:56 UTC,/api/v1/category_rounds/8108/results,speed_elimination_ifsc_2023,IFSC 2023+: Elimination,21,,,,,,,9839,A,/api/v1/routes/9839/startlist,
/api/v1/events/1334/result/254,1334,full_results_url,IFSC Europe - Continental Youth Cup (S) - Hamburg (GER) 2023,SPEED Youth A Female,finished,2025-10-02 07:18:39 UTC,2026-04-22 08:50:40 UTC,,8108,speed,Final,Youth A Female,finished,2024-01-15 15:10:56 UTC,/api/v1/category_rounds/8108/results,speed_elimination_ifsc_2023,IFSC 2023+: Elimination,21,,,,,,,9840,B,/api/v1/routes/9840/startlist,
/api/v1/events/1334/result/258,1334,full_results_url,IFSC Europe - Continental Youth Cup (S) - Hamburg (GER) 2023,SPEED Youth B Female,finished,2025-10-02 07:18:39 UTC,2026-04-22 08:50:43 UTC,,7952,speed,Qualification,Youth B Female,finished,2023-09-24 09:53:17 UTC,/api/v1/category_rounds/7952/results,speed_staggered_tolerate_false_start,IFSC-E: Qualification (Tolerate FS),19,,,,,,,9651,A,/api/v1/routes/9651/startlist,
/api/v1/events/1334/result/258,1334,full_results_url,IFSC Europe - Continental Youth Cup (S) - Hamburg (GER) 2023,SPEED Youth B Female,finished,2025-10-02 07:18:39 UTC,2026-04-22 08:50:43 UTC,,7952,speed,Qualification,Youth B Female,finished,2023-09-24 09:53:17 UTC,/api/v1/category_rounds/7952/results,speed_staggered_tolerate_false_start,IFSC-E: Qualification (Tolerate FS),19,,,,,,,9652,B,/api/v1/routes/9652/startlist,
/api/v1/events/1334/result/258,1334,full_results_url,IFSC Europe - Continental Youth Cup (S) - Hamburg (GER) 2023,SPEED Youth B Female,finished,2025-10-02 07:18:39 UTC,2026-04-22 08:50:43 UTC,,8109,speed,Final,Youth B Female,finished,2024-01-15 15:10:56 UTC,/api/v1/category_rounds/8109/results,speed_elimination_ifsc_2023,IFSC 2023+: Elimination,21,,,,,,,9841,A,/api/v1/routes/9841/startlist,
/api/v1/events/1334/result/258,1334,full_results_url,IFSC Europe - Continental Youth Cup (S) - Hamburg (GER) 2023,SPEED Youth B Female,finished,2025-10-02 07:18:39 UTC,2026-04-22 08:50:43 UTC,,8109,speed,Final,Youth B Female,finished,2024-01-15 15:10:56 UTC,/api/v1/category_rounds/8109/results,speed_elimination_ifsc_2023,IFSC 2023+: Elimination,21,,,,,,,9842,B,/api/v1/routes/9842/startlist,
/api/v1/events/1350/result/395,1350,full_results_url,International Climbing Series - El-Capp Fest (B) - La Rochelle (FRA) 2023,BOULDER Men,registration_pending,2025-10-02 07:18:40 UTC,NA,,8422,boulder,Qualification,Men,pending,2023-08-21 00:23:41 UTC,/api/v1/category_rounds/8422/results,boulder_one_group_one_boulder_set,IFSC: 1 group,37,,,,,,,10987,1,/api/v1/routes/10987/startlist,
/api/v1/events/1350/result/395,1350,full_results_url,International Climbing Series - El-Capp Fest (B) - La Rochelle (FRA) 2023,BOULDER Men,registration_pending,2025-10-02 07:18:40 UTC,NA,,8422,boulder,Qualification,Men,pending,2023-08-21 00:23:41 UTC,/api/v1/category_rounds/8422/results,boulder_one_group_one_boulder_set,IFSC: 1 group,37,,,,,,,10988,2,/api/v1/routes/10988/startlist,
/api/v1/events/1350/result/395,1350,full_results_url,International Climbing Series - El-Capp Fest (B) - La Rochelle (FRA) 2023,BOULDER Men,registration_pending,2025-10-02 07:18:40 UTC,NA,,8422,boulder,Qualification,Men,pending,2023-08-21 00:23:41 UTC,/api/v1/category_rounds/8422/results,boulder_one_group_one_boulder_set,IFSC: 1 group,37,,,,,,,10989,3,/api/v1/routes/10989/startlist,
/api/v1/events/1350/result/395,1350,full_results_url,International Climbing Series - El-Capp Fest (B) - La Rochelle (FRA) 2023,BOULDER Men,registration_pending,2025-10-02 07:18:40 UTC,NA,,8422,boulder,Qualification,Men,pending,2023-08-21 00:23:41 UTC,/api/v1/category_rounds/8422/results,boulder_one_group_one_boulder_set,IFSC: 1 group,37,,,,,,,10990,4,/api/v1/routes/10990/startlist,
/api/v1/events/1350/result/395,1350,full_results_url,International Climbing Series - El-Capp Fest (B) - La Rochelle (FRA) 2023,BOULDER Men,registration_pending,2025-10-02 07:18:40 UTC,NA,,8422,boulder,Qualification,Men,pending,2023-08-21 00:23:41 UTC,/api/v1/category_rounds/8422/results,boulder_one_group_one_boulder_set,IFSC: 1 group,37,,,,,,,10991,5,/api/v1/routes/10991/startlist,
/api/v1/events/1350/result/395,1350,full_results_url,International Climbing Series - El-Capp Fest (B) - La Rochelle (FRA) 2023,BOULDER Men,registration_pending,2025-10-02 07:18:40 UTC,NA,,8484,boulder,Final,Men,pending,2023-08-26 23:38:55 UTC,/api/v1/category_rounds/8484/results,boulder_finals_one_by_one,IFSC: Finals,39,,,,,,,11217,1,/api/v1/routes/11217/startlist,
/api/v1/events/1350/result/395,1350,full_results_url,International Climbing Series - El-Capp Fest (B) - La Rochelle (FRA) 2023,BOULDER Men,registration_pending,2025-10-02 07:18:40 UTC,NA,,8484,boulder,Final,Men,pending,2023-08-26 23:38:55 UTC,/api/v1/category_rounds/8484/results,boulder_finals_one_by_one,IFSC: Finals,39,,,,,,,11218,2,/api/v1/routes/11218/startlist,
/api/v1/events/1350/result/395,1350,full_results_url,International Climbing Series - El-Capp Fest (B) - La Rochelle (FRA) 2023,BOULDER Men,registration_pending,2025-10-02 07:18:40 UTC,NA,,8484,boulder,Final,Men,pending,2023-08-26 23:38:55 UTC,/api/v1/category_rounds/8484/results,boulder_finals_one_by_one,IFSC: Finals,39,,,,,,,11219,3,/api/v1/routes/11219/startlist,
/api/v1/events/1350/result/395,1350,full_results_url,International Climbing Series - El-Capp Fest (B) - La Rochelle (FRA) 2023,BOULDER Men,registration_pending,2025-10-02 07:18:40 UTC,NA,,8484,boulder,Final,Men,pending,2023-08-26 23:38:55 UTC,/api/v1/category_rounds/8484/results,boulder_finals_one_by_one,IFSC: Finals,39,,,,,,,11220,4,/api/v1/routes/11220/startlist,
/api/v1/events/1350/result/415,1350,full_results_url,International Climbing Series - El-Capp Fest (B) - La Rochelle (FRA) 2023,BOULDER Women,registration_pending,2025-10-02 07:18:40 UTC,NA,,8427,boulder,Qualification,Women,pending,2023-08-21 00:23:41 UTC,/api/v1/category_rounds/8427/results,boulder_one_group_one_boulder_set,IFSC: 1 group,37,,,,,,,11012,1,/api/v1/routes/11012/startlist,
/api/v1/events/1350/result/415,1350,full_results_url,International Climbing Series - El-Capp Fest (B) - La Rochelle (FRA) 2023,BOULDER Women,registration_pending,2025-10-02 07:18:40 UTC,NA,,8427,boulder,Qualification,Women,pending,2023-08-21 00:23:41 UTC,/api/v1/category_rounds/8427/results,boulder_one_group_one_boulder_set,IFSC: 1 group,37,,,,,,,11013,2,/api/v1/routes/11013/startlist,
/api/v1/events/1350/result/415,1350,full_results_url,International Climbing Series - El-Capp Fest (B) - La Rochelle (FRA) 2023,BOULDER Women,registration_pending,2025-10-02 07:18:40 UTC,NA,,8427,boulder,Qualification,Women,pending,2023-08-21 00:23:41 UTC,/api/v1/category_rounds/8427/results,boulder_one_group_one_boulder_set,IFSC: 1 group,37,,,,,,,11014,3,/api/v1/routes/11014/startlist,
/api/v1/events/1350/result/415,1350,full_results_url,International Climbing Series - El-Capp Fest (B) - La Rochelle (FRA) 2023,BOULDER Women,registration_pending,2025-10-02 07:18:40 UTC,NA,,8427,boulder,Qualification,Women,pending,2023-08-21 00:23:41 UTC,/api/v1/category_rounds/8427/results,boulder_one_group_one_boulder_set,IFSC: 1 group,37,,,,,,,11015,4,/api/v1/routes/11015/startlist,
/api/v1/events/1350/result/415,1350,full_results_url,International Climbing Series - El-Capp Fest (B) - La Rochelle (FRA) 2023,BOULDER Women,registration_pending,2025-10-02 07:18:40 UTC,NA,,8427,boulder,Qualification,Women,pending,2023-08-21 00:23:41 UTC,/api/v1/category_rounds/8427/results,boulder_one_group_one_boulder_set,IFSC: 1 group,37,,,,,,,11016,5,/api/v1/routes/11016/startlist,
/api/v1/events/1350/result/415,1350,full_results_url,International Climbing Series - El-Capp Fest (B) - La Rochelle (FRA) 2023,BOULDER Women,registration_pending,2025-10-02 07:18:40 UTC,NA,,8485,boulder,Final,Women,pending,2023-08-26 23:38:55 UTC,/api/v1/category_rounds/8485/results,boulder_finals_one_by_one,IFSC: Finals,39,,,,,,,11221,1,/api/v1/routes/11221/startlist,
/api/v1/events/1350/result/415,1350,full_results_url,International Climbing Series - El-Capp Fest (B) - La Rochelle (FRA) 2023,BOULDER Women,registration_pending,2025-10-02 07:18:40 UTC,NA,,8485,boulder,Final,Women,pending,2023-08-26 23:38:55 UTC,/api/v1/category_rounds/8485/results,boulder_finals_one_by_one,IFSC: Finals,39,,,,,,,11222,2,/api/v1/routes/11222/startlist,
/api/v1/events/1350/result/415,1350,full_results_url,International Climbing Series - El-Capp Fest (B) - La Rochelle (FRA) 2023,BOULDER Women,registration_pending,2025-10-02 07:18:40 UTC,NA,,8485,boulder,Final,Women,pending,2023-08-26 23:38:55 UTC,/api/v1/category_rounds/8485/results,boulder_finals_one_by_one,IFSC: Finals,39,,,,,,,11223,3,/api/v1/routes/11223/startlist,
/api/v1/events/1350/result/415,1350,full_results_url,International Climbing Series - El-Capp Fest (B) - La Rochelle (FRA) 2023,BOULDER Women,registration_pending,2025-10-02 07:18:40 UTC,NA,,8485,boulder,Final,Women,pending,2023-08-26 23:38:55 UTC,/api/v1/category_rounds/8485/results,boulder_finals_one_by_one,IFSC: Finals,39,,,,,,,11224,4,/api/v1/routes/11224/startlist,
/api/v1/events/1349/result/193,1349,full_results_url,"IFSC Asia - Continental Youth Championships (B, S, L, B&L) - Chongqing (CHN) 2023",LEAD Juniors Male,finished,2025-10-02 07:18:40 UTC,2026-04-22 08:50:46 UTC,,8404,lead,Qualification,Juniors Male,finished,2023-10-19 10:36:45 UTC,/api/v1/category_rounds/8404/results,lead_one_group_two_routes,IFSC: 2 routes,13,,,,,,,10933,1,/api/v1/routes/10933/startlist,/api/v1/routes/10933/results
/api/v1/events/1349/result/193,1349,full_results_url,"IFSC Asia - Continental Youth Championships (B, S, L, B&L) - Chongqing (CHN) 2023",LEAD Juniors Male,finished,2025-10-02 07:18:40 UTC,2026-04-22 08:50:46 UTC,,8404,lead,Qualification,Juniors Male,finished,2023-10-19 10:36:45 UTC,/api/v1/category_rounds/8404/results,lead_one_group_two_routes,IFSC: 2 routes,13,,,,,,,10934,2,/api/v1/routes/10934/startlist,/api/v1/routes/10934/results
/api/v1/events/1349/result/193,1349,full_results_url,"IFSC Asia - Continental Youth Championships (B, S, L, B&L) - Chongqing (CHN) 2023",LEAD Juniors Male,finished,2025-10-02 07:18:40 UTC,2026-04-22 08:50:46 UTC,,8542,lead,Final,Juniors Male,finished,2023-10-20 04:09:15 UTC,/api/v1/category_rounds/8542/results,lead_one_group_one_route,IFSC: 1 route,15,,,,,,,11423,- youth A Male,/api/v1/routes/11423/startlist,/api/v1/routes/11423/results
/api/v1/events/1349/result/197,1349,full_results_url,"IFSC Asia - Continental Youth Championships (B, S, L, B&L) - Chongqing (CHN) 2023",LEAD Youth A Male,finished,2025-10-02 07:18:40 UTC,2026-04-22 08:50:50 UTC,,8405,lead,Qualification,Youth A Male,finished,2023-10-19 08:21:45 UTC,/api/v1/category_rounds/8405/results,lead_one_group_two_routes,IFSC: 2 routes,13,,,,,,,10935,1,/api/v1/routes/10935/startlist,/api/v1/routes/10935/results
/api/v1/events/1349/result/197,1349,full_results_url,"IFSC Asia - Continental Youth Championships (B, S, L, B&L) - Chongqing (CHN) 2023",LEAD Youth A Male,finished,2025-10-02 07:18:40 UTC,2026-04-22 08:50:50 UTC,,8405,lead,Qualification,Youth A Male,finished,2023-10-19 08:21:45 UTC,/api/v1/category_rounds/8405/results,lead_one_group_two_routes,IFSC: 2 routes,13,,,,,,,10936,2,/api/v1/routes/10936/startlist,/api/v1/routes/10936/results
/api/v1/events/1349/result/197,1349,full_results_url,"IFSC Asia - Continental Youth Championships (B, S, L, B&L) - Chongqing (CHN) 2023",LEAD Youth A Male,finished,2025-10-02 07:18:40 UTC,2026-04-22 08:50:50 UTC,,8543,lead,Final,Youth A Male,finished,2023-10-20 03:17:00 UTC,/api/v1/category_rounds/8543/results,lead_one_group_one_route,IFSC: 1 route,15,,,,,,,11424,1,/api/v1/routes/11424/startlist,/api/v1/routes/11424/results
/api/v1/events/1349/result/201,1349,full_results_url,"IFSC Asia - Continental Youth Championships (B, S, L, B&L) - Chongqing (CHN) 2023",LEAD Youth B Male,finished,2025-10-02 07:18:40 UTC,2026-04-22 08:50:53 UTC,,8406,lead,Qualification,Youth B Male,finished,2023-10-18 08:56:38 UTC,/api/v1/category_rounds/8406/results,lead_one_group_two_routes,IFSC: 2 routes,13,,,,,,,10937,1,/api/v1/routes/10937/startlist,/api/v1/routes/10937/results
/api/v1/events/1349/result/201,1349,full_results_url,"IFSC Asia - Continental Youth Championships (B, S, L, B&L) - Chongqing (CHN) 2023",LEAD Youth B Male,finished,2025-10-02 07:18:40 UTC,2026-04-22 08:50:53 UTC,,8406,lead,Qualification,Youth B Male,finished,2023-10-18 08:56:38 UTC,/api/v1/category_rounds/8406/results,lead_one_group_two_routes,IFSC: 2 routes,13,,,,,,,10938,2,/api/v1/routes/10938/startlist,/api/v1/routes/10938/results
/api/v1/events/1349/result/201,1349,full_results_url,"IFSC Asia - Continental Youth Championships (B, S, L, B&L) - Chongqing (CHN) 2023",LEAD Youth B Male,finished,2025-10-02 07:18:40 UTC,2026-04-22 08:50:53 UTC,,8544,lead,Final,Youth B Male,finished,2023-10-20 05:03:41 UTC,/api/v1/category_rounds/8544/results,lead_one_group_one_route,IFSC: 1 route,15,,,,,,,11425,-,/api/v1/routes/11425/startlist,/api/v1/routes/11425/results
/api/v1/events/1349/result/209,1349,full_results_url,"IFSC Asia - Continental Youth Championships (B, S, L, B&L) - Chongqing (CHN) 2023",LEAD Juniors Female,finished,2025-10-02 07:18:40 UTC,2026-04-22 08:50:56 UTC,,8407,lead,Qualification,Juniors Female,finished,2023-10-19 10:19:59 UTC,/api/v1/category_rounds/8407/results,lead_one_group_two_routes,IFSC: 2 routes,13,,,,,,,10939,1,/api/v1/routes/10939/startlist,/api/v1/routes/10939/results
/api/v1/events/1349/result/209,1349,full_results_url,"IFSC Asia - Continental Youth Championships (B, S, L, B&L) - Chongqing (CHN) 2023",LEAD Juniors Female,finished,2025-10-02 07:18:40 UTC,2026-04-22 08:50:56 UTC,,8407,lead,Qualification,Juniors Female,finished,2023-10-19 10:19:59 UTC,/api/v1/category_rounds/8407/results,lead_one_group_two_routes,IFSC: 2 routes,13,,,,,,,10940,2,/api/v1/routes/10940/startlist,/api/v1/routes/10940/results
/api/v1/events/1349/result/209,1349,full_results_url,"IFSC Asia - Continental Youth Championships (B, S, L, B&L) - Chongqing (CHN) 2023",LEAD Juniors Female,finished,2025-10-02 07:18:40 UTC,2026-04-22 08:50:56 UTC,,8545,lead,Final,Juniors Female,finished,2023-10-20 04:11:56 UTC,/api/v1/category_rounds/8545/results,lead_one_group_one_route,IFSC: 1 route,15,,,,,,,11426,- Youth A Female,/api/v1/routes/11426/startlist,/api/v1/routes/11426/results
/api/v1/events/1349/result/213,1349,full_results_url,"IFSC Asia - Continental Youth Championships (B, S, L, B&L) - Chongqing (CHN) 2023",LEAD Youth A Female,finished,2025-10-02 07:18:40 UTC,2026-04-22 08:50:59 UTC,,8408,lead,Qualification,Youth A Female,finished,2023-10-19 08:14:58 UTC,/api/v1/category_rounds/8408/results,lead_one_group_two_routes,IFSC: 2 routes,13,,,,,,,10941,1,/api/v1/routes/10941/startlist,/api/v1/routes/10941/results
/api/v1/events/1349/result/213,1349,full_results_url,"IFSC Asia - Continental Youth Championships (B, S, L, B&L) - Chongqing (CHN) 2023",LEAD Youth A Female,finished,2025-10-02 07:18:40 UTC,2026-04-22 08:50:59 UTC,,8408,lead,Qualification,Youth A Female,finished,2023-10-19 08:14:58 UTC,/api/v1/category_rounds/8408/results,lead_one_group_two_routes,IFSC: 2 routes,13,,,,,,,10942,2,/api/v1/routes/10942/startlist,/api/v1/routes/10942/results
/api/v1/events/1349/result/213,1349,full_results_url,"IFSC Asia - Continental Youth Championships (B, S, L, B&L) - Chongqing (CHN) 2023",LEAD Youth A Female,finished,2025-10-02 07:18:40 UTC,2026-04-22 08:50:59 UTC,,8546,lead,Final,Youth A Female,finished,2023-10-20 03:26:23 UTC,/api/v1/category_rounds/8546/results,lead_one_group_one_route,IFSC: 1 route,15,,,,,,,11427,1,/api/v1/routes/11427/startlist,/api/v1/routes/11427/results
/api/v1/events/1349/result/217,1349,full_results_url,"IFSC Asia - Continental Youth Championships (B, S, L, B&L) - Chongqing (CHN) 2023",LEAD Youth B Female,finished,2025-10-02 07:18:40 UTC,2026-04-22 08:51:03 UTC,,8409,lead,Qualification,Youth B Female,finished,2023-10-18 09:00:28 UTC,/api/v1/category_rounds/8409/results,lead_one_group_two_routes,IFSC: 2 routes,13,,,,,,,10943,1,/api/v1/routes/10943/startlist,/api/v1/routes/10943/results
/api/v1/events/1349/result/217,1349,full_results_url,"IFSC Asia - Continental Youth Championships (B, S, L, B&L) - Chongqing (CHN) 2023",LEAD Youth B Female,finished,2025-10-02 07:18:40 UTC,2026-04-22 08:51:03 UTC,,8409,lead,Qualification,Youth B Female,finished,2023-10-18 09:00:28 UTC,/api/v1/category_rounds/8409/results,lead_one_group_two_routes,IFSC: 2 routes,13,,,,,,,10944,2,/api/v1/routes/10944/startlist,/api/v1/routes/10944/results
/api/v1/events/1349/result/217,1349,full_results_url,"IFSC Asia - Continental Youth Championships (B, S, L, B&L) - Chongqing (CHN) 2023",LEAD Youth B Female,finished,2025-10-02 07:18:40 UTC,2026-04-22 08:51:03 UTC,,8547,lead,Final,Youth B Female,finished,2023-10-20 05:08:01 UTC,/api/v1/category_rounds/8547/results,lead_one_group_one_route,IFSC: 1 route,15,,,,,,,11428,1,/api/v1/routes/11428/startlist,/api/v1/routes/11428/results
/api/v1/events/1349/result/194,1349,full_results_url,"IFSC Asia - Continental Youth Championships (B, S, L, B&L) - Chongqing (CHN) 2023",SPEED Juniors Male,finished,2025-10-02 07:18:40 UTC,2026-04-22 08:51:06 UTC,,8410,speed,Qualification,Juniors Male,finished,2023-10-21 04:47:25 UTC,/api/v1/category_rounds/8410/results,speed_staggered,IFSC: Qualification,13,,,,,,,10945,A,/api/v1/routes/10945/startlist,
/api/v1/events/1349/result/194,1349,full_results_url,"IFSC Asia - Continental Youth Championships (B, S, L, B&L) - Chongqing (CHN) 2023",SPEED Juniors Male,finished,2025-10-02 07:18:40 UTC,2026-04-22 08:51:06 UTC,,8410,speed,Qualification,Juniors Male,finished,2023-10-21 04:47:25 UTC,/api/v1/category_rounds/8410/results,speed_staggered,IFSC: Qualification,13,,,,,,,10946,B,/api/v1/routes/10946/startlist,
/api/v1/events/1349/result/194,1349,full_results_url,"IFSC Asia - Continental Youth Championships (B, S, L, B&L) - Chongqing (CHN) 2023",SPEED Juniors Male,finished,2025-10-02 07:18:40 UTC,2026-04-22 08:51:06 UTC,,8554,speed,Final,Juniors Male,finished,2024-01-15 13:23:22 UTC,/api/v1/category_rounds/8554/results,speed_elimination_ifsc_2023,IFSC 2023+: Elimination,15,,,,,,,11477,A,/api/v1/routes/11477/startlist,
/api/v1/events/1349/result/194,1349,full_results_url,"IFSC Asia - Continental Youth Championships (B, S, L, B&L) - Chongqing (CHN) 2023",SPEED Juniors Male,finished,2025-10-02 07:18:40 UTC,2026-04-22 08:51:06 UTC,,8554,speed,Final,Juniors Male,finished,2024-01-15 13:23:22 UTC,/api/v1/category_rounds/8554/results,speed_elimination_ifsc_2023,IFSC 2023+: Elimination,15,,,,,,,11478,B,/api/v1/routes/11478/startlist,
/api/v1/events/1349/result/198,1349,full_results_url,"IFSC Asia - Continental Youth Championships (B, S, L, B&L) - Chongqing (CHN) 2023",SPEED Youth A Male,finished,2025-10-02 07:18:40 UTC,2026-04-22 08:51:09 UTC,,8411,speed,Qualification,Youth A Male,finished,2023-10-21 04:18:34 UTC,/api/v1/category_rounds/8411/results,speed_staggered,IFSC: Qualification,13,,,,,,,10947,A,/api/v1/routes/10947/startlist,
/api/v1/events/1349/result/198,1349,full_results_url,"IFSC Asia - Continental Youth Championships (B, S, L, B&L) - Chongqing (CHN) 2023",SPEED Youth A Male,finished,2025-10-02 07:18:40 UTC,2026-04-22 08:51:09 UTC,,8411,speed,Qualification,Youth A Male,finished,2023-10-21 04:18:34 UTC,/api/v1/category_rounds/8411/results,speed_staggered,IFSC: Qualification,13,,,,,,,10948,B,/api/v1/routes/10948/startlist,
/api/v1/events/1349/result/198,1349,full_results_url,"IFSC Asia - Continental Youth Championships (B, S, L, B&L) - Chongqing (CHN) 2023",SPEED Youth A Male,finished,2025-10-02 07:18:40 UTC,2026-04-22 08:51:09 UTC,,8555,speed,Final,Youth A Male,finished,2024-01-15 13:23:22 UTC,/api/v1/category_rounds/8555/results,speed_elimination_ifsc_2023,IFSC 2023+: Elimination,15,,,,,,,11479,A,/api/v1/routes/11479/startlist,
/api/v1/events/1349/result/198,1349,full_results_url,"IFSC Asia - Continental Youth Championships (B, S, L, B&L) - Chongqing (CHN) 2023",SPEED Youth A Male,finished,2025-10-02 07:18:40 UTC,2026-04-22 08:51:09 UTC,,8555,speed,Final,Youth A Male,finished,2024-01-15 13:23:22 UTC,/api/v1/category_rounds/8555/results,speed_elimination_ifsc_2023,IFSC 2023+: Elimination,15,,,,,,,11480,B,/api/v1/routes/11480/startlist,
/api/v1/events/1349/result/202,1349,full_results_url,"IFSC Asia - Continental Youth Championships (B, S, L, B&L) - Chongqing (CHN) 2023",SPEED Youth B Male,finished,2025-10-02 07:18:40 UTC,2026-04-22 08:51:12 UTC,,8412,speed,Qualification,Youth B Male,finished,2023-10-21 03:55:44 UTC,/api/v1/category_rounds/8412/results,speed_staggered,IFSC: Qualification,13,,,,,,,10949,A,/api/v1/routes/10949/startlist,
/api/v1/events/1349/result/202,1349,full_results_url,"IFSC Asia - Continental Youth Championships (B, S, L, B&L) - Chongqing (CHN) 2023",SPEED Youth B Male,finished,2025-10-02 07:18:40 UTC,2026-04-22 08:51:12 UTC,,8412,speed,Qualification,Youth B Male,finished,2023-10-21 03:55:44 UTC,/api/v1/category_rounds/8412/results,speed_staggered,IFSC: Qualification,13,,,,,,,10950,B,/api/v1/routes/10950/startlist,
/api/v1/events/1349/result/202,1349,full_results_url,"IFSC Asia - Continental Youth Championships (B, S, L, B&L) - Chongqing (CHN) 2023",SPEED Youth B Male,finished,2025-10-02 07:18:40 UTC,2026-04-22 08:51:12 UTC,,8556,speed,Final,Youth B Male,finished,2024-01-15 13:23:23 UTC,/api/v1/category_rounds/8556/results,speed_elimination_ifsc_2023,IFSC 2023+: Elimination,15,,,,,,,11481,A,/api/v1/routes/11481/startlist,
/api/v1/events/1349/result/202,1349,full_results_url,"IFSC Asia - Continental Youth Championships (B, S, L, B&L) - Chongqing (CHN) 2023",SPEED Youth B Male,finished,2025-10-02 07:18:40 UTC,2026-04-22 08:51:12 UTC,,8556,speed,Final,Youth B Male,finished,2024-01-15 13:23:23 UTC,/api/v1/category_rounds/8556/results,speed_elimination_ifsc_2023,IFSC 2023+: Elimination,15,,,,,,,11482,B,/api/v1/routes/11482/startlist,
/api/v1/events/1349/result/210,1349,full_results_url,"IFSC Asia - Continental Youth Championships (B, S, L, B&L) - Chongqing (CHN) 2023",SPEED Juniors Female,finished,2025-10-02 07:18:40 UTC,2026-04-22 08:51:15 UTC,,8413,speed,Qualification,Juniors Female,finished,2023-10-21 04:28:20 UTC,/api/v1/category_rounds/8413/results,speed_staggered,IFSC: Qualification,13,,,,,,,10951,A,/api/v1/routes/10951/startlist,
/api/v1/events/1349/result/210,1349,full_results_url,"IFSC Asia - Continental Youth Championships (B, S, L, B&L) - Chongqing (CHN) 2023",SPEED Juniors Female,finished,2025-10-02 07:18:40 UTC,2026-04-22 08:51:15 UTC,,8413,speed,Qualification,Juniors Female,finished,2023-10-21 04:28:20 UTC,/api/v1/category_rounds/8413/results,speed_staggered,IFSC: Qualification,13,,,,,,,10952,B,/api/v1/routes/10952/startlist,
/api/v1/events/1349/result/210,1349,full_results_url,"IFSC Asia - Continental Youth Championships (B, S, L, B&L) - Chongqing (CHN) 2023",SPEED Juniors Female,finished,2025-10-02 07:18:40 UTC,2026-04-22 08:51:15 UTC,,8557,speed,Final,Juniors Female,finished,2024-01-15 13:23:23 UTC,/api/v1/category_rounds/8557/results,speed_elimination_ifsc_2023,IFSC 2023+: Elimination,15,,,,,,,11483,A,/api/v1/routes/11483/startlist,
/api/v1/events/1349/result/210,1349,full_results_url,"IFSC Asia - Continental Youth Championships (B, S, L, B&L) - Chongqing (CHN) 2023",SPEED Juniors Female,finished,2025-10-02 07:18:40 UTC,2026-04-22 08:51:15 UTC,,8557,speed,Final,Juniors Female,finished,2024-01-15 13:23:23 UTC,/api/v1/category_rounds/8557/results,speed_elimination_ifsc_2023,IFSC 2023+: Elimination,15,,,,,,,11484,B,/api/v1/routes/11484/startlist,
/api/v1/events/1349/result/214,1349,full_results_url,"IFSC Asia - Continental Youth Championships (B, S, L, B&L) - Chongqing (CHN) 2023",SPEED Youth A Female,finished,2025-10-02 07:18:40 UTC,2026-04-22 08:51:18 UTC,,8414,speed,Qualification,Youth A Female,finished,2023-10-21 04:09:43 UTC,/api/v1/category_rounds/8414/results,speed_staggered,IFSC: Qualification,13,,,,,,,10953,A,/api/v1/routes/10953/startlist,
/api/v1/events/1349/result/214,1349,full_results_url,"IFSC Asia - Continental Youth Championships (B, S, L, B&L) - Chongqing (CHN) 2023",SPEED Youth A Female,finished,2025-10-02 07:18:40 UTC,2026-04-22 08:51:18 UTC,,8414,speed,Qualification,Youth A Female,finished,2023-10-21 04:09:43 UTC,/api/v1/category_rounds/8414/results,speed_staggered,IFSC: Qualification,13,,,,,,,10954,B,/api/v1/routes/10954/startlist,
/api/v1/events/1349/result/214,1349,full_results_url,"IFSC Asia - Continental Youth Championships (B, S, L, B&L) - Chongqing (CHN) 2023",SPEED Youth A Female,finished,2025-10-02 07:18:40 UTC,2026-04-22 08:51:18 UTC,,8558,speed,Final,Youth A Female,finished,2024-01-15 13:23:23 UTC,/api/v1/category_rounds/8558/results,speed_elimination_ifsc_2023,IFSC 2023+: Elimination,15,,,,,,,11485,A,/api/v1/routes/11485/startlist,
/api/v1/events/1349/result/214,1349,full_results_url,"IFSC Asia - Continental Youth Championships (B, S, L, B&L) - Chongqing (CHN) 2023",SPEED Youth A Female,finished,2025-10-02 07:18:40 UTC,2026-04-22 08:51:18 UTC,,8558,speed,Final,Youth A Female,finished,2024-01-15 13:23:23 UTC,/api/v1/category_rounds/8558/results,speed_elimination_ifsc_2023,IFSC 2023+: Elimination,15,,,,,,,11486,B,/api/v1/routes/11486/startlist,
/api/v1/events/1349/result/218,1349,full_results_url,"IFSC Asia - Continental Youth Championships (B, S, L, B&L) - Chongqing (CHN) 2023",SPEED Youth B Female,finished,2025-10-02 07:18:40 UTC,2026-04-22 08:51:21 UTC,,8415,speed,Qualification,Youth B Female,finished,2023-10-21 03:46:00 UTC,/api/v1/category_rounds/8415/results,speed_staggered,IFSC: Qualification,13,,,,,,,10955,A,/api/v1/routes/10955/startlist,
/api/v1/events/1349/result/218,1349,full_results_url,"IFSC Asia - Continental Youth Championships (B, S, L, B&L) - Chongqing (CHN) 2023",SPEED Youth B Female,finished,2025-10-02 07:18:40 UTC,2026-04-22 08:51:21 UTC,,8415,speed,Qualification,Youth B Female,finished,2023-10-21 03:46:00 UTC,/api/v1/category_rounds/8415/results,speed_staggered,IFSC: Qualification,13,,,,,,,10956,B,/api/v1/routes/10956/startlist,
/api/v1/events/1349/result/218,1349,full_results_url,"IFSC Asia - Continental Youth Championships (B, S, L, B&L) - Chongqing (CHN) 2023",SPEED Youth B Female,finished,2025-10-02 07:18:40 UTC,2026-04-22 08:51:21 UTC,,8559,speed,Final,Youth B Female,finished,2024-01-15 13:23:24 UTC,/api/v1/category_rounds/8559/results,speed_elimination_ifsc_2023,IFSC 2023+: Elimination,15,,,,,,,11487,A,/api/v1/routes/11487/startlist,
/api/v1/events/1349/result/218,1349,full_results_url,"IFSC Asia - Continental Youth Championships (B, S, L, B&L) - Chongqing (CHN) 2023",SPEED Youth B Female,finished,2025-10-02 07:18:40 UTC,2026-04-22 08:51:21 UTC,,8559,speed,Final,Youth B Female,finished,2024-01-15 13:23:24 UTC,/api/v1/category_rounds/8559/results,speed_elimination_ifsc_2023,IFSC 2023+: Elimination,15,,,,,,,11488,B,/api/v1/routes/11488/startlist,
/api/v1/events/1349/result/195,1349,full_results_url,"IFSC Asia - Continental Youth Championships (B, S, L, B&L) - Chongqing (CHN) 2023",BOULDER Juniors Male,finished,2025-10-02 07:18:40 UTC,2026-04-22 08:51:24 UTC,,8416,boulder,Qualification,Juniors Male,finished,2023-10-18 06:04:30 UTC,/api/v1/category_rounds/8416/results,boulder_one_group_one_boulder_set,IFSC: 1 group,13,,,,,,,10957,1,/api/v1/routes/10957/startlist,
/api/v1/events/1349/result/195,1349,full_results_url,"IFSC Asia - Continental Youth Championships (B, S, L, B&L) - Chongqing (CHN) 2023",BOULDER Juniors Male,finished,2025-10-02 07:18:40 UTC,2026-04-22 08:51:24 UTC,,8416,boulder,Qualification,Juniors Male,finished,2023-10-18 06:04:30 UTC,/api/v1/category_rounds/8416/results,boulder_one_group_one_boulder_set,IFSC: 1 group,13,,,,,,,10958,2,/api/v1/routes/10958/startlist,
/api/v1/events/1349/result/195,1349,full_results_url,"IFSC Asia - Continental Youth Championships (B, S, L, B&L) - Chongqing (CHN) 2023",BOULDER Juniors Male,finished,2025-10-02 07:18:40 UTC,2026-04-22 08:51:24 UTC,,8416,boulder,Qualification,Juniors Male,finished,2023-10-18 06:04:30 UTC,/api/v1/category_rounds/8416/results,boulder_one_group_one_boulder_set,IFSC: 1 group,13,,,,,,,10959,3,/api/v1/routes/10959/startlist,
/api/v1/events/1349/result/195,1349,full_results_url,"IFSC Asia - Continental Youth Championships (B, S, L, B&L) - Chongqing (CHN) 2023",BOULDER Juniors Male,finished,2025-10-02 07:18:40 UTC,2026-04-22 08:51:24 UTC,,8416,boulder,Qualification,Juniors Male,finished,2023-10-18 06:04:30 UTC,/api/v1/category_rounds/8416/results,boulder_one_group_one_boulder_set,IFSC: 1 group,13,,,,,,,10960,4,/api/v1/routes/10960/startlist,
/api/v1/events/1349/result/195,1349,full_results_url,"IFSC Asia - Continental Youth Championships (B, S, L, B&L) - Chongqing (CHN) 2023",BOULDER Juniors Male,finished,2025-10-02 07:18:40 UTC,2026-04-22 08:51:24 UTC,,8416,boulder,Qualification,Juniors Male,finished,2023-10-18 06:04:30 UTC,/api/v1/category_rounds/8416/results,boulder_one_group_one_boulder_set,IFSC: 1 group,13,,,,,,,10961,5,/api/v1/routes/10961/startlist,
/api/v1/events/1349/result/195,1349,full_results_url,"IFSC Asia - Continental Youth Championships (B, S, L, B&L) - Chongqing (CHN) 2023",BOULDER Juniors Male,finished,2025-10-02 07:18:40 UTC,2026-04-22 08:51:24 UTC,,8548,boulder,Final,Juniors Male,finished,2023-10-20 10:13:07 UTC,/api/v1/category_rounds/8548/results,boulder_finals_one_by_one,IFSC: Finals,15,,,,,,,11453,1,/api/v1/routes/11453/startlist,
/api/v1/events/1349/result/195,1349,full_results_url,"IFSC Asia - Continental Youth Championships (B, S, L, B&L) - Chongqing (CHN) 2023",BOULDER Juniors Male,finished,2025-10-02 07:18:40 UTC,2026-04-22 08:51:24 UTC,,8548,boulder,Final,Juniors Male,finished,2023-10-20 10:13:07 UTC,/api/v1/category_rounds/8548/results,boulder_finals_one_by_one,IFSC: Finals,15,,,,,,,11454,2,/api/v1/routes/11454/startlist,
/api/v1/events/1349/result/195,1349,full_results_url,"IFSC Asia - Continental Youth Championships (B, S, L, B&L) - Chongqing (CHN) 2023",BOULDER Juniors Male,finished,2025-10-02 07:18:40 UTC,2026-04-22 08:51:24 UTC,,8548,boulder,Final,Juniors Male,finished,2023-10-20 10:13:07 UTC,/api/v1/category_rounds/8548/results,boulder_finals_one_by_one,IFSC: Finals,15,,,,,,,11455,3,/api/v1/routes/11455/startlist,
/api/v1/events/1349/result/195,1349,full_results_url,"IFSC Asia - Continental Youth Championships (B, S, L, B&L) - Chongqing (CHN) 2023",BOULDER Juniors Male,finished,2025-10-02 07:18:40 UTC,2026-04-22 08:51:24 UTC,,8548,boulder,Final,Juniors Male,finished,2023-10-20 10:13:07 UTC,/api/v1/category_rounds/8548/results,boulder_finals_one_by_one,IFSC: Finals,15,,,,,,,11456,4,/api/v1/routes/11456/startlist,
/api/v1/events/1349/result/199,1349,full_results_url,"IFSC Asia - Continental Youth Championships (B, S, L, B&L) - Chongqing (CHN) 2023",BOULDER Youth A Male,finished,2025-10-02 07:18:40 UTC,2026-04-22 08:51:28 UTC,,8417,boulder,Qualification,Youth A Male,finished,2023-10-18 04:24:13 UTC,/api/v1/category_rounds/8417/results,boulder_one_group_one_boulder_set,IFSC: 1 group,13,,,,,,,10962,1,/api/v1/routes/10962/startlist,
/api/v1/events/1349/result/199,1349,full_results_url,"IFSC Asia - Continental Youth Championships (B, S, L, B&L) - Chongqing (CHN) 2023",BOULDER Youth A Male,finished,2025-10-02 07:18:40 UTC,2026-04-22 08:51:28 UTC,,8417,boulder,Qualification,Youth A Male,finished,2023-10-18 04:24:13 UTC,/api/v1/category_rounds/8417/results,boulder_one_group_one_boulder_set,IFSC: 1 group,13,,,,,,,10963,2,/api/v1/routes/10963/startlist,
/api/v1/events/1349/result/199,1349,full_results_url,"IFSC Asia - Continental Youth Championships (B, S, L, B&L) - Chongqing (CHN) 2023",BOULDER Youth A Male,finished,2025-10-02 07:18:40 UTC,2026-04-22 08:51:28 UTC,,8417,boulder,Qualification,Youth A Male,finished,2023-10-18 04:24:13 UTC,/api/v1/category_rounds/8417/results,boulder_one_group_one_boulder_set,IFSC: 1 group,13,,,,,,,10964,3,/api/v1/routes/10964/startlist,
/api/v1/events/1349/result/199,1349,full_results_url,"IFSC Asia - Continental Youth Championships (B, S, L, B&L) - Chongqing (CHN) 2023",BOULDER Youth A Male,finished,2025-10-02 07:18:40 UTC,2026-04-22 08:51:28 UTC,,8417,boulder,Qualification,Youth A Male,finished,2023-10-18 04:24:13 UTC,/api/v1/category_rounds/8417/results,boulder_one_group_one_boulder_set,IFSC: 1 group,13,,,,,,,10965,4,/api/v1/routes/10965/startlist,
/api/v1/events/1349/result/199,1349,full_results_url,"IFSC Asia - Continental Youth Championships (B, S, L, B&L) - Chongqing (CHN) 2023",BOULDER Youth A Male,finished,2025-10-02 07:18:40 UTC,2026-04-22 08:51:28 UTC,,8417,boulder,Qualification,Youth A Male,finished,2023-10-18 04:24:13 UTC,/api/v1/category_rounds/8417/results,boulder_one_group_one_boulder_set,IFSC: 1 group,13,,,,,,,10966,5,/api/v1/routes/10966/startlist,
/api/v1/events/1349/result/199,1349,full_results_url,"IFSC Asia - Continental Youth Championships (B, S, L, B&L) - Chongqing (CHN) 2023",BOULDER Youth A Male,finished,2025-10-02 07:18:40 UTC,2026-04-22 08:51:28 UTC,,8549,boulder,Final,Youth A Male,finished,2023-10-20 08:04:09 UTC,/api/v1/category_rounds/8549/results,boulder_finals_one_by_one,IFSC: Finals,15,,,,,,,11457,1,/api/v1/routes/11457/startlist,
/api/v1/events/1349/result/199,1349,full_results_url,"IFSC Asia - Continental Youth Championships (B, S, L, B&L) - Chongqing (CHN) 2023",BOULDER Youth A Male,finished,2025-10-02 07:18:40 UTC,2026-04-22 08:51:28 UTC,,8549,boulder,Final,Youth A Male,finished,2023-10-20 08:04:09 UTC,/api/v1/category_rounds/8549/results,boulder_finals_one_by_one,IFSC: Finals,15,,,,,,,11458,2,/api/v1/routes/11458/startlist,
/api/v1/events/1349/result/199,1349,full_results_url,"IFSC Asia - Continental Youth Championships (B, S, L, B&L) - Chongqing (CHN) 2023",BOULDER Youth A Male,finished,2025-10-02 07:18:40 UTC,2026-04-22 08:51:28 UTC,,8549,boulder,Final,Youth A Male,finished,2023-10-20 08:04:09 UTC,/api/v1/category_rounds/8549/results,boulder_finals_one_by_one,IFSC: Finals,15,,,,,,,11459,3,/api/v1/routes/11459/startlist,
/api/v1/events/1349/result/199,1349,full_results_url,"IFSC Asia - Continental Youth Championships (B, S, L, B&L) - Chongqing (CHN) 2023",BOULDER Youth A Male,finished,2025-10-02 07:18:40 UTC,2026-04-22 08:51:28 UTC,,8549,boulder,Final,Youth A Male,finished,2023-10-20 08:04:09 UTC,/api/v1/category_rounds/8549/results,boulder_finals_one_by_one,IFSC: Finals,15,,,,,,,11460,4,/api/v1/routes/11460/startlist,
/api/v1/events/1349/result/203,1349,full_results_url,"IFSC Asia - Continental Youth Championships (B, S, L, B&L) - Chongqing (CHN) 2023",BOULDER Youth B Male,finished,2025-10-02 07:18:40 UTC,2026-04-22 08:51:31 UTC,,8418,boulder,Qualification,Youth B Male,finished,2023-10-19 04:20:02 UTC,/api/v1/category_rounds/8418/results,boulder_one_group_one_boulder_set,IFSC: 1 group,13,,,,,,,10967,1,/api/v1/routes/10967/startlist,
/api/v1/events/1349/result/203,1349,full_results_url,"IFSC Asia - Continental Youth Championships (B, S, L, B&L) - Chongqing (CHN) 2023",BOULDER Youth B Male,finished,2025-10-02 07:18:40 UTC,2026-04-22 08:51:31 UTC,,8418,boulder,Qualification,Youth B Male,finished,2023-10-19 04:20:02 UTC,/api/v1/category_rounds/8418/results,boulder_one_group_one_boulder_set,IFSC: 1 group,13,,,,,,,10968,2,/api/v1/routes/10968/startlist,
/api/v1/events/1349/result/203,1349,full_results_url,"IFSC Asia - Continental Youth Championships (B, S, L, B&L) - Chongqing (CHN) 2023",BOULDER Youth B Male,finished,2025-10-02 07:18:40 UTC,2026-04-22 08:51:31 UTC,,8418,boulder,Qualification,Youth B Male,finished,2023-10-19 04:20:02 UTC,/api/v1/category_rounds/8418/results,boulder_one_group_one_boulder_set,IFSC: 1 group,13,,,,,,,10969,3,/api/v1/routes/10969/startlist,
/api/v1/events/1349/result/203,1349,full_results_url,"IFSC Asia - Continental Youth Championships (B, S, L, B&L) - Chongqing (CHN) 2023",BOULDER Youth B Male,finished,2025-10-02 07:18:40 UTC,2026-04-22 08:51:31 UTC,,8418,boulder,Qualification,Youth B Male,finished,2023-10-19 04:20:02 UTC,/api/v1/category_rounds/8418/results,boulder_one_group_one_boulder_set,IFSC: 1 group,13,,,,,,,10970,4,/api/v1/routes/10970/startlist,
/api/v1/events/1349/result/203,1349,full_results_url,"IFSC Asia - Continental Youth Championships (B, S, L, B&L) - Chongqing (CHN) 2023",BOULDER Youth B Male,finished,2025-10-02 07:18:40 UTC,2026-04-22 08:51:31 UTC,,8418,boulder,Qualification,Youth B Male,finished,2023-10-19 04:20:02 UTC,/api/v1/category_rounds/8418/results,boulder_one_group_one_boulder_set,IFSC: 1 group,13,,,,,,,10971,5,/api/v1/routes/10971/startlist,
/api/v1/events/1349/result/203,1349,full_results_url,"IFSC Asia - Continental Youth Championships (B, S, L, B&L) - Chongqing (CHN) 2023",BOULDER Youth B Male,finished,2025-10-02 07:18:40 UTC,2026-04-22 08:51:31 UTC,,8550,boulder,Final,Youth B Male,finished,2023-10-19 12:25:20 UTC,/api/v1/category_rounds/8550/results,boulder_finals_one_by_one,IFSC: Finals,15,,,,,,,11461,1,/api/v1/routes/11461/startlist,
/api/v1/events/1349/result/203,1349,full_results_url,"IFSC Asia - Continental Youth Championships (B, S, L, B&L) - Chongqing (CHN) 2023",BOULDER Youth B Male,finished,2025-10-02 07:18:40 UTC,2026-04-22 08:51:31 UTC,,8550,boulder,Final,Youth B Male,finished,2023-10-19 12:25:20 UTC,/api/v1/category_rounds/8550/results,boulder_finals_one_by_one,IFSC: Finals,15,,,,,,,11462,2,/api/v1/routes/11462/startlist,
/api/v1/events/1349/result/203,1349,full_results_url,"IFSC Asia - Continental Youth Championships (B, S, L, B&L) - Chongqing (CHN) 2023",BOULDER Youth B Male,finished,2025-10-02 07:18:40 UTC,2026-04-22 08:51:31 UTC,,8550,boulder,Final,Youth B Male,finished,2023-10-19 12:25:20 UTC,/api/v1/category_rounds/8550/results,boulder_finals_one_by_one,IFSC: Finals,15,,,,,,,11463,3,/api/v1/routes/11463/startlist,
/api/v1/events/1349/result/203,1349,full_results_url,"IFSC Asia - Continental Youth Championships (B, S, L, B&L) - Chongqing (CHN) 2023",BOULDER Youth B Male,finished,2025-10-02 07:18:40 UTC,2026-04-22 08:51:31 UTC,,8550,boulder,Final,Youth B Male,finished,2023-10-19 12:25:20 UTC,/api/v1/category_rounds/8550/results,boulder_finals_one_by_one,IFSC: Finals,15,,,,,,,11464,4,/api/v1/routes/11464/startlist,
/api/v1/events/1349/result/211,1349,full_results_url,"IFSC Asia - Continental Youth Championships (B, S, L, B&L) - Chongqing (CHN) 2023",BOULDER Juniors Female,finished,2025-10-02 07:18:40 UTC,2026-04-22 08:51:35 UTC,,8419,boulder,Qualification,Juniors Female,finished,2023-10-18 05:15:40 UTC,/api/v1/category_rounds/8419/results,boulder_one_group_one_boulder_set,IFSC: 1 group,13,,,,,,,10972,1,/api/v1/routes/10972/startlist,
/api/v1/events/1349/result/211,1349,full_results_url,"IFSC Asia - Continental Youth Championships (B, S, L, B&L) - Chongqing (CHN) 2023",BOULDER Juniors Female,finished,2025-10-02 07:18:40 UTC,2026-04-22 08:51:35 UTC,,8419,boulder,Qualification,Juniors Female,finished,2023-10-18 05:15:40 UTC,/api/v1/category_rounds/8419/results,boulder_one_group_one_boulder_set,IFSC: 1 group,13,,,,,,,10973,2,/api/v1/routes/10973/startlist,
/api/v1/events/1349/result/211,1349,full_results_url,"IFSC Asia - Continental Youth Championships (B, S, L, B&L) - Chongqing (CHN) 2023",BOULDER Juniors Female,finished,2025-10-02 07:18:40 UTC,2026-04-22 08:51:35 UTC,,8419,boulder,Qualification,Juniors Female,finished,2023-10-18 05:15:40 UTC,/api/v1/category_rounds/8419/results,boulder_one_group_one_boulder_set,IFSC: 1 group,13,,,,,,,10974,3,/api/v1/routes/10974/startlist,
/api/v1/events/1349/result/211,1349,full_results_url,"IFSC Asia - Continental Youth Championships (B, S, L, B&L) - Chongqing (CHN) 2023",BOULDER Juniors Female,finished,2025-10-02 07:18:40 UTC,2026-04-22 08:51:35 UTC,,8419,boulder,Qualification,Juniors Female,finished,2023-10-18 05:15:40 UTC,/api/v1/category_rounds/8419/results,boulder_one_group_one_boulder_set,IFSC: 1 group,13,,,,,,,10975,4,/api/v1/routes/10975/startlist,
/api/v1/events/1349/result/211,1349,full_results_url,"IFSC Asia - Continental Youth Championships (B, S, L, B&L) - Chongqing (CHN) 2023",BOULDER Juniors Female,finished,2025-10-02 07:18:40 UTC,2026-04-22 08:51:35 UTC,,8419,boulder,Qualification,Juniors Female,finished,2023-10-18 05:15:40 UTC,/api/v1/category_rounds/8419/results,boulder_one_group_one_boulder_set,IFSC: 1 group,13,,,,,,,10976,5,/api/v1/routes/10976/startlist,
/api/v1/events/1349/result/211,1349,full_results_url,"IFSC Asia - Continental Youth Championships (B, S, L, B&L) - Chongqing (CHN) 2023",BOULDER Juniors Female,finished,2025-10-02 07:18:40 UTC,2026-04-22 08:51:35 UTC,,8551,boulder,Final,Juniors Female,finished,2023-10-20 10:09:42 UTC,/api/v1/category_rounds/8551/results,boulder_finals_one_by_one,IFSC: Finals,15,,,,,,,11465,1,/api/v1/routes/11465/startlist,
/api/v1/events/1349/result/211,1349,full_results_url,"IFSC Asia - Continental Youth Championships (B, S, L, B&L) - Chongqing (CHN) 2023",BOULDER Juniors Female,finished,2025-10-02 07:18:40 UTC,2026-04-22 08:51:35 UTC,,8551,boulder,Final,Juniors Female,finished,2023-10-20 10:09:42 UTC,/api/v1/category_rounds/8551/results,boulder_finals_one_by_one,IFSC: Finals,15,,,,,,,11466,2,/api/v1/routes/11466/startlist,
/api/v1/events/1349/result/211,1349,full_results_url,"IFSC Asia - Continental Youth Championships (B, S, L, B&L) - Chongqing (CHN) 2023",BOULDER Juniors Female,finished,2025-10-02 07:18:40 UTC,2026-04-22 08:51:35 UTC,,8551,boulder,Final,Juniors Female,finished,2023-10-20 10:09:42 UTC,/api/v1/category_rounds/8551/results,boulder_finals_one_by_one,IFSC: Finals,15,,,,,,,11467,3,/api/v1/routes/11467/startlist,
/api/v1/events/1349/result/211,1349,full_results_url,"IFSC Asia - Continental Youth Championships (B, S, L, B&L) - Chongqing (CHN) 2023",BOULDER Juniors Female,finished,2025-10-02 07:18:40 UTC,2026-04-22 08:51:35 UTC,,8551,boulder,Final,Juniors Female,finished,2023-10-20 10:09:42 UTC,/api/v1/category_rounds/8551/results,boulder_finals_one_by_one,IFSC: Finals,15,,,,,,,11468,4,/api/v1/routes/11468/startlist,
/api/v1/events/1349/result/215,1349,full_results_url,"IFSC Asia - Continental Youth Championships (B, S, L, B&L) - Chongqing (CHN) 2023",BOULDER Youth A Female,finished,2025-10-02 07:18:40 UTC,2026-04-22 08:51:38 UTC,,8420,boulder,Qualification,Youth A Female,finished,2023-10-18 04:23:13 UTC,/api/v1/category_rounds/8420/results,boulder_one_group_one_boulder_set,IFSC: 1 group,13,,,,,,,10977,1,/api/v1/routes/10977/startlist,
/api/v1/events/1349/result/215,1349,full_results_url,"IFSC Asia - Continental Youth Championships (B, S, L, B&L) - Chongqing (CHN) 2023",BOULDER Youth A Female,finished,2025-10-02 07:18:40 UTC,2026-04-22 08:51:38 UTC,,8420,boulder,Qualification,Youth A Female,finished,2023-10-18 04:23:13 UTC,/api/v1/category_rounds/8420/results,boulder_one_group_one_boulder_set,IFSC: 1 group,13,,,,,,,10978,2,/api/v1/routes/10978/startlist,
/api/v1/events/1349/result/215,1349,full_results_url,"IFSC Asia - Continental Youth Championships (B, S, L, B&L) - Chongqing (CHN) 2023",BOULDER Youth A Female,finished,2025-10-02 07:18:40 UTC,2026-04-22 08:51:38 UTC,,8420,boulder,Qualification,Youth A Female,finished,2023-10-18 04:23:13 UTC,/api/v1/category_rounds/8420/results,boulder_one_group_one_boulder_set,IFSC: 1 group,13,,,,,,,10979,3,/api/v1/routes/10979/startlist,
/api/v1/events/1349/result/215,1349,full_results_url,"IFSC Asia - Continental Youth Championships (B, S, L, B&L) - Chongqing (CHN) 2023",BOULDER Youth A Female,finished,2025-10-02 07:18:40 UTC,2026-04-22 08:51:38 UTC,,8420,boulder,Qualification,Youth A Female,finished,2023-10-18 04:23:13 UTC,/api/v1/category_rounds/8420/results,boulder_one_group_one_boulder_set,IFSC: 1 group,13,,,,,,,10980,4,/api/v1/routes/10980/startlist,
/api/v1/events/1349/result/215,1349,full_results_url,"IFSC Asia - Continental Youth Championships (B, S, L, B&L) - Chongqing (CHN) 2023",BOULDER Youth A Female,finished,2025-10-02 07:18:40 UTC,2026-04-22 08:51:38 UTC,,8420,boulder,Qualification,Youth A Female,finished,2023-10-18 04:23:13 UTC,/api/v1/category_rounds/8420/results,boulder_one_group_one_boulder_set,IFSC: 1 group,13,,,,,,,10981,5,/api/v1/routes/10981/startlist,
/api/v1/events/1349/result/215,1349,full_results_url,"IFSC Asia - Continental Youth Championships (B, S, L, B&L) - Chongqing (CHN) 2023",BOULDER Youth A Female,finished,2025-10-02 07:18:40 UTC,2026-04-22 08:51:38 UTC,,8552,boulder,Final,Youth A Female,finished,2023-10-20 08:07:10 UTC,/api/v1/category_rounds/8552/results,boulder_finals_one_by_one,IFSC: Finals,15,,,,,,,11469,1,/api/v1/routes/11469/startlist,
/api/v1/events/1349/result/215,1349,full_results_url,"IFSC Asia - Continental Youth Championships (B, S, L, B&L) - Chongqing (CHN) 2023",BOULDER Youth A Female,finished,2025-10-02 07:18:40 UTC,2026-04-22 08:51:38 UTC,,8552,boulder,Final,Youth A Female,finished,2023-10-20 08:07:10 UTC,/api/v1/category_rounds/8552/results,boulder_finals_one_by_one,IFSC: Finals,15,,,,,,,11470,2,/api/v1/routes/11470/startlist,
/api/v1/events/1349/result/215,1349,full_results_url,"IFSC Asia - Continental Youth Championships (B, S, L, B&L) - Chongqing (CHN) 2023",BOULDER Youth A Female,finished,2025-10-02 07:18:40 UTC,2026-04-22 08:51:38 UTC,,8552,boulder,Final,Youth A Female,finished,2023-10-20 08:07:10 UTC,/api/v1/category_rounds/8552/results,boulder_finals_one_by_one,IFSC: Finals,15,,,,,,,11471,3,/api/v1/routes/11471/startlist,
/api/v1/events/1349/result/215,1349,full_results_url,"IFSC Asia - Continental Youth Championships (B, S, L, B&L) - Chongqing (CHN) 2023",BOULDER Youth A Female,finished,2025-10-02 07:18:40 UTC,2026-04-22 08:51:38 UTC,,8552,boulder,Final,Youth A Female,finished,2023-10-20 08:07:10 UTC,/api/v1/category_rounds/8552/results,boulder_finals_one_by_one,IFSC: Finals,15,,,,,,,11472,4,/api/v1/routes/11472/startlist,
/api/v1/events/1349/result/219,1349,full_results_url,"IFSC Asia - Continental Youth Championships (B, S, L, B&L) - Chongqing (CHN) 2023",BOULDER Youth B Female,finished,2025-10-02 07:18:40 UTC,2026-04-22 08:51:41 UTC,,8421,boulder,Qualification,Youth B Female,finished,2023-10-19 04:23:23 UTC,/api/v1/category_rounds/8421/results,boulder_one_group_one_boulder_set,IFSC: 1 group,13,,,,,,,10982,1,/api/v1/routes/10982/startlist,
/api/v1/events/1349/result/219,1349,full_results_url,"IFSC Asia - Continental Youth Championships (B, S, L, B&L) - Chongqing (CHN) 2023",BOULDER Youth B Female,finished,2025-10-02 07:18:40 UTC,2026-04-22 08:51:41 UTC,,8421,boulder,Qualification,Youth B Female,finished,2023-10-19 04:23:23 UTC,/api/v1/category_rounds/8421/results,boulder_one_group_one_boulder_set,IFSC: 1 group,13,,,,,,,10983,2,/api/v1/routes/10983/startlist,
/api/v1/events/1349/result/219,1349,full_results_url,"IFSC Asia - Continental Youth Championships (B, S, L, B&L) - Chongqing (CHN) 2023",BOULDER Youth B Female,finished,2025-10-02 07:18:40 UTC,2026-04-22 08:51:41 UTC,,8421,boulder,Qualification,Youth B Female,finished,2023-10-19 04:23:23 UTC,/api/v1/category_rounds/8421/results,boulder_one_group_one_boulder_set,IFSC: 1 group,13,,,,,,,10984,3,/api/v1/routes/10984/startlist,
/api/v1/events/1349/result/219,1349,full_results_url,"IFSC Asia - Continental Youth Championships (B, S, L, B&L) - Chongqing (CHN) 2023",BOULDER Youth B Female,finished,2025-10-02 07:18:40 UTC,2026-04-22 08:51:41 UTC,,8421,boulder,Qualification,Youth B Female,finished,2023-10-19 04:23:23 UTC,/api/v1/category_rounds/8421/results,boulder_one_group_one_boulder_set,IFSC: 1 group,13,,,,,,,10985,4,/api/v1/routes/10985/startlist,
/api/v1/events/1349/result/219,1349,full_results_url,"IFSC Asia - Continental Youth Championships (B, S, L, B&L) - Chongqing (CHN) 2023",BOULDER Youth B Female,finished,2025-10-02 07:18:40 UTC,2026-04-22 08:51:41 UTC,,8421,boulder,Qualification,Youth B Female,finished,2023-10-19 04:23:23 UTC,/api/v1/category_rounds/8421/results,boulder_one_group_one_boulder_set,IFSC: 1 group,13,,,,,,,10986,5,/api/v1/routes/10986/startlist,
/api/v1/events/1349/result/219,1349,full_results_url,"IFSC Asia - Continental Youth Championships (B, S, L, B&L) - Chongqing (CHN) 2023",BOULDER Youth B Female,finished,2025-10-02 07:18:40 UTC,2026-04-22 08:51:41 UTC,,8553,boulder,Final,Youth B Female,finished,2023-10-19 12:29:00 UTC,/api/v1/category_rounds/8553/results,boulder_finals_one_by_one,IFSC: Finals,15,,,,,,,11473,1,/api/v1/routes/11473/startlist,
/api/v1/events/1349/result/219,1349,full_results_url,"IFSC Asia - Continental Youth Championships (B, S, L, B&L) - Chongqing (CHN) 2023",BOULDER Youth B Female,finished,2025-10-02 07:18:40 UTC,2026-04-22 08:51:41 UTC,,8553,boulder,Final,Youth B Female,finished,2023-10-19 12:29:00 UTC,/api/v1/category_rounds/8553/results,boulder_finals_one_by_one,IFSC: Finals,15,,,,,,,11474,2,/api/v1/routes/11474/startlist,
/api/v1/events/1349/result/219,1349,full_results_url,"IFSC Asia - Continental Youth Championships (B, S, L, B&L) - Chongqing (CHN) 2023",BOULDER Youth B Female,finished,2025-10-02 07:18:40 UTC,2026-04-22 08:51:41 UTC,,8553,boulder,Final,Youth B Female,finished,2023-10-19 12:29:00 UTC,/api/v1/category_rounds/8553/results,boulder_finals_one_by_one,IFSC: Finals,15,,,,,,,11475,3,/api/v1/routes/11475/startlist,
/api/v1/events/1349/result/219,1349,full_results_url,"IFSC Asia - Continental Youth Championships (B, S, L, B&L) - Chongqing (CHN) 2023",BOULDER Youth B Female,finished,2025-10-02 07:18:40 UTC,2026-04-22 08:51:41 UTC,,8553,boulder,Final,Youth B Female,finished,2023-10-19 12:29:00 UTC,/api/v1/category_rounds/8553/results,boulder_finals_one_by_one,IFSC: Finals,15,,,,,,,11476,4,/api/v1/routes/11476/startlist,
/api/v1/events/1349/result/663,1349,full_results_url,"IFSC Asia - Continental Youth Championships (B, S, L, B&L) - Chongqing (CHN) 2023",BOULDER&LEAD Juniors Male,finished,2025-10-02 07:18:41 UTC,2026-04-22 08:51:45 UTC,,8654,boulder&lead,Qualification,Juniors Male,finished,2023-10-21 02:19:56 UTC,/api/v1/category_rounds/8654/results,bl_qualification,IFSC: Qualification,13,799.0,,boulder,finished,2023-10-20 10:17:05 UTC,/api/v1/combined_stages/799/results,11787,1,/api/v1/routes/11787/startlist,
/api/v1/events/1349/result/663,1349,full_results_url,"IFSC Asia - Continental Youth Championships (B, S, L, B&L) - Chongqing (CHN) 2023",BOULDER&LEAD Juniors Male,finished,2025-10-02 07:18:41 UTC,2026-04-22 08:51:45 UTC,,8654,boulder&lead,Qualification,Juniors Male,finished,2023-10-21 02:19:56 UTC,/api/v1/category_rounds/8654/results,bl_qualification,IFSC: Qualification,13,799.0,,boulder,finished,2023-10-20 10:17:05 UTC,/api/v1/combined_stages/799/results,11788,2,/api/v1/routes/11788/startlist,
/api/v1/events/1349/result/663,1349,full_results_url,"IFSC Asia - Continental Youth Championships (B, S, L, B&L) - Chongqing (CHN) 2023",BOULDER&LEAD Juniors Male,finished,2025-10-02 07:18:41 UTC,2026-04-22 08:51:45 UTC,,8654,boulder&lead,Qualification,Juniors Male,finished,2023-10-21 02:19:56 UTC,/api/v1/category_rounds/8654/results,bl_qualification,IFSC: Qualification,13,799.0,,boulder,finished,2023-10-20 10:17:05 UTC,/api/v1/combined_stages/799/results,11789,3,/api/v1/routes/11789/startlist,
/api/v1/events/1349/result/663,1349,full_results_url,"IFSC Asia - Continental Youth Championships (B, S, L, B&L) - Chongqing (CHN) 2023",BOULDER&LEAD Juniors Male,finished,2025-10-02 07:18:41 UTC,2026-04-22 08:51:45 UTC,,8654,boulder&lead,Qualification,Juniors Male,finished,2023-10-21 02:19:56 UTC,/api/v1/category_rounds/8654/results,bl_qualification,IFSC: Qualification,13,799.0,,boulder,finished,2023-10-20 10:17:05 UTC,/api/v1/combined_stages/799/results,11790,4,/api/v1/routes/11790/startlist,
/api/v1/events/1349/result/663,1349,full_results_url,"IFSC Asia - Continental Youth Championships (B, S, L, B&L) - Chongqing (CHN) 2023",BOULDER&LEAD Juniors Male,finished,2025-10-02 07:18:41 UTC,2026-04-22 08:51:45 UTC,,8654,boulder&lead,Qualification,Juniors Male,finished,2023-10-21 02:19:56 UTC,/api/v1/category_rounds/8654/results,bl_qualification,IFSC: Qualification,13,800.0,,lead,finished,2023-10-20 10:17:05 UTC,/api/v1/combined_stages/800/results,11791,1,/api/v1/routes/11791/startlist,/api/v1/routes/11791/results
/api/v1/events/1349/result/663,1349,full_results_url,"IFSC Asia - Continental Youth Championships (B, S, L, B&L) - Chongqing (CHN) 2023",BOULDER&LEAD Juniors Male,finished,2025-10-02 07:18:41 UTC,2026-04-22 08:51:45 UTC,,8668,boulder&lead,Final,Juniors Male,finished,2023-10-22 06:10:53 UTC,/api/v1/category_rounds/8668/results,bl_final,IFSC: Finals,15,827.0,,boulder,finished,2023-10-22 04:45:42 UTC,/api/v1/combined_stages/827/results,11857,1,/api/v1/routes/11857/startlist,
/api/v1/events/1349/result/663,1349,full_results_url,"IFSC Asia - Continental Youth Championships (B, S, L, B&L) - Chongqing (CHN) 2023",BOULDER&LEAD Juniors Male,finished,2025-10-02 07:18:41 UTC,2026-04-22 08:51:45 UTC,,8668,boulder&lead,Final,Juniors Male,finished,2023-10-22 06:10:53 UTC,/api/v1/category_rounds/8668/results,bl_final,IFSC: Finals,15,827.0,,boulder,finished,2023-10-22 04:45:42 UTC,/api/v1/combined_stages/827/results,11858,2,/api/v1/routes/11858/startlist,
/api/v1/events/1349/result/663,1349,full_results_url,"IFSC Asia - Continental Youth Championships (B, S, L, B&L) - Chongqing (CHN) 2023",BOULDER&LEAD Juniors Male,finished,2025-10-02 07:18:41 UTC,2026-04-22 08:51:45 UTC,,8668,boulder&lead,Final,Juniors Male,finished,2023-10-22 06:10:53 UTC,/api/v1/category_rounds/8668/results,bl_final,IFSC: Finals,15,827.0,,boulder,finished,2023-10-22 04:45:42 UTC,/api/v1/combined_stages/827/results,11859,3,/api/v1/routes/11859/startlist,
/api/v1/events/1349/result/663,1349,full_results_url,"IFSC Asia - Continental Youth Championships (B, S, L, B&L) - Chongqing (CHN) 2023",BOULDER&LEAD Juniors Male,finished,2025-10-02 07:18:41 UTC,2026-04-22 08:51:45 UTC,,8668,boulder&lead,Final,Juniors Male,finished,2023-10-22 06:10:53 UTC,/api/v1/category_rounds/8668/results,bl_final,IFSC: Finals,15,827.0,,boulder,finished,2023-10-22 04:45:42 UTC,/api/v1/combined_stages/827/results,11860,4,/api/v1/routes/11860/startlist,
/api/v1/events/1349/result/663,1349,full_results_url,"IFSC Asia - Continental Youth Championships (B, S, L, B&L) - Chongqing (CHN) 2023",BOULDER&LEAD Juniors Male,finished,2025-10-02 07:18:41 UTC,2026-04-22 08:51:45 UTC,,8668,boulder&lead,Final,Juniors Male,finished,2023-10-22 06:10:53 UTC,/api/v1/category_rounds/8668/results,bl_final,IFSC: Finals,15,828.0,,lead,finished,2023-10-22 05:40:34 UTC,/api/v1/combined_stages/828/results,11861,1,/api/v1/routes/11861/startlist,/api/v1/routes/11861/results
/api/v1/events/1349/result/664,1349,full_results_url,"IFSC Asia - Continental Youth Championships (B, S, L, B&L) - Chongqing (CHN) 2023",BOULDER&LEAD Youth A Male,finished,2025-10-02 07:18:41 UTC,2026-04-22 08:51:48 UTC,,8655,boulder&lead,Qualification,Youth A Male,finished,2023-10-20 08:37:34 UTC,/api/v1/category_rounds/8655/results,bl_qualification,IFSC: Qualification,13,801.0,,boulder,finished,2023-10-20 08:22:39 UTC,/api/v1/combined_stages/801/results,11792,1,/api/v1/routes/11792/startlist,
/api/v1/events/1349/result/664,1349,full_results_url,"IFSC Asia - Continental Youth Championships (B, S, L, B&L) - Chongqing (CHN) 2023",BOULDER&LEAD Youth A Male,finished,2025-10-02 07:18:41 UTC,2026-04-22 08:51:48 UTC,,8655,boulder&lead,Qualification,Youth A Male,finished,2023-10-20 08:37:34 UTC,/api/v1/category_rounds/8655/results,bl_qualification,IFSC: Qualification,13,801.0,,boulder,finished,2023-10-20 08:22:39 UTC,/api/v1/combined_stages/801/results,11793,2,/api/v1/routes/11793/startlist,
/api/v1/events/1349/result/664,1349,full_results_url,"IFSC Asia - Continental Youth Championships (B, S, L, B&L) - Chongqing (CHN) 2023",BOULDER&LEAD Youth A Male,finished,2025-10-02 07:18:41 UTC,2026-04-22 08:51:48 UTC,,8655,boulder&lead,Qualification,Youth A Male,finished,2023-10-20 08:37:34 UTC,/api/v1/category_rounds/8655/results,bl_qualification,IFSC: Qualification,13,801.0,,boulder,finished,2023-10-20 08:22:39 UTC,/api/v1/combined_stages/801/results,11794,3,/api/v1/routes/11794/startlist,
/api/v1/events/1349/result/664,1349,full_results_url,"IFSC Asia - Continental Youth Championships (B, S, L, B&L) - Chongqing (CHN) 2023",BOULDER&LEAD Youth A Male,finished,2025-10-02 07:18:41 UTC,2026-04-22 08:51:48 UTC,,8655,boulder&lead,Qualification,Youth A Male,finished,2023-10-20 08:37:34 UTC,/api/v1/category_rounds/8655/results,bl_qualification,IFSC: Qualification,13,801.0,,boulder,finished,2023-10-20 08:22:39 UTC,/api/v1/combined_stages/801/results,11795,4,/api/v1/routes/11795/startlist,
/api/v1/events/1349/result/664,1349,full_results_url,"IFSC Asia - Continental Youth Championships (B, S, L, B&L) - Chongqing (CHN) 2023",BOULDER&LEAD Youth A Male,finished,2025-10-02 07:18:41 UTC,2026-04-22 08:51:48 UTC,,8655,boulder&lead,Qualification,Youth A Male,finished,2023-10-20 08:37:34 UTC,/api/v1/category_rounds/8655/results,bl_qualification,IFSC: Qualification,13,802.0,,lead,finished,2023-10-20 08:22:39 UTC,/api/v1/combined_stages/802/results,11796,1,/api/v1/routes/11796/startlist,/api/v1/routes/11796/results
/api/v1/events/1349/result/664,1349,full_results_url,"IFSC Asia - Continental Youth Championships (B, S, L, B&L) - Chongqing (CHN) 2023",BOULDER&LEAD Youth A Male,finished,2025-10-02 07:18:41 UTC,2026-04-22 08:51:48 UTC,,8669,boulder&lead,Final,Youth A Male,finished,2023-10-22 08:32:30 UTC,/api/v1/category_rounds/8669/results,bl_final,IFSC: Finals,15,829.0,,boulder,finished,2023-10-22 07:23:23 UTC,/api/v1/combined_stages/829/results,11862,1,/api/v1/routes/11862/startlist,
/api/v1/events/1349/result/664,1349,full_results_url,"IFSC Asia - Continental Youth Championships (B, S, L, B&L) - Chongqing (CHN) 2023",BOULDER&LEAD Youth A Male,finished,2025-10-02 07:18:41 UTC,2026-04-22 08:51:48 UTC,,8669,boulder&lead,Final,Youth A Male,finished,2023-10-22 08:32:30 UTC,/api/v1/category_rounds/8669/results,bl_final,IFSC: Finals,15,829.0,,boulder,finished,2023-10-22 07:23:23 UTC,/api/v1/combined_stages/829/results,11863,2,/api/v1/routes/11863/startlist,
/api/v1/events/1349/result/664,1349,full_results_url,"IFSC Asia - Continental Youth Championships (B, S, L, B&L) - Chongqing (CHN) 2023",BOULDER&LEAD Youth A Male,finished,2025-10-02 07:18:41 UTC,2026-04-22 08:51:48 UTC,,8669,boulder&lead,Final,Youth A Male,finished,2023-10-22 08:32:30 UTC,/api/v1/category_rounds/8669/results,bl_final,IFSC: Finals,15,829.0,,boulder,finished,2023-10-22 07:23:23 UTC,/api/v1/combined_stages/829/results,11864,3,/api/v1/routes/11864/startlist,
/api/v1/events/1349/result/664,1349,full_results_url,"IFSC Asia - Continental Youth Championships (B, S, L, B&L) - Chongqing (CHN) 2023",BOULDER&LEAD Youth A Male,finished,2025-10-02 07:18:41 UTC,2026-04-22 08:51:48 UTC,,8669,boulder&lead,Final,Youth A Male,finished,2023-10-22 08:32:30 UTC,/api/v1/category_rounds/8669/results,bl_final,IFSC: Finals,15,829.0,,boulder,finished,2023-10-22 07:23:23 UTC,/api/v1/combined_stages/829/results,11865,4,/api/v1/routes/11865/startlist,
/api/v1/events/1349/result/664,1349,full_results_url,"IFSC Asia - Continental Youth Championships (B, S, L, B&L) - Chongqing (CHN) 2023",BOULDER&LEAD Youth A Male,finished,2025-10-02 07:18:41 UTC,2026-04-22 08:51:48 UTC,,8669,boulder&lead,Final,Youth A Male,finished,2023-10-22 08:32:30 UTC,/api/v1/category_rounds/8669/results,bl_final,IFSC: Finals,15,830.0,,lead,finished,2023-10-22 08:27:01 UTC,/api/v1/combined_stages/830/results,11866,1,/api/v1/routes/11866/startlist,/api/v1/routes/11866/results
/api/v1/events/1349/result/666,1349,full_results_url,"IFSC Asia - Continental Youth Championships (B, S, L, B&L) - Chongqing (CHN) 2023",BOULDER&LEAD Juniors Female,finished,2025-10-02 07:18:41 UTC,2026-04-22 08:51:51 UTC,,8657,boulder&lead,Qualification,Juniors Female,finished,2023-10-21 02:18:42 UTC,/api/v1/category_rounds/8657/results,bl_qualification,IFSC: Qualification,13,805.0,,boulder,finished,2023-10-20 10:17:31 UTC,/api/v1/combined_stages/805/results,11802,1,/api/v1/routes/11802/startlist,
/api/v1/events/1349/result/666,1349,full_results_url,"IFSC Asia - Continental Youth Championships (B, S, L, B&L) - Chongqing (CHN) 2023",BOULDER&LEAD Juniors Female,finished,2025-10-02 07:18:41 UTC,2026-04-22 08:51:51 UTC,,8657,boulder&lead,Qualification,Juniors Female,finished,2023-10-21 02:18:42 UTC,/api/v1/category_rounds/8657/results,bl_qualification,IFSC: Qualification,13,805.0,,boulder,finished,2023-10-20 10:17:31 UTC,/api/v1/combined_stages/805/results,11803,2,/api/v1/routes/11803/startlist,
/api/v1/events/1349/result/666,1349,full_results_url,"IFSC Asia - Continental Youth Championships (B, S, L, B&L) - Chongqing (CHN) 2023",BOULDER&LEAD Juniors Female,finished,2025-10-02 07:18:41 UTC,2026-04-22 08:51:51 UTC,,8657,boulder&lead,Qualification,Juniors Female,finished,2023-10-21 02:18:42 UTC,/api/v1/category_rounds/8657/results,bl_qualification,IFSC: Qualification,13,805.0,,boulder,finished,2023-10-20 10:17:31 UTC,/api/v1/combined_stages/805/results,11804,3,/api/v1/routes/11804/startlist,
/api/v1/events/1349/result/666,1349,full_results_url,"IFSC Asia - Continental Youth Championships (B, S, L, B&L) - Chongqing (CHN) 2023",BOULDER&LEAD Juniors Female,finished,2025-10-02 07:18:41 UTC,2026-04-22 08:51:51 UTC,,8657,boulder&lead,Qualification,Juniors Female,finished,2023-10-21 02:18:42 UTC,/api/v1/category_rounds/8657/results,bl_qualification,IFSC: Qualification,13,805.0,,boulder,finished,2023-10-20 10:17:31 UTC,/api/v1/combined_stages/805/results,11805,4,/api/v1/routes/11805/startlist,
/api/v1/events/1349/result/666,1349,full_results_url,"IFSC Asia - Continental Youth Championships (B, S, L, B&L) - Chongqing (CHN) 2023",BOULDER&LEAD Juniors Female,finished,2025-10-02 07:18:41 UTC,2026-04-22 08:51:51 UTC,,8657,boulder&lead,Qualification,Juniors Female,finished,2023-10-21 02:18:42 UTC,/api/v1/category_rounds/8657/results,bl_qualification,IFSC: Qualification,13,806.0,,lead,finished,2023-10-20 10:17:31 UTC,/api/v1/combined_stages/806/results,11806,1,/api/v1/routes/11806/startlist,/api/v1/routes/11806/results
/api/v1/events/1349/result/666,1349,full_results_url,"IFSC Asia - Continental Youth Championships (B, S, L, B&L) - Chongqing (CHN) 2023",BOULDER&LEAD Juniors Female,finished,2025-10-02 07:18:41 UTC,2026-04-22 08:51:51 UTC,,8670,boulder&lead,Final,Juniors Female,finished,2023-10-22 06:15:38 UTC,/api/v1/category_rounds/8670/results,bl_final,IFSC: Finals,15,831.0,,boulder,finished,2023-10-22 04:35:18 UTC,/api/v1/combined_stages/831/results,11867,1,/api/v1/routes/11867/startlist,
/api/v1/events/1349/result/666,1349,full_results_url,"IFSC Asia - Continental Youth Championships (B, S, L, B&L) - Chongqing (CHN) 2023",BOULDER&LEAD Juniors Female,finished,2025-10-02 07:18:41 UTC,2026-04-22 08:51:51 UTC,,8670,boulder&lead,Final,Juniors Female,finished,2023-10-22 06:15:38 UTC,/api/v1/category_rounds/8670/results,bl_final,IFSC: Finals,15,831.0,,boulder,finished,2023-10-22 04:35:18 UTC,/api/v1/combined_stages/831/results,11868,2,/api/v1/routes/11868/startlist,
/api/v1/events/1349/result/666,1349,full_results_url,"IFSC Asia - Continental Youth Championships (B, S, L, B&L) - Chongqing (CHN) 2023",BOULDER&LEAD Juniors Female,finished,2025-10-02 07:18:41 UTC,2026-04-22 08:51:51 UTC,,8670,boulder&lead,Final,Juniors Female,finished,2023-10-22 06:15:38 UTC,/api/v1/category_rounds/8670/results,bl_final,IFSC: Finals,15,831.0,,boulder,finished,2023-10-22 04:35:18 UTC,/api/v1/combined_stages/831/results,11869,3,/api/v1/routes/11869/startlist,
/api/v1/events/1349/result/666,1349,full_results_url,"IFSC Asia - Continental Youth Championships (B, S, L, B&L) - Chongqing (CHN) 2023",BOULDER&LEAD Juniors Female,finished,2025-10-02 07:18:41 UTC,2026-04-22 08:51:51 UTC,,8670,boulder&lead,Final,Juniors Female,finished,2023-10-22 06:15:38 UTC,/api/v1/category_rounds/8670/results,bl_final,IFSC: Finals,15,831.0,,boulder,finished,2023-10-22 04:35:18 UTC,/api/v1/combined_stages/831/results,11870,4,/api/v1/routes/11870/startlist,
/api/v1/events/1349/result/666,1349,full_results_url,"IFSC Asia - Continental Youth Championships (B, S, L, B&L) - Chongqing (CHN) 2023",BOULDER&LEAD Juniors Female,finished,2025-10-02 07:18:41 UTC,2026-04-22 08:51:51 UTC,,8670,boulder&lead,Final,Juniors Female,finished,2023-10-22 06:15:38 UTC,/api/v1/category_rounds/8670/results,bl_final,IFSC: Finals,15,832.0,,lead,finished,2023-10-22 06:15:32 UTC,/api/v1/combined_stages/832/results,11871,1,/api/v1/routes/11871/startlist,/api/v1/routes/11871/results
/api/v1/events/1349/result/667,1349,full_results_url,"IFSC Asia - Continental Youth Championships (B, S, L, B&L) - Chongqing (CHN) 2023",BOULDER&LEAD Youth A Female,finished,2025-10-02 07:18:41 UTC,2026-04-22 08:51:55 UTC,,8658,boulder&lead,Qualification,Youth A Female,finished,2023-10-20 08:41:05 UTC,/api/v1/category_rounds/8658/results,bl_qualification,IFSC: Qualification,13,807.0,,boulder,finished,2023-10-20 08:22:40 UTC,/api/v1/combined_stages/807/results,11807,1,/api/v1/routes/11807/startlist,
/api/v1/events/1349/result/667,1349,full_results_url,"IFSC Asia - Continental Youth Championships (B, S, L, B&L) - Chongqing (CHN) 2023",BOULDER&LEAD Youth A Female,finished,2025-10-02 07:18:41 UTC,2026-04-22 08:51:55 UTC,,8658,boulder&lead,Qualification,Youth A Female,finished,2023-10-20 08:41:05 UTC,/api/v1/category_rounds/8658/results,bl_qualification,IFSC: Qualification,13,807.0,,boulder,finished,2023-10-20 08:22:40 UTC,/api/v1/combined_stages/807/results,11808,2,/api/v1/routes/11808/startlist,
/api/v1/events/1349/result/667,1349,full_results_url,"IFSC Asia - Continental Youth Championships (B, S, L, B&L) - Chongqing (CHN) 2023",BOULDER&LEAD Youth A Female,finished,2025-10-02 07:18:41 UTC,2026-04-22 08:51:55 UTC,,8658,boulder&lead,Qualification,Youth A Female,finished,2023-10-20 08:41:05 UTC,/api/v1/category_rounds/8658/results,bl_qualification,IFSC: Qualification,13,807.0,,boulder,finished,2023-10-20 08:22:40 UTC,/api/v1/combined_stages/807/results,11809,3,/api/v1/routes/11809/startlist,
/api/v1/events/1349/result/667,1349,full_results_url,"IFSC Asia - Continental Youth Championships (B, S, L, B&L) - Chongqing (CHN) 2023",BOULDER&LEAD Youth A Female,finished,2025-10-02 07:18:41 UTC,2026-04-22 08:51:55 UTC,,8658,boulder&lead,Qualification,Youth A Female,finished,2023-10-20 08:41:05 UTC,/api/v1/category_rounds/8658/results,bl_qualification,IFSC: Qualification,13,807.0,,boulder,finished,2023-10-20 08:22:40 UTC,/api/v1/combined_stages/807/results,11810,4,/api/v1/routes/11810/startlist,
/api/v1/events/1349/result/667,1349,full_results_url,"IFSC Asia - Continental Youth Championships (B, S, L, B&L) - Chongqing (CHN) 2023",BOULDER&LEAD Youth A Female,finished,2025-10-02 07:18:41 UTC,2026-04-22 08:51:55 UTC,,8658,boulder&lead,Qualification,Youth A Female,finished,2023-10-20 08:41:05 UTC,/api/v1/category_rounds/8658/results,bl_qualification,IFSC: Qualification,13,808.0,,lead,finished,2023-10-20 08:22:40 UTC,/api/v1/combined_stages/808/results,11811,1,/api/v1/routes/11811/startlist,/api/v1/routes/11811/results
/api/v1/events/1349/result/667,1349,full_results_url,"IFSC Asia - Continental Youth Championships (B, S, L, B&L) - Chongqing (CHN) 2023",BOULDER&LEAD Youth A Female,finished,2025-10-02 07:18:41 UTC,2026-04-22 08:51:55 UTC,,8671,boulder&lead,Final,Youth A Female,finished,2023-10-22 08:30:15 UTC,/api/v1/category_rounds/8671/results,bl_final,IFSC: Finals,15,833.0,,boulder,finished,2023-10-22 07:22:27 UTC,/api/v1/combined_stages/833/results,11872,1,/api/v1/routes/11872/startlist,
/api/v1/events/1349/result/667,1349,full_results_url,"IFSC Asia - Continental Youth Championships (B, S, L, B&L) - Chongqing (CHN) 2023",BOULDER&LEAD Youth A Female,finished,2025-10-02 07:18:41 UTC,2026-04-22 08:51:55 UTC,,8671,boulder&lead,Final,Youth A Female,finished,2023-10-22 08:30:15 UTC,/api/v1/category_rounds/8671/results,bl_final,IFSC: Finals,15,833.0,,boulder,finished,2023-10-22 07:22:27 UTC,/api/v1/combined_stages/833/results,11873,2,/api/v1/routes/11873/startlist,
/api/v1/events/1349/result/667,1349,full_results_url,"IFSC Asia - Continental Youth Championships (B, S, L, B&L) - Chongqing (CHN) 2023",BOULDER&LEAD Youth A Female,finished,2025-10-02 07:18:41 UTC,2026-04-22 08:51:55 UTC,,8671,boulder&lead,Final,Youth A Female,finished,2023-10-22 08:30:15 UTC,/api/v1/category_rounds/8671/results,bl_final,IFSC: Finals,15,833.0,,boulder,finished,2023-10-22 07:22:27 UTC,/api/v1/combined_stages/833/results,11874,3,/api/v1/routes/11874/startlist,
/api/v1/events/1349/result/667,1349,full_results_url,"IFSC Asia - Continental Youth Championships (B, S, L, B&L) - Chongqing (CHN) 2023",BOULDER&LEAD Youth A Female,finished,2025-10-02 07:18:41 UTC,2026-04-22 08:51:55 UTC,,8671,boulder&lead,Final,Youth A Female,finished,2023-10-22 08:30:15 UTC,/api/v1/category_rounds/8671/results,bl_final,IFSC: Finals,15,833.0,,boulder,finished,2023-10-22 07:22:27 UTC,/api/v1/combined_stages/833/results,11875,4,/api/v1/routes/11875/startlist,
/api/v1/events/1349/result/667,1349,full_results_url,"IFSC Asia - Continental Youth Championships (B, S, L, B&L) - Chongqing (CHN) 2023",BOULDER&LEAD Youth A Female,finished,2025-10-02 07:18:41 UTC,2026-04-22 08:51:55 UTC,,8671,boulder&lead,Final,Youth A Female,finished,2023-10-22 08:30:15 UTC,/api/v1/category_rounds/8671/results,bl_final,IFSC: Finals,15,834.0,,lead,finished,2023-10-22 08:28:13 UTC,/api/v1/combined_stages/834/results,11876,1,/api/v1/routes/11876/startlist,/api/v1/routes/11876/results
/api/v1/events/1307/result/314,1307,full_results_url,Pan American Games Santiago 2023,SPEED Men,finished,2025-10-02 07:18:38 UTC,2026-04-22 08:51:58 UTC,,7759,speed,Qualification,Men,finished,2023-10-23 15:19:14 UTC,/api/v1/category_rounds/7759/results,speed_staggered,IFSC: Qualification,31,,,,,,,8830,A,/api/v1/routes/8830/startlist,
/api/v1/events/1307/result/314,1307,full_results_url,Pan American Games Santiago 2023,SPEED Men,finished,2025-10-02 07:18:38 UTC,2026-04-22 08:51:58 UTC,,7759,speed,Qualification,Men,finished,2023-10-23 15:19:14 UTC,/api/v1/category_rounds/7759/results,speed_staggered,IFSC: Qualification,31,,,,,,,8831,B,/api/v1/routes/8831/startlist,
/api/v1/events/1307/result/314,1307,full_results_url,Pan American Games Santiago 2023,SPEED Men,finished,2025-10-02 07:18:38 UTC,2026-04-22 08:51:58 UTC,,8562,speed,Final,Men,finished,2024-01-15 15:20:20 UTC,/api/v1/category_rounds/8562/results,speed_elimination_ifsc_2023,IFSC 2023+: Elimination,33,,,,,,,11499,A,/api/v1/routes/11499/startlist,
/api/v1/events/1307/result/314,1307,full_results_url,Pan American Games Santiago 2023,SPEED Men,finished,2025-10-02 07:18:38 UTC,2026-04-22 08:51:58 UTC,,8562,speed,Final,Men,finished,2024-01-15 15:20:20 UTC,/api/v1/category_rounds/8562/results,speed_elimination_ifsc_2023,IFSC 2023+: Elimination,33,,,,,,,11500,B,/api/v1/routes/11500/startlist,
/api/v1/events/1307/result/334,1307,full_results_url,Pan American Games Santiago 2023,SPEED Women,finished,2025-10-02 07:18:38 UTC,2026-04-22 08:52:02 UTC,,7764,speed,Qualification,Women,finished,2023-10-22 11:40:24 UTC,/api/v1/category_rounds/7764/results,speed_staggered,IFSC: Qualification,31,,,,,,,8840,A,/api/v1/routes/8840/startlist,
/api/v1/events/1307/result/334,1307,full_results_url,Pan American Games Santiago 2023,SPEED Women,finished,2025-10-02 07:18:38 UTC,2026-04-22 08:52:02 UTC,,7764,speed,Qualification,Women,finished,2023-10-22 11:40:24 UTC,/api/v1/category_rounds/7764/results,speed_staggered,IFSC: Qualification,31,,,,,,,8841,B,/api/v1/routes/8841/startlist,
/api/v1/events/1307/result/334,1307,full_results_url,Pan American Games Santiago 2023,SPEED Women,finished,2025-10-02 07:18:38 UTC,2026-04-22 08:52:02 UTC,,8563,speed,Final,Women,finished,2024-01-15 15:20:21 UTC,/api/v1/category_rounds/8563/results,speed_elimination_ifsc_2023,IFSC 2023+: Elimination,33,,,,,,,11501,A,/api/v1/routes/11501/startlist,
/api/v1/events/1307/result/334,1307,full_results_url,Pan American Games Santiago 2023,SPEED Women,finished,2025-10-02 07:18:38 UTC,2026-04-22 08:52:02 UTC,,8563,speed,Final,Women,finished,2024-01-15 15:20:21 UTC,/api/v1/category_rounds/8563/results,speed_elimination_ifsc_2023,IFSC 2023+: Elimination,33,,,,,,,11502,B,/api/v1/routes/11502/startlist,
/api/v1/events/1307/result/677,1307,full_results_url,Pan American Games Santiago 2023,BOULDER&LEAD Men,finished,2025-10-02 07:18:38 UTC,2026-04-22 08:52:05 UTC,,8572,boulder&lead,Semi-Final,Men,finished,2023-10-23 00:02:53 UTC,/api/v1/category_rounds/8572/results,bl_qualification,IFSC: Qualification,32,795.0,,boulder,finished,2023-10-22 12:10:21 UTC,/api/v1/combined_stages/795/results,11531,1,/api/v1/routes/11531/startlist,
/api/v1/events/1307/result/677,1307,full_results_url,Pan American Games Santiago 2023,BOULDER&LEAD Men,finished,2025-10-02 07:18:38 UTC,2026-04-22 08:52:05 UTC,,8572,boulder&lead,Semi-Final,Men,finished,2023-10-23 00:02:53 UTC,/api/v1/category_rounds/8572/results,bl_qualification,IFSC: Qualification,32,795.0,,boulder,finished,2023-10-22 12:10:21 UTC,/api/v1/combined_stages/795/results,11532,2,/api/v1/routes/11532/startlist,
/api/v1/events/1307/result/677,1307,full_results_url,Pan American Games Santiago 2023,BOULDER&LEAD Men,finished,2025-10-02 07:18:38 UTC,2026-04-22 08:52:05 UTC,,8572,boulder&lead,Semi-Final,Men,finished,2023-10-23 00:02:53 UTC,/api/v1/category_rounds/8572/results,bl_qualification,IFSC: Qualification,32,795.0,,boulder,finished,2023-10-22 12:10:21 UTC,/api/v1/combined_stages/795/results,11533,3,/api/v1/routes/11533/startlist,
/api/v1/events/1307/result/677,1307,full_results_url,Pan American Games Santiago 2023,BOULDER&LEAD Men,finished,2025-10-02 07:18:38 UTC,2026-04-22 08:52:05 UTC,,8572,boulder&lead,Semi-Final,Men,finished,2023-10-23 00:02:53 UTC,/api/v1/category_rounds/8572/results,bl_qualification,IFSC: Qualification,32,795.0,,boulder,finished,2023-10-22 12:10:21 UTC,/api/v1/combined_stages/795/results,11534,4,/api/v1/routes/11534/startlist,
/api/v1/events/1307/result/677,1307,full_results_url,Pan American Games Santiago 2023,BOULDER&LEAD Men,finished,2025-10-02 07:18:38 UTC,2026-04-22 08:52:05 UTC,,8572,boulder&lead,Semi-Final,Men,finished,2023-10-23 00:02:53 UTC,/api/v1/category_rounds/8572/results,bl_qualification,IFSC: Qualification,32,796.0,,lead,finished,2023-10-23 00:02:46 UTC,/api/v1/combined_stages/796/results,11535,1,/api/v1/routes/11535/startlist,/api/v1/routes/11535/results
/api/v1/events/1307/result/677,1307,full_results_url,Pan American Games Santiago 2023,BOULDER&LEAD Men,finished,2025-10-02 07:18:38 UTC,2026-04-22 08:52:05 UTC,,8560,boulder&lead,Final,Men,finished,2023-10-24 19:35:18 UTC,/api/v1/category_rounds/8560/results,bl_final,IFSC: Finals,33,783.0,,boulder,finished,2023-10-24 19:33:30 UTC,/api/v1/combined_stages/783/results,11489,1,/api/v1/routes/11489/startlist,
/api/v1/events/1307/result/677,1307,full_results_url,Pan American Games Santiago 2023,BOULDER&LEAD Men,finished,2025-10-02 07:18:38 UTC,2026-04-22 08:52:05 UTC,,8560,boulder&lead,Final,Men,finished,2023-10-24 19:35:18 UTC,/api/v1/category_rounds/8560/results,bl_final,IFSC: Finals,33,783.0,,boulder,finished,2023-10-24 19:33:30 UTC,/api/v1/combined_stages/783/results,11490,2,/api/v1/routes/11490/startlist,
/api/v1/events/1307/result/677,1307,full_results_url,Pan American Games Santiago 2023,BOULDER&LEAD Men,finished,2025-10-02 07:18:38 UTC,2026-04-22 08:52:05 UTC,,8560,boulder&lead,Final,Men,finished,2023-10-24 19:35:18 UTC,/api/v1/category_rounds/8560/results,bl_final,IFSC: Finals,33,783.0,,boulder,finished,2023-10-24 19:33:30 UTC,/api/v1/combined_stages/783/results,11491,3,/api/v1/routes/11491/startlist,
/api/v1/events/1307/result/677,1307,full_results_url,Pan American Games Santiago 2023,BOULDER&LEAD Men,finished,2025-10-02 07:18:38 UTC,2026-04-22 08:52:05 UTC,,8560,boulder&lead,Final,Men,finished,2023-10-24 19:35:18 UTC,/api/v1/category_rounds/8560/results,bl_final,IFSC: Finals,33,783.0,,boulder,finished,2023-10-24 19:33:30 UTC,/api/v1/combined_stages/783/results,11492,4,/api/v1/routes/11492/startlist,
/api/v1/events/1307/result/677,1307,full_results_url,Pan American Games Santiago 2023,BOULDER&LEAD Men,finished,2025-10-02 07:18:38 UTC,2026-04-22 08:52:05 UTC,,8560,boulder&lead,Final,Men,finished,2023-10-24 19:35:18 UTC,/api/v1/category_rounds/8560/results,bl_final,IFSC: Finals,33,784.0,,lead,finished,2023-10-24 19:34:15 UTC,/api/v1/combined_stages/784/results,11493,1,/api/v1/routes/11493/startlist,/api/v1/routes/11493/results
/api/v1/events/1307/result/682,1307,full_results_url,Pan American Games Santiago 2023,BOULDER&LEAD Women,finished,2025-10-02 07:18:38 UTC,2026-04-22 08:52:09 UTC,,8573,boulder&lead,Semi-Final,Women,finished,2023-10-23 14:34:02 UTC,/api/v1/category_rounds/8573/results,bl_qualification,IFSC: Qualification,32,797.0,,boulder,finished,2023-10-23 14:23:16 UTC,/api/v1/combined_stages/797/results,11536,1,/api/v1/routes/11536/startlist,
/api/v1/events/1307/result/682,1307,full_results_url,Pan American Games Santiago 2023,BOULDER&LEAD Women,finished,2025-10-02 07:18:38 UTC,2026-04-22 08:52:09 UTC,,8573,boulder&lead,Semi-Final,Women,finished,2023-10-23 14:34:02 UTC,/api/v1/category_rounds/8573/results,bl_qualification,IFSC: Qualification,32,797.0,,boulder,finished,2023-10-23 14:23:16 UTC,/api/v1/combined_stages/797/results,11537,2,/api/v1/routes/11537/startlist,
/api/v1/events/1307/result/682,1307,full_results_url,Pan American Games Santiago 2023,BOULDER&LEAD Women,finished,2025-10-02 07:18:38 UTC,2026-04-22 08:52:09 UTC,,8573,boulder&lead,Semi-Final,Women,finished,2023-10-23 14:34:02 UTC,/api/v1/category_rounds/8573/results,bl_qualification,IFSC: Qualification,32,797.0,,boulder,finished,2023-10-23 14:23:16 UTC,/api/v1/combined_stages/797/results,11538,3,/api/v1/routes/11538/startlist,
/api/v1/events/1307/result/682,1307,full_results_url,Pan American Games Santiago 2023,BOULDER&LEAD Women,finished,2025-10-02 07:18:38 UTC,2026-04-22 08:52:09 UTC,,8573,boulder&lead,Semi-Final,Women,finished,2023-10-23 14:34:02 UTC,/api/v1/category_rounds/8573/results,bl_qualification,IFSC: Qualification,32,797.0,,boulder,finished,2023-10-23 14:23:16 UTC,/api/v1/combined_stages/797/results,11539,4,/api/v1/routes/11539/startlist,
/api/v1/events/1307/result/682,1307,full_results_url,Pan American Games Santiago 2023,BOULDER&LEAD Women,finished,2025-10-02 07:18:38 UTC,2026-04-22 08:52:09 UTC,,8573,boulder&lead,Semi-Final,Women,finished,2023-10-23 14:34:02 UTC,/api/v1/category_rounds/8573/results,bl_qualification,IFSC: Qualification,32,798.0,,lead,finished,2023-10-23 14:33:53 UTC,/api/v1/combined_stages/798/results,11540,1,/api/v1/routes/11540/startlist,/api/v1/routes/11540/results
/api/v1/events/1307/result/682,1307,full_results_url,Pan American Games Santiago 2023,BOULDER&LEAD Women,finished,2025-10-02 07:18:38 UTC,2026-04-22 08:52:09 UTC,,8561,boulder&lead,Final,Women,finished,2023-10-25 00:55:30 UTC,/api/v1/category_rounds/8561/results,bl_final,IFSC: Finals,33,785.0,,boulder,finished,2023-10-25 00:53:08 UTC,/api/v1/combined_stages/785/results,11494,1,/api/v1/routes/11494/startlist,
/api/v1/events/1307/result/682,1307,full_results_url,Pan American Games Santiago 2023,BOULDER&LEAD Women,finished,2025-10-02 07:18:38 UTC,2026-04-22 08:52:09 UTC,,8561,boulder&lead,Final,Women,finished,2023-10-25 00:55:30 UTC,/api/v1/category_rounds/8561/results,bl_final,IFSC: Finals,33,785.0,,boulder,finished,2023-10-25 00:53:08 UTC,/api/v1/combined_stages/785/results,11495,2,/api/v1/routes/11495/startlist,
/api/v1/events/1307/result/682,1307,full_results_url,Pan American Games Santiago 2023,BOULDER&LEAD Women,finished,2025-10-02 07:18:38 UTC,2026-04-22 08:52:09 UTC,,8561,boulder&lead,Final,Women,finished,2023-10-25 00:55:30 UTC,/api/v1/category_rounds/8561/results,bl_final,IFSC: Finals,33,785.0,,boulder,finished,2023-10-25 00:53:08 UTC,/api/v1/combined_stages/785/results,11496,3,/api/v1/routes/11496/startlist,
/api/v1/events/1307/result/682,1307,full_results_url,Pan American Games Santiago 2023,BOULDER&LEAD Women,finished,2025-10-02 07:18:38 UTC,2026-04-22 08:52:09 UTC,,8561,boulder&lead,Final,Women,finished,2023-10-25 00:55:30 UTC,/api/v1/category_rounds/8561/results,bl_final,IFSC: Finals,33,785.0,,boulder,finished,2023-10-25 00:53:08 UTC,/api/v1/combined_stages/785/results,11497,4,/api/v1/routes/11497/startlist,
/api/v1/events/1307/result/682,1307,full_results_url,Pan American Games Santiago 2023,BOULDER&LEAD Women,finished,2025-10-02 07:18:38 UTC,2026-04-22 08:52:09 UTC,,8561,boulder&lead,Final,Women,finished,2023-10-25 00:55:30 UTC,/api/v1/category_rounds/8561/results,bl_final,IFSC: Finals,33,786.0,,lead,finished,2023-10-25 00:55:27 UTC,/api/v1/combined_stages/786/results,11498,1,/api/v1/routes/11498/startlist,/api/v1/routes/11498/results
/api/v1/events/1308/result/669,1308,full_results_url,IFSC European Qualifier Laval 2023,BOULDER&LEAD Men,finished,2025-10-02 07:18:38 UTC,2026-04-22 08:52:13 UTC,,7779,boulder&lead,Qualification,Men,finished,2023-10-27 16:42:17 UTC,/api/v1/category_rounds/7779/results,bl_qualification,IFSC: Qualification,16,723.0,,boulder,finished,2023-10-27 09:55:53 UTC,/api/v1/combined_stages/723/results,8900,1,/api/v1/routes/8900/startlist,
/api/v1/events/1308/result/669,1308,full_results_url,IFSC European Qualifier Laval 2023,BOULDER&LEAD Men,finished,2025-10-02 07:18:38 UTC,2026-04-22 08:52:13 UTC,,7779,boulder&lead,Qualification,Men,finished,2023-10-27 16:42:17 UTC,/api/v1/category_rounds/7779/results,bl_qualification,IFSC: Qualification,16,723.0,,boulder,finished,2023-10-27 09:55:53 UTC,/api/v1/combined_stages/723/results,8901,2,/api/v1/routes/8901/startlist,
/api/v1/events/1308/result/669,1308,full_results_url,IFSC European Qualifier Laval 2023,BOULDER&LEAD Men,finished,2025-10-02 07:18:38 UTC,2026-04-22 08:52:13 UTC,,7779,boulder&lead,Qualification,Men,finished,2023-10-27 16:42:17 UTC,/api/v1/category_rounds/7779/results,bl_qualification,IFSC: Qualification,16,723.0,,boulder,finished,2023-10-27 09:55:53 UTC,/api/v1/combined_stages/723/results,8902,3,/api/v1/routes/8902/startlist,
/api/v1/events/1308/result/669,1308,full_results_url,IFSC European Qualifier Laval 2023,BOULDER&LEAD Men,finished,2025-10-02 07:18:38 UTC,2026-04-22 08:52:13 UTC,,7779,boulder&lead,Qualification,Men,finished,2023-10-27 16:42:17 UTC,/api/v1/category_rounds/7779/results,bl_qualification,IFSC: Qualification,16,723.0,,boulder,finished,2023-10-27 09:55:53 UTC,/api/v1/combined_stages/723/results,8903,4,/api/v1/routes/8903/startlist,
/api/v1/events/1308/result/669,1308,full_results_url,IFSC European Qualifier Laval 2023,BOULDER&LEAD Men,finished,2025-10-02 07:18:38 UTC,2026-04-22 08:52:13 UTC,,7779,boulder&lead,Qualification,Men,finished,2023-10-27 16:42:17 UTC,/api/v1/category_rounds/7779/results,bl_qualification,IFSC: Qualification,16,724.0,,lead,finished,2023-10-27 16:41:59 UTC,/api/v1/combined_stages/724/results,8904,1,/api/v1/routes/8904/startlist,/api/v1/routes/8904/results
/api/v1/events/1308/result/669,1308,full_results_url,IFSC European Qualifier Laval 2023,BOULDER&LEAD Men,finished,2025-10-02 07:18:38 UTC,2026-04-22 08:52:13 UTC,,8672,boulder&lead,Semi-Final,Men,finished,2023-10-28 18:43:21 UTC,/api/v1/category_rounds/8672/results,bl_qualification,IFSC: Qualification,17,835.0,,boulder,finished,2023-10-28 14:34:05 UTC,/api/v1/combined_stages/835/results,11877,1,/api/v1/routes/11877/startlist,
/api/v1/events/1308/result/669,1308,full_results_url,IFSC European Qualifier Laval 2023,BOULDER&LEAD Men,finished,2025-10-02 07:18:38 UTC,2026-04-22 08:52:13 UTC,,8672,boulder&lead,Semi-Final,Men,finished,2023-10-28 18:43:21 UTC,/api/v1/category_rounds/8672/results,bl_qualification,IFSC: Qualification,17,835.0,,boulder,finished,2023-10-28 14:34:05 UTC,/api/v1/combined_stages/835/results,11878,2,/api/v1/routes/11878/startlist,
/api/v1/events/1308/result/669,1308,full_results_url,IFSC European Qualifier Laval 2023,BOULDER&LEAD Men,finished,2025-10-02 07:18:38 UTC,2026-04-22 08:52:13 UTC,,8672,boulder&lead,Semi-Final,Men,finished,2023-10-28 18:43:21 UTC,/api/v1/category_rounds/8672/results,bl_qualification,IFSC: Qualification,17,835.0,,boulder,finished,2023-10-28 14:34:05 UTC,/api/v1/combined_stages/835/results,11879,3,/api/v1/routes/11879/startlist,
/api/v1/events/1308/result/669,1308,full_results_url,IFSC European Qualifier Laval 2023,BOULDER&LEAD Men,finished,2025-10-02 07:18:38 UTC,2026-04-22 08:52:13 UTC,,8672,boulder&lead,Semi-Final,Men,finished,2023-10-28 18:43:21 UTC,/api/v1/category_rounds/8672/results,bl_qualification,IFSC: Qualification,17,835.0,,boulder,finished,2023-10-28 14:34:05 UTC,/api/v1/combined_stages/835/results,11880,4,/api/v1/routes/11880/startlist,
/api/v1/events/1308/result/669,1308,full_results_url,IFSC European Qualifier Laval 2023,BOULDER&LEAD Men,finished,2025-10-02 07:18:38 UTC,2026-04-22 08:52:13 UTC,,8672,boulder&lead,Semi-Final,Men,finished,2023-10-28 18:43:21 UTC,/api/v1/category_rounds/8672/results,bl_qualification,IFSC: Qualification,17,836.0,,lead,finished,2023-10-28 18:42:37 UTC,/api/v1/combined_stages/836/results,11881,1,/api/v1/routes/11881/startlist,/api/v1/routes/11881/results
/api/v1/events/1308/result/669,1308,full_results_url,IFSC European Qualifier Laval 2023,BOULDER&LEAD Men,finished,2025-10-02 07:18:38 UTC,2026-04-22 08:52:13 UTC,,8674,boulder&lead,Final,Men,finished,2023-10-29 16:44:27 UTC,/api/v1/category_rounds/8674/results,bl_final,IFSC: Finals,18,839.0,,boulder,finished,2023-10-29 15:15:18 UTC,/api/v1/combined_stages/839/results,11887,1,/api/v1/routes/11887/startlist,
/api/v1/events/1308/result/669,1308,full_results_url,IFSC European Qualifier Laval 2023,BOULDER&LEAD Men,finished,2025-10-02 07:18:38 UTC,2026-04-22 08:52:13 UTC,,8674,boulder&lead,Final,Men,finished,2023-10-29 16:44:27 UTC,/api/v1/category_rounds/8674/results,bl_final,IFSC: Finals,18,839.0,,boulder,finished,2023-10-29 15:15:18 UTC,/api/v1/combined_stages/839/results,11888,2,/api/v1/routes/11888/startlist,
/api/v1/events/1308/result/669,1308,full_results_url,IFSC European Qualifier Laval 2023,BOULDER&LEAD Men,finished,2025-10-02 07:18:38 UTC,2026-04-22 08:52:13 UTC,,8674,boulder&lead,Final,Men,finished,2023-10-29 16:44:27 UTC,/api/v1/category_rounds/8674/results,bl_final,IFSC: Finals,18,839.0,,boulder,finished,2023-10-29 15:15:18 UTC,/api/v1/combined_stages/839/results,11889,3,/api/v1/routes/11889/startlist,
/api/v1/events/1308/result/669,1308,full_results_url,IFSC European Qualifier Laval 2023,BOULDER&LEAD Men,finished,2025-10-02 07:18:38 UTC,2026-04-22 08:52:13 UTC,,8674,boulder&lead,Final,Men,finished,2023-10-29 16:44:27 UTC,/api/v1/category_rounds/8674/results,bl_final,IFSC: Finals,18,839.0,,boulder,finished,2023-10-29 15:15:18 UTC,/api/v1/combined_stages/839/results,11890,4,/api/v1/routes/11890/startlist,
/api/v1/events/1308/result/669,1308,full_results_url,IFSC European Qualifier Laval 2023,BOULDER&LEAD Men,finished,2025-10-02 07:18:38 UTC,2026-04-22 08:52:13 UTC,,8674,boulder&lead,Final,Men,finished,2023-10-29 16:44:27 UTC,/api/v1/category_rounds/8674/results,bl_final,IFSC: Finals,18,840.0,,lead,finished,2023-10-29 16:43:53 UTC,/api/v1/combined_stages/840/results,11891,1,/api/v1/routes/11891/startlist,/api/v1/routes/11891/results
/api/v1/events/1308/result/670,1308,full_results_url,IFSC European Qualifier Laval 2023,BOULDER&LEAD Women,finished,2025-10-02 07:18:38 UTC,2026-04-22 08:52:16 UTC,,7780,boulder&lead,Qualification,Women,finished,2023-10-26 16:41:25 UTC,/api/v1/category_rounds/7780/results,bl_qualification,IFSC: Qualification,16,725.0,,boulder,finished,2023-10-26 16:41:25 UTC,/api/v1/combined_stages/725/results,8905,1,/api/v1/routes/8905/startlist,
/api/v1/events/1308/result/670,1308,full_results_url,IFSC European Qualifier Laval 2023,BOULDER&LEAD Women,finished,2025-10-02 07:18:38 UTC,2026-04-22 08:52:16 UTC,,7780,boulder&lead,Qualification,Women,finished,2023-10-26 16:41:25 UTC,/api/v1/category_rounds/7780/results,bl_qualification,IFSC: Qualification,16,725.0,,boulder,finished,2023-10-26 16:41:25 UTC,/api/v1/combined_stages/725/results,8906,2,/api/v1/routes/8906/startlist,
/api/v1/events/1308/result/670,1308,full_results_url,IFSC European Qualifier Laval 2023,BOULDER&LEAD Women,finished,2025-10-02 07:18:38 UTC,2026-04-22 08:52:16 UTC,,7780,boulder&lead,Qualification,Women,finished,2023-10-26 16:41:25 UTC,/api/v1/category_rounds/7780/results,bl_qualification,IFSC: Qualification,16,725.0,,boulder,finished,2023-10-26 16:41:25 UTC,/api/v1/combined_stages/725/results,8907,3,/api/v1/routes/8907/startlist,
/api/v1/events/1308/result/670,1308,full_results_url,IFSC European Qualifier Laval 2023,BOULDER&LEAD Women,finished,2025-10-02 07:18:38 UTC,2026-04-22 08:52:16 UTC,,7780,boulder&lead,Qualification,Women,finished,2023-10-26 16:41:25 UTC,/api/v1/category_rounds/7780/results,bl_qualification,IFSC: Qualification,16,725.0,,boulder,finished,2023-10-26 16:41:25 UTC,/api/v1/combined_stages/725/results,8908,4,/api/v1/routes/8908/startlist,
/api/v1/events/1308/result/670,1308,full_results_url,IFSC European Qualifier Laval 2023,BOULDER&LEAD Women,finished,2025-10-02 07:18:38 UTC,2026-04-22 08:52:16 UTC,,7780,boulder&lead,Qualification,Women,finished,2023-10-26 16:41:25 UTC,/api/v1/category_rounds/7780/results,bl_qualification,IFSC: Qualification,16,726.0,,lead,finished,2023-10-26 16:41:25 UTC,/api/v1/combined_stages/726/results,8909,1,/api/v1/routes/8909/startlist,/api/v1/routes/8909/results
/api/v1/events/1308/result/670,1308,full_results_url,IFSC European Qualifier Laval 2023,BOULDER&LEAD Women,finished,2025-10-02 07:18:38 UTC,2026-04-22 08:52:16 UTC,,8673,boulder&lead,Semi-Final,Women,finished,2023-10-28 18:44:29 UTC,/api/v1/category_rounds/8673/results,bl_qualification,IFSC: Qualification,17,837.0,,boulder,finished,2023-10-28 09:18:28 UTC,/api/v1/combined_stages/837/results,11882,1,/api/v1/routes/11882/startlist,
/api/v1/events/1308/result/670,1308,full_results_url,IFSC European Qualifier Laval 2023,BOULDER&LEAD Women,finished,2025-10-02 07:18:38 UTC,2026-04-22 08:52:16 UTC,,8673,boulder&lead,Semi-Final,Women,finished,2023-10-28 18:44:29 UTC,/api/v1/category_rounds/8673/results,bl_qualification,IFSC: Qualification,17,837.0,,boulder,finished,2023-10-28 09:18:28 UTC,/api/v1/combined_stages/837/results,11883,2,/api/v1/routes/11883/startlist,
/api/v1/events/1308/result/670,1308,full_results_url,IFSC European Qualifier Laval 2023,BOULDER&LEAD Women,finished,2025-10-02 07:18:38 UTC,2026-04-22 08:52:16 UTC,,8673,boulder&lead,Semi-Final,Women,finished,2023-10-28 18:44:29 UTC,/api/v1/category_rounds/8673/results,bl_qualification,IFSC: Qualification,17,837.0,,boulder,finished,2023-10-28 09:18:28 UTC,/api/v1/combined_stages/837/results,11884,3,/api/v1/routes/11884/startlist,
/api/v1/events/1308/result/670,1308,full_results_url,IFSC European Qualifier Laval 2023,BOULDER&LEAD Women,finished,2025-10-02 07:18:38 UTC,2026-04-22 08:52:16 UTC,,8673,boulder&lead,Semi-Final,Women,finished,2023-10-28 18:44:29 UTC,/api/v1/category_rounds/8673/results,bl_qualification,IFSC: Qualification,17,837.0,,boulder,finished,2023-10-28 09:18:28 UTC,/api/v1/combined_stages/837/results,11885,4,/api/v1/routes/11885/startlist,
/api/v1/events/1308/result/670,1308,full_results_url,IFSC European Qualifier Laval 2023,BOULDER&LEAD Women,finished,2025-10-02 07:18:38 UTC,2026-04-22 08:52:16 UTC,,8673,boulder&lead,Semi-Final,Women,finished,2023-10-28 18:44:29 UTC,/api/v1/category_rounds/8673/results,bl_qualification,IFSC: Qualification,17,838.0,,lead,finished,2023-10-28 18:41:14 UTC,/api/v1/combined_stages/838/results,11886,1,/api/v1/routes/11886/startlist,/api/v1/routes/11886/results
/api/v1/events/1308/result/670,1308,full_results_url,IFSC European Qualifier Laval 2023,BOULDER&LEAD Women,finished,2025-10-02 07:18:38 UTC,2026-04-22 08:52:16 UTC,,8675,boulder&lead,Final,Women,finished,2023-10-29 11:42:26 UTC,/api/v1/category_rounds/8675/results,bl_final,IFSC: Finals,18,841.0,,boulder,finished,2023-10-29 10:10:55 UTC,/api/v1/combined_stages/841/results,11892,1,/api/v1/routes/11892/startlist,
/api/v1/events/1308/result/670,1308,full_results_url,IFSC European Qualifier Laval 2023,BOULDER&LEAD Women,finished,2025-10-02 07:18:38 UTC,2026-04-22 08:52:16 UTC,,8675,boulder&lead,Final,Women,finished,2023-10-29 11:42:26 UTC,/api/v1/category_rounds/8675/results,bl_final,IFSC: Finals,18,841.0,,boulder,finished,2023-10-29 10:10:55 UTC,/api/v1/combined_stages/841/results,11893,2,/api/v1/routes/11893/startlist,
/api/v1/events/1308/result/670,1308,full_results_url,IFSC European Qualifier Laval 2023,BOULDER&LEAD Women,finished,2025-10-02 07:18:38 UTC,2026-04-22 08:52:16 UTC,,8675,boulder&lead,Final,Women,finished,2023-10-29 11:42:26 UTC,/api/v1/category_rounds/8675/results,bl_final,IFSC: Finals,18,841.0,,boulder,finished,2023-10-29 10:10:55 UTC,/api/v1/combined_stages/841/results,11894,3,/api/v1/routes/11894/startlist,
/api/v1/events/1308/result/670,1308,full_results_url,IFSC European Qualifier Laval 2023,BOULDER&LEAD Women,finished,2025-10-02 07:18:38 UTC,2026-04-22 08:52:16 UTC,,8675,boulder&lead,Final,Women,finished,2023-10-29 11:42:26 UTC,/api/v1/category_rounds/8675/results,bl_final,IFSC: Finals,18,841.0,,boulder,finished,2023-10-29 10:10:55 UTC,/api/v1/combined_stages/841/results,11895,4,/api/v1/routes/11895/startlist,
/api/v1/events/1308/result/670,1308,full_results_url,IFSC European Qualifier Laval 2023,BOULDER&LEAD Women,finished,2025-10-02 07:18:38 UTC,2026-04-22 08:52:16 UTC,,8675,boulder&lead,Final,Women,finished,2023-10-29 11:42:26 UTC,/api/v1/category_rounds/8675/results,bl_final,IFSC: Finals,18,842.0,,lead,finished,2023-10-29 11:41:42 UTC,/api/v1/combined_stages/842/results,11896,1,/api/v1/routes/11896/startlist,/api/v1/routes/11896/results
/api/v1/events/1310/result/186,1310,full_results_url,IFSC Asian Qualifier Jakarta 2023,SPEED Men,finished,2025-10-02 07:18:38 UTC,2026-04-22 08:52:20 UTC,,7783,speed,Qualification,Men,finished,2023-11-12 07:15:21 UTC,/api/v1/category_rounds/7783/results,speed_staggered,IFSC: Qualification,10,,,,,,,8914,A,/api/v1/routes/8914/startlist,
/api/v1/events/1310/result/186,1310,full_results_url,IFSC Asian Qualifier Jakarta 2023,SPEED Men,finished,2025-10-02 07:18:38 UTC,2026-04-22 08:52:20 UTC,,7783,speed,Qualification,Men,finished,2023-11-12 07:15:21 UTC,/api/v1/category_rounds/7783/results,speed_staggered,IFSC: Qualification,10,,,,,,,8915,B,/api/v1/routes/8915/startlist,
/api/v1/events/1310/result/186,1310,full_results_url,IFSC Asian Qualifier Jakarta 2023,SPEED Men,finished,2025-10-02 07:18:38 UTC,2026-04-22 08:52:20 UTC,,8706,speed,Final,Men,finished,2024-01-15 15:00:24 UTC,/api/v1/category_rounds/8706/results,speed_elimination_ifsc_2023,IFSC 2023+: Elimination,12,,,,,,,11987,A,/api/v1/routes/11987/startlist,
/api/v1/events/1310/result/186,1310,full_results_url,IFSC Asian Qualifier Jakarta 2023,SPEED Men,finished,2025-10-02 07:18:38 UTC,2026-04-22 08:52:20 UTC,,8706,speed,Final,Men,finished,2024-01-15 15:00:24 UTC,/api/v1/category_rounds/8706/results,speed_elimination_ifsc_2023,IFSC 2023+: Elimination,12,,,,,,,11988,B,/api/v1/routes/11988/startlist,
/api/v1/events/1310/result/190,1310,full_results_url,IFSC Asian Qualifier Jakarta 2023,SPEED Women,finished,2025-10-02 07:18:38 UTC,2026-04-22 08:52:23 UTC,,7784,speed,Qualification,Women,finished,2023-11-12 06:38:10 UTC,/api/v1/category_rounds/7784/results,speed_staggered,IFSC: Qualification,10,,,,,,,8916,A,/api/v1/routes/8916/startlist,
/api/v1/events/1310/result/190,1310,full_results_url,IFSC Asian Qualifier Jakarta 2023,SPEED Women,finished,2025-10-02 07:18:38 UTC,2026-04-22 08:52:23 UTC,,7784,speed,Qualification,Women,finished,2023-11-12 06:38:10 UTC,/api/v1/category_rounds/7784/results,speed_staggered,IFSC: Qualification,10,,,,,,,8917,B,/api/v1/routes/8917/startlist,
/api/v1/events/1310/result/190,1310,full_results_url,IFSC Asian Qualifier Jakarta 2023,SPEED Women,finished,2025-10-02 07:18:38 UTC,2026-04-22 08:52:23 UTC,,8707,speed,Final,Women,finished,2024-01-15 15:00:24 UTC,/api/v1/category_rounds/8707/results,speed_elimination_ifsc_2023,IFSC 2023+: Elimination,12,,,,,,,11989,A,/api/v1/routes/11989/startlist,
/api/v1/events/1310/result/190,1310,full_results_url,IFSC Asian Qualifier Jakarta 2023,SPEED Women,finished,2025-10-02 07:18:38 UTC,2026-04-22 08:52:23 UTC,,8707,speed,Final,Women,finished,2024-01-15 15:00:24 UTC,/api/v1/category_rounds/8707/results,speed_elimination_ifsc_2023,IFSC 2023+: Elimination,12,,,,,,,11990,B,/api/v1/routes/11990/startlist,
/api/v1/events/1310/result/661,1310,full_results_url,IFSC Asian Qualifier Jakarta 2023,BOULDER&LEAD Men,finished,2025-10-02 07:18:38 UTC,2026-04-22 08:52:27 UTC,,7785,boulder&lead,Qualification,Men,finished,2023-11-09 11:38:03 UTC,/api/v1/category_rounds/7785/results,bl_qualification,IFSC: Qualification,10,727.0,,boulder,finished,2023-11-09 06:24:01 UTC,/api/v1/combined_stages/727/results,8918,1,/api/v1/routes/8918/startlist,
/api/v1/events/1310/result/661,1310,full_results_url,IFSC Asian Qualifier Jakarta 2023,BOULDER&LEAD Men,finished,2025-10-02 07:18:38 UTC,2026-04-22 08:52:27 UTC,,7785,boulder&lead,Qualification,Men,finished,2023-11-09 11:38:03 UTC,/api/v1/category_rounds/7785/results,bl_qualification,IFSC: Qualification,10,727.0,,boulder,finished,2023-11-09 06:24:01 UTC,/api/v1/combined_stages/727/results,8919,2,/api/v1/routes/8919/startlist,
/api/v1/events/1310/result/661,1310,full_results_url,IFSC Asian Qualifier Jakarta 2023,BOULDER&LEAD Men,finished,2025-10-02 07:18:38 UTC,2026-04-22 08:52:27 UTC,,7785,boulder&lead,Qualification,Men,finished,2023-11-09 11:38:03 UTC,/api/v1/category_rounds/7785/results,bl_qualification,IFSC: Qualification,10,727.0,,boulder,finished,2023-11-09 06:24:01 UTC,/api/v1/combined_stages/727/results,8920,3,/api/v1/routes/8920/startlist,
/api/v1/events/1310/result/661,1310,full_results_url,IFSC Asian Qualifier Jakarta 2023,BOULDER&LEAD Men,finished,2025-10-02 07:18:38 UTC,2026-04-22 08:52:27 UTC,,7785,boulder&lead,Qualification,Men,finished,2023-11-09 11:38:03 UTC,/api/v1/category_rounds/7785/results,bl_qualification,IFSC: Qualification,10,727.0,,boulder,finished,2023-11-09 06:24:01 UTC,/api/v1/combined_stages/727/results,8921,4,/api/v1/routes/8921/startlist,
/api/v1/events/1310/result/661,1310,full_results_url,IFSC Asian Qualifier Jakarta 2023,BOULDER&LEAD Men,finished,2025-10-02 07:18:38 UTC,2026-04-22 08:52:27 UTC,,7785,boulder&lead,Qualification,Men,finished,2023-11-09 11:38:03 UTC,/api/v1/category_rounds/7785/results,bl_qualification,IFSC: Qualification,10,728.0,,lead,finished,2023-11-09 11:34:12 UTC,/api/v1/combined_stages/728/results,8922,1,/api/v1/routes/8922/startlist,/api/v1/routes/8922/results
/api/v1/events/1310/result/661,1310,full_results_url,IFSC Asian Qualifier Jakarta 2023,BOULDER&LEAD Men,finished,2025-10-02 07:18:38 UTC,2026-04-22 08:52:27 UTC,,8692,boulder&lead,Semi-Final,Men,finished,2023-11-10 12:49:14 UTC,/api/v1/category_rounds/8692/results,bl_qualification,IFSC: Qualification,11,843.0,,boulder,finished,2023-11-10 05:25:00 UTC,/api/v1/combined_stages/843/results,11947,1,/api/v1/routes/11947/startlist,
/api/v1/events/1310/result/661,1310,full_results_url,IFSC Asian Qualifier Jakarta 2023,BOULDER&LEAD Men,finished,2025-10-02 07:18:38 UTC,2026-04-22 08:52:27 UTC,,8692,boulder&lead,Semi-Final,Men,finished,2023-11-10 12:49:14 UTC,/api/v1/category_rounds/8692/results,bl_qualification,IFSC: Qualification,11,843.0,,boulder,finished,2023-11-10 05:25:00 UTC,/api/v1/combined_stages/843/results,11948,2,/api/v1/routes/11948/startlist,
/api/v1/events/1310/result/661,1310,full_results_url,IFSC Asian Qualifier Jakarta 2023,BOULDER&LEAD Men,finished,2025-10-02 07:18:38 UTC,2026-04-22 08:52:27 UTC,,8692,boulder&lead,Semi-Final,Men,finished,2023-11-10 12:49:14 UTC,/api/v1/category_rounds/8692/results,bl_qualification,IFSC: Qualification,11,843.0,,boulder,finished,2023-11-10 05:25:00 UTC,/api/v1/combined_stages/843/results,11949,3,/api/v1/routes/11949/startlist,
/api/v1/events/1310/result/661,1310,full_results_url,IFSC Asian Qualifier Jakarta 2023,BOULDER&LEAD Men,finished,2025-10-02 07:18:38 UTC,2026-04-22 08:52:27 UTC,,8692,boulder&lead,Semi-Final,Men,finished,2023-11-10 12:49:14 UTC,/api/v1/category_rounds/8692/results,bl_qualification,IFSC: Qualification,11,843.0,,boulder,finished,2023-11-10 05:25:00 UTC,/api/v1/combined_stages/843/results,11950,4,/api/v1/routes/11950/startlist,
/api/v1/events/1310/result/661,1310,full_results_url,IFSC Asian Qualifier Jakarta 2023,BOULDER&LEAD Men,finished,2025-10-02 07:18:38 UTC,2026-04-22 08:52:27 UTC,,8692,boulder&lead,Semi-Final,Men,finished,2023-11-10 12:49:14 UTC,/api/v1/category_rounds/8692/results,bl_qualification,IFSC: Qualification,11,844.0,,lead,finished,2023-11-10 12:46:08 UTC,/api/v1/combined_stages/844/results,11951,Lead Stage,/api/v1/routes/11951/startlist,/api/v1/routes/11951/results
/api/v1/events/1310/result/661,1310,full_results_url,IFSC Asian Qualifier Jakarta 2023,BOULDER&LEAD Men,finished,2025-10-02 07:18:38 UTC,2026-04-22 08:52:27 UTC,,8694,boulder&lead,Final,Men,finished,2023-11-11 13:53:16 UTC,/api/v1/category_rounds/8694/results,bl_final,IFSC: Finals,12,847.0,,boulder,finished,2023-11-11 12:55:52 UTC,/api/v1/combined_stages/847/results,11957,1,/api/v1/routes/11957/startlist,
/api/v1/events/1310/result/661,1310,full_results_url,IFSC Asian Qualifier Jakarta 2023,BOULDER&LEAD Men,finished,2025-10-02 07:18:38 UTC,2026-04-22 08:52:27 UTC,,8694,boulder&lead,Final,Men,finished,2023-11-11 13:53:16 UTC,/api/v1/category_rounds/8694/results,bl_final,IFSC: Finals,12,847.0,,boulder,finished,2023-11-11 12:55:52 UTC,/api/v1/combined_stages/847/results,11958,2,/api/v1/routes/11958/startlist,
/api/v1/events/1310/result/661,1310,full_results_url,IFSC Asian Qualifier Jakarta 2023,BOULDER&LEAD Men,finished,2025-10-02 07:18:38 UTC,2026-04-22 08:52:27 UTC,,8694,boulder&lead,Final,Men,finished,2023-11-11 13:53:16 UTC,/api/v1/category_rounds/8694/results,bl_final,IFSC: Finals,12,847.0,,boulder,finished,2023-11-11 12:55:52 UTC,/api/v1/combined_stages/847/results,11959,3,/api/v1/routes/11959/startlist,
/api/v1/events/1310/result/661,1310,full_results_url,IFSC Asian Qualifier Jakarta 2023,BOULDER&LEAD Men,finished,2025-10-02 07:18:38 UTC,2026-04-22 08:52:27 UTC,,8694,boulder&lead,Final,Men,finished,2023-11-11 13:53:16 UTC,/api/v1/category_rounds/8694/results,bl_final,IFSC: Finals,12,847.0,,boulder,finished,2023-11-11 12:55:52 UTC,/api/v1/combined_stages/847/results,11960,4,/api/v1/routes/11960/startlist,
/api/v1/events/1310/result/661,1310,full_results_url,IFSC Asian Qualifier Jakarta 2023,BOULDER&LEAD Men,finished,2025-10-02 07:18:38 UTC,2026-04-22 08:52:27 UTC,,8694,boulder&lead,Final,Men,finished,2023-11-11 13:53:16 UTC,/api/v1/category_rounds/8694/results,bl_final,IFSC: Finals,12,848.0,,lead,finished,2023-11-11 13:51:11 UTC,/api/v1/combined_stages/848/results,11961,1,/api/v1/routes/11961/startlist,/api/v1/routes/11961/results
/api/v1/events/1310/result/662,1310,full_results_url,IFSC Asian Qualifier Jakarta 2023,BOULDER&LEAD Women,finished,2025-10-02 07:18:38 UTC,2026-04-22 08:52:31 UTC,,7786,boulder&lead,Qualification,Women,finished,2023-11-09 11:38:20 UTC,/api/v1/category_rounds/7786/results,bl_qualification,IFSC: Qualification,10,729.0,,boulder,finished,2023-11-09 06:24:03 UTC,/api/v1/combined_stages/729/results,8923,1,/api/v1/routes/8923/startlist,
/api/v1/events/1310/result/662,1310,full_results_url,IFSC Asian Qualifier Jakarta 2023,BOULDER&LEAD Women,finished,2025-10-02 07:18:38 UTC,2026-04-22 08:52:31 UTC,,7786,boulder&lead,Qualification,Women,finished,2023-11-09 11:38:20 UTC,/api/v1/category_rounds/7786/results,bl_qualification,IFSC: Qualification,10,729.0,,boulder,finished,2023-11-09 06:24:03 UTC,/api/v1/combined_stages/729/results,8924,2,/api/v1/routes/8924/startlist,
/api/v1/events/1310/result/662,1310,full_results_url,IFSC Asian Qualifier Jakarta 2023,BOULDER&LEAD Women,finished,2025-10-02 07:18:38 UTC,2026-04-22 08:52:31 UTC,,7786,boulder&lead,Qualification,Women,finished,2023-11-09 11:38:20 UTC,/api/v1/category_rounds/7786/results,bl_qualification,IFSC: Qualification,10,729.0,,boulder,finished,2023-11-09 06:24:03 UTC,/api/v1/combined_stages/729/results,8925,3,/api/v1/routes/8925/startlist,
/api/v1/events/1310/result/662,1310,full_results_url,IFSC Asian Qualifier Jakarta 2023,BOULDER&LEAD Women,finished,2025-10-02 07:18:38 UTC,2026-04-22 08:52:31 UTC,,7786,boulder&lead,Qualification,Women,finished,2023-11-09 11:38:20 UTC,/api/v1/category_rounds/7786/results,bl_qualification,IFSC: Qualification,10,729.0,,boulder,finished,2023-11-09 06:24:03 UTC,/api/v1/combined_stages/729/results,8926,4,/api/v1/routes/8926/startlist,
/api/v1/events/1310/result/662,1310,full_results_url,IFSC Asian Qualifier Jakarta 2023,BOULDER&LEAD Women,finished,2025-10-02 07:18:38 UTC,2026-04-22 08:52:31 UTC,,7786,boulder&lead,Qualification,Women,finished,2023-11-09 11:38:20 UTC,/api/v1/category_rounds/7786/results,bl_qualification,IFSC: Qualification,10,730.0,,lead,finished,2023-11-09 11:34:20 UTC,/api/v1/combined_stages/730/results,8927,1,/api/v1/routes/8927/startlist,/api/v1/routes/8927/results
/api/v1/events/1310/result/662,1310,full_results_url,IFSC Asian Qualifier Jakarta 2023,BOULDER&LEAD Women,finished,2025-10-02 07:18:38 UTC,2026-04-22 08:52:31 UTC,,8693,boulder&lead,Semi-Final,Women,finished,2023-11-10 12:51:27 UTC,/api/v1/category_rounds/8693/results,bl_qualification,IFSC: Qualification,11,845.0,,boulder,finished,2023-11-10 05:22:41 UTC,/api/v1/combined_stages/845/results,11952,1,/api/v1/routes/11952/startlist,
/api/v1/events/1310/result/662,1310,full_results_url,IFSC Asian Qualifier Jakarta 2023,BOULDER&LEAD Women,finished,2025-10-02 07:18:38 UTC,2026-04-22 08:52:31 UTC,,8693,boulder&lead,Semi-Final,Women,finished,2023-11-10 12:51:27 UTC,/api/v1/category_rounds/8693/results,bl_qualification,IFSC: Qualification,11,845.0,,boulder,finished,2023-11-10 05:22:41 UTC,/api/v1/combined_stages/845/results,11953,2,/api/v1/routes/11953/startlist,
/api/v1/events/1310/result/662,1310,full_results_url,IFSC Asian Qualifier Jakarta 2023,BOULDER&LEAD Women,finished,2025-10-02 07:18:38 UTC,2026-04-22 08:52:31 UTC,,8693,boulder&lead,Semi-Final,Women,finished,2023-11-10 12:51:27 UTC,/api/v1/category_rounds/8693/results,bl_qualification,IFSC: Qualification,11,845.0,,boulder,finished,2023-11-10 05:22:41 UTC,/api/v1/combined_stages/845/results,11954,3,/api/v1/routes/11954/startlist,
/api/v1/events/1310/result/662,1310,full_results_url,IFSC Asian Qualifier Jakarta 2023,BOULDER&LEAD Women,finished,2025-10-02 07:18:38 UTC,2026-04-22 08:52:31 UTC,,8693,boulder&lead,Semi-Final,Women,finished,2023-11-10 12:51:27 UTC,/api/v1/category_rounds/8693/results,bl_qualification,IFSC: Qualification,11,845.0,,boulder,finished,2023-11-10 05:22:41 UTC,/api/v1/combined_stages/845/results,11955,4,/api/v1/routes/11955/startlist,
/api/v1/events/1310/result/662,1310,full_results_url,IFSC Asian Qualifier Jakarta 2023,BOULDER&LEAD Women,finished,2025-10-02 07:18:38 UTC,2026-04-22 08:52:31 UTC,,8693,boulder&lead,Semi-Final,Women,finished,2023-11-10 12:51:27 UTC,/api/v1/category_rounds/8693/results,bl_qualification,IFSC: Qualification,11,846.0,,lead,finished,2023-11-10 12:46:14 UTC,/api/v1/combined_stages/846/results,11956,Lead Stage,/api/v1/routes/11956/startlist,/api/v1/routes/11956/results
/api/v1/events/1310/result/662,1310,full_results_url,IFSC Asian Qualifier Jakarta 2023,BOULDER&LEAD Women,finished,2025-10-02 07:18:38 UTC,2026-04-22 08:52:31 UTC,,8695,boulder&lead,Final,Women,finished,2023-11-11 06:15:41 UTC,/api/v1/category_rounds/8695/results,bl_final,IFSC: Finals,12,849.0,,boulder,finished,2023-11-11 04:49:56 UTC,/api/v1/combined_stages/849/results,11962,1,/api/v1/routes/11962/startlist,
/api/v1/events/1310/result/662,1310,full_results_url,IFSC Asian Qualifier Jakarta 2023,BOULDER&LEAD Women,finished,2025-10-02 07:18:38 UTC,2026-04-22 08:52:31 UTC,,8695,boulder&lead,Final,Women,finished,2023-11-11 06:15:41 UTC,/api/v1/category_rounds/8695/results,bl_final,IFSC: Finals,12,849.0,,boulder,finished,2023-11-11 04:49:56 UTC,/api/v1/combined_stages/849/results,11963,2,/api/v1/routes/11963/startlist,
/api/v1/events/1310/result/662,1310,full_results_url,IFSC Asian Qualifier Jakarta 2023,BOULDER&LEAD Women,finished,2025-10-02 07:18:38 UTC,2026-04-22 08:52:31 UTC,,8695,boulder&lead,Final,Women,finished,2023-11-11 06:15:41 UTC,/api/v1/category_rounds/8695/results,bl_final,IFSC: Finals,12,849.0,,boulder,finished,2023-11-11 04:49:56 UTC,/api/v1/combined_stages/849/results,11964,3,/api/v1/routes/11964/startlist,
/api/v1/events/1310/result/662,1310,full_results_url,IFSC Asian Qualifier Jakarta 2023,BOULDER&LEAD Women,finished,2025-10-02 07:18:38 UTC,2026-04-22 08:52:31 UTC,,8695,boulder&lead,Final,Women,finished,2023-11-11 06:15:41 UTC,/api/v1/category_rounds/8695/results,bl_final,IFSC: Finals,12,849.0,,boulder,finished,2023-11-11 04:49:56 UTC,/api/v1/combined_stages/849/results,11965,4,/api/v1/routes/11965/startlist,
/api/v1/events/1310/result/662,1310,full_results_url,IFSC Asian Qualifier Jakarta 2023,BOULDER&LEAD Women,finished,2025-10-02 07:18:38 UTC,2026-04-22 08:52:31 UTC,,8695,boulder&lead,Final,Women,finished,2023-11-11 06:15:41 UTC,/api/v1/category_rounds/8695/results,bl_final,IFSC: Finals,12,850.0,,lead,finished,2023-11-11 06:13:09 UTC,/api/v1/combined_stages/850/results,11966,1,/api/v1/routes/11966/startlist,/api/v1/routes/11966/results
/api/v1/events/1380/result/394,1380,full_results_url,International Climbing Series - The Belt and Road (S) - Ningbo (CHN) 2023,SPEED Men,registration_pending,2025-10-02 07:18:41 UTC,NA,,8696,speed,Qualification,Men,pending,2023-10-27 12:20:02 UTC,/api/v1/category_rounds/8696/results,speed_staggered,IFSC: Qualification,37,,,,,,,11967,A,/api/v1/routes/11967/startlist,
/api/v1/events/1380/result/394,1380,full_results_url,International Climbing Series - The Belt and Road (S) - Ningbo (CHN) 2023,SPEED Men,registration_pending,2025-10-02 07:18:41 UTC,NA,,8696,speed,Qualification,Men,pending,2023-10-27 12:20:02 UTC,/api/v1/category_rounds/8696/results,speed_staggered,IFSC: Qualification,37,,,,,,,11968,B,/api/v1/routes/11968/startlist,
/api/v1/events/1380/result/414,1380,full_results_url,International Climbing Series - The Belt and Road (S) - Ningbo (CHN) 2023,SPEED Women,registration_pending,2025-10-02 07:18:41 UTC,NA,,8701,speed,Qualification,Women,pending,2023-10-27 12:20:03 UTC,/api/v1/category_rounds/8701/results,speed_staggered,IFSC: Qualification,37,,,,,,,11977,A,/api/v1/routes/11977/startlist,
/api/v1/events/1380/result/414,1380,full_results_url,International Climbing Series - The Belt and Road (S) - Ningbo (CHN) 2023,SPEED Women,registration_pending,2025-10-02 07:18:41 UTC,NA,,8701,speed,Qualification,Women,pending,2023-10-27 12:20:03 UTC,/api/v1/category_rounds/8701/results,speed_staggered,IFSC: Qualification,37,,,,,,,11978,B,/api/v1/routes/11978/startlist,
/api/v1/events/1351/result/394,1351,full_results_url,NEOM IFSC Masters 2023,SPEED Men,finished,2025-10-02 07:18:40 UTC,2026-04-22 08:52:34 UTC,,8452,speed,Qualification,Men,finished,2023-11-24 15:55:10 UTC,/api/v1/category_rounds/8452/results,speed_staggered,IFSC: Qualification,37,,,,,,,11135,A,/api/v1/routes/11135/startlist,
/api/v1/events/1351/result/394,1351,full_results_url,NEOM IFSC Masters 2023,SPEED Men,finished,2025-10-02 07:18:40 UTC,2026-04-22 08:52:34 UTC,,8452,speed,Qualification,Men,finished,2023-11-24 15:55:10 UTC,/api/v1/category_rounds/8452/results,speed_staggered,IFSC: Qualification,37,,,,,,,11136,B,/api/v1/routes/11136/startlist,
/api/v1/events/1351/result/394,1351,full_results_url,NEOM IFSC Masters 2023,SPEED Men,finished,2025-10-02 07:18:40 UTC,2026-04-22 08:52:34 UTC,,8714,speed,Final,Men,finished,2024-01-15 13:19:41 UTC,/api/v1/category_rounds/8714/results,speed_elimination_ifsc_2023,IFSC 2023+: Elimination,39,,,,,,,12019,A,/api/v1/routes/12019/startlist,
/api/v1/events/1351/result/394,1351,full_results_url,NEOM IFSC Masters 2023,SPEED Men,finished,2025-10-02 07:18:40 UTC,2026-04-22 08:52:34 UTC,,8714,speed,Final,Men,finished,2024-01-15 13:19:41 UTC,/api/v1/category_rounds/8714/results,speed_elimination_ifsc_2023,IFSC 2023+: Elimination,39,,,,,,,12020,B,/api/v1/routes/12020/startlist,
/api/v1/events/1351/result/414,1351,full_results_url,NEOM IFSC Masters 2023,SPEED Women,finished,2025-10-02 07:18:40 UTC,2026-04-22 08:52:38 UTC,,8457,speed,Qualification,Women,finished,2023-11-24 14:45:49 UTC,/api/v1/category_rounds/8457/results,speed_staggered,IFSC: Qualification,37,,,,,,,11145,A,/api/v1/routes/11145/startlist,
/api/v1/events/1351/result/414,1351,full_results_url,NEOM IFSC Masters 2023,SPEED Women,finished,2025-10-02 07:18:40 UTC,2026-04-22 08:52:38 UTC,,8457,speed,Qualification,Women,finished,2023-11-24 14:45:49 UTC,/api/v1/category_rounds/8457/results,speed_staggered,IFSC: Qualification,37,,,,,,,11146,B,/api/v1/routes/11146/startlist,
/api/v1/events/1351/result/414,1351,full_results_url,NEOM IFSC Masters 2023,SPEED Women,finished,2025-10-02 07:18:40 UTC,2026-04-22 08:52:38 UTC,,8715,speed,Final,Women,finished,2024-01-15 13:44:27 UTC,/api/v1/category_rounds/8715/results,speed_elimination_ifsc_2023,IFSC 2023+: Elimination,39,,,,,,,12021,A,/api/v1/routes/12021/startlist,
/api/v1/events/1351/result/414,1351,full_results_url,NEOM IFSC Masters 2023,SPEED Women,finished,2025-10-02 07:18:40 UTC,2026-04-22 08:52:38 UTC,,8715,speed,Final,Women,finished,2024-01-15 13:44:27 UTC,/api/v1/category_rounds/8715/results,speed_elimination_ifsc_2023,IFSC 2023+: Elimination,39,,,,,,,12022,B,/api/v1/routes/12022/startlist,
/api/v1/events/1351/result/395,1351,full_results_url,NEOM IFSC Masters 2023,BOULDER Men,finished,2025-10-02 07:18:40 UTC,2026-04-22 08:52:41 UTC,,8716,boulder,Semi-Final,Men,finished,2023-11-22 14:22:56 UTC,/api/v1/category_rounds/8716/results,boulder_one_group_one_boulder_set,IFSC: 1 group,38,,,,,,,12023,1,/api/v1/routes/12023/startlist,
/api/v1/events/1351/result/395,1351,full_results_url,NEOM IFSC Masters 2023,BOULDER Men,finished,2025-10-02 07:18:40 UTC,2026-04-22 08:52:41 UTC,,8716,boulder,Semi-Final,Men,finished,2023-11-22 14:22:56 UTC,/api/v1/category_rounds/8716/results,boulder_one_group_one_boulder_set,IFSC: 1 group,38,,,,,,,12024,2,/api/v1/routes/12024/startlist,
/api/v1/events/1351/result/395,1351,full_results_url,NEOM IFSC Masters 2023,BOULDER Men,finished,2025-10-02 07:18:40 UTC,2026-04-22 08:52:41 UTC,,8716,boulder,Semi-Final,Men,finished,2023-11-22 14:22:56 UTC,/api/v1/category_rounds/8716/results,boulder_one_group_one_boulder_set,IFSC: 1 group,38,,,,,,,12025,3,/api/v1/routes/12025/startlist,
/api/v1/events/1351/result/395,1351,full_results_url,NEOM IFSC Masters 2023,BOULDER Men,finished,2025-10-02 07:18:40 UTC,2026-04-22 08:52:41 UTC,,8716,boulder,Semi-Final,Men,finished,2023-11-22 14:22:56 UTC,/api/v1/category_rounds/8716/results,boulder_one_group_one_boulder_set,IFSC: 1 group,38,,,,,,,12026,4,/api/v1/routes/12026/startlist,
/api/v1/events/1351/result/395,1351,full_results_url,NEOM IFSC Masters 2023,BOULDER Men,finished,2025-10-02 07:18:40 UTC,2026-04-22 08:52:41 UTC,,8718,boulder,Final,Men,finished,2023-11-22 17:38:15 UTC,/api/v1/category_rounds/8718/results,boulder_finals_one_by_one,IFSC: Finals,39,,,,,,,12031,1,/api/v1/routes/12031/startlist,
/api/v1/events/1351/result/395,1351,full_results_url,NEOM IFSC Masters 2023,BOULDER Men,finished,2025-10-02 07:18:40 UTC,2026-04-22 08:52:41 UTC,,8718,boulder,Final,Men,finished,2023-11-22 17:38:15 UTC,/api/v1/category_rounds/8718/results,boulder_finals_one_by_one,IFSC: Finals,39,,,,,,,12032,2,/api/v1/routes/12032/startlist,
/api/v1/events/1351/result/395,1351,full_results_url,NEOM IFSC Masters 2023,BOULDER Men,finished,2025-10-02 07:18:40 UTC,2026-04-22 08:52:41 UTC,,8718,boulder,Final,Men,finished,2023-11-22 17:38:15 UTC,/api/v1/category_rounds/8718/results,boulder_finals_one_by_one,IFSC: Finals,39,,,,,,,12033,3,/api/v1/routes/12033/startlist,
/api/v1/events/1351/result/395,1351,full_results_url,NEOM IFSC Masters 2023,BOULDER Men,finished,2025-10-02 07:18:40 UTC,2026-04-22 08:52:41 UTC,,8718,boulder,Final,Men,finished,2023-11-22 17:38:15 UTC,/api/v1/category_rounds/8718/results,boulder_finals_one_by_one,IFSC: Finals,39,,,,,,,12034,4,/api/v1/routes/12034/startlist,
/api/v1/events/1351/result/415,1351,full_results_url,NEOM IFSC Masters 2023,BOULDER Women,finished,2025-10-02 07:18:40 UTC,2026-04-22 08:52:44 UTC,,8717,boulder,Semi-Final,Women,finished,2023-11-23 13:42:36 UTC,/api/v1/category_rounds/8717/results,boulder_one_group_one_boulder_set,IFSC: 1 group,38,,,,,,,12027,1,/api/v1/routes/12027/startlist,
/api/v1/events/1351/result/415,1351,full_results_url,NEOM IFSC Masters 2023,BOULDER Women,finished,2025-10-02 07:18:40 UTC,2026-04-22 08:52:44 UTC,,8717,boulder,Semi-Final,Women,finished,2023-11-23 13:42:36 UTC,/api/v1/category_rounds/8717/results,boulder_one_group_one_boulder_set,IFSC: 1 group,38,,,,,,,12028,2,/api/v1/routes/12028/startlist,
/api/v1/events/1351/result/415,1351,full_results_url,NEOM IFSC Masters 2023,BOULDER Women,finished,2025-10-02 07:18:40 UTC,2026-04-22 08:52:44 UTC,,8717,boulder,Semi-Final,Women,finished,2023-11-23 13:42:36 UTC,/api/v1/category_rounds/8717/results,boulder_one_group_one_boulder_set,IFSC: 1 group,38,,,,,,,12029,3,/api/v1/routes/12029/startlist,
/api/v1/events/1351/result/415,1351,full_results_url,NEOM IFSC Masters 2023,BOULDER Women,finished,2025-10-02 07:18:40 UTC,2026-04-22 08:52:44 UTC,,8717,boulder,Semi-Final,Women,finished,2023-11-23 13:42:36 UTC,/api/v1/category_rounds/8717/results,boulder_one_group_one_boulder_set,IFSC: 1 group,38,,,,,,,12030,4,/api/v1/routes/12030/startlist,
/api/v1/events/1351/result/415,1351,full_results_url,NEOM IFSC Masters 2023,BOULDER Women,finished,2025-10-02 07:18:40 UTC,2026-04-22 08:52:44 UTC,,8719,boulder,Final,Women,finished,2023-11-23 17:35:58 UTC,/api/v1/category_rounds/8719/results,boulder_finals_one_by_one,IFSC: Finals,39,,,,,,,12035,1,/api/v1/routes/12035/startlist,
/api/v1/events/1351/result/415,1351,full_results_url,NEOM IFSC Masters 2023,BOULDER Women,finished,2025-10-02 07:18:40 UTC,2026-04-22 08:52:44 UTC,,8719,boulder,Final,Women,finished,2023-11-23 17:35:58 UTC,/api/v1/category_rounds/8719/results,boulder_finals_one_by_one,IFSC: Finals,39,,,,,,,12036,2,/api/v1/routes/12036/startlist,
/api/v1/events/1351/result/415,1351,full_results_url,NEOM IFSC Masters 2023,BOULDER Women,finished,2025-10-02 07:18:40 UTC,2026-04-22 08:52:44 UTC,,8719,boulder,Final,Women,finished,2023-11-23 17:35:58 UTC,/api/v1/category_rounds/8719/results,boulder_finals_one_by_one,IFSC: Finals,39,,,,,,,12037,3,/api/v1/routes/12037/startlist,
/api/v1/events/1351/result/415,1351,full_results_url,NEOM IFSC Masters 2023,BOULDER Women,finished,2025-10-02 07:18:40 UTC,2026-04-22 08:52:44 UTC,,8719,boulder,Final,Women,finished,2023-11-23 17:35:58 UTC,/api/v1/category_rounds/8719/results,boulder_finals_one_by_one,IFSC: Finals,39,,,,,,,12038,4,/api/v1/routes/12038/startlist,
/api/v1/events/1311/result/490,1311,full_results_url,IFSC Oceania Qualifier Melbourne 2023,SPEED Men,finished,2025-10-02 07:18:38 UTC,2026-04-22 08:52:48 UTC,,8568,speed,Qualification,Men,finished,2023-11-26 04:22:59 UTC,/api/v1/category_rounds/8568/results,speed_staggered,IFSC: Qualification,46,,,,,,,11523,A,/api/v1/routes/11523/startlist,
/api/v1/events/1311/result/490,1311,full_results_url,IFSC Oceania Qualifier Melbourne 2023,SPEED Men,finished,2025-10-02 07:18:38 UTC,2026-04-22 08:52:48 UTC,,8568,speed,Qualification,Men,finished,2023-11-26 04:22:59 UTC,/api/v1/category_rounds/8568/results,speed_staggered,IFSC: Qualification,46,,,,,,,11524,B,/api/v1/routes/11524/startlist,
/api/v1/events/1311/result/490,1311,full_results_url,IFSC Oceania Qualifier Melbourne 2023,SPEED Men,finished,2025-10-02 07:18:38 UTC,2026-04-22 08:52:48 UTC,,8570,speed,Final,Men,finished,2024-01-15 13:26:49 UTC,/api/v1/category_rounds/8570/results,speed_elimination_ifsc_2023,IFSC 2023+: Elimination,48,,,,,,,11527,A,/api/v1/routes/11527/startlist,
/api/v1/events/1311/result/490,1311,full_results_url,IFSC Oceania Qualifier Melbourne 2023,SPEED Men,finished,2025-10-02 07:18:38 UTC,2026-04-22 08:52:48 UTC,,8570,speed,Final,Men,finished,2024-01-15 13:26:49 UTC,/api/v1/category_rounds/8570/results,speed_elimination_ifsc_2023,IFSC 2023+: Elimination,48,,,,,,,11528,B,/api/v1/routes/11528/startlist,
/api/v1/events/1311/result/510,1311,full_results_url,IFSC Oceania Qualifier Melbourne 2023,SPEED Women,finished,2025-10-02 07:18:38 UTC,2026-04-22 08:52:51 UTC,,8569,speed,Qualification,Women,finished,2023-11-26 04:38:42 UTC,/api/v1/category_rounds/8569/results,speed_staggered,IFSC: Qualification,46,,,,,,,11525,A,/api/v1/routes/11525/startlist,
/api/v1/events/1311/result/510,1311,full_results_url,IFSC Oceania Qualifier Melbourne 2023,SPEED Women,finished,2025-10-02 07:18:38 UTC,2026-04-22 08:52:51 UTC,,8569,speed,Qualification,Women,finished,2023-11-26 04:38:42 UTC,/api/v1/category_rounds/8569/results,speed_staggered,IFSC: Qualification,46,,,,,,,11526,B,/api/v1/routes/11526/startlist,
/api/v1/events/1311/result/510,1311,full_results_url,IFSC Oceania Qualifier Melbourne 2023,SPEED Women,finished,2025-10-02 07:18:38 UTC,2026-04-22 08:52:51 UTC,,8571,speed,Final,Women,finished,2024-01-15 13:26:46 UTC,/api/v1/category_rounds/8571/results,speed_elimination_ifsc_2023,IFSC 2023+: Elimination,48,,,,,,,11529,A,/api/v1/routes/11529/startlist,
/api/v1/events/1311/result/510,1311,full_results_url,IFSC Oceania Qualifier Melbourne 2023,SPEED Women,finished,2025-10-02 07:18:38 UTC,2026-04-22 08:52:51 UTC,,8571,speed,Final,Women,finished,2024-01-15 13:26:46 UTC,/api/v1/category_rounds/8571/results,speed_elimination_ifsc_2023,IFSC 2023+: Elimination,48,,,,,,,11530,B,/api/v1/routes/11530/startlist,
/api/v1/events/1311/result/719,1311,full_results_url,IFSC Oceania Qualifier Melbourne 2023,BOULDER&LEAD Men,finished,2025-10-02 07:18:38 UTC,2026-04-22 08:52:54 UTC,,8564,boulder&lead,Semi-Final,Men,finished,2023-11-24 04:49:06 UTC,/api/v1/category_rounds/8564/results,bl_qualification,IFSC: Qualification,47,787.0,,boulder,finished,2023-11-24 04:45:48 UTC,/api/v1/combined_stages/787/results,11503,1,/api/v1/routes/11503/startlist,
/api/v1/events/1311/result/719,1311,full_results_url,IFSC Oceania Qualifier Melbourne 2023,BOULDER&LEAD Men,finished,2025-10-02 07:18:38 UTC,2026-04-22 08:52:54 UTC,,8564,boulder&lead,Semi-Final,Men,finished,2023-11-24 04:49:06 UTC,/api/v1/category_rounds/8564/results,bl_qualification,IFSC: Qualification,47,787.0,,boulder,finished,2023-11-24 04:45:48 UTC,/api/v1/combined_stages/787/results,11504,2,/api/v1/routes/11504/startlist,
/api/v1/events/1311/result/719,1311,full_results_url,IFSC Oceania Qualifier Melbourne 2023,BOULDER&LEAD Men,finished,2025-10-02 07:18:38 UTC,2026-04-22 08:52:54 UTC,,8564,boulder&lead,Semi-Final,Men,finished,2023-11-24 04:49:06 UTC,/api/v1/category_rounds/8564/results,bl_qualification,IFSC: Qualification,47,787.0,,boulder,finished,2023-11-24 04:45:48 UTC,/api/v1/combined_stages/787/results,11505,3,/api/v1/routes/11505/startlist,
/api/v1/events/1311/result/719,1311,full_results_url,IFSC Oceania Qualifier Melbourne 2023,BOULDER&LEAD Men,finished,2025-10-02 07:18:38 UTC,2026-04-22 08:52:54 UTC,,8564,boulder&lead,Semi-Final,Men,finished,2023-11-24 04:49:06 UTC,/api/v1/category_rounds/8564/results,bl_qualification,IFSC: Qualification,47,787.0,,boulder,finished,2023-11-24 04:45:48 UTC,/api/v1/combined_stages/787/results,11506,4,/api/v1/routes/11506/startlist,
/api/v1/events/1311/result/719,1311,full_results_url,IFSC Oceania Qualifier Melbourne 2023,BOULDER&LEAD Men,finished,2025-10-02 07:18:38 UTC,2026-04-22 08:52:54 UTC,,8564,boulder&lead,Semi-Final,Men,finished,2023-11-24 04:49:06 UTC,/api/v1/category_rounds/8564/results,bl_qualification,IFSC: Qualification,47,788.0,,lead,finished,2023-11-24 04:49:02 UTC,/api/v1/combined_stages/788/results,11507,1,/api/v1/routes/11507/startlist,/api/v1/routes/11507/results
/api/v1/events/1311/result/719,1311,full_results_url,IFSC Oceania Qualifier Melbourne 2023,BOULDER&LEAD Men,finished,2025-10-02 07:18:38 UTC,2026-04-22 08:52:54 UTC,,8566,boulder&lead,Final,Men,finished,2023-11-25 08:56:46 UTC,/api/v1/category_rounds/8566/results,bl_final,IFSC: Finals,48,791.0,,boulder,finished,2023-11-25 07:49:38 UTC,/api/v1/combined_stages/791/results,11513,1,/api/v1/routes/11513/startlist,
/api/v1/events/1311/result/719,1311,full_results_url,IFSC Oceania Qualifier Melbourne 2023,BOULDER&LEAD Men,finished,2025-10-02 07:18:38 UTC,2026-04-22 08:52:54 UTC,,8566,boulder&lead,Final,Men,finished,2023-11-25 08:56:46 UTC,/api/v1/category_rounds/8566/results,bl_final,IFSC: Finals,48,791.0,,boulder,finished,2023-11-25 07:49:38 UTC,/api/v1/combined_stages/791/results,11514,2,/api/v1/routes/11514/startlist,
/api/v1/events/1311/result/719,1311,full_results_url,IFSC Oceania Qualifier Melbourne 2023,BOULDER&LEAD Men,finished,2025-10-02 07:18:38 UTC,2026-04-22 08:52:54 UTC,,8566,boulder&lead,Final,Men,finished,2023-11-25 08:56:46 UTC,/api/v1/category_rounds/8566/results,bl_final,IFSC: Finals,48,791.0,,boulder,finished,2023-11-25 07:49:38 UTC,/api/v1/combined_stages/791/results,11515,3,/api/v1/routes/11515/startlist,
/api/v1/events/1311/result/719,1311,full_results_url,IFSC Oceania Qualifier Melbourne 2023,BOULDER&LEAD Men,finished,2025-10-02 07:18:38 UTC,2026-04-22 08:52:54 UTC,,8566,boulder&lead,Final,Men,finished,2023-11-25 08:56:46 UTC,/api/v1/category_rounds/8566/results,bl_final,IFSC: Finals,48,791.0,,boulder,finished,2023-11-25 07:49:38 UTC,/api/v1/combined_stages/791/results,11516,4,/api/v1/routes/11516/startlist,
/api/v1/events/1311/result/719,1311,full_results_url,IFSC Oceania Qualifier Melbourne 2023,BOULDER&LEAD Men,finished,2025-10-02 07:18:38 UTC,2026-04-22 08:52:54 UTC,,8566,boulder&lead,Final,Men,finished,2023-11-25 08:56:46 UTC,/api/v1/category_rounds/8566/results,bl_final,IFSC: Finals,48,792.0,,lead,finished,2023-11-25 08:56:38 UTC,/api/v1/combined_stages/792/results,11517,1,/api/v1/routes/11517/startlist,/api/v1/routes/11517/results
/api/v1/events/1311/result/724,1311,full_results_url,IFSC Oceania Qualifier Melbourne 2023,BOULDER&LEAD Women,finished,2025-10-02 07:18:38 UTC,2026-04-22 08:52:58 UTC,,8565,boulder&lead,Semi-Final,Women,finished,2023-11-24 04:48:01 UTC,/api/v1/category_rounds/8565/results,bl_qualification,IFSC: Qualification,47,789.0,,boulder,finished,2023-11-24 01:23:03 UTC,/api/v1/combined_stages/789/results,11508,1,/api/v1/routes/11508/startlist,
/api/v1/events/1311/result/724,1311,full_results_url,IFSC Oceania Qualifier Melbourne 2023,BOULDER&LEAD Women,finished,2025-10-02 07:18:38 UTC,2026-04-22 08:52:58 UTC,,8565,boulder&lead,Semi-Final,Women,finished,2023-11-24 04:48:01 UTC,/api/v1/category_rounds/8565/results,bl_qualification,IFSC: Qualification,47,789.0,,boulder,finished,2023-11-24 01:23:03 UTC,/api/v1/combined_stages/789/results,11509,2,/api/v1/routes/11509/startlist,
/api/v1/events/1311/result/724,1311,full_results_url,IFSC Oceania Qualifier Melbourne 2023,BOULDER&LEAD Women,finished,2025-10-02 07:18:38 UTC,2026-04-22 08:52:58 UTC,,8565,boulder&lead,Semi-Final,Women,finished,2023-11-24 04:48:01 UTC,/api/v1/category_rounds/8565/results,bl_qualification,IFSC: Qualification,47,789.0,,boulder,finished,2023-11-24 01:23:03 UTC,/api/v1/combined_stages/789/results,11510,3,/api/v1/routes/11510/startlist,
/api/v1/events/1311/result/724,1311,full_results_url,IFSC Oceania Qualifier Melbourne 2023,BOULDER&LEAD Women,finished,2025-10-02 07:18:38 UTC,2026-04-22 08:52:58 UTC,,8565,boulder&lead,Semi-Final,Women,finished,2023-11-24 04:48:01 UTC,/api/v1/category_rounds/8565/results,bl_qualification,IFSC: Qualification,47,789.0,,boulder,finished,2023-11-24 01:23:03 UTC,/api/v1/combined_stages/789/results,11511,4,/api/v1/routes/11511/startlist,
/api/v1/events/1311/result/724,1311,full_results_url,IFSC Oceania Qualifier Melbourne 2023,BOULDER&LEAD Women,finished,2025-10-02 07:18:38 UTC,2026-04-22 08:52:58 UTC,,8565,boulder&lead,Semi-Final,Women,finished,2023-11-24 04:48:01 UTC,/api/v1/category_rounds/8565/results,bl_qualification,IFSC: Qualification,47,790.0,,lead,finished,2023-11-24 04:47:40 UTC,/api/v1/combined_stages/790/results,11512,1,/api/v1/routes/11512/startlist,/api/v1/routes/11512/results
/api/v1/events/1311/result/724,1311,full_results_url,IFSC Oceania Qualifier Melbourne 2023,BOULDER&LEAD Women,finished,2025-10-02 07:18:38 UTC,2026-04-22 08:52:58 UTC,,8567,boulder&lead,Final,Women,finished,2023-11-25 08:58:05 UTC,/api/v1/category_rounds/8567/results,bl_final,IFSC: Finals,48,793.0,,boulder,finished,2023-11-25 07:55:35 UTC,/api/v1/combined_stages/793/results,11518,1,/api/v1/routes/11518/startlist,
/api/v1/events/1311/result/724,1311,full_results_url,IFSC Oceania Qualifier Melbourne 2023,BOULDER&LEAD Women,finished,2025-10-02 07:18:38 UTC,2026-04-22 08:52:58 UTC,,8567,boulder&lead,Final,Women,finished,2023-11-25 08:58:05 UTC,/api/v1/category_rounds/8567/results,bl_final,IFSC: Finals,48,793.0,,boulder,finished,2023-11-25 07:55:35 UTC,/api/v1/combined_stages/793/results,11519,2,/api/v1/routes/11519/startlist,
/api/v1/events/1311/result/724,1311,full_results_url,IFSC Oceania Qualifier Melbourne 2023,BOULDER&LEAD Women,finished,2025-10-02 07:18:38 UTC,2026-04-22 08:52:58 UTC,,8567,boulder&lead,Final,Women,finished,2023-11-25 08:58:05 UTC,/api/v1/category_rounds/8567/results,bl_final,IFSC: Finals,48,793.0,,boulder,finished,2023-11-25 07:55:35 UTC,/api/v1/combined_stages/793/results,11520,3,/api/v1/routes/11520/startlist,
/api/v1/events/1311/result/724,1311,full_results_url,IFSC Oceania Qualifier Melbourne 2023,BOULDER&LEAD Women,finished,2025-10-02 07:18:38 UTC,2026-04-22 08:52:58 UTC,,8567,boulder&lead,Final,Women,finished,2023-11-25 08:58:05 UTC,/api/v1/category_rounds/8567/results,bl_final,IFSC: Finals,48,793.0,,boulder,finished,2023-11-25 07:55:35 UTC,/api/v1/combined_stages/793/results,11521,4,/api/v1/routes/11521/startlist,
/api/v1/events/1311/result/724,1311,full_results_url,IFSC Oceania Qualifier Melbourne 2023,BOULDER&LEAD Women,finished,2025-10-02 07:18:38 UTC,2026-04-22 08:52:58 UTC,,8567,boulder&lead,Final,Women,finished,2023-11-25 08:58:05 UTC,/api/v1/category_rounds/8567/results,bl_final,IFSC: Finals,48,794.0,,lead,finished,2023-11-25 08:58:02 UTC,/api/v1/combined_stages/794/results,11522,1,/api/v1/routes/11522/startlist,/api/v1/routes/11522/results
/api/v1/events/1346/result/435,1346,full_results_url,IFSC South American Cup Curitiba 2023,BOULDER Men,finished,2025-10-02 07:18:40 UTC,2026-04-22 08:53:01 UTC,,8156,boulder,Qualification,Men,finished,2023-12-01 20:07:59 UTC,/api/v1/category_rounds/8156/results,boulder_one_group_one_boulder_set,IFSC: 1 group,40,,,,,,,10211,1,/api/v1/routes/10211/startlist,
/api/v1/events/1346/result/435,1346,full_results_url,IFSC South American Cup Curitiba 2023,BOULDER Men,finished,2025-10-02 07:18:40 UTC,2026-04-22 08:53:01 UTC,,8156,boulder,Qualification,Men,finished,2023-12-01 20:07:59 UTC,/api/v1/category_rounds/8156/results,boulder_one_group_one_boulder_set,IFSC: 1 group,40,,,,,,,10212,2,/api/v1/routes/10212/startlist,
/api/v1/events/1346/result/435,1346,full_results_url,IFSC South American Cup Curitiba 2023,BOULDER Men,finished,2025-10-02 07:18:40 UTC,2026-04-22 08:53:01 UTC,,8156,boulder,Qualification,Men,finished,2023-12-01 20:07:59 UTC,/api/v1/category_rounds/8156/results,boulder_one_group_one_boulder_set,IFSC: 1 group,40,,,,,,,10213,3,/api/v1/routes/10213/startlist,
/api/v1/events/1346/result/435,1346,full_results_url,IFSC South American Cup Curitiba 2023,BOULDER Men,finished,2025-10-02 07:18:40 UTC,2026-04-22 08:53:01 UTC,,8156,boulder,Qualification,Men,finished,2023-12-01 20:07:59 UTC,/api/v1/category_rounds/8156/results,boulder_one_group_one_boulder_set,IFSC: 1 group,40,,,,,,,10214,4,/api/v1/routes/10214/startlist,
/api/v1/events/1346/result/435,1346,full_results_url,IFSC South American Cup Curitiba 2023,BOULDER Men,finished,2025-10-02 07:18:40 UTC,2026-04-22 08:53:01 UTC,,8156,boulder,Qualification,Men,finished,2023-12-01 20:07:59 UTC,/api/v1/category_rounds/8156/results,boulder_one_group_one_boulder_set,IFSC: 1 group,40,,,,,,,10215,5,/api/v1/routes/10215/startlist,
/api/v1/events/1346/result/435,1346,full_results_url,IFSC South American Cup Curitiba 2023,BOULDER Men,finished,2025-10-02 07:18:40 UTC,2026-04-22 08:53:01 UTC,,8722,boulder,Semi Final,Men,finished,2023-12-03 16:24:06 UTC,/api/v1/category_rounds/8722/results,boulder_one_group_one_boulder_set,IFSC: 1 group,41,,,,,,,12043,1,/api/v1/routes/12043/startlist,
/api/v1/events/1346/result/435,1346,full_results_url,IFSC South American Cup Curitiba 2023,BOULDER Men,finished,2025-10-02 07:18:40 UTC,2026-04-22 08:53:01 UTC,,8722,boulder,Semi Final,Men,finished,2023-12-03 16:24:06 UTC,/api/v1/category_rounds/8722/results,boulder_one_group_one_boulder_set,IFSC: 1 group,41,,,,,,,12044,2,/api/v1/routes/12044/startlist,
/api/v1/events/1346/result/435,1346,full_results_url,IFSC South American Cup Curitiba 2023,BOULDER Men,finished,2025-10-02 07:18:40 UTC,2026-04-22 08:53:01 UTC,,8722,boulder,Semi Final,Men,finished,2023-12-03 16:24:06 UTC,/api/v1/category_rounds/8722/results,boulder_one_group_one_boulder_set,IFSC: 1 group,41,,,,,,,12045,3,/api/v1/routes/12045/startlist,
/api/v1/events/1346/result/435,1346,full_results_url,IFSC South American Cup Curitiba 2023,BOULDER Men,finished,2025-10-02 07:18:40 UTC,2026-04-22 08:53:01 UTC,,8722,boulder,Semi Final,Men,finished,2023-12-03 16:24:06 UTC,/api/v1/category_rounds/8722/results,boulder_one_group_one_boulder_set,IFSC: 1 group,41,,,,,,,12046,4,/api/v1/routes/12046/startlist,
/api/v1/events/1346/result/435,1346,full_results_url,IFSC South American Cup Curitiba 2023,BOULDER Men,finished,2025-10-02 07:18:40 UTC,2026-04-22 08:53:01 UTC,,8724,boulder,Final,Men,finished,2023-12-03 21:32:42 UTC,/api/v1/category_rounds/8724/results,boulder_one_group_one_boulder_set,IFSC: 1 group,42,,,,,,,12051,1,/api/v1/routes/12051/startlist,
/api/v1/events/1346/result/435,1346,full_results_url,IFSC South American Cup Curitiba 2023,BOULDER Men,finished,2025-10-02 07:18:40 UTC,2026-04-22 08:53:01 UTC,,8724,boulder,Final,Men,finished,2023-12-03 21:32:42 UTC,/api/v1/category_rounds/8724/results,boulder_one_group_one_boulder_set,IFSC: 1 group,42,,,,,,,12052,2,/api/v1/routes/12052/startlist,
/api/v1/events/1346/result/435,1346,full_results_url,IFSC South American Cup Curitiba 2023,BOULDER Men,finished,2025-10-02 07:18:40 UTC,2026-04-22 08:53:01 UTC,,8724,boulder,Final,Men,finished,2023-12-03 21:32:42 UTC,/api/v1/category_rounds/8724/results,boulder_one_group_one_boulder_set,IFSC: 1 group,42,,,,,,,12053,3,/api/v1/routes/12053/startlist,
/api/v1/events/1346/result/435,1346,full_results_url,IFSC South American Cup Curitiba 2023,BOULDER Men,finished,2025-10-02 07:18:40 UTC,2026-04-22 08:53:01 UTC,,8724,boulder,Final,Men,finished,2023-12-03 21:32:42 UTC,/api/v1/category_rounds/8724/results,boulder_one_group_one_boulder_set,IFSC: 1 group,42,,,,,,,12054,4,/api/v1/routes/12054/startlist,
/api/v1/events/1346/result/439,1346,full_results_url,IFSC South American Cup Curitiba 2023,BOULDER Women,finished,2025-10-02 07:18:40 UTC,2026-04-22 08:53:05 UTC,,8157,boulder,Qualification,Women,finished,2023-12-01 15:13:53 UTC,/api/v1/category_rounds/8157/results,boulder_one_group_one_boulder_set,IFSC: 1 group,40,,,,,,,10216,1,/api/v1/routes/10216/startlist,
/api/v1/events/1346/result/439,1346,full_results_url,IFSC South American Cup Curitiba 2023,BOULDER Women,finished,2025-10-02 07:18:40 UTC,2026-04-22 08:53:05 UTC,,8157,boulder,Qualification,Women,finished,2023-12-01 15:13:53 UTC,/api/v1/category_rounds/8157/results,boulder_one_group_one_boulder_set,IFSC: 1 group,40,,,,,,,10217,2,/api/v1/routes/10217/startlist,
/api/v1/events/1346/result/439,1346,full_results_url,IFSC South American Cup Curitiba 2023,BOULDER Women,finished,2025-10-02 07:18:40 UTC,2026-04-22 08:53:05 UTC,,8157,boulder,Qualification,Women,finished,2023-12-01 15:13:53 UTC,/api/v1/category_rounds/8157/results,boulder_one_group_one_boulder_set,IFSC: 1 group,40,,,,,,,10218,3,/api/v1/routes/10218/startlist,
/api/v1/events/1346/result/439,1346,full_results_url,IFSC South American Cup Curitiba 2023,BOULDER Women,finished,2025-10-02 07:18:40 UTC,2026-04-22 08:53:05 UTC,,8157,boulder,Qualification,Women,finished,2023-12-01 15:13:53 UTC,/api/v1/category_rounds/8157/results,boulder_one_group_one_boulder_set,IFSC: 1 group,40,,,,,,,10219,4,/api/v1/routes/10219/startlist,
/api/v1/events/1346/result/439,1346,full_results_url,IFSC South American Cup Curitiba 2023,BOULDER Women,finished,2025-10-02 07:18:40 UTC,2026-04-22 08:53:05 UTC,,8157,boulder,Qualification,Women,finished,2023-12-01 15:13:53 UTC,/api/v1/category_rounds/8157/results,boulder_one_group_one_boulder_set,IFSC: 1 group,40,,,,,,,10220,5,/api/v1/routes/10220/startlist,
/api/v1/events/1346/result/439,1346,full_results_url,IFSC South American Cup Curitiba 2023,BOULDER Women,finished,2025-10-02 07:18:40 UTC,2026-04-22 08:53:05 UTC,,8723,boulder,Semi Final,Women,finished,2023-12-02 18:57:02 UTC,/api/v1/category_rounds/8723/results,boulder_one_group_one_boulder_set,IFSC: 1 group,41,,,,,,,12047,1,/api/v1/routes/12047/startlist,
/api/v1/events/1346/result/439,1346,full_results_url,IFSC South American Cup Curitiba 2023,BOULDER Women,finished,2025-10-02 07:18:40 UTC,2026-04-22 08:53:05 UTC,,8723,boulder,Semi Final,Women,finished,2023-12-02 18:57:02 UTC,/api/v1/category_rounds/8723/results,boulder_one_group_one_boulder_set,IFSC: 1 group,41,,,,,,,12048,2,/api/v1/routes/12048/startlist,
/api/v1/events/1346/result/439,1346,full_results_url,IFSC South American Cup Curitiba 2023,BOULDER Women,finished,2025-10-02 07:18:40 UTC,2026-04-22 08:53:05 UTC,,8723,boulder,Semi Final,Women,finished,2023-12-02 18:57:02 UTC,/api/v1/category_rounds/8723/results,boulder_one_group_one_boulder_set,IFSC: 1 group,41,,,,,,,12049,3,/api/v1/routes/12049/startlist,
/api/v1/events/1346/result/439,1346,full_results_url,IFSC South American Cup Curitiba 2023,BOULDER Women,finished,2025-10-02 07:18:40 UTC,2026-04-22 08:53:05 UTC,,8723,boulder,Semi Final,Women,finished,2023-12-02 18:57:02 UTC,/api/v1/category_rounds/8723/results,boulder_one_group_one_boulder_set,IFSC: 1 group,41,,,,,,,12050,4,/api/v1/routes/12050/startlist,
/api/v1/events/1346/result/439,1346,full_results_url,IFSC South American Cup Curitiba 2023,BOULDER Women,finished,2025-10-02 07:18:40 UTC,2026-04-22 08:53:05 UTC,,8725,boulder,Final,Women,finished,2023-12-02 21:39:18 UTC,/api/v1/category_rounds/8725/results,boulder_one_group_one_boulder_set,IFSC: 1 group,42,,,,,,,12055,1,/api/v1/routes/12055/startlist,
/api/v1/events/1346/result/439,1346,full_results_url,IFSC South American Cup Curitiba 2023,BOULDER Women,finished,2025-10-02 07:18:40 UTC,2026-04-22 08:53:05 UTC,,8725,boulder,Final,Women,finished,2023-12-02 21:39:18 UTC,/api/v1/category_rounds/8725/results,boulder_one_group_one_boulder_set,IFSC: 1 group,42,,,,,,,12056,2,/api/v1/routes/12056/startlist,
/api/v1/events/1346/result/439,1346,full_results_url,IFSC South American Cup Curitiba 2023,BOULDER Women,finished,2025-10-02 07:18:40 UTC,2026-04-22 08:53:05 UTC,,8725,boulder,Final,Women,finished,2023-12-02 21:39:18 UTC,/api/v1/category_rounds/8725/results,boulder_one_group_one_boulder_set,IFSC: 1 group,42,,,,,,,12057,3,/api/v1/routes/12057/startlist,
/api/v1/events/1346/result/439,1346,full_results_url,IFSC South American Cup Curitiba 2023,BOULDER Women,finished,2025-10-02 07:18:40 UTC,2026-04-22 08:53:05 UTC,,8725,boulder,Final,Women,finished,2023-12-02 21:39:18 UTC,/api/v1/category_rounds/8725/results,boulder_one_group_one_boulder_set,IFSC: 1 group,42,,,,,,,12058,4,/api/v1/routes/12058/startlist,
/api/v1/events/1312/result/610,1312,full_results_url,IFSC African Qualifier Pretoria 2023,SPEED Men,finished,2025-10-02 07:18:38 UTC,2026-04-22 08:53:09 UTC,,7787,speed,Qualification,Men,finished,2023-12-07 13:41:40 UTC,/api/v1/category_rounds/7787/results,speed_staggered,IFSC: Qualification,52,,,,,,,8928,A,/api/v1/routes/8928/startlist,
/api/v1/events/1312/result/610,1312,full_results_url,IFSC African Qualifier Pretoria 2023,SPEED Men,finished,2025-10-02 07:18:38 UTC,2026-04-22 08:53:09 UTC,,7787,speed,Qualification,Men,finished,2023-12-07 13:41:40 UTC,/api/v1/category_rounds/7787/results,speed_staggered,IFSC: Qualification,52,,,,,,,8929,B,/api/v1/routes/8929/startlist,
/api/v1/events/1312/result/610,1312,full_results_url,IFSC African Qualifier Pretoria 2023,SPEED Men,finished,2025-10-02 07:18:38 UTC,2026-04-22 08:53:09 UTC,,8726,speed,Final,Men,finished,2024-01-15 15:11:30 UTC,/api/v1/category_rounds/8726/results,speed_elimination_ifsc_2023,IFSC 2023+: Elimination,54,,,,,,,12059,A,/api/v1/routes/12059/startlist,
/api/v1/events/1312/result/610,1312,full_results_url,IFSC African Qualifier Pretoria 2023,SPEED Men,finished,2025-10-02 07:18:38 UTC,2026-04-22 08:53:09 UTC,,8726,speed,Final,Men,finished,2024-01-15 15:11:30 UTC,/api/v1/category_rounds/8726/results,speed_elimination_ifsc_2023,IFSC 2023+: Elimination,54,,,,,,,12060,B,/api/v1/routes/12060/startlist,
/api/v1/events/1312/result/614,1312,full_results_url,IFSC African Qualifier Pretoria 2023,SPEED Women,finished,2025-10-02 07:18:38 UTC,2026-04-22 08:53:12 UTC,,7788,speed,Qualification,Women,finished,2023-12-07 13:43:12 UTC,/api/v1/category_rounds/7788/results,speed_staggered,IFSC: Qualification,52,,,,,,,8930,A,/api/v1/routes/8930/startlist,
/api/v1/events/1312/result/614,1312,full_results_url,IFSC African Qualifier Pretoria 2023,SPEED Women,finished,2025-10-02 07:18:38 UTC,2026-04-22 08:53:12 UTC,,7788,speed,Qualification,Women,finished,2023-12-07 13:43:12 UTC,/api/v1/category_rounds/7788/results,speed_staggered,IFSC: Qualification,52,,,,,,,8931,B,/api/v1/routes/8931/startlist,
/api/v1/events/1312/result/614,1312,full_results_url,IFSC African Qualifier Pretoria 2023,SPEED Women,finished,2025-10-02 07:18:38 UTC,2026-04-22 08:53:12 UTC,,8727,speed,Final,Women,finished,2023-12-07 14:38:27 UTC,/api/v1/category_rounds/8727/results,speed_elimination_ifsc_2023,IFSC 2023+: Elimination,54,,,,,,,12061,A,/api/v1/routes/12061/startlist,
/api/v1/events/1312/result/614,1312,full_results_url,IFSC African Qualifier Pretoria 2023,SPEED Women,finished,2025-10-02 07:18:38 UTC,2026-04-22 08:53:12 UTC,,8727,speed,Final,Women,finished,2023-12-07 14:38:27 UTC,/api/v1/category_rounds/8727/results,speed_elimination_ifsc_2023,IFSC 2023+: Elimination,54,,,,,,,12062,B,/api/v1/routes/12062/startlist,
/api/v1/events/1312/result/751,1312,full_results_url,IFSC African Qualifier Pretoria 2023,BOULDER&LEAD Men,finished,2025-10-02 07:18:38 UTC,2026-04-22 08:53:15 UTC,,8728,boulder&lead,Semi-Final,Men,finished,2023-12-08 15:27:51 UTC,/api/v1/category_rounds/8728/results,bl_qualification,IFSC: Qualification,53,851.0,,boulder,finished,2023-12-08 09:01:58 UTC,/api/v1/combined_stages/851/results,12063,1,/api/v1/routes/12063/startlist,
/api/v1/events/1312/result/751,1312,full_results_url,IFSC African Qualifier Pretoria 2023,BOULDER&LEAD Men,finished,2025-10-02 07:18:38 UTC,2026-04-22 08:53:15 UTC,,8728,boulder&lead,Semi-Final,Men,finished,2023-12-08 15:27:51 UTC,/api/v1/category_rounds/8728/results,bl_qualification,IFSC: Qualification,53,851.0,,boulder,finished,2023-12-08 09:01:58 UTC,/api/v1/combined_stages/851/results,12064,2,/api/v1/routes/12064/startlist,
/api/v1/events/1312/result/751,1312,full_results_url,IFSC African Qualifier Pretoria 2023,BOULDER&LEAD Men,finished,2025-10-02 07:18:38 UTC,2026-04-22 08:53:15 UTC,,8728,boulder&lead,Semi-Final,Men,finished,2023-12-08 15:27:51 UTC,/api/v1/category_rounds/8728/results,bl_qualification,IFSC: Qualification,53,851.0,,boulder,finished,2023-12-08 09:01:58 UTC,/api/v1/combined_stages/851/results,12065,3,/api/v1/routes/12065/startlist,
/api/v1/events/1312/result/751,1312,full_results_url,IFSC African Qualifier Pretoria 2023,BOULDER&LEAD Men,finished,2025-10-02 07:18:38 UTC,2026-04-22 08:53:15 UTC,,8728,boulder&lead,Semi-Final,Men,finished,2023-12-08 15:27:51 UTC,/api/v1/category_rounds/8728/results,bl_qualification,IFSC: Qualification,53,851.0,,boulder,finished,2023-12-08 09:01:58 UTC,/api/v1/combined_stages/851/results,12066,4,/api/v1/routes/12066/startlist,
/api/v1/events/1312/result/751,1312,full_results_url,IFSC African Qualifier Pretoria 2023,BOULDER&LEAD Men,finished,2025-10-02 07:18:38 UTC,2026-04-22 08:53:15 UTC,,8728,boulder&lead,Semi-Final,Men,finished,2023-12-08 15:27:51 UTC,/api/v1/category_rounds/8728/results,bl_qualification,IFSC: Qualification,53,852.0,,lead,finished,2023-12-08 15:23:54 UTC,/api/v1/combined_stages/852/results,12067,1,/api/v1/routes/12067/startlist,/api/v1/routes/12067/results
/api/v1/events/1312/result/751,1312,full_results_url,IFSC African Qualifier Pretoria 2023,BOULDER&LEAD Men,finished,2025-10-02 07:18:38 UTC,2026-04-22 08:53:15 UTC,,8730,boulder&lead,Final,Men,finished,2023-12-09 17:38:47 UTC,/api/v1/category_rounds/8730/results,bl_final,IFSC: Finals,54,855.0,,boulder,finished,2023-12-09 16:34:42 UTC,/api/v1/combined_stages/855/results,12073,1,/api/v1/routes/12073/startlist,
/api/v1/events/1312/result/751,1312,full_results_url,IFSC African Qualifier Pretoria 2023,BOULDER&LEAD Men,finished,2025-10-02 07:18:38 UTC,2026-04-22 08:53:15 UTC,,8730,boulder&lead,Final,Men,finished,2023-12-09 17:38:47 UTC,/api/v1/category_rounds/8730/results,bl_final,IFSC: Finals,54,855.0,,boulder,finished,2023-12-09 16:34:42 UTC,/api/v1/combined_stages/855/results,12074,2,/api/v1/routes/12074/startlist,
/api/v1/events/1312/result/751,1312,full_results_url,IFSC African Qualifier Pretoria 2023,BOULDER&LEAD Men,finished,2025-10-02 07:18:38 UTC,2026-04-22 08:53:15 UTC,,8730,boulder&lead,Final,Men,finished,2023-12-09 17:38:47 UTC,/api/v1/category_rounds/8730/results,bl_final,IFSC: Finals,54,855.0,,boulder,finished,2023-12-09 16:34:42 UTC,/api/v1/combined_stages/855/results,12075,3,/api/v1/routes/12075/startlist,
/api/v1/events/1312/result/751,1312,full_results_url,IFSC African Qualifier Pretoria 2023,BOULDER&LEAD Men,finished,2025-10-02 07:18:38 UTC,2026-04-22 08:53:15 UTC,,8730,boulder&lead,Final,Men,finished,2023-12-09 17:38:47 UTC,/api/v1/category_rounds/8730/results,bl_final,IFSC: Finals,54,855.0,,boulder,finished,2023-12-09 16:34:42 UTC,/api/v1/combined_stages/855/results,12076,4,/api/v1/routes/12076/startlist,
/api/v1/events/1312/result/751,1312,full_results_url,IFSC African Qualifier Pretoria 2023,BOULDER&LEAD Men,finished,2025-10-02 07:18:38 UTC,2026-04-22 08:53:15 UTC,,8730,boulder&lead,Final,Men,finished,2023-12-09 17:38:47 UTC,/api/v1/category_rounds/8730/results,bl_final,IFSC: Finals,54,856.0,,lead,finished,2023-12-09 17:38:42 UTC,/api/v1/combined_stages/856/results,12077,1,/api/v1/routes/12077/startlist,/api/v1/routes/12077/results
/api/v1/events/1312/result/752,1312,full_results_url,IFSC African Qualifier Pretoria 2023,BOULDER&LEAD Women,finished,2025-10-02 07:18:38 UTC,2026-04-22 08:53:18 UTC,,8729,boulder&lead,Semi-Final,Women,finished,2023-12-07 17:42:15 UTC,/api/v1/category_rounds/8729/results,bl_qualification,IFSC: Qualification,53,853.0,,boulder,finished,2023-12-07 13:40:35 UTC,/api/v1/combined_stages/853/results,12068,1,/api/v1/routes/12068/startlist,
/api/v1/events/1312/result/752,1312,full_results_url,IFSC African Qualifier Pretoria 2023,BOULDER&LEAD Women,finished,2025-10-02 07:18:38 UTC,2026-04-22 08:53:18 UTC,,8729,boulder&lead,Semi-Final,Women,finished,2023-12-07 17:42:15 UTC,/api/v1/category_rounds/8729/results,bl_qualification,IFSC: Qualification,53,853.0,,boulder,finished,2023-12-07 13:40:35 UTC,/api/v1/combined_stages/853/results,12069,2,/api/v1/routes/12069/startlist,
/api/v1/events/1312/result/752,1312,full_results_url,IFSC African Qualifier Pretoria 2023,BOULDER&LEAD Women,finished,2025-10-02 07:18:38 UTC,2026-04-22 08:53:18 UTC,,8729,boulder&lead,Semi-Final,Women,finished,2023-12-07 17:42:15 UTC,/api/v1/category_rounds/8729/results,bl_qualification,IFSC: Qualification,53,853.0,,boulder,finished,2023-12-07 13:40:35 UTC,/api/v1/combined_stages/853/results,12070,3,/api/v1/routes/12070/startlist,
/api/v1/events/1312/result/752,1312,full_results_url,IFSC African Qualifier Pretoria 2023,BOULDER&LEAD Women,finished,2025-10-02 07:18:38 UTC,2026-04-22 08:53:18 UTC,,8729,boulder&lead,Semi-Final,Women,finished,2023-12-07 17:42:15 UTC,/api/v1/category_rounds/8729/results,bl_qualification,IFSC: Qualification,53,853.0,,boulder,finished,2023-12-07 13:40:35 UTC,/api/v1/combined_stages/853/results,12071,4,/api/v1/routes/12071/startlist,
/api/v1/events/1312/result/752,1312,full_results_url,IFSC African Qualifier Pretoria 2023,BOULDER&LEAD Women,finished,2025-10-02 07:18:38 UTC,2026-04-22 08:53:18 UTC,,8729,boulder&lead,Semi-Final,Women,finished,2023-12-07 17:42:15 UTC,/api/v1/category_rounds/8729/results,bl_qualification,IFSC: Qualification,53,854.0,,lead,finished,2023-12-07 17:36:24 UTC,/api/v1/combined_stages/854/results,12072,Semifinal-women,/api/v1/routes/12072/startlist,/api/v1/routes/12072/results
/api/v1/events/1312/result/752,1312,full_results_url,IFSC African Qualifier Pretoria 2023,BOULDER&LEAD Women,finished,2025-10-02 07:18:38 UTC,2026-04-22 08:53:18 UTC,,8731,boulder&lead,Final,Women,finished,2023-12-09 09:40:55 UTC,/api/v1/category_rounds/8731/results,bl_final,IFSC: Finals,54,857.0,,boulder,finished,2023-12-09 08:34:19 UTC,/api/v1/combined_stages/857/results,12078,1,/api/v1/routes/12078/startlist,
/api/v1/events/1312/result/752,1312,full_results_url,IFSC African Qualifier Pretoria 2023,BOULDER&LEAD Women,finished,2025-10-02 07:18:38 UTC,2026-04-22 08:53:18 UTC,,8731,boulder&lead,Final,Women,finished,2023-12-09 09:40:55 UTC,/api/v1/category_rounds/8731/results,bl_final,IFSC: Finals,54,857.0,,boulder,finished,2023-12-09 08:34:19 UTC,/api/v1/combined_stages/857/results,12079,2,/api/v1/routes/12079/startlist,
/api/v1/events/1312/result/752,1312,full_results_url,IFSC African Qualifier Pretoria 2023,BOULDER&LEAD Women,finished,2025-10-02 07:18:38 UTC,2026-04-22 08:53:18 UTC,,8731,boulder&lead,Final,Women,finished,2023-12-09 09:40:55 UTC,/api/v1/category_rounds/8731/results,bl_final,IFSC: Finals,54,857.0,,boulder,finished,2023-12-09 08:34:19 UTC,/api/v1/combined_stages/857/results,12080,3,/api/v1/routes/12080/startlist,
/api/v1/events/1312/result/752,1312,full_results_url,IFSC African Qualifier Pretoria 2023,BOULDER&LEAD Women,finished,2025-10-02 07:18:38 UTC,2026-04-22 08:53:18 UTC,,8731,boulder&lead,Final,Women,finished,2023-12-09 09:40:55 UTC,/api/v1/category_rounds/8731/results,bl_final,IFSC: Finals,54,857.0,,boulder,finished,2023-12-09 08:34:19 UTC,/api/v1/combined_stages/857/results,12081,4,/api/v1/routes/12081/startlist,
/api/v1/events/1312/result/752,1312,full_results_url,IFSC African Qualifier Pretoria 2023,BOULDER&LEAD Women,finished,2025-10-02 07:18:38 UTC,2026-04-22 08:53:18 UTC,,8731,boulder&lead,Final,Women,finished,2023-12-09 09:40:55 UTC,/api/v1/category_rounds/8731/results,bl_final,IFSC: Finals,54,858.0,,lead,finished,2023-12-09 09:40:50 UTC,/api/v1/combined_stages/858/results,12082,1,/api/v1/routes/12082/startlist,/api/v1/routes/12082/results
/api/v1/events/1344/result/187,1344,full_results_url,IFSC Asian Cup Riyadh 2023,BOULDER Men,finished,2025-10-02 07:18:40 UTC,2026-04-22 08:53:22 UTC,,8062,boulder,Qualification,Men,finished,2023-12-15 15:12:11 UTC,/api/v1/category_rounds/8062/results,boulder_one_group_one_boulder_set,IFSC: 1 group,10,,,,,,,9729,1,/api/v1/routes/9729/startlist,
/api/v1/events/1344/result/187,1344,full_results_url,IFSC Asian Cup Riyadh 2023,BOULDER Men,finished,2025-10-02 07:18:40 UTC,2026-04-22 08:53:22 UTC,,8062,boulder,Qualification,Men,finished,2023-12-15 15:12:11 UTC,/api/v1/category_rounds/8062/results,boulder_one_group_one_boulder_set,IFSC: 1 group,10,,,,,,,9730,2,/api/v1/routes/9730/startlist,
/api/v1/events/1344/result/187,1344,full_results_url,IFSC Asian Cup Riyadh 2023,BOULDER Men,finished,2025-10-02 07:18:40 UTC,2026-04-22 08:53:22 UTC,,8062,boulder,Qualification,Men,finished,2023-12-15 15:12:11 UTC,/api/v1/category_rounds/8062/results,boulder_one_group_one_boulder_set,IFSC: 1 group,10,,,,,,,9731,3,/api/v1/routes/9731/startlist,
/api/v1/events/1344/result/187,1344,full_results_url,IFSC Asian Cup Riyadh 2023,BOULDER Men,finished,2025-10-02 07:18:40 UTC,2026-04-22 08:53:22 UTC,,8062,boulder,Qualification,Men,finished,2023-12-15 15:12:11 UTC,/api/v1/category_rounds/8062/results,boulder_one_group_one_boulder_set,IFSC: 1 group,10,,,,,,,9732,4,/api/v1/routes/9732/startlist,
/api/v1/events/1344/result/187,1344,full_results_url,IFSC Asian Cup Riyadh 2023,BOULDER Men,finished,2025-10-02 07:18:40 UTC,2026-04-22 08:53:22 UTC,,8062,boulder,Qualification,Men,finished,2023-12-15 15:12:11 UTC,/api/v1/category_rounds/8062/results,boulder_one_group_one_boulder_set,IFSC: 1 group,10,,,,,,,9733,5,/api/v1/routes/9733/startlist,
/api/v1/events/1344/result/187,1344,full_results_url,IFSC Asian Cup Riyadh 2023,BOULDER Men,finished,2025-10-02 07:18:40 UTC,2026-04-22 08:53:22 UTC,,8734,boulder,Semi-Final,Men,finished,2023-12-16 08:15:16 UTC,/api/v1/category_rounds/8734/results,boulder_one_group_one_boulder_set,IFSC: 1 group,11,,,,,,,12087,1,/api/v1/routes/12087/startlist,
/api/v1/events/1344/result/187,1344,full_results_url,IFSC Asian Cup Riyadh 2023,BOULDER Men,finished,2025-10-02 07:18:40 UTC,2026-04-22 08:53:22 UTC,,8734,boulder,Semi-Final,Men,finished,2023-12-16 08:15:16 UTC,/api/v1/category_rounds/8734/results,boulder_one_group_one_boulder_set,IFSC: 1 group,11,,,,,,,12088,2,/api/v1/routes/12088/startlist,
/api/v1/events/1344/result/187,1344,full_results_url,IFSC Asian Cup Riyadh 2023,BOULDER Men,finished,2025-10-02 07:18:40 UTC,2026-04-22 08:53:22 UTC,,8734,boulder,Semi-Final,Men,finished,2023-12-16 08:15:16 UTC,/api/v1/category_rounds/8734/results,boulder_one_group_one_boulder_set,IFSC: 1 group,11,,,,,,,12089,3,/api/v1/routes/12089/startlist,
/api/v1/events/1344/result/187,1344,full_results_url,IFSC Asian Cup Riyadh 2023,BOULDER Men,finished,2025-10-02 07:18:40 UTC,2026-04-22 08:53:22 UTC,,8734,boulder,Semi-Final,Men,finished,2023-12-16 08:15:16 UTC,/api/v1/category_rounds/8734/results,boulder_one_group_one_boulder_set,IFSC: 1 group,11,,,,,,,12090,4,/api/v1/routes/12090/startlist,
/api/v1/events/1344/result/187,1344,full_results_url,IFSC Asian Cup Riyadh 2023,BOULDER Men,finished,2025-10-02 07:18:40 UTC,2026-04-22 08:53:22 UTC,,8736,boulder,Final,Men,finished,2023-12-16 16:48:04 UTC,/api/v1/category_rounds/8736/results,boulder_one_group_one_boulder_set,IFSC: 1 group,12,,,,,,,12095,1,/api/v1/routes/12095/startlist,
/api/v1/events/1344/result/187,1344,full_results_url,IFSC Asian Cup Riyadh 2023,BOULDER Men,finished,2025-10-02 07:18:40 UTC,2026-04-22 08:53:22 UTC,,8736,boulder,Final,Men,finished,2023-12-16 16:48:04 UTC,/api/v1/category_rounds/8736/results,boulder_one_group_one_boulder_set,IFSC: 1 group,12,,,,,,,12096,2,/api/v1/routes/12096/startlist,
/api/v1/events/1344/result/187,1344,full_results_url,IFSC Asian Cup Riyadh 2023,BOULDER Men,finished,2025-10-02 07:18:40 UTC,2026-04-22 08:53:22 UTC,,8736,boulder,Final,Men,finished,2023-12-16 16:48:04 UTC,/api/v1/category_rounds/8736/results,boulder_one_group_one_boulder_set,IFSC: 1 group,12,,,,,,,12097,3,/api/v1/routes/12097/startlist,
/api/v1/events/1344/result/187,1344,full_results_url,IFSC Asian Cup Riyadh 2023,BOULDER Men,finished,2025-10-02 07:18:40 UTC,2026-04-22 08:53:22 UTC,,8736,boulder,Final,Men,finished,2023-12-16 16:48:04 UTC,/api/v1/category_rounds/8736/results,boulder_one_group_one_boulder_set,IFSC: 1 group,12,,,,,,,12098,4,/api/v1/routes/12098/startlist,
/api/v1/events/1344/result/191,1344,full_results_url,IFSC Asian Cup Riyadh 2023,BOULDER Women,finished,2025-10-02 07:18:40 UTC,2026-04-22 08:53:26 UTC,,8063,boulder,Qualification,Women,finished,2023-12-15 08:15:28 UTC,/api/v1/category_rounds/8063/results,boulder_one_group_one_boulder_set,IFSC: 1 group,10,,,,,,,9734,1,/api/v1/routes/9734/startlist,
/api/v1/events/1344/result/191,1344,full_results_url,IFSC Asian Cup Riyadh 2023,BOULDER Women,finished,2025-10-02 07:18:40 UTC,2026-04-22 08:53:26 UTC,,8063,boulder,Qualification,Women,finished,2023-12-15 08:15:28 UTC,/api/v1/category_rounds/8063/results,boulder_one_group_one_boulder_set,IFSC: 1 group,10,,,,,,,9735,2,/api/v1/routes/9735/startlist,
/api/v1/events/1344/result/191,1344,full_results_url,IFSC Asian Cup Riyadh 2023,BOULDER Women,finished,2025-10-02 07:18:40 UTC,2026-04-22 08:53:26 UTC,,8063,boulder,Qualification,Women,finished,2023-12-15 08:15:28 UTC,/api/v1/category_rounds/8063/results,boulder_one_group_one_boulder_set,IFSC: 1 group,10,,,,,,,9736,3,/api/v1/routes/9736/startlist,
/api/v1/events/1344/result/191,1344,full_results_url,IFSC Asian Cup Riyadh 2023,BOULDER Women,finished,2025-10-02 07:18:40 UTC,2026-04-22 08:53:26 UTC,,8063,boulder,Qualification,Women,finished,2023-12-15 08:15:28 UTC,/api/v1/category_rounds/8063/results,boulder_one_group_one_boulder_set,IFSC: 1 group,10,,,,,,,9737,4,/api/v1/routes/9737/startlist,
/api/v1/events/1344/result/191,1344,full_results_url,IFSC Asian Cup Riyadh 2023,BOULDER Women,finished,2025-10-02 07:18:40 UTC,2026-04-22 08:53:26 UTC,,8063,boulder,Qualification,Women,finished,2023-12-15 08:15:28 UTC,/api/v1/category_rounds/8063/results,boulder_one_group_one_boulder_set,IFSC: 1 group,10,,,,,,,9738,5,/api/v1/routes/9738/startlist,
/api/v1/events/1344/result/191,1344,full_results_url,IFSC Asian Cup Riyadh 2023,BOULDER Women,finished,2025-10-02 07:18:40 UTC,2026-04-22 08:53:26 UTC,,8735,boulder,Semi-Final,Women,finished,2023-12-15 19:07:14 UTC,/api/v1/category_rounds/8735/results,boulder_one_group_one_boulder_set,IFSC: 1 group,11,,,,,,,12091,1,/api/v1/routes/12091/startlist,
/api/v1/events/1344/result/191,1344,full_results_url,IFSC Asian Cup Riyadh 2023,BOULDER Women,finished,2025-10-02 07:18:40 UTC,2026-04-22 08:53:26 UTC,,8735,boulder,Semi-Final,Women,finished,2023-12-15 19:07:14 UTC,/api/v1/category_rounds/8735/results,boulder_one_group_one_boulder_set,IFSC: 1 group,11,,,,,,,12092,2,/api/v1/routes/12092/startlist,
/api/v1/events/1344/result/191,1344,full_results_url,IFSC Asian Cup Riyadh 2023,BOULDER Women,finished,2025-10-02 07:18:40 UTC,2026-04-22 08:53:26 UTC,,8735,boulder,Semi-Final,Women,finished,2023-12-15 19:07:14 UTC,/api/v1/category_rounds/8735/results,boulder_one_group_one_boulder_set,IFSC: 1 group,11,,,,,,,12093,3,/api/v1/routes/12093/startlist,
/api/v1/events/1344/result/191,1344,full_results_url,IFSC Asian Cup Riyadh 2023,BOULDER Women,finished,2025-10-02 07:18:40 UTC,2026-04-22 08:53:26 UTC,,8735,boulder,Semi-Final,Women,finished,2023-12-15 19:07:14 UTC,/api/v1/category_rounds/8735/results,boulder_one_group_one_boulder_set,IFSC: 1 group,11,,,,,,,12094,4,/api/v1/routes/12094/startlist,
/api/v1/events/1344/result/191,1344,full_results_url,IFSC Asian Cup Riyadh 2023,BOULDER Women,finished,2025-10-02 07:18:40 UTC,2026-04-22 08:53:26 UTC,,8737,boulder,Final,Women,finished,2023-12-16 12:40:48 UTC,/api/v1/category_rounds/8737/results,boulder_one_group_one_boulder_set,IFSC: 1 group,12,,,,,,,12099,1,/api/v1/routes/12099/startlist,
/api/v1/events/1344/result/191,1344,full_results_url,IFSC Asian Cup Riyadh 2023,BOULDER Women,finished,2025-10-02 07:18:40 UTC,2026-04-22 08:53:26 UTC,,8737,boulder,Final,Women,finished,2023-12-16 12:40:48 UTC,/api/v1/category_rounds/8737/results,boulder_one_group_one_boulder_set,IFSC: 1 group,12,,,,,,,12100,2,/api/v1/routes/12100/startlist,
/api/v1/events/1344/result/191,1344,full_results_url,IFSC Asian Cup Riyadh 2023,BOULDER Women,finished,2025-10-02 07:18:40 UTC,2026-04-22 08:53:26 UTC,,8737,boulder,Final,Women,finished,2023-12-16 12:40:48 UTC,/api/v1/category_rounds/8737/results,boulder_one_group_one_boulder_set,IFSC: 1 group,12,,,,,,,12101,3,/api/v1/routes/12101/startlist,
/api/v1/events/1344/result/191,1344,full_results_url,IFSC Asian Cup Riyadh 2023,BOULDER Women,finished,2025-10-02 07:18:40 UTC,2026-04-22 08:53:26 UTC,,8737,boulder,Final,Women,finished,2023-12-16 12:40:48 UTC,/api/v1/category_rounds/8737/results,boulder_one_group_one_boulder_set,IFSC: 1 group,12,,,,,,,12102,4,/api/v1/routes/12102/startlist,
/api/v1/events/1344/result/186,1344,full_results_url,IFSC Asian Cup Riyadh 2023,SPEED Men,finished,2025-10-02 07:18:40 UTC,2026-04-22 08:53:29 UTC,,8064,speed,Qualification,Men,finished,2023-12-12 08:48:34 UTC,/api/v1/category_rounds/8064/results,speed_staggered,IFSC: Qualification,10,,,,,,,9739,A,/api/v1/routes/9739/startlist,
/api/v1/events/1344/result/186,1344,full_results_url,IFSC Asian Cup Riyadh 2023,SPEED Men,finished,2025-10-02 07:18:40 UTC,2026-04-22 08:53:29 UTC,,8064,speed,Qualification,Men,finished,2023-12-12 08:48:34 UTC,/api/v1/category_rounds/8064/results,speed_staggered,IFSC: Qualification,10,,,,,,,9740,B,/api/v1/routes/9740/startlist,
/api/v1/events/1344/result/186,1344,full_results_url,IFSC Asian Cup Riyadh 2023,SPEED Men,finished,2025-10-02 07:18:40 UTC,2026-04-22 08:53:29 UTC,,8732,speed,Final,Men,finished,2024-01-15 12:07:03 UTC,/api/v1/category_rounds/8732/results,speed_elimination_ifsc_2023,IFSC 2023+: Elimination,12,,,,,,,12083,A,/api/v1/routes/12083/startlist,
/api/v1/events/1344/result/186,1344,full_results_url,IFSC Asian Cup Riyadh 2023,SPEED Men,finished,2025-10-02 07:18:40 UTC,2026-04-22 08:53:29 UTC,,8732,speed,Final,Men,finished,2024-01-15 12:07:03 UTC,/api/v1/category_rounds/8732/results,speed_elimination_ifsc_2023,IFSC 2023+: Elimination,12,,,,,,,12084,B,/api/v1/routes/12084/startlist,
/api/v1/events/1344/result/190,1344,full_results_url,IFSC Asian Cup Riyadh 2023,SPEED Women,finished,2025-10-02 07:18:40 UTC,2026-04-22 08:53:32 UTC,,8065,speed,Qualification,Women,finished,2023-12-12 08:29:02 UTC,/api/v1/category_rounds/8065/results,speed_staggered,IFSC: Qualification,10,,,,,,,9741,A,/api/v1/routes/9741/startlist,
/api/v1/events/1344/result/190,1344,full_results_url,IFSC Asian Cup Riyadh 2023,SPEED Women,finished,2025-10-02 07:18:40 UTC,2026-04-22 08:53:32 UTC,,8065,speed,Qualification,Women,finished,2023-12-12 08:29:02 UTC,/api/v1/category_rounds/8065/results,speed_staggered,IFSC: Qualification,10,,,,,,,9742,B,/api/v1/routes/9742/startlist,
/api/v1/events/1344/result/190,1344,full_results_url,IFSC Asian Cup Riyadh 2023,SPEED Women,finished,2025-10-02 07:18:40 UTC,2026-04-22 08:53:32 UTC,,8733,speed,Final,Women,finished,2023-12-12 15:52:09 UTC,/api/v1/category_rounds/8733/results,speed_elimination_ifsc_2023,IFSC 2023+: Elimination,12,,,,,,,12085,A,/api/v1/routes/12085/startlist,
/api/v1/events/1344/result/190,1344,full_results_url,IFSC Asian Cup Riyadh 2023,SPEED Women,finished,2025-10-02 07:18:40 UTC,2026-04-22 08:53:32 UTC,,8733,speed,Final,Women,finished,2023-12-12 15:52:09 UTC,/api/v1/category_rounds/8733/results,speed_elimination_ifsc_2023,IFSC 2023+: Elimination,12,,,,,,,12086,B,/api/v1/routes/12086/startlist,
/api/v1/events/1344/result/185,1344,full_results_url,IFSC Asian Cup Riyadh 2023,LEAD Men,finished,2025-10-02 07:18:40 UTC,2026-04-22 08:53:36 UTC,,8066,lead,Qualification,Men,finished,2023-12-13 13:52:38 UTC,/api/v1/category_rounds/8066/results,lead_one_group_two_routes,IFSC: 2 routes,10,,,,,,,9743,1,/api/v1/routes/9743/startlist,/api/v1/routes/9743/results
/api/v1/events/1344/result/185,1344,full_results_url,IFSC Asian Cup Riyadh 2023,LEAD Men,finished,2025-10-02 07:18:40 UTC,2026-04-22 08:53:36 UTC,,8066,lead,Qualification,Men,finished,2023-12-13 13:52:38 UTC,/api/v1/category_rounds/8066/results,lead_one_group_two_routes,IFSC: 2 routes,10,,,,,,,9744,2,/api/v1/routes/9744/startlist,/api/v1/routes/9744/results
/api/v1/events/1344/result/185,1344,full_results_url,IFSC Asian Cup Riyadh 2023,LEAD Men,finished,2025-10-02 07:18:40 UTC,2026-04-22 08:53:36 UTC,,8738,lead,Semi-Final,Men,finished,2023-12-14 08:51:07 UTC,/api/v1/category_rounds/8738/results,lead_one_group_one_route,IFSC: 1 route,11,,,,,,,12103,1,/api/v1/routes/12103/startlist,/api/v1/routes/12103/results
/api/v1/events/1344/result/185,1344,full_results_url,IFSC Asian Cup Riyadh 2023,LEAD Men,finished,2025-10-02 07:18:40 UTC,2026-04-22 08:53:36 UTC,,8740,lead,Final,Men,finished,2023-12-14 16:40:52 UTC,/api/v1/category_rounds/8740/results,lead_one_group_one_route,IFSC: 1 route,12,,,,,,,12105,1,/api/v1/routes/12105/startlist,/api/v1/routes/12105/results
/api/v1/events/1344/result/189,1344,full_results_url,IFSC Asian Cup Riyadh 2023,LEAD Women,finished,2025-10-02 07:18:40 UTC,2026-04-22 08:53:39 UTC,,8067,lead,Qualification,Women,finished,2023-12-13 08:42:23 UTC,/api/v1/category_rounds/8067/results,lead_one_group_two_routes,IFSC: 2 routes,10,,,,,,,9745,1,/api/v1/routes/9745/startlist,/api/v1/routes/9745/results
/api/v1/events/1344/result/189,1344,full_results_url,IFSC Asian Cup Riyadh 2023,LEAD Women,finished,2025-10-02 07:18:40 UTC,2026-04-22 08:53:39 UTC,,8067,lead,Qualification,Women,finished,2023-12-13 08:42:23 UTC,/api/v1/category_rounds/8067/results,lead_one_group_two_routes,IFSC: 2 routes,10,,,,,,,9746,2,/api/v1/routes/9746/startlist,/api/v1/routes/9746/results
/api/v1/events/1344/result/189,1344,full_results_url,IFSC Asian Cup Riyadh 2023,LEAD Women,finished,2025-10-02 07:18:40 UTC,2026-04-22 08:53:39 UTC,,8739,lead,Semi-Final,Women,finished,2023-12-14 08:53:38 UTC,/api/v1/category_rounds/8739/results,lead_one_group_one_route,IFSC: 1 route,11,,,,,,,12104,1,/api/v1/routes/12104/startlist,/api/v1/routes/12104/results
/api/v1/events/1344/result/189,1344,full_results_url,IFSC Asian Cup Riyadh 2023,LEAD Women,finished,2025-10-02 07:18:40 UTC,2026-04-22 08:53:39 UTC,,8741,lead,Final,Women,finished,2023-12-14 15:48:02 UTC,/api/v1/category_rounds/8741/results,lead_one_group_one_route,IFSC: 1 route,12,,,,,,,12106,1,/api/v1/routes/12106/startlist,/api/v1/routes/12106/results
/api/v1/events/1347/result/435,1347,full_results_url,IFSC South American Cup Mar del Plata 2023,BOULDER Men,finished,2025-10-02 07:18:40 UTC,2026-04-22 08:53:42 UTC,,8158,boulder,Qualification,Men,finished,2023-12-15 16:55:50 UTC,/api/v1/category_rounds/8158/results,boulder_one_group_one_boulder_set,IFSC: 1 group,40,,,,,,,10221,1,/api/v1/routes/10221/startlist,
/api/v1/events/1347/result/435,1347,full_results_url,IFSC South American Cup Mar del Plata 2023,BOULDER Men,finished,2025-10-02 07:18:40 UTC,2026-04-22 08:53:42 UTC,,8158,boulder,Qualification,Men,finished,2023-12-15 16:55:50 UTC,/api/v1/category_rounds/8158/results,boulder_one_group_one_boulder_set,IFSC: 1 group,40,,,,,,,10222,2,/api/v1/routes/10222/startlist,
/api/v1/events/1347/result/435,1347,full_results_url,IFSC South American Cup Mar del Plata 2023,BOULDER Men,finished,2025-10-02 07:18:40 UTC,2026-04-22 08:53:42 UTC,,8158,boulder,Qualification,Men,finished,2023-12-15 16:55:50 UTC,/api/v1/category_rounds/8158/results,boulder_one_group_one_boulder_set,IFSC: 1 group,40,,,,,,,10223,3,/api/v1/routes/10223/startlist,
/api/v1/events/1347/result/435,1347,full_results_url,IFSC South American Cup Mar del Plata 2023,BOULDER Men,finished,2025-10-02 07:18:40 UTC,2026-04-22 08:53:42 UTC,,8158,boulder,Qualification,Men,finished,2023-12-15 16:55:50 UTC,/api/v1/category_rounds/8158/results,boulder_one_group_one_boulder_set,IFSC: 1 group,40,,,,,,,10224,4,/api/v1/routes/10224/startlist,
/api/v1/events/1347/result/435,1347,full_results_url,IFSC South American Cup Mar del Plata 2023,BOULDER Men,finished,2025-10-02 07:18:40 UTC,2026-04-22 08:53:42 UTC,,8158,boulder,Qualification,Men,finished,2023-12-15 16:55:50 UTC,/api/v1/category_rounds/8158/results,boulder_one_group_one_boulder_set,IFSC: 1 group,40,,,,,,,10225,5,/api/v1/routes/10225/startlist,
/api/v1/events/1347/result/435,1347,full_results_url,IFSC South American Cup Mar del Plata 2023,BOULDER Men,finished,2025-10-02 07:18:40 UTC,2026-04-22 08:53:42 UTC,,8742,boulder,Semi Final,Men,finished,2023-12-16 15:15:10 UTC,/api/v1/category_rounds/8742/results,boulder_one_group_one_boulder_set,IFSC: 1 group,41,,,,,,,12107,1,/api/v1/routes/12107/startlist,
/api/v1/events/1347/result/435,1347,full_results_url,IFSC South American Cup Mar del Plata 2023,BOULDER Men,finished,2025-10-02 07:18:40 UTC,2026-04-22 08:53:42 UTC,,8742,boulder,Semi Final,Men,finished,2023-12-16 15:15:10 UTC,/api/v1/category_rounds/8742/results,boulder_one_group_one_boulder_set,IFSC: 1 group,41,,,,,,,12108,2,/api/v1/routes/12108/startlist,
/api/v1/events/1347/result/435,1347,full_results_url,IFSC South American Cup Mar del Plata 2023,BOULDER Men,finished,2025-10-02 07:18:40 UTC,2026-04-22 08:53:42 UTC,,8742,boulder,Semi Final,Men,finished,2023-12-16 15:15:10 UTC,/api/v1/category_rounds/8742/results,boulder_one_group_one_boulder_set,IFSC: 1 group,41,,,,,,,12109,3,/api/v1/routes/12109/startlist,
/api/v1/events/1347/result/435,1347,full_results_url,IFSC South American Cup Mar del Plata 2023,BOULDER Men,finished,2025-10-02 07:18:40 UTC,2026-04-22 08:53:42 UTC,,8742,boulder,Semi Final,Men,finished,2023-12-16 15:15:10 UTC,/api/v1/category_rounds/8742/results,boulder_one_group_one_boulder_set,IFSC: 1 group,41,,,,,,,12110,4,/api/v1/routes/12110/startlist,
/api/v1/events/1347/result/435,1347,full_results_url,IFSC South American Cup Mar del Plata 2023,BOULDER Men,finished,2025-10-02 07:18:40 UTC,2026-04-22 08:53:42 UTC,,8744,boulder,Final,Men,finished,2023-12-16 21:20:03 UTC,/api/v1/category_rounds/8744/results,boulder_one_group_one_boulder_set,IFSC: 1 group,42,,,,,,,12131,1,/api/v1/routes/12131/startlist,
/api/v1/events/1347/result/435,1347,full_results_url,IFSC South American Cup Mar del Plata 2023,BOULDER Men,finished,2025-10-02 07:18:40 UTC,2026-04-22 08:53:42 UTC,,8744,boulder,Final,Men,finished,2023-12-16 21:20:03 UTC,/api/v1/category_rounds/8744/results,boulder_one_group_one_boulder_set,IFSC: 1 group,42,,,,,,,12132,2,/api/v1/routes/12132/startlist,
/api/v1/events/1347/result/435,1347,full_results_url,IFSC South American Cup Mar del Plata 2023,BOULDER Men,finished,2025-10-02 07:18:40 UTC,2026-04-22 08:53:42 UTC,,8744,boulder,Final,Men,finished,2023-12-16 21:20:03 UTC,/api/v1/category_rounds/8744/results,boulder_one_group_one_boulder_set,IFSC: 1 group,42,,,,,,,12133,3,/api/v1/routes/12133/startlist,
/api/v1/events/1347/result/435,1347,full_results_url,IFSC South American Cup Mar del Plata 2023,BOULDER Men,finished,2025-10-02 07:18:40 UTC,2026-04-22 08:53:42 UTC,,8744,boulder,Final,Men,finished,2023-12-16 21:20:03 UTC,/api/v1/category_rounds/8744/results,boulder_one_group_one_boulder_set,IFSC: 1 group,42,,,,,,,12134,4,/api/v1/routes/12134/startlist,
/api/v1/events/1347/result/439,1347,full_results_url,IFSC South American Cup Mar del Plata 2023,BOULDER Women,finished,2025-10-02 07:18:40 UTC,2026-04-22 08:53:46 UTC,,8159,boulder,Qualification,Women,finished,2023-12-15 23:33:39 UTC,/api/v1/category_rounds/8159/results,boulder_one_group_one_boulder_set,IFSC: 1 group,40,,,,,,,10226,1,/api/v1/routes/10226/startlist,
/api/v1/events/1347/result/439,1347,full_results_url,IFSC South American Cup Mar del Plata 2023,BOULDER Women,finished,2025-10-02 07:18:40 UTC,2026-04-22 08:53:46 UTC,,8159,boulder,Qualification,Women,finished,2023-12-15 23:33:39 UTC,/api/v1/category_rounds/8159/results,boulder_one_group_one_boulder_set,IFSC: 1 group,40,,,,,,,10227,2,/api/v1/routes/10227/startlist,
/api/v1/events/1347/result/439,1347,full_results_url,IFSC South American Cup Mar del Plata 2023,BOULDER Women,finished,2025-10-02 07:18:40 UTC,2026-04-22 08:53:46 UTC,,8159,boulder,Qualification,Women,finished,2023-12-15 23:33:39 UTC,/api/v1/category_rounds/8159/results,boulder_one_group_one_boulder_set,IFSC: 1 group,40,,,,,,,10228,3,/api/v1/routes/10228/startlist,
/api/v1/events/1347/result/439,1347,full_results_url,IFSC South American Cup Mar del Plata 2023,BOULDER Women,finished,2025-10-02 07:18:40 UTC,2026-04-22 08:53:46 UTC,,8159,boulder,Qualification,Women,finished,2023-12-15 23:33:39 UTC,/api/v1/category_rounds/8159/results,boulder_one_group_one_boulder_set,IFSC: 1 group,40,,,,,,,10229,4,/api/v1/routes/10229/startlist,
/api/v1/events/1347/result/439,1347,full_results_url,IFSC South American Cup Mar del Plata 2023,BOULDER Women,finished,2025-10-02 07:18:40 UTC,2026-04-22 08:53:46 UTC,,8159,boulder,Qualification,Women,finished,2023-12-15 23:33:39 UTC,/api/v1/category_rounds/8159/results,boulder_one_group_one_boulder_set,IFSC: 1 group,40,,,,,,,10230,5,/api/v1/routes/10230/startlist,
/api/v1/events/1347/result/439,1347,full_results_url,IFSC South American Cup Mar del Plata 2023,BOULDER Women,finished,2025-10-02 07:18:40 UTC,2026-04-22 08:53:46 UTC,,8743,boulder,Semi Final,Women,finished,2023-12-17 15:20:13 UTC,/api/v1/category_rounds/8743/results,boulder_one_group_one_boulder_set,IFSC: 1 group,41,,,,,,,12111,1,/api/v1/routes/12111/startlist,
/api/v1/events/1347/result/439,1347,full_results_url,IFSC South American Cup Mar del Plata 2023,BOULDER Women,finished,2025-10-02 07:18:40 UTC,2026-04-22 08:53:46 UTC,,8743,boulder,Semi Final,Women,finished,2023-12-17 15:20:13 UTC,/api/v1/category_rounds/8743/results,boulder_one_group_one_boulder_set,IFSC: 1 group,41,,,,,,,12112,2,/api/v1/routes/12112/startlist,
/api/v1/events/1347/result/439,1347,full_results_url,IFSC South American Cup Mar del Plata 2023,BOULDER Women,finished,2025-10-02 07:18:40 UTC,2026-04-22 08:53:46 UTC,,8743,boulder,Semi Final,Women,finished,2023-12-17 15:20:13 UTC,/api/v1/category_rounds/8743/results,boulder_one_group_one_boulder_set,IFSC: 1 group,41,,,,,,,12113,3,/api/v1/routes/12113/startlist,
/api/v1/events/1347/result/439,1347,full_results_url,IFSC South American Cup Mar del Plata 2023,BOULDER Women,finished,2025-10-02 07:18:40 UTC,2026-04-22 08:53:46 UTC,,8743,boulder,Semi Final,Women,finished,2023-12-17 15:20:13 UTC,/api/v1/category_rounds/8743/results,boulder_one_group_one_boulder_set,IFSC: 1 group,41,,,,,,,12114,4,/api/v1/routes/12114/startlist,
/api/v1/events/1347/result/439,1347,full_results_url,IFSC South American Cup Mar del Plata 2023,BOULDER Women,finished,2025-10-02 07:18:40 UTC,2026-04-22 08:53:46 UTC,,8745,boulder,Final,Women,finished,2023-12-17 21:23:59 UTC,/api/v1/category_rounds/8745/results,boulder_one_group_one_boulder_set,IFSC: 1 group,42,,,,,,,12135,1,/api/v1/routes/12135/startlist,
/api/v1/events/1347/result/439,1347,full_results_url,IFSC South American Cup Mar del Plata 2023,BOULDER Women,finished,2025-10-02 07:18:40 UTC,2026-04-22 08:53:46 UTC,,8745,boulder,Final,Women,finished,2023-12-17 21:23:59 UTC,/api/v1/category_rounds/8745/results,boulder_one_group_one_boulder_set,IFSC: 1 group,42,,,,,,,12136,2,/api/v1/routes/12136/startlist,
/api/v1/events/1347/result/439,1347,full_results_url,IFSC South American Cup Mar del Plata 2023,BOULDER Women,finished,2025-10-02 07:18:40 UTC,2026-04-22 08:53:46 UTC,,8745,boulder,Final,Women,finished,2023-12-17 21:23:59 UTC,/api/v1/category_rounds/8745/results,boulder_one_group_one_boulder_set,IFSC: 1 group,42,,,,,,,12137,3,/api/v1/routes/12137/startlist,
/api/v1/events/1347/result/439,1347,full_results_url,IFSC South American Cup Mar del Plata 2023,BOULDER Women,finished,2025-10-02 07:18:40 UTC,2026-04-22 08:53:46 UTC,,8745,boulder,Final,Women,finished,2023-12-17 21:23:59 UTC,/api/v1/category_rounds/8745/results,boulder_one_group_one_boulder_set,IFSC: 1 group,42,,,,,,,12138,4,/api/v1/routes/12138/startlist,
