source_event_url,event_id,source_url_layer,event_name,dcat_name,dcat_status,dcat_status_as_of,dcat_ranking_as_of,cutoff_rank,category_round_id,round_kind,round_name,round_category,round_status,round_status_as_of,round_result_url,format_identifier,format,league_round_id,stage_id,stage_name,stage_kind,stage_status,stage_status_as_of,stage_results_url,route_id,route_name,route_startlist_url,route_results_url
/api/v1/events/1047/result/3,1047,full_results_url,IFSC Climbing Worldcup (B) - Meiringen (SUI) 2018 ,BOULDER Men,finished,2025-10-02 07:18:30 UTC,2026-04-22 09:30:45 UTC,,4919,boulder,Qualification,Men,finished,2021-04-09 08:44:01 UTC,/api/v1/category_rounds/4919/results,boulder_legacy,Translation missing: en.round_types.boulder_legacy,1,,,,,,,4280,1,/api/v1/routes/4280/startlist,
/api/v1/events/1047/result/3,1047,full_results_url,IFSC Climbing Worldcup (B) - Meiringen (SUI) 2018 ,BOULDER Men,finished,2025-10-02 07:18:30 UTC,2026-04-22 09:30:45 UTC,,4919,boulder,Qualification,Men,finished,2021-04-09 08:44:01 UTC,/api/v1/category_rounds/4919/results,boulder_legacy,Translation missing: en.round_types.boulder_legacy,1,,,,,,,4281,2,/api/v1/routes/4281/startlist,
/api/v1/events/1047/result/3,1047,full_results_url,IFSC Climbing Worldcup (B) - Meiringen (SUI) 2018 ,BOULDER Men,finished,2025-10-02 07:18:30 UTC,2026-04-22 09:30:45 UTC,,4919,boulder,Qualification,Men,finished,2021-04-09 08:44:01 UTC,/api/v1/category_rounds/4919/results,boulder_legacy,Translation missing: en.round_types.boulder_legacy,1,,,,,,,4282,3,/api/v1/routes/4282/startlist,
/api/v1/events/1047/result/3,1047,full_results_url,IFSC Climbing Worldcup (B) - Meiringen (SUI) 2018 ,BOULDER Men,finished,2025-10-02 07:18:30 UTC,2026-04-22 09:30:45 UTC,,4919,boulder,Qualification,Men,finished,2021-04-09 08:44:01 UTC,/api/v1/category_rounds/4919/results,boulder_legacy,Translation missing: en.round_types.boulder_legacy,1,,,,,,,4283,4,/api/v1/routes/4283/startlist,
/api/v1/events/1047/result/3,1047,full_results_url,IFSC Climbing Worldcup (B) - Meiringen (SUI) 2018 ,BOULDER Men,finished,2025-10-02 07:18:30 UTC,2026-04-22 09:30:45 UTC,,4919,boulder,Qualification,Men,finished,2021-04-09 08:44:01 UTC,/api/v1/category_rounds/4919/results,boulder_legacy,Translation missing: en.round_types.boulder_legacy,1,,,,,,,4284,5,/api/v1/routes/4284/startlist,
/api/v1/events/1047/result/3,1047,full_results_url,IFSC Climbing Worldcup (B) - Meiringen (SUI) 2018 ,BOULDER Men,finished,2025-10-02 07:18:30 UTC,2026-04-22 09:30:45 UTC,,4920,boulder,Semi-Final,Men,finished,2021-04-09 08:44:27 UTC,/api/v1/category_rounds/4920/results,boulder_legacy,Translation missing: en.round_types.boulder_legacy,2,,,,,,,4285,1,/api/v1/routes/4285/startlist,
/api/v1/events/1047/result/3,1047,full_results_url,IFSC Climbing Worldcup (B) - Meiringen (SUI) 2018 ,BOULDER Men,finished,2025-10-02 07:18:30 UTC,2026-04-22 09:30:45 UTC,,4920,boulder,Semi-Final,Men,finished,2021-04-09 08:44:27 UTC,/api/v1/category_rounds/4920/results,boulder_legacy,Translation missing: en.round_types.boulder_legacy,2,,,,,,,4286,2,/api/v1/routes/4286/startlist,
/api/v1/events/1047/result/3,1047,full_results_url,IFSC Climbing Worldcup (B) - Meiringen (SUI) 2018 ,BOULDER Men,finished,2025-10-02 07:18:30 UTC,2026-04-22 09:30:45 UTC,,4920,boulder,Semi-Final,Men,finished,2021-04-09 08:44:27 UTC,/api/v1/category_rounds/4920/results,boulder_legacy,Translation missing: en.round_types.boulder_legacy,2,,,,,,,4287,3,/api/v1/routes/4287/startlist,
/api/v1/events/1047/result/3,1047,full_results_url,IFSC Climbing Worldcup (B) - Meiringen (SUI) 2018 ,BOULDER Men,finished,2025-10-02 07:18:30 UTC,2026-04-22 09:30:45 UTC,,4920,boulder,Semi-Final,Men,finished,2021-04-09 08:44:27 UTC,/api/v1/category_rounds/4920/results,boulder_legacy,Translation missing: en.round_types.boulder_legacy,2,,,,,,,4288,4,/api/v1/routes/4288/startlist,
/api/v1/events/1047/result/3,1047,full_results_url,IFSC Climbing Worldcup (B) - Meiringen (SUI) 2018 ,BOULDER Men,finished,2025-10-02 07:18:30 UTC,2026-04-22 09:30:45 UTC,,4921,boulder,Final,Men,finished,2021-04-09 08:44:31 UTC,/api/v1/category_rounds/4921/results,boulder_legacy,Translation missing: en.round_types.boulder_legacy,3,,,,,,,4289,1,/api/v1/routes/4289/startlist,
/api/v1/events/1047/result/3,1047,full_results_url,IFSC Climbing Worldcup (B) - Meiringen (SUI) 2018 ,BOULDER Men,finished,2025-10-02 07:18:30 UTC,2026-04-22 09:30:45 UTC,,4921,boulder,Final,Men,finished,2021-04-09 08:44:31 UTC,/api/v1/category_rounds/4921/results,boulder_legacy,Translation missing: en.round_types.boulder_legacy,3,,,,,,,4290,2,/api/v1/routes/4290/startlist,
/api/v1/events/1047/result/3,1047,full_results_url,IFSC Climbing Worldcup (B) - Meiringen (SUI) 2018 ,BOULDER Men,finished,2025-10-02 07:18:30 UTC,2026-04-22 09:30:45 UTC,,4921,boulder,Final,Men,finished,2021-04-09 08:44:31 UTC,/api/v1/category_rounds/4921/results,boulder_legacy,Translation missing: en.round_types.boulder_legacy,3,,,,,,,4291,3,/api/v1/routes/4291/startlist,
/api/v1/events/1047/result/3,1047,full_results_url,IFSC Climbing Worldcup (B) - Meiringen (SUI) 2018 ,BOULDER Men,finished,2025-10-02 07:18:30 UTC,2026-04-22 09:30:45 UTC,,4921,boulder,Final,Men,finished,2021-04-09 08:44:31 UTC,/api/v1/category_rounds/4921/results,boulder_legacy,Translation missing: en.round_types.boulder_legacy,3,,,,,,,4292,4,/api/v1/routes/4292/startlist,
/api/v1/events/1047/result/7,1047,full_results_url,IFSC Climbing Worldcup (B) - Meiringen (SUI) 2018 ,BOULDER Women,finished,2025-10-02 07:18:30 UTC,2026-04-22 09:30:50 UTC,,4916,boulder,Qualification,Women,finished,2021-04-09 08:44:01 UTC,/api/v1/category_rounds/4916/results,boulder_legacy,Translation missing: en.round_types.boulder_legacy,1,,,,,,,4267,1,/api/v1/routes/4267/startlist,
/api/v1/events/1047/result/7,1047,full_results_url,IFSC Climbing Worldcup (B) - Meiringen (SUI) 2018 ,BOULDER Women,finished,2025-10-02 07:18:30 UTC,2026-04-22 09:30:50 UTC,,4916,boulder,Qualification,Women,finished,2021-04-09 08:44:01 UTC,/api/v1/category_rounds/4916/results,boulder_legacy,Translation missing: en.round_types.boulder_legacy,1,,,,,,,4268,2,/api/v1/routes/4268/startlist,
/api/v1/events/1047/result/7,1047,full_results_url,IFSC Climbing Worldcup (B) - Meiringen (SUI) 2018 ,BOULDER Women,finished,2025-10-02 07:18:30 UTC,2026-04-22 09:30:50 UTC,,4916,boulder,Qualification,Women,finished,2021-04-09 08:44:01 UTC,/api/v1/category_rounds/4916/results,boulder_legacy,Translation missing: en.round_types.boulder_legacy,1,,,,,,,4269,3,/api/v1/routes/4269/startlist,
/api/v1/events/1047/result/7,1047,full_results_url,IFSC Climbing Worldcup (B) - Meiringen (SUI) 2018 ,BOULDER Women,finished,2025-10-02 07:18:30 UTC,2026-04-22 09:30:50 UTC,,4916,boulder,Qualification,Women,finished,2021-04-09 08:44:01 UTC,/api/v1/category_rounds/4916/results,boulder_legacy,Translation missing: en.round_types.boulder_legacy,1,,,,,,,4270,4,/api/v1/routes/4270/startlist,
/api/v1/events/1047/result/7,1047,full_results_url,IFSC Climbing Worldcup (B) - Meiringen (SUI) 2018 ,BOULDER Women,finished,2025-10-02 07:18:30 UTC,2026-04-22 09:30:50 UTC,,4916,boulder,Qualification,Women,finished,2021-04-09 08:44:01 UTC,/api/v1/category_rounds/4916/results,boulder_legacy,Translation missing: en.round_types.boulder_legacy,1,,,,,,,4271,5,/api/v1/routes/4271/startlist,
/api/v1/events/1047/result/7,1047,full_results_url,IFSC Climbing Worldcup (B) - Meiringen (SUI) 2018 ,BOULDER Women,finished,2025-10-02 07:18:30 UTC,2026-04-22 09:30:50 UTC,,4917,boulder,Semi-Final,Women,finished,2021-04-09 08:44:27 UTC,/api/v1/category_rounds/4917/results,boulder_legacy,Translation missing: en.round_types.boulder_legacy,2,,,,,,,4272,1,/api/v1/routes/4272/startlist,
/api/v1/events/1047/result/7,1047,full_results_url,IFSC Climbing Worldcup (B) - Meiringen (SUI) 2018 ,BOULDER Women,finished,2025-10-02 07:18:30 UTC,2026-04-22 09:30:50 UTC,,4917,boulder,Semi-Final,Women,finished,2021-04-09 08:44:27 UTC,/api/v1/category_rounds/4917/results,boulder_legacy,Translation missing: en.round_types.boulder_legacy,2,,,,,,,4273,2,/api/v1/routes/4273/startlist,
/api/v1/events/1047/result/7,1047,full_results_url,IFSC Climbing Worldcup (B) - Meiringen (SUI) 2018 ,BOULDER Women,finished,2025-10-02 07:18:30 UTC,2026-04-22 09:30:50 UTC,,4917,boulder,Semi-Final,Women,finished,2021-04-09 08:44:27 UTC,/api/v1/category_rounds/4917/results,boulder_legacy,Translation missing: en.round_types.boulder_legacy,2,,,,,,,4274,3,/api/v1/routes/4274/startlist,
/api/v1/events/1047/result/7,1047,full_results_url,IFSC Climbing Worldcup (B) - Meiringen (SUI) 2018 ,BOULDER Women,finished,2025-10-02 07:18:30 UTC,2026-04-22 09:30:50 UTC,,4917,boulder,Semi-Final,Women,finished,2021-04-09 08:44:27 UTC,/api/v1/category_rounds/4917/results,boulder_legacy,Translation missing: en.round_types.boulder_legacy,2,,,,,,,4275,4,/api/v1/routes/4275/startlist,
/api/v1/events/1047/result/7,1047,full_results_url,IFSC Climbing Worldcup (B) - Meiringen (SUI) 2018 ,BOULDER Women,finished,2025-10-02 07:18:30 UTC,2026-04-22 09:30:50 UTC,,4918,boulder,Final,Women,finished,2021-04-09 08:44:31 UTC,/api/v1/category_rounds/4918/results,boulder_legacy,Translation missing: en.round_types.boulder_legacy,3,,,,,,,4276,1,/api/v1/routes/4276/startlist,
/api/v1/events/1047/result/7,1047,full_results_url,IFSC Climbing Worldcup (B) - Meiringen (SUI) 2018 ,BOULDER Women,finished,2025-10-02 07:18:30 UTC,2026-04-22 09:30:50 UTC,,4918,boulder,Final,Women,finished,2021-04-09 08:44:31 UTC,/api/v1/category_rounds/4918/results,boulder_legacy,Translation missing: en.round_types.boulder_legacy,3,,,,,,,4277,2,/api/v1/routes/4277/startlist,
/api/v1/events/1047/result/7,1047,full_results_url,IFSC Climbing Worldcup (B) - Meiringen (SUI) 2018 ,BOULDER Women,finished,2025-10-02 07:18:30 UTC,2026-04-22 09:30:50 UTC,,4918,boulder,Final,Women,finished,2021-04-09 08:44:31 UTC,/api/v1/category_rounds/4918/results,boulder_legacy,Translation missing: en.round_types.boulder_legacy,3,,,,,,,4278,3,/api/v1/routes/4278/startlist,
/api/v1/events/1047/result/7,1047,full_results_url,IFSC Climbing Worldcup (B) - Meiringen (SUI) 2018 ,BOULDER Women,finished,2025-10-02 07:18:30 UTC,2026-04-22 09:30:50 UTC,,4918,boulder,Final,Women,finished,2021-04-09 08:44:31 UTC,/api/v1/category_rounds/4918/results,boulder_legacy,Translation missing: en.round_types.boulder_legacy,3,,,,,,,4279,4,/api/v1/routes/4279/startlist,
/api/v1/events/1048/result/3,1048,full_results_url,"IFSC Climbing Worldcup (B,S) - Moscow (RUS) 2018 ",BOULDER Men,finished,2025-10-02 07:18:30 UTC,2026-04-22 09:30:55 UTC,,4927,boulder,Qualification,Men,finished,2021-04-09 08:45:11 UTC,/api/v1/category_rounds/4927/results,boulder_legacy,Translation missing: en.round_types.boulder_legacy,1,,,,,,,4306,1,/api/v1/routes/4306/startlist,
/api/v1/events/1048/result/3,1048,full_results_url,"IFSC Climbing Worldcup (B,S) - Moscow (RUS) 2018 ",BOULDER Men,finished,2025-10-02 07:18:30 UTC,2026-04-22 09:30:55 UTC,,4927,boulder,Qualification,Men,finished,2021-04-09 08:45:11 UTC,/api/v1/category_rounds/4927/results,boulder_legacy,Translation missing: en.round_types.boulder_legacy,1,,,,,,,4307,2,/api/v1/routes/4307/startlist,
/api/v1/events/1048/result/3,1048,full_results_url,"IFSC Climbing Worldcup (B,S) - Moscow (RUS) 2018 ",BOULDER Men,finished,2025-10-02 07:18:30 UTC,2026-04-22 09:30:55 UTC,,4927,boulder,Qualification,Men,finished,2021-04-09 08:45:11 UTC,/api/v1/category_rounds/4927/results,boulder_legacy,Translation missing: en.round_types.boulder_legacy,1,,,,,,,4308,3,/api/v1/routes/4308/startlist,
/api/v1/events/1048/result/3,1048,full_results_url,"IFSC Climbing Worldcup (B,S) - Moscow (RUS) 2018 ",BOULDER Men,finished,2025-10-02 07:18:30 UTC,2026-04-22 09:30:55 UTC,,4927,boulder,Qualification,Men,finished,2021-04-09 08:45:11 UTC,/api/v1/category_rounds/4927/results,boulder_legacy,Translation missing: en.round_types.boulder_legacy,1,,,,,,,4309,4,/api/v1/routes/4309/startlist,
/api/v1/events/1048/result/3,1048,full_results_url,"IFSC Climbing Worldcup (B,S) - Moscow (RUS) 2018 ",BOULDER Men,finished,2025-10-02 07:18:30 UTC,2026-04-22 09:30:55 UTC,,4927,boulder,Qualification,Men,finished,2021-04-09 08:45:11 UTC,/api/v1/category_rounds/4927/results,boulder_legacy,Translation missing: en.round_types.boulder_legacy,1,,,,,,,4310,5,/api/v1/routes/4310/startlist,
/api/v1/events/1048/result/3,1048,full_results_url,"IFSC Climbing Worldcup (B,S) - Moscow (RUS) 2018 ",BOULDER Men,finished,2025-10-02 07:18:30 UTC,2026-04-22 09:30:55 UTC,,4928,boulder,Semi-Final,Men,finished,2021-04-09 08:45:38 UTC,/api/v1/category_rounds/4928/results,boulder_legacy,Translation missing: en.round_types.boulder_legacy,2,,,,,,,4311,1,/api/v1/routes/4311/startlist,
/api/v1/events/1048/result/3,1048,full_results_url,"IFSC Climbing Worldcup (B,S) - Moscow (RUS) 2018 ",BOULDER Men,finished,2025-10-02 07:18:30 UTC,2026-04-22 09:30:55 UTC,,4928,boulder,Semi-Final,Men,finished,2021-04-09 08:45:38 UTC,/api/v1/category_rounds/4928/results,boulder_legacy,Translation missing: en.round_types.boulder_legacy,2,,,,,,,4312,2,/api/v1/routes/4312/startlist,
/api/v1/events/1048/result/3,1048,full_results_url,"IFSC Climbing Worldcup (B,S) - Moscow (RUS) 2018 ",BOULDER Men,finished,2025-10-02 07:18:30 UTC,2026-04-22 09:30:55 UTC,,4928,boulder,Semi-Final,Men,finished,2021-04-09 08:45:38 UTC,/api/v1/category_rounds/4928/results,boulder_legacy,Translation missing: en.round_types.boulder_legacy,2,,,,,,,4313,3,/api/v1/routes/4313/startlist,
/api/v1/events/1048/result/3,1048,full_results_url,"IFSC Climbing Worldcup (B,S) - Moscow (RUS) 2018 ",BOULDER Men,finished,2025-10-02 07:18:30 UTC,2026-04-22 09:30:55 UTC,,4928,boulder,Semi-Final,Men,finished,2021-04-09 08:45:38 UTC,/api/v1/category_rounds/4928/results,boulder_legacy,Translation missing: en.round_types.boulder_legacy,2,,,,,,,4314,4,/api/v1/routes/4314/startlist,
/api/v1/events/1048/result/3,1048,full_results_url,"IFSC Climbing Worldcup (B,S) - Moscow (RUS) 2018 ",BOULDER Men,finished,2025-10-02 07:18:30 UTC,2026-04-22 09:30:55 UTC,,4929,boulder,Final,Men,finished,2021-04-09 08:45:42 UTC,/api/v1/category_rounds/4929/results,boulder_legacy,Translation missing: en.round_types.boulder_legacy,3,,,,,,,4315,1,/api/v1/routes/4315/startlist,
/api/v1/events/1048/result/3,1048,full_results_url,"IFSC Climbing Worldcup (B,S) - Moscow (RUS) 2018 ",BOULDER Men,finished,2025-10-02 07:18:30 UTC,2026-04-22 09:30:55 UTC,,4929,boulder,Final,Men,finished,2021-04-09 08:45:42 UTC,/api/v1/category_rounds/4929/results,boulder_legacy,Translation missing: en.round_types.boulder_legacy,3,,,,,,,4316,2,/api/v1/routes/4316/startlist,
/api/v1/events/1048/result/3,1048,full_results_url,"IFSC Climbing Worldcup (B,S) - Moscow (RUS) 2018 ",BOULDER Men,finished,2025-10-02 07:18:30 UTC,2026-04-22 09:30:55 UTC,,4929,boulder,Final,Men,finished,2021-04-09 08:45:42 UTC,/api/v1/category_rounds/4929/results,boulder_legacy,Translation missing: en.round_types.boulder_legacy,3,,,,,,,4317,3,/api/v1/routes/4317/startlist,
/api/v1/events/1048/result/3,1048,full_results_url,"IFSC Climbing Worldcup (B,S) - Moscow (RUS) 2018 ",BOULDER Men,finished,2025-10-02 07:18:30 UTC,2026-04-22 09:30:55 UTC,,4929,boulder,Final,Men,finished,2021-04-09 08:45:42 UTC,/api/v1/category_rounds/4929/results,boulder_legacy,Translation missing: en.round_types.boulder_legacy,3,,,,,,,4318,4,/api/v1/routes/4318/startlist,
/api/v1/events/1048/result/7,1048,full_results_url,"IFSC Climbing Worldcup (B,S) - Moscow (RUS) 2018 ",BOULDER Women,finished,2025-10-02 07:18:30 UTC,2026-04-22 09:30:59 UTC,,4922,boulder,Qualification,Women,finished,2021-04-09 08:45:11 UTC,/api/v1/category_rounds/4922/results,boulder_legacy,Translation missing: en.round_types.boulder_legacy,1,,,,,,,4293,1,/api/v1/routes/4293/startlist,
/api/v1/events/1048/result/7,1048,full_results_url,"IFSC Climbing Worldcup (B,S) - Moscow (RUS) 2018 ",BOULDER Women,finished,2025-10-02 07:18:30 UTC,2026-04-22 09:30:59 UTC,,4922,boulder,Qualification,Women,finished,2021-04-09 08:45:11 UTC,/api/v1/category_rounds/4922/results,boulder_legacy,Translation missing: en.round_types.boulder_legacy,1,,,,,,,4294,2,/api/v1/routes/4294/startlist,
/api/v1/events/1048/result/7,1048,full_results_url,"IFSC Climbing Worldcup (B,S) - Moscow (RUS) 2018 ",BOULDER Women,finished,2025-10-02 07:18:30 UTC,2026-04-22 09:30:59 UTC,,4922,boulder,Qualification,Women,finished,2021-04-09 08:45:11 UTC,/api/v1/category_rounds/4922/results,boulder_legacy,Translation missing: en.round_types.boulder_legacy,1,,,,,,,4295,3,/api/v1/routes/4295/startlist,
/api/v1/events/1048/result/7,1048,full_results_url,"IFSC Climbing Worldcup (B,S) - Moscow (RUS) 2018 ",BOULDER Women,finished,2025-10-02 07:18:30 UTC,2026-04-22 09:30:59 UTC,,4922,boulder,Qualification,Women,finished,2021-04-09 08:45:11 UTC,/api/v1/category_rounds/4922/results,boulder_legacy,Translation missing: en.round_types.boulder_legacy,1,,,,,,,4296,4,/api/v1/routes/4296/startlist,
/api/v1/events/1048/result/7,1048,full_results_url,"IFSC Climbing Worldcup (B,S) - Moscow (RUS) 2018 ",BOULDER Women,finished,2025-10-02 07:18:30 UTC,2026-04-22 09:30:59 UTC,,4922,boulder,Qualification,Women,finished,2021-04-09 08:45:11 UTC,/api/v1/category_rounds/4922/results,boulder_legacy,Translation missing: en.round_types.boulder_legacy,1,,,,,,,4297,5,/api/v1/routes/4297/startlist,
/api/v1/events/1048/result/7,1048,full_results_url,"IFSC Climbing Worldcup (B,S) - Moscow (RUS) 2018 ",BOULDER Women,finished,2025-10-02 07:18:30 UTC,2026-04-22 09:30:59 UTC,,4923,boulder,Semi-Final,Women,finished,2021-04-09 08:45:38 UTC,/api/v1/category_rounds/4923/results,boulder_legacy,Translation missing: en.round_types.boulder_legacy,2,,,,,,,4298,1,/api/v1/routes/4298/startlist,
/api/v1/events/1048/result/7,1048,full_results_url,"IFSC Climbing Worldcup (B,S) - Moscow (RUS) 2018 ",BOULDER Women,finished,2025-10-02 07:18:30 UTC,2026-04-22 09:30:59 UTC,,4923,boulder,Semi-Final,Women,finished,2021-04-09 08:45:38 UTC,/api/v1/category_rounds/4923/results,boulder_legacy,Translation missing: en.round_types.boulder_legacy,2,,,,,,,4299,2,/api/v1/routes/4299/startlist,
/api/v1/events/1048/result/7,1048,full_results_url,"IFSC Climbing Worldcup (B,S) - Moscow (RUS) 2018 ",BOULDER Women,finished,2025-10-02 07:18:30 UTC,2026-04-22 09:30:59 UTC,,4923,boulder,Semi-Final,Women,finished,2021-04-09 08:45:38 UTC,/api/v1/category_rounds/4923/results,boulder_legacy,Translation missing: en.round_types.boulder_legacy,2,,,,,,,4300,3,/api/v1/routes/4300/startlist,
/api/v1/events/1048/result/7,1048,full_results_url,"IFSC Climbing Worldcup (B,S) - Moscow (RUS) 2018 ",BOULDER Women,finished,2025-10-02 07:18:30 UTC,2026-04-22 09:30:59 UTC,,4923,boulder,Semi-Final,Women,finished,2021-04-09 08:45:38 UTC,/api/v1/category_rounds/4923/results,boulder_legacy,Translation missing: en.round_types.boulder_legacy,2,,,,,,,4301,4,/api/v1/routes/4301/startlist,
/api/v1/events/1048/result/7,1048,full_results_url,"IFSC Climbing Worldcup (B,S) - Moscow (RUS) 2018 ",BOULDER Women,finished,2025-10-02 07:18:30 UTC,2026-04-22 09:30:59 UTC,,4924,boulder,Final,Women,finished,2021-04-09 08:45:42 UTC,/api/v1/category_rounds/4924/results,boulder_legacy,Translation missing: en.round_types.boulder_legacy,3,,,,,,,4302,1,/api/v1/routes/4302/startlist,
/api/v1/events/1048/result/7,1048,full_results_url,"IFSC Climbing Worldcup (B,S) - Moscow (RUS) 2018 ",BOULDER Women,finished,2025-10-02 07:18:30 UTC,2026-04-22 09:30:59 UTC,,4924,boulder,Final,Women,finished,2021-04-09 08:45:42 UTC,/api/v1/category_rounds/4924/results,boulder_legacy,Translation missing: en.round_types.boulder_legacy,3,,,,,,,4303,2,/api/v1/routes/4303/startlist,
/api/v1/events/1048/result/7,1048,full_results_url,"IFSC Climbing Worldcup (B,S) - Moscow (RUS) 2018 ",BOULDER Women,finished,2025-10-02 07:18:30 UTC,2026-04-22 09:30:59 UTC,,4924,boulder,Final,Women,finished,2021-04-09 08:45:42 UTC,/api/v1/category_rounds/4924/results,boulder_legacy,Translation missing: en.round_types.boulder_legacy,3,,,,,,,4304,3,/api/v1/routes/4304/startlist,
/api/v1/events/1048/result/7,1048,full_results_url,"IFSC Climbing Worldcup (B,S) - Moscow (RUS) 2018 ",BOULDER Women,finished,2025-10-02 07:18:30 UTC,2026-04-22 09:30:59 UTC,,4924,boulder,Final,Women,finished,2021-04-09 08:45:42 UTC,/api/v1/category_rounds/4924/results,boulder_legacy,Translation missing: en.round_types.boulder_legacy,3,,,,,,,4305,4,/api/v1/routes/4305/startlist,
/api/v1/events/1048/result/2,1048,full_results_url,"IFSC Climbing Worldcup (B,S) - Moscow (RUS) 2018 ",SPEED Men,finished,2025-10-02 07:18:30 UTC,2026-04-22 09:31:04 UTC,,4931,speed,Final,Men,finished,2024-01-17 07:12:57 UTC,/api/v1/category_rounds/4931/results,speed_elimination_ifsc,IFSC 2021: Elimination,3,,,,,,,2173,A,/api/v1/routes/2173/startlist,
/api/v1/events/1048/result/2,1048,full_results_url,"IFSC Climbing Worldcup (B,S) - Moscow (RUS) 2018 ",SPEED Men,finished,2025-10-02 07:18:30 UTC,2026-04-22 09:31:04 UTC,,4931,speed,Final,Men,finished,2024-01-17 07:12:57 UTC,/api/v1/category_rounds/4931/results,speed_elimination_ifsc,IFSC 2021: Elimination,3,,,,,,,2174,B,/api/v1/routes/2174/startlist,
/api/v1/events/1048/result/6,1048,full_results_url,"IFSC Climbing Worldcup (B,S) - Moscow (RUS) 2018 ",SPEED Women,finished,2025-10-02 07:18:30 UTC,2026-04-22 09:31:08 UTC,,4926,speed,Final,Women,finished,2024-01-15 21:27:44 UTC,/api/v1/category_rounds/4926/results,speed_elimination_ifsc,IFSC 2021: Elimination,3,,,,,,,2175,A,/api/v1/routes/2175/startlist,
/api/v1/events/1048/result/6,1048,full_results_url,"IFSC Climbing Worldcup (B,S) - Moscow (RUS) 2018 ",SPEED Women,finished,2025-10-02 07:18:30 UTC,2026-04-22 09:31:08 UTC,,4926,speed,Final,Women,finished,2024-01-15 21:27:44 UTC,/api/v1/category_rounds/4926/results,speed_elimination_ifsc,IFSC 2021: Elimination,3,,,,,,,2176,B,/api/v1/routes/2176/startlist,
/api/v1/events/1049/result/3,1049,full_results_url,"IFSC Climbing Worldcup (B,S) - Chongqing (CHN) 2018 ",BOULDER Men,finished,2025-10-02 07:18:30 UTC,2026-04-22 09:31:37 UTC,,4937,boulder,Qualification,Men,finished,2021-04-09 08:46:21 UTC,/api/v1/category_rounds/4937/results,boulder_legacy,Translation missing: en.round_types.boulder_legacy,1,,,,,,,4332,1,/api/v1/routes/4332/startlist,
/api/v1/events/1049/result/3,1049,full_results_url,"IFSC Climbing Worldcup (B,S) - Chongqing (CHN) 2018 ",BOULDER Men,finished,2025-10-02 07:18:30 UTC,2026-04-22 09:31:37 UTC,,4937,boulder,Qualification,Men,finished,2021-04-09 08:46:21 UTC,/api/v1/category_rounds/4937/results,boulder_legacy,Translation missing: en.round_types.boulder_legacy,1,,,,,,,4333,2,/api/v1/routes/4333/startlist,
/api/v1/events/1049/result/3,1049,full_results_url,"IFSC Climbing Worldcup (B,S) - Chongqing (CHN) 2018 ",BOULDER Men,finished,2025-10-02 07:18:30 UTC,2026-04-22 09:31:37 UTC,,4937,boulder,Qualification,Men,finished,2021-04-09 08:46:21 UTC,/api/v1/category_rounds/4937/results,boulder_legacy,Translation missing: en.round_types.boulder_legacy,1,,,,,,,4334,3,/api/v1/routes/4334/startlist,
/api/v1/events/1049/result/3,1049,full_results_url,"IFSC Climbing Worldcup (B,S) - Chongqing (CHN) 2018 ",BOULDER Men,finished,2025-10-02 07:18:30 UTC,2026-04-22 09:31:37 UTC,,4937,boulder,Qualification,Men,finished,2021-04-09 08:46:21 UTC,/api/v1/category_rounds/4937/results,boulder_legacy,Translation missing: en.round_types.boulder_legacy,1,,,,,,,4335,4,/api/v1/routes/4335/startlist,
/api/v1/events/1049/result/3,1049,full_results_url,"IFSC Climbing Worldcup (B,S) - Chongqing (CHN) 2018 ",BOULDER Men,finished,2025-10-02 07:18:30 UTC,2026-04-22 09:31:37 UTC,,4937,boulder,Qualification,Men,finished,2021-04-09 08:46:21 UTC,/api/v1/category_rounds/4937/results,boulder_legacy,Translation missing: en.round_types.boulder_legacy,1,,,,,,,4336,5,/api/v1/routes/4336/startlist,
/api/v1/events/1049/result/3,1049,full_results_url,"IFSC Climbing Worldcup (B,S) - Chongqing (CHN) 2018 ",BOULDER Men,finished,2025-10-02 07:18:30 UTC,2026-04-22 09:31:37 UTC,,4938,boulder,Semi-Final,Men,finished,2021-04-09 08:46:33 UTC,/api/v1/category_rounds/4938/results,boulder_legacy,Translation missing: en.round_types.boulder_legacy,2,,,,,,,4337,1,/api/v1/routes/4337/startlist,
/api/v1/events/1049/result/3,1049,full_results_url,"IFSC Climbing Worldcup (B,S) - Chongqing (CHN) 2018 ",BOULDER Men,finished,2025-10-02 07:18:30 UTC,2026-04-22 09:31:37 UTC,,4938,boulder,Semi-Final,Men,finished,2021-04-09 08:46:33 UTC,/api/v1/category_rounds/4938/results,boulder_legacy,Translation missing: en.round_types.boulder_legacy,2,,,,,,,4338,2,/api/v1/routes/4338/startlist,
/api/v1/events/1049/result/3,1049,full_results_url,"IFSC Climbing Worldcup (B,S) - Chongqing (CHN) 2018 ",BOULDER Men,finished,2025-10-02 07:18:30 UTC,2026-04-22 09:31:37 UTC,,4938,boulder,Semi-Final,Men,finished,2021-04-09 08:46:33 UTC,/api/v1/category_rounds/4938/results,boulder_legacy,Translation missing: en.round_types.boulder_legacy,2,,,,,,,4339,3,/api/v1/routes/4339/startlist,
/api/v1/events/1049/result/3,1049,full_results_url,"IFSC Climbing Worldcup (B,S) - Chongqing (CHN) 2018 ",BOULDER Men,finished,2025-10-02 07:18:30 UTC,2026-04-22 09:31:37 UTC,,4938,boulder,Semi-Final,Men,finished,2021-04-09 08:46:33 UTC,/api/v1/category_rounds/4938/results,boulder_legacy,Translation missing: en.round_types.boulder_legacy,2,,,,,,,4340,4,/api/v1/routes/4340/startlist,
/api/v1/events/1049/result/3,1049,full_results_url,"IFSC Climbing Worldcup (B,S) - Chongqing (CHN) 2018 ",BOULDER Men,finished,2025-10-02 07:18:30 UTC,2026-04-22 09:31:37 UTC,,4939,boulder,Final,Men,finished,2021-04-09 08:46:38 UTC,/api/v1/category_rounds/4939/results,boulder_legacy,Translation missing: en.round_types.boulder_legacy,3,,,,,,,4341,1,/api/v1/routes/4341/startlist,
/api/v1/events/1049/result/3,1049,full_results_url,"IFSC Climbing Worldcup (B,S) - Chongqing (CHN) 2018 ",BOULDER Men,finished,2025-10-02 07:18:30 UTC,2026-04-22 09:31:37 UTC,,4939,boulder,Final,Men,finished,2021-04-09 08:46:38 UTC,/api/v1/category_rounds/4939/results,boulder_legacy,Translation missing: en.round_types.boulder_legacy,3,,,,,,,4342,2,/api/v1/routes/4342/startlist,
/api/v1/events/1049/result/3,1049,full_results_url,"IFSC Climbing Worldcup (B,S) - Chongqing (CHN) 2018 ",BOULDER Men,finished,2025-10-02 07:18:30 UTC,2026-04-22 09:31:37 UTC,,4939,boulder,Final,Men,finished,2021-04-09 08:46:38 UTC,/api/v1/category_rounds/4939/results,boulder_legacy,Translation missing: en.round_types.boulder_legacy,3,,,,,,,4343,3,/api/v1/routes/4343/startlist,
/api/v1/events/1049/result/3,1049,full_results_url,"IFSC Climbing Worldcup (B,S) - Chongqing (CHN) 2018 ",BOULDER Men,finished,2025-10-02 07:18:30 UTC,2026-04-22 09:31:37 UTC,,4939,boulder,Final,Men,finished,2021-04-09 08:46:38 UTC,/api/v1/category_rounds/4939/results,boulder_legacy,Translation missing: en.round_types.boulder_legacy,3,,,,,,,4344,4,/api/v1/routes/4344/startlist,
/api/v1/events/1049/result/7,1049,full_results_url,"IFSC Climbing Worldcup (B,S) - Chongqing (CHN) 2018 ",BOULDER Women,finished,2025-10-02 07:18:30 UTC,2026-04-22 09:31:41 UTC,,4932,boulder,Qualification,Women,finished,2021-04-09 08:46:21 UTC,/api/v1/category_rounds/4932/results,boulder_legacy,Translation missing: en.round_types.boulder_legacy,1,,,,,,,4319,1,/api/v1/routes/4319/startlist,
/api/v1/events/1049/result/7,1049,full_results_url,"IFSC Climbing Worldcup (B,S) - Chongqing (CHN) 2018 ",BOULDER Women,finished,2025-10-02 07:18:30 UTC,2026-04-22 09:31:41 UTC,,4932,boulder,Qualification,Women,finished,2021-04-09 08:46:21 UTC,/api/v1/category_rounds/4932/results,boulder_legacy,Translation missing: en.round_types.boulder_legacy,1,,,,,,,4320,2,/api/v1/routes/4320/startlist,
/api/v1/events/1049/result/7,1049,full_results_url,"IFSC Climbing Worldcup (B,S) - Chongqing (CHN) 2018 ",BOULDER Women,finished,2025-10-02 07:18:30 UTC,2026-04-22 09:31:41 UTC,,4932,boulder,Qualification,Women,finished,2021-04-09 08:46:21 UTC,/api/v1/category_rounds/4932/results,boulder_legacy,Translation missing: en.round_types.boulder_legacy,1,,,,,,,4321,3,/api/v1/routes/4321/startlist,
/api/v1/events/1049/result/7,1049,full_results_url,"IFSC Climbing Worldcup (B,S) - Chongqing (CHN) 2018 ",BOULDER Women,finished,2025-10-02 07:18:30 UTC,2026-04-22 09:31:41 UTC,,4932,boulder,Qualification,Women,finished,2021-04-09 08:46:21 UTC,/api/v1/category_rounds/4932/results,boulder_legacy,Translation missing: en.round_types.boulder_legacy,1,,,,,,,4322,4,/api/v1/routes/4322/startlist,
/api/v1/events/1049/result/7,1049,full_results_url,"IFSC Climbing Worldcup (B,S) - Chongqing (CHN) 2018 ",BOULDER Women,finished,2025-10-02 07:18:30 UTC,2026-04-22 09:31:41 UTC,,4932,boulder,Qualification,Women,finished,2021-04-09 08:46:21 UTC,/api/v1/category_rounds/4932/results,boulder_legacy,Translation missing: en.round_types.boulder_legacy,1,,,,,,,4323,5,/api/v1/routes/4323/startlist,
/api/v1/events/1049/result/7,1049,full_results_url,"IFSC Climbing Worldcup (B,S) - Chongqing (CHN) 2018 ",BOULDER Women,finished,2025-10-02 07:18:30 UTC,2026-04-22 09:31:41 UTC,,4933,boulder,Semi-Final,Women,finished,2021-04-09 08:46:33 UTC,/api/v1/category_rounds/4933/results,boulder_legacy,Translation missing: en.round_types.boulder_legacy,2,,,,,,,4324,1,/api/v1/routes/4324/startlist,
/api/v1/events/1049/result/7,1049,full_results_url,"IFSC Climbing Worldcup (B,S) - Chongqing (CHN) 2018 ",BOULDER Women,finished,2025-10-02 07:18:30 UTC,2026-04-22 09:31:41 UTC,,4933,boulder,Semi-Final,Women,finished,2021-04-09 08:46:33 UTC,/api/v1/category_rounds/4933/results,boulder_legacy,Translation missing: en.round_types.boulder_legacy,2,,,,,,,4325,2,/api/v1/routes/4325/startlist,
/api/v1/events/1049/result/7,1049,full_results_url,"IFSC Climbing Worldcup (B,S) - Chongqing (CHN) 2018 ",BOULDER Women,finished,2025-10-02 07:18:30 UTC,2026-04-22 09:31:41 UTC,,4933,boulder,Semi-Final,Women,finished,2021-04-09 08:46:33 UTC,/api/v1/category_rounds/4933/results,boulder_legacy,Translation missing: en.round_types.boulder_legacy,2,,,,,,,4326,3,/api/v1/routes/4326/startlist,
/api/v1/events/1049/result/7,1049,full_results_url,"IFSC Climbing Worldcup (B,S) - Chongqing (CHN) 2018 ",BOULDER Women,finished,2025-10-02 07:18:30 UTC,2026-04-22 09:31:41 UTC,,4933,boulder,Semi-Final,Women,finished,2021-04-09 08:46:33 UTC,/api/v1/category_rounds/4933/results,boulder_legacy,Translation missing: en.round_types.boulder_legacy,2,,,,,,,4327,4,/api/v1/routes/4327/startlist,
/api/v1/events/1049/result/7,1049,full_results_url,"IFSC Climbing Worldcup (B,S) - Chongqing (CHN) 2018 ",BOULDER Women,finished,2025-10-02 07:18:30 UTC,2026-04-22 09:31:41 UTC,,4934,boulder,Final,Women,finished,2021-04-09 08:46:38 UTC,/api/v1/category_rounds/4934/results,boulder_legacy,Translation missing: en.round_types.boulder_legacy,3,,,,,,,4328,1,/api/v1/routes/4328/startlist,
/api/v1/events/1049/result/7,1049,full_results_url,"IFSC Climbing Worldcup (B,S) - Chongqing (CHN) 2018 ",BOULDER Women,finished,2025-10-02 07:18:30 UTC,2026-04-22 09:31:41 UTC,,4934,boulder,Final,Women,finished,2021-04-09 08:46:38 UTC,/api/v1/category_rounds/4934/results,boulder_legacy,Translation missing: en.round_types.boulder_legacy,3,,,,,,,4329,2,/api/v1/routes/4329/startlist,
/api/v1/events/1049/result/7,1049,full_results_url,"IFSC Climbing Worldcup (B,S) - Chongqing (CHN) 2018 ",BOULDER Women,finished,2025-10-02 07:18:30 UTC,2026-04-22 09:31:41 UTC,,4934,boulder,Final,Women,finished,2021-04-09 08:46:38 UTC,/api/v1/category_rounds/4934/results,boulder_legacy,Translation missing: en.round_types.boulder_legacy,3,,,,,,,4330,3,/api/v1/routes/4330/startlist,
/api/v1/events/1049/result/7,1049,full_results_url,"IFSC Climbing Worldcup (B,S) - Chongqing (CHN) 2018 ",BOULDER Women,finished,2025-10-02 07:18:30 UTC,2026-04-22 09:31:41 UTC,,4934,boulder,Final,Women,finished,2021-04-09 08:46:38 UTC,/api/v1/category_rounds/4934/results,boulder_legacy,Translation missing: en.round_types.boulder_legacy,3,,,,,,,4331,4,/api/v1/routes/4331/startlist,
/api/v1/events/1049/result/2,1049,full_results_url,"IFSC Climbing Worldcup (B,S) - Chongqing (CHN) 2018 ",SPEED Men,finished,2025-10-02 07:18:30 UTC,2026-04-22 09:31:46 UTC,,4941,speed,Final,Men,finished,2024-01-17 07:13:05 UTC,/api/v1/category_rounds/4941/results,speed_elimination_ifsc,IFSC 2021: Elimination,3,,,,,,,2177,A,/api/v1/routes/2177/startlist,
/api/v1/events/1049/result/2,1049,full_results_url,"IFSC Climbing Worldcup (B,S) - Chongqing (CHN) 2018 ",SPEED Men,finished,2025-10-02 07:18:30 UTC,2026-04-22 09:31:46 UTC,,4941,speed,Final,Men,finished,2024-01-17 07:13:05 UTC,/api/v1/category_rounds/4941/results,speed_elimination_ifsc,IFSC 2021: Elimination,3,,,,,,,2178,B,/api/v1/routes/2178/startlist,
/api/v1/events/1049/result/6,1049,full_results_url,"IFSC Climbing Worldcup (B,S) - Chongqing (CHN) 2018 ",SPEED Women,finished,2025-10-02 07:18:30 UTC,2026-04-22 09:31:49 UTC,,4936,speed,Final,Women,finished,2024-01-17 07:13:06 UTC,/api/v1/category_rounds/4936/results,speed_elimination_ifsc,IFSC 2021: Elimination,3,,,,,,,2179,A,/api/v1/routes/2179/startlist,
/api/v1/events/1049/result/6,1049,full_results_url,"IFSC Climbing Worldcup (B,S) - Chongqing (CHN) 2018 ",SPEED Women,finished,2025-10-02 07:18:30 UTC,2026-04-22 09:31:49 UTC,,4936,speed,Final,Women,finished,2024-01-17 07:13:06 UTC,/api/v1/category_rounds/4936/results,speed_elimination_ifsc,IFSC 2021: Elimination,3,,,,,,,2180,B,/api/v1/routes/2180/startlist,
/api/v1/events/1050/result/3,1050,full_results_url,"IFSC Climbing Worldcup (B,S) - Tai'an (CHN) 2018 ",BOULDER Men,finished,2025-10-02 07:18:30 UTC,2026-04-22 09:32:11 UTC,,4947,boulder,Qualification,Men,finished,2021-04-09 08:47:09 UTC,/api/v1/category_rounds/4947/results,boulder_legacy,Translation missing: en.round_types.boulder_legacy,1,,,,,,,4358,1,/api/v1/routes/4358/startlist,
/api/v1/events/1050/result/3,1050,full_results_url,"IFSC Climbing Worldcup (B,S) - Tai'an (CHN) 2018 ",BOULDER Men,finished,2025-10-02 07:18:30 UTC,2026-04-22 09:32:11 UTC,,4947,boulder,Qualification,Men,finished,2021-04-09 08:47:09 UTC,/api/v1/category_rounds/4947/results,boulder_legacy,Translation missing: en.round_types.boulder_legacy,1,,,,,,,4359,2,/api/v1/routes/4359/startlist,
/api/v1/events/1050/result/3,1050,full_results_url,"IFSC Climbing Worldcup (B,S) - Tai'an (CHN) 2018 ",BOULDER Men,finished,2025-10-02 07:18:30 UTC,2026-04-22 09:32:11 UTC,,4947,boulder,Qualification,Men,finished,2021-04-09 08:47:09 UTC,/api/v1/category_rounds/4947/results,boulder_legacy,Translation missing: en.round_types.boulder_legacy,1,,,,,,,4360,3,/api/v1/routes/4360/startlist,
/api/v1/events/1050/result/3,1050,full_results_url,"IFSC Climbing Worldcup (B,S) - Tai'an (CHN) 2018 ",BOULDER Men,finished,2025-10-02 07:18:30 UTC,2026-04-22 09:32:11 UTC,,4947,boulder,Qualification,Men,finished,2021-04-09 08:47:09 UTC,/api/v1/category_rounds/4947/results,boulder_legacy,Translation missing: en.round_types.boulder_legacy,1,,,,,,,4361,4,/api/v1/routes/4361/startlist,
/api/v1/events/1050/result/3,1050,full_results_url,"IFSC Climbing Worldcup (B,S) - Tai'an (CHN) 2018 ",BOULDER Men,finished,2025-10-02 07:18:30 UTC,2026-04-22 09:32:11 UTC,,4947,boulder,Qualification,Men,finished,2021-04-09 08:47:09 UTC,/api/v1/category_rounds/4947/results,boulder_legacy,Translation missing: en.round_types.boulder_legacy,1,,,,,,,4362,5,/api/v1/routes/4362/startlist,
/api/v1/events/1050/result/3,1050,full_results_url,"IFSC Climbing Worldcup (B,S) - Tai'an (CHN) 2018 ",BOULDER Men,finished,2025-10-02 07:18:30 UTC,2026-04-22 09:32:11 UTC,,4948,boulder,Semi-Final,Men,finished,2021-04-09 08:47:22 UTC,/api/v1/category_rounds/4948/results,boulder_legacy,Translation missing: en.round_types.boulder_legacy,2,,,,,,,4363,1,/api/v1/routes/4363/startlist,
/api/v1/events/1050/result/3,1050,full_results_url,"IFSC Climbing Worldcup (B,S) - Tai'an (CHN) 2018 ",BOULDER Men,finished,2025-10-02 07:18:30 UTC,2026-04-22 09:32:11 UTC,,4948,boulder,Semi-Final,Men,finished,2021-04-09 08:47:22 UTC,/api/v1/category_rounds/4948/results,boulder_legacy,Translation missing: en.round_types.boulder_legacy,2,,,,,,,4364,2,/api/v1/routes/4364/startlist,
/api/v1/events/1050/result/3,1050,full_results_url,"IFSC Climbing Worldcup (B,S) - Tai'an (CHN) 2018 ",BOULDER Men,finished,2025-10-02 07:18:30 UTC,2026-04-22 09:32:11 UTC,,4948,boulder,Semi-Final,Men,finished,2021-04-09 08:47:22 UTC,/api/v1/category_rounds/4948/results,boulder_legacy,Translation missing: en.round_types.boulder_legacy,2,,,,,,,4365,3,/api/v1/routes/4365/startlist,
/api/v1/events/1050/result/3,1050,full_results_url,"IFSC Climbing Worldcup (B,S) - Tai'an (CHN) 2018 ",BOULDER Men,finished,2025-10-02 07:18:30 UTC,2026-04-22 09:32:11 UTC,,4948,boulder,Semi-Final,Men,finished,2021-04-09 08:47:22 UTC,/api/v1/category_rounds/4948/results,boulder_legacy,Translation missing: en.round_types.boulder_legacy,2,,,,,,,4366,4,/api/v1/routes/4366/startlist,
/api/v1/events/1050/result/3,1050,full_results_url,"IFSC Climbing Worldcup (B,S) - Tai'an (CHN) 2018 ",BOULDER Men,finished,2025-10-02 07:18:30 UTC,2026-04-22 09:32:11 UTC,,4949,boulder,Final,Men,finished,2021-04-09 08:47:27 UTC,/api/v1/category_rounds/4949/results,boulder_legacy,Translation missing: en.round_types.boulder_legacy,3,,,,,,,4367,1,/api/v1/routes/4367/startlist,
/api/v1/events/1050/result/3,1050,full_results_url,"IFSC Climbing Worldcup (B,S) - Tai'an (CHN) 2018 ",BOULDER Men,finished,2025-10-02 07:18:30 UTC,2026-04-22 09:32:11 UTC,,4949,boulder,Final,Men,finished,2021-04-09 08:47:27 UTC,/api/v1/category_rounds/4949/results,boulder_legacy,Translation missing: en.round_types.boulder_legacy,3,,,,,,,4368,2,/api/v1/routes/4368/startlist,
/api/v1/events/1050/result/3,1050,full_results_url,"IFSC Climbing Worldcup (B,S) - Tai'an (CHN) 2018 ",BOULDER Men,finished,2025-10-02 07:18:30 UTC,2026-04-22 09:32:11 UTC,,4949,boulder,Final,Men,finished,2021-04-09 08:47:27 UTC,/api/v1/category_rounds/4949/results,boulder_legacy,Translation missing: en.round_types.boulder_legacy,3,,,,,,,4369,3,/api/v1/routes/4369/startlist,
/api/v1/events/1050/result/3,1050,full_results_url,"IFSC Climbing Worldcup (B,S) - Tai'an (CHN) 2018 ",BOULDER Men,finished,2025-10-02 07:18:30 UTC,2026-04-22 09:32:11 UTC,,4949,boulder,Final,Men,finished,2021-04-09 08:47:27 UTC,/api/v1/category_rounds/4949/results,boulder_legacy,Translation missing: en.round_types.boulder_legacy,3,,,,,,,4370,4,/api/v1/routes/4370/startlist,
/api/v1/events/1050/result/7,1050,full_results_url,"IFSC Climbing Worldcup (B,S) - Tai'an (CHN) 2018 ",BOULDER Women,finished,2025-10-02 07:18:30 UTC,2026-04-22 09:32:16 UTC,,4942,boulder,Qualification,Women,finished,2021-04-09 08:47:09 UTC,/api/v1/category_rounds/4942/results,boulder_legacy,Translation missing: en.round_types.boulder_legacy,1,,,,,,,4345,1,/api/v1/routes/4345/startlist,
/api/v1/events/1050/result/7,1050,full_results_url,"IFSC Climbing Worldcup (B,S) - Tai'an (CHN) 2018 ",BOULDER Women,finished,2025-10-02 07:18:30 UTC,2026-04-22 09:32:16 UTC,,4942,boulder,Qualification,Women,finished,2021-04-09 08:47:09 UTC,/api/v1/category_rounds/4942/results,boulder_legacy,Translation missing: en.round_types.boulder_legacy,1,,,,,,,4346,2,/api/v1/routes/4346/startlist,
/api/v1/events/1050/result/7,1050,full_results_url,"IFSC Climbing Worldcup (B,S) - Tai'an (CHN) 2018 ",BOULDER Women,finished,2025-10-02 07:18:30 UTC,2026-04-22 09:32:16 UTC,,4942,boulder,Qualification,Women,finished,2021-04-09 08:47:09 UTC,/api/v1/category_rounds/4942/results,boulder_legacy,Translation missing: en.round_types.boulder_legacy,1,,,,,,,4347,3,/api/v1/routes/4347/startlist,
/api/v1/events/1050/result/7,1050,full_results_url,"IFSC Climbing Worldcup (B,S) - Tai'an (CHN) 2018 ",BOULDER Women,finished,2025-10-02 07:18:30 UTC,2026-04-22 09:32:16 UTC,,4942,boulder,Qualification,Women,finished,2021-04-09 08:47:09 UTC,/api/v1/category_rounds/4942/results,boulder_legacy,Translation missing: en.round_types.boulder_legacy,1,,,,,,,4348,4,/api/v1/routes/4348/startlist,
/api/v1/events/1050/result/7,1050,full_results_url,"IFSC Climbing Worldcup (B,S) - Tai'an (CHN) 2018 ",BOULDER Women,finished,2025-10-02 07:18:30 UTC,2026-04-22 09:32:16 UTC,,4942,boulder,Qualification,Women,finished,2021-04-09 08:47:09 UTC,/api/v1/category_rounds/4942/results,boulder_legacy,Translation missing: en.round_types.boulder_legacy,1,,,,,,,4349,5,/api/v1/routes/4349/startlist,
/api/v1/events/1050/result/7,1050,full_results_url,"IFSC Climbing Worldcup (B,S) - Tai'an (CHN) 2018 ",BOULDER Women,finished,2025-10-02 07:18:30 UTC,2026-04-22 09:32:16 UTC,,4943,boulder,Semi-Final,Women,finished,2021-04-09 08:47:22 UTC,/api/v1/category_rounds/4943/results,boulder_legacy,Translation missing: en.round_types.boulder_legacy,2,,,,,,,4350,1,/api/v1/routes/4350/startlist,
/api/v1/events/1050/result/7,1050,full_results_url,"IFSC Climbing Worldcup (B,S) - Tai'an (CHN) 2018 ",BOULDER Women,finished,2025-10-02 07:18:30 UTC,2026-04-22 09:32:16 UTC,,4943,boulder,Semi-Final,Women,finished,2021-04-09 08:47:22 UTC,/api/v1/category_rounds/4943/results,boulder_legacy,Translation missing: en.round_types.boulder_legacy,2,,,,,,,4351,2,/api/v1/routes/4351/startlist,
/api/v1/events/1050/result/7,1050,full_results_url,"IFSC Climbing Worldcup (B,S) - Tai'an (CHN) 2018 ",BOULDER Women,finished,2025-10-02 07:18:30 UTC,2026-04-22 09:32:16 UTC,,4943,boulder,Semi-Final,Women,finished,2021-04-09 08:47:22 UTC,/api/v1/category_rounds/4943/results,boulder_legacy,Translation missing: en.round_types.boulder_legacy,2,,,,,,,4352,3,/api/v1/routes/4352/startlist,
/api/v1/events/1050/result/7,1050,full_results_url,"IFSC Climbing Worldcup (B,S) - Tai'an (CHN) 2018 ",BOULDER Women,finished,2025-10-02 07:18:30 UTC,2026-04-22 09:32:16 UTC,,4943,boulder,Semi-Final,Women,finished,2021-04-09 08:47:22 UTC,/api/v1/category_rounds/4943/results,boulder_legacy,Translation missing: en.round_types.boulder_legacy,2,,,,,,,4353,4,/api/v1/routes/4353/startlist,
/api/v1/events/1050/result/7,1050,full_results_url,"IFSC Climbing Worldcup (B,S) - Tai'an (CHN) 2018 ",BOULDER Women,finished,2025-10-02 07:18:30 UTC,2026-04-22 09:32:16 UTC,,4944,boulder,Final,Women,finished,2021-04-09 08:47:27 UTC,/api/v1/category_rounds/4944/results,boulder_legacy,Translation missing: en.round_types.boulder_legacy,3,,,,,,,4354,1,/api/v1/routes/4354/startlist,
/api/v1/events/1050/result/7,1050,full_results_url,"IFSC Climbing Worldcup (B,S) - Tai'an (CHN) 2018 ",BOULDER Women,finished,2025-10-02 07:18:30 UTC,2026-04-22 09:32:16 UTC,,4944,boulder,Final,Women,finished,2021-04-09 08:47:27 UTC,/api/v1/category_rounds/4944/results,boulder_legacy,Translation missing: en.round_types.boulder_legacy,3,,,,,,,4355,2,/api/v1/routes/4355/startlist,
/api/v1/events/1050/result/7,1050,full_results_url,"IFSC Climbing Worldcup (B,S) - Tai'an (CHN) 2018 ",BOULDER Women,finished,2025-10-02 07:18:30 UTC,2026-04-22 09:32:16 UTC,,4944,boulder,Final,Women,finished,2021-04-09 08:47:27 UTC,/api/v1/category_rounds/4944/results,boulder_legacy,Translation missing: en.round_types.boulder_legacy,3,,,,,,,4356,3,/api/v1/routes/4356/startlist,
/api/v1/events/1050/result/7,1050,full_results_url,"IFSC Climbing Worldcup (B,S) - Tai'an (CHN) 2018 ",BOULDER Women,finished,2025-10-02 07:18:30 UTC,2026-04-22 09:32:16 UTC,,4944,boulder,Final,Women,finished,2021-04-09 08:47:27 UTC,/api/v1/category_rounds/4944/results,boulder_legacy,Translation missing: en.round_types.boulder_legacy,3,,,,,,,4357,4,/api/v1/routes/4357/startlist,
/api/v1/events/1050/result/2,1050,full_results_url,"IFSC Climbing Worldcup (B,S) - Tai'an (CHN) 2018 ",SPEED Men,finished,2025-10-02 07:18:30 UTC,2026-04-22 09:32:21 UTC,,4951,speed,Final,Men,finished,2024-01-17 07:13:13 UTC,/api/v1/category_rounds/4951/results,speed_elimination_ifsc,IFSC 2021: Elimination,3,,,,,,,2181,A,/api/v1/routes/2181/startlist,
/api/v1/events/1050/result/2,1050,full_results_url,"IFSC Climbing Worldcup (B,S) - Tai'an (CHN) 2018 ",SPEED Men,finished,2025-10-02 07:18:30 UTC,2026-04-22 09:32:21 UTC,,4951,speed,Final,Men,finished,2024-01-17 07:13:13 UTC,/api/v1/category_rounds/4951/results,speed_elimination_ifsc,IFSC 2021: Elimination,3,,,,,,,2182,B,/api/v1/routes/2182/startlist,
/api/v1/events/1050/result/6,1050,full_results_url,"IFSC Climbing Worldcup (B,S) - Tai'an (CHN) 2018 ",SPEED Women,finished,2025-10-02 07:18:30 UTC,2026-04-22 09:32:24 UTC,,4946,speed,Final,Women,finished,2024-01-17 07:13:14 UTC,/api/v1/category_rounds/4946/results,speed_elimination_ifsc,IFSC 2021: Elimination,3,,,,,,,2183,A,/api/v1/routes/2183/startlist,
/api/v1/events/1050/result/6,1050,full_results_url,"IFSC Climbing Worldcup (B,S) - Tai'an (CHN) 2018 ",SPEED Women,finished,2025-10-02 07:18:30 UTC,2026-04-22 09:32:24 UTC,,4946,speed,Final,Women,finished,2024-01-17 07:13:14 UTC,/api/v1/category_rounds/4946/results,speed_elimination_ifsc,IFSC 2021: Elimination,3,,,,,,,2184,B,/api/v1/routes/2184/startlist,
/api/v1/events/1051/result/3,1051,full_results_url,IFSC Climbing Worldcup (B) - Hachioji (JPN) 2018 ,BOULDER Men,finished,2025-10-02 07:18:30 UTC,2026-04-22 09:33:28 UTC,,4955,boulder,Qualification,Men,finished,2021-04-09 08:48:01 UTC,/api/v1/category_rounds/4955/results,boulder_legacy,Translation missing: en.round_types.boulder_legacy,1,,,,,,,4384,1,/api/v1/routes/4384/startlist,
/api/v1/events/1051/result/3,1051,full_results_url,IFSC Climbing Worldcup (B) - Hachioji (JPN) 2018 ,BOULDER Men,finished,2025-10-02 07:18:30 UTC,2026-04-22 09:33:28 UTC,,4955,boulder,Qualification,Men,finished,2021-04-09 08:48:01 UTC,/api/v1/category_rounds/4955/results,boulder_legacy,Translation missing: en.round_types.boulder_legacy,1,,,,,,,4385,2,/api/v1/routes/4385/startlist,
/api/v1/events/1051/result/3,1051,full_results_url,IFSC Climbing Worldcup (B) - Hachioji (JPN) 2018 ,BOULDER Men,finished,2025-10-02 07:18:30 UTC,2026-04-22 09:33:28 UTC,,4955,boulder,Qualification,Men,finished,2021-04-09 08:48:01 UTC,/api/v1/category_rounds/4955/results,boulder_legacy,Translation missing: en.round_types.boulder_legacy,1,,,,,,,4386,3,/api/v1/routes/4386/startlist,
/api/v1/events/1051/result/3,1051,full_results_url,IFSC Climbing Worldcup (B) - Hachioji (JPN) 2018 ,BOULDER Men,finished,2025-10-02 07:18:30 UTC,2026-04-22 09:33:28 UTC,,4955,boulder,Qualification,Men,finished,2021-04-09 08:48:01 UTC,/api/v1/category_rounds/4955/results,boulder_legacy,Translation missing: en.round_types.boulder_legacy,1,,,,,,,4387,4,/api/v1/routes/4387/startlist,
/api/v1/events/1051/result/3,1051,full_results_url,IFSC Climbing Worldcup (B) - Hachioji (JPN) 2018 ,BOULDER Men,finished,2025-10-02 07:18:30 UTC,2026-04-22 09:33:28 UTC,,4955,boulder,Qualification,Men,finished,2021-04-09 08:48:01 UTC,/api/v1/category_rounds/4955/results,boulder_legacy,Translation missing: en.round_types.boulder_legacy,1,,,,,,,4388,5,/api/v1/routes/4388/startlist,
/api/v1/events/1051/result/3,1051,full_results_url,IFSC Climbing Worldcup (B) - Hachioji (JPN) 2018 ,BOULDER Men,finished,2025-10-02 07:18:30 UTC,2026-04-22 09:33:28 UTC,,4956,boulder,Semi-Final,Men,finished,2021-04-09 08:48:21 UTC,/api/v1/category_rounds/4956/results,boulder_legacy,Translation missing: en.round_types.boulder_legacy,2,,,,,,,4389,1,/api/v1/routes/4389/startlist,
/api/v1/events/1051/result/3,1051,full_results_url,IFSC Climbing Worldcup (B) - Hachioji (JPN) 2018 ,BOULDER Men,finished,2025-10-02 07:18:30 UTC,2026-04-22 09:33:28 UTC,,4956,boulder,Semi-Final,Men,finished,2021-04-09 08:48:21 UTC,/api/v1/category_rounds/4956/results,boulder_legacy,Translation missing: en.round_types.boulder_legacy,2,,,,,,,4390,2,/api/v1/routes/4390/startlist,
/api/v1/events/1051/result/3,1051,full_results_url,IFSC Climbing Worldcup (B) - Hachioji (JPN) 2018 ,BOULDER Men,finished,2025-10-02 07:18:30 UTC,2026-04-22 09:33:28 UTC,,4956,boulder,Semi-Final,Men,finished,2021-04-09 08:48:21 UTC,/api/v1/category_rounds/4956/results,boulder_legacy,Translation missing: en.round_types.boulder_legacy,2,,,,,,,4391,3,/api/v1/routes/4391/startlist,
/api/v1/events/1051/result/3,1051,full_results_url,IFSC Climbing Worldcup (B) - Hachioji (JPN) 2018 ,BOULDER Men,finished,2025-10-02 07:18:30 UTC,2026-04-22 09:33:28 UTC,,4956,boulder,Semi-Final,Men,finished,2021-04-09 08:48:21 UTC,/api/v1/category_rounds/4956/results,boulder_legacy,Translation missing: en.round_types.boulder_legacy,2,,,,,,,4392,4,/api/v1/routes/4392/startlist,
/api/v1/events/1051/result/3,1051,full_results_url,IFSC Climbing Worldcup (B) - Hachioji (JPN) 2018 ,BOULDER Men,finished,2025-10-02 07:18:30 UTC,2026-04-22 09:33:28 UTC,,4957,boulder,Final,Men,finished,2021-04-09 08:48:26 UTC,/api/v1/category_rounds/4957/results,boulder_legacy,Translation missing: en.round_types.boulder_legacy,3,,,,,,,4393,1,/api/v1/routes/4393/startlist,
/api/v1/events/1051/result/3,1051,full_results_url,IFSC Climbing Worldcup (B) - Hachioji (JPN) 2018 ,BOULDER Men,finished,2025-10-02 07:18:30 UTC,2026-04-22 09:33:28 UTC,,4957,boulder,Final,Men,finished,2021-04-09 08:48:26 UTC,/api/v1/category_rounds/4957/results,boulder_legacy,Translation missing: en.round_types.boulder_legacy,3,,,,,,,4394,2,/api/v1/routes/4394/startlist,
/api/v1/events/1051/result/3,1051,full_results_url,IFSC Climbing Worldcup (B) - Hachioji (JPN) 2018 ,BOULDER Men,finished,2025-10-02 07:18:30 UTC,2026-04-22 09:33:28 UTC,,4957,boulder,Final,Men,finished,2021-04-09 08:48:26 UTC,/api/v1/category_rounds/4957/results,boulder_legacy,Translation missing: en.round_types.boulder_legacy,3,,,,,,,4395,3,/api/v1/routes/4395/startlist,
/api/v1/events/1051/result/3,1051,full_results_url,IFSC Climbing Worldcup (B) - Hachioji (JPN) 2018 ,BOULDER Men,finished,2025-10-02 07:18:30 UTC,2026-04-22 09:33:28 UTC,,4957,boulder,Final,Men,finished,2021-04-09 08:48:26 UTC,/api/v1/category_rounds/4957/results,boulder_legacy,Translation missing: en.round_types.boulder_legacy,3,,,,,,,4396,4,/api/v1/routes/4396/startlist,
/api/v1/events/1051/result/7,1051,full_results_url,IFSC Climbing Worldcup (B) - Hachioji (JPN) 2018 ,BOULDER Women,finished,2025-10-02 07:18:30 UTC,2026-04-22 09:33:32 UTC,,4952,boulder,Qualification,Women,finished,2021-04-09 08:48:01 UTC,/api/v1/category_rounds/4952/results,boulder_legacy,Translation missing: en.round_types.boulder_legacy,1,,,,,,,4371,1,/api/v1/routes/4371/startlist,
/api/v1/events/1051/result/7,1051,full_results_url,IFSC Climbing Worldcup (B) - Hachioji (JPN) 2018 ,BOULDER Women,finished,2025-10-02 07:18:30 UTC,2026-04-22 09:33:32 UTC,,4952,boulder,Qualification,Women,finished,2021-04-09 08:48:01 UTC,/api/v1/category_rounds/4952/results,boulder_legacy,Translation missing: en.round_types.boulder_legacy,1,,,,,,,4372,2,/api/v1/routes/4372/startlist,
/api/v1/events/1051/result/7,1051,full_results_url,IFSC Climbing Worldcup (B) - Hachioji (JPN) 2018 ,BOULDER Women,finished,2025-10-02 07:18:30 UTC,2026-04-22 09:33:32 UTC,,4952,boulder,Qualification,Women,finished,2021-04-09 08:48:01 UTC,/api/v1/category_rounds/4952/results,boulder_legacy,Translation missing: en.round_types.boulder_legacy,1,,,,,,,4373,3,/api/v1/routes/4373/startlist,
/api/v1/events/1051/result/7,1051,full_results_url,IFSC Climbing Worldcup (B) - Hachioji (JPN) 2018 ,BOULDER Women,finished,2025-10-02 07:18:30 UTC,2026-04-22 09:33:32 UTC,,4952,boulder,Qualification,Women,finished,2021-04-09 08:48:01 UTC,/api/v1/category_rounds/4952/results,boulder_legacy,Translation missing: en.round_types.boulder_legacy,1,,,,,,,4374,4,/api/v1/routes/4374/startlist,
/api/v1/events/1051/result/7,1051,full_results_url,IFSC Climbing Worldcup (B) - Hachioji (JPN) 2018 ,BOULDER Women,finished,2025-10-02 07:18:30 UTC,2026-04-22 09:33:32 UTC,,4952,boulder,Qualification,Women,finished,2021-04-09 08:48:01 UTC,/api/v1/category_rounds/4952/results,boulder_legacy,Translation missing: en.round_types.boulder_legacy,1,,,,,,,4375,5,/api/v1/routes/4375/startlist,
/api/v1/events/1051/result/7,1051,full_results_url,IFSC Climbing Worldcup (B) - Hachioji (JPN) 2018 ,BOULDER Women,finished,2025-10-02 07:18:30 UTC,2026-04-22 09:33:32 UTC,,4953,boulder,Semi-Final,Women,finished,2021-04-09 08:48:21 UTC,/api/v1/category_rounds/4953/results,boulder_legacy,Translation missing: en.round_types.boulder_legacy,2,,,,,,,4376,1,/api/v1/routes/4376/startlist,
/api/v1/events/1051/result/7,1051,full_results_url,IFSC Climbing Worldcup (B) - Hachioji (JPN) 2018 ,BOULDER Women,finished,2025-10-02 07:18:30 UTC,2026-04-22 09:33:32 UTC,,4953,boulder,Semi-Final,Women,finished,2021-04-09 08:48:21 UTC,/api/v1/category_rounds/4953/results,boulder_legacy,Translation missing: en.round_types.boulder_legacy,2,,,,,,,4377,2,/api/v1/routes/4377/startlist,
/api/v1/events/1051/result/7,1051,full_results_url,IFSC Climbing Worldcup (B) - Hachioji (JPN) 2018 ,BOULDER Women,finished,2025-10-02 07:18:30 UTC,2026-04-22 09:33:32 UTC,,4953,boulder,Semi-Final,Women,finished,2021-04-09 08:48:21 UTC,/api/v1/category_rounds/4953/results,boulder_legacy,Translation missing: en.round_types.boulder_legacy,2,,,,,,,4378,3,/api/v1/routes/4378/startlist,
/api/v1/events/1051/result/7,1051,full_results_url,IFSC Climbing Worldcup (B) - Hachioji (JPN) 2018 ,BOULDER Women,finished,2025-10-02 07:18:30 UTC,2026-04-22 09:33:32 UTC,,4953,boulder,Semi-Final,Women,finished,2021-04-09 08:48:21 UTC,/api/v1/category_rounds/4953/results,boulder_legacy,Translation missing: en.round_types.boulder_legacy,2,,,,,,,4379,4,/api/v1/routes/4379/startlist,
/api/v1/events/1051/result/7,1051,full_results_url,IFSC Climbing Worldcup (B) - Hachioji (JPN) 2018 ,BOULDER Women,finished,2025-10-02 07:18:30 UTC,2026-04-22 09:33:32 UTC,,4954,boulder,Final,Women,finished,2021-04-09 08:48:26 UTC,/api/v1/category_rounds/4954/results,boulder_legacy,Translation missing: en.round_types.boulder_legacy,3,,,,,,,4380,1,/api/v1/routes/4380/startlist,
/api/v1/events/1051/result/7,1051,full_results_url,IFSC Climbing Worldcup (B) - Hachioji (JPN) 2018 ,BOULDER Women,finished,2025-10-02 07:18:30 UTC,2026-04-22 09:33:32 UTC,,4954,boulder,Final,Women,finished,2021-04-09 08:48:26 UTC,/api/v1/category_rounds/4954/results,boulder_legacy,Translation missing: en.round_types.boulder_legacy,3,,,,,,,4381,2,/api/v1/routes/4381/startlist,
/api/v1/events/1051/result/7,1051,full_results_url,IFSC Climbing Worldcup (B) - Hachioji (JPN) 2018 ,BOULDER Women,finished,2025-10-02 07:18:30 UTC,2026-04-22 09:33:32 UTC,,4954,boulder,Final,Women,finished,2021-04-09 08:48:26 UTC,/api/v1/category_rounds/4954/results,boulder_legacy,Translation missing: en.round_types.boulder_legacy,3,,,,,,,4382,3,/api/v1/routes/4382/startlist,
/api/v1/events/1051/result/7,1051,full_results_url,IFSC Climbing Worldcup (B) - Hachioji (JPN) 2018 ,BOULDER Women,finished,2025-10-02 07:18:30 UTC,2026-04-22 09:33:32 UTC,,4954,boulder,Final,Women,finished,2021-04-09 08:48:26 UTC,/api/v1/category_rounds/4954/results,boulder_legacy,Translation missing: en.round_types.boulder_legacy,3,,,,,,,4383,4,/api/v1/routes/4383/startlist,
/api/v1/events/1052/result/3,1052,full_results_url,IFSC Climbing Worldcup (B) - Vail (USA) 2018 ,BOULDER Men,finished,2025-10-02 07:18:30 UTC,2026-04-22 09:33:57 UTC,,4961,boulder,Qualification,Men,finished,2021-04-09 08:49:00 UTC,/api/v1/category_rounds/4961/results,boulder_legacy,Translation missing: en.round_types.boulder_legacy,1,,,,,,,4410,1,/api/v1/routes/4410/startlist,
/api/v1/events/1052/result/3,1052,full_results_url,IFSC Climbing Worldcup (B) - Vail (USA) 2018 ,BOULDER Men,finished,2025-10-02 07:18:30 UTC,2026-04-22 09:33:57 UTC,,4961,boulder,Qualification,Men,finished,2021-04-09 08:49:00 UTC,/api/v1/category_rounds/4961/results,boulder_legacy,Translation missing: en.round_types.boulder_legacy,1,,,,,,,4411,2,/api/v1/routes/4411/startlist,
/api/v1/events/1052/result/3,1052,full_results_url,IFSC Climbing Worldcup (B) - Vail (USA) 2018 ,BOULDER Men,finished,2025-10-02 07:18:30 UTC,2026-04-22 09:33:57 UTC,,4961,boulder,Qualification,Men,finished,2021-04-09 08:49:00 UTC,/api/v1/category_rounds/4961/results,boulder_legacy,Translation missing: en.round_types.boulder_legacy,1,,,,,,,4412,3,/api/v1/routes/4412/startlist,
/api/v1/events/1052/result/3,1052,full_results_url,IFSC Climbing Worldcup (B) - Vail (USA) 2018 ,BOULDER Men,finished,2025-10-02 07:18:30 UTC,2026-04-22 09:33:57 UTC,,4961,boulder,Qualification,Men,finished,2021-04-09 08:49:00 UTC,/api/v1/category_rounds/4961/results,boulder_legacy,Translation missing: en.round_types.boulder_legacy,1,,,,,,,4413,4,/api/v1/routes/4413/startlist,
/api/v1/events/1052/result/3,1052,full_results_url,IFSC Climbing Worldcup (B) - Vail (USA) 2018 ,BOULDER Men,finished,2025-10-02 07:18:30 UTC,2026-04-22 09:33:57 UTC,,4961,boulder,Qualification,Men,finished,2021-04-09 08:49:00 UTC,/api/v1/category_rounds/4961/results,boulder_legacy,Translation missing: en.round_types.boulder_legacy,1,,,,,,,4414,5,/api/v1/routes/4414/startlist,
/api/v1/events/1052/result/3,1052,full_results_url,IFSC Climbing Worldcup (B) - Vail (USA) 2018 ,BOULDER Men,finished,2025-10-02 07:18:30 UTC,2026-04-22 09:33:57 UTC,,4962,boulder,Semi-Final,Men,finished,2021-04-09 08:49:16 UTC,/api/v1/category_rounds/4962/results,boulder_legacy,Translation missing: en.round_types.boulder_legacy,2,,,,,,,4415,1,/api/v1/routes/4415/startlist,
/api/v1/events/1052/result/3,1052,full_results_url,IFSC Climbing Worldcup (B) - Vail (USA) 2018 ,BOULDER Men,finished,2025-10-02 07:18:30 UTC,2026-04-22 09:33:57 UTC,,4962,boulder,Semi-Final,Men,finished,2021-04-09 08:49:16 UTC,/api/v1/category_rounds/4962/results,boulder_legacy,Translation missing: en.round_types.boulder_legacy,2,,,,,,,4416,2,/api/v1/routes/4416/startlist,
/api/v1/events/1052/result/3,1052,full_results_url,IFSC Climbing Worldcup (B) - Vail (USA) 2018 ,BOULDER Men,finished,2025-10-02 07:18:30 UTC,2026-04-22 09:33:57 UTC,,4962,boulder,Semi-Final,Men,finished,2021-04-09 08:49:16 UTC,/api/v1/category_rounds/4962/results,boulder_legacy,Translation missing: en.round_types.boulder_legacy,2,,,,,,,4417,3,/api/v1/routes/4417/startlist,
/api/v1/events/1052/result/3,1052,full_results_url,IFSC Climbing Worldcup (B) - Vail (USA) 2018 ,BOULDER Men,finished,2025-10-02 07:18:30 UTC,2026-04-22 09:33:57 UTC,,4962,boulder,Semi-Final,Men,finished,2021-04-09 08:49:16 UTC,/api/v1/category_rounds/4962/results,boulder_legacy,Translation missing: en.round_types.boulder_legacy,2,,,,,,,4418,4,/api/v1/routes/4418/startlist,
/api/v1/events/1052/result/3,1052,full_results_url,IFSC Climbing Worldcup (B) - Vail (USA) 2018 ,BOULDER Men,finished,2025-10-02 07:18:30 UTC,2026-04-22 09:33:57 UTC,,4963,boulder,Final,Men,finished,2021-04-09 08:49:21 UTC,/api/v1/category_rounds/4963/results,boulder_legacy,Translation missing: en.round_types.boulder_legacy,3,,,,,,,4419,1,/api/v1/routes/4419/startlist,
/api/v1/events/1052/result/3,1052,full_results_url,IFSC Climbing Worldcup (B) - Vail (USA) 2018 ,BOULDER Men,finished,2025-10-02 07:18:30 UTC,2026-04-22 09:33:57 UTC,,4963,boulder,Final,Men,finished,2021-04-09 08:49:21 UTC,/api/v1/category_rounds/4963/results,boulder_legacy,Translation missing: en.round_types.boulder_legacy,3,,,,,,,4420,2,/api/v1/routes/4420/startlist,
/api/v1/events/1052/result/3,1052,full_results_url,IFSC Climbing Worldcup (B) - Vail (USA) 2018 ,BOULDER Men,finished,2025-10-02 07:18:30 UTC,2026-04-22 09:33:57 UTC,,4963,boulder,Final,Men,finished,2021-04-09 08:49:21 UTC,/api/v1/category_rounds/4963/results,boulder_legacy,Translation missing: en.round_types.boulder_legacy,3,,,,,,,4421,3,/api/v1/routes/4421/startlist,
/api/v1/events/1052/result/3,1052,full_results_url,IFSC Climbing Worldcup (B) - Vail (USA) 2018 ,BOULDER Men,finished,2025-10-02 07:18:30 UTC,2026-04-22 09:33:57 UTC,,4963,boulder,Final,Men,finished,2021-04-09 08:49:21 UTC,/api/v1/category_rounds/4963/results,boulder_legacy,Translation missing: en.round_types.boulder_legacy,3,,,,,,,4422,4,/api/v1/routes/4422/startlist,
/api/v1/events/1052/result/7,1052,full_results_url,IFSC Climbing Worldcup (B) - Vail (USA) 2018 ,BOULDER Women,finished,2025-10-02 07:18:30 UTC,2026-04-22 09:34:01 UTC,,4958,boulder,Qualification,Women,finished,2021-04-09 08:49:00 UTC,/api/v1/category_rounds/4958/results,boulder_legacy,Translation missing: en.round_types.boulder_legacy,1,,,,,,,4397,1,/api/v1/routes/4397/startlist,
/api/v1/events/1052/result/7,1052,full_results_url,IFSC Climbing Worldcup (B) - Vail (USA) 2018 ,BOULDER Women,finished,2025-10-02 07:18:30 UTC,2026-04-22 09:34:01 UTC,,4958,boulder,Qualification,Women,finished,2021-04-09 08:49:00 UTC,/api/v1/category_rounds/4958/results,boulder_legacy,Translation missing: en.round_types.boulder_legacy,1,,,,,,,4398,2,/api/v1/routes/4398/startlist,
/api/v1/events/1052/result/7,1052,full_results_url,IFSC Climbing Worldcup (B) - Vail (USA) 2018 ,BOULDER Women,finished,2025-10-02 07:18:30 UTC,2026-04-22 09:34:01 UTC,,4958,boulder,Qualification,Women,finished,2021-04-09 08:49:00 UTC,/api/v1/category_rounds/4958/results,boulder_legacy,Translation missing: en.round_types.boulder_legacy,1,,,,,,,4399,3,/api/v1/routes/4399/startlist,
/api/v1/events/1052/result/7,1052,full_results_url,IFSC Climbing Worldcup (B) - Vail (USA) 2018 ,BOULDER Women,finished,2025-10-02 07:18:30 UTC,2026-04-22 09:34:01 UTC,,4958,boulder,Qualification,Women,finished,2021-04-09 08:49:00 UTC,/api/v1/category_rounds/4958/results,boulder_legacy,Translation missing: en.round_types.boulder_legacy,1,,,,,,,4400,4,/api/v1/routes/4400/startlist,
/api/v1/events/1052/result/7,1052,full_results_url,IFSC Climbing Worldcup (B) - Vail (USA) 2018 ,BOULDER Women,finished,2025-10-02 07:18:30 UTC,2026-04-22 09:34:01 UTC,,4958,boulder,Qualification,Women,finished,2021-04-09 08:49:00 UTC,/api/v1/category_rounds/4958/results,boulder_legacy,Translation missing: en.round_types.boulder_legacy,1,,,,,,,4401,5,/api/v1/routes/4401/startlist,
/api/v1/events/1052/result/7,1052,full_results_url,IFSC Climbing Worldcup (B) - Vail (USA) 2018 ,BOULDER Women,finished,2025-10-02 07:18:30 UTC,2026-04-22 09:34:01 UTC,,4959,boulder,Semi-Final,Women,finished,2021-04-09 08:49:16 UTC,/api/v1/category_rounds/4959/results,boulder_legacy,Translation missing: en.round_types.boulder_legacy,2,,,,,,,4402,1,/api/v1/routes/4402/startlist,
/api/v1/events/1052/result/7,1052,full_results_url,IFSC Climbing Worldcup (B) - Vail (USA) 2018 ,BOULDER Women,finished,2025-10-02 07:18:30 UTC,2026-04-22 09:34:01 UTC,,4959,boulder,Semi-Final,Women,finished,2021-04-09 08:49:16 UTC,/api/v1/category_rounds/4959/results,boulder_legacy,Translation missing: en.round_types.boulder_legacy,2,,,,,,,4403,2,/api/v1/routes/4403/startlist,
/api/v1/events/1052/result/7,1052,full_results_url,IFSC Climbing Worldcup (B) - Vail (USA) 2018 ,BOULDER Women,finished,2025-10-02 07:18:30 UTC,2026-04-22 09:34:01 UTC,,4959,boulder,Semi-Final,Women,finished,2021-04-09 08:49:16 UTC,/api/v1/category_rounds/4959/results,boulder_legacy,Translation missing: en.round_types.boulder_legacy,2,,,,,,,4404,3,/api/v1/routes/4404/startlist,
/api/v1/events/1052/result/7,1052,full_results_url,IFSC Climbing Worldcup (B) - Vail (USA) 2018 ,BOULDER Women,finished,2025-10-02 07:18:30 UTC,2026-04-22 09:34:01 UTC,,4959,boulder,Semi-Final,Women,finished,2021-04-09 08:49:16 UTC,/api/v1/category_rounds/4959/results,boulder_legacy,Translation missing: en.round_types.boulder_legacy,2,,,,,,,4405,4,/api/v1/routes/4405/startlist,
/api/v1/events/1052/result/7,1052,full_results_url,IFSC Climbing Worldcup (B) - Vail (USA) 2018 ,BOULDER Women,finished,2025-10-02 07:18:30 UTC,2026-04-22 09:34:01 UTC,,4960,boulder,Final,Women,finished,2021-04-09 08:49:21 UTC,/api/v1/category_rounds/4960/results,boulder_legacy,Translation missing: en.round_types.boulder_legacy,3,,,,,,,4406,1,/api/v1/routes/4406/startlist,
/api/v1/events/1052/result/7,1052,full_results_url,IFSC Climbing Worldcup (B) - Vail (USA) 2018 ,BOULDER Women,finished,2025-10-02 07:18:30 UTC,2026-04-22 09:34:01 UTC,,4960,boulder,Final,Women,finished,2021-04-09 08:49:21 UTC,/api/v1/category_rounds/4960/results,boulder_legacy,Translation missing: en.round_types.boulder_legacy,3,,,,,,,4407,2,/api/v1/routes/4407/startlist,
/api/v1/events/1052/result/7,1052,full_results_url,IFSC Climbing Worldcup (B) - Vail (USA) 2018 ,BOULDER Women,finished,2025-10-02 07:18:30 UTC,2026-04-22 09:34:01 UTC,,4960,boulder,Final,Women,finished,2021-04-09 08:49:21 UTC,/api/v1/category_rounds/4960/results,boulder_legacy,Translation missing: en.round_types.boulder_legacy,3,,,,,,,4408,3,/api/v1/routes/4408/startlist,
/api/v1/events/1052/result/7,1052,full_results_url,IFSC Climbing Worldcup (B) - Vail (USA) 2018 ,BOULDER Women,finished,2025-10-02 07:18:30 UTC,2026-04-22 09:34:01 UTC,,4960,boulder,Final,Women,finished,2021-04-09 08:49:21 UTC,/api/v1/category_rounds/4960/results,boulder_legacy,Translation missing: en.round_types.boulder_legacy,3,,,,,,,4409,4,/api/v1/routes/4409/startlist,
/api/v1/events/1053/result/2,1053,full_results_url,"IFSC Climbing Worldcup (L,S) - Villars (SUI) 2018 ",SPEED Men,finished,2025-10-02 07:18:30 UTC,2026-04-22 09:35:51 UTC,,4973,speed,Final,Men,finished,2024-01-17 07:13:50 UTC,/api/v1/category_rounds/4973/results,speed_elimination_ifsc,IFSC 2021: Elimination,3,,,,,,,2185,A,/api/v1/routes/2185/startlist,
/api/v1/events/1053/result/2,1053,full_results_url,"IFSC Climbing Worldcup (L,S) - Villars (SUI) 2018 ",SPEED Men,finished,2025-10-02 07:18:30 UTC,2026-04-22 09:35:51 UTC,,4973,speed,Final,Men,finished,2024-01-17 07:13:50 UTC,/api/v1/category_rounds/4973/results,speed_elimination_ifsc,IFSC 2021: Elimination,3,,,,,,,2186,B,/api/v1/routes/2186/startlist,
/api/v1/events/1053/result/6,1053,full_results_url,"IFSC Climbing Worldcup (L,S) - Villars (SUI) 2018 ",SPEED Women,finished,2025-10-02 07:18:30 UTC,2026-04-22 09:35:54 UTC,,4968,speed,Final,Women,finished,2024-01-17 07:13:51 UTC,/api/v1/category_rounds/4968/results,speed_elimination_ifsc,IFSC 2021: Elimination,3,,,,,,,2187,A,/api/v1/routes/2187/startlist,
/api/v1/events/1053/result/6,1053,full_results_url,"IFSC Climbing Worldcup (L,S) - Villars (SUI) 2018 ",SPEED Women,finished,2025-10-02 07:18:30 UTC,2026-04-22 09:35:54 UTC,,4968,speed,Final,Women,finished,2024-01-17 07:13:51 UTC,/api/v1/category_rounds/4968/results,speed_elimination_ifsc,IFSC 2021: Elimination,3,,,,,,,2188,B,/api/v1/routes/2188/startlist,
/api/v1/events/1054/result/2,1054,full_results_url,"IFSC Climbing Worldcup (L,S) - Chamonix (FRA) 2018 ",SPEED Men,finished,2025-10-02 07:18:30 UTC,2026-04-22 09:36:25 UTC,,4983,speed,Final,Men,finished,2024-01-17 07:13:59 UTC,/api/v1/category_rounds/4983/results,speed_elimination_ifsc,IFSC 2021: Elimination,3,,,,,,,2189,A,/api/v1/routes/2189/startlist,
/api/v1/events/1054/result/2,1054,full_results_url,"IFSC Climbing Worldcup (L,S) - Chamonix (FRA) 2018 ",SPEED Men,finished,2025-10-02 07:18:30 UTC,2026-04-22 09:36:25 UTC,,4983,speed,Final,Men,finished,2024-01-17 07:13:59 UTC,/api/v1/category_rounds/4983/results,speed_elimination_ifsc,IFSC 2021: Elimination,3,,,,,,,2190,B,/api/v1/routes/2190/startlist,
/api/v1/events/1054/result/6,1054,full_results_url,"IFSC Climbing Worldcup (L,S) - Chamonix (FRA) 2018 ",SPEED Women,finished,2025-10-02 07:18:30 UTC,2026-04-22 09:36:28 UTC,,4978,speed,Final,Women,finished,2024-01-17 07:14:01 UTC,/api/v1/category_rounds/4978/results,speed_elimination_ifsc,IFSC 2021: Elimination,3,,,,,,,2191,A,/api/v1/routes/2191/startlist,
/api/v1/events/1054/result/6,1054,full_results_url,"IFSC Climbing Worldcup (L,S) - Chamonix (FRA) 2018 ",SPEED Women,finished,2025-10-02 07:18:30 UTC,2026-04-22 09:36:28 UTC,,4978,speed,Final,Women,finished,2024-01-17 07:14:01 UTC,/api/v1/category_rounds/4978/results,speed_elimination_ifsc,IFSC 2021: Elimination,3,,,,,,,2192,B,/api/v1/routes/2192/startlist,
/api/v1/events/1056/result/2,1056,full_results_url,"IFSC Climbing Worldcup (L,S) - Arco (ITA) 2018 ",SPEED Men,finished,2025-10-02 07:18:30 UTC,2026-04-22 09:37:21 UTC,,4999,speed,Final,Men,finished,2024-01-15 12:39:03 UTC,/api/v1/category_rounds/4999/results,speed_elimination_ifsc,IFSC 2021: Elimination,3,,,,,,,2193,A,/api/v1/routes/2193/startlist,
/api/v1/events/1056/result/2,1056,full_results_url,"IFSC Climbing Worldcup (L,S) - Arco (ITA) 2018 ",SPEED Men,finished,2025-10-02 07:18:30 UTC,2026-04-22 09:37:21 UTC,,4999,speed,Final,Men,finished,2024-01-15 12:39:03 UTC,/api/v1/category_rounds/4999/results,speed_elimination_ifsc,IFSC 2021: Elimination,3,,,,,,,2194,B,/api/v1/routes/2194/startlist,
/api/v1/events/1056/result/6,1056,full_results_url,"IFSC Climbing Worldcup (L,S) - Arco (ITA) 2018 ",SPEED Women,finished,2025-10-02 07:18:30 UTC,2026-04-22 09:37:24 UTC,,4994,speed,Final,Women,finished,2024-01-15 12:39:04 UTC,/api/v1/category_rounds/4994/results,speed_elimination_ifsc,IFSC 2021: Elimination,3,,,,,,,2195,A,/api/v1/routes/2195/startlist,
/api/v1/events/1056/result/6,1056,full_results_url,"IFSC Climbing Worldcup (L,S) - Arco (ITA) 2018 ",SPEED Women,finished,2025-10-02 07:18:30 UTC,2026-04-22 09:37:24 UTC,,4994,speed,Final,Women,finished,2024-01-15 12:39:04 UTC,/api/v1/category_rounds/4994/results,speed_elimination_ifsc,IFSC 2021: Elimination,3,,,,,,,2196,B,/api/v1/routes/2196/startlist,
/api/v1/events/1057/result/3,1057,full_results_url,IFSC Climbing Worldcup (B) - Munich (GER) 2018 ,BOULDER Men,finished,2025-10-02 07:18:30 UTC,2026-04-22 09:38:10 UTC,,5003,boulder,Qualification,Men,finished,2021-04-09 08:49:56 UTC,/api/v1/category_rounds/5003/results,boulder_legacy,Translation missing: en.round_types.boulder_legacy,1,,,,,,,4436,1,/api/v1/routes/4436/startlist,
/api/v1/events/1057/result/3,1057,full_results_url,IFSC Climbing Worldcup (B) - Munich (GER) 2018 ,BOULDER Men,finished,2025-10-02 07:18:30 UTC,2026-04-22 09:38:10 UTC,,5003,boulder,Qualification,Men,finished,2021-04-09 08:49:56 UTC,/api/v1/category_rounds/5003/results,boulder_legacy,Translation missing: en.round_types.boulder_legacy,1,,,,,,,4437,2,/api/v1/routes/4437/startlist,
/api/v1/events/1057/result/3,1057,full_results_url,IFSC Climbing Worldcup (B) - Munich (GER) 2018 ,BOULDER Men,finished,2025-10-02 07:18:30 UTC,2026-04-22 09:38:10 UTC,,5003,boulder,Qualification,Men,finished,2021-04-09 08:49:56 UTC,/api/v1/category_rounds/5003/results,boulder_legacy,Translation missing: en.round_types.boulder_legacy,1,,,,,,,4438,3,/api/v1/routes/4438/startlist,
/api/v1/events/1057/result/3,1057,full_results_url,IFSC Climbing Worldcup (B) - Munich (GER) 2018 ,BOULDER Men,finished,2025-10-02 07:18:30 UTC,2026-04-22 09:38:10 UTC,,5003,boulder,Qualification,Men,finished,2021-04-09 08:49:56 UTC,/api/v1/category_rounds/5003/results,boulder_legacy,Translation missing: en.round_types.boulder_legacy,1,,,,,,,4439,4,/api/v1/routes/4439/startlist,
/api/v1/events/1057/result/3,1057,full_results_url,IFSC Climbing Worldcup (B) - Munich (GER) 2018 ,BOULDER Men,finished,2025-10-02 07:18:30 UTC,2026-04-22 09:38:10 UTC,,5003,boulder,Qualification,Men,finished,2021-04-09 08:49:56 UTC,/api/v1/category_rounds/5003/results,boulder_legacy,Translation missing: en.round_types.boulder_legacy,1,,,,,,,4440,5,/api/v1/routes/4440/startlist,
/api/v1/events/1057/result/3,1057,full_results_url,IFSC Climbing Worldcup (B) - Munich (GER) 2018 ,BOULDER Men,finished,2025-10-02 07:18:30 UTC,2026-04-22 09:38:10 UTC,,5004,boulder,Semi-Final,Men,finished,2021-04-09 08:50:24 UTC,/api/v1/category_rounds/5004/results,boulder_legacy,Translation missing: en.round_types.boulder_legacy,2,,,,,,,4441,1,/api/v1/routes/4441/startlist,
/api/v1/events/1057/result/3,1057,full_results_url,IFSC Climbing Worldcup (B) - Munich (GER) 2018 ,BOULDER Men,finished,2025-10-02 07:18:30 UTC,2026-04-22 09:38:10 UTC,,5004,boulder,Semi-Final,Men,finished,2021-04-09 08:50:24 UTC,/api/v1/category_rounds/5004/results,boulder_legacy,Translation missing: en.round_types.boulder_legacy,2,,,,,,,4442,2,/api/v1/routes/4442/startlist,
/api/v1/events/1057/result/3,1057,full_results_url,IFSC Climbing Worldcup (B) - Munich (GER) 2018 ,BOULDER Men,finished,2025-10-02 07:18:30 UTC,2026-04-22 09:38:10 UTC,,5004,boulder,Semi-Final,Men,finished,2021-04-09 08:50:24 UTC,/api/v1/category_rounds/5004/results,boulder_legacy,Translation missing: en.round_types.boulder_legacy,2,,,,,,,4443,3,/api/v1/routes/4443/startlist,
/api/v1/events/1057/result/3,1057,full_results_url,IFSC Climbing Worldcup (B) - Munich (GER) 2018 ,BOULDER Men,finished,2025-10-02 07:18:30 UTC,2026-04-22 09:38:10 UTC,,5004,boulder,Semi-Final,Men,finished,2021-04-09 08:50:24 UTC,/api/v1/category_rounds/5004/results,boulder_legacy,Translation missing: en.round_types.boulder_legacy,2,,,,,,,4444,4,/api/v1/routes/4444/startlist,
/api/v1/events/1057/result/3,1057,full_results_url,IFSC Climbing Worldcup (B) - Munich (GER) 2018 ,BOULDER Men,finished,2025-10-02 07:18:30 UTC,2026-04-22 09:38:10 UTC,,5005,boulder,Final,Men,finished,2021-04-09 08:50:29 UTC,/api/v1/category_rounds/5005/results,boulder_legacy,Translation missing: en.round_types.boulder_legacy,3,,,,,,,4445,1,/api/v1/routes/4445/startlist,
/api/v1/events/1057/result/3,1057,full_results_url,IFSC Climbing Worldcup (B) - Munich (GER) 2018 ,BOULDER Men,finished,2025-10-02 07:18:30 UTC,2026-04-22 09:38:10 UTC,,5005,boulder,Final,Men,finished,2021-04-09 08:50:29 UTC,/api/v1/category_rounds/5005/results,boulder_legacy,Translation missing: en.round_types.boulder_legacy,3,,,,,,,4446,2,/api/v1/routes/4446/startlist,
/api/v1/events/1057/result/3,1057,full_results_url,IFSC Climbing Worldcup (B) - Munich (GER) 2018 ,BOULDER Men,finished,2025-10-02 07:18:30 UTC,2026-04-22 09:38:10 UTC,,5005,boulder,Final,Men,finished,2021-04-09 08:50:29 UTC,/api/v1/category_rounds/5005/results,boulder_legacy,Translation missing: en.round_types.boulder_legacy,3,,,,,,,4447,3,/api/v1/routes/4447/startlist,
/api/v1/events/1057/result/3,1057,full_results_url,IFSC Climbing Worldcup (B) - Munich (GER) 2018 ,BOULDER Men,finished,2025-10-02 07:18:30 UTC,2026-04-22 09:38:10 UTC,,5005,boulder,Final,Men,finished,2021-04-09 08:50:29 UTC,/api/v1/category_rounds/5005/results,boulder_legacy,Translation missing: en.round_types.boulder_legacy,3,,,,,,,4448,4,/api/v1/routes/4448/startlist,
/api/v1/events/1057/result/7,1057,full_results_url,IFSC Climbing Worldcup (B) - Munich (GER) 2018 ,BOULDER Women,finished,2025-10-02 07:18:30 UTC,2026-04-22 09:38:15 UTC,,5000,boulder,Qualification,Women,finished,2021-04-09 08:49:56 UTC,/api/v1/category_rounds/5000/results,boulder_legacy,Translation missing: en.round_types.boulder_legacy,1,,,,,,,4423,1,/api/v1/routes/4423/startlist,
/api/v1/events/1057/result/7,1057,full_results_url,IFSC Climbing Worldcup (B) - Munich (GER) 2018 ,BOULDER Women,finished,2025-10-02 07:18:30 UTC,2026-04-22 09:38:15 UTC,,5000,boulder,Qualification,Women,finished,2021-04-09 08:49:56 UTC,/api/v1/category_rounds/5000/results,boulder_legacy,Translation missing: en.round_types.boulder_legacy,1,,,,,,,4424,2,/api/v1/routes/4424/startlist,
/api/v1/events/1057/result/7,1057,full_results_url,IFSC Climbing Worldcup (B) - Munich (GER) 2018 ,BOULDER Women,finished,2025-10-02 07:18:30 UTC,2026-04-22 09:38:15 UTC,,5000,boulder,Qualification,Women,finished,2021-04-09 08:49:56 UTC,/api/v1/category_rounds/5000/results,boulder_legacy,Translation missing: en.round_types.boulder_legacy,1,,,,,,,4425,3,/api/v1/routes/4425/startlist,
/api/v1/events/1057/result/7,1057,full_results_url,IFSC Climbing Worldcup (B) - Munich (GER) 2018 ,BOULDER Women,finished,2025-10-02 07:18:30 UTC,2026-04-22 09:38:15 UTC,,5000,boulder,Qualification,Women,finished,2021-04-09 08:49:56 UTC,/api/v1/category_rounds/5000/results,boulder_legacy,Translation missing: en.round_types.boulder_legacy,1,,,,,,,4426,4,/api/v1/routes/4426/startlist,
/api/v1/events/1057/result/7,1057,full_results_url,IFSC Climbing Worldcup (B) - Munich (GER) 2018 ,BOULDER Women,finished,2025-10-02 07:18:30 UTC,2026-04-22 09:38:15 UTC,,5000,boulder,Qualification,Women,finished,2021-04-09 08:49:56 UTC,/api/v1/category_rounds/5000/results,boulder_legacy,Translation missing: en.round_types.boulder_legacy,1,,,,,,,4427,5,/api/v1/routes/4427/startlist,
/api/v1/events/1057/result/7,1057,full_results_url,IFSC Climbing Worldcup (B) - Munich (GER) 2018 ,BOULDER Women,finished,2025-10-02 07:18:30 UTC,2026-04-22 09:38:15 UTC,,5001,boulder,Semi-Final,Women,finished,2021-04-09 08:50:24 UTC,/api/v1/category_rounds/5001/results,boulder_legacy,Translation missing: en.round_types.boulder_legacy,2,,,,,,,4428,1,/api/v1/routes/4428/startlist,
/api/v1/events/1057/result/7,1057,full_results_url,IFSC Climbing Worldcup (B) - Munich (GER) 2018 ,BOULDER Women,finished,2025-10-02 07:18:30 UTC,2026-04-22 09:38:15 UTC,,5001,boulder,Semi-Final,Women,finished,2021-04-09 08:50:24 UTC,/api/v1/category_rounds/5001/results,boulder_legacy,Translation missing: en.round_types.boulder_legacy,2,,,,,,,4429,2,/api/v1/routes/4429/startlist,
/api/v1/events/1057/result/7,1057,full_results_url,IFSC Climbing Worldcup (B) - Munich (GER) 2018 ,BOULDER Women,finished,2025-10-02 07:18:30 UTC,2026-04-22 09:38:15 UTC,,5001,boulder,Semi-Final,Women,finished,2021-04-09 08:50:24 UTC,/api/v1/category_rounds/5001/results,boulder_legacy,Translation missing: en.round_types.boulder_legacy,2,,,,,,,4430,3,/api/v1/routes/4430/startlist,
/api/v1/events/1057/result/7,1057,full_results_url,IFSC Climbing Worldcup (B) - Munich (GER) 2018 ,BOULDER Women,finished,2025-10-02 07:18:30 UTC,2026-04-22 09:38:15 UTC,,5001,boulder,Semi-Final,Women,finished,2021-04-09 08:50:24 UTC,/api/v1/category_rounds/5001/results,boulder_legacy,Translation missing: en.round_types.boulder_legacy,2,,,,,,,4431,4,/api/v1/routes/4431/startlist,
/api/v1/events/1057/result/7,1057,full_results_url,IFSC Climbing Worldcup (B) - Munich (GER) 2018 ,BOULDER Women,finished,2025-10-02 07:18:30 UTC,2026-04-22 09:38:15 UTC,,5002,boulder,Final,Women,finished,2021-04-09 08:50:29 UTC,/api/v1/category_rounds/5002/results,boulder_legacy,Translation missing: en.round_types.boulder_legacy,3,,,,,,,4432,1,/api/v1/routes/4432/startlist,
/api/v1/events/1057/result/7,1057,full_results_url,IFSC Climbing Worldcup (B) - Munich (GER) 2018 ,BOULDER Women,finished,2025-10-02 07:18:30 UTC,2026-04-22 09:38:15 UTC,,5002,boulder,Final,Women,finished,2021-04-09 08:50:29 UTC,/api/v1/category_rounds/5002/results,boulder_legacy,Translation missing: en.round_types.boulder_legacy,3,,,,,,,4433,2,/api/v1/routes/4433/startlist,
/api/v1/events/1057/result/7,1057,full_results_url,IFSC Climbing Worldcup (B) - Munich (GER) 2018 ,BOULDER Women,finished,2025-10-02 07:18:30 UTC,2026-04-22 09:38:15 UTC,,5002,boulder,Final,Women,finished,2021-04-09 08:50:29 UTC,/api/v1/category_rounds/5002/results,boulder_legacy,Translation missing: en.round_types.boulder_legacy,3,,,,,,,4434,3,/api/v1/routes/4434/startlist,
/api/v1/events/1057/result/7,1057,full_results_url,IFSC Climbing Worldcup (B) - Munich (GER) 2018 ,BOULDER Women,finished,2025-10-02 07:18:30 UTC,2026-04-22 09:38:15 UTC,,5002,boulder,Final,Women,finished,2021-04-09 08:50:29 UTC,/api/v1/category_rounds/5002/results,boulder_legacy,Translation missing: en.round_types.boulder_legacy,3,,,,,,,4435,4,/api/v1/routes/4435/startlist,
/api/v1/events/1061/result/3,1061,full_results_url,IFSC Climbing World Championships - Innsbruck (AUT) 2018,BOULDER Men,finished,2025-10-02 07:18:30 UTC,2026-04-22 09:38:36 UTC,,5043,boulder,Qualification,Men,finished,2021-04-09 08:51:11 UTC,/api/v1/category_rounds/5043/results,boulder_legacy,Translation missing: en.round_types.boulder_legacy,1,,,,,,,4462,1,/api/v1/routes/4462/startlist,
/api/v1/events/1061/result/3,1061,full_results_url,IFSC Climbing World Championships - Innsbruck (AUT) 2018,BOULDER Men,finished,2025-10-02 07:18:30 UTC,2026-04-22 09:38:36 UTC,,5043,boulder,Qualification,Men,finished,2021-04-09 08:51:11 UTC,/api/v1/category_rounds/5043/results,boulder_legacy,Translation missing: en.round_types.boulder_legacy,1,,,,,,,4463,2,/api/v1/routes/4463/startlist,
/api/v1/events/1061/result/3,1061,full_results_url,IFSC Climbing World Championships - Innsbruck (AUT) 2018,BOULDER Men,finished,2025-10-02 07:18:30 UTC,2026-04-22 09:38:36 UTC,,5043,boulder,Qualification,Men,finished,2021-04-09 08:51:11 UTC,/api/v1/category_rounds/5043/results,boulder_legacy,Translation missing: en.round_types.boulder_legacy,1,,,,,,,4464,3,/api/v1/routes/4464/startlist,
/api/v1/events/1061/result/3,1061,full_results_url,IFSC Climbing World Championships - Innsbruck (AUT) 2018,BOULDER Men,finished,2025-10-02 07:18:30 UTC,2026-04-22 09:38:36 UTC,,5043,boulder,Qualification,Men,finished,2021-04-09 08:51:11 UTC,/api/v1/category_rounds/5043/results,boulder_legacy,Translation missing: en.round_types.boulder_legacy,1,,,,,,,4465,4,/api/v1/routes/4465/startlist,
/api/v1/events/1061/result/3,1061,full_results_url,IFSC Climbing World Championships - Innsbruck (AUT) 2018,BOULDER Men,finished,2025-10-02 07:18:30 UTC,2026-04-22 09:38:36 UTC,,5043,boulder,Qualification,Men,finished,2021-04-09 08:51:11 UTC,/api/v1/category_rounds/5043/results,boulder_legacy,Translation missing: en.round_types.boulder_legacy,1,,,,,,,4466,5,/api/v1/routes/4466/startlist,
/api/v1/events/1061/result/3,1061,full_results_url,IFSC Climbing World Championships - Innsbruck (AUT) 2018,BOULDER Men,finished,2025-10-02 07:18:30 UTC,2026-04-22 09:38:36 UTC,,5044,boulder,Semi-Final,Men,finished,2021-04-09 08:51:40 UTC,/api/v1/category_rounds/5044/results,boulder_legacy,Translation missing: en.round_types.boulder_legacy,2,,,,,,,4467,1,/api/v1/routes/4467/startlist,
/api/v1/events/1061/result/3,1061,full_results_url,IFSC Climbing World Championships - Innsbruck (AUT) 2018,BOULDER Men,finished,2025-10-02 07:18:30 UTC,2026-04-22 09:38:36 UTC,,5044,boulder,Semi-Final,Men,finished,2021-04-09 08:51:40 UTC,/api/v1/category_rounds/5044/results,boulder_legacy,Translation missing: en.round_types.boulder_legacy,2,,,,,,,4468,2,/api/v1/routes/4468/startlist,
/api/v1/events/1061/result/3,1061,full_results_url,IFSC Climbing World Championships - Innsbruck (AUT) 2018,BOULDER Men,finished,2025-10-02 07:18:30 UTC,2026-04-22 09:38:36 UTC,,5044,boulder,Semi-Final,Men,finished,2021-04-09 08:51:40 UTC,/api/v1/category_rounds/5044/results,boulder_legacy,Translation missing: en.round_types.boulder_legacy,2,,,,,,,4469,3,/api/v1/routes/4469/startlist,
/api/v1/events/1061/result/3,1061,full_results_url,IFSC Climbing World Championships - Innsbruck (AUT) 2018,BOULDER Men,finished,2025-10-02 07:18:30 UTC,2026-04-22 09:38:36 UTC,,5044,boulder,Semi-Final,Men,finished,2021-04-09 08:51:40 UTC,/api/v1/category_rounds/5044/results,boulder_legacy,Translation missing: en.round_types.boulder_legacy,2,,,,,,,4470,4,/api/v1/routes/4470/startlist,
/api/v1/events/1061/result/3,1061,full_results_url,IFSC Climbing World Championships - Innsbruck (AUT) 2018,BOULDER Men,finished,2025-10-02 07:18:30 UTC,2026-04-22 09:38:36 UTC,,5045,boulder,Final,Men,finished,2021-04-09 08:51:45 UTC,/api/v1/category_rounds/5045/results,boulder_legacy,Translation missing: en.round_types.boulder_legacy,3,,,,,,,4471,1,/api/v1/routes/4471/startlist,
/api/v1/events/1061/result/3,1061,full_results_url,IFSC Climbing World Championships - Innsbruck (AUT) 2018,BOULDER Men,finished,2025-10-02 07:18:30 UTC,2026-04-22 09:38:36 UTC,,5045,boulder,Final,Men,finished,2021-04-09 08:51:45 UTC,/api/v1/category_rounds/5045/results,boulder_legacy,Translation missing: en.round_types.boulder_legacy,3,,,,,,,4472,2,/api/v1/routes/4472/startlist,
/api/v1/events/1061/result/3,1061,full_results_url,IFSC Climbing World Championships - Innsbruck (AUT) 2018,BOULDER Men,finished,2025-10-02 07:18:30 UTC,2026-04-22 09:38:36 UTC,,5045,boulder,Final,Men,finished,2021-04-09 08:51:45 UTC,/api/v1/category_rounds/5045/results,boulder_legacy,Translation missing: en.round_types.boulder_legacy,3,,,,,,,4473,3,/api/v1/routes/4473/startlist,
/api/v1/events/1061/result/3,1061,full_results_url,IFSC Climbing World Championships - Innsbruck (AUT) 2018,BOULDER Men,finished,2025-10-02 07:18:30 UTC,2026-04-22 09:38:36 UTC,,5045,boulder,Final,Men,finished,2021-04-09 08:51:45 UTC,/api/v1/category_rounds/5045/results,boulder_legacy,Translation missing: en.round_types.boulder_legacy,3,,,,,,,4474,4,/api/v1/routes/4474/startlist,
/api/v1/events/1061/result/7,1061,full_results_url,IFSC Climbing World Championships - Innsbruck (AUT) 2018,BOULDER Women,finished,2025-10-02 07:18:30 UTC,2026-04-22 09:38:37 UTC,,5033,boulder,Qualification,Women,finished,2021-04-09 08:51:11 UTC,/api/v1/category_rounds/5033/results,boulder_legacy,Translation missing: en.round_types.boulder_legacy,1,,,,,,,4449,1,/api/v1/routes/4449/startlist,
/api/v1/events/1061/result/7,1061,full_results_url,IFSC Climbing World Championships - Innsbruck (AUT) 2018,BOULDER Women,finished,2025-10-02 07:18:30 UTC,2026-04-22 09:38:37 UTC,,5033,boulder,Qualification,Women,finished,2021-04-09 08:51:11 UTC,/api/v1/category_rounds/5033/results,boulder_legacy,Translation missing: en.round_types.boulder_legacy,1,,,,,,,4450,2,/api/v1/routes/4450/startlist,
/api/v1/events/1061/result/7,1061,full_results_url,IFSC Climbing World Championships - Innsbruck (AUT) 2018,BOULDER Women,finished,2025-10-02 07:18:30 UTC,2026-04-22 09:38:37 UTC,,5033,boulder,Qualification,Women,finished,2021-04-09 08:51:11 UTC,/api/v1/category_rounds/5033/results,boulder_legacy,Translation missing: en.round_types.boulder_legacy,1,,,,,,,4451,3,/api/v1/routes/4451/startlist,
/api/v1/events/1061/result/7,1061,full_results_url,IFSC Climbing World Championships - Innsbruck (AUT) 2018,BOULDER Women,finished,2025-10-02 07:18:30 UTC,2026-04-22 09:38:37 UTC,,5033,boulder,Qualification,Women,finished,2021-04-09 08:51:11 UTC,/api/v1/category_rounds/5033/results,boulder_legacy,Translation missing: en.round_types.boulder_legacy,1,,,,,,,4452,4,/api/v1/routes/4452/startlist,
/api/v1/events/1061/result/7,1061,full_results_url,IFSC Climbing World Championships - Innsbruck (AUT) 2018,BOULDER Women,finished,2025-10-02 07:18:30 UTC,2026-04-22 09:38:37 UTC,,5033,boulder,Qualification,Women,finished,2021-04-09 08:51:11 UTC,/api/v1/category_rounds/5033/results,boulder_legacy,Translation missing: en.round_types.boulder_legacy,1,,,,,,,4453,5,/api/v1/routes/4453/startlist,
/api/v1/events/1061/result/7,1061,full_results_url,IFSC Climbing World Championships - Innsbruck (AUT) 2018,BOULDER Women,finished,2025-10-02 07:18:30 UTC,2026-04-22 09:38:37 UTC,,5034,boulder,Semi-Final,Women,finished,2021-04-09 08:51:40 UTC,/api/v1/category_rounds/5034/results,boulder_legacy,Translation missing: en.round_types.boulder_legacy,2,,,,,,,4454,1,/api/v1/routes/4454/startlist,
/api/v1/events/1061/result/7,1061,full_results_url,IFSC Climbing World Championships - Innsbruck (AUT) 2018,BOULDER Women,finished,2025-10-02 07:18:30 UTC,2026-04-22 09:38:37 UTC,,5034,boulder,Semi-Final,Women,finished,2021-04-09 08:51:40 UTC,/api/v1/category_rounds/5034/results,boulder_legacy,Translation missing: en.round_types.boulder_legacy,2,,,,,,,4455,2,/api/v1/routes/4455/startlist,
/api/v1/events/1061/result/7,1061,full_results_url,IFSC Climbing World Championships - Innsbruck (AUT) 2018,BOULDER Women,finished,2025-10-02 07:18:30 UTC,2026-04-22 09:38:37 UTC,,5034,boulder,Semi-Final,Women,finished,2021-04-09 08:51:40 UTC,/api/v1/category_rounds/5034/results,boulder_legacy,Translation missing: en.round_types.boulder_legacy,2,,,,,,,4456,3,/api/v1/routes/4456/startlist,
/api/v1/events/1061/result/7,1061,full_results_url,IFSC Climbing World Championships - Innsbruck (AUT) 2018,BOULDER Women,finished,2025-10-02 07:18:30 UTC,2026-04-22 09:38:37 UTC,,5034,boulder,Semi-Final,Women,finished,2021-04-09 08:51:40 UTC,/api/v1/category_rounds/5034/results,boulder_legacy,Translation missing: en.round_types.boulder_legacy,2,,,,,,,4457,4,/api/v1/routes/4457/startlist,
/api/v1/events/1061/result/7,1061,full_results_url,IFSC Climbing World Championships - Innsbruck (AUT) 2018,BOULDER Women,finished,2025-10-02 07:18:30 UTC,2026-04-22 09:38:37 UTC,,5035,boulder,Final,Women,finished,2021-04-09 08:51:44 UTC,/api/v1/category_rounds/5035/results,boulder_legacy,Translation missing: en.round_types.boulder_legacy,3,,,,,,,4458,1,/api/v1/routes/4458/startlist,
/api/v1/events/1061/result/7,1061,full_results_url,IFSC Climbing World Championships - Innsbruck (AUT) 2018,BOULDER Women,finished,2025-10-02 07:18:30 UTC,2026-04-22 09:38:37 UTC,,5035,boulder,Final,Women,finished,2021-04-09 08:51:44 UTC,/api/v1/category_rounds/5035/results,boulder_legacy,Translation missing: en.round_types.boulder_legacy,3,,,,,,,4459,2,/api/v1/routes/4459/startlist,
/api/v1/events/1061/result/7,1061,full_results_url,IFSC Climbing World Championships - Innsbruck (AUT) 2018,BOULDER Women,finished,2025-10-02 07:18:30 UTC,2026-04-22 09:38:37 UTC,,5035,boulder,Final,Women,finished,2021-04-09 08:51:44 UTC,/api/v1/category_rounds/5035/results,boulder_legacy,Translation missing: en.round_types.boulder_legacy,3,,,,,,,4460,3,/api/v1/routes/4460/startlist,
/api/v1/events/1061/result/7,1061,full_results_url,IFSC Climbing World Championships - Innsbruck (AUT) 2018,BOULDER Women,finished,2025-10-02 07:18:30 UTC,2026-04-22 09:38:37 UTC,,5035,boulder,Final,Women,finished,2021-04-09 08:51:44 UTC,/api/v1/category_rounds/5035/results,boulder_legacy,Translation missing: en.round_types.boulder_legacy,3,,,,,,,4461,4,/api/v1/routes/4461/startlist,
/api/v1/events/1061/result/2,1061,full_results_url,IFSC Climbing World Championships - Innsbruck (AUT) 2018,SPEED Men,finished,2025-10-02 07:18:30 UTC,2026-04-22 09:38:42 UTC,,5047,speed,Final,Men,finished,2024-01-15 19:21:02 UTC,/api/v1/category_rounds/5047/results,speed_elimination_ifsc,IFSC 2021: Elimination,3,,,,,,,2205,A,/api/v1/routes/2205/startlist,
/api/v1/events/1061/result/2,1061,full_results_url,IFSC Climbing World Championships - Innsbruck (AUT) 2018,SPEED Men,finished,2025-10-02 07:18:30 UTC,2026-04-22 09:38:42 UTC,,5047,speed,Final,Men,finished,2024-01-15 19:21:02 UTC,/api/v1/category_rounds/5047/results,speed_elimination_ifsc,IFSC 2021: Elimination,3,,,,,,,2206,B,/api/v1/routes/2206/startlist,
/api/v1/events/1061/result/6,1061,full_results_url,IFSC Climbing World Championships - Innsbruck (AUT) 2018,SPEED Women,finished,2025-10-02 07:18:30 UTC,2026-04-22 09:38:45 UTC,,5037,speed,Final,Women,finished,2024-01-15 21:27:42 UTC,/api/v1/category_rounds/5037/results,speed_elimination_ifsc,IFSC 2021: Elimination,3,,,,,,,2207,A,/api/v1/routes/2207/startlist,
/api/v1/events/1061/result/6,1061,full_results_url,IFSC Climbing World Championships - Innsbruck (AUT) 2018,SPEED Women,finished,2025-10-02 07:18:30 UTC,2026-04-22 09:38:45 UTC,,5037,speed,Final,Women,finished,2024-01-15 21:27:42 UTC,/api/v1/category_rounds/5037/results,speed_elimination_ifsc,IFSC 2021: Elimination,3,,,,,,,2208,B,/api/v1/routes/2208/startlist,
/api/v1/events/1257/result/316,1257,full_results_url,Youth Olympic Games - Buenos Aires (ARG) 2018,COMBINED Men,registration_active,2025-10-02 07:18:36 UTC,NA,,7052,combined,Qualification,Men,pending,2021-11-16 16:07:52 UTC,/api/v1/category_rounds/7052/results,sbl_qualification,Speed Boulder Lead Qualification,31,570.0,,speed,pending,2021-11-16 16:07:52 UTC,/api/v1/combined_stages/570/results,6500,A,/api/v1/routes/6500/startlist,
/api/v1/events/1257/result/316,1257,full_results_url,Youth Olympic Games - Buenos Aires (ARG) 2018,COMBINED Men,registration_active,2025-10-02 07:18:36 UTC,NA,,7052,combined,Qualification,Men,pending,2021-11-16 16:07:52 UTC,/api/v1/category_rounds/7052/results,sbl_qualification,Speed Boulder Lead Qualification,31,570.0,,speed,pending,2021-11-16 16:07:52 UTC,/api/v1/combined_stages/570/results,6501,B,/api/v1/routes/6501/startlist,
/api/v1/events/1257/result/316,1257,full_results_url,Youth Olympic Games - Buenos Aires (ARG) 2018,COMBINED Men,registration_active,2025-10-02 07:18:36 UTC,NA,,7052,combined,Qualification,Men,pending,2021-11-16 16:07:52 UTC,/api/v1/category_rounds/7052/results,sbl_qualification,Speed Boulder Lead Qualification,31,571.0,,boulder,pending,2021-11-16 16:07:52 UTC,/api/v1/combined_stages/571/results,6502,1,/api/v1/routes/6502/startlist,
/api/v1/events/1257/result/316,1257,full_results_url,Youth Olympic Games - Buenos Aires (ARG) 2018,COMBINED Men,registration_active,2025-10-02 07:18:36 UTC,NA,,7052,combined,Qualification,Men,pending,2021-11-16 16:07:52 UTC,/api/v1/category_rounds/7052/results,sbl_qualification,Speed Boulder Lead Qualification,31,571.0,,boulder,pending,2021-11-16 16:07:52 UTC,/api/v1/combined_stages/571/results,6503,2,/api/v1/routes/6503/startlist,
/api/v1/events/1257/result/316,1257,full_results_url,Youth Olympic Games - Buenos Aires (ARG) 2018,COMBINED Men,registration_active,2025-10-02 07:18:36 UTC,NA,,7052,combined,Qualification,Men,pending,2021-11-16 16:07:52 UTC,/api/v1/category_rounds/7052/results,sbl_qualification,Speed Boulder Lead Qualification,31,571.0,,boulder,pending,2021-11-16 16:07:52 UTC,/api/v1/combined_stages/571/results,6504,3,/api/v1/routes/6504/startlist,
/api/v1/events/1257/result/316,1257,full_results_url,Youth Olympic Games - Buenos Aires (ARG) 2018,COMBINED Men,registration_active,2025-10-02 07:18:36 UTC,NA,,7052,combined,Qualification,Men,pending,2021-11-16 16:07:52 UTC,/api/v1/category_rounds/7052/results,sbl_qualification,Speed Boulder Lead Qualification,31,571.0,,boulder,pending,2021-11-16 16:07:52 UTC,/api/v1/combined_stages/571/results,6505,4,/api/v1/routes/6505/startlist,
/api/v1/events/1257/result/316,1257,full_results_url,Youth Olympic Games - Buenos Aires (ARG) 2018,COMBINED Men,registration_active,2025-10-02 07:18:36 UTC,NA,,7052,combined,Qualification,Men,pending,2021-11-16 16:07:52 UTC,/api/v1/category_rounds/7052/results,sbl_qualification,Speed Boulder Lead Qualification,31,572.0,,lead,pending,2021-11-16 16:07:52 UTC,/api/v1/combined_stages/572/results,6506,1,/api/v1/routes/6506/startlist,/api/v1/routes/6506/results
/api/v1/events/1257/result/316,1257,full_results_url,Youth Olympic Games - Buenos Aires (ARG) 2018,COMBINED Men,registration_active,2025-10-02 07:18:36 UTC,NA,,7062,combined,Final,Men,pending,2021-11-16 16:08:21 UTC,/api/v1/category_rounds/7062/results,sbl_final,Speed Boulder Lead Final,33,600.0,,speed,pending,2021-11-16 16:08:21 UTC,/api/v1/combined_stages/600/results,6570,A,/api/v1/routes/6570/startlist,
/api/v1/events/1257/result/316,1257,full_results_url,Youth Olympic Games - Buenos Aires (ARG) 2018,COMBINED Men,registration_active,2025-10-02 07:18:36 UTC,NA,,7062,combined,Final,Men,pending,2021-11-16 16:08:21 UTC,/api/v1/category_rounds/7062/results,sbl_final,Speed Boulder Lead Final,33,600.0,,speed,pending,2021-11-16 16:08:21 UTC,/api/v1/combined_stages/600/results,6571,B,/api/v1/routes/6571/startlist,
/api/v1/events/1257/result/316,1257,full_results_url,Youth Olympic Games - Buenos Aires (ARG) 2018,COMBINED Men,registration_active,2025-10-02 07:18:36 UTC,NA,,7062,combined,Final,Men,pending,2021-11-16 16:08:21 UTC,/api/v1/category_rounds/7062/results,sbl_final,Speed Boulder Lead Final,33,601.0,,boulder,pending,2021-11-16 16:08:21 UTC,/api/v1/combined_stages/601/results,6572,1,/api/v1/routes/6572/startlist,
/api/v1/events/1257/result/316,1257,full_results_url,Youth Olympic Games - Buenos Aires (ARG) 2018,COMBINED Men,registration_active,2025-10-02 07:18:36 UTC,NA,,7062,combined,Final,Men,pending,2021-11-16 16:08:21 UTC,/api/v1/category_rounds/7062/results,sbl_final,Speed Boulder Lead Final,33,601.0,,boulder,pending,2021-11-16 16:08:21 UTC,/api/v1/combined_stages/601/results,6573,2,/api/v1/routes/6573/startlist,
/api/v1/events/1257/result/316,1257,full_results_url,Youth Olympic Games - Buenos Aires (ARG) 2018,COMBINED Men,registration_active,2025-10-02 07:18:36 UTC,NA,,7062,combined,Final,Men,pending,2021-11-16 16:08:21 UTC,/api/v1/category_rounds/7062/results,sbl_final,Speed Boulder Lead Final,33,601.0,,boulder,pending,2021-11-16 16:08:21 UTC,/api/v1/combined_stages/601/results,6574,3,/api/v1/routes/6574/startlist,
/api/v1/events/1257/result/316,1257,full_results_url,Youth Olympic Games - Buenos Aires (ARG) 2018,COMBINED Men,registration_active,2025-10-02 07:18:36 UTC,NA,,7062,combined,Final,Men,pending,2021-11-16 16:08:21 UTC,/api/v1/category_rounds/7062/results,sbl_final,Speed Boulder Lead Final,33,602.0,,lead,pending,2021-11-16 16:08:21 UTC,/api/v1/combined_stages/602/results,6575,1,/api/v1/routes/6575/startlist,/api/v1/routes/6575/results
/api/v1/events/1257/result/336,1257,full_results_url,Youth Olympic Games - Buenos Aires (ARG) 2018,COMBINED Women,registration_pending,2025-10-02 07:18:36 UTC,NA,,7057,combined,Qualification,Women,pending,2021-11-16 16:07:53 UTC,/api/v1/category_rounds/7057/results,sbl_qualification,Speed Boulder Lead Qualification,31,585.0,,speed,pending,2021-11-16 16:07:53 UTC,/api/v1/combined_stages/585/results,6535,A,/api/v1/routes/6535/startlist,
/api/v1/events/1257/result/336,1257,full_results_url,Youth Olympic Games - Buenos Aires (ARG) 2018,COMBINED Women,registration_pending,2025-10-02 07:18:36 UTC,NA,,7057,combined,Qualification,Women,pending,2021-11-16 16:07:53 UTC,/api/v1/category_rounds/7057/results,sbl_qualification,Speed Boulder Lead Qualification,31,585.0,,speed,pending,2021-11-16 16:07:53 UTC,/api/v1/combined_stages/585/results,6536,B,/api/v1/routes/6536/startlist,
/api/v1/events/1257/result/336,1257,full_results_url,Youth Olympic Games - Buenos Aires (ARG) 2018,COMBINED Women,registration_pending,2025-10-02 07:18:36 UTC,NA,,7057,combined,Qualification,Women,pending,2021-11-16 16:07:53 UTC,/api/v1/category_rounds/7057/results,sbl_qualification,Speed Boulder Lead Qualification,31,586.0,,boulder,pending,2021-11-16 16:07:53 UTC,/api/v1/combined_stages/586/results,6537,1,/api/v1/routes/6537/startlist,
/api/v1/events/1257/result/336,1257,full_results_url,Youth Olympic Games - Buenos Aires (ARG) 2018,COMBINED Women,registration_pending,2025-10-02 07:18:36 UTC,NA,,7057,combined,Qualification,Women,pending,2021-11-16 16:07:53 UTC,/api/v1/category_rounds/7057/results,sbl_qualification,Speed Boulder Lead Qualification,31,586.0,,boulder,pending,2021-11-16 16:07:53 UTC,/api/v1/combined_stages/586/results,6538,2,/api/v1/routes/6538/startlist,
/api/v1/events/1257/result/336,1257,full_results_url,Youth Olympic Games - Buenos Aires (ARG) 2018,COMBINED Women,registration_pending,2025-10-02 07:18:36 UTC,NA,,7057,combined,Qualification,Women,pending,2021-11-16 16:07:53 UTC,/api/v1/category_rounds/7057/results,sbl_qualification,Speed Boulder Lead Qualification,31,586.0,,boulder,pending,2021-11-16 16:07:53 UTC,/api/v1/combined_stages/586/results,6539,3,/api/v1/routes/6539/startlist,
/api/v1/events/1257/result/336,1257,full_results_url,Youth Olympic Games - Buenos Aires (ARG) 2018,COMBINED Women,registration_pending,2025-10-02 07:18:36 UTC,NA,,7057,combined,Qualification,Women,pending,2021-11-16 16:07:53 UTC,/api/v1/category_rounds/7057/results,sbl_qualification,Speed Boulder Lead Qualification,31,586.0,,boulder,pending,2021-11-16 16:07:53 UTC,/api/v1/combined_stages/586/results,6540,4,/api/v1/routes/6540/startlist,
/api/v1/events/1257/result/336,1257,full_results_url,Youth Olympic Games - Buenos Aires (ARG) 2018,COMBINED Women,registration_pending,2025-10-02 07:18:36 UTC,NA,,7057,combined,Qualification,Women,pending,2021-11-16 16:07:53 UTC,/api/v1/category_rounds/7057/results,sbl_qualification,Speed Boulder Lead Qualification,31,587.0,,lead,pending,2021-11-16 16:07:53 UTC,/api/v1/combined_stages/587/results,6541,1,/api/v1/routes/6541/startlist,/api/v1/routes/6541/results
/api/v1/events/1257/result/336,1257,full_results_url,Youth Olympic Games - Buenos Aires (ARG) 2018,COMBINED Women,registration_pending,2025-10-02 07:18:36 UTC,NA,,7063,combined,Final,Women,pending,2021-11-16 16:08:21 UTC,/api/v1/category_rounds/7063/results,sbl_final,Speed Boulder Lead Final,33,603.0,,speed,pending,2021-11-16 16:08:21 UTC,/api/v1/combined_stages/603/results,6576,A,/api/v1/routes/6576/startlist,
/api/v1/events/1257/result/336,1257,full_results_url,Youth Olympic Games - Buenos Aires (ARG) 2018,COMBINED Women,registration_pending,2025-10-02 07:18:36 UTC,NA,,7063,combined,Final,Women,pending,2021-11-16 16:08:21 UTC,/api/v1/category_rounds/7063/results,sbl_final,Speed Boulder Lead Final,33,603.0,,speed,pending,2021-11-16 16:08:21 UTC,/api/v1/combined_stages/603/results,6577,B,/api/v1/routes/6577/startlist,
/api/v1/events/1257/result/336,1257,full_results_url,Youth Olympic Games - Buenos Aires (ARG) 2018,COMBINED Women,registration_pending,2025-10-02 07:18:36 UTC,NA,,7063,combined,Final,Women,pending,2021-11-16 16:08:21 UTC,/api/v1/category_rounds/7063/results,sbl_final,Speed Boulder Lead Final,33,604.0,,boulder,pending,2021-11-16 16:08:21 UTC,/api/v1/combined_stages/604/results,6578,1,/api/v1/routes/6578/startlist,
/api/v1/events/1257/result/336,1257,full_results_url,Youth Olympic Games - Buenos Aires (ARG) 2018,COMBINED Women,registration_pending,2025-10-02 07:18:36 UTC,NA,,7063,combined,Final,Women,pending,2021-11-16 16:08:21 UTC,/api/v1/category_rounds/7063/results,sbl_final,Speed Boulder Lead Final,33,604.0,,boulder,pending,2021-11-16 16:08:21 UTC,/api/v1/combined_stages/604/results,6579,2,/api/v1/routes/6579/startlist,
/api/v1/events/1257/result/336,1257,full_results_url,Youth Olympic Games - Buenos Aires (ARG) 2018,COMBINED Women,registration_pending,2025-10-02 07:18:36 UTC,NA,,7063,combined,Final,Women,pending,2021-11-16 16:08:21 UTC,/api/v1/category_rounds/7063/results,sbl_final,Speed Boulder Lead Final,33,604.0,,boulder,pending,2021-11-16 16:08:21 UTC,/api/v1/combined_stages/604/results,6580,3,/api/v1/routes/6580/startlist,
/api/v1/events/1257/result/336,1257,full_results_url,Youth Olympic Games - Buenos Aires (ARG) 2018,COMBINED Women,registration_pending,2025-10-02 07:18:36 UTC,NA,,7063,combined,Final,Women,pending,2021-11-16 16:08:21 UTC,/api/v1/category_rounds/7063/results,sbl_final,Speed Boulder Lead Final,33,605.0,,lead,pending,2021-11-16 16:08:21 UTC,/api/v1/combined_stages/605/results,6581,1,/api/v1/routes/6581/startlist,/api/v1/routes/6581/results
/api/v1/events/1059/result/2,1059,full_results_url,"IFSC Climbing Worldcup (L,S) - Wujiang (CHN) 2018 ",SPEED Men,finished,2025-10-02 07:18:30 UTC,2026-04-22 09:39:59 UTC,,5019,speed,Final,Men,finished,2024-01-17 07:14:50 UTC,/api/v1/category_rounds/5019/results,speed_elimination_ifsc,IFSC 2021: Elimination,3,,,,,,,2197,A,/api/v1/routes/2197/startlist,
/api/v1/events/1059/result/2,1059,full_results_url,"IFSC Climbing Worldcup (L,S) - Wujiang (CHN) 2018 ",SPEED Men,finished,2025-10-02 07:18:30 UTC,2026-04-22 09:39:59 UTC,,5019,speed,Final,Men,finished,2024-01-17 07:14:50 UTC,/api/v1/category_rounds/5019/results,speed_elimination_ifsc,IFSC 2021: Elimination,3,,,,,,,2198,B,/api/v1/routes/2198/startlist,
/api/v1/events/1059/result/6,1059,full_results_url,"IFSC Climbing Worldcup (L,S) - Wujiang (CHN) 2018 ",SPEED Women,finished,2025-10-02 07:18:30 UTC,2026-04-22 09:40:02 UTC,,5015,speed,Final,Women,finished,2024-01-17 07:14:51 UTC,/api/v1/category_rounds/5015/results,speed_elimination_ifsc,IFSC 2021: Elimination,3,,,,,,,2199,A,/api/v1/routes/2199/startlist,
/api/v1/events/1059/result/6,1059,full_results_url,"IFSC Climbing Worldcup (L,S) - Wujiang (CHN) 2018 ",SPEED Women,finished,2025-10-02 07:18:30 UTC,2026-04-22 09:40:02 UTC,,5015,speed,Final,Women,finished,2024-01-17 07:14:51 UTC,/api/v1/category_rounds/5015/results,speed_elimination_ifsc,IFSC 2021: Elimination,3,,,,,,,2200,B,/api/v1/routes/2200/startlist,
/api/v1/events/1060/result/2,1060,full_results_url,"IFSC Climbing Worldcup (L,S) - Xiamen (CHN) 2018 ",SPEED Men,finished,2025-10-02 07:18:30 UTC,2026-04-22 09:40:12 UTC,,5029,speed,Final,Men,finished,2024-01-17 07:14:53 UTC,/api/v1/category_rounds/5029/results,speed_elimination_ifsc,IFSC 2021: Elimination,3,,,,,,,2201,A,/api/v1/routes/2201/startlist,
/api/v1/events/1060/result/2,1060,full_results_url,"IFSC Climbing Worldcup (L,S) - Xiamen (CHN) 2018 ",SPEED Men,finished,2025-10-02 07:18:30 UTC,2026-04-22 09:40:12 UTC,,5029,speed,Final,Men,finished,2024-01-17 07:14:53 UTC,/api/v1/category_rounds/5029/results,speed_elimination_ifsc,IFSC 2021: Elimination,3,,,,,,,2202,B,/api/v1/routes/2202/startlist,
/api/v1/events/1060/result/6,1060,full_results_url,"IFSC Climbing Worldcup (L,S) - Xiamen (CHN) 2018 ",SPEED Women,finished,2025-10-02 07:18:30 UTC,2026-04-22 09:40:16 UTC,,5024,speed,Final,Women,finished,2024-01-17 07:14:54 UTC,/api/v1/category_rounds/5024/results,speed_elimination_ifsc,IFSC 2021: Elimination,3,,,,,,,2203,A,/api/v1/routes/2203/startlist,
/api/v1/events/1060/result/6,1060,full_results_url,"IFSC Climbing Worldcup (L,S) - Xiamen (CHN) 2018 ",SPEED Women,finished,2025-10-02 07:18:30 UTC,2026-04-22 09:40:16 UTC,,5024,speed,Final,Women,finished,2024-01-17 07:14:54 UTC,/api/v1/category_rounds/5024/results,speed_elimination_ifsc,IFSC 2021: Elimination,3,,,,,,,2204,B,/api/v1/routes/2204/startlist,
