source_event_url,event_id,source_url_layer,event_name,dcat_name,dcat_status,dcat_status_as_of,dcat_ranking_as_of,cutoff_rank,category_round_id,round_kind,round_name,round_category,round_status,round_status_as_of,round_result_url,format_identifier,format,league_round_id,stage_id,stage_name,stage_kind,stage_status,stage_status_as_of,stage_results_url,route_id,route_name,route_startlist_url,route_results_url
/api/v1/events/1205/result/227,1205,full_results_url,IFSC Europe - Continental Cup (B) - Klagenfurt (AUT) 2021,BOULDER Men,finished,2025-10-02 07:18:34 UTC,2026-04-22 09:04:11 UTC,,6262,boulder,Qualification,Men,finished,2021-04-10 17:38:40 UTC,/api/v1/category_rounds/6262/results,boulder_one_group_one_boulder_set,IFSC: 1 group,16,,,,,,,2253,1,/api/v1/routes/2253/startlist,
/api/v1/events/1205/result/227,1205,full_results_url,IFSC Europe - Continental Cup (B) - Klagenfurt (AUT) 2021,BOULDER Men,finished,2025-10-02 07:18:34 UTC,2026-04-22 09:04:11 UTC,,6262,boulder,Qualification,Men,finished,2021-04-10 17:38:40 UTC,/api/v1/category_rounds/6262/results,boulder_one_group_one_boulder_set,IFSC: 1 group,16,,,,,,,2254,2,/api/v1/routes/2254/startlist,
/api/v1/events/1205/result/227,1205,full_results_url,IFSC Europe - Continental Cup (B) - Klagenfurt (AUT) 2021,BOULDER Men,finished,2025-10-02 07:18:34 UTC,2026-04-22 09:04:11 UTC,,6262,boulder,Qualification,Men,finished,2021-04-10 17:38:40 UTC,/api/v1/category_rounds/6262/results,boulder_one_group_one_boulder_set,IFSC: 1 group,16,,,,,,,2255,3,/api/v1/routes/2255/startlist,
/api/v1/events/1205/result/227,1205,full_results_url,IFSC Europe - Continental Cup (B) - Klagenfurt (AUT) 2021,BOULDER Men,finished,2025-10-02 07:18:34 UTC,2026-04-22 09:04:11 UTC,,6262,boulder,Qualification,Men,finished,2021-04-10 17:38:40 UTC,/api/v1/category_rounds/6262/results,boulder_one_group_one_boulder_set,IFSC: 1 group,16,,,,,,,2256,4,/api/v1/routes/2256/startlist,
/api/v1/events/1205/result/227,1205,full_results_url,IFSC Europe - Continental Cup (B) - Klagenfurt (AUT) 2021,BOULDER Men,finished,2025-10-02 07:18:34 UTC,2026-04-22 09:04:11 UTC,,6370,boulder,Semi-Final,Men,finished,2021-04-11 12:42:24 UTC,/api/v1/category_rounds/6370/results,boulder_one_group_one_boulder_set,IFSC: 1 group,17,,,,,,,2237,1,/api/v1/routes/2237/startlist,
/api/v1/events/1205/result/227,1205,full_results_url,IFSC Europe - Continental Cup (B) - Klagenfurt (AUT) 2021,BOULDER Men,finished,2025-10-02 07:18:34 UTC,2026-04-22 09:04:11 UTC,,6370,boulder,Semi-Final,Men,finished,2021-04-11 12:42:24 UTC,/api/v1/category_rounds/6370/results,boulder_one_group_one_boulder_set,IFSC: 1 group,17,,,,,,,2238,2,/api/v1/routes/2238/startlist,
/api/v1/events/1205/result/227,1205,full_results_url,IFSC Europe - Continental Cup (B) - Klagenfurt (AUT) 2021,BOULDER Men,finished,2025-10-02 07:18:34 UTC,2026-04-22 09:04:11 UTC,,6370,boulder,Semi-Final,Men,finished,2021-04-11 12:42:24 UTC,/api/v1/category_rounds/6370/results,boulder_one_group_one_boulder_set,IFSC: 1 group,17,,,,,,,2239,3,/api/v1/routes/2239/startlist,
/api/v1/events/1205/result/227,1205,full_results_url,IFSC Europe - Continental Cup (B) - Klagenfurt (AUT) 2021,BOULDER Men,finished,2025-10-02 07:18:34 UTC,2026-04-22 09:04:11 UTC,,6370,boulder,Semi-Final,Men,finished,2021-04-11 12:42:24 UTC,/api/v1/category_rounds/6370/results,boulder_one_group_one_boulder_set,IFSC: 1 group,17,,,,,,,2240,4,/api/v1/routes/2240/startlist,
/api/v1/events/1205/result/227,1205,full_results_url,IFSC Europe - Continental Cup (B) - Klagenfurt (AUT) 2021,BOULDER Men,finished,2025-10-02 07:18:34 UTC,2026-04-22 09:04:11 UTC,,6372,boulder,Final,Men,finished,2021-04-11 17:55:17 UTC,/api/v1/category_rounds/6372/results,boulder_finals_one_by_one,IFSC: Finals,18,,,,,,,2263,1,/api/v1/routes/2263/startlist,
/api/v1/events/1205/result/227,1205,full_results_url,IFSC Europe - Continental Cup (B) - Klagenfurt (AUT) 2021,BOULDER Men,finished,2025-10-02 07:18:34 UTC,2026-04-22 09:04:11 UTC,,6372,boulder,Final,Men,finished,2021-04-11 17:55:17 UTC,/api/v1/category_rounds/6372/results,boulder_finals_one_by_one,IFSC: Finals,18,,,,,,,2264,2,/api/v1/routes/2264/startlist,
/api/v1/events/1205/result/227,1205,full_results_url,IFSC Europe - Continental Cup (B) - Klagenfurt (AUT) 2021,BOULDER Men,finished,2025-10-02 07:18:34 UTC,2026-04-22 09:04:11 UTC,,6372,boulder,Final,Men,finished,2021-04-11 17:55:17 UTC,/api/v1/category_rounds/6372/results,boulder_finals_one_by_one,IFSC: Finals,18,,,,,,,2265,3,/api/v1/routes/2265/startlist,
/api/v1/events/1205/result/227,1205,full_results_url,IFSC Europe - Continental Cup (B) - Klagenfurt (AUT) 2021,BOULDER Men,finished,2025-10-02 07:18:34 UTC,2026-04-22 09:04:11 UTC,,6372,boulder,Final,Men,finished,2021-04-11 17:55:17 UTC,/api/v1/category_rounds/6372/results,boulder_finals_one_by_one,IFSC: Finals,18,,,,,,,2266,4,/api/v1/routes/2266/startlist,
/api/v1/events/1205/result/231,1205,full_results_url,IFSC Europe - Continental Cup (B) - Klagenfurt (AUT) 2021,BOULDER Women,finished,2025-10-02 07:18:34 UTC,2026-04-22 09:04:15 UTC,,6263,boulder,Qualification,Women,finished,2021-04-10 10:59:48 UTC,/api/v1/category_rounds/6263/results,boulder_one_group_one_boulder_set,IFSC: 1 group,16,,,,,,,2258,1,/api/v1/routes/2258/startlist,
/api/v1/events/1205/result/231,1205,full_results_url,IFSC Europe - Continental Cup (B) - Klagenfurt (AUT) 2021,BOULDER Women,finished,2025-10-02 07:18:34 UTC,2026-04-22 09:04:15 UTC,,6263,boulder,Qualification,Women,finished,2021-04-10 10:59:48 UTC,/api/v1/category_rounds/6263/results,boulder_one_group_one_boulder_set,IFSC: 1 group,16,,,,,,,2259,2,/api/v1/routes/2259/startlist,
/api/v1/events/1205/result/231,1205,full_results_url,IFSC Europe - Continental Cup (B) - Klagenfurt (AUT) 2021,BOULDER Women,finished,2025-10-02 07:18:34 UTC,2026-04-22 09:04:15 UTC,,6263,boulder,Qualification,Women,finished,2021-04-10 10:59:48 UTC,/api/v1/category_rounds/6263/results,boulder_one_group_one_boulder_set,IFSC: 1 group,16,,,,,,,2260,3,/api/v1/routes/2260/startlist,
/api/v1/events/1205/result/231,1205,full_results_url,IFSC Europe - Continental Cup (B) - Klagenfurt (AUT) 2021,BOULDER Women,finished,2025-10-02 07:18:34 UTC,2026-04-22 09:04:15 UTC,,6263,boulder,Qualification,Women,finished,2021-04-10 10:59:48 UTC,/api/v1/category_rounds/6263/results,boulder_one_group_one_boulder_set,IFSC: 1 group,16,,,,,,,2261,4,/api/v1/routes/2261/startlist,
/api/v1/events/1205/result/231,1205,full_results_url,IFSC Europe - Continental Cup (B) - Klagenfurt (AUT) 2021,BOULDER Women,finished,2025-10-02 07:18:34 UTC,2026-04-22 09:04:15 UTC,,6371,boulder,Semi-Final,Women,finished,2021-04-11 09:12:28 UTC,/api/v1/category_rounds/6371/results,boulder_one_group_one_boulder_set,IFSC: 1 group,17,,,,,,,2241,1,/api/v1/routes/2241/startlist,
/api/v1/events/1205/result/231,1205,full_results_url,IFSC Europe - Continental Cup (B) - Klagenfurt (AUT) 2021,BOULDER Women,finished,2025-10-02 07:18:34 UTC,2026-04-22 09:04:15 UTC,,6371,boulder,Semi-Final,Women,finished,2021-04-11 09:12:28 UTC,/api/v1/category_rounds/6371/results,boulder_one_group_one_boulder_set,IFSC: 1 group,17,,,,,,,2242,2,/api/v1/routes/2242/startlist,
/api/v1/events/1205/result/231,1205,full_results_url,IFSC Europe - Continental Cup (B) - Klagenfurt (AUT) 2021,BOULDER Women,finished,2025-10-02 07:18:34 UTC,2026-04-22 09:04:15 UTC,,6371,boulder,Semi-Final,Women,finished,2021-04-11 09:12:28 UTC,/api/v1/category_rounds/6371/results,boulder_one_group_one_boulder_set,IFSC: 1 group,17,,,,,,,2243,3,/api/v1/routes/2243/startlist,
/api/v1/events/1205/result/231,1205,full_results_url,IFSC Europe - Continental Cup (B) - Klagenfurt (AUT) 2021,BOULDER Women,finished,2025-10-02 07:18:34 UTC,2026-04-22 09:04:15 UTC,,6371,boulder,Semi-Final,Women,finished,2021-04-11 09:12:28 UTC,/api/v1/category_rounds/6371/results,boulder_one_group_one_boulder_set,IFSC: 1 group,17,,,,,,,2244,4,/api/v1/routes/2244/startlist,
/api/v1/events/1205/result/231,1205,full_results_url,IFSC Europe - Continental Cup (B) - Klagenfurt (AUT) 2021,BOULDER Women,finished,2025-10-02 07:18:34 UTC,2026-04-22 09:04:15 UTC,,6373,boulder,Final,Women,finished,2021-04-11 17:55:51 UTC,/api/v1/category_rounds/6373/results,boulder_finals_one_by_one,IFSC: Finals,18,,,,,,,2267,1,/api/v1/routes/2267/startlist,
/api/v1/events/1205/result/231,1205,full_results_url,IFSC Europe - Continental Cup (B) - Klagenfurt (AUT) 2021,BOULDER Women,finished,2025-10-02 07:18:34 UTC,2026-04-22 09:04:15 UTC,,6373,boulder,Final,Women,finished,2021-04-11 17:55:51 UTC,/api/v1/category_rounds/6373/results,boulder_finals_one_by_one,IFSC: Finals,18,,,,,,,2268,2,/api/v1/routes/2268/startlist,
/api/v1/events/1205/result/231,1205,full_results_url,IFSC Europe - Continental Cup (B) - Klagenfurt (AUT) 2021,BOULDER Women,finished,2025-10-02 07:18:34 UTC,2026-04-22 09:04:15 UTC,,6373,boulder,Final,Women,finished,2021-04-11 17:55:51 UTC,/api/v1/category_rounds/6373/results,boulder_finals_one_by_one,IFSC: Finals,18,,,,,,,2269,3,/api/v1/routes/2269/startlist,
/api/v1/events/1205/result/231,1205,full_results_url,IFSC Europe - Continental Cup (B) - Klagenfurt (AUT) 2021,BOULDER Women,finished,2025-10-02 07:18:34 UTC,2026-04-22 09:04:15 UTC,,6373,boulder,Final,Women,finished,2021-04-11 17:55:51 UTC,/api/v1/category_rounds/6373/results,boulder_finals_one_by_one,IFSC: Finals,18,,,,,,,2270,4,/api/v1/routes/2270/startlist,
/api/v1/events/1187/result/3,1187,full_results_url,IFSC - Climbing World Cup (B) - Meiringen (SUI) 2021,BOULDER Men,finished,2025-10-02 07:18:34 UTC,2026-04-22 09:04:19 UTC,,6374,boulder,Semi-Final,Men,finished,2021-04-17 11:15:07 UTC,/api/v1/category_rounds/6374/results,boulder_one_group_one_boulder_set,IFSC: 1 group,2,,,,,,,4657,1,/api/v1/routes/4657/startlist,
/api/v1/events/1187/result/3,1187,full_results_url,IFSC - Climbing World Cup (B) - Meiringen (SUI) 2021,BOULDER Men,finished,2025-10-02 07:18:34 UTC,2026-04-22 09:04:19 UTC,,6374,boulder,Semi-Final,Men,finished,2021-04-17 11:15:07 UTC,/api/v1/category_rounds/6374/results,boulder_one_group_one_boulder_set,IFSC: 1 group,2,,,,,,,4658,2,/api/v1/routes/4658/startlist,
/api/v1/events/1187/result/3,1187,full_results_url,IFSC - Climbing World Cup (B) - Meiringen (SUI) 2021,BOULDER Men,finished,2025-10-02 07:18:34 UTC,2026-04-22 09:04:19 UTC,,6374,boulder,Semi-Final,Men,finished,2021-04-17 11:15:07 UTC,/api/v1/category_rounds/6374/results,boulder_one_group_one_boulder_set,IFSC: 1 group,2,,,,,,,4659,3,/api/v1/routes/4659/startlist,
/api/v1/events/1187/result/3,1187,full_results_url,IFSC - Climbing World Cup (B) - Meiringen (SUI) 2021,BOULDER Men,finished,2025-10-02 07:18:34 UTC,2026-04-22 09:04:19 UTC,,6374,boulder,Semi-Final,Men,finished,2021-04-17 11:15:07 UTC,/api/v1/category_rounds/6374/results,boulder_one_group_one_boulder_set,IFSC: 1 group,2,,,,,,,4660,4,/api/v1/routes/4660/startlist,
/api/v1/events/1187/result/3,1187,full_results_url,IFSC - Climbing World Cup (B) - Meiringen (SUI) 2021,BOULDER Men,finished,2025-10-02 07:18:34 UTC,2026-04-22 09:04:19 UTC,,6376,boulder,Final,Men,finished,2021-04-17 18:48:39 UTC,/api/v1/category_rounds/6376/results,boulder_finals_one_by_one,IFSC: Finals,3,,,,,,,4665,1,/api/v1/routes/4665/startlist,
/api/v1/events/1187/result/3,1187,full_results_url,IFSC - Climbing World Cup (B) - Meiringen (SUI) 2021,BOULDER Men,finished,2025-10-02 07:18:34 UTC,2026-04-22 09:04:19 UTC,,6376,boulder,Final,Men,finished,2021-04-17 18:48:39 UTC,/api/v1/category_rounds/6376/results,boulder_finals_one_by_one,IFSC: Finals,3,,,,,,,4666,2,/api/v1/routes/4666/startlist,
/api/v1/events/1187/result/3,1187,full_results_url,IFSC - Climbing World Cup (B) - Meiringen (SUI) 2021,BOULDER Men,finished,2025-10-02 07:18:34 UTC,2026-04-22 09:04:19 UTC,,6376,boulder,Final,Men,finished,2021-04-17 18:48:39 UTC,/api/v1/category_rounds/6376/results,boulder_finals_one_by_one,IFSC: Finals,3,,,,,,,4667,3,/api/v1/routes/4667/startlist,
/api/v1/events/1187/result/3,1187,full_results_url,IFSC - Climbing World Cup (B) - Meiringen (SUI) 2021,BOULDER Men,finished,2025-10-02 07:18:34 UTC,2026-04-22 09:04:19 UTC,,6376,boulder,Final,Men,finished,2021-04-17 18:48:39 UTC,/api/v1/category_rounds/6376/results,boulder_finals_one_by_one,IFSC: Finals,3,,,,,,,4668,4,/api/v1/routes/4668/startlist,
/api/v1/events/1187/result/7,1187,full_results_url,IFSC - Climbing World Cup (B) - Meiringen (SUI) 2021,BOULDER Women,finished,2025-10-02 07:18:34 UTC,2026-04-22 09:04:23 UTC,,6375,boulder,Semi-Final,Women,finished,2021-04-17 11:16:14 UTC,/api/v1/category_rounds/6375/results,boulder_one_group_one_boulder_set,IFSC: 1 group,2,,,,,,,4661,1,/api/v1/routes/4661/startlist,
/api/v1/events/1187/result/7,1187,full_results_url,IFSC - Climbing World Cup (B) - Meiringen (SUI) 2021,BOULDER Women,finished,2025-10-02 07:18:34 UTC,2026-04-22 09:04:23 UTC,,6375,boulder,Semi-Final,Women,finished,2021-04-17 11:16:14 UTC,/api/v1/category_rounds/6375/results,boulder_one_group_one_boulder_set,IFSC: 1 group,2,,,,,,,4662,2,/api/v1/routes/4662/startlist,
/api/v1/events/1187/result/7,1187,full_results_url,IFSC - Climbing World Cup (B) - Meiringen (SUI) 2021,BOULDER Women,finished,2025-10-02 07:18:34 UTC,2026-04-22 09:04:23 UTC,,6375,boulder,Semi-Final,Women,finished,2021-04-17 11:16:14 UTC,/api/v1/category_rounds/6375/results,boulder_one_group_one_boulder_set,IFSC: 1 group,2,,,,,,,4663,3,/api/v1/routes/4663/startlist,
/api/v1/events/1187/result/7,1187,full_results_url,IFSC - Climbing World Cup (B) - Meiringen (SUI) 2021,BOULDER Women,finished,2025-10-02 07:18:34 UTC,2026-04-22 09:04:23 UTC,,6375,boulder,Semi-Final,Women,finished,2021-04-17 11:16:14 UTC,/api/v1/category_rounds/6375/results,boulder_one_group_one_boulder_set,IFSC: 1 group,2,,,,,,,4664,4,/api/v1/routes/4664/startlist,
/api/v1/events/1187/result/7,1187,full_results_url,IFSC - Climbing World Cup (B) - Meiringen (SUI) 2021,BOULDER Women,finished,2025-10-02 07:18:34 UTC,2026-04-22 09:04:23 UTC,,6377,boulder,Final,Women,finished,2021-04-17 20:36:05 UTC,/api/v1/category_rounds/6377/results,boulder_finals_one_by_one,IFSC: Finals,3,,,,,,,4669,1,/api/v1/routes/4669/startlist,
/api/v1/events/1187/result/7,1187,full_results_url,IFSC - Climbing World Cup (B) - Meiringen (SUI) 2021,BOULDER Women,finished,2025-10-02 07:18:34 UTC,2026-04-22 09:04:23 UTC,,6377,boulder,Final,Women,finished,2021-04-17 20:36:05 UTC,/api/v1/category_rounds/6377/results,boulder_finals_one_by_one,IFSC: Finals,3,,,,,,,4670,2,/api/v1/routes/4670/startlist,
/api/v1/events/1187/result/7,1187,full_results_url,IFSC - Climbing World Cup (B) - Meiringen (SUI) 2021,BOULDER Women,finished,2025-10-02 07:18:34 UTC,2026-04-22 09:04:23 UTC,,6377,boulder,Final,Women,finished,2021-04-17 20:36:05 UTC,/api/v1/category_rounds/6377/results,boulder_finals_one_by_one,IFSC: Finals,3,,,,,,,4671,3,/api/v1/routes/4671/startlist,
/api/v1/events/1187/result/7,1187,full_results_url,IFSC - Climbing World Cup (B) - Meiringen (SUI) 2021,BOULDER Women,finished,2025-10-02 07:18:34 UTC,2026-04-22 09:04:23 UTC,,6377,boulder,Final,Women,finished,2021-04-17 20:36:05 UTC,/api/v1/category_rounds/6377/results,boulder_finals_one_by_one,IFSC: Finals,3,,,,,,,4672,4,/api/v1/routes/4672/startlist,
/api/v1/events/1221/result/233,1221,full_results_url,"IFSC Europe - Continental Youth Championships (B,S,L) - Perm (RUS)",LEAD Juniors Male,finished,2025-10-02 07:18:35 UTC,2026-04-22 09:04:26 UTC,,6352,lead,Qualification,Juniors Male,finished,2021-05-01 13:17:02 UTC,/api/v1/category_rounds/6352/results,lead_one_group_two_routes,IFSC: 2 routes,19,,,,,,,1851,1,/api/v1/routes/1851/startlist,/api/v1/routes/1851/results
/api/v1/events/1221/result/233,1221,full_results_url,"IFSC Europe - Continental Youth Championships (B,S,L) - Perm (RUS)",LEAD Juniors Male,finished,2025-10-02 07:18:35 UTC,2026-04-22 09:04:26 UTC,,6352,lead,Qualification,Juniors Male,finished,2021-05-01 13:17:02 UTC,/api/v1/category_rounds/6352/results,lead_one_group_two_routes,IFSC: 2 routes,19,,,,,,,1852,2,/api/v1/routes/1852/startlist,/api/v1/routes/1852/results
/api/v1/events/1221/result/233,1221,full_results_url,"IFSC Europe - Continental Youth Championships (B,S,L) - Perm (RUS)",LEAD Juniors Male,finished,2025-10-02 07:18:35 UTC,2026-04-22 09:04:26 UTC,,6418,lead,Semi-Final,Juniors Male,finished,2021-05-02 11:02:51 UTC,/api/v1/category_rounds/6418/results,lead_one_group_one_route,IFSC: 1 route,20,,,,,,,4713,1,/api/v1/routes/4713/startlist,/api/v1/routes/4713/results
/api/v1/events/1221/result/233,1221,full_results_url,"IFSC Europe - Continental Youth Championships (B,S,L) - Perm (RUS)",LEAD Juniors Male,finished,2025-10-02 07:18:35 UTC,2026-04-22 09:04:26 UTC,,6422,lead,Final,Juniors Male,finished,2021-05-02 13:48:16 UTC,/api/v1/category_rounds/6422/results,lead_one_group_one_route,IFSC: 1 route,21,,,,,,,4717,1,/api/v1/routes/4717/startlist,/api/v1/routes/4717/results
/api/v1/events/1221/result/237,1221,full_results_url,"IFSC Europe - Continental Youth Championships (B,S,L) - Perm (RUS)",LEAD Youth A Male,finished,2025-10-02 07:18:35 UTC,2026-04-22 09:04:30 UTC,,6353,lead,Qualification,Youth A Male,finished,2021-05-01 09:37:21 UTC,/api/v1/category_rounds/6353/results,lead_one_group_two_routes,IFSC: 2 routes,19,,,,,,,1853,1,/api/v1/routes/1853/startlist,/api/v1/routes/1853/results
/api/v1/events/1221/result/237,1221,full_results_url,"IFSC Europe - Continental Youth Championships (B,S,L) - Perm (RUS)",LEAD Youth A Male,finished,2025-10-02 07:18:35 UTC,2026-04-22 09:04:30 UTC,,6353,lead,Qualification,Youth A Male,finished,2021-05-01 09:37:21 UTC,/api/v1/category_rounds/6353/results,lead_one_group_two_routes,IFSC: 2 routes,19,,,,,,,1854,2,/api/v1/routes/1854/startlist,/api/v1/routes/1854/results
/api/v1/events/1221/result/237,1221,full_results_url,"IFSC Europe - Continental Youth Championships (B,S,L) - Perm (RUS)",LEAD Youth A Male,finished,2025-10-02 07:18:35 UTC,2026-04-22 09:04:30 UTC,,6419,lead,Semi-Final,Youth A Male,finished,2021-05-02 08:07:24 UTC,/api/v1/category_rounds/6419/results,lead_one_group_one_route,IFSC: 1 route,20,,,,,,,4714,1,/api/v1/routes/4714/startlist,/api/v1/routes/4714/results
/api/v1/events/1221/result/237,1221,full_results_url,"IFSC Europe - Continental Youth Championships (B,S,L) - Perm (RUS)",LEAD Youth A Male,finished,2025-10-02 07:18:35 UTC,2026-04-22 09:04:30 UTC,,6424,lead,Final,Youth A Male,finished,2021-05-02 13:52:36 UTC,/api/v1/category_rounds/6424/results,lead_one_group_one_route,IFSC: 1 route,21,,,,,,,4719,1,/api/v1/routes/4719/startlist,/api/v1/routes/4719/results
/api/v1/events/1221/result/241,1221,full_results_url,"IFSC Europe - Continental Youth Championships (B,S,L) - Perm (RUS)",LEAD Youth B Male,finished,2025-10-02 07:18:35 UTC,2026-04-22 09:04:33 UTC,,6354,lead,Qualification,Youth B Male,finished,2021-05-04 13:07:30 UTC,/api/v1/category_rounds/6354/results,lead_one_group_two_routes,IFSC: 2 routes,19,,,,,,,1855,1,/api/v1/routes/1855/startlist,/api/v1/routes/1855/results
/api/v1/events/1221/result/241,1221,full_results_url,"IFSC Europe - Continental Youth Championships (B,S,L) - Perm (RUS)",LEAD Youth B Male,finished,2025-10-02 07:18:35 UTC,2026-04-22 09:04:33 UTC,,6354,lead,Qualification,Youth B Male,finished,2021-05-04 13:07:30 UTC,/api/v1/category_rounds/6354/results,lead_one_group_two_routes,IFSC: 2 routes,19,,,,,,,1856,2,/api/v1/routes/1856/startlist,/api/v1/routes/1856/results
/api/v1/events/1221/result/241,1221,full_results_url,"IFSC Europe - Continental Youth Championships (B,S,L) - Perm (RUS)",LEAD Youth B Male,finished,2025-10-02 07:18:35 UTC,2026-04-22 09:04:33 UTC,,6420,lead,Semi-Final,Youth B Male,finished,2021-05-05 10:04:30 UTC,/api/v1/category_rounds/6420/results,lead_one_group_one_route,IFSC: 1 route,20,,,,,,,4715,1,/api/v1/routes/4715/startlist,/api/v1/routes/4715/results
/api/v1/events/1221/result/241,1221,full_results_url,"IFSC Europe - Continental Youth Championships (B,S,L) - Perm (RUS)",LEAD Youth B Male,finished,2025-10-02 07:18:35 UTC,2026-04-22 09:04:33 UTC,,6426,lead,Final,Youth B Male,finished,2021-05-05 12:52:10 UTC,/api/v1/category_rounds/6426/results,lead_one_group_one_route,IFSC: 1 route,21,,,,,,,4721,1,/api/v1/routes/4721/startlist,/api/v1/routes/4721/results
/api/v1/events/1221/result/249,1221,full_results_url,"IFSC Europe - Continental Youth Championships (B,S,L) - Perm (RUS)",LEAD Juniors Female,finished,2025-10-02 07:18:35 UTC,2026-04-22 09:04:37 UTC,,6355,lead,Qualification,Juniors Female,finished,2021-05-01 13:12:45 UTC,/api/v1/category_rounds/6355/results,lead_one_group_two_routes,IFSC: 2 routes,19,,,,,,,1857,1,/api/v1/routes/1857/startlist,/api/v1/routes/1857/results
/api/v1/events/1221/result/249,1221,full_results_url,"IFSC Europe - Continental Youth Championships (B,S,L) - Perm (RUS)",LEAD Juniors Female,finished,2025-10-02 07:18:35 UTC,2026-04-22 09:04:37 UTC,,6355,lead,Qualification,Juniors Female,finished,2021-05-01 13:12:45 UTC,/api/v1/category_rounds/6355/results,lead_one_group_two_routes,IFSC: 2 routes,19,,,,,,,1858,2,/api/v1/routes/1858/startlist,/api/v1/routes/1858/results
/api/v1/events/1221/result/249,1221,full_results_url,"IFSC Europe - Continental Youth Championships (B,S,L) - Perm (RUS)",LEAD Juniors Female,finished,2025-10-02 07:18:35 UTC,2026-04-22 09:04:37 UTC,,6421,lead,Semi-Final,Juniors Female,finished,2021-05-02 10:56:22 UTC,/api/v1/category_rounds/6421/results,lead_one_group_one_route,IFSC: 1 route,20,,,,,,,4716,1,/api/v1/routes/4716/startlist,/api/v1/routes/4716/results
/api/v1/events/1221/result/249,1221,full_results_url,"IFSC Europe - Continental Youth Championships (B,S,L) - Perm (RUS)",LEAD Juniors Female,finished,2025-10-02 07:18:35 UTC,2026-04-22 09:04:37 UTC,,6427,lead,Final,Juniors Female,finished,2021-05-02 13:47:52 UTC,/api/v1/category_rounds/6427/results,lead_one_group_one_route,IFSC: 1 route,21,,,,,,,4722,1,/api/v1/routes/4722/startlist,/api/v1/routes/4722/results
/api/v1/events/1221/result/253,1221,full_results_url,"IFSC Europe - Continental Youth Championships (B,S,L) - Perm (RUS)",LEAD Youth A Female,finished,2025-10-02 07:18:35 UTC,2026-04-22 09:04:40 UTC,,6356,lead,Qualification,Youth A Female,finished,2021-05-01 08:28:58 UTC,/api/v1/category_rounds/6356/results,lead_one_group_two_routes,IFSC: 2 routes,19,,,,,,,1859,1,/api/v1/routes/1859/startlist,/api/v1/routes/1859/results
/api/v1/events/1221/result/253,1221,full_results_url,"IFSC Europe - Continental Youth Championships (B,S,L) - Perm (RUS)",LEAD Youth A Female,finished,2025-10-02 07:18:35 UTC,2026-04-22 09:04:40 UTC,,6356,lead,Qualification,Youth A Female,finished,2021-05-01 08:28:58 UTC,/api/v1/category_rounds/6356/results,lead_one_group_two_routes,IFSC: 2 routes,19,,,,,,,1860,2,/api/v1/routes/1860/startlist,/api/v1/routes/1860/results
/api/v1/events/1221/result/253,1221,full_results_url,"IFSC Europe - Continental Youth Championships (B,S,L) - Perm (RUS)",LEAD Youth A Female,finished,2025-10-02 07:18:35 UTC,2026-04-22 09:04:40 UTC,,6423,lead,Semi-Final,Youth A Female,finished,2021-05-02 08:06:51 UTC,/api/v1/category_rounds/6423/results,lead_one_group_one_route,IFSC: 1 route,20,,,,,,,4718,1,/api/v1/routes/4718/startlist,/api/v1/routes/4718/results
/api/v1/events/1221/result/253,1221,full_results_url,"IFSC Europe - Continental Youth Championships (B,S,L) - Perm (RUS)",LEAD Youth A Female,finished,2025-10-02 07:18:35 UTC,2026-04-22 09:04:40 UTC,,6428,lead,Final,Youth A Female,finished,2021-05-02 13:56:29 UTC,/api/v1/category_rounds/6428/results,lead_one_group_one_route,IFSC: 1 route,21,,,,,,,4723,1,/api/v1/routes/4723/startlist,/api/v1/routes/4723/results
/api/v1/events/1221/result/257,1221,full_results_url,"IFSC Europe - Continental Youth Championships (B,S,L) - Perm (RUS)",LEAD Youth B Female,finished,2025-10-02 07:18:35 UTC,2026-04-22 09:04:44 UTC,,6357,lead,Qualification,Youth B Female,finished,2021-05-04 13:06:12 UTC,/api/v1/category_rounds/6357/results,lead_one_group_two_routes,IFSC: 2 routes,19,,,,,,,1861,1,/api/v1/routes/1861/startlist,/api/v1/routes/1861/results
/api/v1/events/1221/result/257,1221,full_results_url,"IFSC Europe - Continental Youth Championships (B,S,L) - Perm (RUS)",LEAD Youth B Female,finished,2025-10-02 07:18:35 UTC,2026-04-22 09:04:44 UTC,,6357,lead,Qualification,Youth B Female,finished,2021-05-04 13:06:12 UTC,/api/v1/category_rounds/6357/results,lead_one_group_two_routes,IFSC: 2 routes,19,,,,,,,1862,2,/api/v1/routes/1862/startlist,/api/v1/routes/1862/results
/api/v1/events/1221/result/257,1221,full_results_url,"IFSC Europe - Continental Youth Championships (B,S,L) - Perm (RUS)",LEAD Youth B Female,finished,2025-10-02 07:18:35 UTC,2026-04-22 09:04:44 UTC,,6425,lead,Semi-Final,Youth B Female,finished,2021-05-05 10:02:25 UTC,/api/v1/category_rounds/6425/results,lead_one_group_one_route,IFSC: 1 route,20,,,,,,,4720,1,/api/v1/routes/4720/startlist,/api/v1/routes/4720/results
/api/v1/events/1221/result/257,1221,full_results_url,"IFSC Europe - Continental Youth Championships (B,S,L) - Perm (RUS)",LEAD Youth B Female,finished,2025-10-02 07:18:35 UTC,2026-04-22 09:04:44 UTC,,6429,lead,Final,Youth B Female,finished,2021-05-05 12:53:10 UTC,/api/v1/category_rounds/6429/results,lead_one_group_one_route,IFSC: 1 route,21,,,,,,,4724,1,/api/v1/routes/4724/startlist,/api/v1/routes/4724/results
/api/v1/events/1221/result/234,1221,full_results_url,"IFSC Europe - Continental Youth Championships (B,S,L) - Perm (RUS)",SPEED Juniors Male,finished,2025-10-02 07:18:35 UTC,2026-04-22 09:04:47 UTC,,6358,speed,Qualification,Juniors Male,finished,2021-05-03 11:22:03 UTC,/api/v1/category_rounds/6358/results,speed_staggered_tolerate_false_start,IFSC-E: Qualification (Tolerate FS),19,,,,,,,4737,A,/api/v1/routes/4737/startlist,
/api/v1/events/1221/result/234,1221,full_results_url,"IFSC Europe - Continental Youth Championships (B,S,L) - Perm (RUS)",SPEED Juniors Male,finished,2025-10-02 07:18:35 UTC,2026-04-22 09:04:47 UTC,,6358,speed,Qualification,Juniors Male,finished,2021-05-03 11:22:03 UTC,/api/v1/category_rounds/6358/results,speed_staggered_tolerate_false_start,IFSC-E: Qualification (Tolerate FS),19,,,,,,,4738,B,/api/v1/routes/4738/startlist,
/api/v1/events/1221/result/234,1221,full_results_url,"IFSC Europe - Continental Youth Championships (B,S,L) - Perm (RUS)",SPEED Juniors Male,finished,2025-10-02 07:18:35 UTC,2026-04-22 09:04:47 UTC,,6430,speed,Final,Juniors Male,finished,2024-01-16 04:40:20 UTC,/api/v1/category_rounds/6430/results,speed_elimination_ifsc,IFSC 2021: Elimination,21,,,,,,,4725,A,/api/v1/routes/4725/startlist,
/api/v1/events/1221/result/234,1221,full_results_url,"IFSC Europe - Continental Youth Championships (B,S,L) - Perm (RUS)",SPEED Juniors Male,finished,2025-10-02 07:18:35 UTC,2026-04-22 09:04:47 UTC,,6430,speed,Final,Juniors Male,finished,2024-01-16 04:40:20 UTC,/api/v1/category_rounds/6430/results,speed_elimination_ifsc,IFSC 2021: Elimination,21,,,,,,,4726,B,/api/v1/routes/4726/startlist,
/api/v1/events/1221/result/238,1221,full_results_url,"IFSC Europe - Continental Youth Championships (B,S,L) - Perm (RUS)",SPEED Youth A Male,finished,2025-10-02 07:18:35 UTC,2026-04-22 09:04:50 UTC,,6359,speed,Qualification,Youth A Male,finished,2021-05-03 09:15:11 UTC,/api/v1/category_rounds/6359/results,speed_staggered_tolerate_false_start,IFSC-E: Qualification (Tolerate FS),19,,,,,,,4739,A,/api/v1/routes/4739/startlist,
/api/v1/events/1221/result/238,1221,full_results_url,"IFSC Europe - Continental Youth Championships (B,S,L) - Perm (RUS)",SPEED Youth A Male,finished,2025-10-02 07:18:35 UTC,2026-04-22 09:04:50 UTC,,6359,speed,Qualification,Youth A Male,finished,2021-05-03 09:15:11 UTC,/api/v1/category_rounds/6359/results,speed_staggered_tolerate_false_start,IFSC-E: Qualification (Tolerate FS),19,,,,,,,4740,B,/api/v1/routes/4740/startlist,
/api/v1/events/1221/result/238,1221,full_results_url,"IFSC Europe - Continental Youth Championships (B,S,L) - Perm (RUS)",SPEED Youth A Male,finished,2025-10-02 07:18:35 UTC,2026-04-22 09:04:50 UTC,,6431,speed,Final,Youth A Male,finished,2024-01-16 04:40:21 UTC,/api/v1/category_rounds/6431/results,speed_elimination_ifsc,IFSC 2021: Elimination,21,,,,,,,4727,A,/api/v1/routes/4727/startlist,
/api/v1/events/1221/result/238,1221,full_results_url,"IFSC Europe - Continental Youth Championships (B,S,L) - Perm (RUS)",SPEED Youth A Male,finished,2025-10-02 07:18:35 UTC,2026-04-22 09:04:50 UTC,,6431,speed,Final,Youth A Male,finished,2024-01-16 04:40:21 UTC,/api/v1/category_rounds/6431/results,speed_elimination_ifsc,IFSC 2021: Elimination,21,,,,,,,4728,B,/api/v1/routes/4728/startlist,
/api/v1/events/1221/result/242,1221,full_results_url,"IFSC Europe - Continental Youth Championships (B,S,L) - Perm (RUS)",SPEED Youth B Male,finished,2025-10-02 07:18:35 UTC,2026-04-22 09:04:54 UTC,,6360,speed,Qualification,Youth B Male,finished,2021-05-03 07:05:24 UTC,/api/v1/category_rounds/6360/results,speed_staggered_tolerate_false_start,IFSC-E: Qualification (Tolerate FS),19,,,,,,,4741,A,/api/v1/routes/4741/startlist,
/api/v1/events/1221/result/242,1221,full_results_url,"IFSC Europe - Continental Youth Championships (B,S,L) - Perm (RUS)",SPEED Youth B Male,finished,2025-10-02 07:18:35 UTC,2026-04-22 09:04:54 UTC,,6360,speed,Qualification,Youth B Male,finished,2021-05-03 07:05:24 UTC,/api/v1/category_rounds/6360/results,speed_staggered_tolerate_false_start,IFSC-E: Qualification (Tolerate FS),19,,,,,,,4742,B,/api/v1/routes/4742/startlist,
/api/v1/events/1221/result/242,1221,full_results_url,"IFSC Europe - Continental Youth Championships (B,S,L) - Perm (RUS)",SPEED Youth B Male,finished,2025-10-02 07:18:35 UTC,2026-04-22 09:04:54 UTC,,6432,speed,Final,Youth B Male,finished,2024-01-16 04:40:21 UTC,/api/v1/category_rounds/6432/results,speed_elimination_ifsc,IFSC 2021: Elimination,21,,,,,,,4729,A,/api/v1/routes/4729/startlist,
/api/v1/events/1221/result/242,1221,full_results_url,"IFSC Europe - Continental Youth Championships (B,S,L) - Perm (RUS)",SPEED Youth B Male,finished,2025-10-02 07:18:35 UTC,2026-04-22 09:04:54 UTC,,6432,speed,Final,Youth B Male,finished,2024-01-16 04:40:21 UTC,/api/v1/category_rounds/6432/results,speed_elimination_ifsc,IFSC 2021: Elimination,21,,,,,,,4730,B,/api/v1/routes/4730/startlist,
/api/v1/events/1221/result/250,1221,full_results_url,"IFSC Europe - Continental Youth Championships (B,S,L) - Perm (RUS)",SPEED Juniors Female,finished,2025-10-02 07:18:35 UTC,2026-04-22 09:04:57 UTC,,6361,speed,Qualification,Juniors Female,finished,2021-05-03 10:59:11 UTC,/api/v1/category_rounds/6361/results,speed_staggered_tolerate_false_start,IFSC-E: Qualification (Tolerate FS),19,,,,,,,4743,A,/api/v1/routes/4743/startlist,
/api/v1/events/1221/result/250,1221,full_results_url,"IFSC Europe - Continental Youth Championships (B,S,L) - Perm (RUS)",SPEED Juniors Female,finished,2025-10-02 07:18:35 UTC,2026-04-22 09:04:57 UTC,,6361,speed,Qualification,Juniors Female,finished,2021-05-03 10:59:11 UTC,/api/v1/category_rounds/6361/results,speed_staggered_tolerate_false_start,IFSC-E: Qualification (Tolerate FS),19,,,,,,,4744,B,/api/v1/routes/4744/startlist,
/api/v1/events/1221/result/250,1221,full_results_url,"IFSC Europe - Continental Youth Championships (B,S,L) - Perm (RUS)",SPEED Juniors Female,finished,2025-10-02 07:18:35 UTC,2026-04-22 09:04:57 UTC,,6433,speed,Final,Juniors Female,finished,2024-01-16 04:40:22 UTC,/api/v1/category_rounds/6433/results,speed_elimination_ifsc,IFSC 2021: Elimination,21,,,,,,,4731,A,/api/v1/routes/4731/startlist,
/api/v1/events/1221/result/250,1221,full_results_url,"IFSC Europe - Continental Youth Championships (B,S,L) - Perm (RUS)",SPEED Juniors Female,finished,2025-10-02 07:18:35 UTC,2026-04-22 09:04:57 UTC,,6433,speed,Final,Juniors Female,finished,2024-01-16 04:40:22 UTC,/api/v1/category_rounds/6433/results,speed_elimination_ifsc,IFSC 2021: Elimination,21,,,,,,,4732,B,/api/v1/routes/4732/startlist,
/api/v1/events/1221/result/254,1221,full_results_url,"IFSC Europe - Continental Youth Championships (B,S,L) - Perm (RUS)",SPEED Youth A Female,finished,2025-10-02 07:18:35 UTC,2026-04-22 09:05:00 UTC,,6362,speed,Qualification,Youth A Female,finished,2021-05-03 08:47:25 UTC,/api/v1/category_rounds/6362/results,speed_staggered_tolerate_false_start,IFSC-E: Qualification (Tolerate FS),19,,,,,,,4745,A,/api/v1/routes/4745/startlist,
/api/v1/events/1221/result/254,1221,full_results_url,"IFSC Europe - Continental Youth Championships (B,S,L) - Perm (RUS)",SPEED Youth A Female,finished,2025-10-02 07:18:35 UTC,2026-04-22 09:05:00 UTC,,6362,speed,Qualification,Youth A Female,finished,2021-05-03 08:47:25 UTC,/api/v1/category_rounds/6362/results,speed_staggered_tolerate_false_start,IFSC-E: Qualification (Tolerate FS),19,,,,,,,4746,B,/api/v1/routes/4746/startlist,
/api/v1/events/1221/result/254,1221,full_results_url,"IFSC Europe - Continental Youth Championships (B,S,L) - Perm (RUS)",SPEED Youth A Female,finished,2025-10-02 07:18:35 UTC,2026-04-22 09:05:00 UTC,,6434,speed,Final,Youth A Female,finished,2024-01-16 04:40:23 UTC,/api/v1/category_rounds/6434/results,speed_elimination_ifsc,IFSC 2021: Elimination,21,,,,,,,4733,A,/api/v1/routes/4733/startlist,
/api/v1/events/1221/result/254,1221,full_results_url,"IFSC Europe - Continental Youth Championships (B,S,L) - Perm (RUS)",SPEED Youth A Female,finished,2025-10-02 07:18:35 UTC,2026-04-22 09:05:00 UTC,,6434,speed,Final,Youth A Female,finished,2024-01-16 04:40:23 UTC,/api/v1/category_rounds/6434/results,speed_elimination_ifsc,IFSC 2021: Elimination,21,,,,,,,4734,B,/api/v1/routes/4734/startlist,
/api/v1/events/1221/result/258,1221,full_results_url,"IFSC Europe - Continental Youth Championships (B,S,L) - Perm (RUS)",SPEED Youth B Female,finished,2025-10-02 07:18:35 UTC,2026-04-22 09:05:04 UTC,,6363,speed,Qualification,Youth B Female,finished,2021-05-03 07:22:09 UTC,/api/v1/category_rounds/6363/results,speed_staggered_tolerate_false_start,IFSC-E: Qualification (Tolerate FS),19,,,,,,,4747,A,/api/v1/routes/4747/startlist,
/api/v1/events/1221/result/258,1221,full_results_url,"IFSC Europe - Continental Youth Championships (B,S,L) - Perm (RUS)",SPEED Youth B Female,finished,2025-10-02 07:18:35 UTC,2026-04-22 09:05:04 UTC,,6363,speed,Qualification,Youth B Female,finished,2021-05-03 07:22:09 UTC,/api/v1/category_rounds/6363/results,speed_staggered_tolerate_false_start,IFSC-E: Qualification (Tolerate FS),19,,,,,,,4748,B,/api/v1/routes/4748/startlist,
/api/v1/events/1221/result/258,1221,full_results_url,"IFSC Europe - Continental Youth Championships (B,S,L) - Perm (RUS)",SPEED Youth B Female,finished,2025-10-02 07:18:35 UTC,2026-04-22 09:05:04 UTC,,6435,speed,Final,Youth B Female,finished,2024-01-16 04:40:24 UTC,/api/v1/category_rounds/6435/results,speed_elimination_ifsc,IFSC 2021: Elimination,21,,,,,,,4735,A,/api/v1/routes/4735/startlist,
/api/v1/events/1221/result/258,1221,full_results_url,"IFSC Europe - Continental Youth Championships (B,S,L) - Perm (RUS)",SPEED Youth B Female,finished,2025-10-02 07:18:35 UTC,2026-04-22 09:05:04 UTC,,6435,speed,Final,Youth B Female,finished,2024-01-16 04:40:24 UTC,/api/v1/category_rounds/6435/results,speed_elimination_ifsc,IFSC 2021: Elimination,21,,,,,,,4736,B,/api/v1/routes/4736/startlist,
/api/v1/events/1221/result/235,1221,full_results_url,"IFSC Europe - Continental Youth Championships (B,S,L) - Perm (RUS)",BOULDER Juniors Male,finished,2025-10-02 07:18:35 UTC,2026-04-22 09:05:07 UTC,,6364,boulder,Qualification,Juniors Male,finished,2021-05-04 12:54:57 UTC,/api/v1/category_rounds/6364/results,boulder_one_group_one_boulder_set,IFSC: 1 group,19,,,,,,,1875,1,/api/v1/routes/1875/startlist,
/api/v1/events/1221/result/235,1221,full_results_url,"IFSC Europe - Continental Youth Championships (B,S,L) - Perm (RUS)",BOULDER Juniors Male,finished,2025-10-02 07:18:35 UTC,2026-04-22 09:05:07 UTC,,6364,boulder,Qualification,Juniors Male,finished,2021-05-04 12:54:57 UTC,/api/v1/category_rounds/6364/results,boulder_one_group_one_boulder_set,IFSC: 1 group,19,,,,,,,1876,2,/api/v1/routes/1876/startlist,
/api/v1/events/1221/result/235,1221,full_results_url,"IFSC Europe - Continental Youth Championships (B,S,L) - Perm (RUS)",BOULDER Juniors Male,finished,2025-10-02 07:18:35 UTC,2026-04-22 09:05:07 UTC,,6364,boulder,Qualification,Juniors Male,finished,2021-05-04 12:54:57 UTC,/api/v1/category_rounds/6364/results,boulder_one_group_one_boulder_set,IFSC: 1 group,19,,,,,,,1877,3,/api/v1/routes/1877/startlist,
/api/v1/events/1221/result/235,1221,full_results_url,"IFSC Europe - Continental Youth Championships (B,S,L) - Perm (RUS)",BOULDER Juniors Male,finished,2025-10-02 07:18:35 UTC,2026-04-22 09:05:07 UTC,,6364,boulder,Qualification,Juniors Male,finished,2021-05-04 12:54:57 UTC,/api/v1/category_rounds/6364/results,boulder_one_group_one_boulder_set,IFSC: 1 group,19,,,,,,,1878,4,/api/v1/routes/1878/startlist,
/api/v1/events/1221/result/235,1221,full_results_url,"IFSC Europe - Continental Youth Championships (B,S,L) - Perm (RUS)",BOULDER Juniors Male,finished,2025-10-02 07:18:35 UTC,2026-04-22 09:05:07 UTC,,6364,boulder,Qualification,Juniors Male,finished,2021-05-04 12:54:57 UTC,/api/v1/category_rounds/6364/results,boulder_one_group_one_boulder_set,IFSC: 1 group,19,,,,,,,1879,5,/api/v1/routes/1879/startlist,
/api/v1/events/1221/result/235,1221,full_results_url,"IFSC Europe - Continental Youth Championships (B,S,L) - Perm (RUS)",BOULDER Juniors Male,finished,2025-10-02 07:18:35 UTC,2026-04-22 09:05:07 UTC,,6436,boulder,Semi-Final,Juniors Male,finished,2021-05-05 08:10:02 UTC,/api/v1/category_rounds/6436/results,boulder_one_group_one_boulder_set,IFSC: 1 group,20,,,,,,,4749,1,/api/v1/routes/4749/startlist,
/api/v1/events/1221/result/235,1221,full_results_url,"IFSC Europe - Continental Youth Championships (B,S,L) - Perm (RUS)",BOULDER Juniors Male,finished,2025-10-02 07:18:35 UTC,2026-04-22 09:05:07 UTC,,6436,boulder,Semi-Final,Juniors Male,finished,2021-05-05 08:10:02 UTC,/api/v1/category_rounds/6436/results,boulder_one_group_one_boulder_set,IFSC: 1 group,20,,,,,,,4750,2,/api/v1/routes/4750/startlist,
/api/v1/events/1221/result/235,1221,full_results_url,"IFSC Europe - Continental Youth Championships (B,S,L) - Perm (RUS)",BOULDER Juniors Male,finished,2025-10-02 07:18:35 UTC,2026-04-22 09:05:07 UTC,,6436,boulder,Semi-Final,Juniors Male,finished,2021-05-05 08:10:02 UTC,/api/v1/category_rounds/6436/results,boulder_one_group_one_boulder_set,IFSC: 1 group,20,,,,,,,4751,3,/api/v1/routes/4751/startlist,
/api/v1/events/1221/result/235,1221,full_results_url,"IFSC Europe - Continental Youth Championships (B,S,L) - Perm (RUS)",BOULDER Juniors Male,finished,2025-10-02 07:18:35 UTC,2026-04-22 09:05:07 UTC,,6436,boulder,Semi-Final,Juniors Male,finished,2021-05-05 08:10:02 UTC,/api/v1/category_rounds/6436/results,boulder_one_group_one_boulder_set,IFSC: 1 group,20,,,,,,,4752,4,/api/v1/routes/4752/startlist,
/api/v1/events/1221/result/235,1221,full_results_url,"IFSC Europe - Continental Youth Championships (B,S,L) - Perm (RUS)",BOULDER Juniors Male,finished,2025-10-02 07:18:35 UTC,2026-04-22 09:05:07 UTC,,6438,boulder,Final,Juniors Male,finished,2021-05-05 15:28:45 UTC,/api/v1/category_rounds/6438/results,boulder_one_group_one_boulder_set,IFSC: 1 group,21,,,,,,,4757,1,/api/v1/routes/4757/startlist,
/api/v1/events/1221/result/235,1221,full_results_url,"IFSC Europe - Continental Youth Championships (B,S,L) - Perm (RUS)",BOULDER Juniors Male,finished,2025-10-02 07:18:35 UTC,2026-04-22 09:05:07 UTC,,6438,boulder,Final,Juniors Male,finished,2021-05-05 15:28:45 UTC,/api/v1/category_rounds/6438/results,boulder_one_group_one_boulder_set,IFSC: 1 group,21,,,,,,,4759,2,/api/v1/routes/4759/startlist,
/api/v1/events/1221/result/235,1221,full_results_url,"IFSC Europe - Continental Youth Championships (B,S,L) - Perm (RUS)",BOULDER Juniors Male,finished,2025-10-02 07:18:35 UTC,2026-04-22 09:05:07 UTC,,6438,boulder,Final,Juniors Male,finished,2021-05-05 15:28:45 UTC,/api/v1/category_rounds/6438/results,boulder_one_group_one_boulder_set,IFSC: 1 group,21,,,,,,,4761,3,/api/v1/routes/4761/startlist,
/api/v1/events/1221/result/235,1221,full_results_url,"IFSC Europe - Continental Youth Championships (B,S,L) - Perm (RUS)",BOULDER Juniors Male,finished,2025-10-02 07:18:35 UTC,2026-04-22 09:05:07 UTC,,6438,boulder,Final,Juniors Male,finished,2021-05-05 15:28:45 UTC,/api/v1/category_rounds/6438/results,boulder_one_group_one_boulder_set,IFSC: 1 group,21,,,,,,,4763,4,/api/v1/routes/4763/startlist,
/api/v1/events/1221/result/239,1221,full_results_url,"IFSC Europe - Continental Youth Championships (B,S,L) - Perm (RUS)",BOULDER Youth A Male,finished,2025-10-02 07:18:35 UTC,2026-04-22 09:05:11 UTC,,6365,boulder,Qualification,Youth A Male,finished,2021-05-04 09:05:15 UTC,/api/v1/category_rounds/6365/results,boulder_one_group_one_boulder_set,IFSC: 1 group,19,,,,,,,1880,1,/api/v1/routes/1880/startlist,
/api/v1/events/1221/result/239,1221,full_results_url,"IFSC Europe - Continental Youth Championships (B,S,L) - Perm (RUS)",BOULDER Youth A Male,finished,2025-10-02 07:18:35 UTC,2026-04-22 09:05:11 UTC,,6365,boulder,Qualification,Youth A Male,finished,2021-05-04 09:05:15 UTC,/api/v1/category_rounds/6365/results,boulder_one_group_one_boulder_set,IFSC: 1 group,19,,,,,,,1881,2,/api/v1/routes/1881/startlist,
/api/v1/events/1221/result/239,1221,full_results_url,"IFSC Europe - Continental Youth Championships (B,S,L) - Perm (RUS)",BOULDER Youth A Male,finished,2025-10-02 07:18:35 UTC,2026-04-22 09:05:11 UTC,,6365,boulder,Qualification,Youth A Male,finished,2021-05-04 09:05:15 UTC,/api/v1/category_rounds/6365/results,boulder_one_group_one_boulder_set,IFSC: 1 group,19,,,,,,,1882,3,/api/v1/routes/1882/startlist,
/api/v1/events/1221/result/239,1221,full_results_url,"IFSC Europe - Continental Youth Championships (B,S,L) - Perm (RUS)",BOULDER Youth A Male,finished,2025-10-02 07:18:35 UTC,2026-04-22 09:05:11 UTC,,6365,boulder,Qualification,Youth A Male,finished,2021-05-04 09:05:15 UTC,/api/v1/category_rounds/6365/results,boulder_one_group_one_boulder_set,IFSC: 1 group,19,,,,,,,1883,4,/api/v1/routes/1883/startlist,
/api/v1/events/1221/result/239,1221,full_results_url,"IFSC Europe - Continental Youth Championships (B,S,L) - Perm (RUS)",BOULDER Youth A Male,finished,2025-10-02 07:18:35 UTC,2026-04-22 09:05:11 UTC,,6365,boulder,Qualification,Youth A Male,finished,2021-05-04 09:05:15 UTC,/api/v1/category_rounds/6365/results,boulder_one_group_one_boulder_set,IFSC: 1 group,19,,,,,,,1884,5,/api/v1/routes/1884/startlist,
/api/v1/events/1221/result/239,1221,full_results_url,"IFSC Europe - Continental Youth Championships (B,S,L) - Perm (RUS)",BOULDER Youth A Male,finished,2025-10-02 07:18:35 UTC,2026-04-22 09:05:11 UTC,,6437,boulder,Semi-Final,Youth A Male,finished,2021-05-05 06:30:46 UTC,/api/v1/category_rounds/6437/results,boulder_one_group_one_boulder_set,IFSC: 1 group,20,,,,,,,4753,1,/api/v1/routes/4753/startlist,
/api/v1/events/1221/result/239,1221,full_results_url,"IFSC Europe - Continental Youth Championships (B,S,L) - Perm (RUS)",BOULDER Youth A Male,finished,2025-10-02 07:18:35 UTC,2026-04-22 09:05:11 UTC,,6437,boulder,Semi-Final,Youth A Male,finished,2021-05-05 06:30:46 UTC,/api/v1/category_rounds/6437/results,boulder_one_group_one_boulder_set,IFSC: 1 group,20,,,,,,,4754,2,/api/v1/routes/4754/startlist,
/api/v1/events/1221/result/239,1221,full_results_url,"IFSC Europe - Continental Youth Championships (B,S,L) - Perm (RUS)",BOULDER Youth A Male,finished,2025-10-02 07:18:35 UTC,2026-04-22 09:05:11 UTC,,6437,boulder,Semi-Final,Youth A Male,finished,2021-05-05 06:30:46 UTC,/api/v1/category_rounds/6437/results,boulder_one_group_one_boulder_set,IFSC: 1 group,20,,,,,,,4755,3,/api/v1/routes/4755/startlist,
/api/v1/events/1221/result/239,1221,full_results_url,"IFSC Europe - Continental Youth Championships (B,S,L) - Perm (RUS)",BOULDER Youth A Male,finished,2025-10-02 07:18:35 UTC,2026-04-22 09:05:11 UTC,,6437,boulder,Semi-Final,Youth A Male,finished,2021-05-05 06:30:46 UTC,/api/v1/category_rounds/6437/results,boulder_one_group_one_boulder_set,IFSC: 1 group,20,,,,,,,4756,4,/api/v1/routes/4756/startlist,
/api/v1/events/1221/result/239,1221,full_results_url,"IFSC Europe - Continental Youth Championships (B,S,L) - Perm (RUS)",BOULDER Youth A Male,finished,2025-10-02 07:18:35 UTC,2026-04-22 09:05:11 UTC,,6440,boulder,Final,Youth A Male,finished,2021-05-05 13:25:19 UTC,/api/v1/category_rounds/6440/results,boulder_one_group_one_boulder_set,IFSC: 1 group,21,,,,,,,4769,1,/api/v1/routes/4769/startlist,
/api/v1/events/1221/result/239,1221,full_results_url,"IFSC Europe - Continental Youth Championships (B,S,L) - Perm (RUS)",BOULDER Youth A Male,finished,2025-10-02 07:18:35 UTC,2026-04-22 09:05:11 UTC,,6440,boulder,Final,Youth A Male,finished,2021-05-05 13:25:19 UTC,/api/v1/category_rounds/6440/results,boulder_one_group_one_boulder_set,IFSC: 1 group,21,,,,,,,4770,2,/api/v1/routes/4770/startlist,
/api/v1/events/1221/result/239,1221,full_results_url,"IFSC Europe - Continental Youth Championships (B,S,L) - Perm (RUS)",BOULDER Youth A Male,finished,2025-10-02 07:18:35 UTC,2026-04-22 09:05:11 UTC,,6440,boulder,Final,Youth A Male,finished,2021-05-05 13:25:19 UTC,/api/v1/category_rounds/6440/results,boulder_one_group_one_boulder_set,IFSC: 1 group,21,,,,,,,4771,3,/api/v1/routes/4771/startlist,
/api/v1/events/1221/result/239,1221,full_results_url,"IFSC Europe - Continental Youth Championships (B,S,L) - Perm (RUS)",BOULDER Youth A Male,finished,2025-10-02 07:18:35 UTC,2026-04-22 09:05:11 UTC,,6440,boulder,Final,Youth A Male,finished,2021-05-05 13:25:19 UTC,/api/v1/category_rounds/6440/results,boulder_one_group_one_boulder_set,IFSC: 1 group,21,,,,,,,4772,4,/api/v1/routes/4772/startlist,
/api/v1/events/1221/result/243,1221,full_results_url,"IFSC Europe - Continental Youth Championships (B,S,L) - Perm (RUS)",BOULDER Youth B Male,finished,2025-10-02 07:18:35 UTC,2026-04-22 09:05:15 UTC,,6366,boulder,Qualification,Youth B Male,finished,2021-05-01 08:09:49 UTC,/api/v1/category_rounds/6366/results,boulder_one_group_one_boulder_set,IFSC: 1 group,19,,,,,,,1885,1,/api/v1/routes/1885/startlist,
/api/v1/events/1221/result/243,1221,full_results_url,"IFSC Europe - Continental Youth Championships (B,S,L) - Perm (RUS)",BOULDER Youth B Male,finished,2025-10-02 07:18:35 UTC,2026-04-22 09:05:15 UTC,,6366,boulder,Qualification,Youth B Male,finished,2021-05-01 08:09:49 UTC,/api/v1/category_rounds/6366/results,boulder_one_group_one_boulder_set,IFSC: 1 group,19,,,,,,,1886,2,/api/v1/routes/1886/startlist,
/api/v1/events/1221/result/243,1221,full_results_url,"IFSC Europe - Continental Youth Championships (B,S,L) - Perm (RUS)",BOULDER Youth B Male,finished,2025-10-02 07:18:35 UTC,2026-04-22 09:05:15 UTC,,6366,boulder,Qualification,Youth B Male,finished,2021-05-01 08:09:49 UTC,/api/v1/category_rounds/6366/results,boulder_one_group_one_boulder_set,IFSC: 1 group,19,,,,,,,1887,3,/api/v1/routes/1887/startlist,
/api/v1/events/1221/result/243,1221,full_results_url,"IFSC Europe - Continental Youth Championships (B,S,L) - Perm (RUS)",BOULDER Youth B Male,finished,2025-10-02 07:18:35 UTC,2026-04-22 09:05:15 UTC,,6366,boulder,Qualification,Youth B Male,finished,2021-05-01 08:09:49 UTC,/api/v1/category_rounds/6366/results,boulder_one_group_one_boulder_set,IFSC: 1 group,19,,,,,,,1888,4,/api/v1/routes/1888/startlist,
/api/v1/events/1221/result/243,1221,full_results_url,"IFSC Europe - Continental Youth Championships (B,S,L) - Perm (RUS)",BOULDER Youth B Male,finished,2025-10-02 07:18:35 UTC,2026-04-22 09:05:15 UTC,,6366,boulder,Qualification,Youth B Male,finished,2021-05-01 08:09:49 UTC,/api/v1/category_rounds/6366/results,boulder_one_group_one_boulder_set,IFSC: 1 group,19,,,,,,,1889,5,/api/v1/routes/1889/startlist,
/api/v1/events/1221/result/243,1221,full_results_url,"IFSC Europe - Continental Youth Championships (B,S,L) - Perm (RUS)",BOULDER Youth B Male,finished,2025-10-02 07:18:35 UTC,2026-04-22 09:05:15 UTC,,6439,boulder,Semi-Final,Youth B Male,finished,2021-05-02 08:21:28 UTC,/api/v1/category_rounds/6439/results,boulder_one_group_one_boulder_set,IFSC: 1 group,20,,,,,,,4758,1,/api/v1/routes/4758/startlist,
/api/v1/events/1221/result/243,1221,full_results_url,"IFSC Europe - Continental Youth Championships (B,S,L) - Perm (RUS)",BOULDER Youth B Male,finished,2025-10-02 07:18:35 UTC,2026-04-22 09:05:15 UTC,,6439,boulder,Semi-Final,Youth B Male,finished,2021-05-02 08:21:28 UTC,/api/v1/category_rounds/6439/results,boulder_one_group_one_boulder_set,IFSC: 1 group,20,,,,,,,4760,2,/api/v1/routes/4760/startlist,
/api/v1/events/1221/result/243,1221,full_results_url,"IFSC Europe - Continental Youth Championships (B,S,L) - Perm (RUS)",BOULDER Youth B Male,finished,2025-10-02 07:18:35 UTC,2026-04-22 09:05:15 UTC,,6439,boulder,Semi-Final,Youth B Male,finished,2021-05-02 08:21:28 UTC,/api/v1/category_rounds/6439/results,boulder_one_group_one_boulder_set,IFSC: 1 group,20,,,,,,,4762,3,/api/v1/routes/4762/startlist,
/api/v1/events/1221/result/243,1221,full_results_url,"IFSC Europe - Continental Youth Championships (B,S,L) - Perm (RUS)",BOULDER Youth B Male,finished,2025-10-02 07:18:35 UTC,2026-04-22 09:05:15 UTC,,6439,boulder,Semi-Final,Youth B Male,finished,2021-05-02 08:21:28 UTC,/api/v1/category_rounds/6439/results,boulder_one_group_one_boulder_set,IFSC: 1 group,20,,,,,,,4764,4,/api/v1/routes/4764/startlist,
/api/v1/events/1221/result/243,1221,full_results_url,"IFSC Europe - Continental Youth Championships (B,S,L) - Perm (RUS)",BOULDER Youth B Male,finished,2025-10-02 07:18:35 UTC,2026-04-22 09:05:15 UTC,,6443,boulder,Final,Youth B Male,finished,2021-05-02 13:27:12 UTC,/api/v1/category_rounds/6443/results,boulder_one_group_one_boulder_set,IFSC: 1 group,21,,,,,,,4777,1,/api/v1/routes/4777/startlist,
/api/v1/events/1221/result/243,1221,full_results_url,"IFSC Europe - Continental Youth Championships (B,S,L) - Perm (RUS)",BOULDER Youth B Male,finished,2025-10-02 07:18:35 UTC,2026-04-22 09:05:15 UTC,,6443,boulder,Final,Youth B Male,finished,2021-05-02 13:27:12 UTC,/api/v1/category_rounds/6443/results,boulder_one_group_one_boulder_set,IFSC: 1 group,21,,,,,,,4778,2,/api/v1/routes/4778/startlist,
/api/v1/events/1221/result/243,1221,full_results_url,"IFSC Europe - Continental Youth Championships (B,S,L) - Perm (RUS)",BOULDER Youth B Male,finished,2025-10-02 07:18:35 UTC,2026-04-22 09:05:15 UTC,,6443,boulder,Final,Youth B Male,finished,2021-05-02 13:27:12 UTC,/api/v1/category_rounds/6443/results,boulder_one_group_one_boulder_set,IFSC: 1 group,21,,,,,,,4779,3,/api/v1/routes/4779/startlist,
/api/v1/events/1221/result/243,1221,full_results_url,"IFSC Europe - Continental Youth Championships (B,S,L) - Perm (RUS)",BOULDER Youth B Male,finished,2025-10-02 07:18:35 UTC,2026-04-22 09:05:15 UTC,,6443,boulder,Final,Youth B Male,finished,2021-05-02 13:27:12 UTC,/api/v1/category_rounds/6443/results,boulder_one_group_one_boulder_set,IFSC: 1 group,21,,,,,,,4780,4,/api/v1/routes/4780/startlist,
/api/v1/events/1221/result/251,1221,full_results_url,"IFSC Europe - Continental Youth Championships (B,S,L) - Perm (RUS)",BOULDER Juniors Female,finished,2025-10-02 07:18:35 UTC,2026-04-22 09:05:19 UTC,,6367,boulder,Qualification,Juniors Female,finished,2021-05-04 12:52:17 UTC,/api/v1/category_rounds/6367/results,boulder_one_group_one_boulder_set,IFSC: 1 group,19,,,,,,,1890,1,/api/v1/routes/1890/startlist,
/api/v1/events/1221/result/251,1221,full_results_url,"IFSC Europe - Continental Youth Championships (B,S,L) - Perm (RUS)",BOULDER Juniors Female,finished,2025-10-02 07:18:35 UTC,2026-04-22 09:05:19 UTC,,6367,boulder,Qualification,Juniors Female,finished,2021-05-04 12:52:17 UTC,/api/v1/category_rounds/6367/results,boulder_one_group_one_boulder_set,IFSC: 1 group,19,,,,,,,1891,2,/api/v1/routes/1891/startlist,
/api/v1/events/1221/result/251,1221,full_results_url,"IFSC Europe - Continental Youth Championships (B,S,L) - Perm (RUS)",BOULDER Juniors Female,finished,2025-10-02 07:18:35 UTC,2026-04-22 09:05:19 UTC,,6367,boulder,Qualification,Juniors Female,finished,2021-05-04 12:52:17 UTC,/api/v1/category_rounds/6367/results,boulder_one_group_one_boulder_set,IFSC: 1 group,19,,,,,,,1892,3,/api/v1/routes/1892/startlist,
/api/v1/events/1221/result/251,1221,full_results_url,"IFSC Europe - Continental Youth Championships (B,S,L) - Perm (RUS)",BOULDER Juniors Female,finished,2025-10-02 07:18:35 UTC,2026-04-22 09:05:19 UTC,,6367,boulder,Qualification,Juniors Female,finished,2021-05-04 12:52:17 UTC,/api/v1/category_rounds/6367/results,boulder_one_group_one_boulder_set,IFSC: 1 group,19,,,,,,,1893,4,/api/v1/routes/1893/startlist,
/api/v1/events/1221/result/251,1221,full_results_url,"IFSC Europe - Continental Youth Championships (B,S,L) - Perm (RUS)",BOULDER Juniors Female,finished,2025-10-02 07:18:35 UTC,2026-04-22 09:05:19 UTC,,6367,boulder,Qualification,Juniors Female,finished,2021-05-04 12:52:17 UTC,/api/v1/category_rounds/6367/results,boulder_one_group_one_boulder_set,IFSC: 1 group,19,,,,,,,1894,5,/api/v1/routes/1894/startlist,
/api/v1/events/1221/result/251,1221,full_results_url,"IFSC Europe - Continental Youth Championships (B,S,L) - Perm (RUS)",BOULDER Juniors Female,finished,2025-10-02 07:18:35 UTC,2026-04-22 09:05:19 UTC,,6441,boulder,Semi-Final,Juniors Female,finished,2021-05-05 08:20:12 UTC,/api/v1/category_rounds/6441/results,boulder_one_group_one_boulder_set,IFSC: 1 group,20,,,,,,,4765,1,/api/v1/routes/4765/startlist,
/api/v1/events/1221/result/251,1221,full_results_url,"IFSC Europe - Continental Youth Championships (B,S,L) - Perm (RUS)",BOULDER Juniors Female,finished,2025-10-02 07:18:35 UTC,2026-04-22 09:05:19 UTC,,6441,boulder,Semi-Final,Juniors Female,finished,2021-05-05 08:20:12 UTC,/api/v1/category_rounds/6441/results,boulder_one_group_one_boulder_set,IFSC: 1 group,20,,,,,,,4766,2,/api/v1/routes/4766/startlist,
/api/v1/events/1221/result/251,1221,full_results_url,"IFSC Europe - Continental Youth Championships (B,S,L) - Perm (RUS)",BOULDER Juniors Female,finished,2025-10-02 07:18:35 UTC,2026-04-22 09:05:19 UTC,,6441,boulder,Semi-Final,Juniors Female,finished,2021-05-05 08:20:12 UTC,/api/v1/category_rounds/6441/results,boulder_one_group_one_boulder_set,IFSC: 1 group,20,,,,,,,4767,3,/api/v1/routes/4767/startlist,
/api/v1/events/1221/result/251,1221,full_results_url,"IFSC Europe - Continental Youth Championships (B,S,L) - Perm (RUS)",BOULDER Juniors Female,finished,2025-10-02 07:18:35 UTC,2026-04-22 09:05:19 UTC,,6441,boulder,Semi-Final,Juniors Female,finished,2021-05-05 08:20:12 UTC,/api/v1/category_rounds/6441/results,boulder_one_group_one_boulder_set,IFSC: 1 group,20,,,,,,,4768,4,/api/v1/routes/4768/startlist,
/api/v1/events/1221/result/251,1221,full_results_url,"IFSC Europe - Continental Youth Championships (B,S,L) - Perm (RUS)",BOULDER Juniors Female,finished,2025-10-02 07:18:35 UTC,2026-04-22 09:05:19 UTC,,6445,boulder,Final,Juniors Female,finished,2021-05-05 15:27:55 UTC,/api/v1/category_rounds/6445/results,boulder_one_group_one_boulder_set,IFSC: 1 group,21,,,,,,,4785,1,/api/v1/routes/4785/startlist,
/api/v1/events/1221/result/251,1221,full_results_url,"IFSC Europe - Continental Youth Championships (B,S,L) - Perm (RUS)",BOULDER Juniors Female,finished,2025-10-02 07:18:35 UTC,2026-04-22 09:05:19 UTC,,6445,boulder,Final,Juniors Female,finished,2021-05-05 15:27:55 UTC,/api/v1/category_rounds/6445/results,boulder_one_group_one_boulder_set,IFSC: 1 group,21,,,,,,,4786,2,/api/v1/routes/4786/startlist,
/api/v1/events/1221/result/251,1221,full_results_url,"IFSC Europe - Continental Youth Championships (B,S,L) - Perm (RUS)",BOULDER Juniors Female,finished,2025-10-02 07:18:35 UTC,2026-04-22 09:05:19 UTC,,6445,boulder,Final,Juniors Female,finished,2021-05-05 15:27:55 UTC,/api/v1/category_rounds/6445/results,boulder_one_group_one_boulder_set,IFSC: 1 group,21,,,,,,,4787,3,/api/v1/routes/4787/startlist,
/api/v1/events/1221/result/251,1221,full_results_url,"IFSC Europe - Continental Youth Championships (B,S,L) - Perm (RUS)",BOULDER Juniors Female,finished,2025-10-02 07:18:35 UTC,2026-04-22 09:05:19 UTC,,6445,boulder,Final,Juniors Female,finished,2021-05-05 15:27:55 UTC,/api/v1/category_rounds/6445/results,boulder_one_group_one_boulder_set,IFSC: 1 group,21,,,,,,,4788,4,/api/v1/routes/4788/startlist,
/api/v1/events/1221/result/255,1221,full_results_url,"IFSC Europe - Continental Youth Championships (B,S,L) - Perm (RUS)",BOULDER Youth A Female,finished,2025-10-02 07:18:35 UTC,2026-04-22 09:05:22 UTC,,6368,boulder,Qualification,Youth A Female,finished,2021-05-04 08:02:12 UTC,/api/v1/category_rounds/6368/results,boulder_one_group_one_boulder_set,IFSC: 1 group,19,,,,,,,1895,1,/api/v1/routes/1895/startlist,
/api/v1/events/1221/result/255,1221,full_results_url,"IFSC Europe - Continental Youth Championships (B,S,L) - Perm (RUS)",BOULDER Youth A Female,finished,2025-10-02 07:18:35 UTC,2026-04-22 09:05:22 UTC,,6368,boulder,Qualification,Youth A Female,finished,2021-05-04 08:02:12 UTC,/api/v1/category_rounds/6368/results,boulder_one_group_one_boulder_set,IFSC: 1 group,19,,,,,,,1896,2,/api/v1/routes/1896/startlist,
/api/v1/events/1221/result/255,1221,full_results_url,"IFSC Europe - Continental Youth Championships (B,S,L) - Perm (RUS)",BOULDER Youth A Female,finished,2025-10-02 07:18:35 UTC,2026-04-22 09:05:22 UTC,,6368,boulder,Qualification,Youth A Female,finished,2021-05-04 08:02:12 UTC,/api/v1/category_rounds/6368/results,boulder_one_group_one_boulder_set,IFSC: 1 group,19,,,,,,,1897,3,/api/v1/routes/1897/startlist,
/api/v1/events/1221/result/255,1221,full_results_url,"IFSC Europe - Continental Youth Championships (B,S,L) - Perm (RUS)",BOULDER Youth A Female,finished,2025-10-02 07:18:35 UTC,2026-04-22 09:05:22 UTC,,6368,boulder,Qualification,Youth A Female,finished,2021-05-04 08:02:12 UTC,/api/v1/category_rounds/6368/results,boulder_one_group_one_boulder_set,IFSC: 1 group,19,,,,,,,1898,4,/api/v1/routes/1898/startlist,
/api/v1/events/1221/result/255,1221,full_results_url,"IFSC Europe - Continental Youth Championships (B,S,L) - Perm (RUS)",BOULDER Youth A Female,finished,2025-10-02 07:18:35 UTC,2026-04-22 09:05:22 UTC,,6368,boulder,Qualification,Youth A Female,finished,2021-05-04 08:02:12 UTC,/api/v1/category_rounds/6368/results,boulder_one_group_one_boulder_set,IFSC: 1 group,19,,,,,,,1899,5,/api/v1/routes/1899/startlist,
/api/v1/events/1221/result/255,1221,full_results_url,"IFSC Europe - Continental Youth Championships (B,S,L) - Perm (RUS)",BOULDER Youth A Female,finished,2025-10-02 07:18:35 UTC,2026-04-22 09:05:22 UTC,,6442,boulder,Semi-Final,Youth A Female,finished,2021-05-05 06:33:50 UTC,/api/v1/category_rounds/6442/results,boulder_one_group_one_boulder_set,IFSC: 1 group,20,,,,,,,4773,1,/api/v1/routes/4773/startlist,
/api/v1/events/1221/result/255,1221,full_results_url,"IFSC Europe - Continental Youth Championships (B,S,L) - Perm (RUS)",BOULDER Youth A Female,finished,2025-10-02 07:18:35 UTC,2026-04-22 09:05:22 UTC,,6442,boulder,Semi-Final,Youth A Female,finished,2021-05-05 06:33:50 UTC,/api/v1/category_rounds/6442/results,boulder_one_group_one_boulder_set,IFSC: 1 group,20,,,,,,,4774,2,/api/v1/routes/4774/startlist,
/api/v1/events/1221/result/255,1221,full_results_url,"IFSC Europe - Continental Youth Championships (B,S,L) - Perm (RUS)",BOULDER Youth A Female,finished,2025-10-02 07:18:35 UTC,2026-04-22 09:05:22 UTC,,6442,boulder,Semi-Final,Youth A Female,finished,2021-05-05 06:33:50 UTC,/api/v1/category_rounds/6442/results,boulder_one_group_one_boulder_set,IFSC: 1 group,20,,,,,,,4775,3,/api/v1/routes/4775/startlist,
/api/v1/events/1221/result/255,1221,full_results_url,"IFSC Europe - Continental Youth Championships (B,S,L) - Perm (RUS)",BOULDER Youth A Female,finished,2025-10-02 07:18:35 UTC,2026-04-22 09:05:22 UTC,,6442,boulder,Semi-Final,Youth A Female,finished,2021-05-05 06:33:50 UTC,/api/v1/category_rounds/6442/results,boulder_one_group_one_boulder_set,IFSC: 1 group,20,,,,,,,4776,4,/api/v1/routes/4776/startlist,
/api/v1/events/1221/result/255,1221,full_results_url,"IFSC Europe - Continental Youth Championships (B,S,L) - Perm (RUS)",BOULDER Youth A Female,finished,2025-10-02 07:18:35 UTC,2026-04-22 09:05:22 UTC,,6446,boulder,Final,Youth A Female,finished,2021-05-05 13:26:57 UTC,/api/v1/category_rounds/6446/results,boulder_one_group_one_boulder_set,IFSC: 1 group,21,,,,,,,4789,1,/api/v1/routes/4789/startlist,
/api/v1/events/1221/result/255,1221,full_results_url,"IFSC Europe - Continental Youth Championships (B,S,L) - Perm (RUS)",BOULDER Youth A Female,finished,2025-10-02 07:18:35 UTC,2026-04-22 09:05:22 UTC,,6446,boulder,Final,Youth A Female,finished,2021-05-05 13:26:57 UTC,/api/v1/category_rounds/6446/results,boulder_one_group_one_boulder_set,IFSC: 1 group,21,,,,,,,4790,2,/api/v1/routes/4790/startlist,
/api/v1/events/1221/result/255,1221,full_results_url,"IFSC Europe - Continental Youth Championships (B,S,L) - Perm (RUS)",BOULDER Youth A Female,finished,2025-10-02 07:18:35 UTC,2026-04-22 09:05:22 UTC,,6446,boulder,Final,Youth A Female,finished,2021-05-05 13:26:57 UTC,/api/v1/category_rounds/6446/results,boulder_one_group_one_boulder_set,IFSC: 1 group,21,,,,,,,4791,3,/api/v1/routes/4791/startlist,
/api/v1/events/1221/result/255,1221,full_results_url,"IFSC Europe - Continental Youth Championships (B,S,L) - Perm (RUS)",BOULDER Youth A Female,finished,2025-10-02 07:18:35 UTC,2026-04-22 09:05:22 UTC,,6446,boulder,Final,Youth A Female,finished,2021-05-05 13:26:57 UTC,/api/v1/category_rounds/6446/results,boulder_one_group_one_boulder_set,IFSC: 1 group,21,,,,,,,4792,4,/api/v1/routes/4792/startlist,
/api/v1/events/1221/result/259,1221,full_results_url,"IFSC Europe - Continental Youth Championships (B,S,L) - Perm (RUS)",BOULDER Youth B Female,finished,2025-10-02 07:18:35 UTC,2026-04-22 09:05:26 UTC,,6369,boulder,Qualification,Youth B Female,finished,2021-05-01 13:05:04 UTC,/api/v1/category_rounds/6369/results,boulder_one_group_one_boulder_set,IFSC: 1 group,19,,,,,,,1900,1,/api/v1/routes/1900/startlist,
/api/v1/events/1221/result/259,1221,full_results_url,"IFSC Europe - Continental Youth Championships (B,S,L) - Perm (RUS)",BOULDER Youth B Female,finished,2025-10-02 07:18:35 UTC,2026-04-22 09:05:26 UTC,,6369,boulder,Qualification,Youth B Female,finished,2021-05-01 13:05:04 UTC,/api/v1/category_rounds/6369/results,boulder_one_group_one_boulder_set,IFSC: 1 group,19,,,,,,,1901,2,/api/v1/routes/1901/startlist,
/api/v1/events/1221/result/259,1221,full_results_url,"IFSC Europe - Continental Youth Championships (B,S,L) - Perm (RUS)",BOULDER Youth B Female,finished,2025-10-02 07:18:35 UTC,2026-04-22 09:05:26 UTC,,6369,boulder,Qualification,Youth B Female,finished,2021-05-01 13:05:04 UTC,/api/v1/category_rounds/6369/results,boulder_one_group_one_boulder_set,IFSC: 1 group,19,,,,,,,1902,3,/api/v1/routes/1902/startlist,
/api/v1/events/1221/result/259,1221,full_results_url,"IFSC Europe - Continental Youth Championships (B,S,L) - Perm (RUS)",BOULDER Youth B Female,finished,2025-10-02 07:18:35 UTC,2026-04-22 09:05:26 UTC,,6369,boulder,Qualification,Youth B Female,finished,2021-05-01 13:05:04 UTC,/api/v1/category_rounds/6369/results,boulder_one_group_one_boulder_set,IFSC: 1 group,19,,,,,,,1903,4,/api/v1/routes/1903/startlist,
/api/v1/events/1221/result/259,1221,full_results_url,"IFSC Europe - Continental Youth Championships (B,S,L) - Perm (RUS)",BOULDER Youth B Female,finished,2025-10-02 07:18:35 UTC,2026-04-22 09:05:26 UTC,,6369,boulder,Qualification,Youth B Female,finished,2021-05-01 13:05:04 UTC,/api/v1/category_rounds/6369/results,boulder_one_group_one_boulder_set,IFSC: 1 group,19,,,,,,,1904,5,/api/v1/routes/1904/startlist,
/api/v1/events/1221/result/259,1221,full_results_url,"IFSC Europe - Continental Youth Championships (B,S,L) - Perm (RUS)",BOULDER Youth B Female,finished,2025-10-02 07:18:35 UTC,2026-04-22 09:05:26 UTC,,6444,boulder,Semi-Final,Youth B Female,finished,2021-05-02 08:20:21 UTC,/api/v1/category_rounds/6444/results,boulder_one_group_one_boulder_set,IFSC: 1 group,20,,,,,,,4781,1,/api/v1/routes/4781/startlist,
/api/v1/events/1221/result/259,1221,full_results_url,"IFSC Europe - Continental Youth Championships (B,S,L) - Perm (RUS)",BOULDER Youth B Female,finished,2025-10-02 07:18:35 UTC,2026-04-22 09:05:26 UTC,,6444,boulder,Semi-Final,Youth B Female,finished,2021-05-02 08:20:21 UTC,/api/v1/category_rounds/6444/results,boulder_one_group_one_boulder_set,IFSC: 1 group,20,,,,,,,4782,2,/api/v1/routes/4782/startlist,
/api/v1/events/1221/result/259,1221,full_results_url,"IFSC Europe - Continental Youth Championships (B,S,L) - Perm (RUS)",BOULDER Youth B Female,finished,2025-10-02 07:18:35 UTC,2026-04-22 09:05:26 UTC,,6444,boulder,Semi-Final,Youth B Female,finished,2021-05-02 08:20:21 UTC,/api/v1/category_rounds/6444/results,boulder_one_group_one_boulder_set,IFSC: 1 group,20,,,,,,,4783,3,/api/v1/routes/4783/startlist,
/api/v1/events/1221/result/259,1221,full_results_url,"IFSC Europe - Continental Youth Championships (B,S,L) - Perm (RUS)",BOULDER Youth B Female,finished,2025-10-02 07:18:35 UTC,2026-04-22 09:05:26 UTC,,6444,boulder,Semi-Final,Youth B Female,finished,2021-05-02 08:20:21 UTC,/api/v1/category_rounds/6444/results,boulder_one_group_one_boulder_set,IFSC: 1 group,20,,,,,,,4784,4,/api/v1/routes/4784/startlist,
/api/v1/events/1221/result/259,1221,full_results_url,"IFSC Europe - Continental Youth Championships (B,S,L) - Perm (RUS)",BOULDER Youth B Female,finished,2025-10-02 07:18:35 UTC,2026-04-22 09:05:26 UTC,,6447,boulder,Final,Youth B Female,finished,2021-05-02 13:28:00 UTC,/api/v1/category_rounds/6447/results,boulder_one_group_one_boulder_set,IFSC: 1 group,21,,,,,,,4793,1,/api/v1/routes/4793/startlist,
/api/v1/events/1221/result/259,1221,full_results_url,"IFSC Europe - Continental Youth Championships (B,S,L) - Perm (RUS)",BOULDER Youth B Female,finished,2025-10-02 07:18:35 UTC,2026-04-22 09:05:26 UTC,,6447,boulder,Final,Youth B Female,finished,2021-05-02 13:28:00 UTC,/api/v1/category_rounds/6447/results,boulder_one_group_one_boulder_set,IFSC: 1 group,21,,,,,,,4794,2,/api/v1/routes/4794/startlist,
/api/v1/events/1221/result/259,1221,full_results_url,"IFSC Europe - Continental Youth Championships (B,S,L) - Perm (RUS)",BOULDER Youth B Female,finished,2025-10-02 07:18:35 UTC,2026-04-22 09:05:26 UTC,,6447,boulder,Final,Youth B Female,finished,2021-05-02 13:28:00 UTC,/api/v1/category_rounds/6447/results,boulder_one_group_one_boulder_set,IFSC: 1 group,21,,,,,,,4795,3,/api/v1/routes/4795/startlist,
/api/v1/events/1221/result/259,1221,full_results_url,"IFSC Europe - Continental Youth Championships (B,S,L) - Perm (RUS)",BOULDER Youth B Female,finished,2025-10-02 07:18:35 UTC,2026-04-22 09:05:26 UTC,,6447,boulder,Final,Youth B Female,finished,2021-05-02 13:28:00 UTC,/api/v1/category_rounds/6447/results,boulder_one_group_one_boulder_set,IFSC: 1 group,21,,,,,,,4796,4,/api/v1/routes/4796/startlist,
/api/v1/events/1213/result/235,1213,full_results_url,IFSC Europe - Continental Youth Cup (B) - Graz (AUT) 2021,BOULDER Juniors Male,finished,2025-10-02 07:18:34 UTC,2026-04-22 09:05:48 UTC,,6286,boulder,Qualification,Juniors Male,finished,2021-05-16 14:35:29 UTC,/api/v1/category_rounds/6286/results,boulder_one_group_one_boulder_set,IFSC: 1 group,19,,,,,,,1701,1,/api/v1/routes/1701/startlist,
/api/v1/events/1213/result/235,1213,full_results_url,IFSC Europe - Continental Youth Cup (B) - Graz (AUT) 2021,BOULDER Juniors Male,finished,2025-10-02 07:18:34 UTC,2026-04-22 09:05:48 UTC,,6286,boulder,Qualification,Juniors Male,finished,2021-05-16 14:35:29 UTC,/api/v1/category_rounds/6286/results,boulder_one_group_one_boulder_set,IFSC: 1 group,19,,,,,,,1702,2,/api/v1/routes/1702/startlist,
/api/v1/events/1213/result/235,1213,full_results_url,IFSC Europe - Continental Youth Cup (B) - Graz (AUT) 2021,BOULDER Juniors Male,finished,2025-10-02 07:18:34 UTC,2026-04-22 09:05:48 UTC,,6286,boulder,Qualification,Juniors Male,finished,2021-05-16 14:35:29 UTC,/api/v1/category_rounds/6286/results,boulder_one_group_one_boulder_set,IFSC: 1 group,19,,,,,,,1703,3,/api/v1/routes/1703/startlist,
/api/v1/events/1213/result/235,1213,full_results_url,IFSC Europe - Continental Youth Cup (B) - Graz (AUT) 2021,BOULDER Juniors Male,finished,2025-10-02 07:18:34 UTC,2026-04-22 09:05:48 UTC,,6286,boulder,Qualification,Juniors Male,finished,2021-05-16 14:35:29 UTC,/api/v1/category_rounds/6286/results,boulder_one_group_one_boulder_set,IFSC: 1 group,19,,,,,,,1704,4,/api/v1/routes/1704/startlist,
/api/v1/events/1213/result/235,1213,full_results_url,IFSC Europe - Continental Youth Cup (B) - Graz (AUT) 2021,BOULDER Juniors Male,finished,2025-10-02 07:18:34 UTC,2026-04-22 09:05:48 UTC,,6286,boulder,Qualification,Juniors Male,finished,2021-05-16 14:35:29 UTC,/api/v1/category_rounds/6286/results,boulder_one_group_one_boulder_set,IFSC: 1 group,19,,,,,,,1705,5,/api/v1/routes/1705/startlist,
/api/v1/events/1213/result/235,1213,full_results_url,IFSC Europe - Continental Youth Cup (B) - Graz (AUT) 2021,BOULDER Juniors Male,finished,2025-10-02 07:18:34 UTC,2026-04-22 09:05:48 UTC,,6448,boulder,Final,Juniors Male,finished,2021-05-16 17:54:24 UTC,/api/v1/category_rounds/6448/results,boulder_one_group_one_boulder_set,IFSC: 1 group,21,,,,,,,4797,1,/api/v1/routes/4797/startlist,
/api/v1/events/1213/result/235,1213,full_results_url,IFSC Europe - Continental Youth Cup (B) - Graz (AUT) 2021,BOULDER Juniors Male,finished,2025-10-02 07:18:34 UTC,2026-04-22 09:05:48 UTC,,6448,boulder,Final,Juniors Male,finished,2021-05-16 17:54:24 UTC,/api/v1/category_rounds/6448/results,boulder_one_group_one_boulder_set,IFSC: 1 group,21,,,,,,,4798,2,/api/v1/routes/4798/startlist,
/api/v1/events/1213/result/235,1213,full_results_url,IFSC Europe - Continental Youth Cup (B) - Graz (AUT) 2021,BOULDER Juniors Male,finished,2025-10-02 07:18:34 UTC,2026-04-22 09:05:48 UTC,,6448,boulder,Final,Juniors Male,finished,2021-05-16 17:54:24 UTC,/api/v1/category_rounds/6448/results,boulder_one_group_one_boulder_set,IFSC: 1 group,21,,,,,,,4799,3,/api/v1/routes/4799/startlist,
/api/v1/events/1213/result/235,1213,full_results_url,IFSC Europe - Continental Youth Cup (B) - Graz (AUT) 2021,BOULDER Juniors Male,finished,2025-10-02 07:18:34 UTC,2026-04-22 09:05:48 UTC,,6448,boulder,Final,Juniors Male,finished,2021-05-16 17:54:24 UTC,/api/v1/category_rounds/6448/results,boulder_one_group_one_boulder_set,IFSC: 1 group,21,,,,,,,4800,4,/api/v1/routes/4800/startlist,
/api/v1/events/1213/result/239,1213,full_results_url,IFSC Europe - Continental Youth Cup (B) - Graz (AUT) 2021,BOULDER Youth A Male,finished,2025-10-02 07:18:34 UTC,2026-04-22 09:05:52 UTC,,6287,boulder,Qualification,Youth A Male,finished,2021-05-16 10:42:37 UTC,/api/v1/category_rounds/6287/results,boulder_one_group_one_boulder_set,IFSC: 1 group,19,,,,,,,1706,1,/api/v1/routes/1706/startlist,
/api/v1/events/1213/result/239,1213,full_results_url,IFSC Europe - Continental Youth Cup (B) - Graz (AUT) 2021,BOULDER Youth A Male,finished,2025-10-02 07:18:34 UTC,2026-04-22 09:05:52 UTC,,6287,boulder,Qualification,Youth A Male,finished,2021-05-16 10:42:37 UTC,/api/v1/category_rounds/6287/results,boulder_one_group_one_boulder_set,IFSC: 1 group,19,,,,,,,1707,2,/api/v1/routes/1707/startlist,
/api/v1/events/1213/result/239,1213,full_results_url,IFSC Europe - Continental Youth Cup (B) - Graz (AUT) 2021,BOULDER Youth A Male,finished,2025-10-02 07:18:34 UTC,2026-04-22 09:05:52 UTC,,6287,boulder,Qualification,Youth A Male,finished,2021-05-16 10:42:37 UTC,/api/v1/category_rounds/6287/results,boulder_one_group_one_boulder_set,IFSC: 1 group,19,,,,,,,1708,3,/api/v1/routes/1708/startlist,
/api/v1/events/1213/result/239,1213,full_results_url,IFSC Europe - Continental Youth Cup (B) - Graz (AUT) 2021,BOULDER Youth A Male,finished,2025-10-02 07:18:34 UTC,2026-04-22 09:05:52 UTC,,6287,boulder,Qualification,Youth A Male,finished,2021-05-16 10:42:37 UTC,/api/v1/category_rounds/6287/results,boulder_one_group_one_boulder_set,IFSC: 1 group,19,,,,,,,1709,4,/api/v1/routes/1709/startlist,
/api/v1/events/1213/result/239,1213,full_results_url,IFSC Europe - Continental Youth Cup (B) - Graz (AUT) 2021,BOULDER Youth A Male,finished,2025-10-02 07:18:34 UTC,2026-04-22 09:05:52 UTC,,6287,boulder,Qualification,Youth A Male,finished,2021-05-16 10:42:37 UTC,/api/v1/category_rounds/6287/results,boulder_one_group_one_boulder_set,IFSC: 1 group,19,,,,,,,1710,5,/api/v1/routes/1710/startlist,
/api/v1/events/1213/result/239,1213,full_results_url,IFSC Europe - Continental Youth Cup (B) - Graz (AUT) 2021,BOULDER Youth A Male,finished,2025-10-02 07:18:34 UTC,2026-04-22 09:05:52 UTC,,6449,boulder,Final,Youth A Male,finished,2021-05-16 17:53:34 UTC,/api/v1/category_rounds/6449/results,boulder_one_group_one_boulder_set,IFSC: 1 group,21,,,,,,,4801,1,/api/v1/routes/4801/startlist,
/api/v1/events/1213/result/239,1213,full_results_url,IFSC Europe - Continental Youth Cup (B) - Graz (AUT) 2021,BOULDER Youth A Male,finished,2025-10-02 07:18:34 UTC,2026-04-22 09:05:52 UTC,,6449,boulder,Final,Youth A Male,finished,2021-05-16 17:53:34 UTC,/api/v1/category_rounds/6449/results,boulder_one_group_one_boulder_set,IFSC: 1 group,21,,,,,,,4802,2,/api/v1/routes/4802/startlist,
/api/v1/events/1213/result/239,1213,full_results_url,IFSC Europe - Continental Youth Cup (B) - Graz (AUT) 2021,BOULDER Youth A Male,finished,2025-10-02 07:18:34 UTC,2026-04-22 09:05:52 UTC,,6449,boulder,Final,Youth A Male,finished,2021-05-16 17:53:34 UTC,/api/v1/category_rounds/6449/results,boulder_one_group_one_boulder_set,IFSC: 1 group,21,,,,,,,4803,3,/api/v1/routes/4803/startlist,
/api/v1/events/1213/result/239,1213,full_results_url,IFSC Europe - Continental Youth Cup (B) - Graz (AUT) 2021,BOULDER Youth A Male,finished,2025-10-02 07:18:34 UTC,2026-04-22 09:05:52 UTC,,6449,boulder,Final,Youth A Male,finished,2021-05-16 17:53:34 UTC,/api/v1/category_rounds/6449/results,boulder_one_group_one_boulder_set,IFSC: 1 group,21,,,,,,,4804,4,/api/v1/routes/4804/startlist,
/api/v1/events/1213/result/243,1213,full_results_url,IFSC Europe - Continental Youth Cup (B) - Graz (AUT) 2021,BOULDER Youth B Male,finished,2025-10-02 07:18:34 UTC,2026-04-22 09:05:56 UTC,,6288,boulder,Qualification,Youth B Male,finished,2021-05-14 18:07:23 UTC,/api/v1/category_rounds/6288/results,boulder_one_group_one_boulder_set,IFSC: 1 group,19,,,,,,,1711,1,/api/v1/routes/1711/startlist,
/api/v1/events/1213/result/243,1213,full_results_url,IFSC Europe - Continental Youth Cup (B) - Graz (AUT) 2021,BOULDER Youth B Male,finished,2025-10-02 07:18:34 UTC,2026-04-22 09:05:56 UTC,,6288,boulder,Qualification,Youth B Male,finished,2021-05-14 18:07:23 UTC,/api/v1/category_rounds/6288/results,boulder_one_group_one_boulder_set,IFSC: 1 group,19,,,,,,,1712,2,/api/v1/routes/1712/startlist,
/api/v1/events/1213/result/243,1213,full_results_url,IFSC Europe - Continental Youth Cup (B) - Graz (AUT) 2021,BOULDER Youth B Male,finished,2025-10-02 07:18:34 UTC,2026-04-22 09:05:56 UTC,,6288,boulder,Qualification,Youth B Male,finished,2021-05-14 18:07:23 UTC,/api/v1/category_rounds/6288/results,boulder_one_group_one_boulder_set,IFSC: 1 group,19,,,,,,,1713,3,/api/v1/routes/1713/startlist,
/api/v1/events/1213/result/243,1213,full_results_url,IFSC Europe - Continental Youth Cup (B) - Graz (AUT) 2021,BOULDER Youth B Male,finished,2025-10-02 07:18:34 UTC,2026-04-22 09:05:56 UTC,,6288,boulder,Qualification,Youth B Male,finished,2021-05-14 18:07:23 UTC,/api/v1/category_rounds/6288/results,boulder_one_group_one_boulder_set,IFSC: 1 group,19,,,,,,,1714,4,/api/v1/routes/1714/startlist,
/api/v1/events/1213/result/243,1213,full_results_url,IFSC Europe - Continental Youth Cup (B) - Graz (AUT) 2021,BOULDER Youth B Male,finished,2025-10-02 07:18:34 UTC,2026-04-22 09:05:56 UTC,,6288,boulder,Qualification,Youth B Male,finished,2021-05-14 18:07:23 UTC,/api/v1/category_rounds/6288/results,boulder_one_group_one_boulder_set,IFSC: 1 group,19,,,,,,,1715,5,/api/v1/routes/1715/startlist,
/api/v1/events/1213/result/243,1213,full_results_url,IFSC Europe - Continental Youth Cup (B) - Graz (AUT) 2021,BOULDER Youth B Male,finished,2025-10-02 07:18:34 UTC,2026-04-22 09:05:56 UTC,,6450,boulder,Final,Youth B Male,finished,2021-05-15 16:31:22 UTC,/api/v1/category_rounds/6450/results,boulder_one_group_one_boulder_set,IFSC: 1 group,21,,,,,,,4805,1,/api/v1/routes/4805/startlist,
/api/v1/events/1213/result/243,1213,full_results_url,IFSC Europe - Continental Youth Cup (B) - Graz (AUT) 2021,BOULDER Youth B Male,finished,2025-10-02 07:18:34 UTC,2026-04-22 09:05:56 UTC,,6450,boulder,Final,Youth B Male,finished,2021-05-15 16:31:22 UTC,/api/v1/category_rounds/6450/results,boulder_one_group_one_boulder_set,IFSC: 1 group,21,,,,,,,4806,2,/api/v1/routes/4806/startlist,
/api/v1/events/1213/result/243,1213,full_results_url,IFSC Europe - Continental Youth Cup (B) - Graz (AUT) 2021,BOULDER Youth B Male,finished,2025-10-02 07:18:34 UTC,2026-04-22 09:05:56 UTC,,6450,boulder,Final,Youth B Male,finished,2021-05-15 16:31:22 UTC,/api/v1/category_rounds/6450/results,boulder_one_group_one_boulder_set,IFSC: 1 group,21,,,,,,,4807,3,/api/v1/routes/4807/startlist,
/api/v1/events/1213/result/243,1213,full_results_url,IFSC Europe - Continental Youth Cup (B) - Graz (AUT) 2021,BOULDER Youth B Male,finished,2025-10-02 07:18:34 UTC,2026-04-22 09:05:56 UTC,,6450,boulder,Final,Youth B Male,finished,2021-05-15 16:31:22 UTC,/api/v1/category_rounds/6450/results,boulder_one_group_one_boulder_set,IFSC: 1 group,21,,,,,,,4808,4,/api/v1/routes/4808/startlist,
/api/v1/events/1213/result/251,1213,full_results_url,IFSC Europe - Continental Youth Cup (B) - Graz (AUT) 2021,BOULDER Juniors Female,finished,2025-10-02 07:18:34 UTC,2026-04-22 09:06:00 UTC,,6289,boulder,Qualification,Juniors Female,finished,2021-05-15 12:31:17 UTC,/api/v1/category_rounds/6289/results,boulder_one_group_one_boulder_set,IFSC: 1 group,19,,,,,,,1716,1,/api/v1/routes/1716/startlist,
/api/v1/events/1213/result/251,1213,full_results_url,IFSC Europe - Continental Youth Cup (B) - Graz (AUT) 2021,BOULDER Juniors Female,finished,2025-10-02 07:18:34 UTC,2026-04-22 09:06:00 UTC,,6289,boulder,Qualification,Juniors Female,finished,2021-05-15 12:31:17 UTC,/api/v1/category_rounds/6289/results,boulder_one_group_one_boulder_set,IFSC: 1 group,19,,,,,,,1717,2,/api/v1/routes/1717/startlist,
/api/v1/events/1213/result/251,1213,full_results_url,IFSC Europe - Continental Youth Cup (B) - Graz (AUT) 2021,BOULDER Juniors Female,finished,2025-10-02 07:18:34 UTC,2026-04-22 09:06:00 UTC,,6289,boulder,Qualification,Juniors Female,finished,2021-05-15 12:31:17 UTC,/api/v1/category_rounds/6289/results,boulder_one_group_one_boulder_set,IFSC: 1 group,19,,,,,,,1718,3,/api/v1/routes/1718/startlist,
/api/v1/events/1213/result/251,1213,full_results_url,IFSC Europe - Continental Youth Cup (B) - Graz (AUT) 2021,BOULDER Juniors Female,finished,2025-10-02 07:18:34 UTC,2026-04-22 09:06:00 UTC,,6289,boulder,Qualification,Juniors Female,finished,2021-05-15 12:31:17 UTC,/api/v1/category_rounds/6289/results,boulder_one_group_one_boulder_set,IFSC: 1 group,19,,,,,,,1719,4,/api/v1/routes/1719/startlist,
/api/v1/events/1213/result/251,1213,full_results_url,IFSC Europe - Continental Youth Cup (B) - Graz (AUT) 2021,BOULDER Juniors Female,finished,2025-10-02 07:18:34 UTC,2026-04-22 09:06:00 UTC,,6289,boulder,Qualification,Juniors Female,finished,2021-05-15 12:31:17 UTC,/api/v1/category_rounds/6289/results,boulder_one_group_one_boulder_set,IFSC: 1 group,19,,,,,,,1720,5,/api/v1/routes/1720/startlist,
/api/v1/events/1213/result/251,1213,full_results_url,IFSC Europe - Continental Youth Cup (B) - Graz (AUT) 2021,BOULDER Juniors Female,finished,2025-10-02 07:18:34 UTC,2026-04-22 09:06:00 UTC,,6451,boulder,Final,Juniors Female,finished,2021-05-15 18:25:12 UTC,/api/v1/category_rounds/6451/results,boulder_one_group_one_boulder_set,IFSC: 1 group,21,,,,,,,4809,1,/api/v1/routes/4809/startlist,
/api/v1/events/1213/result/251,1213,full_results_url,IFSC Europe - Continental Youth Cup (B) - Graz (AUT) 2021,BOULDER Juniors Female,finished,2025-10-02 07:18:34 UTC,2026-04-22 09:06:00 UTC,,6451,boulder,Final,Juniors Female,finished,2021-05-15 18:25:12 UTC,/api/v1/category_rounds/6451/results,boulder_one_group_one_boulder_set,IFSC: 1 group,21,,,,,,,4810,2,/api/v1/routes/4810/startlist,
/api/v1/events/1213/result/251,1213,full_results_url,IFSC Europe - Continental Youth Cup (B) - Graz (AUT) 2021,BOULDER Juniors Female,finished,2025-10-02 07:18:34 UTC,2026-04-22 09:06:00 UTC,,6451,boulder,Final,Juniors Female,finished,2021-05-15 18:25:12 UTC,/api/v1/category_rounds/6451/results,boulder_one_group_one_boulder_set,IFSC: 1 group,21,,,,,,,4811,3,/api/v1/routes/4811/startlist,
/api/v1/events/1213/result/251,1213,full_results_url,IFSC Europe - Continental Youth Cup (B) - Graz (AUT) 2021,BOULDER Juniors Female,finished,2025-10-02 07:18:34 UTC,2026-04-22 09:06:00 UTC,,6451,boulder,Final,Juniors Female,finished,2021-05-15 18:25:12 UTC,/api/v1/category_rounds/6451/results,boulder_one_group_one_boulder_set,IFSC: 1 group,21,,,,,,,4812,4,/api/v1/routes/4812/startlist,
/api/v1/events/1213/result/255,1213,full_results_url,IFSC Europe - Continental Youth Cup (B) - Graz (AUT) 2021,BOULDER Youth A Female,finished,2025-10-02 07:18:34 UTC,2026-04-22 09:06:04 UTC,,6290,boulder,Qualification,Youth A Female,finished,2021-05-15 09:58:22 UTC,/api/v1/category_rounds/6290/results,boulder_one_group_one_boulder_set,IFSC: 1 group,19,,,,,,,1721,1,/api/v1/routes/1721/startlist,
/api/v1/events/1213/result/255,1213,full_results_url,IFSC Europe - Continental Youth Cup (B) - Graz (AUT) 2021,BOULDER Youth A Female,finished,2025-10-02 07:18:34 UTC,2026-04-22 09:06:04 UTC,,6290,boulder,Qualification,Youth A Female,finished,2021-05-15 09:58:22 UTC,/api/v1/category_rounds/6290/results,boulder_one_group_one_boulder_set,IFSC: 1 group,19,,,,,,,1722,2,/api/v1/routes/1722/startlist,
/api/v1/events/1213/result/255,1213,full_results_url,IFSC Europe - Continental Youth Cup (B) - Graz (AUT) 2021,BOULDER Youth A Female,finished,2025-10-02 07:18:34 UTC,2026-04-22 09:06:04 UTC,,6290,boulder,Qualification,Youth A Female,finished,2021-05-15 09:58:22 UTC,/api/v1/category_rounds/6290/results,boulder_one_group_one_boulder_set,IFSC: 1 group,19,,,,,,,1723,3,/api/v1/routes/1723/startlist,
/api/v1/events/1213/result/255,1213,full_results_url,IFSC Europe - Continental Youth Cup (B) - Graz (AUT) 2021,BOULDER Youth A Female,finished,2025-10-02 07:18:34 UTC,2026-04-22 09:06:04 UTC,,6290,boulder,Qualification,Youth A Female,finished,2021-05-15 09:58:22 UTC,/api/v1/category_rounds/6290/results,boulder_one_group_one_boulder_set,IFSC: 1 group,19,,,,,,,1724,4,/api/v1/routes/1724/startlist,
/api/v1/events/1213/result/255,1213,full_results_url,IFSC Europe - Continental Youth Cup (B) - Graz (AUT) 2021,BOULDER Youth A Female,finished,2025-10-02 07:18:34 UTC,2026-04-22 09:06:04 UTC,,6290,boulder,Qualification,Youth A Female,finished,2021-05-15 09:58:22 UTC,/api/v1/category_rounds/6290/results,boulder_one_group_one_boulder_set,IFSC: 1 group,19,,,,,,,1725,5,/api/v1/routes/1725/startlist,
/api/v1/events/1213/result/255,1213,full_results_url,IFSC Europe - Continental Youth Cup (B) - Graz (AUT) 2021,BOULDER Youth A Female,finished,2025-10-02 07:18:34 UTC,2026-04-22 09:06:04 UTC,,6452,boulder,Final,Youth A Female,finished,2021-05-15 18:25:04 UTC,/api/v1/category_rounds/6452/results,boulder_one_group_one_boulder_set,IFSC: 1 group,21,,,,,,,4813,1,/api/v1/routes/4813/startlist,
/api/v1/events/1213/result/255,1213,full_results_url,IFSC Europe - Continental Youth Cup (B) - Graz (AUT) 2021,BOULDER Youth A Female,finished,2025-10-02 07:18:34 UTC,2026-04-22 09:06:04 UTC,,6452,boulder,Final,Youth A Female,finished,2021-05-15 18:25:04 UTC,/api/v1/category_rounds/6452/results,boulder_one_group_one_boulder_set,IFSC: 1 group,21,,,,,,,4814,2,/api/v1/routes/4814/startlist,
/api/v1/events/1213/result/255,1213,full_results_url,IFSC Europe - Continental Youth Cup (B) - Graz (AUT) 2021,BOULDER Youth A Female,finished,2025-10-02 07:18:34 UTC,2026-04-22 09:06:04 UTC,,6452,boulder,Final,Youth A Female,finished,2021-05-15 18:25:04 UTC,/api/v1/category_rounds/6452/results,boulder_one_group_one_boulder_set,IFSC: 1 group,21,,,,,,,4815,3,/api/v1/routes/4815/startlist,
/api/v1/events/1213/result/255,1213,full_results_url,IFSC Europe - Continental Youth Cup (B) - Graz (AUT) 2021,BOULDER Youth A Female,finished,2025-10-02 07:18:34 UTC,2026-04-22 09:06:04 UTC,,6452,boulder,Final,Youth A Female,finished,2021-05-15 18:25:04 UTC,/api/v1/category_rounds/6452/results,boulder_one_group_one_boulder_set,IFSC: 1 group,21,,,,,,,4816,4,/api/v1/routes/4816/startlist,
/api/v1/events/1213/result/259,1213,full_results_url,IFSC Europe - Continental Youth Cup (B) - Graz (AUT) 2021,BOULDER Youth B Female,finished,2025-10-02 07:18:34 UTC,2026-04-22 09:06:07 UTC,,6291,boulder,Qualification,Youth B Female,finished,2021-05-14 14:52:16 UTC,/api/v1/category_rounds/6291/results,boulder_one_group_one_boulder_set,IFSC: 1 group,19,,,,,,,1726,1,/api/v1/routes/1726/startlist,
/api/v1/events/1213/result/259,1213,full_results_url,IFSC Europe - Continental Youth Cup (B) - Graz (AUT) 2021,BOULDER Youth B Female,finished,2025-10-02 07:18:34 UTC,2026-04-22 09:06:07 UTC,,6291,boulder,Qualification,Youth B Female,finished,2021-05-14 14:52:16 UTC,/api/v1/category_rounds/6291/results,boulder_one_group_one_boulder_set,IFSC: 1 group,19,,,,,,,1727,2,/api/v1/routes/1727/startlist,
/api/v1/events/1213/result/259,1213,full_results_url,IFSC Europe - Continental Youth Cup (B) - Graz (AUT) 2021,BOULDER Youth B Female,finished,2025-10-02 07:18:34 UTC,2026-04-22 09:06:07 UTC,,6291,boulder,Qualification,Youth B Female,finished,2021-05-14 14:52:16 UTC,/api/v1/category_rounds/6291/results,boulder_one_group_one_boulder_set,IFSC: 1 group,19,,,,,,,1728,3,/api/v1/routes/1728/startlist,
/api/v1/events/1213/result/259,1213,full_results_url,IFSC Europe - Continental Youth Cup (B) - Graz (AUT) 2021,BOULDER Youth B Female,finished,2025-10-02 07:18:34 UTC,2026-04-22 09:06:07 UTC,,6291,boulder,Qualification,Youth B Female,finished,2021-05-14 14:52:16 UTC,/api/v1/category_rounds/6291/results,boulder_one_group_one_boulder_set,IFSC: 1 group,19,,,,,,,1729,4,/api/v1/routes/1729/startlist,
/api/v1/events/1213/result/259,1213,full_results_url,IFSC Europe - Continental Youth Cup (B) - Graz (AUT) 2021,BOULDER Youth B Female,finished,2025-10-02 07:18:34 UTC,2026-04-22 09:06:07 UTC,,6291,boulder,Qualification,Youth B Female,finished,2021-05-14 14:52:16 UTC,/api/v1/category_rounds/6291/results,boulder_one_group_one_boulder_set,IFSC: 1 group,19,,,,,,,1730,5,/api/v1/routes/1730/startlist,
/api/v1/events/1213/result/259,1213,full_results_url,IFSC Europe - Continental Youth Cup (B) - Graz (AUT) 2021,BOULDER Youth B Female,finished,2025-10-02 07:18:34 UTC,2026-04-22 09:06:07 UTC,,6453,boulder,Final,Youth B Female,finished,2021-05-15 16:30:13 UTC,/api/v1/category_rounds/6453/results,boulder_one_group_one_boulder_set,IFSC: 1 group,21,,,,,,,4817,1,/api/v1/routes/4817/startlist,
/api/v1/events/1213/result/259,1213,full_results_url,IFSC Europe - Continental Youth Cup (B) - Graz (AUT) 2021,BOULDER Youth B Female,finished,2025-10-02 07:18:34 UTC,2026-04-22 09:06:07 UTC,,6453,boulder,Final,Youth B Female,finished,2021-05-15 16:30:13 UTC,/api/v1/category_rounds/6453/results,boulder_one_group_one_boulder_set,IFSC: 1 group,21,,,,,,,4818,2,/api/v1/routes/4818/startlist,
/api/v1/events/1213/result/259,1213,full_results_url,IFSC Europe - Continental Youth Cup (B) - Graz (AUT) 2021,BOULDER Youth B Female,finished,2025-10-02 07:18:34 UTC,2026-04-22 09:06:07 UTC,,6453,boulder,Final,Youth B Female,finished,2021-05-15 16:30:13 UTC,/api/v1/category_rounds/6453/results,boulder_one_group_one_boulder_set,IFSC: 1 group,21,,,,,,,4819,3,/api/v1/routes/4819/startlist,
/api/v1/events/1213/result/259,1213,full_results_url,IFSC Europe - Continental Youth Cup (B) - Graz (AUT) 2021,BOULDER Youth B Female,finished,2025-10-02 07:18:34 UTC,2026-04-22 09:06:07 UTC,,6453,boulder,Final,Youth B Female,finished,2021-05-15 16:30:13 UTC,/api/v1/category_rounds/6453/results,boulder_one_group_one_boulder_set,IFSC: 1 group,21,,,,,,,4820,4,/api/v1/routes/4820/startlist,
/api/v1/events/1190/result/3,1190,full_results_url,IFSC - Climbing World Cup (B) - Salt Lake City (USA) 2021,BOULDER Men,finished,2025-10-02 07:18:34 UTC,2026-04-22 09:06:11 UTC,,6174,boulder,Qualification,Men,finished,2021-05-22 02:55:01 UTC,/api/v1/category_rounds/6174/results,boulder_one_group_one_boulder_set,IFSC: 1 group,1,,,,,,,4821,1,/api/v1/routes/4821/startlist,
/api/v1/events/1190/result/3,1190,full_results_url,IFSC - Climbing World Cup (B) - Salt Lake City (USA) 2021,BOULDER Men,finished,2025-10-02 07:18:34 UTC,2026-04-22 09:06:11 UTC,,6174,boulder,Qualification,Men,finished,2021-05-22 02:55:01 UTC,/api/v1/category_rounds/6174/results,boulder_one_group_one_boulder_set,IFSC: 1 group,1,,,,,,,4822,2,/api/v1/routes/4822/startlist,
/api/v1/events/1190/result/3,1190,full_results_url,IFSC - Climbing World Cup (B) - Salt Lake City (USA) 2021,BOULDER Men,finished,2025-10-02 07:18:34 UTC,2026-04-22 09:06:11 UTC,,6174,boulder,Qualification,Men,finished,2021-05-22 02:55:01 UTC,/api/v1/category_rounds/6174/results,boulder_one_group_one_boulder_set,IFSC: 1 group,1,,,,,,,4823,3,/api/v1/routes/4823/startlist,
/api/v1/events/1190/result/3,1190,full_results_url,IFSC - Climbing World Cup (B) - Salt Lake City (USA) 2021,BOULDER Men,finished,2025-10-02 07:18:34 UTC,2026-04-22 09:06:11 UTC,,6174,boulder,Qualification,Men,finished,2021-05-22 02:55:01 UTC,/api/v1/category_rounds/6174/results,boulder_one_group_one_boulder_set,IFSC: 1 group,1,,,,,,,4824,4,/api/v1/routes/4824/startlist,
/api/v1/events/1190/result/3,1190,full_results_url,IFSC - Climbing World Cup (B) - Salt Lake City (USA) 2021,BOULDER Men,finished,2025-10-02 07:18:34 UTC,2026-04-22 09:06:11 UTC,,6174,boulder,Qualification,Men,finished,2021-05-22 02:55:01 UTC,/api/v1/category_rounds/6174/results,boulder_one_group_one_boulder_set,IFSC: 1 group,1,,,,,,,4825,5,/api/v1/routes/4825/startlist,
/api/v1/events/1190/result/3,1190,full_results_url,IFSC - Climbing World Cup (B) - Salt Lake City (USA) 2021,BOULDER Men,finished,2025-10-02 07:18:34 UTC,2026-04-22 09:06:11 UTC,,6454,boulder,Semi-Final,Men,finished,2021-05-22 19:23:20 UTC,/api/v1/category_rounds/6454/results,boulder_one_group_one_boulder_set,IFSC: 1 group,2,,,,,,,4831,M1,/api/v1/routes/4831/startlist,
/api/v1/events/1190/result/3,1190,full_results_url,IFSC - Climbing World Cup (B) - Salt Lake City (USA) 2021,BOULDER Men,finished,2025-10-02 07:18:34 UTC,2026-04-22 09:06:11 UTC,,6454,boulder,Semi-Final,Men,finished,2021-05-22 19:23:20 UTC,/api/v1/category_rounds/6454/results,boulder_one_group_one_boulder_set,IFSC: 1 group,2,,,,,,,4832,M2,/api/v1/routes/4832/startlist,
/api/v1/events/1190/result/3,1190,full_results_url,IFSC - Climbing World Cup (B) - Salt Lake City (USA) 2021,BOULDER Men,finished,2025-10-02 07:18:34 UTC,2026-04-22 09:06:11 UTC,,6454,boulder,Semi-Final,Men,finished,2021-05-22 19:23:20 UTC,/api/v1/category_rounds/6454/results,boulder_one_group_one_boulder_set,IFSC: 1 group,2,,,,,,,4833,M3,/api/v1/routes/4833/startlist,
/api/v1/events/1190/result/3,1190,full_results_url,IFSC - Climbing World Cup (B) - Salt Lake City (USA) 2021,BOULDER Men,finished,2025-10-02 07:18:34 UTC,2026-04-22 09:06:11 UTC,,6454,boulder,Semi-Final,Men,finished,2021-05-22 19:23:20 UTC,/api/v1/category_rounds/6454/results,boulder_one_group_one_boulder_set,IFSC: 1 group,2,,,,,,,4834,M4,/api/v1/routes/4834/startlist,
/api/v1/events/1190/result/3,1190,full_results_url,IFSC - Climbing World Cup (B) - Salt Lake City (USA) 2021,BOULDER Men,finished,2025-10-02 07:18:34 UTC,2026-04-22 09:06:11 UTC,,6456,boulder,Final,Men,finished,2021-05-23 02:00:31 UTC,/api/v1/category_rounds/6456/results,boulder_finals_one_by_one,IFSC: Finals,3,,,,,,,4839,M1,/api/v1/routes/4839/startlist,
/api/v1/events/1190/result/3,1190,full_results_url,IFSC - Climbing World Cup (B) - Salt Lake City (USA) 2021,BOULDER Men,finished,2025-10-02 07:18:34 UTC,2026-04-22 09:06:11 UTC,,6456,boulder,Final,Men,finished,2021-05-23 02:00:31 UTC,/api/v1/category_rounds/6456/results,boulder_finals_one_by_one,IFSC: Finals,3,,,,,,,4840,M2,/api/v1/routes/4840/startlist,
/api/v1/events/1190/result/3,1190,full_results_url,IFSC - Climbing World Cup (B) - Salt Lake City (USA) 2021,BOULDER Men,finished,2025-10-02 07:18:34 UTC,2026-04-22 09:06:11 UTC,,6456,boulder,Final,Men,finished,2021-05-23 02:00:31 UTC,/api/v1/category_rounds/6456/results,boulder_finals_one_by_one,IFSC: Finals,3,,,,,,,4841,M3,/api/v1/routes/4841/startlist,
/api/v1/events/1190/result/3,1190,full_results_url,IFSC - Climbing World Cup (B) - Salt Lake City (USA) 2021,BOULDER Men,finished,2025-10-02 07:18:34 UTC,2026-04-22 09:06:11 UTC,,6456,boulder,Final,Men,finished,2021-05-23 02:00:31 UTC,/api/v1/category_rounds/6456/results,boulder_finals_one_by_one,IFSC: Finals,3,,,,,,,4842,M4,/api/v1/routes/4842/startlist,
/api/v1/events/1190/result/7,1190,full_results_url,IFSC - Climbing World Cup (B) - Salt Lake City (USA) 2021,BOULDER Women,finished,2025-10-02 07:18:34 UTC,2026-04-22 09:06:15 UTC,,6175,boulder,Qualification,Women,finished,2021-05-21 19:57:07 UTC,/api/v1/category_rounds/6175/results,boulder_one_group_one_boulder_set,IFSC: 1 group,1,,,,,,,4826,1,/api/v1/routes/4826/startlist,
/api/v1/events/1190/result/7,1190,full_results_url,IFSC - Climbing World Cup (B) - Salt Lake City (USA) 2021,BOULDER Women,finished,2025-10-02 07:18:34 UTC,2026-04-22 09:06:15 UTC,,6175,boulder,Qualification,Women,finished,2021-05-21 19:57:07 UTC,/api/v1/category_rounds/6175/results,boulder_one_group_one_boulder_set,IFSC: 1 group,1,,,,,,,4827,2,/api/v1/routes/4827/startlist,
/api/v1/events/1190/result/7,1190,full_results_url,IFSC - Climbing World Cup (B) - Salt Lake City (USA) 2021,BOULDER Women,finished,2025-10-02 07:18:34 UTC,2026-04-22 09:06:15 UTC,,6175,boulder,Qualification,Women,finished,2021-05-21 19:57:07 UTC,/api/v1/category_rounds/6175/results,boulder_one_group_one_boulder_set,IFSC: 1 group,1,,,,,,,4828,3,/api/v1/routes/4828/startlist,
/api/v1/events/1190/result/7,1190,full_results_url,IFSC - Climbing World Cup (B) - Salt Lake City (USA) 2021,BOULDER Women,finished,2025-10-02 07:18:34 UTC,2026-04-22 09:06:15 UTC,,6175,boulder,Qualification,Women,finished,2021-05-21 19:57:07 UTC,/api/v1/category_rounds/6175/results,boulder_one_group_one_boulder_set,IFSC: 1 group,1,,,,,,,4829,4,/api/v1/routes/4829/startlist,
/api/v1/events/1190/result/7,1190,full_results_url,IFSC - Climbing World Cup (B) - Salt Lake City (USA) 2021,BOULDER Women,finished,2025-10-02 07:18:34 UTC,2026-04-22 09:06:15 UTC,,6175,boulder,Qualification,Women,finished,2021-05-21 19:57:07 UTC,/api/v1/category_rounds/6175/results,boulder_one_group_one_boulder_set,IFSC: 1 group,1,,,,,,,4830,5,/api/v1/routes/4830/startlist,
/api/v1/events/1190/result/7,1190,full_results_url,IFSC - Climbing World Cup (B) - Salt Lake City (USA) 2021,BOULDER Women,finished,2025-10-02 07:18:34 UTC,2026-04-22 09:06:15 UTC,,6455,boulder,Semi-Final,Women,finished,2021-05-22 19:22:50 UTC,/api/v1/category_rounds/6455/results,boulder_one_group_one_boulder_set,IFSC: 1 group,2,,,,,,,4835,W1,/api/v1/routes/4835/startlist,
/api/v1/events/1190/result/7,1190,full_results_url,IFSC - Climbing World Cup (B) - Salt Lake City (USA) 2021,BOULDER Women,finished,2025-10-02 07:18:34 UTC,2026-04-22 09:06:15 UTC,,6455,boulder,Semi-Final,Women,finished,2021-05-22 19:22:50 UTC,/api/v1/category_rounds/6455/results,boulder_one_group_one_boulder_set,IFSC: 1 group,2,,,,,,,4836,W2,/api/v1/routes/4836/startlist,
/api/v1/events/1190/result/7,1190,full_results_url,IFSC - Climbing World Cup (B) - Salt Lake City (USA) 2021,BOULDER Women,finished,2025-10-02 07:18:34 UTC,2026-04-22 09:06:15 UTC,,6455,boulder,Semi-Final,Women,finished,2021-05-22 19:22:50 UTC,/api/v1/category_rounds/6455/results,boulder_one_group_one_boulder_set,IFSC: 1 group,2,,,,,,,4837,W3,/api/v1/routes/4837/startlist,
/api/v1/events/1190/result/7,1190,full_results_url,IFSC - Climbing World Cup (B) - Salt Lake City (USA) 2021,BOULDER Women,finished,2025-10-02 07:18:34 UTC,2026-04-22 09:06:15 UTC,,6455,boulder,Semi-Final,Women,finished,2021-05-22 19:22:50 UTC,/api/v1/category_rounds/6455/results,boulder_one_group_one_boulder_set,IFSC: 1 group,2,,,,,,,4838,W4,/api/v1/routes/4838/startlist,
/api/v1/events/1190/result/7,1190,full_results_url,IFSC - Climbing World Cup (B) - Salt Lake City (USA) 2021,BOULDER Women,finished,2025-10-02 07:18:34 UTC,2026-04-22 09:06:15 UTC,,6457,boulder,Final,Women,finished,2021-05-23 00:27:07 UTC,/api/v1/category_rounds/6457/results,boulder_finals_one_by_one,IFSC: Finals,3,,,,,,,4843,W1,/api/v1/routes/4843/startlist,
/api/v1/events/1190/result/7,1190,full_results_url,IFSC - Climbing World Cup (B) - Salt Lake City (USA) 2021,BOULDER Women,finished,2025-10-02 07:18:34 UTC,2026-04-22 09:06:15 UTC,,6457,boulder,Final,Women,finished,2021-05-23 00:27:07 UTC,/api/v1/category_rounds/6457/results,boulder_finals_one_by_one,IFSC: Finals,3,,,,,,,4844,W2,/api/v1/routes/4844/startlist,
/api/v1/events/1190/result/7,1190,full_results_url,IFSC - Climbing World Cup (B) - Salt Lake City (USA) 2021,BOULDER Women,finished,2025-10-02 07:18:34 UTC,2026-04-22 09:06:15 UTC,,6457,boulder,Final,Women,finished,2021-05-23 00:27:07 UTC,/api/v1/category_rounds/6457/results,boulder_finals_one_by_one,IFSC: Finals,3,,,,,,,4845,W3,/api/v1/routes/4845/startlist,
/api/v1/events/1190/result/7,1190,full_results_url,IFSC - Climbing World Cup (B) - Salt Lake City (USA) 2021,BOULDER Women,finished,2025-10-02 07:18:34 UTC,2026-04-22 09:06:15 UTC,,6457,boulder,Final,Women,finished,2021-05-23 00:27:07 UTC,/api/v1/category_rounds/6457/results,boulder_finals_one_by_one,IFSC: Finals,3,,,,,,,4846,W4,/api/v1/routes/4846/startlist,
/api/v1/events/1192/result/3,1192,full_results_url,"IFSC - Climbing World Cup (B,S) - Salt Lake City (USA) 2021",BOULDER Men,finished,2025-10-02 07:18:34 UTC,2026-04-22 09:06:19 UTC,,6176,boulder,Qualification,Men,finished,2021-05-29 20:22:10 UTC,/api/v1/category_rounds/6176/results,boulder_one_group_one_boulder_set,IFSC: 1 group,1,,,,,,,4891,M1,/api/v1/routes/4891/startlist,
/api/v1/events/1192/result/3,1192,full_results_url,"IFSC - Climbing World Cup (B,S) - Salt Lake City (USA) 2021",BOULDER Men,finished,2025-10-02 07:18:34 UTC,2026-04-22 09:06:19 UTC,,6176,boulder,Qualification,Men,finished,2021-05-29 20:22:10 UTC,/api/v1/category_rounds/6176/results,boulder_one_group_one_boulder_set,IFSC: 1 group,1,,,,,,,4892,M2,/api/v1/routes/4892/startlist,
/api/v1/events/1192/result/3,1192,full_results_url,"IFSC - Climbing World Cup (B,S) - Salt Lake City (USA) 2021",BOULDER Men,finished,2025-10-02 07:18:34 UTC,2026-04-22 09:06:19 UTC,,6176,boulder,Qualification,Men,finished,2021-05-29 20:22:10 UTC,/api/v1/category_rounds/6176/results,boulder_one_group_one_boulder_set,IFSC: 1 group,1,,,,,,,4893,M3,/api/v1/routes/4893/startlist,
/api/v1/events/1192/result/3,1192,full_results_url,"IFSC - Climbing World Cup (B,S) - Salt Lake City (USA) 2021",BOULDER Men,finished,2025-10-02 07:18:34 UTC,2026-04-22 09:06:19 UTC,,6176,boulder,Qualification,Men,finished,2021-05-29 20:22:10 UTC,/api/v1/category_rounds/6176/results,boulder_one_group_one_boulder_set,IFSC: 1 group,1,,,,,,,4894,M4,/api/v1/routes/4894/startlist,
/api/v1/events/1192/result/3,1192,full_results_url,"IFSC - Climbing World Cup (B,S) - Salt Lake City (USA) 2021",BOULDER Men,finished,2025-10-02 07:18:34 UTC,2026-04-22 09:06:19 UTC,,6176,boulder,Qualification,Men,finished,2021-05-29 20:22:10 UTC,/api/v1/category_rounds/6176/results,boulder_one_group_one_boulder_set,IFSC: 1 group,1,,,,,,,4895,M5,/api/v1/routes/4895/startlist,
/api/v1/events/1192/result/3,1192,full_results_url,"IFSC - Climbing World Cup (B,S) - Salt Lake City (USA) 2021",BOULDER Men,finished,2025-10-02 07:18:34 UTC,2026-04-22 09:06:19 UTC,,6500,boulder,Semi-Final,Men,finished,2021-05-30 19:24:07 UTC,/api/v1/category_rounds/6500/results,boulder_one_group_one_boulder_set,IFSC: 1 group,2,,,,,,,4901,M1,/api/v1/routes/4901/startlist,
/api/v1/events/1192/result/3,1192,full_results_url,"IFSC - Climbing World Cup (B,S) - Salt Lake City (USA) 2021",BOULDER Men,finished,2025-10-02 07:18:34 UTC,2026-04-22 09:06:19 UTC,,6500,boulder,Semi-Final,Men,finished,2021-05-30 19:24:07 UTC,/api/v1/category_rounds/6500/results,boulder_one_group_one_boulder_set,IFSC: 1 group,2,,,,,,,4902,M2,/api/v1/routes/4902/startlist,
/api/v1/events/1192/result/3,1192,full_results_url,"IFSC - Climbing World Cup (B,S) - Salt Lake City (USA) 2021",BOULDER Men,finished,2025-10-02 07:18:34 UTC,2026-04-22 09:06:19 UTC,,6500,boulder,Semi-Final,Men,finished,2021-05-30 19:24:07 UTC,/api/v1/category_rounds/6500/results,boulder_one_group_one_boulder_set,IFSC: 1 group,2,,,,,,,4903,M3,/api/v1/routes/4903/startlist,
/api/v1/events/1192/result/3,1192,full_results_url,"IFSC - Climbing World Cup (B,S) - Salt Lake City (USA) 2021",BOULDER Men,finished,2025-10-02 07:18:34 UTC,2026-04-22 09:06:19 UTC,,6500,boulder,Semi-Final,Men,finished,2021-05-30 19:24:07 UTC,/api/v1/category_rounds/6500/results,boulder_one_group_one_boulder_set,IFSC: 1 group,2,,,,,,,4904,M4,/api/v1/routes/4904/startlist,
/api/v1/events/1192/result/3,1192,full_results_url,"IFSC - Climbing World Cup (B,S) - Salt Lake City (USA) 2021",BOULDER Men,finished,2025-10-02 07:18:34 UTC,2026-04-22 09:06:19 UTC,,6502,boulder,Final,Men,finished,2021-05-31 00:54:50 UTC,/api/v1/category_rounds/6502/results,boulder_finals_one_by_one,IFSC: Finals,3,,,,,,,4909,M1,/api/v1/routes/4909/startlist,
/api/v1/events/1192/result/3,1192,full_results_url,"IFSC - Climbing World Cup (B,S) - Salt Lake City (USA) 2021",BOULDER Men,finished,2025-10-02 07:18:34 UTC,2026-04-22 09:06:19 UTC,,6502,boulder,Final,Men,finished,2021-05-31 00:54:50 UTC,/api/v1/category_rounds/6502/results,boulder_finals_one_by_one,IFSC: Finals,3,,,,,,,4910,M2,/api/v1/routes/4910/startlist,
/api/v1/events/1192/result/3,1192,full_results_url,"IFSC - Climbing World Cup (B,S) - Salt Lake City (USA) 2021",BOULDER Men,finished,2025-10-02 07:18:34 UTC,2026-04-22 09:06:19 UTC,,6502,boulder,Final,Men,finished,2021-05-31 00:54:50 UTC,/api/v1/category_rounds/6502/results,boulder_finals_one_by_one,IFSC: Finals,3,,,,,,,4911,M3,/api/v1/routes/4911/startlist,
/api/v1/events/1192/result/3,1192,full_results_url,"IFSC - Climbing World Cup (B,S) - Salt Lake City (USA) 2021",BOULDER Men,finished,2025-10-02 07:18:34 UTC,2026-04-22 09:06:19 UTC,,6502,boulder,Final,Men,finished,2021-05-31 00:54:50 UTC,/api/v1/category_rounds/6502/results,boulder_finals_one_by_one,IFSC: Finals,3,,,,,,,4912,M4,/api/v1/routes/4912/startlist,
/api/v1/events/1192/result/7,1192,full_results_url,"IFSC - Climbing World Cup (B,S) - Salt Lake City (USA) 2021",BOULDER Women,finished,2025-10-02 07:18:34 UTC,2026-04-22 09:06:23 UTC,,6177,boulder,Qualification,Women,finished,2021-05-30 03:05:58 UTC,/api/v1/category_rounds/6177/results,boulder_one_group_one_boulder_set,IFSC: 1 group,1,,,,,,,4896,1,/api/v1/routes/4896/startlist,
/api/v1/events/1192/result/7,1192,full_results_url,"IFSC - Climbing World Cup (B,S) - Salt Lake City (USA) 2021",BOULDER Women,finished,2025-10-02 07:18:34 UTC,2026-04-22 09:06:23 UTC,,6177,boulder,Qualification,Women,finished,2021-05-30 03:05:58 UTC,/api/v1/category_rounds/6177/results,boulder_one_group_one_boulder_set,IFSC: 1 group,1,,,,,,,4897,2,/api/v1/routes/4897/startlist,
/api/v1/events/1192/result/7,1192,full_results_url,"IFSC - Climbing World Cup (B,S) - Salt Lake City (USA) 2021",BOULDER Women,finished,2025-10-02 07:18:34 UTC,2026-04-22 09:06:23 UTC,,6177,boulder,Qualification,Women,finished,2021-05-30 03:05:58 UTC,/api/v1/category_rounds/6177/results,boulder_one_group_one_boulder_set,IFSC: 1 group,1,,,,,,,4898,3,/api/v1/routes/4898/startlist,
/api/v1/events/1192/result/7,1192,full_results_url,"IFSC - Climbing World Cup (B,S) - Salt Lake City (USA) 2021",BOULDER Women,finished,2025-10-02 07:18:34 UTC,2026-04-22 09:06:23 UTC,,6177,boulder,Qualification,Women,finished,2021-05-30 03:05:58 UTC,/api/v1/category_rounds/6177/results,boulder_one_group_one_boulder_set,IFSC: 1 group,1,,,,,,,4899,4,/api/v1/routes/4899/startlist,
/api/v1/events/1192/result/7,1192,full_results_url,"IFSC - Climbing World Cup (B,S) - Salt Lake City (USA) 2021",BOULDER Women,finished,2025-10-02 07:18:34 UTC,2026-04-22 09:06:23 UTC,,6177,boulder,Qualification,Women,finished,2021-05-30 03:05:58 UTC,/api/v1/category_rounds/6177/results,boulder_one_group_one_boulder_set,IFSC: 1 group,1,,,,,,,4900,5,/api/v1/routes/4900/startlist,
/api/v1/events/1192/result/7,1192,full_results_url,"IFSC - Climbing World Cup (B,S) - Salt Lake City (USA) 2021",BOULDER Women,finished,2025-10-02 07:18:34 UTC,2026-04-22 09:06:23 UTC,,6501,boulder,Semi-Final,Women,finished,2021-05-30 19:24:22 UTC,/api/v1/category_rounds/6501/results,boulder_one_group_one_boulder_set,IFSC: 1 group,2,,,,,,,4905,W1,/api/v1/routes/4905/startlist,
/api/v1/events/1192/result/7,1192,full_results_url,"IFSC - Climbing World Cup (B,S) - Salt Lake City (USA) 2021",BOULDER Women,finished,2025-10-02 07:18:34 UTC,2026-04-22 09:06:23 UTC,,6501,boulder,Semi-Final,Women,finished,2021-05-30 19:24:22 UTC,/api/v1/category_rounds/6501/results,boulder_one_group_one_boulder_set,IFSC: 1 group,2,,,,,,,4906,W2,/api/v1/routes/4906/startlist,
/api/v1/events/1192/result/7,1192,full_results_url,"IFSC - Climbing World Cup (B,S) - Salt Lake City (USA) 2021",BOULDER Women,finished,2025-10-02 07:18:34 UTC,2026-04-22 09:06:23 UTC,,6501,boulder,Semi-Final,Women,finished,2021-05-30 19:24:22 UTC,/api/v1/category_rounds/6501/results,boulder_one_group_one_boulder_set,IFSC: 1 group,2,,,,,,,4907,W3,/api/v1/routes/4907/startlist,
/api/v1/events/1192/result/7,1192,full_results_url,"IFSC - Climbing World Cup (B,S) - Salt Lake City (USA) 2021",BOULDER Women,finished,2025-10-02 07:18:34 UTC,2026-04-22 09:06:23 UTC,,6501,boulder,Semi-Final,Women,finished,2021-05-30 19:24:22 UTC,/api/v1/category_rounds/6501/results,boulder_one_group_one_boulder_set,IFSC: 1 group,2,,,,,,,4908,W4,/api/v1/routes/4908/startlist,
/api/v1/events/1192/result/7,1192,full_results_url,"IFSC - Climbing World Cup (B,S) - Salt Lake City (USA) 2021",BOULDER Women,finished,2025-10-02 07:18:34 UTC,2026-04-22 09:06:23 UTC,,6503,boulder,Final,Women,finished,2021-05-31 02:12:08 UTC,/api/v1/category_rounds/6503/results,boulder_finals_one_by_one,IFSC: Finals,3,,,,,,,4913,W1,/api/v1/routes/4913/startlist,
/api/v1/events/1192/result/7,1192,full_results_url,"IFSC - Climbing World Cup (B,S) - Salt Lake City (USA) 2021",BOULDER Women,finished,2025-10-02 07:18:34 UTC,2026-04-22 09:06:23 UTC,,6503,boulder,Final,Women,finished,2021-05-31 02:12:08 UTC,/api/v1/category_rounds/6503/results,boulder_finals_one_by_one,IFSC: Finals,3,,,,,,,4914,W2,/api/v1/routes/4914/startlist,
/api/v1/events/1192/result/7,1192,full_results_url,"IFSC - Climbing World Cup (B,S) - Salt Lake City (USA) 2021",BOULDER Women,finished,2025-10-02 07:18:34 UTC,2026-04-22 09:06:23 UTC,,6503,boulder,Final,Women,finished,2021-05-31 02:12:08 UTC,/api/v1/category_rounds/6503/results,boulder_finals_one_by_one,IFSC: Finals,3,,,,,,,4915,W3,/api/v1/routes/4915/startlist,
/api/v1/events/1192/result/7,1192,full_results_url,"IFSC - Climbing World Cup (B,S) - Salt Lake City (USA) 2021",BOULDER Women,finished,2025-10-02 07:18:34 UTC,2026-04-22 09:06:23 UTC,,6503,boulder,Final,Women,finished,2021-05-31 02:12:08 UTC,/api/v1/category_rounds/6503/results,boulder_finals_one_by_one,IFSC: Finals,3,,,,,,,4916,W4,/api/v1/routes/4916/startlist,
/api/v1/events/1192/result/2,1192,full_results_url,"IFSC - Climbing World Cup (B,S) - Salt Lake City (USA) 2021",SPEED Men,finished,2025-10-02 07:18:34 UTC,2026-04-22 09:06:27 UTC,,6178,speed,Qualification,Men,finished,2021-05-28 20:06:31 UTC,/api/v1/category_rounds/6178/results,speed_staggered,IFSC: Qualification,1,,,,,,,1273,A,/api/v1/routes/1273/startlist,
/api/v1/events/1192/result/2,1192,full_results_url,"IFSC - Climbing World Cup (B,S) - Salt Lake City (USA) 2021",SPEED Men,finished,2025-10-02 07:18:34 UTC,2026-04-22 09:06:27 UTC,,6178,speed,Qualification,Men,finished,2021-05-28 20:06:31 UTC,/api/v1/category_rounds/6178/results,speed_staggered,IFSC: Qualification,1,,,,,,,1274,B,/api/v1/routes/1274/startlist,
/api/v1/events/1192/result/2,1192,full_results_url,"IFSC - Climbing World Cup (B,S) - Salt Lake City (USA) 2021",SPEED Men,finished,2025-10-02 07:18:34 UTC,2026-04-22 09:06:27 UTC,,6498,speed,Final,Men,finished,2024-01-16 22:45:50 UTC,/api/v1/category_rounds/6498/results,speed_elimination_ifsc,IFSC 2021: Elimination,3,,,,,,,4887,A,/api/v1/routes/4887/startlist,
/api/v1/events/1192/result/2,1192,full_results_url,"IFSC - Climbing World Cup (B,S) - Salt Lake City (USA) 2021",SPEED Men,finished,2025-10-02 07:18:34 UTC,2026-04-22 09:06:27 UTC,,6498,speed,Final,Men,finished,2024-01-16 22:45:50 UTC,/api/v1/category_rounds/6498/results,speed_elimination_ifsc,IFSC 2021: Elimination,3,,,,,,,4888,B,/api/v1/routes/4888/startlist,
/api/v1/events/1192/result/6,1192,full_results_url,"IFSC - Climbing World Cup (B,S) - Salt Lake City (USA) 2021",SPEED Women,finished,2025-10-02 07:18:34 UTC,2026-04-22 09:06:30 UTC,,6179,speed,Qualification,Women,finished,2021-05-28 19:30:55 UTC,/api/v1/category_rounds/6179/results,speed_staggered,IFSC: Qualification,1,,,,,,,1275,A,/api/v1/routes/1275/startlist,
/api/v1/events/1192/result/6,1192,full_results_url,"IFSC - Climbing World Cup (B,S) - Salt Lake City (USA) 2021",SPEED Women,finished,2025-10-02 07:18:34 UTC,2026-04-22 09:06:30 UTC,,6179,speed,Qualification,Women,finished,2021-05-28 19:30:55 UTC,/api/v1/category_rounds/6179/results,speed_staggered,IFSC: Qualification,1,,,,,,,1276,B,/api/v1/routes/1276/startlist,
/api/v1/events/1192/result/6,1192,full_results_url,"IFSC - Climbing World Cup (B,S) - Salt Lake City (USA) 2021",SPEED Women,finished,2025-10-02 07:18:34 UTC,2026-04-22 09:06:30 UTC,,6499,speed,Final,Women,finished,2024-01-16 22:45:51 UTC,/api/v1/category_rounds/6499/results,speed_elimination_ifsc,IFSC 2021: Elimination,3,,,,,,,4889,A,/api/v1/routes/4889/startlist,
/api/v1/events/1192/result/6,1192,full_results_url,"IFSC - Climbing World Cup (B,S) - Salt Lake City (USA) 2021",SPEED Women,finished,2025-10-02 07:18:34 UTC,2026-04-22 09:06:30 UTC,,6499,speed,Final,Women,finished,2024-01-16 22:45:51 UTC,/api/v1/category_rounds/6499/results,speed_elimination_ifsc,IFSC 2021: Elimination,3,,,,,,,4890,B,/api/v1/routes/4890/startlist,
/api/v1/events/1214/result/234,1214,full_results_url,IFSC Europe - Continental Youth Cup (S) - Bochum (GER) 2021,SPEED Juniors Male,finished,2025-10-02 07:18:34 UTC,2026-04-22 09:06:33 UTC,,6292,speed,Qualification,Juniors Male,finished,2021-06-10 06:18:49 UTC,/api/v1/category_rounds/6292/results,speed_staggered_tolerate_false_start,IFSC-E: Qualification (Tolerate FS),19,,,,,,,4941,A,/api/v1/routes/4941/startlist,
/api/v1/events/1214/result/234,1214,full_results_url,IFSC Europe - Continental Youth Cup (S) - Bochum (GER) 2021,SPEED Juniors Male,finished,2025-10-02 07:18:34 UTC,2026-04-22 09:06:33 UTC,,6292,speed,Qualification,Juniors Male,finished,2021-06-10 06:18:49 UTC,/api/v1/category_rounds/6292/results,speed_staggered_tolerate_false_start,IFSC-E: Qualification (Tolerate FS),19,,,,,,,4942,B,/api/v1/routes/4942/startlist,
/api/v1/events/1214/result/238,1214,full_results_url,IFSC Europe - Continental Youth Cup (S) - Bochum (GER) 2021,SPEED Youth A Male,finished,2025-10-02 07:18:34 UTC,2026-04-22 09:06:37 UTC,,6293,speed,Qualification,Youth A Male,finished,2021-06-04 14:24:54 UTC,/api/v1/category_rounds/6293/results,speed_staggered_tolerate_false_start,IFSC-E: Qualification (Tolerate FS),19,,,,,,,4943,A,/api/v1/routes/4943/startlist,
/api/v1/events/1214/result/238,1214,full_results_url,IFSC Europe - Continental Youth Cup (S) - Bochum (GER) 2021,SPEED Youth A Male,finished,2025-10-02 07:18:34 UTC,2026-04-22 09:06:37 UTC,,6293,speed,Qualification,Youth A Male,finished,2021-06-04 14:24:54 UTC,/api/v1/category_rounds/6293/results,speed_staggered_tolerate_false_start,IFSC-E: Qualification (Tolerate FS),19,,,,,,,4944,B,/api/v1/routes/4944/startlist,
/api/v1/events/1214/result/238,1214,full_results_url,IFSC Europe - Continental Youth Cup (S) - Bochum (GER) 2021,SPEED Youth A Male,finished,2025-10-02 07:18:34 UTC,2026-04-22 09:06:37 UTC,,6511,speed,Final,Youth A Male,finished,2024-01-17 07:07:34 UTC,/api/v1/category_rounds/6511/results,speed_elimination_ifsc,IFSC 2021: Elimination,21,,,,,,,4931,A,/api/v1/routes/4931/startlist,
/api/v1/events/1214/result/238,1214,full_results_url,IFSC Europe - Continental Youth Cup (S) - Bochum (GER) 2021,SPEED Youth A Male,finished,2025-10-02 07:18:34 UTC,2026-04-22 09:06:37 UTC,,6511,speed,Final,Youth A Male,finished,2024-01-17 07:07:34 UTC,/api/v1/category_rounds/6511/results,speed_elimination_ifsc,IFSC 2021: Elimination,21,,,,,,,4932,B,/api/v1/routes/4932/startlist,
/api/v1/events/1214/result/242,1214,full_results_url,IFSC Europe - Continental Youth Cup (S) - Bochum (GER) 2021,SPEED Youth B Male,finished,2025-10-02 07:18:34 UTC,2026-04-22 09:06:40 UTC,,6294,speed,Qualification,Youth B Male,finished,2021-06-04 12:16:54 UTC,/api/v1/category_rounds/6294/results,speed_staggered_tolerate_false_start,IFSC-E: Qualification (Tolerate FS),19,,,,,,,4945,A,/api/v1/routes/4945/startlist,
/api/v1/events/1214/result/242,1214,full_results_url,IFSC Europe - Continental Youth Cup (S) - Bochum (GER) 2021,SPEED Youth B Male,finished,2025-10-02 07:18:34 UTC,2026-04-22 09:06:40 UTC,,6294,speed,Qualification,Youth B Male,finished,2021-06-04 12:16:54 UTC,/api/v1/category_rounds/6294/results,speed_staggered_tolerate_false_start,IFSC-E: Qualification (Tolerate FS),19,,,,,,,4946,B,/api/v1/routes/4946/startlist,
/api/v1/events/1214/result/242,1214,full_results_url,IFSC Europe - Continental Youth Cup (S) - Bochum (GER) 2021,SPEED Youth B Male,finished,2025-10-02 07:18:34 UTC,2026-04-22 09:06:40 UTC,,6512,speed,Final,Youth B Male,finished,2024-01-17 02:19:23 UTC,/api/v1/category_rounds/6512/results,speed_elimination_ifsc,IFSC 2021: Elimination,21,,,,,,,4933,A,/api/v1/routes/4933/startlist,
/api/v1/events/1214/result/242,1214,full_results_url,IFSC Europe - Continental Youth Cup (S) - Bochum (GER) 2021,SPEED Youth B Male,finished,2025-10-02 07:18:34 UTC,2026-04-22 09:06:40 UTC,,6512,speed,Final,Youth B Male,finished,2024-01-17 02:19:23 UTC,/api/v1/category_rounds/6512/results,speed_elimination_ifsc,IFSC 2021: Elimination,21,,,,,,,4934,B,/api/v1/routes/4934/startlist,
/api/v1/events/1214/result/250,1214,full_results_url,IFSC Europe - Continental Youth Cup (S) - Bochum (GER) 2021,SPEED Juniors Female,finished,2025-10-02 07:18:34 UTC,2026-04-22 09:06:43 UTC,,6295,speed,Qualification,Juniors Female,finished,2021-06-04 16:30:23 UTC,/api/v1/category_rounds/6295/results,speed_staggered_tolerate_false_start,IFSC-E: Qualification (Tolerate FS),19,,,,,,,4948,A,/api/v1/routes/4948/startlist,
/api/v1/events/1214/result/250,1214,full_results_url,IFSC Europe - Continental Youth Cup (S) - Bochum (GER) 2021,SPEED Juniors Female,finished,2025-10-02 07:18:34 UTC,2026-04-22 09:06:43 UTC,,6295,speed,Qualification,Juniors Female,finished,2021-06-04 16:30:23 UTC,/api/v1/category_rounds/6295/results,speed_staggered_tolerate_false_start,IFSC-E: Qualification (Tolerate FS),19,,,,,,,4950,B,/api/v1/routes/4950/startlist,
/api/v1/events/1214/result/250,1214,full_results_url,IFSC Europe - Continental Youth Cup (S) - Bochum (GER) 2021,SPEED Juniors Female,finished,2025-10-02 07:18:34 UTC,2026-04-22 09:06:43 UTC,,6513,speed,Final,Juniors Female,finished,2024-01-17 07:07:34 UTC,/api/v1/category_rounds/6513/results,speed_elimination_ifsc,IFSC 2021: Elimination,21,,,,,,,4935,A,/api/v1/routes/4935/startlist,
/api/v1/events/1214/result/250,1214,full_results_url,IFSC Europe - Continental Youth Cup (S) - Bochum (GER) 2021,SPEED Juniors Female,finished,2025-10-02 07:18:34 UTC,2026-04-22 09:06:43 UTC,,6513,speed,Final,Juniors Female,finished,2024-01-17 07:07:34 UTC,/api/v1/category_rounds/6513/results,speed_elimination_ifsc,IFSC 2021: Elimination,21,,,,,,,4936,B,/api/v1/routes/4936/startlist,
/api/v1/events/1214/result/254,1214,full_results_url,IFSC Europe - Continental Youth Cup (S) - Bochum (GER) 2021,SPEED Youth A Female,finished,2025-10-02 07:18:34 UTC,2026-04-22 09:06:46 UTC,,6296,speed,Qualification,Youth A Female,finished,2021-06-04 14:37:15 UTC,/api/v1/category_rounds/6296/results,speed_staggered_tolerate_false_start,IFSC-E: Qualification (Tolerate FS),19,,,,,,,4951,A,/api/v1/routes/4951/startlist,
/api/v1/events/1214/result/254,1214,full_results_url,IFSC Europe - Continental Youth Cup (S) - Bochum (GER) 2021,SPEED Youth A Female,finished,2025-10-02 07:18:34 UTC,2026-04-22 09:06:46 UTC,,6296,speed,Qualification,Youth A Female,finished,2021-06-04 14:37:15 UTC,/api/v1/category_rounds/6296/results,speed_staggered_tolerate_false_start,IFSC-E: Qualification (Tolerate FS),19,,,,,,,4952,B,/api/v1/routes/4952/startlist,
/api/v1/events/1214/result/254,1214,full_results_url,IFSC Europe - Continental Youth Cup (S) - Bochum (GER) 2021,SPEED Youth A Female,finished,2025-10-02 07:18:34 UTC,2026-04-22 09:06:46 UTC,,6514,speed,Final,Youth A Female,finished,2024-01-17 07:07:35 UTC,/api/v1/category_rounds/6514/results,speed_elimination_ifsc,IFSC 2021: Elimination,21,,,,,,,4937,A,/api/v1/routes/4937/startlist,
/api/v1/events/1214/result/254,1214,full_results_url,IFSC Europe - Continental Youth Cup (S) - Bochum (GER) 2021,SPEED Youth A Female,finished,2025-10-02 07:18:34 UTC,2026-04-22 09:06:46 UTC,,6514,speed,Final,Youth A Female,finished,2024-01-17 07:07:35 UTC,/api/v1/category_rounds/6514/results,speed_elimination_ifsc,IFSC 2021: Elimination,21,,,,,,,4938,B,/api/v1/routes/4938/startlist,
/api/v1/events/1214/result/258,1214,full_results_url,IFSC Europe - Continental Youth Cup (S) - Bochum (GER) 2021,SPEED Youth B Female,finished,2025-10-02 07:18:34 UTC,2026-04-22 09:06:49 UTC,,6297,speed,Qualification,Youth B Female,finished,2021-06-04 12:32:57 UTC,/api/v1/category_rounds/6297/results,speed_staggered_tolerate_false_start,IFSC-E: Qualification (Tolerate FS),19,,,,,,,4947,A,/api/v1/routes/4947/startlist,
/api/v1/events/1214/result/258,1214,full_results_url,IFSC Europe - Continental Youth Cup (S) - Bochum (GER) 2021,SPEED Youth B Female,finished,2025-10-02 07:18:34 UTC,2026-04-22 09:06:49 UTC,,6297,speed,Qualification,Youth B Female,finished,2021-06-04 12:32:57 UTC,/api/v1/category_rounds/6297/results,speed_staggered_tolerate_false_start,IFSC-E: Qualification (Tolerate FS),19,,,,,,,4949,B,/api/v1/routes/4949/startlist,
/api/v1/events/1214/result/258,1214,full_results_url,IFSC Europe - Continental Youth Cup (S) - Bochum (GER) 2021,SPEED Youth B Female,finished,2025-10-02 07:18:34 UTC,2026-04-22 09:06:49 UTC,,6515,speed,Final,Youth B Female,finished,2024-01-17 07:07:35 UTC,/api/v1/category_rounds/6515/results,speed_elimination_ifsc,IFSC 2021: Elimination,21,,,,,,,4939,A,/api/v1/routes/4939/startlist,
/api/v1/events/1214/result/258,1214,full_results_url,IFSC Europe - Continental Youth Cup (S) - Bochum (GER) 2021,SPEED Youth B Female,finished,2025-10-02 07:18:34 UTC,2026-04-22 09:06:49 UTC,,6515,speed,Final,Youth B Female,finished,2024-01-17 07:07:35 UTC,/api/v1/category_rounds/6515/results,speed_elimination_ifsc,IFSC 2021: Elimination,21,,,,,,,4940,B,/api/v1/routes/4940/startlist,
/api/v1/events/1215/result/233,1215,full_results_url,"IFSC Europe - Continental Youth Cup (L,S) - Imst (AUT) 2021",LEAD Juniors Male,finished,2025-10-02 07:18:34 UTC,2026-04-22 09:06:52 UTC,,6298,lead,Qualification,Juniors Male,finished,2021-06-13 13:15:06 UTC,/api/v1/category_rounds/6298/results,lead_one_group_two_routes,IFSC: 2 routes,19,,,,,,,5020,1,/api/v1/routes/5020/startlist,/api/v1/routes/5020/results
/api/v1/events/1215/result/233,1215,full_results_url,"IFSC Europe - Continental Youth Cup (L,S) - Imst (AUT) 2021",LEAD Juniors Male,finished,2025-10-02 07:18:34 UTC,2026-04-22 09:06:52 UTC,,6298,lead,Qualification,Juniors Male,finished,2021-06-13 13:15:06 UTC,/api/v1/category_rounds/6298/results,lead_one_group_two_routes,IFSC: 2 routes,19,,,,,,,5021,2,/api/v1/routes/5021/startlist,/api/v1/routes/5021/results
/api/v1/events/1215/result/233,1215,full_results_url,"IFSC Europe - Continental Youth Cup (L,S) - Imst (AUT) 2021",LEAD Juniors Male,finished,2025-10-02 07:18:34 UTC,2026-04-22 09:06:52 UTC,,6529,lead,Final,Juniors Male,finished,2021-06-13 17:05:01 UTC,/api/v1/category_rounds/6529/results,lead_one_group_one_route,IFSC: 1 route,21,,,,,,,4966,1,/api/v1/routes/4966/startlist,/api/v1/routes/4966/results
/api/v1/events/1215/result/237,1215,full_results_url,"IFSC Europe - Continental Youth Cup (L,S) - Imst (AUT) 2021",LEAD Youth A Male,finished,2025-10-02 07:18:34 UTC,2026-04-22 09:06:56 UTC,,6299,lead,Qualification,Youth A Male,finished,2021-06-13 09:57:16 UTC,/api/v1/category_rounds/6299/results,lead_one_group_two_routes,IFSC: 2 routes,19,,,,,,,5022,1,/api/v1/routes/5022/startlist,/api/v1/routes/5022/results
/api/v1/events/1215/result/237,1215,full_results_url,"IFSC Europe - Continental Youth Cup (L,S) - Imst (AUT) 2021",LEAD Youth A Male,finished,2025-10-02 07:18:34 UTC,2026-04-22 09:06:56 UTC,,6299,lead,Qualification,Youth A Male,finished,2021-06-13 09:57:16 UTC,/api/v1/category_rounds/6299/results,lead_one_group_two_routes,IFSC: 2 routes,19,,,,,,,5023,2,/api/v1/routes/5023/startlist,/api/v1/routes/5023/results
/api/v1/events/1215/result/237,1215,full_results_url,"IFSC Europe - Continental Youth Cup (L,S) - Imst (AUT) 2021",LEAD Youth A Male,finished,2025-10-02 07:18:34 UTC,2026-04-22 09:06:56 UTC,,6530,lead,Final,Youth A Male,finished,2021-06-13 16:19:28 UTC,/api/v1/category_rounds/6530/results,lead_one_group_one_route,IFSC: 1 route,21,,,,,,,4967,1,/api/v1/routes/4967/startlist,/api/v1/routes/4967/results
/api/v1/events/1215/result/241,1215,full_results_url,"IFSC Europe - Continental Youth Cup (L,S) - Imst (AUT) 2021",LEAD Youth B Male,finished,2025-10-02 07:18:35 UTC,2026-04-22 09:06:59 UTC,,6300,lead,Qualification,Youth B Male,finished,2021-06-12 10:16:01 UTC,/api/v1/category_rounds/6300/results,lead_one_group_two_routes,IFSC: 2 routes,19,,,,,,,5024,1,/api/v1/routes/5024/startlist,/api/v1/routes/5024/results
/api/v1/events/1215/result/241,1215,full_results_url,"IFSC Europe - Continental Youth Cup (L,S) - Imst (AUT) 2021",LEAD Youth B Male,finished,2025-10-02 07:18:35 UTC,2026-04-22 09:06:59 UTC,,6300,lead,Qualification,Youth B Male,finished,2021-06-12 10:16:01 UTC,/api/v1/category_rounds/6300/results,lead_one_group_two_routes,IFSC: 2 routes,19,,,,,,,5025,2,/api/v1/routes/5025/startlist,/api/v1/routes/5025/results
/api/v1/events/1215/result/241,1215,full_results_url,"IFSC Europe - Continental Youth Cup (L,S) - Imst (AUT) 2021",LEAD Youth B Male,finished,2025-10-02 07:18:35 UTC,2026-04-22 09:06:59 UTC,,6531,lead,Final,Youth B Male,finished,2021-06-12 17:23:56 UTC,/api/v1/category_rounds/6531/results,lead_one_group_one_route,IFSC: 1 route,21,,,,,,,4968,1,/api/v1/routes/4968/startlist,/api/v1/routes/4968/results
/api/v1/events/1215/result/249,1215,full_results_url,"IFSC Europe - Continental Youth Cup (L,S) - Imst (AUT) 2021",LEAD Juniors Female,finished,2025-10-02 07:18:34 UTC,2026-04-22 09:07:03 UTC,,6301,lead,Qualification,Juniors Female,finished,2021-06-12 13:41:43 UTC,/api/v1/category_rounds/6301/results,lead_one_group_two_routes,IFSC: 2 routes,19,,,,,,,5026,1,/api/v1/routes/5026/startlist,/api/v1/routes/5026/results
/api/v1/events/1215/result/249,1215,full_results_url,"IFSC Europe - Continental Youth Cup (L,S) - Imst (AUT) 2021",LEAD Juniors Female,finished,2025-10-02 07:18:34 UTC,2026-04-22 09:07:03 UTC,,6301,lead,Qualification,Juniors Female,finished,2021-06-12 13:41:43 UTC,/api/v1/category_rounds/6301/results,lead_one_group_two_routes,IFSC: 2 routes,19,,,,,,,5027,2,/api/v1/routes/5027/startlist,/api/v1/routes/5027/results
/api/v1/events/1215/result/249,1215,full_results_url,"IFSC Europe - Continental Youth Cup (L,S) - Imst (AUT) 2021",LEAD Juniors Female,finished,2025-10-02 07:18:34 UTC,2026-04-22 09:07:03 UTC,,6532,lead,Final,Juniors Female,finished,2021-06-12 18:24:12 UTC,/api/v1/category_rounds/6532/results,lead_one_group_one_route,IFSC: 1 route,21,,,,,,,4969,1,/api/v1/routes/4969/startlist,/api/v1/routes/4969/results
/api/v1/events/1215/result/253,1215,full_results_url,"IFSC Europe - Continental Youth Cup (L,S) - Imst (AUT) 2021",LEAD Youth A Female,finished,2025-10-02 07:18:34 UTC,2026-04-22 09:07:06 UTC,,6302,lead,Qualification,Youth A Female,finished,2021-06-13 09:52:48 UTC,/api/v1/category_rounds/6302/results,lead_one_group_two_routes,IFSC: 2 routes,19,,,,,,,5028,1,/api/v1/routes/5028/startlist,/api/v1/routes/5028/results
/api/v1/events/1215/result/253,1215,full_results_url,"IFSC Europe - Continental Youth Cup (L,S) - Imst (AUT) 2021",LEAD Youth A Female,finished,2025-10-02 07:18:34 UTC,2026-04-22 09:07:06 UTC,,6302,lead,Qualification,Youth A Female,finished,2021-06-13 09:52:48 UTC,/api/v1/category_rounds/6302/results,lead_one_group_two_routes,IFSC: 2 routes,19,,,,,,,5029,2,/api/v1/routes/5029/startlist,/api/v1/routes/5029/results
/api/v1/events/1215/result/253,1215,full_results_url,"IFSC Europe - Continental Youth Cup (L,S) - Imst (AUT) 2021",LEAD Youth A Female,finished,2025-10-02 07:18:34 UTC,2026-04-22 09:07:06 UTC,,6533,lead,Final,Youth A Female,finished,2021-06-13 16:27:04 UTC,/api/v1/category_rounds/6533/results,lead_one_group_one_route,IFSC: 1 route,21,,,,,,,4970,1,/api/v1/routes/4970/startlist,/api/v1/routes/4970/results
/api/v1/events/1215/result/257,1215,full_results_url,"IFSC Europe - Continental Youth Cup (L,S) - Imst (AUT) 2021",LEAD Youth B Female,finished,2025-10-02 07:18:35 UTC,2026-04-22 09:07:09 UTC,,6303,lead,Qualification,Youth B Female,finished,2021-06-12 11:23:41 UTC,/api/v1/category_rounds/6303/results,lead_one_group_two_routes,IFSC: 2 routes,19,,,,,,,5030,1,/api/v1/routes/5030/startlist,/api/v1/routes/5030/results
/api/v1/events/1215/result/257,1215,full_results_url,"IFSC Europe - Continental Youth Cup (L,S) - Imst (AUT) 2021",LEAD Youth B Female,finished,2025-10-02 07:18:35 UTC,2026-04-22 09:07:09 UTC,,6303,lead,Qualification,Youth B Female,finished,2021-06-12 11:23:41 UTC,/api/v1/category_rounds/6303/results,lead_one_group_two_routes,IFSC: 2 routes,19,,,,,,,5031,2,/api/v1/routes/5031/startlist,/api/v1/routes/5031/results
/api/v1/events/1215/result/257,1215,full_results_url,"IFSC Europe - Continental Youth Cup (L,S) - Imst (AUT) 2021",LEAD Youth B Female,finished,2025-10-02 07:18:35 UTC,2026-04-22 09:07:09 UTC,,6534,lead,Final,Youth B Female,finished,2021-06-12 17:35:24 UTC,/api/v1/category_rounds/6534/results,lead_one_group_one_route,IFSC: 1 route,21,,,,,,,4971,1,/api/v1/routes/4971/startlist,/api/v1/routes/4971/results
/api/v1/events/1215/result/234,1215,full_results_url,"IFSC Europe - Continental Youth Cup (L,S) - Imst (AUT) 2021",SPEED Juniors Male,finished,2025-10-02 07:18:35 UTC,2026-04-22 09:07:13 UTC,,6304,speed,Qualification,Juniors Male,finished,2021-06-11 15:13:35 UTC,/api/v1/category_rounds/6304/results,speed_staggered_tolerate_false_start,IFSC-E: Qualification (Tolerate FS),19,,,,,,,4996,A,/api/v1/routes/4996/startlist,
/api/v1/events/1215/result/234,1215,full_results_url,"IFSC Europe - Continental Youth Cup (L,S) - Imst (AUT) 2021",SPEED Juniors Male,finished,2025-10-02 07:18:35 UTC,2026-04-22 09:07:13 UTC,,6304,speed,Qualification,Juniors Male,finished,2021-06-11 15:13:35 UTC,/api/v1/category_rounds/6304/results,speed_staggered_tolerate_false_start,IFSC-E: Qualification (Tolerate FS),19,,,,,,,4997,B,/api/v1/routes/4997/startlist,
/api/v1/events/1215/result/234,1215,full_results_url,"IFSC Europe - Continental Youth Cup (L,S) - Imst (AUT) 2021",SPEED Juniors Male,finished,2025-10-02 07:18:35 UTC,2026-04-22 09:07:13 UTC,,6535,speed,Final,Juniors Male,finished,2024-01-17 07:07:47 UTC,/api/v1/category_rounds/6535/results,speed_elimination_ifsc,IFSC 2021: Elimination,21,,,,,,,5008,A,/api/v1/routes/5008/startlist,
/api/v1/events/1215/result/234,1215,full_results_url,"IFSC Europe - Continental Youth Cup (L,S) - Imst (AUT) 2021",SPEED Juniors Male,finished,2025-10-02 07:18:35 UTC,2026-04-22 09:07:13 UTC,,6535,speed,Final,Juniors Male,finished,2024-01-17 07:07:47 UTC,/api/v1/category_rounds/6535/results,speed_elimination_ifsc,IFSC 2021: Elimination,21,,,,,,,5009,B,/api/v1/routes/5009/startlist,
/api/v1/events/1215/result/238,1215,full_results_url,"IFSC Europe - Continental Youth Cup (L,S) - Imst (AUT) 2021",SPEED Youth A Male,finished,2025-10-02 07:18:35 UTC,2026-04-22 09:07:16 UTC,,6305,speed,Qualification,Youth A Male,finished,2021-06-11 12:27:44 UTC,/api/v1/category_rounds/6305/results,speed_staggered_tolerate_false_start,IFSC-E: Qualification (Tolerate FS),19,,,,,,,4998,A,/api/v1/routes/4998/startlist,
/api/v1/events/1215/result/238,1215,full_results_url,"IFSC Europe - Continental Youth Cup (L,S) - Imst (AUT) 2021",SPEED Youth A Male,finished,2025-10-02 07:18:35 UTC,2026-04-22 09:07:16 UTC,,6305,speed,Qualification,Youth A Male,finished,2021-06-11 12:27:44 UTC,/api/v1/category_rounds/6305/results,speed_staggered_tolerate_false_start,IFSC-E: Qualification (Tolerate FS),19,,,,,,,4999,B,/api/v1/routes/4999/startlist,
/api/v1/events/1215/result/238,1215,full_results_url,"IFSC Europe - Continental Youth Cup (L,S) - Imst (AUT) 2021",SPEED Youth A Male,finished,2025-10-02 07:18:35 UTC,2026-04-22 09:07:16 UTC,,6536,speed,Final,Youth A Male,finished,2024-01-17 03:34:27 UTC,/api/v1/category_rounds/6536/results,speed_elimination_ifsc,IFSC 2021: Elimination,21,,,,,,,5010,A,/api/v1/routes/5010/startlist,
/api/v1/events/1215/result/238,1215,full_results_url,"IFSC Europe - Continental Youth Cup (L,S) - Imst (AUT) 2021",SPEED Youth A Male,finished,2025-10-02 07:18:35 UTC,2026-04-22 09:07:16 UTC,,6536,speed,Final,Youth A Male,finished,2024-01-17 03:34:27 UTC,/api/v1/category_rounds/6536/results,speed_elimination_ifsc,IFSC 2021: Elimination,21,,,,,,,5011,B,/api/v1/routes/5011/startlist,
/api/v1/events/1215/result/242,1215,full_results_url,"IFSC Europe - Continental Youth Cup (L,S) - Imst (AUT) 2021",SPEED Youth B Male,finished,2025-10-02 07:18:35 UTC,2026-04-22 09:07:20 UTC,,6306,speed,Qualification,Youth B Male,finished,2021-06-11 09:44:50 UTC,/api/v1/category_rounds/6306/results,speed_staggered_tolerate_false_start,IFSC-E: Qualification (Tolerate FS),19,,,,,,,5000,A,/api/v1/routes/5000/startlist,
/api/v1/events/1215/result/242,1215,full_results_url,"IFSC Europe - Continental Youth Cup (L,S) - Imst (AUT) 2021",SPEED Youth B Male,finished,2025-10-02 07:18:35 UTC,2026-04-22 09:07:20 UTC,,6306,speed,Qualification,Youth B Male,finished,2021-06-11 09:44:50 UTC,/api/v1/category_rounds/6306/results,speed_staggered_tolerate_false_start,IFSC-E: Qualification (Tolerate FS),19,,,,,,,5001,B,/api/v1/routes/5001/startlist,
/api/v1/events/1215/result/242,1215,full_results_url,"IFSC Europe - Continental Youth Cup (L,S) - Imst (AUT) 2021",SPEED Youth B Male,finished,2025-10-02 07:18:35 UTC,2026-04-22 09:07:20 UTC,,6537,speed,Final,Youth B Male,finished,2024-01-17 03:59:20 UTC,/api/v1/category_rounds/6537/results,speed_elimination_ifsc,IFSC 2021: Elimination,21,,,,,,,5012,A,/api/v1/routes/5012/startlist,
/api/v1/events/1215/result/242,1215,full_results_url,"IFSC Europe - Continental Youth Cup (L,S) - Imst (AUT) 2021",SPEED Youth B Male,finished,2025-10-02 07:18:35 UTC,2026-04-22 09:07:20 UTC,,6537,speed,Final,Youth B Male,finished,2024-01-17 03:59:20 UTC,/api/v1/category_rounds/6537/results,speed_elimination_ifsc,IFSC 2021: Elimination,21,,,,,,,5013,B,/api/v1/routes/5013/startlist,
/api/v1/events/1215/result/250,1215,full_results_url,"IFSC Europe - Continental Youth Cup (L,S) - Imst (AUT) 2021",SPEED Juniors Female,finished,2025-10-02 07:18:35 UTC,2026-04-22 09:07:23 UTC,,6307,speed,Qualification,Juniors Female,finished,2021-06-11 14:55:51 UTC,/api/v1/category_rounds/6307/results,speed_staggered_tolerate_false_start,IFSC-E: Qualification (Tolerate FS),19,,,,,,,5002,A,/api/v1/routes/5002/startlist,
/api/v1/events/1215/result/250,1215,full_results_url,"IFSC Europe - Continental Youth Cup (L,S) - Imst (AUT) 2021",SPEED Juniors Female,finished,2025-10-02 07:18:35 UTC,2026-04-22 09:07:23 UTC,,6307,speed,Qualification,Juniors Female,finished,2021-06-11 14:55:51 UTC,/api/v1/category_rounds/6307/results,speed_staggered_tolerate_false_start,IFSC-E: Qualification (Tolerate FS),19,,,,,,,5003,B,/api/v1/routes/5003/startlist,
/api/v1/events/1215/result/250,1215,full_results_url,"IFSC Europe - Continental Youth Cup (L,S) - Imst (AUT) 2021",SPEED Juniors Female,finished,2025-10-02 07:18:35 UTC,2026-04-22 09:07:23 UTC,,6538,speed,Final,Juniors Female,finished,2024-01-16 09:02:18 UTC,/api/v1/category_rounds/6538/results,speed_elimination_ifsc,IFSC 2021: Elimination,21,,,,,,,5014,A,/api/v1/routes/5014/startlist,
/api/v1/events/1215/result/250,1215,full_results_url,"IFSC Europe - Continental Youth Cup (L,S) - Imst (AUT) 2021",SPEED Juniors Female,finished,2025-10-02 07:18:35 UTC,2026-04-22 09:07:23 UTC,,6538,speed,Final,Juniors Female,finished,2024-01-16 09:02:18 UTC,/api/v1/category_rounds/6538/results,speed_elimination_ifsc,IFSC 2021: Elimination,21,,,,,,,5015,B,/api/v1/routes/5015/startlist,
/api/v1/events/1215/result/254,1215,full_results_url,"IFSC Europe - Continental Youth Cup (L,S) - Imst (AUT) 2021",SPEED Youth A Female,finished,2025-10-02 07:18:35 UTC,2026-04-22 09:07:26 UTC,,6308,speed,Qualification,Youth A Female,finished,2021-06-11 12:07:57 UTC,/api/v1/category_rounds/6308/results,speed_staggered_tolerate_false_start,IFSC-E: Qualification (Tolerate FS),19,,,,,,,5004,A,/api/v1/routes/5004/startlist,
/api/v1/events/1215/result/254,1215,full_results_url,"IFSC Europe - Continental Youth Cup (L,S) - Imst (AUT) 2021",SPEED Youth A Female,finished,2025-10-02 07:18:35 UTC,2026-04-22 09:07:26 UTC,,6308,speed,Qualification,Youth A Female,finished,2021-06-11 12:07:57 UTC,/api/v1/category_rounds/6308/results,speed_staggered_tolerate_false_start,IFSC-E: Qualification (Tolerate FS),19,,,,,,,5005,B,/api/v1/routes/5005/startlist,
/api/v1/events/1215/result/254,1215,full_results_url,"IFSC Europe - Continental Youth Cup (L,S) - Imst (AUT) 2021",SPEED Youth A Female,finished,2025-10-02 07:18:35 UTC,2026-04-22 09:07:26 UTC,,6539,speed,Final,Youth A Female,finished,2024-01-17 07:07:48 UTC,/api/v1/category_rounds/6539/results,speed_elimination_ifsc,IFSC 2021: Elimination,21,,,,,,,5016,A,/api/v1/routes/5016/startlist,
/api/v1/events/1215/result/254,1215,full_results_url,"IFSC Europe - Continental Youth Cup (L,S) - Imst (AUT) 2021",SPEED Youth A Female,finished,2025-10-02 07:18:35 UTC,2026-04-22 09:07:26 UTC,,6539,speed,Final,Youth A Female,finished,2024-01-17 07:07:48 UTC,/api/v1/category_rounds/6539/results,speed_elimination_ifsc,IFSC 2021: Elimination,21,,,,,,,5017,B,/api/v1/routes/5017/startlist,
/api/v1/events/1215/result/258,1215,full_results_url,"IFSC Europe - Continental Youth Cup (L,S) - Imst (AUT) 2021",SPEED Youth B Female,finished,2025-10-02 07:18:35 UTC,2026-04-22 09:07:29 UTC,,6309,speed,Qualification,Youth B Female,finished,2021-06-11 09:52:17 UTC,/api/v1/category_rounds/6309/results,speed_staggered_tolerate_false_start,IFSC-E: Qualification (Tolerate FS),19,,,,,,,5006,A,/api/v1/routes/5006/startlist,
/api/v1/events/1215/result/258,1215,full_results_url,"IFSC Europe - Continental Youth Cup (L,S) - Imst (AUT) 2021",SPEED Youth B Female,finished,2025-10-02 07:18:35 UTC,2026-04-22 09:07:29 UTC,,6309,speed,Qualification,Youth B Female,finished,2021-06-11 09:52:17 UTC,/api/v1/category_rounds/6309/results,speed_staggered_tolerate_false_start,IFSC-E: Qualification (Tolerate FS),19,,,,,,,5007,B,/api/v1/routes/5007/startlist,
/api/v1/events/1215/result/258,1215,full_results_url,"IFSC Europe - Continental Youth Cup (L,S) - Imst (AUT) 2021",SPEED Youth B Female,finished,2025-10-02 07:18:35 UTC,2026-04-22 09:07:29 UTC,,6540,speed,Final,Youth B Female,finished,2024-01-17 07:07:48 UTC,/api/v1/category_rounds/6540/results,speed_elimination_ifsc,IFSC 2021: Elimination,21,,,,,,,5018,A,/api/v1/routes/5018/startlist,
/api/v1/events/1215/result/258,1215,full_results_url,"IFSC Europe - Continental Youth Cup (L,S) - Imst (AUT) 2021",SPEED Youth B Female,finished,2025-10-02 07:18:35 UTC,2026-04-22 09:07:29 UTC,,6540,speed,Final,Youth B Female,finished,2024-01-17 07:07:48 UTC,/api/v1/category_rounds/6540/results,speed_elimination_ifsc,IFSC 2021: Elimination,21,,,,,,,5019,B,/api/v1/routes/5019/startlist,
/api/v1/events/1216/result/233,1216,full_results_url,IFSC Europe - Continental Youth Cup (L) - Ostermundigen (SUI),LEAD Juniors Male,finished,2025-10-02 07:18:35 UTC,2026-04-22 09:07:32 UTC,,6310,lead,Qualification,Juniors Male,finished,2021-06-19 10:57:34 UTC,/api/v1/category_rounds/6310/results,lead_one_group_two_routes,IFSC: 2 routes,19,,,,,,,1767,1,/api/v1/routes/1767/startlist,/api/v1/routes/1767/results
/api/v1/events/1216/result/233,1216,full_results_url,IFSC Europe - Continental Youth Cup (L) - Ostermundigen (SUI),LEAD Juniors Male,finished,2025-10-02 07:18:35 UTC,2026-04-22 09:07:32 UTC,,6310,lead,Qualification,Juniors Male,finished,2021-06-19 10:57:34 UTC,/api/v1/category_rounds/6310/results,lead_one_group_two_routes,IFSC: 2 routes,19,,,,,,,1768,2,/api/v1/routes/1768/startlist,/api/v1/routes/1768/results
/api/v1/events/1216/result/233,1216,full_results_url,IFSC Europe - Continental Youth Cup (L) - Ostermundigen (SUI),LEAD Juniors Male,finished,2025-10-02 07:18:35 UTC,2026-04-22 09:07:32 UTC,,6517,lead,Final,Juniors Male,finished,2021-06-20 12:29:15 UTC,/api/v1/category_rounds/6517/results,lead_one_group_one_route,IFSC: 1 route,21,,,,,,,4954,1,/api/v1/routes/4954/startlist,/api/v1/routes/4954/results
/api/v1/events/1216/result/237,1216,full_results_url,IFSC Europe - Continental Youth Cup (L) - Ostermundigen (SUI),LEAD Youth A Male,finished,2025-10-02 07:18:35 UTC,2026-04-22 09:07:36 UTC,,6311,lead,Qualification,Youth A Male,finished,2021-06-19 16:55:45 UTC,/api/v1/category_rounds/6311/results,lead_one_group_two_routes,IFSC: 2 routes,19,,,,,,,1769,1,/api/v1/routes/1769/startlist,/api/v1/routes/1769/results
/api/v1/events/1216/result/237,1216,full_results_url,IFSC Europe - Continental Youth Cup (L) - Ostermundigen (SUI),LEAD Youth A Male,finished,2025-10-02 07:18:35 UTC,2026-04-22 09:07:36 UTC,,6311,lead,Qualification,Youth A Male,finished,2021-06-19 16:55:45 UTC,/api/v1/category_rounds/6311/results,lead_one_group_two_routes,IFSC: 2 routes,19,,,,,,,1770,2,/api/v1/routes/1770/startlist,/api/v1/routes/1770/results
/api/v1/events/1216/result/237,1216,full_results_url,IFSC Europe - Continental Youth Cup (L) - Ostermundigen (SUI),LEAD Youth A Male,finished,2025-10-02 07:18:35 UTC,2026-04-22 09:07:36 UTC,,6518,lead,Final,Youth A Male,finished,2021-06-20 11:56:53 UTC,/api/v1/category_rounds/6518/results,lead_one_group_one_route,IFSC: 1 route,21,,,,,,,4955,1,/api/v1/routes/4955/startlist,/api/v1/routes/4955/results
/api/v1/events/1216/result/241,1216,full_results_url,IFSC Europe - Continental Youth Cup (L) - Ostermundigen (SUI),LEAD Youth B Male,finished,2025-10-02 07:18:35 UTC,2026-04-22 09:07:39 UTC,,6312,lead,Qualification,Youth B Male,finished,2021-06-19 11:00:51 UTC,/api/v1/category_rounds/6312/results,lead_one_group_two_routes,IFSC: 2 routes,19,,,,,,,1771,1,/api/v1/routes/1771/startlist,/api/v1/routes/1771/results
/api/v1/events/1216/result/241,1216,full_results_url,IFSC Europe - Continental Youth Cup (L) - Ostermundigen (SUI),LEAD Youth B Male,finished,2025-10-02 07:18:35 UTC,2026-04-22 09:07:39 UTC,,6312,lead,Qualification,Youth B Male,finished,2021-06-19 11:00:51 UTC,/api/v1/category_rounds/6312/results,lead_one_group_two_routes,IFSC: 2 routes,19,,,,,,,1772,2,/api/v1/routes/1772/startlist,/api/v1/routes/1772/results
/api/v1/events/1216/result/241,1216,full_results_url,IFSC Europe - Continental Youth Cup (L) - Ostermundigen (SUI),LEAD Youth B Male,finished,2025-10-02 07:18:35 UTC,2026-04-22 09:07:39 UTC,,6519,lead,Final,Youth B Male,finished,2021-06-20 09:38:48 UTC,/api/v1/category_rounds/6519/results,lead_one_group_one_route,IFSC: 1 route,21,,,,,,,4956,1,/api/v1/routes/4956/startlist,/api/v1/routes/4956/results
/api/v1/events/1216/result/249,1216,full_results_url,IFSC Europe - Continental Youth Cup (L) - Ostermundigen (SUI),LEAD Juniors Female,finished,2025-10-02 07:18:35 UTC,2026-04-22 09:07:43 UTC,,6313,lead,Qualification,Juniors Female,finished,2021-06-19 16:54:09 UTC,/api/v1/category_rounds/6313/results,lead_one_group_two_routes,IFSC: 2 routes,19,,,,,,,1773,1,/api/v1/routes/1773/startlist,/api/v1/routes/1773/results
/api/v1/events/1216/result/249,1216,full_results_url,IFSC Europe - Continental Youth Cup (L) - Ostermundigen (SUI),LEAD Juniors Female,finished,2025-10-02 07:18:35 UTC,2026-04-22 09:07:43 UTC,,6313,lead,Qualification,Juniors Female,finished,2021-06-19 16:54:09 UTC,/api/v1/category_rounds/6313/results,lead_one_group_two_routes,IFSC: 2 routes,19,,,,,,,1774,2,/api/v1/routes/1774/startlist,/api/v1/routes/1774/results
/api/v1/events/1216/result/249,1216,full_results_url,IFSC Europe - Continental Youth Cup (L) - Ostermundigen (SUI),LEAD Juniors Female,finished,2025-10-02 07:18:35 UTC,2026-04-22 09:07:43 UTC,,6520,lead,Final,Juniors Female,finished,2021-06-20 12:28:44 UTC,/api/v1/category_rounds/6520/results,lead_one_group_one_route,IFSC: 1 route,21,,,,,,,4957,1,/api/v1/routes/4957/startlist,/api/v1/routes/4957/results
/api/v1/events/1216/result/253,1216,full_results_url,IFSC Europe - Continental Youth Cup (L) - Ostermundigen (SUI),LEAD Youth A Female,finished,2025-10-02 07:18:35 UTC,2026-04-22 09:07:46 UTC,,6314,lead,Qualification,Youth A Female,finished,2021-06-19 10:59:40 UTC,/api/v1/category_rounds/6314/results,lead_one_group_two_routes,IFSC: 2 routes,19,,,,,,,1775,1,/api/v1/routes/1775/startlist,/api/v1/routes/1775/results
/api/v1/events/1216/result/253,1216,full_results_url,IFSC Europe - Continental Youth Cup (L) - Ostermundigen (SUI),LEAD Youth A Female,finished,2025-10-02 07:18:35 UTC,2026-04-22 09:07:46 UTC,,6314,lead,Qualification,Youth A Female,finished,2021-06-19 10:59:40 UTC,/api/v1/category_rounds/6314/results,lead_one_group_two_routes,IFSC: 2 routes,19,,,,,,,1776,2,/api/v1/routes/1776/startlist,/api/v1/routes/1776/results
/api/v1/events/1216/result/253,1216,full_results_url,IFSC Europe - Continental Youth Cup (L) - Ostermundigen (SUI),LEAD Youth A Female,finished,2025-10-02 07:18:35 UTC,2026-04-22 09:07:46 UTC,,6521,lead,Final,Youth A Female,finished,2021-06-20 11:57:06 UTC,/api/v1/category_rounds/6521/results,lead_one_group_one_route,IFSC: 1 route,21,,,,,,,4958,1,/api/v1/routes/4958/startlist,/api/v1/routes/4958/results
/api/v1/events/1216/result/257,1216,full_results_url,IFSC Europe - Continental Youth Cup (L) - Ostermundigen (SUI),LEAD Youth B Female,finished,2025-10-02 07:18:35 UTC,2026-04-22 09:07:49 UTC,,6315,lead,Qualification,Youth B Female,finished,2021-06-19 16:53:07 UTC,/api/v1/category_rounds/6315/results,lead_one_group_two_routes,IFSC: 2 routes,19,,,,,,,1777,1,/api/v1/routes/1777/startlist,/api/v1/routes/1777/results
/api/v1/events/1216/result/257,1216,full_results_url,IFSC Europe - Continental Youth Cup (L) - Ostermundigen (SUI),LEAD Youth B Female,finished,2025-10-02 07:18:35 UTC,2026-04-22 09:07:49 UTC,,6315,lead,Qualification,Youth B Female,finished,2021-06-19 16:53:07 UTC,/api/v1/category_rounds/6315/results,lead_one_group_two_routes,IFSC: 2 routes,19,,,,,,,1778,2,/api/v1/routes/1778/startlist,/api/v1/routes/1778/results
/api/v1/events/1216/result/257,1216,full_results_url,IFSC Europe - Continental Youth Cup (L) - Ostermundigen (SUI),LEAD Youth B Female,finished,2025-10-02 07:18:35 UTC,2026-04-22 09:07:49 UTC,,6522,lead,Final,Youth B Female,finished,2021-06-20 09:38:10 UTC,/api/v1/category_rounds/6522/results,lead_one_group_one_route,IFSC: 1 route,21,,,,,,,4959,1,/api/v1/routes/4959/startlist,/api/v1/routes/4959/results
/api/v1/events/1222/result/529,1222,full_results_url,IFSC - Paraclimbing World Cup (L) - Innsbruck (AUT) 2021,LEAD Men B1,finished,2025-10-02 07:18:35 UTC,2024-01-17 07:50:10 UTC,,6378,lead,Qualification,Men B1,finished,2021-06-22 08:53:51 UTC,/api/v1/category_rounds/6378/results,lead_one_group_two_routes,IFSC: 2 routes,49,,,,,,,5082,1,/api/v1/routes/5082/startlist,/api/v1/routes/5082/results
/api/v1/events/1222/result/529,1222,full_results_url,IFSC - Paraclimbing World Cup (L) - Innsbruck (AUT) 2021,LEAD Men B1,finished,2025-10-02 07:18:35 UTC,2024-01-17 07:50:10 UTC,,6378,lead,Qualification,Men B1,finished,2021-06-22 08:53:51 UTC,/api/v1/category_rounds/6378/results,lead_one_group_two_routes,IFSC: 2 routes,49,,,,,,,5083,2,/api/v1/routes/5083/startlist,/api/v1/routes/5083/results
/api/v1/events/1222/result/529,1222,full_results_url,IFSC - Paraclimbing World Cup (L) - Innsbruck (AUT) 2021,LEAD Men B1,finished,2025-10-02 07:18:35 UTC,2024-01-17 07:50:10 UTC,,6573,lead,Final,Men B1,finished,2021-06-24 16:35:59 UTC,/api/v1/category_rounds/6573/results,lead_one_group_one_route,IFSC: 1 route,51,,,,,,,5122,1,/api/v1/routes/5122/startlist,/api/v1/routes/5122/results
/api/v1/events/1222/result/533,1222,full_results_url,IFSC - Paraclimbing World Cup (L) - Innsbruck (AUT) 2021,LEAD Men B2,finished,2025-10-02 07:18:35 UTC,2024-01-17 07:50:11 UTC,,6379,lead,Qualification,Men B2,finished,2021-06-22 09:03:38 UTC,/api/v1/category_rounds/6379/results,lead_one_group_two_routes,IFSC: 2 routes,49,,,,,,,5084,1,/api/v1/routes/5084/startlist,/api/v1/routes/5084/results
/api/v1/events/1222/result/533,1222,full_results_url,IFSC - Paraclimbing World Cup (L) - Innsbruck (AUT) 2021,LEAD Men B2,finished,2025-10-02 07:18:35 UTC,2024-01-17 07:50:11 UTC,,6379,lead,Qualification,Men B2,finished,2021-06-22 09:03:38 UTC,/api/v1/category_rounds/6379/results,lead_one_group_two_routes,IFSC: 2 routes,49,,,,,,,5085,2,/api/v1/routes/5085/startlist,/api/v1/routes/5085/results
/api/v1/events/1222/result/533,1222,full_results_url,IFSC - Paraclimbing World Cup (L) - Innsbruck (AUT) 2021,LEAD Men B2,finished,2025-10-02 07:18:35 UTC,2024-01-17 07:50:11 UTC,,6574,lead,Final,Men B2,finished,2021-06-24 17:02:32 UTC,/api/v1/category_rounds/6574/results,lead_one_group_one_route,IFSC: 1 route,51,,,,,,,5123,1,/api/v1/routes/5123/startlist,/api/v1/routes/5123/results
/api/v1/events/1222/result/541,1222,full_results_url,IFSC - Paraclimbing World Cup (L) - Innsbruck (AUT) 2021,LEAD Women B1,registration_active,2025-10-02 07:18:35 UTC,NA,,6381,lead,Qualification,Women B1,pending,2021-06-21 16:54:19 UTC,/api/v1/category_rounds/6381/results,lead_one_group_two_routes,IFSC: 2 routes,49,,,,,,,5088,1,/api/v1/routes/5088/startlist,/api/v1/routes/5088/results
/api/v1/events/1222/result/541,1222,full_results_url,IFSC - Paraclimbing World Cup (L) - Innsbruck (AUT) 2021,LEAD Women B1,registration_active,2025-10-02 07:18:35 UTC,NA,,6381,lead,Qualification,Women B1,pending,2021-06-21 16:54:19 UTC,/api/v1/category_rounds/6381/results,lead_one_group_two_routes,IFSC: 2 routes,49,,,,,,,5089,2,/api/v1/routes/5089/startlist,/api/v1/routes/5089/results
/api/v1/events/1222/result/545,1222,full_results_url,IFSC - Paraclimbing World Cup (L) - Innsbruck (AUT) 2021,LEAD Women B2,registration_active,2025-10-02 07:18:35 UTC,NA,,6382,lead,Qualification,Women B2,pending,2021-06-21 16:54:21 UTC,/api/v1/category_rounds/6382/results,lead_one_group_two_routes,IFSC: 2 routes,49,,,,,,,5090,1,/api/v1/routes/5090/startlist,/api/v1/routes/5090/results
/api/v1/events/1222/result/545,1222,full_results_url,IFSC - Paraclimbing World Cup (L) - Innsbruck (AUT) 2021,LEAD Women B2,registration_active,2025-10-02 07:18:35 UTC,NA,,6382,lead,Qualification,Women B2,pending,2021-06-21 16:54:21 UTC,/api/v1/category_rounds/6382/results,lead_one_group_two_routes,IFSC: 2 routes,49,,,,,,,5091,2,/api/v1/routes/5091/startlist,/api/v1/routes/5091/results
/api/v1/events/1222/result/549,1222,full_results_url,IFSC - Paraclimbing World Cup (L) - Innsbruck (AUT) 2021,LEAD Women B3,finished,2025-10-02 07:18:35 UTC,2024-01-17 07:50:12 UTC,,6383,lead,Qualification,Women B3,finished,2021-06-22 08:56:39 UTC,/api/v1/category_rounds/6383/results,lead_one_group_two_routes,IFSC: 2 routes,49,,,,,,,5092,1,/api/v1/routes/5092/startlist,/api/v1/routes/5092/results
/api/v1/events/1222/result/549,1222,full_results_url,IFSC - Paraclimbing World Cup (L) - Innsbruck (AUT) 2021,LEAD Women B3,finished,2025-10-02 07:18:35 UTC,2024-01-17 07:50:12 UTC,,6383,lead,Qualification,Women B3,finished,2021-06-22 08:56:39 UTC,/api/v1/category_rounds/6383/results,lead_one_group_two_routes,IFSC: 2 routes,49,,,,,,,5093,2,/api/v1/routes/5093/startlist,/api/v1/routes/5093/results
/api/v1/events/1222/result/549,1222,full_results_url,IFSC - Paraclimbing World Cup (L) - Innsbruck (AUT) 2021,LEAD Women B3,finished,2025-10-02 07:18:35 UTC,2024-01-17 07:50:12 UTC,,6577,lead,Final,Women B3,finished,2021-06-24 16:37:39 UTC,/api/v1/category_rounds/6577/results,lead_one_group_one_route,IFSC: 1 route,51,,,,,,,5126,1,/api/v1/routes/5126/startlist,/api/v1/routes/5126/results
/api/v1/events/1222/result/553,1222,full_results_url,IFSC - Paraclimbing World Cup (L) - Innsbruck (AUT) 2021,LEAD Men AL1,registration_active,2025-10-02 07:18:35 UTC,NA,,6384,lead,Qualification,Men AL1,pending,2021-06-21 16:54:24 UTC,/api/v1/category_rounds/6384/results,lead_one_group_two_routes,IFSC: 2 routes,49,,,,,,,5094,1,/api/v1/routes/5094/startlist,/api/v1/routes/5094/results
/api/v1/events/1222/result/553,1222,full_results_url,IFSC - Paraclimbing World Cup (L) - Innsbruck (AUT) 2021,LEAD Men AL1,registration_active,2025-10-02 07:18:35 UTC,NA,,6384,lead,Qualification,Men AL1,pending,2021-06-21 16:54:24 UTC,/api/v1/category_rounds/6384/results,lead_one_group_two_routes,IFSC: 2 routes,49,,,,,,,5095,2,/api/v1/routes/5095/startlist,/api/v1/routes/5095/results
/api/v1/events/1222/result/557,1222,full_results_url,IFSC - Paraclimbing World Cup (L) - Innsbruck (AUT) 2021,LEAD Women AL1,registration_active,2025-10-02 07:18:35 UTC,NA,,6385,lead,Qualification,Women AL1,pending,2021-06-21 16:54:26 UTC,/api/v1/category_rounds/6385/results,lead_one_group_two_routes,IFSC: 2 routes,49,,,,,,,5096,1,/api/v1/routes/5096/startlist,/api/v1/routes/5096/results
/api/v1/events/1222/result/557,1222,full_results_url,IFSC - Paraclimbing World Cup (L) - Innsbruck (AUT) 2021,LEAD Women AL1,registration_active,2025-10-02 07:18:35 UTC,NA,,6385,lead,Qualification,Women AL1,pending,2021-06-21 16:54:26 UTC,/api/v1/category_rounds/6385/results,lead_one_group_two_routes,IFSC: 2 routes,49,,,,,,,5097,2,/api/v1/routes/5097/startlist,/api/v1/routes/5097/results
/api/v1/events/1222/result/561,1222,full_results_url,IFSC - Paraclimbing World Cup (L) - Innsbruck (AUT) 2021,LEAD Men AL2,finished,2025-10-02 07:18:35 UTC,2024-01-17 07:50:12 UTC,,6386,lead,Qualification,Men AL2,finished,2021-06-22 11:05:33 UTC,/api/v1/category_rounds/6386/results,lead_one_group_two_routes,IFSC: 2 routes,49,,,,,,,5098,1,/api/v1/routes/5098/startlist,/api/v1/routes/5098/results
/api/v1/events/1222/result/561,1222,full_results_url,IFSC - Paraclimbing World Cup (L) - Innsbruck (AUT) 2021,LEAD Men AL2,finished,2025-10-02 07:18:35 UTC,2024-01-17 07:50:12 UTC,,6386,lead,Qualification,Men AL2,finished,2021-06-22 11:05:33 UTC,/api/v1/category_rounds/6386/results,lead_one_group_two_routes,IFSC: 2 routes,49,,,,,,,5099,2,/api/v1/routes/5099/startlist,/api/v1/routes/5099/results
/api/v1/events/1222/result/561,1222,full_results_url,IFSC - Paraclimbing World Cup (L) - Innsbruck (AUT) 2021,LEAD Men AL2,finished,2025-10-02 07:18:35 UTC,2024-01-17 07:50:12 UTC,,6580,lead,Final,Men AL2,finished,2021-06-24 17:26:26 UTC,/api/v1/category_rounds/6580/results,lead_one_group_one_route,IFSC: 1 route,51,,,,,,,5129,1,/api/v1/routes/5129/startlist,/api/v1/routes/5129/results
/api/v1/events/1222/result/565,1222,full_results_url,IFSC - Paraclimbing World Cup (L) - Innsbruck (AUT) 2021,LEAD Women AL2,registration_active,2025-10-02 07:18:35 UTC,NA,,6387,lead,Qualification,Women AL2,pending,2021-06-21 16:54:29 UTC,/api/v1/category_rounds/6387/results,lead_one_group_two_routes,IFSC: 2 routes,49,,,,,,,5100,1,/api/v1/routes/5100/startlist,/api/v1/routes/5100/results
/api/v1/events/1222/result/565,1222,full_results_url,IFSC - Paraclimbing World Cup (L) - Innsbruck (AUT) 2021,LEAD Women AL2,registration_active,2025-10-02 07:18:35 UTC,NA,,6387,lead,Qualification,Women AL2,pending,2021-06-21 16:54:29 UTC,/api/v1/category_rounds/6387/results,lead_one_group_two_routes,IFSC: 2 routes,49,,,,,,,5101,2,/api/v1/routes/5101/startlist,/api/v1/routes/5101/results
/api/v1/events/1222/result/569,1222,full_results_url,IFSC - Paraclimbing World Cup (L) - Innsbruck (AUT) 2021,LEAD Men AU1,registration_active,2025-10-02 07:18:35 UTC,NA,,6388,lead,Qualification,Men AU1,pending,2021-06-21 16:54:31 UTC,/api/v1/category_rounds/6388/results,lead_one_group_two_routes,IFSC: 2 routes,49,,,,,,,5102,1,/api/v1/routes/5102/startlist,/api/v1/routes/5102/results
/api/v1/events/1222/result/569,1222,full_results_url,IFSC - Paraclimbing World Cup (L) - Innsbruck (AUT) 2021,LEAD Men AU1,registration_active,2025-10-02 07:18:35 UTC,NA,,6388,lead,Qualification,Men AU1,pending,2021-06-21 16:54:31 UTC,/api/v1/category_rounds/6388/results,lead_one_group_two_routes,IFSC: 2 routes,49,,,,,,,5103,2,/api/v1/routes/5103/startlist,/api/v1/routes/5103/results
/api/v1/events/1222/result/577,1222,full_results_url,IFSC - Paraclimbing World Cup (L) - Innsbruck (AUT) 2021,LEAD Men AU2,registration_active,2025-10-02 07:18:35 UTC,NA,,6390,lead,Qualification,Men AU2,pending,2021-06-21 16:54:34 UTC,/api/v1/category_rounds/6390/results,lead_one_group_two_routes,IFSC: 2 routes,49,,,,,,,5106,1,/api/v1/routes/5106/startlist,/api/v1/routes/5106/results
/api/v1/events/1222/result/577,1222,full_results_url,IFSC - Paraclimbing World Cup (L) - Innsbruck (AUT) 2021,LEAD Men AU2,registration_active,2025-10-02 07:18:35 UTC,NA,,6390,lead,Qualification,Men AU2,pending,2021-06-21 16:54:34 UTC,/api/v1/category_rounds/6390/results,lead_one_group_two_routes,IFSC: 2 routes,49,,,,,,,5107,2,/api/v1/routes/5107/startlist,/api/v1/routes/5107/results
/api/v1/events/1222/result/581,1222,full_results_url,IFSC - Paraclimbing World Cup (L) - Innsbruck (AUT) 2021,LEAD Women AU2,finished,2025-10-02 07:18:35 UTC,2024-01-17 07:50:13 UTC,,6391,lead,Qualification,Women AU2,finished,2021-06-22 11:28:05 UTC,/api/v1/category_rounds/6391/results,lead_one_group_two_routes,IFSC: 2 routes,49,,,,,,,5108,1,/api/v1/routes/5108/startlist,/api/v1/routes/5108/results
/api/v1/events/1222/result/581,1222,full_results_url,IFSC - Paraclimbing World Cup (L) - Innsbruck (AUT) 2021,LEAD Women AU2,finished,2025-10-02 07:18:35 UTC,2024-01-17 07:50:13 UTC,,6391,lead,Qualification,Women AU2,finished,2021-06-22 11:28:05 UTC,/api/v1/category_rounds/6391/results,lead_one_group_two_routes,IFSC: 2 routes,49,,,,,,,5109,2,/api/v1/routes/5109/startlist,/api/v1/routes/5109/results
/api/v1/events/1222/result/581,1222,full_results_url,IFSC - Paraclimbing World Cup (L) - Innsbruck (AUT) 2021,LEAD Women AU2,finished,2025-10-02 07:18:35 UTC,2024-01-17 07:50:13 UTC,,6584,lead,Final,Women AU2,finished,2021-06-24 18:22:49 UTC,/api/v1/category_rounds/6584/results,lead_one_group_one_route,IFSC: 1 route,51,,,,,,,5133,1,/api/v1/routes/5133/startlist,/api/v1/routes/5133/results
/api/v1/events/1222/result/585,1222,full_results_url,IFSC - Paraclimbing World Cup (L) - Innsbruck (AUT) 2021,LEAD Men RP1,finished,2025-10-02 07:18:35 UTC,2024-01-17 07:50:14 UTC,,6392,lead,Qualification,Men RP1,finished,2021-06-22 11:45:12 UTC,/api/v1/category_rounds/6392/results,lead_one_group_two_routes,IFSC: 2 routes,49,,,,,,,5110,1,/api/v1/routes/5110/startlist,/api/v1/routes/5110/results
/api/v1/events/1222/result/585,1222,full_results_url,IFSC - Paraclimbing World Cup (L) - Innsbruck (AUT) 2021,LEAD Men RP1,finished,2025-10-02 07:18:35 UTC,2024-01-17 07:50:14 UTC,,6392,lead,Qualification,Men RP1,finished,2021-06-22 11:45:12 UTC,/api/v1/category_rounds/6392/results,lead_one_group_two_routes,IFSC: 2 routes,49,,,,,,,5111,2,/api/v1/routes/5111/startlist,/api/v1/routes/5111/results
/api/v1/events/1222/result/585,1222,full_results_url,IFSC - Paraclimbing World Cup (L) - Innsbruck (AUT) 2021,LEAD Men RP1,finished,2025-10-02 07:18:35 UTC,2024-01-17 07:50:14 UTC,,6585,lead,Final,Men RP1,finished,2021-06-24 17:28:08 UTC,/api/v1/category_rounds/6585/results,lead_one_group_one_route,IFSC: 1 route,51,,,,,,,5134,1,/api/v1/routes/5134/startlist,/api/v1/routes/5134/results
/api/v1/events/1222/result/589,1222,full_results_url,IFSC - Paraclimbing World Cup (L) - Innsbruck (AUT) 2021,LEAD Men RP2,finished,2025-10-02 07:18:35 UTC,2024-01-17 07:50:15 UTC,,6393,lead,Qualification,Men RP2,finished,2021-06-22 12:50:17 UTC,/api/v1/category_rounds/6393/results,lead_one_group_two_routes,IFSC: 2 routes,49,,,,,,,5112,1,/api/v1/routes/5112/startlist,/api/v1/routes/5112/results
/api/v1/events/1222/result/589,1222,full_results_url,IFSC - Paraclimbing World Cup (L) - Innsbruck (AUT) 2021,LEAD Men RP2,finished,2025-10-02 07:18:35 UTC,2024-01-17 07:50:15 UTC,,6393,lead,Qualification,Men RP2,finished,2021-06-22 12:50:17 UTC,/api/v1/category_rounds/6393/results,lead_one_group_two_routes,IFSC: 2 routes,49,,,,,,,5113,2,/api/v1/routes/5113/startlist,/api/v1/routes/5113/results
/api/v1/events/1222/result/589,1222,full_results_url,IFSC - Paraclimbing World Cup (L) - Innsbruck (AUT) 2021,LEAD Men RP2,finished,2025-10-02 07:18:35 UTC,2024-01-17 07:50:15 UTC,,6586,lead,Final,Men RP2,finished,2021-06-24 18:02:17 UTC,/api/v1/category_rounds/6586/results,lead_one_group_one_route,IFSC: 1 route,51,,,,,,,5135,1,/api/v1/routes/5135/startlist,/api/v1/routes/5135/results
/api/v1/events/1222/result/593,1222,full_results_url,IFSC - Paraclimbing World Cup (L) - Innsbruck (AUT) 2021,LEAD Men RP3,finished,2025-10-02 07:18:35 UTC,2024-01-17 07:50:16 UTC,,6394,lead,Qualification,Men RP3,finished,2021-06-22 12:17:38 UTC,/api/v1/category_rounds/6394/results,lead_one_group_two_routes,IFSC: 2 routes,49,,,,,,,5114,1,/api/v1/routes/5114/startlist,/api/v1/routes/5114/results
/api/v1/events/1222/result/593,1222,full_results_url,IFSC - Paraclimbing World Cup (L) - Innsbruck (AUT) 2021,LEAD Men RP3,finished,2025-10-02 07:18:35 UTC,2024-01-17 07:50:16 UTC,,6394,lead,Qualification,Men RP3,finished,2021-06-22 12:17:38 UTC,/api/v1/category_rounds/6394/results,lead_one_group_two_routes,IFSC: 2 routes,49,,,,,,,5115,2,/api/v1/routes/5115/startlist,/api/v1/routes/5115/results
/api/v1/events/1222/result/593,1222,full_results_url,IFSC - Paraclimbing World Cup (L) - Innsbruck (AUT) 2021,LEAD Men RP3,finished,2025-10-02 07:18:35 UTC,2024-01-17 07:50:16 UTC,,6587,lead,Final,Men RP3,finished,2021-06-24 18:24:52 UTC,/api/v1/category_rounds/6587/results,lead_one_group_one_route,IFSC: 1 route,51,,,,,,,5136,1,/api/v1/routes/5136/startlist,/api/v1/routes/5136/results
/api/v1/events/1222/result/597,1222,full_results_url,IFSC - Paraclimbing World Cup (L) - Innsbruck (AUT) 2021,LEAD Women RP1,finished,2025-10-02 07:18:35 UTC,2024-01-17 07:50:17 UTC,,6395,lead,Qualification,Women RP1,finished,2021-06-22 11:01:27 UTC,/api/v1/category_rounds/6395/results,lead_one_group_two_routes,IFSC: 2 routes,49,,,,,,,5116,1,/api/v1/routes/5116/startlist,/api/v1/routes/5116/results
/api/v1/events/1222/result/597,1222,full_results_url,IFSC - Paraclimbing World Cup (L) - Innsbruck (AUT) 2021,LEAD Women RP1,finished,2025-10-02 07:18:35 UTC,2024-01-17 07:50:17 UTC,,6395,lead,Qualification,Women RP1,finished,2021-06-22 11:01:27 UTC,/api/v1/category_rounds/6395/results,lead_one_group_two_routes,IFSC: 2 routes,49,,,,,,,5117,2,/api/v1/routes/5117/startlist,/api/v1/routes/5117/results
/api/v1/events/1222/result/597,1222,full_results_url,IFSC - Paraclimbing World Cup (L) - Innsbruck (AUT) 2021,LEAD Women RP1,finished,2025-10-02 07:18:35 UTC,2024-01-17 07:50:17 UTC,,6588,lead,Final,Women RP1,finished,2021-06-24 17:05:49 UTC,/api/v1/category_rounds/6588/results,lead_one_group_one_route,IFSC: 1 route,51,,,,,,,5137,1,/api/v1/routes/5137/startlist,/api/v1/routes/5137/results
/api/v1/events/1222/result/601,1222,full_results_url,IFSC - Paraclimbing World Cup (L) - Innsbruck (AUT) 2021,LEAD Women RP2,registration_active,2025-10-02 07:18:35 UTC,NA,,6396,lead,Qualification,Women RP2,pending,2021-06-21 20:17:16 UTC,/api/v1/category_rounds/6396/results,lead_one_group_two_routes,IFSC: 2 routes,49,,,,,,,5141,1,/api/v1/routes/5141/startlist,/api/v1/routes/5141/results
/api/v1/events/1222/result/601,1222,full_results_url,IFSC - Paraclimbing World Cup (L) - Innsbruck (AUT) 2021,LEAD Women RP2,registration_active,2025-10-02 07:18:35 UTC,NA,,6396,lead,Qualification,Women RP2,pending,2021-06-21 20:17:16 UTC,/api/v1/category_rounds/6396/results,lead_one_group_two_routes,IFSC: 2 routes,49,,,,,,,5142,2,/api/v1/routes/5142/startlist,/api/v1/routes/5142/results
/api/v1/events/1222/result/605,1222,full_results_url,IFSC - Paraclimbing World Cup (L) - Innsbruck (AUT) 2021,LEAD Women RP3,finished,2025-10-02 07:18:35 UTC,2024-01-17 07:50:17 UTC,,6397,lead,Qualification,Women RP3,finished,2021-06-22 13:56:29 UTC,/api/v1/category_rounds/6397/results,lead_one_group_two_routes,IFSC: 2 routes,49,,,,,,,5120,1,/api/v1/routes/5120/startlist,/api/v1/routes/5120/results
/api/v1/events/1222/result/605,1222,full_results_url,IFSC - Paraclimbing World Cup (L) - Innsbruck (AUT) 2021,LEAD Women RP3,finished,2025-10-02 07:18:35 UTC,2024-01-17 07:50:17 UTC,,6397,lead,Qualification,Women RP3,finished,2021-06-22 13:56:29 UTC,/api/v1/category_rounds/6397/results,lead_one_group_two_routes,IFSC: 2 routes,49,,,,,,,5121,2,/api/v1/routes/5121/startlist,/api/v1/routes/5121/results
/api/v1/events/1222/result/605,1222,full_results_url,IFSC - Paraclimbing World Cup (L) - Innsbruck (AUT) 2021,LEAD Women RP3,finished,2025-10-02 07:18:35 UTC,2024-01-17 07:50:17 UTC,,6591,lead,Final,Women RP3,finished,2021-06-24 17:54:48 UTC,/api/v1/category_rounds/6591/results,lead_one_group_one_route,IFSC: 1 route,51,,,,,,,5143,1,/api/v1/routes/5143/startlist,/api/v1/routes/5143/results
/api/v1/events/1193/result/1,1193,full_results_url,"IFSC - Climbing World Cup (B,L) - Innsbruck (AUT) 2021",LEAD Men,finished,2025-10-02 07:18:34 UTC,2026-04-22 09:07:53 UTC,,6180,lead,Qualification,Men,finished,2021-06-23 16:09:00 UTC,/api/v1/category_rounds/6180/results,lead_one_group_two_routes,IFSC: 2 routes,1,,,,,,,1277,1,/api/v1/routes/1277/startlist,/api/v1/routes/1277/results
/api/v1/events/1193/result/1,1193,full_results_url,"IFSC - Climbing World Cup (B,L) - Innsbruck (AUT) 2021",LEAD Men,finished,2025-10-02 07:18:34 UTC,2026-04-22 09:07:53 UTC,,6180,lead,Qualification,Men,finished,2021-06-23 16:09:00 UTC,/api/v1/category_rounds/6180/results,lead_one_group_two_routes,IFSC: 2 routes,1,,,,,,,1278,2,/api/v1/routes/1278/startlist,/api/v1/routes/1278/results
/api/v1/events/1193/result/1,1193,full_results_url,"IFSC - Climbing World Cup (B,L) - Innsbruck (AUT) 2021",LEAD Men,finished,2025-10-02 07:18:34 UTC,2026-04-22 09:07:53 UTC,,6594,lead,Semi-Final,Men,finished,2021-06-25 10:06:59 UTC,/api/v1/category_rounds/6594/results,lead_one_group_one_route,IFSC: 1 route,2,,,,,,,5144,1,/api/v1/routes/5144/startlist,/api/v1/routes/5144/results
/api/v1/events/1193/result/1,1193,full_results_url,"IFSC - Climbing World Cup (B,L) - Innsbruck (AUT) 2021",LEAD Men,finished,2025-10-02 07:18:34 UTC,2026-04-22 09:07:53 UTC,,6596,lead,Final,Men,finished,2021-06-25 19:57:52 UTC,/api/v1/category_rounds/6596/results,lead_one_group_one_route,IFSC: 1 route,3,,,,,,,5146,1,/api/v1/routes/5146/startlist,/api/v1/routes/5146/results
/api/v1/events/1193/result/5,1193,full_results_url,"IFSC - Climbing World Cup (B,L) - Innsbruck (AUT) 2021",LEAD Women,finished,2025-10-02 07:18:34 UTC,2026-04-22 09:07:57 UTC,,6181,lead,Qualification,Women,finished,2021-06-23 16:01:36 UTC,/api/v1/category_rounds/6181/results,lead_one_group_two_routes,IFSC: 2 routes,1,,,,,,,1279,1,/api/v1/routes/1279/startlist,/api/v1/routes/1279/results
/api/v1/events/1193/result/5,1193,full_results_url,"IFSC - Climbing World Cup (B,L) - Innsbruck (AUT) 2021",LEAD Women,finished,2025-10-02 07:18:34 UTC,2026-04-22 09:07:57 UTC,,6181,lead,Qualification,Women,finished,2021-06-23 16:01:36 UTC,/api/v1/category_rounds/6181/results,lead_one_group_two_routes,IFSC: 2 routes,1,,,,,,,1280,2,/api/v1/routes/1280/startlist,/api/v1/routes/1280/results
/api/v1/events/1193/result/5,1193,full_results_url,"IFSC - Climbing World Cup (B,L) - Innsbruck (AUT) 2021",LEAD Women,finished,2025-10-02 07:18:34 UTC,2026-04-22 09:07:57 UTC,,6595,lead,Semi-Final,Women,finished,2021-06-25 10:30:40 UTC,/api/v1/category_rounds/6595/results,lead_one_group_one_route,IFSC: 1 route,2,,,,,,,5145,1,/api/v1/routes/5145/startlist,/api/v1/routes/5145/results
/api/v1/events/1193/result/5,1193,full_results_url,"IFSC - Climbing World Cup (B,L) - Innsbruck (AUT) 2021",LEAD Women,finished,2025-10-02 07:18:34 UTC,2026-04-22 09:07:57 UTC,,6597,lead,Final,Women,finished,2021-06-25 18:49:36 UTC,/api/v1/category_rounds/6597/results,lead_one_group_one_route,IFSC: 1 route,3,,,,,,,5147,1,/api/v1/routes/5147/startlist,/api/v1/routes/5147/results
/api/v1/events/1193/result/3,1193,full_results_url,"IFSC - Climbing World Cup (B,L) - Innsbruck (AUT) 2021",BOULDER Men,finished,2025-10-02 07:18:34 UTC,2026-04-22 09:08:01 UTC,,6598,boulder,Semi-Final,Men,finished,2021-06-26 10:20:34 UTC,/api/v1/category_rounds/6598/results,boulder_one_group_one_boulder_set,IFSC: 1 group,2,,,,,,,5148,1,/api/v1/routes/5148/startlist,
/api/v1/events/1193/result/3,1193,full_results_url,"IFSC - Climbing World Cup (B,L) - Innsbruck (AUT) 2021",BOULDER Men,finished,2025-10-02 07:18:34 UTC,2026-04-22 09:08:01 UTC,,6598,boulder,Semi-Final,Men,finished,2021-06-26 10:20:34 UTC,/api/v1/category_rounds/6598/results,boulder_one_group_one_boulder_set,IFSC: 1 group,2,,,,,,,5149,2,/api/v1/routes/5149/startlist,
/api/v1/events/1193/result/3,1193,full_results_url,"IFSC - Climbing World Cup (B,L) - Innsbruck (AUT) 2021",BOULDER Men,finished,2025-10-02 07:18:34 UTC,2026-04-22 09:08:01 UTC,,6598,boulder,Semi-Final,Men,finished,2021-06-26 10:20:34 UTC,/api/v1/category_rounds/6598/results,boulder_one_group_one_boulder_set,IFSC: 1 group,2,,,,,,,5150,3,/api/v1/routes/5150/startlist,
/api/v1/events/1193/result/3,1193,full_results_url,"IFSC - Climbing World Cup (B,L) - Innsbruck (AUT) 2021",BOULDER Men,finished,2025-10-02 07:18:34 UTC,2026-04-22 09:08:01 UTC,,6598,boulder,Semi-Final,Men,finished,2021-06-26 10:20:34 UTC,/api/v1/category_rounds/6598/results,boulder_one_group_one_boulder_set,IFSC: 1 group,2,,,,,,,5151,4,/api/v1/routes/5151/startlist,
/api/v1/events/1193/result/3,1193,full_results_url,"IFSC - Climbing World Cup (B,L) - Innsbruck (AUT) 2021",BOULDER Men,finished,2025-10-02 07:18:34 UTC,2026-04-22 09:08:01 UTC,,6600,boulder,Final,Men,finished,2021-06-26 20:28:19 UTC,/api/v1/category_rounds/6600/results,boulder_finals_one_by_one,IFSC: Finals,3,,,,,,,5156,1,/api/v1/routes/5156/startlist,
/api/v1/events/1193/result/3,1193,full_results_url,"IFSC - Climbing World Cup (B,L) - Innsbruck (AUT) 2021",BOULDER Men,finished,2025-10-02 07:18:34 UTC,2026-04-22 09:08:01 UTC,,6600,boulder,Final,Men,finished,2021-06-26 20:28:19 UTC,/api/v1/category_rounds/6600/results,boulder_finals_one_by_one,IFSC: Finals,3,,,,,,,5157,2,/api/v1/routes/5157/startlist,
/api/v1/events/1193/result/3,1193,full_results_url,"IFSC - Climbing World Cup (B,L) - Innsbruck (AUT) 2021",BOULDER Men,finished,2025-10-02 07:18:34 UTC,2026-04-22 09:08:01 UTC,,6600,boulder,Final,Men,finished,2021-06-26 20:28:19 UTC,/api/v1/category_rounds/6600/results,boulder_finals_one_by_one,IFSC: Finals,3,,,,,,,5158,3,/api/v1/routes/5158/startlist,
/api/v1/events/1193/result/3,1193,full_results_url,"IFSC - Climbing World Cup (B,L) - Innsbruck (AUT) 2021",BOULDER Men,finished,2025-10-02 07:18:34 UTC,2026-04-22 09:08:01 UTC,,6600,boulder,Final,Men,finished,2021-06-26 20:28:19 UTC,/api/v1/category_rounds/6600/results,boulder_finals_one_by_one,IFSC: Finals,3,,,,,,,5159,4,/api/v1/routes/5159/startlist,
/api/v1/events/1193/result/7,1193,full_results_url,"IFSC - Climbing World Cup (B,L) - Innsbruck (AUT) 2021",BOULDER Women,finished,2025-10-02 07:18:34 UTC,2026-04-22 09:08:05 UTC,,6599,boulder,Semi-Final,Women,finished,2021-06-26 10:21:50 UTC,/api/v1/category_rounds/6599/results,boulder_one_group_one_boulder_set,IFSC: 1 group,2,,,,,,,5152,1,/api/v1/routes/5152/startlist,
/api/v1/events/1193/result/7,1193,full_results_url,"IFSC - Climbing World Cup (B,L) - Innsbruck (AUT) 2021",BOULDER Women,finished,2025-10-02 07:18:34 UTC,2026-04-22 09:08:05 UTC,,6599,boulder,Semi-Final,Women,finished,2021-06-26 10:21:50 UTC,/api/v1/category_rounds/6599/results,boulder_one_group_one_boulder_set,IFSC: 1 group,2,,,,,,,5153,2,/api/v1/routes/5153/startlist,
/api/v1/events/1193/result/7,1193,full_results_url,"IFSC - Climbing World Cup (B,L) - Innsbruck (AUT) 2021",BOULDER Women,finished,2025-10-02 07:18:34 UTC,2026-04-22 09:08:05 UTC,,6599,boulder,Semi-Final,Women,finished,2021-06-26 10:21:50 UTC,/api/v1/category_rounds/6599/results,boulder_one_group_one_boulder_set,IFSC: 1 group,2,,,,,,,5154,3,/api/v1/routes/5154/startlist,
/api/v1/events/1193/result/7,1193,full_results_url,"IFSC - Climbing World Cup (B,L) - Innsbruck (AUT) 2021",BOULDER Women,finished,2025-10-02 07:18:34 UTC,2026-04-22 09:08:05 UTC,,6599,boulder,Semi-Final,Women,finished,2021-06-26 10:21:50 UTC,/api/v1/category_rounds/6599/results,boulder_one_group_one_boulder_set,IFSC: 1 group,2,,,,,,,5155,4,/api/v1/routes/5155/startlist,
/api/v1/events/1193/result/7,1193,full_results_url,"IFSC - Climbing World Cup (B,L) - Innsbruck (AUT) 2021",BOULDER Women,finished,2025-10-02 07:18:34 UTC,2026-04-22 09:08:05 UTC,,6601,boulder,Final,Women,finished,2021-06-26 17:57:11 UTC,/api/v1/category_rounds/6601/results,boulder_finals_one_by_one,IFSC: Finals,3,,,,,,,5160,1,/api/v1/routes/5160/startlist,
/api/v1/events/1193/result/7,1193,full_results_url,"IFSC - Climbing World Cup (B,L) - Innsbruck (AUT) 2021",BOULDER Women,finished,2025-10-02 07:18:34 UTC,2026-04-22 09:08:05 UTC,,6601,boulder,Final,Women,finished,2021-06-26 17:57:11 UTC,/api/v1/category_rounds/6601/results,boulder_finals_one_by_one,IFSC: Finals,3,,,,,,,5161,2,/api/v1/routes/5161/startlist,
/api/v1/events/1193/result/7,1193,full_results_url,"IFSC - Climbing World Cup (B,L) - Innsbruck (AUT) 2021",BOULDER Women,finished,2025-10-02 07:18:34 UTC,2026-04-22 09:08:05 UTC,,6601,boulder,Final,Women,finished,2021-06-26 17:57:11 UTC,/api/v1/category_rounds/6601/results,boulder_finals_one_by_one,IFSC: Finals,3,,,,,,,5162,3,/api/v1/routes/5162/startlist,
/api/v1/events/1193/result/7,1193,full_results_url,"IFSC - Climbing World Cup (B,L) - Innsbruck (AUT) 2021",BOULDER Women,finished,2025-10-02 07:18:34 UTC,2026-04-22 09:08:05 UTC,,6601,boulder,Final,Women,finished,2021-06-26 17:57:11 UTC,/api/v1/category_rounds/6601/results,boulder_finals_one_by_one,IFSC: Finals,3,,,,,,,5163,4,/api/v1/routes/5163/startlist,
/api/v1/events/1208/result/226,1208,full_results_url,IFSC Europe - Continental Cup (S) - Innsbruck (AUT) 2021,SPEED Men,finished,2025-10-02 07:18:34 UTC,2026-04-22 09:08:09 UTC,,6268,speed,Qualification,Men,finished,2021-06-23 19:22:07 UTC,/api/v1/category_rounds/6268/results,speed_staggered,IFSC: Qualification,16,,,,,,,1647,A,/api/v1/routes/1647/startlist,
/api/v1/events/1208/result/226,1208,full_results_url,IFSC Europe - Continental Cup (S) - Innsbruck (AUT) 2021,SPEED Men,finished,2025-10-02 07:18:34 UTC,2026-04-22 09:08:09 UTC,,6268,speed,Qualification,Men,finished,2021-06-23 19:22:07 UTC,/api/v1/category_rounds/6268/results,speed_staggered,IFSC: Qualification,16,,,,,,,1648,B,/api/v1/routes/1648/startlist,
/api/v1/events/1208/result/226,1208,full_results_url,IFSC Europe - Continental Cup (S) - Innsbruck (AUT) 2021,SPEED Men,finished,2025-10-02 07:18:34 UTC,2026-04-22 09:08:09 UTC,,6604,speed,Final,Men,finished,2024-01-15 17:50:18 UTC,/api/v1/category_rounds/6604/results,speed_elimination_ifsc,IFSC 2021: Elimination,18,,,,,,,5164,A,/api/v1/routes/5164/startlist,
/api/v1/events/1208/result/226,1208,full_results_url,IFSC Europe - Continental Cup (S) - Innsbruck (AUT) 2021,SPEED Men,finished,2025-10-02 07:18:34 UTC,2026-04-22 09:08:09 UTC,,6604,speed,Final,Men,finished,2024-01-15 17:50:18 UTC,/api/v1/category_rounds/6604/results,speed_elimination_ifsc,IFSC 2021: Elimination,18,,,,,,,5165,B,/api/v1/routes/5165/startlist,
/api/v1/events/1208/result/230,1208,full_results_url,IFSC Europe - Continental Cup (S) - Innsbruck (AUT) 2021,SPEED Women,finished,2025-10-02 07:18:34 UTC,2026-04-22 09:08:12 UTC,,6269,speed,Qualification,Women,finished,2021-06-23 18:52:26 UTC,/api/v1/category_rounds/6269/results,speed_staggered,IFSC: Qualification,16,,,,,,,1649,A,/api/v1/routes/1649/startlist,
/api/v1/events/1208/result/230,1208,full_results_url,IFSC Europe - Continental Cup (S) - Innsbruck (AUT) 2021,SPEED Women,finished,2025-10-02 07:18:34 UTC,2026-04-22 09:08:12 UTC,,6269,speed,Qualification,Women,finished,2021-06-23 18:52:26 UTC,/api/v1/category_rounds/6269/results,speed_staggered,IFSC: Qualification,16,,,,,,,1650,B,/api/v1/routes/1650/startlist,
/api/v1/events/1208/result/230,1208,full_results_url,IFSC Europe - Continental Cup (S) - Innsbruck (AUT) 2021,SPEED Women,finished,2025-10-02 07:18:34 UTC,2026-04-22 09:08:12 UTC,,6606,speed,Final,Women,finished,2024-01-15 17:50:12 UTC,/api/v1/category_rounds/6606/results,speed_elimination_ifsc,IFSC 2021: Elimination,18,,,,,,,5168,A,/api/v1/routes/5168/startlist,
/api/v1/events/1208/result/230,1208,full_results_url,IFSC Europe - Continental Cup (S) - Innsbruck (AUT) 2021,SPEED Women,finished,2025-10-02 07:18:34 UTC,2026-04-22 09:08:12 UTC,,6606,speed,Final,Women,finished,2024-01-15 17:50:12 UTC,/api/v1/category_rounds/6606/results,speed_elimination_ifsc,IFSC 2021: Elimination,18,,,,,,,5169,B,/api/v1/routes/5169/startlist,
/api/v1/events/1209/result/226,1209,full_results_url,IFSC Europe - Continental Cup (S) - Gaflenz (AUT) 2021,SPEED Men,finished,2025-10-02 07:18:34 UTC,2026-04-22 09:08:15 UTC,,6270,speed,Qualification,Men,finished,2021-06-27 17:52:48 UTC,/api/v1/category_rounds/6270/results,speed_staggered,IFSC: Qualification,16,,,,,,,1651,A,/api/v1/routes/1651/startlist,
/api/v1/events/1209/result/226,1209,full_results_url,IFSC Europe - Continental Cup (S) - Gaflenz (AUT) 2021,SPEED Men,finished,2025-10-02 07:18:34 UTC,2026-04-22 09:08:15 UTC,,6270,speed,Qualification,Men,finished,2021-06-27 17:52:48 UTC,/api/v1/category_rounds/6270/results,speed_staggered,IFSC: Qualification,16,,,,,,,1652,B,/api/v1/routes/1652/startlist,
/api/v1/events/1209/result/226,1209,full_results_url,IFSC Europe - Continental Cup (S) - Gaflenz (AUT) 2021,SPEED Men,finished,2025-10-02 07:18:34 UTC,2026-04-22 09:08:15 UTC,,6613,speed,Final,Men,finished,2024-01-15 18:01:51 UTC,/api/v1/category_rounds/6613/results,speed_elimination_ifsc,IFSC 2021: Elimination,18,,,,,,,5182,A,/api/v1/routes/5182/startlist,
/api/v1/events/1209/result/226,1209,full_results_url,IFSC Europe - Continental Cup (S) - Gaflenz (AUT) 2021,SPEED Men,finished,2025-10-02 07:18:34 UTC,2026-04-22 09:08:15 UTC,,6613,speed,Final,Men,finished,2024-01-15 18:01:51 UTC,/api/v1/category_rounds/6613/results,speed_elimination_ifsc,IFSC 2021: Elimination,18,,,,,,,5183,B,/api/v1/routes/5183/startlist,
/api/v1/events/1209/result/230,1209,full_results_url,IFSC Europe - Continental Cup (S) - Gaflenz (AUT) 2021,SPEED Women,finished,2025-10-02 07:18:34 UTC,2026-04-22 09:08:19 UTC,,6271,speed,Qualification,Women,finished,2021-06-27 17:18:51 UTC,/api/v1/category_rounds/6271/results,speed_staggered,IFSC: Qualification,16,,,,,,,1653,A,/api/v1/routes/1653/startlist,
/api/v1/events/1209/result/230,1209,full_results_url,IFSC Europe - Continental Cup (S) - Gaflenz (AUT) 2021,SPEED Women,finished,2025-10-02 07:18:34 UTC,2026-04-22 09:08:19 UTC,,6271,speed,Qualification,Women,finished,2021-06-27 17:18:51 UTC,/api/v1/category_rounds/6271/results,speed_staggered,IFSC: Qualification,16,,,,,,,1654,B,/api/v1/routes/1654/startlist,
/api/v1/events/1209/result/230,1209,full_results_url,IFSC Europe - Continental Cup (S) - Gaflenz (AUT) 2021,SPEED Women,finished,2025-10-02 07:18:34 UTC,2026-04-22 09:08:19 UTC,,6614,speed,Final,Women,finished,2024-01-15 18:01:54 UTC,/api/v1/category_rounds/6614/results,speed_elimination_ifsc,IFSC 2021: Elimination,18,,,,,,,5184,A,/api/v1/routes/5184/startlist,
/api/v1/events/1209/result/230,1209,full_results_url,IFSC Europe - Continental Cup (S) - Gaflenz (AUT) 2021,SPEED Women,finished,2025-10-02 07:18:34 UTC,2026-04-22 09:08:19 UTC,,6614,speed,Final,Women,finished,2024-01-15 18:01:54 UTC,/api/v1/category_rounds/6614/results,speed_elimination_ifsc,IFSC 2021: Elimination,18,,,,,,,5185,B,/api/v1/routes/5185/startlist,
/api/v1/events/1217/result/234,1217,full_results_url,IFSC Europe - Continental Youth Cup (S) - Gaflenz (AUT),SPEED Juniors Male,finished,2025-10-02 07:18:35 UTC,2026-04-22 09:08:22 UTC,,6316,speed,Qualification,Juniors Male,finished,2021-06-27 07:34:12 UTC,/api/v1/category_rounds/6316/results,speed_staggered,IFSC: Qualification,19,,,,,,,1779,A,/api/v1/routes/1779/startlist,
/api/v1/events/1217/result/234,1217,full_results_url,IFSC Europe - Continental Youth Cup (S) - Gaflenz (AUT),SPEED Juniors Male,finished,2025-10-02 07:18:35 UTC,2026-04-22 09:08:22 UTC,,6316,speed,Qualification,Juniors Male,finished,2021-06-27 07:34:12 UTC,/api/v1/category_rounds/6316/results,speed_staggered,IFSC: Qualification,19,,,,,,,1780,B,/api/v1/routes/1780/startlist,
/api/v1/events/1217/result/234,1217,full_results_url,IFSC Europe - Continental Youth Cup (S) - Gaflenz (AUT),SPEED Juniors Male,finished,2025-10-02 07:18:35 UTC,2026-04-22 09:08:22 UTC,,6607,speed,Final,Juniors Male,finished,2024-01-17 07:08:02 UTC,/api/v1/category_rounds/6607/results,speed_elimination_ifsc,IFSC 2021: Elimination,21,,,,,,,5170,A,/api/v1/routes/5170/startlist,
/api/v1/events/1217/result/234,1217,full_results_url,IFSC Europe - Continental Youth Cup (S) - Gaflenz (AUT),SPEED Juniors Male,finished,2025-10-02 07:18:35 UTC,2026-04-22 09:08:22 UTC,,6607,speed,Final,Juniors Male,finished,2024-01-17 07:08:02 UTC,/api/v1/category_rounds/6607/results,speed_elimination_ifsc,IFSC 2021: Elimination,21,,,,,,,5171,B,/api/v1/routes/5171/startlist,
/api/v1/events/1217/result/238,1217,full_results_url,IFSC Europe - Continental Youth Cup (S) - Gaflenz (AUT),SPEED Youth A Male,finished,2025-10-02 07:18:35 UTC,2026-04-22 09:08:26 UTC,,6317,speed,Qualification,Youth A Male,finished,2021-06-27 09:44:06 UTC,/api/v1/category_rounds/6317/results,speed_staggered,IFSC: Qualification,19,,,,,,,1781,A,/api/v1/routes/1781/startlist,
/api/v1/events/1217/result/238,1217,full_results_url,IFSC Europe - Continental Youth Cup (S) - Gaflenz (AUT),SPEED Youth A Male,finished,2025-10-02 07:18:35 UTC,2026-04-22 09:08:26 UTC,,6317,speed,Qualification,Youth A Male,finished,2021-06-27 09:44:06 UTC,/api/v1/category_rounds/6317/results,speed_staggered,IFSC: Qualification,19,,,,,,,1782,B,/api/v1/routes/1782/startlist,
/api/v1/events/1217/result/238,1217,full_results_url,IFSC Europe - Continental Youth Cup (S) - Gaflenz (AUT),SPEED Youth A Male,finished,2025-10-02 07:18:35 UTC,2026-04-22 09:08:26 UTC,,6608,speed,Final,Youth A Male,finished,2024-01-17 07:08:03 UTC,/api/v1/category_rounds/6608/results,speed_elimination_ifsc,IFSC 2021: Elimination,21,,,,,,,5172,A,/api/v1/routes/5172/startlist,
/api/v1/events/1217/result/238,1217,full_results_url,IFSC Europe - Continental Youth Cup (S) - Gaflenz (AUT),SPEED Youth A Male,finished,2025-10-02 07:18:35 UTC,2026-04-22 09:08:26 UTC,,6608,speed,Final,Youth A Male,finished,2024-01-17 07:08:03 UTC,/api/v1/category_rounds/6608/results,speed_elimination_ifsc,IFSC 2021: Elimination,21,,,,,,,5173,B,/api/v1/routes/5173/startlist,
/api/v1/events/1217/result/242,1217,full_results_url,IFSC Europe - Continental Youth Cup (S) - Gaflenz (AUT),SPEED Youth B Male,finished,2025-10-02 07:18:35 UTC,2026-04-22 09:08:29 UTC,,6318,speed,Qualification,Youth B Male,finished,2021-06-27 12:06:08 UTC,/api/v1/category_rounds/6318/results,speed_staggered,IFSC: Qualification,19,,,,,,,1783,A,/api/v1/routes/1783/startlist,
/api/v1/events/1217/result/242,1217,full_results_url,IFSC Europe - Continental Youth Cup (S) - Gaflenz (AUT),SPEED Youth B Male,finished,2025-10-02 07:18:35 UTC,2026-04-22 09:08:29 UTC,,6318,speed,Qualification,Youth B Male,finished,2021-06-27 12:06:08 UTC,/api/v1/category_rounds/6318/results,speed_staggered,IFSC: Qualification,19,,,,,,,1784,B,/api/v1/routes/1784/startlist,
/api/v1/events/1217/result/242,1217,full_results_url,IFSC Europe - Continental Youth Cup (S) - Gaflenz (AUT),SPEED Youth B Male,finished,2025-10-02 07:18:35 UTC,2026-04-22 09:08:29 UTC,,6609,speed,Final,Youth B Male,finished,2024-01-17 07:08:03 UTC,/api/v1/category_rounds/6609/results,speed_elimination_ifsc,IFSC 2021: Elimination,21,,,,,,,5174,A,/api/v1/routes/5174/startlist,
/api/v1/events/1217/result/242,1217,full_results_url,IFSC Europe - Continental Youth Cup (S) - Gaflenz (AUT),SPEED Youth B Male,finished,2025-10-02 07:18:35 UTC,2026-04-22 09:08:29 UTC,,6609,speed,Final,Youth B Male,finished,2024-01-17 07:08:03 UTC,/api/v1/category_rounds/6609/results,speed_elimination_ifsc,IFSC 2021: Elimination,21,,,,,,,5175,B,/api/v1/routes/5175/startlist,
/api/v1/events/1217/result/250,1217,full_results_url,IFSC Europe - Continental Youth Cup (S) - Gaflenz (AUT),SPEED Juniors Female,finished,2025-10-02 07:18:35 UTC,2026-04-22 09:08:32 UTC,,6319,speed,Qualification,Juniors Female,finished,2021-06-27 07:16:46 UTC,/api/v1/category_rounds/6319/results,speed_staggered,IFSC: Qualification,19,,,,,,,1785,A,/api/v1/routes/1785/startlist,
/api/v1/events/1217/result/250,1217,full_results_url,IFSC Europe - Continental Youth Cup (S) - Gaflenz (AUT),SPEED Juniors Female,finished,2025-10-02 07:18:35 UTC,2026-04-22 09:08:32 UTC,,6319,speed,Qualification,Juniors Female,finished,2021-06-27 07:16:46 UTC,/api/v1/category_rounds/6319/results,speed_staggered,IFSC: Qualification,19,,,,,,,1786,B,/api/v1/routes/1786/startlist,
/api/v1/events/1217/result/250,1217,full_results_url,IFSC Europe - Continental Youth Cup (S) - Gaflenz (AUT),SPEED Juniors Female,finished,2025-10-02 07:18:35 UTC,2026-04-22 09:08:32 UTC,,6610,speed,Final,Juniors Female,finished,2024-01-17 07:08:04 UTC,/api/v1/category_rounds/6610/results,speed_elimination_ifsc,IFSC 2021: Elimination,21,,,,,,,5176,A,/api/v1/routes/5176/startlist,
/api/v1/events/1217/result/250,1217,full_results_url,IFSC Europe - Continental Youth Cup (S) - Gaflenz (AUT),SPEED Juniors Female,finished,2025-10-02 07:18:35 UTC,2026-04-22 09:08:32 UTC,,6610,speed,Final,Juniors Female,finished,2024-01-17 07:08:04 UTC,/api/v1/category_rounds/6610/results,speed_elimination_ifsc,IFSC 2021: Elimination,21,,,,,,,5177,B,/api/v1/routes/5177/startlist,
/api/v1/events/1217/result/254,1217,full_results_url,IFSC Europe - Continental Youth Cup (S) - Gaflenz (AUT),SPEED Youth A Female,finished,2025-10-02 07:18:35 UTC,2026-04-22 09:08:35 UTC,,6320,speed,Qualification,Youth A Female,finished,2021-06-27 09:37:10 UTC,/api/v1/category_rounds/6320/results,speed_staggered,IFSC: Qualification,19,,,,,,,1787,A,/api/v1/routes/1787/startlist,
/api/v1/events/1217/result/254,1217,full_results_url,IFSC Europe - Continental Youth Cup (S) - Gaflenz (AUT),SPEED Youth A Female,finished,2025-10-02 07:18:35 UTC,2026-04-22 09:08:35 UTC,,6320,speed,Qualification,Youth A Female,finished,2021-06-27 09:37:10 UTC,/api/v1/category_rounds/6320/results,speed_staggered,IFSC: Qualification,19,,,,,,,1788,B,/api/v1/routes/1788/startlist,
/api/v1/events/1217/result/254,1217,full_results_url,IFSC Europe - Continental Youth Cup (S) - Gaflenz (AUT),SPEED Youth A Female,finished,2025-10-02 07:18:35 UTC,2026-04-22 09:08:35 UTC,,6611,speed,Final,Youth A Female,finished,2024-01-17 07:08:04 UTC,/api/v1/category_rounds/6611/results,speed_elimination_ifsc,IFSC 2021: Elimination,21,,,,,,,5178,A,/api/v1/routes/5178/startlist,
/api/v1/events/1217/result/254,1217,full_results_url,IFSC Europe - Continental Youth Cup (S) - Gaflenz (AUT),SPEED Youth A Female,finished,2025-10-02 07:18:35 UTC,2026-04-22 09:08:35 UTC,,6611,speed,Final,Youth A Female,finished,2024-01-17 07:08:04 UTC,/api/v1/category_rounds/6611/results,speed_elimination_ifsc,IFSC 2021: Elimination,21,,,,,,,5179,B,/api/v1/routes/5179/startlist,
/api/v1/events/1217/result/258,1217,full_results_url,IFSC Europe - Continental Youth Cup (S) - Gaflenz (AUT),SPEED Youth B Female,finished,2025-10-02 07:18:35 UTC,2026-04-22 09:08:38 UTC,,6321,speed,Qualification,Youth B Female,finished,2021-06-27 11:46:16 UTC,/api/v1/category_rounds/6321/results,speed_staggered,IFSC: Qualification,19,,,,,,,1789,A,/api/v1/routes/1789/startlist,
/api/v1/events/1217/result/258,1217,full_results_url,IFSC Europe - Continental Youth Cup (S) - Gaflenz (AUT),SPEED Youth B Female,finished,2025-10-02 07:18:35 UTC,2026-04-22 09:08:38 UTC,,6321,speed,Qualification,Youth B Female,finished,2021-06-27 11:46:16 UTC,/api/v1/category_rounds/6321/results,speed_staggered,IFSC: Qualification,19,,,,,,,1790,B,/api/v1/routes/1790/startlist,
/api/v1/events/1217/result/258,1217,full_results_url,IFSC Europe - Continental Youth Cup (S) - Gaflenz (AUT),SPEED Youth B Female,finished,2025-10-02 07:18:35 UTC,2026-04-22 09:08:38 UTC,,6612,speed,Final,Youth B Female,finished,2024-01-17 07:08:05 UTC,/api/v1/category_rounds/6612/results,speed_elimination_ifsc,IFSC 2021: Elimination,21,,,,,,,5180,A,/api/v1/routes/5180/startlist,
/api/v1/events/1217/result/258,1217,full_results_url,IFSC Europe - Continental Youth Cup (S) - Gaflenz (AUT),SPEED Youth B Female,finished,2025-10-02 07:18:35 UTC,2026-04-22 09:08:38 UTC,,6612,speed,Final,Youth B Female,finished,2024-01-17 07:08:05 UTC,/api/v1/category_rounds/6612/results,speed_elimination_ifsc,IFSC 2021: Elimination,21,,,,,,,5181,B,/api/v1/routes/5181/startlist,
/api/v1/events/1194/result/1,1194,full_results_url,"IFSC - Climbing World Cup (L,S) - Villars (SUI) 2021",LEAD Men,finished,2025-10-02 07:18:34 UTC,2026-04-22 09:08:41 UTC,,6184,lead,Qualification,Men,finished,2021-07-02 14:12:21 UTC,/api/v1/category_rounds/6184/results,lead_one_group_two_routes,IFSC: 2 routes,1,,,,,,,1301,1,/api/v1/routes/1301/startlist,/api/v1/routes/1301/results
/api/v1/events/1194/result/1,1194,full_results_url,"IFSC - Climbing World Cup (L,S) - Villars (SUI) 2021",LEAD Men,finished,2025-10-02 07:18:34 UTC,2026-04-22 09:08:41 UTC,,6184,lead,Qualification,Men,finished,2021-07-02 14:12:21 UTC,/api/v1/category_rounds/6184/results,lead_one_group_two_routes,IFSC: 2 routes,1,,,,,,,1302,2,/api/v1/routes/1302/startlist,/api/v1/routes/1302/results
/api/v1/events/1194/result/1,1194,full_results_url,"IFSC - Climbing World Cup (L,S) - Villars (SUI) 2021",LEAD Men,finished,2025-10-02 07:18:34 UTC,2026-04-22 09:08:41 UTC,,6615,lead,Semi-Final,Men,finished,2021-07-03 10:38:08 UTC,/api/v1/category_rounds/6615/results,lead_one_group_one_route,IFSC: 1 route,2,,,,,,,5186,1,/api/v1/routes/5186/startlist,/api/v1/routes/5186/results
/api/v1/events/1194/result/1,1194,full_results_url,"IFSC - Climbing World Cup (L,S) - Villars (SUI) 2021",LEAD Men,finished,2025-10-02 07:18:34 UTC,2026-04-22 09:08:41 UTC,,6617,lead,Final,Men,finished,2021-07-03 18:48:24 UTC,/api/v1/category_rounds/6617/results,lead_one_group_one_route,IFSC: 1 route,3,,,,,,,5188,1,/api/v1/routes/5188/startlist,/api/v1/routes/5188/results
/api/v1/events/1194/result/5,1194,full_results_url,"IFSC - Climbing World Cup (L,S) - Villars (SUI) 2021",LEAD Women,finished,2025-10-02 07:18:34 UTC,2026-04-22 09:08:45 UTC,,6185,lead,Qualification,Women,finished,2021-07-02 12:27:51 UTC,/api/v1/category_rounds/6185/results,lead_one_group_two_routes,IFSC: 2 routes,1,,,,,,,1303,1,/api/v1/routes/1303/startlist,/api/v1/routes/1303/results
/api/v1/events/1194/result/5,1194,full_results_url,"IFSC - Climbing World Cup (L,S) - Villars (SUI) 2021",LEAD Women,finished,2025-10-02 07:18:34 UTC,2026-04-22 09:08:45 UTC,,6185,lead,Qualification,Women,finished,2021-07-02 12:27:51 UTC,/api/v1/category_rounds/6185/results,lead_one_group_two_routes,IFSC: 2 routes,1,,,,,,,1304,2,/api/v1/routes/1304/startlist,/api/v1/routes/1304/results
/api/v1/events/1194/result/5,1194,full_results_url,"IFSC - Climbing World Cup (L,S) - Villars (SUI) 2021",LEAD Women,finished,2025-10-02 07:18:34 UTC,2026-04-22 09:08:45 UTC,,6616,lead,Semi-Final,Women,finished,2021-07-03 10:35:21 UTC,/api/v1/category_rounds/6616/results,lead_one_group_one_route,IFSC: 1 route,2,,,,,,,5187,1,/api/v1/routes/5187/startlist,/api/v1/routes/5187/results
/api/v1/events/1194/result/5,1194,full_results_url,"IFSC - Climbing World Cup (L,S) - Villars (SUI) 2021",LEAD Women,finished,2025-10-02 07:18:34 UTC,2026-04-22 09:08:45 UTC,,6618,lead,Final,Women,finished,2021-07-03 20:57:29 UTC,/api/v1/category_rounds/6618/results,lead_one_group_one_route,IFSC: 1 route,3,,,,,,,5189,1,/api/v1/routes/5189/startlist,/api/v1/routes/5189/results
/api/v1/events/1194/result/2,1194,full_results_url,"IFSC - Climbing World Cup (L,S) - Villars (SUI) 2021",SPEED Men,finished,2025-10-02 07:18:34 UTC,2026-04-22 09:08:49 UTC,,6196,speed,Qualification,Men,finished,2021-07-01 14:18:53 UTC,/api/v1/category_rounds/6196/results,speed_staggered,IFSC: Qualification,1,,,,,,,1325,A,/api/v1/routes/1325/startlist,
/api/v1/events/1194/result/2,1194,full_results_url,"IFSC - Climbing World Cup (L,S) - Villars (SUI) 2021",SPEED Men,finished,2025-10-02 07:18:34 UTC,2026-04-22 09:08:49 UTC,,6196,speed,Qualification,Men,finished,2021-07-01 14:18:53 UTC,/api/v1/category_rounds/6196/results,speed_staggered,IFSC: Qualification,1,,,,,,,1326,B,/api/v1/routes/1326/startlist,
/api/v1/events/1194/result/2,1194,full_results_url,"IFSC - Climbing World Cup (L,S) - Villars (SUI) 2021",SPEED Men,finished,2025-10-02 07:18:34 UTC,2026-04-22 09:08:49 UTC,,6619,speed,Final,Men,finished,2024-01-16 02:23:40 UTC,/api/v1/category_rounds/6619/results,speed_elimination_ifsc,IFSC 2021: Elimination,3,,,,,,,5190,A,/api/v1/routes/5190/startlist,
/api/v1/events/1194/result/2,1194,full_results_url,"IFSC - Climbing World Cup (L,S) - Villars (SUI) 2021",SPEED Men,finished,2025-10-02 07:18:34 UTC,2026-04-22 09:08:49 UTC,,6619,speed,Final,Men,finished,2024-01-16 02:23:40 UTC,/api/v1/category_rounds/6619/results,speed_elimination_ifsc,IFSC 2021: Elimination,3,,,,,,,5191,B,/api/v1/routes/5191/startlist,
/api/v1/events/1194/result/6,1194,full_results_url,"IFSC - Climbing World Cup (L,S) - Villars (SUI) 2021",SPEED Women,finished,2025-10-02 07:18:34 UTC,2026-04-22 09:08:52 UTC,,6197,speed,Qualification,Women,finished,2021-07-01 15:14:06 UTC,/api/v1/category_rounds/6197/results,speed_staggered,IFSC: Qualification,1,,,,,,,1327,A,/api/v1/routes/1327/startlist,
/api/v1/events/1194/result/6,1194,full_results_url,"IFSC - Climbing World Cup (L,S) - Villars (SUI) 2021",SPEED Women,finished,2025-10-02 07:18:34 UTC,2026-04-22 09:08:52 UTC,,6197,speed,Qualification,Women,finished,2021-07-01 15:14:06 UTC,/api/v1/category_rounds/6197/results,speed_staggered,IFSC: Qualification,1,,,,,,,1328,B,/api/v1/routes/1328/startlist,
/api/v1/events/1194/result/6,1194,full_results_url,"IFSC - Climbing World Cup (L,S) - Villars (SUI) 2021",SPEED Women,finished,2025-10-02 07:18:34 UTC,2026-04-22 09:08:52 UTC,,6620,speed,Final,Women,finished,2024-01-16 02:23:37 UTC,/api/v1/category_rounds/6620/results,speed_elimination_ifsc,IFSC 2021: Elimination,3,,,,,,,5192,A,/api/v1/routes/5192/startlist,
/api/v1/events/1194/result/6,1194,full_results_url,"IFSC - Climbing World Cup (L,S) - Villars (SUI) 2021",SPEED Women,finished,2025-10-02 07:18:34 UTC,2026-04-22 09:08:52 UTC,,6620,speed,Final,Women,finished,2024-01-16 02:23:37 UTC,/api/v1/category_rounds/6620/results,speed_elimination_ifsc,IFSC 2021: Elimination,3,,,,,,,5193,B,/api/v1/routes/5193/startlist,
/api/v1/events/1218/result/233,1218,full_results_url,"IFSC Europe - Continental Youth Cup (L,S) - Puurs (BEL) 2021",LEAD Juniors Male,finished,2025-10-02 07:18:35 UTC,2026-04-22 09:08:56 UTC,,6322,lead,Qualification,Juniors Male,finished,2021-07-03 15:14:22 UTC,/api/v1/category_rounds/6322/results,lead_one_group_two_routes,IFSC: 2 routes,19,,,,,,,1791,1,/api/v1/routes/1791/startlist,/api/v1/routes/1791/results
/api/v1/events/1218/result/233,1218,full_results_url,"IFSC Europe - Continental Youth Cup (L,S) - Puurs (BEL) 2021",LEAD Juniors Male,finished,2025-10-02 07:18:35 UTC,2026-04-22 09:08:56 UTC,,6322,lead,Qualification,Juniors Male,finished,2021-07-03 15:14:22 UTC,/api/v1/category_rounds/6322/results,lead_one_group_two_routes,IFSC: 2 routes,19,,,,,,,1792,2,/api/v1/routes/1792/startlist,/api/v1/routes/1792/results
/api/v1/events/1218/result/233,1218,full_results_url,"IFSC Europe - Continental Youth Cup (L,S) - Puurs (BEL) 2021",LEAD Juniors Male,finished,2025-10-02 07:18:35 UTC,2026-04-22 09:08:56 UTC,,6541,lead,Final,Juniors Male,finished,2021-07-04 12:19:52 UTC,/api/v1/category_rounds/6541/results,lead_one_group_one_route,IFSC: 1 route,21,,,,,,,5032,1,/api/v1/routes/5032/startlist,/api/v1/routes/5032/results
/api/v1/events/1218/result/237,1218,full_results_url,"IFSC Europe - Continental Youth Cup (L,S) - Puurs (BEL) 2021",LEAD Youth A Male,finished,2025-10-02 07:18:35 UTC,2026-04-22 09:08:59 UTC,,6323,lead,Qualification,Youth A Male,finished,2021-07-03 11:21:58 UTC,/api/v1/category_rounds/6323/results,lead_one_group_two_routes,IFSC: 2 routes,19,,,,,,,1793,1,/api/v1/routes/1793/startlist,/api/v1/routes/1793/results
/api/v1/events/1218/result/237,1218,full_results_url,"IFSC Europe - Continental Youth Cup (L,S) - Puurs (BEL) 2021",LEAD Youth A Male,finished,2025-10-02 07:18:35 UTC,2026-04-22 09:08:59 UTC,,6323,lead,Qualification,Youth A Male,finished,2021-07-03 11:21:58 UTC,/api/v1/category_rounds/6323/results,lead_one_group_two_routes,IFSC: 2 routes,19,,,,,,,1794,2,/api/v1/routes/1794/startlist,/api/v1/routes/1794/results
/api/v1/events/1218/result/237,1218,full_results_url,"IFSC Europe - Continental Youth Cup (L,S) - Puurs (BEL) 2021",LEAD Youth A Male,finished,2025-10-02 07:18:35 UTC,2026-04-22 09:08:59 UTC,,6542,lead,Final,Youth A Male,finished,2021-07-04 10:46:27 UTC,/api/v1/category_rounds/6542/results,lead_one_group_one_route,IFSC: 1 route,21,,,,,,,5033,1,/api/v1/routes/5033/startlist,/api/v1/routes/5033/results
/api/v1/events/1218/result/241,1218,full_results_url,"IFSC Europe - Continental Youth Cup (L,S) - Puurs (BEL) 2021",LEAD Youth B Male,finished,2025-10-02 07:18:35 UTC,2026-04-22 09:09:02 UTC,,6324,lead,Qualification,Youth B Male,finished,2021-07-03 16:43:02 UTC,/api/v1/category_rounds/6324/results,lead_one_group_two_routes,IFSC: 2 routes,19,,,,,,,1795,1,/api/v1/routes/1795/startlist,/api/v1/routes/1795/results
/api/v1/events/1218/result/241,1218,full_results_url,"IFSC Europe - Continental Youth Cup (L,S) - Puurs (BEL) 2021",LEAD Youth B Male,finished,2025-10-02 07:18:35 UTC,2026-04-22 09:09:02 UTC,,6324,lead,Qualification,Youth B Male,finished,2021-07-03 16:43:02 UTC,/api/v1/category_rounds/6324/results,lead_one_group_two_routes,IFSC: 2 routes,19,,,,,,,1796,2,/api/v1/routes/1796/startlist,/api/v1/routes/1796/results
/api/v1/events/1218/result/241,1218,full_results_url,"IFSC Europe - Continental Youth Cup (L,S) - Puurs (BEL) 2021",LEAD Youth B Male,finished,2025-10-02 07:18:35 UTC,2026-04-22 09:09:02 UTC,,6543,lead,Final,Youth B Male,finished,2021-07-04 09:04:26 UTC,/api/v1/category_rounds/6543/results,lead_one_group_one_route,IFSC: 1 route,21,,,,,,,5034,1,/api/v1/routes/5034/startlist,/api/v1/routes/5034/results
/api/v1/events/1218/result/249,1218,full_results_url,"IFSC Europe - Continental Youth Cup (L,S) - Puurs (BEL) 2021",LEAD Juniors Female,finished,2025-10-02 07:18:35 UTC,2026-04-22 09:09:06 UTC,,6325,lead,Qualification,Juniors Female,finished,2021-07-03 16:28:22 UTC,/api/v1/category_rounds/6325/results,lead_one_group_two_routes,IFSC: 2 routes,19,,,,,,,1797,1,/api/v1/routes/1797/startlist,/api/v1/routes/1797/results
/api/v1/events/1218/result/249,1218,full_results_url,"IFSC Europe - Continental Youth Cup (L,S) - Puurs (BEL) 2021",LEAD Juniors Female,finished,2025-10-02 07:18:35 UTC,2026-04-22 09:09:06 UTC,,6325,lead,Qualification,Juniors Female,finished,2021-07-03 16:28:22 UTC,/api/v1/category_rounds/6325/results,lead_one_group_two_routes,IFSC: 2 routes,19,,,,,,,1798,2,/api/v1/routes/1798/startlist,/api/v1/routes/1798/results
/api/v1/events/1218/result/249,1218,full_results_url,"IFSC Europe - Continental Youth Cup (L,S) - Puurs (BEL) 2021",LEAD Juniors Female,finished,2025-10-02 07:18:35 UTC,2026-04-22 09:09:06 UTC,,6544,lead,Final,Juniors Female,finished,2021-07-04 12:19:38 UTC,/api/v1/category_rounds/6544/results,lead_one_group_one_route,IFSC: 1 route,21,,,,,,,5035,1,/api/v1/routes/5035/startlist,/api/v1/routes/5035/results
/api/v1/events/1218/result/253,1218,full_results_url,"IFSC Europe - Continental Youth Cup (L,S) - Puurs (BEL) 2021",LEAD Youth A Female,finished,2025-10-02 07:18:35 UTC,2026-04-22 09:09:09 UTC,,6326,lead,Qualification,Youth A Female,finished,2021-07-03 10:53:47 UTC,/api/v1/category_rounds/6326/results,lead_one_group_two_routes,IFSC: 2 routes,19,,,,,,,1799,1,/api/v1/routes/1799/startlist,/api/v1/routes/1799/results
/api/v1/events/1218/result/253,1218,full_results_url,"IFSC Europe - Continental Youth Cup (L,S) - Puurs (BEL) 2021",LEAD Youth A Female,finished,2025-10-02 07:18:35 UTC,2026-04-22 09:09:09 UTC,,6326,lead,Qualification,Youth A Female,finished,2021-07-03 10:53:47 UTC,/api/v1/category_rounds/6326/results,lead_one_group_two_routes,IFSC: 2 routes,19,,,,,,,1800,2,/api/v1/routes/1800/startlist,/api/v1/routes/1800/results
/api/v1/events/1218/result/253,1218,full_results_url,"IFSC Europe - Continental Youth Cup (L,S) - Puurs (BEL) 2021",LEAD Youth A Female,finished,2025-10-02 07:18:35 UTC,2026-04-22 09:09:09 UTC,,6545,lead,Final,Youth A Female,finished,2021-07-04 10:42:10 UTC,/api/v1/category_rounds/6545/results,lead_one_group_one_route,IFSC: 1 route,21,,,,,,,5036,1,/api/v1/routes/5036/startlist,/api/v1/routes/5036/results
/api/v1/events/1218/result/257,1218,full_results_url,"IFSC Europe - Continental Youth Cup (L,S) - Puurs (BEL) 2021",LEAD Youth B Female,finished,2025-10-02 07:18:35 UTC,2026-04-22 09:09:13 UTC,,6327,lead,Qualification,Youth B Female,finished,2021-07-03 11:23:42 UTC,/api/v1/category_rounds/6327/results,lead_one_group_two_routes,IFSC: 2 routes,19,,,,,,,1801,1,/api/v1/routes/1801/startlist,/api/v1/routes/1801/results
/api/v1/events/1218/result/257,1218,full_results_url,"IFSC Europe - Continental Youth Cup (L,S) - Puurs (BEL) 2021",LEAD Youth B Female,finished,2025-10-02 07:18:35 UTC,2026-04-22 09:09:13 UTC,,6327,lead,Qualification,Youth B Female,finished,2021-07-03 11:23:42 UTC,/api/v1/category_rounds/6327/results,lead_one_group_two_routes,IFSC: 2 routes,19,,,,,,,1802,2,/api/v1/routes/1802/startlist,/api/v1/routes/1802/results
/api/v1/events/1218/result/257,1218,full_results_url,"IFSC Europe - Continental Youth Cup (L,S) - Puurs (BEL) 2021",LEAD Youth B Female,finished,2025-10-02 07:18:35 UTC,2026-04-22 09:09:13 UTC,,6546,lead,Final,Youth B Female,finished,2021-07-04 09:04:20 UTC,/api/v1/category_rounds/6546/results,lead_one_group_one_route,IFSC: 1 route,21,,,,,,,5037,1,/api/v1/routes/5037/startlist,/api/v1/routes/5037/results
/api/v1/events/1218/result/234,1218,full_results_url,"IFSC Europe - Continental Youth Cup (L,S) - Puurs (BEL) 2021",SPEED Juniors Male,finished,2025-10-02 07:18:35 UTC,2026-04-22 09:09:16 UTC,,6328,speed,Qualification,Juniors Male,finished,2021-07-02 13:47:39 UTC,/api/v1/category_rounds/6328/results,speed_staggered_tolerate_false_start,IFSC-E: Qualification (Tolerate FS),19,,,,,,,5050,A,/api/v1/routes/5050/startlist,
/api/v1/events/1218/result/234,1218,full_results_url,"IFSC Europe - Continental Youth Cup (L,S) - Puurs (BEL) 2021",SPEED Juniors Male,finished,2025-10-02 07:18:35 UTC,2026-04-22 09:09:16 UTC,,6328,speed,Qualification,Juniors Male,finished,2021-07-02 13:47:39 UTC,/api/v1/category_rounds/6328/results,speed_staggered_tolerate_false_start,IFSC-E: Qualification (Tolerate FS),19,,,,,,,5051,B,/api/v1/routes/5051/startlist,
/api/v1/events/1218/result/234,1218,full_results_url,"IFSC Europe - Continental Youth Cup (L,S) - Puurs (BEL) 2021",SPEED Juniors Male,finished,2025-10-02 07:18:35 UTC,2026-04-22 09:09:16 UTC,,6547,speed,Final,Juniors Male,finished,2024-01-17 07:08:14 UTC,/api/v1/category_rounds/6547/results,speed_elimination_ifsc,IFSC 2021: Elimination,21,,,,,,,5038,A,/api/v1/routes/5038/startlist,
/api/v1/events/1218/result/234,1218,full_results_url,"IFSC Europe - Continental Youth Cup (L,S) - Puurs (BEL) 2021",SPEED Juniors Male,finished,2025-10-02 07:18:35 UTC,2026-04-22 09:09:16 UTC,,6547,speed,Final,Juniors Male,finished,2024-01-17 07:08:14 UTC,/api/v1/category_rounds/6547/results,speed_elimination_ifsc,IFSC 2021: Elimination,21,,,,,,,5039,B,/api/v1/routes/5039/startlist,
/api/v1/events/1218/result/238,1218,full_results_url,"IFSC Europe - Continental Youth Cup (L,S) - Puurs (BEL) 2021",SPEED Youth A Male,finished,2025-10-02 07:18:35 UTC,2026-04-22 09:09:19 UTC,,6329,speed,Qualification,Youth A Male,finished,2021-07-02 12:04:44 UTC,/api/v1/category_rounds/6329/results,speed_staggered_tolerate_false_start,IFSC-E: Qualification (Tolerate FS),19,,,,,,,5052,A,/api/v1/routes/5052/startlist,
/api/v1/events/1218/result/238,1218,full_results_url,"IFSC Europe - Continental Youth Cup (L,S) - Puurs (BEL) 2021",SPEED Youth A Male,finished,2025-10-02 07:18:35 UTC,2026-04-22 09:09:19 UTC,,6329,speed,Qualification,Youth A Male,finished,2021-07-02 12:04:44 UTC,/api/v1/category_rounds/6329/results,speed_staggered_tolerate_false_start,IFSC-E: Qualification (Tolerate FS),19,,,,,,,5053,B,/api/v1/routes/5053/startlist,
/api/v1/events/1218/result/238,1218,full_results_url,"IFSC Europe - Continental Youth Cup (L,S) - Puurs (BEL) 2021",SPEED Youth A Male,finished,2025-10-02 07:18:35 UTC,2026-04-22 09:09:19 UTC,,6548,speed,Final,Youth A Male,finished,2024-01-17 07:08:15 UTC,/api/v1/category_rounds/6548/results,speed_elimination_ifsc,IFSC 2021: Elimination,21,,,,,,,5040,A,/api/v1/routes/5040/startlist,
/api/v1/events/1218/result/238,1218,full_results_url,"IFSC Europe - Continental Youth Cup (L,S) - Puurs (BEL) 2021",SPEED Youth A Male,finished,2025-10-02 07:18:35 UTC,2026-04-22 09:09:19 UTC,,6548,speed,Final,Youth A Male,finished,2024-01-17 07:08:15 UTC,/api/v1/category_rounds/6548/results,speed_elimination_ifsc,IFSC 2021: Elimination,21,,,,,,,5041,B,/api/v1/routes/5041/startlist,
/api/v1/events/1218/result/242,1218,full_results_url,"IFSC Europe - Continental Youth Cup (L,S) - Puurs (BEL) 2021",SPEED Youth B Male,finished,2025-10-02 07:18:35 UTC,2026-04-22 09:09:22 UTC,,6330,speed,Qualification,Youth B Male,finished,2021-07-02 10:40:19 UTC,/api/v1/category_rounds/6330/results,speed_staggered_tolerate_false_start,IFSC-E: Qualification (Tolerate FS),19,,,,,,,5054,A,/api/v1/routes/5054/startlist,
/api/v1/events/1218/result/242,1218,full_results_url,"IFSC Europe - Continental Youth Cup (L,S) - Puurs (BEL) 2021",SPEED Youth B Male,finished,2025-10-02 07:18:35 UTC,2026-04-22 09:09:22 UTC,,6330,speed,Qualification,Youth B Male,finished,2021-07-02 10:40:19 UTC,/api/v1/category_rounds/6330/results,speed_staggered_tolerate_false_start,IFSC-E: Qualification (Tolerate FS),19,,,,,,,5055,B,/api/v1/routes/5055/startlist,
/api/v1/events/1218/result/242,1218,full_results_url,"IFSC Europe - Continental Youth Cup (L,S) - Puurs (BEL) 2021",SPEED Youth B Male,finished,2025-10-02 07:18:35 UTC,2026-04-22 09:09:22 UTC,,6549,speed,Final,Youth B Male,finished,2024-01-17 07:08:15 UTC,/api/v1/category_rounds/6549/results,speed_elimination_ifsc,IFSC 2021: Elimination,21,,,,,,,5042,A,/api/v1/routes/5042/startlist,
/api/v1/events/1218/result/242,1218,full_results_url,"IFSC Europe - Continental Youth Cup (L,S) - Puurs (BEL) 2021",SPEED Youth B Male,finished,2025-10-02 07:18:35 UTC,2026-04-22 09:09:22 UTC,,6549,speed,Final,Youth B Male,finished,2024-01-17 07:08:15 UTC,/api/v1/category_rounds/6549/results,speed_elimination_ifsc,IFSC 2021: Elimination,21,,,,,,,5043,B,/api/v1/routes/5043/startlist,
/api/v1/events/1218/result/250,1218,full_results_url,"IFSC Europe - Continental Youth Cup (L,S) - Puurs (BEL) 2021",SPEED Juniors Female,finished,2025-10-02 07:18:35 UTC,2026-04-22 09:09:25 UTC,,6331,speed,Qualification,Juniors Female,finished,2021-07-02 13:49:44 UTC,/api/v1/category_rounds/6331/results,speed_staggered_tolerate_false_start,IFSC-E: Qualification (Tolerate FS),19,,,,,,,5056,A,/api/v1/routes/5056/startlist,
/api/v1/events/1218/result/250,1218,full_results_url,"IFSC Europe - Continental Youth Cup (L,S) - Puurs (BEL) 2021",SPEED Juniors Female,finished,2025-10-02 07:18:35 UTC,2026-04-22 09:09:25 UTC,,6331,speed,Qualification,Juniors Female,finished,2021-07-02 13:49:44 UTC,/api/v1/category_rounds/6331/results,speed_staggered_tolerate_false_start,IFSC-E: Qualification (Tolerate FS),19,,,,,,,5057,B,/api/v1/routes/5057/startlist,
/api/v1/events/1218/result/250,1218,full_results_url,"IFSC Europe - Continental Youth Cup (L,S) - Puurs (BEL) 2021",SPEED Juniors Female,finished,2025-10-02 07:18:35 UTC,2026-04-22 09:09:25 UTC,,6550,speed,Final,Juniors Female,finished,2024-01-17 07:08:16 UTC,/api/v1/category_rounds/6550/results,speed_elimination_ifsc,IFSC 2021: Elimination,21,,,,,,,5044,A,/api/v1/routes/5044/startlist,
/api/v1/events/1218/result/250,1218,full_results_url,"IFSC Europe - Continental Youth Cup (L,S) - Puurs (BEL) 2021",SPEED Juniors Female,finished,2025-10-02 07:18:35 UTC,2026-04-22 09:09:25 UTC,,6550,speed,Final,Juniors Female,finished,2024-01-17 07:08:16 UTC,/api/v1/category_rounds/6550/results,speed_elimination_ifsc,IFSC 2021: Elimination,21,,,,,,,5045,B,/api/v1/routes/5045/startlist,
/api/v1/events/1218/result/254,1218,full_results_url,"IFSC Europe - Continental Youth Cup (L,S) - Puurs (BEL) 2021",SPEED Youth A Female,finished,2025-10-02 07:18:35 UTC,2026-04-22 09:09:29 UTC,,6332,speed,Qualification,Youth A Female,finished,2021-07-02 12:07:11 UTC,/api/v1/category_rounds/6332/results,speed_staggered_tolerate_false_start,IFSC-E: Qualification (Tolerate FS),19,,,,,,,5058,A,/api/v1/routes/5058/startlist,
/api/v1/events/1218/result/254,1218,full_results_url,"IFSC Europe - Continental Youth Cup (L,S) - Puurs (BEL) 2021",SPEED Youth A Female,finished,2025-10-02 07:18:35 UTC,2026-04-22 09:09:29 UTC,,6332,speed,Qualification,Youth A Female,finished,2021-07-02 12:07:11 UTC,/api/v1/category_rounds/6332/results,speed_staggered_tolerate_false_start,IFSC-E: Qualification (Tolerate FS),19,,,,,,,5059,B,/api/v1/routes/5059/startlist,
/api/v1/events/1218/result/254,1218,full_results_url,"IFSC Europe - Continental Youth Cup (L,S) - Puurs (BEL) 2021",SPEED Youth A Female,finished,2025-10-02 07:18:35 UTC,2026-04-22 09:09:29 UTC,,6551,speed,Final,Youth A Female,finished,2024-01-17 07:08:16 UTC,/api/v1/category_rounds/6551/results,speed_elimination_ifsc,IFSC 2021: Elimination,21,,,,,,,5046,A,/api/v1/routes/5046/startlist,
/api/v1/events/1218/result/254,1218,full_results_url,"IFSC Europe - Continental Youth Cup (L,S) - Puurs (BEL) 2021",SPEED Youth A Female,finished,2025-10-02 07:18:35 UTC,2026-04-22 09:09:29 UTC,,6551,speed,Final,Youth A Female,finished,2024-01-17 07:08:16 UTC,/api/v1/category_rounds/6551/results,speed_elimination_ifsc,IFSC 2021: Elimination,21,,,,,,,5047,B,/api/v1/routes/5047/startlist,
/api/v1/events/1218/result/258,1218,full_results_url,"IFSC Europe - Continental Youth Cup (L,S) - Puurs (BEL) 2021",SPEED Youth B Female,finished,2025-10-02 07:18:35 UTC,2026-04-22 09:09:32 UTC,,6333,speed,Qualification,Youth B Female,finished,2021-07-02 10:23:50 UTC,/api/v1/category_rounds/6333/results,speed_staggered_tolerate_false_start,IFSC-E: Qualification (Tolerate FS),19,,,,,,,5060,A,/api/v1/routes/5060/startlist,
/api/v1/events/1218/result/258,1218,full_results_url,"IFSC Europe - Continental Youth Cup (L,S) - Puurs (BEL) 2021",SPEED Youth B Female,finished,2025-10-02 07:18:35 UTC,2026-04-22 09:09:32 UTC,,6333,speed,Qualification,Youth B Female,finished,2021-07-02 10:23:50 UTC,/api/v1/category_rounds/6333/results,speed_staggered_tolerate_false_start,IFSC-E: Qualification (Tolerate FS),19,,,,,,,5061,B,/api/v1/routes/5061/startlist,
/api/v1/events/1218/result/258,1218,full_results_url,"IFSC Europe - Continental Youth Cup (L,S) - Puurs (BEL) 2021",SPEED Youth B Female,finished,2025-10-02 07:18:35 UTC,2026-04-22 09:09:32 UTC,,6552,speed,Final,Youth B Female,finished,2024-01-17 07:08:16 UTC,/api/v1/category_rounds/6552/results,speed_elimination_ifsc,IFSC 2021: Elimination,21,,,,,,,5048,A,/api/v1/routes/5048/startlist,
/api/v1/events/1218/result/258,1218,full_results_url,"IFSC Europe - Continental Youth Cup (L,S) - Puurs (BEL) 2021",SPEED Youth B Female,finished,2025-10-02 07:18:35 UTC,2026-04-22 09:09:32 UTC,,6552,speed,Final,Youth B Female,finished,2024-01-17 07:08:16 UTC,/api/v1/category_rounds/6552/results,speed_elimination_ifsc,IFSC 2021: Elimination,21,,,,,,,5049,B,/api/v1/routes/5049/startlist,
/api/v1/events/1195/result/1,1195,full_results_url,IFSC - Climbing World Cup (L) - Chamonix (FRA) 2021,LEAD Men,finished,2025-10-02 07:18:34 UTC,2026-04-22 09:09:35 UTC,,6186,lead,Qualification,Men,finished,2021-07-12 14:24:49 UTC,/api/v1/category_rounds/6186/results,lead_one_group_two_routes,IFSC: 2 routes,1,,,,,,,1305,1,/api/v1/routes/1305/startlist,/api/v1/routes/1305/results
/api/v1/events/1195/result/1,1195,full_results_url,IFSC - Climbing World Cup (L) - Chamonix (FRA) 2021,LEAD Men,finished,2025-10-02 07:18:34 UTC,2026-04-22 09:09:35 UTC,,6186,lead,Qualification,Men,finished,2021-07-12 14:24:49 UTC,/api/v1/category_rounds/6186/results,lead_one_group_two_routes,IFSC: 2 routes,1,,,,,,,1306,2,/api/v1/routes/1306/startlist,/api/v1/routes/1306/results
/api/v1/events/1195/result/1,1195,full_results_url,IFSC - Climbing World Cup (L) - Chamonix (FRA) 2021,LEAD Men,finished,2025-10-02 07:18:34 UTC,2026-04-22 09:09:35 UTC,,6621,lead,Semi-Final,Men,finished,2021-07-12 20:20:43 UTC,/api/v1/category_rounds/6621/results,lead_one_group_one_route,IFSC: 1 route,2,,,,,,,5194,1,/api/v1/routes/5194/startlist,/api/v1/routes/5194/results
/api/v1/events/1195/result/1,1195,full_results_url,IFSC - Climbing World Cup (L) - Chamonix (FRA) 2021,LEAD Men,finished,2025-10-02 07:18:34 UTC,2026-04-22 09:09:35 UTC,,6623,lead,Final,Men,finished,2021-07-13 20:13:11 UTC,/api/v1/category_rounds/6623/results,lead_one_group_one_route,IFSC: 1 route,3,,,,,,,5196,1,/api/v1/routes/5196/startlist,/api/v1/routes/5196/results
/api/v1/events/1195/result/5,1195,full_results_url,IFSC - Climbing World Cup (L) - Chamonix (FRA) 2021,LEAD Women,finished,2025-10-02 07:18:34 UTC,2026-04-22 09:09:39 UTC,,6187,lead,Qualification,Women,finished,2021-07-12 14:25:55 UTC,/api/v1/category_rounds/6187/results,lead_one_group_two_routes,IFSC: 2 routes,1,,,,,,,1307,1,/api/v1/routes/1307/startlist,/api/v1/routes/1307/results
/api/v1/events/1195/result/5,1195,full_results_url,IFSC - Climbing World Cup (L) - Chamonix (FRA) 2021,LEAD Women,finished,2025-10-02 07:18:34 UTC,2026-04-22 09:09:39 UTC,,6187,lead,Qualification,Women,finished,2021-07-12 14:25:55 UTC,/api/v1/category_rounds/6187/results,lead_one_group_two_routes,IFSC: 2 routes,1,,,,,,,1308,2,/api/v1/routes/1308/startlist,/api/v1/routes/1308/results
/api/v1/events/1195/result/5,1195,full_results_url,IFSC - Climbing World Cup (L) - Chamonix (FRA) 2021,LEAD Women,finished,2025-10-02 07:18:34 UTC,2026-04-22 09:09:39 UTC,,6622,lead,Semi-Final,Women,finished,2021-07-12 20:29:51 UTC,/api/v1/category_rounds/6622/results,lead_one_group_one_route,IFSC: 1 route,2,,,,,,,5195,1,/api/v1/routes/5195/startlist,/api/v1/routes/5195/results
/api/v1/events/1195/result/5,1195,full_results_url,IFSC - Climbing World Cup (L) - Chamonix (FRA) 2021,LEAD Women,finished,2025-10-02 07:18:34 UTC,2026-04-22 09:09:39 UTC,,6624,lead,Final,Women,finished,2021-07-13 19:32:41 UTC,/api/v1/category_rounds/6624/results,lead_one_group_one_route,IFSC: 1 route,3,,,,,,,5197,1,/api/v1/routes/5197/startlist,/api/v1/routes/5197/results
/api/v1/events/1223/result/529,1223,full_results_url,IFSC - Paraclimbing World Cup (L) - Briançon (FRA) 2021,LEAD Men B1,registration_pending,2025-10-02 07:18:35 UTC,NA,,6458,lead,Qualification,Men B1,pending,2021-05-25 15:32:32 UTC,/api/v1/category_rounds/6458/results,lead_one_group_one_route,IFSC: 1 route,49,,,,,,,4847,1,/api/v1/routes/4847/startlist,/api/v1/routes/4847/results
/api/v1/events/1223/result/533,1223,full_results_url,IFSC - Paraclimbing World Cup (L) - Briançon (FRA) 2021,LEAD Men B2,registration_pending,2025-10-02 07:18:35 UTC,2024-01-25 18:58:45 UTC,,6459,lead,Qualification,Men B2,pending,2021-07-14 12:57:30 UTC,/api/v1/category_rounds/6459/results,lead_one_group_one_route,IFSC: 1 route,49,,,,,,,4848,1,/api/v1/routes/4848/startlist,/api/v1/routes/4848/results
/api/v1/events/1223/result/537,1223,full_results_url,IFSC - Paraclimbing World Cup (L) - Briançon (FRA) 2021,LEAD Men B3,finished,2025-10-02 07:18:35 UTC,2024-01-17 07:50:57 UTC,,6460,lead,Qualification,Men B3,finished,2021-07-15 09:30:47 UTC,/api/v1/category_rounds/6460/results,lead_one_group_two_routes,IFSC: 2 routes,49,,,,,,,5245,1,/api/v1/routes/5245/startlist,/api/v1/routes/5245/results
/api/v1/events/1223/result/537,1223,full_results_url,IFSC - Paraclimbing World Cup (L) - Briançon (FRA) 2021,LEAD Men B3,finished,2025-10-02 07:18:35 UTC,2024-01-17 07:50:57 UTC,,6460,lead,Qualification,Men B3,finished,2021-07-15 09:30:47 UTC,/api/v1/category_rounds/6460/results,lead_one_group_two_routes,IFSC: 2 routes,49,,,,,,,5246,2,/api/v1/routes/5246/startlist,/api/v1/routes/5246/results
/api/v1/events/1223/result/537,1223,full_results_url,IFSC - Paraclimbing World Cup (L) - Briançon (FRA) 2021,LEAD Men B3,finished,2025-10-02 07:18:35 UTC,2024-01-17 07:50:57 UTC,,6647,lead,Final,Men B3,finished,2021-07-15 18:07:59 UTC,/api/v1/category_rounds/6647/results,lead_one_group_one_route,IFSC: 1 route,51,,,,,,,5220,1,/api/v1/routes/5220/startlist,/api/v1/routes/5220/results
/api/v1/events/1223/result/541,1223,full_results_url,IFSC - Paraclimbing World Cup (L) - Briançon (FRA) 2021,LEAD Women B1,registration_pending,2025-10-02 07:18:35 UTC,2024-01-25 18:58:24 UTC,,6461,lead,Qualification,Women B1,pending,2021-07-14 12:57:17 UTC,/api/v1/category_rounds/6461/results,lead_one_group_one_route,IFSC: 1 route,49,,,,,,,4850,1,/api/v1/routes/4850/startlist,/api/v1/routes/4850/results
/api/v1/events/1223/result/545,1223,full_results_url,IFSC - Paraclimbing World Cup (L) - Briançon (FRA) 2021,LEAD Women B2,registration_pending,2025-10-02 07:18:35 UTC,2024-01-25 18:58:31 UTC,,6462,lead,Qualification,Women B2,pending,2021-07-14 13:02:25 UTC,/api/v1/category_rounds/6462/results,lead_one_group_one_route,IFSC: 1 route,49,,,,,,,4851,1,/api/v1/routes/4851/startlist,/api/v1/routes/4851/results
/api/v1/events/1223/result/549,1223,full_results_url,IFSC - Paraclimbing World Cup (L) - Briançon (FRA) 2021,LEAD Women B3,finished,2025-10-02 07:18:35 UTC,2024-01-17 07:50:58 UTC,,6463,lead,Qualification,Women B3,finished,2021-07-15 09:24:01 UTC,/api/v1/category_rounds/6463/results,lead_one_group_two_routes,IFSC: 2 routes,49,,,,,,,5237,1,/api/v1/routes/5237/startlist,/api/v1/routes/5237/results
/api/v1/events/1223/result/549,1223,full_results_url,IFSC - Paraclimbing World Cup (L) - Briançon (FRA) 2021,LEAD Women B3,finished,2025-10-02 07:18:35 UTC,2024-01-17 07:50:58 UTC,,6463,lead,Qualification,Women B3,finished,2021-07-15 09:24:01 UTC,/api/v1/category_rounds/6463/results,lead_one_group_two_routes,IFSC: 2 routes,49,,,,,,,5238,2,/api/v1/routes/5238/startlist,/api/v1/routes/5238/results
/api/v1/events/1223/result/549,1223,full_results_url,IFSC - Paraclimbing World Cup (L) - Briançon (FRA) 2021,LEAD Women B3,finished,2025-10-02 07:18:35 UTC,2024-01-17 07:50:58 UTC,,6650,lead,Final,Women B3,finished,2021-07-15 18:22:26 UTC,/api/v1/category_rounds/6650/results,lead_one_group_one_route,IFSC: 1 route,51,,,,,,,5223,1,/api/v1/routes/5223/startlist,/api/v1/routes/5223/results
/api/v1/events/1223/result/553,1223,full_results_url,IFSC - Paraclimbing World Cup (L) - Briançon (FRA) 2021,LEAD Men AL1,registration_pending,2025-10-02 07:18:35 UTC,NA,,6516,lead,Qualification,Men AL1,pending,2021-05-31 13:06:42 UTC,/api/v1/category_rounds/6516/results,lead_one_group_one_route,IFSC: 1 route,49,,,,,,,4953,1,/api/v1/routes/4953/startlist,/api/v1/routes/4953/results
/api/v1/events/1223/result/557,1223,full_results_url,IFSC - Paraclimbing World Cup (L) - Briançon (FRA) 2021,LEAD Women AL1,registration_pending,2025-10-02 07:18:35 UTC,2024-01-25 18:58:45 UTC,,6465,lead,Qualification,Women AL1,pending,2021-07-14 14:12:21 UTC,/api/v1/category_rounds/6465/results,lead_one_group_one_route,IFSC: 1 route,49,,,,,,,4854,1,/api/v1/routes/4854/startlist,/api/v1/routes/4854/results
/api/v1/events/1223/result/561,1223,full_results_url,IFSC - Paraclimbing World Cup (L) - Briançon (FRA) 2021,LEAD Men AL2,finished,2025-10-02 07:18:35 UTC,2024-01-17 07:50:59 UTC,,6467,lead,Qualification,Men AL2,finished,2021-07-15 12:29:55 UTC,/api/v1/category_rounds/6467/results,lead_one_group_two_routes,IFSC: 2 routes,49,,,,,,,5247,1,/api/v1/routes/5247/startlist,/api/v1/routes/5247/results
/api/v1/events/1223/result/561,1223,full_results_url,IFSC - Paraclimbing World Cup (L) - Briançon (FRA) 2021,LEAD Men AL2,finished,2025-10-02 07:18:35 UTC,2024-01-17 07:50:59 UTC,,6467,lead,Qualification,Men AL2,finished,2021-07-15 12:29:55 UTC,/api/v1/category_rounds/6467/results,lead_one_group_two_routes,IFSC: 2 routes,49,,,,,,,5248,2,/api/v1/routes/5248/startlist,/api/v1/routes/5248/results
/api/v1/events/1223/result/561,1223,full_results_url,IFSC - Paraclimbing World Cup (L) - Briançon (FRA) 2021,LEAD Men AL2,finished,2025-10-02 07:18:35 UTC,2024-01-17 07:50:59 UTC,,6653,lead,Final,Men AL2,finished,2021-07-15 18:51:19 UTC,/api/v1/category_rounds/6653/results,lead_one_group_one_route,IFSC: 1 route,51,,,,,,,5226,1,/api/v1/routes/5226/startlist,/api/v1/routes/5226/results
/api/v1/events/1223/result/565,1223,full_results_url,IFSC - Paraclimbing World Cup (L) - Briançon (FRA) 2021,LEAD Women AL2,registration_pending,2025-10-02 07:18:35 UTC,2024-01-24 14:12:02 UTC,,6469,lead,Qualification,Women AL2,pending,2021-07-14 13:05:18 UTC,/api/v1/category_rounds/6469/results,lead_one_group_one_route,IFSC: 1 route,49,,,,,,,4858,1,/api/v1/routes/4858/startlist,/api/v1/routes/4858/results
/api/v1/events/1223/result/569,1223,full_results_url,IFSC - Paraclimbing World Cup (L) - Briançon (FRA) 2021,LEAD Men AU1,registration_pending,2025-10-02 07:18:35 UTC,2024-01-25 18:58:21 UTC,,6471,lead,Qualification,Men AU1,pending,2021-07-14 13:05:19 UTC,/api/v1/category_rounds/6471/results,lead_one_group_one_route,IFSC: 1 route,49,,,,,,,4860,1,/api/v1/routes/4860/startlist,/api/v1/routes/4860/results
/api/v1/events/1223/result/577,1223,full_results_url,IFSC - Paraclimbing World Cup (L) - Briançon (FRA) 2021,LEAD Men AU2,active,2025-10-02 07:18:35 UTC,NA,,6475,lead,Qualification,Men AU2,pending,2021-07-14 16:15:20 UTC,/api/v1/category_rounds/6475/results,lead_one_group_one_route,IFSC: 1 route,49,,,,,,,4864,1,/api/v1/routes/4864/startlist,/api/v1/routes/4864/results
/api/v1/events/1223/result/581,1223,full_results_url,IFSC - Paraclimbing World Cup (L) - Briançon (FRA) 2021,LEAD Women AU2,registration_pending,2025-10-02 07:18:35 UTC,2024-01-25 18:58:34 UTC,,6477,lead,Qualification,Women AU2,pending,2021-07-14 13:06:01 UTC,/api/v1/category_rounds/6477/results,lead_one_group_one_route,IFSC: 1 route,49,,,,,,,4866,1,/api/v1/routes/4866/startlist,/api/v1/routes/4866/results
/api/v1/events/1223/result/585,1223,full_results_url,IFSC - Paraclimbing World Cup (L) - Briançon (FRA) 2021,LEAD Men RP1,finished,2025-10-02 07:18:35 UTC,2024-01-17 07:51:00 UTC,,6479,lead,Qualification,Men RP1,finished,2021-07-15 11:13:57 UTC,/api/v1/category_rounds/6479/results,lead_one_group_two_routes,IFSC: 2 routes,49,,,,,,,5249,1,/api/v1/routes/5249/startlist,/api/v1/routes/5249/results
/api/v1/events/1223/result/585,1223,full_results_url,IFSC - Paraclimbing World Cup (L) - Briançon (FRA) 2021,LEAD Men RP1,finished,2025-10-02 07:18:35 UTC,2024-01-17 07:51:00 UTC,,6479,lead,Qualification,Men RP1,finished,2021-07-15 11:13:57 UTC,/api/v1/category_rounds/6479/results,lead_one_group_two_routes,IFSC: 2 routes,49,,,,,,,5250,2,/api/v1/routes/5250/startlist,/api/v1/routes/5250/results
/api/v1/events/1223/result/585,1223,full_results_url,IFSC - Paraclimbing World Cup (L) - Briançon (FRA) 2021,LEAD Men RP1,finished,2025-10-02 07:18:35 UTC,2024-01-17 07:51:00 UTC,,6658,lead,Final,Men RP1,finished,2021-07-15 18:49:47 UTC,/api/v1/category_rounds/6658/results,lead_one_group_one_route,IFSC: 1 route,51,,,,,,,5231,1,/api/v1/routes/5231/startlist,/api/v1/routes/5231/results
/api/v1/events/1223/result/589,1223,full_results_url,IFSC - Paraclimbing World Cup (L) - Briançon (FRA) 2021,LEAD Men RP2,finished,2025-10-02 07:18:35 UTC,2024-01-17 07:51:01 UTC,,6481,lead,Qualification,Men RP2,finished,2021-07-15 12:33:17 UTC,/api/v1/category_rounds/6481/results,lead_one_group_two_routes,IFSC: 2 routes,49,,,,,,,5251,1,/api/v1/routes/5251/startlist,/api/v1/routes/5251/results
/api/v1/events/1223/result/589,1223,full_results_url,IFSC - Paraclimbing World Cup (L) - Briançon (FRA) 2021,LEAD Men RP2,finished,2025-10-02 07:18:35 UTC,2024-01-17 07:51:01 UTC,,6481,lead,Qualification,Men RP2,finished,2021-07-15 12:33:17 UTC,/api/v1/category_rounds/6481/results,lead_one_group_two_routes,IFSC: 2 routes,49,,,,,,,5252,2,/api/v1/routes/5252/startlist,/api/v1/routes/5252/results
/api/v1/events/1223/result/589,1223,full_results_url,IFSC - Paraclimbing World Cup (L) - Briançon (FRA) 2021,LEAD Men RP2,finished,2025-10-02 07:18:35 UTC,2024-01-17 07:51:01 UTC,,6659,lead,Final,Men RP2,finished,2021-07-15 19:19:30 UTC,/api/v1/category_rounds/6659/results,lead_one_group_one_route,IFSC: 1 route,51,,,,,,,5232,1,/api/v1/routes/5232/startlist,/api/v1/routes/5232/results
/api/v1/events/1223/result/593,1223,full_results_url,IFSC - Paraclimbing World Cup (L) - Briançon (FRA) 2021,LEAD Men RP3,finished,2025-10-02 07:18:35 UTC,2024-01-17 07:51:02 UTC,,6483,lead,Qualification,Men RP3,finished,2021-07-15 12:26:08 UTC,/api/v1/category_rounds/6483/results,lead_one_group_two_routes,IFSC: 2 routes,49,,,,,,,5253,1,/api/v1/routes/5253/startlist,/api/v1/routes/5253/results
/api/v1/events/1223/result/593,1223,full_results_url,IFSC - Paraclimbing World Cup (L) - Briançon (FRA) 2021,LEAD Men RP3,finished,2025-10-02 07:18:35 UTC,2024-01-17 07:51:02 UTC,,6483,lead,Qualification,Men RP3,finished,2021-07-15 12:26:08 UTC,/api/v1/category_rounds/6483/results,lead_one_group_two_routes,IFSC: 2 routes,49,,,,,,,5254,2,/api/v1/routes/5254/startlist,/api/v1/routes/5254/results
/api/v1/events/1223/result/593,1223,full_results_url,IFSC - Paraclimbing World Cup (L) - Briançon (FRA) 2021,LEAD Men RP3,finished,2025-10-02 07:18:35 UTC,2024-01-17 07:51:02 UTC,,6660,lead,Final,Men RP3,finished,2021-07-15 19:19:54 UTC,/api/v1/category_rounds/6660/results,lead_one_group_one_route,IFSC: 1 route,51,,,,,,,5233,1,/api/v1/routes/5233/startlist,/api/v1/routes/5233/results
/api/v1/events/1223/result/597,1223,full_results_url,IFSC - Paraclimbing World Cup (L) - Briançon (FRA) 2021,LEAD Women RP1,finished,2025-10-02 07:18:35 UTC,2024-01-17 07:51:03 UTC,,6485,lead,Qualification,Women RP1,finished,2021-07-15 11:43:27 UTC,/api/v1/category_rounds/6485/results,lead_one_group_two_routes,IFSC: 2 routes,49,,,,,,,5239,1,/api/v1/routes/5239/startlist,/api/v1/routes/5239/results
/api/v1/events/1223/result/597,1223,full_results_url,IFSC - Paraclimbing World Cup (L) - Briançon (FRA) 2021,LEAD Women RP1,finished,2025-10-02 07:18:35 UTC,2024-01-17 07:51:03 UTC,,6485,lead,Qualification,Women RP1,finished,2021-07-15 11:43:27 UTC,/api/v1/category_rounds/6485/results,lead_one_group_two_routes,IFSC: 2 routes,49,,,,,,,5240,2,/api/v1/routes/5240/startlist,/api/v1/routes/5240/results
/api/v1/events/1223/result/597,1223,full_results_url,IFSC - Paraclimbing World Cup (L) - Briançon (FRA) 2021,LEAD Women RP1,finished,2025-10-02 07:18:35 UTC,2024-01-17 07:51:03 UTC,,6661,lead,Final,Women RP1,finished,2021-07-15 19:14:41 UTC,/api/v1/category_rounds/6661/results,lead_one_group_one_route,IFSC: 1 route,51,,,,,,,5234,1,/api/v1/routes/5234/startlist,/api/v1/routes/5234/results
/api/v1/events/1223/result/601,1223,full_results_url,IFSC - Paraclimbing World Cup (L) - Briançon (FRA) 2021,LEAD Women RP2,finished,2025-10-02 07:18:35 UTC,2024-01-17 07:51:03 UTC,,6487,lead,Qualification,Women RP2,finished,2021-07-15 11:25:21 UTC,/api/v1/category_rounds/6487/results,lead_one_group_two_routes,IFSC: 2 routes,49,,,,,,,5241,1,/api/v1/routes/5241/startlist,/api/v1/routes/5241/results
/api/v1/events/1223/result/601,1223,full_results_url,IFSC - Paraclimbing World Cup (L) - Briançon (FRA) 2021,LEAD Women RP2,finished,2025-10-02 07:18:35 UTC,2024-01-17 07:51:03 UTC,,6487,lead,Qualification,Women RP2,finished,2021-07-15 11:25:21 UTC,/api/v1/category_rounds/6487/results,lead_one_group_two_routes,IFSC: 2 routes,49,,,,,,,5242,2,/api/v1/routes/5242/startlist,/api/v1/routes/5242/results
/api/v1/events/1223/result/601,1223,full_results_url,IFSC - Paraclimbing World Cup (L) - Briançon (FRA) 2021,LEAD Women RP2,finished,2025-10-02 07:18:35 UTC,2024-01-17 07:51:03 UTC,,6662,lead,Final,Women RP2,finished,2021-07-15 18:44:22 UTC,/api/v1/category_rounds/6662/results,lead_one_group_one_route,IFSC: 1 route,51,,,,,,,5235,1,/api/v1/routes/5235/startlist,/api/v1/routes/5235/results
/api/v1/events/1223/result/605,1223,full_results_url,IFSC - Paraclimbing World Cup (L) - Briançon (FRA) 2021,LEAD Women RP3,finished,2025-10-02 07:18:35 UTC,2024-01-17 07:51:04 UTC,,6489,lead,Qualification,Women RP3,finished,2021-07-15 11:59:00 UTC,/api/v1/category_rounds/6489/results,lead_one_group_two_routes,IFSC: 2 routes,49,,,,,,,5243,1,/api/v1/routes/5243/startlist,/api/v1/routes/5243/results
/api/v1/events/1223/result/605,1223,full_results_url,IFSC - Paraclimbing World Cup (L) - Briançon (FRA) 2021,LEAD Women RP3,finished,2025-10-02 07:18:35 UTC,2024-01-17 07:51:04 UTC,,6489,lead,Qualification,Women RP3,finished,2021-07-15 11:59:00 UTC,/api/v1/category_rounds/6489/results,lead_one_group_two_routes,IFSC: 2 routes,49,,,,,,,5244,2,/api/v1/routes/5244/startlist,/api/v1/routes/5244/results
/api/v1/events/1223/result/605,1223,full_results_url,IFSC - Paraclimbing World Cup (L) - Briançon (FRA) 2021,LEAD Women RP3,finished,2025-10-02 07:18:35 UTC,2024-01-17 07:51:04 UTC,,6663,lead,Final,Women RP3,finished,2021-07-15 18:47:28 UTC,/api/v1/category_rounds/6663/results,lead_one_group_one_route,IFSC: 1 route,51,,,,,,,5236,1,/api/v1/routes/5236/startlist,/api/v1/routes/5236/results
/api/v1/events/1196/result/1,1196,full_results_url,IFSC - Climbing World Cup (L) - Briançon (FRA) 2021,LEAD Men,finished,2025-10-02 07:18:34 UTC,2026-04-22 09:09:43 UTC,,6188,lead,Qualification,Men,finished,2021-07-17 11:58:09 UTC,/api/v1/category_rounds/6188/results,lead_one_group_two_routes,IFSC: 2 routes,1,,,,,,,1309,1,/api/v1/routes/1309/startlist,/api/v1/routes/1309/results
/api/v1/events/1196/result/1,1196,full_results_url,IFSC - Climbing World Cup (L) - Briançon (FRA) 2021,LEAD Men,finished,2025-10-02 07:18:34 UTC,2026-04-22 09:09:43 UTC,,6188,lead,Qualification,Men,finished,2021-07-17 11:58:09 UTC,/api/v1/category_rounds/6188/results,lead_one_group_two_routes,IFSC: 2 routes,1,,,,,,,1310,2,/api/v1/routes/1310/startlist,/api/v1/routes/1310/results
/api/v1/events/1196/result/1,1196,full_results_url,IFSC - Climbing World Cup (L) - Briançon (FRA) 2021,LEAD Men,finished,2025-10-02 07:18:34 UTC,2026-04-22 09:09:43 UTC,,6664,lead,Semi-Final,Men,finished,2021-07-17 20:01:45 UTC,/api/v1/category_rounds/6664/results,lead_one_group_one_route,IFSC: 1 route,2,,,,,,,5255,1,/api/v1/routes/5255/startlist,/api/v1/routes/5255/results
/api/v1/events/1196/result/1,1196,full_results_url,IFSC - Climbing World Cup (L) - Briançon (FRA) 2021,LEAD Men,finished,2025-10-02 07:18:34 UTC,2026-04-22 09:09:43 UTC,,6666,lead,Final,Men,finished,2021-07-18 18:25:02 UTC,/api/v1/category_rounds/6666/results,lead_one_group_one_route,IFSC: 1 route,3,,,,,,,5257,1,/api/v1/routes/5257/startlist,/api/v1/routes/5257/results
/api/v1/events/1196/result/5,1196,full_results_url,IFSC - Climbing World Cup (L) - Briançon (FRA) 2021,LEAD Women,finished,2025-10-02 07:18:34 UTC,2026-04-22 09:09:46 UTC,,6189,lead,Qualification,Women,finished,2021-07-17 12:43:38 UTC,/api/v1/category_rounds/6189/results,lead_one_group_two_routes,IFSC: 2 routes,1,,,,,,,1311,1,/api/v1/routes/1311/startlist,/api/v1/routes/1311/results
/api/v1/events/1196/result/5,1196,full_results_url,IFSC - Climbing World Cup (L) - Briançon (FRA) 2021,LEAD Women,finished,2025-10-02 07:18:34 UTC,2026-04-22 09:09:46 UTC,,6189,lead,Qualification,Women,finished,2021-07-17 12:43:38 UTC,/api/v1/category_rounds/6189/results,lead_one_group_two_routes,IFSC: 2 routes,1,,,,,,,1312,2,/api/v1/routes/1312/startlist,/api/v1/routes/1312/results
/api/v1/events/1196/result/5,1196,full_results_url,IFSC - Climbing World Cup (L) - Briançon (FRA) 2021,LEAD Women,finished,2025-10-02 07:18:34 UTC,2026-04-22 09:09:46 UTC,,6665,lead,Semi-Final,Women,finished,2021-07-17 20:21:20 UTC,/api/v1/category_rounds/6665/results,lead_one_group_one_route,IFSC: 1 route,2,,,,,,,5256,1,/api/v1/routes/5256/startlist,/api/v1/routes/5256/results
/api/v1/events/1196/result/5,1196,full_results_url,IFSC - Climbing World Cup (L) - Briançon (FRA) 2021,LEAD Women,finished,2025-10-02 07:18:34 UTC,2026-04-22 09:09:46 UTC,,6667,lead,Final,Women,finished,2021-07-18 19:20:44 UTC,/api/v1/category_rounds/6667/results,lead_one_group_one_route,IFSC: 1 route,3,,,,,,,5258,1,/api/v1/routes/5258/startlist,/api/v1/routes/5258/results
/api/v1/events/1219/result/233,1219,full_results_url,IFSC Europe - Continental Youth Cup (L) - Veliko Tarnovo (BUL) 2021,LEAD Juniors Male,finished,2025-10-02 07:18:35 UTC,2026-04-22 09:09:50 UTC,,6334,lead,Qualification,Juniors Male,finished,2021-07-24 11:29:41 UTC,/api/v1/category_rounds/6334/results,lead_one_group_two_routes,IFSC: 2 routes,19,,,,,,,1815,Route 1,/api/v1/routes/1815/startlist,/api/v1/routes/1815/results
/api/v1/events/1219/result/233,1219,full_results_url,IFSC Europe - Continental Youth Cup (L) - Veliko Tarnovo (BUL) 2021,LEAD Juniors Male,finished,2025-10-02 07:18:35 UTC,2026-04-22 09:09:50 UTC,,6334,lead,Qualification,Juniors Male,finished,2021-07-24 11:29:41 UTC,/api/v1/category_rounds/6334/results,lead_one_group_two_routes,IFSC: 2 routes,19,,,,,,,1816,Route 2,/api/v1/routes/1816/startlist,/api/v1/routes/1816/results
/api/v1/events/1219/result/233,1219,full_results_url,IFSC Europe - Continental Youth Cup (L) - Veliko Tarnovo (BUL) 2021,LEAD Juniors Male,finished,2025-10-02 07:18:35 UTC,2026-04-22 09:09:50 UTC,,6678,lead,Final,Juniors Male,finished,2021-07-25 10:56:17 UTC,/api/v1/category_rounds/6678/results,lead_one_group_one_route,IFSC: 1 route,21,,,,,,,5329,1,/api/v1/routes/5329/startlist,/api/v1/routes/5329/results
/api/v1/events/1219/result/237,1219,full_results_url,IFSC Europe - Continental Youth Cup (L) - Veliko Tarnovo (BUL) 2021,LEAD Youth A Male,finished,2025-10-02 07:18:35 UTC,2026-04-22 09:09:53 UTC,,6335,lead,Qualification,Youth A Male,finished,2021-07-24 11:23:25 UTC,/api/v1/category_rounds/6335/results,lead_one_group_two_routes,IFSC: 2 routes,19,,,,,,,1817,1,/api/v1/routes/1817/startlist,/api/v1/routes/1817/results
/api/v1/events/1219/result/237,1219,full_results_url,IFSC Europe - Continental Youth Cup (L) - Veliko Tarnovo (BUL) 2021,LEAD Youth A Male,finished,2025-10-02 07:18:35 UTC,2026-04-22 09:09:53 UTC,,6335,lead,Qualification,Youth A Male,finished,2021-07-24 11:23:25 UTC,/api/v1/category_rounds/6335/results,lead_one_group_two_routes,IFSC: 2 routes,19,,,,,,,1818,2,/api/v1/routes/1818/startlist,/api/v1/routes/1818/results
/api/v1/events/1219/result/237,1219,full_results_url,IFSC Europe - Continental Youth Cup (L) - Veliko Tarnovo (BUL) 2021,LEAD Youth A Male,finished,2025-10-02 07:18:35 UTC,2026-04-22 09:09:53 UTC,,6679,lead,Final,Youth A Male,finished,2021-07-25 10:01:35 UTC,/api/v1/category_rounds/6679/results,lead_one_group_one_route,IFSC: 1 route,21,,,,,,,5330,1,/api/v1/routes/5330/startlist,/api/v1/routes/5330/results
/api/v1/events/1219/result/241,1219,full_results_url,IFSC Europe - Continental Youth Cup (L) - Veliko Tarnovo (BUL) 2021,LEAD Youth B Male,finished,2025-10-02 07:18:35 UTC,2026-04-22 09:09:56 UTC,,6336,lead,Qualification,Youth B Male,finished,2021-07-24 07:58:20 UTC,/api/v1/category_rounds/6336/results,lead_one_group_two_routes,IFSC: 2 routes,19,,,,,,,1819,1,/api/v1/routes/1819/startlist,/api/v1/routes/1819/results
/api/v1/events/1219/result/241,1219,full_results_url,IFSC Europe - Continental Youth Cup (L) - Veliko Tarnovo (BUL) 2021,LEAD Youth B Male,finished,2025-10-02 07:18:35 UTC,2026-04-22 09:09:56 UTC,,6336,lead,Qualification,Youth B Male,finished,2021-07-24 07:58:20 UTC,/api/v1/category_rounds/6336/results,lead_one_group_two_routes,IFSC: 2 routes,19,,,,,,,1820,2,/api/v1/routes/1820/startlist,/api/v1/routes/1820/results
/api/v1/events/1219/result/241,1219,full_results_url,IFSC Europe - Continental Youth Cup (L) - Veliko Tarnovo (BUL) 2021,LEAD Youth B Male,finished,2025-10-02 07:18:35 UTC,2026-04-22 09:09:56 UTC,,6680,lead,Final,Youth B Male,finished,2021-07-25 08:17:14 UTC,/api/v1/category_rounds/6680/results,lead_one_group_one_route,IFSC: 1 route,21,,,,,,,5331,1,/api/v1/routes/5331/startlist,/api/v1/routes/5331/results
/api/v1/events/1219/result/249,1219,full_results_url,IFSC Europe - Continental Youth Cup (L) - Veliko Tarnovo (BUL) 2021,LEAD Juniors Female,finished,2025-10-02 07:18:35 UTC,2026-04-22 09:09:59 UTC,,6337,lead,Qualification,Juniors Female,finished,2021-07-24 11:04:18 UTC,/api/v1/category_rounds/6337/results,lead_one_group_two_routes,IFSC: 2 routes,19,,,,,,,1821,1,/api/v1/routes/1821/startlist,/api/v1/routes/1821/results
/api/v1/events/1219/result/249,1219,full_results_url,IFSC Europe - Continental Youth Cup (L) - Veliko Tarnovo (BUL) 2021,LEAD Juniors Female,finished,2025-10-02 07:18:35 UTC,2026-04-22 09:09:59 UTC,,6337,lead,Qualification,Juniors Female,finished,2021-07-24 11:04:18 UTC,/api/v1/category_rounds/6337/results,lead_one_group_two_routes,IFSC: 2 routes,19,,,,,,,1822,2,/api/v1/routes/1822/startlist,/api/v1/routes/1822/results
/api/v1/events/1219/result/249,1219,full_results_url,IFSC Europe - Continental Youth Cup (L) - Veliko Tarnovo (BUL) 2021,LEAD Juniors Female,finished,2025-10-02 07:18:35 UTC,2026-04-22 09:09:59 UTC,,6681,lead,Final,Juniors Female,finished,2021-07-25 11:18:56 UTC,/api/v1/category_rounds/6681/results,lead_one_group_one_route,IFSC: 1 route,21,,,,,,,5332,1,/api/v1/routes/5332/startlist,/api/v1/routes/5332/results
/api/v1/events/1219/result/253,1219,full_results_url,IFSC Europe - Continental Youth Cup (L) - Veliko Tarnovo (BUL) 2021,LEAD Youth A Female,finished,2025-10-02 07:18:35 UTC,2026-04-22 09:10:02 UTC,,6338,lead,Qualification,Youth A Female,finished,2021-07-24 11:10:18 UTC,/api/v1/category_rounds/6338/results,lead_one_group_two_routes,IFSC: 2 routes,19,,,,,,,1823,1,/api/v1/routes/1823/startlist,/api/v1/routes/1823/results
/api/v1/events/1219/result/253,1219,full_results_url,IFSC Europe - Continental Youth Cup (L) - Veliko Tarnovo (BUL) 2021,LEAD Youth A Female,finished,2025-10-02 07:18:35 UTC,2026-04-22 09:10:02 UTC,,6338,lead,Qualification,Youth A Female,finished,2021-07-24 11:10:18 UTC,/api/v1/category_rounds/6338/results,lead_one_group_two_routes,IFSC: 2 routes,19,,,,,,,1824,2,/api/v1/routes/1824/startlist,/api/v1/routes/1824/results
/api/v1/events/1219/result/253,1219,full_results_url,IFSC Europe - Continental Youth Cup (L) - Veliko Tarnovo (BUL) 2021,LEAD Youth A Female,finished,2025-10-02 07:18:35 UTC,2026-04-22 09:10:02 UTC,,6682,lead,Final,Youth A Female,finished,2021-07-25 10:01:23 UTC,/api/v1/category_rounds/6682/results,lead_one_group_one_route,IFSC: 1 route,21,,,,,,,5333,1,/api/v1/routes/5333/startlist,/api/v1/routes/5333/results
/api/v1/events/1219/result/257,1219,full_results_url,IFSC Europe - Continental Youth Cup (L) - Veliko Tarnovo (BUL) 2021,LEAD Youth B Female,finished,2025-10-02 07:18:35 UTC,2026-04-22 09:10:05 UTC,,6339,lead,Qualification,Youth B Female,finished,2021-07-24 07:58:35 UTC,/api/v1/category_rounds/6339/results,lead_one_group_two_routes,IFSC: 2 routes,19,,,,,,,1825,1,/api/v1/routes/1825/startlist,/api/v1/routes/1825/results
/api/v1/events/1219/result/257,1219,full_results_url,IFSC Europe - Continental Youth Cup (L) - Veliko Tarnovo (BUL) 2021,LEAD Youth B Female,finished,2025-10-02 07:18:35 UTC,2026-04-22 09:10:05 UTC,,6339,lead,Qualification,Youth B Female,finished,2021-07-24 07:58:35 UTC,/api/v1/category_rounds/6339/results,lead_one_group_two_routes,IFSC: 2 routes,19,,,,,,,1826,2,/api/v1/routes/1826/startlist,/api/v1/routes/1826/results
/api/v1/events/1219/result/257,1219,full_results_url,IFSC Europe - Continental Youth Cup (L) - Veliko Tarnovo (BUL) 2021,LEAD Youth B Female,finished,2025-10-02 07:18:35 UTC,2026-04-22 09:10:05 UTC,,6683,lead,Final,Youth B Female,finished,2021-07-25 08:03:30 UTC,/api/v1/category_rounds/6683/results,lead_one_group_one_route,IFSC: 1 route,21,,,,,,,5334,1,/api/v1/routes/5334/startlist,/api/v1/routes/5334/results
/api/v1/events/1220/result/233,1220,full_results_url,"IFSC Europe - Continental Youth Cup (L,S) - Zilina (SVK) 2021",LEAD Juniors Male,finished,2025-10-02 07:18:35 UTC,2026-04-22 09:10:08 UTC,,6340,lead,Qualification,Juniors Male,finished,2021-07-30 12:17:47 UTC,/api/v1/category_rounds/6340/results,lead_one_group_two_routes,IFSC: 2 routes,19,,,,,,,1827,1,/api/v1/routes/1827/startlist,/api/v1/routes/1827/results
/api/v1/events/1220/result/233,1220,full_results_url,"IFSC Europe - Continental Youth Cup (L,S) - Zilina (SVK) 2021",LEAD Juniors Male,finished,2025-10-02 07:18:35 UTC,2026-04-22 09:10:08 UTC,,6340,lead,Qualification,Juniors Male,finished,2021-07-30 12:17:47 UTC,/api/v1/category_rounds/6340/results,lead_one_group_two_routes,IFSC: 2 routes,19,,,,,,,1828,2,/api/v1/routes/1828/startlist,/api/v1/routes/1828/results
/api/v1/events/1220/result/233,1220,full_results_url,"IFSC Europe - Continental Youth Cup (L,S) - Zilina (SVK) 2021",LEAD Juniors Male,finished,2025-10-02 07:18:35 UTC,2026-04-22 09:10:08 UTC,,6685,lead,Final,Juniors Male,finished,2021-07-30 18:23:45 UTC,/api/v1/category_rounds/6685/results,lead_one_group_one_route,IFSC: 1 route,21,,,,,,,5335,1,/api/v1/routes/5335/startlist,/api/v1/routes/5335/results
/api/v1/events/1220/result/237,1220,full_results_url,"IFSC Europe - Continental Youth Cup (L,S) - Zilina (SVK) 2021",LEAD Youth A Male,finished,2025-10-02 07:18:35 UTC,2026-04-22 09:10:12 UTC,,6341,lead,Qualification,Youth A Male,finished,2021-07-30 09:13:48 UTC,/api/v1/category_rounds/6341/results,lead_one_group_two_routes,IFSC: 2 routes,19,,,,,,,1829,1,/api/v1/routes/1829/startlist,/api/v1/routes/1829/results
/api/v1/events/1220/result/237,1220,full_results_url,"IFSC Europe - Continental Youth Cup (L,S) - Zilina (SVK) 2021",LEAD Youth A Male,finished,2025-10-02 07:18:35 UTC,2026-04-22 09:10:12 UTC,,6341,lead,Qualification,Youth A Male,finished,2021-07-30 09:13:48 UTC,/api/v1/category_rounds/6341/results,lead_one_group_two_routes,IFSC: 2 routes,19,,,,,,,1830,2,/api/v1/routes/1830/startlist,/api/v1/routes/1830/results
/api/v1/events/1220/result/237,1220,full_results_url,"IFSC Europe - Continental Youth Cup (L,S) - Zilina (SVK) 2021",LEAD Youth A Male,finished,2025-10-02 07:18:35 UTC,2026-04-22 09:10:12 UTC,,6686,lead,Final,Youth A Male,finished,2021-07-30 17:27:08 UTC,/api/v1/category_rounds/6686/results,lead_one_group_one_route,IFSC: 1 route,21,,,,,,,5336,1,/api/v1/routes/5336/startlist,/api/v1/routes/5336/results
/api/v1/events/1220/result/241,1220,full_results_url,"IFSC Europe - Continental Youth Cup (L,S) - Zilina (SVK) 2021",LEAD Youth B Male,finished,2025-10-02 07:18:35 UTC,2026-04-22 09:10:15 UTC,,6342,lead,Qualification,Youth B Male,finished,2021-07-29 09:45:26 UTC,/api/v1/category_rounds/6342/results,lead_one_group_two_routes,IFSC: 2 routes,19,,,,,,,1831,1,/api/v1/routes/1831/startlist,/api/v1/routes/1831/results
/api/v1/events/1220/result/241,1220,full_results_url,"IFSC Europe - Continental Youth Cup (L,S) - Zilina (SVK) 2021",LEAD Youth B Male,finished,2025-10-02 07:18:35 UTC,2026-04-22 09:10:15 UTC,,6342,lead,Qualification,Youth B Male,finished,2021-07-29 09:45:26 UTC,/api/v1/category_rounds/6342/results,lead_one_group_two_routes,IFSC: 2 routes,19,,,,,,,1832,2,/api/v1/routes/1832/startlist,/api/v1/routes/1832/results
/api/v1/events/1220/result/241,1220,full_results_url,"IFSC Europe - Continental Youth Cup (L,S) - Zilina (SVK) 2021",LEAD Youth B Male,finished,2025-10-02 07:18:35 UTC,2026-04-22 09:10:15 UTC,,6687,lead,Final,Youth B Male,finished,2021-07-29 16:12:40 UTC,/api/v1/category_rounds/6687/results,lead_one_group_one_route,IFSC: 1 route,21,,,,,,,5337,1,/api/v1/routes/5337/startlist,/api/v1/routes/5337/results
/api/v1/events/1220/result/249,1220,full_results_url,"IFSC Europe - Continental Youth Cup (L,S) - Zilina (SVK) 2021",LEAD Juniors Female,finished,2025-10-02 07:18:35 UTC,2026-04-22 09:10:18 UTC,,6343,lead,Qualification,Juniors Female,finished,2021-07-29 12:43:00 UTC,/api/v1/category_rounds/6343/results,lead_one_group_two_routes,IFSC: 2 routes,19,,,,,,,1833,1,/api/v1/routes/1833/startlist,/api/v1/routes/1833/results
/api/v1/events/1220/result/249,1220,full_results_url,"IFSC Europe - Continental Youth Cup (L,S) - Zilina (SVK) 2021",LEAD Juniors Female,finished,2025-10-02 07:18:35 UTC,2026-04-22 09:10:18 UTC,,6343,lead,Qualification,Juniors Female,finished,2021-07-29 12:43:00 UTC,/api/v1/category_rounds/6343/results,lead_one_group_two_routes,IFSC: 2 routes,19,,,,,,,1834,2,/api/v1/routes/1834/startlist,/api/v1/routes/1834/results
/api/v1/events/1220/result/249,1220,full_results_url,"IFSC Europe - Continental Youth Cup (L,S) - Zilina (SVK) 2021",LEAD Juniors Female,finished,2025-10-02 07:18:35 UTC,2026-04-22 09:10:18 UTC,,6688,lead,Final,Juniors Female,finished,2021-07-29 18:53:16 UTC,/api/v1/category_rounds/6688/results,lead_one_group_one_route,IFSC: 1 route,21,,,,,,,5338,1,/api/v1/routes/5338/startlist,/api/v1/routes/5338/results
/api/v1/events/1220/result/253,1220,full_results_url,"IFSC Europe - Continental Youth Cup (L,S) - Zilina (SVK) 2021",LEAD Youth A Female,finished,2025-10-02 07:18:35 UTC,2026-04-22 09:10:22 UTC,,6344,lead,Qualification,Youth A Female,finished,2021-07-29 09:49:14 UTC,/api/v1/category_rounds/6344/results,lead_one_group_two_routes,IFSC: 2 routes,19,,,,,,,1835,1,/api/v1/routes/1835/startlist,/api/v1/routes/1835/results
/api/v1/events/1220/result/253,1220,full_results_url,"IFSC Europe - Continental Youth Cup (L,S) - Zilina (SVK) 2021",LEAD Youth A Female,finished,2025-10-02 07:18:35 UTC,2026-04-22 09:10:22 UTC,,6344,lead,Qualification,Youth A Female,finished,2021-07-29 09:49:14 UTC,/api/v1/category_rounds/6344/results,lead_one_group_two_routes,IFSC: 2 routes,19,,,,,,,1836,2,/api/v1/routes/1836/startlist,/api/v1/routes/1836/results
/api/v1/events/1220/result/253,1220,full_results_url,"IFSC Europe - Continental Youth Cup (L,S) - Zilina (SVK) 2021",LEAD Youth A Female,finished,2025-10-02 07:18:35 UTC,2026-04-22 09:10:22 UTC,,6689,lead,Final,Youth A Female,finished,2021-07-29 17:24:46 UTC,/api/v1/category_rounds/6689/results,lead_one_group_one_route,IFSC: 1 route,21,,,,,,,5339,1,/api/v1/routes/5339/startlist,/api/v1/routes/5339/results
/api/v1/events/1220/result/257,1220,full_results_url,"IFSC Europe - Continental Youth Cup (L,S) - Zilina (SVK) 2021",LEAD Youth B Female,finished,2025-10-02 07:18:35 UTC,2026-04-22 09:10:25 UTC,,6345,lead,Qualification,Youth B Female,finished,2021-07-30 09:28:20 UTC,/api/v1/category_rounds/6345/results,lead_one_group_two_routes,IFSC: 2 routes,19,,,,,,,1837,1,/api/v1/routes/1837/startlist,/api/v1/routes/1837/results
/api/v1/events/1220/result/257,1220,full_results_url,"IFSC Europe - Continental Youth Cup (L,S) - Zilina (SVK) 2021",LEAD Youth B Female,finished,2025-10-02 07:18:35 UTC,2026-04-22 09:10:25 UTC,,6345,lead,Qualification,Youth B Female,finished,2021-07-30 09:28:20 UTC,/api/v1/category_rounds/6345/results,lead_one_group_two_routes,IFSC: 2 routes,19,,,,,,,1838,2,/api/v1/routes/1838/startlist,/api/v1/routes/1838/results
/api/v1/events/1220/result/257,1220,full_results_url,"IFSC Europe - Continental Youth Cup (L,S) - Zilina (SVK) 2021",LEAD Youth B Female,finished,2025-10-02 07:18:35 UTC,2026-04-22 09:10:25 UTC,,6690,lead,Final,Youth B Female,finished,2021-07-30 15:57:04 UTC,/api/v1/category_rounds/6690/results,lead_one_group_one_route,IFSC: 1 route,21,,,,,,,5340,1,/api/v1/routes/5340/startlist,/api/v1/routes/5340/results
/api/v1/events/1220/result/234,1220,full_results_url,"IFSC Europe - Continental Youth Cup (L,S) - Zilina (SVK) 2021",SPEED Juniors Male,finished,2025-10-02 07:18:35 UTC,2026-04-22 09:10:28 UTC,,6346,speed,Qualification,Juniors Male,finished,2021-07-31 11:55:26 UTC,/api/v1/category_rounds/6346/results,speed_staggered,IFSC: Qualification,19,,,,,,,1839,A,/api/v1/routes/1839/startlist,
/api/v1/events/1220/result/234,1220,full_results_url,"IFSC Europe - Continental Youth Cup (L,S) - Zilina (SVK) 2021",SPEED Juniors Male,finished,2025-10-02 07:18:35 UTC,2026-04-22 09:10:28 UTC,,6346,speed,Qualification,Juniors Male,finished,2021-07-31 11:55:26 UTC,/api/v1/category_rounds/6346/results,speed_staggered,IFSC: Qualification,19,,,,,,,1840,B,/api/v1/routes/1840/startlist,
/api/v1/events/1220/result/234,1220,full_results_url,"IFSC Europe - Continental Youth Cup (L,S) - Zilina (SVK) 2021",SPEED Juniors Male,finished,2025-10-02 07:18:35 UTC,2026-04-22 09:10:28 UTC,,6691,speed,Final,Juniors Male,finished,2024-01-17 07:08:42 UTC,/api/v1/category_rounds/6691/results,speed_elimination_ifsc,IFSC 2021: Elimination,21,,,,,,,5365,A,/api/v1/routes/5365/startlist,
/api/v1/events/1220/result/234,1220,full_results_url,"IFSC Europe - Continental Youth Cup (L,S) - Zilina (SVK) 2021",SPEED Juniors Male,finished,2025-10-02 07:18:35 UTC,2026-04-22 09:10:28 UTC,,6691,speed,Final,Juniors Male,finished,2024-01-17 07:08:42 UTC,/api/v1/category_rounds/6691/results,speed_elimination_ifsc,IFSC 2021: Elimination,21,,,,,,,5366,B,/api/v1/routes/5366/startlist,
/api/v1/events/1220/result/238,1220,full_results_url,"IFSC Europe - Continental Youth Cup (L,S) - Zilina (SVK) 2021",SPEED Youth A Male,finished,2025-10-02 07:18:35 UTC,2026-04-22 09:10:32 UTC,,6347,speed,Qualification,Youth A Male,finished,2021-07-31 10:00:45 UTC,/api/v1/category_rounds/6347/results,speed_staggered,IFSC: Qualification,19,,,,,,,1841,A,/api/v1/routes/1841/startlist,
/api/v1/events/1220/result/238,1220,full_results_url,"IFSC Europe - Continental Youth Cup (L,S) - Zilina (SVK) 2021",SPEED Youth A Male,finished,2025-10-02 07:18:35 UTC,2026-04-22 09:10:32 UTC,,6347,speed,Qualification,Youth A Male,finished,2021-07-31 10:00:45 UTC,/api/v1/category_rounds/6347/results,speed_staggered,IFSC: Qualification,19,,,,,,,1842,B,/api/v1/routes/1842/startlist,
/api/v1/events/1220/result/238,1220,full_results_url,"IFSC Europe - Continental Youth Cup (L,S) - Zilina (SVK) 2021",SPEED Youth A Male,finished,2025-10-02 07:18:35 UTC,2026-04-22 09:10:32 UTC,,6692,speed,Final,Youth A Male,finished,2024-01-17 07:08:43 UTC,/api/v1/category_rounds/6692/results,speed_elimination_ifsc,IFSC 2021: Elimination,21,,,,,,,5367,A,/api/v1/routes/5367/startlist,
/api/v1/events/1220/result/238,1220,full_results_url,"IFSC Europe - Continental Youth Cup (L,S) - Zilina (SVK) 2021",SPEED Youth A Male,finished,2025-10-02 07:18:35 UTC,2026-04-22 09:10:32 UTC,,6692,speed,Final,Youth A Male,finished,2024-01-17 07:08:43 UTC,/api/v1/category_rounds/6692/results,speed_elimination_ifsc,IFSC 2021: Elimination,21,,,,,,,5368,B,/api/v1/routes/5368/startlist,
/api/v1/events/1220/result/242,1220,full_results_url,"IFSC Europe - Continental Youth Cup (L,S) - Zilina (SVK) 2021",SPEED Youth B Male,finished,2025-10-02 07:18:35 UTC,2026-04-22 09:10:35 UTC,,6348,speed,Qualification,Youth B Male,finished,2021-07-31 08:02:32 UTC,/api/v1/category_rounds/6348/results,speed_staggered,IFSC: Qualification,19,,,,,,,1843,A,/api/v1/routes/1843/startlist,
/api/v1/events/1220/result/242,1220,full_results_url,"IFSC Europe - Continental Youth Cup (L,S) - Zilina (SVK) 2021",SPEED Youth B Male,finished,2025-10-02 07:18:35 UTC,2026-04-22 09:10:35 UTC,,6348,speed,Qualification,Youth B Male,finished,2021-07-31 08:02:32 UTC,/api/v1/category_rounds/6348/results,speed_staggered,IFSC: Qualification,19,,,,,,,1844,B,/api/v1/routes/1844/startlist,
/api/v1/events/1220/result/242,1220,full_results_url,"IFSC Europe - Continental Youth Cup (L,S) - Zilina (SVK) 2021",SPEED Youth B Male,finished,2025-10-02 07:18:35 UTC,2026-04-22 09:10:35 UTC,,6693,speed,Final,Youth B Male,finished,2024-01-17 07:08:43 UTC,/api/v1/category_rounds/6693/results,speed_elimination_ifsc,IFSC 2021: Elimination,21,,,,,,,5369,A,/api/v1/routes/5369/startlist,
/api/v1/events/1220/result/242,1220,full_results_url,"IFSC Europe - Continental Youth Cup (L,S) - Zilina (SVK) 2021",SPEED Youth B Male,finished,2025-10-02 07:18:35 UTC,2026-04-22 09:10:35 UTC,,6693,speed,Final,Youth B Male,finished,2024-01-17 07:08:43 UTC,/api/v1/category_rounds/6693/results,speed_elimination_ifsc,IFSC 2021: Elimination,21,,,,,,,5370,B,/api/v1/routes/5370/startlist,
/api/v1/events/1220/result/250,1220,full_results_url,"IFSC Europe - Continental Youth Cup (L,S) - Zilina (SVK) 2021",SPEED Juniors Female,finished,2025-10-02 07:18:35 UTC,2026-04-22 09:10:38 UTC,,6349,speed,Qualification,Juniors Female,finished,2021-07-31 11:58:56 UTC,/api/v1/category_rounds/6349/results,speed_staggered,IFSC: Qualification,19,,,,,,,1845,A,/api/v1/routes/1845/startlist,
/api/v1/events/1220/result/250,1220,full_results_url,"IFSC Europe - Continental Youth Cup (L,S) - Zilina (SVK) 2021",SPEED Juniors Female,finished,2025-10-02 07:18:35 UTC,2026-04-22 09:10:38 UTC,,6349,speed,Qualification,Juniors Female,finished,2021-07-31 11:58:56 UTC,/api/v1/category_rounds/6349/results,speed_staggered,IFSC: Qualification,19,,,,,,,1846,B,/api/v1/routes/1846/startlist,
/api/v1/events/1220/result/250,1220,full_results_url,"IFSC Europe - Continental Youth Cup (L,S) - Zilina (SVK) 2021",SPEED Juniors Female,finished,2025-10-02 07:18:35 UTC,2026-04-22 09:10:38 UTC,,6694,speed,Final,Juniors Female,finished,2024-01-17 07:08:44 UTC,/api/v1/category_rounds/6694/results,speed_elimination_ifsc,IFSC 2021: Elimination,21,,,,,,,5371,A,/api/v1/routes/5371/startlist,
/api/v1/events/1220/result/250,1220,full_results_url,"IFSC Europe - Continental Youth Cup (L,S) - Zilina (SVK) 2021",SPEED Juniors Female,finished,2025-10-02 07:18:35 UTC,2026-04-22 09:10:38 UTC,,6694,speed,Final,Juniors Female,finished,2024-01-17 07:08:44 UTC,/api/v1/category_rounds/6694/results,speed_elimination_ifsc,IFSC 2021: Elimination,21,,,,,,,5372,B,/api/v1/routes/5372/startlist,
/api/v1/events/1220/result/254,1220,full_results_url,"IFSC Europe - Continental Youth Cup (L,S) - Zilina (SVK) 2021",SPEED Youth A Female,finished,2025-10-02 07:18:35 UTC,2026-04-22 09:10:41 UTC,,6350,speed,Qualification,Youth A Female,finished,2021-07-31 10:02:38 UTC,/api/v1/category_rounds/6350/results,speed_staggered,IFSC: Qualification,19,,,,,,,1847,A,/api/v1/routes/1847/startlist,
/api/v1/events/1220/result/254,1220,full_results_url,"IFSC Europe - Continental Youth Cup (L,S) - Zilina (SVK) 2021",SPEED Youth A Female,finished,2025-10-02 07:18:35 UTC,2026-04-22 09:10:41 UTC,,6350,speed,Qualification,Youth A Female,finished,2021-07-31 10:02:38 UTC,/api/v1/category_rounds/6350/results,speed_staggered,IFSC: Qualification,19,,,,,,,1848,B,/api/v1/routes/1848/startlist,
/api/v1/events/1220/result/254,1220,full_results_url,"IFSC Europe - Continental Youth Cup (L,S) - Zilina (SVK) 2021",SPEED Youth A Female,finished,2025-10-02 07:18:35 UTC,2026-04-22 09:10:41 UTC,,6695,speed,Final,Youth A Female,finished,2024-01-17 07:08:44 UTC,/api/v1/category_rounds/6695/results,speed_elimination_ifsc,IFSC 2021: Elimination,21,,,,,,,5373,A,/api/v1/routes/5373/startlist,
/api/v1/events/1220/result/254,1220,full_results_url,"IFSC Europe - Continental Youth Cup (L,S) - Zilina (SVK) 2021",SPEED Youth A Female,finished,2025-10-02 07:18:35 UTC,2026-04-22 09:10:41 UTC,,6695,speed,Final,Youth A Female,finished,2024-01-17 07:08:44 UTC,/api/v1/category_rounds/6695/results,speed_elimination_ifsc,IFSC 2021: Elimination,21,,,,,,,5374,B,/api/v1/routes/5374/startlist,
/api/v1/events/1220/result/258,1220,full_results_url,"IFSC Europe - Continental Youth Cup (L,S) - Zilina (SVK) 2021",SPEED Youth B Female,finished,2025-10-02 07:18:35 UTC,2026-04-22 09:10:44 UTC,,6351,speed,Qualification,Youth B Female,finished,2021-07-31 08:21:05 UTC,/api/v1/category_rounds/6351/results,speed_staggered,IFSC: Qualification,19,,,,,,,1849,A,/api/v1/routes/1849/startlist,
/api/v1/events/1220/result/258,1220,full_results_url,"IFSC Europe - Continental Youth Cup (L,S) - Zilina (SVK) 2021",SPEED Youth B Female,finished,2025-10-02 07:18:35 UTC,2026-04-22 09:10:44 UTC,,6351,speed,Qualification,Youth B Female,finished,2021-07-31 08:21:05 UTC,/api/v1/category_rounds/6351/results,speed_staggered,IFSC: Qualification,19,,,,,,,1850,B,/api/v1/routes/1850/startlist,
/api/v1/events/1220/result/258,1220,full_results_url,"IFSC Europe - Continental Youth Cup (L,S) - Zilina (SVK) 2021",SPEED Youth B Female,finished,2025-10-02 07:18:35 UTC,2026-04-22 09:10:44 UTC,,6696,speed,Final,Youth B Female,finished,2024-01-17 07:08:45 UTC,/api/v1/category_rounds/6696/results,speed_elimination_ifsc,IFSC 2021: Elimination,21,,,,,,,5375,A,/api/v1/routes/5375/startlist,
/api/v1/events/1220/result/258,1220,full_results_url,"IFSC Europe - Continental Youth Cup (L,S) - Zilina (SVK) 2021",SPEED Youth B Female,finished,2025-10-02 07:18:35 UTC,2026-04-22 09:10:44 UTC,,6696,speed,Final,Youth B Female,finished,2024-01-17 07:08:45 UTC,/api/v1/category_rounds/6696/results,speed_elimination_ifsc,IFSC 2021: Elimination,21,,,,,,,5376,B,/api/v1/routes/5376/startlist,
/api/v1/events/1227/result/316,1227,full_results_url,Olympic Games (C) - Tokyo (JPN) 2020,COMBINED Men,finished,2025-10-02 07:18:35 UTC,2026-04-22 09:10:48 UTC,,6668,combined,Qualification,Men,finished,2021-10-11 16:00:15 UTC,/api/v1/category_rounds/6668/results,sbl_qualification,Speed Boulder Lead Qualification,31,459.0,,speed,finished,2021-10-05 15:27:20 UTC,/api/v1/combined_stages/459/results,5259,A,/api/v1/routes/5259/startlist,
/api/v1/events/1227/result/316,1227,full_results_url,Olympic Games (C) - Tokyo (JPN) 2020,COMBINED Men,finished,2025-10-02 07:18:35 UTC,2026-04-22 09:10:48 UTC,,6668,combined,Qualification,Men,finished,2021-10-11 16:00:15 UTC,/api/v1/category_rounds/6668/results,sbl_qualification,Speed Boulder Lead Qualification,31,459.0,,speed,finished,2021-10-05 15:27:20 UTC,/api/v1/combined_stages/459/results,5260,B,/api/v1/routes/5260/startlist,
/api/v1/events/1227/result/316,1227,full_results_url,Olympic Games (C) - Tokyo (JPN) 2020,COMBINED Men,finished,2025-10-02 07:18:35 UTC,2026-04-22 09:10:48 UTC,,6668,combined,Qualification,Men,finished,2021-10-11 16:00:15 UTC,/api/v1/category_rounds/6668/results,sbl_qualification,Speed Boulder Lead Qualification,31,460.0,,boulder,finished,2021-10-05 15:43:46 UTC,/api/v1/combined_stages/460/results,5261,1,/api/v1/routes/5261/startlist,
/api/v1/events/1227/result/316,1227,full_results_url,Olympic Games (C) - Tokyo (JPN) 2020,COMBINED Men,finished,2025-10-02 07:18:35 UTC,2026-04-22 09:10:48 UTC,,6668,combined,Qualification,Men,finished,2021-10-11 16:00:15 UTC,/api/v1/category_rounds/6668/results,sbl_qualification,Speed Boulder Lead Qualification,31,460.0,,boulder,finished,2021-10-05 15:43:46 UTC,/api/v1/combined_stages/460/results,5262,2,/api/v1/routes/5262/startlist,
/api/v1/events/1227/result/316,1227,full_results_url,Olympic Games (C) - Tokyo (JPN) 2020,COMBINED Men,finished,2025-10-02 07:18:35 UTC,2026-04-22 09:10:48 UTC,,6668,combined,Qualification,Men,finished,2021-10-11 16:00:15 UTC,/api/v1/category_rounds/6668/results,sbl_qualification,Speed Boulder Lead Qualification,31,460.0,,boulder,finished,2021-10-05 15:43:46 UTC,/api/v1/combined_stages/460/results,5263,3,/api/v1/routes/5263/startlist,
/api/v1/events/1227/result/316,1227,full_results_url,Olympic Games (C) - Tokyo (JPN) 2020,COMBINED Men,finished,2025-10-02 07:18:35 UTC,2026-04-22 09:10:48 UTC,,6668,combined,Qualification,Men,finished,2021-10-11 16:00:15 UTC,/api/v1/category_rounds/6668/results,sbl_qualification,Speed Boulder Lead Qualification,31,460.0,,boulder,finished,2021-10-05 15:43:46 UTC,/api/v1/combined_stages/460/results,5264,4,/api/v1/routes/5264/startlist,
/api/v1/events/1227/result/316,1227,full_results_url,Olympic Games (C) - Tokyo (JPN) 2020,COMBINED Men,finished,2025-10-02 07:18:35 UTC,2026-04-22 09:10:48 UTC,,6668,combined,Qualification,Men,finished,2021-10-11 16:00:15 UTC,/api/v1/category_rounds/6668/results,sbl_qualification,Speed Boulder Lead Qualification,31,461.0,,lead,finished,2021-10-11 15:59:16 UTC,/api/v1/combined_stages/461/results,5265,1,/api/v1/routes/5265/startlist,/api/v1/routes/5265/results
/api/v1/events/1227/result/316,1227,full_results_url,Olympic Games (C) - Tokyo (JPN) 2020,COMBINED Men,finished,2025-10-02 07:18:35 UTC,2026-04-22 09:10:48 UTC,,6830,combined,Final,Men,finished,2021-10-12 15:59:20 UTC,/api/v1/category_rounds/6830/results,sbl_final,Speed Boulder Lead Final,33,492.0,,speed,finished,2024-01-15 12:15:25 UTC,/api/v1/combined_stages/492/results,5684,A,/api/v1/routes/5684/startlist,
/api/v1/events/1227/result/316,1227,full_results_url,Olympic Games (C) - Tokyo (JPN) 2020,COMBINED Men,finished,2025-10-02 07:18:35 UTC,2026-04-22 09:10:48 UTC,,6830,combined,Final,Men,finished,2021-10-12 15:59:20 UTC,/api/v1/category_rounds/6830/results,sbl_final,Speed Boulder Lead Final,33,492.0,,speed,finished,2024-01-15 12:15:25 UTC,/api/v1/combined_stages/492/results,5685,B,/api/v1/routes/5685/startlist,
/api/v1/events/1227/result/316,1227,full_results_url,Olympic Games (C) - Tokyo (JPN) 2020,COMBINED Men,finished,2025-10-02 07:18:35 UTC,2026-04-22 09:10:48 UTC,,6830,combined,Final,Men,finished,2021-10-12 15:59:20 UTC,/api/v1/category_rounds/6830/results,sbl_final,Speed Boulder Lead Final,33,493.0,,boulder,finished,2021-10-12 15:57:54 UTC,/api/v1/combined_stages/493/results,5686,1,/api/v1/routes/5686/startlist,
/api/v1/events/1227/result/316,1227,full_results_url,Olympic Games (C) - Tokyo (JPN) 2020,COMBINED Men,finished,2025-10-02 07:18:35 UTC,2026-04-22 09:10:48 UTC,,6830,combined,Final,Men,finished,2021-10-12 15:59:20 UTC,/api/v1/category_rounds/6830/results,sbl_final,Speed Boulder Lead Final,33,493.0,,boulder,finished,2021-10-12 15:57:54 UTC,/api/v1/combined_stages/493/results,5687,2,/api/v1/routes/5687/startlist,
/api/v1/events/1227/result/316,1227,full_results_url,Olympic Games (C) - Tokyo (JPN) 2020,COMBINED Men,finished,2025-10-02 07:18:35 UTC,2026-04-22 09:10:48 UTC,,6830,combined,Final,Men,finished,2021-10-12 15:59:20 UTC,/api/v1/category_rounds/6830/results,sbl_final,Speed Boulder Lead Final,33,493.0,,boulder,finished,2021-10-12 15:57:54 UTC,/api/v1/combined_stages/493/results,5688,3,/api/v1/routes/5688/startlist,
/api/v1/events/1227/result/316,1227,full_results_url,Olympic Games (C) - Tokyo (JPN) 2020,COMBINED Men,finished,2025-10-02 07:18:35 UTC,2026-04-22 09:10:48 UTC,,6830,combined,Final,Men,finished,2021-10-12 15:59:20 UTC,/api/v1/category_rounds/6830/results,sbl_final,Speed Boulder Lead Final,33,494.0,,lead,finished,2021-10-12 15:59:18 UTC,/api/v1/combined_stages/494/results,5689,1,/api/v1/routes/5689/startlist,/api/v1/routes/5689/results
/api/v1/events/1227/result/336,1227,full_results_url,Olympic Games (C) - Tokyo (JPN) 2020,COMBINED Women,finished,2025-10-02 07:18:35 UTC,2026-04-22 09:10:52 UTC,,6673,combined,Qualification,Women,finished,2021-09-16 15:30:13 UTC,/api/v1/category_rounds/6673/results,sbl_qualification,Speed Boulder Lead Qualification,31,474.0,,speed,finished,2021-09-16 15:16:12 UTC,/api/v1/combined_stages/474/results,5294,A,/api/v1/routes/5294/startlist,
/api/v1/events/1227/result/336,1227,full_results_url,Olympic Games (C) - Tokyo (JPN) 2020,COMBINED Women,finished,2025-10-02 07:18:35 UTC,2026-04-22 09:10:52 UTC,,6673,combined,Qualification,Women,finished,2021-09-16 15:30:13 UTC,/api/v1/category_rounds/6673/results,sbl_qualification,Speed Boulder Lead Qualification,31,474.0,,speed,finished,2021-09-16 15:16:12 UTC,/api/v1/combined_stages/474/results,5295,B,/api/v1/routes/5295/startlist,
/api/v1/events/1227/result/336,1227,full_results_url,Olympic Games (C) - Tokyo (JPN) 2020,COMBINED Women,finished,2025-10-02 07:18:35 UTC,2026-04-22 09:10:52 UTC,,6673,combined,Qualification,Women,finished,2021-09-16 15:30:13 UTC,/api/v1/category_rounds/6673/results,sbl_qualification,Speed Boulder Lead Qualification,31,475.0,,boulder,finished,2021-09-16 15:29:48 UTC,/api/v1/combined_stages/475/results,5296,1,/api/v1/routes/5296/startlist,
/api/v1/events/1227/result/336,1227,full_results_url,Olympic Games (C) - Tokyo (JPN) 2020,COMBINED Women,finished,2025-10-02 07:18:35 UTC,2026-04-22 09:10:52 UTC,,6673,combined,Qualification,Women,finished,2021-09-16 15:30:13 UTC,/api/v1/category_rounds/6673/results,sbl_qualification,Speed Boulder Lead Qualification,31,475.0,,boulder,finished,2021-09-16 15:29:48 UTC,/api/v1/combined_stages/475/results,5297,2,/api/v1/routes/5297/startlist,
/api/v1/events/1227/result/336,1227,full_results_url,Olympic Games (C) - Tokyo (JPN) 2020,COMBINED Women,finished,2025-10-02 07:18:35 UTC,2026-04-22 09:10:52 UTC,,6673,combined,Qualification,Women,finished,2021-09-16 15:30:13 UTC,/api/v1/category_rounds/6673/results,sbl_qualification,Speed Boulder Lead Qualification,31,475.0,,boulder,finished,2021-09-16 15:29:48 UTC,/api/v1/combined_stages/475/results,5298,3,/api/v1/routes/5298/startlist,
/api/v1/events/1227/result/336,1227,full_results_url,Olympic Games (C) - Tokyo (JPN) 2020,COMBINED Women,finished,2025-10-02 07:18:35 UTC,2026-04-22 09:10:52 UTC,,6673,combined,Qualification,Women,finished,2021-09-16 15:30:13 UTC,/api/v1/category_rounds/6673/results,sbl_qualification,Speed Boulder Lead Qualification,31,475.0,,boulder,finished,2021-09-16 15:29:48 UTC,/api/v1/combined_stages/475/results,5299,4,/api/v1/routes/5299/startlist,
/api/v1/events/1227/result/336,1227,full_results_url,Olympic Games (C) - Tokyo (JPN) 2020,COMBINED Women,finished,2025-10-02 07:18:35 UTC,2026-04-22 09:10:52 UTC,,6673,combined,Qualification,Women,finished,2021-09-16 15:30:13 UTC,/api/v1/category_rounds/6673/results,sbl_qualification,Speed Boulder Lead Qualification,31,476.0,,lead,finished,2021-09-16 15:20:31 UTC,/api/v1/combined_stages/476/results,5300,1,/api/v1/routes/5300/startlist,/api/v1/routes/5300/results
/api/v1/events/1227/result/336,1227,full_results_url,Olympic Games (C) - Tokyo (JPN) 2020,COMBINED Women,finished,2025-10-02 07:18:35 UTC,2026-04-22 09:10:52 UTC,,6831,combined,Final,Women,finished,2021-09-16 16:12:20 UTC,/api/v1/category_rounds/6831/results,sbl_final,Speed Boulder Lead Final,33,495.0,,speed,finished,2024-01-15 12:17:09 UTC,/api/v1/combined_stages/495/results,5690,A,/api/v1/routes/5690/startlist,
/api/v1/events/1227/result/336,1227,full_results_url,Olympic Games (C) - Tokyo (JPN) 2020,COMBINED Women,finished,2025-10-02 07:18:35 UTC,2026-04-22 09:10:52 UTC,,6831,combined,Final,Women,finished,2021-09-16 16:12:20 UTC,/api/v1/category_rounds/6831/results,sbl_final,Speed Boulder Lead Final,33,495.0,,speed,finished,2024-01-15 12:17:09 UTC,/api/v1/combined_stages/495/results,5691,B,/api/v1/routes/5691/startlist,
/api/v1/events/1227/result/336,1227,full_results_url,Olympic Games (C) - Tokyo (JPN) 2020,COMBINED Women,finished,2025-10-02 07:18:35 UTC,2026-04-22 09:10:52 UTC,,6831,combined,Final,Women,finished,2021-09-16 16:12:20 UTC,/api/v1/category_rounds/6831/results,sbl_final,Speed Boulder Lead Final,33,496.0,,boulder,finished,2021-09-16 15:35:02 UTC,/api/v1/combined_stages/496/results,5692,1,/api/v1/routes/5692/startlist,
/api/v1/events/1227/result/336,1227,full_results_url,Olympic Games (C) - Tokyo (JPN) 2020,COMBINED Women,finished,2025-10-02 07:18:35 UTC,2026-04-22 09:10:52 UTC,,6831,combined,Final,Women,finished,2021-09-16 16:12:20 UTC,/api/v1/category_rounds/6831/results,sbl_final,Speed Boulder Lead Final,33,496.0,,boulder,finished,2021-09-16 15:35:02 UTC,/api/v1/combined_stages/496/results,5693,2,/api/v1/routes/5693/startlist,
/api/v1/events/1227/result/336,1227,full_results_url,Olympic Games (C) - Tokyo (JPN) 2020,COMBINED Women,finished,2025-10-02 07:18:35 UTC,2026-04-22 09:10:52 UTC,,6831,combined,Final,Women,finished,2021-09-16 16:12:20 UTC,/api/v1/category_rounds/6831/results,sbl_final,Speed Boulder Lead Final,33,496.0,,boulder,finished,2021-09-16 15:35:02 UTC,/api/v1/combined_stages/496/results,5694,3,/api/v1/routes/5694/startlist,
/api/v1/events/1227/result/336,1227,full_results_url,Olympic Games (C) - Tokyo (JPN) 2020,COMBINED Women,finished,2025-10-02 07:18:35 UTC,2026-04-22 09:10:52 UTC,,6831,combined,Final,Women,finished,2021-09-16 16:12:20 UTC,/api/v1/category_rounds/6831/results,sbl_final,Speed Boulder Lead Final,33,497.0,,lead,finished,2021-09-16 15:35:47 UTC,/api/v1/combined_stages/497/results,5695,1,/api/v1/routes/5695/startlist,/api/v1/routes/5695/results
/api/v1/events/1207/result/227,1207,full_results_url,IFSC Europe - Continental Cup (B) - Krakow (POL) 2021,BOULDER Men,finished,2025-10-02 07:18:34 UTC,2026-04-22 09:10:56 UTC,,6266,boulder,Qualification,Men,finished,2021-08-07 12:18:35 UTC,/api/v1/category_rounds/6266/results,boulder_one_group_one_boulder_set,IFSC: 1 group,16,,,,,,,5377,1,/api/v1/routes/5377/startlist,
/api/v1/events/1207/result/227,1207,full_results_url,IFSC Europe - Continental Cup (B) - Krakow (POL) 2021,BOULDER Men,finished,2025-10-02 07:18:34 UTC,2026-04-22 09:10:56 UTC,,6266,boulder,Qualification,Men,finished,2021-08-07 12:18:35 UTC,/api/v1/category_rounds/6266/results,boulder_one_group_one_boulder_set,IFSC: 1 group,16,,,,,,,5378,2,/api/v1/routes/5378/startlist,
/api/v1/events/1207/result/227,1207,full_results_url,IFSC Europe - Continental Cup (B) - Krakow (POL) 2021,BOULDER Men,finished,2025-10-02 07:18:34 UTC,2026-04-22 09:10:56 UTC,,6266,boulder,Qualification,Men,finished,2021-08-07 12:18:35 UTC,/api/v1/category_rounds/6266/results,boulder_one_group_one_boulder_set,IFSC: 1 group,16,,,,,,,5379,3,/api/v1/routes/5379/startlist,
/api/v1/events/1207/result/227,1207,full_results_url,IFSC Europe - Continental Cup (B) - Krakow (POL) 2021,BOULDER Men,finished,2025-10-02 07:18:34 UTC,2026-04-22 09:10:56 UTC,,6266,boulder,Qualification,Men,finished,2021-08-07 12:18:35 UTC,/api/v1/category_rounds/6266/results,boulder_one_group_one_boulder_set,IFSC: 1 group,16,,,,,,,5380,4,/api/v1/routes/5380/startlist,
/api/v1/events/1207/result/227,1207,full_results_url,IFSC Europe - Continental Cup (B) - Krakow (POL) 2021,BOULDER Men,finished,2025-10-02 07:18:34 UTC,2026-04-22 09:10:56 UTC,,6266,boulder,Qualification,Men,finished,2021-08-07 12:18:35 UTC,/api/v1/category_rounds/6266/results,boulder_one_group_one_boulder_set,IFSC: 1 group,16,,,,,,,5381,5,/api/v1/routes/5381/startlist,
/api/v1/events/1207/result/227,1207,full_results_url,IFSC Europe - Continental Cup (B) - Krakow (POL) 2021,BOULDER Men,finished,2025-10-02 07:18:34 UTC,2026-04-22 09:10:56 UTC,,6699,boulder,Semi-Final,Men,finished,2021-08-08 11:21:30 UTC,/api/v1/category_rounds/6699/results,boulder_one_group_one_boulder_set,IFSC: 1 group,17,,,,,,,5395,1,/api/v1/routes/5395/startlist,
/api/v1/events/1207/result/227,1207,full_results_url,IFSC Europe - Continental Cup (B) - Krakow (POL) 2021,BOULDER Men,finished,2025-10-02 07:18:34 UTC,2026-04-22 09:10:56 UTC,,6699,boulder,Semi-Final,Men,finished,2021-08-08 11:21:30 UTC,/api/v1/category_rounds/6699/results,boulder_one_group_one_boulder_set,IFSC: 1 group,17,,,,,,,5396,2,/api/v1/routes/5396/startlist,
/api/v1/events/1207/result/227,1207,full_results_url,IFSC Europe - Continental Cup (B) - Krakow (POL) 2021,BOULDER Men,finished,2025-10-02 07:18:34 UTC,2026-04-22 09:10:56 UTC,,6699,boulder,Semi-Final,Men,finished,2021-08-08 11:21:30 UTC,/api/v1/category_rounds/6699/results,boulder_one_group_one_boulder_set,IFSC: 1 group,17,,,,,,,5397,3,/api/v1/routes/5397/startlist,
/api/v1/events/1207/result/227,1207,full_results_url,IFSC Europe - Continental Cup (B) - Krakow (POL) 2021,BOULDER Men,finished,2025-10-02 07:18:34 UTC,2026-04-22 09:10:56 UTC,,6699,boulder,Semi-Final,Men,finished,2021-08-08 11:21:30 UTC,/api/v1/category_rounds/6699/results,boulder_one_group_one_boulder_set,IFSC: 1 group,17,,,,,,,5398,4,/api/v1/routes/5398/startlist,
/api/v1/events/1207/result/227,1207,full_results_url,IFSC Europe - Continental Cup (B) - Krakow (POL) 2021,BOULDER Men,finished,2025-10-02 07:18:34 UTC,2026-04-22 09:10:56 UTC,,6697,boulder,Final,Men,finished,2021-08-08 17:59:45 UTC,/api/v1/category_rounds/6697/results,boulder_one_group_one_boulder_set,IFSC: 1 group,18,,,,,,,5387,1,/api/v1/routes/5387/startlist,
/api/v1/events/1207/result/227,1207,full_results_url,IFSC Europe - Continental Cup (B) - Krakow (POL) 2021,BOULDER Men,finished,2025-10-02 07:18:34 UTC,2026-04-22 09:10:56 UTC,,6697,boulder,Final,Men,finished,2021-08-08 17:59:45 UTC,/api/v1/category_rounds/6697/results,boulder_one_group_one_boulder_set,IFSC: 1 group,18,,,,,,,5388,2,/api/v1/routes/5388/startlist,
/api/v1/events/1207/result/227,1207,full_results_url,IFSC Europe - Continental Cup (B) - Krakow (POL) 2021,BOULDER Men,finished,2025-10-02 07:18:34 UTC,2026-04-22 09:10:56 UTC,,6697,boulder,Final,Men,finished,2021-08-08 17:59:45 UTC,/api/v1/category_rounds/6697/results,boulder_one_group_one_boulder_set,IFSC: 1 group,18,,,,,,,5389,3,/api/v1/routes/5389/startlist,
/api/v1/events/1207/result/227,1207,full_results_url,IFSC Europe - Continental Cup (B) - Krakow (POL) 2021,BOULDER Men,finished,2025-10-02 07:18:34 UTC,2026-04-22 09:10:56 UTC,,6697,boulder,Final,Men,finished,2021-08-08 17:59:45 UTC,/api/v1/category_rounds/6697/results,boulder_one_group_one_boulder_set,IFSC: 1 group,18,,,,,,,5390,4,/api/v1/routes/5390/startlist,
/api/v1/events/1207/result/231,1207,full_results_url,IFSC Europe - Continental Cup (B) - Krakow (POL) 2021,BOULDER Women,finished,2025-10-02 07:18:34 UTC,2026-04-22 09:11:00 UTC,,6267,boulder,Qualification,Women,finished,2021-08-07 18:36:14 UTC,/api/v1/category_rounds/6267/results,boulder_one_group_one_boulder_set,IFSC: 1 group,16,,,,,,,5382,1,/api/v1/routes/5382/startlist,
/api/v1/events/1207/result/231,1207,full_results_url,IFSC Europe - Continental Cup (B) - Krakow (POL) 2021,BOULDER Women,finished,2025-10-02 07:18:34 UTC,2026-04-22 09:11:00 UTC,,6267,boulder,Qualification,Women,finished,2021-08-07 18:36:14 UTC,/api/v1/category_rounds/6267/results,boulder_one_group_one_boulder_set,IFSC: 1 group,16,,,,,,,5383,2,/api/v1/routes/5383/startlist,
/api/v1/events/1207/result/231,1207,full_results_url,IFSC Europe - Continental Cup (B) - Krakow (POL) 2021,BOULDER Women,finished,2025-10-02 07:18:34 UTC,2026-04-22 09:11:00 UTC,,6267,boulder,Qualification,Women,finished,2021-08-07 18:36:14 UTC,/api/v1/category_rounds/6267/results,boulder_one_group_one_boulder_set,IFSC: 1 group,16,,,,,,,5384,3,/api/v1/routes/5384/startlist,
/api/v1/events/1207/result/231,1207,full_results_url,IFSC Europe - Continental Cup (B) - Krakow (POL) 2021,BOULDER Women,finished,2025-10-02 07:18:34 UTC,2026-04-22 09:11:00 UTC,,6267,boulder,Qualification,Women,finished,2021-08-07 18:36:14 UTC,/api/v1/category_rounds/6267/results,boulder_one_group_one_boulder_set,IFSC: 1 group,16,,,,,,,5385,4,/api/v1/routes/5385/startlist,
/api/v1/events/1207/result/231,1207,full_results_url,IFSC Europe - Continental Cup (B) - Krakow (POL) 2021,BOULDER Women,finished,2025-10-02 07:18:34 UTC,2026-04-22 09:11:00 UTC,,6267,boulder,Qualification,Women,finished,2021-08-07 18:36:14 UTC,/api/v1/category_rounds/6267/results,boulder_one_group_one_boulder_set,IFSC: 1 group,16,,,,,,,5386,5,/api/v1/routes/5386/startlist,
/api/v1/events/1207/result/231,1207,full_results_url,IFSC Europe - Continental Cup (B) - Krakow (POL) 2021,BOULDER Women,finished,2025-10-02 07:18:34 UTC,2026-04-22 09:11:00 UTC,,6700,boulder,Semi-Final,Women,finished,2021-08-08 11:21:07 UTC,/api/v1/category_rounds/6700/results,boulder_one_group_one_boulder_set,IFSC: 1 group,17,,,,,,,5399,1,/api/v1/routes/5399/startlist,
/api/v1/events/1207/result/231,1207,full_results_url,IFSC Europe - Continental Cup (B) - Krakow (POL) 2021,BOULDER Women,finished,2025-10-02 07:18:34 UTC,2026-04-22 09:11:00 UTC,,6700,boulder,Semi-Final,Women,finished,2021-08-08 11:21:07 UTC,/api/v1/category_rounds/6700/results,boulder_one_group_one_boulder_set,IFSC: 1 group,17,,,,,,,5400,2,/api/v1/routes/5400/startlist,
/api/v1/events/1207/result/231,1207,full_results_url,IFSC Europe - Continental Cup (B) - Krakow (POL) 2021,BOULDER Women,finished,2025-10-02 07:18:34 UTC,2026-04-22 09:11:00 UTC,,6700,boulder,Semi-Final,Women,finished,2021-08-08 11:21:07 UTC,/api/v1/category_rounds/6700/results,boulder_one_group_one_boulder_set,IFSC: 1 group,17,,,,,,,5401,3,/api/v1/routes/5401/startlist,
/api/v1/events/1207/result/231,1207,full_results_url,IFSC Europe - Continental Cup (B) - Krakow (POL) 2021,BOULDER Women,finished,2025-10-02 07:18:34 UTC,2026-04-22 09:11:00 UTC,,6700,boulder,Semi-Final,Women,finished,2021-08-08 11:21:07 UTC,/api/v1/category_rounds/6700/results,boulder_one_group_one_boulder_set,IFSC: 1 group,17,,,,,,,5402,4,/api/v1/routes/5402/startlist,
/api/v1/events/1207/result/231,1207,full_results_url,IFSC Europe - Continental Cup (B) - Krakow (POL) 2021,BOULDER Women,finished,2025-10-02 07:18:34 UTC,2026-04-22 09:11:00 UTC,,6698,boulder,Final,Women,finished,2021-08-08 17:58:25 UTC,/api/v1/category_rounds/6698/results,boulder_one_group_one_boulder_set,IFSC: 1 group,18,,,,,,,5391,1,/api/v1/routes/5391/startlist,
/api/v1/events/1207/result/231,1207,full_results_url,IFSC Europe - Continental Cup (B) - Krakow (POL) 2021,BOULDER Women,finished,2025-10-02 07:18:34 UTC,2026-04-22 09:11:00 UTC,,6698,boulder,Final,Women,finished,2021-08-08 17:58:25 UTC,/api/v1/category_rounds/6698/results,boulder_one_group_one_boulder_set,IFSC: 1 group,18,,,,,,,5392,2,/api/v1/routes/5392/startlist,
/api/v1/events/1207/result/231,1207,full_results_url,IFSC Europe - Continental Cup (B) - Krakow (POL) 2021,BOULDER Women,finished,2025-10-02 07:18:34 UTC,2026-04-22 09:11:00 UTC,,6698,boulder,Final,Women,finished,2021-08-08 17:58:25 UTC,/api/v1/category_rounds/6698/results,boulder_one_group_one_boulder_set,IFSC: 1 group,18,,,,,,,5393,3,/api/v1/routes/5393/startlist,
/api/v1/events/1207/result/231,1207,full_results_url,IFSC Europe - Continental Cup (B) - Krakow (POL) 2021,BOULDER Women,finished,2025-10-02 07:18:34 UTC,2026-04-22 09:11:00 UTC,,6698,boulder,Final,Women,finished,2021-08-08 17:58:25 UTC,/api/v1/category_rounds/6698/results,boulder_one_group_one_boulder_set,IFSC: 1 group,18,,,,,,,5394,4,/api/v1/routes/5394/startlist,
/api/v1/events/1186/result/9,1186,full_results_url,"IFSC - Climbing Youth World Championships (B,L,S) - Voronezh (RUS) 2021",LEAD Juniors Male,finished,2025-10-02 07:18:34 UTC,2026-04-22 09:11:03 UTC,,6146,lead,Qualification,Juniors Male,finished,2021-08-25 17:02:25 UTC,/api/v1/category_rounds/6146/results,lead_one_group_two_routes,IFSC: 2 routes,4,,,,,,,1111,1,/api/v1/routes/1111/startlist,/api/v1/routes/1111/results
/api/v1/events/1186/result/9,1186,full_results_url,"IFSC - Climbing Youth World Championships (B,L,S) - Voronezh (RUS) 2021",LEAD Juniors Male,finished,2025-10-02 07:18:34 UTC,2026-04-22 09:11:03 UTC,,6146,lead,Qualification,Juniors Male,finished,2021-08-25 17:02:25 UTC,/api/v1/category_rounds/6146/results,lead_one_group_two_routes,IFSC: 2 routes,4,,,,,,,1112,2,/api/v1/routes/1112/startlist,/api/v1/routes/1112/results
/api/v1/events/1186/result/9,1186,full_results_url,"IFSC - Climbing Youth World Championships (B,L,S) - Voronezh (RUS) 2021",LEAD Juniors Male,finished,2025-10-02 07:18:34 UTC,2026-04-22 09:11:03 UTC,,6735,lead,Semi-Final,Juniors Male,finished,2021-08-26 16:39:55 UTC,/api/v1/category_rounds/6735/results,lead_one_group_one_route,IFSC: 1 route,5,,,,,,,5507,1,/api/v1/routes/5507/startlist,/api/v1/routes/5507/results
/api/v1/events/1186/result/9,1186,full_results_url,"IFSC - Climbing Youth World Championships (B,L,S) - Voronezh (RUS) 2021",LEAD Juniors Male,finished,2025-10-02 07:18:34 UTC,2026-04-22 09:11:03 UTC,,6741,lead,Final,Juniors Male,finished,2021-08-27 17:45:15 UTC,/api/v1/category_rounds/6741/results,lead_one_group_one_route,IFSC: 1 route,6,,,,,,,5513,1,/api/v1/routes/5513/startlist,/api/v1/routes/5513/results
/api/v1/events/1186/result/13,1186,full_results_url,"IFSC - Climbing Youth World Championships (B,L,S) - Voronezh (RUS) 2021",LEAD Youth A Male,finished,2025-10-02 07:18:34 UTC,2026-04-22 09:11:07 UTC,,6147,lead,Qualification,Youth A Male,finished,2021-08-26 09:42:32 UTC,/api/v1/category_rounds/6147/results,lead_one_group_two_routes,IFSC: 2 routes,4,,,,,,,1113,1,/api/v1/routes/1113/startlist,/api/v1/routes/1113/results
/api/v1/events/1186/result/13,1186,full_results_url,"IFSC - Climbing Youth World Championships (B,L,S) - Voronezh (RUS) 2021",LEAD Youth A Male,finished,2025-10-02 07:18:34 UTC,2026-04-22 09:11:07 UTC,,6147,lead,Qualification,Youth A Male,finished,2021-08-26 09:42:32 UTC,/api/v1/category_rounds/6147/results,lead_one_group_two_routes,IFSC: 2 routes,4,,,,,,,1114,2,/api/v1/routes/1114/startlist,/api/v1/routes/1114/results
/api/v1/events/1186/result/13,1186,full_results_url,"IFSC - Climbing Youth World Championships (B,L,S) - Voronezh (RUS) 2021",LEAD Youth A Male,finished,2025-10-02 07:18:34 UTC,2026-04-22 09:11:07 UTC,,6736,lead,Semi-Final,Youth A Male,finished,2021-08-27 09:05:21 UTC,/api/v1/category_rounds/6736/results,lead_one_group_one_route,IFSC: 1 route,5,,,,,,,5508,1,/api/v1/routes/5508/startlist,/api/v1/routes/5508/results
/api/v1/events/1186/result/13,1186,full_results_url,"IFSC - Climbing Youth World Championships (B,L,S) - Voronezh (RUS) 2021",LEAD Youth A Male,finished,2025-10-02 07:18:34 UTC,2026-04-22 09:11:07 UTC,,6742,lead,Final,Youth A Male,finished,2021-08-28 11:57:22 UTC,/api/v1/category_rounds/6742/results,lead_one_group_one_route,IFSC: 1 route,6,,,,,,,5514,1,/api/v1/routes/5514/startlist,/api/v1/routes/5514/results
/api/v1/events/1186/result/17,1186,full_results_url,"IFSC - Climbing Youth World Championships (B,L,S) - Voronezh (RUS) 2021",LEAD Youth B Male,finished,2025-10-02 07:18:34 UTC,2026-04-22 09:11:11 UTC,,6148,lead,Qualification,Youth B Male,finished,2021-08-22 11:24:34 UTC,/api/v1/category_rounds/6148/results,lead_one_group_two_routes,IFSC: 2 routes,4,,,,,,,1115,1,/api/v1/routes/1115/startlist,/api/v1/routes/1115/results
/api/v1/events/1186/result/17,1186,full_results_url,"IFSC - Climbing Youth World Championships (B,L,S) - Voronezh (RUS) 2021",LEAD Youth B Male,finished,2025-10-02 07:18:34 UTC,2026-04-22 09:11:11 UTC,,6148,lead,Qualification,Youth B Male,finished,2021-08-22 11:24:34 UTC,/api/v1/category_rounds/6148/results,lead_one_group_two_routes,IFSC: 2 routes,4,,,,,,,1116,2,/api/v1/routes/1116/startlist,/api/v1/routes/1116/results
/api/v1/events/1186/result/17,1186,full_results_url,"IFSC - Climbing Youth World Championships (B,L,S) - Voronezh (RUS) 2021",LEAD Youth B Male,finished,2025-10-02 07:18:34 UTC,2026-04-22 09:11:11 UTC,,6737,lead,Semi-Final,Youth B Male,finished,2021-08-23 09:18:43 UTC,/api/v1/category_rounds/6737/results,lead_one_group_one_route,IFSC: 1 route,5,,,,,,,5509,1,/api/v1/routes/5509/startlist,/api/v1/routes/5509/results
/api/v1/events/1186/result/17,1186,full_results_url,"IFSC - Climbing Youth World Championships (B,L,S) - Voronezh (RUS) 2021",LEAD Youth B Male,finished,2025-10-02 07:18:34 UTC,2026-04-22 09:11:11 UTC,,6743,lead,Final,Youth B Male,finished,2021-08-24 07:58:14 UTC,/api/v1/category_rounds/6743/results,lead_one_group_one_route,IFSC: 1 route,6,,,,,,,5515,1,/api/v1/routes/5515/startlist,/api/v1/routes/5515/results
/api/v1/events/1186/result/25,1186,full_results_url,"IFSC - Climbing Youth World Championships (B,L,S) - Voronezh (RUS) 2021",LEAD Juniors Female,finished,2025-10-02 07:18:34 UTC,2026-04-22 09:11:14 UTC,,6149,lead,Qualification,Juniors Female,finished,2021-08-23 17:15:26 UTC,/api/v1/category_rounds/6149/results,lead_one_group_two_routes,IFSC: 2 routes,4,,,,,,,1117,1,/api/v1/routes/1117/startlist,/api/v1/routes/1117/results
/api/v1/events/1186/result/25,1186,full_results_url,"IFSC - Climbing Youth World Championships (B,L,S) - Voronezh (RUS) 2021",LEAD Juniors Female,finished,2025-10-02 07:18:34 UTC,2026-04-22 09:11:14 UTC,,6149,lead,Qualification,Juniors Female,finished,2021-08-23 17:15:26 UTC,/api/v1/category_rounds/6149/results,lead_one_group_two_routes,IFSC: 2 routes,4,,,,,,,1118,2,/api/v1/routes/1118/startlist,/api/v1/routes/1118/results
/api/v1/events/1186/result/25,1186,full_results_url,"IFSC - Climbing Youth World Championships (B,L,S) - Voronezh (RUS) 2021",LEAD Juniors Female,finished,2025-10-02 07:18:34 UTC,2026-04-22 09:11:14 UTC,,6738,lead,Semi-Final,Juniors Female,finished,2021-08-24 16:25:07 UTC,/api/v1/category_rounds/6738/results,lead_one_group_one_route,IFSC: 1 route,5,,,,,,,5510,1,/api/v1/routes/5510/startlist,/api/v1/routes/5510/results
/api/v1/events/1186/result/25,1186,full_results_url,"IFSC - Climbing Youth World Championships (B,L,S) - Voronezh (RUS) 2021",LEAD Juniors Female,finished,2025-10-02 07:18:34 UTC,2026-04-22 09:11:14 UTC,,6744,lead,Final,Juniors Female,finished,2021-08-25 08:59:06 UTC,/api/v1/category_rounds/6744/results,lead_one_group_one_route,IFSC: 1 route,6,,,,,,,5516,1,/api/v1/routes/5516/startlist,/api/v1/routes/5516/results
/api/v1/events/1186/result/29,1186,full_results_url,"IFSC - Climbing Youth World Championships (B,L,S) - Voronezh (RUS) 2021",LEAD Youth A Female,finished,2025-10-02 07:18:34 UTC,2026-04-22 09:11:18 UTC,,6150,lead,Qualification,Youth A Female,finished,2021-08-23 13:23:27 UTC,/api/v1/category_rounds/6150/results,lead_one_group_two_routes,IFSC: 2 routes,4,,,,,,,1119,1,/api/v1/routes/1119/startlist,/api/v1/routes/1119/results
/api/v1/events/1186/result/29,1186,full_results_url,"IFSC - Climbing Youth World Championships (B,L,S) - Voronezh (RUS) 2021",LEAD Youth A Female,finished,2025-10-02 07:18:34 UTC,2026-04-22 09:11:18 UTC,,6150,lead,Qualification,Youth A Female,finished,2021-08-23 13:23:27 UTC,/api/v1/category_rounds/6150/results,lead_one_group_two_routes,IFSC: 2 routes,4,,,,,,,1120,2,/api/v1/routes/1120/startlist,/api/v1/routes/1120/results
/api/v1/events/1186/result/29,1186,full_results_url,"IFSC - Climbing Youth World Championships (B,L,S) - Voronezh (RUS) 2021",LEAD Youth A Female,finished,2025-10-02 07:18:34 UTC,2026-04-22 09:11:18 UTC,,6739,lead,Semi-Final,Youth A Female,finished,2021-08-24 13:24:59 UTC,/api/v1/category_rounds/6739/results,lead_one_group_one_route,IFSC: 1 route,5,,,,,,,5511,1,/api/v1/routes/5511/startlist,/api/v1/routes/5511/results
/api/v1/events/1186/result/29,1186,full_results_url,"IFSC - Climbing Youth World Championships (B,L,S) - Voronezh (RUS) 2021",LEAD Youth A Female,finished,2025-10-02 07:18:34 UTC,2026-04-22 09:11:18 UTC,,6745,lead,Final,Youth A Female,finished,2021-08-25 07:44:25 UTC,/api/v1/category_rounds/6745/results,lead_one_group_one_route,IFSC: 1 route,6,,,,,,,5517,1,/api/v1/routes/5517/startlist,/api/v1/routes/5517/results
/api/v1/events/1186/result/33,1186,full_results_url,"IFSC - Climbing Youth World Championships (B,L,S) - Voronezh (RUS) 2021",LEAD Youth B Female,finished,2025-10-02 07:18:34 UTC,2026-04-22 09:11:21 UTC,,6151,lead,Qualification,Youth B Female,finished,2021-08-22 11:23:23 UTC,/api/v1/category_rounds/6151/results,lead_one_group_two_routes,IFSC: 2 routes,4,,,,,,,1121,1,/api/v1/routes/1121/startlist,/api/v1/routes/1121/results
/api/v1/events/1186/result/33,1186,full_results_url,"IFSC - Climbing Youth World Championships (B,L,S) - Voronezh (RUS) 2021",LEAD Youth B Female,finished,2025-10-02 07:18:34 UTC,2026-04-22 09:11:21 UTC,,6151,lead,Qualification,Youth B Female,finished,2021-08-22 11:23:23 UTC,/api/v1/category_rounds/6151/results,lead_one_group_two_routes,IFSC: 2 routes,4,,,,,,,1122,2,/api/v1/routes/1122/startlist,/api/v1/routes/1122/results
/api/v1/events/1186/result/33,1186,full_results_url,"IFSC - Climbing Youth World Championships (B,L,S) - Voronezh (RUS) 2021",LEAD Youth B Female,finished,2025-10-02 07:18:34 UTC,2026-04-22 09:11:21 UTC,,6740,lead,Semi-Final,Youth B Female,finished,2021-08-23 09:21:51 UTC,/api/v1/category_rounds/6740/results,lead_one_group_one_route,IFSC: 1 route,5,,,,,,,5512,1,/api/v1/routes/5512/startlist,/api/v1/routes/5512/results
/api/v1/events/1186/result/33,1186,full_results_url,"IFSC - Climbing Youth World Championships (B,L,S) - Voronezh (RUS) 2021",LEAD Youth B Female,finished,2025-10-02 07:18:34 UTC,2026-04-22 09:11:21 UTC,,6746,lead,Final,Youth B Female,finished,2021-08-24 08:00:40 UTC,/api/v1/category_rounds/6746/results,lead_one_group_one_route,IFSC: 1 route,6,,,,,,,5518,1,/api/v1/routes/5518/startlist,/api/v1/routes/5518/results
/api/v1/events/1186/result/10,1186,full_results_url,"IFSC - Climbing Youth World Championships (B,L,S) - Voronezh (RUS) 2021",SPEED Juniors Male,finished,2025-10-02 07:18:34 UTC,2026-04-22 09:11:24 UTC,,6152,speed,Qualification,Juniors Male,finished,2021-08-21 12:37:22 UTC,/api/v1/category_rounds/6152/results,speed_staggered,IFSC: Qualification,4,,,,,,,1123,A,/api/v1/routes/1123/startlist,
/api/v1/events/1186/result/10,1186,full_results_url,"IFSC - Climbing Youth World Championships (B,L,S) - Voronezh (RUS) 2021",SPEED Juniors Male,finished,2025-10-02 07:18:34 UTC,2026-04-22 09:11:24 UTC,,6152,speed,Qualification,Juniors Male,finished,2021-08-21 12:37:22 UTC,/api/v1/category_rounds/6152/results,speed_staggered,IFSC: Qualification,4,,,,,,,1124,B,/api/v1/routes/1124/startlist,
/api/v1/events/1186/result/10,1186,full_results_url,"IFSC - Climbing Youth World Championships (B,L,S) - Voronezh (RUS) 2021",SPEED Juniors Male,finished,2025-10-02 07:18:34 UTC,2026-04-22 09:11:24 UTC,,6747,speed,Final,Juniors Male,finished,2024-01-15 12:45:09 UTC,/api/v1/category_rounds/6747/results,speed_elimination_ifsc,IFSC 2021: Elimination,6,,,,,,,5519,A,/api/v1/routes/5519/startlist,
/api/v1/events/1186/result/10,1186,full_results_url,"IFSC - Climbing Youth World Championships (B,L,S) - Voronezh (RUS) 2021",SPEED Juniors Male,finished,2025-10-02 07:18:34 UTC,2026-04-22 09:11:24 UTC,,6747,speed,Final,Juniors Male,finished,2024-01-15 12:45:09 UTC,/api/v1/category_rounds/6747/results,speed_elimination_ifsc,IFSC 2021: Elimination,6,,,,,,,5520,B,/api/v1/routes/5520/startlist,
/api/v1/events/1186/result/14,1186,full_results_url,"IFSC - Climbing Youth World Championships (B,L,S) - Voronezh (RUS) 2021",SPEED Youth A Male,finished,2025-10-02 07:18:34 UTC,2026-04-22 09:11:28 UTC,,6153,speed,Qualification,Youth A Male,finished,2021-08-21 08:56:49 UTC,/api/v1/category_rounds/6153/results,speed_staggered,IFSC: Qualification,4,,,,,,,1125,A,/api/v1/routes/1125/startlist,
/api/v1/events/1186/result/14,1186,full_results_url,"IFSC - Climbing Youth World Championships (B,L,S) - Voronezh (RUS) 2021",SPEED Youth A Male,finished,2025-10-02 07:18:34 UTC,2026-04-22 09:11:28 UTC,,6153,speed,Qualification,Youth A Male,finished,2021-08-21 08:56:49 UTC,/api/v1/category_rounds/6153/results,speed_staggered,IFSC: Qualification,4,,,,,,,1126,B,/api/v1/routes/1126/startlist,
/api/v1/events/1186/result/14,1186,full_results_url,"IFSC - Climbing Youth World Championships (B,L,S) - Voronezh (RUS) 2021",SPEED Youth A Male,finished,2025-10-02 07:18:34 UTC,2026-04-22 09:11:28 UTC,,6748,speed,Final,Youth A Male,finished,2024-01-15 12:45:10 UTC,/api/v1/category_rounds/6748/results,speed_elimination_ifsc,IFSC 2021: Elimination,6,,,,,,,5521,A,/api/v1/routes/5521/startlist,
/api/v1/events/1186/result/14,1186,full_results_url,"IFSC - Climbing Youth World Championships (B,L,S) - Voronezh (RUS) 2021",SPEED Youth A Male,finished,2025-10-02 07:18:34 UTC,2026-04-22 09:11:28 UTC,,6748,speed,Final,Youth A Male,finished,2024-01-15 12:45:10 UTC,/api/v1/category_rounds/6748/results,speed_elimination_ifsc,IFSC 2021: Elimination,6,,,,,,,5522,B,/api/v1/routes/5522/startlist,
/api/v1/events/1186/result/18,1186,full_results_url,"IFSC - Climbing Youth World Championships (B,L,S) - Voronezh (RUS) 2021",SPEED Youth B Male,finished,2025-10-02 07:18:34 UTC,2026-04-22 09:11:31 UTC,,6154,speed,Qualification,Youth B Male,finished,2021-08-30 10:13:50 UTC,/api/v1/category_rounds/6154/results,speed_staggered,IFSC: Qualification,4,,,,,,,1127,A,/api/v1/routes/1127/startlist,
/api/v1/events/1186/result/18,1186,full_results_url,"IFSC - Climbing Youth World Championships (B,L,S) - Voronezh (RUS) 2021",SPEED Youth B Male,finished,2025-10-02 07:18:34 UTC,2026-04-22 09:11:31 UTC,,6154,speed,Qualification,Youth B Male,finished,2021-08-30 10:13:50 UTC,/api/v1/category_rounds/6154/results,speed_staggered,IFSC: Qualification,4,,,,,,,1128,B,/api/v1/routes/1128/startlist,
/api/v1/events/1186/result/18,1186,full_results_url,"IFSC - Climbing Youth World Championships (B,L,S) - Voronezh (RUS) 2021",SPEED Youth B Male,finished,2025-10-02 07:18:34 UTC,2026-04-22 09:11:31 UTC,,6749,speed,Final,Youth B Male,finished,2024-01-15 12:45:11 UTC,/api/v1/category_rounds/6749/results,speed_elimination_ifsc,IFSC 2021: Elimination,6,,,,,,,5523,A,/api/v1/routes/5523/startlist,
/api/v1/events/1186/result/18,1186,full_results_url,"IFSC - Climbing Youth World Championships (B,L,S) - Voronezh (RUS) 2021",SPEED Youth B Male,finished,2025-10-02 07:18:34 UTC,2026-04-22 09:11:31 UTC,,6749,speed,Final,Youth B Male,finished,2024-01-15 12:45:11 UTC,/api/v1/category_rounds/6749/results,speed_elimination_ifsc,IFSC 2021: Elimination,6,,,,,,,5524,B,/api/v1/routes/5524/startlist,
/api/v1/events/1186/result/26,1186,full_results_url,"IFSC - Climbing Youth World Championships (B,L,S) - Voronezh (RUS) 2021",SPEED Juniors Female,finished,2025-10-02 07:18:34 UTC,2026-04-22 09:11:35 UTC,,6155,speed,Qualification,Juniors Female,finished,2021-08-21 13:57:41 UTC,/api/v1/category_rounds/6155/results,speed_staggered,IFSC: Qualification,4,,,,,,,1129,A,/api/v1/routes/1129/startlist,
/api/v1/events/1186/result/26,1186,full_results_url,"IFSC - Climbing Youth World Championships (B,L,S) - Voronezh (RUS) 2021",SPEED Juniors Female,finished,2025-10-02 07:18:34 UTC,2026-04-22 09:11:35 UTC,,6155,speed,Qualification,Juniors Female,finished,2021-08-21 13:57:41 UTC,/api/v1/category_rounds/6155/results,speed_staggered,IFSC: Qualification,4,,,,,,,1130,B,/api/v1/routes/1130/startlist,
/api/v1/events/1186/result/26,1186,full_results_url,"IFSC - Climbing Youth World Championships (B,L,S) - Voronezh (RUS) 2021",SPEED Juniors Female,finished,2025-10-02 07:18:34 UTC,2026-04-22 09:11:35 UTC,,6750,speed,Final,Juniors Female,finished,2024-01-15 12:45:12 UTC,/api/v1/category_rounds/6750/results,speed_elimination_ifsc,IFSC 2021: Elimination,6,,,,,,,5525,A,/api/v1/routes/5525/startlist,
/api/v1/events/1186/result/26,1186,full_results_url,"IFSC - Climbing Youth World Championships (B,L,S) - Voronezh (RUS) 2021",SPEED Juniors Female,finished,2025-10-02 07:18:34 UTC,2026-04-22 09:11:35 UTC,,6750,speed,Final,Juniors Female,finished,2024-01-15 12:45:12 UTC,/api/v1/category_rounds/6750/results,speed_elimination_ifsc,IFSC 2021: Elimination,6,,,,,,,5526,B,/api/v1/routes/5526/startlist,
/api/v1/events/1186/result/30,1186,full_results_url,"IFSC - Climbing Youth World Championships (B,L,S) - Voronezh (RUS) 2021",SPEED Youth A Female,finished,2025-10-02 07:18:34 UTC,2026-04-22 09:11:38 UTC,,6156,speed,Qualification,Youth A Female,finished,2021-08-21 10:49:43 UTC,/api/v1/category_rounds/6156/results,speed_staggered,IFSC: Qualification,4,,,,,,,1131,A,/api/v1/routes/1131/startlist,
/api/v1/events/1186/result/30,1186,full_results_url,"IFSC - Climbing Youth World Championships (B,L,S) - Voronezh (RUS) 2021",SPEED Youth A Female,finished,2025-10-02 07:18:34 UTC,2026-04-22 09:11:38 UTC,,6156,speed,Qualification,Youth A Female,finished,2021-08-21 10:49:43 UTC,/api/v1/category_rounds/6156/results,speed_staggered,IFSC: Qualification,4,,,,,,,1132,B,/api/v1/routes/1132/startlist,
/api/v1/events/1186/result/30,1186,full_results_url,"IFSC - Climbing Youth World Championships (B,L,S) - Voronezh (RUS) 2021",SPEED Youth A Female,finished,2025-10-02 07:18:34 UTC,2026-04-22 09:11:38 UTC,,6751,speed,Final,Youth A Female,finished,2024-01-15 12:45:13 UTC,/api/v1/category_rounds/6751/results,speed_elimination_ifsc,IFSC 2021: Elimination,6,,,,,,,5527,A,/api/v1/routes/5527/startlist,
/api/v1/events/1186/result/30,1186,full_results_url,"IFSC - Climbing Youth World Championships (B,L,S) - Voronezh (RUS) 2021",SPEED Youth A Female,finished,2025-10-02 07:18:34 UTC,2026-04-22 09:11:38 UTC,,6751,speed,Final,Youth A Female,finished,2024-01-15 12:45:13 UTC,/api/v1/category_rounds/6751/results,speed_elimination_ifsc,IFSC 2021: Elimination,6,,,,,,,5528,B,/api/v1/routes/5528/startlist,
/api/v1/events/1186/result/34,1186,full_results_url,"IFSC - Climbing Youth World Championships (B,L,S) - Voronezh (RUS) 2021",SPEED Youth B Female,finished,2025-10-02 07:18:34 UTC,2026-04-22 09:11:41 UTC,,6157,speed,Qualification,Youth B Female,finished,2021-08-30 10:53:19 UTC,/api/v1/category_rounds/6157/results,speed_staggered,IFSC: Qualification,4,,,,,,,1133,A,/api/v1/routes/1133/startlist,
/api/v1/events/1186/result/34,1186,full_results_url,"IFSC - Climbing Youth World Championships (B,L,S) - Voronezh (RUS) 2021",SPEED Youth B Female,finished,2025-10-02 07:18:34 UTC,2026-04-22 09:11:41 UTC,,6157,speed,Qualification,Youth B Female,finished,2021-08-30 10:53:19 UTC,/api/v1/category_rounds/6157/results,speed_staggered,IFSC: Qualification,4,,,,,,,1134,B,/api/v1/routes/1134/startlist,
/api/v1/events/1186/result/34,1186,full_results_url,"IFSC - Climbing Youth World Championships (B,L,S) - Voronezh (RUS) 2021",SPEED Youth B Female,finished,2025-10-02 07:18:34 UTC,2026-04-22 09:11:41 UTC,,6752,speed,Final,Youth B Female,finished,2024-01-15 12:45:14 UTC,/api/v1/category_rounds/6752/results,speed_elimination_ifsc,IFSC 2021: Elimination,6,,,,,,,5529,A,/api/v1/routes/5529/startlist,
/api/v1/events/1186/result/34,1186,full_results_url,"IFSC - Climbing Youth World Championships (B,L,S) - Voronezh (RUS) 2021",SPEED Youth B Female,finished,2025-10-02 07:18:34 UTC,2026-04-22 09:11:41 UTC,,6752,speed,Final,Youth B Female,finished,2024-01-15 12:45:14 UTC,/api/v1/category_rounds/6752/results,speed_elimination_ifsc,IFSC 2021: Elimination,6,,,,,,,5530,B,/api/v1/routes/5530/startlist,
/api/v1/events/1186/result/11,1186,full_results_url,"IFSC - Climbing Youth World Championships (B,L,S) - Voronezh (RUS) 2021",BOULDER Juniors Male,finished,2025-10-02 07:18:34 UTC,2026-04-22 09:11:45 UTC,,6158,boulder,Qualification,Juniors Male,finished,2021-08-22 15:16:34 UTC,/api/v1/category_rounds/6158/results,boulder_one_group_two_courses,Custom: 2 courses,4,,,,,,,5423,A1,/api/v1/routes/5423/startlist,
/api/v1/events/1186/result/11,1186,full_results_url,"IFSC - Climbing Youth World Championships (B,L,S) - Voronezh (RUS) 2021",BOULDER Juniors Male,finished,2025-10-02 07:18:34 UTC,2026-04-22 09:11:45 UTC,,6158,boulder,Qualification,Juniors Male,finished,2021-08-22 15:16:34 UTC,/api/v1/category_rounds/6158/results,boulder_one_group_two_courses,Custom: 2 courses,4,,,,,,,5424,A2,/api/v1/routes/5424/startlist,
/api/v1/events/1186/result/11,1186,full_results_url,"IFSC - Climbing Youth World Championships (B,L,S) - Voronezh (RUS) 2021",BOULDER Juniors Male,finished,2025-10-02 07:18:34 UTC,2026-04-22 09:11:45 UTC,,6158,boulder,Qualification,Juniors Male,finished,2021-08-22 15:16:34 UTC,/api/v1/category_rounds/6158/results,boulder_one_group_two_courses,Custom: 2 courses,4,,,,,,,5425,A3,/api/v1/routes/5425/startlist,
/api/v1/events/1186/result/11,1186,full_results_url,"IFSC - Climbing Youth World Championships (B,L,S) - Voronezh (RUS) 2021",BOULDER Juniors Male,finished,2025-10-02 07:18:34 UTC,2026-04-22 09:11:45 UTC,,6158,boulder,Qualification,Juniors Male,finished,2021-08-22 15:16:34 UTC,/api/v1/category_rounds/6158/results,boulder_one_group_two_courses,Custom: 2 courses,4,,,,,,,5426,B1,/api/v1/routes/5426/startlist,
/api/v1/events/1186/result/11,1186,full_results_url,"IFSC - Climbing Youth World Championships (B,L,S) - Voronezh (RUS) 2021",BOULDER Juniors Male,finished,2025-10-02 07:18:34 UTC,2026-04-22 09:11:45 UTC,,6158,boulder,Qualification,Juniors Male,finished,2021-08-22 15:16:34 UTC,/api/v1/category_rounds/6158/results,boulder_one_group_two_courses,Custom: 2 courses,4,,,,,,,5427,B2,/api/v1/routes/5427/startlist,
/api/v1/events/1186/result/11,1186,full_results_url,"IFSC - Climbing Youth World Championships (B,L,S) - Voronezh (RUS) 2021",BOULDER Juniors Male,finished,2025-10-02 07:18:34 UTC,2026-04-22 09:11:45 UTC,,6158,boulder,Qualification,Juniors Male,finished,2021-08-22 15:16:34 UTC,/api/v1/category_rounds/6158/results,boulder_one_group_two_courses,Custom: 2 courses,4,,,,,,,5428,B3,/api/v1/routes/5428/startlist,
/api/v1/events/1186/result/11,1186,full_results_url,"IFSC - Climbing Youth World Championships (B,L,S) - Voronezh (RUS) 2021",BOULDER Juniors Male,finished,2025-10-02 07:18:34 UTC,2026-04-22 09:11:45 UTC,,6721,boulder,Semi-Final,Juniors Male,finished,2021-08-23 14:02:29 UTC,/api/v1/category_rounds/6721/results,boulder_one_group_one_boulder_set,IFSC: 1 group,5,,,,,,,5429,1,/api/v1/routes/5429/startlist,
/api/v1/events/1186/result/11,1186,full_results_url,"IFSC - Climbing Youth World Championships (B,L,S) - Voronezh (RUS) 2021",BOULDER Juniors Male,finished,2025-10-02 07:18:34 UTC,2026-04-22 09:11:45 UTC,,6721,boulder,Semi-Final,Juniors Male,finished,2021-08-23 14:02:29 UTC,/api/v1/category_rounds/6721/results,boulder_one_group_one_boulder_set,IFSC: 1 group,5,,,,,,,5430,2,/api/v1/routes/5430/startlist,
/api/v1/events/1186/result/11,1186,full_results_url,"IFSC - Climbing Youth World Championships (B,L,S) - Voronezh (RUS) 2021",BOULDER Juniors Male,finished,2025-10-02 07:18:34 UTC,2026-04-22 09:11:45 UTC,,6721,boulder,Semi-Final,Juniors Male,finished,2021-08-23 14:02:29 UTC,/api/v1/category_rounds/6721/results,boulder_one_group_one_boulder_set,IFSC: 1 group,5,,,,,,,5431,3,/api/v1/routes/5431/startlist,
/api/v1/events/1186/result/11,1186,full_results_url,"IFSC - Climbing Youth World Championships (B,L,S) - Voronezh (RUS) 2021",BOULDER Juniors Male,finished,2025-10-02 07:18:34 UTC,2026-04-22 09:11:45 UTC,,6721,boulder,Semi-Final,Juniors Male,finished,2021-08-23 14:02:29 UTC,/api/v1/category_rounds/6721/results,boulder_one_group_one_boulder_set,IFSC: 1 group,5,,,,,,,5432,4,/api/v1/routes/5432/startlist,
/api/v1/events/1186/result/11,1186,full_results_url,"IFSC - Climbing Youth World Championships (B,L,S) - Voronezh (RUS) 2021",BOULDER Juniors Male,finished,2025-10-02 07:18:34 UTC,2026-04-22 09:11:45 UTC,,6727,boulder,Final,Juniors Male,finished,2021-08-24 17:35:03 UTC,/api/v1/category_rounds/6727/results,boulder_finals_one_by_one,IFSC: Finals,6,,,,,,,5453,1,/api/v1/routes/5453/startlist,
/api/v1/events/1186/result/11,1186,full_results_url,"IFSC - Climbing Youth World Championships (B,L,S) - Voronezh (RUS) 2021",BOULDER Juniors Male,finished,2025-10-02 07:18:34 UTC,2026-04-22 09:11:45 UTC,,6727,boulder,Final,Juniors Male,finished,2021-08-24 17:35:03 UTC,/api/v1/category_rounds/6727/results,boulder_finals_one_by_one,IFSC: Finals,6,,,,,,,5454,2,/api/v1/routes/5454/startlist,
/api/v1/events/1186/result/11,1186,full_results_url,"IFSC - Climbing Youth World Championships (B,L,S) - Voronezh (RUS) 2021",BOULDER Juniors Male,finished,2025-10-02 07:18:34 UTC,2026-04-22 09:11:45 UTC,,6727,boulder,Final,Juniors Male,finished,2021-08-24 17:35:03 UTC,/api/v1/category_rounds/6727/results,boulder_finals_one_by_one,IFSC: Finals,6,,,,,,,5455,3,/api/v1/routes/5455/startlist,
/api/v1/events/1186/result/11,1186,full_results_url,"IFSC - Climbing Youth World Championships (B,L,S) - Voronezh (RUS) 2021",BOULDER Juniors Male,finished,2025-10-02 07:18:34 UTC,2026-04-22 09:11:45 UTC,,6727,boulder,Final,Juniors Male,finished,2021-08-24 17:35:03 UTC,/api/v1/category_rounds/6727/results,boulder_finals_one_by_one,IFSC: Finals,6,,,,,,,5456,4,/api/v1/routes/5456/startlist,
/api/v1/events/1186/result/15,1186,full_results_url,"IFSC - Climbing Youth World Championships (B,L,S) - Voronezh (RUS) 2021",BOULDER Youth A Male,finished,2025-10-02 07:18:34 UTC,2026-04-22 09:11:49 UTC,,6159,boulder,Qualification,Youth A Male,finished,2021-08-23 17:19:06 UTC,/api/v1/category_rounds/6159/results,boulder_one_group_two_courses,Custom: 2 courses,4,,,,,,,5477,A1,/api/v1/routes/5477/startlist,
/api/v1/events/1186/result/15,1186,full_results_url,"IFSC - Climbing Youth World Championships (B,L,S) - Voronezh (RUS) 2021",BOULDER Youth A Male,finished,2025-10-02 07:18:34 UTC,2026-04-22 09:11:49 UTC,,6159,boulder,Qualification,Youth A Male,finished,2021-08-23 17:19:06 UTC,/api/v1/category_rounds/6159/results,boulder_one_group_two_courses,Custom: 2 courses,4,,,,,,,5478,A2,/api/v1/routes/5478/startlist,
/api/v1/events/1186/result/15,1186,full_results_url,"IFSC - Climbing Youth World Championships (B,L,S) - Voronezh (RUS) 2021",BOULDER Youth A Male,finished,2025-10-02 07:18:34 UTC,2026-04-22 09:11:49 UTC,,6159,boulder,Qualification,Youth A Male,finished,2021-08-23 17:19:06 UTC,/api/v1/category_rounds/6159/results,boulder_one_group_two_courses,Custom: 2 courses,4,,,,,,,5479,A3,/api/v1/routes/5479/startlist,
/api/v1/events/1186/result/15,1186,full_results_url,"IFSC - Climbing Youth World Championships (B,L,S) - Voronezh (RUS) 2021",BOULDER Youth A Male,finished,2025-10-02 07:18:34 UTC,2026-04-22 09:11:49 UTC,,6159,boulder,Qualification,Youth A Male,finished,2021-08-23 17:19:06 UTC,/api/v1/category_rounds/6159/results,boulder_one_group_two_courses,Custom: 2 courses,4,,,,,,,5480,B1,/api/v1/routes/5480/startlist,
/api/v1/events/1186/result/15,1186,full_results_url,"IFSC - Climbing Youth World Championships (B,L,S) - Voronezh (RUS) 2021",BOULDER Youth A Male,finished,2025-10-02 07:18:34 UTC,2026-04-22 09:11:49 UTC,,6159,boulder,Qualification,Youth A Male,finished,2021-08-23 17:19:06 UTC,/api/v1/category_rounds/6159/results,boulder_one_group_two_courses,Custom: 2 courses,4,,,,,,,5481,B2,/api/v1/routes/5481/startlist,
/api/v1/events/1186/result/15,1186,full_results_url,"IFSC - Climbing Youth World Championships (B,L,S) - Voronezh (RUS) 2021",BOULDER Youth A Male,finished,2025-10-02 07:18:34 UTC,2026-04-22 09:11:49 UTC,,6159,boulder,Qualification,Youth A Male,finished,2021-08-23 17:19:06 UTC,/api/v1/category_rounds/6159/results,boulder_one_group_two_courses,Custom: 2 courses,4,,,,,,,5482,B3,/api/v1/routes/5482/startlist,
/api/v1/events/1186/result/15,1186,full_results_url,"IFSC - Climbing Youth World Championships (B,L,S) - Voronezh (RUS) 2021",BOULDER Youth A Male,finished,2025-10-02 07:18:34 UTC,2026-04-22 09:11:49 UTC,,6722,boulder,Semi-Final,Youth A Male,finished,2021-08-23 17:32:28 UTC,/api/v1/category_rounds/6722/results,boulder_one_group_one_boulder_set,IFSC: 1 group,5,,,,,,,5433,1,/api/v1/routes/5433/startlist,
/api/v1/events/1186/result/15,1186,full_results_url,"IFSC - Climbing Youth World Championships (B,L,S) - Voronezh (RUS) 2021",BOULDER Youth A Male,finished,2025-10-02 07:18:34 UTC,2026-04-22 09:11:49 UTC,,6722,boulder,Semi-Final,Youth A Male,finished,2021-08-23 17:32:28 UTC,/api/v1/category_rounds/6722/results,boulder_one_group_one_boulder_set,IFSC: 1 group,5,,,,,,,5434,2,/api/v1/routes/5434/startlist,
/api/v1/events/1186/result/15,1186,full_results_url,"IFSC - Climbing Youth World Championships (B,L,S) - Voronezh (RUS) 2021",BOULDER Youth A Male,finished,2025-10-02 07:18:34 UTC,2026-04-22 09:11:49 UTC,,6722,boulder,Semi-Final,Youth A Male,finished,2021-08-23 17:32:28 UTC,/api/v1/category_rounds/6722/results,boulder_one_group_one_boulder_set,IFSC: 1 group,5,,,,,,,5435,3,/api/v1/routes/5435/startlist,
/api/v1/events/1186/result/15,1186,full_results_url,"IFSC - Climbing Youth World Championships (B,L,S) - Voronezh (RUS) 2021",BOULDER Youth A Male,finished,2025-10-02 07:18:34 UTC,2026-04-22 09:11:49 UTC,,6722,boulder,Semi-Final,Youth A Male,finished,2021-08-23 17:32:28 UTC,/api/v1/category_rounds/6722/results,boulder_one_group_one_boulder_set,IFSC: 1 group,5,,,,,,,5436,4,/api/v1/routes/5436/startlist,
/api/v1/events/1186/result/15,1186,full_results_url,"IFSC - Climbing Youth World Championships (B,L,S) - Voronezh (RUS) 2021",BOULDER Youth A Male,finished,2025-10-02 07:18:34 UTC,2026-04-22 09:11:49 UTC,,6728,boulder,Final,Youth A Male,finished,2021-08-24 10:02:01 UTC,/api/v1/category_rounds/6728/results,boulder_finals_one_by_one,IFSC: Finals,6,,,,,,,5457,1,/api/v1/routes/5457/startlist,
/api/v1/events/1186/result/15,1186,full_results_url,"IFSC - Climbing Youth World Championships (B,L,S) - Voronezh (RUS) 2021",BOULDER Youth A Male,finished,2025-10-02 07:18:34 UTC,2026-04-22 09:11:49 UTC,,6728,boulder,Final,Youth A Male,finished,2021-08-24 10:02:01 UTC,/api/v1/category_rounds/6728/results,boulder_finals_one_by_one,IFSC: Finals,6,,,,,,,5458,2,/api/v1/routes/5458/startlist,
/api/v1/events/1186/result/15,1186,full_results_url,"IFSC - Climbing Youth World Championships (B,L,S) - Voronezh (RUS) 2021",BOULDER Youth A Male,finished,2025-10-02 07:18:34 UTC,2026-04-22 09:11:49 UTC,,6728,boulder,Final,Youth A Male,finished,2021-08-24 10:02:01 UTC,/api/v1/category_rounds/6728/results,boulder_finals_one_by_one,IFSC: Finals,6,,,,,,,5459,3,/api/v1/routes/5459/startlist,
/api/v1/events/1186/result/15,1186,full_results_url,"IFSC - Climbing Youth World Championships (B,L,S) - Voronezh (RUS) 2021",BOULDER Youth A Male,finished,2025-10-02 07:18:34 UTC,2026-04-22 09:11:49 UTC,,6728,boulder,Final,Youth A Male,finished,2021-08-24 10:02:01 UTC,/api/v1/category_rounds/6728/results,boulder_finals_one_by_one,IFSC: Finals,6,,,,,,,5460,4,/api/v1/routes/5460/startlist,
/api/v1/events/1186/result/19,1186,full_results_url,"IFSC - Climbing Youth World Championships (B,L,S) - Voronezh (RUS) 2021",BOULDER Youth B Male,finished,2025-10-02 07:18:34 UTC,2026-04-22 09:11:53 UTC,,6160,boulder,Qualification,Youth B Male,finished,2021-08-25 11:36:57 UTC,/api/v1/category_rounds/6160/results,boulder_one_group_two_courses,Custom: 2 courses,4,,,,,,,5483,A1,/api/v1/routes/5483/startlist,
/api/v1/events/1186/result/19,1186,full_results_url,"IFSC - Climbing Youth World Championships (B,L,S) - Voronezh (RUS) 2021",BOULDER Youth B Male,finished,2025-10-02 07:18:34 UTC,2026-04-22 09:11:53 UTC,,6160,boulder,Qualification,Youth B Male,finished,2021-08-25 11:36:57 UTC,/api/v1/category_rounds/6160/results,boulder_one_group_two_courses,Custom: 2 courses,4,,,,,,,5484,A2,/api/v1/routes/5484/startlist,
/api/v1/events/1186/result/19,1186,full_results_url,"IFSC - Climbing Youth World Championships (B,L,S) - Voronezh (RUS) 2021",BOULDER Youth B Male,finished,2025-10-02 07:18:34 UTC,2026-04-22 09:11:53 UTC,,6160,boulder,Qualification,Youth B Male,finished,2021-08-25 11:36:57 UTC,/api/v1/category_rounds/6160/results,boulder_one_group_two_courses,Custom: 2 courses,4,,,,,,,5485,A3,/api/v1/routes/5485/startlist,
/api/v1/events/1186/result/19,1186,full_results_url,"IFSC - Climbing Youth World Championships (B,L,S) - Voronezh (RUS) 2021",BOULDER Youth B Male,finished,2025-10-02 07:18:34 UTC,2026-04-22 09:11:53 UTC,,6160,boulder,Qualification,Youth B Male,finished,2021-08-25 11:36:57 UTC,/api/v1/category_rounds/6160/results,boulder_one_group_two_courses,Custom: 2 courses,4,,,,,,,5486,B1,/api/v1/routes/5486/startlist,
/api/v1/events/1186/result/19,1186,full_results_url,"IFSC - Climbing Youth World Championships (B,L,S) - Voronezh (RUS) 2021",BOULDER Youth B Male,finished,2025-10-02 07:18:34 UTC,2026-04-22 09:11:53 UTC,,6160,boulder,Qualification,Youth B Male,finished,2021-08-25 11:36:57 UTC,/api/v1/category_rounds/6160/results,boulder_one_group_two_courses,Custom: 2 courses,4,,,,,,,5487,B2,/api/v1/routes/5487/startlist,
/api/v1/events/1186/result/19,1186,full_results_url,"IFSC - Climbing Youth World Championships (B,L,S) - Voronezh (RUS) 2021",BOULDER Youth B Male,finished,2025-10-02 07:18:34 UTC,2026-04-22 09:11:53 UTC,,6160,boulder,Qualification,Youth B Male,finished,2021-08-25 11:36:57 UTC,/api/v1/category_rounds/6160/results,boulder_one_group_two_courses,Custom: 2 courses,4,,,,,,,5488,B3,/api/v1/routes/5488/startlist,
/api/v1/events/1186/result/19,1186,full_results_url,"IFSC - Climbing Youth World Championships (B,L,S) - Voronezh (RUS) 2021",BOULDER Youth B Male,finished,2025-10-02 07:18:34 UTC,2026-04-22 09:11:53 UTC,,6723,boulder,Semi-Final,Youth B Male,finished,2021-08-26 09:09:42 UTC,/api/v1/category_rounds/6723/results,boulder_one_group_one_boulder_set,IFSC: 1 group,5,,,,,,,5437,1,/api/v1/routes/5437/startlist,
/api/v1/events/1186/result/19,1186,full_results_url,"IFSC - Climbing Youth World Championships (B,L,S) - Voronezh (RUS) 2021",BOULDER Youth B Male,finished,2025-10-02 07:18:34 UTC,2026-04-22 09:11:53 UTC,,6723,boulder,Semi-Final,Youth B Male,finished,2021-08-26 09:09:42 UTC,/api/v1/category_rounds/6723/results,boulder_one_group_one_boulder_set,IFSC: 1 group,5,,,,,,,5438,2,/api/v1/routes/5438/startlist,
/api/v1/events/1186/result/19,1186,full_results_url,"IFSC - Climbing Youth World Championships (B,L,S) - Voronezh (RUS) 2021",BOULDER Youth B Male,finished,2025-10-02 07:18:34 UTC,2026-04-22 09:11:53 UTC,,6723,boulder,Semi-Final,Youth B Male,finished,2021-08-26 09:09:42 UTC,/api/v1/category_rounds/6723/results,boulder_one_group_one_boulder_set,IFSC: 1 group,5,,,,,,,5439,3,/api/v1/routes/5439/startlist,
/api/v1/events/1186/result/19,1186,full_results_url,"IFSC - Climbing Youth World Championships (B,L,S) - Voronezh (RUS) 2021",BOULDER Youth B Male,finished,2025-10-02 07:18:34 UTC,2026-04-22 09:11:53 UTC,,6723,boulder,Semi-Final,Youth B Male,finished,2021-08-26 09:09:42 UTC,/api/v1/category_rounds/6723/results,boulder_one_group_one_boulder_set,IFSC: 1 group,5,,,,,,,5440,4,/api/v1/routes/5440/startlist,
/api/v1/events/1186/result/19,1186,full_results_url,"IFSC - Climbing Youth World Championships (B,L,S) - Voronezh (RUS) 2021",BOULDER Youth B Male,finished,2025-10-02 07:18:34 UTC,2026-04-22 09:11:53 UTC,,6729,boulder,Final,Youth B Male,finished,2021-08-28 15:00:34 UTC,/api/v1/category_rounds/6729/results,boulder_finals_one_by_one,IFSC: Finals,6,,,,,,,5461,1,/api/v1/routes/5461/startlist,
/api/v1/events/1186/result/19,1186,full_results_url,"IFSC - Climbing Youth World Championships (B,L,S) - Voronezh (RUS) 2021",BOULDER Youth B Male,finished,2025-10-02 07:18:34 UTC,2026-04-22 09:11:53 UTC,,6729,boulder,Final,Youth B Male,finished,2021-08-28 15:00:34 UTC,/api/v1/category_rounds/6729/results,boulder_finals_one_by_one,IFSC: Finals,6,,,,,,,5462,2,/api/v1/routes/5462/startlist,
/api/v1/events/1186/result/19,1186,full_results_url,"IFSC - Climbing Youth World Championships (B,L,S) - Voronezh (RUS) 2021",BOULDER Youth B Male,finished,2025-10-02 07:18:34 UTC,2026-04-22 09:11:53 UTC,,6729,boulder,Final,Youth B Male,finished,2021-08-28 15:00:34 UTC,/api/v1/category_rounds/6729/results,boulder_finals_one_by_one,IFSC: Finals,6,,,,,,,5463,3,/api/v1/routes/5463/startlist,
/api/v1/events/1186/result/19,1186,full_results_url,"IFSC - Climbing Youth World Championships (B,L,S) - Voronezh (RUS) 2021",BOULDER Youth B Male,finished,2025-10-02 07:18:34 UTC,2026-04-22 09:11:53 UTC,,6729,boulder,Final,Youth B Male,finished,2021-08-28 15:00:34 UTC,/api/v1/category_rounds/6729/results,boulder_finals_one_by_one,IFSC: Finals,6,,,,,,,5464,4,/api/v1/routes/5464/startlist,
/api/v1/events/1186/result/27,1186,full_results_url,"IFSC - Climbing Youth World Championships (B,L,S) - Voronezh (RUS) 2021",BOULDER Juniors Female,finished,2025-10-02 07:18:34 UTC,2026-04-22 09:11:56 UTC,,6161,boulder,Qualification,Juniors Female,finished,2021-08-27 10:41:12 UTC,/api/v1/category_rounds/6161/results,boulder_one_group_two_courses,Custom: 2 courses,4,,,,,,,5489,A1,/api/v1/routes/5489/startlist,
/api/v1/events/1186/result/27,1186,full_results_url,"IFSC - Climbing Youth World Championships (B,L,S) - Voronezh (RUS) 2021",BOULDER Juniors Female,finished,2025-10-02 07:18:34 UTC,2026-04-22 09:11:56 UTC,,6161,boulder,Qualification,Juniors Female,finished,2021-08-27 10:41:12 UTC,/api/v1/category_rounds/6161/results,boulder_one_group_two_courses,Custom: 2 courses,4,,,,,,,5490,A2,/api/v1/routes/5490/startlist,
/api/v1/events/1186/result/27,1186,full_results_url,"IFSC - Climbing Youth World Championships (B,L,S) - Voronezh (RUS) 2021",BOULDER Juniors Female,finished,2025-10-02 07:18:34 UTC,2026-04-22 09:11:56 UTC,,6161,boulder,Qualification,Juniors Female,finished,2021-08-27 10:41:12 UTC,/api/v1/category_rounds/6161/results,boulder_one_group_two_courses,Custom: 2 courses,4,,,,,,,5491,A3,/api/v1/routes/5491/startlist,
/api/v1/events/1186/result/27,1186,full_results_url,"IFSC - Climbing Youth World Championships (B,L,S) - Voronezh (RUS) 2021",BOULDER Juniors Female,finished,2025-10-02 07:18:34 UTC,2026-04-22 09:11:56 UTC,,6161,boulder,Qualification,Juniors Female,finished,2021-08-27 10:41:12 UTC,/api/v1/category_rounds/6161/results,boulder_one_group_two_courses,Custom: 2 courses,4,,,,,,,5492,B1,/api/v1/routes/5492/startlist,
/api/v1/events/1186/result/27,1186,full_results_url,"IFSC - Climbing Youth World Championships (B,L,S) - Voronezh (RUS) 2021",BOULDER Juniors Female,finished,2025-10-02 07:18:34 UTC,2026-04-22 09:11:56 UTC,,6161,boulder,Qualification,Juniors Female,finished,2021-08-27 10:41:12 UTC,/api/v1/category_rounds/6161/results,boulder_one_group_two_courses,Custom: 2 courses,4,,,,,,,5493,B2,/api/v1/routes/5493/startlist,
/api/v1/events/1186/result/27,1186,full_results_url,"IFSC - Climbing Youth World Championships (B,L,S) - Voronezh (RUS) 2021",BOULDER Juniors Female,finished,2025-10-02 07:18:34 UTC,2026-04-22 09:11:56 UTC,,6161,boulder,Qualification,Juniors Female,finished,2021-08-27 10:41:12 UTC,/api/v1/category_rounds/6161/results,boulder_one_group_two_courses,Custom: 2 courses,4,,,,,,,5494,B3,/api/v1/routes/5494/startlist,
/api/v1/events/1186/result/27,1186,full_results_url,"IFSC - Climbing Youth World Championships (B,L,S) - Voronezh (RUS) 2021",BOULDER Juniors Female,finished,2025-10-02 07:18:34 UTC,2026-04-22 09:11:56 UTC,,6724,boulder,Semi-Final,Juniors Female,finished,2021-08-28 08:09:57 UTC,/api/v1/category_rounds/6724/results,boulder_one_group_one_boulder_set,IFSC: 1 group,5,,,,,,,5441,1,/api/v1/routes/5441/startlist,
/api/v1/events/1186/result/27,1186,full_results_url,"IFSC - Climbing Youth World Championships (B,L,S) - Voronezh (RUS) 2021",BOULDER Juniors Female,finished,2025-10-02 07:18:34 UTC,2026-04-22 09:11:56 UTC,,6724,boulder,Semi-Final,Juniors Female,finished,2021-08-28 08:09:57 UTC,/api/v1/category_rounds/6724/results,boulder_one_group_one_boulder_set,IFSC: 1 group,5,,,,,,,5442,2,/api/v1/routes/5442/startlist,
/api/v1/events/1186/result/27,1186,full_results_url,"IFSC - Climbing Youth World Championships (B,L,S) - Voronezh (RUS) 2021",BOULDER Juniors Female,finished,2025-10-02 07:18:34 UTC,2026-04-22 09:11:56 UTC,,6724,boulder,Semi-Final,Juniors Female,finished,2021-08-28 08:09:57 UTC,/api/v1/category_rounds/6724/results,boulder_one_group_one_boulder_set,IFSC: 1 group,5,,,,,,,5443,3,/api/v1/routes/5443/startlist,
/api/v1/events/1186/result/27,1186,full_results_url,"IFSC - Climbing Youth World Championships (B,L,S) - Voronezh (RUS) 2021",BOULDER Juniors Female,finished,2025-10-02 07:18:34 UTC,2026-04-22 09:11:56 UTC,,6724,boulder,Semi-Final,Juniors Female,finished,2021-08-28 08:09:57 UTC,/api/v1/category_rounds/6724/results,boulder_one_group_one_boulder_set,IFSC: 1 group,5,,,,,,,5444,4,/api/v1/routes/5444/startlist,
/api/v1/events/1186/result/27,1186,full_results_url,"IFSC - Climbing Youth World Championships (B,L,S) - Voronezh (RUS) 2021",BOULDER Juniors Female,finished,2025-10-02 07:18:34 UTC,2026-04-22 09:11:56 UTC,,6730,boulder,Final,Juniors Female,finished,2021-08-29 10:37:28 UTC,/api/v1/category_rounds/6730/results,boulder_finals_one_by_one,IFSC: Finals,6,,,,,,,5465,1,/api/v1/routes/5465/startlist,
/api/v1/events/1186/result/27,1186,full_results_url,"IFSC - Climbing Youth World Championships (B,L,S) - Voronezh (RUS) 2021",BOULDER Juniors Female,finished,2025-10-02 07:18:34 UTC,2026-04-22 09:11:56 UTC,,6730,boulder,Final,Juniors Female,finished,2021-08-29 10:37:28 UTC,/api/v1/category_rounds/6730/results,boulder_finals_one_by_one,IFSC: Finals,6,,,,,,,5466,2,/api/v1/routes/5466/startlist,
/api/v1/events/1186/result/27,1186,full_results_url,"IFSC - Climbing Youth World Championships (B,L,S) - Voronezh (RUS) 2021",BOULDER Juniors Female,finished,2025-10-02 07:18:34 UTC,2026-04-22 09:11:56 UTC,,6730,boulder,Final,Juniors Female,finished,2021-08-29 10:37:28 UTC,/api/v1/category_rounds/6730/results,boulder_finals_one_by_one,IFSC: Finals,6,,,,,,,5467,3,/api/v1/routes/5467/startlist,
/api/v1/events/1186/result/27,1186,full_results_url,"IFSC - Climbing Youth World Championships (B,L,S) - Voronezh (RUS) 2021",BOULDER Juniors Female,finished,2025-10-02 07:18:34 UTC,2026-04-22 09:11:56 UTC,,6730,boulder,Final,Juniors Female,finished,2021-08-29 10:37:28 UTC,/api/v1/category_rounds/6730/results,boulder_finals_one_by_one,IFSC: Finals,6,,,,,,,5468,4,/api/v1/routes/5468/startlist,
/api/v1/events/1186/result/31,1186,full_results_url,"IFSC - Climbing Youth World Championships (B,L,S) - Voronezh (RUS) 2021",BOULDER Youth A Female,finished,2025-10-02 07:18:34 UTC,2026-04-22 09:12:00 UTC,,6162,boulder,Qualification,Youth A Female,finished,2021-08-27 15:50:13 UTC,/api/v1/category_rounds/6162/results,boulder_one_group_two_courses,Custom: 2 courses,4,,,,,,,5495,A1,/api/v1/routes/5495/startlist,
/api/v1/events/1186/result/31,1186,full_results_url,"IFSC - Climbing Youth World Championships (B,L,S) - Voronezh (RUS) 2021",BOULDER Youth A Female,finished,2025-10-02 07:18:34 UTC,2026-04-22 09:12:00 UTC,,6162,boulder,Qualification,Youth A Female,finished,2021-08-27 15:50:13 UTC,/api/v1/category_rounds/6162/results,boulder_one_group_two_courses,Custom: 2 courses,4,,,,,,,5496,A2,/api/v1/routes/5496/startlist,
/api/v1/events/1186/result/31,1186,full_results_url,"IFSC - Climbing Youth World Championships (B,L,S) - Voronezh (RUS) 2021",BOULDER Youth A Female,finished,2025-10-02 07:18:34 UTC,2026-04-22 09:12:00 UTC,,6162,boulder,Qualification,Youth A Female,finished,2021-08-27 15:50:13 UTC,/api/v1/category_rounds/6162/results,boulder_one_group_two_courses,Custom: 2 courses,4,,,,,,,5497,A3,/api/v1/routes/5497/startlist,
/api/v1/events/1186/result/31,1186,full_results_url,"IFSC - Climbing Youth World Championships (B,L,S) - Voronezh (RUS) 2021",BOULDER Youth A Female,finished,2025-10-02 07:18:34 UTC,2026-04-22 09:12:00 UTC,,6162,boulder,Qualification,Youth A Female,finished,2021-08-27 15:50:13 UTC,/api/v1/category_rounds/6162/results,boulder_one_group_two_courses,Custom: 2 courses,4,,,,,,,5498,B1,/api/v1/routes/5498/startlist,
/api/v1/events/1186/result/31,1186,full_results_url,"IFSC - Climbing Youth World Championships (B,L,S) - Voronezh (RUS) 2021",BOULDER Youth A Female,finished,2025-10-02 07:18:34 UTC,2026-04-22 09:12:00 UTC,,6162,boulder,Qualification,Youth A Female,finished,2021-08-27 15:50:13 UTC,/api/v1/category_rounds/6162/results,boulder_one_group_two_courses,Custom: 2 courses,4,,,,,,,5499,B2,/api/v1/routes/5499/startlist,
/api/v1/events/1186/result/31,1186,full_results_url,"IFSC - Climbing Youth World Championships (B,L,S) - Voronezh (RUS) 2021",BOULDER Youth A Female,finished,2025-10-02 07:18:34 UTC,2026-04-22 09:12:00 UTC,,6162,boulder,Qualification,Youth A Female,finished,2021-08-27 15:50:13 UTC,/api/v1/category_rounds/6162/results,boulder_one_group_two_courses,Custom: 2 courses,4,,,,,,,5500,B3,/api/v1/routes/5500/startlist,
/api/v1/events/1186/result/31,1186,full_results_url,"IFSC - Climbing Youth World Championships (B,L,S) - Voronezh (RUS) 2021",BOULDER Youth A Female,finished,2025-10-02 07:18:34 UTC,2026-04-22 09:12:00 UTC,,6725,boulder,Semi-Final,Youth A Female,finished,2021-08-28 10:31:59 UTC,/api/v1/category_rounds/6725/results,boulder_one_group_one_boulder_set,IFSC: 1 group,5,,,,,,,5445,1,/api/v1/routes/5445/startlist,
/api/v1/events/1186/result/31,1186,full_results_url,"IFSC - Climbing Youth World Championships (B,L,S) - Voronezh (RUS) 2021",BOULDER Youth A Female,finished,2025-10-02 07:18:34 UTC,2026-04-22 09:12:00 UTC,,6725,boulder,Semi-Final,Youth A Female,finished,2021-08-28 10:31:59 UTC,/api/v1/category_rounds/6725/results,boulder_one_group_one_boulder_set,IFSC: 1 group,5,,,,,,,5446,2,/api/v1/routes/5446/startlist,
/api/v1/events/1186/result/31,1186,full_results_url,"IFSC - Climbing Youth World Championships (B,L,S) - Voronezh (RUS) 2021",BOULDER Youth A Female,finished,2025-10-02 07:18:34 UTC,2026-04-22 09:12:00 UTC,,6725,boulder,Semi-Final,Youth A Female,finished,2021-08-28 10:31:59 UTC,/api/v1/category_rounds/6725/results,boulder_one_group_one_boulder_set,IFSC: 1 group,5,,,,,,,5447,3,/api/v1/routes/5447/startlist,
/api/v1/events/1186/result/31,1186,full_results_url,"IFSC - Climbing Youth World Championships (B,L,S) - Voronezh (RUS) 2021",BOULDER Youth A Female,finished,2025-10-02 07:18:34 UTC,2026-04-22 09:12:00 UTC,,6725,boulder,Semi-Final,Youth A Female,finished,2021-08-28 10:31:59 UTC,/api/v1/category_rounds/6725/results,boulder_one_group_one_boulder_set,IFSC: 1 group,5,,,,,,,5448,4,/api/v1/routes/5448/startlist,
/api/v1/events/1186/result/31,1186,full_results_url,"IFSC - Climbing Youth World Championships (B,L,S) - Voronezh (RUS) 2021",BOULDER Youth A Female,finished,2025-10-02 07:18:34 UTC,2026-04-22 09:12:00 UTC,,6731,boulder,Final,Youth A Female,finished,2021-08-29 15:46:48 UTC,/api/v1/category_rounds/6731/results,boulder_finals_one_by_one,IFSC: Finals,6,,,,,,,5469,1,/api/v1/routes/5469/startlist,
/api/v1/events/1186/result/31,1186,full_results_url,"IFSC - Climbing Youth World Championships (B,L,S) - Voronezh (RUS) 2021",BOULDER Youth A Female,finished,2025-10-02 07:18:34 UTC,2026-04-22 09:12:00 UTC,,6731,boulder,Final,Youth A Female,finished,2021-08-29 15:46:48 UTC,/api/v1/category_rounds/6731/results,boulder_finals_one_by_one,IFSC: Finals,6,,,,,,,5470,2,/api/v1/routes/5470/startlist,
/api/v1/events/1186/result/31,1186,full_results_url,"IFSC - Climbing Youth World Championships (B,L,S) - Voronezh (RUS) 2021",BOULDER Youth A Female,finished,2025-10-02 07:18:34 UTC,2026-04-22 09:12:00 UTC,,6731,boulder,Final,Youth A Female,finished,2021-08-29 15:46:48 UTC,/api/v1/category_rounds/6731/results,boulder_finals_one_by_one,IFSC: Finals,6,,,,,,,5471,3,/api/v1/routes/5471/startlist,
/api/v1/events/1186/result/31,1186,full_results_url,"IFSC - Climbing Youth World Championships (B,L,S) - Voronezh (RUS) 2021",BOULDER Youth A Female,finished,2025-10-02 07:18:34 UTC,2026-04-22 09:12:00 UTC,,6731,boulder,Final,Youth A Female,finished,2021-08-29 15:46:48 UTC,/api/v1/category_rounds/6731/results,boulder_finals_one_by_one,IFSC: Finals,6,,,,,,,5472,4,/api/v1/routes/5472/startlist,
/api/v1/events/1186/result/35,1186,full_results_url,"IFSC - Climbing Youth World Championships (B,L,S) - Voronezh (RUS) 2021",BOULDER Youth B Female,finished,2025-10-02 07:18:34 UTC,2026-04-22 09:12:04 UTC,,6163,boulder,Qualification,Youth B Female,finished,2021-08-25 17:41:06 UTC,/api/v1/category_rounds/6163/results,boulder_one_group_two_courses,Custom: 2 courses,4,,,,,,,5501,A1,/api/v1/routes/5501/startlist,
/api/v1/events/1186/result/35,1186,full_results_url,"IFSC - Climbing Youth World Championships (B,L,S) - Voronezh (RUS) 2021",BOULDER Youth B Female,finished,2025-10-02 07:18:34 UTC,2026-04-22 09:12:04 UTC,,6163,boulder,Qualification,Youth B Female,finished,2021-08-25 17:41:06 UTC,/api/v1/category_rounds/6163/results,boulder_one_group_two_courses,Custom: 2 courses,4,,,,,,,5502,A2,/api/v1/routes/5502/startlist,
/api/v1/events/1186/result/35,1186,full_results_url,"IFSC - Climbing Youth World Championships (B,L,S) - Voronezh (RUS) 2021",BOULDER Youth B Female,finished,2025-10-02 07:18:34 UTC,2026-04-22 09:12:04 UTC,,6163,boulder,Qualification,Youth B Female,finished,2021-08-25 17:41:06 UTC,/api/v1/category_rounds/6163/results,boulder_one_group_two_courses,Custom: 2 courses,4,,,,,,,5503,A3,/api/v1/routes/5503/startlist,
/api/v1/events/1186/result/35,1186,full_results_url,"IFSC - Climbing Youth World Championships (B,L,S) - Voronezh (RUS) 2021",BOULDER Youth B Female,finished,2025-10-02 07:18:34 UTC,2026-04-22 09:12:04 UTC,,6163,boulder,Qualification,Youth B Female,finished,2021-08-25 17:41:06 UTC,/api/v1/category_rounds/6163/results,boulder_one_group_two_courses,Custom: 2 courses,4,,,,,,,5504,B1,/api/v1/routes/5504/startlist,
/api/v1/events/1186/result/35,1186,full_results_url,"IFSC - Climbing Youth World Championships (B,L,S) - Voronezh (RUS) 2021",BOULDER Youth B Female,finished,2025-10-02 07:18:34 UTC,2026-04-22 09:12:04 UTC,,6163,boulder,Qualification,Youth B Female,finished,2021-08-25 17:41:06 UTC,/api/v1/category_rounds/6163/results,boulder_one_group_two_courses,Custom: 2 courses,4,,,,,,,5505,B2,/api/v1/routes/5505/startlist,
/api/v1/events/1186/result/35,1186,full_results_url,"IFSC - Climbing Youth World Championships (B,L,S) - Voronezh (RUS) 2021",BOULDER Youth B Female,finished,2025-10-02 07:18:34 UTC,2026-04-22 09:12:04 UTC,,6163,boulder,Qualification,Youth B Female,finished,2021-08-25 17:41:06 UTC,/api/v1/category_rounds/6163/results,boulder_one_group_two_courses,Custom: 2 courses,4,,,,,,,5506,B3,/api/v1/routes/5506/startlist,
/api/v1/events/1186/result/35,1186,full_results_url,"IFSC - Climbing Youth World Championships (B,L,S) - Voronezh (RUS) 2021",BOULDER Youth B Female,finished,2025-10-02 07:18:34 UTC,2026-04-22 09:12:04 UTC,,6726,boulder,Semi-Final,Youth B Female,finished,2021-08-26 14:17:56 UTC,/api/v1/category_rounds/6726/results,boulder_one_group_one_boulder_set,IFSC: 1 group,5,,,,,,,5449,1,/api/v1/routes/5449/startlist,
/api/v1/events/1186/result/35,1186,full_results_url,"IFSC - Climbing Youth World Championships (B,L,S) - Voronezh (RUS) 2021",BOULDER Youth B Female,finished,2025-10-02 07:18:34 UTC,2026-04-22 09:12:04 UTC,,6726,boulder,Semi-Final,Youth B Female,finished,2021-08-26 14:17:56 UTC,/api/v1/category_rounds/6726/results,boulder_one_group_one_boulder_set,IFSC: 1 group,5,,,,,,,5450,2,/api/v1/routes/5450/startlist,
/api/v1/events/1186/result/35,1186,full_results_url,"IFSC - Climbing Youth World Championships (B,L,S) - Voronezh (RUS) 2021",BOULDER Youth B Female,finished,2025-10-02 07:18:34 UTC,2026-04-22 09:12:04 UTC,,6726,boulder,Semi-Final,Youth B Female,finished,2021-08-26 14:17:56 UTC,/api/v1/category_rounds/6726/results,boulder_one_group_one_boulder_set,IFSC: 1 group,5,,,,,,,5451,3,/api/v1/routes/5451/startlist,
/api/v1/events/1186/result/35,1186,full_results_url,"IFSC - Climbing Youth World Championships (B,L,S) - Voronezh (RUS) 2021",BOULDER Youth B Female,finished,2025-10-02 07:18:34 UTC,2026-04-22 09:12:04 UTC,,6726,boulder,Semi-Final,Youth B Female,finished,2021-08-26 14:17:56 UTC,/api/v1/category_rounds/6726/results,boulder_one_group_one_boulder_set,IFSC: 1 group,5,,,,,,,5452,4,/api/v1/routes/5452/startlist,
/api/v1/events/1186/result/35,1186,full_results_url,"IFSC - Climbing Youth World Championships (B,L,S) - Voronezh (RUS) 2021",BOULDER Youth B Female,finished,2025-10-02 07:18:34 UTC,2026-04-22 09:12:04 UTC,,6732,boulder,Final,Youth B Female,finished,2021-08-28 18:05:05 UTC,/api/v1/category_rounds/6732/results,boulder_finals_one_by_one,IFSC: Finals,6,,,,,,,5473,1,/api/v1/routes/5473/startlist,
/api/v1/events/1186/result/35,1186,full_results_url,"IFSC - Climbing Youth World Championships (B,L,S) - Voronezh (RUS) 2021",BOULDER Youth B Female,finished,2025-10-02 07:18:34 UTC,2026-04-22 09:12:04 UTC,,6732,boulder,Final,Youth B Female,finished,2021-08-28 18:05:05 UTC,/api/v1/category_rounds/6732/results,boulder_finals_one_by_one,IFSC: Finals,6,,,,,,,5474,2,/api/v1/routes/5474/startlist,
/api/v1/events/1186/result/35,1186,full_results_url,"IFSC - Climbing Youth World Championships (B,L,S) - Voronezh (RUS) 2021",BOULDER Youth B Female,finished,2025-10-02 07:18:34 UTC,2026-04-22 09:12:04 UTC,,6732,boulder,Final,Youth B Female,finished,2021-08-28 18:05:05 UTC,/api/v1/category_rounds/6732/results,boulder_finals_one_by_one,IFSC: Finals,6,,,,,,,5475,3,/api/v1/routes/5475/startlist,
/api/v1/events/1186/result/35,1186,full_results_url,"IFSC - Climbing Youth World Championships (B,L,S) - Voronezh (RUS) 2021",BOULDER Youth B Female,finished,2025-10-02 07:18:34 UTC,2026-04-22 09:12:04 UTC,,6732,boulder,Final,Youth B Female,finished,2021-08-28 18:05:05 UTC,/api/v1/category_rounds/6732/results,boulder_finals_one_by_one,IFSC: Finals,6,,,,,,,5476,4,/api/v1/routes/5476/startlist,
/api/v1/events/1197/result/1,1197,full_results_url,IFSC - Climbing World Cup (L) - Kranj (SLO) 2021,LEAD Men,finished,2025-10-02 07:18:34 UTC,2026-04-22 09:12:27 UTC,,6190,lead,Qualification,Men,finished,2021-09-03 12:38:13 UTC,/api/v1/category_rounds/6190/results,lead_one_group_two_routes,IFSC: 2 routes,1,,,,,,,1313,1,/api/v1/routes/1313/startlist,/api/v1/routes/1313/results
/api/v1/events/1197/result/1,1197,full_results_url,IFSC - Climbing World Cup (L) - Kranj (SLO) 2021,LEAD Men,finished,2025-10-02 07:18:34 UTC,2026-04-22 09:12:27 UTC,,6190,lead,Qualification,Men,finished,2021-09-03 12:38:13 UTC,/api/v1/category_rounds/6190/results,lead_one_group_two_routes,IFSC: 2 routes,1,,,,,,,1314,2,/api/v1/routes/1314/startlist,/api/v1/routes/1314/results
/api/v1/events/1197/result/1,1197,full_results_url,IFSC - Climbing World Cup (L) - Kranj (SLO) 2021,LEAD Men,finished,2025-10-02 07:18:34 UTC,2026-04-22 09:12:27 UTC,,6761,lead,Semi-Final,Men,finished,2021-09-04 09:38:07 UTC,/api/v1/category_rounds/6761/results,lead_one_group_one_route,IFSC: 1 route,2,,,,,,,5549,1,/api/v1/routes/5549/startlist,/api/v1/routes/5549/results
/api/v1/events/1197/result/1,1197,full_results_url,IFSC - Climbing World Cup (L) - Kranj (SLO) 2021,LEAD Men,finished,2025-10-02 07:18:34 UTC,2026-04-22 09:12:27 UTC,,6763,lead,Final,Men,finished,2021-09-04 17:51:58 UTC,/api/v1/category_rounds/6763/results,lead_one_group_one_route,IFSC: 1 route,3,,,,,,,5551,1,/api/v1/routes/5551/startlist,/api/v1/routes/5551/results
/api/v1/events/1197/result/5,1197,full_results_url,IFSC - Climbing World Cup (L) - Kranj (SLO) 2021,LEAD Women,finished,2025-10-02 07:18:34 UTC,2026-04-22 09:12:31 UTC,,6191,lead,Qualification,Women,finished,2021-09-03 18:43:37 UTC,/api/v1/category_rounds/6191/results,lead_one_group_two_routes,IFSC: 2 routes,1,,,,,,,1315,1,/api/v1/routes/1315/startlist,/api/v1/routes/1315/results
/api/v1/events/1197/result/5,1197,full_results_url,IFSC - Climbing World Cup (L) - Kranj (SLO) 2021,LEAD Women,finished,2025-10-02 07:18:34 UTC,2026-04-22 09:12:31 UTC,,6191,lead,Qualification,Women,finished,2021-09-03 18:43:37 UTC,/api/v1/category_rounds/6191/results,lead_one_group_two_routes,IFSC: 2 routes,1,,,,,,,1316,2,/api/v1/routes/1316/startlist,/api/v1/routes/1316/results
/api/v1/events/1197/result/5,1197,full_results_url,IFSC - Climbing World Cup (L) - Kranj (SLO) 2021,LEAD Women,finished,2025-10-02 07:18:34 UTC,2026-04-22 09:12:31 UTC,,6762,lead,Semi-Final,Women,finished,2021-09-04 09:48:57 UTC,/api/v1/category_rounds/6762/results,lead_one_group_one_route,IFSC: 1 route,2,,,,,,,5550,1,/api/v1/routes/5550/startlist,/api/v1/routes/5550/results
/api/v1/events/1197/result/5,1197,full_results_url,IFSC - Climbing World Cup (L) - Kranj (SLO) 2021,LEAD Women,finished,2025-10-02 07:18:34 UTC,2026-04-22 09:12:31 UTC,,6764,lead,Final,Women,finished,2021-09-04 17:01:12 UTC,/api/v1/category_rounds/6764/results,lead_one_group_one_route,IFSC: 1 route,3,,,,,,,5552,1,/api/v1/routes/5552/startlist,/api/v1/routes/5552/results
/api/v1/events/1225/result/529,1225,full_results_url,IFSC - Paraclimbing World Championships (L) - Moscow 2021,LEAD Men B1,finished,2025-10-02 07:18:35 UTC,2024-01-17 07:51:54 UTC,,6625,lead,Qualification,Men B1,finished,2021-09-15 12:07:41 UTC,/api/v1/category_rounds/6625/results,lead_one_group_two_routes,IFSC: 2 routes,49,,,,,,,5577,1,/api/v1/routes/5577/startlist,/api/v1/routes/5577/results
/api/v1/events/1225/result/529,1225,full_results_url,IFSC - Paraclimbing World Championships (L) - Moscow 2021,LEAD Men B1,finished,2025-10-02 07:18:35 UTC,2024-01-17 07:51:54 UTC,,6625,lead,Qualification,Men B1,finished,2021-09-15 12:07:41 UTC,/api/v1/category_rounds/6625/results,lead_one_group_two_routes,IFSC: 2 routes,49,,,,,,,5578,2,/api/v1/routes/5578/startlist,/api/v1/routes/5578/results
/api/v1/events/1225/result/529,1225,full_results_url,IFSC - Paraclimbing World Championships (L) - Moscow 2021,LEAD Men B1,finished,2025-10-02 07:18:35 UTC,2024-01-17 07:51:54 UTC,,6789,lead,Final,Men B1,finished,2021-09-17 17:36:12 UTC,/api/v1/category_rounds/6789/results,lead_one_group_one_route,IFSC: 1 route,51,,,,,,,5617,1,/api/v1/routes/5617/startlist,/api/v1/routes/5617/results
/api/v1/events/1225/result/533,1225,full_results_url,IFSC - Paraclimbing World Championships (L) - Moscow 2021,LEAD Men B2,finished,2025-10-02 07:18:35 UTC,2024-01-17 07:51:55 UTC,,6626,lead,Qualification,Men B2,finished,2021-09-15 12:08:03 UTC,/api/v1/category_rounds/6626/results,lead_one_group_two_routes,IFSC: 2 routes,49,,,,,,,5579,1,/api/v1/routes/5579/startlist,/api/v1/routes/5579/results
/api/v1/events/1225/result/533,1225,full_results_url,IFSC - Paraclimbing World Championships (L) - Moscow 2021,LEAD Men B2,finished,2025-10-02 07:18:35 UTC,2024-01-17 07:51:55 UTC,,6626,lead,Qualification,Men B2,finished,2021-09-15 12:08:03 UTC,/api/v1/category_rounds/6626/results,lead_one_group_two_routes,IFSC: 2 routes,49,,,,,,,5580,2,/api/v1/routes/5580/startlist,/api/v1/routes/5580/results
/api/v1/events/1225/result/533,1225,full_results_url,IFSC - Paraclimbing World Championships (L) - Moscow 2021,LEAD Men B2,finished,2025-10-02 07:18:35 UTC,2024-01-17 07:51:55 UTC,,6790,lead,Final,Men B2,finished,2021-09-17 17:58:23 UTC,/api/v1/category_rounds/6790/results,lead_one_group_one_route,IFSC: 1 route,51,,,,,,,5618,1,/api/v1/routes/5618/startlist,/api/v1/routes/5618/results
/api/v1/events/1225/result/537,1225,full_results_url,IFSC - Paraclimbing World Championships (L) - Moscow 2021,LEAD Men B3,finished,2025-10-02 07:18:35 UTC,2024-01-17 07:51:55 UTC,,6627,lead,Qualification,Men B3,finished,2021-09-15 12:43:19 UTC,/api/v1/category_rounds/6627/results,lead_one_group_two_routes,IFSC: 2 routes,49,,,,,,,5581,1,/api/v1/routes/5581/startlist,/api/v1/routes/5581/results
/api/v1/events/1225/result/537,1225,full_results_url,IFSC - Paraclimbing World Championships (L) - Moscow 2021,LEAD Men B3,finished,2025-10-02 07:18:35 UTC,2024-01-17 07:51:55 UTC,,6627,lead,Qualification,Men B3,finished,2021-09-15 12:43:19 UTC,/api/v1/category_rounds/6627/results,lead_one_group_two_routes,IFSC: 2 routes,49,,,,,,,5582,2,/api/v1/routes/5582/startlist,/api/v1/routes/5582/results
/api/v1/events/1225/result/541,1225,full_results_url,IFSC - Paraclimbing World Championships (L) - Moscow 2021,LEAD Women B1,registration_active,2025-10-02 07:18:35 UTC,NA,,6628,lead,Qualification,Women B1,pending,2021-09-14 15:56:33 UTC,/api/v1/category_rounds/6628/results,lead_one_group_two_routes,IFSC: 2 routes,49,,,,,,,5583,1,/api/v1/routes/5583/startlist,/api/v1/routes/5583/results
/api/v1/events/1225/result/541,1225,full_results_url,IFSC - Paraclimbing World Championships (L) - Moscow 2021,LEAD Women B1,registration_active,2025-10-02 07:18:35 UTC,NA,,6628,lead,Qualification,Women B1,pending,2021-09-14 15:56:33 UTC,/api/v1/category_rounds/6628/results,lead_one_group_two_routes,IFSC: 2 routes,49,,,,,,,5584,2,/api/v1/routes/5584/startlist,/api/v1/routes/5584/results
/api/v1/events/1225/result/541,1225,full_results_url,IFSC - Paraclimbing World Championships (L) - Moscow 2021,LEAD Women B1,registration_active,2025-10-02 07:18:35 UTC,NA,,6792,lead,Final,Women B1,pending,2021-09-14 08:10:59 UTC,/api/v1/category_rounds/6792/results,lead_one_group_one_route,IFSC: 1 route,51,,,,,,,5620,1,/api/v1/routes/5620/startlist,/api/v1/routes/5620/results
/api/v1/events/1225/result/545,1225,full_results_url,IFSC - Paraclimbing World Championships (L) - Moscow 2021,LEAD Women B2,finished,2025-10-02 07:18:35 UTC,2024-01-17 07:51:56 UTC,,6629,lead,Qualification,Women B2,finished,2021-09-15 09:10:13 UTC,/api/v1/category_rounds/6629/results,lead_one_group_two_routes,IFSC: 2 routes,49,,,,,,,5585,1,/api/v1/routes/5585/startlist,/api/v1/routes/5585/results
/api/v1/events/1225/result/545,1225,full_results_url,IFSC - Paraclimbing World Championships (L) - Moscow 2021,LEAD Women B2,finished,2025-10-02 07:18:35 UTC,2024-01-17 07:51:56 UTC,,6629,lead,Qualification,Women B2,finished,2021-09-15 09:10:13 UTC,/api/v1/category_rounds/6629/results,lead_one_group_two_routes,IFSC: 2 routes,49,,,,,,,5586,2,/api/v1/routes/5586/startlist,/api/v1/routes/5586/results
/api/v1/events/1225/result/545,1225,full_results_url,IFSC - Paraclimbing World Championships (L) - Moscow 2021,LEAD Women B2,finished,2025-10-02 07:18:35 UTC,2024-01-17 07:51:56 UTC,,6793,lead,Final,Women B2,finished,2021-09-17 17:36:44 UTC,/api/v1/category_rounds/6793/results,lead_one_group_one_route,IFSC: 1 route,51,,,,,,,5621,1,/api/v1/routes/5621/startlist,/api/v1/routes/5621/results
/api/v1/events/1225/result/549,1225,full_results_url,IFSC - Paraclimbing World Championships (L) - Moscow 2021,LEAD Women B3,finished,2025-10-02 07:18:35 UTC,2024-01-17 07:51:56 UTC,,6630,lead,Qualification,Women B3,finished,2021-09-15 09:46:03 UTC,/api/v1/category_rounds/6630/results,lead_one_group_two_routes,IFSC: 2 routes,49,,,,,,,5587,1,/api/v1/routes/5587/startlist,/api/v1/routes/5587/results
/api/v1/events/1225/result/549,1225,full_results_url,IFSC - Paraclimbing World Championships (L) - Moscow 2021,LEAD Women B3,finished,2025-10-02 07:18:35 UTC,2024-01-17 07:51:56 UTC,,6630,lead,Qualification,Women B3,finished,2021-09-15 09:46:03 UTC,/api/v1/category_rounds/6630/results,lead_one_group_two_routes,IFSC: 2 routes,49,,,,,,,5588,2,/api/v1/routes/5588/startlist,/api/v1/routes/5588/results
/api/v1/events/1225/result/553,1225,full_results_url,IFSC - Paraclimbing World Championships (L) - Moscow 2021,LEAD Men AL1,active,2025-10-02 07:18:35 UTC,NA,,6631,lead,Qualification,Men AL1,pending,2021-09-14 15:45:45 UTC,/api/v1/category_rounds/6631/results,lead_one_group_two_routes,IFSC: 2 routes,49,,,,,,,5589,1,/api/v1/routes/5589/startlist,/api/v1/routes/5589/results
/api/v1/events/1225/result/553,1225,full_results_url,IFSC - Paraclimbing World Championships (L) - Moscow 2021,LEAD Men AL1,active,2025-10-02 07:18:35 UTC,NA,,6631,lead,Qualification,Men AL1,pending,2021-09-14 15:45:45 UTC,/api/v1/category_rounds/6631/results,lead_one_group_two_routes,IFSC: 2 routes,49,,,,,,,5590,2,/api/v1/routes/5590/startlist,/api/v1/routes/5590/results
/api/v1/events/1225/result/553,1225,full_results_url,IFSC - Paraclimbing World Championships (L) - Moscow 2021,LEAD Men AL1,active,2025-10-02 07:18:35 UTC,NA,,6795,lead,Final,Men AL1,pending,2021-09-14 08:10:59 UTC,/api/v1/category_rounds/6795/results,lead_one_group_one_route,IFSC: 1 route,51,,,,,,,5623,1,/api/v1/routes/5623/startlist,/api/v1/routes/5623/results
/api/v1/events/1225/result/557,1225,full_results_url,IFSC - Paraclimbing World Championships (L) - Moscow 2021,LEAD Women AL1,active,2025-10-02 07:18:35 UTC,NA,,6632,lead,Qualification,Women AL1,pending,2021-09-14 15:46:50 UTC,/api/v1/category_rounds/6632/results,lead_one_group_two_routes,IFSC: 2 routes,49,,,,,,,5591,1,/api/v1/routes/5591/startlist,/api/v1/routes/5591/results
/api/v1/events/1225/result/557,1225,full_results_url,IFSC - Paraclimbing World Championships (L) - Moscow 2021,LEAD Women AL1,active,2025-10-02 07:18:35 UTC,NA,,6632,lead,Qualification,Women AL1,pending,2021-09-14 15:46:50 UTC,/api/v1/category_rounds/6632/results,lead_one_group_two_routes,IFSC: 2 routes,49,,,,,,,5592,2,/api/v1/routes/5592/startlist,/api/v1/routes/5592/results
/api/v1/events/1225/result/557,1225,full_results_url,IFSC - Paraclimbing World Championships (L) - Moscow 2021,LEAD Women AL1,active,2025-10-02 07:18:35 UTC,NA,,6796,lead,Final,Women AL1,pending,2021-09-14 08:10:59 UTC,/api/v1/category_rounds/6796/results,lead_one_group_one_route,IFSC: 1 route,51,,,,,,,5624,1,/api/v1/routes/5624/startlist,/api/v1/routes/5624/results
/api/v1/events/1225/result/561,1225,full_results_url,IFSC - Paraclimbing World Championships (L) - Moscow 2021,LEAD Men AL2,finished,2025-10-02 07:18:35 UTC,2024-01-17 07:51:57 UTC,,6633,lead,Qualification,Men AL2,finished,2021-09-16 11:45:43 UTC,/api/v1/category_rounds/6633/results,lead_one_group_two_routes,IFSC: 2 routes,49,,,,,,,5593,1,/api/v1/routes/5593/startlist,/api/v1/routes/5593/results
/api/v1/events/1225/result/561,1225,full_results_url,IFSC - Paraclimbing World Championships (L) - Moscow 2021,LEAD Men AL2,finished,2025-10-02 07:18:35 UTC,2024-01-17 07:51:57 UTC,,6633,lead,Qualification,Men AL2,finished,2021-09-16 11:45:43 UTC,/api/v1/category_rounds/6633/results,lead_one_group_two_routes,IFSC: 2 routes,49,,,,,,,5594,2,/api/v1/routes/5594/startlist,/api/v1/routes/5594/results
/api/v1/events/1225/result/561,1225,full_results_url,IFSC - Paraclimbing World Championships (L) - Moscow 2021,LEAD Men AL2,finished,2025-10-02 07:18:35 UTC,2024-01-17 07:51:57 UTC,,6797,lead,Final,Men AL2,finished,2021-09-17 19:09:35 UTC,/api/v1/category_rounds/6797/results,lead_one_group_one_route,IFSC: 1 route,51,,,,,,,5625,1,/api/v1/routes/5625/startlist,/api/v1/routes/5625/results
/api/v1/events/1225/result/565,1225,full_results_url,IFSC - Paraclimbing World Championships (L) - Moscow 2021,LEAD Women AL2,active,2025-10-02 07:18:35 UTC,NA,,6634,lead,Qualification,Women AL2,pending,2021-09-14 17:24:47 UTC,/api/v1/category_rounds/6634/results,lead_one_group_two_routes,IFSC: 2 routes,49,,,,,,,5595,1,/api/v1/routes/5595/startlist,/api/v1/routes/5595/results
/api/v1/events/1225/result/565,1225,full_results_url,IFSC - Paraclimbing World Championships (L) - Moscow 2021,LEAD Women AL2,active,2025-10-02 07:18:35 UTC,NA,,6634,lead,Qualification,Women AL2,pending,2021-09-14 17:24:47 UTC,/api/v1/category_rounds/6634/results,lead_one_group_two_routes,IFSC: 2 routes,49,,,,,,,5596,2,/api/v1/routes/5596/startlist,/api/v1/routes/5596/results
/api/v1/events/1225/result/565,1225,full_results_url,IFSC - Paraclimbing World Championships (L) - Moscow 2021,LEAD Women AL2,active,2025-10-02 07:18:35 UTC,NA,,6798,lead,Final,Women AL2,pending,2021-09-14 08:10:59 UTC,/api/v1/category_rounds/6798/results,lead_one_group_one_route,IFSC: 1 route,51,,,,,,,5626,1,/api/v1/routes/5626/startlist,/api/v1/routes/5626/results
/api/v1/events/1225/result/569,1225,full_results_url,IFSC - Paraclimbing World Championships (L) - Moscow 2021,LEAD Men AU1,active,2025-10-02 07:18:35 UTC,NA,,6635,lead,Qualification,Men AU1,pending,2021-09-14 15:49:51 UTC,/api/v1/category_rounds/6635/results,lead_one_group_two_routes,IFSC: 2 routes,49,,,,,,,5597,1,/api/v1/routes/5597/startlist,/api/v1/routes/5597/results
/api/v1/events/1225/result/569,1225,full_results_url,IFSC - Paraclimbing World Championships (L) - Moscow 2021,LEAD Men AU1,active,2025-10-02 07:18:35 UTC,NA,,6635,lead,Qualification,Men AU1,pending,2021-09-14 15:49:51 UTC,/api/v1/category_rounds/6635/results,lead_one_group_two_routes,IFSC: 2 routes,49,,,,,,,5598,2,/api/v1/routes/5598/startlist,/api/v1/routes/5598/results
/api/v1/events/1225/result/569,1225,full_results_url,IFSC - Paraclimbing World Championships (L) - Moscow 2021,LEAD Men AU1,active,2025-10-02 07:18:35 UTC,NA,,6799,lead,Final,Men AU1,pending,2021-09-14 08:10:59 UTC,/api/v1/category_rounds/6799/results,lead_one_group_one_route,IFSC: 1 route,51,,,,,,,5627,1,/api/v1/routes/5627/startlist,/api/v1/routes/5627/results
/api/v1/events/1225/result/573,1225,full_results_url,IFSC - Paraclimbing World Championships (L) - Moscow 2021,LEAD Women AU1,registration_pending,2025-10-02 07:18:35 UTC,NA,,6636,lead,Qualification,Women AU1,pending,2021-09-14 08:10:41 UTC,/api/v1/category_rounds/6636/results,lead_one_group_two_routes,IFSC: 2 routes,49,,,,,,,5599,1,/api/v1/routes/5599/startlist,/api/v1/routes/5599/results
/api/v1/events/1225/result/573,1225,full_results_url,IFSC - Paraclimbing World Championships (L) - Moscow 2021,LEAD Women AU1,registration_pending,2025-10-02 07:18:35 UTC,NA,,6636,lead,Qualification,Women AU1,pending,2021-09-14 08:10:41 UTC,/api/v1/category_rounds/6636/results,lead_one_group_two_routes,IFSC: 2 routes,49,,,,,,,5600,2,/api/v1/routes/5600/startlist,/api/v1/routes/5600/results
/api/v1/events/1225/result/573,1225,full_results_url,IFSC - Paraclimbing World Championships (L) - Moscow 2021,LEAD Women AU1,registration_pending,2025-10-02 07:18:35 UTC,NA,,6800,lead,Final,Women AU1,pending,2021-09-14 08:10:59 UTC,/api/v1/category_rounds/6800/results,lead_one_group_one_route,IFSC: 1 route,51,,,,,,,5628,1,/api/v1/routes/5628/startlist,/api/v1/routes/5628/results
/api/v1/events/1225/result/577,1225,full_results_url,IFSC - Paraclimbing World Championships (L) - Moscow 2021,LEAD Men AU2,finished,2025-10-02 07:18:35 UTC,2024-01-17 07:51:58 UTC,,6637,lead,Qualification,Men AU2,finished,2021-09-16 08:50:04 UTC,/api/v1/category_rounds/6637/results,lead_one_group_two_routes,IFSC: 2 routes,49,,,,,,,5601,1,/api/v1/routes/5601/startlist,/api/v1/routes/5601/results
/api/v1/events/1225/result/577,1225,full_results_url,IFSC - Paraclimbing World Championships (L) - Moscow 2021,LEAD Men AU2,finished,2025-10-02 07:18:35 UTC,2024-01-17 07:51:58 UTC,,6637,lead,Qualification,Men AU2,finished,2021-09-16 08:50:04 UTC,/api/v1/category_rounds/6637/results,lead_one_group_two_routes,IFSC: 2 routes,49,,,,,,,5602,2,/api/v1/routes/5602/startlist,/api/v1/routes/5602/results
/api/v1/events/1225/result/577,1225,full_results_url,IFSC - Paraclimbing World Championships (L) - Moscow 2021,LEAD Men AU2,finished,2025-10-02 07:18:35 UTC,2024-01-17 07:51:58 UTC,,6801,lead,Final,Men AU2,finished,2021-09-17 19:09:57 UTC,/api/v1/category_rounds/6801/results,lead_one_group_one_route,IFSC: 1 route,51,,,,,,,5629,1,/api/v1/routes/5629/startlist,/api/v1/routes/5629/results
/api/v1/events/1225/result/581,1225,full_results_url,IFSC - Paraclimbing World Championships (L) - Moscow 2021,LEAD Women AU2,active,2025-10-02 07:18:35 UTC,NA,,6638,lead,Qualification,Women AU2,pending,2021-09-14 15:50:43 UTC,/api/v1/category_rounds/6638/results,lead_one_group_two_routes,IFSC: 2 routes,49,,,,,,,5603,1,/api/v1/routes/5603/startlist,/api/v1/routes/5603/results
/api/v1/events/1225/result/581,1225,full_results_url,IFSC - Paraclimbing World Championships (L) - Moscow 2021,LEAD Women AU2,active,2025-10-02 07:18:35 UTC,NA,,6638,lead,Qualification,Women AU2,pending,2021-09-14 15:50:43 UTC,/api/v1/category_rounds/6638/results,lead_one_group_two_routes,IFSC: 2 routes,49,,,,,,,5604,2,/api/v1/routes/5604/startlist,/api/v1/routes/5604/results
/api/v1/events/1225/result/581,1225,full_results_url,IFSC - Paraclimbing World Championships (L) - Moscow 2021,LEAD Women AU2,active,2025-10-02 07:18:35 UTC,NA,,6802,lead,Final,Women AU2,pending,2021-09-14 08:10:59 UTC,/api/v1/category_rounds/6802/results,lead_one_group_one_route,IFSC: 1 route,51,,,,,,,5630,1,/api/v1/routes/5630/startlist,/api/v1/routes/5630/results
/api/v1/events/1225/result/585,1225,full_results_url,IFSC - Paraclimbing World Championships (L) - Moscow 2021,LEAD Men RP1,finished,2025-10-02 07:18:35 UTC,2024-01-17 07:51:59 UTC,,6639,lead,Qualification,Men RP1,finished,2021-09-15 14:45:05 UTC,/api/v1/category_rounds/6639/results,lead_one_group_two_routes,IFSC: 2 routes,49,,,,,,,5605,1,/api/v1/routes/5605/startlist,/api/v1/routes/5605/results
/api/v1/events/1225/result/585,1225,full_results_url,IFSC - Paraclimbing World Championships (L) - Moscow 2021,LEAD Men RP1,finished,2025-10-02 07:18:35 UTC,2024-01-17 07:51:59 UTC,,6639,lead,Qualification,Men RP1,finished,2021-09-15 14:45:05 UTC,/api/v1/category_rounds/6639/results,lead_one_group_two_routes,IFSC: 2 routes,49,,,,,,,5606,2,/api/v1/routes/5606/startlist,/api/v1/routes/5606/results
/api/v1/events/1225/result/585,1225,full_results_url,IFSC - Paraclimbing World Championships (L) - Moscow 2021,LEAD Men RP1,finished,2025-10-02 07:18:35 UTC,2024-01-17 07:51:59 UTC,,6803,lead,Final,Men RP1,finished,2021-09-17 18:45:32 UTC,/api/v1/category_rounds/6803/results,lead_one_group_one_route,IFSC: 1 route,51,,,,,,,5631,1,/api/v1/routes/5631/startlist,/api/v1/routes/5631/results
/api/v1/events/1225/result/589,1225,full_results_url,IFSC - Paraclimbing World Championships (L) - Moscow 2021,LEAD Men RP2,finished,2025-10-02 07:18:35 UTC,2024-01-17 07:52:00 UTC,,6640,lead,Qualification,Men RP2,finished,2021-09-15 14:38:40 UTC,/api/v1/category_rounds/6640/results,lead_one_group_two_routes,IFSC: 2 routes,49,,,,,,,5607,1,/api/v1/routes/5607/startlist,/api/v1/routes/5607/results
/api/v1/events/1225/result/589,1225,full_results_url,IFSC - Paraclimbing World Championships (L) - Moscow 2021,LEAD Men RP2,finished,2025-10-02 07:18:35 UTC,2024-01-17 07:52:00 UTC,,6640,lead,Qualification,Men RP2,finished,2021-09-15 14:38:40 UTC,/api/v1/category_rounds/6640/results,lead_one_group_two_routes,IFSC: 2 routes,49,,,,,,,5608,2,/api/v1/routes/5608/startlist,/api/v1/routes/5608/results
/api/v1/events/1225/result/589,1225,full_results_url,IFSC - Paraclimbing World Championships (L) - Moscow 2021,LEAD Men RP2,finished,2025-10-02 07:18:35 UTC,2024-01-17 07:52:00 UTC,,6804,lead,Final,Men RP2,finished,2021-09-17 18:45:01 UTC,/api/v1/category_rounds/6804/results,lead_one_group_one_route,IFSC: 1 route,51,,,,,,,5632,1,/api/v1/routes/5632/startlist,/api/v1/routes/5632/results
/api/v1/events/1225/result/593,1225,full_results_url,IFSC - Paraclimbing World Championships (L) - Moscow 2021,LEAD Men RP3,finished,2025-10-02 07:18:35 UTC,2024-01-17 07:52:00 UTC,,6641,lead,Qualification,Men RP3,finished,2021-09-16 09:20:14 UTC,/api/v1/category_rounds/6641/results,lead_one_group_two_routes,IFSC: 2 routes,49,,,,,,,5609,1,/api/v1/routes/5609/startlist,/api/v1/routes/5609/results
/api/v1/events/1225/result/593,1225,full_results_url,IFSC - Paraclimbing World Championships (L) - Moscow 2021,LEAD Men RP3,finished,2025-10-02 07:18:35 UTC,2024-01-17 07:52:00 UTC,,6641,lead,Qualification,Men RP3,finished,2021-09-16 09:20:14 UTC,/api/v1/category_rounds/6641/results,lead_one_group_two_routes,IFSC: 2 routes,49,,,,,,,5610,2,/api/v1/routes/5610/startlist,/api/v1/routes/5610/results
/api/v1/events/1225/result/593,1225,full_results_url,IFSC - Paraclimbing World Championships (L) - Moscow 2021,LEAD Men RP3,finished,2025-10-02 07:18:35 UTC,2024-01-17 07:52:00 UTC,,6805,lead,Final,Men RP3,finished,2021-09-17 19:14:00 UTC,/api/v1/category_rounds/6805/results,lead_one_group_one_route,IFSC: 1 route,51,,,,,,,5633,1,/api/v1/routes/5633/startlist,/api/v1/routes/5633/results
/api/v1/events/1225/result/597,1225,full_results_url,IFSC - Paraclimbing World Championships (L) - Moscow 2021,LEAD Women RP1,finished,2025-10-02 07:18:35 UTC,2024-01-17 07:52:01 UTC,,6642,lead,Qualification,Women RP1,finished,2021-09-15 15:43:39 UTC,/api/v1/category_rounds/6642/results,lead_one_group_two_routes,IFSC: 2 routes,49,,,,,,,5611,1,/api/v1/routes/5611/startlist,/api/v1/routes/5611/results
/api/v1/events/1225/result/597,1225,full_results_url,IFSC - Paraclimbing World Championships (L) - Moscow 2021,LEAD Women RP1,finished,2025-10-02 07:18:35 UTC,2024-01-17 07:52:01 UTC,,6642,lead,Qualification,Women RP1,finished,2021-09-15 15:43:39 UTC,/api/v1/category_rounds/6642/results,lead_one_group_two_routes,IFSC: 2 routes,49,,,,,,,5612,2,/api/v1/routes/5612/startlist,/api/v1/routes/5612/results
/api/v1/events/1225/result/597,1225,full_results_url,IFSC - Paraclimbing World Championships (L) - Moscow 2021,LEAD Women RP1,finished,2025-10-02 07:18:35 UTC,2024-01-17 07:52:01 UTC,,6806,lead,Final,Women RP1,finished,2021-09-17 18:24:48 UTC,/api/v1/category_rounds/6806/results,lead_one_group_one_route,IFSC: 1 route,51,,,,,,,5634,1,/api/v1/routes/5634/startlist,/api/v1/routes/5634/results
/api/v1/events/1225/result/601,1225,full_results_url,IFSC - Paraclimbing World Championships (L) - Moscow 2021,LEAD Women RP2,finished,2025-10-02 07:18:35 UTC,2024-01-17 07:52:02 UTC,,6643,lead,Qualification,Women RP2,finished,2021-09-16 10:20:42 UTC,/api/v1/category_rounds/6643/results,lead_one_group_two_routes,IFSC: 2 routes,49,,,,,,,5613,1,/api/v1/routes/5613/startlist,/api/v1/routes/5613/results
/api/v1/events/1225/result/601,1225,full_results_url,IFSC - Paraclimbing World Championships (L) - Moscow 2021,LEAD Women RP2,finished,2025-10-02 07:18:35 UTC,2024-01-17 07:52:02 UTC,,6643,lead,Qualification,Women RP2,finished,2021-09-16 10:20:42 UTC,/api/v1/category_rounds/6643/results,lead_one_group_two_routes,IFSC: 2 routes,49,,,,,,,5614,2,/api/v1/routes/5614/startlist,/api/v1/routes/5614/results
/api/v1/events/1225/result/601,1225,full_results_url,IFSC - Paraclimbing World Championships (L) - Moscow 2021,LEAD Women RP2,finished,2025-10-02 07:18:35 UTC,2024-01-17 07:52:02 UTC,,6807,lead,Final,Women RP2,finished,2021-09-17 18:25:50 UTC,/api/v1/category_rounds/6807/results,lead_one_group_one_route,IFSC: 1 route,51,,,,,,,5635,1,/api/v1/routes/5635/startlist,/api/v1/routes/5635/results
/api/v1/events/1225/result/605,1225,full_results_url,IFSC - Paraclimbing World Championships (L) - Moscow 2021,LEAD Women RP3,finished,2025-10-02 07:18:35 UTC,2024-01-15 16:42:17 UTC,,6644,lead,Qualification,Women RP3,finished,2021-09-16 09:21:37 UTC,/api/v1/category_rounds/6644/results,lead_one_group_two_routes,IFSC: 2 routes,49,,,,,,,5615,1,/api/v1/routes/5615/startlist,/api/v1/routes/5615/results
/api/v1/events/1225/result/605,1225,full_results_url,IFSC - Paraclimbing World Championships (L) - Moscow 2021,LEAD Women RP3,finished,2025-10-02 07:18:35 UTC,2024-01-15 16:42:17 UTC,,6644,lead,Qualification,Women RP3,finished,2021-09-16 09:21:37 UTC,/api/v1/category_rounds/6644/results,lead_one_group_two_routes,IFSC: 2 routes,49,,,,,,,5616,2,/api/v1/routes/5616/startlist,/api/v1/routes/5616/results
/api/v1/events/1225/result/605,1225,full_results_url,IFSC - Paraclimbing World Championships (L) - Moscow 2021,LEAD Women RP3,finished,2025-10-02 07:18:35 UTC,2024-01-15 16:42:17 UTC,,6808,lead,Final,Women RP3,finished,2021-09-17 19:18:06 UTC,/api/v1/category_rounds/6808/results,lead_one_group_one_route,IFSC: 1 route,51,,,,,,,5636,1,/api/v1/routes/5636/startlist,/api/v1/routes/5636/results
/api/v1/events/1185/result/1,1185,full_results_url,"IFSC - Climbing World Championships (B,L,S) - Moscow 2021",LEAD Men,finished,2025-10-02 07:18:34 UTC,2026-04-22 09:12:34 UTC,,6140,lead,Qualification,Men,finished,2021-09-20 13:50:03 UTC,/api/v1/category_rounds/6140/results,lead_one_group_two_routes,IFSC: 2 routes,1,,,,,,,1083,1,/api/v1/routes/1083/startlist,/api/v1/routes/1083/results
/api/v1/events/1185/result/1,1185,full_results_url,"IFSC - Climbing World Championships (B,L,S) - Moscow 2021",LEAD Men,finished,2025-10-02 07:18:34 UTC,2026-04-22 09:12:34 UTC,,6140,lead,Qualification,Men,finished,2021-09-20 13:50:03 UTC,/api/v1/category_rounds/6140/results,lead_one_group_two_routes,IFSC: 2 routes,1,,,,,,,1084,2,/api/v1/routes/1084/startlist,/api/v1/routes/1084/results
/api/v1/events/1185/result/1,1185,full_results_url,"IFSC - Climbing World Championships (B,L,S) - Moscow 2021",LEAD Men,finished,2025-10-02 07:18:34 UTC,2026-04-22 09:12:34 UTC,,6767,lead,Semi-Final,Men,finished,2021-09-21 09:35:48 UTC,/api/v1/category_rounds/6767/results,lead_one_group_one_route,IFSC: 1 route,2,,,,,,,5553,1,/api/v1/routes/5553/startlist,/api/v1/routes/5553/results
/api/v1/events/1185/result/1,1185,full_results_url,"IFSC - Climbing World Championships (B,L,S) - Moscow 2021",LEAD Men,finished,2025-10-02 07:18:34 UTC,2026-04-22 09:12:34 UTC,,6769,lead,Final,Men,finished,2021-09-21 18:24:10 UTC,/api/v1/category_rounds/6769/results,lead_one_group_one_route,IFSC: 1 route,3,,,,,,,5555,1,/api/v1/routes/5555/startlist,/api/v1/routes/5555/results
/api/v1/events/1185/result/5,1185,full_results_url,"IFSC - Climbing World Championships (B,L,S) - Moscow 2021",LEAD Women,finished,2025-10-02 07:18:34 UTC,2026-04-22 09:12:38 UTC,,6141,lead,Qualification,Women,finished,2021-09-20 13:17:34 UTC,/api/v1/category_rounds/6141/results,lead_one_group_two_routes,IFSC: 2 routes,1,,,,,,,1085,1,/api/v1/routes/1085/startlist,/api/v1/routes/1085/results
/api/v1/events/1185/result/5,1185,full_results_url,"IFSC - Climbing World Championships (B,L,S) - Moscow 2021",LEAD Women,finished,2025-10-02 07:18:34 UTC,2026-04-22 09:12:38 UTC,,6141,lead,Qualification,Women,finished,2021-09-20 13:17:34 UTC,/api/v1/category_rounds/6141/results,lead_one_group_two_routes,IFSC: 2 routes,1,,,,,,,1086,2,/api/v1/routes/1086/startlist,/api/v1/routes/1086/results
/api/v1/events/1185/result/5,1185,full_results_url,"IFSC - Climbing World Championships (B,L,S) - Moscow 2021",LEAD Women,finished,2025-10-02 07:18:34 UTC,2026-04-22 09:12:38 UTC,,6768,lead,Semi-Final,Women,finished,2021-09-21 10:50:45 UTC,/api/v1/category_rounds/6768/results,lead_one_group_one_route,IFSC: 1 route,2,,,,,,,5554,1,/api/v1/routes/5554/startlist,/api/v1/routes/5554/results
/api/v1/events/1185/result/5,1185,full_results_url,"IFSC - Climbing World Championships (B,L,S) - Moscow 2021",LEAD Women,finished,2025-10-02 07:18:34 UTC,2026-04-22 09:12:38 UTC,,6770,lead,Final,Women,finished,2021-09-21 19:14:40 UTC,/api/v1/category_rounds/6770/results,lead_one_group_one_route,IFSC: 1 route,3,,,,,,,5556,1,/api/v1/routes/5556/startlist,/api/v1/routes/5556/results
/api/v1/events/1185/result/2,1185,full_results_url,"IFSC - Climbing World Championships (B,L,S) - Moscow 2021",SPEED Men,finished,2025-10-02 07:18:34 UTC,2026-04-22 09:12:42 UTC,,6142,speed,Qualification,Men,finished,2021-09-16 10:30:24 UTC,/api/v1/category_rounds/6142/results,speed_staggered,IFSC: Qualification,1,,,,,,,1087,A,/api/v1/routes/1087/startlist,
/api/v1/events/1185/result/2,1185,full_results_url,"IFSC - Climbing World Championships (B,L,S) - Moscow 2021",SPEED Men,finished,2025-10-02 07:18:34 UTC,2026-04-22 09:12:42 UTC,,6142,speed,Qualification,Men,finished,2021-09-16 10:30:24 UTC,/api/v1/category_rounds/6142/results,speed_staggered,IFSC: Qualification,1,,,,,,,1088,B,/api/v1/routes/1088/startlist,
/api/v1/events/1185/result/2,1185,full_results_url,"IFSC - Climbing World Championships (B,L,S) - Moscow 2021",SPEED Men,finished,2025-10-02 07:18:34 UTC,2026-04-22 09:12:42 UTC,,6771,speed,Final,Men,finished,2024-01-15 22:52:07 UTC,/api/v1/category_rounds/6771/results,speed_elimination_ifsc,IFSC 2021: Elimination,3,,,,,,,5557,A,/api/v1/routes/5557/startlist,
/api/v1/events/1185/result/2,1185,full_results_url,"IFSC - Climbing World Championships (B,L,S) - Moscow 2021",SPEED Men,finished,2025-10-02 07:18:34 UTC,2026-04-22 09:12:42 UTC,,6771,speed,Final,Men,finished,2024-01-15 22:52:07 UTC,/api/v1/category_rounds/6771/results,speed_elimination_ifsc,IFSC 2021: Elimination,3,,,,,,,5558,B,/api/v1/routes/5558/startlist,
/api/v1/events/1185/result/6,1185,full_results_url,"IFSC - Climbing World Championships (B,L,S) - Moscow 2021",SPEED Women,finished,2025-10-02 07:18:34 UTC,2026-04-22 09:12:46 UTC,,6143,speed,Qualification,Women,finished,2021-09-16 11:19:47 UTC,/api/v1/category_rounds/6143/results,speed_staggered,IFSC: Qualification,1,,,,,,,1089,A,/api/v1/routes/1089/startlist,
/api/v1/events/1185/result/6,1185,full_results_url,"IFSC - Climbing World Championships (B,L,S) - Moscow 2021",SPEED Women,finished,2025-10-02 07:18:34 UTC,2026-04-22 09:12:46 UTC,,6143,speed,Qualification,Women,finished,2021-09-16 11:19:47 UTC,/api/v1/category_rounds/6143/results,speed_staggered,IFSC: Qualification,1,,,,,,,1090,B,/api/v1/routes/1090/startlist,
/api/v1/events/1185/result/6,1185,full_results_url,"IFSC - Climbing World Championships (B,L,S) - Moscow 2021",SPEED Women,finished,2025-10-02 07:18:34 UTC,2026-04-22 09:12:46 UTC,,6772,speed,Final,Women,finished,2024-01-15 16:20:51 UTC,/api/v1/category_rounds/6772/results,speed_elimination_ifsc,IFSC 2021: Elimination,3,,,,,,,5559,A,/api/v1/routes/5559/startlist,
/api/v1/events/1185/result/6,1185,full_results_url,"IFSC - Climbing World Championships (B,L,S) - Moscow 2021",SPEED Women,finished,2025-10-02 07:18:34 UTC,2026-04-22 09:12:46 UTC,,6772,speed,Final,Women,finished,2024-01-15 16:20:51 UTC,/api/v1/category_rounds/6772/results,speed_elimination_ifsc,IFSC 2021: Elimination,3,,,,,,,5560,B,/api/v1/routes/5560/startlist,
/api/v1/events/1185/result/3,1185,full_results_url,"IFSC - Climbing World Championships (B,L,S) - Moscow 2021",BOULDER Men,finished,2025-10-02 07:18:34 UTC,2026-04-22 09:12:49 UTC,,6773,boulder,Semi-Final,Men,finished,2021-09-19 09:36:03 UTC,/api/v1/category_rounds/6773/results,boulder_one_group_one_boulder_set,IFSC: 1 group,2,,,,,,,5561,1,/api/v1/routes/5561/startlist,
/api/v1/events/1185/result/3,1185,full_results_url,"IFSC - Climbing World Championships (B,L,S) - Moscow 2021",BOULDER Men,finished,2025-10-02 07:18:34 UTC,2026-04-22 09:12:49 UTC,,6773,boulder,Semi-Final,Men,finished,2021-09-19 09:36:03 UTC,/api/v1/category_rounds/6773/results,boulder_one_group_one_boulder_set,IFSC: 1 group,2,,,,,,,5562,2,/api/v1/routes/5562/startlist,
/api/v1/events/1185/result/3,1185,full_results_url,"IFSC - Climbing World Championships (B,L,S) - Moscow 2021",BOULDER Men,finished,2025-10-02 07:18:34 UTC,2026-04-22 09:12:49 UTC,,6773,boulder,Semi-Final,Men,finished,2021-09-19 09:36:03 UTC,/api/v1/category_rounds/6773/results,boulder_one_group_one_boulder_set,IFSC: 1 group,2,,,,,,,5563,3,/api/v1/routes/5563/startlist,
/api/v1/events/1185/result/3,1185,full_results_url,"IFSC - Climbing World Championships (B,L,S) - Moscow 2021",BOULDER Men,finished,2025-10-02 07:18:34 UTC,2026-04-22 09:12:49 UTC,,6773,boulder,Semi-Final,Men,finished,2021-09-19 09:36:03 UTC,/api/v1/category_rounds/6773/results,boulder_one_group_one_boulder_set,IFSC: 1 group,2,,,,,,,5564,4,/api/v1/routes/5564/startlist,
/api/v1/events/1185/result/3,1185,full_results_url,"IFSC - Climbing World Championships (B,L,S) - Moscow 2021",BOULDER Men,finished,2025-10-02 07:18:34 UTC,2026-04-22 09:12:49 UTC,,6775,boulder,Final,Men,finished,2021-09-19 16:37:19 UTC,/api/v1/category_rounds/6775/results,boulder_finals_one_by_one,IFSC: Finals,3,,,,,,,5569,1,/api/v1/routes/5569/startlist,
/api/v1/events/1185/result/3,1185,full_results_url,"IFSC - Climbing World Championships (B,L,S) - Moscow 2021",BOULDER Men,finished,2025-10-02 07:18:34 UTC,2026-04-22 09:12:49 UTC,,6775,boulder,Final,Men,finished,2021-09-19 16:37:19 UTC,/api/v1/category_rounds/6775/results,boulder_finals_one_by_one,IFSC: Finals,3,,,,,,,5570,2,/api/v1/routes/5570/startlist,
/api/v1/events/1185/result/3,1185,full_results_url,"IFSC - Climbing World Championships (B,L,S) - Moscow 2021",BOULDER Men,finished,2025-10-02 07:18:34 UTC,2026-04-22 09:12:49 UTC,,6775,boulder,Final,Men,finished,2021-09-19 16:37:19 UTC,/api/v1/category_rounds/6775/results,boulder_finals_one_by_one,IFSC: Finals,3,,,,,,,5571,3,/api/v1/routes/5571/startlist,
/api/v1/events/1185/result/3,1185,full_results_url,"IFSC - Climbing World Championships (B,L,S) - Moscow 2021",BOULDER Men,finished,2025-10-02 07:18:34 UTC,2026-04-22 09:12:49 UTC,,6775,boulder,Final,Men,finished,2021-09-19 16:37:19 UTC,/api/v1/category_rounds/6775/results,boulder_finals_one_by_one,IFSC: Finals,3,,,,,,,5572,4,/api/v1/routes/5572/startlist,
/api/v1/events/1185/result/7,1185,full_results_url,"IFSC - Climbing World Championships (B,L,S) - Moscow 2021",BOULDER Women,finished,2025-10-02 07:18:34 UTC,2026-04-22 09:12:53 UTC,,6774,boulder,Semi-Final,Women,finished,2021-09-18 09:25:42 UTC,/api/v1/category_rounds/6774/results,boulder_one_group_one_boulder_set,IFSC: 1 group,2,,,,,,,5565,1,/api/v1/routes/5565/startlist,
/api/v1/events/1185/result/7,1185,full_results_url,"IFSC - Climbing World Championships (B,L,S) - Moscow 2021",BOULDER Women,finished,2025-10-02 07:18:34 UTC,2026-04-22 09:12:53 UTC,,6774,boulder,Semi-Final,Women,finished,2021-09-18 09:25:42 UTC,/api/v1/category_rounds/6774/results,boulder_one_group_one_boulder_set,IFSC: 1 group,2,,,,,,,5566,2,/api/v1/routes/5566/startlist,
/api/v1/events/1185/result/7,1185,full_results_url,"IFSC - Climbing World Championships (B,L,S) - Moscow 2021",BOULDER Women,finished,2025-10-02 07:18:34 UTC,2026-04-22 09:12:53 UTC,,6774,boulder,Semi-Final,Women,finished,2021-09-18 09:25:42 UTC,/api/v1/category_rounds/6774/results,boulder_one_group_one_boulder_set,IFSC: 1 group,2,,,,,,,5567,3,/api/v1/routes/5567/startlist,
/api/v1/events/1185/result/7,1185,full_results_url,"IFSC - Climbing World Championships (B,L,S) - Moscow 2021",BOULDER Women,finished,2025-10-02 07:18:34 UTC,2026-04-22 09:12:53 UTC,,6774,boulder,Semi-Final,Women,finished,2021-09-18 09:25:42 UTC,/api/v1/category_rounds/6774/results,boulder_one_group_one_boulder_set,IFSC: 1 group,2,,,,,,,5568,4,/api/v1/routes/5568/startlist,
/api/v1/events/1185/result/7,1185,full_results_url,"IFSC - Climbing World Championships (B,L,S) - Moscow 2021",BOULDER Women,finished,2025-10-02 07:18:34 UTC,2026-04-22 09:12:53 UTC,,6776,boulder,Final,Women,finished,2021-09-18 16:37:58 UTC,/api/v1/category_rounds/6776/results,boulder_finals_one_by_one,IFSC: Finals,3,,,,,,,5573,1,/api/v1/routes/5573/startlist,
/api/v1/events/1185/result/7,1185,full_results_url,"IFSC - Climbing World Championships (B,L,S) - Moscow 2021",BOULDER Women,finished,2025-10-02 07:18:34 UTC,2026-04-22 09:12:53 UTC,,6776,boulder,Final,Women,finished,2021-09-18 16:37:58 UTC,/api/v1/category_rounds/6776/results,boulder_finals_one_by_one,IFSC: Finals,3,,,,,,,5574,2,/api/v1/routes/5574/startlist,
/api/v1/events/1185/result/7,1185,full_results_url,"IFSC - Climbing World Championships (B,L,S) - Moscow 2021",BOULDER Women,finished,2025-10-02 07:18:34 UTC,2026-04-22 09:12:53 UTC,,6776,boulder,Final,Women,finished,2021-09-18 16:37:58 UTC,/api/v1/category_rounds/6776/results,boulder_finals_one_by_one,IFSC: Finals,3,,,,,,,5575,3,/api/v1/routes/5575/startlist,
/api/v1/events/1185/result/7,1185,full_results_url,"IFSC - Climbing World Championships (B,L,S) - Moscow 2021",BOULDER Women,finished,2025-10-02 07:18:34 UTC,2026-04-22 09:12:53 UTC,,6776,boulder,Final,Women,finished,2021-09-18 16:37:58 UTC,/api/v1/category_rounds/6776/results,boulder_finals_one_by_one,IFSC: Finals,3,,,,,,,5576,4,/api/v1/routes/5576/startlist,
/api/v1/events/1189/result/2,1189,full_results_url,"IFSC - Climbing World Cup (B,S) - Seoul (KOR) 2021 - CANCELLED",SPEED Men,registration_pending,2025-10-02 07:18:34 UTC,NA,,6172,speed,Qualification,Men,pending,2020-09-03 08:42:06 UTC,/api/v1/category_rounds/6172/results,speed_staggered,IFSC: Qualification,1,,,,,,,1229,A,/api/v1/routes/1229/startlist,
/api/v1/events/1189/result/2,1189,full_results_url,"IFSC - Climbing World Cup (B,S) - Seoul (KOR) 2021 - CANCELLED",SPEED Men,registration_pending,2025-10-02 07:18:34 UTC,NA,,6172,speed,Qualification,Men,pending,2020-09-03 08:42:06 UTC,/api/v1/category_rounds/6172/results,speed_staggered,IFSC: Qualification,1,,,,,,,1230,B,/api/v1/routes/1230/startlist,
/api/v1/events/1189/result/6,1189,full_results_url,"IFSC - Climbing World Cup (B,S) - Seoul (KOR) 2021 - CANCELLED",SPEED Women,registration_pending,2025-10-02 07:18:34 UTC,NA,,6173,speed,Qualification,Women,pending,2020-09-03 08:42:06 UTC,/api/v1/category_rounds/6173/results,speed_staggered,IFSC: Qualification,1,,,,,,,1231,A,/api/v1/routes/1231/startlist,
/api/v1/events/1189/result/6,1189,full_results_url,"IFSC - Climbing World Cup (B,S) - Seoul (KOR) 2021 - CANCELLED",SPEED Women,registration_pending,2025-10-02 07:18:34 UTC,NA,,6173,speed,Qualification,Women,pending,2020-09-03 08:42:06 UTC,/api/v1/category_rounds/6173/results,speed_staggered,IFSC: Qualification,1,,,,,,,1232,B,/api/v1/routes/1232/startlist,
/api/v1/events/1212/result/235,1212,full_results_url,IFSC Europe - Continental Youth Cup (B) - Soure (POR) 2021,BOULDER Juniors Male,finished,2025-10-02 07:18:34 UTC,2026-04-22 09:13:04 UTC,,6280,boulder,Qualification,Juniors Male,finished,2021-10-09 19:08:31 UTC,/api/v1/category_rounds/6280/results,boulder_one_group_one_boulder_set,IFSC: 1 group,19,,,,,,,1671,1,/api/v1/routes/1671/startlist,
/api/v1/events/1212/result/235,1212,full_results_url,IFSC Europe - Continental Youth Cup (B) - Soure (POR) 2021,BOULDER Juniors Male,finished,2025-10-02 07:18:34 UTC,2026-04-22 09:13:04 UTC,,6280,boulder,Qualification,Juniors Male,finished,2021-10-09 19:08:31 UTC,/api/v1/category_rounds/6280/results,boulder_one_group_one_boulder_set,IFSC: 1 group,19,,,,,,,1672,2,/api/v1/routes/1672/startlist,
/api/v1/events/1212/result/235,1212,full_results_url,IFSC Europe - Continental Youth Cup (B) - Soure (POR) 2021,BOULDER Juniors Male,finished,2025-10-02 07:18:34 UTC,2026-04-22 09:13:04 UTC,,6280,boulder,Qualification,Juniors Male,finished,2021-10-09 19:08:31 UTC,/api/v1/category_rounds/6280/results,boulder_one_group_one_boulder_set,IFSC: 1 group,19,,,,,,,1673,3,/api/v1/routes/1673/startlist,
/api/v1/events/1212/result/235,1212,full_results_url,IFSC Europe - Continental Youth Cup (B) - Soure (POR) 2021,BOULDER Juniors Male,finished,2025-10-02 07:18:34 UTC,2026-04-22 09:13:04 UTC,,6280,boulder,Qualification,Juniors Male,finished,2021-10-09 19:08:31 UTC,/api/v1/category_rounds/6280/results,boulder_one_group_one_boulder_set,IFSC: 1 group,19,,,,,,,1674,4,/api/v1/routes/1674/startlist,
/api/v1/events/1212/result/235,1212,full_results_url,IFSC Europe - Continental Youth Cup (B) - Soure (POR) 2021,BOULDER Juniors Male,finished,2025-10-02 07:18:34 UTC,2026-04-22 09:13:04 UTC,,6280,boulder,Qualification,Juniors Male,finished,2021-10-09 19:08:31 UTC,/api/v1/category_rounds/6280/results,boulder_one_group_one_boulder_set,IFSC: 1 group,19,,,,,,,1675,5,/api/v1/routes/1675/startlist,
/api/v1/events/1212/result/235,1212,full_results_url,IFSC Europe - Continental Youth Cup (B) - Soure (POR) 2021,BOULDER Juniors Male,finished,2025-10-02 07:18:34 UTC,2026-04-22 09:13:04 UTC,,6834,boulder,Final,Juniors Male,finished,2021-10-10 14:31:33 UTC,/api/v1/category_rounds/6834/results,boulder_one_group_one_boulder_set,IFSC: 1 group,21,,,,,,,5696,1,/api/v1/routes/5696/startlist,
/api/v1/events/1212/result/235,1212,full_results_url,IFSC Europe - Continental Youth Cup (B) - Soure (POR) 2021,BOULDER Juniors Male,finished,2025-10-02 07:18:34 UTC,2026-04-22 09:13:04 UTC,,6834,boulder,Final,Juniors Male,finished,2021-10-10 14:31:33 UTC,/api/v1/category_rounds/6834/results,boulder_one_group_one_boulder_set,IFSC: 1 group,21,,,,,,,5697,2,/api/v1/routes/5697/startlist,
/api/v1/events/1212/result/235,1212,full_results_url,IFSC Europe - Continental Youth Cup (B) - Soure (POR) 2021,BOULDER Juniors Male,finished,2025-10-02 07:18:34 UTC,2026-04-22 09:13:04 UTC,,6834,boulder,Final,Juniors Male,finished,2021-10-10 14:31:33 UTC,/api/v1/category_rounds/6834/results,boulder_one_group_one_boulder_set,IFSC: 1 group,21,,,,,,,5698,3,/api/v1/routes/5698/startlist,
/api/v1/events/1212/result/235,1212,full_results_url,IFSC Europe - Continental Youth Cup (B) - Soure (POR) 2021,BOULDER Juniors Male,finished,2025-10-02 07:18:34 UTC,2026-04-22 09:13:04 UTC,,6834,boulder,Final,Juniors Male,finished,2021-10-10 14:31:33 UTC,/api/v1/category_rounds/6834/results,boulder_one_group_one_boulder_set,IFSC: 1 group,21,,,,,,,5699,4,/api/v1/routes/5699/startlist,
/api/v1/events/1212/result/239,1212,full_results_url,IFSC Europe - Continental Youth Cup (B) - Soure (POR) 2021,BOULDER Youth A Male,finished,2025-10-02 07:18:34 UTC,2026-04-22 09:13:07 UTC,,6281,boulder,Qualification,Youth A Male,finished,2021-10-09 15:49:46 UTC,/api/v1/category_rounds/6281/results,boulder_one_group_one_boulder_set,IFSC: 1 group,19,,,,,,,1676,1,/api/v1/routes/1676/startlist,
/api/v1/events/1212/result/239,1212,full_results_url,IFSC Europe - Continental Youth Cup (B) - Soure (POR) 2021,BOULDER Youth A Male,finished,2025-10-02 07:18:34 UTC,2026-04-22 09:13:07 UTC,,6281,boulder,Qualification,Youth A Male,finished,2021-10-09 15:49:46 UTC,/api/v1/category_rounds/6281/results,boulder_one_group_one_boulder_set,IFSC: 1 group,19,,,,,,,1677,2,/api/v1/routes/1677/startlist,
/api/v1/events/1212/result/239,1212,full_results_url,IFSC Europe - Continental Youth Cup (B) - Soure (POR) 2021,BOULDER Youth A Male,finished,2025-10-02 07:18:34 UTC,2026-04-22 09:13:07 UTC,,6281,boulder,Qualification,Youth A Male,finished,2021-10-09 15:49:46 UTC,/api/v1/category_rounds/6281/results,boulder_one_group_one_boulder_set,IFSC: 1 group,19,,,,,,,1678,3,/api/v1/routes/1678/startlist,
/api/v1/events/1212/result/239,1212,full_results_url,IFSC Europe - Continental Youth Cup (B) - Soure (POR) 2021,BOULDER Youth A Male,finished,2025-10-02 07:18:34 UTC,2026-04-22 09:13:07 UTC,,6281,boulder,Qualification,Youth A Male,finished,2021-10-09 15:49:46 UTC,/api/v1/category_rounds/6281/results,boulder_one_group_one_boulder_set,IFSC: 1 group,19,,,,,,,1679,4,/api/v1/routes/1679/startlist,
/api/v1/events/1212/result/239,1212,full_results_url,IFSC Europe - Continental Youth Cup (B) - Soure (POR) 2021,BOULDER Youth A Male,finished,2025-10-02 07:18:34 UTC,2026-04-22 09:13:07 UTC,,6281,boulder,Qualification,Youth A Male,finished,2021-10-09 15:49:46 UTC,/api/v1/category_rounds/6281/results,boulder_one_group_one_boulder_set,IFSC: 1 group,19,,,,,,,1680,5,/api/v1/routes/1680/startlist,
/api/v1/events/1212/result/239,1212,full_results_url,IFSC Europe - Continental Youth Cup (B) - Soure (POR) 2021,BOULDER Youth A Male,finished,2025-10-02 07:18:34 UTC,2026-04-22 09:13:07 UTC,,6835,boulder,Final,Youth A Male,finished,2021-10-10 13:43:28 UTC,/api/v1/category_rounds/6835/results,boulder_one_group_one_boulder_set,IFSC: 1 group,21,,,,,,,5700,1,/api/v1/routes/5700/startlist,
/api/v1/events/1212/result/239,1212,full_results_url,IFSC Europe - Continental Youth Cup (B) - Soure (POR) 2021,BOULDER Youth A Male,finished,2025-10-02 07:18:34 UTC,2026-04-22 09:13:07 UTC,,6835,boulder,Final,Youth A Male,finished,2021-10-10 13:43:28 UTC,/api/v1/category_rounds/6835/results,boulder_one_group_one_boulder_set,IFSC: 1 group,21,,,,,,,5701,2,/api/v1/routes/5701/startlist,
/api/v1/events/1212/result/239,1212,full_results_url,IFSC Europe - Continental Youth Cup (B) - Soure (POR) 2021,BOULDER Youth A Male,finished,2025-10-02 07:18:34 UTC,2026-04-22 09:13:07 UTC,,6835,boulder,Final,Youth A Male,finished,2021-10-10 13:43:28 UTC,/api/v1/category_rounds/6835/results,boulder_one_group_one_boulder_set,IFSC: 1 group,21,,,,,,,5702,3,/api/v1/routes/5702/startlist,
/api/v1/events/1212/result/239,1212,full_results_url,IFSC Europe - Continental Youth Cup (B) - Soure (POR) 2021,BOULDER Youth A Male,finished,2025-10-02 07:18:34 UTC,2026-04-22 09:13:07 UTC,,6835,boulder,Final,Youth A Male,finished,2021-10-10 13:43:28 UTC,/api/v1/category_rounds/6835/results,boulder_one_group_one_boulder_set,IFSC: 1 group,21,,,,,,,5703,4,/api/v1/routes/5703/startlist,
/api/v1/events/1212/result/243,1212,full_results_url,IFSC Europe - Continental Youth Cup (B) - Soure (POR) 2021,BOULDER Youth B Male,finished,2025-10-02 07:18:34 UTC,2026-04-22 09:13:11 UTC,,6282,boulder,Qualification,Youth B Male,finished,2021-10-09 11:40:47 UTC,/api/v1/category_rounds/6282/results,boulder_one_group_one_boulder_set,IFSC: 1 group,19,,,,,,,1681,1,/api/v1/routes/1681/startlist,
/api/v1/events/1212/result/243,1212,full_results_url,IFSC Europe - Continental Youth Cup (B) - Soure (POR) 2021,BOULDER Youth B Male,finished,2025-10-02 07:18:34 UTC,2026-04-22 09:13:11 UTC,,6282,boulder,Qualification,Youth B Male,finished,2021-10-09 11:40:47 UTC,/api/v1/category_rounds/6282/results,boulder_one_group_one_boulder_set,IFSC: 1 group,19,,,,,,,1682,2,/api/v1/routes/1682/startlist,
/api/v1/events/1212/result/243,1212,full_results_url,IFSC Europe - Continental Youth Cup (B) - Soure (POR) 2021,BOULDER Youth B Male,finished,2025-10-02 07:18:34 UTC,2026-04-22 09:13:11 UTC,,6282,boulder,Qualification,Youth B Male,finished,2021-10-09 11:40:47 UTC,/api/v1/category_rounds/6282/results,boulder_one_group_one_boulder_set,IFSC: 1 group,19,,,,,,,1683,3,/api/v1/routes/1683/startlist,
/api/v1/events/1212/result/243,1212,full_results_url,IFSC Europe - Continental Youth Cup (B) - Soure (POR) 2021,BOULDER Youth B Male,finished,2025-10-02 07:18:34 UTC,2026-04-22 09:13:11 UTC,,6282,boulder,Qualification,Youth B Male,finished,2021-10-09 11:40:47 UTC,/api/v1/category_rounds/6282/results,boulder_one_group_one_boulder_set,IFSC: 1 group,19,,,,,,,1684,4,/api/v1/routes/1684/startlist,
/api/v1/events/1212/result/243,1212,full_results_url,IFSC Europe - Continental Youth Cup (B) - Soure (POR) 2021,BOULDER Youth B Male,finished,2025-10-02 07:18:34 UTC,2026-04-22 09:13:11 UTC,,6282,boulder,Qualification,Youth B Male,finished,2021-10-09 11:40:47 UTC,/api/v1/category_rounds/6282/results,boulder_one_group_one_boulder_set,IFSC: 1 group,19,,,,,,,1685,5,/api/v1/routes/1685/startlist,
/api/v1/events/1212/result/243,1212,full_results_url,IFSC Europe - Continental Youth Cup (B) - Soure (POR) 2021,BOULDER Youth B Male,finished,2025-10-02 07:18:34 UTC,2026-04-22 09:13:11 UTC,,6836,boulder,Final,Youth B Male,finished,2021-10-10 13:32:27 UTC,/api/v1/category_rounds/6836/results,boulder_one_group_one_boulder_set,IFSC: 1 group,21,,,,,,,5704,1,/api/v1/routes/5704/startlist,
/api/v1/events/1212/result/243,1212,full_results_url,IFSC Europe - Continental Youth Cup (B) - Soure (POR) 2021,BOULDER Youth B Male,finished,2025-10-02 07:18:34 UTC,2026-04-22 09:13:11 UTC,,6836,boulder,Final,Youth B Male,finished,2021-10-10 13:32:27 UTC,/api/v1/category_rounds/6836/results,boulder_one_group_one_boulder_set,IFSC: 1 group,21,,,,,,,5705,2,/api/v1/routes/5705/startlist,
/api/v1/events/1212/result/243,1212,full_results_url,IFSC Europe - Continental Youth Cup (B) - Soure (POR) 2021,BOULDER Youth B Male,finished,2025-10-02 07:18:34 UTC,2026-04-22 09:13:11 UTC,,6836,boulder,Final,Youth B Male,finished,2021-10-10 13:32:27 UTC,/api/v1/category_rounds/6836/results,boulder_one_group_one_boulder_set,IFSC: 1 group,21,,,,,,,5706,3,/api/v1/routes/5706/startlist,
/api/v1/events/1212/result/243,1212,full_results_url,IFSC Europe - Continental Youth Cup (B) - Soure (POR) 2021,BOULDER Youth B Male,finished,2025-10-02 07:18:34 UTC,2026-04-22 09:13:11 UTC,,6836,boulder,Final,Youth B Male,finished,2021-10-10 13:32:27 UTC,/api/v1/category_rounds/6836/results,boulder_one_group_one_boulder_set,IFSC: 1 group,21,,,,,,,5707,4,/api/v1/routes/5707/startlist,
/api/v1/events/1212/result/251,1212,full_results_url,IFSC Europe - Continental Youth Cup (B) - Soure (POR) 2021,BOULDER Juniors Female,finished,2025-10-02 07:18:34 UTC,2026-04-22 09:13:15 UTC,,6283,boulder,Qualification,Juniors Female,finished,2021-10-09 18:15:44 UTC,/api/v1/category_rounds/6283/results,boulder_one_group_one_boulder_set,IFSC: 1 group,19,,,,,,,1686,1,/api/v1/routes/1686/startlist,
/api/v1/events/1212/result/251,1212,full_results_url,IFSC Europe - Continental Youth Cup (B) - Soure (POR) 2021,BOULDER Juniors Female,finished,2025-10-02 07:18:34 UTC,2026-04-22 09:13:15 UTC,,6283,boulder,Qualification,Juniors Female,finished,2021-10-09 18:15:44 UTC,/api/v1/category_rounds/6283/results,boulder_one_group_one_boulder_set,IFSC: 1 group,19,,,,,,,1687,2,/api/v1/routes/1687/startlist,
/api/v1/events/1212/result/251,1212,full_results_url,IFSC Europe - Continental Youth Cup (B) - Soure (POR) 2021,BOULDER Juniors Female,finished,2025-10-02 07:18:34 UTC,2026-04-22 09:13:15 UTC,,6283,boulder,Qualification,Juniors Female,finished,2021-10-09 18:15:44 UTC,/api/v1/category_rounds/6283/results,boulder_one_group_one_boulder_set,IFSC: 1 group,19,,,,,,,1688,3,/api/v1/routes/1688/startlist,
/api/v1/events/1212/result/251,1212,full_results_url,IFSC Europe - Continental Youth Cup (B) - Soure (POR) 2021,BOULDER Juniors Female,finished,2025-10-02 07:18:34 UTC,2026-04-22 09:13:15 UTC,,6283,boulder,Qualification,Juniors Female,finished,2021-10-09 18:15:44 UTC,/api/v1/category_rounds/6283/results,boulder_one_group_one_boulder_set,IFSC: 1 group,19,,,,,,,1689,4,/api/v1/routes/1689/startlist,
/api/v1/events/1212/result/251,1212,full_results_url,IFSC Europe - Continental Youth Cup (B) - Soure (POR) 2021,BOULDER Juniors Female,finished,2025-10-02 07:18:34 UTC,2026-04-22 09:13:15 UTC,,6283,boulder,Qualification,Juniors Female,finished,2021-10-09 18:15:44 UTC,/api/v1/category_rounds/6283/results,boulder_one_group_one_boulder_set,IFSC: 1 group,19,,,,,,,1690,5,/api/v1/routes/1690/startlist,
/api/v1/events/1212/result/251,1212,full_results_url,IFSC Europe - Continental Youth Cup (B) - Soure (POR) 2021,BOULDER Juniors Female,finished,2025-10-02 07:18:34 UTC,2026-04-22 09:13:15 UTC,,6837,boulder,Final,Juniors Female,finished,2021-10-10 10:50:02 UTC,/api/v1/category_rounds/6837/results,boulder_one_group_one_boulder_set,IFSC: 1 group,21,,,,,,,5708,1,/api/v1/routes/5708/startlist,
/api/v1/events/1212/result/251,1212,full_results_url,IFSC Europe - Continental Youth Cup (B) - Soure (POR) 2021,BOULDER Juniors Female,finished,2025-10-02 07:18:34 UTC,2026-04-22 09:13:15 UTC,,6837,boulder,Final,Juniors Female,finished,2021-10-10 10:50:02 UTC,/api/v1/category_rounds/6837/results,boulder_one_group_one_boulder_set,IFSC: 1 group,21,,,,,,,5709,2,/api/v1/routes/5709/startlist,
/api/v1/events/1212/result/251,1212,full_results_url,IFSC Europe - Continental Youth Cup (B) - Soure (POR) 2021,BOULDER Juniors Female,finished,2025-10-02 07:18:34 UTC,2026-04-22 09:13:15 UTC,,6837,boulder,Final,Juniors Female,finished,2021-10-10 10:50:02 UTC,/api/v1/category_rounds/6837/results,boulder_one_group_one_boulder_set,IFSC: 1 group,21,,,,,,,5710,3,/api/v1/routes/5710/startlist,
/api/v1/events/1212/result/251,1212,full_results_url,IFSC Europe - Continental Youth Cup (B) - Soure (POR) 2021,BOULDER Juniors Female,finished,2025-10-02 07:18:34 UTC,2026-04-22 09:13:15 UTC,,6837,boulder,Final,Juniors Female,finished,2021-10-10 10:50:02 UTC,/api/v1/category_rounds/6837/results,boulder_one_group_one_boulder_set,IFSC: 1 group,21,,,,,,,5711,4,/api/v1/routes/5711/startlist,
/api/v1/events/1212/result/255,1212,full_results_url,IFSC Europe - Continental Youth Cup (B) - Soure (POR) 2021,BOULDER Youth A Female,finished,2025-10-02 07:18:34 UTC,2026-04-22 09:13:18 UTC,,6284,boulder,Qualification,Youth A Female,finished,2021-10-09 15:13:35 UTC,/api/v1/category_rounds/6284/results,boulder_one_group_one_boulder_set,IFSC: 1 group,19,,,,,,,1691,1,/api/v1/routes/1691/startlist,
/api/v1/events/1212/result/255,1212,full_results_url,IFSC Europe - Continental Youth Cup (B) - Soure (POR) 2021,BOULDER Youth A Female,finished,2025-10-02 07:18:34 UTC,2026-04-22 09:13:18 UTC,,6284,boulder,Qualification,Youth A Female,finished,2021-10-09 15:13:35 UTC,/api/v1/category_rounds/6284/results,boulder_one_group_one_boulder_set,IFSC: 1 group,19,,,,,,,1692,2,/api/v1/routes/1692/startlist,
/api/v1/events/1212/result/255,1212,full_results_url,IFSC Europe - Continental Youth Cup (B) - Soure (POR) 2021,BOULDER Youth A Female,finished,2025-10-02 07:18:34 UTC,2026-04-22 09:13:18 UTC,,6284,boulder,Qualification,Youth A Female,finished,2021-10-09 15:13:35 UTC,/api/v1/category_rounds/6284/results,boulder_one_group_one_boulder_set,IFSC: 1 group,19,,,,,,,1693,3,/api/v1/routes/1693/startlist,
/api/v1/events/1212/result/255,1212,full_results_url,IFSC Europe - Continental Youth Cup (B) - Soure (POR) 2021,BOULDER Youth A Female,finished,2025-10-02 07:18:34 UTC,2026-04-22 09:13:18 UTC,,6284,boulder,Qualification,Youth A Female,finished,2021-10-09 15:13:35 UTC,/api/v1/category_rounds/6284/results,boulder_one_group_one_boulder_set,IFSC: 1 group,19,,,,,,,1694,4,/api/v1/routes/1694/startlist,
/api/v1/events/1212/result/255,1212,full_results_url,IFSC Europe - Continental Youth Cup (B) - Soure (POR) 2021,BOULDER Youth A Female,finished,2025-10-02 07:18:34 UTC,2026-04-22 09:13:18 UTC,,6284,boulder,Qualification,Youth A Female,finished,2021-10-09 15:13:35 UTC,/api/v1/category_rounds/6284/results,boulder_one_group_one_boulder_set,IFSC: 1 group,19,,,,,,,1695,5,/api/v1/routes/1695/startlist,
/api/v1/events/1212/result/255,1212,full_results_url,IFSC Europe - Continental Youth Cup (B) - Soure (POR) 2021,BOULDER Youth A Female,finished,2025-10-02 07:18:34 UTC,2026-04-22 09:13:18 UTC,,6838,boulder,Final,Youth A Female,finished,2021-10-10 09:48:25 UTC,/api/v1/category_rounds/6838/results,boulder_one_group_one_boulder_set,IFSC: 1 group,21,,,,,,,5712,1,/api/v1/routes/5712/startlist,
/api/v1/events/1212/result/255,1212,full_results_url,IFSC Europe - Continental Youth Cup (B) - Soure (POR) 2021,BOULDER Youth A Female,finished,2025-10-02 07:18:34 UTC,2026-04-22 09:13:18 UTC,,6838,boulder,Final,Youth A Female,finished,2021-10-10 09:48:25 UTC,/api/v1/category_rounds/6838/results,boulder_one_group_one_boulder_set,IFSC: 1 group,21,,,,,,,5713,2,/api/v1/routes/5713/startlist,
/api/v1/events/1212/result/255,1212,full_results_url,IFSC Europe - Continental Youth Cup (B) - Soure (POR) 2021,BOULDER Youth A Female,finished,2025-10-02 07:18:34 UTC,2026-04-22 09:13:18 UTC,,6838,boulder,Final,Youth A Female,finished,2021-10-10 09:48:25 UTC,/api/v1/category_rounds/6838/results,boulder_one_group_one_boulder_set,IFSC: 1 group,21,,,,,,,5714,3,/api/v1/routes/5714/startlist,
/api/v1/events/1212/result/255,1212,full_results_url,IFSC Europe - Continental Youth Cup (B) - Soure (POR) 2021,BOULDER Youth A Female,finished,2025-10-02 07:18:34 UTC,2026-04-22 09:13:18 UTC,,6838,boulder,Final,Youth A Female,finished,2021-10-10 09:48:25 UTC,/api/v1/category_rounds/6838/results,boulder_one_group_one_boulder_set,IFSC: 1 group,21,,,,,,,5715,4,/api/v1/routes/5715/startlist,
/api/v1/events/1212/result/259,1212,full_results_url,IFSC Europe - Continental Youth Cup (B) - Soure (POR) 2021,BOULDER Youth B Female,finished,2025-10-02 07:18:34 UTC,2026-04-22 09:13:22 UTC,,6285,boulder,Qualification,Youth B Female,finished,2021-10-09 11:53:32 UTC,/api/v1/category_rounds/6285/results,boulder_one_group_one_boulder_set,IFSC: 1 group,19,,,,,,,1696,1,/api/v1/routes/1696/startlist,
/api/v1/events/1212/result/259,1212,full_results_url,IFSC Europe - Continental Youth Cup (B) - Soure (POR) 2021,BOULDER Youth B Female,finished,2025-10-02 07:18:34 UTC,2026-04-22 09:13:22 UTC,,6285,boulder,Qualification,Youth B Female,finished,2021-10-09 11:53:32 UTC,/api/v1/category_rounds/6285/results,boulder_one_group_one_boulder_set,IFSC: 1 group,19,,,,,,,1697,2,/api/v1/routes/1697/startlist,
/api/v1/events/1212/result/259,1212,full_results_url,IFSC Europe - Continental Youth Cup (B) - Soure (POR) 2021,BOULDER Youth B Female,finished,2025-10-02 07:18:34 UTC,2026-04-22 09:13:22 UTC,,6285,boulder,Qualification,Youth B Female,finished,2021-10-09 11:53:32 UTC,/api/v1/category_rounds/6285/results,boulder_one_group_one_boulder_set,IFSC: 1 group,19,,,,,,,1698,3,/api/v1/routes/1698/startlist,
/api/v1/events/1212/result/259,1212,full_results_url,IFSC Europe - Continental Youth Cup (B) - Soure (POR) 2021,BOULDER Youth B Female,finished,2025-10-02 07:18:34 UTC,2026-04-22 09:13:22 UTC,,6285,boulder,Qualification,Youth B Female,finished,2021-10-09 11:53:32 UTC,/api/v1/category_rounds/6285/results,boulder_one_group_one_boulder_set,IFSC: 1 group,19,,,,,,,1699,4,/api/v1/routes/1699/startlist,
/api/v1/events/1212/result/259,1212,full_results_url,IFSC Europe - Continental Youth Cup (B) - Soure (POR) 2021,BOULDER Youth B Female,finished,2025-10-02 07:18:34 UTC,2026-04-22 09:13:22 UTC,,6285,boulder,Qualification,Youth B Female,finished,2021-10-09 11:53:32 UTC,/api/v1/category_rounds/6285/results,boulder_one_group_one_boulder_set,IFSC: 1 group,19,,,,,,,1700,5,/api/v1/routes/1700/startlist,
/api/v1/events/1212/result/259,1212,full_results_url,IFSC Europe - Continental Youth Cup (B) - Soure (POR) 2021,BOULDER Youth B Female,finished,2025-10-02 07:18:34 UTC,2026-04-22 09:13:22 UTC,,6839,boulder,Final,Youth B Female,finished,2021-10-10 09:40:37 UTC,/api/v1/category_rounds/6839/results,boulder_one_group_one_boulder_set,IFSC: 1 group,21,,,,,,,5716,1,/api/v1/routes/5716/startlist,
/api/v1/events/1212/result/259,1212,full_results_url,IFSC Europe - Continental Youth Cup (B) - Soure (POR) 2021,BOULDER Youth B Female,finished,2025-10-02 07:18:34 UTC,2026-04-22 09:13:22 UTC,,6839,boulder,Final,Youth B Female,finished,2021-10-10 09:40:37 UTC,/api/v1/category_rounds/6839/results,boulder_one_group_one_boulder_set,IFSC: 1 group,21,,,,,,,5717,2,/api/v1/routes/5717/startlist,
/api/v1/events/1212/result/259,1212,full_results_url,IFSC Europe - Continental Youth Cup (B) - Soure (POR) 2021,BOULDER Youth B Female,finished,2025-10-02 07:18:34 UTC,2026-04-22 09:13:22 UTC,,6839,boulder,Final,Youth B Female,finished,2021-10-10 09:40:37 UTC,/api/v1/category_rounds/6839/results,boulder_one_group_one_boulder_set,IFSC: 1 group,21,,,,,,,5718,3,/api/v1/routes/5718/startlist,
/api/v1/events/1212/result/259,1212,full_results_url,IFSC Europe - Continental Youth Cup (B) - Soure (POR) 2021,BOULDER Youth B Female,finished,2025-10-02 07:18:34 UTC,2026-04-22 09:13:22 UTC,,6839,boulder,Final,Youth B Female,finished,2021-10-10 09:40:37 UTC,/api/v1/category_rounds/6839/results,boulder_one_group_one_boulder_set,IFSC: 1 group,21,,,,,,,5719,4,/api/v1/routes/5719/startlist,
/api/v1/events/1224/result/529,1224,full_results_url,IFSC - Paraclimbing World Cup (L) - Los Angeles (USA) 2021,LEAD Men B1,finished,2025-10-02 07:18:35 UTC,2024-01-17 07:52:27 UTC,,6701,lead,Qualification,Men B1,finished,2021-10-09 18:30:03 UTC,/api/v1/category_rounds/6701/results,lead_one_group_two_routes,IFSC: 2 routes,49,,,,,,,6248,1,/api/v1/routes/6248/startlist,/api/v1/routes/6248/results
/api/v1/events/1224/result/529,1224,full_results_url,IFSC - Paraclimbing World Cup (L) - Los Angeles (USA) 2021,LEAD Men B1,finished,2025-10-02 07:18:35 UTC,2024-01-17 07:52:27 UTC,,6701,lead,Qualification,Men B1,finished,2021-10-09 18:30:03 UTC,/api/v1/category_rounds/6701/results,lead_one_group_two_routes,IFSC: 2 routes,49,,,,,,,6249,2,/api/v1/routes/6249/startlist,/api/v1/routes/6249/results
/api/v1/events/1224/result/529,1224,full_results_url,IFSC - Paraclimbing World Cup (L) - Los Angeles (USA) 2021,LEAD Men B1,finished,2025-10-02 07:18:35 UTC,2024-01-17 07:52:27 UTC,,6986,lead,Final,Men B1,finished,2021-10-10 20:03:33 UTC,/api/v1/category_rounds/6986/results,lead_one_group_one_route,IFSC: 1 route,51,,,,,,,6270,1,/api/v1/routes/6270/startlist,/api/v1/routes/6270/results
/api/v1/events/1224/result/533,1224,full_results_url,IFSC - Paraclimbing World Cup (L) - Los Angeles (USA) 2021,LEAD Men B2,registration_active,2025-10-02 07:18:35 UTC,NA,,6702,lead,Qualification,Men B2,pending,2021-10-09 00:24:03 UTC,/api/v1/category_rounds/6702/results,lead_one_group_one_route,IFSC: 1 route,49,,,,,,,5404,1,/api/v1/routes/5404/startlist,/api/v1/routes/5404/results
/api/v1/events/1224/result/533,1224,full_results_url,IFSC - Paraclimbing World Cup (L) - Los Angeles (USA) 2021,LEAD Men B2,registration_active,2025-10-02 07:18:35 UTC,NA,,6987,lead,Final,Men B2,pending,2021-10-09 02:14:18 UTC,/api/v1/category_rounds/6987/results,lead_one_group_one_route,IFSC: 1 route,51,,,,,,,6271,1,/api/v1/routes/6271/startlist,/api/v1/routes/6271/results
/api/v1/events/1224/result/537,1224,full_results_url,IFSC - Paraclimbing World Cup (L) - Los Angeles (USA) 2021,LEAD Men B3,finished,2025-10-02 07:18:35 UTC,2024-01-17 07:52:27 UTC,,6703,lead,Qualification,Men B3,finished,2021-10-09 18:31:26 UTC,/api/v1/category_rounds/6703/results,lead_one_group_two_routes,IFSC: 2 routes,49,,,,,,,6250,1,/api/v1/routes/6250/startlist,/api/v1/routes/6250/results
/api/v1/events/1224/result/537,1224,full_results_url,IFSC - Paraclimbing World Cup (L) - Los Angeles (USA) 2021,LEAD Men B3,finished,2025-10-02 07:18:35 UTC,2024-01-17 07:52:27 UTC,,6703,lead,Qualification,Men B3,finished,2021-10-09 18:31:26 UTC,/api/v1/category_rounds/6703/results,lead_one_group_two_routes,IFSC: 2 routes,49,,,,,,,6251,2,/api/v1/routes/6251/startlist,/api/v1/routes/6251/results
/api/v1/events/1224/result/537,1224,full_results_url,IFSC - Paraclimbing World Cup (L) - Los Angeles (USA) 2021,LEAD Men B3,finished,2025-10-02 07:18:35 UTC,2024-01-17 07:52:27 UTC,,6988,lead,Final,Men B3,finished,2021-10-10 20:19:43 UTC,/api/v1/category_rounds/6988/results,lead_one_group_one_route,IFSC: 1 route,51,,,,,,,6272,1,/api/v1/routes/6272/startlist,/api/v1/routes/6272/results
/api/v1/events/1224/result/541,1224,full_results_url,IFSC - Paraclimbing World Cup (L) - Los Angeles (USA) 2021,LEAD Women B1,registration_pending,2025-10-02 07:18:35 UTC,NA,,6704,lead,Qualification,Women B1,pending,2021-08-16 08:07:40 UTC,/api/v1/category_rounds/6704/results,lead_one_group_one_route,IFSC: 1 route,49,,,,,,,5406,1,/api/v1/routes/5406/startlist,/api/v1/routes/5406/results
/api/v1/events/1224/result/541,1224,full_results_url,IFSC - Paraclimbing World Cup (L) - Los Angeles (USA) 2021,LEAD Women B1,registration_pending,2025-10-02 07:18:35 UTC,NA,,6989,lead,Final,Women B1,pending,2021-10-09 02:14:18 UTC,/api/v1/category_rounds/6989/results,lead_one_group_one_route,IFSC: 1 route,51,,,,,,,6273,1,/api/v1/routes/6273/startlist,/api/v1/routes/6273/results
/api/v1/events/1224/result/545,1224,full_results_url,IFSC - Paraclimbing World Cup (L) - Los Angeles (USA) 2021,LEAD Women B2,active,2025-10-02 07:18:35 UTC,2024-01-25 18:59:08 UTC,,6705,lead,Qualification,Women B2,pending,2021-10-08 18:39:14 UTC,/api/v1/category_rounds/6705/results,lead_one_group_one_route,IFSC: 1 route,49,,,,,,,5407,1,/api/v1/routes/5407/startlist,/api/v1/routes/5407/results
/api/v1/events/1224/result/545,1224,full_results_url,IFSC - Paraclimbing World Cup (L) - Los Angeles (USA) 2021,LEAD Women B2,active,2025-10-02 07:18:35 UTC,2024-01-25 18:59:08 UTC,,6990,lead,Final,Women B2,pending,2021-10-09 02:14:18 UTC,/api/v1/category_rounds/6990/results,lead_one_group_one_route,IFSC: 1 route,51,,,,,,,6274,1,/api/v1/routes/6274/startlist,/api/v1/routes/6274/results
/api/v1/events/1224/result/549,1224,full_results_url,IFSC - Paraclimbing World Cup (L) - Los Angeles (USA) 2021,LEAD Women B3,finished,2025-10-02 07:18:35 UTC,2024-01-17 07:52:28 UTC,,6706,lead,Qualification,Women B3,finished,2021-10-09 18:32:20 UTC,/api/v1/category_rounds/6706/results,lead_one_group_two_routes,IFSC: 2 routes,49,,,,,,,6252,1,/api/v1/routes/6252/startlist,/api/v1/routes/6252/results
/api/v1/events/1224/result/549,1224,full_results_url,IFSC - Paraclimbing World Cup (L) - Los Angeles (USA) 2021,LEAD Women B3,finished,2025-10-02 07:18:35 UTC,2024-01-17 07:52:28 UTC,,6706,lead,Qualification,Women B3,finished,2021-10-09 18:32:20 UTC,/api/v1/category_rounds/6706/results,lead_one_group_two_routes,IFSC: 2 routes,49,,,,,,,6253,2,/api/v1/routes/6253/startlist,/api/v1/routes/6253/results
/api/v1/events/1224/result/549,1224,full_results_url,IFSC - Paraclimbing World Cup (L) - Los Angeles (USA) 2021,LEAD Women B3,finished,2025-10-02 07:18:35 UTC,2024-01-17 07:52:28 UTC,,6991,lead,Final,Women B3,finished,2021-10-10 20:03:04 UTC,/api/v1/category_rounds/6991/results,lead_one_group_one_route,IFSC: 1 route,51,,,,,,,6275,1,/api/v1/routes/6275/startlist,/api/v1/routes/6275/results
/api/v1/events/1224/result/553,1224,full_results_url,IFSC - Paraclimbing World Cup (L) - Los Angeles (USA) 2021,LEAD Men AL1,active,2025-10-02 07:18:35 UTC,NA,,6707,lead,Qualification,Men AL1,pending,2021-10-09 00:42:06 UTC,/api/v1/category_rounds/6707/results,lead_one_group_one_route,IFSC: 1 route,49,,,,,,,5409,1,/api/v1/routes/5409/startlist,/api/v1/routes/5409/results
/api/v1/events/1224/result/553,1224,full_results_url,IFSC - Paraclimbing World Cup (L) - Los Angeles (USA) 2021,LEAD Men AL1,active,2025-10-02 07:18:35 UTC,NA,,6992,lead,Final,Men AL1,pending,2021-10-09 02:14:18 UTC,/api/v1/category_rounds/6992/results,lead_one_group_one_route,IFSC: 1 route,51,,,,,,,6276,1,/api/v1/routes/6276/startlist,/api/v1/routes/6276/results
/api/v1/events/1224/result/557,1224,full_results_url,IFSC - Paraclimbing World Cup (L) - Los Angeles (USA) 2021,LEAD Women AL1,active,2025-10-02 07:18:35 UTC,NA,,6708,lead,Qualification,Women AL1,pending,2021-10-09 00:48:58 UTC,/api/v1/category_rounds/6708/results,lead_one_group_one_route,IFSC: 1 route,49,,,,,,,5410,1,/api/v1/routes/5410/startlist,/api/v1/routes/5410/results
/api/v1/events/1224/result/557,1224,full_results_url,IFSC - Paraclimbing World Cup (L) - Los Angeles (USA) 2021,LEAD Women AL1,active,2025-10-02 07:18:35 UTC,NA,,6993,lead,Final,Women AL1,pending,2021-10-09 02:14:18 UTC,/api/v1/category_rounds/6993/results,lead_one_group_one_route,IFSC: 1 route,51,,,,,,,6277,1,/api/v1/routes/6277/startlist,/api/v1/routes/6277/results
/api/v1/events/1224/result/561,1224,full_results_url,IFSC - Paraclimbing World Cup (L) - Los Angeles (USA) 2021,LEAD Men AL2,finished,2025-10-02 07:18:35 UTC,2024-01-17 07:52:29 UTC,,6709,lead,Qualification,Men AL2,finished,2021-10-09 22:42:59 UTC,/api/v1/category_rounds/6709/results,lead_one_group_two_routes,IFSC: 2 routes,49,,,,,,,6254,1,/api/v1/routes/6254/startlist,/api/v1/routes/6254/results
/api/v1/events/1224/result/561,1224,full_results_url,IFSC - Paraclimbing World Cup (L) - Los Angeles (USA) 2021,LEAD Men AL2,finished,2025-10-02 07:18:35 UTC,2024-01-17 07:52:29 UTC,,6709,lead,Qualification,Men AL2,finished,2021-10-09 22:42:59 UTC,/api/v1/category_rounds/6709/results,lead_one_group_two_routes,IFSC: 2 routes,49,,,,,,,6255,2,/api/v1/routes/6255/startlist,/api/v1/routes/6255/results
/api/v1/events/1224/result/561,1224,full_results_url,IFSC - Paraclimbing World Cup (L) - Los Angeles (USA) 2021,LEAD Men AL2,finished,2025-10-02 07:18:35 UTC,2024-01-17 07:52:29 UTC,,6994,lead,Final,Men AL2,finished,2021-10-10 20:55:47 UTC,/api/v1/category_rounds/6994/results,lead_one_group_one_route,IFSC: 1 route,51,,,,,,,6278,1,/api/v1/routes/6278/startlist,/api/v1/routes/6278/results
/api/v1/events/1224/result/565,1224,full_results_url,IFSC - Paraclimbing World Cup (L) - Los Angeles (USA) 2021,LEAD Women AL2,finished,2025-10-02 07:18:35 UTC,2024-01-17 07:52:30 UTC,,6710,lead,Qualification,Women AL2,finished,2021-10-10 00:00:35 UTC,/api/v1/category_rounds/6710/results,lead_one_group_two_routes,IFSC: 2 routes,49,,,,,,,6256,1,/api/v1/routes/6256/startlist,/api/v1/routes/6256/results
/api/v1/events/1224/result/565,1224,full_results_url,IFSC - Paraclimbing World Cup (L) - Los Angeles (USA) 2021,LEAD Women AL2,finished,2025-10-02 07:18:35 UTC,2024-01-17 07:52:30 UTC,,6710,lead,Qualification,Women AL2,finished,2021-10-10 00:00:35 UTC,/api/v1/category_rounds/6710/results,lead_one_group_two_routes,IFSC: 2 routes,49,,,,,,,6257,2,/api/v1/routes/6257/startlist,/api/v1/routes/6257/results
/api/v1/events/1224/result/565,1224,full_results_url,IFSC - Paraclimbing World Cup (L) - Los Angeles (USA) 2021,LEAD Women AL2,finished,2025-10-02 07:18:35 UTC,2024-01-17 07:52:30 UTC,,6995,lead,Final,Women AL2,finished,2021-10-10 20:23:00 UTC,/api/v1/category_rounds/6995/results,lead_one_group_one_route,IFSC: 1 route,51,,,,,,,6279,1,/api/v1/routes/6279/startlist,/api/v1/routes/6279/results
/api/v1/events/1224/result/569,1224,full_results_url,IFSC - Paraclimbing World Cup (L) - Los Angeles (USA) 2021,LEAD Men AU1,active,2025-10-02 07:18:35 UTC,NA,,6711,lead,Qualification,Men AU1,pending,2021-10-09 00:39:48 UTC,/api/v1/category_rounds/6711/results,lead_one_group_one_route,IFSC: 1 route,49,,,,,,,5413,1,/api/v1/routes/5413/startlist,/api/v1/routes/5413/results
/api/v1/events/1224/result/569,1224,full_results_url,IFSC - Paraclimbing World Cup (L) - Los Angeles (USA) 2021,LEAD Men AU1,active,2025-10-02 07:18:35 UTC,NA,,6996,lead,Final,Men AU1,pending,2021-10-09 02:14:18 UTC,/api/v1/category_rounds/6996/results,lead_one_group_one_route,IFSC: 1 route,51,,,,,,,6280,1,/api/v1/routes/6280/startlist,/api/v1/routes/6280/results
/api/v1/events/1224/result/573,1224,full_results_url,IFSC - Paraclimbing World Cup (L) - Los Angeles (USA) 2021,LEAD Women AU1,registration_pending,2025-10-02 07:18:35 UTC,NA,,6712,lead,Qualification,Women AU1,pending,2021-08-16 08:07:42 UTC,/api/v1/category_rounds/6712/results,lead_one_group_one_route,IFSC: 1 route,49,,,,,,,5414,1,/api/v1/routes/5414/startlist,/api/v1/routes/5414/results
/api/v1/events/1224/result/573,1224,full_results_url,IFSC - Paraclimbing World Cup (L) - Los Angeles (USA) 2021,LEAD Women AU1,registration_pending,2025-10-02 07:18:35 UTC,NA,,6997,lead,Final,Women AU1,pending,2021-10-09 02:14:18 UTC,/api/v1/category_rounds/6997/results,lead_one_group_one_route,IFSC: 1 route,51,,,,,,,6281,1,/api/v1/routes/6281/startlist,/api/v1/routes/6281/results
/api/v1/events/1224/result/577,1224,full_results_url,IFSC - Paraclimbing World Cup (L) - Los Angeles (USA) 2021,LEAD Men AU2,active,2025-10-02 07:18:35 UTC,NA,,6713,lead,Qualification,Men AU2,pending,2021-10-09 00:43:49 UTC,/api/v1/category_rounds/6713/results,lead_one_group_one_route,IFSC: 1 route,49,,,,,,,5415,1,/api/v1/routes/5415/startlist,/api/v1/routes/5415/results
/api/v1/events/1224/result/577,1224,full_results_url,IFSC - Paraclimbing World Cup (L) - Los Angeles (USA) 2021,LEAD Men AU2,active,2025-10-02 07:18:35 UTC,NA,,6998,lead,Final,Men AU2,pending,2021-10-09 02:14:18 UTC,/api/v1/category_rounds/6998/results,lead_one_group_one_route,IFSC: 1 route,51,,,,,,,6282,1,/api/v1/routes/6282/startlist,/api/v1/routes/6282/results
/api/v1/events/1224/result/581,1224,full_results_url,IFSC - Paraclimbing World Cup (L) - Los Angeles (USA) 2021,LEAD Women AU2,finished,2025-10-02 07:18:35 UTC,2024-01-17 07:52:30 UTC,,6714,lead,Qualification,Women AU2,finished,2021-10-10 00:12:12 UTC,/api/v1/category_rounds/6714/results,lead_one_group_two_routes,IFSC: 2 routes,49,,,,,,,6258,1,/api/v1/routes/6258/startlist,/api/v1/routes/6258/results
/api/v1/events/1224/result/581,1224,full_results_url,IFSC - Paraclimbing World Cup (L) - Los Angeles (USA) 2021,LEAD Women AU2,finished,2025-10-02 07:18:35 UTC,2024-01-17 07:52:30 UTC,,6714,lead,Qualification,Women AU2,finished,2021-10-10 00:12:12 UTC,/api/v1/category_rounds/6714/results,lead_one_group_two_routes,IFSC: 2 routes,49,,,,,,,6259,2,/api/v1/routes/6259/startlist,/api/v1/routes/6259/results
/api/v1/events/1224/result/581,1224,full_results_url,IFSC - Paraclimbing World Cup (L) - Los Angeles (USA) 2021,LEAD Women AU2,finished,2025-10-02 07:18:35 UTC,2024-01-17 07:52:30 UTC,,6999,lead,Final,Women AU2,finished,2021-10-10 21:29:36 UTC,/api/v1/category_rounds/6999/results,lead_one_group_one_route,IFSC: 1 route,51,,,,,,,6283,1,/api/v1/routes/6283/startlist,/api/v1/routes/6283/results
/api/v1/events/1224/result/585,1224,full_results_url,IFSC - Paraclimbing World Cup (L) - Los Angeles (USA) 2021,LEAD Men RP1,finished,2025-10-02 07:18:35 UTC,2024-01-17 07:52:31 UTC,,6715,lead,Qualification,Men RP1,finished,2021-10-09 20:16:38 UTC,/api/v1/category_rounds/6715/results,lead_one_group_two_routes,IFSC: 2 routes,49,,,,,,,6260,1,/api/v1/routes/6260/startlist,/api/v1/routes/6260/results
/api/v1/events/1224/result/585,1224,full_results_url,IFSC - Paraclimbing World Cup (L) - Los Angeles (USA) 2021,LEAD Men RP1,finished,2025-10-02 07:18:35 UTC,2024-01-17 07:52:31 UTC,,6715,lead,Qualification,Men RP1,finished,2021-10-09 20:16:38 UTC,/api/v1/category_rounds/6715/results,lead_one_group_two_routes,IFSC: 2 routes,49,,,,,,,6261,2,/api/v1/routes/6261/startlist,/api/v1/routes/6261/results
/api/v1/events/1224/result/585,1224,full_results_url,IFSC - Paraclimbing World Cup (L) - Los Angeles (USA) 2021,LEAD Men RP1,finished,2025-10-02 07:18:35 UTC,2024-01-17 07:52:31 UTC,,7000,lead,Final,Men RP1,finished,2021-10-10 20:46:03 UTC,/api/v1/category_rounds/7000/results,lead_one_group_one_route,IFSC: 1 route,51,,,,,,,6284,1,/api/v1/routes/6284/startlist,/api/v1/routes/6284/results
/api/v1/events/1224/result/589,1224,full_results_url,IFSC - Paraclimbing World Cup (L) - Los Angeles (USA) 2021,LEAD Men RP2,finished,2025-10-02 07:18:35 UTC,2024-01-17 07:52:32 UTC,,6716,lead,Qualification,Men RP2,finished,2021-10-09 20:43:30 UTC,/api/v1/category_rounds/6716/results,lead_one_group_two_routes,IFSC: 2 routes,49,,,,,,,6262,1,/api/v1/routes/6262/startlist,/api/v1/routes/6262/results
/api/v1/events/1224/result/589,1224,full_results_url,IFSC - Paraclimbing World Cup (L) - Los Angeles (USA) 2021,LEAD Men RP2,finished,2025-10-02 07:18:35 UTC,2024-01-17 07:52:32 UTC,,6716,lead,Qualification,Men RP2,finished,2021-10-09 20:43:30 UTC,/api/v1/category_rounds/6716/results,lead_one_group_two_routes,IFSC: 2 routes,49,,,,,,,6263,2,/api/v1/routes/6263/startlist,/api/v1/routes/6263/results
/api/v1/events/1224/result/589,1224,full_results_url,IFSC - Paraclimbing World Cup (L) - Los Angeles (USA) 2021,LEAD Men RP2,finished,2025-10-02 07:18:35 UTC,2024-01-17 07:52:32 UTC,,7001,lead,Final,Men RP2,finished,2021-10-10 21:56:45 UTC,/api/v1/category_rounds/7001/results,lead_one_group_one_route,IFSC: 1 route,51,,,,,,,6285,1,/api/v1/routes/6285/startlist,/api/v1/routes/6285/results
/api/v1/events/1224/result/593,1224,full_results_url,IFSC - Paraclimbing World Cup (L) - Los Angeles (USA) 2021,LEAD Men RP3,finished,2025-10-02 07:18:35 UTC,2024-01-17 07:52:32 UTC,,6717,lead,Qualification,Men RP3,finished,2021-10-09 19:39:03 UTC,/api/v1/category_rounds/6717/results,lead_one_group_two_routes,IFSC: 2 routes,49,,,,,,,6264,1,/api/v1/routes/6264/startlist,/api/v1/routes/6264/results
/api/v1/events/1224/result/593,1224,full_results_url,IFSC - Paraclimbing World Cup (L) - Los Angeles (USA) 2021,LEAD Men RP3,finished,2025-10-02 07:18:35 UTC,2024-01-17 07:52:32 UTC,,6717,lead,Qualification,Men RP3,finished,2021-10-09 19:39:03 UTC,/api/v1/category_rounds/6717/results,lead_one_group_two_routes,IFSC: 2 routes,49,,,,,,,6265,2,/api/v1/routes/6265/startlist,/api/v1/routes/6265/results
/api/v1/events/1224/result/593,1224,full_results_url,IFSC - Paraclimbing World Cup (L) - Los Angeles (USA) 2021,LEAD Men RP3,finished,2025-10-02 07:18:35 UTC,2024-01-17 07:52:32 UTC,,7002,lead,Final,Men RP3,finished,2021-10-10 23:18:18 UTC,/api/v1/category_rounds/7002/results,lead_one_group_one_route,IFSC: 1 route,51,,,,,,,6286,1,/api/v1/routes/6286/startlist,/api/v1/routes/6286/results
/api/v1/events/1224/result/597,1224,full_results_url,IFSC - Paraclimbing World Cup (L) - Los Angeles (USA) 2021,LEAD Women RP1,active,2025-10-02 07:18:35 UTC,NA,,6718,lead,Qualification,Women RP1,pending,2021-10-09 00:49:10 UTC,/api/v1/category_rounds/6718/results,lead_one_group_one_route,IFSC: 1 route,49,,,,,,,5420,1,/api/v1/routes/5420/startlist,/api/v1/routes/5420/results
/api/v1/events/1224/result/597,1224,full_results_url,IFSC - Paraclimbing World Cup (L) - Los Angeles (USA) 2021,LEAD Women RP1,active,2025-10-02 07:18:35 UTC,NA,,7003,lead,Final,Women RP1,pending,2021-10-09 02:14:18 UTC,/api/v1/category_rounds/7003/results,lead_one_group_one_route,IFSC: 1 route,51,,,,,,,6287,1,/api/v1/routes/6287/startlist,/api/v1/routes/6287/results
/api/v1/events/1224/result/601,1224,full_results_url,IFSC - Paraclimbing World Cup (L) - Los Angeles (USA) 2021,LEAD Women RP2,finished,2025-10-02 07:18:35 UTC,2024-01-17 07:52:33 UTC,,6719,lead,Qualification,Women RP2,finished,2021-10-09 22:41:36 UTC,/api/v1/category_rounds/6719/results,lead_one_group_two_routes,IFSC: 2 routes,49,,,,,,,6266,1,/api/v1/routes/6266/startlist,/api/v1/routes/6266/results
/api/v1/events/1224/result/601,1224,full_results_url,IFSC - Paraclimbing World Cup (L) - Los Angeles (USA) 2021,LEAD Women RP2,finished,2025-10-02 07:18:35 UTC,2024-01-17 07:52:33 UTC,,6719,lead,Qualification,Women RP2,finished,2021-10-09 22:41:36 UTC,/api/v1/category_rounds/6719/results,lead_one_group_two_routes,IFSC: 2 routes,49,,,,,,,6267,2,/api/v1/routes/6267/startlist,/api/v1/routes/6267/results
/api/v1/events/1224/result/601,1224,full_results_url,IFSC - Paraclimbing World Cup (L) - Los Angeles (USA) 2021,LEAD Women RP2,finished,2025-10-02 07:18:35 UTC,2024-01-17 07:52:33 UTC,,7004,lead,Final,Women RP2,finished,2021-10-10 21:11:30 UTC,/api/v1/category_rounds/7004/results,lead_one_group_one_route,IFSC: 1 route,51,,,,,,,6288,1,/api/v1/routes/6288/startlist,/api/v1/routes/6288/results
/api/v1/events/1224/result/605,1224,full_results_url,IFSC - Paraclimbing World Cup (L) - Los Angeles (USA) 2021,LEAD Women RP3,finished,2025-10-02 07:18:35 UTC,2024-01-15 22:40:39 UTC,,6720,lead,Qualification,Women RP3,finished,2021-10-09 23:18:02 UTC,/api/v1/category_rounds/6720/results,lead_one_group_two_routes,IFSC: 2 routes,49,,,,,,,6268,1,/api/v1/routes/6268/startlist,/api/v1/routes/6268/results
/api/v1/events/1224/result/605,1224,full_results_url,IFSC - Paraclimbing World Cup (L) - Los Angeles (USA) 2021,LEAD Women RP3,finished,2025-10-02 07:18:35 UTC,2024-01-15 22:40:39 UTC,,6720,lead,Qualification,Women RP3,finished,2021-10-09 23:18:02 UTC,/api/v1/category_rounds/6720/results,lead_one_group_two_routes,IFSC: 2 routes,49,,,,,,,6269,2,/api/v1/routes/6269/startlist,/api/v1/routes/6269/results
/api/v1/events/1224/result/605,1224,full_results_url,IFSC - Paraclimbing World Cup (L) - Los Angeles (USA) 2021,LEAD Women RP3,finished,2025-10-02 07:18:35 UTC,2024-01-15 22:40:39 UTC,,7005,lead,Final,Women RP3,finished,2021-10-10 21:39:53 UTC,/api/v1/category_rounds/7005/results,lead_one_group_one_route,IFSC: 1 route,51,,,,,,,6289,1,/api/v1/routes/6289/startlist,/api/v1/routes/6289/results
/api/v1/events/1210/result/225,1210,full_results_url,"IFSC Europe - Continental Cup (L,S) - Laval (FRA) 2021",LEAD Men,finished,2025-10-02 07:18:34 UTC,2026-04-22 09:13:25 UTC,,6272,lead,Qualification,Men,finished,2021-10-22 15:38:12 UTC,/api/v1/category_rounds/6272/results,lead_one_group_two_routes,IFSC: 2 routes,16,,,,,,,1655,1,/api/v1/routes/1655/startlist,/api/v1/routes/1655/results
/api/v1/events/1210/result/225,1210,full_results_url,"IFSC Europe - Continental Cup (L,S) - Laval (FRA) 2021",LEAD Men,finished,2025-10-02 07:18:34 UTC,2026-04-22 09:13:25 UTC,,6272,lead,Qualification,Men,finished,2021-10-22 15:38:12 UTC,/api/v1/category_rounds/6272/results,lead_one_group_two_routes,IFSC: 2 routes,16,,,,,,,1656,2,/api/v1/routes/1656/startlist,/api/v1/routes/1656/results
/api/v1/events/1210/result/225,1210,full_results_url,"IFSC Europe - Continental Cup (L,S) - Laval (FRA) 2021",LEAD Men,finished,2025-10-02 07:18:34 UTC,2026-04-22 09:13:25 UTC,,7006,lead,Semi-Final,Men,finished,2021-10-23 10:23:14 UTC,/api/v1/category_rounds/7006/results,lead_one_group_one_route,IFSC: 1 route,17,,,,,,,6290,1,/api/v1/routes/6290/startlist,/api/v1/routes/6290/results
/api/v1/events/1210/result/225,1210,full_results_url,"IFSC Europe - Continental Cup (L,S) - Laval (FRA) 2021",LEAD Men,finished,2025-10-02 07:18:34 UTC,2026-04-22 09:13:25 UTC,,7008,lead,Final,Men,finished,2021-10-23 19:52:19 UTC,/api/v1/category_rounds/7008/results,lead_one_group_one_route,IFSC: 1 route,18,,,,,,,6292,1,/api/v1/routes/6292/startlist,/api/v1/routes/6292/results
/api/v1/events/1210/result/229,1210,full_results_url,"IFSC Europe - Continental Cup (L,S) - Laval (FRA) 2021",LEAD Women,finished,2025-10-02 07:18:34 UTC,2026-04-22 09:13:29 UTC,,6273,lead,Qualification,Women,finished,2021-10-22 16:36:54 UTC,/api/v1/category_rounds/6273/results,lead_one_group_two_routes,IFSC: 2 routes,16,,,,,,,1657,1,/api/v1/routes/1657/startlist,/api/v1/routes/1657/results
/api/v1/events/1210/result/229,1210,full_results_url,"IFSC Europe - Continental Cup (L,S) - Laval (FRA) 2021",LEAD Women,finished,2025-10-02 07:18:34 UTC,2026-04-22 09:13:29 UTC,,6273,lead,Qualification,Women,finished,2021-10-22 16:36:54 UTC,/api/v1/category_rounds/6273/results,lead_one_group_two_routes,IFSC: 2 routes,16,,,,,,,1658,2,/api/v1/routes/1658/startlist,/api/v1/routes/1658/results
/api/v1/events/1210/result/229,1210,full_results_url,"IFSC Europe - Continental Cup (L,S) - Laval (FRA) 2021",LEAD Women,finished,2025-10-02 07:18:34 UTC,2026-04-22 09:13:29 UTC,,7007,lead,Semi-Final,Women,finished,2021-10-23 10:20:35 UTC,/api/v1/category_rounds/7007/results,lead_one_group_one_route,IFSC: 1 route,17,,,,,,,6291,1,/api/v1/routes/6291/startlist,/api/v1/routes/6291/results
/api/v1/events/1210/result/229,1210,full_results_url,"IFSC Europe - Continental Cup (L,S) - Laval (FRA) 2021",LEAD Women,finished,2025-10-02 07:18:34 UTC,2026-04-22 09:13:29 UTC,,7009,lead,Final,Women,finished,2021-10-23 18:58:46 UTC,/api/v1/category_rounds/7009/results,lead_one_group_one_route,IFSC: 1 route,18,,,,,,,6293,1,/api/v1/routes/6293/startlist,/api/v1/routes/6293/results
/api/v1/events/1210/result/226,1210,full_results_url,"IFSC Europe - Continental Cup (L,S) - Laval (FRA) 2021",SPEED Men,finished,2025-10-02 07:18:34 UTC,2026-04-22 09:13:32 UTC,,6274,speed,Qualification,Men,finished,2021-10-24 10:13:29 UTC,/api/v1/category_rounds/6274/results,speed_staggered,IFSC: Qualification,16,,,,,,,1659,A,/api/v1/routes/1659/startlist,
/api/v1/events/1210/result/226,1210,full_results_url,"IFSC Europe - Continental Cup (L,S) - Laval (FRA) 2021",SPEED Men,finished,2025-10-02 07:18:34 UTC,2026-04-22 09:13:32 UTC,,6274,speed,Qualification,Men,finished,2021-10-24 10:13:29 UTC,/api/v1/category_rounds/6274/results,speed_staggered,IFSC: Qualification,16,,,,,,,1660,B,/api/v1/routes/1660/startlist,
/api/v1/events/1210/result/226,1210,full_results_url,"IFSC Europe - Continental Cup (L,S) - Laval (FRA) 2021",SPEED Men,finished,2025-10-02 07:18:34 UTC,2026-04-22 09:13:32 UTC,,7010,speed,Final,Men,finished,2024-01-17 07:09:26 UTC,/api/v1/category_rounds/7010/results,speed_elimination_ifsc,IFSC 2021: Elimination,18,,,,,,,6294,A,/api/v1/routes/6294/startlist,
/api/v1/events/1210/result/226,1210,full_results_url,"IFSC Europe - Continental Cup (L,S) - Laval (FRA) 2021",SPEED Men,finished,2025-10-02 07:18:34 UTC,2026-04-22 09:13:32 UTC,,7010,speed,Final,Men,finished,2024-01-17 07:09:26 UTC,/api/v1/category_rounds/7010/results,speed_elimination_ifsc,IFSC 2021: Elimination,18,,,,,,,6295,B,/api/v1/routes/6295/startlist,
/api/v1/events/1210/result/230,1210,full_results_url,"IFSC Europe - Continental Cup (L,S) - Laval (FRA) 2021",SPEED Women,finished,2025-10-02 07:18:34 UTC,2026-04-22 09:13:36 UTC,,6275,speed,Qualification,Women,finished,2021-10-24 10:11:46 UTC,/api/v1/category_rounds/6275/results,speed_staggered,IFSC: Qualification,16,,,,,,,1661,A,/api/v1/routes/1661/startlist,
/api/v1/events/1210/result/230,1210,full_results_url,"IFSC Europe - Continental Cup (L,S) - Laval (FRA) 2021",SPEED Women,finished,2025-10-02 07:18:34 UTC,2026-04-22 09:13:36 UTC,,6275,speed,Qualification,Women,finished,2021-10-24 10:11:46 UTC,/api/v1/category_rounds/6275/results,speed_staggered,IFSC: Qualification,16,,,,,,,1662,B,/api/v1/routes/1662/startlist,
/api/v1/events/1210/result/230,1210,full_results_url,"IFSC Europe - Continental Cup (L,S) - Laval (FRA) 2021",SPEED Women,finished,2025-10-02 07:18:34 UTC,2026-04-22 09:13:36 UTC,,7011,speed,Final,Women,finished,2024-01-17 07:09:27 UTC,/api/v1/category_rounds/7011/results,speed_elimination_ifsc,IFSC 2021: Elimination,18,,,,,,,6296,A,/api/v1/routes/6296/startlist,
/api/v1/events/1210/result/230,1210,full_results_url,"IFSC Europe - Continental Cup (L,S) - Laval (FRA) 2021",SPEED Women,finished,2025-10-02 07:18:34 UTC,2026-04-22 09:13:36 UTC,,7011,speed,Final,Women,finished,2024-01-17 07:09:27 UTC,/api/v1/category_rounds/7011/results,speed_elimination_ifsc,IFSC 2021: Elimination,18,,,,,,,6297,B,/api/v1/routes/6297/startlist,
/api/v1/events/1211/result/225,1211,full_results_url,"IFSC Europe - Continental Cup (L,S) - Tyumen (RUS) 2021 - CANCELLED",LEAD Men,registration_pending,2025-10-02 07:18:34 UTC,NA,,6276,lead,Qualification,Men,pending,2021-01-14 09:05:16 UTC,/api/v1/category_rounds/6276/results,lead_one_group_two_routes,IFSC: 2 routes,16,,,,,,,1663,1,/api/v1/routes/1663/startlist,/api/v1/routes/1663/results
/api/v1/events/1211/result/225,1211,full_results_url,"IFSC Europe - Continental Cup (L,S) - Tyumen (RUS) 2021 - CANCELLED",LEAD Men,registration_pending,2025-10-02 07:18:34 UTC,NA,,6276,lead,Qualification,Men,pending,2021-01-14 09:05:16 UTC,/api/v1/category_rounds/6276/results,lead_one_group_two_routes,IFSC: 2 routes,16,,,,,,,1664,2,/api/v1/routes/1664/startlist,/api/v1/routes/1664/results
/api/v1/events/1211/result/229,1211,full_results_url,"IFSC Europe - Continental Cup (L,S) - Tyumen (RUS) 2021 - CANCELLED",LEAD Women,registration_pending,2025-10-02 07:18:34 UTC,NA,,6277,lead,Qualification,Women,pending,2021-01-14 09:05:16 UTC,/api/v1/category_rounds/6277/results,lead_one_group_two_routes,IFSC: 2 routes,16,,,,,,,1665,1,/api/v1/routes/1665/startlist,/api/v1/routes/1665/results
/api/v1/events/1211/result/229,1211,full_results_url,"IFSC Europe - Continental Cup (L,S) - Tyumen (RUS) 2021 - CANCELLED",LEAD Women,registration_pending,2025-10-02 07:18:34 UTC,NA,,6277,lead,Qualification,Women,pending,2021-01-14 09:05:16 UTC,/api/v1/category_rounds/6277/results,lead_one_group_two_routes,IFSC: 2 routes,16,,,,,,,1666,2,/api/v1/routes/1666/startlist,/api/v1/routes/1666/results
/api/v1/events/1211/result/226,1211,full_results_url,"IFSC Europe - Continental Cup (L,S) - Tyumen (RUS) 2021 - CANCELLED",SPEED Men,registration_pending,2025-10-02 07:18:34 UTC,NA,,6278,speed,Qualification,Men,pending,2021-01-14 09:05:17 UTC,/api/v1/category_rounds/6278/results,speed_staggered,IFSC: Qualification,16,,,,,,,1667,A,/api/v1/routes/1667/startlist,
/api/v1/events/1211/result/226,1211,full_results_url,"IFSC Europe - Continental Cup (L,S) - Tyumen (RUS) 2021 - CANCELLED",SPEED Men,registration_pending,2025-10-02 07:18:34 UTC,NA,,6278,speed,Qualification,Men,pending,2021-01-14 09:05:17 UTC,/api/v1/category_rounds/6278/results,speed_staggered,IFSC: Qualification,16,,,,,,,1668,B,/api/v1/routes/1668/startlist,
/api/v1/events/1211/result/230,1211,full_results_url,"IFSC Europe - Continental Cup (L,S) - Tyumen (RUS) 2021 - CANCELLED",SPEED Women,registration_pending,2025-10-02 07:18:34 UTC,NA,,6279,speed,Qualification,Women,pending,2021-01-14 09:05:17 UTC,/api/v1/category_rounds/6279/results,speed_staggered,IFSC: Qualification,16,,,,,,,1669,A,/api/v1/routes/1669/startlist,
/api/v1/events/1211/result/230,1211,full_results_url,"IFSC Europe - Continental Cup (L,S) - Tyumen (RUS) 2021 - CANCELLED",SPEED Women,registration_pending,2025-10-02 07:18:34 UTC,NA,,6279,speed,Qualification,Women,pending,2021-01-14 09:05:17 UTC,/api/v1/category_rounds/6279/results,speed_staggered,IFSC: Qualification,16,,,,,,,1670,B,/api/v1/routes/1670/startlist,
/api/v1/events/1231/result/433,1231,full_results_url,"IFSC Pan Am - Continental Championships (B,S,L) - Ibarra (ECU) 2021",LEAD Men,finished,2025-10-02 07:18:35 UTC,2026-04-22 09:13:39 UTC,,6753,lead,Qualification,Men,finished,2021-12-03 19:11:38 UTC,/api/v1/category_rounds/6753/results,lead_one_group_two_routes,IFSC: 2 routes,40,,,,,,,5531,1,/api/v1/routes/5531/startlist,/api/v1/routes/5531/results
/api/v1/events/1231/result/433,1231,full_results_url,"IFSC Pan Am - Continental Championships (B,S,L) - Ibarra (ECU) 2021",LEAD Men,finished,2025-10-02 07:18:35 UTC,2026-04-22 09:13:39 UTC,,6753,lead,Qualification,Men,finished,2021-12-03 19:11:38 UTC,/api/v1/category_rounds/6753/results,lead_one_group_two_routes,IFSC: 2 routes,40,,,,,,,5532,2,/api/v1/routes/5532/startlist,/api/v1/routes/5532/results
/api/v1/events/1231/result/433,1231,full_results_url,"IFSC Pan Am - Continental Championships (B,S,L) - Ibarra (ECU) 2021",LEAD Men,finished,2025-10-02 07:18:35 UTC,2026-04-22 09:13:39 UTC,,7178,lead,Final,Men,finished,2021-12-04 16:52:54 UTC,/api/v1/category_rounds/7178/results,lead_one_group_one_route,IFSC: 1 route,42,,,,,,,6946,1,/api/v1/routes/6946/startlist,/api/v1/routes/6946/results
/api/v1/events/1231/result/437,1231,full_results_url,"IFSC Pan Am - Continental Championships (B,S,L) - Ibarra (ECU) 2021",LEAD Women,finished,2025-10-02 07:18:35 UTC,2026-04-22 09:13:42 UTC,,6754,lead,Qualification,Women,finished,2021-12-03 19:38:42 UTC,/api/v1/category_rounds/6754/results,lead_one_group_two_routes,IFSC: 2 routes,40,,,,,,,5533,1,/api/v1/routes/5533/startlist,/api/v1/routes/5533/results
/api/v1/events/1231/result/437,1231,full_results_url,"IFSC Pan Am - Continental Championships (B,S,L) - Ibarra (ECU) 2021",LEAD Women,finished,2025-10-02 07:18:35 UTC,2026-04-22 09:13:42 UTC,,6754,lead,Qualification,Women,finished,2021-12-03 19:38:42 UTC,/api/v1/category_rounds/6754/results,lead_one_group_two_routes,IFSC: 2 routes,40,,,,,,,5534,2,/api/v1/routes/5534/startlist,/api/v1/routes/5534/results
/api/v1/events/1231/result/437,1231,full_results_url,"IFSC Pan Am - Continental Championships (B,S,L) - Ibarra (ECU) 2021",LEAD Women,finished,2025-10-02 07:18:35 UTC,2026-04-22 09:13:42 UTC,,7179,lead,Final,Women,finished,2021-12-04 16:52:04 UTC,/api/v1/category_rounds/7179/results,lead_one_group_one_route,IFSC: 1 route,42,,,,,,,6947,1,/api/v1/routes/6947/startlist,/api/v1/routes/6947/results
/api/v1/events/1231/result/434,1231,full_results_url,"IFSC Pan Am - Continental Championships (B,S,L) - Ibarra (ECU) 2021",SPEED Men,finished,2025-10-02 07:18:36 UTC,2026-04-22 09:13:45 UTC,,6755,speed,Qualification,Men,finished,2021-11-30 16:21:34 UTC,/api/v1/category_rounds/6755/results,speed_staggered,IFSC: Qualification,40,,,,,,,5535,A,/api/v1/routes/5535/startlist,
/api/v1/events/1231/result/434,1231,full_results_url,"IFSC Pan Am - Continental Championships (B,S,L) - Ibarra (ECU) 2021",SPEED Men,finished,2025-10-02 07:18:36 UTC,2026-04-22 09:13:45 UTC,,6755,speed,Qualification,Men,finished,2021-11-30 16:21:34 UTC,/api/v1/category_rounds/6755/results,speed_staggered,IFSC: Qualification,40,,,,,,,5536,B,/api/v1/routes/5536/startlist,
/api/v1/events/1231/result/434,1231,full_results_url,"IFSC Pan Am - Continental Championships (B,S,L) - Ibarra (ECU) 2021",SPEED Men,finished,2025-10-02 07:18:36 UTC,2026-04-22 09:13:45 UTC,,7174,speed,Final,Men,finished,2024-01-17 07:09:33 UTC,/api/v1/category_rounds/7174/results,speed_elimination_ifsc,IFSC 2021: Elimination,42,,,,,,,6926,A,/api/v1/routes/6926/startlist,
/api/v1/events/1231/result/434,1231,full_results_url,"IFSC Pan Am - Continental Championships (B,S,L) - Ibarra (ECU) 2021",SPEED Men,finished,2025-10-02 07:18:36 UTC,2026-04-22 09:13:45 UTC,,7174,speed,Final,Men,finished,2024-01-17 07:09:33 UTC,/api/v1/category_rounds/7174/results,speed_elimination_ifsc,IFSC 2021: Elimination,42,,,,,,,6927,B,/api/v1/routes/6927/startlist,
/api/v1/events/1231/result/438,1231,full_results_url,"IFSC Pan Am - Continental Championships (B,S,L) - Ibarra (ECU) 2021",SPEED Women,finished,2025-10-02 07:18:36 UTC,2026-04-22 09:13:49 UTC,,6756,speed,Qualification,Women,finished,2021-11-30 15:54:58 UTC,/api/v1/category_rounds/6756/results,speed_staggered,IFSC: Qualification,40,,,,,,,5537,A,/api/v1/routes/5537/startlist,
/api/v1/events/1231/result/438,1231,full_results_url,"IFSC Pan Am - Continental Championships (B,S,L) - Ibarra (ECU) 2021",SPEED Women,finished,2025-10-02 07:18:36 UTC,2026-04-22 09:13:49 UTC,,6756,speed,Qualification,Women,finished,2021-11-30 15:54:58 UTC,/api/v1/category_rounds/6756/results,speed_staggered,IFSC: Qualification,40,,,,,,,5538,B,/api/v1/routes/5538/startlist,
/api/v1/events/1231/result/438,1231,full_results_url,"IFSC Pan Am - Continental Championships (B,S,L) - Ibarra (ECU) 2021",SPEED Women,finished,2025-10-02 07:18:36 UTC,2026-04-22 09:13:49 UTC,,7175,speed,Final,Women,finished,2024-01-17 07:09:34 UTC,/api/v1/category_rounds/7175/results,speed_elimination_ifsc,IFSC 2021: Elimination,42,,,,,,,6928,A,/api/v1/routes/6928/startlist,
/api/v1/events/1231/result/438,1231,full_results_url,"IFSC Pan Am - Continental Championships (B,S,L) - Ibarra (ECU) 2021",SPEED Women,finished,2025-10-02 07:18:36 UTC,2026-04-22 09:13:49 UTC,,7175,speed,Final,Women,finished,2024-01-17 07:09:34 UTC,/api/v1/category_rounds/7175/results,speed_elimination_ifsc,IFSC 2021: Elimination,42,,,,,,,6929,B,/api/v1/routes/6929/startlist,
/api/v1/events/1231/result/435,1231,full_results_url,"IFSC Pan Am - Continental Championships (B,S,L) - Ibarra (ECU) 2021",BOULDER Men,finished,2025-10-02 07:18:36 UTC,2026-04-22 09:13:52 UTC,,6757,boulder,Qualification,Men,finished,2021-12-01 17:50:04 UTC,/api/v1/category_rounds/6757/results,boulder_one_group_one_boulder_set,IFSC: 1 group,40,,,,,,,5539,1,/api/v1/routes/5539/startlist,
/api/v1/events/1231/result/435,1231,full_results_url,"IFSC Pan Am - Continental Championships (B,S,L) - Ibarra (ECU) 2021",BOULDER Men,finished,2025-10-02 07:18:36 UTC,2026-04-22 09:13:52 UTC,,6757,boulder,Qualification,Men,finished,2021-12-01 17:50:04 UTC,/api/v1/category_rounds/6757/results,boulder_one_group_one_boulder_set,IFSC: 1 group,40,,,,,,,5540,2,/api/v1/routes/5540/startlist,
/api/v1/events/1231/result/435,1231,full_results_url,"IFSC Pan Am - Continental Championships (B,S,L) - Ibarra (ECU) 2021",BOULDER Men,finished,2025-10-02 07:18:36 UTC,2026-04-22 09:13:52 UTC,,6757,boulder,Qualification,Men,finished,2021-12-01 17:50:04 UTC,/api/v1/category_rounds/6757/results,boulder_one_group_one_boulder_set,IFSC: 1 group,40,,,,,,,5541,3,/api/v1/routes/5541/startlist,
/api/v1/events/1231/result/435,1231,full_results_url,"IFSC Pan Am - Continental Championships (B,S,L) - Ibarra (ECU) 2021",BOULDER Men,finished,2025-10-02 07:18:36 UTC,2026-04-22 09:13:52 UTC,,6757,boulder,Qualification,Men,finished,2021-12-01 17:50:04 UTC,/api/v1/category_rounds/6757/results,boulder_one_group_one_boulder_set,IFSC: 1 group,40,,,,,,,5542,4,/api/v1/routes/5542/startlist,
/api/v1/events/1231/result/435,1231,full_results_url,"IFSC Pan Am - Continental Championships (B,S,L) - Ibarra (ECU) 2021",BOULDER Men,finished,2025-10-02 07:18:36 UTC,2026-04-22 09:13:52 UTC,,6757,boulder,Qualification,Men,finished,2021-12-01 17:50:04 UTC,/api/v1/category_rounds/6757/results,boulder_one_group_one_boulder_set,IFSC: 1 group,40,,,,,,,5543,5,/api/v1/routes/5543/startlist,
/api/v1/events/1231/result/435,1231,full_results_url,"IFSC Pan Am - Continental Championships (B,S,L) - Ibarra (ECU) 2021",BOULDER Men,finished,2025-10-02 07:18:36 UTC,2026-04-22 09:13:52 UTC,,7176,boulder,Final,Men,finished,2021-12-02 17:16:24 UTC,/api/v1/category_rounds/7176/results,boulder_finals_one_by_one,IFSC: Finals,42,,,,,,,6938,1,/api/v1/routes/6938/startlist,
/api/v1/events/1231/result/435,1231,full_results_url,"IFSC Pan Am - Continental Championships (B,S,L) - Ibarra (ECU) 2021",BOULDER Men,finished,2025-10-02 07:18:36 UTC,2026-04-22 09:13:52 UTC,,7176,boulder,Final,Men,finished,2021-12-02 17:16:24 UTC,/api/v1/category_rounds/7176/results,boulder_finals_one_by_one,IFSC: Finals,42,,,,,,,6939,2,/api/v1/routes/6939/startlist,
/api/v1/events/1231/result/435,1231,full_results_url,"IFSC Pan Am - Continental Championships (B,S,L) - Ibarra (ECU) 2021",BOULDER Men,finished,2025-10-02 07:18:36 UTC,2026-04-22 09:13:52 UTC,,7176,boulder,Final,Men,finished,2021-12-02 17:16:24 UTC,/api/v1/category_rounds/7176/results,boulder_finals_one_by_one,IFSC: Finals,42,,,,,,,6940,3,/api/v1/routes/6940/startlist,
/api/v1/events/1231/result/435,1231,full_results_url,"IFSC Pan Am - Continental Championships (B,S,L) - Ibarra (ECU) 2021",BOULDER Men,finished,2025-10-02 07:18:36 UTC,2026-04-22 09:13:52 UTC,,7176,boulder,Final,Men,finished,2021-12-02 17:16:24 UTC,/api/v1/category_rounds/7176/results,boulder_finals_one_by_one,IFSC: Finals,42,,,,,,,6941,4,/api/v1/routes/6941/startlist,
/api/v1/events/1231/result/439,1231,full_results_url,"IFSC Pan Am - Continental Championships (B,S,L) - Ibarra (ECU) 2021",BOULDER Women,finished,2025-10-02 07:18:36 UTC,2026-04-22 09:13:56 UTC,,6758,boulder,Qualification,Women,finished,2021-12-01 17:50:39 UTC,/api/v1/category_rounds/6758/results,boulder_one_group_one_boulder_set,IFSC: 1 group,40,,,,,,,5544,1,/api/v1/routes/5544/startlist,
/api/v1/events/1231/result/439,1231,full_results_url,"IFSC Pan Am - Continental Championships (B,S,L) - Ibarra (ECU) 2021",BOULDER Women,finished,2025-10-02 07:18:36 UTC,2026-04-22 09:13:56 UTC,,6758,boulder,Qualification,Women,finished,2021-12-01 17:50:39 UTC,/api/v1/category_rounds/6758/results,boulder_one_group_one_boulder_set,IFSC: 1 group,40,,,,,,,5545,2,/api/v1/routes/5545/startlist,
/api/v1/events/1231/result/439,1231,full_results_url,"IFSC Pan Am - Continental Championships (B,S,L) - Ibarra (ECU) 2021",BOULDER Women,finished,2025-10-02 07:18:36 UTC,2026-04-22 09:13:56 UTC,,6758,boulder,Qualification,Women,finished,2021-12-01 17:50:39 UTC,/api/v1/category_rounds/6758/results,boulder_one_group_one_boulder_set,IFSC: 1 group,40,,,,,,,5546,3,/api/v1/routes/5546/startlist,
/api/v1/events/1231/result/439,1231,full_results_url,"IFSC Pan Am - Continental Championships (B,S,L) - Ibarra (ECU) 2021",BOULDER Women,finished,2025-10-02 07:18:36 UTC,2026-04-22 09:13:56 UTC,,6758,boulder,Qualification,Women,finished,2021-12-01 17:50:39 UTC,/api/v1/category_rounds/6758/results,boulder_one_group_one_boulder_set,IFSC: 1 group,40,,,,,,,5547,4,/api/v1/routes/5547/startlist,
/api/v1/events/1231/result/439,1231,full_results_url,"IFSC Pan Am - Continental Championships (B,S,L) - Ibarra (ECU) 2021",BOULDER Women,finished,2025-10-02 07:18:36 UTC,2026-04-22 09:13:56 UTC,,6758,boulder,Qualification,Women,finished,2021-12-01 17:50:39 UTC,/api/v1/category_rounds/6758/results,boulder_one_group_one_boulder_set,IFSC: 1 group,40,,,,,,,5548,5,/api/v1/routes/5548/startlist,
/api/v1/events/1231/result/439,1231,full_results_url,"IFSC Pan Am - Continental Championships (B,S,L) - Ibarra (ECU) 2021",BOULDER Women,finished,2025-10-02 07:18:36 UTC,2026-04-22 09:13:56 UTC,,7177,boulder,Final,Women,finished,2021-12-02 17:18:23 UTC,/api/v1/category_rounds/7177/results,boulder_finals_one_by_one,IFSC: Finals,42,,,,,,,6942,1,/api/v1/routes/6942/startlist,
/api/v1/events/1231/result/439,1231,full_results_url,"IFSC Pan Am - Continental Championships (B,S,L) - Ibarra (ECU) 2021",BOULDER Women,finished,2025-10-02 07:18:36 UTC,2026-04-22 09:13:56 UTC,,7177,boulder,Final,Women,finished,2021-12-02 17:18:23 UTC,/api/v1/category_rounds/7177/results,boulder_finals_one_by_one,IFSC: Finals,42,,,,,,,6943,2,/api/v1/routes/6943/startlist,
/api/v1/events/1231/result/439,1231,full_results_url,"IFSC Pan Am - Continental Championships (B,S,L) - Ibarra (ECU) 2021",BOULDER Women,finished,2025-10-02 07:18:36 UTC,2026-04-22 09:13:56 UTC,,7177,boulder,Final,Women,finished,2021-12-02 17:18:23 UTC,/api/v1/category_rounds/7177/results,boulder_finals_one_by_one,IFSC: Finals,42,,,,,,,6944,3,/api/v1/routes/6944/startlist,
/api/v1/events/1231/result/439,1231,full_results_url,"IFSC Pan Am - Continental Championships (B,S,L) - Ibarra (ECU) 2021",BOULDER Women,finished,2025-10-02 07:18:36 UTC,2026-04-22 09:13:56 UTC,,7177,boulder,Final,Women,finished,2021-12-02 17:18:23 UTC,/api/v1/category_rounds/7177/results,boulder_finals_one_by_one,IFSC: Finals,42,,,,,,,6945,4,/api/v1/routes/6945/startlist,
/api/v1/events/1231/result/436,1231,full_results_url,"IFSC Pan Am - Continental Championships (B,S,L) - Ibarra (ECU) 2021",COMBINED Men,finished,2025-10-02 07:18:37 UTC,2026-04-22 09:13:59 UTC,,7180,combined,Qualification,Men,finished,2021-12-04 22:46:37 UTC,/api/v1/category_rounds/7180/results,sbl_qualification,Speed Boulder Lead Qualification,40,621.0,,speed,finished,2021-12-04 22:42:40 UTC,/api/v1/combined_stages/621/results,6978,A,/api/v1/routes/6978/startlist,
/api/v1/events/1231/result/436,1231,full_results_url,"IFSC Pan Am - Continental Championships (B,S,L) - Ibarra (ECU) 2021",COMBINED Men,finished,2025-10-02 07:18:37 UTC,2026-04-22 09:13:59 UTC,,7180,combined,Qualification,Men,finished,2021-12-04 22:46:37 UTC,/api/v1/category_rounds/7180/results,sbl_qualification,Speed Boulder Lead Qualification,40,621.0,,speed,finished,2021-12-04 22:42:40 UTC,/api/v1/combined_stages/621/results,6979,B,/api/v1/routes/6979/startlist,
/api/v1/events/1231/result/436,1231,full_results_url,"IFSC Pan Am - Continental Championships (B,S,L) - Ibarra (ECU) 2021",COMBINED Men,finished,2025-10-02 07:18:37 UTC,2026-04-22 09:13:59 UTC,,7180,combined,Qualification,Men,finished,2021-12-04 22:46:37 UTC,/api/v1/category_rounds/7180/results,sbl_qualification,Speed Boulder Lead Qualification,40,622.0,,boulder,finished,2021-12-04 22:42:40 UTC,/api/v1/combined_stages/622/results,6980,1,/api/v1/routes/6980/startlist,
/api/v1/events/1231/result/436,1231,full_results_url,"IFSC Pan Am - Continental Championships (B,S,L) - Ibarra (ECU) 2021",COMBINED Men,finished,2025-10-02 07:18:37 UTC,2026-04-22 09:13:59 UTC,,7180,combined,Qualification,Men,finished,2021-12-04 22:46:37 UTC,/api/v1/category_rounds/7180/results,sbl_qualification,Speed Boulder Lead Qualification,40,622.0,,boulder,finished,2021-12-04 22:42:40 UTC,/api/v1/combined_stages/622/results,6981,2,/api/v1/routes/6981/startlist,
/api/v1/events/1231/result/436,1231,full_results_url,"IFSC Pan Am - Continental Championships (B,S,L) - Ibarra (ECU) 2021",COMBINED Men,finished,2025-10-02 07:18:37 UTC,2026-04-22 09:13:59 UTC,,7180,combined,Qualification,Men,finished,2021-12-04 22:46:37 UTC,/api/v1/category_rounds/7180/results,sbl_qualification,Speed Boulder Lead Qualification,40,622.0,,boulder,finished,2021-12-04 22:42:40 UTC,/api/v1/combined_stages/622/results,6982,3,/api/v1/routes/6982/startlist,
/api/v1/events/1231/result/436,1231,full_results_url,"IFSC Pan Am - Continental Championships (B,S,L) - Ibarra (ECU) 2021",COMBINED Men,finished,2025-10-02 07:18:37 UTC,2026-04-22 09:13:59 UTC,,7180,combined,Qualification,Men,finished,2021-12-04 22:46:37 UTC,/api/v1/category_rounds/7180/results,sbl_qualification,Speed Boulder Lead Qualification,40,622.0,,boulder,finished,2021-12-04 22:42:40 UTC,/api/v1/combined_stages/622/results,6983,4,/api/v1/routes/6983/startlist,
/api/v1/events/1231/result/436,1231,full_results_url,"IFSC Pan Am - Continental Championships (B,S,L) - Ibarra (ECU) 2021",COMBINED Men,finished,2025-10-02 07:18:37 UTC,2026-04-22 09:13:59 UTC,,7180,combined,Qualification,Men,finished,2021-12-04 22:46:37 UTC,/api/v1/category_rounds/7180/results,sbl_qualification,Speed Boulder Lead Qualification,40,623.0,,lead,finished,2021-12-04 22:46:31 UTC,/api/v1/combined_stages/623/results,6984,1,/api/v1/routes/6984/startlist,/api/v1/routes/6984/results
/api/v1/events/1231/result/436,1231,full_results_url,"IFSC Pan Am - Continental Championships (B,S,L) - Ibarra (ECU) 2021",COMBINED Men,finished,2025-10-02 07:18:37 UTC,2026-04-22 09:13:59 UTC,,7182,combined,Final,Men,finished,2021-12-05 18:36:50 UTC,/api/v1/category_rounds/7182/results,sbl_final,Speed Boulder Lead Final,42,606.0,,speed,finished,2024-01-17 07:09:37 UTC,/api/v1/combined_stages/606/results,6948,A,/api/v1/routes/6948/startlist,
/api/v1/events/1231/result/436,1231,full_results_url,"IFSC Pan Am - Continental Championships (B,S,L) - Ibarra (ECU) 2021",COMBINED Men,finished,2025-10-02 07:18:37 UTC,2026-04-22 09:13:59 UTC,,7182,combined,Final,Men,finished,2021-12-05 18:36:50 UTC,/api/v1/category_rounds/7182/results,sbl_final,Speed Boulder Lead Final,42,606.0,,speed,finished,2024-01-17 07:09:37 UTC,/api/v1/combined_stages/606/results,6949,B,/api/v1/routes/6949/startlist,
/api/v1/events/1231/result/436,1231,full_results_url,"IFSC Pan Am - Continental Championships (B,S,L) - Ibarra (ECU) 2021",COMBINED Men,finished,2025-10-02 07:18:37 UTC,2026-04-22 09:13:59 UTC,,7182,combined,Final,Men,finished,2021-12-05 18:36:50 UTC,/api/v1/category_rounds/7182/results,sbl_final,Speed Boulder Lead Final,42,607.0,,boulder,finished,2021-12-05 17:59:21 UTC,/api/v1/combined_stages/607/results,6950,1,/api/v1/routes/6950/startlist,
/api/v1/events/1231/result/436,1231,full_results_url,"IFSC Pan Am - Continental Championships (B,S,L) - Ibarra (ECU) 2021",COMBINED Men,finished,2025-10-02 07:18:37 UTC,2026-04-22 09:13:59 UTC,,7182,combined,Final,Men,finished,2021-12-05 18:36:50 UTC,/api/v1/category_rounds/7182/results,sbl_final,Speed Boulder Lead Final,42,607.0,,boulder,finished,2021-12-05 17:59:21 UTC,/api/v1/combined_stages/607/results,6951,2,/api/v1/routes/6951/startlist,
/api/v1/events/1231/result/436,1231,full_results_url,"IFSC Pan Am - Continental Championships (B,S,L) - Ibarra (ECU) 2021",COMBINED Men,finished,2025-10-02 07:18:37 UTC,2026-04-22 09:13:59 UTC,,7182,combined,Final,Men,finished,2021-12-05 18:36:50 UTC,/api/v1/category_rounds/7182/results,sbl_final,Speed Boulder Lead Final,42,607.0,,boulder,finished,2021-12-05 17:59:21 UTC,/api/v1/combined_stages/607/results,6952,3,/api/v1/routes/6952/startlist,
/api/v1/events/1231/result/436,1231,full_results_url,"IFSC Pan Am - Continental Championships (B,S,L) - Ibarra (ECU) 2021",COMBINED Men,finished,2025-10-02 07:18:37 UTC,2026-04-22 09:13:59 UTC,,7182,combined,Final,Men,finished,2021-12-05 18:36:50 UTC,/api/v1/category_rounds/7182/results,sbl_final,Speed Boulder Lead Final,42,608.0,,lead,finished,2021-12-05 18:36:50 UTC,/api/v1/combined_stages/608/results,6953,1,/api/v1/routes/6953/startlist,/api/v1/routes/6953/results
/api/v1/events/1231/result/440,1231,full_results_url,"IFSC Pan Am - Continental Championships (B,S,L) - Ibarra (ECU) 2021",COMBINED Women,finished,2025-10-02 07:18:37 UTC,2026-04-22 09:14:05 UTC,,7181,combined,Qualification,Women,finished,2021-12-04 23:10:04 UTC,/api/v1/category_rounds/7181/results,sbl_qualification,Speed Boulder Lead Qualification,40,624.0,,speed,finished,2021-12-04 23:06:07 UTC,/api/v1/combined_stages/624/results,6985,A,/api/v1/routes/6985/startlist,
/api/v1/events/1231/result/440,1231,full_results_url,"IFSC Pan Am - Continental Championships (B,S,L) - Ibarra (ECU) 2021",COMBINED Women,finished,2025-10-02 07:18:37 UTC,2026-04-22 09:14:05 UTC,,7181,combined,Qualification,Women,finished,2021-12-04 23:10:04 UTC,/api/v1/category_rounds/7181/results,sbl_qualification,Speed Boulder Lead Qualification,40,624.0,,speed,finished,2021-12-04 23:06:07 UTC,/api/v1/combined_stages/624/results,6986,B,/api/v1/routes/6986/startlist,
/api/v1/events/1231/result/440,1231,full_results_url,"IFSC Pan Am - Continental Championships (B,S,L) - Ibarra (ECU) 2021",COMBINED Women,finished,2025-10-02 07:18:37 UTC,2026-04-22 09:14:05 UTC,,7181,combined,Qualification,Women,finished,2021-12-04 23:10:04 UTC,/api/v1/category_rounds/7181/results,sbl_qualification,Speed Boulder Lead Qualification,40,625.0,,boulder,finished,2021-12-04 23:09:42 UTC,/api/v1/combined_stages/625/results,6987,1,/api/v1/routes/6987/startlist,
/api/v1/events/1231/result/440,1231,full_results_url,"IFSC Pan Am - Continental Championships (B,S,L) - Ibarra (ECU) 2021",COMBINED Women,finished,2025-10-02 07:18:37 UTC,2026-04-22 09:14:05 UTC,,7181,combined,Qualification,Women,finished,2021-12-04 23:10:04 UTC,/api/v1/category_rounds/7181/results,sbl_qualification,Speed Boulder Lead Qualification,40,625.0,,boulder,finished,2021-12-04 23:09:42 UTC,/api/v1/combined_stages/625/results,6988,2,/api/v1/routes/6988/startlist,
/api/v1/events/1231/result/440,1231,full_results_url,"IFSC Pan Am - Continental Championships (B,S,L) - Ibarra (ECU) 2021",COMBINED Women,finished,2025-10-02 07:18:37 UTC,2026-04-22 09:14:05 UTC,,7181,combined,Qualification,Women,finished,2021-12-04 23:10:04 UTC,/api/v1/category_rounds/7181/results,sbl_qualification,Speed Boulder Lead Qualification,40,625.0,,boulder,finished,2021-12-04 23:09:42 UTC,/api/v1/combined_stages/625/results,6989,3,/api/v1/routes/6989/startlist,
/api/v1/events/1231/result/440,1231,full_results_url,"IFSC Pan Am - Continental Championships (B,S,L) - Ibarra (ECU) 2021",COMBINED Women,finished,2025-10-02 07:18:37 UTC,2026-04-22 09:14:05 UTC,,7181,combined,Qualification,Women,finished,2021-12-04 23:10:04 UTC,/api/v1/category_rounds/7181/results,sbl_qualification,Speed Boulder Lead Qualification,40,625.0,,boulder,finished,2021-12-04 23:09:42 UTC,/api/v1/combined_stages/625/results,6990,4,/api/v1/routes/6990/startlist,
/api/v1/events/1231/result/440,1231,full_results_url,"IFSC Pan Am - Continental Championships (B,S,L) - Ibarra (ECU) 2021",COMBINED Women,finished,2025-10-02 07:18:37 UTC,2026-04-22 09:14:05 UTC,,7181,combined,Qualification,Women,finished,2021-12-04 23:10:04 UTC,/api/v1/category_rounds/7181/results,sbl_qualification,Speed Boulder Lead Qualification,40,626.0,,lead,finished,2021-12-04 23:08:04 UTC,/api/v1/combined_stages/626/results,6991,1,/api/v1/routes/6991/startlist,/api/v1/routes/6991/results
/api/v1/events/1231/result/440,1231,full_results_url,"IFSC Pan Am - Continental Championships (B,S,L) - Ibarra (ECU) 2021",COMBINED Women,finished,2025-10-02 07:18:37 UTC,2026-04-22 09:14:05 UTC,,7184,combined,Final,Women,finished,2021-12-05 18:09:51 UTC,/api/v1/category_rounds/7184/results,sbl_final,Speed Boulder Lead Final,42,612.0,,speed,finished,2024-01-17 07:09:39 UTC,/api/v1/combined_stages/612/results,6960,A,/api/v1/routes/6960/startlist,
/api/v1/events/1231/result/440,1231,full_results_url,"IFSC Pan Am - Continental Championships (B,S,L) - Ibarra (ECU) 2021",COMBINED Women,finished,2025-10-02 07:18:37 UTC,2026-04-22 09:14:05 UTC,,7184,combined,Final,Women,finished,2021-12-05 18:09:51 UTC,/api/v1/category_rounds/7184/results,sbl_final,Speed Boulder Lead Final,42,612.0,,speed,finished,2024-01-17 07:09:39 UTC,/api/v1/combined_stages/612/results,6961,B,/api/v1/routes/6961/startlist,
/api/v1/events/1231/result/440,1231,full_results_url,"IFSC Pan Am - Continental Championships (B,S,L) - Ibarra (ECU) 2021",COMBINED Women,finished,2025-10-02 07:18:37 UTC,2026-04-22 09:14:05 UTC,,7184,combined,Final,Women,finished,2021-12-05 18:09:51 UTC,/api/v1/category_rounds/7184/results,sbl_final,Speed Boulder Lead Final,42,613.0,,boulder,finished,2021-12-05 18:01:45 UTC,/api/v1/combined_stages/613/results,6962,1,/api/v1/routes/6962/startlist,
/api/v1/events/1231/result/440,1231,full_results_url,"IFSC Pan Am - Continental Championships (B,S,L) - Ibarra (ECU) 2021",COMBINED Women,finished,2025-10-02 07:18:37 UTC,2026-04-22 09:14:05 UTC,,7184,combined,Final,Women,finished,2021-12-05 18:09:51 UTC,/api/v1/category_rounds/7184/results,sbl_final,Speed Boulder Lead Final,42,613.0,,boulder,finished,2021-12-05 18:01:45 UTC,/api/v1/combined_stages/613/results,6963,2,/api/v1/routes/6963/startlist,
/api/v1/events/1231/result/440,1231,full_results_url,"IFSC Pan Am - Continental Championships (B,S,L) - Ibarra (ECU) 2021",COMBINED Women,finished,2025-10-02 07:18:37 UTC,2026-04-22 09:14:05 UTC,,7184,combined,Final,Women,finished,2021-12-05 18:09:51 UTC,/api/v1/category_rounds/7184/results,sbl_final,Speed Boulder Lead Final,42,613.0,,boulder,finished,2021-12-05 18:01:45 UTC,/api/v1/combined_stages/613/results,6964,3,/api/v1/routes/6964/startlist,
/api/v1/events/1231/result/440,1231,full_results_url,"IFSC Pan Am - Continental Championships (B,S,L) - Ibarra (ECU) 2021",COMBINED Women,finished,2025-10-02 07:18:37 UTC,2026-04-22 09:14:05 UTC,,7184,combined,Final,Women,finished,2021-12-05 18:09:51 UTC,/api/v1/category_rounds/7184/results,sbl_final,Speed Boulder Lead Final,42,614.0,,lead,finished,2021-12-05 18:09:38 UTC,/api/v1/combined_stages/614/results,6965,1,/api/v1/routes/6965/startlist,/api/v1/routes/6965/results
/api/v1/events/1252/result/609,1252,full_results_url,"IFSC Africa - Continental Championships (B,S,L) - Johannesburg (RSA) 2021",LEAD Men,finished,2025-10-02 07:18:36 UTC,2026-04-22 09:14:10 UTC,,7012,lead,Qualification,Men,finished,2021-12-18 11:12:24 UTC,/api/v1/category_rounds/7012/results,lead_one_group_two_routes,IFSC: 2 routes,52,,,,,,,6298,1,/api/v1/routes/6298/startlist,/api/v1/routes/6298/results
/api/v1/events/1252/result/609,1252,full_results_url,"IFSC Africa - Continental Championships (B,S,L) - Johannesburg (RSA) 2021",LEAD Men,finished,2025-10-02 07:18:36 UTC,2026-04-22 09:14:10 UTC,,7012,lead,Qualification,Men,finished,2021-12-18 11:12:24 UTC,/api/v1/category_rounds/7012/results,lead_one_group_two_routes,IFSC: 2 routes,52,,,,,,,6299,2,/api/v1/routes/6299/startlist,/api/v1/routes/6299/results
/api/v1/events/1252/result/609,1252,full_results_url,"IFSC Africa - Continental Championships (B,S,L) - Johannesburg (RSA) 2021",LEAD Men,finished,2025-10-02 07:18:36 UTC,2026-04-22 09:14:10 UTC,,7189,lead,Final,Men,finished,2021-12-18 13:43:48 UTC,/api/v1/category_rounds/7189/results,lead_one_group_one_route,IFSC: 1 route,54,,,,,,,7012,1,/api/v1/routes/7012/startlist,/api/v1/routes/7012/results
/api/v1/events/1252/result/613,1252,full_results_url,"IFSC Africa - Continental Championships (B,S,L) - Johannesburg (RSA) 2021",LEAD Women,finished,2025-10-02 07:18:36 UTC,2026-04-22 09:14:13 UTC,,7013,lead,Qualification,Women,finished,2021-12-18 11:12:45 UTC,/api/v1/category_rounds/7013/results,lead_one_group_two_routes,IFSC: 2 routes,52,,,,,,,6300,1,/api/v1/routes/6300/startlist,/api/v1/routes/6300/results
/api/v1/events/1252/result/613,1252,full_results_url,"IFSC Africa - Continental Championships (B,S,L) - Johannesburg (RSA) 2021",LEAD Women,finished,2025-10-02 07:18:36 UTC,2026-04-22 09:14:13 UTC,,7013,lead,Qualification,Women,finished,2021-12-18 11:12:45 UTC,/api/v1/category_rounds/7013/results,lead_one_group_two_routes,IFSC: 2 routes,52,,,,,,,6301,2,/api/v1/routes/6301/startlist,/api/v1/routes/6301/results
/api/v1/events/1252/result/613,1252,full_results_url,"IFSC Africa - Continental Championships (B,S,L) - Johannesburg (RSA) 2021",LEAD Women,finished,2025-10-02 07:18:36 UTC,2026-04-22 09:14:13 UTC,,7190,lead,Final,Women,finished,2021-12-18 13:44:30 UTC,/api/v1/category_rounds/7190/results,lead_one_group_one_route,IFSC: 1 route,54,,,,,,,7013,1,/api/v1/routes/7013/startlist,/api/v1/routes/7013/results
/api/v1/events/1252/result/610,1252,full_results_url,"IFSC Africa - Continental Championships (B,S,L) - Johannesburg (RSA) 2021",SPEED Men,finished,2025-10-02 07:18:36 UTC,2026-04-22 09:14:17 UTC,,7014,speed,Qualification,Men,finished,2021-12-16 09:05:21 UTC,/api/v1/category_rounds/7014/results,speed_staggered,IFSC: Qualification,52,,,,,,,6302,A,/api/v1/routes/6302/startlist,
/api/v1/events/1252/result/610,1252,full_results_url,"IFSC Africa - Continental Championships (B,S,L) - Johannesburg (RSA) 2021",SPEED Men,finished,2025-10-02 07:18:36 UTC,2026-04-22 09:14:17 UTC,,7014,speed,Qualification,Men,finished,2021-12-16 09:05:21 UTC,/api/v1/category_rounds/7014/results,speed_staggered,IFSC: Qualification,52,,,,,,,6303,B,/api/v1/routes/6303/startlist,
/api/v1/events/1252/result/610,1252,full_results_url,"IFSC Africa - Continental Championships (B,S,L) - Johannesburg (RSA) 2021",SPEED Men,finished,2025-10-02 07:18:36 UTC,2026-04-22 09:14:17 UTC,,7187,speed,Final,Men,finished,2024-01-17 07:09:42 UTC,/api/v1/category_rounds/7187/results,speed_elimination_ifsc,IFSC 2021: Elimination,54,,,,,,,7008,A,/api/v1/routes/7008/startlist,
/api/v1/events/1252/result/610,1252,full_results_url,"IFSC Africa - Continental Championships (B,S,L) - Johannesburg (RSA) 2021",SPEED Men,finished,2025-10-02 07:18:36 UTC,2026-04-22 09:14:17 UTC,,7187,speed,Final,Men,finished,2024-01-17 07:09:42 UTC,/api/v1/category_rounds/7187/results,speed_elimination_ifsc,IFSC 2021: Elimination,54,,,,,,,7009,B,/api/v1/routes/7009/startlist,
/api/v1/events/1252/result/614,1252,full_results_url,"IFSC Africa - Continental Championships (B,S,L) - Johannesburg (RSA) 2021",SPEED Women,finished,2025-10-02 07:18:36 UTC,2026-04-22 09:14:20 UTC,,7015,speed,Qualification,Women,finished,2021-12-16 09:13:14 UTC,/api/v1/category_rounds/7015/results,speed_staggered,IFSC: Qualification,52,,,,,,,6304,A,/api/v1/routes/6304/startlist,
/api/v1/events/1252/result/614,1252,full_results_url,"IFSC Africa - Continental Championships (B,S,L) - Johannesburg (RSA) 2021",SPEED Women,finished,2025-10-02 07:18:36 UTC,2026-04-22 09:14:20 UTC,,7015,speed,Qualification,Women,finished,2021-12-16 09:13:14 UTC,/api/v1/category_rounds/7015/results,speed_staggered,IFSC: Qualification,52,,,,,,,6305,B,/api/v1/routes/6305/startlist,
/api/v1/events/1252/result/614,1252,full_results_url,"IFSC Africa - Continental Championships (B,S,L) - Johannesburg (RSA) 2021",SPEED Women,finished,2025-10-02 07:18:36 UTC,2026-04-22 09:14:20 UTC,,7188,speed,Final,Women,finished,2021-12-16 09:53:44 UTC,/api/v1/category_rounds/7188/results,speed_staggered,IFSC: Qualification,54,,,,,,,7328,A,/api/v1/routes/7328/startlist,
/api/v1/events/1252/result/614,1252,full_results_url,"IFSC Africa - Continental Championships (B,S,L) - Johannesburg (RSA) 2021",SPEED Women,finished,2025-10-02 07:18:36 UTC,2026-04-22 09:14:20 UTC,,7188,speed,Final,Women,finished,2021-12-16 09:53:44 UTC,/api/v1/category_rounds/7188/results,speed_staggered,IFSC: Qualification,54,,,,,,,7329,B,/api/v1/routes/7329/startlist,
/api/v1/events/1252/result/611,1252,full_results_url,"IFSC Africa - Continental Championships (B,S,L) - Johannesburg (RSA) 2021",BOULDER Men,finished,2025-10-02 07:18:36 UTC,2026-04-22 09:14:23 UTC,,7016,boulder,Qualification,Men,finished,2021-12-17 11:37:41 UTC,/api/v1/category_rounds/7016/results,boulder_one_group_one_boulder_set,IFSC: 1 group,52,,,,,,,6306,1,/api/v1/routes/6306/startlist,
/api/v1/events/1252/result/611,1252,full_results_url,"IFSC Africa - Continental Championships (B,S,L) - Johannesburg (RSA) 2021",BOULDER Men,finished,2025-10-02 07:18:36 UTC,2026-04-22 09:14:23 UTC,,7016,boulder,Qualification,Men,finished,2021-12-17 11:37:41 UTC,/api/v1/category_rounds/7016/results,boulder_one_group_one_boulder_set,IFSC: 1 group,52,,,,,,,6307,2,/api/v1/routes/6307/startlist,
/api/v1/events/1252/result/611,1252,full_results_url,"IFSC Africa - Continental Championships (B,S,L) - Johannesburg (RSA) 2021",BOULDER Men,finished,2025-10-02 07:18:36 UTC,2026-04-22 09:14:23 UTC,,7016,boulder,Qualification,Men,finished,2021-12-17 11:37:41 UTC,/api/v1/category_rounds/7016/results,boulder_one_group_one_boulder_set,IFSC: 1 group,52,,,,,,,6308,3,/api/v1/routes/6308/startlist,
/api/v1/events/1252/result/611,1252,full_results_url,"IFSC Africa - Continental Championships (B,S,L) - Johannesburg (RSA) 2021",BOULDER Men,finished,2025-10-02 07:18:36 UTC,2026-04-22 09:14:23 UTC,,7016,boulder,Qualification,Men,finished,2021-12-17 11:37:41 UTC,/api/v1/category_rounds/7016/results,boulder_one_group_one_boulder_set,IFSC: 1 group,52,,,,,,,6309,4,/api/v1/routes/6309/startlist,
/api/v1/events/1252/result/611,1252,full_results_url,"IFSC Africa - Continental Championships (B,S,L) - Johannesburg (RSA) 2021",BOULDER Men,finished,2025-10-02 07:18:36 UTC,2026-04-22 09:14:23 UTC,,7185,boulder,Final,Men,finished,2021-12-17 14:44:10 UTC,/api/v1/category_rounds/7185/results,boulder_one_group_one_boulder_set,IFSC: 1 group,54,,,,,,,7000,1,/api/v1/routes/7000/startlist,
/api/v1/events/1252/result/611,1252,full_results_url,"IFSC Africa - Continental Championships (B,S,L) - Johannesburg (RSA) 2021",BOULDER Men,finished,2025-10-02 07:18:36 UTC,2026-04-22 09:14:23 UTC,,7185,boulder,Final,Men,finished,2021-12-17 14:44:10 UTC,/api/v1/category_rounds/7185/results,boulder_one_group_one_boulder_set,IFSC: 1 group,54,,,,,,,7001,2,/api/v1/routes/7001/startlist,
/api/v1/events/1252/result/611,1252,full_results_url,"IFSC Africa - Continental Championships (B,S,L) - Johannesburg (RSA) 2021",BOULDER Men,finished,2025-10-02 07:18:36 UTC,2026-04-22 09:14:23 UTC,,7185,boulder,Final,Men,finished,2021-12-17 14:44:10 UTC,/api/v1/category_rounds/7185/results,boulder_one_group_one_boulder_set,IFSC: 1 group,54,,,,,,,7002,3,/api/v1/routes/7002/startlist,
/api/v1/events/1252/result/611,1252,full_results_url,"IFSC Africa - Continental Championships (B,S,L) - Johannesburg (RSA) 2021",BOULDER Men,finished,2025-10-02 07:18:36 UTC,2026-04-22 09:14:23 UTC,,7185,boulder,Final,Men,finished,2021-12-17 14:44:10 UTC,/api/v1/category_rounds/7185/results,boulder_one_group_one_boulder_set,IFSC: 1 group,54,,,,,,,7003,4,/api/v1/routes/7003/startlist,
/api/v1/events/1252/result/615,1252,full_results_url,"IFSC Africa - Continental Championships (B,S,L) - Johannesburg (RSA) 2021",BOULDER Women,finished,2025-10-02 07:18:36 UTC,2026-04-22 09:14:26 UTC,,7017,boulder,Qualification,Women,finished,2021-12-17 09:55:55 UTC,/api/v1/category_rounds/7017/results,boulder_one_group_one_boulder_set,IFSC: 1 group,52,,,,,,,6311,1,/api/v1/routes/6311/startlist,
/api/v1/events/1252/result/615,1252,full_results_url,"IFSC Africa - Continental Championships (B,S,L) - Johannesburg (RSA) 2021",BOULDER Women,finished,2025-10-02 07:18:36 UTC,2026-04-22 09:14:26 UTC,,7017,boulder,Qualification,Women,finished,2021-12-17 09:55:55 UTC,/api/v1/category_rounds/7017/results,boulder_one_group_one_boulder_set,IFSC: 1 group,52,,,,,,,6312,2,/api/v1/routes/6312/startlist,
/api/v1/events/1252/result/615,1252,full_results_url,"IFSC Africa - Continental Championships (B,S,L) - Johannesburg (RSA) 2021",BOULDER Women,finished,2025-10-02 07:18:36 UTC,2026-04-22 09:14:26 UTC,,7017,boulder,Qualification,Women,finished,2021-12-17 09:55:55 UTC,/api/v1/category_rounds/7017/results,boulder_one_group_one_boulder_set,IFSC: 1 group,52,,,,,,,6313,3,/api/v1/routes/6313/startlist,
/api/v1/events/1252/result/615,1252,full_results_url,"IFSC Africa - Continental Championships (B,S,L) - Johannesburg (RSA) 2021",BOULDER Women,finished,2025-10-02 07:18:36 UTC,2026-04-22 09:14:26 UTC,,7017,boulder,Qualification,Women,finished,2021-12-17 09:55:55 UTC,/api/v1/category_rounds/7017/results,boulder_one_group_one_boulder_set,IFSC: 1 group,52,,,,,,,6314,4,/api/v1/routes/6314/startlist,
/api/v1/events/1252/result/615,1252,full_results_url,"IFSC Africa - Continental Championships (B,S,L) - Johannesburg (RSA) 2021",BOULDER Women,finished,2025-10-02 07:18:36 UTC,2026-04-22 09:14:26 UTC,,7186,boulder,Final,Women,finished,2021-12-17 13:33:31 UTC,/api/v1/category_rounds/7186/results,boulder_one_group_one_boulder_set,IFSC: 1 group,54,,,,,,,7004,1,/api/v1/routes/7004/startlist,
/api/v1/events/1252/result/615,1252,full_results_url,"IFSC Africa - Continental Championships (B,S,L) - Johannesburg (RSA) 2021",BOULDER Women,finished,2025-10-02 07:18:36 UTC,2026-04-22 09:14:26 UTC,,7186,boulder,Final,Women,finished,2021-12-17 13:33:31 UTC,/api/v1/category_rounds/7186/results,boulder_one_group_one_boulder_set,IFSC: 1 group,54,,,,,,,7005,2,/api/v1/routes/7005/startlist,
/api/v1/events/1252/result/615,1252,full_results_url,"IFSC Africa - Continental Championships (B,S,L) - Johannesburg (RSA) 2021",BOULDER Women,finished,2025-10-02 07:18:36 UTC,2026-04-22 09:14:26 UTC,,7186,boulder,Final,Women,finished,2021-12-17 13:33:31 UTC,/api/v1/category_rounds/7186/results,boulder_one_group_one_boulder_set,IFSC: 1 group,54,,,,,,,7006,3,/api/v1/routes/7006/startlist,
/api/v1/events/1252/result/615,1252,full_results_url,"IFSC Africa - Continental Championships (B,S,L) - Johannesburg (RSA) 2021",BOULDER Women,finished,2025-10-02 07:18:36 UTC,2026-04-22 09:14:26 UTC,,7186,boulder,Final,Women,finished,2021-12-17 13:33:31 UTC,/api/v1/category_rounds/7186/results,boulder_one_group_one_boulder_set,IFSC: 1 group,54,,,,,,,7007,4,/api/v1/routes/7007/startlist,
