source_event_url,event_id,source_url_layer,event_name,dcat_name,dcat_status,dcat_status_as_of,dcat_ranking_as_of,cutoff_rank,category_round_id,round_kind,round_name,round_category,round_status,round_status_as_of,round_result_url,format_identifier,format,league_round_id,stage_id,stage_name,stage_kind,stage_status,stage_status_as_of,stage_results_url,route_id,route_name,route_startlist_url,route_results_url
/api/v1/events/1389/result/395,1389,full_results_url,Studio Bloc Masters 2024,BOULDER Men,registration_pending,2025-10-02 07:18:41 UTC,NA,,8850,boulder,Qualification,Men,pending,2024-01-10 08:02:09 UTC,/api/v1/category_rounds/8850/results,boulder_one_group_one_boulder_set,IFSC: 1 group,37,,,,,,,12393,1,/api/v1/routes/12393/startlist,
/api/v1/events/1389/result/395,1389,full_results_url,Studio Bloc Masters 2024,BOULDER Men,registration_pending,2025-10-02 07:18:41 UTC,NA,,8850,boulder,Qualification,Men,pending,2024-01-10 08:02:09 UTC,/api/v1/category_rounds/8850/results,boulder_one_group_one_boulder_set,IFSC: 1 group,37,,,,,,,12394,2,/api/v1/routes/12394/startlist,
/api/v1/events/1389/result/395,1389,full_results_url,Studio Bloc Masters 2024,BOULDER Men,registration_pending,2025-10-02 07:18:41 UTC,NA,,8850,boulder,Qualification,Men,pending,2024-01-10 08:02:09 UTC,/api/v1/category_rounds/8850/results,boulder_one_group_one_boulder_set,IFSC: 1 group,37,,,,,,,12395,3,/api/v1/routes/12395/startlist,
/api/v1/events/1389/result/395,1389,full_results_url,Studio Bloc Masters 2024,BOULDER Men,registration_pending,2025-10-02 07:18:41 UTC,NA,,8850,boulder,Qualification,Men,pending,2024-01-10 08:02:09 UTC,/api/v1/category_rounds/8850/results,boulder_one_group_one_boulder_set,IFSC: 1 group,37,,,,,,,12396,4,/api/v1/routes/12396/startlist,
/api/v1/events/1389/result/395,1389,full_results_url,Studio Bloc Masters 2024,BOULDER Men,registration_pending,2025-10-02 07:18:41 UTC,NA,,8850,boulder,Qualification,Men,pending,2024-01-10 08:02:09 UTC,/api/v1/category_rounds/8850/results,boulder_one_group_one_boulder_set,IFSC: 1 group,37,,,,,,,12397,5,/api/v1/routes/12397/startlist,
/api/v1/events/1389/result/415,1389,full_results_url,Studio Bloc Masters 2024,BOULDER Women,registration_pending,2025-10-02 07:18:41 UTC,NA,,8855,boulder,Qualification,Women,pending,2024-01-10 08:02:10 UTC,/api/v1/category_rounds/8855/results,boulder_one_group_one_boulder_set,IFSC: 1 group,37,,,,,,,12418,1,/api/v1/routes/12418/startlist,
/api/v1/events/1389/result/415,1389,full_results_url,Studio Bloc Masters 2024,BOULDER Women,registration_pending,2025-10-02 07:18:41 UTC,NA,,8855,boulder,Qualification,Women,pending,2024-01-10 08:02:10 UTC,/api/v1/category_rounds/8855/results,boulder_one_group_one_boulder_set,IFSC: 1 group,37,,,,,,,12419,2,/api/v1/routes/12419/startlist,
/api/v1/events/1389/result/415,1389,full_results_url,Studio Bloc Masters 2024,BOULDER Women,registration_pending,2025-10-02 07:18:41 UTC,NA,,8855,boulder,Qualification,Women,pending,2024-01-10 08:02:10 UTC,/api/v1/category_rounds/8855/results,boulder_one_group_one_boulder_set,IFSC: 1 group,37,,,,,,,12420,3,/api/v1/routes/12420/startlist,
/api/v1/events/1389/result/415,1389,full_results_url,Studio Bloc Masters 2024,BOULDER Women,registration_pending,2025-10-02 07:18:41 UTC,NA,,8855,boulder,Qualification,Women,pending,2024-01-10 08:02:10 UTC,/api/v1/category_rounds/8855/results,boulder_one_group_one_boulder_set,IFSC: 1 group,37,,,,,,,12421,4,/api/v1/routes/12421/startlist,
/api/v1/events/1389/result/415,1389,full_results_url,Studio Bloc Masters 2024,BOULDER Women,registration_pending,2025-10-02 07:18:41 UTC,NA,,8855,boulder,Qualification,Women,pending,2024-01-10 08:02:10 UTC,/api/v1/category_rounds/8855/results,boulder_one_group_one_boulder_set,IFSC: 1 group,37,,,,,,,12422,5,/api/v1/routes/12422/startlist,
/api/v1/events/1376/result/226,1376,full_results_url,IFSC European Cup Lublin 2024,SPEED Men,finished,2025-10-02 07:18:40 UTC,2026-04-22 08:28:24 UTC,,8652,speed,Qualification,Men,finished,2024-03-16 17:30:54 UTC,/api/v1/category_rounds/8652/results,speed_staggered,IFSC: Qualification,16,,,,,,,11783,A,/api/v1/routes/11783/startlist,
/api/v1/events/1376/result/226,1376,full_results_url,IFSC European Cup Lublin 2024,SPEED Men,finished,2025-10-02 07:18:40 UTC,2026-04-22 08:28:24 UTC,,8652,speed,Qualification,Men,finished,2024-03-16 17:30:54 UTC,/api/v1/category_rounds/8652/results,speed_staggered,IFSC: Qualification,16,,,,,,,11784,B,/api/v1/routes/11784/startlist,
/api/v1/events/1376/result/226,1376,full_results_url,IFSC European Cup Lublin 2024,SPEED Men,finished,2025-10-02 07:18:40 UTC,2026-04-22 08:28:24 UTC,,8858,speed,Final,Men,finished,2024-03-16 19:26:15 UTC,/api/v1/category_rounds/8858/results,speed_elimination_ifsc_2023,IFSC 2023+: Elimination,18,,,,,,,12443,A,/api/v1/routes/12443/startlist,
/api/v1/events/1376/result/226,1376,full_results_url,IFSC European Cup Lublin 2024,SPEED Men,finished,2025-10-02 07:18:40 UTC,2026-04-22 08:28:24 UTC,,8858,speed,Final,Men,finished,2024-03-16 19:26:15 UTC,/api/v1/category_rounds/8858/results,speed_elimination_ifsc_2023,IFSC 2023+: Elimination,18,,,,,,,12444,B,/api/v1/routes/12444/startlist,
/api/v1/events/1376/result/230,1376,full_results_url,IFSC European Cup Lublin 2024,SPEED Women,finished,2025-10-02 07:18:41 UTC,2026-04-22 08:28:27 UTC,,8653,speed,Qualification,Women,finished,2024-03-16 16:57:10 UTC,/api/v1/category_rounds/8653/results,speed_staggered,IFSC: Qualification,16,,,,,,,11785,A,/api/v1/routes/11785/startlist,
/api/v1/events/1376/result/230,1376,full_results_url,IFSC European Cup Lublin 2024,SPEED Women,finished,2025-10-02 07:18:41 UTC,2026-04-22 08:28:27 UTC,,8653,speed,Qualification,Women,finished,2024-03-16 16:57:10 UTC,/api/v1/category_rounds/8653/results,speed_staggered,IFSC: Qualification,16,,,,,,,11786,B,/api/v1/routes/11786/startlist,
/api/v1/events/1376/result/230,1376,full_results_url,IFSC European Cup Lublin 2024,SPEED Women,finished,2025-10-02 07:18:41 UTC,2026-04-22 08:28:27 UTC,,8859,speed,Final,Women,finished,2024-03-16 19:24:53 UTC,/api/v1/category_rounds/8859/results,speed_elimination_ifsc_2023,IFSC 2023+: Elimination,18,,,,,,,12445,A,/api/v1/routes/12445/startlist,
/api/v1/events/1376/result/230,1376,full_results_url,IFSC European Cup Lublin 2024,SPEED Women,finished,2025-10-02 07:18:41 UTC,2026-04-22 08:28:27 UTC,,8859,speed,Final,Women,finished,2024-03-16 19:24:53 UTC,/api/v1/category_rounds/8859/results,speed_elimination_ifsc_2023,IFSC 2023+: Elimination,18,,,,,,,12446,B,/api/v1/routes/12446/startlist,
/api/v1/events/1363/result/234,1363,full_results_url,IFSC Youth European Cup Lublin 2024,SPEED Juniors Male,finished,2025-10-02 07:18:40 UTC,2026-04-22 08:28:30 UTC,,8576,speed,Qualification,Juniors Male,finished,2024-03-17 13:26:36 UTC,/api/v1/category_rounds/8576/results,speed_staggered_tolerate_false_start,IFSC-E: Qualification (Tolerate FS),19,,,,,,,11545,A,/api/v1/routes/11545/startlist,
/api/v1/events/1363/result/234,1363,full_results_url,IFSC Youth European Cup Lublin 2024,SPEED Juniors Male,finished,2025-10-02 07:18:40 UTC,2026-04-22 08:28:30 UTC,,8576,speed,Qualification,Juniors Male,finished,2024-03-17 13:26:36 UTC,/api/v1/category_rounds/8576/results,speed_staggered_tolerate_false_start,IFSC-E: Qualification (Tolerate FS),19,,,,,,,11546,B,/api/v1/routes/11546/startlist,
/api/v1/events/1363/result/234,1363,full_results_url,IFSC Youth European Cup Lublin 2024,SPEED Juniors Male,finished,2025-10-02 07:18:40 UTC,2026-04-22 08:28:30 UTC,,8860,speed,Final,Juniors Male,finished,2024-03-17 15:29:24 UTC,/api/v1/category_rounds/8860/results,speed_elimination_ifsc_2023,IFSC 2023+: Elimination,21,,,,,,,12447,A,/api/v1/routes/12447/startlist,
/api/v1/events/1363/result/234,1363,full_results_url,IFSC Youth European Cup Lublin 2024,SPEED Juniors Male,finished,2025-10-02 07:18:40 UTC,2026-04-22 08:28:30 UTC,,8860,speed,Final,Juniors Male,finished,2024-03-17 15:29:24 UTC,/api/v1/category_rounds/8860/results,speed_elimination_ifsc_2023,IFSC 2023+: Elimination,21,,,,,,,12448,B,/api/v1/routes/12448/startlist,
/api/v1/events/1363/result/238,1363,full_results_url,IFSC Youth European Cup Lublin 2024,SPEED Youth A Male,finished,2025-10-02 07:18:40 UTC,2026-04-22 08:28:34 UTC,,8577,speed,Qualification,Youth A Male,finished,2024-03-17 12:59:23 UTC,/api/v1/category_rounds/8577/results,speed_staggered_tolerate_false_start,IFSC-E: Qualification (Tolerate FS),19,,,,,,,11547,A,/api/v1/routes/11547/startlist,
/api/v1/events/1363/result/238,1363,full_results_url,IFSC Youth European Cup Lublin 2024,SPEED Youth A Male,finished,2025-10-02 07:18:40 UTC,2026-04-22 08:28:34 UTC,,8577,speed,Qualification,Youth A Male,finished,2024-03-17 12:59:23 UTC,/api/v1/category_rounds/8577/results,speed_staggered_tolerate_false_start,IFSC-E: Qualification (Tolerate FS),19,,,,,,,11548,B,/api/v1/routes/11548/startlist,
/api/v1/events/1363/result/238,1363,full_results_url,IFSC Youth European Cup Lublin 2024,SPEED Youth A Male,finished,2025-10-02 07:18:40 UTC,2026-04-22 08:28:34 UTC,,8861,speed,Final,Youth A Male,finished,2024-03-17 14:58:12 UTC,/api/v1/category_rounds/8861/results,speed_elimination_ifsc_2023,IFSC 2023+: Elimination,21,,,,,,,12449,A,/api/v1/routes/12449/startlist,
/api/v1/events/1363/result/238,1363,full_results_url,IFSC Youth European Cup Lublin 2024,SPEED Youth A Male,finished,2025-10-02 07:18:40 UTC,2026-04-22 08:28:34 UTC,,8861,speed,Final,Youth A Male,finished,2024-03-17 14:58:12 UTC,/api/v1/category_rounds/8861/results,speed_elimination_ifsc_2023,IFSC 2023+: Elimination,21,,,,,,,12450,B,/api/v1/routes/12450/startlist,
/api/v1/events/1363/result/242,1363,full_results_url,IFSC Youth European Cup Lublin 2024,SPEED Youth B Male,finished,2025-10-02 07:18:40 UTC,2026-04-22 08:28:37 UTC,,8578,speed,Qualification,Youth B Male,finished,2024-03-17 12:01:10 UTC,/api/v1/category_rounds/8578/results,speed_staggered_tolerate_false_start,IFSC-E: Qualification (Tolerate FS),19,,,,,,,11549,A,/api/v1/routes/11549/startlist,
/api/v1/events/1363/result/242,1363,full_results_url,IFSC Youth European Cup Lublin 2024,SPEED Youth B Male,finished,2025-10-02 07:18:40 UTC,2026-04-22 08:28:37 UTC,,8578,speed,Qualification,Youth B Male,finished,2024-03-17 12:01:10 UTC,/api/v1/category_rounds/8578/results,speed_staggered_tolerate_false_start,IFSC-E: Qualification (Tolerate FS),19,,,,,,,11550,B,/api/v1/routes/11550/startlist,
/api/v1/events/1363/result/242,1363,full_results_url,IFSC Youth European Cup Lublin 2024,SPEED Youth B Male,finished,2025-10-02 07:18:40 UTC,2026-04-22 08:28:37 UTC,,8862,speed,Final,Youth B Male,finished,2024-03-17 14:29:24 UTC,/api/v1/category_rounds/8862/results,speed_elimination_ifsc_2023,IFSC 2023+: Elimination,21,,,,,,,12451,A,/api/v1/routes/12451/startlist,
/api/v1/events/1363/result/242,1363,full_results_url,IFSC Youth European Cup Lublin 2024,SPEED Youth B Male,finished,2025-10-02 07:18:40 UTC,2026-04-22 08:28:37 UTC,,8862,speed,Final,Youth B Male,finished,2024-03-17 14:29:24 UTC,/api/v1/category_rounds/8862/results,speed_elimination_ifsc_2023,IFSC 2023+: Elimination,21,,,,,,,12452,B,/api/v1/routes/12452/startlist,
/api/v1/events/1363/result/250,1363,full_results_url,IFSC Youth European Cup Lublin 2024,SPEED Juniors Female,finished,2025-10-02 07:18:40 UTC,2026-04-22 08:28:40 UTC,,8579,speed,Qualification,Juniors Female,finished,2024-03-17 13:14:52 UTC,/api/v1/category_rounds/8579/results,speed_staggered_tolerate_false_start,IFSC-E: Qualification (Tolerate FS),19,,,,,,,11551,A,/api/v1/routes/11551/startlist,
/api/v1/events/1363/result/250,1363,full_results_url,IFSC Youth European Cup Lublin 2024,SPEED Juniors Female,finished,2025-10-02 07:18:40 UTC,2026-04-22 08:28:40 UTC,,8579,speed,Qualification,Juniors Female,finished,2024-03-17 13:14:52 UTC,/api/v1/category_rounds/8579/results,speed_staggered_tolerate_false_start,IFSC-E: Qualification (Tolerate FS),19,,,,,,,11552,B,/api/v1/routes/11552/startlist,
/api/v1/events/1363/result/250,1363,full_results_url,IFSC Youth European Cup Lublin 2024,SPEED Juniors Female,finished,2025-10-02 07:18:40 UTC,2026-04-22 08:28:40 UTC,,8863,speed,Final,Juniors Female,finished,2024-03-17 15:30:05 UTC,/api/v1/category_rounds/8863/results,speed_elimination_ifsc_2023,IFSC 2023+: Elimination,21,,,,,,,12453,A,/api/v1/routes/12453/startlist,
/api/v1/events/1363/result/250,1363,full_results_url,IFSC Youth European Cup Lublin 2024,SPEED Juniors Female,finished,2025-10-02 07:18:40 UTC,2026-04-22 08:28:40 UTC,,8863,speed,Final,Juniors Female,finished,2024-03-17 15:30:05 UTC,/api/v1/category_rounds/8863/results,speed_elimination_ifsc_2023,IFSC 2023+: Elimination,21,,,,,,,12454,B,/api/v1/routes/12454/startlist,
/api/v1/events/1363/result/254,1363,full_results_url,IFSC Youth European Cup Lublin 2024,SPEED Youth A Female,finished,2025-10-02 07:18:40 UTC,2026-04-22 08:28:43 UTC,,8580,speed,Qualification,Youth A Female,finished,2024-03-17 12:33:13 UTC,/api/v1/category_rounds/8580/results,speed_staggered_tolerate_false_start,IFSC-E: Qualification (Tolerate FS),19,,,,,,,11553,A,/api/v1/routes/11553/startlist,
/api/v1/events/1363/result/254,1363,full_results_url,IFSC Youth European Cup Lublin 2024,SPEED Youth A Female,finished,2025-10-02 07:18:40 UTC,2026-04-22 08:28:43 UTC,,8580,speed,Qualification,Youth A Female,finished,2024-03-17 12:33:13 UTC,/api/v1/category_rounds/8580/results,speed_staggered_tolerate_false_start,IFSC-E: Qualification (Tolerate FS),19,,,,,,,11554,B,/api/v1/routes/11554/startlist,
/api/v1/events/1363/result/254,1363,full_results_url,IFSC Youth European Cup Lublin 2024,SPEED Youth A Female,finished,2025-10-02 07:18:40 UTC,2026-04-22 08:28:43 UTC,,8864,speed,Final,Youth A Female,finished,2024-03-17 14:56:12 UTC,/api/v1/category_rounds/8864/results,speed_elimination_ifsc_2023,IFSC 2023+: Elimination,21,,,,,,,12455,A,/api/v1/routes/12455/startlist,
/api/v1/events/1363/result/254,1363,full_results_url,IFSC Youth European Cup Lublin 2024,SPEED Youth A Female,finished,2025-10-02 07:18:40 UTC,2026-04-22 08:28:43 UTC,,8864,speed,Final,Youth A Female,finished,2024-03-17 14:56:12 UTC,/api/v1/category_rounds/8864/results,speed_elimination_ifsc_2023,IFSC 2023+: Elimination,21,,,,,,,12456,B,/api/v1/routes/12456/startlist,
/api/v1/events/1363/result/258,1363,full_results_url,IFSC Youth European Cup Lublin 2024,SPEED Youth B Female,finished,2025-10-02 07:18:40 UTC,2026-04-22 08:28:47 UTC,,8581,speed,Qualification,Youth B Female,finished,2024-03-17 11:45:06 UTC,/api/v1/category_rounds/8581/results,speed_staggered_tolerate_false_start,IFSC-E: Qualification (Tolerate FS),19,,,,,,,11555,A,/api/v1/routes/11555/startlist,
/api/v1/events/1363/result/258,1363,full_results_url,IFSC Youth European Cup Lublin 2024,SPEED Youth B Female,finished,2025-10-02 07:18:40 UTC,2026-04-22 08:28:47 UTC,,8581,speed,Qualification,Youth B Female,finished,2024-03-17 11:45:06 UTC,/api/v1/category_rounds/8581/results,speed_staggered_tolerate_false_start,IFSC-E: Qualification (Tolerate FS),19,,,,,,,11556,B,/api/v1/routes/11556/startlist,
/api/v1/events/1363/result/258,1363,full_results_url,IFSC Youth European Cup Lublin 2024,SPEED Youth B Female,finished,2025-10-02 07:18:40 UTC,2026-04-22 08:28:47 UTC,,8865,speed,Final,Youth B Female,finished,2024-03-17 14:28:27 UTC,/api/v1/category_rounds/8865/results,speed_elimination_ifsc_2023,IFSC 2023+: Elimination,21,,,,,,,12457,A,/api/v1/routes/12457/startlist,
/api/v1/events/1363/result/258,1363,full_results_url,IFSC Youth European Cup Lublin 2024,SPEED Youth B Female,finished,2025-10-02 07:18:40 UTC,2026-04-22 08:28:47 UTC,,8865,speed,Final,Youth B Female,finished,2024-03-17 14:28:27 UTC,/api/v1/category_rounds/8865/results,speed_elimination_ifsc_2023,IFSC 2023+: Elimination,21,,,,,,,12458,B,/api/v1/routes/12458/startlist,
/api/v1/events/1377/result/235,1377,full_results_url,IFSC Youth European Cup Curno 2024,BOULDER Juniors Male,finished,2025-10-02 07:18:41 UTC,2026-04-22 08:28:50 UTC,,8676,boulder,Qualification,Juniors Male,finished,2024-04-06 17:35:17 UTC,/api/v1/category_rounds/8676/results,boulder_one_group_two_courses,Custom: 2 courses,19,,,,,,,12601,A1,/api/v1/routes/12601/startlist,
/api/v1/events/1377/result/235,1377,full_results_url,IFSC Youth European Cup Curno 2024,BOULDER Juniors Male,finished,2025-10-02 07:18:41 UTC,2026-04-22 08:28:50 UTC,,8676,boulder,Qualification,Juniors Male,finished,2024-04-06 17:35:17 UTC,/api/v1/category_rounds/8676/results,boulder_one_group_two_courses,Custom: 2 courses,19,,,,,,,12602,A2,/api/v1/routes/12602/startlist,
/api/v1/events/1377/result/235,1377,full_results_url,IFSC Youth European Cup Curno 2024,BOULDER Juniors Male,finished,2025-10-02 07:18:41 UTC,2026-04-22 08:28:50 UTC,,8676,boulder,Qualification,Juniors Male,finished,2024-04-06 17:35:17 UTC,/api/v1/category_rounds/8676/results,boulder_one_group_two_courses,Custom: 2 courses,19,,,,,,,12603,A3,/api/v1/routes/12603/startlist,
/api/v1/events/1377/result/235,1377,full_results_url,IFSC Youth European Cup Curno 2024,BOULDER Juniors Male,finished,2025-10-02 07:18:41 UTC,2026-04-22 08:28:50 UTC,,8676,boulder,Qualification,Juniors Male,finished,2024-04-06 17:35:17 UTC,/api/v1/category_rounds/8676/results,boulder_one_group_two_courses,Custom: 2 courses,19,,,,,,,12604,B1,/api/v1/routes/12604/startlist,
/api/v1/events/1377/result/235,1377,full_results_url,IFSC Youth European Cup Curno 2024,BOULDER Juniors Male,finished,2025-10-02 07:18:41 UTC,2026-04-22 08:28:50 UTC,,8676,boulder,Qualification,Juniors Male,finished,2024-04-06 17:35:17 UTC,/api/v1/category_rounds/8676/results,boulder_one_group_two_courses,Custom: 2 courses,19,,,,,,,12605,B2,/api/v1/routes/12605/startlist,
/api/v1/events/1377/result/235,1377,full_results_url,IFSC Youth European Cup Curno 2024,BOULDER Juniors Male,finished,2025-10-02 07:18:41 UTC,2026-04-22 08:28:50 UTC,,8676,boulder,Qualification,Juniors Male,finished,2024-04-06 17:35:17 UTC,/api/v1/category_rounds/8676/results,boulder_one_group_two_courses,Custom: 2 courses,19,,,,,,,12606,B3,/api/v1/routes/12606/startlist,
/api/v1/events/1377/result/235,1377,full_results_url,IFSC Youth European Cup Curno 2024,BOULDER Juniors Male,finished,2025-10-02 07:18:41 UTC,2026-04-22 08:28:50 UTC,,8866,boulder,Final,Juniors Male,finished,2024-04-07 13:39:14 UTC,/api/v1/category_rounds/8866/results,boulder_one_group_one_boulder_set,IFSC: 1 group,21,,,,,,,12459,1,/api/v1/routes/12459/startlist,
/api/v1/events/1377/result/235,1377,full_results_url,IFSC Youth European Cup Curno 2024,BOULDER Juniors Male,finished,2025-10-02 07:18:41 UTC,2026-04-22 08:28:50 UTC,,8866,boulder,Final,Juniors Male,finished,2024-04-07 13:39:14 UTC,/api/v1/category_rounds/8866/results,boulder_one_group_one_boulder_set,IFSC: 1 group,21,,,,,,,12460,2,/api/v1/routes/12460/startlist,
/api/v1/events/1377/result/235,1377,full_results_url,IFSC Youth European Cup Curno 2024,BOULDER Juniors Male,finished,2025-10-02 07:18:41 UTC,2026-04-22 08:28:50 UTC,,8866,boulder,Final,Juniors Male,finished,2024-04-07 13:39:14 UTC,/api/v1/category_rounds/8866/results,boulder_one_group_one_boulder_set,IFSC: 1 group,21,,,,,,,12461,3,/api/v1/routes/12461/startlist,
/api/v1/events/1377/result/235,1377,full_results_url,IFSC Youth European Cup Curno 2024,BOULDER Juniors Male,finished,2025-10-02 07:18:41 UTC,2026-04-22 08:28:50 UTC,,8866,boulder,Final,Juniors Male,finished,2024-04-07 13:39:14 UTC,/api/v1/category_rounds/8866/results,boulder_one_group_one_boulder_set,IFSC: 1 group,21,,,,,,,12462,4,/api/v1/routes/12462/startlist,
/api/v1/events/1377/result/239,1377,full_results_url,IFSC Youth European Cup Curno 2024,BOULDER Youth A Male,finished,2025-10-02 07:18:41 UTC,2026-04-22 08:28:54 UTC,,8677,boulder,Qualification,Youth A Male,finished,2024-04-06 12:40:59 UTC,/api/v1/category_rounds/8677/results,boulder_one_group_two_courses,Custom: 2 courses,19,,,,,,,12607,A1,/api/v1/routes/12607/startlist,
/api/v1/events/1377/result/239,1377,full_results_url,IFSC Youth European Cup Curno 2024,BOULDER Youth A Male,finished,2025-10-02 07:18:41 UTC,2026-04-22 08:28:54 UTC,,8677,boulder,Qualification,Youth A Male,finished,2024-04-06 12:40:59 UTC,/api/v1/category_rounds/8677/results,boulder_one_group_two_courses,Custom: 2 courses,19,,,,,,,12608,A2,/api/v1/routes/12608/startlist,
/api/v1/events/1377/result/239,1377,full_results_url,IFSC Youth European Cup Curno 2024,BOULDER Youth A Male,finished,2025-10-02 07:18:41 UTC,2026-04-22 08:28:54 UTC,,8677,boulder,Qualification,Youth A Male,finished,2024-04-06 12:40:59 UTC,/api/v1/category_rounds/8677/results,boulder_one_group_two_courses,Custom: 2 courses,19,,,,,,,12609,A3,/api/v1/routes/12609/startlist,
/api/v1/events/1377/result/239,1377,full_results_url,IFSC Youth European Cup Curno 2024,BOULDER Youth A Male,finished,2025-10-02 07:18:41 UTC,2026-04-22 08:28:54 UTC,,8677,boulder,Qualification,Youth A Male,finished,2024-04-06 12:40:59 UTC,/api/v1/category_rounds/8677/results,boulder_one_group_two_courses,Custom: 2 courses,19,,,,,,,12610,B1,/api/v1/routes/12610/startlist,
/api/v1/events/1377/result/239,1377,full_results_url,IFSC Youth European Cup Curno 2024,BOULDER Youth A Male,finished,2025-10-02 07:18:41 UTC,2026-04-22 08:28:54 UTC,,8677,boulder,Qualification,Youth A Male,finished,2024-04-06 12:40:59 UTC,/api/v1/category_rounds/8677/results,boulder_one_group_two_courses,Custom: 2 courses,19,,,,,,,12611,B2,/api/v1/routes/12611/startlist,
/api/v1/events/1377/result/239,1377,full_results_url,IFSC Youth European Cup Curno 2024,BOULDER Youth A Male,finished,2025-10-02 07:18:41 UTC,2026-04-22 08:28:54 UTC,,8677,boulder,Qualification,Youth A Male,finished,2024-04-06 12:40:59 UTC,/api/v1/category_rounds/8677/results,boulder_one_group_two_courses,Custom: 2 courses,19,,,,,,,12612,B3,/api/v1/routes/12612/startlist,
/api/v1/events/1377/result/239,1377,full_results_url,IFSC Youth European Cup Curno 2024,BOULDER Youth A Male,finished,2025-10-02 07:18:41 UTC,2026-04-22 08:28:54 UTC,,8867,boulder,Final,Youth A Male,finished,2024-04-07 10:29:57 UTC,/api/v1/category_rounds/8867/results,boulder_one_group_one_boulder_set,IFSC: 1 group,21,,,,,,,12463,1,/api/v1/routes/12463/startlist,
/api/v1/events/1377/result/239,1377,full_results_url,IFSC Youth European Cup Curno 2024,BOULDER Youth A Male,finished,2025-10-02 07:18:41 UTC,2026-04-22 08:28:54 UTC,,8867,boulder,Final,Youth A Male,finished,2024-04-07 10:29:57 UTC,/api/v1/category_rounds/8867/results,boulder_one_group_one_boulder_set,IFSC: 1 group,21,,,,,,,12464,2,/api/v1/routes/12464/startlist,
/api/v1/events/1377/result/239,1377,full_results_url,IFSC Youth European Cup Curno 2024,BOULDER Youth A Male,finished,2025-10-02 07:18:41 UTC,2026-04-22 08:28:54 UTC,,8867,boulder,Final,Youth A Male,finished,2024-04-07 10:29:57 UTC,/api/v1/category_rounds/8867/results,boulder_one_group_one_boulder_set,IFSC: 1 group,21,,,,,,,12465,3,/api/v1/routes/12465/startlist,
/api/v1/events/1377/result/239,1377,full_results_url,IFSC Youth European Cup Curno 2024,BOULDER Youth A Male,finished,2025-10-02 07:18:41 UTC,2026-04-22 08:28:54 UTC,,8867,boulder,Final,Youth A Male,finished,2024-04-07 10:29:57 UTC,/api/v1/category_rounds/8867/results,boulder_one_group_one_boulder_set,IFSC: 1 group,21,,,,,,,12466,4,/api/v1/routes/12466/startlist,
/api/v1/events/1377/result/243,1377,full_results_url,IFSC Youth European Cup Curno 2024,BOULDER Youth B Male,finished,2025-10-02 07:18:41 UTC,2026-04-22 08:28:58 UTC,,8678,boulder,Qualification,Youth B Male,finished,2024-04-05 17:12:49 UTC,/api/v1/category_rounds/8678/results,boulder_one_group_two_courses,Custom: 2 courses,19,,,,,,,12613,A1,/api/v1/routes/12613/startlist,
/api/v1/events/1377/result/243,1377,full_results_url,IFSC Youth European Cup Curno 2024,BOULDER Youth B Male,finished,2025-10-02 07:18:41 UTC,2026-04-22 08:28:58 UTC,,8678,boulder,Qualification,Youth B Male,finished,2024-04-05 17:12:49 UTC,/api/v1/category_rounds/8678/results,boulder_one_group_two_courses,Custom: 2 courses,19,,,,,,,12614,A2,/api/v1/routes/12614/startlist,
/api/v1/events/1377/result/243,1377,full_results_url,IFSC Youth European Cup Curno 2024,BOULDER Youth B Male,finished,2025-10-02 07:18:41 UTC,2026-04-22 08:28:58 UTC,,8678,boulder,Qualification,Youth B Male,finished,2024-04-05 17:12:49 UTC,/api/v1/category_rounds/8678/results,boulder_one_group_two_courses,Custom: 2 courses,19,,,,,,,12615,A3,/api/v1/routes/12615/startlist,
/api/v1/events/1377/result/243,1377,full_results_url,IFSC Youth European Cup Curno 2024,BOULDER Youth B Male,finished,2025-10-02 07:18:41 UTC,2026-04-22 08:28:58 UTC,,8678,boulder,Qualification,Youth B Male,finished,2024-04-05 17:12:49 UTC,/api/v1/category_rounds/8678/results,boulder_one_group_two_courses,Custom: 2 courses,19,,,,,,,12616,B1,/api/v1/routes/12616/startlist,
/api/v1/events/1377/result/243,1377,full_results_url,IFSC Youth European Cup Curno 2024,BOULDER Youth B Male,finished,2025-10-02 07:18:41 UTC,2026-04-22 08:28:58 UTC,,8678,boulder,Qualification,Youth B Male,finished,2024-04-05 17:12:49 UTC,/api/v1/category_rounds/8678/results,boulder_one_group_two_courses,Custom: 2 courses,19,,,,,,,12617,B2,/api/v1/routes/12617/startlist,
/api/v1/events/1377/result/243,1377,full_results_url,IFSC Youth European Cup Curno 2024,BOULDER Youth B Male,finished,2025-10-02 07:18:41 UTC,2026-04-22 08:28:58 UTC,,8678,boulder,Qualification,Youth B Male,finished,2024-04-05 17:12:49 UTC,/api/v1/category_rounds/8678/results,boulder_one_group_two_courses,Custom: 2 courses,19,,,,,,,12618,B3,/api/v1/routes/12618/startlist,
/api/v1/events/1377/result/243,1377,full_results_url,IFSC Youth European Cup Curno 2024,BOULDER Youth B Male,finished,2025-10-02 07:18:41 UTC,2026-04-22 08:28:58 UTC,,8868,boulder,Final,Youth B Male,finished,2024-04-07 09:31:37 UTC,/api/v1/category_rounds/8868/results,boulder_one_group_one_boulder_set,IFSC: 1 group,21,,,,,,,12467,1,/api/v1/routes/12467/startlist,
/api/v1/events/1377/result/243,1377,full_results_url,IFSC Youth European Cup Curno 2024,BOULDER Youth B Male,finished,2025-10-02 07:18:41 UTC,2026-04-22 08:28:58 UTC,,8868,boulder,Final,Youth B Male,finished,2024-04-07 09:31:37 UTC,/api/v1/category_rounds/8868/results,boulder_one_group_one_boulder_set,IFSC: 1 group,21,,,,,,,12468,2,/api/v1/routes/12468/startlist,
/api/v1/events/1377/result/243,1377,full_results_url,IFSC Youth European Cup Curno 2024,BOULDER Youth B Male,finished,2025-10-02 07:18:41 UTC,2026-04-22 08:28:58 UTC,,8868,boulder,Final,Youth B Male,finished,2024-04-07 09:31:37 UTC,/api/v1/category_rounds/8868/results,boulder_one_group_one_boulder_set,IFSC: 1 group,21,,,,,,,12469,3,/api/v1/routes/12469/startlist,
/api/v1/events/1377/result/243,1377,full_results_url,IFSC Youth European Cup Curno 2024,BOULDER Youth B Male,finished,2025-10-02 07:18:41 UTC,2026-04-22 08:28:58 UTC,,8868,boulder,Final,Youth B Male,finished,2024-04-07 09:31:37 UTC,/api/v1/category_rounds/8868/results,boulder_one_group_one_boulder_set,IFSC: 1 group,21,,,,,,,12470,4,/api/v1/routes/12470/startlist,
/api/v1/events/1377/result/251,1377,full_results_url,IFSC Youth European Cup Curno 2024,BOULDER Juniors Female,finished,2025-10-02 07:18:41 UTC,2026-04-22 08:29:02 UTC,,8679,boulder,Qualification,Juniors Female,finished,2024-04-06 17:36:08 UTC,/api/v1/category_rounds/8679/results,boulder_one_group_two_courses,Custom: 2 courses,19,,,,,,,12619,A1,/api/v1/routes/12619/startlist,
/api/v1/events/1377/result/251,1377,full_results_url,IFSC Youth European Cup Curno 2024,BOULDER Juniors Female,finished,2025-10-02 07:18:41 UTC,2026-04-22 08:29:02 UTC,,8679,boulder,Qualification,Juniors Female,finished,2024-04-06 17:36:08 UTC,/api/v1/category_rounds/8679/results,boulder_one_group_two_courses,Custom: 2 courses,19,,,,,,,12620,A2,/api/v1/routes/12620/startlist,
/api/v1/events/1377/result/251,1377,full_results_url,IFSC Youth European Cup Curno 2024,BOULDER Juniors Female,finished,2025-10-02 07:18:41 UTC,2026-04-22 08:29:02 UTC,,8679,boulder,Qualification,Juniors Female,finished,2024-04-06 17:36:08 UTC,/api/v1/category_rounds/8679/results,boulder_one_group_two_courses,Custom: 2 courses,19,,,,,,,12621,A3,/api/v1/routes/12621/startlist,
/api/v1/events/1377/result/251,1377,full_results_url,IFSC Youth European Cup Curno 2024,BOULDER Juniors Female,finished,2025-10-02 07:18:41 UTC,2026-04-22 08:29:02 UTC,,8679,boulder,Qualification,Juniors Female,finished,2024-04-06 17:36:08 UTC,/api/v1/category_rounds/8679/results,boulder_one_group_two_courses,Custom: 2 courses,19,,,,,,,12622,B1,/api/v1/routes/12622/startlist,
/api/v1/events/1377/result/251,1377,full_results_url,IFSC Youth European Cup Curno 2024,BOULDER Juniors Female,finished,2025-10-02 07:18:41 UTC,2026-04-22 08:29:02 UTC,,8679,boulder,Qualification,Juniors Female,finished,2024-04-06 17:36:08 UTC,/api/v1/category_rounds/8679/results,boulder_one_group_two_courses,Custom: 2 courses,19,,,,,,,12623,B2,/api/v1/routes/12623/startlist,
/api/v1/events/1377/result/251,1377,full_results_url,IFSC Youth European Cup Curno 2024,BOULDER Juniors Female,finished,2025-10-02 07:18:41 UTC,2026-04-22 08:29:02 UTC,,8679,boulder,Qualification,Juniors Female,finished,2024-04-06 17:36:08 UTC,/api/v1/category_rounds/8679/results,boulder_one_group_two_courses,Custom: 2 courses,19,,,,,,,12624,B3,/api/v1/routes/12624/startlist,
/api/v1/events/1377/result/251,1377,full_results_url,IFSC Youth European Cup Curno 2024,BOULDER Juniors Female,finished,2025-10-02 07:18:41 UTC,2026-04-22 08:29:02 UTC,,8869,boulder,Final,Juniors Female,finished,2024-04-07 13:39:50 UTC,/api/v1/category_rounds/8869/results,boulder_one_group_one_boulder_set,IFSC: 1 group,21,,,,,,,12471,1,/api/v1/routes/12471/startlist,
/api/v1/events/1377/result/251,1377,full_results_url,IFSC Youth European Cup Curno 2024,BOULDER Juniors Female,finished,2025-10-02 07:18:41 UTC,2026-04-22 08:29:02 UTC,,8869,boulder,Final,Juniors Female,finished,2024-04-07 13:39:50 UTC,/api/v1/category_rounds/8869/results,boulder_one_group_one_boulder_set,IFSC: 1 group,21,,,,,,,12472,2,/api/v1/routes/12472/startlist,
/api/v1/events/1377/result/251,1377,full_results_url,IFSC Youth European Cup Curno 2024,BOULDER Juniors Female,finished,2025-10-02 07:18:41 UTC,2026-04-22 08:29:02 UTC,,8869,boulder,Final,Juniors Female,finished,2024-04-07 13:39:50 UTC,/api/v1/category_rounds/8869/results,boulder_one_group_one_boulder_set,IFSC: 1 group,21,,,,,,,12473,3,/api/v1/routes/12473/startlist,
/api/v1/events/1377/result/251,1377,full_results_url,IFSC Youth European Cup Curno 2024,BOULDER Juniors Female,finished,2025-10-02 07:18:41 UTC,2026-04-22 08:29:02 UTC,,8869,boulder,Final,Juniors Female,finished,2024-04-07 13:39:50 UTC,/api/v1/category_rounds/8869/results,boulder_one_group_one_boulder_set,IFSC: 1 group,21,,,,,,,12474,4,/api/v1/routes/12474/startlist,
/api/v1/events/1377/result/255,1377,full_results_url,IFSC Youth European Cup Curno 2024,BOULDER Youth A Female,finished,2025-10-02 07:18:41 UTC,2026-04-22 08:29:06 UTC,,8680,boulder,Qualification,Youth A Female,finished,2024-04-06 12:46:29 UTC,/api/v1/category_rounds/8680/results,boulder_one_group_two_courses,Custom: 2 courses,19,,,,,,,12625,A1,/api/v1/routes/12625/startlist,
/api/v1/events/1377/result/255,1377,full_results_url,IFSC Youth European Cup Curno 2024,BOULDER Youth A Female,finished,2025-10-02 07:18:41 UTC,2026-04-22 08:29:06 UTC,,8680,boulder,Qualification,Youth A Female,finished,2024-04-06 12:46:29 UTC,/api/v1/category_rounds/8680/results,boulder_one_group_two_courses,Custom: 2 courses,19,,,,,,,12626,A2,/api/v1/routes/12626/startlist,
/api/v1/events/1377/result/255,1377,full_results_url,IFSC Youth European Cup Curno 2024,BOULDER Youth A Female,finished,2025-10-02 07:18:41 UTC,2026-04-22 08:29:06 UTC,,8680,boulder,Qualification,Youth A Female,finished,2024-04-06 12:46:29 UTC,/api/v1/category_rounds/8680/results,boulder_one_group_two_courses,Custom: 2 courses,19,,,,,,,12627,A3,/api/v1/routes/12627/startlist,
/api/v1/events/1377/result/255,1377,full_results_url,IFSC Youth European Cup Curno 2024,BOULDER Youth A Female,finished,2025-10-02 07:18:41 UTC,2026-04-22 08:29:06 UTC,,8680,boulder,Qualification,Youth A Female,finished,2024-04-06 12:46:29 UTC,/api/v1/category_rounds/8680/results,boulder_one_group_two_courses,Custom: 2 courses,19,,,,,,,12628,B1,/api/v1/routes/12628/startlist,
/api/v1/events/1377/result/255,1377,full_results_url,IFSC Youth European Cup Curno 2024,BOULDER Youth A Female,finished,2025-10-02 07:18:41 UTC,2026-04-22 08:29:06 UTC,,8680,boulder,Qualification,Youth A Female,finished,2024-04-06 12:46:29 UTC,/api/v1/category_rounds/8680/results,boulder_one_group_two_courses,Custom: 2 courses,19,,,,,,,12629,B2,/api/v1/routes/12629/startlist,
/api/v1/events/1377/result/255,1377,full_results_url,IFSC Youth European Cup Curno 2024,BOULDER Youth A Female,finished,2025-10-02 07:18:41 UTC,2026-04-22 08:29:06 UTC,,8680,boulder,Qualification,Youth A Female,finished,2024-04-06 12:46:29 UTC,/api/v1/category_rounds/8680/results,boulder_one_group_two_courses,Custom: 2 courses,19,,,,,,,12630,B3,/api/v1/routes/12630/startlist,
/api/v1/events/1377/result/255,1377,full_results_url,IFSC Youth European Cup Curno 2024,BOULDER Youth A Female,finished,2025-10-02 07:18:41 UTC,2026-04-22 08:29:06 UTC,,8870,boulder,Final,Youth A Female,finished,2024-04-07 10:30:43 UTC,/api/v1/category_rounds/8870/results,boulder_one_group_one_boulder_set,IFSC: 1 group,21,,,,,,,12475,1,/api/v1/routes/12475/startlist,
/api/v1/events/1377/result/255,1377,full_results_url,IFSC Youth European Cup Curno 2024,BOULDER Youth A Female,finished,2025-10-02 07:18:41 UTC,2026-04-22 08:29:06 UTC,,8870,boulder,Final,Youth A Female,finished,2024-04-07 10:30:43 UTC,/api/v1/category_rounds/8870/results,boulder_one_group_one_boulder_set,IFSC: 1 group,21,,,,,,,12476,2,/api/v1/routes/12476/startlist,
/api/v1/events/1377/result/255,1377,full_results_url,IFSC Youth European Cup Curno 2024,BOULDER Youth A Female,finished,2025-10-02 07:18:41 UTC,2026-04-22 08:29:06 UTC,,8870,boulder,Final,Youth A Female,finished,2024-04-07 10:30:43 UTC,/api/v1/category_rounds/8870/results,boulder_one_group_one_boulder_set,IFSC: 1 group,21,,,,,,,12477,3,/api/v1/routes/12477/startlist,
/api/v1/events/1377/result/255,1377,full_results_url,IFSC Youth European Cup Curno 2024,BOULDER Youth A Female,finished,2025-10-02 07:18:41 UTC,2026-04-22 08:29:06 UTC,,8870,boulder,Final,Youth A Female,finished,2024-04-07 10:30:43 UTC,/api/v1/category_rounds/8870/results,boulder_one_group_one_boulder_set,IFSC: 1 group,21,,,,,,,12478,4,/api/v1/routes/12478/startlist,
/api/v1/events/1377/result/259,1377,full_results_url,IFSC Youth European Cup Curno 2024,BOULDER Youth B Female,finished,2025-10-02 07:18:41 UTC,2026-04-22 08:29:10 UTC,,8681,boulder,Qualification,Youth B Female,finished,2024-04-05 17:12:29 UTC,/api/v1/category_rounds/8681/results,boulder_one_group_two_courses,Custom: 2 courses,19,,,,,,,12631,A1,/api/v1/routes/12631/startlist,
/api/v1/events/1377/result/259,1377,full_results_url,IFSC Youth European Cup Curno 2024,BOULDER Youth B Female,finished,2025-10-02 07:18:41 UTC,2026-04-22 08:29:10 UTC,,8681,boulder,Qualification,Youth B Female,finished,2024-04-05 17:12:29 UTC,/api/v1/category_rounds/8681/results,boulder_one_group_two_courses,Custom: 2 courses,19,,,,,,,12632,A2,/api/v1/routes/12632/startlist,
/api/v1/events/1377/result/259,1377,full_results_url,IFSC Youth European Cup Curno 2024,BOULDER Youth B Female,finished,2025-10-02 07:18:41 UTC,2026-04-22 08:29:10 UTC,,8681,boulder,Qualification,Youth B Female,finished,2024-04-05 17:12:29 UTC,/api/v1/category_rounds/8681/results,boulder_one_group_two_courses,Custom: 2 courses,19,,,,,,,12633,A3,/api/v1/routes/12633/startlist,
/api/v1/events/1377/result/259,1377,full_results_url,IFSC Youth European Cup Curno 2024,BOULDER Youth B Female,finished,2025-10-02 07:18:41 UTC,2026-04-22 08:29:10 UTC,,8681,boulder,Qualification,Youth B Female,finished,2024-04-05 17:12:29 UTC,/api/v1/category_rounds/8681/results,boulder_one_group_two_courses,Custom: 2 courses,19,,,,,,,12634,B1,/api/v1/routes/12634/startlist,
/api/v1/events/1377/result/259,1377,full_results_url,IFSC Youth European Cup Curno 2024,BOULDER Youth B Female,finished,2025-10-02 07:18:41 UTC,2026-04-22 08:29:10 UTC,,8681,boulder,Qualification,Youth B Female,finished,2024-04-05 17:12:29 UTC,/api/v1/category_rounds/8681/results,boulder_one_group_two_courses,Custom: 2 courses,19,,,,,,,12635,B2,/api/v1/routes/12635/startlist,
/api/v1/events/1377/result/259,1377,full_results_url,IFSC Youth European Cup Curno 2024,BOULDER Youth B Female,finished,2025-10-02 07:18:41 UTC,2026-04-22 08:29:10 UTC,,8681,boulder,Qualification,Youth B Female,finished,2024-04-05 17:12:29 UTC,/api/v1/category_rounds/8681/results,boulder_one_group_two_courses,Custom: 2 courses,19,,,,,,,12636,B3,/api/v1/routes/12636/startlist,
/api/v1/events/1377/result/259,1377,full_results_url,IFSC Youth European Cup Curno 2024,BOULDER Youth B Female,finished,2025-10-02 07:18:41 UTC,2026-04-22 08:29:10 UTC,,8871,boulder,Final,Youth B Female,finished,2024-04-07 08:43:45 UTC,/api/v1/category_rounds/8871/results,boulder_one_group_one_boulder_set,IFSC: 1 group,21,,,,,,,12479,1,/api/v1/routes/12479/startlist,
/api/v1/events/1377/result/259,1377,full_results_url,IFSC Youth European Cup Curno 2024,BOULDER Youth B Female,finished,2025-10-02 07:18:41 UTC,2026-04-22 08:29:10 UTC,,8871,boulder,Final,Youth B Female,finished,2024-04-07 08:43:45 UTC,/api/v1/category_rounds/8871/results,boulder_one_group_one_boulder_set,IFSC: 1 group,21,,,,,,,12480,2,/api/v1/routes/12480/startlist,
/api/v1/events/1377/result/259,1377,full_results_url,IFSC Youth European Cup Curno 2024,BOULDER Youth B Female,finished,2025-10-02 07:18:41 UTC,2026-04-22 08:29:10 UTC,,8871,boulder,Final,Youth B Female,finished,2024-04-07 08:43:45 UTC,/api/v1/category_rounds/8871/results,boulder_one_group_one_boulder_set,IFSC: 1 group,21,,,,,,,12481,3,/api/v1/routes/12481/startlist,
/api/v1/events/1377/result/259,1377,full_results_url,IFSC Youth European Cup Curno 2024,BOULDER Youth B Female,finished,2025-10-02 07:18:41 UTC,2026-04-22 08:29:10 UTC,,8871,boulder,Final,Youth B Female,finished,2024-04-07 08:43:45 UTC,/api/v1/category_rounds/8871/results,boulder_one_group_one_boulder_set,IFSC: 1 group,21,,,,,,,12482,4,/api/v1/routes/12482/startlist,
/api/v1/events/1353/result/3,1353,full_results_url,IFSC World Cup Keqiao 2024,BOULDER Men,finished,2025-10-02 07:18:40 UTC,2026-04-22 08:29:14 UTC,,8924,boulder,Semi-final,Men,finished,2024-04-10 13:18:36 UTC,/api/v1/category_rounds/8924/results,boulder_one_group_one_boulder_set,IFSC: 1 group,2,,,,,,,12637,1,/api/v1/routes/12637/startlist,
/api/v1/events/1353/result/3,1353,full_results_url,IFSC World Cup Keqiao 2024,BOULDER Men,finished,2025-10-02 07:18:40 UTC,2026-04-22 08:29:14 UTC,,8924,boulder,Semi-final,Men,finished,2024-04-10 13:18:36 UTC,/api/v1/category_rounds/8924/results,boulder_one_group_one_boulder_set,IFSC: 1 group,2,,,,,,,12638,2,/api/v1/routes/12638/startlist,
/api/v1/events/1353/result/3,1353,full_results_url,IFSC World Cup Keqiao 2024,BOULDER Men,finished,2025-10-02 07:18:40 UTC,2026-04-22 08:29:14 UTC,,8924,boulder,Semi-final,Men,finished,2024-04-10 13:18:36 UTC,/api/v1/category_rounds/8924/results,boulder_one_group_one_boulder_set,IFSC: 1 group,2,,,,,,,12639,3,/api/v1/routes/12639/startlist,
/api/v1/events/1353/result/3,1353,full_results_url,IFSC World Cup Keqiao 2024,BOULDER Men,finished,2025-10-02 07:18:40 UTC,2026-04-22 08:29:14 UTC,,8924,boulder,Semi-final,Men,finished,2024-04-10 13:18:36 UTC,/api/v1/category_rounds/8924/results,boulder_one_group_one_boulder_set,IFSC: 1 group,2,,,,,,,12640,4,/api/v1/routes/12640/startlist,
/api/v1/events/1353/result/7,1353,full_results_url,IFSC World Cup Keqiao 2024,BOULDER Women,finished,2025-10-02 07:18:40 UTC,2026-04-22 08:29:18 UTC,,8925,boulder,Semi-final,Women,finished,2024-04-09 06:14:50 UTC,/api/v1/category_rounds/8925/results,boulder_one_group_one_boulder_set,IFSC: 1 group,2,,,,,,,12641,1,/api/v1/routes/12641/startlist,
/api/v1/events/1353/result/7,1353,full_results_url,IFSC World Cup Keqiao 2024,BOULDER Women,finished,2025-10-02 07:18:40 UTC,2026-04-22 08:29:18 UTC,,8925,boulder,Semi-final,Women,finished,2024-04-09 06:14:50 UTC,/api/v1/category_rounds/8925/results,boulder_one_group_one_boulder_set,IFSC: 1 group,2,,,,,,,12642,2,/api/v1/routes/12642/startlist,
/api/v1/events/1353/result/7,1353,full_results_url,IFSC World Cup Keqiao 2024,BOULDER Women,finished,2025-10-02 07:18:40 UTC,2026-04-22 08:29:18 UTC,,8925,boulder,Semi-final,Women,finished,2024-04-09 06:14:50 UTC,/api/v1/category_rounds/8925/results,boulder_one_group_one_boulder_set,IFSC: 1 group,2,,,,,,,12643,3,/api/v1/routes/12643/startlist,
/api/v1/events/1353/result/7,1353,full_results_url,IFSC World Cup Keqiao 2024,BOULDER Women,finished,2025-10-02 07:18:40 UTC,2026-04-22 08:29:18 UTC,,8925,boulder,Semi-final,Women,finished,2024-04-09 06:14:50 UTC,/api/v1/category_rounds/8925/results,boulder_one_group_one_boulder_set,IFSC: 1 group,2,,,,,,,12644,4,/api/v1/routes/12644/startlist,
/api/v1/events/1353/result/7,1353,full_results_url,IFSC World Cup Keqiao 2024,BOULDER Women,finished,2025-10-02 07:18:40 UTC,2026-04-22 08:29:18 UTC,,8927,boulder,Final,Women,finished,2024-04-09 12:45:53 UTC,/api/v1/category_rounds/8927/results,boulder_finals_one_by_one,IFSC: Finals,3,,,,,,,12649,1,/api/v1/routes/12649/startlist,
/api/v1/events/1353/result/7,1353,full_results_url,IFSC World Cup Keqiao 2024,BOULDER Women,finished,2025-10-02 07:18:40 UTC,2026-04-22 08:29:18 UTC,,8927,boulder,Final,Women,finished,2024-04-09 12:45:53 UTC,/api/v1/category_rounds/8927/results,boulder_finals_one_by_one,IFSC: Finals,3,,,,,,,12650,2,/api/v1/routes/12650/startlist,
/api/v1/events/1353/result/7,1353,full_results_url,IFSC World Cup Keqiao 2024,BOULDER Women,finished,2025-10-02 07:18:40 UTC,2026-04-22 08:29:18 UTC,,8927,boulder,Final,Women,finished,2024-04-09 12:45:53 UTC,/api/v1/category_rounds/8927/results,boulder_finals_one_by_one,IFSC: Finals,3,,,,,,,12651,3,/api/v1/routes/12651/startlist,
/api/v1/events/1353/result/7,1353,full_results_url,IFSC World Cup Keqiao 2024,BOULDER Women,finished,2025-10-02 07:18:40 UTC,2026-04-22 08:29:18 UTC,,8927,boulder,Final,Women,finished,2024-04-09 12:45:53 UTC,/api/v1/category_rounds/8927/results,boulder_finals_one_by_one,IFSC: Finals,3,,,,,,,12652,4,/api/v1/routes/12652/startlist,
/api/v1/events/1354/result/1,1354,full_results_url,IFSC World Cup Wujiang 2024,LEAD Men,finished,2025-10-02 07:18:40 UTC,2026-04-22 08:29:22 UTC,,8504,lead,Qualification,Men,finished,2024-04-12 06:33:13 UTC,/api/v1/category_rounds/8504/results,lead_one_group_two_routes,IFSC: 2 routes,1,,,,,,,11273,1,/api/v1/routes/11273/startlist,/api/v1/routes/11273/results
/api/v1/events/1354/result/1,1354,full_results_url,IFSC World Cup Wujiang 2024,LEAD Men,finished,2025-10-02 07:18:40 UTC,2026-04-22 08:29:22 UTC,,8504,lead,Qualification,Men,finished,2024-04-12 06:33:13 UTC,/api/v1/category_rounds/8504/results,lead_one_group_two_routes,IFSC: 2 routes,1,,,,,,,11274,2,/api/v1/routes/11274/startlist,/api/v1/routes/11274/results
/api/v1/events/1354/result/1,1354,full_results_url,IFSC World Cup Wujiang 2024,LEAD Men,finished,2025-10-02 07:18:40 UTC,2026-04-22 08:29:22 UTC,,8929,lead,Semi-final,Men,finished,2024-04-13 09:25:33 UTC,/api/v1/category_rounds/8929/results,lead_one_group_one_route,IFSC: 1 route,2,,,,,,,12657,1,/api/v1/routes/12657/startlist,/api/v1/routes/12657/results
/api/v1/events/1354/result/1,1354,full_results_url,IFSC World Cup Wujiang 2024,LEAD Men,finished,2025-10-02 07:18:40 UTC,2026-04-22 08:29:22 UTC,,8931,lead,Final,Men,finished,2024-04-14 13:08:04 UTC,/api/v1/category_rounds/8931/results,lead_one_group_one_route,IFSC: 1 route,3,,,,,,,12659,1,/api/v1/routes/12659/startlist,/api/v1/routes/12659/results
/api/v1/events/1354/result/5,1354,full_results_url,IFSC World Cup Wujiang 2024,LEAD Women,finished,2025-10-02 07:18:40 UTC,2026-04-22 08:29:26 UTC,,8505,lead,Qualification,Women,finished,2024-04-12 06:48:24 UTC,/api/v1/category_rounds/8505/results,lead_one_group_two_routes,IFSC: 2 routes,1,,,,,,,11275,1,/api/v1/routes/11275/startlist,/api/v1/routes/11275/results
/api/v1/events/1354/result/5,1354,full_results_url,IFSC World Cup Wujiang 2024,LEAD Women,finished,2025-10-02 07:18:40 UTC,2026-04-22 08:29:26 UTC,,8505,lead,Qualification,Women,finished,2024-04-12 06:48:24 UTC,/api/v1/category_rounds/8505/results,lead_one_group_two_routes,IFSC: 2 routes,1,,,,,,,11276,2,/api/v1/routes/11276/startlist,/api/v1/routes/11276/results
/api/v1/events/1354/result/5,1354,full_results_url,IFSC World Cup Wujiang 2024,LEAD Women,finished,2025-10-02 07:18:40 UTC,2026-04-22 08:29:26 UTC,,8930,lead,Semi-final,Women,finished,2024-04-13 09:39:26 UTC,/api/v1/category_rounds/8930/results,lead_one_group_one_route,IFSC: 1 route,2,,,,,,,12658,1,/api/v1/routes/12658/startlist,/api/v1/routes/12658/results
/api/v1/events/1354/result/5,1354,full_results_url,IFSC World Cup Wujiang 2024,LEAD Women,finished,2025-10-02 07:18:40 UTC,2026-04-22 08:29:26 UTC,,8932,lead,Final,Women,finished,2024-04-14 12:00:41 UTC,/api/v1/category_rounds/8932/results,lead_one_group_one_route,IFSC: 1 route,3,,,,,,,12660,1,/api/v1/routes/12660/startlist,/api/v1/routes/12660/results
/api/v1/events/1354/result/2,1354,full_results_url,IFSC World Cup Wujiang 2024,SPEED Men,finished,2025-10-02 07:18:40 UTC,2026-04-22 08:29:29 UTC,,8506,speed,Qualification,Men,finished,2024-04-12 13:23:32 UTC,/api/v1/category_rounds/8506/results,speed_staggered,IFSC: Qualification,1,,,,,,,11277,A,/api/v1/routes/11277/startlist,
/api/v1/events/1354/result/2,1354,full_results_url,IFSC World Cup Wujiang 2024,SPEED Men,finished,2025-10-02 07:18:40 UTC,2026-04-22 08:29:29 UTC,,8506,speed,Qualification,Men,finished,2024-04-12 13:23:32 UTC,/api/v1/category_rounds/8506/results,speed_staggered,IFSC: Qualification,1,,,,,,,11278,B,/api/v1/routes/11278/startlist,
/api/v1/events/1354/result/2,1354,full_results_url,IFSC World Cup Wujiang 2024,SPEED Men,finished,2025-10-02 07:18:40 UTC,2026-04-22 08:29:29 UTC,,8933,speed,Final,Men,finished,2024-04-13 12:31:47 UTC,/api/v1/category_rounds/8933/results,speed_elimination_ifsc_2023,IFSC 2023+: Elimination,3,,,,,,,12661,A,/api/v1/routes/12661/startlist,
/api/v1/events/1354/result/2,1354,full_results_url,IFSC World Cup Wujiang 2024,SPEED Men,finished,2025-10-02 07:18:40 UTC,2026-04-22 08:29:29 UTC,,8933,speed,Final,Men,finished,2024-04-13 12:31:47 UTC,/api/v1/category_rounds/8933/results,speed_elimination_ifsc_2023,IFSC 2023+: Elimination,3,,,,,,,12662,B,/api/v1/routes/12662/startlist,
/api/v1/events/1354/result/6,1354,full_results_url,IFSC World Cup Wujiang 2024,SPEED Women,finished,2025-10-02 07:18:40 UTC,2026-04-22 08:29:33 UTC,,8507,speed,Qualification,Women,finished,2024-04-12 11:53:44 UTC,/api/v1/category_rounds/8507/results,speed_staggered,IFSC: Qualification,1,,,,,,,11279,A,/api/v1/routes/11279/startlist,
/api/v1/events/1354/result/6,1354,full_results_url,IFSC World Cup Wujiang 2024,SPEED Women,finished,2025-10-02 07:18:40 UTC,2026-04-22 08:29:33 UTC,,8507,speed,Qualification,Women,finished,2024-04-12 11:53:44 UTC,/api/v1/category_rounds/8507/results,speed_staggered,IFSC: Qualification,1,,,,,,,11280,B,/api/v1/routes/11280/startlist,
/api/v1/events/1354/result/6,1354,full_results_url,IFSC World Cup Wujiang 2024,SPEED Women,finished,2025-10-02 07:18:40 UTC,2026-04-22 08:29:33 UTC,,8934,speed,Final,Women,finished,2024-04-13 12:30:15 UTC,/api/v1/category_rounds/8934/results,speed_elimination_ifsc_2023,IFSC 2023+: Elimination,3,,,,,,,12663,A,/api/v1/routes/12663/startlist,
/api/v1/events/1354/result/6,1354,full_results_url,IFSC World Cup Wujiang 2024,SPEED Women,finished,2025-10-02 07:18:40 UTC,2026-04-22 08:29:33 UTC,,8934,speed,Final,Women,finished,2024-04-13 12:30:15 UTC,/api/v1/category_rounds/8934/results,speed_elimination_ifsc_2023,IFSC 2023+: Elimination,3,,,,,,,12664,B,/api/v1/routes/12664/startlist,
/api/v1/events/1365/result/235,1365,full_results_url,IFSC Youth European Cup Soure 2024,BOULDER Juniors Male,finished,2025-10-02 07:18:40 UTC,2026-04-22 08:29:36 UTC,,8584,boulder,Qualification,Juniors Male,finished,2024-04-20 16:31:33 UTC,/api/v1/category_rounds/8584/results,boulder_one_group_two_courses,Custom: 2 courses,19,,,,,,,12695,A1,/api/v1/routes/12695/startlist,
/api/v1/events/1365/result/235,1365,full_results_url,IFSC Youth European Cup Soure 2024,BOULDER Juniors Male,finished,2025-10-02 07:18:40 UTC,2026-04-22 08:29:36 UTC,,8584,boulder,Qualification,Juniors Male,finished,2024-04-20 16:31:33 UTC,/api/v1/category_rounds/8584/results,boulder_one_group_two_courses,Custom: 2 courses,19,,,,,,,12696,A2,/api/v1/routes/12696/startlist,
/api/v1/events/1365/result/235,1365,full_results_url,IFSC Youth European Cup Soure 2024,BOULDER Juniors Male,finished,2025-10-02 07:18:40 UTC,2026-04-22 08:29:36 UTC,,8584,boulder,Qualification,Juniors Male,finished,2024-04-20 16:31:33 UTC,/api/v1/category_rounds/8584/results,boulder_one_group_two_courses,Custom: 2 courses,19,,,,,,,12697,A3,/api/v1/routes/12697/startlist,
/api/v1/events/1365/result/235,1365,full_results_url,IFSC Youth European Cup Soure 2024,BOULDER Juniors Male,finished,2025-10-02 07:18:40 UTC,2026-04-22 08:29:36 UTC,,8584,boulder,Qualification,Juniors Male,finished,2024-04-20 16:31:33 UTC,/api/v1/category_rounds/8584/results,boulder_one_group_two_courses,Custom: 2 courses,19,,,,,,,12698,B1,/api/v1/routes/12698/startlist,
/api/v1/events/1365/result/235,1365,full_results_url,IFSC Youth European Cup Soure 2024,BOULDER Juniors Male,finished,2025-10-02 07:18:40 UTC,2026-04-22 08:29:36 UTC,,8584,boulder,Qualification,Juniors Male,finished,2024-04-20 16:31:33 UTC,/api/v1/category_rounds/8584/results,boulder_one_group_two_courses,Custom: 2 courses,19,,,,,,,12699,B2,/api/v1/routes/12699/startlist,
/api/v1/events/1365/result/235,1365,full_results_url,IFSC Youth European Cup Soure 2024,BOULDER Juniors Male,finished,2025-10-02 07:18:40 UTC,2026-04-22 08:29:36 UTC,,8584,boulder,Qualification,Juniors Male,finished,2024-04-20 16:31:33 UTC,/api/v1/category_rounds/8584/results,boulder_one_group_two_courses,Custom: 2 courses,19,,,,,,,12700,B3,/api/v1/routes/12700/startlist,
/api/v1/events/1365/result/235,1365,full_results_url,IFSC Youth European Cup Soure 2024,BOULDER Juniors Male,finished,2025-10-02 07:18:40 UTC,2026-04-22 08:29:36 UTC,,8935,boulder,Final,Juniors Male,finished,2024-04-21 12:43:36 UTC,/api/v1/category_rounds/8935/results,boulder_one_group_one_boulder_set,IFSC: 1 group,21,,,,,,,12665,1,/api/v1/routes/12665/startlist,
/api/v1/events/1365/result/235,1365,full_results_url,IFSC Youth European Cup Soure 2024,BOULDER Juniors Male,finished,2025-10-02 07:18:40 UTC,2026-04-22 08:29:36 UTC,,8935,boulder,Final,Juniors Male,finished,2024-04-21 12:43:36 UTC,/api/v1/category_rounds/8935/results,boulder_one_group_one_boulder_set,IFSC: 1 group,21,,,,,,,12666,2,/api/v1/routes/12666/startlist,
/api/v1/events/1365/result/235,1365,full_results_url,IFSC Youth European Cup Soure 2024,BOULDER Juniors Male,finished,2025-10-02 07:18:40 UTC,2026-04-22 08:29:36 UTC,,8935,boulder,Final,Juniors Male,finished,2024-04-21 12:43:36 UTC,/api/v1/category_rounds/8935/results,boulder_one_group_one_boulder_set,IFSC: 1 group,21,,,,,,,12667,3,/api/v1/routes/12667/startlist,
/api/v1/events/1365/result/235,1365,full_results_url,IFSC Youth European Cup Soure 2024,BOULDER Juniors Male,finished,2025-10-02 07:18:40 UTC,2026-04-22 08:29:36 UTC,,8935,boulder,Final,Juniors Male,finished,2024-04-21 12:43:36 UTC,/api/v1/category_rounds/8935/results,boulder_one_group_one_boulder_set,IFSC: 1 group,21,,,,,,,12668,4,/api/v1/routes/12668/startlist,
/api/v1/events/1365/result/239,1365,full_results_url,IFSC Youth European Cup Soure 2024,BOULDER Youth A Male,finished,2025-10-02 07:18:40 UTC,2026-04-22 08:29:40 UTC,,8585,boulder,Qualification,Youth A Male,finished,2024-04-20 20:14:03 UTC,/api/v1/category_rounds/8585/results,boulder_one_group_two_courses,Custom: 2 courses,19,,,,,,,12701,A1,/api/v1/routes/12701/startlist,
/api/v1/events/1365/result/239,1365,full_results_url,IFSC Youth European Cup Soure 2024,BOULDER Youth A Male,finished,2025-10-02 07:18:40 UTC,2026-04-22 08:29:40 UTC,,8585,boulder,Qualification,Youth A Male,finished,2024-04-20 20:14:03 UTC,/api/v1/category_rounds/8585/results,boulder_one_group_two_courses,Custom: 2 courses,19,,,,,,,12702,A2,/api/v1/routes/12702/startlist,
/api/v1/events/1365/result/239,1365,full_results_url,IFSC Youth European Cup Soure 2024,BOULDER Youth A Male,finished,2025-10-02 07:18:40 UTC,2026-04-22 08:29:40 UTC,,8585,boulder,Qualification,Youth A Male,finished,2024-04-20 20:14:03 UTC,/api/v1/category_rounds/8585/results,boulder_one_group_two_courses,Custom: 2 courses,19,,,,,,,12703,A3,/api/v1/routes/12703/startlist,
/api/v1/events/1365/result/239,1365,full_results_url,IFSC Youth European Cup Soure 2024,BOULDER Youth A Male,finished,2025-10-02 07:18:40 UTC,2026-04-22 08:29:40 UTC,,8585,boulder,Qualification,Youth A Male,finished,2024-04-20 20:14:03 UTC,/api/v1/category_rounds/8585/results,boulder_one_group_two_courses,Custom: 2 courses,19,,,,,,,12704,B1,/api/v1/routes/12704/startlist,
/api/v1/events/1365/result/239,1365,full_results_url,IFSC Youth European Cup Soure 2024,BOULDER Youth A Male,finished,2025-10-02 07:18:40 UTC,2026-04-22 08:29:40 UTC,,8585,boulder,Qualification,Youth A Male,finished,2024-04-20 20:14:03 UTC,/api/v1/category_rounds/8585/results,boulder_one_group_two_courses,Custom: 2 courses,19,,,,,,,12705,B2,/api/v1/routes/12705/startlist,
/api/v1/events/1365/result/239,1365,full_results_url,IFSC Youth European Cup Soure 2024,BOULDER Youth A Male,finished,2025-10-02 07:18:40 UTC,2026-04-22 08:29:40 UTC,,8585,boulder,Qualification,Youth A Male,finished,2024-04-20 20:14:03 UTC,/api/v1/category_rounds/8585/results,boulder_one_group_two_courses,Custom: 2 courses,19,,,,,,,12706,B3,/api/v1/routes/12706/startlist,
/api/v1/events/1365/result/239,1365,full_results_url,IFSC Youth European Cup Soure 2024,BOULDER Youth A Male,finished,2025-10-02 07:18:40 UTC,2026-04-22 08:29:40 UTC,,8936,boulder,Final,Youth A Male,finished,2024-04-21 14:36:26 UTC,/api/v1/category_rounds/8936/results,boulder_one_group_one_boulder_set,IFSC: 1 group,21,,,,,,,12669,1,/api/v1/routes/12669/startlist,
/api/v1/events/1365/result/239,1365,full_results_url,IFSC Youth European Cup Soure 2024,BOULDER Youth A Male,finished,2025-10-02 07:18:40 UTC,2026-04-22 08:29:40 UTC,,8936,boulder,Final,Youth A Male,finished,2024-04-21 14:36:26 UTC,/api/v1/category_rounds/8936/results,boulder_one_group_one_boulder_set,IFSC: 1 group,21,,,,,,,12670,2,/api/v1/routes/12670/startlist,
/api/v1/events/1365/result/239,1365,full_results_url,IFSC Youth European Cup Soure 2024,BOULDER Youth A Male,finished,2025-10-02 07:18:40 UTC,2026-04-22 08:29:40 UTC,,8936,boulder,Final,Youth A Male,finished,2024-04-21 14:36:26 UTC,/api/v1/category_rounds/8936/results,boulder_one_group_one_boulder_set,IFSC: 1 group,21,,,,,,,12671,3,/api/v1/routes/12671/startlist,
/api/v1/events/1365/result/239,1365,full_results_url,IFSC Youth European Cup Soure 2024,BOULDER Youth A Male,finished,2025-10-02 07:18:40 UTC,2026-04-22 08:29:40 UTC,,8936,boulder,Final,Youth A Male,finished,2024-04-21 14:36:26 UTC,/api/v1/category_rounds/8936/results,boulder_one_group_one_boulder_set,IFSC: 1 group,21,,,,,,,12672,4,/api/v1/routes/12672/startlist,
/api/v1/events/1365/result/243,1365,full_results_url,IFSC Youth European Cup Soure 2024,BOULDER Youth B Male,finished,2025-10-02 07:18:40 UTC,2026-04-22 08:29:44 UTC,,8586,boulder,Qualification,Youth B Male,finished,2024-04-20 16:34:52 UTC,/api/v1/category_rounds/8586/results,boulder_one_group_two_courses,Custom: 2 courses,19,,,,,,,12707,A1,/api/v1/routes/12707/startlist,
/api/v1/events/1365/result/243,1365,full_results_url,IFSC Youth European Cup Soure 2024,BOULDER Youth B Male,finished,2025-10-02 07:18:40 UTC,2026-04-22 08:29:44 UTC,,8586,boulder,Qualification,Youth B Male,finished,2024-04-20 16:34:52 UTC,/api/v1/category_rounds/8586/results,boulder_one_group_two_courses,Custom: 2 courses,19,,,,,,,12708,A2,/api/v1/routes/12708/startlist,
/api/v1/events/1365/result/243,1365,full_results_url,IFSC Youth European Cup Soure 2024,BOULDER Youth B Male,finished,2025-10-02 07:18:40 UTC,2026-04-22 08:29:44 UTC,,8586,boulder,Qualification,Youth B Male,finished,2024-04-20 16:34:52 UTC,/api/v1/category_rounds/8586/results,boulder_one_group_two_courses,Custom: 2 courses,19,,,,,,,12709,A3,/api/v1/routes/12709/startlist,
/api/v1/events/1365/result/243,1365,full_results_url,IFSC Youth European Cup Soure 2024,BOULDER Youth B Male,finished,2025-10-02 07:18:40 UTC,2026-04-22 08:29:44 UTC,,8586,boulder,Qualification,Youth B Male,finished,2024-04-20 16:34:52 UTC,/api/v1/category_rounds/8586/results,boulder_one_group_two_courses,Custom: 2 courses,19,,,,,,,12710,B1,/api/v1/routes/12710/startlist,
/api/v1/events/1365/result/243,1365,full_results_url,IFSC Youth European Cup Soure 2024,BOULDER Youth B Male,finished,2025-10-02 07:18:40 UTC,2026-04-22 08:29:44 UTC,,8586,boulder,Qualification,Youth B Male,finished,2024-04-20 16:34:52 UTC,/api/v1/category_rounds/8586/results,boulder_one_group_two_courses,Custom: 2 courses,19,,,,,,,12711,B2,/api/v1/routes/12711/startlist,
/api/v1/events/1365/result/243,1365,full_results_url,IFSC Youth European Cup Soure 2024,BOULDER Youth B Male,finished,2025-10-02 07:18:40 UTC,2026-04-22 08:29:44 UTC,,8586,boulder,Qualification,Youth B Male,finished,2024-04-20 16:34:52 UTC,/api/v1/category_rounds/8586/results,boulder_one_group_two_courses,Custom: 2 courses,19,,,,,,,12712,B3,/api/v1/routes/12712/startlist,
/api/v1/events/1365/result/243,1365,full_results_url,IFSC Youth European Cup Soure 2024,BOULDER Youth B Male,finished,2025-10-02 07:18:40 UTC,2026-04-22 08:29:44 UTC,,8937,boulder,Final,Youth B Male,finished,2024-04-21 11:26:23 UTC,/api/v1/category_rounds/8937/results,boulder_one_group_one_boulder_set,IFSC: 1 group,21,,,,,,,12673,1,/api/v1/routes/12673/startlist,
/api/v1/events/1365/result/243,1365,full_results_url,IFSC Youth European Cup Soure 2024,BOULDER Youth B Male,finished,2025-10-02 07:18:40 UTC,2026-04-22 08:29:44 UTC,,8937,boulder,Final,Youth B Male,finished,2024-04-21 11:26:23 UTC,/api/v1/category_rounds/8937/results,boulder_one_group_one_boulder_set,IFSC: 1 group,21,,,,,,,12674,2,/api/v1/routes/12674/startlist,
/api/v1/events/1365/result/243,1365,full_results_url,IFSC Youth European Cup Soure 2024,BOULDER Youth B Male,finished,2025-10-02 07:18:40 UTC,2026-04-22 08:29:44 UTC,,8937,boulder,Final,Youth B Male,finished,2024-04-21 11:26:23 UTC,/api/v1/category_rounds/8937/results,boulder_one_group_one_boulder_set,IFSC: 1 group,21,,,,,,,12675,3,/api/v1/routes/12675/startlist,
/api/v1/events/1365/result/243,1365,full_results_url,IFSC Youth European Cup Soure 2024,BOULDER Youth B Male,finished,2025-10-02 07:18:40 UTC,2026-04-22 08:29:44 UTC,,8937,boulder,Final,Youth B Male,finished,2024-04-21 11:26:23 UTC,/api/v1/category_rounds/8937/results,boulder_one_group_one_boulder_set,IFSC: 1 group,21,,,,,,,12676,4,/api/v1/routes/12676/startlist,
/api/v1/events/1365/result/251,1365,full_results_url,IFSC Youth European Cup Soure 2024,BOULDER Juniors Female,finished,2025-10-02 07:18:40 UTC,2026-04-22 08:29:47 UTC,,8587,boulder,Qualification,Juniors Female,finished,2024-04-20 16:34:11 UTC,/api/v1/category_rounds/8587/results,boulder_one_group_two_courses,Custom: 2 courses,19,,,,,,,12713,A1,/api/v1/routes/12713/startlist,
/api/v1/events/1365/result/251,1365,full_results_url,IFSC Youth European Cup Soure 2024,BOULDER Juniors Female,finished,2025-10-02 07:18:40 UTC,2026-04-22 08:29:47 UTC,,8587,boulder,Qualification,Juniors Female,finished,2024-04-20 16:34:11 UTC,/api/v1/category_rounds/8587/results,boulder_one_group_two_courses,Custom: 2 courses,19,,,,,,,12714,A2,/api/v1/routes/12714/startlist,
/api/v1/events/1365/result/251,1365,full_results_url,IFSC Youth European Cup Soure 2024,BOULDER Juniors Female,finished,2025-10-02 07:18:40 UTC,2026-04-22 08:29:47 UTC,,8587,boulder,Qualification,Juniors Female,finished,2024-04-20 16:34:11 UTC,/api/v1/category_rounds/8587/results,boulder_one_group_two_courses,Custom: 2 courses,19,,,,,,,12715,A3,/api/v1/routes/12715/startlist,
/api/v1/events/1365/result/251,1365,full_results_url,IFSC Youth European Cup Soure 2024,BOULDER Juniors Female,finished,2025-10-02 07:18:40 UTC,2026-04-22 08:29:47 UTC,,8587,boulder,Qualification,Juniors Female,finished,2024-04-20 16:34:11 UTC,/api/v1/category_rounds/8587/results,boulder_one_group_two_courses,Custom: 2 courses,19,,,,,,,12716,B1,/api/v1/routes/12716/startlist,
/api/v1/events/1365/result/251,1365,full_results_url,IFSC Youth European Cup Soure 2024,BOULDER Juniors Female,finished,2025-10-02 07:18:40 UTC,2026-04-22 08:29:47 UTC,,8587,boulder,Qualification,Juniors Female,finished,2024-04-20 16:34:11 UTC,/api/v1/category_rounds/8587/results,boulder_one_group_two_courses,Custom: 2 courses,19,,,,,,,12717,B2,/api/v1/routes/12717/startlist,
/api/v1/events/1365/result/251,1365,full_results_url,IFSC Youth European Cup Soure 2024,BOULDER Juniors Female,finished,2025-10-02 07:18:40 UTC,2026-04-22 08:29:47 UTC,,8587,boulder,Qualification,Juniors Female,finished,2024-04-20 16:34:11 UTC,/api/v1/category_rounds/8587/results,boulder_one_group_two_courses,Custom: 2 courses,19,,,,,,,12718,B3,/api/v1/routes/12718/startlist,
/api/v1/events/1365/result/251,1365,full_results_url,IFSC Youth European Cup Soure 2024,BOULDER Juniors Female,finished,2025-10-02 07:18:40 UTC,2026-04-22 08:29:47 UTC,,8938,boulder,Final,Juniors Female,finished,2024-04-21 12:44:19 UTC,/api/v1/category_rounds/8938/results,boulder_one_group_one_boulder_set,IFSC: 1 group,21,,,,,,,12677,1,/api/v1/routes/12677/startlist,
/api/v1/events/1365/result/251,1365,full_results_url,IFSC Youth European Cup Soure 2024,BOULDER Juniors Female,finished,2025-10-02 07:18:40 UTC,2026-04-22 08:29:47 UTC,,8938,boulder,Final,Juniors Female,finished,2024-04-21 12:44:19 UTC,/api/v1/category_rounds/8938/results,boulder_one_group_one_boulder_set,IFSC: 1 group,21,,,,,,,12678,2,/api/v1/routes/12678/startlist,
/api/v1/events/1365/result/251,1365,full_results_url,IFSC Youth European Cup Soure 2024,BOULDER Juniors Female,finished,2025-10-02 07:18:40 UTC,2026-04-22 08:29:47 UTC,,8938,boulder,Final,Juniors Female,finished,2024-04-21 12:44:19 UTC,/api/v1/category_rounds/8938/results,boulder_one_group_one_boulder_set,IFSC: 1 group,21,,,,,,,12679,3,/api/v1/routes/12679/startlist,
/api/v1/events/1365/result/251,1365,full_results_url,IFSC Youth European Cup Soure 2024,BOULDER Juniors Female,finished,2025-10-02 07:18:40 UTC,2026-04-22 08:29:47 UTC,,8938,boulder,Final,Juniors Female,finished,2024-04-21 12:44:19 UTC,/api/v1/category_rounds/8938/results,boulder_one_group_one_boulder_set,IFSC: 1 group,21,,,,,,,12680,4,/api/v1/routes/12680/startlist,
/api/v1/events/1365/result/255,1365,full_results_url,IFSC Youth European Cup Soure 2024,BOULDER Youth A Female,finished,2025-10-02 07:18:40 UTC,2026-04-22 08:29:51 UTC,,8588,boulder,Qualification,Youth A Female,finished,2024-04-20 20:16:26 UTC,/api/v1/category_rounds/8588/results,boulder_one_group_two_courses,Custom: 2 courses,19,,,,,,,12719,A1,/api/v1/routes/12719/startlist,
/api/v1/events/1365/result/255,1365,full_results_url,IFSC Youth European Cup Soure 2024,BOULDER Youth A Female,finished,2025-10-02 07:18:40 UTC,2026-04-22 08:29:51 UTC,,8588,boulder,Qualification,Youth A Female,finished,2024-04-20 20:16:26 UTC,/api/v1/category_rounds/8588/results,boulder_one_group_two_courses,Custom: 2 courses,19,,,,,,,12720,A2,/api/v1/routes/12720/startlist,
/api/v1/events/1365/result/255,1365,full_results_url,IFSC Youth European Cup Soure 2024,BOULDER Youth A Female,finished,2025-10-02 07:18:40 UTC,2026-04-22 08:29:51 UTC,,8588,boulder,Qualification,Youth A Female,finished,2024-04-20 20:16:26 UTC,/api/v1/category_rounds/8588/results,boulder_one_group_two_courses,Custom: 2 courses,19,,,,,,,12721,A3,/api/v1/routes/12721/startlist,
/api/v1/events/1365/result/255,1365,full_results_url,IFSC Youth European Cup Soure 2024,BOULDER Youth A Female,finished,2025-10-02 07:18:40 UTC,2026-04-22 08:29:51 UTC,,8588,boulder,Qualification,Youth A Female,finished,2024-04-20 20:16:26 UTC,/api/v1/category_rounds/8588/results,boulder_one_group_two_courses,Custom: 2 courses,19,,,,,,,12722,B1,/api/v1/routes/12722/startlist,
/api/v1/events/1365/result/255,1365,full_results_url,IFSC Youth European Cup Soure 2024,BOULDER Youth A Female,finished,2025-10-02 07:18:40 UTC,2026-04-22 08:29:51 UTC,,8588,boulder,Qualification,Youth A Female,finished,2024-04-20 20:16:26 UTC,/api/v1/category_rounds/8588/results,boulder_one_group_two_courses,Custom: 2 courses,19,,,,,,,12723,B2,/api/v1/routes/12723/startlist,
/api/v1/events/1365/result/255,1365,full_results_url,IFSC Youth European Cup Soure 2024,BOULDER Youth A Female,finished,2025-10-02 07:18:40 UTC,2026-04-22 08:29:51 UTC,,8588,boulder,Qualification,Youth A Female,finished,2024-04-20 20:16:26 UTC,/api/v1/category_rounds/8588/results,boulder_one_group_two_courses,Custom: 2 courses,19,,,,,,,12724,B3,/api/v1/routes/12724/startlist,
/api/v1/events/1365/result/255,1365,full_results_url,IFSC Youth European Cup Soure 2024,BOULDER Youth A Female,finished,2025-10-02 07:18:40 UTC,2026-04-22 08:29:51 UTC,,8939,boulder,Final,Youth A Female,finished,2024-04-21 14:37:05 UTC,/api/v1/category_rounds/8939/results,boulder_one_group_one_boulder_set,IFSC: 1 group,21,,,,,,,12681,1,/api/v1/routes/12681/startlist,
/api/v1/events/1365/result/255,1365,full_results_url,IFSC Youth European Cup Soure 2024,BOULDER Youth A Female,finished,2025-10-02 07:18:40 UTC,2026-04-22 08:29:51 UTC,,8939,boulder,Final,Youth A Female,finished,2024-04-21 14:37:05 UTC,/api/v1/category_rounds/8939/results,boulder_one_group_one_boulder_set,IFSC: 1 group,21,,,,,,,12682,2,/api/v1/routes/12682/startlist,
/api/v1/events/1365/result/255,1365,full_results_url,IFSC Youth European Cup Soure 2024,BOULDER Youth A Female,finished,2025-10-02 07:18:40 UTC,2026-04-22 08:29:51 UTC,,8939,boulder,Final,Youth A Female,finished,2024-04-21 14:37:05 UTC,/api/v1/category_rounds/8939/results,boulder_one_group_one_boulder_set,IFSC: 1 group,21,,,,,,,12683,3,/api/v1/routes/12683/startlist,
/api/v1/events/1365/result/255,1365,full_results_url,IFSC Youth European Cup Soure 2024,BOULDER Youth A Female,finished,2025-10-02 07:18:40 UTC,2026-04-22 08:29:51 UTC,,8939,boulder,Final,Youth A Female,finished,2024-04-21 14:37:05 UTC,/api/v1/category_rounds/8939/results,boulder_one_group_one_boulder_set,IFSC: 1 group,21,,,,,,,12684,4,/api/v1/routes/12684/startlist,
/api/v1/events/1365/result/259,1365,full_results_url,IFSC Youth European Cup Soure 2024,BOULDER Youth B Female,finished,2025-10-02 07:18:40 UTC,2026-04-22 08:29:55 UTC,,8589,boulder,Qualification,Youth B Female,finished,2024-04-20 16:36:34 UTC,/api/v1/category_rounds/8589/results,boulder_one_group_two_courses,Custom: 2 courses,19,,,,,,,12725,A1,/api/v1/routes/12725/startlist,
/api/v1/events/1365/result/259,1365,full_results_url,IFSC Youth European Cup Soure 2024,BOULDER Youth B Female,finished,2025-10-02 07:18:40 UTC,2026-04-22 08:29:55 UTC,,8589,boulder,Qualification,Youth B Female,finished,2024-04-20 16:36:34 UTC,/api/v1/category_rounds/8589/results,boulder_one_group_two_courses,Custom: 2 courses,19,,,,,,,12726,A2,/api/v1/routes/12726/startlist,
/api/v1/events/1365/result/259,1365,full_results_url,IFSC Youth European Cup Soure 2024,BOULDER Youth B Female,finished,2025-10-02 07:18:40 UTC,2026-04-22 08:29:55 UTC,,8589,boulder,Qualification,Youth B Female,finished,2024-04-20 16:36:34 UTC,/api/v1/category_rounds/8589/results,boulder_one_group_two_courses,Custom: 2 courses,19,,,,,,,12727,A3,/api/v1/routes/12727/startlist,
/api/v1/events/1365/result/259,1365,full_results_url,IFSC Youth European Cup Soure 2024,BOULDER Youth B Female,finished,2025-10-02 07:18:40 UTC,2026-04-22 08:29:55 UTC,,8589,boulder,Qualification,Youth B Female,finished,2024-04-20 16:36:34 UTC,/api/v1/category_rounds/8589/results,boulder_one_group_two_courses,Custom: 2 courses,19,,,,,,,12728,B1,/api/v1/routes/12728/startlist,
/api/v1/events/1365/result/259,1365,full_results_url,IFSC Youth European Cup Soure 2024,BOULDER Youth B Female,finished,2025-10-02 07:18:40 UTC,2026-04-22 08:29:55 UTC,,8589,boulder,Qualification,Youth B Female,finished,2024-04-20 16:36:34 UTC,/api/v1/category_rounds/8589/results,boulder_one_group_two_courses,Custom: 2 courses,19,,,,,,,12729,B2,/api/v1/routes/12729/startlist,
/api/v1/events/1365/result/259,1365,full_results_url,IFSC Youth European Cup Soure 2024,BOULDER Youth B Female,finished,2025-10-02 07:18:40 UTC,2026-04-22 08:29:55 UTC,,8589,boulder,Qualification,Youth B Female,finished,2024-04-20 16:36:34 UTC,/api/v1/category_rounds/8589/results,boulder_one_group_two_courses,Custom: 2 courses,19,,,,,,,12730,B3,/api/v1/routes/12730/startlist,
/api/v1/events/1365/result/259,1365,full_results_url,IFSC Youth European Cup Soure 2024,BOULDER Youth B Female,finished,2025-10-02 07:18:40 UTC,2026-04-22 08:29:55 UTC,,8940,boulder,Final,Youth B Female,finished,2024-04-21 11:25:07 UTC,/api/v1/category_rounds/8940/results,boulder_one_group_one_boulder_set,IFSC: 1 group,21,,,,,,,12685,1,/api/v1/routes/12685/startlist,
/api/v1/events/1365/result/259,1365,full_results_url,IFSC Youth European Cup Soure 2024,BOULDER Youth B Female,finished,2025-10-02 07:18:40 UTC,2026-04-22 08:29:55 UTC,,8940,boulder,Final,Youth B Female,finished,2024-04-21 11:25:07 UTC,/api/v1/category_rounds/8940/results,boulder_one_group_one_boulder_set,IFSC: 1 group,21,,,,,,,12686,2,/api/v1/routes/12686/startlist,
/api/v1/events/1365/result/259,1365,full_results_url,IFSC Youth European Cup Soure 2024,BOULDER Youth B Female,finished,2025-10-02 07:18:40 UTC,2026-04-22 08:29:55 UTC,,8940,boulder,Final,Youth B Female,finished,2024-04-21 11:25:07 UTC,/api/v1/category_rounds/8940/results,boulder_one_group_one_boulder_set,IFSC: 1 group,21,,,,,,,12687,3,/api/v1/routes/12687/startlist,
/api/v1/events/1365/result/259,1365,full_results_url,IFSC Youth European Cup Soure 2024,BOULDER Youth B Female,finished,2025-10-02 07:18:40 UTC,2026-04-22 08:29:55 UTC,,8940,boulder,Final,Youth B Female,finished,2024-04-21 11:25:07 UTC,/api/v1/category_rounds/8940/results,boulder_one_group_one_boulder_set,IFSC: 1 group,21,,,,,,,12688,4,/api/v1/routes/12688/startlist,
/api/v1/events/1366/result/227,1366,full_results_url,IFSC European Cup Klagenfurt 2024,BOULDER Men,finished,2025-10-02 07:18:40 UTC,2026-04-22 08:29:59 UTC,,8590,boulder,Qualification,Men,finished,2024-04-26 20:02:55 UTC,/api/v1/category_rounds/8590/results,boulder_one_group_two_courses,Custom: 2 courses,16,,,,,,,12825,A1,/api/v1/routes/12825/startlist,
/api/v1/events/1366/result/227,1366,full_results_url,IFSC European Cup Klagenfurt 2024,BOULDER Men,finished,2025-10-02 07:18:40 UTC,2026-04-22 08:29:59 UTC,,8590,boulder,Qualification,Men,finished,2024-04-26 20:02:55 UTC,/api/v1/category_rounds/8590/results,boulder_one_group_two_courses,Custom: 2 courses,16,,,,,,,12826,A2,/api/v1/routes/12826/startlist,
/api/v1/events/1366/result/227,1366,full_results_url,IFSC European Cup Klagenfurt 2024,BOULDER Men,finished,2025-10-02 07:18:40 UTC,2026-04-22 08:29:59 UTC,,8590,boulder,Qualification,Men,finished,2024-04-26 20:02:55 UTC,/api/v1/category_rounds/8590/results,boulder_one_group_two_courses,Custom: 2 courses,16,,,,,,,12827,A3,/api/v1/routes/12827/startlist,
/api/v1/events/1366/result/227,1366,full_results_url,IFSC European Cup Klagenfurt 2024,BOULDER Men,finished,2025-10-02 07:18:40 UTC,2026-04-22 08:29:59 UTC,,8590,boulder,Qualification,Men,finished,2024-04-26 20:02:55 UTC,/api/v1/category_rounds/8590/results,boulder_one_group_two_courses,Custom: 2 courses,16,,,,,,,12828,B1,/api/v1/routes/12828/startlist,
/api/v1/events/1366/result/227,1366,full_results_url,IFSC European Cup Klagenfurt 2024,BOULDER Men,finished,2025-10-02 07:18:40 UTC,2026-04-22 08:29:59 UTC,,8590,boulder,Qualification,Men,finished,2024-04-26 20:02:55 UTC,/api/v1/category_rounds/8590/results,boulder_one_group_two_courses,Custom: 2 courses,16,,,,,,,12829,B2,/api/v1/routes/12829/startlist,
/api/v1/events/1366/result/227,1366,full_results_url,IFSC European Cup Klagenfurt 2024,BOULDER Men,finished,2025-10-02 07:18:40 UTC,2026-04-22 08:29:59 UTC,,8590,boulder,Qualification,Men,finished,2024-04-26 20:02:55 UTC,/api/v1/category_rounds/8590/results,boulder_one_group_two_courses,Custom: 2 courses,16,,,,,,,12830,B3,/api/v1/routes/12830/startlist,
/api/v1/events/1366/result/227,1366,full_results_url,IFSC European Cup Klagenfurt 2024,BOULDER Men,finished,2025-10-02 07:18:40 UTC,2026-04-22 08:29:59 UTC,,8949,boulder,Semi-Final,Men,finished,2024-04-27 12:20:18 UTC,/api/v1/category_rounds/8949/results,boulder_one_group_one_boulder_set,IFSC: 1 group,17,,,,,,,12837,1,/api/v1/routes/12837/startlist,
/api/v1/events/1366/result/227,1366,full_results_url,IFSC European Cup Klagenfurt 2024,BOULDER Men,finished,2025-10-02 07:18:40 UTC,2026-04-22 08:29:59 UTC,,8949,boulder,Semi-Final,Men,finished,2024-04-27 12:20:18 UTC,/api/v1/category_rounds/8949/results,boulder_one_group_one_boulder_set,IFSC: 1 group,17,,,,,,,12838,2,/api/v1/routes/12838/startlist,
/api/v1/events/1366/result/227,1366,full_results_url,IFSC European Cup Klagenfurt 2024,BOULDER Men,finished,2025-10-02 07:18:40 UTC,2026-04-22 08:29:59 UTC,,8949,boulder,Semi-Final,Men,finished,2024-04-27 12:20:18 UTC,/api/v1/category_rounds/8949/results,boulder_one_group_one_boulder_set,IFSC: 1 group,17,,,,,,,12839,3,/api/v1/routes/12839/startlist,
/api/v1/events/1366/result/227,1366,full_results_url,IFSC European Cup Klagenfurt 2024,BOULDER Men,finished,2025-10-02 07:18:40 UTC,2026-04-22 08:29:59 UTC,,8949,boulder,Semi-Final,Men,finished,2024-04-27 12:20:18 UTC,/api/v1/category_rounds/8949/results,boulder_one_group_one_boulder_set,IFSC: 1 group,17,,,,,,,12840,4,/api/v1/routes/12840/startlist,
/api/v1/events/1366/result/227,1366,full_results_url,IFSC European Cup Klagenfurt 2024,BOULDER Men,finished,2025-10-02 07:18:40 UTC,2026-04-22 08:29:59 UTC,,8951,boulder,Final,Men,finished,2024-04-27 18:36:08 UTC,/api/v1/category_rounds/8951/results,boulder_one_group_one_boulder_set,IFSC: 1 group,18,,,,,,,12861,1,/api/v1/routes/12861/startlist,
/api/v1/events/1366/result/227,1366,full_results_url,IFSC European Cup Klagenfurt 2024,BOULDER Men,finished,2025-10-02 07:18:40 UTC,2026-04-22 08:29:59 UTC,,8951,boulder,Final,Men,finished,2024-04-27 18:36:08 UTC,/api/v1/category_rounds/8951/results,boulder_one_group_one_boulder_set,IFSC: 1 group,18,,,,,,,12862,2,/api/v1/routes/12862/startlist,
/api/v1/events/1366/result/227,1366,full_results_url,IFSC European Cup Klagenfurt 2024,BOULDER Men,finished,2025-10-02 07:18:40 UTC,2026-04-22 08:29:59 UTC,,8951,boulder,Final,Men,finished,2024-04-27 18:36:08 UTC,/api/v1/category_rounds/8951/results,boulder_one_group_one_boulder_set,IFSC: 1 group,18,,,,,,,12863,3,/api/v1/routes/12863/startlist,
/api/v1/events/1366/result/227,1366,full_results_url,IFSC European Cup Klagenfurt 2024,BOULDER Men,finished,2025-10-02 07:18:40 UTC,2026-04-22 08:29:59 UTC,,8951,boulder,Final,Men,finished,2024-04-27 18:36:08 UTC,/api/v1/category_rounds/8951/results,boulder_one_group_one_boulder_set,IFSC: 1 group,18,,,,,,,12864,4,/api/v1/routes/12864/startlist,
/api/v1/events/1366/result/231,1366,full_results_url,IFSC European Cup Klagenfurt 2024,BOULDER Women,finished,2025-10-02 07:18:40 UTC,2026-04-22 08:30:03 UTC,,8591,boulder,Qualification,Women,finished,2024-04-26 12:39:49 UTC,/api/v1/category_rounds/8591/results,boulder_one_group_two_courses,Custom: 2 courses,16,,,,,,,12831,A1,/api/v1/routes/12831/startlist,
/api/v1/events/1366/result/231,1366,full_results_url,IFSC European Cup Klagenfurt 2024,BOULDER Women,finished,2025-10-02 07:18:40 UTC,2026-04-22 08:30:03 UTC,,8591,boulder,Qualification,Women,finished,2024-04-26 12:39:49 UTC,/api/v1/category_rounds/8591/results,boulder_one_group_two_courses,Custom: 2 courses,16,,,,,,,12832,A2,/api/v1/routes/12832/startlist,
/api/v1/events/1366/result/231,1366,full_results_url,IFSC European Cup Klagenfurt 2024,BOULDER Women,finished,2025-10-02 07:18:40 UTC,2026-04-22 08:30:03 UTC,,8591,boulder,Qualification,Women,finished,2024-04-26 12:39:49 UTC,/api/v1/category_rounds/8591/results,boulder_one_group_two_courses,Custom: 2 courses,16,,,,,,,12833,A3,/api/v1/routes/12833/startlist,
/api/v1/events/1366/result/231,1366,full_results_url,IFSC European Cup Klagenfurt 2024,BOULDER Women,finished,2025-10-02 07:18:40 UTC,2026-04-22 08:30:03 UTC,,8591,boulder,Qualification,Women,finished,2024-04-26 12:39:49 UTC,/api/v1/category_rounds/8591/results,boulder_one_group_two_courses,Custom: 2 courses,16,,,,,,,12834,B1,/api/v1/routes/12834/startlist,
/api/v1/events/1366/result/231,1366,full_results_url,IFSC European Cup Klagenfurt 2024,BOULDER Women,finished,2025-10-02 07:18:40 UTC,2026-04-22 08:30:03 UTC,,8591,boulder,Qualification,Women,finished,2024-04-26 12:39:49 UTC,/api/v1/category_rounds/8591/results,boulder_one_group_two_courses,Custom: 2 courses,16,,,,,,,12835,B2,/api/v1/routes/12835/startlist,
/api/v1/events/1366/result/231,1366,full_results_url,IFSC European Cup Klagenfurt 2024,BOULDER Women,finished,2025-10-02 07:18:40 UTC,2026-04-22 08:30:03 UTC,,8591,boulder,Qualification,Women,finished,2024-04-26 12:39:49 UTC,/api/v1/category_rounds/8591/results,boulder_one_group_two_courses,Custom: 2 courses,16,,,,,,,12836,B3,/api/v1/routes/12836/startlist,
/api/v1/events/1366/result/231,1366,full_results_url,IFSC European Cup Klagenfurt 2024,BOULDER Women,finished,2025-10-02 07:18:40 UTC,2026-04-22 08:30:03 UTC,,8950,boulder,Semi-Final,Women,finished,2024-04-27 09:23:25 UTC,/api/v1/category_rounds/8950/results,boulder_one_group_one_boulder_set,IFSC: 1 group,17,,,,,,,12841,1,/api/v1/routes/12841/startlist,
/api/v1/events/1366/result/231,1366,full_results_url,IFSC European Cup Klagenfurt 2024,BOULDER Women,finished,2025-10-02 07:18:40 UTC,2026-04-22 08:30:03 UTC,,8950,boulder,Semi-Final,Women,finished,2024-04-27 09:23:25 UTC,/api/v1/category_rounds/8950/results,boulder_one_group_one_boulder_set,IFSC: 1 group,17,,,,,,,12842,2,/api/v1/routes/12842/startlist,
/api/v1/events/1366/result/231,1366,full_results_url,IFSC European Cup Klagenfurt 2024,BOULDER Women,finished,2025-10-02 07:18:40 UTC,2026-04-22 08:30:03 UTC,,8950,boulder,Semi-Final,Women,finished,2024-04-27 09:23:25 UTC,/api/v1/category_rounds/8950/results,boulder_one_group_one_boulder_set,IFSC: 1 group,17,,,,,,,12843,3,/api/v1/routes/12843/startlist,
/api/v1/events/1366/result/231,1366,full_results_url,IFSC European Cup Klagenfurt 2024,BOULDER Women,finished,2025-10-02 07:18:40 UTC,2026-04-22 08:30:03 UTC,,8950,boulder,Semi-Final,Women,finished,2024-04-27 09:23:25 UTC,/api/v1/category_rounds/8950/results,boulder_one_group_one_boulder_set,IFSC: 1 group,17,,,,,,,12844,4,/api/v1/routes/12844/startlist,
/api/v1/events/1366/result/231,1366,full_results_url,IFSC European Cup Klagenfurt 2024,BOULDER Women,finished,2025-10-02 07:18:40 UTC,2026-04-22 08:30:03 UTC,,8952,boulder,Final,Women,finished,2024-04-27 17:12:35 UTC,/api/v1/category_rounds/8952/results,boulder_one_group_one_boulder_set,IFSC: 1 group,18,,,,,,,12865,1,/api/v1/routes/12865/startlist,
/api/v1/events/1366/result/231,1366,full_results_url,IFSC European Cup Klagenfurt 2024,BOULDER Women,finished,2025-10-02 07:18:40 UTC,2026-04-22 08:30:03 UTC,,8952,boulder,Final,Women,finished,2024-04-27 17:12:35 UTC,/api/v1/category_rounds/8952/results,boulder_one_group_one_boulder_set,IFSC: 1 group,18,,,,,,,12866,2,/api/v1/routes/12866/startlist,
/api/v1/events/1366/result/231,1366,full_results_url,IFSC European Cup Klagenfurt 2024,BOULDER Women,finished,2025-10-02 07:18:40 UTC,2026-04-22 08:30:03 UTC,,8952,boulder,Final,Women,finished,2024-04-27 17:12:35 UTC,/api/v1/category_rounds/8952/results,boulder_one_group_one_boulder_set,IFSC: 1 group,18,,,,,,,12867,3,/api/v1/routes/12867/startlist,
/api/v1/events/1366/result/231,1366,full_results_url,IFSC European Cup Klagenfurt 2024,BOULDER Women,finished,2025-10-02 07:18:40 UTC,2026-04-22 08:30:03 UTC,,8952,boulder,Final,Women,finished,2024-04-27 17:12:35 UTC,/api/v1/category_rounds/8952/results,boulder_one_group_one_boulder_set,IFSC: 1 group,18,,,,,,,12868,4,/api/v1/routes/12868/startlist,
/api/v1/events/1367/result/235,1367,full_results_url,IFSC Youth European Cup Graz 2024,BOULDER Juniors Male,finished,2025-10-02 07:18:40 UTC,2026-04-22 08:30:07 UTC,,8592,boulder,Qualification,Juniors Male,finished,2024-05-04 10:24:08 UTC,/api/v1/category_rounds/8592/results,boulder_one_group_two_courses,Custom: 2 courses,19,,,,,,,12869,A1,/api/v1/routes/12869/startlist,
/api/v1/events/1367/result/235,1367,full_results_url,IFSC Youth European Cup Graz 2024,BOULDER Juniors Male,finished,2025-10-02 07:18:40 UTC,2026-04-22 08:30:07 UTC,,8592,boulder,Qualification,Juniors Male,finished,2024-05-04 10:24:08 UTC,/api/v1/category_rounds/8592/results,boulder_one_group_two_courses,Custom: 2 courses,19,,,,,,,12870,A2,/api/v1/routes/12870/startlist,
/api/v1/events/1367/result/235,1367,full_results_url,IFSC Youth European Cup Graz 2024,BOULDER Juniors Male,finished,2025-10-02 07:18:40 UTC,2026-04-22 08:30:07 UTC,,8592,boulder,Qualification,Juniors Male,finished,2024-05-04 10:24:08 UTC,/api/v1/category_rounds/8592/results,boulder_one_group_two_courses,Custom: 2 courses,19,,,,,,,12871,A3,/api/v1/routes/12871/startlist,
/api/v1/events/1367/result/235,1367,full_results_url,IFSC Youth European Cup Graz 2024,BOULDER Juniors Male,finished,2025-10-02 07:18:40 UTC,2026-04-22 08:30:07 UTC,,8592,boulder,Qualification,Juniors Male,finished,2024-05-04 10:24:08 UTC,/api/v1/category_rounds/8592/results,boulder_one_group_two_courses,Custom: 2 courses,19,,,,,,,12872,B1,/api/v1/routes/12872/startlist,
/api/v1/events/1367/result/235,1367,full_results_url,IFSC Youth European Cup Graz 2024,BOULDER Juniors Male,finished,2025-10-02 07:18:40 UTC,2026-04-22 08:30:07 UTC,,8592,boulder,Qualification,Juniors Male,finished,2024-05-04 10:24:08 UTC,/api/v1/category_rounds/8592/results,boulder_one_group_two_courses,Custom: 2 courses,19,,,,,,,12873,B2,/api/v1/routes/12873/startlist,
/api/v1/events/1367/result/235,1367,full_results_url,IFSC Youth European Cup Graz 2024,BOULDER Juniors Male,finished,2025-10-02 07:18:40 UTC,2026-04-22 08:30:07 UTC,,8592,boulder,Qualification,Juniors Male,finished,2024-05-04 10:24:08 UTC,/api/v1/category_rounds/8592/results,boulder_one_group_two_courses,Custom: 2 courses,19,,,,,,,12874,B3,/api/v1/routes/12874/startlist,
/api/v1/events/1367/result/235,1367,full_results_url,IFSC Youth European Cup Graz 2024,BOULDER Juniors Male,finished,2025-10-02 07:18:40 UTC,2026-04-22 08:30:07 UTC,,8953,boulder,Final,Juniors Male,finished,2024-05-05 09:23:40 UTC,/api/v1/category_rounds/8953/results,boulder_one_group_one_boulder_set,IFSC: 1 group,21,,,,,,,12905,1,/api/v1/routes/12905/startlist,
/api/v1/events/1367/result/235,1367,full_results_url,IFSC Youth European Cup Graz 2024,BOULDER Juniors Male,finished,2025-10-02 07:18:40 UTC,2026-04-22 08:30:07 UTC,,8953,boulder,Final,Juniors Male,finished,2024-05-05 09:23:40 UTC,/api/v1/category_rounds/8953/results,boulder_one_group_one_boulder_set,IFSC: 1 group,21,,,,,,,12906,2,/api/v1/routes/12906/startlist,
/api/v1/events/1367/result/235,1367,full_results_url,IFSC Youth European Cup Graz 2024,BOULDER Juniors Male,finished,2025-10-02 07:18:40 UTC,2026-04-22 08:30:07 UTC,,8953,boulder,Final,Juniors Male,finished,2024-05-05 09:23:40 UTC,/api/v1/category_rounds/8953/results,boulder_one_group_one_boulder_set,IFSC: 1 group,21,,,,,,,12907,3,/api/v1/routes/12907/startlist,
/api/v1/events/1367/result/235,1367,full_results_url,IFSC Youth European Cup Graz 2024,BOULDER Juniors Male,finished,2025-10-02 07:18:40 UTC,2026-04-22 08:30:07 UTC,,8953,boulder,Final,Juniors Male,finished,2024-05-05 09:23:40 UTC,/api/v1/category_rounds/8953/results,boulder_one_group_one_boulder_set,IFSC: 1 group,21,,,,,,,12908,4,/api/v1/routes/12908/startlist,
/api/v1/events/1367/result/239,1367,full_results_url,IFSC Youth European Cup Graz 2024,BOULDER Youth A Male,finished,2025-10-02 07:18:40 UTC,2026-04-22 08:30:11 UTC,,8593,boulder,Qualification,Youth A Male,finished,2024-05-04 17:14:46 UTC,/api/v1/category_rounds/8593/results,boulder_one_group_two_courses,Custom: 2 courses,19,,,,,,,12875,A1,/api/v1/routes/12875/startlist,
/api/v1/events/1367/result/239,1367,full_results_url,IFSC Youth European Cup Graz 2024,BOULDER Youth A Male,finished,2025-10-02 07:18:40 UTC,2026-04-22 08:30:11 UTC,,8593,boulder,Qualification,Youth A Male,finished,2024-05-04 17:14:46 UTC,/api/v1/category_rounds/8593/results,boulder_one_group_two_courses,Custom: 2 courses,19,,,,,,,12876,A2,/api/v1/routes/12876/startlist,
/api/v1/events/1367/result/239,1367,full_results_url,IFSC Youth European Cup Graz 2024,BOULDER Youth A Male,finished,2025-10-02 07:18:40 UTC,2026-04-22 08:30:11 UTC,,8593,boulder,Qualification,Youth A Male,finished,2024-05-04 17:14:46 UTC,/api/v1/category_rounds/8593/results,boulder_one_group_two_courses,Custom: 2 courses,19,,,,,,,12877,A3,/api/v1/routes/12877/startlist,
/api/v1/events/1367/result/239,1367,full_results_url,IFSC Youth European Cup Graz 2024,BOULDER Youth A Male,finished,2025-10-02 07:18:40 UTC,2026-04-22 08:30:11 UTC,,8593,boulder,Qualification,Youth A Male,finished,2024-05-04 17:14:46 UTC,/api/v1/category_rounds/8593/results,boulder_one_group_two_courses,Custom: 2 courses,19,,,,,,,12878,B1,/api/v1/routes/12878/startlist,
/api/v1/events/1367/result/239,1367,full_results_url,IFSC Youth European Cup Graz 2024,BOULDER Youth A Male,finished,2025-10-02 07:18:40 UTC,2026-04-22 08:30:11 UTC,,8593,boulder,Qualification,Youth A Male,finished,2024-05-04 17:14:46 UTC,/api/v1/category_rounds/8593/results,boulder_one_group_two_courses,Custom: 2 courses,19,,,,,,,12879,B2,/api/v1/routes/12879/startlist,
/api/v1/events/1367/result/239,1367,full_results_url,IFSC Youth European Cup Graz 2024,BOULDER Youth A Male,finished,2025-10-02 07:18:40 UTC,2026-04-22 08:30:11 UTC,,8593,boulder,Qualification,Youth A Male,finished,2024-05-04 17:14:46 UTC,/api/v1/category_rounds/8593/results,boulder_one_group_two_courses,Custom: 2 courses,19,,,,,,,12880,B3,/api/v1/routes/12880/startlist,
/api/v1/events/1367/result/239,1367,full_results_url,IFSC Youth European Cup Graz 2024,BOULDER Youth A Male,finished,2025-10-02 07:18:40 UTC,2026-04-22 08:30:11 UTC,,8954,boulder,Final,Youth A Male,finished,2024-05-05 11:22:13 UTC,/api/v1/category_rounds/8954/results,boulder_one_group_one_boulder_set,IFSC: 1 group,21,,,,,,,12909,1,/api/v1/routes/12909/startlist,
/api/v1/events/1367/result/239,1367,full_results_url,IFSC Youth European Cup Graz 2024,BOULDER Youth A Male,finished,2025-10-02 07:18:40 UTC,2026-04-22 08:30:11 UTC,,8954,boulder,Final,Youth A Male,finished,2024-05-05 11:22:13 UTC,/api/v1/category_rounds/8954/results,boulder_one_group_one_boulder_set,IFSC: 1 group,21,,,,,,,12910,2,/api/v1/routes/12910/startlist,
/api/v1/events/1367/result/239,1367,full_results_url,IFSC Youth European Cup Graz 2024,BOULDER Youth A Male,finished,2025-10-02 07:18:40 UTC,2026-04-22 08:30:11 UTC,,8954,boulder,Final,Youth A Male,finished,2024-05-05 11:22:13 UTC,/api/v1/category_rounds/8954/results,boulder_one_group_one_boulder_set,IFSC: 1 group,21,,,,,,,12911,3,/api/v1/routes/12911/startlist,
/api/v1/events/1367/result/239,1367,full_results_url,IFSC Youth European Cup Graz 2024,BOULDER Youth A Male,finished,2025-10-02 07:18:40 UTC,2026-04-22 08:30:11 UTC,,8954,boulder,Final,Youth A Male,finished,2024-05-05 11:22:13 UTC,/api/v1/category_rounds/8954/results,boulder_one_group_one_boulder_set,IFSC: 1 group,21,,,,,,,12912,4,/api/v1/routes/12912/startlist,
/api/v1/events/1367/result/243,1367,full_results_url,IFSC Youth European Cup Graz 2024,BOULDER Youth B Male,finished,2025-10-02 07:18:40 UTC,2026-04-22 08:30:15 UTC,,8594,boulder,Qualification,Youth B Male,finished,2024-05-03 19:04:03 UTC,/api/v1/category_rounds/8594/results,boulder_one_group_two_courses,Custom: 2 courses,19,,,,,,,12881,A1,/api/v1/routes/12881/startlist,
/api/v1/events/1367/result/243,1367,full_results_url,IFSC Youth European Cup Graz 2024,BOULDER Youth B Male,finished,2025-10-02 07:18:40 UTC,2026-04-22 08:30:15 UTC,,8594,boulder,Qualification,Youth B Male,finished,2024-05-03 19:04:03 UTC,/api/v1/category_rounds/8594/results,boulder_one_group_two_courses,Custom: 2 courses,19,,,,,,,12882,A2,/api/v1/routes/12882/startlist,
/api/v1/events/1367/result/243,1367,full_results_url,IFSC Youth European Cup Graz 2024,BOULDER Youth B Male,finished,2025-10-02 07:18:40 UTC,2026-04-22 08:30:15 UTC,,8594,boulder,Qualification,Youth B Male,finished,2024-05-03 19:04:03 UTC,/api/v1/category_rounds/8594/results,boulder_one_group_two_courses,Custom: 2 courses,19,,,,,,,12883,A3,/api/v1/routes/12883/startlist,
/api/v1/events/1367/result/243,1367,full_results_url,IFSC Youth European Cup Graz 2024,BOULDER Youth B Male,finished,2025-10-02 07:18:40 UTC,2026-04-22 08:30:15 UTC,,8594,boulder,Qualification,Youth B Male,finished,2024-05-03 19:04:03 UTC,/api/v1/category_rounds/8594/results,boulder_one_group_two_courses,Custom: 2 courses,19,,,,,,,12884,B1,/api/v1/routes/12884/startlist,
/api/v1/events/1367/result/243,1367,full_results_url,IFSC Youth European Cup Graz 2024,BOULDER Youth B Male,finished,2025-10-02 07:18:40 UTC,2026-04-22 08:30:15 UTC,,8594,boulder,Qualification,Youth B Male,finished,2024-05-03 19:04:03 UTC,/api/v1/category_rounds/8594/results,boulder_one_group_two_courses,Custom: 2 courses,19,,,,,,,12885,B2,/api/v1/routes/12885/startlist,
/api/v1/events/1367/result/243,1367,full_results_url,IFSC Youth European Cup Graz 2024,BOULDER Youth B Male,finished,2025-10-02 07:18:40 UTC,2026-04-22 08:30:15 UTC,,8594,boulder,Qualification,Youth B Male,finished,2024-05-03 19:04:03 UTC,/api/v1/category_rounds/8594/results,boulder_one_group_two_courses,Custom: 2 courses,19,,,,,,,12886,B3,/api/v1/routes/12886/startlist,
/api/v1/events/1367/result/243,1367,full_results_url,IFSC Youth European Cup Graz 2024,BOULDER Youth B Male,finished,2025-10-02 07:18:40 UTC,2026-04-22 08:30:15 UTC,,8955,boulder,Final,Youth B Male,finished,2024-05-04 20:04:04 UTC,/api/v1/category_rounds/8955/results,boulder_one_group_one_boulder_set,IFSC: 1 group,21,,,,,,,12913,1,/api/v1/routes/12913/startlist,
/api/v1/events/1367/result/243,1367,full_results_url,IFSC Youth European Cup Graz 2024,BOULDER Youth B Male,finished,2025-10-02 07:18:40 UTC,2026-04-22 08:30:15 UTC,,8955,boulder,Final,Youth B Male,finished,2024-05-04 20:04:04 UTC,/api/v1/category_rounds/8955/results,boulder_one_group_one_boulder_set,IFSC: 1 group,21,,,,,,,12914,2,/api/v1/routes/12914/startlist,
/api/v1/events/1367/result/243,1367,full_results_url,IFSC Youth European Cup Graz 2024,BOULDER Youth B Male,finished,2025-10-02 07:18:40 UTC,2026-04-22 08:30:15 UTC,,8955,boulder,Final,Youth B Male,finished,2024-05-04 20:04:04 UTC,/api/v1/category_rounds/8955/results,boulder_one_group_one_boulder_set,IFSC: 1 group,21,,,,,,,12915,3,/api/v1/routes/12915/startlist,
/api/v1/events/1367/result/243,1367,full_results_url,IFSC Youth European Cup Graz 2024,BOULDER Youth B Male,finished,2025-10-02 07:18:40 UTC,2026-04-22 08:30:15 UTC,,8955,boulder,Final,Youth B Male,finished,2024-05-04 20:04:04 UTC,/api/v1/category_rounds/8955/results,boulder_one_group_one_boulder_set,IFSC: 1 group,21,,,,,,,12916,4,/api/v1/routes/12916/startlist,
/api/v1/events/1367/result/251,1367,full_results_url,IFSC Youth European Cup Graz 2024,BOULDER Juniors Female,finished,2025-10-02 07:18:40 UTC,2026-04-22 08:30:19 UTC,,8595,boulder,Qualification,Juniors Female,finished,2024-05-04 09:47:30 UTC,/api/v1/category_rounds/8595/results,boulder_one_group_two_courses,Custom: 2 courses,19,,,,,,,12887,A1,/api/v1/routes/12887/startlist,
/api/v1/events/1367/result/251,1367,full_results_url,IFSC Youth European Cup Graz 2024,BOULDER Juniors Female,finished,2025-10-02 07:18:40 UTC,2026-04-22 08:30:19 UTC,,8595,boulder,Qualification,Juniors Female,finished,2024-05-04 09:47:30 UTC,/api/v1/category_rounds/8595/results,boulder_one_group_two_courses,Custom: 2 courses,19,,,,,,,12888,A2,/api/v1/routes/12888/startlist,
/api/v1/events/1367/result/251,1367,full_results_url,IFSC Youth European Cup Graz 2024,BOULDER Juniors Female,finished,2025-10-02 07:18:40 UTC,2026-04-22 08:30:19 UTC,,8595,boulder,Qualification,Juniors Female,finished,2024-05-04 09:47:30 UTC,/api/v1/category_rounds/8595/results,boulder_one_group_two_courses,Custom: 2 courses,19,,,,,,,12889,A3,/api/v1/routes/12889/startlist,
/api/v1/events/1367/result/251,1367,full_results_url,IFSC Youth European Cup Graz 2024,BOULDER Juniors Female,finished,2025-10-02 07:18:40 UTC,2026-04-22 08:30:19 UTC,,8595,boulder,Qualification,Juniors Female,finished,2024-05-04 09:47:30 UTC,/api/v1/category_rounds/8595/results,boulder_one_group_two_courses,Custom: 2 courses,19,,,,,,,12890,B1,/api/v1/routes/12890/startlist,
/api/v1/events/1367/result/251,1367,full_results_url,IFSC Youth European Cup Graz 2024,BOULDER Juniors Female,finished,2025-10-02 07:18:40 UTC,2026-04-22 08:30:19 UTC,,8595,boulder,Qualification,Juniors Female,finished,2024-05-04 09:47:30 UTC,/api/v1/category_rounds/8595/results,boulder_one_group_two_courses,Custom: 2 courses,19,,,,,,,12891,B2,/api/v1/routes/12891/startlist,
/api/v1/events/1367/result/251,1367,full_results_url,IFSC Youth European Cup Graz 2024,BOULDER Juniors Female,finished,2025-10-02 07:18:40 UTC,2026-04-22 08:30:19 UTC,,8595,boulder,Qualification,Juniors Female,finished,2024-05-04 09:47:30 UTC,/api/v1/category_rounds/8595/results,boulder_one_group_two_courses,Custom: 2 courses,19,,,,,,,12892,B3,/api/v1/routes/12892/startlist,
/api/v1/events/1367/result/251,1367,full_results_url,IFSC Youth European Cup Graz 2024,BOULDER Juniors Female,finished,2025-10-02 07:18:40 UTC,2026-04-22 08:30:19 UTC,,8956,boulder,Final,Juniors Female,finished,2024-05-05 09:24:19 UTC,/api/v1/category_rounds/8956/results,boulder_one_group_one_boulder_set,IFSC: 1 group,21,,,,,,,12917,1,/api/v1/routes/12917/startlist,
/api/v1/events/1367/result/251,1367,full_results_url,IFSC Youth European Cup Graz 2024,BOULDER Juniors Female,finished,2025-10-02 07:18:40 UTC,2026-04-22 08:30:19 UTC,,8956,boulder,Final,Juniors Female,finished,2024-05-05 09:24:19 UTC,/api/v1/category_rounds/8956/results,boulder_one_group_one_boulder_set,IFSC: 1 group,21,,,,,,,12918,2,/api/v1/routes/12918/startlist,
/api/v1/events/1367/result/251,1367,full_results_url,IFSC Youth European Cup Graz 2024,BOULDER Juniors Female,finished,2025-10-02 07:18:40 UTC,2026-04-22 08:30:19 UTC,,8956,boulder,Final,Juniors Female,finished,2024-05-05 09:24:19 UTC,/api/v1/category_rounds/8956/results,boulder_one_group_one_boulder_set,IFSC: 1 group,21,,,,,,,12919,3,/api/v1/routes/12919/startlist,
/api/v1/events/1367/result/251,1367,full_results_url,IFSC Youth European Cup Graz 2024,BOULDER Juniors Female,finished,2025-10-02 07:18:40 UTC,2026-04-22 08:30:19 UTC,,8956,boulder,Final,Juniors Female,finished,2024-05-05 09:24:19 UTC,/api/v1/category_rounds/8956/results,boulder_one_group_one_boulder_set,IFSC: 1 group,21,,,,,,,12920,4,/api/v1/routes/12920/startlist,
/api/v1/events/1367/result/255,1367,full_results_url,IFSC Youth European Cup Graz 2024,BOULDER Youth A Female,finished,2025-10-02 07:18:40 UTC,2026-04-22 08:30:22 UTC,,8596,boulder,Qualification,Youth A Female,finished,2024-05-04 16:23:03 UTC,/api/v1/category_rounds/8596/results,boulder_one_group_two_courses,Custom: 2 courses,19,,,,,,,12893,A1,/api/v1/routes/12893/startlist,
/api/v1/events/1367/result/255,1367,full_results_url,IFSC Youth European Cup Graz 2024,BOULDER Youth A Female,finished,2025-10-02 07:18:40 UTC,2026-04-22 08:30:22 UTC,,8596,boulder,Qualification,Youth A Female,finished,2024-05-04 16:23:03 UTC,/api/v1/category_rounds/8596/results,boulder_one_group_two_courses,Custom: 2 courses,19,,,,,,,12894,A2,/api/v1/routes/12894/startlist,
/api/v1/events/1367/result/255,1367,full_results_url,IFSC Youth European Cup Graz 2024,BOULDER Youth A Female,finished,2025-10-02 07:18:40 UTC,2026-04-22 08:30:22 UTC,,8596,boulder,Qualification,Youth A Female,finished,2024-05-04 16:23:03 UTC,/api/v1/category_rounds/8596/results,boulder_one_group_two_courses,Custom: 2 courses,19,,,,,,,12895,A3,/api/v1/routes/12895/startlist,
/api/v1/events/1367/result/255,1367,full_results_url,IFSC Youth European Cup Graz 2024,BOULDER Youth A Female,finished,2025-10-02 07:18:40 UTC,2026-04-22 08:30:22 UTC,,8596,boulder,Qualification,Youth A Female,finished,2024-05-04 16:23:03 UTC,/api/v1/category_rounds/8596/results,boulder_one_group_two_courses,Custom: 2 courses,19,,,,,,,12896,B1,/api/v1/routes/12896/startlist,
/api/v1/events/1367/result/255,1367,full_results_url,IFSC Youth European Cup Graz 2024,BOULDER Youth A Female,finished,2025-10-02 07:18:40 UTC,2026-04-22 08:30:22 UTC,,8596,boulder,Qualification,Youth A Female,finished,2024-05-04 16:23:03 UTC,/api/v1/category_rounds/8596/results,boulder_one_group_two_courses,Custom: 2 courses,19,,,,,,,12897,B2,/api/v1/routes/12897/startlist,
/api/v1/events/1367/result/255,1367,full_results_url,IFSC Youth European Cup Graz 2024,BOULDER Youth A Female,finished,2025-10-02 07:18:40 UTC,2026-04-22 08:30:22 UTC,,8596,boulder,Qualification,Youth A Female,finished,2024-05-04 16:23:03 UTC,/api/v1/category_rounds/8596/results,boulder_one_group_two_courses,Custom: 2 courses,19,,,,,,,12898,B3,/api/v1/routes/12898/startlist,
/api/v1/events/1367/result/255,1367,full_results_url,IFSC Youth European Cup Graz 2024,BOULDER Youth A Female,finished,2025-10-02 07:18:40 UTC,2026-04-22 08:30:22 UTC,,8957,boulder,Final,Youth A Female,finished,2024-05-05 11:23:04 UTC,/api/v1/category_rounds/8957/results,boulder_one_group_one_boulder_set,IFSC: 1 group,21,,,,,,,12921,1,/api/v1/routes/12921/startlist,
/api/v1/events/1367/result/255,1367,full_results_url,IFSC Youth European Cup Graz 2024,BOULDER Youth A Female,finished,2025-10-02 07:18:40 UTC,2026-04-22 08:30:22 UTC,,8957,boulder,Final,Youth A Female,finished,2024-05-05 11:23:04 UTC,/api/v1/category_rounds/8957/results,boulder_one_group_one_boulder_set,IFSC: 1 group,21,,,,,,,12922,2,/api/v1/routes/12922/startlist,
/api/v1/events/1367/result/255,1367,full_results_url,IFSC Youth European Cup Graz 2024,BOULDER Youth A Female,finished,2025-10-02 07:18:40 UTC,2026-04-22 08:30:22 UTC,,8957,boulder,Final,Youth A Female,finished,2024-05-05 11:23:04 UTC,/api/v1/category_rounds/8957/results,boulder_one_group_one_boulder_set,IFSC: 1 group,21,,,,,,,12923,3,/api/v1/routes/12923/startlist,
/api/v1/events/1367/result/255,1367,full_results_url,IFSC Youth European Cup Graz 2024,BOULDER Youth A Female,finished,2025-10-02 07:18:40 UTC,2026-04-22 08:30:22 UTC,,8957,boulder,Final,Youth A Female,finished,2024-05-05 11:23:04 UTC,/api/v1/category_rounds/8957/results,boulder_one_group_one_boulder_set,IFSC: 1 group,21,,,,,,,12924,4,/api/v1/routes/12924/startlist,
/api/v1/events/1367/result/259,1367,full_results_url,IFSC Youth European Cup Graz 2024,BOULDER Youth B Female,finished,2025-10-02 07:18:40 UTC,2026-04-22 08:30:27 UTC,,8597,boulder,Qualification,Youth B Female,finished,2024-05-03 18:53:25 UTC,/api/v1/category_rounds/8597/results,boulder_one_group_two_courses,Custom: 2 courses,19,,,,,,,12899,A1,/api/v1/routes/12899/startlist,
/api/v1/events/1367/result/259,1367,full_results_url,IFSC Youth European Cup Graz 2024,BOULDER Youth B Female,finished,2025-10-02 07:18:40 UTC,2026-04-22 08:30:27 UTC,,8597,boulder,Qualification,Youth B Female,finished,2024-05-03 18:53:25 UTC,/api/v1/category_rounds/8597/results,boulder_one_group_two_courses,Custom: 2 courses,19,,,,,,,12900,A2,/api/v1/routes/12900/startlist,
/api/v1/events/1367/result/259,1367,full_results_url,IFSC Youth European Cup Graz 2024,BOULDER Youth B Female,finished,2025-10-02 07:18:40 UTC,2026-04-22 08:30:27 UTC,,8597,boulder,Qualification,Youth B Female,finished,2024-05-03 18:53:25 UTC,/api/v1/category_rounds/8597/results,boulder_one_group_two_courses,Custom: 2 courses,19,,,,,,,12901,A3,/api/v1/routes/12901/startlist,
/api/v1/events/1367/result/259,1367,full_results_url,IFSC Youth European Cup Graz 2024,BOULDER Youth B Female,finished,2025-10-02 07:18:40 UTC,2026-04-22 08:30:27 UTC,,8597,boulder,Qualification,Youth B Female,finished,2024-05-03 18:53:25 UTC,/api/v1/category_rounds/8597/results,boulder_one_group_two_courses,Custom: 2 courses,19,,,,,,,12902,B1,/api/v1/routes/12902/startlist,
/api/v1/events/1367/result/259,1367,full_results_url,IFSC Youth European Cup Graz 2024,BOULDER Youth B Female,finished,2025-10-02 07:18:40 UTC,2026-04-22 08:30:27 UTC,,8597,boulder,Qualification,Youth B Female,finished,2024-05-03 18:53:25 UTC,/api/v1/category_rounds/8597/results,boulder_one_group_two_courses,Custom: 2 courses,19,,,,,,,12903,B2,/api/v1/routes/12903/startlist,
/api/v1/events/1367/result/259,1367,full_results_url,IFSC Youth European Cup Graz 2024,BOULDER Youth B Female,finished,2025-10-02 07:18:40 UTC,2026-04-22 08:30:27 UTC,,8597,boulder,Qualification,Youth B Female,finished,2024-05-03 18:53:25 UTC,/api/v1/category_rounds/8597/results,boulder_one_group_two_courses,Custom: 2 courses,19,,,,,,,12904,B3,/api/v1/routes/12904/startlist,
/api/v1/events/1367/result/259,1367,full_results_url,IFSC Youth European Cup Graz 2024,BOULDER Youth B Female,finished,2025-10-02 07:18:40 UTC,2026-04-22 08:30:27 UTC,,8958,boulder,Final,Youth B Female,finished,2024-05-04 20:04:04 UTC,/api/v1/category_rounds/8958/results,boulder_one_group_one_boulder_set,IFSC: 1 group,21,,,,,,,12925,1,/api/v1/routes/12925/startlist,
/api/v1/events/1367/result/259,1367,full_results_url,IFSC Youth European Cup Graz 2024,BOULDER Youth B Female,finished,2025-10-02 07:18:40 UTC,2026-04-22 08:30:27 UTC,,8958,boulder,Final,Youth B Female,finished,2024-05-04 20:04:04 UTC,/api/v1/category_rounds/8958/results,boulder_one_group_one_boulder_set,IFSC: 1 group,21,,,,,,,12926,2,/api/v1/routes/12926/startlist,
/api/v1/events/1367/result/259,1367,full_results_url,IFSC Youth European Cup Graz 2024,BOULDER Youth B Female,finished,2025-10-02 07:18:40 UTC,2026-04-22 08:30:27 UTC,,8958,boulder,Final,Youth B Female,finished,2024-05-04 20:04:04 UTC,/api/v1/category_rounds/8958/results,boulder_one_group_one_boulder_set,IFSC: 1 group,21,,,,,,,12927,3,/api/v1/routes/12927/startlist,
/api/v1/events/1367/result/259,1367,full_results_url,IFSC Youth European Cup Graz 2024,BOULDER Youth B Female,finished,2025-10-02 07:18:40 UTC,2026-04-22 08:30:27 UTC,,8958,boulder,Final,Youth B Female,finished,2024-05-04 20:04:04 UTC,/api/v1/category_rounds/8958/results,boulder_one_group_one_boulder_set,IFSC: 1 group,21,,,,,,,12928,4,/api/v1/routes/12928/startlist,
/api/v1/events/1355/result/2,1355,full_results_url,IFSC World Cup Salt Lake City 2024,SPEED Men,finished,2025-10-02 07:18:40 UTC,2026-04-22 08:30:30 UTC,,8510,speed,Qualification,Men,finished,2024-05-04 22:40:31 UTC,/api/v1/category_rounds/8510/results,speed_staggered,IFSC: Qualification,1,,,,,,,11301,A,/api/v1/routes/11301/startlist,
/api/v1/events/1355/result/2,1355,full_results_url,IFSC World Cup Salt Lake City 2024,SPEED Men,finished,2025-10-02 07:18:40 UTC,2026-04-22 08:30:30 UTC,,8510,speed,Qualification,Men,finished,2024-05-04 22:40:31 UTC,/api/v1/category_rounds/8510/results,speed_staggered,IFSC: Qualification,1,,,,,,,11302,B,/api/v1/routes/11302/startlist,
/api/v1/events/1355/result/2,1355,full_results_url,IFSC World Cup Salt Lake City 2024,SPEED Men,finished,2025-10-02 07:18:40 UTC,2026-04-22 08:30:30 UTC,,8963,speed,Final,Men,finished,2024-05-05 03:26:46 UTC,/api/v1/category_rounds/8963/results,speed_elimination_ifsc_2023,IFSC 2023+: Elimination,3,,,,,,,12945,A,/api/v1/routes/12945/startlist,
/api/v1/events/1355/result/2,1355,full_results_url,IFSC World Cup Salt Lake City 2024,SPEED Men,finished,2025-10-02 07:18:40 UTC,2026-04-22 08:30:30 UTC,,8963,speed,Final,Men,finished,2024-05-05 03:26:46 UTC,/api/v1/category_rounds/8963/results,speed_elimination_ifsc_2023,IFSC 2023+: Elimination,3,,,,,,,12946,B,/api/v1/routes/12946/startlist,
/api/v1/events/1355/result/6,1355,full_results_url,IFSC World Cup Salt Lake City 2024,SPEED Women,finished,2025-10-02 07:18:40 UTC,2026-04-22 08:30:34 UTC,,8511,speed,Qualification,Women,finished,2024-05-04 21:35:21 UTC,/api/v1/category_rounds/8511/results,speed_staggered,IFSC: Qualification,1,,,,,,,11303,A,/api/v1/routes/11303/startlist,
/api/v1/events/1355/result/6,1355,full_results_url,IFSC World Cup Salt Lake City 2024,SPEED Women,finished,2025-10-02 07:18:40 UTC,2026-04-22 08:30:34 UTC,,8511,speed,Qualification,Women,finished,2024-05-04 21:35:21 UTC,/api/v1/category_rounds/8511/results,speed_staggered,IFSC: Qualification,1,,,,,,,11304,B,/api/v1/routes/11304/startlist,
/api/v1/events/1355/result/6,1355,full_results_url,IFSC World Cup Salt Lake City 2024,SPEED Women,finished,2025-10-02 07:18:40 UTC,2026-04-22 08:30:34 UTC,,8964,speed,Final,Women,finished,2024-05-05 03:24:52 UTC,/api/v1/category_rounds/8964/results,speed_elimination_ifsc_2023,IFSC 2023+: Elimination,3,,,,,,,12947,A,/api/v1/routes/12947/startlist,
/api/v1/events/1355/result/6,1355,full_results_url,IFSC World Cup Salt Lake City 2024,SPEED Women,finished,2025-10-02 07:18:40 UTC,2026-04-22 08:30:34 UTC,,8964,speed,Final,Women,finished,2024-05-05 03:24:52 UTC,/api/v1/category_rounds/8964/results,speed_elimination_ifsc_2023,IFSC 2023+: Elimination,3,,,,,,,12948,B,/api/v1/routes/12948/startlist,
/api/v1/events/1355/result/3,1355,full_results_url,IFSC World Cup Salt Lake City 2024,BOULDER Men,finished,2025-10-02 07:18:40 UTC,2026-04-22 08:30:37 UTC,,8969,boulder,Semi-final,Men,finished,2024-05-04 18:23:46 UTC,/api/v1/category_rounds/8969/results,boulder_one_group_one_boulder_set,IFSC: 1 group,2,,,,,,,13015,1,/api/v1/routes/13015/startlist,
/api/v1/events/1355/result/3,1355,full_results_url,IFSC World Cup Salt Lake City 2024,BOULDER Men,finished,2025-10-02 07:18:40 UTC,2026-04-22 08:30:37 UTC,,8969,boulder,Semi-final,Men,finished,2024-05-04 18:23:46 UTC,/api/v1/category_rounds/8969/results,boulder_one_group_one_boulder_set,IFSC: 1 group,2,,,,,,,13016,2,/api/v1/routes/13016/startlist,
/api/v1/events/1355/result/3,1355,full_results_url,IFSC World Cup Salt Lake City 2024,BOULDER Men,finished,2025-10-02 07:18:40 UTC,2026-04-22 08:30:37 UTC,,8969,boulder,Semi-final,Men,finished,2024-05-04 18:23:46 UTC,/api/v1/category_rounds/8969/results,boulder_one_group_one_boulder_set,IFSC: 1 group,2,,,,,,,13017,3,/api/v1/routes/13017/startlist,
/api/v1/events/1355/result/3,1355,full_results_url,IFSC World Cup Salt Lake City 2024,BOULDER Men,finished,2025-10-02 07:18:40 UTC,2026-04-22 08:30:37 UTC,,8969,boulder,Semi-final,Men,finished,2024-05-04 18:23:46 UTC,/api/v1/category_rounds/8969/results,boulder_one_group_one_boulder_set,IFSC: 1 group,2,,,,,,,13018,4,/api/v1/routes/13018/startlist,
/api/v1/events/1355/result/3,1355,full_results_url,IFSC World Cup Salt Lake City 2024,BOULDER Men,finished,2025-10-02 07:18:40 UTC,2026-04-22 08:30:37 UTC,,8971,boulder,Final,Men,finished,2024-05-05 02:02:04 UTC,/api/v1/category_rounds/8971/results,boulder_finals_one_by_one,IFSC: Finals,3,,,,,,,13044,1,/api/v1/routes/13044/startlist,
/api/v1/events/1355/result/3,1355,full_results_url,IFSC World Cup Salt Lake City 2024,BOULDER Men,finished,2025-10-02 07:18:40 UTC,2026-04-22 08:30:37 UTC,,8971,boulder,Final,Men,finished,2024-05-05 02:02:04 UTC,/api/v1/category_rounds/8971/results,boulder_finals_one_by_one,IFSC: Finals,3,,,,,,,13045,2,/api/v1/routes/13045/startlist,
/api/v1/events/1355/result/3,1355,full_results_url,IFSC World Cup Salt Lake City 2024,BOULDER Men,finished,2025-10-02 07:18:40 UTC,2026-04-22 08:30:37 UTC,,8971,boulder,Final,Men,finished,2024-05-05 02:02:04 UTC,/api/v1/category_rounds/8971/results,boulder_finals_one_by_one,IFSC: Finals,3,,,,,,,13046,3,/api/v1/routes/13046/startlist,
/api/v1/events/1355/result/3,1355,full_results_url,IFSC World Cup Salt Lake City 2024,BOULDER Men,finished,2025-10-02 07:18:40 UTC,2026-04-22 08:30:37 UTC,,8971,boulder,Final,Men,finished,2024-05-05 02:02:04 UTC,/api/v1/category_rounds/8971/results,boulder_finals_one_by_one,IFSC: Finals,3,,,,,,,13047,4,/api/v1/routes/13047/startlist,
/api/v1/events/1355/result/7,1355,full_results_url,IFSC World Cup Salt Lake City 2024,BOULDER Women,finished,2025-10-02 07:18:40 UTC,2026-04-22 08:30:41 UTC,,8968,boulder,Qualification,Women,finished,2024-05-04 02:07:51 UTC,/api/v1/category_rounds/8968/results,boulder_one_group_one_boulder_set,IFSC: 1 group,1,,,,,,,13010,1,/api/v1/routes/13010/startlist,
/api/v1/events/1355/result/7,1355,full_results_url,IFSC World Cup Salt Lake City 2024,BOULDER Women,finished,2025-10-02 07:18:40 UTC,2026-04-22 08:30:41 UTC,,8968,boulder,Qualification,Women,finished,2024-05-04 02:07:51 UTC,/api/v1/category_rounds/8968/results,boulder_one_group_one_boulder_set,IFSC: 1 group,1,,,,,,,13011,2,/api/v1/routes/13011/startlist,
/api/v1/events/1355/result/7,1355,full_results_url,IFSC World Cup Salt Lake City 2024,BOULDER Women,finished,2025-10-02 07:18:40 UTC,2026-04-22 08:30:41 UTC,,8968,boulder,Qualification,Women,finished,2024-05-04 02:07:51 UTC,/api/v1/category_rounds/8968/results,boulder_one_group_one_boulder_set,IFSC: 1 group,1,,,,,,,13012,3,/api/v1/routes/13012/startlist,
/api/v1/events/1355/result/7,1355,full_results_url,IFSC World Cup Salt Lake City 2024,BOULDER Women,finished,2025-10-02 07:18:40 UTC,2026-04-22 08:30:41 UTC,,8968,boulder,Qualification,Women,finished,2024-05-04 02:07:51 UTC,/api/v1/category_rounds/8968/results,boulder_one_group_one_boulder_set,IFSC: 1 group,1,,,,,,,13013,4,/api/v1/routes/13013/startlist,
/api/v1/events/1355/result/7,1355,full_results_url,IFSC World Cup Salt Lake City 2024,BOULDER Women,finished,2025-10-02 07:18:40 UTC,2026-04-22 08:30:41 UTC,,8968,boulder,Qualification,Women,finished,2024-05-04 02:07:51 UTC,/api/v1/category_rounds/8968/results,boulder_one_group_one_boulder_set,IFSC: 1 group,1,,,,,,,13014,5,/api/v1/routes/13014/startlist,
/api/v1/events/1355/result/7,1355,full_results_url,IFSC World Cup Salt Lake City 2024,BOULDER Women,finished,2025-10-02 07:18:40 UTC,2026-04-22 08:30:41 UTC,,8970,boulder,Semi-final,Women,finished,2024-05-05 18:18:44 UTC,/api/v1/category_rounds/8970/results,boulder_one_group_one_boulder_set,IFSC: 1 group,2,,,,,,,13019,1,/api/v1/routes/13019/startlist,
/api/v1/events/1355/result/7,1355,full_results_url,IFSC World Cup Salt Lake City 2024,BOULDER Women,finished,2025-10-02 07:18:40 UTC,2026-04-22 08:30:41 UTC,,8970,boulder,Semi-final,Women,finished,2024-05-05 18:18:44 UTC,/api/v1/category_rounds/8970/results,boulder_one_group_one_boulder_set,IFSC: 1 group,2,,,,,,,13020,2,/api/v1/routes/13020/startlist,
/api/v1/events/1355/result/7,1355,full_results_url,IFSC World Cup Salt Lake City 2024,BOULDER Women,finished,2025-10-02 07:18:40 UTC,2026-04-22 08:30:41 UTC,,8970,boulder,Semi-final,Women,finished,2024-05-05 18:18:44 UTC,/api/v1/category_rounds/8970/results,boulder_one_group_one_boulder_set,IFSC: 1 group,2,,,,,,,13021,3,/api/v1/routes/13021/startlist,
/api/v1/events/1355/result/7,1355,full_results_url,IFSC World Cup Salt Lake City 2024,BOULDER Women,finished,2025-10-02 07:18:40 UTC,2026-04-22 08:30:41 UTC,,8970,boulder,Semi-final,Women,finished,2024-05-05 18:18:44 UTC,/api/v1/category_rounds/8970/results,boulder_one_group_one_boulder_set,IFSC: 1 group,2,,,,,,,13022,4,/api/v1/routes/13022/startlist,
/api/v1/events/1355/result/7,1355,full_results_url,IFSC World Cup Salt Lake City 2024,BOULDER Women,finished,2025-10-02 07:18:40 UTC,2026-04-22 08:30:41 UTC,,8972,boulder,Final,Women,finished,2024-05-06 01:23:15 UTC,/api/v1/category_rounds/8972/results,boulder_finals_one_by_one,IFSC: Finals,3,,,,,,,13048,1,/api/v1/routes/13048/startlist,
/api/v1/events/1355/result/7,1355,full_results_url,IFSC World Cup Salt Lake City 2024,BOULDER Women,finished,2025-10-02 07:18:40 UTC,2026-04-22 08:30:41 UTC,,8972,boulder,Final,Women,finished,2024-05-06 01:23:15 UTC,/api/v1/category_rounds/8972/results,boulder_finals_one_by_one,IFSC: Finals,3,,,,,,,13049,2,/api/v1/routes/13049/startlist,
/api/v1/events/1355/result/7,1355,full_results_url,IFSC World Cup Salt Lake City 2024,BOULDER Women,finished,2025-10-02 07:18:40 UTC,2026-04-22 08:30:41 UTC,,8972,boulder,Final,Women,finished,2024-05-06 01:23:15 UTC,/api/v1/category_rounds/8972/results,boulder_finals_one_by_one,IFSC: Finals,3,,,,,,,13050,3,/api/v1/routes/13050/startlist,
/api/v1/events/1355/result/7,1355,full_results_url,IFSC World Cup Salt Lake City 2024,BOULDER Women,finished,2025-10-02 07:18:40 UTC,2026-04-22 08:30:41 UTC,,8972,boulder,Final,Women,finished,2024-05-06 01:23:15 UTC,/api/v1/category_rounds/8972/results,boulder_finals_one_by_one,IFSC: Finals,3,,,,,,,13051,4,/api/v1/routes/13051/startlist,
/api/v1/events/1388/result/529,1388,full_results_url,IFSC Paraclimbing World Cup Salt Lake City 2024,LEAD Men B1,finished,2025-10-02 07:18:41 UTC,2024-05-08 19:59:40 UTC,,8828,lead,Qualification,Men B1,finished,2024-05-07 17:26:51 UTC,/api/v1/category_rounds/8828/results,lead_one_group_two_routes,IFSC: 2 routes,49,,,,,,,13098,1,/api/v1/routes/13098/startlist,/api/v1/routes/13098/results
/api/v1/events/1388/result/529,1388,full_results_url,IFSC Paraclimbing World Cup Salt Lake City 2024,LEAD Men B1,finished,2025-10-02 07:18:41 UTC,2024-05-08 19:59:40 UTC,,8828,lead,Qualification,Men B1,finished,2024-05-07 17:26:51 UTC,/api/v1/category_rounds/8828/results,lead_one_group_two_routes,IFSC: 2 routes,49,,,,,,,13099,2,/api/v1/routes/13099/startlist,/api/v1/routes/13099/results
/api/v1/events/1388/result/529,1388,full_results_url,IFSC Paraclimbing World Cup Salt Lake City 2024,LEAD Men B1,finished,2025-10-02 07:18:41 UTC,2024-05-08 19:59:40 UTC,,9019,lead,Final,Men B1,finished,2024-05-08 19:59:11 UTC,/api/v1/category_rounds/9019/results,lead_one_group_one_route,IFSC: 1 route,51,,,,,,,13192,1,/api/v1/routes/13192/startlist,/api/v1/routes/13192/results
/api/v1/events/1388/result/533,1388,full_results_url,IFSC Paraclimbing World Cup Salt Lake City 2024,LEAD Men B2,registration_active,2025-10-02 07:18:41 UTC,NA,,8829,lead,Qualification,Men B2,pending,2024-05-07 00:45:40 UTC,/api/v1/category_rounds/8829/results,lead_one_group_two_routes,IFSC: 2 routes,49,,,,,,,13100,1,/api/v1/routes/13100/startlist,/api/v1/routes/13100/results
/api/v1/events/1388/result/533,1388,full_results_url,IFSC Paraclimbing World Cup Salt Lake City 2024,LEAD Men B2,registration_active,2025-10-02 07:18:41 UTC,NA,,8829,lead,Qualification,Men B2,pending,2024-05-07 00:45:40 UTC,/api/v1/category_rounds/8829/results,lead_one_group_two_routes,IFSC: 2 routes,49,,,,,,,13101,2,/api/v1/routes/13101/startlist,/api/v1/routes/13101/results
/api/v1/events/1388/result/533,1388,full_results_url,IFSC Paraclimbing World Cup Salt Lake City 2024,LEAD Men B2,registration_active,2025-10-02 07:18:41 UTC,NA,,9020,lead,Final,Men B2,pending,2024-05-07 16:57:28 UTC,/api/v1/category_rounds/9020/results,lead_one_group_one_route,IFSC: 1 route,51,,,,,,,13193,1,/api/v1/routes/13193/startlist,/api/v1/routes/13193/results
/api/v1/events/1388/result/537,1388,full_results_url,IFSC Paraclimbing World Cup Salt Lake City 2024,LEAD Men B3,finished,2025-10-02 07:18:41 UTC,2024-05-08 19:39:35 UTC,,8830,lead,Qualification,Men B3,finished,2024-05-07 17:20:15 UTC,/api/v1/category_rounds/8830/results,lead_one_group_two_routes,IFSC: 2 routes,49,,,,,,,13102,1,/api/v1/routes/13102/startlist,/api/v1/routes/13102/results
/api/v1/events/1388/result/537,1388,full_results_url,IFSC Paraclimbing World Cup Salt Lake City 2024,LEAD Men B3,finished,2025-10-02 07:18:41 UTC,2024-05-08 19:39:35 UTC,,8830,lead,Qualification,Men B3,finished,2024-05-07 17:20:15 UTC,/api/v1/category_rounds/8830/results,lead_one_group_two_routes,IFSC: 2 routes,49,,,,,,,13103,2,/api/v1/routes/13103/startlist,/api/v1/routes/13103/results
/api/v1/events/1388/result/537,1388,full_results_url,IFSC Paraclimbing World Cup Salt Lake City 2024,LEAD Men B3,finished,2025-10-02 07:18:41 UTC,2024-05-08 19:39:35 UTC,,9021,lead,Final,Men B3,finished,2024-05-08 19:39:06 UTC,/api/v1/category_rounds/9021/results,lead_one_group_one_route,IFSC: 1 route,51,,,,,,,13194,1,/api/v1/routes/13194/startlist,/api/v1/routes/13194/results
/api/v1/events/1388/result/541,1388,full_results_url,IFSC Paraclimbing World Cup Salt Lake City 2024,LEAD Women B1,registration_active,2025-10-02 07:18:41 UTC,NA,,8831,lead,Qualification,Women B1,pending,2024-05-07 00:45:41 UTC,/api/v1/category_rounds/8831/results,lead_one_group_two_routes,IFSC: 2 routes,49,,,,,,,13104,1,/api/v1/routes/13104/startlist,/api/v1/routes/13104/results
/api/v1/events/1388/result/541,1388,full_results_url,IFSC Paraclimbing World Cup Salt Lake City 2024,LEAD Women B1,registration_active,2025-10-02 07:18:41 UTC,NA,,8831,lead,Qualification,Women B1,pending,2024-05-07 00:45:41 UTC,/api/v1/category_rounds/8831/results,lead_one_group_two_routes,IFSC: 2 routes,49,,,,,,,13105,2,/api/v1/routes/13105/startlist,/api/v1/routes/13105/results
/api/v1/events/1388/result/541,1388,full_results_url,IFSC Paraclimbing World Cup Salt Lake City 2024,LEAD Women B1,registration_active,2025-10-02 07:18:41 UTC,NA,,9022,lead,Final,Women B1,pending,2024-05-07 16:57:28 UTC,/api/v1/category_rounds/9022/results,lead_one_group_one_route,IFSC: 1 route,51,,,,,,,13195,1,/api/v1/routes/13195/startlist,/api/v1/routes/13195/results
/api/v1/events/1388/result/545,1388,full_results_url,IFSC Paraclimbing World Cup Salt Lake City 2024,LEAD Women B2,registration_active,2025-10-02 07:18:41 UTC,NA,,8832,lead,Qualification,Women B2,pending,2026-02-19 08:38:36 UTC,/api/v1/category_rounds/8832/results,lead_one_group_two_routes,IFSC: 2 routes,49,,,,,,,13106,1,/api/v1/routes/13106/startlist,/api/v1/routes/13106/results
/api/v1/events/1388/result/545,1388,full_results_url,IFSC Paraclimbing World Cup Salt Lake City 2024,LEAD Women B2,registration_active,2025-10-02 07:18:41 UTC,NA,,8832,lead,Qualification,Women B2,pending,2026-02-19 08:38:36 UTC,/api/v1/category_rounds/8832/results,lead_one_group_two_routes,IFSC: 2 routes,49,,,,,,,13107,2,/api/v1/routes/13107/startlist,/api/v1/routes/13107/results
/api/v1/events/1388/result/545,1388,full_results_url,IFSC Paraclimbing World Cup Salt Lake City 2024,LEAD Women B2,registration_active,2025-10-02 07:18:41 UTC,NA,,9023,lead,Final,Women B2,pending,2024-05-07 16:57:28 UTC,/api/v1/category_rounds/9023/results,lead_one_group_one_route,IFSC: 1 route,51,,,,,,,13196,1,/api/v1/routes/13196/startlist,/api/v1/routes/13196/results
/api/v1/events/1388/result/549,1388,full_results_url,IFSC Paraclimbing World Cup Salt Lake City 2024,LEAD Women B3,finished,2025-10-02 07:18:41 UTC,2024-05-08 19:32:57 UTC,,8833,lead,Qualification,Women B3,finished,2024-05-07 18:16:35 UTC,/api/v1/category_rounds/8833/results,lead_one_group_two_routes,IFSC: 2 routes,49,,,,,,,13108,1,/api/v1/routes/13108/startlist,/api/v1/routes/13108/results
/api/v1/events/1388/result/549,1388,full_results_url,IFSC Paraclimbing World Cup Salt Lake City 2024,LEAD Women B3,finished,2025-10-02 07:18:41 UTC,2024-05-08 19:32:57 UTC,,8833,lead,Qualification,Women B3,finished,2024-05-07 18:16:35 UTC,/api/v1/category_rounds/8833/results,lead_one_group_two_routes,IFSC: 2 routes,49,,,,,,,13109,2,/api/v1/routes/13109/startlist,/api/v1/routes/13109/results
/api/v1/events/1388/result/549,1388,full_results_url,IFSC Paraclimbing World Cup Salt Lake City 2024,LEAD Women B3,finished,2025-10-02 07:18:41 UTC,2024-05-08 19:32:57 UTC,,9024,lead,Final,Women B3,finished,2024-05-08 19:35:46 UTC,/api/v1/category_rounds/9024/results,lead_one_group_one_route,IFSC: 1 route,51,,,,,,,13197,1,/api/v1/routes/13197/startlist,/api/v1/routes/13197/results
/api/v1/events/1388/result/553,1388,full_results_url,IFSC Paraclimbing World Cup Salt Lake City 2024,LEAD Men AL1,finished,2025-10-02 07:18:41 UTC,2024-05-08 21:10:59 UTC,,8834,lead,Qualification,Men AL1,finished,2024-05-07 19:05:53 UTC,/api/v1/category_rounds/8834/results,lead_one_group_two_routes,IFSC: 2 routes,49,,,,,,,13136,1,/api/v1/routes/13136/startlist,/api/v1/routes/13136/results
/api/v1/events/1388/result/553,1388,full_results_url,IFSC Paraclimbing World Cup Salt Lake City 2024,LEAD Men AL1,finished,2025-10-02 07:18:41 UTC,2024-05-08 21:10:59 UTC,,8834,lead,Qualification,Men AL1,finished,2024-05-07 19:05:53 UTC,/api/v1/category_rounds/8834/results,lead_one_group_two_routes,IFSC: 2 routes,49,,,,,,,13137,2,/api/v1/routes/13137/startlist,/api/v1/routes/13137/results
/api/v1/events/1388/result/553,1388,full_results_url,IFSC Paraclimbing World Cup Salt Lake City 2024,LEAD Men AL1,finished,2025-10-02 07:18:41 UTC,2024-05-08 21:10:59 UTC,,9025,lead,Final,Men AL1,finished,2024-05-08 21:10:31 UTC,/api/v1/category_rounds/9025/results,lead_one_group_one_route,IFSC: 1 route,51,,,,,,,13198,1,/api/v1/routes/13198/startlist,/api/v1/routes/13198/results
/api/v1/events/1388/result/557,1388,full_results_url,IFSC Paraclimbing World Cup Salt Lake City 2024,LEAD Women AL1,registration_active,2025-10-02 07:18:41 UTC,NA,,8835,lead,Qualification,Women AL1,pending,2024-05-07 01:01:49 UTC,/api/v1/category_rounds/8835/results,lead_one_group_two_routes,IFSC: 2 routes,49,,,,,,,13110,1,/api/v1/routes/13110/startlist,/api/v1/routes/13110/results
/api/v1/events/1388/result/557,1388,full_results_url,IFSC Paraclimbing World Cup Salt Lake City 2024,LEAD Women AL1,registration_active,2025-10-02 07:18:41 UTC,NA,,8835,lead,Qualification,Women AL1,pending,2024-05-07 01:01:49 UTC,/api/v1/category_rounds/8835/results,lead_one_group_two_routes,IFSC: 2 routes,49,,,,,,,13111,2,/api/v1/routes/13111/startlist,/api/v1/routes/13111/results
/api/v1/events/1388/result/557,1388,full_results_url,IFSC Paraclimbing World Cup Salt Lake City 2024,LEAD Women AL1,registration_active,2025-10-02 07:18:41 UTC,NA,,9026,lead,Final,Women AL1,pending,2024-05-07 16:57:28 UTC,/api/v1/category_rounds/9026/results,lead_one_group_one_route,IFSC: 1 route,51,,,,,,,13199,1,/api/v1/routes/13199/startlist,/api/v1/routes/13199/results
/api/v1/events/1388/result/561,1388,full_results_url,IFSC Paraclimbing World Cup Salt Lake City 2024,LEAD Men AL2,finished,2025-10-02 07:18:41 UTC,2024-05-08 20:48:03 UTC,,8836,lead,Qualification,Men AL2,finished,2024-05-07 17:58:51 UTC,/api/v1/category_rounds/8836/results,lead_one_group_two_routes,IFSC: 2 routes,49,,,,,,,13112,1,/api/v1/routes/13112/startlist,/api/v1/routes/13112/results
/api/v1/events/1388/result/561,1388,full_results_url,IFSC Paraclimbing World Cup Salt Lake City 2024,LEAD Men AL2,finished,2025-10-02 07:18:41 UTC,2024-05-08 20:48:03 UTC,,8836,lead,Qualification,Men AL2,finished,2024-05-07 17:58:51 UTC,/api/v1/category_rounds/8836/results,lead_one_group_two_routes,IFSC: 2 routes,49,,,,,,,13113,2,/api/v1/routes/13113/startlist,/api/v1/routes/13113/results
/api/v1/events/1388/result/561,1388,full_results_url,IFSC Paraclimbing World Cup Salt Lake City 2024,LEAD Men AL2,finished,2025-10-02 07:18:41 UTC,2024-05-08 20:48:03 UTC,,9027,lead,Final,Men AL2,finished,2024-05-08 20:53:12 UTC,/api/v1/category_rounds/9027/results,lead_one_group_one_route,IFSC: 1 route,51,,,,,,,13200,1,/api/v1/routes/13200/startlist,/api/v1/routes/13200/results
/api/v1/events/1388/result/565,1388,full_results_url,IFSC Paraclimbing World Cup Salt Lake City 2024,LEAD Women AL2,finished,2025-10-02 07:18:41 UTC,2024-05-08 20:30:50 UTC,,8837,lead,Qualification,Women AL2,finished,2024-05-07 21:15:49 UTC,/api/v1/category_rounds/8837/results,lead_one_group_two_routes,IFSC: 2 routes,49,,,,,,,13114,1,/api/v1/routes/13114/startlist,/api/v1/routes/13114/results
/api/v1/events/1388/result/565,1388,full_results_url,IFSC Paraclimbing World Cup Salt Lake City 2024,LEAD Women AL2,finished,2025-10-02 07:18:41 UTC,2024-05-08 20:30:50 UTC,,8837,lead,Qualification,Women AL2,finished,2024-05-07 21:15:49 UTC,/api/v1/category_rounds/8837/results,lead_one_group_two_routes,IFSC: 2 routes,49,,,,,,,13115,2,/api/v1/routes/13115/startlist,/api/v1/routes/13115/results
/api/v1/events/1388/result/565,1388,full_results_url,IFSC Paraclimbing World Cup Salt Lake City 2024,LEAD Women AL2,finished,2025-10-02 07:18:41 UTC,2024-05-08 20:30:50 UTC,,9028,lead,Final,Women AL2,finished,2024-05-08 20:30:18 UTC,/api/v1/category_rounds/9028/results,lead_one_group_one_route,IFSC: 1 route,51,,,,,,,13201,1,/api/v1/routes/13201/startlist,/api/v1/routes/13201/results
/api/v1/events/1388/result/577,1388,full_results_url,IFSC Paraclimbing World Cup Salt Lake City 2024,LEAD Men AU2,finished,2025-10-02 07:18:41 UTC,2024-05-08 20:39:19 UTC,,8840,lead,Qualification,Men AU2,finished,2024-05-07 19:33:25 UTC,/api/v1/category_rounds/8840/results,lead_one_group_two_routes,IFSC: 2 routes,49,,,,,,,13116,1,/api/v1/routes/13116/startlist,/api/v1/routes/13116/results
/api/v1/events/1388/result/577,1388,full_results_url,IFSC Paraclimbing World Cup Salt Lake City 2024,LEAD Men AU2,finished,2025-10-02 07:18:41 UTC,2024-05-08 20:39:19 UTC,,8840,lead,Qualification,Men AU2,finished,2024-05-07 19:33:25 UTC,/api/v1/category_rounds/8840/results,lead_one_group_two_routes,IFSC: 2 routes,49,,,,,,,13117,2,/api/v1/routes/13117/startlist,/api/v1/routes/13117/results
/api/v1/events/1388/result/577,1388,full_results_url,IFSC Paraclimbing World Cup Salt Lake City 2024,LEAD Men AU2,finished,2025-10-02 07:18:41 UTC,2024-05-08 20:39:19 UTC,,9029,lead,Final,Men AU2,finished,2024-05-08 20:38:32 UTC,/api/v1/category_rounds/9029/results,lead_one_group_one_route,IFSC: 1 route,51,,,,,,,13202,1,/api/v1/routes/13202/startlist,/api/v1/routes/13202/results
/api/v1/events/1388/result/581,1388,full_results_url,IFSC Paraclimbing World Cup Salt Lake City 2024,LEAD Women AU2,finished,2025-10-02 07:18:41 UTC,2024-05-08 21:11:21 UTC,,8841,lead,Qualification,Women AU2,finished,2024-05-07 21:28:40 UTC,/api/v1/category_rounds/8841/results,lead_one_group_two_routes,IFSC: 2 routes,49,,,,,,,13118,1,/api/v1/routes/13118/startlist,/api/v1/routes/13118/results
/api/v1/events/1388/result/581,1388,full_results_url,IFSC Paraclimbing World Cup Salt Lake City 2024,LEAD Women AU2,finished,2025-10-02 07:18:41 UTC,2024-05-08 21:11:21 UTC,,8841,lead,Qualification,Women AU2,finished,2024-05-07 21:28:40 UTC,/api/v1/category_rounds/8841/results,lead_one_group_two_routes,IFSC: 2 routes,49,,,,,,,13119,2,/api/v1/routes/13119/startlist,/api/v1/routes/13119/results
/api/v1/events/1388/result/581,1388,full_results_url,IFSC Paraclimbing World Cup Salt Lake City 2024,LEAD Women AU2,finished,2025-10-02 07:18:41 UTC,2024-05-08 21:11:21 UTC,,9030,lead,Final,Women AU2,finished,2024-05-08 21:11:39 UTC,/api/v1/category_rounds/9030/results,lead_one_group_one_route,IFSC: 1 route,51,,,,,,,13203,1,/api/v1/routes/13203/startlist,/api/v1/routes/13203/results
/api/v1/events/1388/result/585,1388,full_results_url,IFSC Paraclimbing World Cup Salt Lake City 2024,LEAD Men RP1,finished,2025-10-02 07:18:41 UTC,2024-05-08 19:05:28 UTC,,8842,lead,Qualification,Men RP1,finished,2024-05-07 20:24:06 UTC,/api/v1/category_rounds/8842/results,lead_one_group_two_routes,IFSC: 2 routes,49,,,,,,,13120,1,/api/v1/routes/13120/startlist,/api/v1/routes/13120/results
/api/v1/events/1388/result/585,1388,full_results_url,IFSC Paraclimbing World Cup Salt Lake City 2024,LEAD Men RP1,finished,2025-10-02 07:18:41 UTC,2024-05-08 19:05:28 UTC,,8842,lead,Qualification,Men RP1,finished,2024-05-07 20:24:06 UTC,/api/v1/category_rounds/8842/results,lead_one_group_two_routes,IFSC: 2 routes,49,,,,,,,13121,2,/api/v1/routes/13121/startlist,/api/v1/routes/13121/results
/api/v1/events/1388/result/585,1388,full_results_url,IFSC Paraclimbing World Cup Salt Lake City 2024,LEAD Men RP1,finished,2025-10-02 07:18:41 UTC,2024-05-08 19:05:28 UTC,,9031,lead,Final,Men RP1,finished,2024-05-08 19:05:01 UTC,/api/v1/category_rounds/9031/results,lead_one_group_one_route,IFSC: 1 route,51,,,,,,,13204,1,/api/v1/routes/13204/startlist,/api/v1/routes/13204/results
/api/v1/events/1388/result/589,1388,full_results_url,IFSC Paraclimbing World Cup Salt Lake City 2024,LEAD Men RP2,finished,2025-10-02 07:18:41 UTC,2024-05-08 18:48:53 UTC,,8843,lead,Qualification,Men RP2,finished,2024-05-07 20:42:20 UTC,/api/v1/category_rounds/8843/results,lead_one_group_two_routes,IFSC: 2 routes,49,,,,,,,13122,1,/api/v1/routes/13122/startlist,/api/v1/routes/13122/results
/api/v1/events/1388/result/589,1388,full_results_url,IFSC Paraclimbing World Cup Salt Lake City 2024,LEAD Men RP2,finished,2025-10-02 07:18:41 UTC,2024-05-08 18:48:53 UTC,,8843,lead,Qualification,Men RP2,finished,2024-05-07 20:42:20 UTC,/api/v1/category_rounds/8843/results,lead_one_group_two_routes,IFSC: 2 routes,49,,,,,,,13123,2,/api/v1/routes/13123/startlist,/api/v1/routes/13123/results
/api/v1/events/1388/result/589,1388,full_results_url,IFSC Paraclimbing World Cup Salt Lake City 2024,LEAD Men RP2,finished,2025-10-02 07:18:41 UTC,2024-05-08 18:48:53 UTC,,9032,lead,Final,Men RP2,finished,2024-05-08 18:48:17 UTC,/api/v1/category_rounds/9032/results,lead_one_group_one_route,IFSC: 1 route,51,,,,,,,13205,1,/api/v1/routes/13205/startlist,/api/v1/routes/13205/results
/api/v1/events/1388/result/593,1388,full_results_url,IFSC Paraclimbing World Cup Salt Lake City 2024,LEAD Men RP3,finished,2025-10-02 07:18:41 UTC,2024-05-08 18:30:45 UTC,,8844,lead,Qualification,Men RP3,finished,2024-05-07 18:07:19 UTC,/api/v1/category_rounds/8844/results,lead_one_group_two_routes,IFSC: 2 routes,49,,,,,,,13124,1,/api/v1/routes/13124/startlist,/api/v1/routes/13124/results
/api/v1/events/1388/result/593,1388,full_results_url,IFSC Paraclimbing World Cup Salt Lake City 2024,LEAD Men RP3,finished,2025-10-02 07:18:41 UTC,2024-05-08 18:30:45 UTC,,8844,lead,Qualification,Men RP3,finished,2024-05-07 18:07:19 UTC,/api/v1/category_rounds/8844/results,lead_one_group_two_routes,IFSC: 2 routes,49,,,,,,,13125,2,/api/v1/routes/13125/startlist,/api/v1/routes/13125/results
/api/v1/events/1388/result/593,1388,full_results_url,IFSC Paraclimbing World Cup Salt Lake City 2024,LEAD Men RP3,finished,2025-10-02 07:18:41 UTC,2024-05-08 18:30:45 UTC,,9033,lead,Final,Men RP3,finished,2024-05-08 18:29:25 UTC,/api/v1/category_rounds/9033/results,lead_one_group_one_route,IFSC: 1 route,51,,,,,,,13206,1,/api/v1/routes/13206/startlist,/api/v1/routes/13206/results
/api/v1/events/1388/result/597,1388,full_results_url,IFSC Paraclimbing World Cup Salt Lake City 2024,LEAD Women RP1,registration_active,2025-10-02 07:18:41 UTC,NA,,8845,lead,Qualification,Women RP1,pending,2024-05-07 00:58:56 UTC,/api/v1/category_rounds/8845/results,lead_one_group_two_routes,IFSC: 2 routes,49,,,,,,,13126,1,/api/v1/routes/13126/startlist,/api/v1/routes/13126/results
/api/v1/events/1388/result/597,1388,full_results_url,IFSC Paraclimbing World Cup Salt Lake City 2024,LEAD Women RP1,registration_active,2025-10-02 07:18:41 UTC,NA,,8845,lead,Qualification,Women RP1,pending,2024-05-07 00:58:56 UTC,/api/v1/category_rounds/8845/results,lead_one_group_two_routes,IFSC: 2 routes,49,,,,,,,13127,2,/api/v1/routes/13127/startlist,/api/v1/routes/13127/results
/api/v1/events/1388/result/597,1388,full_results_url,IFSC Paraclimbing World Cup Salt Lake City 2024,LEAD Women RP1,registration_active,2025-10-02 07:18:41 UTC,NA,,9034,lead,Final,Women RP1,pending,2024-05-07 16:57:28 UTC,/api/v1/category_rounds/9034/results,lead_one_group_one_route,IFSC: 1 route,51,,,,,,,13207,1,/api/v1/routes/13207/startlist,/api/v1/routes/13207/results
/api/v1/events/1388/result/601,1388,full_results_url,IFSC Paraclimbing World Cup Salt Lake City 2024,LEAD Women RP2,finished,2025-10-02 07:18:41 UTC,2024-05-08 18:46:57 UTC,,8846,lead,Qualification,Women RP2,finished,2024-05-07 20:17:25 UTC,/api/v1/category_rounds/8846/results,lead_one_group_two_routes,IFSC: 2 routes,49,,,,,,,13128,1,/api/v1/routes/13128/startlist,/api/v1/routes/13128/results
/api/v1/events/1388/result/601,1388,full_results_url,IFSC Paraclimbing World Cup Salt Lake City 2024,LEAD Women RP2,finished,2025-10-02 07:18:41 UTC,2024-05-08 18:46:57 UTC,,8846,lead,Qualification,Women RP2,finished,2024-05-07 20:17:25 UTC,/api/v1/category_rounds/8846/results,lead_one_group_two_routes,IFSC: 2 routes,49,,,,,,,13129,2,/api/v1/routes/13129/startlist,/api/v1/routes/13129/results
/api/v1/events/1388/result/601,1388,full_results_url,IFSC Paraclimbing World Cup Salt Lake City 2024,LEAD Women RP2,finished,2025-10-02 07:18:41 UTC,2024-05-08 18:46:57 UTC,,9035,lead,Final,Women RP2,finished,2024-05-08 18:44:00 UTC,/api/v1/category_rounds/9035/results,lead_one_group_one_route,IFSC: 1 route,51,,,,,,,13208,1,/api/v1/routes/13208/startlist,/api/v1/routes/13208/results
/api/v1/events/1388/result/605,1388,full_results_url,IFSC Paraclimbing World Cup Salt Lake City 2024,LEAD Women RP3,finished,2025-10-02 07:18:41 UTC,2024-05-08 18:25:05 UTC,,8847,lead,Qualification,Women RP3,finished,2024-05-07 18:00:50 UTC,/api/v1/category_rounds/8847/results,lead_one_group_two_routes,IFSC: 2 routes,49,,,,,,,13130,1,/api/v1/routes/13130/startlist,/api/v1/routes/13130/results
/api/v1/events/1388/result/605,1388,full_results_url,IFSC Paraclimbing World Cup Salt Lake City 2024,LEAD Women RP3,finished,2025-10-02 07:18:41 UTC,2024-05-08 18:25:05 UTC,,8847,lead,Qualification,Women RP3,finished,2024-05-07 18:00:50 UTC,/api/v1/category_rounds/8847/results,lead_one_group_two_routes,IFSC: 2 routes,49,,,,,,,13131,2,/api/v1/routes/13131/startlist,/api/v1/routes/13131/results
/api/v1/events/1388/result/605,1388,full_results_url,IFSC Paraclimbing World Cup Salt Lake City 2024,LEAD Women RP3,finished,2025-10-02 07:18:41 UTC,2024-05-08 18:25:05 UTC,,9036,lead,Final,Women RP3,finished,2024-05-08 18:24:41 UTC,/api/v1/category_rounds/9036/results,lead_one_group_one_route,IFSC: 1 route,51,,,,,,,13209,1,/api/v1/routes/13209/startlist,/api/v1/routes/13209/results
/api/v1/events/1388/result/753,1388,full_results_url,IFSC Paraclimbing World Cup Salt Lake City 2024,LEAD Men AU3,finished,2025-10-02 07:18:41 UTC,2024-05-08 20:29:35 UTC,,8848,lead,Qualification,Men AU3,finished,2024-05-07 18:17:33 UTC,/api/v1/category_rounds/8848/results,lead_one_group_two_routes,IFSC: 2 routes,49,,,,,,,13132,1,/api/v1/routes/13132/startlist,/api/v1/routes/13132/results
/api/v1/events/1388/result/753,1388,full_results_url,IFSC Paraclimbing World Cup Salt Lake City 2024,LEAD Men AU3,finished,2025-10-02 07:18:41 UTC,2024-05-08 20:29:35 UTC,,8848,lead,Qualification,Men AU3,finished,2024-05-07 18:17:33 UTC,/api/v1/category_rounds/8848/results,lead_one_group_two_routes,IFSC: 2 routes,49,,,,,,,13133,2,/api/v1/routes/13133/startlist,/api/v1/routes/13133/results
/api/v1/events/1388/result/753,1388,full_results_url,IFSC Paraclimbing World Cup Salt Lake City 2024,LEAD Men AU3,finished,2025-10-02 07:18:41 UTC,2024-05-08 20:29:35 UTC,,9037,lead,Final,Men AU3,finished,2024-05-08 20:28:58 UTC,/api/v1/category_rounds/9037/results,lead_one_group_one_route,IFSC: 1 route,51,,,,,,,13210,1,/api/v1/routes/13210/startlist,/api/v1/routes/13210/results
/api/v1/events/1388/result/758,1388,full_results_url,IFSC Paraclimbing World Cup Salt Lake City 2024,LEAD Women AU3,registration_active,2025-10-02 07:18:41 UTC,NA,,8849,lead,Qualification,Women AU3,pending,2024-05-07 00:45:41 UTC,/api/v1/category_rounds/8849/results,lead_one_group_two_routes,IFSC: 2 routes,49,,,,,,,13134,1,/api/v1/routes/13134/startlist,/api/v1/routes/13134/results
/api/v1/events/1388/result/758,1388,full_results_url,IFSC Paraclimbing World Cup Salt Lake City 2024,LEAD Women AU3,registration_active,2025-10-02 07:18:41 UTC,NA,,8849,lead,Qualification,Women AU3,pending,2024-05-07 00:45:41 UTC,/api/v1/category_rounds/8849/results,lead_one_group_two_routes,IFSC: 2 routes,49,,,,,,,13135,2,/api/v1/routes/13135/startlist,/api/v1/routes/13135/results
/api/v1/events/1388/result/758,1388,full_results_url,IFSC Paraclimbing World Cup Salt Lake City 2024,LEAD Women AU3,registration_active,2025-10-02 07:18:41 UTC,NA,,9038,lead,Final,Women AU3,pending,2024-05-07 16:57:28 UTC,/api/v1/category_rounds/9038/results,lead_one_group_one_route,IFSC: 1 route,51,,,,,,,13211,1,/api/v1/routes/13211/startlist,/api/v1/routes/13211/results
/api/v1/events/1384/result/677,1384,full_results_url,Olympic Qualifier Series Shanghai 2024,BOULDER&LEAD Men,finished,2025-10-02 07:18:41 UTC,2026-04-22 08:30:46 UTC,,8746,boulder&lead,Qualification,Men,finished,2024-05-17 06:59:08 UTC,/api/v1/category_rounds/8746/results,bl_qualification,IFSC: Qualification,31,859.0,,boulder,finished,2024-05-16 07:20:25 UTC,/api/v1/combined_stages/859/results,12139,1,/api/v1/routes/12139/startlist,
/api/v1/events/1384/result/677,1384,full_results_url,Olympic Qualifier Series Shanghai 2024,BOULDER&LEAD Men,finished,2025-10-02 07:18:41 UTC,2026-04-22 08:30:46 UTC,,8746,boulder&lead,Qualification,Men,finished,2024-05-17 06:59:08 UTC,/api/v1/category_rounds/8746/results,bl_qualification,IFSC: Qualification,31,859.0,,boulder,finished,2024-05-16 07:20:25 UTC,/api/v1/combined_stages/859/results,12140,2,/api/v1/routes/12140/startlist,
/api/v1/events/1384/result/677,1384,full_results_url,Olympic Qualifier Series Shanghai 2024,BOULDER&LEAD Men,finished,2025-10-02 07:18:41 UTC,2026-04-22 08:30:46 UTC,,8746,boulder&lead,Qualification,Men,finished,2024-05-17 06:59:08 UTC,/api/v1/category_rounds/8746/results,bl_qualification,IFSC: Qualification,31,859.0,,boulder,finished,2024-05-16 07:20:25 UTC,/api/v1/combined_stages/859/results,12141,3,/api/v1/routes/12141/startlist,
/api/v1/events/1384/result/677,1384,full_results_url,Olympic Qualifier Series Shanghai 2024,BOULDER&LEAD Men,finished,2025-10-02 07:18:41 UTC,2026-04-22 08:30:46 UTC,,8746,boulder&lead,Qualification,Men,finished,2024-05-17 06:59:08 UTC,/api/v1/category_rounds/8746/results,bl_qualification,IFSC: Qualification,31,859.0,,boulder,finished,2024-05-16 07:20:25 UTC,/api/v1/combined_stages/859/results,12142,4,/api/v1/routes/12142/startlist,
/api/v1/events/1384/result/677,1384,full_results_url,Olympic Qualifier Series Shanghai 2024,BOULDER&LEAD Men,finished,2025-10-02 07:18:41 UTC,2026-04-22 08:30:46 UTC,,8746,boulder&lead,Qualification,Men,finished,2024-05-17 06:59:08 UTC,/api/v1/category_rounds/8746/results,bl_qualification,IFSC: Qualification,31,860.0,,lead,finished,2024-05-17 06:11:58 UTC,/api/v1/combined_stages/860/results,12143,1,/api/v1/routes/12143/startlist,/api/v1/routes/12143/results
/api/v1/events/1384/result/677,1384,full_results_url,Olympic Qualifier Series Shanghai 2024,BOULDER&LEAD Men,finished,2025-10-02 07:18:41 UTC,2026-04-22 08:30:46 UTC,,8973,boulder&lead,Semi-Final,Men,finished,2024-05-18 07:41:32 UTC,/api/v1/category_rounds/8973/results,bl_qualification,IFSC: Qualification,32,919.0,,boulder,finished,2024-05-18 03:58:57 UTC,/api/v1/combined_stages/919/results,13052,1,/api/v1/routes/13052/startlist,
/api/v1/events/1384/result/677,1384,full_results_url,Olympic Qualifier Series Shanghai 2024,BOULDER&LEAD Men,finished,2025-10-02 07:18:41 UTC,2026-04-22 08:30:46 UTC,,8973,boulder&lead,Semi-Final,Men,finished,2024-05-18 07:41:32 UTC,/api/v1/category_rounds/8973/results,bl_qualification,IFSC: Qualification,32,919.0,,boulder,finished,2024-05-18 03:58:57 UTC,/api/v1/combined_stages/919/results,13053,2,/api/v1/routes/13053/startlist,
/api/v1/events/1384/result/677,1384,full_results_url,Olympic Qualifier Series Shanghai 2024,BOULDER&LEAD Men,finished,2025-10-02 07:18:41 UTC,2026-04-22 08:30:46 UTC,,8973,boulder&lead,Semi-Final,Men,finished,2024-05-18 07:41:32 UTC,/api/v1/category_rounds/8973/results,bl_qualification,IFSC: Qualification,32,919.0,,boulder,finished,2024-05-18 03:58:57 UTC,/api/v1/combined_stages/919/results,13054,3,/api/v1/routes/13054/startlist,
/api/v1/events/1384/result/677,1384,full_results_url,Olympic Qualifier Series Shanghai 2024,BOULDER&LEAD Men,finished,2025-10-02 07:18:41 UTC,2026-04-22 08:30:46 UTC,,8973,boulder&lead,Semi-Final,Men,finished,2024-05-18 07:41:32 UTC,/api/v1/category_rounds/8973/results,bl_qualification,IFSC: Qualification,32,919.0,,boulder,finished,2024-05-18 03:58:57 UTC,/api/v1/combined_stages/919/results,13055,4,/api/v1/routes/13055/startlist,
/api/v1/events/1384/result/677,1384,full_results_url,Olympic Qualifier Series Shanghai 2024,BOULDER&LEAD Men,finished,2025-10-02 07:18:41 UTC,2026-04-22 08:30:46 UTC,,8973,boulder&lead,Semi-Final,Men,finished,2024-05-18 07:41:32 UTC,/api/v1/category_rounds/8973/results,bl_qualification,IFSC: Qualification,32,920.0,,lead,finished,2024-05-18 07:25:44 UTC,/api/v1/combined_stages/920/results,13056,1,/api/v1/routes/13056/startlist,/api/v1/routes/13056/results
/api/v1/events/1384/result/677,1384,full_results_url,Olympic Qualifier Series Shanghai 2024,BOULDER&LEAD Men,finished,2025-10-02 07:18:41 UTC,2026-04-22 08:30:46 UTC,,8975,boulder&lead,Final,Men,finished,2024-05-19 04:54:14 UTC,/api/v1/category_rounds/8975/results,bl_final,IFSC: Finals,33,923.0,,boulder,finished,2024-05-19 03:34:22 UTC,/api/v1/combined_stages/923/results,13062,1,/api/v1/routes/13062/startlist,
/api/v1/events/1384/result/677,1384,full_results_url,Olympic Qualifier Series Shanghai 2024,BOULDER&LEAD Men,finished,2025-10-02 07:18:41 UTC,2026-04-22 08:30:46 UTC,,8975,boulder&lead,Final,Men,finished,2024-05-19 04:54:14 UTC,/api/v1/category_rounds/8975/results,bl_final,IFSC: Finals,33,923.0,,boulder,finished,2024-05-19 03:34:22 UTC,/api/v1/combined_stages/923/results,13063,2,/api/v1/routes/13063/startlist,
/api/v1/events/1384/result/677,1384,full_results_url,Olympic Qualifier Series Shanghai 2024,BOULDER&LEAD Men,finished,2025-10-02 07:18:41 UTC,2026-04-22 08:30:46 UTC,,8975,boulder&lead,Final,Men,finished,2024-05-19 04:54:14 UTC,/api/v1/category_rounds/8975/results,bl_final,IFSC: Finals,33,923.0,,boulder,finished,2024-05-19 03:34:22 UTC,/api/v1/combined_stages/923/results,13064,3,/api/v1/routes/13064/startlist,
/api/v1/events/1384/result/677,1384,full_results_url,Olympic Qualifier Series Shanghai 2024,BOULDER&LEAD Men,finished,2025-10-02 07:18:41 UTC,2026-04-22 08:30:46 UTC,,8975,boulder&lead,Final,Men,finished,2024-05-19 04:54:14 UTC,/api/v1/category_rounds/8975/results,bl_final,IFSC: Finals,33,923.0,,boulder,finished,2024-05-19 03:34:22 UTC,/api/v1/combined_stages/923/results,13065,4,/api/v1/routes/13065/startlist,
/api/v1/events/1384/result/677,1384,full_results_url,Olympic Qualifier Series Shanghai 2024,BOULDER&LEAD Men,finished,2025-10-02 07:18:41 UTC,2026-04-22 08:30:46 UTC,,8975,boulder&lead,Final,Men,finished,2024-05-19 04:54:14 UTC,/api/v1/category_rounds/8975/results,bl_final,IFSC: Finals,33,924.0,,lead,finished,2024-05-19 04:54:14 UTC,/api/v1/combined_stages/924/results,13066,1,/api/v1/routes/13066/startlist,/api/v1/routes/13066/results
/api/v1/events/1384/result/682,1384,full_results_url,Olympic Qualifier Series Shanghai 2024,BOULDER&LEAD Women,finished,2025-10-02 07:18:41 UTC,2026-04-22 08:30:50 UTC,,8751,boulder&lead,Qualification,Women,finished,2024-05-17 06:53:35 UTC,/api/v1/category_rounds/8751/results,bl_qualification,IFSC: Qualification,31,869.0,,boulder,finished,2024-05-16 07:25:08 UTC,/api/v1/combined_stages/869/results,12164,1,/api/v1/routes/12164/startlist,
/api/v1/events/1384/result/682,1384,full_results_url,Olympic Qualifier Series Shanghai 2024,BOULDER&LEAD Women,finished,2025-10-02 07:18:41 UTC,2026-04-22 08:30:50 UTC,,8751,boulder&lead,Qualification,Women,finished,2024-05-17 06:53:35 UTC,/api/v1/category_rounds/8751/results,bl_qualification,IFSC: Qualification,31,869.0,,boulder,finished,2024-05-16 07:25:08 UTC,/api/v1/combined_stages/869/results,12165,2,/api/v1/routes/12165/startlist,
/api/v1/events/1384/result/682,1384,full_results_url,Olympic Qualifier Series Shanghai 2024,BOULDER&LEAD Women,finished,2025-10-02 07:18:41 UTC,2026-04-22 08:30:50 UTC,,8751,boulder&lead,Qualification,Women,finished,2024-05-17 06:53:35 UTC,/api/v1/category_rounds/8751/results,bl_qualification,IFSC: Qualification,31,869.0,,boulder,finished,2024-05-16 07:25:08 UTC,/api/v1/combined_stages/869/results,12166,3,/api/v1/routes/12166/startlist,
/api/v1/events/1384/result/682,1384,full_results_url,Olympic Qualifier Series Shanghai 2024,BOULDER&LEAD Women,finished,2025-10-02 07:18:41 UTC,2026-04-22 08:30:50 UTC,,8751,boulder&lead,Qualification,Women,finished,2024-05-17 06:53:35 UTC,/api/v1/category_rounds/8751/results,bl_qualification,IFSC: Qualification,31,869.0,,boulder,finished,2024-05-16 07:25:08 UTC,/api/v1/combined_stages/869/results,12167,4,/api/v1/routes/12167/startlist,
/api/v1/events/1384/result/682,1384,full_results_url,Olympic Qualifier Series Shanghai 2024,BOULDER&LEAD Women,finished,2025-10-02 07:18:41 UTC,2026-04-22 08:30:50 UTC,,8751,boulder&lead,Qualification,Women,finished,2024-05-17 06:53:35 UTC,/api/v1/category_rounds/8751/results,bl_qualification,IFSC: Qualification,31,870.0,,lead,finished,2024-05-17 06:21:51 UTC,/api/v1/combined_stages/870/results,12168,1,/api/v1/routes/12168/startlist,/api/v1/routes/12168/results
/api/v1/events/1384/result/682,1384,full_results_url,Olympic Qualifier Series Shanghai 2024,BOULDER&LEAD Women,finished,2025-10-02 07:18:41 UTC,2026-04-22 08:30:50 UTC,,8974,boulder&lead,Semi-Final,Women,finished,2024-05-18 07:20:22 UTC,/api/v1/category_rounds/8974/results,bl_qualification,IFSC: Qualification,32,921.0,,boulder,finished,2024-05-18 03:53:38 UTC,/api/v1/combined_stages/921/results,13057,1,/api/v1/routes/13057/startlist,
/api/v1/events/1384/result/682,1384,full_results_url,Olympic Qualifier Series Shanghai 2024,BOULDER&LEAD Women,finished,2025-10-02 07:18:41 UTC,2026-04-22 08:30:50 UTC,,8974,boulder&lead,Semi-Final,Women,finished,2024-05-18 07:20:22 UTC,/api/v1/category_rounds/8974/results,bl_qualification,IFSC: Qualification,32,921.0,,boulder,finished,2024-05-18 03:53:38 UTC,/api/v1/combined_stages/921/results,13058,2,/api/v1/routes/13058/startlist,
/api/v1/events/1384/result/682,1384,full_results_url,Olympic Qualifier Series Shanghai 2024,BOULDER&LEAD Women,finished,2025-10-02 07:18:41 UTC,2026-04-22 08:30:50 UTC,,8974,boulder&lead,Semi-Final,Women,finished,2024-05-18 07:20:22 UTC,/api/v1/category_rounds/8974/results,bl_qualification,IFSC: Qualification,32,921.0,,boulder,finished,2024-05-18 03:53:38 UTC,/api/v1/combined_stages/921/results,13059,3,/api/v1/routes/13059/startlist,
/api/v1/events/1384/result/682,1384,full_results_url,Olympic Qualifier Series Shanghai 2024,BOULDER&LEAD Women,finished,2025-10-02 07:18:41 UTC,2026-04-22 08:30:50 UTC,,8974,boulder&lead,Semi-Final,Women,finished,2024-05-18 07:20:22 UTC,/api/v1/category_rounds/8974/results,bl_qualification,IFSC: Qualification,32,921.0,,boulder,finished,2024-05-18 03:53:38 UTC,/api/v1/combined_stages/921/results,13060,4,/api/v1/routes/13060/startlist,
/api/v1/events/1384/result/682,1384,full_results_url,Olympic Qualifier Series Shanghai 2024,BOULDER&LEAD Women,finished,2025-10-02 07:18:41 UTC,2026-04-22 08:30:50 UTC,,8974,boulder&lead,Semi-Final,Women,finished,2024-05-18 07:20:22 UTC,/api/v1/category_rounds/8974/results,bl_qualification,IFSC: Qualification,32,922.0,,lead,finished,2024-05-18 07:20:21 UTC,/api/v1/combined_stages/922/results,13061,1,/api/v1/routes/13061/startlist,/api/v1/routes/13061/results
/api/v1/events/1384/result/682,1384,full_results_url,Olympic Qualifier Series Shanghai 2024,BOULDER&LEAD Women,finished,2025-10-02 07:18:41 UTC,2026-04-22 08:30:50 UTC,,8976,boulder&lead,Final,Women,finished,2024-05-19 10:17:59 UTC,/api/v1/category_rounds/8976/results,bl_final,IFSC: Finals,33,925.0,,boulder,finished,2024-05-19 08:45:45 UTC,/api/v1/combined_stages/925/results,13067,1,/api/v1/routes/13067/startlist,
/api/v1/events/1384/result/682,1384,full_results_url,Olympic Qualifier Series Shanghai 2024,BOULDER&LEAD Women,finished,2025-10-02 07:18:41 UTC,2026-04-22 08:30:50 UTC,,8976,boulder&lead,Final,Women,finished,2024-05-19 10:17:59 UTC,/api/v1/category_rounds/8976/results,bl_final,IFSC: Finals,33,925.0,,boulder,finished,2024-05-19 08:45:45 UTC,/api/v1/combined_stages/925/results,13068,2,/api/v1/routes/13068/startlist,
/api/v1/events/1384/result/682,1384,full_results_url,Olympic Qualifier Series Shanghai 2024,BOULDER&LEAD Women,finished,2025-10-02 07:18:41 UTC,2026-04-22 08:30:50 UTC,,8976,boulder&lead,Final,Women,finished,2024-05-19 10:17:59 UTC,/api/v1/category_rounds/8976/results,bl_final,IFSC: Finals,33,925.0,,boulder,finished,2024-05-19 08:45:45 UTC,/api/v1/combined_stages/925/results,13069,3,/api/v1/routes/13069/startlist,
/api/v1/events/1384/result/682,1384,full_results_url,Olympic Qualifier Series Shanghai 2024,BOULDER&LEAD Women,finished,2025-10-02 07:18:41 UTC,2026-04-22 08:30:50 UTC,,8976,boulder&lead,Final,Women,finished,2024-05-19 10:17:59 UTC,/api/v1/category_rounds/8976/results,bl_final,IFSC: Finals,33,925.0,,boulder,finished,2024-05-19 08:45:45 UTC,/api/v1/combined_stages/925/results,13070,4,/api/v1/routes/13070/startlist,
/api/v1/events/1384/result/682,1384,full_results_url,Olympic Qualifier Series Shanghai 2024,BOULDER&LEAD Women,finished,2025-10-02 07:18:41 UTC,2026-04-22 08:30:50 UTC,,8976,boulder&lead,Final,Women,finished,2024-05-19 10:17:59 UTC,/api/v1/category_rounds/8976/results,bl_final,IFSC: Finals,33,926.0,,lead,finished,2024-05-19 10:17:59 UTC,/api/v1/combined_stages/926/results,13071,1,/api/v1/routes/13071/startlist,/api/v1/routes/13071/results
/api/v1/events/1384/result/314,1384,full_results_url,Olympic Qualifier Series Shanghai 2024,SPEED Men,finished,2025-10-02 07:18:41 UTC,2026-04-22 08:30:54 UTC,,8756,speed,Qualification,Men,finished,2024-05-17 11:13:05 UTC,/api/v1/category_rounds/8756/results,speed_staggered,IFSC: Qualification,31,,,,,,,12189,A,/api/v1/routes/12189/startlist,
/api/v1/events/1384/result/314,1384,full_results_url,Olympic Qualifier Series Shanghai 2024,SPEED Men,finished,2025-10-02 07:18:41 UTC,2026-04-22 08:30:54 UTC,,8756,speed,Qualification,Men,finished,2024-05-17 11:13:05 UTC,/api/v1/category_rounds/8756/results,speed_staggered,IFSC: Qualification,31,,,,,,,12190,B,/api/v1/routes/12190/startlist,
/api/v1/events/1384/result/314,1384,full_results_url,Olympic Qualifier Series Shanghai 2024,SPEED Men,finished,2025-10-02 07:18:41 UTC,2026-04-22 08:30:54 UTC,,8977,speed,Final,Men,finished,2024-05-21 07:36:55 UTC,/api/v1/category_rounds/8977/results,speed_elimination_ifsc_2023,IFSC 2023+: Elimination,33,,,,,,,13072,A,/api/v1/routes/13072/startlist,
/api/v1/events/1384/result/314,1384,full_results_url,Olympic Qualifier Series Shanghai 2024,SPEED Men,finished,2025-10-02 07:18:41 UTC,2026-04-22 08:30:54 UTC,,8977,speed,Final,Men,finished,2024-05-21 07:36:55 UTC,/api/v1/category_rounds/8977/results,speed_elimination_ifsc_2023,IFSC 2023+: Elimination,33,,,,,,,13073,B,/api/v1/routes/13073/startlist,
/api/v1/events/1384/result/334,1384,full_results_url,Olympic Qualifier Series Shanghai 2024,SPEED Women,finished,2025-10-02 07:18:41 UTC,2026-04-22 08:30:57 UTC,,8761,speed,Qualification,Women,finished,2024-05-19 00:50:09 UTC,/api/v1/category_rounds/8761/results,speed_staggered,IFSC: Qualification,31,,,,,,,12199,A,/api/v1/routes/12199/startlist,
/api/v1/events/1384/result/334,1384,full_results_url,Olympic Qualifier Series Shanghai 2024,SPEED Women,finished,2025-10-02 07:18:41 UTC,2026-04-22 08:30:57 UTC,,8761,speed,Qualification,Women,finished,2024-05-19 00:50:09 UTC,/api/v1/category_rounds/8761/results,speed_staggered,IFSC: Qualification,31,,,,,,,12200,B,/api/v1/routes/12200/startlist,
/api/v1/events/1384/result/334,1384,full_results_url,Olympic Qualifier Series Shanghai 2024,SPEED Women,finished,2025-10-02 07:18:41 UTC,2026-04-22 08:30:57 UTC,,8978,speed,Final,Women,finished,2024-05-19 00:54:30 UTC,/api/v1/category_rounds/8978/results,speed_elimination_ifsc_2023,IFSC 2023+: Elimination,33,,,,,,,13074,A,/api/v1/routes/13074/startlist,
/api/v1/events/1384/result/334,1384,full_results_url,Olympic Qualifier Series Shanghai 2024,SPEED Women,finished,2025-10-02 07:18:41 UTC,2026-04-22 08:30:57 UTC,,8978,speed,Final,Women,finished,2024-05-19 00:54:30 UTC,/api/v1/category_rounds/8978/results,speed_elimination_ifsc_2023,IFSC 2023+: Elimination,33,,,,,,,13075,B,/api/v1/routes/13075/startlist,
/api/v1/events/1368/result/234,1368,full_results_url,IFSC Youth European Cup Mezzolombardo 2024,SPEED Juniors Male,finished,2025-10-02 07:18:40 UTC,2026-04-22 08:31:00 UTC,,8598,speed,Qualification,Juniors Male,finished,2024-05-24 15:25:34 UTC,/api/v1/category_rounds/8598/results,speed_staggered_tolerate_false_start,IFSC-E: Qualification (Tolerate FS),19,,,,,,,11657,A,/api/v1/routes/11657/startlist,
/api/v1/events/1368/result/234,1368,full_results_url,IFSC Youth European Cup Mezzolombardo 2024,SPEED Juniors Male,finished,2025-10-02 07:18:40 UTC,2026-04-22 08:31:00 UTC,,8598,speed,Qualification,Juniors Male,finished,2024-05-24 15:25:34 UTC,/api/v1/category_rounds/8598/results,speed_staggered_tolerate_false_start,IFSC-E: Qualification (Tolerate FS),19,,,,,,,11658,B,/api/v1/routes/11658/startlist,
/api/v1/events/1368/result/234,1368,full_results_url,IFSC Youth European Cup Mezzolombardo 2024,SPEED Juniors Male,finished,2025-10-02 07:18:40 UTC,2026-04-22 08:31:00 UTC,,9079,speed,Final,Juniors Male,finished,2024-05-24 18:32:25 UTC,/api/v1/category_rounds/9079/results,speed_elimination_ifsc_2023,IFSC 2023+: Elimination,21,,,,,,,13326,A,/api/v1/routes/13326/startlist,
/api/v1/events/1368/result/234,1368,full_results_url,IFSC Youth European Cup Mezzolombardo 2024,SPEED Juniors Male,finished,2025-10-02 07:18:40 UTC,2026-04-22 08:31:00 UTC,,9079,speed,Final,Juniors Male,finished,2024-05-24 18:32:25 UTC,/api/v1/category_rounds/9079/results,speed_elimination_ifsc_2023,IFSC 2023+: Elimination,21,,,,,,,13327,B,/api/v1/routes/13327/startlist,
/api/v1/events/1368/result/238,1368,full_results_url,IFSC Youth European Cup Mezzolombardo 2024,SPEED Youth A Male,finished,2025-10-02 07:18:40 UTC,2026-04-22 08:31:04 UTC,,8599,speed,Qualification,Youth A Male,finished,2024-05-24 15:25:45 UTC,/api/v1/category_rounds/8599/results,speed_staggered_tolerate_false_start,IFSC-E: Qualification (Tolerate FS),19,,,,,,,11659,A,/api/v1/routes/11659/startlist,
/api/v1/events/1368/result/238,1368,full_results_url,IFSC Youth European Cup Mezzolombardo 2024,SPEED Youth A Male,finished,2025-10-02 07:18:40 UTC,2026-04-22 08:31:04 UTC,,8599,speed,Qualification,Youth A Male,finished,2024-05-24 15:25:45 UTC,/api/v1/category_rounds/8599/results,speed_staggered_tolerate_false_start,IFSC-E: Qualification (Tolerate FS),19,,,,,,,11660,B,/api/v1/routes/11660/startlist,
/api/v1/events/1368/result/238,1368,full_results_url,IFSC Youth European Cup Mezzolombardo 2024,SPEED Youth A Male,finished,2025-10-02 07:18:40 UTC,2026-04-22 08:31:04 UTC,,9080,speed,Final,Youth A Male,finished,2024-05-24 18:01:23 UTC,/api/v1/category_rounds/9080/results,speed_elimination_ifsc_2023,IFSC 2023+: Elimination,21,,,,,,,13328,A,/api/v1/routes/13328/startlist,
/api/v1/events/1368/result/238,1368,full_results_url,IFSC Youth European Cup Mezzolombardo 2024,SPEED Youth A Male,finished,2025-10-02 07:18:40 UTC,2026-04-22 08:31:04 UTC,,9080,speed,Final,Youth A Male,finished,2024-05-24 18:01:23 UTC,/api/v1/category_rounds/9080/results,speed_elimination_ifsc_2023,IFSC 2023+: Elimination,21,,,,,,,13329,B,/api/v1/routes/13329/startlist,
/api/v1/events/1368/result/242,1368,full_results_url,IFSC Youth European Cup Mezzolombardo 2024,SPEED Youth B Male,finished,2025-10-02 07:18:40 UTC,2026-04-22 08:31:07 UTC,,8600,speed,Qualification,Youth B Male,finished,2024-05-24 15:28:04 UTC,/api/v1/category_rounds/8600/results,speed_staggered_tolerate_false_start,IFSC-E: Qualification (Tolerate FS),19,,,,,,,11661,A,/api/v1/routes/11661/startlist,
/api/v1/events/1368/result/242,1368,full_results_url,IFSC Youth European Cup Mezzolombardo 2024,SPEED Youth B Male,finished,2025-10-02 07:18:40 UTC,2026-04-22 08:31:07 UTC,,8600,speed,Qualification,Youth B Male,finished,2024-05-24 15:28:04 UTC,/api/v1/category_rounds/8600/results,speed_staggered_tolerate_false_start,IFSC-E: Qualification (Tolerate FS),19,,,,,,,11662,B,/api/v1/routes/11662/startlist,
/api/v1/events/1368/result/242,1368,full_results_url,IFSC Youth European Cup Mezzolombardo 2024,SPEED Youth B Male,finished,2025-10-02 07:18:40 UTC,2026-04-22 08:31:07 UTC,,9081,speed,Final,Youth B Male,finished,2024-05-24 18:01:42 UTC,/api/v1/category_rounds/9081/results,speed_elimination_ifsc_2023,IFSC 2023+: Elimination,21,,,,,,,13330,A,/api/v1/routes/13330/startlist,
/api/v1/events/1368/result/242,1368,full_results_url,IFSC Youth European Cup Mezzolombardo 2024,SPEED Youth B Male,finished,2025-10-02 07:18:40 UTC,2026-04-22 08:31:07 UTC,,9081,speed,Final,Youth B Male,finished,2024-05-24 18:01:42 UTC,/api/v1/category_rounds/9081/results,speed_elimination_ifsc_2023,IFSC 2023+: Elimination,21,,,,,,,13331,B,/api/v1/routes/13331/startlist,
/api/v1/events/1368/result/250,1368,full_results_url,IFSC Youth European Cup Mezzolombardo 2024,SPEED Juniors Female,finished,2025-10-02 07:18:40 UTC,2026-04-22 08:31:10 UTC,,8601,speed,Qualification,Juniors Female,finished,2024-05-24 15:28:29 UTC,/api/v1/category_rounds/8601/results,speed_staggered_tolerate_false_start,IFSC-E: Qualification (Tolerate FS),19,,,,,,,11663,A,/api/v1/routes/11663/startlist,
/api/v1/events/1368/result/250,1368,full_results_url,IFSC Youth European Cup Mezzolombardo 2024,SPEED Juniors Female,finished,2025-10-02 07:18:40 UTC,2026-04-22 08:31:10 UTC,,8601,speed,Qualification,Juniors Female,finished,2024-05-24 15:28:29 UTC,/api/v1/category_rounds/8601/results,speed_staggered_tolerate_false_start,IFSC-E: Qualification (Tolerate FS),19,,,,,,,11664,B,/api/v1/routes/11664/startlist,
/api/v1/events/1368/result/250,1368,full_results_url,IFSC Youth European Cup Mezzolombardo 2024,SPEED Juniors Female,finished,2025-10-02 07:18:40 UTC,2026-04-22 08:31:10 UTC,,9082,speed,Final,Juniors Female,finished,2024-05-24 18:01:51 UTC,/api/v1/category_rounds/9082/results,speed_elimination_ifsc_2023,IFSC 2023+: Elimination,21,,,,,,,13332,A,/api/v1/routes/13332/startlist,
/api/v1/events/1368/result/250,1368,full_results_url,IFSC Youth European Cup Mezzolombardo 2024,SPEED Juniors Female,finished,2025-10-02 07:18:40 UTC,2026-04-22 08:31:10 UTC,,9082,speed,Final,Juniors Female,finished,2024-05-24 18:01:51 UTC,/api/v1/category_rounds/9082/results,speed_elimination_ifsc_2023,IFSC 2023+: Elimination,21,,,,,,,13333,B,/api/v1/routes/13333/startlist,
/api/v1/events/1368/result/254,1368,full_results_url,IFSC Youth European Cup Mezzolombardo 2024,SPEED Youth A Female,finished,2025-10-02 07:18:40 UTC,2026-04-22 08:31:13 UTC,,8602,speed,Qualification,Youth A Female,finished,2024-05-24 15:28:52 UTC,/api/v1/category_rounds/8602/results,speed_staggered_tolerate_false_start,IFSC-E: Qualification (Tolerate FS),19,,,,,,,11665,A,/api/v1/routes/11665/startlist,
/api/v1/events/1368/result/254,1368,full_results_url,IFSC Youth European Cup Mezzolombardo 2024,SPEED Youth A Female,finished,2025-10-02 07:18:40 UTC,2026-04-22 08:31:13 UTC,,8602,speed,Qualification,Youth A Female,finished,2024-05-24 15:28:52 UTC,/api/v1/category_rounds/8602/results,speed_staggered_tolerate_false_start,IFSC-E: Qualification (Tolerate FS),19,,,,,,,11666,B,/api/v1/routes/11666/startlist,
/api/v1/events/1368/result/254,1368,full_results_url,IFSC Youth European Cup Mezzolombardo 2024,SPEED Youth A Female,finished,2025-10-02 07:18:40 UTC,2026-04-22 08:31:13 UTC,,9083,speed,Final,Youth A Female,finished,2024-05-24 18:02:00 UTC,/api/v1/category_rounds/9083/results,speed_elimination_ifsc_2023,IFSC 2023+: Elimination,21,,,,,,,13334,A,/api/v1/routes/13334/startlist,
/api/v1/events/1368/result/254,1368,full_results_url,IFSC Youth European Cup Mezzolombardo 2024,SPEED Youth A Female,finished,2025-10-02 07:18:40 UTC,2026-04-22 08:31:13 UTC,,9083,speed,Final,Youth A Female,finished,2024-05-24 18:02:00 UTC,/api/v1/category_rounds/9083/results,speed_elimination_ifsc_2023,IFSC 2023+: Elimination,21,,,,,,,13335,B,/api/v1/routes/13335/startlist,
/api/v1/events/1368/result/258,1368,full_results_url,IFSC Youth European Cup Mezzolombardo 2024,SPEED Youth B Female,finished,2025-10-02 07:18:40 UTC,2026-04-22 08:31:17 UTC,,8603,speed,Qualification,Youth B Female,finished,2024-05-24 15:29:27 UTC,/api/v1/category_rounds/8603/results,speed_staggered_tolerate_false_start,IFSC-E: Qualification (Tolerate FS),19,,,,,,,11667,A,/api/v1/routes/11667/startlist,
/api/v1/events/1368/result/258,1368,full_results_url,IFSC Youth European Cup Mezzolombardo 2024,SPEED Youth B Female,finished,2025-10-02 07:18:40 UTC,2026-04-22 08:31:17 UTC,,8603,speed,Qualification,Youth B Female,finished,2024-05-24 15:29:27 UTC,/api/v1/category_rounds/8603/results,speed_staggered_tolerate_false_start,IFSC-E: Qualification (Tolerate FS),19,,,,,,,11668,B,/api/v1/routes/11668/startlist,
/api/v1/events/1368/result/258,1368,full_results_url,IFSC Youth European Cup Mezzolombardo 2024,SPEED Youth B Female,finished,2025-10-02 07:18:40 UTC,2026-04-22 08:31:17 UTC,,9084,speed,Final,Youth B Female,finished,2024-05-24 18:02:08 UTC,/api/v1/category_rounds/9084/results,speed_elimination_ifsc_2023,IFSC 2023+: Elimination,21,,,,,,,13336,A,/api/v1/routes/13336/startlist,
/api/v1/events/1368/result/258,1368,full_results_url,IFSC Youth European Cup Mezzolombardo 2024,SPEED Youth B Female,finished,2025-10-02 07:18:40 UTC,2026-04-22 08:31:17 UTC,,9084,speed,Final,Youth B Female,finished,2024-05-24 18:02:08 UTC,/api/v1/category_rounds/9084/results,speed_elimination_ifsc_2023,IFSC 2023+: Elimination,21,,,,,,,13337,B,/api/v1/routes/13337/startlist,
/api/v1/events/1369/result/226,1369,full_results_url,IFSC European Cup Mezzolombardo 2024,SPEED Men,finished,2025-10-02 07:18:40 UTC,2026-04-22 08:31:20 UTC,,8604,speed,Qualification,Men,finished,2024-05-25 16:02:35 UTC,/api/v1/category_rounds/8604/results,speed_staggered,IFSC: Qualification,16,,,,,,,11669,A,/api/v1/routes/11669/startlist,
/api/v1/events/1369/result/226,1369,full_results_url,IFSC European Cup Mezzolombardo 2024,SPEED Men,finished,2025-10-02 07:18:40 UTC,2026-04-22 08:31:20 UTC,,8604,speed,Qualification,Men,finished,2024-05-25 16:02:35 UTC,/api/v1/category_rounds/8604/results,speed_staggered,IFSC: Qualification,16,,,,,,,11670,B,/api/v1/routes/11670/startlist,
/api/v1/events/1369/result/226,1369,full_results_url,IFSC European Cup Mezzolombardo 2024,SPEED Men,finished,2025-10-02 07:18:40 UTC,2026-04-22 08:31:20 UTC,,9085,speed,Final,Men,finished,2024-05-25 18:23:05 UTC,/api/v1/category_rounds/9085/results,speed_elimination_ifsc_2023,IFSC 2023+: Elimination,18,,,,,,,13338,A,/api/v1/routes/13338/startlist,
/api/v1/events/1369/result/226,1369,full_results_url,IFSC European Cup Mezzolombardo 2024,SPEED Men,finished,2025-10-02 07:18:40 UTC,2026-04-22 08:31:20 UTC,,9085,speed,Final,Men,finished,2024-05-25 18:23:05 UTC,/api/v1/category_rounds/9085/results,speed_elimination_ifsc_2023,IFSC 2023+: Elimination,18,,,,,,,13339,B,/api/v1/routes/13339/startlist,
/api/v1/events/1369/result/230,1369,full_results_url,IFSC European Cup Mezzolombardo 2024,SPEED Women,finished,2025-10-02 07:18:40 UTC,2026-04-22 08:31:23 UTC,,8605,speed,Qualification,Women,finished,2024-05-25 16:01:19 UTC,/api/v1/category_rounds/8605/results,speed_staggered,IFSC: Qualification,16,,,,,,,11671,A,/api/v1/routes/11671/startlist,
/api/v1/events/1369/result/230,1369,full_results_url,IFSC European Cup Mezzolombardo 2024,SPEED Women,finished,2025-10-02 07:18:40 UTC,2026-04-22 08:31:23 UTC,,8605,speed,Qualification,Women,finished,2024-05-25 16:01:19 UTC,/api/v1/category_rounds/8605/results,speed_staggered,IFSC: Qualification,16,,,,,,,11672,B,/api/v1/routes/11672/startlist,
/api/v1/events/1369/result/230,1369,full_results_url,IFSC European Cup Mezzolombardo 2024,SPEED Women,finished,2025-10-02 07:18:40 UTC,2026-04-22 08:31:23 UTC,,9086,speed,Final,Women,finished,2024-05-25 18:21:02 UTC,/api/v1/category_rounds/9086/results,speed_elimination_ifsc_2023,IFSC 2023+: Elimination,18,,,,,,,13340,A,/api/v1/routes/13340/startlist,
/api/v1/events/1369/result/230,1369,full_results_url,IFSC European Cup Mezzolombardo 2024,SPEED Women,finished,2025-10-02 07:18:40 UTC,2026-04-22 08:31:23 UTC,,9086,speed,Final,Women,finished,2024-05-25 18:21:02 UTC,/api/v1/category_rounds/9086/results,speed_elimination_ifsc_2023,IFSC 2023+: Elimination,18,,,,,,,13341,B,/api/v1/routes/13341/startlist,
/api/v1/events/1385/result/677,1385,full_results_url,Olympic Qualifier Series Budapest 2024,BOULDER&LEAD Men,finished,2025-10-02 07:18:41 UTC,2026-04-22 08:31:27 UTC,,8766,boulder&lead,Qualification,Men,finished,2024-06-22 08:42:25 UTC,/api/v1/category_rounds/8766/results,bl_qualification,IFSC: Qualification,31,879.0,,boulder,finished,2024-06-21 16:58:09 UTC,/api/v1/combined_stages/879/results,12209,1,/api/v1/routes/12209/startlist,
/api/v1/events/1385/result/677,1385,full_results_url,Olympic Qualifier Series Budapest 2024,BOULDER&LEAD Men,finished,2025-10-02 07:18:41 UTC,2026-04-22 08:31:27 UTC,,8766,boulder&lead,Qualification,Men,finished,2024-06-22 08:42:25 UTC,/api/v1/category_rounds/8766/results,bl_qualification,IFSC: Qualification,31,879.0,,boulder,finished,2024-06-21 16:58:09 UTC,/api/v1/combined_stages/879/results,12210,2,/api/v1/routes/12210/startlist,
/api/v1/events/1385/result/677,1385,full_results_url,Olympic Qualifier Series Budapest 2024,BOULDER&LEAD Men,finished,2025-10-02 07:18:41 UTC,2026-04-22 08:31:27 UTC,,8766,boulder&lead,Qualification,Men,finished,2024-06-22 08:42:25 UTC,/api/v1/category_rounds/8766/results,bl_qualification,IFSC: Qualification,31,879.0,,boulder,finished,2024-06-21 16:58:09 UTC,/api/v1/combined_stages/879/results,12211,3,/api/v1/routes/12211/startlist,
/api/v1/events/1385/result/677,1385,full_results_url,Olympic Qualifier Series Budapest 2024,BOULDER&LEAD Men,finished,2025-10-02 07:18:41 UTC,2026-04-22 08:31:27 UTC,,8766,boulder&lead,Qualification,Men,finished,2024-06-22 08:42:25 UTC,/api/v1/category_rounds/8766/results,bl_qualification,IFSC: Qualification,31,879.0,,boulder,finished,2024-06-21 16:58:09 UTC,/api/v1/combined_stages/879/results,12212,4,/api/v1/routes/12212/startlist,
/api/v1/events/1385/result/677,1385,full_results_url,Olympic Qualifier Series Budapest 2024,BOULDER&LEAD Men,finished,2025-10-02 07:18:41 UTC,2026-04-22 08:31:27 UTC,,8766,boulder&lead,Qualification,Men,finished,2024-06-22 08:42:25 UTC,/api/v1/category_rounds/8766/results,bl_qualification,IFSC: Qualification,31,880.0,,lead,finished,2024-06-21 16:58:09 UTC,/api/v1/combined_stages/880/results,12213,1,/api/v1/routes/12213/startlist,/api/v1/routes/12213/results
/api/v1/events/1385/result/677,1385,full_results_url,Olympic Qualifier Series Budapest 2024,BOULDER&LEAD Men,finished,2025-10-02 07:18:41 UTC,2026-04-22 08:31:27 UTC,,9095,boulder&lead,Semi-Final,Men,finished,2024-06-22 15:37:40 UTC,/api/v1/category_rounds/9095/results,bl_qualification,IFSC: Qualification,32,927.0,,boulder,finished,2024-06-22 12:20:37 UTC,/api/v1/combined_stages/927/results,13362,1,/api/v1/routes/13362/startlist,
/api/v1/events/1385/result/677,1385,full_results_url,Olympic Qualifier Series Budapest 2024,BOULDER&LEAD Men,finished,2025-10-02 07:18:41 UTC,2026-04-22 08:31:27 UTC,,9095,boulder&lead,Semi-Final,Men,finished,2024-06-22 15:37:40 UTC,/api/v1/category_rounds/9095/results,bl_qualification,IFSC: Qualification,32,927.0,,boulder,finished,2024-06-22 12:20:37 UTC,/api/v1/combined_stages/927/results,13363,2,/api/v1/routes/13363/startlist,
/api/v1/events/1385/result/677,1385,full_results_url,Olympic Qualifier Series Budapest 2024,BOULDER&LEAD Men,finished,2025-10-02 07:18:41 UTC,2026-04-22 08:31:27 UTC,,9095,boulder&lead,Semi-Final,Men,finished,2024-06-22 15:37:40 UTC,/api/v1/category_rounds/9095/results,bl_qualification,IFSC: Qualification,32,927.0,,boulder,finished,2024-06-22 12:20:37 UTC,/api/v1/combined_stages/927/results,13364,3,/api/v1/routes/13364/startlist,
/api/v1/events/1385/result/677,1385,full_results_url,Olympic Qualifier Series Budapest 2024,BOULDER&LEAD Men,finished,2025-10-02 07:18:41 UTC,2026-04-22 08:31:27 UTC,,9095,boulder&lead,Semi-Final,Men,finished,2024-06-22 15:37:40 UTC,/api/v1/category_rounds/9095/results,bl_qualification,IFSC: Qualification,32,927.0,,boulder,finished,2024-06-22 12:20:37 UTC,/api/v1/combined_stages/927/results,13365,4,/api/v1/routes/13365/startlist,
/api/v1/events/1385/result/677,1385,full_results_url,Olympic Qualifier Series Budapest 2024,BOULDER&LEAD Men,finished,2025-10-02 07:18:41 UTC,2026-04-22 08:31:27 UTC,,9095,boulder&lead,Semi-Final,Men,finished,2024-06-22 15:37:40 UTC,/api/v1/category_rounds/9095/results,bl_qualification,IFSC: Qualification,32,928.0,,lead,finished,2024-06-22 15:37:39 UTC,/api/v1/combined_stages/928/results,13366,1,/api/v1/routes/13366/startlist,/api/v1/routes/13366/results
/api/v1/events/1385/result/677,1385,full_results_url,Olympic Qualifier Series Budapest 2024,BOULDER&LEAD Men,finished,2025-10-02 07:18:41 UTC,2026-04-22 08:31:27 UTC,,9097,boulder&lead,Final,Men,finished,2024-06-23 16:15:22 UTC,/api/v1/category_rounds/9097/results,bl_final,IFSC: Finals,33,931.0,,boulder,finished,2024-06-23 15:14:02 UTC,/api/v1/combined_stages/931/results,13372,1,/api/v1/routes/13372/startlist,
/api/v1/events/1385/result/677,1385,full_results_url,Olympic Qualifier Series Budapest 2024,BOULDER&LEAD Men,finished,2025-10-02 07:18:41 UTC,2026-04-22 08:31:27 UTC,,9097,boulder&lead,Final,Men,finished,2024-06-23 16:15:22 UTC,/api/v1/category_rounds/9097/results,bl_final,IFSC: Finals,33,931.0,,boulder,finished,2024-06-23 15:14:02 UTC,/api/v1/combined_stages/931/results,13373,2,/api/v1/routes/13373/startlist,
/api/v1/events/1385/result/677,1385,full_results_url,Olympic Qualifier Series Budapest 2024,BOULDER&LEAD Men,finished,2025-10-02 07:18:41 UTC,2026-04-22 08:31:27 UTC,,9097,boulder&lead,Final,Men,finished,2024-06-23 16:15:22 UTC,/api/v1/category_rounds/9097/results,bl_final,IFSC: Finals,33,931.0,,boulder,finished,2024-06-23 15:14:02 UTC,/api/v1/combined_stages/931/results,13374,3,/api/v1/routes/13374/startlist,
/api/v1/events/1385/result/677,1385,full_results_url,Olympic Qualifier Series Budapest 2024,BOULDER&LEAD Men,finished,2025-10-02 07:18:41 UTC,2026-04-22 08:31:27 UTC,,9097,boulder&lead,Final,Men,finished,2024-06-23 16:15:22 UTC,/api/v1/category_rounds/9097/results,bl_final,IFSC: Finals,33,931.0,,boulder,finished,2024-06-23 15:14:02 UTC,/api/v1/combined_stages/931/results,13375,4,/api/v1/routes/13375/startlist,
/api/v1/events/1385/result/677,1385,full_results_url,Olympic Qualifier Series Budapest 2024,BOULDER&LEAD Men,finished,2025-10-02 07:18:41 UTC,2026-04-22 08:31:27 UTC,,9097,boulder&lead,Final,Men,finished,2024-06-23 16:15:22 UTC,/api/v1/category_rounds/9097/results,bl_final,IFSC: Finals,33,932.0,,lead,finished,2024-06-23 16:15:22 UTC,/api/v1/combined_stages/932/results,13376,1,/api/v1/routes/13376/startlist,/api/v1/routes/13376/results
/api/v1/events/1385/result/682,1385,full_results_url,Olympic Qualifier Series Budapest 2024,BOULDER&LEAD Women,finished,2025-10-02 07:18:41 UTC,2026-04-22 08:31:31 UTC,,8771,boulder&lead,Qualification,Women,finished,2024-06-22 08:42:43 UTC,/api/v1/category_rounds/8771/results,bl_qualification,IFSC: Qualification,31,889.0,,boulder,finished,2024-06-21 16:58:09 UTC,/api/v1/combined_stages/889/results,12234,1,/api/v1/routes/12234/startlist,
/api/v1/events/1385/result/682,1385,full_results_url,Olympic Qualifier Series Budapest 2024,BOULDER&LEAD Women,finished,2025-10-02 07:18:41 UTC,2026-04-22 08:31:31 UTC,,8771,boulder&lead,Qualification,Women,finished,2024-06-22 08:42:43 UTC,/api/v1/category_rounds/8771/results,bl_qualification,IFSC: Qualification,31,889.0,,boulder,finished,2024-06-21 16:58:09 UTC,/api/v1/combined_stages/889/results,12235,2,/api/v1/routes/12235/startlist,
/api/v1/events/1385/result/682,1385,full_results_url,Olympic Qualifier Series Budapest 2024,BOULDER&LEAD Women,finished,2025-10-02 07:18:41 UTC,2026-04-22 08:31:31 UTC,,8771,boulder&lead,Qualification,Women,finished,2024-06-22 08:42:43 UTC,/api/v1/category_rounds/8771/results,bl_qualification,IFSC: Qualification,31,889.0,,boulder,finished,2024-06-21 16:58:09 UTC,/api/v1/combined_stages/889/results,12236,3,/api/v1/routes/12236/startlist,
/api/v1/events/1385/result/682,1385,full_results_url,Olympic Qualifier Series Budapest 2024,BOULDER&LEAD Women,finished,2025-10-02 07:18:41 UTC,2026-04-22 08:31:31 UTC,,8771,boulder&lead,Qualification,Women,finished,2024-06-22 08:42:43 UTC,/api/v1/category_rounds/8771/results,bl_qualification,IFSC: Qualification,31,889.0,,boulder,finished,2024-06-21 16:58:09 UTC,/api/v1/combined_stages/889/results,12237,4,/api/v1/routes/12237/startlist,
/api/v1/events/1385/result/682,1385,full_results_url,Olympic Qualifier Series Budapest 2024,BOULDER&LEAD Women,finished,2025-10-02 07:18:41 UTC,2026-04-22 08:31:31 UTC,,8771,boulder&lead,Qualification,Women,finished,2024-06-22 08:42:43 UTC,/api/v1/category_rounds/8771/results,bl_qualification,IFSC: Qualification,31,890.0,,lead,finished,2024-06-21 16:58:09 UTC,/api/v1/combined_stages/890/results,12238,1,/api/v1/routes/12238/startlist,/api/v1/routes/12238/results
/api/v1/events/1385/result/682,1385,full_results_url,Olympic Qualifier Series Budapest 2024,BOULDER&LEAD Women,finished,2025-10-02 07:18:41 UTC,2026-04-22 08:31:31 UTC,,9096,boulder&lead,Semi-Final,Women,finished,2024-06-22 15:39:50 UTC,/api/v1/category_rounds/9096/results,bl_qualification,IFSC: Qualification,32,929.0,,boulder,finished,2024-06-22 12:20:27 UTC,/api/v1/combined_stages/929/results,13367,1,/api/v1/routes/13367/startlist,
/api/v1/events/1385/result/682,1385,full_results_url,Olympic Qualifier Series Budapest 2024,BOULDER&LEAD Women,finished,2025-10-02 07:18:41 UTC,2026-04-22 08:31:31 UTC,,9096,boulder&lead,Semi-Final,Women,finished,2024-06-22 15:39:50 UTC,/api/v1/category_rounds/9096/results,bl_qualification,IFSC: Qualification,32,929.0,,boulder,finished,2024-06-22 12:20:27 UTC,/api/v1/combined_stages/929/results,13368,2,/api/v1/routes/13368/startlist,
/api/v1/events/1385/result/682,1385,full_results_url,Olympic Qualifier Series Budapest 2024,BOULDER&LEAD Women,finished,2025-10-02 07:18:41 UTC,2026-04-22 08:31:31 UTC,,9096,boulder&lead,Semi-Final,Women,finished,2024-06-22 15:39:50 UTC,/api/v1/category_rounds/9096/results,bl_qualification,IFSC: Qualification,32,929.0,,boulder,finished,2024-06-22 12:20:27 UTC,/api/v1/combined_stages/929/results,13369,3,/api/v1/routes/13369/startlist,
/api/v1/events/1385/result/682,1385,full_results_url,Olympic Qualifier Series Budapest 2024,BOULDER&LEAD Women,finished,2025-10-02 07:18:41 UTC,2026-04-22 08:31:31 UTC,,9096,boulder&lead,Semi-Final,Women,finished,2024-06-22 15:39:50 UTC,/api/v1/category_rounds/9096/results,bl_qualification,IFSC: Qualification,32,929.0,,boulder,finished,2024-06-22 12:20:27 UTC,/api/v1/combined_stages/929/results,13370,4,/api/v1/routes/13370/startlist,
/api/v1/events/1385/result/682,1385,full_results_url,Olympic Qualifier Series Budapest 2024,BOULDER&LEAD Women,finished,2025-10-02 07:18:41 UTC,2026-04-22 08:31:31 UTC,,9096,boulder&lead,Semi-Final,Women,finished,2024-06-22 15:39:50 UTC,/api/v1/category_rounds/9096/results,bl_qualification,IFSC: Qualification,32,930.0,,lead,finished,2024-06-22 15:39:49 UTC,/api/v1/combined_stages/930/results,13371,1,/api/v1/routes/13371/startlist,/api/v1/routes/13371/results
/api/v1/events/1385/result/682,1385,full_results_url,Olympic Qualifier Series Budapest 2024,BOULDER&LEAD Women,finished,2025-10-02 07:18:41 UTC,2026-04-22 08:31:31 UTC,,9098,boulder&lead,Final,Women,finished,2024-06-23 10:51:11 UTC,/api/v1/category_rounds/9098/results,bl_final,IFSC: Finals,33,933.0,,boulder,finished,2024-06-23 09:36:59 UTC,/api/v1/combined_stages/933/results,13377,1,/api/v1/routes/13377/startlist,
/api/v1/events/1385/result/682,1385,full_results_url,Olympic Qualifier Series Budapest 2024,BOULDER&LEAD Women,finished,2025-10-02 07:18:41 UTC,2026-04-22 08:31:31 UTC,,9098,boulder&lead,Final,Women,finished,2024-06-23 10:51:11 UTC,/api/v1/category_rounds/9098/results,bl_final,IFSC: Finals,33,933.0,,boulder,finished,2024-06-23 09:36:59 UTC,/api/v1/combined_stages/933/results,13378,2,/api/v1/routes/13378/startlist,
/api/v1/events/1385/result/682,1385,full_results_url,Olympic Qualifier Series Budapest 2024,BOULDER&LEAD Women,finished,2025-10-02 07:18:41 UTC,2026-04-22 08:31:31 UTC,,9098,boulder&lead,Final,Women,finished,2024-06-23 10:51:11 UTC,/api/v1/category_rounds/9098/results,bl_final,IFSC: Finals,33,933.0,,boulder,finished,2024-06-23 09:36:59 UTC,/api/v1/combined_stages/933/results,13379,3,/api/v1/routes/13379/startlist,
/api/v1/events/1385/result/682,1385,full_results_url,Olympic Qualifier Series Budapest 2024,BOULDER&LEAD Women,finished,2025-10-02 07:18:41 UTC,2026-04-22 08:31:31 UTC,,9098,boulder&lead,Final,Women,finished,2024-06-23 10:51:11 UTC,/api/v1/category_rounds/9098/results,bl_final,IFSC: Finals,33,933.0,,boulder,finished,2024-06-23 09:36:59 UTC,/api/v1/combined_stages/933/results,13380,4,/api/v1/routes/13380/startlist,
/api/v1/events/1385/result/682,1385,full_results_url,Olympic Qualifier Series Budapest 2024,BOULDER&LEAD Women,finished,2025-10-02 07:18:41 UTC,2026-04-22 08:31:31 UTC,,9098,boulder&lead,Final,Women,finished,2024-06-23 10:51:11 UTC,/api/v1/category_rounds/9098/results,bl_final,IFSC: Finals,33,934.0,,lead,finished,2024-06-23 10:51:10 UTC,/api/v1/combined_stages/934/results,13381,1,/api/v1/routes/13381/startlist,/api/v1/routes/13381/results
/api/v1/events/1385/result/314,1385,full_results_url,Olympic Qualifier Series Budapest 2024,SPEED Men,finished,2025-10-02 07:18:41 UTC,2026-04-22 08:31:35 UTC,,8776,speed,Qualification,Men,finished,2024-06-21 16:58:09 UTC,/api/v1/category_rounds/8776/results,speed_staggered,IFSC: Qualification,31,,,,,,,12259,A,/api/v1/routes/12259/startlist,
/api/v1/events/1385/result/314,1385,full_results_url,Olympic Qualifier Series Budapest 2024,SPEED Men,finished,2025-10-02 07:18:41 UTC,2026-04-22 08:31:35 UTC,,8776,speed,Qualification,Men,finished,2024-06-21 16:58:09 UTC,/api/v1/category_rounds/8776/results,speed_staggered,IFSC: Qualification,31,,,,,,,12260,B,/api/v1/routes/12260/startlist,
/api/v1/events/1385/result/314,1385,full_results_url,Olympic Qualifier Series Budapest 2024,SPEED Men,finished,2025-10-02 07:18:41 UTC,2026-04-22 08:31:35 UTC,,9099,speed,Final,Men,finished,2024-06-25 10:18:46 UTC,/api/v1/category_rounds/9099/results,speed_elimination_ifsc_2023,IFSC 2023+: Elimination,33,,,,,,,13382,A,/api/v1/routes/13382/startlist,
/api/v1/events/1385/result/314,1385,full_results_url,Olympic Qualifier Series Budapest 2024,SPEED Men,finished,2025-10-02 07:18:41 UTC,2026-04-22 08:31:35 UTC,,9099,speed,Final,Men,finished,2024-06-25 10:18:46 UTC,/api/v1/category_rounds/9099/results,speed_elimination_ifsc_2023,IFSC 2023+: Elimination,33,,,,,,,13383,B,/api/v1/routes/13383/startlist,
/api/v1/events/1385/result/334,1385,full_results_url,Olympic Qualifier Series Budapest 2024,SPEED Women,finished,2025-10-02 07:18:41 UTC,2026-04-22 08:31:39 UTC,,8781,speed,Qualification,Women,finished,2024-06-21 16:58:09 UTC,/api/v1/category_rounds/8781/results,speed_staggered,IFSC: Qualification,31,,,,,,,12269,A,/api/v1/routes/12269/startlist,
/api/v1/events/1385/result/334,1385,full_results_url,Olympic Qualifier Series Budapest 2024,SPEED Women,finished,2025-10-02 07:18:41 UTC,2026-04-22 08:31:39 UTC,,8781,speed,Qualification,Women,finished,2024-06-21 16:58:09 UTC,/api/v1/category_rounds/8781/results,speed_staggered,IFSC: Qualification,31,,,,,,,12270,B,/api/v1/routes/12270/startlist,
/api/v1/events/1385/result/334,1385,full_results_url,Olympic Qualifier Series Budapest 2024,SPEED Women,finished,2025-10-02 07:18:41 UTC,2026-04-22 08:31:39 UTC,,9100,speed,Final,Women,finished,2024-06-22 17:34:35 UTC,/api/v1/category_rounds/9100/results,speed_elimination_ifsc_2023,IFSC 2023+: Elimination,33,,,,,,,13384,A,/api/v1/routes/13384/startlist,
/api/v1/events/1385/result/334,1385,full_results_url,Olympic Qualifier Series Budapest 2024,SPEED Women,finished,2025-10-02 07:18:41 UTC,2026-04-22 08:31:39 UTC,,9100,speed,Final,Women,finished,2024-06-22 17:34:35 UTC,/api/v1/category_rounds/9100/results,speed_elimination_ifsc_2023,IFSC 2023+: Elimination,33,,,,,,,13385,B,/api/v1/routes/13385/startlist,
/api/v1/events/1378/result/225,1378,full_results_url,IFSC European Cup Augsburg 2024,LEAD Men,finished,2025-10-02 07:18:41 UTC,2026-04-23 12:20:25 UTC,,8682,lead,Qualification,Men,finished,2024-06-21 12:49:42 UTC,/api/v1/category_rounds/8682/results,lead_one_group_two_routes,IFSC: 2 routes,16,,,,,,,11927,1,/api/v1/routes/11927/startlist,/api/v1/routes/11927/results
/api/v1/events/1378/result/225,1378,full_results_url,IFSC European Cup Augsburg 2024,LEAD Men,finished,2025-10-02 07:18:41 UTC,2026-04-23 12:20:25 UTC,,8682,lead,Qualification,Men,finished,2024-06-21 12:49:42 UTC,/api/v1/category_rounds/8682/results,lead_one_group_two_routes,IFSC: 2 routes,16,,,,,,,11928,2,/api/v1/routes/11928/startlist,/api/v1/routes/11928/results
/api/v1/events/1378/result/225,1378,full_results_url,IFSC European Cup Augsburg 2024,LEAD Men,finished,2025-10-02 07:18:41 UTC,2026-04-23 12:20:25 UTC,,9101,lead,Semi-Final,Men,finished,2024-06-22 13:49:09 UTC,/api/v1/category_rounds/9101/results,lead_one_group_one_route,IFSC: 1 route,17,,,,,,,13386,1,/api/v1/routes/13386/startlist,/api/v1/routes/13386/results
/api/v1/events/1378/result/225,1378,full_results_url,IFSC European Cup Augsburg 2024,LEAD Men,finished,2025-10-02 07:18:41 UTC,2026-04-23 12:20:25 UTC,,9103,lead,Final,Men,finished,2024-06-22 17:57:23 UTC,/api/v1/category_rounds/9103/results,lead_one_group_one_route,IFSC: 1 route,18,,,,,,,13388,1,/api/v1/routes/13388/startlist,/api/v1/routes/13388/results
/api/v1/events/1378/result/229,1378,full_results_url,IFSC European Cup Augsburg 2024,LEAD Women,finished,2025-10-02 07:18:41 UTC,2026-04-22 08:22:37 UTC,,8683,lead,Qualification,Women,finished,2024-06-21 12:49:39 UTC,/api/v1/category_rounds/8683/results,lead_one_group_two_routes,IFSC: 2 routes,16,,,,,,,11929,1,/api/v1/routes/11929/startlist,/api/v1/routes/11929/results
/api/v1/events/1378/result/229,1378,full_results_url,IFSC European Cup Augsburg 2024,LEAD Women,finished,2025-10-02 07:18:41 UTC,2026-04-22 08:22:37 UTC,,8683,lead,Qualification,Women,finished,2024-06-21 12:49:39 UTC,/api/v1/category_rounds/8683/results,lead_one_group_two_routes,IFSC: 2 routes,16,,,,,,,11930,2,/api/v1/routes/11930/startlist,/api/v1/routes/11930/results
/api/v1/events/1378/result/229,1378,full_results_url,IFSC European Cup Augsburg 2024,LEAD Women,finished,2025-10-02 07:18:41 UTC,2026-04-22 08:22:37 UTC,,9102,lead,Semi-Final,Women,finished,2024-06-22 13:52:16 UTC,/api/v1/category_rounds/9102/results,lead_one_group_one_route,IFSC: 1 route,17,,,,,,,13387,1,/api/v1/routes/13387/startlist,/api/v1/routes/13387/results
/api/v1/events/1378/result/229,1378,full_results_url,IFSC European Cup Augsburg 2024,LEAD Women,finished,2025-10-02 07:18:41 UTC,2026-04-22 08:22:37 UTC,,9104,lead,Final,Women,finished,2024-06-22 18:01:04 UTC,/api/v1/category_rounds/9104/results,lead_one_group_one_route,IFSC: 1 route,18,,,,,,,13389,1,/api/v1/routes/13389/startlist,/api/v1/routes/13389/results
/api/v1/events/1378/result/226,1378,full_results_url,IFSC European Cup Augsburg 2024,SPEED Men,finished,2025-10-02 07:18:41 UTC,2026-04-22 08:22:37 UTC,,8684,speed,Qualification,Men,finished,2024-06-21 16:23:04 UTC,/api/v1/category_rounds/8684/results,speed_staggered,IFSC: Qualification,16,,,,,,,11931,A,/api/v1/routes/11931/startlist,
/api/v1/events/1378/result/226,1378,full_results_url,IFSC European Cup Augsburg 2024,SPEED Men,finished,2025-10-02 07:18:41 UTC,2026-04-22 08:22:37 UTC,,8684,speed,Qualification,Men,finished,2024-06-21 16:23:04 UTC,/api/v1/category_rounds/8684/results,speed_staggered,IFSC: Qualification,16,,,,,,,11932,B,/api/v1/routes/11932/startlist,
/api/v1/events/1378/result/226,1378,full_results_url,IFSC European Cup Augsburg 2024,SPEED Men,finished,2025-10-02 07:18:41 UTC,2026-04-22 08:22:37 UTC,,9105,speed,Final,Men,finished,2024-06-22 10:39:19 UTC,/api/v1/category_rounds/9105/results,speed_elimination_ifsc_2023,IFSC 2023+: Elimination,18,,,,,,,13390,A,/api/v1/routes/13390/startlist,
/api/v1/events/1378/result/226,1378,full_results_url,IFSC European Cup Augsburg 2024,SPEED Men,finished,2025-10-02 07:18:41 UTC,2026-04-22 08:22:37 UTC,,9105,speed,Final,Men,finished,2024-06-22 10:39:19 UTC,/api/v1/category_rounds/9105/results,speed_elimination_ifsc_2023,IFSC 2023+: Elimination,18,,,,,,,13391,B,/api/v1/routes/13391/startlist,
/api/v1/events/1378/result/230,1378,full_results_url,IFSC European Cup Augsburg 2024,SPEED Women,finished,2025-10-02 07:18:41 UTC,2026-04-22 08:22:37 UTC,,8685,speed,Qualification,Women,finished,2024-06-21 16:41:17 UTC,/api/v1/category_rounds/8685/results,speed_staggered,IFSC: Qualification,16,,,,,,,11933,A,/api/v1/routes/11933/startlist,
/api/v1/events/1378/result/230,1378,full_results_url,IFSC European Cup Augsburg 2024,SPEED Women,finished,2025-10-02 07:18:41 UTC,2026-04-22 08:22:37 UTC,,8685,speed,Qualification,Women,finished,2024-06-21 16:41:17 UTC,/api/v1/category_rounds/8685/results,speed_staggered,IFSC: Qualification,16,,,,,,,11934,B,/api/v1/routes/11934/startlist,
/api/v1/events/1378/result/230,1378,full_results_url,IFSC European Cup Augsburg 2024,SPEED Women,finished,2025-10-02 07:18:41 UTC,2026-04-22 08:22:37 UTC,,9106,speed,Final,Women,finished,2024-06-22 10:37:55 UTC,/api/v1/category_rounds/9106/results,speed_elimination_ifsc_2023,IFSC 2023+: Elimination,18,,,,,,,13392,A,/api/v1/routes/13392/startlist,
/api/v1/events/1378/result/230,1378,full_results_url,IFSC European Cup Augsburg 2024,SPEED Women,finished,2025-10-02 07:18:41 UTC,2026-04-22 08:22:37 UTC,,9106,speed,Final,Women,finished,2024-06-22 10:37:55 UTC,/api/v1/category_rounds/9106/results,speed_elimination_ifsc_2023,IFSC 2023+: Elimination,18,,,,,,,13393,B,/api/v1/routes/13393/startlist,
/api/v1/events/1387/result/529,1387,full_results_url,IFSC Paraclimbing World Cup Innsbruck 2024,LEAD Men B1,finished,2025-10-02 07:18:41 UTC,2026-04-23 07:56:17 UTC,,8806,lead,Qualification,Men B1,finished,2024-06-24 11:58:50 UTC,/api/v1/category_rounds/8806/results,lead_one_group_two_routes,IFSC: 2 routes,49,,,,,,,13414,1,/api/v1/routes/13414/startlist,/api/v1/routes/13414/results
/api/v1/events/1387/result/529,1387,full_results_url,IFSC Paraclimbing World Cup Innsbruck 2024,LEAD Men B1,finished,2025-10-02 07:18:41 UTC,2026-04-23 07:56:17 UTC,,8806,lead,Qualification,Men B1,finished,2024-06-24 11:58:50 UTC,/api/v1/category_rounds/8806/results,lead_one_group_two_routes,IFSC: 2 routes,49,,,,,,,13415,2,/api/v1/routes/13415/startlist,/api/v1/routes/13415/results
/api/v1/events/1387/result/529,1387,full_results_url,IFSC Paraclimbing World Cup Innsbruck 2024,LEAD Men B1,finished,2025-10-02 07:18:41 UTC,2026-04-23 07:56:17 UTC,,9107,lead,Final,Men B1,finished,2024-06-25 18:22:13 UTC,/api/v1/category_rounds/9107/results,lead_one_group_one_route,IFSC: 1 route,51,,,,,,,13394,1,/api/v1/routes/13394/startlist,/api/v1/routes/13394/results
/api/v1/events/1387/result/533,1387,full_results_url,IFSC Paraclimbing World Cup Innsbruck 2024,LEAD Men B2,finished,2025-10-02 07:18:41 UTC,2026-04-23 07:56:26 UTC,,8807,lead,Qualification,Men B2,finished,2024-06-24 11:59:21 UTC,/api/v1/category_rounds/8807/results,lead_one_group_two_routes,IFSC: 2 routes,49,,,,,,,13416,1,/api/v1/routes/13416/startlist,/api/v1/routes/13416/results
/api/v1/events/1387/result/533,1387,full_results_url,IFSC Paraclimbing World Cup Innsbruck 2024,LEAD Men B2,finished,2025-10-02 07:18:41 UTC,2026-04-23 07:56:26 UTC,,8807,lead,Qualification,Men B2,finished,2024-06-24 11:59:21 UTC,/api/v1/category_rounds/8807/results,lead_one_group_two_routes,IFSC: 2 routes,49,,,,,,,13417,2,/api/v1/routes/13417/startlist,/api/v1/routes/13417/results
/api/v1/events/1387/result/533,1387,full_results_url,IFSC Paraclimbing World Cup Innsbruck 2024,LEAD Men B2,finished,2025-10-02 07:18:41 UTC,2026-04-23 07:56:26 UTC,,9108,lead,Final,Men B2,finished,2024-06-25 18:07:47 UTC,/api/v1/category_rounds/9108/results,lead_one_group_one_route,IFSC: 1 route,51,,,,,,,13395,1,/api/v1/routes/13395/startlist,/api/v1/routes/13395/results
/api/v1/events/1387/result/537,1387,full_results_url,IFSC Paraclimbing World Cup Innsbruck 2024,LEAD Men B3,finished,2025-10-02 07:18:41 UTC,2026-04-23 07:56:37 UTC,,8808,lead,Qualification,Men B3,finished,2024-06-24 12:00:55 UTC,/api/v1/category_rounds/8808/results,lead_one_group_two_routes,IFSC: 2 routes,49,,,,,,,13418,1,/api/v1/routes/13418/startlist,/api/v1/routes/13418/results
/api/v1/events/1387/result/537,1387,full_results_url,IFSC Paraclimbing World Cup Innsbruck 2024,LEAD Men B3,finished,2025-10-02 07:18:41 UTC,2026-04-23 07:56:37 UTC,,8808,lead,Qualification,Men B3,finished,2024-06-24 12:00:55 UTC,/api/v1/category_rounds/8808/results,lead_one_group_two_routes,IFSC: 2 routes,49,,,,,,,13419,2,/api/v1/routes/13419/startlist,/api/v1/routes/13419/results
/api/v1/events/1387/result/537,1387,full_results_url,IFSC Paraclimbing World Cup Innsbruck 2024,LEAD Men B3,finished,2025-10-02 07:18:41 UTC,2026-04-23 07:56:37 UTC,,9109,lead,Final,Men B3,finished,2024-06-25 18:20:45 UTC,/api/v1/category_rounds/9109/results,lead_one_group_one_route,IFSC: 1 route,51,,,,,,,13396,1,/api/v1/routes/13396/startlist,/api/v1/routes/13396/results
/api/v1/events/1387/result/541,1387,full_results_url,IFSC Paraclimbing World Cup Innsbruck 2024,LEAD Women B1,finished,2025-10-02 07:18:41 UTC,2026-04-23 07:57:58 UTC,,8809,lead,Qualification,Women B1,finished,2024-06-24 11:59:55 UTC,/api/v1/category_rounds/8809/results,lead_one_group_two_routes,IFSC: 2 routes,49,,,,,,,13420,1,/api/v1/routes/13420/startlist,/api/v1/routes/13420/results
/api/v1/events/1387/result/541,1387,full_results_url,IFSC Paraclimbing World Cup Innsbruck 2024,LEAD Women B1,finished,2025-10-02 07:18:41 UTC,2026-04-23 07:57:58 UTC,,8809,lead,Qualification,Women B1,finished,2024-06-24 11:59:55 UTC,/api/v1/category_rounds/8809/results,lead_one_group_two_routes,IFSC: 2 routes,49,,,,,,,13421,2,/api/v1/routes/13421/startlist,/api/v1/routes/13421/results
/api/v1/events/1387/result/541,1387,full_results_url,IFSC Paraclimbing World Cup Innsbruck 2024,LEAD Women B1,finished,2025-10-02 07:18:41 UTC,2026-04-23 07:57:58 UTC,,9110,lead,Final,Women B1,finished,2024-06-25 17:40:47 UTC,/api/v1/category_rounds/9110/results,lead_one_group_one_route,IFSC: 1 route,51,,,,,,,13397,1,/api/v1/routes/13397/startlist,/api/v1/routes/13397/results
/api/v1/events/1387/result/545,1387,full_results_url,IFSC Paraclimbing World Cup Innsbruck 2024,LEAD Women B2,finished,2025-10-02 07:18:41 UTC,2026-04-23 07:58:18 UTC,,8810,lead,Qualification,Women B2,finished,2024-06-24 12:00:20 UTC,/api/v1/category_rounds/8810/results,lead_one_group_two_routes,IFSC: 2 routes,49,,,,,,,13422,1,/api/v1/routes/13422/startlist,/api/v1/routes/13422/results
/api/v1/events/1387/result/545,1387,full_results_url,IFSC Paraclimbing World Cup Innsbruck 2024,LEAD Women B2,finished,2025-10-02 07:18:41 UTC,2026-04-23 07:58:18 UTC,,8810,lead,Qualification,Women B2,finished,2024-06-24 12:00:20 UTC,/api/v1/category_rounds/8810/results,lead_one_group_two_routes,IFSC: 2 routes,49,,,,,,,13423,2,/api/v1/routes/13423/startlist,/api/v1/routes/13423/results
/api/v1/events/1387/result/545,1387,full_results_url,IFSC Paraclimbing World Cup Innsbruck 2024,LEAD Women B2,finished,2025-10-02 07:18:41 UTC,2026-04-23 07:58:18 UTC,,9111,lead,Final,Women B2,finished,2024-06-25 18:08:47 UTC,/api/v1/category_rounds/9111/results,lead_one_group_one_route,IFSC: 1 route,51,,,,,,,13398,1,/api/v1/routes/13398/startlist,/api/v1/routes/13398/results
/api/v1/events/1387/result/549,1387,full_results_url,IFSC Paraclimbing World Cup Innsbruck 2024,LEAD Women B3,finished,2025-10-02 07:18:41 UTC,2026-04-23 07:58:26 UTC,,8811,lead,Qualification,Women B3,finished,2024-06-24 12:01:22 UTC,/api/v1/category_rounds/8811/results,lead_one_group_two_routes,IFSC: 2 routes,49,,,,,,,13424,1,/api/v1/routes/13424/startlist,/api/v1/routes/13424/results
/api/v1/events/1387/result/549,1387,full_results_url,IFSC Paraclimbing World Cup Innsbruck 2024,LEAD Women B3,finished,2025-10-02 07:18:41 UTC,2026-04-23 07:58:26 UTC,,8811,lead,Qualification,Women B3,finished,2024-06-24 12:01:22 UTC,/api/v1/category_rounds/8811/results,lead_one_group_two_routes,IFSC: 2 routes,49,,,,,,,13425,2,/api/v1/routes/13425/startlist,/api/v1/routes/13425/results
/api/v1/events/1387/result/549,1387,full_results_url,IFSC Paraclimbing World Cup Innsbruck 2024,LEAD Women B3,finished,2025-10-02 07:18:41 UTC,2026-04-23 07:58:26 UTC,,9112,lead,Final,Women B3,finished,2024-06-25 18:25:10 UTC,/api/v1/category_rounds/9112/results,lead_one_group_one_route,IFSC: 1 route,51,,,,,,,13399,1,/api/v1/routes/13399/startlist,/api/v1/routes/13399/results
/api/v1/events/1387/result/553,1387,full_results_url,IFSC Paraclimbing World Cup Innsbruck 2024,LEAD Men AL1,finished,2025-10-02 07:18:41 UTC,2026-04-23 07:54:36 UTC,,8812,lead,Qualification,Men AL1,finished,2024-06-24 11:57:41 UTC,/api/v1/category_rounds/8812/results,lead_one_group_two_routes,IFSC: 2 routes,49,,,,,,,13426,1,/api/v1/routes/13426/startlist,/api/v1/routes/13426/results
/api/v1/events/1387/result/553,1387,full_results_url,IFSC Paraclimbing World Cup Innsbruck 2024,LEAD Men AL1,finished,2025-10-02 07:18:41 UTC,2026-04-23 07:54:36 UTC,,8812,lead,Qualification,Men AL1,finished,2024-06-24 11:57:41 UTC,/api/v1/category_rounds/8812/results,lead_one_group_two_routes,IFSC: 2 routes,49,,,,,,,13427,2,/api/v1/routes/13427/startlist,/api/v1/routes/13427/results
/api/v1/events/1387/result/553,1387,full_results_url,IFSC Paraclimbing World Cup Innsbruck 2024,LEAD Men AL1,finished,2025-10-02 07:18:41 UTC,2026-04-23 07:54:36 UTC,,9113,lead,Final,Men AL1,finished,2024-06-25 19:46:44 UTC,/api/v1/category_rounds/9113/results,lead_one_group_one_route,IFSC: 1 route,51,,,,,,,13400,1,/api/v1/routes/13400/startlist,/api/v1/routes/13400/results
/api/v1/events/1387/result/557,1387,full_results_url,IFSC Paraclimbing World Cup Innsbruck 2024,LEAD Women AL1,registration_active,2025-10-02 07:18:41 UTC,NA,,8813,lead,Qualification,Women AL1,pending,2024-06-23 15:00:47 UTC,/api/v1/category_rounds/8813/results,lead_one_group_two_routes,IFSC: 2 routes,49,,,,,,,13428,1,/api/v1/routes/13428/startlist,/api/v1/routes/13428/results
/api/v1/events/1387/result/557,1387,full_results_url,IFSC Paraclimbing World Cup Innsbruck 2024,LEAD Women AL1,registration_active,2025-10-02 07:18:41 UTC,NA,,8813,lead,Qualification,Women AL1,pending,2024-06-23 15:00:47 UTC,/api/v1/category_rounds/8813/results,lead_one_group_two_routes,IFSC: 2 routes,49,,,,,,,13429,2,/api/v1/routes/13429/startlist,/api/v1/routes/13429/results
/api/v1/events/1387/result/557,1387,full_results_url,IFSC Paraclimbing World Cup Innsbruck 2024,LEAD Women AL1,registration_active,2025-10-02 07:18:41 UTC,NA,,9114,lead,Final,Women AL1,pending,2024-06-23 13:44:07 UTC,/api/v1/category_rounds/9114/results,lead_one_group_one_route,IFSC: 1 route,51,,,,,,,13401,1,/api/v1/routes/13401/startlist,/api/v1/routes/13401/results
/api/v1/events/1387/result/561,1387,full_results_url,IFSC Paraclimbing World Cup Innsbruck 2024,LEAD Men AL2,finished,2025-10-02 07:18:41 UTC,2026-04-23 07:55:07 UTC,,8814,lead,Qualification,Men AL2,finished,2024-06-24 10:46:18 UTC,/api/v1/category_rounds/8814/results,lead_one_group_two_routes,IFSC: 2 routes,49,,,,,,,13430,1,/api/v1/routes/13430/startlist,/api/v1/routes/13430/results
/api/v1/events/1387/result/561,1387,full_results_url,IFSC Paraclimbing World Cup Innsbruck 2024,LEAD Men AL2,finished,2025-10-02 07:18:41 UTC,2026-04-23 07:55:07 UTC,,8814,lead,Qualification,Men AL2,finished,2024-06-24 10:46:18 UTC,/api/v1/category_rounds/8814/results,lead_one_group_two_routes,IFSC: 2 routes,49,,,,,,,13431,2,/api/v1/routes/13431/startlist,/api/v1/routes/13431/results
/api/v1/events/1387/result/561,1387,full_results_url,IFSC Paraclimbing World Cup Innsbruck 2024,LEAD Men AL2,finished,2025-10-02 07:18:41 UTC,2026-04-23 07:55:07 UTC,,9115,lead,Final,Men AL2,finished,2024-06-25 19:34:43 UTC,/api/v1/category_rounds/9115/results,lead_one_group_one_route,IFSC: 1 route,51,,,,,,,13402,1,/api/v1/routes/13402/startlist,/api/v1/routes/13402/results
/api/v1/events/1387/result/565,1387,full_results_url,IFSC Paraclimbing World Cup Innsbruck 2024,LEAD Women AL2,finished,2025-10-02 07:18:41 UTC,2026-04-23 07:57:25 UTC,,8815,lead,Qualification,Women AL2,finished,2024-06-24 10:50:46 UTC,/api/v1/category_rounds/8815/results,lead_one_group_two_routes,IFSC: 2 routes,49,,,,,,,13432,1,/api/v1/routes/13432/startlist,/api/v1/routes/13432/results
/api/v1/events/1387/result/565,1387,full_results_url,IFSC Paraclimbing World Cup Innsbruck 2024,LEAD Women AL2,finished,2025-10-02 07:18:41 UTC,2026-04-23 07:57:25 UTC,,8815,lead,Qualification,Women AL2,finished,2024-06-24 10:50:46 UTC,/api/v1/category_rounds/8815/results,lead_one_group_two_routes,IFSC: 2 routes,49,,,,,,,13433,2,/api/v1/routes/13433/startlist,/api/v1/routes/13433/results
/api/v1/events/1387/result/565,1387,full_results_url,IFSC Paraclimbing World Cup Innsbruck 2024,LEAD Women AL2,finished,2025-10-02 07:18:41 UTC,2026-04-23 07:57:25 UTC,,9116,lead,Final,Women AL2,finished,2024-06-25 19:37:44 UTC,/api/v1/category_rounds/9116/results,lead_one_group_one_route,IFSC: 1 route,51,,,,,,,13403,1,/api/v1/routes/13403/startlist,/api/v1/routes/13403/results
/api/v1/events/1387/result/577,1387,full_results_url,IFSC Paraclimbing World Cup Innsbruck 2024,LEAD Men AU2,finished,2025-10-02 07:18:41 UTC,2026-04-23 07:55:35 UTC,,8818,lead,Qualification,Men AU2,finished,2024-06-24 11:41:42 UTC,/api/v1/category_rounds/8818/results,lead_one_group_two_routes,IFSC: 2 routes,49,,,,,,,13434,1,/api/v1/routes/13434/startlist,/api/v1/routes/13434/results
/api/v1/events/1387/result/577,1387,full_results_url,IFSC Paraclimbing World Cup Innsbruck 2024,LEAD Men AU2,finished,2025-10-02 07:18:41 UTC,2026-04-23 07:55:35 UTC,,8818,lead,Qualification,Men AU2,finished,2024-06-24 11:41:42 UTC,/api/v1/category_rounds/8818/results,lead_one_group_two_routes,IFSC: 2 routes,49,,,,,,,13435,2,/api/v1/routes/13435/startlist,/api/v1/routes/13435/results
/api/v1/events/1387/result/577,1387,full_results_url,IFSC Paraclimbing World Cup Innsbruck 2024,LEAD Men AU2,finished,2025-10-02 07:18:41 UTC,2026-04-23 07:55:35 UTC,,9117,lead,Final,Men AU2,finished,2024-06-25 18:52:29 UTC,/api/v1/category_rounds/9117/results,lead_one_group_one_route,IFSC: 1 route,51,,,,,,,13404,1,/api/v1/routes/13404/startlist,/api/v1/routes/13404/results
/api/v1/events/1387/result/581,1387,full_results_url,IFSC Paraclimbing World Cup Innsbruck 2024,LEAD Women AU2,finished,2025-10-02 07:18:41 UTC,2026-04-23 07:57:37 UTC,,8819,lead,Qualification,Women AU2,finished,2024-06-24 10:29:50 UTC,/api/v1/category_rounds/8819/results,lead_one_group_two_routes,IFSC: 2 routes,49,,,,,,,13436,1,/api/v1/routes/13436/startlist,/api/v1/routes/13436/results
/api/v1/events/1387/result/581,1387,full_results_url,IFSC Paraclimbing World Cup Innsbruck 2024,LEAD Women AU2,finished,2025-10-02 07:18:41 UTC,2026-04-23 07:57:37 UTC,,8819,lead,Qualification,Women AU2,finished,2024-06-24 10:29:50 UTC,/api/v1/category_rounds/8819/results,lead_one_group_two_routes,IFSC: 2 routes,49,,,,,,,13437,2,/api/v1/routes/13437/startlist,/api/v1/routes/13437/results
/api/v1/events/1387/result/581,1387,full_results_url,IFSC Paraclimbing World Cup Innsbruck 2024,LEAD Women AU2,finished,2025-10-02 07:18:41 UTC,2026-04-23 07:57:37 UTC,,9118,lead,Final,Women AU2,finished,2024-06-25 18:53:37 UTC,/api/v1/category_rounds/9118/results,lead_one_group_one_route,IFSC: 1 route,51,,,,,,,13405,1,/api/v1/routes/13405/startlist,/api/v1/routes/13405/results
/api/v1/events/1387/result/585,1387,full_results_url,IFSC Paraclimbing World Cup Innsbruck 2024,LEAD Men RP1,finished,2025-10-02 07:18:41 UTC,2026-04-23 07:56:49 UTC,,8820,lead,Qualification,Men RP1,finished,2024-06-24 12:05:36 UTC,/api/v1/category_rounds/8820/results,lead_one_group_two_routes,IFSC: 2 routes,49,,,,,,,13438,1,/api/v1/routes/13438/startlist,/api/v1/routes/13438/results
/api/v1/events/1387/result/585,1387,full_results_url,IFSC Paraclimbing World Cup Innsbruck 2024,LEAD Men RP1,finished,2025-10-02 07:18:41 UTC,2026-04-23 07:56:49 UTC,,8820,lead,Qualification,Men RP1,finished,2024-06-24 12:05:36 UTC,/api/v1/category_rounds/8820/results,lead_one_group_two_routes,IFSC: 2 routes,49,,,,,,,13439,2,/api/v1/routes/13439/startlist,/api/v1/routes/13439/results
/api/v1/events/1387/result/585,1387,full_results_url,IFSC Paraclimbing World Cup Innsbruck 2024,LEAD Men RP1,finished,2025-10-02 07:18:41 UTC,2026-04-23 07:56:49 UTC,,9119,lead,Final,Men RP1,finished,2024-06-25 16:57:15 UTC,/api/v1/category_rounds/9119/results,lead_one_group_one_route,IFSC: 1 route,51,,,,,,,13406,1,/api/v1/routes/13406/startlist,/api/v1/routes/13406/results
/api/v1/events/1387/result/589,1387,full_results_url,IFSC Paraclimbing World Cup Innsbruck 2024,LEAD Men RP2,finished,2025-10-02 07:18:41 UTC,2026-04-23 07:57:02 UTC,,8821,lead,Qualification,Men RP2,finished,2024-06-24 12:06:01 UTC,/api/v1/category_rounds/8821/results,lead_one_group_two_routes,IFSC: 2 routes,49,,,,,,,13440,1,/api/v1/routes/13440/startlist,/api/v1/routes/13440/results
/api/v1/events/1387/result/589,1387,full_results_url,IFSC Paraclimbing World Cup Innsbruck 2024,LEAD Men RP2,finished,2025-10-02 07:18:41 UTC,2026-04-23 07:57:02 UTC,,8821,lead,Qualification,Men RP2,finished,2024-06-24 12:06:01 UTC,/api/v1/category_rounds/8821/results,lead_one_group_two_routes,IFSC: 2 routes,49,,,,,,,13441,2,/api/v1/routes/13441/startlist,/api/v1/routes/13441/results
/api/v1/events/1387/result/589,1387,full_results_url,IFSC Paraclimbing World Cup Innsbruck 2024,LEAD Men RP2,finished,2025-10-02 07:18:41 UTC,2026-04-23 07:57:02 UTC,,9120,lead,Final,Men RP2,finished,2024-06-25 16:45:07 UTC,/api/v1/category_rounds/9120/results,lead_one_group_one_route,IFSC: 1 route,51,,,,,,,13407,1,/api/v1/routes/13407/startlist,/api/v1/routes/13407/results
/api/v1/events/1387/result/593,1387,full_results_url,IFSC Paraclimbing World Cup Innsbruck 2024,LEAD Men RP3,finished,2025-10-02 07:18:41 UTC,2026-04-23 07:57:12 UTC,,8822,lead,Qualification,Men RP3,finished,2024-06-24 12:07:03 UTC,/api/v1/category_rounds/8822/results,lead_one_group_two_routes,IFSC: 2 routes,49,,,,,,,13442,1,/api/v1/routes/13442/startlist,/api/v1/routes/13442/results
/api/v1/events/1387/result/593,1387,full_results_url,IFSC Paraclimbing World Cup Innsbruck 2024,LEAD Men RP3,finished,2025-10-02 07:18:41 UTC,2026-04-23 07:57:12 UTC,,8822,lead,Qualification,Men RP3,finished,2024-06-24 12:07:03 UTC,/api/v1/category_rounds/8822/results,lead_one_group_two_routes,IFSC: 2 routes,49,,,,,,,13443,2,/api/v1/routes/13443/startlist,/api/v1/routes/13443/results
/api/v1/events/1387/result/593,1387,full_results_url,IFSC Paraclimbing World Cup Innsbruck 2024,LEAD Men RP3,finished,2025-10-02 07:18:41 UTC,2026-04-23 07:57:12 UTC,,9121,lead,Final,Men RP3,finished,2024-06-25 17:16:03 UTC,/api/v1/category_rounds/9121/results,lead_one_group_one_route,IFSC: 1 route,51,,,,,,,13408,1,/api/v1/routes/13408/startlist,/api/v1/routes/13408/results
/api/v1/events/1387/result/597,1387,full_results_url,IFSC Paraclimbing World Cup Innsbruck 2024,LEAD Women RP1,finished,2025-10-02 07:18:41 UTC,2026-04-23 07:58:37 UTC,,8823,lead,Qualification,Women RP1,finished,2024-06-24 12:30:37 UTC,/api/v1/category_rounds/8823/results,lead_one_group_two_routes,IFSC: 2 routes,49,,,,,,,13444,1,/api/v1/routes/13444/startlist,/api/v1/routes/13444/results
/api/v1/events/1387/result/597,1387,full_results_url,IFSC Paraclimbing World Cup Innsbruck 2024,LEAD Women RP1,finished,2025-10-02 07:18:41 UTC,2026-04-23 07:58:37 UTC,,8823,lead,Qualification,Women RP1,finished,2024-06-24 12:30:37 UTC,/api/v1/category_rounds/8823/results,lead_one_group_two_routes,IFSC: 2 routes,49,,,,,,,13445,2,/api/v1/routes/13445/startlist,/api/v1/routes/13445/results
/api/v1/events/1387/result/597,1387,full_results_url,IFSC Paraclimbing World Cup Innsbruck 2024,LEAD Women RP1,finished,2025-10-02 07:18:41 UTC,2026-04-23 07:58:37 UTC,,9122,lead,Final,Women RP1,finished,2024-06-25 16:39:05 UTC,/api/v1/category_rounds/9122/results,lead_one_group_one_route,IFSC: 1 route,51,,,,,,,13409,1,/api/v1/routes/13409/startlist,/api/v1/routes/13409/results
/api/v1/events/1387/result/601,1387,full_results_url,IFSC Paraclimbing World Cup Innsbruck 2024,LEAD Women RP2,finished,2025-10-02 07:18:41 UTC,2026-04-23 07:58:51 UTC,,8824,lead,Qualification,Women RP2,finished,2024-06-24 12:31:07 UTC,/api/v1/category_rounds/8824/results,lead_one_group_two_routes,IFSC: 2 routes,49,,,,,,,13446,1,/api/v1/routes/13446/startlist,/api/v1/routes/13446/results
/api/v1/events/1387/result/601,1387,full_results_url,IFSC Paraclimbing World Cup Innsbruck 2024,LEAD Women RP2,finished,2025-10-02 07:18:41 UTC,2026-04-23 07:58:51 UTC,,8824,lead,Qualification,Women RP2,finished,2024-06-24 12:31:07 UTC,/api/v1/category_rounds/8824/results,lead_one_group_two_routes,IFSC: 2 routes,49,,,,,,,13447,2,/api/v1/routes/13447/startlist,/api/v1/routes/13447/results
/api/v1/events/1387/result/601,1387,full_results_url,IFSC Paraclimbing World Cup Innsbruck 2024,LEAD Women RP2,finished,2025-10-02 07:18:41 UTC,2026-04-23 07:58:51 UTC,,9123,lead,Final,Women RP2,finished,2024-06-25 17:11:27 UTC,/api/v1/category_rounds/9123/results,lead_one_group_one_route,IFSC: 1 route,51,,,,,,,13410,1,/api/v1/routes/13410/startlist,/api/v1/routes/13410/results
/api/v1/events/1387/result/605,1387,full_results_url,IFSC Paraclimbing World Cup Innsbruck 2024,LEAD Women RP3,finished,2025-10-02 07:18:41 UTC,2026-04-23 07:59:06 UTC,,8825,lead,Qualification,Women RP3,finished,2024-06-24 12:37:29 UTC,/api/v1/category_rounds/8825/results,lead_one_group_two_routes,IFSC: 2 routes,49,,,,,,,13448,1,/api/v1/routes/13448/startlist,/api/v1/routes/13448/results
/api/v1/events/1387/result/605,1387,full_results_url,IFSC Paraclimbing World Cup Innsbruck 2024,LEAD Women RP3,finished,2025-10-02 07:18:41 UTC,2026-04-23 07:59:06 UTC,,8825,lead,Qualification,Women RP3,finished,2024-06-24 12:37:29 UTC,/api/v1/category_rounds/8825/results,lead_one_group_two_routes,IFSC: 2 routes,49,,,,,,,13449,2,/api/v1/routes/13449/startlist,/api/v1/routes/13449/results
/api/v1/events/1387/result/605,1387,full_results_url,IFSC Paraclimbing World Cup Innsbruck 2024,LEAD Women RP3,finished,2025-10-02 07:18:41 UTC,2026-04-23 07:59:06 UTC,,9124,lead,Final,Women RP3,finished,2024-06-25 16:27:52 UTC,/api/v1/category_rounds/9124/results,lead_one_group_one_route,IFSC: 1 route,51,,,,,,,13411,1,/api/v1/routes/13411/startlist,/api/v1/routes/13411/results
/api/v1/events/1387/result/753,1387,full_results_url,IFSC Paraclimbing World Cup Innsbruck 2024,LEAD Men AU3,finished,2025-10-02 07:18:41 UTC,2026-04-23 07:55:58 UTC,,8826,lead,Qualification,Men AU3,finished,2024-06-24 10:47:02 UTC,/api/v1/category_rounds/8826/results,lead_one_group_two_routes,IFSC: 2 routes,49,,,,,,,13450,1,/api/v1/routes/13450/startlist,/api/v1/routes/13450/results
/api/v1/events/1387/result/753,1387,full_results_url,IFSC Paraclimbing World Cup Innsbruck 2024,LEAD Men AU3,finished,2025-10-02 07:18:41 UTC,2026-04-23 07:55:58 UTC,,8826,lead,Qualification,Men AU3,finished,2024-06-24 10:47:02 UTC,/api/v1/category_rounds/8826/results,lead_one_group_two_routes,IFSC: 2 routes,49,,,,,,,13451,2,/api/v1/routes/13451/startlist,/api/v1/routes/13451/results
/api/v1/events/1387/result/753,1387,full_results_url,IFSC Paraclimbing World Cup Innsbruck 2024,LEAD Men AU3,finished,2025-10-02 07:18:41 UTC,2026-04-23 07:55:58 UTC,,9125,lead,Final,Men AU3,finished,2024-06-25 19:08:35 UTC,/api/v1/category_rounds/9125/results,lead_one_group_one_route,IFSC: 1 route,51,,,,,,,13412,1,/api/v1/routes/13412/startlist,/api/v1/routes/13412/results
/api/v1/events/1387/result/758,1387,full_results_url,IFSC Paraclimbing World Cup Innsbruck 2024,LEAD Women AU3,finished,2025-10-02 07:18:41 UTC,2026-04-23 07:57:48 UTC,,8827,lead,Qualification,Women AU3,finished,2024-06-24 11:58:20 UTC,/api/v1/category_rounds/8827/results,lead_one_group_two_routes,IFSC: 2 routes,49,,,,,,,13452,1,/api/v1/routes/13452/startlist,/api/v1/routes/13452/results
/api/v1/events/1387/result/758,1387,full_results_url,IFSC Paraclimbing World Cup Innsbruck 2024,LEAD Women AU3,finished,2025-10-02 07:18:41 UTC,2026-04-23 07:57:48 UTC,,8827,lead,Qualification,Women AU3,finished,2024-06-24 11:58:20 UTC,/api/v1/category_rounds/8827/results,lead_one_group_two_routes,IFSC: 2 routes,49,,,,,,,13453,2,/api/v1/routes/13453/startlist,/api/v1/routes/13453/results
/api/v1/events/1387/result/758,1387,full_results_url,IFSC Paraclimbing World Cup Innsbruck 2024,LEAD Women AU3,finished,2025-10-02 07:18:41 UTC,2026-04-23 07:57:48 UTC,,9126,lead,Final,Women AU3,finished,2024-06-25 19:09:26 UTC,/api/v1/category_rounds/9126/results,lead_one_group_one_route,IFSC: 1 route,51,,,,,,,13413,1,/api/v1/routes/13413/startlist,/api/v1/routes/13413/results
/api/v1/events/1383/result/226,1383,full_results_url,IFSC European Cup Innsbruck 2024,SPEED Men,finished,2025-10-02 07:18:41 UTC,2026-04-22 08:31:44 UTC,,8720,speed,Qualification,Men,finished,2024-06-24 17:36:40 UTC,/api/v1/category_rounds/8720/results,speed_staggered,IFSC: Qualification,16,,,,,,,12039,A,/api/v1/routes/12039/startlist,
/api/v1/events/1383/result/226,1383,full_results_url,IFSC European Cup Innsbruck 2024,SPEED Men,finished,2025-10-02 07:18:41 UTC,2026-04-22 08:31:44 UTC,,8720,speed,Qualification,Men,finished,2024-06-24 17:36:40 UTC,/api/v1/category_rounds/8720/results,speed_staggered,IFSC: Qualification,16,,,,,,,12040,B,/api/v1/routes/12040/startlist,
/api/v1/events/1383/result/226,1383,full_results_url,IFSC European Cup Innsbruck 2024,SPEED Men,finished,2025-10-02 07:18:41 UTC,2026-04-22 08:31:44 UTC,,9127,speed,Final,Men,finished,2024-06-24 19:26:41 UTC,/api/v1/category_rounds/9127/results,speed_elimination_ifsc_2023,IFSC 2023+: Elimination,18,,,,,,,13454,A,/api/v1/routes/13454/startlist,
/api/v1/events/1383/result/226,1383,full_results_url,IFSC European Cup Innsbruck 2024,SPEED Men,finished,2025-10-02 07:18:41 UTC,2026-04-22 08:31:44 UTC,,9127,speed,Final,Men,finished,2024-06-24 19:26:41 UTC,/api/v1/category_rounds/9127/results,speed_elimination_ifsc_2023,IFSC 2023+: Elimination,18,,,,,,,13455,B,/api/v1/routes/13455/startlist,
/api/v1/events/1383/result/230,1383,full_results_url,IFSC European Cup Innsbruck 2024,SPEED Women,finished,2025-10-02 07:18:41 UTC,2026-04-22 08:31:48 UTC,,8721,speed,Qualification,Women,finished,2024-06-24 17:17:09 UTC,/api/v1/category_rounds/8721/results,speed_staggered,IFSC: Qualification,16,,,,,,,12041,A,/api/v1/routes/12041/startlist,
/api/v1/events/1383/result/230,1383,full_results_url,IFSC European Cup Innsbruck 2024,SPEED Women,finished,2025-10-02 07:18:41 UTC,2026-04-22 08:31:48 UTC,,8721,speed,Qualification,Women,finished,2024-06-24 17:17:09 UTC,/api/v1/category_rounds/8721/results,speed_staggered,IFSC: Qualification,16,,,,,,,12042,B,/api/v1/routes/12042/startlist,
/api/v1/events/1383/result/230,1383,full_results_url,IFSC European Cup Innsbruck 2024,SPEED Women,finished,2025-10-02 07:18:41 UTC,2026-04-22 08:31:48 UTC,,9128,speed,Final,Women,finished,2024-06-24 19:26:04 UTC,/api/v1/category_rounds/9128/results,speed_elimination_ifsc_2023,IFSC 2023+: Elimination,18,,,,,,,13456,A,/api/v1/routes/13456/startlist,
/api/v1/events/1383/result/230,1383,full_results_url,IFSC European Cup Innsbruck 2024,SPEED Women,finished,2025-10-02 07:18:41 UTC,2026-04-22 08:31:48 UTC,,9128,speed,Final,Women,finished,2024-06-24 19:26:04 UTC,/api/v1/category_rounds/9128/results,speed_elimination_ifsc_2023,IFSC 2023+: Elimination,18,,,,,,,13457,B,/api/v1/routes/13457/startlist,
/api/v1/events/1356/result/1,1356,full_results_url,IFSC World Cup Innsbruck 2024,LEAD Men,finished,2025-10-02 07:18:40 UTC,2026-04-23 12:20:28 UTC,,8514,lead,Qualification,Men,finished,2024-06-29 12:53:32 UTC,/api/v1/category_rounds/8514/results,lead_one_group_two_routes,IFSC: 2 routes,1,,,,,,,11325,1,/api/v1/routes/11325/startlist,/api/v1/routes/11325/results
/api/v1/events/1356/result/1,1356,full_results_url,IFSC World Cup Innsbruck 2024,LEAD Men,finished,2025-10-02 07:18:40 UTC,2026-04-23 12:20:28 UTC,,8514,lead,Qualification,Men,finished,2024-06-29 12:53:32 UTC,/api/v1/category_rounds/8514/results,lead_one_group_two_routes,IFSC: 2 routes,1,,,,,,,11326,2,/api/v1/routes/11326/startlist,/api/v1/routes/11326/results
/api/v1/events/1356/result/1,1356,full_results_url,IFSC World Cup Innsbruck 2024,LEAD Men,finished,2025-10-02 07:18:40 UTC,2026-04-23 12:20:28 UTC,,9087,lead,Semi-final,Men,finished,2024-06-29 20:36:48 UTC,/api/v1/category_rounds/9087/results,lead_one_group_one_route,IFSC: 1 route,2,,,,,,,13342,1,/api/v1/routes/13342/startlist,/api/v1/routes/13342/results
/api/v1/events/1356/result/1,1356,full_results_url,IFSC World Cup Innsbruck 2024,LEAD Men,finished,2025-10-02 07:18:40 UTC,2026-04-23 12:20:28 UTC,,9089,lead,Final,Men,finished,2024-06-30 18:34:47 UTC,/api/v1/category_rounds/9089/results,lead_one_group_one_route,IFSC: 1 route,3,,,,,,,13344,1,/api/v1/routes/13344/startlist,/api/v1/routes/13344/results
/api/v1/events/1356/result/5,1356,full_results_url,IFSC World Cup Innsbruck 2024,LEAD Women,finished,2025-10-02 07:18:40 UTC,2026-04-22 08:31:55 UTC,,8515,lead,Qualification,Women,finished,2024-06-29 16:52:16 UTC,/api/v1/category_rounds/8515/results,lead_one_group_two_routes,IFSC: 2 routes,1,,,,,,,11327,1,/api/v1/routes/11327/startlist,/api/v1/routes/11327/results
/api/v1/events/1356/result/5,1356,full_results_url,IFSC World Cup Innsbruck 2024,LEAD Women,finished,2025-10-02 07:18:40 UTC,2026-04-22 08:31:55 UTC,,8515,lead,Qualification,Women,finished,2024-06-29 16:52:16 UTC,/api/v1/category_rounds/8515/results,lead_one_group_two_routes,IFSC: 2 routes,1,,,,,,,11328,2,/api/v1/routes/11328/startlist,/api/v1/routes/11328/results
/api/v1/events/1356/result/5,1356,full_results_url,IFSC World Cup Innsbruck 2024,LEAD Women,finished,2025-10-02 07:18:40 UTC,2026-04-22 08:31:55 UTC,,9088,lead,Semi-final,Women,finished,2024-06-29 20:32:54 UTC,/api/v1/category_rounds/9088/results,lead_one_group_one_route,IFSC: 1 route,2,,,,,,,13343,1,/api/v1/routes/13343/startlist,/api/v1/routes/13343/results
/api/v1/events/1356/result/5,1356,full_results_url,IFSC World Cup Innsbruck 2024,LEAD Women,finished,2025-10-02 07:18:40 UTC,2026-04-22 08:31:55 UTC,,9090,lead,Final,Women,finished,2024-06-30 19:46:55 UTC,/api/v1/category_rounds/9090/results,lead_one_group_one_route,IFSC: 1 route,3,,,,,,,13345,1,/api/v1/routes/13345/startlist,/api/v1/routes/13345/results
/api/v1/events/1356/result/3,1356,full_results_url,IFSC World Cup Innsbruck 2024,BOULDER Men,finished,2025-10-02 07:18:40 UTC,2026-04-22 08:31:59 UTC,,9091,boulder,Semi-final,Men,finished,2024-06-28 13:19:31 UTC,/api/v1/category_rounds/9091/results,boulder_one_group_one_boulder_set,IFSC: 1 group,2,,,,,,,13346,1,/api/v1/routes/13346/startlist,
/api/v1/events/1356/result/3,1356,full_results_url,IFSC World Cup Innsbruck 2024,BOULDER Men,finished,2025-10-02 07:18:40 UTC,2026-04-22 08:31:59 UTC,,9091,boulder,Semi-final,Men,finished,2024-06-28 13:19:31 UTC,/api/v1/category_rounds/9091/results,boulder_one_group_one_boulder_set,IFSC: 1 group,2,,,,,,,13347,2,/api/v1/routes/13347/startlist,
/api/v1/events/1356/result/3,1356,full_results_url,IFSC World Cup Innsbruck 2024,BOULDER Men,finished,2025-10-02 07:18:40 UTC,2026-04-22 08:31:59 UTC,,9091,boulder,Semi-final,Men,finished,2024-06-28 13:19:31 UTC,/api/v1/category_rounds/9091/results,boulder_one_group_one_boulder_set,IFSC: 1 group,2,,,,,,,13348,3,/api/v1/routes/13348/startlist,
/api/v1/events/1356/result/3,1356,full_results_url,IFSC World Cup Innsbruck 2024,BOULDER Men,finished,2025-10-02 07:18:40 UTC,2026-04-22 08:31:59 UTC,,9091,boulder,Semi-final,Men,finished,2024-06-28 13:19:31 UTC,/api/v1/category_rounds/9091/results,boulder_one_group_one_boulder_set,IFSC: 1 group,2,,,,,,,13349,4,/api/v1/routes/13349/startlist,
/api/v1/events/1356/result/3,1356,full_results_url,IFSC World Cup Innsbruck 2024,BOULDER Men,finished,2025-10-02 07:18:40 UTC,2026-04-22 08:31:59 UTC,,9093,boulder,Final,Men,finished,2024-06-28 19:28:26 UTC,/api/v1/category_rounds/9093/results,boulder_finals_one_by_one,IFSC: Finals,3,,,,,,,13354,1,/api/v1/routes/13354/startlist,
/api/v1/events/1356/result/3,1356,full_results_url,IFSC World Cup Innsbruck 2024,BOULDER Men,finished,2025-10-02 07:18:40 UTC,2026-04-22 08:31:59 UTC,,9093,boulder,Final,Men,finished,2024-06-28 19:28:26 UTC,/api/v1/category_rounds/9093/results,boulder_finals_one_by_one,IFSC: Finals,3,,,,,,,13355,2,/api/v1/routes/13355/startlist,
/api/v1/events/1356/result/3,1356,full_results_url,IFSC World Cup Innsbruck 2024,BOULDER Men,finished,2025-10-02 07:18:40 UTC,2026-04-22 08:31:59 UTC,,9093,boulder,Final,Men,finished,2024-06-28 19:28:26 UTC,/api/v1/category_rounds/9093/results,boulder_finals_one_by_one,IFSC: Finals,3,,,,,,,13356,3,/api/v1/routes/13356/startlist,
/api/v1/events/1356/result/3,1356,full_results_url,IFSC World Cup Innsbruck 2024,BOULDER Men,finished,2025-10-02 07:18:40 UTC,2026-04-22 08:31:59 UTC,,9093,boulder,Final,Men,finished,2024-06-28 19:28:26 UTC,/api/v1/category_rounds/9093/results,boulder_finals_one_by_one,IFSC: Finals,3,,,,,,,13357,4,/api/v1/routes/13357/startlist,
/api/v1/events/1356/result/7,1356,full_results_url,IFSC World Cup Innsbruck 2024,BOULDER Women,finished,2025-10-02 07:18:40 UTC,2026-04-22 08:32:03 UTC,,9092,boulder,Semi-final,Women,finished,2024-06-27 13:24:35 UTC,/api/v1/category_rounds/9092/results,boulder_one_group_one_boulder_set,IFSC: 1 group,2,,,,,,,13350,1,/api/v1/routes/13350/startlist,
/api/v1/events/1356/result/7,1356,full_results_url,IFSC World Cup Innsbruck 2024,BOULDER Women,finished,2025-10-02 07:18:40 UTC,2026-04-22 08:32:03 UTC,,9092,boulder,Semi-final,Women,finished,2024-06-27 13:24:35 UTC,/api/v1/category_rounds/9092/results,boulder_one_group_one_boulder_set,IFSC: 1 group,2,,,,,,,13351,2,/api/v1/routes/13351/startlist,
/api/v1/events/1356/result/7,1356,full_results_url,IFSC World Cup Innsbruck 2024,BOULDER Women,finished,2025-10-02 07:18:40 UTC,2026-04-22 08:32:03 UTC,,9092,boulder,Semi-final,Women,finished,2024-06-27 13:24:35 UTC,/api/v1/category_rounds/9092/results,boulder_one_group_one_boulder_set,IFSC: 1 group,2,,,,,,,13352,3,/api/v1/routes/13352/startlist,
/api/v1/events/1356/result/7,1356,full_results_url,IFSC World Cup Innsbruck 2024,BOULDER Women,finished,2025-10-02 07:18:40 UTC,2026-04-22 08:32:03 UTC,,9092,boulder,Semi-final,Women,finished,2024-06-27 13:24:35 UTC,/api/v1/category_rounds/9092/results,boulder_one_group_one_boulder_set,IFSC: 1 group,2,,,,,,,13353,4,/api/v1/routes/13353/startlist,
/api/v1/events/1356/result/7,1356,full_results_url,IFSC World Cup Innsbruck 2024,BOULDER Women,finished,2025-10-02 07:18:40 UTC,2026-04-22 08:32:03 UTC,,9094,boulder,Final,Women,finished,2024-06-27 19:37:28 UTC,/api/v1/category_rounds/9094/results,boulder_finals_one_by_one,IFSC: Finals,3,,,,,,,13358,1,/api/v1/routes/13358/startlist,
/api/v1/events/1356/result/7,1356,full_results_url,IFSC World Cup Innsbruck 2024,BOULDER Women,finished,2025-10-02 07:18:40 UTC,2026-04-22 08:32:03 UTC,,9094,boulder,Final,Women,finished,2024-06-27 19:37:28 UTC,/api/v1/category_rounds/9094/results,boulder_finals_one_by_one,IFSC: Finals,3,,,,,,,13359,2,/api/v1/routes/13359/startlist,
/api/v1/events/1356/result/7,1356,full_results_url,IFSC World Cup Innsbruck 2024,BOULDER Women,finished,2025-10-02 07:18:40 UTC,2026-04-22 08:32:03 UTC,,9094,boulder,Final,Women,finished,2024-06-27 19:37:28 UTC,/api/v1/category_rounds/9094/results,boulder_finals_one_by_one,IFSC: Finals,3,,,,,,,13360,3,/api/v1/routes/13360/startlist,
/api/v1/events/1356/result/7,1356,full_results_url,IFSC World Cup Innsbruck 2024,BOULDER Women,finished,2025-10-02 07:18:40 UTC,2026-04-22 08:32:03 UTC,,9094,boulder,Final,Women,finished,2024-06-27 19:37:28 UTC,/api/v1/category_rounds/9094/results,boulder_finals_one_by_one,IFSC: Finals,3,,,,,,,13361,4,/api/v1/routes/13361/startlist,
/api/v1/events/1357/result/1,1357,full_results_url,IFSC World Cup Chamonix 2024,LEAD Men,finished,2025-10-02 07:18:40 UTC,2026-04-22 08:32:07 UTC,,8518,lead,Qualification,Men,finished,2024-07-13 13:36:20 UTC,/api/v1/category_rounds/8518/results,lead_one_group_two_routes,IFSC: 2 routes,1,,,,,,,11349,1,/api/v1/routes/11349/startlist,/api/v1/routes/11349/results
/api/v1/events/1357/result/1,1357,full_results_url,IFSC World Cup Chamonix 2024,LEAD Men,finished,2025-10-02 07:18:40 UTC,2026-04-22 08:32:07 UTC,,8518,lead,Qualification,Men,finished,2024-07-13 13:36:20 UTC,/api/v1/category_rounds/8518/results,lead_one_group_two_routes,IFSC: 2 routes,1,,,,,,,11350,2,/api/v1/routes/11350/startlist,/api/v1/routes/11350/results
/api/v1/events/1357/result/1,1357,full_results_url,IFSC World Cup Chamonix 2024,LEAD Men,finished,2025-10-02 07:18:40 UTC,2026-04-22 08:32:07 UTC,,9141,lead,Semi-final,Men,finished,2024-07-14 10:31:55 UTC,/api/v1/category_rounds/9141/results,lead_one_group_one_route,IFSC: 1 route,2,,,,,,,13472,1,/api/v1/routes/13472/startlist,/api/v1/routes/13472/results
/api/v1/events/1357/result/1,1357,full_results_url,IFSC World Cup Chamonix 2024,LEAD Men,finished,2025-10-02 07:18:40 UTC,2026-04-22 08:32:07 UTC,,9143,lead,Final,Men,finished,2024-07-14 20:49:14 UTC,/api/v1/category_rounds/9143/results,lead_one_group_one_route,IFSC: 1 route,3,,,,,,,13474,1,/api/v1/routes/13474/startlist,/api/v1/routes/13474/results
/api/v1/events/1357/result/5,1357,full_results_url,IFSC World Cup Chamonix 2024,LEAD Women,finished,2025-10-02 07:18:40 UTC,2026-04-22 08:32:11 UTC,,8519,lead,Qualification,Women,finished,2024-07-13 13:13:58 UTC,/api/v1/category_rounds/8519/results,lead_one_group_two_routes,IFSC: 2 routes,1,,,,,,,11351,1,/api/v1/routes/11351/startlist,/api/v1/routes/11351/results
/api/v1/events/1357/result/5,1357,full_results_url,IFSC World Cup Chamonix 2024,LEAD Women,finished,2025-10-02 07:18:40 UTC,2026-04-22 08:32:11 UTC,,8519,lead,Qualification,Women,finished,2024-07-13 13:13:58 UTC,/api/v1/category_rounds/8519/results,lead_one_group_two_routes,IFSC: 2 routes,1,,,,,,,11352,2,/api/v1/routes/11352/startlist,/api/v1/routes/11352/results
/api/v1/events/1357/result/5,1357,full_results_url,IFSC World Cup Chamonix 2024,LEAD Women,finished,2025-10-02 07:18:40 UTC,2026-04-22 08:32:11 UTC,,9142,lead,Semi-final,Women,finished,2024-07-14 10:38:09 UTC,/api/v1/category_rounds/9142/results,lead_one_group_one_route,IFSC: 1 route,2,,,,,,,13473,1,/api/v1/routes/13473/startlist,/api/v1/routes/13473/results
/api/v1/events/1357/result/5,1357,full_results_url,IFSC World Cup Chamonix 2024,LEAD Women,finished,2025-10-02 07:18:40 UTC,2026-04-22 08:32:11 UTC,,9144,lead,Final,Women,finished,2024-07-14 19:37:53 UTC,/api/v1/category_rounds/9144/results,lead_one_group_one_route,IFSC: 1 route,3,,,,,,,13475,1,/api/v1/routes/13475/startlist,/api/v1/routes/13475/results
/api/v1/events/1357/result/2,1357,full_results_url,IFSC World Cup Chamonix 2024,SPEED Men,finished,2025-10-02 07:18:40 UTC,2026-04-22 08:32:14 UTC,,8520,speed,Qualification,Men,finished,2024-07-13 18:39:00 UTC,/api/v1/category_rounds/8520/results,speed_staggered,IFSC: Qualification,1,,,,,,,11353,A,/api/v1/routes/11353/startlist,
/api/v1/events/1357/result/2,1357,full_results_url,IFSC World Cup Chamonix 2024,SPEED Men,finished,2025-10-02 07:18:40 UTC,2026-04-22 08:32:14 UTC,,8520,speed,Qualification,Men,finished,2024-07-13 18:39:00 UTC,/api/v1/category_rounds/8520/results,speed_staggered,IFSC: Qualification,1,,,,,,,11354,B,/api/v1/routes/11354/startlist,
/api/v1/events/1357/result/2,1357,full_results_url,IFSC World Cup Chamonix 2024,SPEED Men,finished,2025-10-02 07:18:40 UTC,2026-04-22 08:32:14 UTC,,9145,speed,Final,Men,finished,2024-07-13 20:12:00 UTC,/api/v1/category_rounds/9145/results,speed_elimination_ifsc_2023,IFSC 2023+: Elimination,3,,,,,,,13476,A,/api/v1/routes/13476/startlist,
/api/v1/events/1357/result/2,1357,full_results_url,IFSC World Cup Chamonix 2024,SPEED Men,finished,2025-10-02 07:18:40 UTC,2026-04-22 08:32:14 UTC,,9145,speed,Final,Men,finished,2024-07-13 20:12:00 UTC,/api/v1/category_rounds/9145/results,speed_elimination_ifsc_2023,IFSC 2023+: Elimination,3,,,,,,,13477,B,/api/v1/routes/13477/startlist,
/api/v1/events/1357/result/6,1357,full_results_url,IFSC World Cup Chamonix 2024,SPEED Women,finished,2025-10-02 07:18:40 UTC,2026-04-22 08:32:18 UTC,,8521,speed,Qualification,Women,finished,2024-07-13 17:29:41 UTC,/api/v1/category_rounds/8521/results,speed_staggered,IFSC: Qualification,1,,,,,,,11355,A,/api/v1/routes/11355/startlist,
/api/v1/events/1357/result/6,1357,full_results_url,IFSC World Cup Chamonix 2024,SPEED Women,finished,2025-10-02 07:18:40 UTC,2026-04-22 08:32:18 UTC,,8521,speed,Qualification,Women,finished,2024-07-13 17:29:41 UTC,/api/v1/category_rounds/8521/results,speed_staggered,IFSC: Qualification,1,,,,,,,11356,B,/api/v1/routes/11356/startlist,
/api/v1/events/1357/result/6,1357,full_results_url,IFSC World Cup Chamonix 2024,SPEED Women,finished,2025-10-02 07:18:40 UTC,2026-04-22 08:32:18 UTC,,9146,speed,Final,Women,finished,2024-07-13 20:11:41 UTC,/api/v1/category_rounds/9146/results,speed_elimination_ifsc_2023,IFSC 2023+: Elimination,3,,,,,,,13478,A,/api/v1/routes/13478/startlist,
/api/v1/events/1357/result/6,1357,full_results_url,IFSC World Cup Chamonix 2024,SPEED Women,finished,2025-10-02 07:18:40 UTC,2026-04-22 08:32:18 UTC,,9146,speed,Final,Women,finished,2024-07-13 20:11:41 UTC,/api/v1/category_rounds/9146/results,speed_elimination_ifsc_2023,IFSC 2023+: Elimination,3,,,,,,,13479,B,/api/v1/routes/13479/startlist,
/api/v1/events/1371/result/233,1371,full_results_url,IFSC Youth European Cup Dornbirn 2024,LEAD Juniors Male,finished,2025-10-02 07:18:40 UTC,2026-04-23 12:20:25 UTC,,8610,lead,Qualification,Juniors Male,finished,2024-07-13 17:22:21 UTC,/api/v1/category_rounds/8610/results,lead_one_group_two_routes,IFSC: 2 routes,19,,,,,,,11681,1,/api/v1/routes/11681/startlist,/api/v1/routes/11681/results
/api/v1/events/1371/result/233,1371,full_results_url,IFSC Youth European Cup Dornbirn 2024,LEAD Juniors Male,finished,2025-10-02 07:18:40 UTC,2026-04-23 12:20:25 UTC,,8610,lead,Qualification,Juniors Male,finished,2024-07-13 17:22:21 UTC,/api/v1/category_rounds/8610/results,lead_one_group_two_routes,IFSC: 2 routes,19,,,,,,,11682,2,/api/v1/routes/11682/startlist,/api/v1/routes/11682/results
/api/v1/events/1371/result/233,1371,full_results_url,IFSC Youth European Cup Dornbirn 2024,LEAD Juniors Male,finished,2025-10-02 07:18:40 UTC,2026-04-23 12:20:25 UTC,,9129,lead,Final,Juniors Male,finished,2024-07-14 11:50:55 UTC,/api/v1/category_rounds/9129/results,lead_one_group_one_route,IFSC: 1 route,21,,,,,,,13458,1,/api/v1/routes/13458/startlist,/api/v1/routes/13458/results
/api/v1/events/1371/result/237,1371,full_results_url,IFSC Youth European Cup Dornbirn 2024,LEAD Youth A Male,finished,2025-10-02 07:18:40 UTC,2026-04-22 08:32:25 UTC,,8611,lead,Qualification,Youth A Male,finished,2024-07-13 11:00:45 UTC,/api/v1/category_rounds/8611/results,lead_one_group_two_routes,IFSC: 2 routes,19,,,,,,,11683,1,/api/v1/routes/11683/startlist,/api/v1/routes/11683/results
/api/v1/events/1371/result/237,1371,full_results_url,IFSC Youth European Cup Dornbirn 2024,LEAD Youth A Male,finished,2025-10-02 07:18:40 UTC,2026-04-22 08:32:25 UTC,,8611,lead,Qualification,Youth A Male,finished,2024-07-13 11:00:45 UTC,/api/v1/category_rounds/8611/results,lead_one_group_two_routes,IFSC: 2 routes,19,,,,,,,11684,2,/api/v1/routes/11684/startlist,/api/v1/routes/11684/results
/api/v1/events/1371/result/237,1371,full_results_url,IFSC Youth European Cup Dornbirn 2024,LEAD Youth A Male,finished,2025-10-02 07:18:40 UTC,2026-04-22 08:32:25 UTC,,9130,lead,Final,Youth A Male,finished,2024-07-14 10:37:00 UTC,/api/v1/category_rounds/9130/results,lead_one_group_one_route,IFSC: 1 route,21,,,,,,,13459,1,/api/v1/routes/13459/startlist,/api/v1/routes/13459/results
/api/v1/events/1371/result/241,1371,full_results_url,IFSC Youth European Cup Dornbirn 2024,LEAD Youth B Male,finished,2025-10-02 07:18:40 UTC,2026-04-22 08:32:28 UTC,,8612,lead,Qualification,Youth B Male,finished,2024-07-13 10:58:06 UTC,/api/v1/category_rounds/8612/results,lead_one_group_two_routes,IFSC: 2 routes,19,,,,,,,11685,1,/api/v1/routes/11685/startlist,/api/v1/routes/11685/results
/api/v1/events/1371/result/241,1371,full_results_url,IFSC Youth European Cup Dornbirn 2024,LEAD Youth B Male,finished,2025-10-02 07:18:40 UTC,2026-04-22 08:32:28 UTC,,8612,lead,Qualification,Youth B Male,finished,2024-07-13 10:58:06 UTC,/api/v1/category_rounds/8612/results,lead_one_group_two_routes,IFSC: 2 routes,19,,,,,,,11686,2,/api/v1/routes/11686/startlist,/api/v1/routes/11686/results
/api/v1/events/1371/result/241,1371,full_results_url,IFSC Youth European Cup Dornbirn 2024,LEAD Youth B Male,finished,2025-10-02 07:18:40 UTC,2026-04-22 08:32:28 UTC,,9131,lead,Final,Youth B Male,finished,2024-07-14 08:43:48 UTC,/api/v1/category_rounds/9131/results,lead_one_group_one_route,IFSC: 1 route,21,,,,,,,13460,1,/api/v1/routes/13460/startlist,/api/v1/routes/13460/results
/api/v1/events/1371/result/249,1371,full_results_url,IFSC Youth European Cup Dornbirn 2024,LEAD Juniors Female,finished,2025-10-02 07:18:40 UTC,2026-04-22 08:32:32 UTC,,8613,lead,Qualification,Juniors Female,finished,2024-07-13 16:24:48 UTC,/api/v1/category_rounds/8613/results,lead_one_group_two_routes,IFSC: 2 routes,19,,,,,,,11687,1,/api/v1/routes/11687/startlist,/api/v1/routes/11687/results
/api/v1/events/1371/result/249,1371,full_results_url,IFSC Youth European Cup Dornbirn 2024,LEAD Juniors Female,finished,2025-10-02 07:18:40 UTC,2026-04-22 08:32:32 UTC,,8613,lead,Qualification,Juniors Female,finished,2024-07-13 16:24:48 UTC,/api/v1/category_rounds/8613/results,lead_one_group_two_routes,IFSC: 2 routes,19,,,,,,,11688,2,/api/v1/routes/11688/startlist,/api/v1/routes/11688/results
/api/v1/events/1371/result/249,1371,full_results_url,IFSC Youth European Cup Dornbirn 2024,LEAD Juniors Female,finished,2025-10-02 07:18:40 UTC,2026-04-22 08:32:32 UTC,,9132,lead,Final,Juniors Female,finished,2024-07-14 11:49:45 UTC,/api/v1/category_rounds/9132/results,lead_one_group_one_route,IFSC: 1 route,21,,,,,,,13461,1,/api/v1/routes/13461/startlist,/api/v1/routes/13461/results
/api/v1/events/1371/result/253,1371,full_results_url,IFSC Youth European Cup Dornbirn 2024,LEAD Youth A Female,finished,2025-10-02 07:18:40 UTC,2026-04-22 08:32:35 UTC,,8614,lead,Qualification,Youth A Female,finished,2024-07-13 17:37:32 UTC,/api/v1/category_rounds/8614/results,lead_one_group_two_routes,IFSC: 2 routes,19,,,,,,,11689,1,/api/v1/routes/11689/startlist,/api/v1/routes/11689/results
/api/v1/events/1371/result/253,1371,full_results_url,IFSC Youth European Cup Dornbirn 2024,LEAD Youth A Female,finished,2025-10-02 07:18:40 UTC,2026-04-22 08:32:35 UTC,,8614,lead,Qualification,Youth A Female,finished,2024-07-13 17:37:32 UTC,/api/v1/category_rounds/8614/results,lead_one_group_two_routes,IFSC: 2 routes,19,,,,,,,11690,2,/api/v1/routes/11690/startlist,/api/v1/routes/11690/results
/api/v1/events/1371/result/253,1371,full_results_url,IFSC Youth European Cup Dornbirn 2024,LEAD Youth A Female,finished,2025-10-02 07:18:40 UTC,2026-04-22 08:32:35 UTC,,9133,lead,Final,Youth A Female,finished,2024-07-14 10:33:51 UTC,/api/v1/category_rounds/9133/results,lead_one_group_one_route,IFSC: 1 route,21,,,,,,,13462,1,/api/v1/routes/13462/startlist,/api/v1/routes/13462/results
/api/v1/events/1371/result/257,1371,full_results_url,IFSC Youth European Cup Dornbirn 2024,LEAD Youth B Female,finished,2025-10-02 07:18:40 UTC,2026-04-22 08:32:39 UTC,,8615,lead,Qualification,Youth B Female,finished,2024-07-13 12:32:14 UTC,/api/v1/category_rounds/8615/results,lead_one_group_two_routes,IFSC: 2 routes,19,,,,,,,11691,1,/api/v1/routes/11691/startlist,/api/v1/routes/11691/results
/api/v1/events/1371/result/257,1371,full_results_url,IFSC Youth European Cup Dornbirn 2024,LEAD Youth B Female,finished,2025-10-02 07:18:40 UTC,2026-04-22 08:32:39 UTC,,8615,lead,Qualification,Youth B Female,finished,2024-07-13 12:32:14 UTC,/api/v1/category_rounds/8615/results,lead_one_group_two_routes,IFSC: 2 routes,19,,,,,,,11692,2,/api/v1/routes/11692/startlist,/api/v1/routes/11692/results
/api/v1/events/1371/result/257,1371,full_results_url,IFSC Youth European Cup Dornbirn 2024,LEAD Youth B Female,finished,2025-10-02 07:18:40 UTC,2026-04-22 08:32:39 UTC,,9134,lead,Final,Youth B Female,finished,2024-07-14 08:41:06 UTC,/api/v1/category_rounds/9134/results,lead_one_group_one_route,IFSC: 1 route,21,,,,,,,13463,1,/api/v1/routes/13463/startlist,/api/v1/routes/13463/results
/api/v1/events/1358/result/1,1358,full_results_url,IFSC World Cup Briançon 2024,LEAD Men,finished,2025-10-02 07:18:40 UTC,2026-04-22 08:32:42 UTC,,8522,lead,Qualification,Men,finished,2024-07-18 11:27:09 UTC,/api/v1/category_rounds/8522/results,lead_one_group_two_routes,IFSC: 2 routes,1,,,,,,,11357,1,/api/v1/routes/11357/startlist,/api/v1/routes/11357/results
/api/v1/events/1358/result/1,1358,full_results_url,IFSC World Cup Briançon 2024,LEAD Men,finished,2025-10-02 07:18:40 UTC,2026-04-22 08:32:42 UTC,,8522,lead,Qualification,Men,finished,2024-07-18 11:27:09 UTC,/api/v1/category_rounds/8522/results,lead_one_group_two_routes,IFSC: 2 routes,1,,,,,,,11358,2,/api/v1/routes/11358/startlist,/api/v1/routes/11358/results
/api/v1/events/1358/result/1,1358,full_results_url,IFSC World Cup Briançon 2024,LEAD Men,finished,2025-10-02 07:18:40 UTC,2026-04-22 08:32:42 UTC,,9137,lead,Semi-final,Men,finished,2024-07-18 21:19:48 UTC,/api/v1/category_rounds/9137/results,lead_one_group_one_route,IFSC: 1 route,2,,,,,,,13468,1,/api/v1/routes/13468/startlist,/api/v1/routes/13468/results
/api/v1/events/1358/result/1,1358,full_results_url,IFSC World Cup Briançon 2024,LEAD Men,finished,2025-10-02 07:18:40 UTC,2026-04-22 08:32:42 UTC,,9139,lead,Final,Men,finished,2024-07-19 19:33:27 UTC,/api/v1/category_rounds/9139/results,lead_one_group_one_route,IFSC: 1 route,3,,,,,,,13470,1,/api/v1/routes/13470/startlist,/api/v1/routes/13470/results
/api/v1/events/1358/result/5,1358,full_results_url,IFSC World Cup Briançon 2024,LEAD Women,finished,2025-10-02 07:18:40 UTC,2026-04-22 08:32:46 UTC,,8523,lead,Qualification,Women,finished,2024-07-18 12:33:21 UTC,/api/v1/category_rounds/8523/results,lead_one_group_two_routes,IFSC: 2 routes,1,,,,,,,11359,1,/api/v1/routes/11359/startlist,/api/v1/routes/11359/results
/api/v1/events/1358/result/5,1358,full_results_url,IFSC World Cup Briançon 2024,LEAD Women,finished,2025-10-02 07:18:40 UTC,2026-04-22 08:32:46 UTC,,8523,lead,Qualification,Women,finished,2024-07-18 12:33:21 UTC,/api/v1/category_rounds/8523/results,lead_one_group_two_routes,IFSC: 2 routes,1,,,,,,,11360,2,/api/v1/routes/11360/startlist,/api/v1/routes/11360/results
/api/v1/events/1358/result/5,1358,full_results_url,IFSC World Cup Briançon 2024,LEAD Women,finished,2025-10-02 07:18:40 UTC,2026-04-22 08:32:46 UTC,,9138,lead,Semi-final,Women,finished,2024-07-18 21:18:45 UTC,/api/v1/category_rounds/9138/results,lead_one_group_one_route,IFSC: 1 route,2,,,,,,,13469,1,/api/v1/routes/13469/startlist,/api/v1/routes/13469/results
/api/v1/events/1358/result/5,1358,full_results_url,IFSC World Cup Briançon 2024,LEAD Women,finished,2025-10-02 07:18:40 UTC,2026-04-22 08:32:46 UTC,,9140,lead,Final,Women,finished,2024-07-19 20:40:52 UTC,/api/v1/category_rounds/9140/results,lead_one_group_one_route,IFSC: 1 route,3,,,,,,,13471,1,/api/v1/routes/13471/startlist,/api/v1/routes/13471/results
/api/v1/events/1358/result/2,1358,full_results_url,IFSC World Cup Briançon 2024,SPEED Men,finished,2025-10-02 07:18:40 UTC,2026-04-22 08:32:50 UTC,,8524,speed,Qualification,Men,finished,2024-07-17 11:50:44 UTC,/api/v1/category_rounds/8524/results,speed_staggered,IFSC: Qualification,1,,,,,,,11361,A,/api/v1/routes/11361/startlist,
/api/v1/events/1358/result/2,1358,full_results_url,IFSC World Cup Briançon 2024,SPEED Men,finished,2025-10-02 07:18:40 UTC,2026-04-22 08:32:50 UTC,,8524,speed,Qualification,Men,finished,2024-07-17 11:50:44 UTC,/api/v1/category_rounds/8524/results,speed_staggered,IFSC: Qualification,1,,,,,,,11362,B,/api/v1/routes/11362/startlist,
/api/v1/events/1358/result/2,1358,full_results_url,IFSC World Cup Briançon 2024,SPEED Men,finished,2025-10-02 07:18:40 UTC,2026-04-22 08:32:50 UTC,,9135,speed,Final,Men,finished,2024-07-17 19:19:59 UTC,/api/v1/category_rounds/9135/results,speed_elimination_ifsc_2023,IFSC 2023+: Elimination,3,,,,,,,13464,A,/api/v1/routes/13464/startlist,
/api/v1/events/1358/result/2,1358,full_results_url,IFSC World Cup Briançon 2024,SPEED Men,finished,2025-10-02 07:18:40 UTC,2026-04-22 08:32:50 UTC,,9135,speed,Final,Men,finished,2024-07-17 19:19:59 UTC,/api/v1/category_rounds/9135/results,speed_elimination_ifsc_2023,IFSC 2023+: Elimination,3,,,,,,,13465,B,/api/v1/routes/13465/startlist,
/api/v1/events/1358/result/6,1358,full_results_url,IFSC World Cup Briançon 2024,SPEED Women,finished,2025-10-02 07:18:40 UTC,2026-04-22 08:32:53 UTC,,8525,speed,Qualification,Women,finished,2024-07-17 10:41:26 UTC,/api/v1/category_rounds/8525/results,speed_staggered,IFSC: Qualification,1,,,,,,,11363,A,/api/v1/routes/11363/startlist,
/api/v1/events/1358/result/6,1358,full_results_url,IFSC World Cup Briançon 2024,SPEED Women,finished,2025-10-02 07:18:40 UTC,2026-04-22 08:32:53 UTC,,8525,speed,Qualification,Women,finished,2024-07-17 10:41:26 UTC,/api/v1/category_rounds/8525/results,speed_staggered,IFSC: Qualification,1,,,,,,,11364,B,/api/v1/routes/11364/startlist,
/api/v1/events/1358/result/6,1358,full_results_url,IFSC World Cup Briançon 2024,SPEED Women,finished,2025-10-02 07:18:40 UTC,2026-04-22 08:32:53 UTC,,9136,speed,Final,Women,finished,2024-07-17 19:18:04 UTC,/api/v1/category_rounds/9136/results,speed_elimination_ifsc_2023,IFSC 2023+: Elimination,3,,,,,,,13466,A,/api/v1/routes/13466/startlist,
/api/v1/events/1358/result/6,1358,full_results_url,IFSC World Cup Briançon 2024,SPEED Women,finished,2025-10-02 07:18:40 UTC,2026-04-22 08:32:53 UTC,,9136,speed,Final,Women,finished,2024-07-17 19:18:04 UTC,/api/v1/category_rounds/9136/results,speed_elimination_ifsc_2023,IFSC 2023+: Elimination,3,,,,,,,13467,B,/api/v1/routes/13467/startlist,
/api/v1/events/1372/result/233,1372,full_results_url,IFSC Youth European Cup Žilina 2024,LEAD Juniors Male,finished,2025-10-02 07:18:40 UTC,2026-04-23 12:20:25 UTC,,8616,lead,Qualification,Juniors Male,finished,2024-07-20 20:04:09 UTC,/api/v1/category_rounds/8616/results,lead_one_group_two_routes,IFSC: 2 routes,19,,,,,,,11693,1,/api/v1/routes/11693/startlist,/api/v1/routes/11693/results
/api/v1/events/1372/result/233,1372,full_results_url,IFSC Youth European Cup Žilina 2024,LEAD Juniors Male,finished,2025-10-02 07:18:40 UTC,2026-04-23 12:20:25 UTC,,8616,lead,Qualification,Juniors Male,finished,2024-07-20 20:04:09 UTC,/api/v1/category_rounds/8616/results,lead_one_group_two_routes,IFSC: 2 routes,19,,,,,,,11694,2,/api/v1/routes/11694/startlist,/api/v1/routes/11694/results
/api/v1/events/1372/result/233,1372,full_results_url,IFSC Youth European Cup Žilina 2024,LEAD Juniors Male,finished,2025-10-02 07:18:40 UTC,2026-04-23 12:20:25 UTC,,9157,lead,Final,Juniors Male,finished,2024-07-21 11:47:08 UTC,/api/v1/category_rounds/9157/results,lead_one_group_one_route,IFSC: 1 route,21,,,,,,,13500,Final A Male & Junior Male ,/api/v1/routes/13500/startlist,/api/v1/routes/13500/results
/api/v1/events/1372/result/237,1372,full_results_url,IFSC Youth European Cup Žilina 2024,LEAD Youth A Male,finished,2025-10-02 07:18:40 UTC,2026-04-22 08:33:00 UTC,,8617,lead,Qualification,Youth A Male,finished,2024-07-20 15:38:36 UTC,/api/v1/category_rounds/8617/results,lead_one_group_two_routes,IFSC: 2 routes,19,,,,,,,11695,Quali 1 A Male & Junior Male ,/api/v1/routes/11695/startlist,/api/v1/routes/11695/results
/api/v1/events/1372/result/237,1372,full_results_url,IFSC Youth European Cup Žilina 2024,LEAD Youth A Male,finished,2025-10-02 07:18:40 UTC,2026-04-22 08:33:00 UTC,,8617,lead,Qualification,Youth A Male,finished,2024-07-20 15:38:36 UTC,/api/v1/category_rounds/8617/results,lead_one_group_two_routes,IFSC: 2 routes,19,,,,,,,11696,Quali 2 A Male & Junior Male ,/api/v1/routes/11696/startlist,/api/v1/routes/11696/results
/api/v1/events/1372/result/237,1372,full_results_url,IFSC Youth European Cup Žilina 2024,LEAD Youth A Male,finished,2025-10-02 07:18:40 UTC,2026-04-22 08:33:00 UTC,,9158,lead,Final,Youth A Male,finished,2024-07-21 09:49:18 UTC,/api/v1/category_rounds/9158/results,lead_one_group_one_route,IFSC: 1 route,21,,,,,,,13501,1,/api/v1/routes/13501/startlist,/api/v1/routes/13501/results
/api/v1/events/1372/result/241,1372,full_results_url,IFSC Youth European Cup Žilina 2024,LEAD Youth B Male,finished,2025-10-02 07:18:40 UTC,2026-04-22 08:33:04 UTC,,8618,lead,Qualification,Youth B Male,finished,2024-07-20 11:27:56 UTC,/api/v1/category_rounds/8618/results,lead_one_group_two_routes,IFSC: 2 routes,19,,,,,,,11697,Quali 1 B Male & A Female ,/api/v1/routes/11697/startlist,/api/v1/routes/11697/results
/api/v1/events/1372/result/241,1372,full_results_url,IFSC Youth European Cup Žilina 2024,LEAD Youth B Male,finished,2025-10-02 07:18:40 UTC,2026-04-22 08:33:04 UTC,,8618,lead,Qualification,Youth B Male,finished,2024-07-20 11:27:56 UTC,/api/v1/category_rounds/8618/results,lead_one_group_two_routes,IFSC: 2 routes,19,,,,,,,11698,Quali 2 B Male &  A Female ,/api/v1/routes/11698/startlist,/api/v1/routes/11698/results
/api/v1/events/1372/result/241,1372,full_results_url,IFSC Youth European Cup Žilina 2024,LEAD Youth B Male,finished,2025-10-02 07:18:40 UTC,2026-04-22 08:33:04 UTC,,9159,lead,Final,Youth B Male,finished,2024-07-21 08:34:51 UTC,/api/v1/category_rounds/9159/results,lead_one_group_one_route,IFSC: 1 route,21,,,,,,,13502,1,/api/v1/routes/13502/startlist,/api/v1/routes/13502/results
/api/v1/events/1372/result/249,1372,full_results_url,IFSC Youth European Cup Žilina 2024,LEAD Juniors Female,finished,2025-10-02 07:18:40 UTC,2026-04-22 08:33:07 UTC,,8619,lead,Qualification,Juniors Female,finished,2024-07-20 19:27:54 UTC,/api/v1/category_rounds/8619/results,lead_one_group_two_routes,IFSC: 2 routes,19,,,,,,,11699,1,/api/v1/routes/11699/startlist,/api/v1/routes/11699/results
/api/v1/events/1372/result/249,1372,full_results_url,IFSC Youth European Cup Žilina 2024,LEAD Juniors Female,finished,2025-10-02 07:18:40 UTC,2026-04-22 08:33:07 UTC,,8619,lead,Qualification,Juniors Female,finished,2024-07-20 19:27:54 UTC,/api/v1/category_rounds/8619/results,lead_one_group_two_routes,IFSC: 2 routes,19,,,,,,,11700,2,/api/v1/routes/11700/startlist,/api/v1/routes/11700/results
/api/v1/events/1372/result/249,1372,full_results_url,IFSC Youth European Cup Žilina 2024,LEAD Juniors Female,finished,2025-10-02 07:18:40 UTC,2026-04-22 08:33:07 UTC,,9160,lead,Final,Juniors Female,finished,2024-07-21 11:47:59 UTC,/api/v1/category_rounds/9160/results,lead_one_group_one_route,IFSC: 1 route,21,,,,,,,13503,Final B female & Junior Female ,/api/v1/routes/13503/startlist,/api/v1/routes/13503/results
/api/v1/events/1372/result/253,1372,full_results_url,IFSC Youth European Cup Žilina 2024,LEAD Youth A Female,finished,2025-10-02 07:18:40 UTC,2026-04-22 08:33:10 UTC,,8620,lead,Qualification,Youth A Female,finished,2024-07-20 15:48:34 UTC,/api/v1/category_rounds/8620/results,lead_one_group_two_routes,IFSC: 2 routes,19,,,,,,,11701,1,/api/v1/routes/11701/startlist,/api/v1/routes/11701/results
/api/v1/events/1372/result/253,1372,full_results_url,IFSC Youth European Cup Žilina 2024,LEAD Youth A Female,finished,2025-10-02 07:18:40 UTC,2026-04-22 08:33:10 UTC,,8620,lead,Qualification,Youth A Female,finished,2024-07-20 15:48:34 UTC,/api/v1/category_rounds/8620/results,lead_one_group_two_routes,IFSC: 2 routes,19,,,,,,,11702,2,/api/v1/routes/11702/startlist,/api/v1/routes/11702/results
/api/v1/events/1372/result/253,1372,full_results_url,IFSC Youth European Cup Žilina 2024,LEAD Youth A Female,finished,2025-10-02 07:18:40 UTC,2026-04-22 08:33:10 UTC,,9161,lead,Final,Youth A Female,finished,2024-07-21 09:54:13 UTC,/api/v1/category_rounds/9161/results,lead_one_group_one_route,IFSC: 1 route,21,,,,,,,13504,1,/api/v1/routes/13504/startlist,/api/v1/routes/13504/results
/api/v1/events/1372/result/257,1372,full_results_url,IFSC Youth European Cup Žilina 2024,LEAD Youth B Female,finished,2025-10-02 07:18:40 UTC,2026-04-22 08:33:14 UTC,,8621,lead,Qualification,Youth B Female,finished,2024-07-20 11:48:54 UTC,/api/v1/category_rounds/8621/results,lead_one_group_two_routes,IFSC: 2 routes,19,,,,,,,11703,Quali 1 B Female & Junior Female ,/api/v1/routes/11703/startlist,/api/v1/routes/11703/results
/api/v1/events/1372/result/257,1372,full_results_url,IFSC Youth European Cup Žilina 2024,LEAD Youth B Female,finished,2025-10-02 07:18:40 UTC,2026-04-22 08:33:14 UTC,,8621,lead,Qualification,Youth B Female,finished,2024-07-20 11:48:54 UTC,/api/v1/category_rounds/8621/results,lead_one_group_two_routes,IFSC: 2 routes,19,,,,,,,11704,Quali 2 B Female & Junior Female ,/api/v1/routes/11704/startlist,/api/v1/routes/11704/results
/api/v1/events/1372/result/257,1372,full_results_url,IFSC Youth European Cup Žilina 2024,LEAD Youth B Female,finished,2025-10-02 07:18:40 UTC,2026-04-22 08:33:14 UTC,,9162,lead,Final,Youth B Female,finished,2024-07-21 08:20:36 UTC,/api/v1/category_rounds/9162/results,lead_one_group_one_route,IFSC: 1 route,21,,,,,,,13505,1,/api/v1/routes/13505/startlist,/api/v1/routes/13505/results
/api/v1/events/1372/result/234,1372,full_results_url,IFSC Youth European Cup Žilina 2024,SPEED Juniors Male,finished,2025-10-02 07:18:40 UTC,2026-04-22 08:33:18 UTC,,8622,speed,Qualification,Juniors Male,finished,2024-07-19 16:55:50 UTC,/api/v1/category_rounds/8622/results,speed_staggered_tolerate_false_start,IFSC-E: Qualification (Tolerate FS),19,,,,,,,11705,A,/api/v1/routes/11705/startlist,
/api/v1/events/1372/result/234,1372,full_results_url,IFSC Youth European Cup Žilina 2024,SPEED Juniors Male,finished,2025-10-02 07:18:40 UTC,2026-04-22 08:33:18 UTC,,8622,speed,Qualification,Juniors Male,finished,2024-07-19 16:55:50 UTC,/api/v1/category_rounds/8622/results,speed_staggered_tolerate_false_start,IFSC-E: Qualification (Tolerate FS),19,,,,,,,11706,B,/api/v1/routes/11706/startlist,
/api/v1/events/1372/result/234,1372,full_results_url,IFSC Youth European Cup Žilina 2024,SPEED Juniors Male,finished,2025-10-02 07:18:40 UTC,2026-04-22 08:33:18 UTC,,9163,speed,Final,Juniors Male,finished,2024-07-19 18:36:28 UTC,/api/v1/category_rounds/9163/results,speed_elimination_ifsc_2022,IFSC 2022: Elimination,21,,,,,,,13542,A,/api/v1/routes/13542/startlist,
/api/v1/events/1372/result/234,1372,full_results_url,IFSC Youth European Cup Žilina 2024,SPEED Juniors Male,finished,2025-10-02 07:18:40 UTC,2026-04-22 08:33:18 UTC,,9163,speed,Final,Juniors Male,finished,2024-07-19 18:36:28 UTC,/api/v1/category_rounds/9163/results,speed_elimination_ifsc_2022,IFSC 2022: Elimination,21,,,,,,,13543,B,/api/v1/routes/13543/startlist,
/api/v1/events/1372/result/238,1372,full_results_url,IFSC Youth European Cup Žilina 2024,SPEED Youth A Male,finished,2025-10-02 07:18:40 UTC,2026-04-22 08:33:21 UTC,,8623,speed,Qualification,Youth A Male,finished,2024-07-19 18:10:04 UTC,/api/v1/category_rounds/8623/results,speed_staggered_tolerate_false_start,IFSC-E: Qualification (Tolerate FS),19,,,,,,,11707,A,/api/v1/routes/11707/startlist,
/api/v1/events/1372/result/238,1372,full_results_url,IFSC Youth European Cup Žilina 2024,SPEED Youth A Male,finished,2025-10-02 07:18:40 UTC,2026-04-22 08:33:21 UTC,,8623,speed,Qualification,Youth A Male,finished,2024-07-19 18:10:04 UTC,/api/v1/category_rounds/8623/results,speed_staggered_tolerate_false_start,IFSC-E: Qualification (Tolerate FS),19,,,,,,,11708,B,/api/v1/routes/11708/startlist,
/api/v1/events/1372/result/238,1372,full_results_url,IFSC Youth European Cup Žilina 2024,SPEED Youth A Male,finished,2025-10-02 07:18:40 UTC,2026-04-22 08:33:21 UTC,,9164,speed,Final,Youth A Male,finished,2024-07-19 18:33:54 UTC,/api/v1/category_rounds/9164/results,speed_elimination_ifsc_2022,IFSC 2022: Elimination,21,,,,,,,13544,A,/api/v1/routes/13544/startlist,
/api/v1/events/1372/result/238,1372,full_results_url,IFSC Youth European Cup Žilina 2024,SPEED Youth A Male,finished,2025-10-02 07:18:40 UTC,2026-04-22 08:33:21 UTC,,9164,speed,Final,Youth A Male,finished,2024-07-19 18:33:54 UTC,/api/v1/category_rounds/9164/results,speed_elimination_ifsc_2022,IFSC 2022: Elimination,21,,,,,,,13545,B,/api/v1/routes/13545/startlist,
/api/v1/events/1372/result/242,1372,full_results_url,IFSC Youth European Cup Žilina 2024,SPEED Youth B Male,finished,2025-10-02 07:18:40 UTC,2026-04-22 08:33:24 UTC,,8624,speed,Qualification,Youth B Male,finished,2024-07-19 15:41:49 UTC,/api/v1/category_rounds/8624/results,speed_staggered_tolerate_false_start,IFSC-E: Qualification (Tolerate FS),19,,,,,,,11709,A,/api/v1/routes/11709/startlist,
/api/v1/events/1372/result/242,1372,full_results_url,IFSC Youth European Cup Žilina 2024,SPEED Youth B Male,finished,2025-10-02 07:18:40 UTC,2026-04-22 08:33:24 UTC,,8624,speed,Qualification,Youth B Male,finished,2024-07-19 15:41:49 UTC,/api/v1/category_rounds/8624/results,speed_staggered_tolerate_false_start,IFSC-E: Qualification (Tolerate FS),19,,,,,,,11710,B,/api/v1/routes/11710/startlist,
/api/v1/events/1372/result/242,1372,full_results_url,IFSC Youth European Cup Žilina 2024,SPEED Youth B Male,finished,2025-10-02 07:18:40 UTC,2026-04-22 08:33:24 UTC,,9165,speed,Final,Youth B Male,finished,2024-07-19 18:31:30 UTC,/api/v1/category_rounds/9165/results,speed_elimination_ifsc_2022,IFSC 2022: Elimination,21,,,,,,,13546,A,/api/v1/routes/13546/startlist,
/api/v1/events/1372/result/242,1372,full_results_url,IFSC Youth European Cup Žilina 2024,SPEED Youth B Male,finished,2025-10-02 07:18:40 UTC,2026-04-22 08:33:24 UTC,,9165,speed,Final,Youth B Male,finished,2024-07-19 18:31:30 UTC,/api/v1/category_rounds/9165/results,speed_elimination_ifsc_2022,IFSC 2022: Elimination,21,,,,,,,13547,B,/api/v1/routes/13547/startlist,
/api/v1/events/1372/result/250,1372,full_results_url,IFSC Youth European Cup Žilina 2024,SPEED Juniors Female,finished,2025-10-02 07:18:40 UTC,2026-04-22 08:33:28 UTC,,8625,speed,Qualification,Juniors Female,finished,2024-07-19 16:42:35 UTC,/api/v1/category_rounds/8625/results,speed_staggered_tolerate_false_start,IFSC-E: Qualification (Tolerate FS),19,,,,,,,11711,A,/api/v1/routes/11711/startlist,
/api/v1/events/1372/result/250,1372,full_results_url,IFSC Youth European Cup Žilina 2024,SPEED Juniors Female,finished,2025-10-02 07:18:40 UTC,2026-04-22 08:33:28 UTC,,8625,speed,Qualification,Juniors Female,finished,2024-07-19 16:42:35 UTC,/api/v1/category_rounds/8625/results,speed_staggered_tolerate_false_start,IFSC-E: Qualification (Tolerate FS),19,,,,,,,11712,B,/api/v1/routes/11712/startlist,
/api/v1/events/1372/result/250,1372,full_results_url,IFSC Youth European Cup Žilina 2024,SPEED Juniors Female,finished,2025-10-02 07:18:40 UTC,2026-04-22 08:33:28 UTC,,9166,speed,Final,Juniors Female,finished,2024-07-19 18:34:59 UTC,/api/v1/category_rounds/9166/results,speed_elimination_ifsc_2022,IFSC 2022: Elimination,21,,,,,,,13548,A,/api/v1/routes/13548/startlist,
/api/v1/events/1372/result/250,1372,full_results_url,IFSC Youth European Cup Žilina 2024,SPEED Juniors Female,finished,2025-10-02 07:18:40 UTC,2026-04-22 08:33:28 UTC,,9166,speed,Final,Juniors Female,finished,2024-07-19 18:34:59 UTC,/api/v1/category_rounds/9166/results,speed_elimination_ifsc_2022,IFSC 2022: Elimination,21,,,,,,,13549,B,/api/v1/routes/13549/startlist,
/api/v1/events/1372/result/254,1372,full_results_url,IFSC Youth European Cup Žilina 2024,SPEED Youth A Female,finished,2025-10-02 07:18:40 UTC,2026-04-22 08:33:31 UTC,,8626,speed,Qualification,Youth A Female,finished,2024-07-19 16:04:50 UTC,/api/v1/category_rounds/8626/results,speed_staggered_tolerate_false_start,IFSC-E: Qualification (Tolerate FS),19,,,,,,,11713,A,/api/v1/routes/11713/startlist,
/api/v1/events/1372/result/254,1372,full_results_url,IFSC Youth European Cup Žilina 2024,SPEED Youth A Female,finished,2025-10-02 07:18:40 UTC,2026-04-22 08:33:31 UTC,,8626,speed,Qualification,Youth A Female,finished,2024-07-19 16:04:50 UTC,/api/v1/category_rounds/8626/results,speed_staggered_tolerate_false_start,IFSC-E: Qualification (Tolerate FS),19,,,,,,,11714,B,/api/v1/routes/11714/startlist,
/api/v1/events/1372/result/254,1372,full_results_url,IFSC Youth European Cup Žilina 2024,SPEED Youth A Female,finished,2025-10-02 07:18:40 UTC,2026-04-22 08:33:31 UTC,,9167,speed,Final,Youth A Female,finished,2024-07-19 18:32:54 UTC,/api/v1/category_rounds/9167/results,speed_elimination_ifsc_2022,IFSC 2022: Elimination,21,,,,,,,13550,A,/api/v1/routes/13550/startlist,
/api/v1/events/1372/result/254,1372,full_results_url,IFSC Youth European Cup Žilina 2024,SPEED Youth A Female,finished,2025-10-02 07:18:40 UTC,2026-04-22 08:33:31 UTC,,9167,speed,Final,Youth A Female,finished,2024-07-19 18:32:54 UTC,/api/v1/category_rounds/9167/results,speed_elimination_ifsc_2022,IFSC 2022: Elimination,21,,,,,,,13551,B,/api/v1/routes/13551/startlist,
/api/v1/events/1372/result/258,1372,full_results_url,IFSC Youth European Cup Žilina 2024,SPEED Youth B Female,finished,2025-10-02 07:18:40 UTC,2026-04-22 08:33:34 UTC,,8627,speed,Qualification,Youth B Female,finished,2024-07-19 15:29:50 UTC,/api/v1/category_rounds/8627/results,speed_staggered_tolerate_false_start,IFSC-E: Qualification (Tolerate FS),19,,,,,,,11715,A,/api/v1/routes/11715/startlist,
/api/v1/events/1372/result/258,1372,full_results_url,IFSC Youth European Cup Žilina 2024,SPEED Youth B Female,finished,2025-10-02 07:18:40 UTC,2026-04-22 08:33:34 UTC,,8627,speed,Qualification,Youth B Female,finished,2024-07-19 15:29:50 UTC,/api/v1/category_rounds/8627/results,speed_staggered_tolerate_false_start,IFSC-E: Qualification (Tolerate FS),19,,,,,,,11716,B,/api/v1/routes/11716/startlist,
/api/v1/events/1372/result/258,1372,full_results_url,IFSC Youth European Cup Žilina 2024,SPEED Youth B Female,finished,2025-10-02 07:18:40 UTC,2026-04-22 08:33:34 UTC,,9168,speed,Final,Youth B Female,finished,2024-07-19 18:30:06 UTC,/api/v1/category_rounds/9168/results,speed_elimination_ifsc_2022,IFSC 2022: Elimination,21,,,,,,,13552,A,/api/v1/routes/13552/startlist,
/api/v1/events/1372/result/258,1372,full_results_url,IFSC Youth European Cup Žilina 2024,SPEED Youth B Female,finished,2025-10-02 07:18:40 UTC,2026-04-22 08:33:34 UTC,,9168,speed,Final,Youth B Female,finished,2024-07-19 18:30:06 UTC,/api/v1/category_rounds/9168/results,speed_elimination_ifsc_2022,IFSC 2022: Elimination,21,,,,,,,13553,B,/api/v1/routes/13553/startlist,
/api/v1/events/1386/result/677,1386,full_results_url,Olympic Games Paris 2024,BOULDER&LEAD Men,finished,2025-10-02 07:18:41 UTC,2026-04-22 08:33:38 UTC,,9181,boulder&lead,Semi-Final,Men,finished,2024-08-08 07:36:30 UTC,/api/v1/category_rounds/9181/results,bl_qualification,IFSC: Qualification,32,935.0,,boulder,finished,2024-08-08 07:36:30 UTC,/api/v1/combined_stages/935/results,13554,1,/api/v1/routes/13554/startlist,
/api/v1/events/1386/result/677,1386,full_results_url,Olympic Games Paris 2024,BOULDER&LEAD Men,finished,2025-10-02 07:18:41 UTC,2026-04-22 08:33:38 UTC,,9181,boulder&lead,Semi-Final,Men,finished,2024-08-08 07:36:30 UTC,/api/v1/category_rounds/9181/results,bl_qualification,IFSC: Qualification,32,935.0,,boulder,finished,2024-08-08 07:36:30 UTC,/api/v1/combined_stages/935/results,13555,2,/api/v1/routes/13555/startlist,
/api/v1/events/1386/result/677,1386,full_results_url,Olympic Games Paris 2024,BOULDER&LEAD Men,finished,2025-10-02 07:18:41 UTC,2026-04-22 08:33:38 UTC,,9181,boulder&lead,Semi-Final,Men,finished,2024-08-08 07:36:30 UTC,/api/v1/category_rounds/9181/results,bl_qualification,IFSC: Qualification,32,935.0,,boulder,finished,2024-08-08 07:36:30 UTC,/api/v1/combined_stages/935/results,13556,3,/api/v1/routes/13556/startlist,
/api/v1/events/1386/result/677,1386,full_results_url,Olympic Games Paris 2024,BOULDER&LEAD Men,finished,2025-10-02 07:18:41 UTC,2026-04-22 08:33:38 UTC,,9181,boulder&lead,Semi-Final,Men,finished,2024-08-08 07:36:30 UTC,/api/v1/category_rounds/9181/results,bl_qualification,IFSC: Qualification,32,935.0,,boulder,finished,2024-08-08 07:36:30 UTC,/api/v1/combined_stages/935/results,13557,4,/api/v1/routes/13557/startlist,
/api/v1/events/1386/result/677,1386,full_results_url,Olympic Games Paris 2024,BOULDER&LEAD Men,finished,2025-10-02 07:18:41 UTC,2026-04-22 08:33:38 UTC,,9181,boulder&lead,Semi-Final,Men,finished,2024-08-08 07:36:30 UTC,/api/v1/category_rounds/9181/results,bl_qualification,IFSC: Qualification,32,936.0,,lead,finished,2024-08-08 07:36:30 UTC,/api/v1/combined_stages/936/results,13558,1,/api/v1/routes/13558/startlist,/api/v1/routes/13558/results
/api/v1/events/1386/result/677,1386,full_results_url,Olympic Games Paris 2024,BOULDER&LEAD Men,finished,2025-10-02 07:18:41 UTC,2026-04-22 08:33:38 UTC,,9183,boulder&lead,Final,Men,finished,2024-08-09 11:30:06 UTC,/api/v1/category_rounds/9183/results,bl_final,IFSC: Finals,33,939.0,,boulder,finished,2024-08-09 10:02:39 UTC,/api/v1/combined_stages/939/results,13564,1,/api/v1/routes/13564/startlist,
/api/v1/events/1386/result/677,1386,full_results_url,Olympic Games Paris 2024,BOULDER&LEAD Men,finished,2025-10-02 07:18:41 UTC,2026-04-22 08:33:38 UTC,,9183,boulder&lead,Final,Men,finished,2024-08-09 11:30:06 UTC,/api/v1/category_rounds/9183/results,bl_final,IFSC: Finals,33,939.0,,boulder,finished,2024-08-09 10:02:39 UTC,/api/v1/combined_stages/939/results,13565,2,/api/v1/routes/13565/startlist,
/api/v1/events/1386/result/677,1386,full_results_url,Olympic Games Paris 2024,BOULDER&LEAD Men,finished,2025-10-02 07:18:41 UTC,2026-04-22 08:33:38 UTC,,9183,boulder&lead,Final,Men,finished,2024-08-09 11:30:06 UTC,/api/v1/category_rounds/9183/results,bl_final,IFSC: Finals,33,939.0,,boulder,finished,2024-08-09 10:02:39 UTC,/api/v1/combined_stages/939/results,13566,3,/api/v1/routes/13566/startlist,
/api/v1/events/1386/result/677,1386,full_results_url,Olympic Games Paris 2024,BOULDER&LEAD Men,finished,2025-10-02 07:18:41 UTC,2026-04-22 08:33:38 UTC,,9183,boulder&lead,Final,Men,finished,2024-08-09 11:30:06 UTC,/api/v1/category_rounds/9183/results,bl_final,IFSC: Finals,33,939.0,,boulder,finished,2024-08-09 10:02:39 UTC,/api/v1/combined_stages/939/results,13567,4,/api/v1/routes/13567/startlist,
/api/v1/events/1386/result/677,1386,full_results_url,Olympic Games Paris 2024,BOULDER&LEAD Men,finished,2025-10-02 07:18:41 UTC,2026-04-22 08:33:38 UTC,,9183,boulder&lead,Final,Men,finished,2024-08-09 11:30:06 UTC,/api/v1/category_rounds/9183/results,bl_final,IFSC: Finals,33,940.0,,lead,finished,2024-08-09 11:30:06 UTC,/api/v1/combined_stages/940/results,13568,1,/api/v1/routes/13568/startlist,/api/v1/routes/13568/results
/api/v1/events/1386/result/682,1386,full_results_url,Olympic Games Paris 2024,BOULDER&LEAD Women,finished,2025-10-02 07:18:41 UTC,2026-04-22 08:33:41 UTC,,9182,boulder&lead,Semi-Final,Women,finished,2024-08-08 10:03:58 UTC,/api/v1/category_rounds/9182/results,bl_qualification,IFSC: Qualification,32,937.0,,boulder,finished,2024-08-08 07:36:30 UTC,/api/v1/combined_stages/937/results,13559,1,/api/v1/routes/13559/startlist,
/api/v1/events/1386/result/682,1386,full_results_url,Olympic Games Paris 2024,BOULDER&LEAD Women,finished,2025-10-02 07:18:41 UTC,2026-04-22 08:33:41 UTC,,9182,boulder&lead,Semi-Final,Women,finished,2024-08-08 10:03:58 UTC,/api/v1/category_rounds/9182/results,bl_qualification,IFSC: Qualification,32,937.0,,boulder,finished,2024-08-08 07:36:30 UTC,/api/v1/combined_stages/937/results,13560,2,/api/v1/routes/13560/startlist,
/api/v1/events/1386/result/682,1386,full_results_url,Olympic Games Paris 2024,BOULDER&LEAD Women,finished,2025-10-02 07:18:41 UTC,2026-04-22 08:33:41 UTC,,9182,boulder&lead,Semi-Final,Women,finished,2024-08-08 10:03:58 UTC,/api/v1/category_rounds/9182/results,bl_qualification,IFSC: Qualification,32,937.0,,boulder,finished,2024-08-08 07:36:30 UTC,/api/v1/combined_stages/937/results,13561,3,/api/v1/routes/13561/startlist,
/api/v1/events/1386/result/682,1386,full_results_url,Olympic Games Paris 2024,BOULDER&LEAD Women,finished,2025-10-02 07:18:41 UTC,2026-04-22 08:33:41 UTC,,9182,boulder&lead,Semi-Final,Women,finished,2024-08-08 10:03:58 UTC,/api/v1/category_rounds/9182/results,bl_qualification,IFSC: Qualification,32,937.0,,boulder,finished,2024-08-08 07:36:30 UTC,/api/v1/combined_stages/937/results,13562,4,/api/v1/routes/13562/startlist,
/api/v1/events/1386/result/682,1386,full_results_url,Olympic Games Paris 2024,BOULDER&LEAD Women,finished,2025-10-02 07:18:41 UTC,2026-04-22 08:33:41 UTC,,9182,boulder&lead,Semi-Final,Women,finished,2024-08-08 10:03:58 UTC,/api/v1/category_rounds/9182/results,bl_qualification,IFSC: Qualification,32,938.0,,lead,finished,2024-08-08 10:03:57 UTC,/api/v1/combined_stages/938/results,13563,1,/api/v1/routes/13563/startlist,/api/v1/routes/13563/results
/api/v1/events/1386/result/682,1386,full_results_url,Olympic Games Paris 2024,BOULDER&LEAD Women,finished,2025-10-02 07:18:41 UTC,2026-04-22 08:33:41 UTC,,9184,boulder&lead,Final,Women,finished,2024-08-10 11:28:15 UTC,/api/v1/category_rounds/9184/results,bl_final,IFSC: Finals,33,941.0,,boulder,finished,2024-08-10 09:45:06 UTC,/api/v1/combined_stages/941/results,13569,1,/api/v1/routes/13569/startlist,
/api/v1/events/1386/result/682,1386,full_results_url,Olympic Games Paris 2024,BOULDER&LEAD Women,finished,2025-10-02 07:18:41 UTC,2026-04-22 08:33:41 UTC,,9184,boulder&lead,Final,Women,finished,2024-08-10 11:28:15 UTC,/api/v1/category_rounds/9184/results,bl_final,IFSC: Finals,33,941.0,,boulder,finished,2024-08-10 09:45:06 UTC,/api/v1/combined_stages/941/results,13570,2,/api/v1/routes/13570/startlist,
/api/v1/events/1386/result/682,1386,full_results_url,Olympic Games Paris 2024,BOULDER&LEAD Women,finished,2025-10-02 07:18:41 UTC,2026-04-22 08:33:41 UTC,,9184,boulder&lead,Final,Women,finished,2024-08-10 11:28:15 UTC,/api/v1/category_rounds/9184/results,bl_final,IFSC: Finals,33,941.0,,boulder,finished,2024-08-10 09:45:06 UTC,/api/v1/combined_stages/941/results,13571,3,/api/v1/routes/13571/startlist,
/api/v1/events/1386/result/682,1386,full_results_url,Olympic Games Paris 2024,BOULDER&LEAD Women,finished,2025-10-02 07:18:41 UTC,2026-04-22 08:33:41 UTC,,9184,boulder&lead,Final,Women,finished,2024-08-10 11:28:15 UTC,/api/v1/category_rounds/9184/results,bl_final,IFSC: Finals,33,941.0,,boulder,finished,2024-08-10 09:45:06 UTC,/api/v1/combined_stages/941/results,13572,4,/api/v1/routes/13572/startlist,
/api/v1/events/1386/result/682,1386,full_results_url,Olympic Games Paris 2024,BOULDER&LEAD Women,finished,2025-10-02 07:18:41 UTC,2026-04-22 08:33:41 UTC,,9184,boulder&lead,Final,Women,finished,2024-08-10 11:28:15 UTC,/api/v1/category_rounds/9184/results,bl_final,IFSC: Finals,33,942.0,,lead,finished,2024-08-10 11:28:14 UTC,/api/v1/combined_stages/942/results,13573,1,/api/v1/routes/13573/startlist,/api/v1/routes/13573/results
/api/v1/events/1386/result/314,1386,full_results_url,Olympic Games Paris 2024,SPEED Men,finished,2025-10-02 07:18:41 UTC,2026-04-22 08:33:45 UTC,,8796,speed,Qualification,Men,finished,2024-08-08 07:36:30 UTC,/api/v1/category_rounds/8796/results,speed_qualification_paris2024,Qualification (Paris 2024),31,943.0,,speed,finished,2024-08-08 07:36:30 UTC,/api/v1/combined_stages/943/results,13574,A,/api/v1/routes/13574/startlist,
/api/v1/events/1386/result/314,1386,full_results_url,Olympic Games Paris 2024,SPEED Men,finished,2025-10-02 07:18:41 UTC,2026-04-22 08:33:45 UTC,,8796,speed,Qualification,Men,finished,2024-08-08 07:36:30 UTC,/api/v1/category_rounds/8796/results,speed_qualification_paris2024,Qualification (Paris 2024),31,943.0,,speed,finished,2024-08-08 07:36:30 UTC,/api/v1/combined_stages/943/results,13575,B,/api/v1/routes/13575/startlist,
/api/v1/events/1386/result/314,1386,full_results_url,Olympic Games Paris 2024,SPEED Men,finished,2025-10-02 07:18:41 UTC,2026-04-22 08:33:45 UTC,,8796,speed,Qualification,Men,finished,2024-08-08 07:36:30 UTC,/api/v1/category_rounds/8796/results,speed_qualification_paris2024,Qualification (Paris 2024),31,944.0,,speed,finished,2024-09-09 13:23:04 UTC,/api/v1/combined_stages/944/results,13576,A,/api/v1/routes/13576/startlist,
/api/v1/events/1386/result/314,1386,full_results_url,Olympic Games Paris 2024,SPEED Men,finished,2025-10-02 07:18:41 UTC,2026-04-22 08:33:45 UTC,,8796,speed,Qualification,Men,finished,2024-08-08 07:36:30 UTC,/api/v1/category_rounds/8796/results,speed_qualification_paris2024,Qualification (Paris 2024),31,944.0,,speed,finished,2024-09-09 13:23:04 UTC,/api/v1/combined_stages/944/results,13577,B,/api/v1/routes/13577/startlist,
/api/v1/events/1386/result/314,1386,full_results_url,Olympic Games Paris 2024,SPEED Men,finished,2025-10-02 07:18:41 UTC,2026-04-22 08:33:45 UTC,,9185,speed,Final,Men,finished,2024-09-09 13:23:05 UTC,/api/v1/category_rounds/9185/results,speed_elimination_ifsc_2023,IFSC 2023+: Elimination,33,,,,,,,13582,A,/api/v1/routes/13582/startlist,
/api/v1/events/1386/result/314,1386,full_results_url,Olympic Games Paris 2024,SPEED Men,finished,2025-10-02 07:18:41 UTC,2026-04-22 08:33:45 UTC,,9185,speed,Final,Men,finished,2024-09-09 13:23:05 UTC,/api/v1/category_rounds/9185/results,speed_elimination_ifsc_2023,IFSC 2023+: Elimination,33,,,,,,,13583,B,/api/v1/routes/13583/startlist,
/api/v1/events/1386/result/334,1386,full_results_url,Olympic Games Paris 2024,SPEED Women,finished,2025-10-02 07:18:41 UTC,2026-04-22 08:33:48 UTC,,8801,speed,Qualification,Women,finished,2024-08-08 07:36:30 UTC,/api/v1/category_rounds/8801/results,speed_qualification_paris2024,Qualification (Paris 2024),31,945.0,,speed,finished,2024-08-08 07:36:30 UTC,/api/v1/combined_stages/945/results,13578,A,/api/v1/routes/13578/startlist,
/api/v1/events/1386/result/334,1386,full_results_url,Olympic Games Paris 2024,SPEED Women,finished,2025-10-02 07:18:41 UTC,2026-04-22 08:33:48 UTC,,8801,speed,Qualification,Women,finished,2024-08-08 07:36:30 UTC,/api/v1/category_rounds/8801/results,speed_qualification_paris2024,Qualification (Paris 2024),31,945.0,,speed,finished,2024-08-08 07:36:30 UTC,/api/v1/combined_stages/945/results,13579,B,/api/v1/routes/13579/startlist,
/api/v1/events/1386/result/334,1386,full_results_url,Olympic Games Paris 2024,SPEED Women,finished,2025-10-02 07:18:41 UTC,2026-04-22 08:33:48 UTC,,8801,speed,Qualification,Women,finished,2024-08-08 07:36:30 UTC,/api/v1/category_rounds/8801/results,speed_qualification_paris2024,Qualification (Paris 2024),31,946.0,,speed,finished,2024-08-05 12:50:15 UTC,/api/v1/combined_stages/946/results,13580,A,/api/v1/routes/13580/startlist,
/api/v1/events/1386/result/334,1386,full_results_url,Olympic Games Paris 2024,SPEED Women,finished,2025-10-02 07:18:41 UTC,2026-04-22 08:33:48 UTC,,8801,speed,Qualification,Women,finished,2024-08-08 07:36:30 UTC,/api/v1/category_rounds/8801/results,speed_qualification_paris2024,Qualification (Paris 2024),31,946.0,,speed,finished,2024-08-05 12:50:15 UTC,/api/v1/combined_stages/946/results,13581,B,/api/v1/routes/13581/startlist,
/api/v1/events/1386/result/334,1386,full_results_url,Olympic Games Paris 2024,SPEED Women,finished,2025-10-02 07:18:41 UTC,2026-04-22 08:33:48 UTC,,9186,speed,Final,Women,finished,2024-08-07 11:04:20 UTC,/api/v1/category_rounds/9186/results,speed_elimination_ifsc_2023,IFSC 2023+: Elimination,33,,,,,,,13584,A,/api/v1/routes/13584/startlist,
/api/v1/events/1386/result/334,1386,full_results_url,Olympic Games Paris 2024,SPEED Women,finished,2025-10-02 07:18:41 UTC,2026-04-22 08:33:48 UTC,,9186,speed,Final,Women,finished,2024-08-07 11:04:20 UTC,/api/v1/category_rounds/9186/results,speed_elimination_ifsc_2023,IFSC 2023+: Elimination,33,,,,,,,13585,B,/api/v1/routes/13585/startlist,
/api/v1/events/1396/result/9,1396,full_results_url,IFSC Youth World Championships Guiyang 2024,LEAD Juniors Male,finished,2025-10-02 07:18:41 UTC,2026-04-23 12:20:26 UTC,,9001,lead,Qualification,Juniors Male,finished,2024-08-23 06:19:21 UTC,/api/v1/category_rounds/9001/results,lead_one_group_two_routes,IFSC: 2 routes,4,,,,,,,13138,1,/api/v1/routes/13138/startlist,/api/v1/routes/13138/results
/api/v1/events/1396/result/9,1396,full_results_url,IFSC Youth World Championships Guiyang 2024,LEAD Juniors Male,finished,2025-10-02 07:18:41 UTC,2026-04-23 12:20:26 UTC,,9001,lead,Qualification,Juniors Male,finished,2024-08-23 06:19:21 UTC,/api/v1/category_rounds/9001/results,lead_one_group_two_routes,IFSC: 2 routes,4,,,,,,,13139,2,/api/v1/routes/13139/startlist,/api/v1/routes/13139/results
/api/v1/events/1396/result/9,1396,full_results_url,IFSC Youth World Championships Guiyang 2024,LEAD Juniors Male,finished,2025-10-02 07:18:41 UTC,2026-04-23 12:20:26 UTC,,9189,lead,Semi-Final,Juniors Male,finished,2024-08-23 13:44:16 UTC,/api/v1/category_rounds/9189/results,lead_one_group_one_route,IFSC: 1 route,5,,,,,,,13596,1,/api/v1/routes/13596/startlist,/api/v1/routes/13596/results
/api/v1/events/1396/result/9,1396,full_results_url,IFSC Youth World Championships Guiyang 2024,LEAD Juniors Male,finished,2025-10-02 07:18:41 UTC,2026-04-23 12:20:26 UTC,,9195,lead,Final,Juniors Male,finished,2024-08-24 12:59:06 UTC,/api/v1/category_rounds/9195/results,lead_one_group_one_route,IFSC: 1 route,6,,,,,,,13602,1,/api/v1/routes/13602/startlist,/api/v1/routes/13602/results
/api/v1/events/1396/result/13,1396,full_results_url,IFSC Youth World Championships Guiyang 2024,LEAD Youth A Male,finished,2025-10-02 07:18:41 UTC,2026-04-22 08:33:56 UTC,,9002,lead,Qualification,Youth A Male,finished,2024-08-22 07:01:20 UTC,/api/v1/category_rounds/9002/results,lead_one_group_two_routes,IFSC: 2 routes,4,,,,,,,13140,1,/api/v1/routes/13140/startlist,/api/v1/routes/13140/results
/api/v1/events/1396/result/13,1396,full_results_url,IFSC Youth World Championships Guiyang 2024,LEAD Youth A Male,finished,2025-10-02 07:18:41 UTC,2026-04-22 08:33:56 UTC,,9002,lead,Qualification,Youth A Male,finished,2024-08-22 07:01:20 UTC,/api/v1/category_rounds/9002/results,lead_one_group_two_routes,IFSC: 2 routes,4,,,,,,,13141,2,/api/v1/routes/13141/startlist,/api/v1/routes/13141/results
/api/v1/events/1396/result/13,1396,full_results_url,IFSC Youth World Championships Guiyang 2024,LEAD Youth A Male,finished,2025-10-02 07:18:41 UTC,2026-04-22 08:33:56 UTC,,9190,lead,Semi-Final,Youth A Male,finished,2024-08-22 13:32:37 UTC,/api/v1/category_rounds/9190/results,lead_one_group_one_route,IFSC: 1 route,5,,,,,,,13597,1,/api/v1/routes/13597/startlist,/api/v1/routes/13597/results
/api/v1/events/1396/result/13,1396,full_results_url,IFSC Youth World Championships Guiyang 2024,LEAD Youth A Male,finished,2025-10-02 07:18:41 UTC,2026-04-22 08:33:56 UTC,,9196,lead,Final,Youth A Male,finished,2024-08-24 12:01:10 UTC,/api/v1/category_rounds/9196/results,lead_one_group_one_route,IFSC: 1 route,6,,,,,,,13603,1,/api/v1/routes/13603/startlist,/api/v1/routes/13603/results
/api/v1/events/1396/result/17,1396,full_results_url,IFSC Youth World Championships Guiyang 2024,LEAD Youth B Male,finished,2025-10-02 07:18:42 UTC,2026-04-22 08:33:59 UTC,,9003,lead,Qualification,Youth B Male,finished,2024-08-24 05:12:32 UTC,/api/v1/category_rounds/9003/results,lead_one_group_two_routes,IFSC: 2 routes,4,,,,,,,13142,1,/api/v1/routes/13142/startlist,/api/v1/routes/13142/results
/api/v1/events/1396/result/17,1396,full_results_url,IFSC Youth World Championships Guiyang 2024,LEAD Youth B Male,finished,2025-10-02 07:18:42 UTC,2026-04-22 08:33:59 UTC,,9003,lead,Qualification,Youth B Male,finished,2024-08-24 05:12:32 UTC,/api/v1/category_rounds/9003/results,lead_one_group_two_routes,IFSC: 2 routes,4,,,,,,,13143,2,/api/v1/routes/13143/startlist,/api/v1/routes/13143/results
/api/v1/events/1396/result/17,1396,full_results_url,IFSC Youth World Championships Guiyang 2024,LEAD Youth B Male,finished,2025-10-02 07:18:42 UTC,2026-04-22 08:33:59 UTC,,9191,lead,Semi-Final,Youth B Male,finished,2024-08-25 03:49:47 UTC,/api/v1/category_rounds/9191/results,lead_one_group_one_route,IFSC: 1 route,5,,,,,,,13598,1,/api/v1/routes/13598/startlist,/api/v1/routes/13598/results
/api/v1/events/1396/result/17,1396,full_results_url,IFSC Youth World Championships Guiyang 2024,LEAD Youth B Male,finished,2025-10-02 07:18:42 UTC,2026-04-22 08:33:59 UTC,,9197,lead,Final,Youth B Male,finished,2024-08-25 11:58:14 UTC,/api/v1/category_rounds/9197/results,lead_one_group_one_route,IFSC: 1 route,6,,,,,,,13604,1,/api/v1/routes/13604/startlist,/api/v1/routes/13604/results
/api/v1/events/1396/result/25,1396,full_results_url,IFSC Youth World Championships Guiyang 2024,LEAD Juniors Female,finished,2025-10-02 07:18:41 UTC,2026-04-22 08:34:03 UTC,,9004,lead,Qualification,Juniors Female,finished,2024-08-23 05:50:22 UTC,/api/v1/category_rounds/9004/results,lead_one_group_two_routes,IFSC: 2 routes,4,,,,,,,13144,1,/api/v1/routes/13144/startlist,/api/v1/routes/13144/results
/api/v1/events/1396/result/25,1396,full_results_url,IFSC Youth World Championships Guiyang 2024,LEAD Juniors Female,finished,2025-10-02 07:18:41 UTC,2026-04-22 08:34:03 UTC,,9004,lead,Qualification,Juniors Female,finished,2024-08-23 05:50:22 UTC,/api/v1/category_rounds/9004/results,lead_one_group_two_routes,IFSC: 2 routes,4,,,,,,,13145,2,/api/v1/routes/13145/startlist,/api/v1/routes/13145/results
/api/v1/events/1396/result/25,1396,full_results_url,IFSC Youth World Championships Guiyang 2024,LEAD Juniors Female,finished,2025-10-02 07:18:41 UTC,2026-04-22 08:34:03 UTC,,9192,lead,Semi-Final,Juniors Female,finished,2024-08-23 13:32:58 UTC,/api/v1/category_rounds/9192/results,lead_one_group_one_route,IFSC: 1 route,5,,,,,,,13599,1,/api/v1/routes/13599/startlist,/api/v1/routes/13599/results
/api/v1/events/1396/result/25,1396,full_results_url,IFSC Youth World Championships Guiyang 2024,LEAD Juniors Female,finished,2025-10-02 07:18:41 UTC,2026-04-22 08:34:03 UTC,,9198,lead,Final,Juniors Female,finished,2024-08-24 12:50:16 UTC,/api/v1/category_rounds/9198/results,lead_one_group_one_route,IFSC: 1 route,6,,,,,,,13605,1,/api/v1/routes/13605/startlist,/api/v1/routes/13605/results
/api/v1/events/1396/result/29,1396,full_results_url,IFSC Youth World Championships Guiyang 2024,LEAD Youth A Female,finished,2025-10-02 07:18:41 UTC,2026-04-22 08:34:06 UTC,,9005,lead,Qualification,Youth A Female,finished,2024-08-22 06:49:24 UTC,/api/v1/category_rounds/9005/results,lead_one_group_two_routes,IFSC: 2 routes,4,,,,,,,13146,1,/api/v1/routes/13146/startlist,/api/v1/routes/13146/results
/api/v1/events/1396/result/29,1396,full_results_url,IFSC Youth World Championships Guiyang 2024,LEAD Youth A Female,finished,2025-10-02 07:18:41 UTC,2026-04-22 08:34:06 UTC,,9005,lead,Qualification,Youth A Female,finished,2024-08-22 06:49:24 UTC,/api/v1/category_rounds/9005/results,lead_one_group_two_routes,IFSC: 2 routes,4,,,,,,,13147,2,/api/v1/routes/13147/startlist,/api/v1/routes/13147/results
/api/v1/events/1396/result/29,1396,full_results_url,IFSC Youth World Championships Guiyang 2024,LEAD Youth A Female,finished,2025-10-02 07:18:41 UTC,2026-04-22 08:34:06 UTC,,9193,lead,Semi-Final,Youth A Female,finished,2024-08-22 14:28:07 UTC,/api/v1/category_rounds/9193/results,lead_one_group_one_route,IFSC: 1 route,5,,,,,,,13600,1,/api/v1/routes/13600/startlist,/api/v1/routes/13600/results
/api/v1/events/1396/result/29,1396,full_results_url,IFSC Youth World Championships Guiyang 2024,LEAD Youth A Female,finished,2025-10-02 07:18:41 UTC,2026-04-22 08:34:06 UTC,,9199,lead,Final,Youth A Female,finished,2024-08-24 12:02:50 UTC,/api/v1/category_rounds/9199/results,lead_one_group_one_route,IFSC: 1 route,6,,,,,,,13606,1,/api/v1/routes/13606/startlist,/api/v1/routes/13606/results
/api/v1/events/1396/result/33,1396,full_results_url,IFSC Youth World Championships Guiyang 2024,LEAD Youth B Female,finished,2025-10-02 07:18:41 UTC,2026-04-22 08:34:10 UTC,,9006,lead,Qualification,Youth B Female,finished,2024-08-24 05:09:45 UTC,/api/v1/category_rounds/9006/results,lead_one_group_two_routes,IFSC: 2 routes,4,,,,,,,13148,1,/api/v1/routes/13148/startlist,/api/v1/routes/13148/results
/api/v1/events/1396/result/33,1396,full_results_url,IFSC Youth World Championships Guiyang 2024,LEAD Youth B Female,finished,2025-10-02 07:18:41 UTC,2026-04-22 08:34:10 UTC,,9006,lead,Qualification,Youth B Female,finished,2024-08-24 05:09:45 UTC,/api/v1/category_rounds/9006/results,lead_one_group_two_routes,IFSC: 2 routes,4,,,,,,,13149,2,/api/v1/routes/13149/startlist,/api/v1/routes/13149/results
/api/v1/events/1396/result/33,1396,full_results_url,IFSC Youth World Championships Guiyang 2024,LEAD Youth B Female,finished,2025-10-02 07:18:41 UTC,2026-04-22 08:34:10 UTC,,9194,lead,Semi-Final,Youth B Female,finished,2024-08-25 03:51:39 UTC,/api/v1/category_rounds/9194/results,lead_one_group_one_route,IFSC: 1 route,5,,,,,,,13601,1,/api/v1/routes/13601/startlist,/api/v1/routes/13601/results
/api/v1/events/1396/result/33,1396,full_results_url,IFSC Youth World Championships Guiyang 2024,LEAD Youth B Female,finished,2025-10-02 07:18:41 UTC,2026-04-22 08:34:10 UTC,,9200,lead,Final,Youth B Female,finished,2024-08-25 12:03:40 UTC,/api/v1/category_rounds/9200/results,lead_one_group_one_route,IFSC: 1 route,6,,,,,,,13607,1,/api/v1/routes/13607/startlist,/api/v1/routes/13607/results
/api/v1/events/1396/result/10,1396,full_results_url,IFSC Youth World Championships Guiyang 2024,SPEED Juniors Male,finished,2025-10-02 07:18:42 UTC,2026-04-22 08:34:13 UTC,,9007,speed,Qualification,Juniors Male,finished,2024-08-30 11:32:34 UTC,/api/v1/category_rounds/9007/results,speed_staggered,IFSC: Qualification,4,,,,,,,13150,A,/api/v1/routes/13150/startlist,
/api/v1/events/1396/result/10,1396,full_results_url,IFSC Youth World Championships Guiyang 2024,SPEED Juniors Male,finished,2025-10-02 07:18:42 UTC,2026-04-22 08:34:13 UTC,,9007,speed,Qualification,Juniors Male,finished,2024-08-30 11:32:34 UTC,/api/v1/category_rounds/9007/results,speed_staggered,IFSC: Qualification,4,,,,,,,13151,B,/api/v1/routes/13151/startlist,
/api/v1/events/1396/result/10,1396,full_results_url,IFSC Youth World Championships Guiyang 2024,SPEED Juniors Male,finished,2025-10-02 07:18:42 UTC,2026-04-22 08:34:13 UTC,,9201,speed,Final,Juniors Male,finished,2024-08-30 12:54:23 UTC,/api/v1/category_rounds/9201/results,speed_elimination_ifsc_2023,IFSC 2023+: Elimination,6,,,,,,,13608,A,/api/v1/routes/13608/startlist,
/api/v1/events/1396/result/10,1396,full_results_url,IFSC Youth World Championships Guiyang 2024,SPEED Juniors Male,finished,2025-10-02 07:18:42 UTC,2026-04-22 08:34:13 UTC,,9201,speed,Final,Juniors Male,finished,2024-08-30 12:54:23 UTC,/api/v1/category_rounds/9201/results,speed_elimination_ifsc_2023,IFSC 2023+: Elimination,6,,,,,,,13609,B,/api/v1/routes/13609/startlist,
/api/v1/events/1396/result/14,1396,full_results_url,IFSC Youth World Championships Guiyang 2024,SPEED Youth A Male,finished,2025-10-02 07:18:42 UTC,2026-04-22 08:34:17 UTC,,9008,speed,Qualification,Youth A Male,finished,2024-08-28 11:32:13 UTC,/api/v1/category_rounds/9008/results,speed_staggered,IFSC: Qualification,4,,,,,,,13152,A,/api/v1/routes/13152/startlist,
/api/v1/events/1396/result/14,1396,full_results_url,IFSC Youth World Championships Guiyang 2024,SPEED Youth A Male,finished,2025-10-02 07:18:42 UTC,2026-04-22 08:34:17 UTC,,9008,speed,Qualification,Youth A Male,finished,2024-08-28 11:32:13 UTC,/api/v1/category_rounds/9008/results,speed_staggered,IFSC: Qualification,4,,,,,,,13153,B,/api/v1/routes/13153/startlist,
/api/v1/events/1396/result/14,1396,full_results_url,IFSC Youth World Championships Guiyang 2024,SPEED Youth A Male,finished,2025-10-02 07:18:42 UTC,2026-04-22 08:34:17 UTC,,9202,speed,Final,Youth A Male,finished,2024-08-28 12:45:46 UTC,/api/v1/category_rounds/9202/results,speed_elimination_ifsc_2023,IFSC 2023+: Elimination,6,,,,,,,13610,A,/api/v1/routes/13610/startlist,
/api/v1/events/1396/result/14,1396,full_results_url,IFSC Youth World Championships Guiyang 2024,SPEED Youth A Male,finished,2025-10-02 07:18:42 UTC,2026-04-22 08:34:17 UTC,,9202,speed,Final,Youth A Male,finished,2024-08-28 12:45:46 UTC,/api/v1/category_rounds/9202/results,speed_elimination_ifsc_2023,IFSC 2023+: Elimination,6,,,,,,,13611,B,/api/v1/routes/13611/startlist,
/api/v1/events/1396/result/18,1396,full_results_url,IFSC Youth World Championships Guiyang 2024,SPEED Youth B Male,finished,2025-10-02 07:18:42 UTC,2026-04-22 08:34:20 UTC,,9009,speed,Qualification,Youth B Male,finished,2024-08-29 07:52:55 UTC,/api/v1/category_rounds/9009/results,speed_staggered,IFSC: Qualification,4,,,,,,,13154,A,/api/v1/routes/13154/startlist,
/api/v1/events/1396/result/18,1396,full_results_url,IFSC Youth World Championships Guiyang 2024,SPEED Youth B Male,finished,2025-10-02 07:18:42 UTC,2026-04-22 08:34:20 UTC,,9009,speed,Qualification,Youth B Male,finished,2024-08-29 07:52:55 UTC,/api/v1/category_rounds/9009/results,speed_staggered,IFSC: Qualification,4,,,,,,,13155,B,/api/v1/routes/13155/startlist,
/api/v1/events/1396/result/18,1396,full_results_url,IFSC Youth World Championships Guiyang 2024,SPEED Youth B Male,finished,2025-10-02 07:18:42 UTC,2026-04-22 08:34:20 UTC,,9203,speed,Final,Youth B Male,finished,2024-08-29 09:20:11 UTC,/api/v1/category_rounds/9203/results,speed_elimination_ifsc_2023,IFSC 2023+: Elimination,6,,,,,,,13612,A,/api/v1/routes/13612/startlist,
/api/v1/events/1396/result/18,1396,full_results_url,IFSC Youth World Championships Guiyang 2024,SPEED Youth B Male,finished,2025-10-02 07:18:42 UTC,2026-04-22 08:34:20 UTC,,9203,speed,Final,Youth B Male,finished,2024-08-29 09:20:11 UTC,/api/v1/category_rounds/9203/results,speed_elimination_ifsc_2023,IFSC 2023+: Elimination,6,,,,,,,13613,B,/api/v1/routes/13613/startlist,
/api/v1/events/1396/result/26,1396,full_results_url,IFSC Youth World Championships Guiyang 2024,SPEED Juniors Female,finished,2025-10-02 07:18:42 UTC,2026-04-22 08:34:24 UTC,,9010,speed,Qualification,Juniors Female,finished,2024-08-30 10:42:26 UTC,/api/v1/category_rounds/9010/results,speed_staggered,IFSC: Qualification,4,,,,,,,13156,A,/api/v1/routes/13156/startlist,
/api/v1/events/1396/result/26,1396,full_results_url,IFSC Youth World Championships Guiyang 2024,SPEED Juniors Female,finished,2025-10-02 07:18:42 UTC,2026-04-22 08:34:24 UTC,,9010,speed,Qualification,Juniors Female,finished,2024-08-30 10:42:26 UTC,/api/v1/category_rounds/9010/results,speed_staggered,IFSC: Qualification,4,,,,,,,13157,B,/api/v1/routes/13157/startlist,
/api/v1/events/1396/result/26,1396,full_results_url,IFSC Youth World Championships Guiyang 2024,SPEED Juniors Female,finished,2025-10-02 07:18:42 UTC,2026-04-22 08:34:24 UTC,,9204,speed,Final,Juniors Female,finished,2024-08-30 12:52:44 UTC,/api/v1/category_rounds/9204/results,speed_elimination_ifsc_2023,IFSC 2023+: Elimination,6,,,,,,,13614,A,/api/v1/routes/13614/startlist,
/api/v1/events/1396/result/26,1396,full_results_url,IFSC Youth World Championships Guiyang 2024,SPEED Juniors Female,finished,2025-10-02 07:18:42 UTC,2026-04-22 08:34:24 UTC,,9204,speed,Final,Juniors Female,finished,2024-08-30 12:52:44 UTC,/api/v1/category_rounds/9204/results,speed_elimination_ifsc_2023,IFSC 2023+: Elimination,6,,,,,,,13615,B,/api/v1/routes/13615/startlist,
/api/v1/events/1396/result/30,1396,full_results_url,IFSC Youth World Championships Guiyang 2024,SPEED Youth A Female,finished,2025-10-02 07:18:42 UTC,2026-04-22 08:34:27 UTC,,9011,speed,Qualification,Youth A Female,finished,2024-08-28 10:44:35 UTC,/api/v1/category_rounds/9011/results,speed_staggered,IFSC: Qualification,4,,,,,,,13158,A,/api/v1/routes/13158/startlist,
/api/v1/events/1396/result/30,1396,full_results_url,IFSC Youth World Championships Guiyang 2024,SPEED Youth A Female,finished,2025-10-02 07:18:42 UTC,2026-04-22 08:34:27 UTC,,9011,speed,Qualification,Youth A Female,finished,2024-08-28 10:44:35 UTC,/api/v1/category_rounds/9011/results,speed_staggered,IFSC: Qualification,4,,,,,,,13159,B,/api/v1/routes/13159/startlist,
/api/v1/events/1396/result/30,1396,full_results_url,IFSC Youth World Championships Guiyang 2024,SPEED Youth A Female,finished,2025-10-02 07:18:42 UTC,2026-04-22 08:34:27 UTC,,9205,speed,Final,Youth A Female,finished,2024-08-28 12:44:33 UTC,/api/v1/category_rounds/9205/results,speed_elimination_ifsc_2023,IFSC 2023+: Elimination,6,,,,,,,13616,A,/api/v1/routes/13616/startlist,
/api/v1/events/1396/result/30,1396,full_results_url,IFSC Youth World Championships Guiyang 2024,SPEED Youth A Female,finished,2025-10-02 07:18:42 UTC,2026-04-22 08:34:27 UTC,,9205,speed,Final,Youth A Female,finished,2024-08-28 12:44:33 UTC,/api/v1/category_rounds/9205/results,speed_elimination_ifsc_2023,IFSC 2023+: Elimination,6,,,,,,,13617,B,/api/v1/routes/13617/startlist,
/api/v1/events/1396/result/34,1396,full_results_url,IFSC Youth World Championships Guiyang 2024,SPEED Youth B Female,finished,2025-10-02 07:18:42 UTC,2026-04-22 08:34:30 UTC,,9012,speed,Qualification,Youth B Female,finished,2024-08-29 07:13:22 UTC,/api/v1/category_rounds/9012/results,speed_staggered,IFSC: Qualification,4,,,,,,,13160,A,/api/v1/routes/13160/startlist,
/api/v1/events/1396/result/34,1396,full_results_url,IFSC Youth World Championships Guiyang 2024,SPEED Youth B Female,finished,2025-10-02 07:18:42 UTC,2026-04-22 08:34:30 UTC,,9012,speed,Qualification,Youth B Female,finished,2024-08-29 07:13:22 UTC,/api/v1/category_rounds/9012/results,speed_staggered,IFSC: Qualification,4,,,,,,,13161,B,/api/v1/routes/13161/startlist,
/api/v1/events/1396/result/34,1396,full_results_url,IFSC Youth World Championships Guiyang 2024,SPEED Youth B Female,finished,2025-10-02 07:18:42 UTC,2026-04-22 08:34:30 UTC,,9206,speed,Final,Youth B Female,finished,2024-08-29 09:18:51 UTC,/api/v1/category_rounds/9206/results,speed_elimination_ifsc_2023,IFSC 2023+: Elimination,6,,,,,,,13618,A,/api/v1/routes/13618/startlist,
/api/v1/events/1396/result/34,1396,full_results_url,IFSC Youth World Championships Guiyang 2024,SPEED Youth B Female,finished,2025-10-02 07:18:42 UTC,2026-04-22 08:34:30 UTC,,9206,speed,Final,Youth B Female,finished,2024-08-29 09:18:51 UTC,/api/v1/category_rounds/9206/results,speed_elimination_ifsc_2023,IFSC 2023+: Elimination,6,,,,,,,13619,B,/api/v1/routes/13619/startlist,
/api/v1/events/1396/result/11,1396,full_results_url,IFSC Youth World Championships Guiyang 2024,BOULDER Juniors Male,finished,2025-10-02 07:18:42 UTC,2026-04-22 08:34:34 UTC,,9013,boulder,Qualification,Juniors Male,finished,2024-08-28 06:01:33 UTC,/api/v1/category_rounds/9013/results,boulder_one_group_two_courses,Custom: 2 courses,4,,,,,,,13620,A1,/api/v1/routes/13620/startlist,
/api/v1/events/1396/result/11,1396,full_results_url,IFSC Youth World Championships Guiyang 2024,BOULDER Juniors Male,finished,2025-10-02 07:18:42 UTC,2026-04-22 08:34:34 UTC,,9013,boulder,Qualification,Juniors Male,finished,2024-08-28 06:01:33 UTC,/api/v1/category_rounds/9013/results,boulder_one_group_two_courses,Custom: 2 courses,4,,,,,,,13621,A2,/api/v1/routes/13621/startlist,
/api/v1/events/1396/result/11,1396,full_results_url,IFSC Youth World Championships Guiyang 2024,BOULDER Juniors Male,finished,2025-10-02 07:18:42 UTC,2026-04-22 08:34:34 UTC,,9013,boulder,Qualification,Juniors Male,finished,2024-08-28 06:01:33 UTC,/api/v1/category_rounds/9013/results,boulder_one_group_two_courses,Custom: 2 courses,4,,,,,,,13622,A3,/api/v1/routes/13622/startlist,
/api/v1/events/1396/result/11,1396,full_results_url,IFSC Youth World Championships Guiyang 2024,BOULDER Juniors Male,finished,2025-10-02 07:18:42 UTC,2026-04-22 08:34:34 UTC,,9013,boulder,Qualification,Juniors Male,finished,2024-08-28 06:01:33 UTC,/api/v1/category_rounds/9013/results,boulder_one_group_two_courses,Custom: 2 courses,4,,,,,,,13623,B1,/api/v1/routes/13623/startlist,
/api/v1/events/1396/result/11,1396,full_results_url,IFSC Youth World Championships Guiyang 2024,BOULDER Juniors Male,finished,2025-10-02 07:18:42 UTC,2026-04-22 08:34:34 UTC,,9013,boulder,Qualification,Juniors Male,finished,2024-08-28 06:01:33 UTC,/api/v1/category_rounds/9013/results,boulder_one_group_two_courses,Custom: 2 courses,4,,,,,,,13624,B2,/api/v1/routes/13624/startlist,
/api/v1/events/1396/result/11,1396,full_results_url,IFSC Youth World Championships Guiyang 2024,BOULDER Juniors Male,finished,2025-10-02 07:18:42 UTC,2026-04-22 08:34:34 UTC,,9013,boulder,Qualification,Juniors Male,finished,2024-08-28 06:01:33 UTC,/api/v1/category_rounds/9013/results,boulder_one_group_two_courses,Custom: 2 courses,4,,,,,,,13625,B3,/api/v1/routes/13625/startlist,
/api/v1/events/1396/result/11,1396,full_results_url,IFSC Youth World Championships Guiyang 2024,BOULDER Juniors Male,finished,2025-10-02 07:18:42 UTC,2026-04-22 08:34:34 UTC,,9207,boulder,Semi-Final,Juniors Male,finished,2024-08-29 03:19:53 UTC,/api/v1/category_rounds/9207/results,boulder_one_group_one_boulder_set,IFSC: 1 group,5,,,,,,,13656,1,/api/v1/routes/13656/startlist,
/api/v1/events/1396/result/11,1396,full_results_url,IFSC Youth World Championships Guiyang 2024,BOULDER Juniors Male,finished,2025-10-02 07:18:42 UTC,2026-04-22 08:34:34 UTC,,9207,boulder,Semi-Final,Juniors Male,finished,2024-08-29 03:19:53 UTC,/api/v1/category_rounds/9207/results,boulder_one_group_one_boulder_set,IFSC: 1 group,5,,,,,,,13657,2,/api/v1/routes/13657/startlist,
/api/v1/events/1396/result/11,1396,full_results_url,IFSC Youth World Championships Guiyang 2024,BOULDER Juniors Male,finished,2025-10-02 07:18:42 UTC,2026-04-22 08:34:34 UTC,,9207,boulder,Semi-Final,Juniors Male,finished,2024-08-29 03:19:53 UTC,/api/v1/category_rounds/9207/results,boulder_one_group_one_boulder_set,IFSC: 1 group,5,,,,,,,13658,3,/api/v1/routes/13658/startlist,
/api/v1/events/1396/result/11,1396,full_results_url,IFSC Youth World Championships Guiyang 2024,BOULDER Juniors Male,finished,2025-10-02 07:18:42 UTC,2026-04-22 08:34:34 UTC,,9207,boulder,Semi-Final,Juniors Male,finished,2024-08-29 03:19:53 UTC,/api/v1/category_rounds/9207/results,boulder_one_group_one_boulder_set,IFSC: 1 group,5,,,,,,,13659,4,/api/v1/routes/13659/startlist,
/api/v1/events/1396/result/11,1396,full_results_url,IFSC Youth World Championships Guiyang 2024,BOULDER Juniors Male,finished,2025-10-02 07:18:42 UTC,2026-04-22 08:34:34 UTC,,9213,boulder,Final,Juniors Male,finished,2024-08-29 12:42:13 UTC,/api/v1/category_rounds/9213/results,boulder_finals_one_by_one,IFSC: Finals,6,,,,,,,13680,1,/api/v1/routes/13680/startlist,
/api/v1/events/1396/result/11,1396,full_results_url,IFSC Youth World Championships Guiyang 2024,BOULDER Juniors Male,finished,2025-10-02 07:18:42 UTC,2026-04-22 08:34:34 UTC,,9213,boulder,Final,Juniors Male,finished,2024-08-29 12:42:13 UTC,/api/v1/category_rounds/9213/results,boulder_finals_one_by_one,IFSC: Finals,6,,,,,,,13681,2,/api/v1/routes/13681/startlist,
/api/v1/events/1396/result/11,1396,full_results_url,IFSC Youth World Championships Guiyang 2024,BOULDER Juniors Male,finished,2025-10-02 07:18:42 UTC,2026-04-22 08:34:34 UTC,,9213,boulder,Final,Juniors Male,finished,2024-08-29 12:42:13 UTC,/api/v1/category_rounds/9213/results,boulder_finals_one_by_one,IFSC: Finals,6,,,,,,,13682,3,/api/v1/routes/13682/startlist,
/api/v1/events/1396/result/11,1396,full_results_url,IFSC Youth World Championships Guiyang 2024,BOULDER Juniors Male,finished,2025-10-02 07:18:42 UTC,2026-04-22 08:34:34 UTC,,9213,boulder,Final,Juniors Male,finished,2024-08-29 12:42:13 UTC,/api/v1/category_rounds/9213/results,boulder_finals_one_by_one,IFSC: Finals,6,,,,,,,13683,4,/api/v1/routes/13683/startlist,
/api/v1/events/1396/result/15,1396,full_results_url,IFSC Youth World Championships Guiyang 2024,BOULDER Youth A Male,finished,2025-10-02 07:18:42 UTC,2026-04-22 08:34:38 UTC,,9014,boulder,Qualification,Youth A Male,finished,2024-08-26 06:53:03 UTC,/api/v1/category_rounds/9014/results,boulder_one_group_two_courses,Custom: 2 courses,4,,,,,,,13626,A1,/api/v1/routes/13626/startlist,
/api/v1/events/1396/result/15,1396,full_results_url,IFSC Youth World Championships Guiyang 2024,BOULDER Youth A Male,finished,2025-10-02 07:18:42 UTC,2026-04-22 08:34:38 UTC,,9014,boulder,Qualification,Youth A Male,finished,2024-08-26 06:53:03 UTC,/api/v1/category_rounds/9014/results,boulder_one_group_two_courses,Custom: 2 courses,4,,,,,,,13627,A2,/api/v1/routes/13627/startlist,
/api/v1/events/1396/result/15,1396,full_results_url,IFSC Youth World Championships Guiyang 2024,BOULDER Youth A Male,finished,2025-10-02 07:18:42 UTC,2026-04-22 08:34:38 UTC,,9014,boulder,Qualification,Youth A Male,finished,2024-08-26 06:53:03 UTC,/api/v1/category_rounds/9014/results,boulder_one_group_two_courses,Custom: 2 courses,4,,,,,,,13628,A3,/api/v1/routes/13628/startlist,
/api/v1/events/1396/result/15,1396,full_results_url,IFSC Youth World Championships Guiyang 2024,BOULDER Youth A Male,finished,2025-10-02 07:18:42 UTC,2026-04-22 08:34:38 UTC,,9014,boulder,Qualification,Youth A Male,finished,2024-08-26 06:53:03 UTC,/api/v1/category_rounds/9014/results,boulder_one_group_two_courses,Custom: 2 courses,4,,,,,,,13629,B1,/api/v1/routes/13629/startlist,
/api/v1/events/1396/result/15,1396,full_results_url,IFSC Youth World Championships Guiyang 2024,BOULDER Youth A Male,finished,2025-10-02 07:18:42 UTC,2026-04-22 08:34:38 UTC,,9014,boulder,Qualification,Youth A Male,finished,2024-08-26 06:53:03 UTC,/api/v1/category_rounds/9014/results,boulder_one_group_two_courses,Custom: 2 courses,4,,,,,,,13630,B2,/api/v1/routes/13630/startlist,
/api/v1/events/1396/result/15,1396,full_results_url,IFSC Youth World Championships Guiyang 2024,BOULDER Youth A Male,finished,2025-10-02 07:18:42 UTC,2026-04-22 08:34:38 UTC,,9014,boulder,Qualification,Youth A Male,finished,2024-08-26 06:53:03 UTC,/api/v1/category_rounds/9014/results,boulder_one_group_two_courses,Custom: 2 courses,4,,,,,,,13631,B3,/api/v1/routes/13631/startlist,
/api/v1/events/1396/result/15,1396,full_results_url,IFSC Youth World Championships Guiyang 2024,BOULDER Youth A Male,finished,2025-10-02 07:18:42 UTC,2026-04-22 08:34:38 UTC,,9208,boulder,Semi-Final,Youth A Male,finished,2024-08-27 03:17:42 UTC,/api/v1/category_rounds/9208/results,boulder_one_group_one_boulder_set,IFSC: 1 group,5,,,,,,,13660,1,/api/v1/routes/13660/startlist,
/api/v1/events/1396/result/15,1396,full_results_url,IFSC Youth World Championships Guiyang 2024,BOULDER Youth A Male,finished,2025-10-02 07:18:42 UTC,2026-04-22 08:34:38 UTC,,9208,boulder,Semi-Final,Youth A Male,finished,2024-08-27 03:17:42 UTC,/api/v1/category_rounds/9208/results,boulder_one_group_one_boulder_set,IFSC: 1 group,5,,,,,,,13661,2,/api/v1/routes/13661/startlist,
/api/v1/events/1396/result/15,1396,full_results_url,IFSC Youth World Championships Guiyang 2024,BOULDER Youth A Male,finished,2025-10-02 07:18:42 UTC,2026-04-22 08:34:38 UTC,,9208,boulder,Semi-Final,Youth A Male,finished,2024-08-27 03:17:42 UTC,/api/v1/category_rounds/9208/results,boulder_one_group_one_boulder_set,IFSC: 1 group,5,,,,,,,13662,3,/api/v1/routes/13662/startlist,
/api/v1/events/1396/result/15,1396,full_results_url,IFSC Youth World Championships Guiyang 2024,BOULDER Youth A Male,finished,2025-10-02 07:18:42 UTC,2026-04-22 08:34:38 UTC,,9208,boulder,Semi-Final,Youth A Male,finished,2024-08-27 03:17:42 UTC,/api/v1/category_rounds/9208/results,boulder_one_group_one_boulder_set,IFSC: 1 group,5,,,,,,,13663,4,/api/v1/routes/13663/startlist,
/api/v1/events/1396/result/15,1396,full_results_url,IFSC Youth World Championships Guiyang 2024,BOULDER Youth A Male,finished,2025-10-02 07:18:42 UTC,2026-04-22 08:34:38 UTC,,9214,boulder,Final,Youth A Male,finished,2024-08-27 12:54:38 UTC,/api/v1/category_rounds/9214/results,boulder_finals_one_by_one,IFSC: Finals,6,,,,,,,13684,1,/api/v1/routes/13684/startlist,
/api/v1/events/1396/result/15,1396,full_results_url,IFSC Youth World Championships Guiyang 2024,BOULDER Youth A Male,finished,2025-10-02 07:18:42 UTC,2026-04-22 08:34:38 UTC,,9214,boulder,Final,Youth A Male,finished,2024-08-27 12:54:38 UTC,/api/v1/category_rounds/9214/results,boulder_finals_one_by_one,IFSC: Finals,6,,,,,,,13685,2,/api/v1/routes/13685/startlist,
/api/v1/events/1396/result/15,1396,full_results_url,IFSC Youth World Championships Guiyang 2024,BOULDER Youth A Male,finished,2025-10-02 07:18:42 UTC,2026-04-22 08:34:38 UTC,,9214,boulder,Final,Youth A Male,finished,2024-08-27 12:54:38 UTC,/api/v1/category_rounds/9214/results,boulder_finals_one_by_one,IFSC: Finals,6,,,,,,,13686,3,/api/v1/routes/13686/startlist,
/api/v1/events/1396/result/15,1396,full_results_url,IFSC Youth World Championships Guiyang 2024,BOULDER Youth A Male,finished,2025-10-02 07:18:42 UTC,2026-04-22 08:34:38 UTC,,9214,boulder,Final,Youth A Male,finished,2024-08-27 12:54:38 UTC,/api/v1/category_rounds/9214/results,boulder_finals_one_by_one,IFSC: Finals,6,,,,,,,13687,4,/api/v1/routes/13687/startlist,
/api/v1/events/1396/result/19,1396,full_results_url,IFSC Youth World Championships Guiyang 2024,BOULDER Youth B Male,finished,2025-10-02 07:18:42 UTC,2026-04-22 08:34:42 UTC,,9015,boulder,Qualification,Youth B Male,finished,2024-08-30 05:14:13 UTC,/api/v1/category_rounds/9015/results,boulder_one_group_two_courses,Custom: 2 courses,4,,,,,,,13632,A1,/api/v1/routes/13632/startlist,
/api/v1/events/1396/result/19,1396,full_results_url,IFSC Youth World Championships Guiyang 2024,BOULDER Youth B Male,finished,2025-10-02 07:18:42 UTC,2026-04-22 08:34:42 UTC,,9015,boulder,Qualification,Youth B Male,finished,2024-08-30 05:14:13 UTC,/api/v1/category_rounds/9015/results,boulder_one_group_two_courses,Custom: 2 courses,4,,,,,,,13633,A2,/api/v1/routes/13633/startlist,
/api/v1/events/1396/result/19,1396,full_results_url,IFSC Youth World Championships Guiyang 2024,BOULDER Youth B Male,finished,2025-10-02 07:18:42 UTC,2026-04-22 08:34:42 UTC,,9015,boulder,Qualification,Youth B Male,finished,2024-08-30 05:14:13 UTC,/api/v1/category_rounds/9015/results,boulder_one_group_two_courses,Custom: 2 courses,4,,,,,,,13634,A3,/api/v1/routes/13634/startlist,
/api/v1/events/1396/result/19,1396,full_results_url,IFSC Youth World Championships Guiyang 2024,BOULDER Youth B Male,finished,2025-10-02 07:18:42 UTC,2026-04-22 08:34:42 UTC,,9015,boulder,Qualification,Youth B Male,finished,2024-08-30 05:14:13 UTC,/api/v1/category_rounds/9015/results,boulder_one_group_two_courses,Custom: 2 courses,4,,,,,,,13635,B1,/api/v1/routes/13635/startlist,
/api/v1/events/1396/result/19,1396,full_results_url,IFSC Youth World Championships Guiyang 2024,BOULDER Youth B Male,finished,2025-10-02 07:18:42 UTC,2026-04-22 08:34:42 UTC,,9015,boulder,Qualification,Youth B Male,finished,2024-08-30 05:14:13 UTC,/api/v1/category_rounds/9015/results,boulder_one_group_two_courses,Custom: 2 courses,4,,,,,,,13636,B2,/api/v1/routes/13636/startlist,
/api/v1/events/1396/result/19,1396,full_results_url,IFSC Youth World Championships Guiyang 2024,BOULDER Youth B Male,finished,2025-10-02 07:18:42 UTC,2026-04-22 08:34:42 UTC,,9015,boulder,Qualification,Youth B Male,finished,2024-08-30 05:14:13 UTC,/api/v1/category_rounds/9015/results,boulder_one_group_two_courses,Custom: 2 courses,4,,,,,,,13637,B3,/api/v1/routes/13637/startlist,
/api/v1/events/1396/result/19,1396,full_results_url,IFSC Youth World Championships Guiyang 2024,BOULDER Youth B Male,finished,2025-10-02 07:18:42 UTC,2026-04-22 08:34:42 UTC,,9209,boulder,Semi-Final,Youth B Male,finished,2024-08-31 03:21:01 UTC,/api/v1/category_rounds/9209/results,boulder_one_group_one_boulder_set,IFSC: 1 group,5,,,,,,,13664,1,/api/v1/routes/13664/startlist,
/api/v1/events/1396/result/19,1396,full_results_url,IFSC Youth World Championships Guiyang 2024,BOULDER Youth B Male,finished,2025-10-02 07:18:42 UTC,2026-04-22 08:34:42 UTC,,9209,boulder,Semi-Final,Youth B Male,finished,2024-08-31 03:21:01 UTC,/api/v1/category_rounds/9209/results,boulder_one_group_one_boulder_set,IFSC: 1 group,5,,,,,,,13665,2,/api/v1/routes/13665/startlist,
/api/v1/events/1396/result/19,1396,full_results_url,IFSC Youth World Championships Guiyang 2024,BOULDER Youth B Male,finished,2025-10-02 07:18:42 UTC,2026-04-22 08:34:42 UTC,,9209,boulder,Semi-Final,Youth B Male,finished,2024-08-31 03:21:01 UTC,/api/v1/category_rounds/9209/results,boulder_one_group_one_boulder_set,IFSC: 1 group,5,,,,,,,13666,3,/api/v1/routes/13666/startlist,
/api/v1/events/1396/result/19,1396,full_results_url,IFSC Youth World Championships Guiyang 2024,BOULDER Youth B Male,finished,2025-10-02 07:18:42 UTC,2026-04-22 08:34:42 UTC,,9209,boulder,Semi-Final,Youth B Male,finished,2024-08-31 03:21:01 UTC,/api/v1/category_rounds/9209/results,boulder_one_group_one_boulder_set,IFSC: 1 group,5,,,,,,,13667,4,/api/v1/routes/13667/startlist,
/api/v1/events/1396/result/19,1396,full_results_url,IFSC Youth World Championships Guiyang 2024,BOULDER Youth B Male,finished,2025-10-02 07:18:42 UTC,2026-04-22 08:34:42 UTC,,9215,boulder,Final,Youth B Male,finished,2024-08-31 08:52:26 UTC,/api/v1/category_rounds/9215/results,boulder_finals_one_by_one,IFSC: Finals,6,,,,,,,13688,1,/api/v1/routes/13688/startlist,
/api/v1/events/1396/result/19,1396,full_results_url,IFSC Youth World Championships Guiyang 2024,BOULDER Youth B Male,finished,2025-10-02 07:18:42 UTC,2026-04-22 08:34:42 UTC,,9215,boulder,Final,Youth B Male,finished,2024-08-31 08:52:26 UTC,/api/v1/category_rounds/9215/results,boulder_finals_one_by_one,IFSC: Finals,6,,,,,,,13689,2,/api/v1/routes/13689/startlist,
/api/v1/events/1396/result/19,1396,full_results_url,IFSC Youth World Championships Guiyang 2024,BOULDER Youth B Male,finished,2025-10-02 07:18:42 UTC,2026-04-22 08:34:42 UTC,,9215,boulder,Final,Youth B Male,finished,2024-08-31 08:52:26 UTC,/api/v1/category_rounds/9215/results,boulder_finals_one_by_one,IFSC: Finals,6,,,,,,,13690,3,/api/v1/routes/13690/startlist,
/api/v1/events/1396/result/19,1396,full_results_url,IFSC Youth World Championships Guiyang 2024,BOULDER Youth B Male,finished,2025-10-02 07:18:42 UTC,2026-04-22 08:34:42 UTC,,9215,boulder,Final,Youth B Male,finished,2024-08-31 08:52:26 UTC,/api/v1/category_rounds/9215/results,boulder_finals_one_by_one,IFSC: Finals,6,,,,,,,13691,4,/api/v1/routes/13691/startlist,
/api/v1/events/1396/result/27,1396,full_results_url,IFSC Youth World Championships Guiyang 2024,BOULDER Juniors Female,finished,2025-10-02 07:18:42 UTC,2026-04-22 08:34:46 UTC,,9016,boulder,Qualification,Juniors Female,finished,2024-08-28 05:04:20 UTC,/api/v1/category_rounds/9016/results,boulder_one_group_two_courses,Custom: 2 courses,4,,,,,,,13638,A1,/api/v1/routes/13638/startlist,
/api/v1/events/1396/result/27,1396,full_results_url,IFSC Youth World Championships Guiyang 2024,BOULDER Juniors Female,finished,2025-10-02 07:18:42 UTC,2026-04-22 08:34:46 UTC,,9016,boulder,Qualification,Juniors Female,finished,2024-08-28 05:04:20 UTC,/api/v1/category_rounds/9016/results,boulder_one_group_two_courses,Custom: 2 courses,4,,,,,,,13639,A2,/api/v1/routes/13639/startlist,
/api/v1/events/1396/result/27,1396,full_results_url,IFSC Youth World Championships Guiyang 2024,BOULDER Juniors Female,finished,2025-10-02 07:18:42 UTC,2026-04-22 08:34:46 UTC,,9016,boulder,Qualification,Juniors Female,finished,2024-08-28 05:04:20 UTC,/api/v1/category_rounds/9016/results,boulder_one_group_two_courses,Custom: 2 courses,4,,,,,,,13640,A3,/api/v1/routes/13640/startlist,
/api/v1/events/1396/result/27,1396,full_results_url,IFSC Youth World Championships Guiyang 2024,BOULDER Juniors Female,finished,2025-10-02 07:18:42 UTC,2026-04-22 08:34:46 UTC,,9016,boulder,Qualification,Juniors Female,finished,2024-08-28 05:04:20 UTC,/api/v1/category_rounds/9016/results,boulder_one_group_two_courses,Custom: 2 courses,4,,,,,,,13641,B1,/api/v1/routes/13641/startlist,
/api/v1/events/1396/result/27,1396,full_results_url,IFSC Youth World Championships Guiyang 2024,BOULDER Juniors Female,finished,2025-10-02 07:18:42 UTC,2026-04-22 08:34:46 UTC,,9016,boulder,Qualification,Juniors Female,finished,2024-08-28 05:04:20 UTC,/api/v1/category_rounds/9016/results,boulder_one_group_two_courses,Custom: 2 courses,4,,,,,,,13642,B2,/api/v1/routes/13642/startlist,
/api/v1/events/1396/result/27,1396,full_results_url,IFSC Youth World Championships Guiyang 2024,BOULDER Juniors Female,finished,2025-10-02 07:18:42 UTC,2026-04-22 08:34:46 UTC,,9016,boulder,Qualification,Juniors Female,finished,2024-08-28 05:04:20 UTC,/api/v1/category_rounds/9016/results,boulder_one_group_two_courses,Custom: 2 courses,4,,,,,,,13643,B3,/api/v1/routes/13643/startlist,
/api/v1/events/1396/result/27,1396,full_results_url,IFSC Youth World Championships Guiyang 2024,BOULDER Juniors Female,finished,2025-10-02 07:18:42 UTC,2026-04-22 08:34:46 UTC,,9210,boulder,Semi-Final,Juniors Female,finished,2024-08-29 03:20:34 UTC,/api/v1/category_rounds/9210/results,boulder_one_group_one_boulder_set,IFSC: 1 group,5,,,,,,,13668,1,/api/v1/routes/13668/startlist,
/api/v1/events/1396/result/27,1396,full_results_url,IFSC Youth World Championships Guiyang 2024,BOULDER Juniors Female,finished,2025-10-02 07:18:42 UTC,2026-04-22 08:34:46 UTC,,9210,boulder,Semi-Final,Juniors Female,finished,2024-08-29 03:20:34 UTC,/api/v1/category_rounds/9210/results,boulder_one_group_one_boulder_set,IFSC: 1 group,5,,,,,,,13669,2,/api/v1/routes/13669/startlist,
/api/v1/events/1396/result/27,1396,full_results_url,IFSC Youth World Championships Guiyang 2024,BOULDER Juniors Female,finished,2025-10-02 07:18:42 UTC,2026-04-22 08:34:46 UTC,,9210,boulder,Semi-Final,Juniors Female,finished,2024-08-29 03:20:34 UTC,/api/v1/category_rounds/9210/results,boulder_one_group_one_boulder_set,IFSC: 1 group,5,,,,,,,13670,3,/api/v1/routes/13670/startlist,
/api/v1/events/1396/result/27,1396,full_results_url,IFSC Youth World Championships Guiyang 2024,BOULDER Juniors Female,finished,2025-10-02 07:18:42 UTC,2026-04-22 08:34:46 UTC,,9210,boulder,Semi-Final,Juniors Female,finished,2024-08-29 03:20:34 UTC,/api/v1/category_rounds/9210/results,boulder_one_group_one_boulder_set,IFSC: 1 group,5,,,,,,,13671,4,/api/v1/routes/13671/startlist,
/api/v1/events/1396/result/27,1396,full_results_url,IFSC Youth World Championships Guiyang 2024,BOULDER Juniors Female,finished,2025-10-02 07:18:42 UTC,2026-04-22 08:34:46 UTC,,9216,boulder,Final,Juniors Female,finished,2024-08-29 12:44:15 UTC,/api/v1/category_rounds/9216/results,boulder_finals_one_by_one,IFSC: Finals,6,,,,,,,13692,1,/api/v1/routes/13692/startlist,
/api/v1/events/1396/result/27,1396,full_results_url,IFSC Youth World Championships Guiyang 2024,BOULDER Juniors Female,finished,2025-10-02 07:18:42 UTC,2026-04-22 08:34:46 UTC,,9216,boulder,Final,Juniors Female,finished,2024-08-29 12:44:15 UTC,/api/v1/category_rounds/9216/results,boulder_finals_one_by_one,IFSC: Finals,6,,,,,,,13693,2,/api/v1/routes/13693/startlist,
/api/v1/events/1396/result/27,1396,full_results_url,IFSC Youth World Championships Guiyang 2024,BOULDER Juniors Female,finished,2025-10-02 07:18:42 UTC,2026-04-22 08:34:46 UTC,,9216,boulder,Final,Juniors Female,finished,2024-08-29 12:44:15 UTC,/api/v1/category_rounds/9216/results,boulder_finals_one_by_one,IFSC: Finals,6,,,,,,,13694,3,/api/v1/routes/13694/startlist,
/api/v1/events/1396/result/27,1396,full_results_url,IFSC Youth World Championships Guiyang 2024,BOULDER Juniors Female,finished,2025-10-02 07:18:42 UTC,2026-04-22 08:34:46 UTC,,9216,boulder,Final,Juniors Female,finished,2024-08-29 12:44:15 UTC,/api/v1/category_rounds/9216/results,boulder_finals_one_by_one,IFSC: Finals,6,,,,,,,13695,4,/api/v1/routes/13695/startlist,
/api/v1/events/1396/result/31,1396,full_results_url,IFSC Youth World Championships Guiyang 2024,BOULDER Youth A Female,finished,2025-10-02 07:18:42 UTC,2026-04-22 08:34:50 UTC,,9017,boulder,Qualification,Youth A Female,finished,2024-08-26 06:03:19 UTC,/api/v1/category_rounds/9017/results,boulder_one_group_two_courses,Custom: 2 courses,4,,,,,,,13644,A1,/api/v1/routes/13644/startlist,
/api/v1/events/1396/result/31,1396,full_results_url,IFSC Youth World Championships Guiyang 2024,BOULDER Youth A Female,finished,2025-10-02 07:18:42 UTC,2026-04-22 08:34:50 UTC,,9017,boulder,Qualification,Youth A Female,finished,2024-08-26 06:03:19 UTC,/api/v1/category_rounds/9017/results,boulder_one_group_two_courses,Custom: 2 courses,4,,,,,,,13645,A2,/api/v1/routes/13645/startlist,
/api/v1/events/1396/result/31,1396,full_results_url,IFSC Youth World Championships Guiyang 2024,BOULDER Youth A Female,finished,2025-10-02 07:18:42 UTC,2026-04-22 08:34:50 UTC,,9017,boulder,Qualification,Youth A Female,finished,2024-08-26 06:03:19 UTC,/api/v1/category_rounds/9017/results,boulder_one_group_two_courses,Custom: 2 courses,4,,,,,,,13646,A3,/api/v1/routes/13646/startlist,
/api/v1/events/1396/result/31,1396,full_results_url,IFSC Youth World Championships Guiyang 2024,BOULDER Youth A Female,finished,2025-10-02 07:18:42 UTC,2026-04-22 08:34:50 UTC,,9017,boulder,Qualification,Youth A Female,finished,2024-08-26 06:03:19 UTC,/api/v1/category_rounds/9017/results,boulder_one_group_two_courses,Custom: 2 courses,4,,,,,,,13647,B1,/api/v1/routes/13647/startlist,
/api/v1/events/1396/result/31,1396,full_results_url,IFSC Youth World Championships Guiyang 2024,BOULDER Youth A Female,finished,2025-10-02 07:18:42 UTC,2026-04-22 08:34:50 UTC,,9017,boulder,Qualification,Youth A Female,finished,2024-08-26 06:03:19 UTC,/api/v1/category_rounds/9017/results,boulder_one_group_two_courses,Custom: 2 courses,4,,,,,,,13648,B2,/api/v1/routes/13648/startlist,
/api/v1/events/1396/result/31,1396,full_results_url,IFSC Youth World Championships Guiyang 2024,BOULDER Youth A Female,finished,2025-10-02 07:18:42 UTC,2026-04-22 08:34:50 UTC,,9017,boulder,Qualification,Youth A Female,finished,2024-08-26 06:03:19 UTC,/api/v1/category_rounds/9017/results,boulder_one_group_two_courses,Custom: 2 courses,4,,,,,,,13649,B3,/api/v1/routes/13649/startlist,
/api/v1/events/1396/result/31,1396,full_results_url,IFSC Youth World Championships Guiyang 2024,BOULDER Youth A Female,finished,2025-10-02 07:18:42 UTC,2026-04-22 08:34:50 UTC,,9211,boulder,Semi-Final,Youth A Female,finished,2024-08-27 03:24:51 UTC,/api/v1/category_rounds/9211/results,boulder_one_group_one_boulder_set,IFSC: 1 group,5,,,,,,,13672,1,/api/v1/routes/13672/startlist,
/api/v1/events/1396/result/31,1396,full_results_url,IFSC Youth World Championships Guiyang 2024,BOULDER Youth A Female,finished,2025-10-02 07:18:42 UTC,2026-04-22 08:34:50 UTC,,9211,boulder,Semi-Final,Youth A Female,finished,2024-08-27 03:24:51 UTC,/api/v1/category_rounds/9211/results,boulder_one_group_one_boulder_set,IFSC: 1 group,5,,,,,,,13673,2,/api/v1/routes/13673/startlist,
/api/v1/events/1396/result/31,1396,full_results_url,IFSC Youth World Championships Guiyang 2024,BOULDER Youth A Female,finished,2025-10-02 07:18:42 UTC,2026-04-22 08:34:50 UTC,,9211,boulder,Semi-Final,Youth A Female,finished,2024-08-27 03:24:51 UTC,/api/v1/category_rounds/9211/results,boulder_one_group_one_boulder_set,IFSC: 1 group,5,,,,,,,13674,3,/api/v1/routes/13674/startlist,
/api/v1/events/1396/result/31,1396,full_results_url,IFSC Youth World Championships Guiyang 2024,BOULDER Youth A Female,finished,2025-10-02 07:18:42 UTC,2026-04-22 08:34:50 UTC,,9211,boulder,Semi-Final,Youth A Female,finished,2024-08-27 03:24:51 UTC,/api/v1/category_rounds/9211/results,boulder_one_group_one_boulder_set,IFSC: 1 group,5,,,,,,,13675,4,/api/v1/routes/13675/startlist,
/api/v1/events/1396/result/31,1396,full_results_url,IFSC Youth World Championships Guiyang 2024,BOULDER Youth A Female,finished,2025-10-02 07:18:42 UTC,2026-04-22 08:34:50 UTC,,9217,boulder,Final,Youth A Female,finished,2024-08-27 12:55:17 UTC,/api/v1/category_rounds/9217/results,boulder_finals_one_by_one,IFSC: Finals,6,,,,,,,13696,1,/api/v1/routes/13696/startlist,
/api/v1/events/1396/result/31,1396,full_results_url,IFSC Youth World Championships Guiyang 2024,BOULDER Youth A Female,finished,2025-10-02 07:18:42 UTC,2026-04-22 08:34:50 UTC,,9217,boulder,Final,Youth A Female,finished,2024-08-27 12:55:17 UTC,/api/v1/category_rounds/9217/results,boulder_finals_one_by_one,IFSC: Finals,6,,,,,,,13697,2,/api/v1/routes/13697/startlist,
/api/v1/events/1396/result/31,1396,full_results_url,IFSC Youth World Championships Guiyang 2024,BOULDER Youth A Female,finished,2025-10-02 07:18:42 UTC,2026-04-22 08:34:50 UTC,,9217,boulder,Final,Youth A Female,finished,2024-08-27 12:55:17 UTC,/api/v1/category_rounds/9217/results,boulder_finals_one_by_one,IFSC: Finals,6,,,,,,,13698,3,/api/v1/routes/13698/startlist,
/api/v1/events/1396/result/31,1396,full_results_url,IFSC Youth World Championships Guiyang 2024,BOULDER Youth A Female,finished,2025-10-02 07:18:42 UTC,2026-04-22 08:34:50 UTC,,9217,boulder,Final,Youth A Female,finished,2024-08-27 12:55:17 UTC,/api/v1/category_rounds/9217/results,boulder_finals_one_by_one,IFSC: Finals,6,,,,,,,13699,4,/api/v1/routes/13699/startlist,
/api/v1/events/1396/result/35,1396,full_results_url,IFSC Youth World Championships Guiyang 2024,BOULDER Youth B Female,finished,2025-10-02 07:18:42 UTC,2026-04-22 08:34:54 UTC,,9018,boulder,Qualification,Youth B Female,finished,2024-08-30 05:28:53 UTC,/api/v1/category_rounds/9018/results,boulder_one_group_two_courses,Custom: 2 courses,4,,,,,,,13650,A1,/api/v1/routes/13650/startlist,
/api/v1/events/1396/result/35,1396,full_results_url,IFSC Youth World Championships Guiyang 2024,BOULDER Youth B Female,finished,2025-10-02 07:18:42 UTC,2026-04-22 08:34:54 UTC,,9018,boulder,Qualification,Youth B Female,finished,2024-08-30 05:28:53 UTC,/api/v1/category_rounds/9018/results,boulder_one_group_two_courses,Custom: 2 courses,4,,,,,,,13651,A2,/api/v1/routes/13651/startlist,
/api/v1/events/1396/result/35,1396,full_results_url,IFSC Youth World Championships Guiyang 2024,BOULDER Youth B Female,finished,2025-10-02 07:18:42 UTC,2026-04-22 08:34:54 UTC,,9018,boulder,Qualification,Youth B Female,finished,2024-08-30 05:28:53 UTC,/api/v1/category_rounds/9018/results,boulder_one_group_two_courses,Custom: 2 courses,4,,,,,,,13652,A3,/api/v1/routes/13652/startlist,
/api/v1/events/1396/result/35,1396,full_results_url,IFSC Youth World Championships Guiyang 2024,BOULDER Youth B Female,finished,2025-10-02 07:18:42 UTC,2026-04-22 08:34:54 UTC,,9018,boulder,Qualification,Youth B Female,finished,2024-08-30 05:28:53 UTC,/api/v1/category_rounds/9018/results,boulder_one_group_two_courses,Custom: 2 courses,4,,,,,,,13653,B1,/api/v1/routes/13653/startlist,
/api/v1/events/1396/result/35,1396,full_results_url,IFSC Youth World Championships Guiyang 2024,BOULDER Youth B Female,finished,2025-10-02 07:18:42 UTC,2026-04-22 08:34:54 UTC,,9018,boulder,Qualification,Youth B Female,finished,2024-08-30 05:28:53 UTC,/api/v1/category_rounds/9018/results,boulder_one_group_two_courses,Custom: 2 courses,4,,,,,,,13654,B2,/api/v1/routes/13654/startlist,
/api/v1/events/1396/result/35,1396,full_results_url,IFSC Youth World Championships Guiyang 2024,BOULDER Youth B Female,finished,2025-10-02 07:18:42 UTC,2026-04-22 08:34:54 UTC,,9018,boulder,Qualification,Youth B Female,finished,2024-08-30 05:28:53 UTC,/api/v1/category_rounds/9018/results,boulder_one_group_two_courses,Custom: 2 courses,4,,,,,,,13655,B3,/api/v1/routes/13655/startlist,
/api/v1/events/1396/result/35,1396,full_results_url,IFSC Youth World Championships Guiyang 2024,BOULDER Youth B Female,finished,2025-10-02 07:18:42 UTC,2026-04-22 08:34:54 UTC,,9212,boulder,Semi-Final,Youth B Female,finished,2024-08-31 03:15:52 UTC,/api/v1/category_rounds/9212/results,boulder_one_group_one_boulder_set,IFSC: 1 group,5,,,,,,,13676,1,/api/v1/routes/13676/startlist,
/api/v1/events/1396/result/35,1396,full_results_url,IFSC Youth World Championships Guiyang 2024,BOULDER Youth B Female,finished,2025-10-02 07:18:42 UTC,2026-04-22 08:34:54 UTC,,9212,boulder,Semi-Final,Youth B Female,finished,2024-08-31 03:15:52 UTC,/api/v1/category_rounds/9212/results,boulder_one_group_one_boulder_set,IFSC: 1 group,5,,,,,,,13677,2,/api/v1/routes/13677/startlist,
/api/v1/events/1396/result/35,1396,full_results_url,IFSC Youth World Championships Guiyang 2024,BOULDER Youth B Female,finished,2025-10-02 07:18:42 UTC,2026-04-22 08:34:54 UTC,,9212,boulder,Semi-Final,Youth B Female,finished,2024-08-31 03:15:52 UTC,/api/v1/category_rounds/9212/results,boulder_one_group_one_boulder_set,IFSC: 1 group,5,,,,,,,13678,3,/api/v1/routes/13678/startlist,
/api/v1/events/1396/result/35,1396,full_results_url,IFSC Youth World Championships Guiyang 2024,BOULDER Youth B Female,finished,2025-10-02 07:18:42 UTC,2026-04-22 08:34:54 UTC,,9212,boulder,Semi-Final,Youth B Female,finished,2024-08-31 03:15:52 UTC,/api/v1/category_rounds/9212/results,boulder_one_group_one_boulder_set,IFSC: 1 group,5,,,,,,,13679,4,/api/v1/routes/13679/startlist,
/api/v1/events/1396/result/35,1396,full_results_url,IFSC Youth World Championships Guiyang 2024,BOULDER Youth B Female,finished,2025-10-02 07:18:42 UTC,2026-04-22 08:34:54 UTC,,9218,boulder,Final,Youth B Female,finished,2024-08-31 08:54:47 UTC,/api/v1/category_rounds/9218/results,boulder_finals_one_by_one,IFSC: Finals,6,,,,,,,13700,1,/api/v1/routes/13700/startlist,
/api/v1/events/1396/result/35,1396,full_results_url,IFSC Youth World Championships Guiyang 2024,BOULDER Youth B Female,finished,2025-10-02 07:18:42 UTC,2026-04-22 08:34:54 UTC,,9218,boulder,Final,Youth B Female,finished,2024-08-31 08:54:47 UTC,/api/v1/category_rounds/9218/results,boulder_finals_one_by_one,IFSC: Finals,6,,,,,,,13701,2,/api/v1/routes/13701/startlist,
/api/v1/events/1396/result/35,1396,full_results_url,IFSC Youth World Championships Guiyang 2024,BOULDER Youth B Female,finished,2025-10-02 07:18:42 UTC,2026-04-22 08:34:54 UTC,,9218,boulder,Final,Youth B Female,finished,2024-08-31 08:54:47 UTC,/api/v1/category_rounds/9218/results,boulder_finals_one_by_one,IFSC: Finals,6,,,,,,,13702,3,/api/v1/routes/13702/startlist,
/api/v1/events/1396/result/35,1396,full_results_url,IFSC Youth World Championships Guiyang 2024,BOULDER Youth B Female,finished,2025-10-02 07:18:42 UTC,2026-04-22 08:34:54 UTC,,9218,boulder,Final,Youth B Female,finished,2024-08-31 08:54:47 UTC,/api/v1/category_rounds/9218/results,boulder_finals_one_by_one,IFSC: Finals,6,,,,,,,13703,4,/api/v1/routes/13703/startlist,
/api/v1/events/1395/result/529,1395,full_results_url,IFSC Paraclimbing European Championships Villars 2024,LEAD Men B1,active,2025-10-02 07:18:41 UTC,NA,,8979,lead,Qualification,Men B1,pending,2024-08-23 16:14:46 UTC,/api/v1/category_rounds/8979/results,lead_one_group_two_routes,IFSC: 2 routes,49,,,,,,,13828,1,/api/v1/routes/13828/startlist,/api/v1/routes/13828/results
/api/v1/events/1395/result/529,1395,full_results_url,IFSC Paraclimbing European Championships Villars 2024,LEAD Men B1,active,2025-10-02 07:18:41 UTC,NA,,8979,lead,Qualification,Men B1,pending,2024-08-23 16:14:46 UTC,/api/v1/category_rounds/8979/results,lead_one_group_two_routes,IFSC: 2 routes,49,,,,,,,13829,2,/api/v1/routes/13829/startlist,/api/v1/routes/13829/results
/api/v1/events/1395/result/529,1395,full_results_url,IFSC Paraclimbing European Championships Villars 2024,LEAD Men B1,active,2025-10-02 07:18:41 UTC,NA,,9251,lead,Final,Men B1,pending,2024-08-19 12:50:08 UTC,/api/v1/category_rounds/9251/results,lead_one_group_one_route,IFSC: 1 route,51,,,,,,,13808,1,/api/v1/routes/13808/startlist,/api/v1/routes/13808/results
/api/v1/events/1395/result/533,1395,full_results_url,IFSC Paraclimbing European Championships Villars 2024,LEAD Men B2,finished,2025-10-02 07:18:41 UTC,2026-04-23 10:25:34 UTC,,8980,lead,Qualification,Men B2,finished,2024-08-24 16:04:47 UTC,/api/v1/category_rounds/8980/results,lead_one_group_two_routes,IFSC: 2 routes,49,,,,,,,13830,1,/api/v1/routes/13830/startlist,/api/v1/routes/13830/results
/api/v1/events/1395/result/533,1395,full_results_url,IFSC Paraclimbing European Championships Villars 2024,LEAD Men B2,finished,2025-10-02 07:18:41 UTC,2026-04-23 10:25:34 UTC,,8980,lead,Qualification,Men B2,finished,2024-08-24 16:04:47 UTC,/api/v1/category_rounds/8980/results,lead_one_group_two_routes,IFSC: 2 routes,49,,,,,,,13831,2,/api/v1/routes/13831/startlist,/api/v1/routes/13831/results
/api/v1/events/1395/result/533,1395,full_results_url,IFSC Paraclimbing European Championships Villars 2024,LEAD Men B2,finished,2025-10-02 07:18:41 UTC,2026-04-23 10:25:34 UTC,,9252,lead,Final,Men B2,finished,2024-08-25 12:51:32 UTC,/api/v1/category_rounds/9252/results,lead_one_group_one_route,IFSC: 1 route,51,,,,,,,13809,1,/api/v1/routes/13809/startlist,/api/v1/routes/13809/results
/api/v1/events/1395/result/537,1395,full_results_url,IFSC Paraclimbing European Championships Villars 2024,LEAD Men B3,registration_pending,2025-10-02 07:18:41 UTC,NA,,8981,lead,Qualification,Men B3,pending,2024-08-19 12:56:48 UTC,/api/v1/category_rounds/8981/results,lead_one_group_two_routes,IFSC: 2 routes,49,,,,,,,13832,1,/api/v1/routes/13832/startlist,/api/v1/routes/13832/results
/api/v1/events/1395/result/537,1395,full_results_url,IFSC Paraclimbing European Championships Villars 2024,LEAD Men B3,registration_pending,2025-10-02 07:18:41 UTC,NA,,8981,lead,Qualification,Men B3,pending,2024-08-19 12:56:48 UTC,/api/v1/category_rounds/8981/results,lead_one_group_two_routes,IFSC: 2 routes,49,,,,,,,13833,2,/api/v1/routes/13833/startlist,/api/v1/routes/13833/results
/api/v1/events/1395/result/537,1395,full_results_url,IFSC Paraclimbing European Championships Villars 2024,LEAD Men B3,registration_pending,2025-10-02 07:18:41 UTC,NA,,9253,lead,Final,Men B3,pending,2024-08-19 12:50:08 UTC,/api/v1/category_rounds/9253/results,lead_one_group_one_route,IFSC: 1 route,51,,,,,,,13810,1,/api/v1/routes/13810/startlist,/api/v1/routes/13810/results
/api/v1/events/1395/result/541,1395,full_results_url,IFSC Paraclimbing European Championships Villars 2024,LEAD Women B1,active,2025-10-02 07:18:41 UTC,NA,,8982,lead,Qualification,Women B1,pending,2024-08-23 16:44:59 UTC,/api/v1/category_rounds/8982/results,lead_one_group_two_routes,IFSC: 2 routes,49,,,,,,,13834,1,/api/v1/routes/13834/startlist,/api/v1/routes/13834/results
/api/v1/events/1395/result/541,1395,full_results_url,IFSC Paraclimbing European Championships Villars 2024,LEAD Women B1,active,2025-10-02 07:18:41 UTC,NA,,8982,lead,Qualification,Women B1,pending,2024-08-23 16:44:59 UTC,/api/v1/category_rounds/8982/results,lead_one_group_two_routes,IFSC: 2 routes,49,,,,,,,13835,2,/api/v1/routes/13835/startlist,/api/v1/routes/13835/results
/api/v1/events/1395/result/541,1395,full_results_url,IFSC Paraclimbing European Championships Villars 2024,LEAD Women B1,active,2025-10-02 07:18:41 UTC,NA,,9254,lead,Final,Women B1,pending,2024-08-19 12:50:08 UTC,/api/v1/category_rounds/9254/results,lead_one_group_one_route,IFSC: 1 route,51,,,,,,,13811,1,/api/v1/routes/13811/startlist,/api/v1/routes/13811/results
/api/v1/events/1395/result/545,1395,full_results_url,IFSC Paraclimbing European Championships Villars 2024,LEAD Women B2,finished,2025-10-02 07:18:41 UTC,2026-04-23 10:25:35 UTC,,8983,lead,Qualification,Women B2,finished,2024-08-24 16:16:31 UTC,/api/v1/category_rounds/8983/results,lead_one_group_two_routes,IFSC: 2 routes,49,,,,,,,13836,1,/api/v1/routes/13836/startlist,/api/v1/routes/13836/results
/api/v1/events/1395/result/545,1395,full_results_url,IFSC Paraclimbing European Championships Villars 2024,LEAD Women B2,finished,2025-10-02 07:18:41 UTC,2026-04-23 10:25:35 UTC,,8983,lead,Qualification,Women B2,finished,2024-08-24 16:16:31 UTC,/api/v1/category_rounds/8983/results,lead_one_group_two_routes,IFSC: 2 routes,49,,,,,,,13837,2,/api/v1/routes/13837/startlist,/api/v1/routes/13837/results
/api/v1/events/1395/result/545,1395,full_results_url,IFSC Paraclimbing European Championships Villars 2024,LEAD Women B2,finished,2025-10-02 07:18:41 UTC,2026-04-23 10:25:35 UTC,,9255,lead,Final,Women B2,finished,2024-08-25 12:43:02 UTC,/api/v1/category_rounds/9255/results,lead_one_group_one_route,IFSC: 1 route,51,,,,,,,13812,1,/api/v1/routes/13812/startlist,/api/v1/routes/13812/results
/api/v1/events/1395/result/549,1395,full_results_url,IFSC Paraclimbing European Championships Villars 2024,LEAD Women B3,registration_pending,2025-10-02 07:18:41 UTC,NA,,8984,lead,Qualification,Women B3,pending,2024-08-19 12:56:48 UTC,/api/v1/category_rounds/8984/results,lead_one_group_two_routes,IFSC: 2 routes,49,,,,,,,13838,1,/api/v1/routes/13838/startlist,/api/v1/routes/13838/results
/api/v1/events/1395/result/549,1395,full_results_url,IFSC Paraclimbing European Championships Villars 2024,LEAD Women B3,registration_pending,2025-10-02 07:18:41 UTC,NA,,8984,lead,Qualification,Women B3,pending,2024-08-19 12:56:48 UTC,/api/v1/category_rounds/8984/results,lead_one_group_two_routes,IFSC: 2 routes,49,,,,,,,13839,2,/api/v1/routes/13839/startlist,/api/v1/routes/13839/results
/api/v1/events/1395/result/549,1395,full_results_url,IFSC Paraclimbing European Championships Villars 2024,LEAD Women B3,registration_pending,2025-10-02 07:18:41 UTC,NA,,9256,lead,Final,Women B3,pending,2024-08-19 12:50:08 UTC,/api/v1/category_rounds/9256/results,lead_one_group_one_route,IFSC: 1 route,51,,,,,,,13813,1,/api/v1/routes/13813/startlist,/api/v1/routes/13813/results
/api/v1/events/1395/result/553,1395,full_results_url,IFSC Paraclimbing European Championships Villars 2024,LEAD Men AL1,finished,2025-10-02 07:18:41 UTC,2026-04-23 10:25:34 UTC,,8985,lead,Qualification,Men AL1,finished,2024-08-24 15:09:16 UTC,/api/v1/category_rounds/8985/results,lead_one_group_two_routes,IFSC: 2 routes,49,,,,,,,13840,1,/api/v1/routes/13840/startlist,/api/v1/routes/13840/results
/api/v1/events/1395/result/553,1395,full_results_url,IFSC Paraclimbing European Championships Villars 2024,LEAD Men AL1,finished,2025-10-02 07:18:41 UTC,2026-04-23 10:25:34 UTC,,8985,lead,Qualification,Men AL1,finished,2024-08-24 15:09:16 UTC,/api/v1/category_rounds/8985/results,lead_one_group_two_routes,IFSC: 2 routes,49,,,,,,,13841,2,/api/v1/routes/13841/startlist,/api/v1/routes/13841/results
/api/v1/events/1395/result/553,1395,full_results_url,IFSC Paraclimbing European Championships Villars 2024,LEAD Men AL1,finished,2025-10-02 07:18:41 UTC,2026-04-23 10:25:34 UTC,,9257,lead,Final,Men AL1,finished,2024-08-25 15:44:44 UTC,/api/v1/category_rounds/9257/results,lead_one_group_one_route,IFSC: 1 route,51,,,,,,,13814,1,/api/v1/routes/13814/startlist,/api/v1/routes/13814/results
/api/v1/events/1395/result/557,1395,full_results_url,IFSC Paraclimbing European Championships Villars 2024,LEAD Women AL1,active,2025-10-02 07:18:41 UTC,NA,,8986,lead,Qualification,Women AL1,pending,2024-08-23 16:39:13 UTC,/api/v1/category_rounds/8986/results,lead_one_group_two_routes,IFSC: 2 routes,49,,,,,,,13842,1,/api/v1/routes/13842/startlist,/api/v1/routes/13842/results
/api/v1/events/1395/result/557,1395,full_results_url,IFSC Paraclimbing European Championships Villars 2024,LEAD Women AL1,active,2025-10-02 07:18:41 UTC,NA,,8986,lead,Qualification,Women AL1,pending,2024-08-23 16:39:13 UTC,/api/v1/category_rounds/8986/results,lead_one_group_two_routes,IFSC: 2 routes,49,,,,,,,13843,2,/api/v1/routes/13843/startlist,/api/v1/routes/13843/results
/api/v1/events/1395/result/557,1395,full_results_url,IFSC Paraclimbing European Championships Villars 2024,LEAD Women AL1,active,2025-10-02 07:18:41 UTC,NA,,9258,lead,Final,Women AL1,pending,2024-08-19 12:50:08 UTC,/api/v1/category_rounds/9258/results,lead_one_group_one_route,IFSC: 1 route,51,,,,,,,13815,1,/api/v1/routes/13815/startlist,/api/v1/routes/13815/results
/api/v1/events/1395/result/561,1395,full_results_url,IFSC Paraclimbing European Championships Villars 2024,LEAD Men AL2,finished,2025-10-02 07:18:41 UTC,2026-04-23 10:25:35 UTC,,8987,lead,Qualification,Men AL2,finished,2024-08-24 12:59:20 UTC,/api/v1/category_rounds/8987/results,lead_one_group_two_routes,IFSC: 2 routes,49,,,,,,,13844,1,/api/v1/routes/13844/startlist,/api/v1/routes/13844/results
/api/v1/events/1395/result/561,1395,full_results_url,IFSC Paraclimbing European Championships Villars 2024,LEAD Men AL2,finished,2025-10-02 07:18:41 UTC,2026-04-23 10:25:35 UTC,,8987,lead,Qualification,Men AL2,finished,2024-08-24 12:59:20 UTC,/api/v1/category_rounds/8987/results,lead_one_group_two_routes,IFSC: 2 routes,49,,,,,,,13845,2,/api/v1/routes/13845/startlist,/api/v1/routes/13845/results
/api/v1/events/1395/result/561,1395,full_results_url,IFSC Paraclimbing European Championships Villars 2024,LEAD Men AL2,finished,2025-10-02 07:18:41 UTC,2026-04-23 10:25:35 UTC,,9259,lead,Final,Men AL2,finished,2024-08-25 15:33:50 UTC,/api/v1/category_rounds/9259/results,lead_one_group_one_route,IFSC: 1 route,51,,,,,,,13816,1,/api/v1/routes/13816/startlist,/api/v1/routes/13816/results
/api/v1/events/1395/result/565,1395,full_results_url,IFSC Paraclimbing European Championships Villars 2024,LEAD Women AL2,finished,2025-10-02 07:18:41 UTC,2026-04-23 10:25:35 UTC,,8988,lead,Qualification,Women AL2,finished,2024-08-24 13:08:57 UTC,/api/v1/category_rounds/8988/results,lead_one_group_two_routes,IFSC: 2 routes,49,,,,,,,13846,1,/api/v1/routes/13846/startlist,/api/v1/routes/13846/results
/api/v1/events/1395/result/565,1395,full_results_url,IFSC Paraclimbing European Championships Villars 2024,LEAD Women AL2,finished,2025-10-02 07:18:41 UTC,2026-04-23 10:25:35 UTC,,8988,lead,Qualification,Women AL2,finished,2024-08-24 13:08:57 UTC,/api/v1/category_rounds/8988/results,lead_one_group_two_routes,IFSC: 2 routes,49,,,,,,,13847,2,/api/v1/routes/13847/startlist,/api/v1/routes/13847/results
/api/v1/events/1395/result/565,1395,full_results_url,IFSC Paraclimbing European Championships Villars 2024,LEAD Women AL2,finished,2025-10-02 07:18:41 UTC,2026-04-23 10:25:35 UTC,,9260,lead,Final,Women AL2,finished,2024-08-25 15:27:30 UTC,/api/v1/category_rounds/9260/results,lead_one_group_one_route,IFSC: 1 route,51,,,,,,,13817,1,/api/v1/routes/13817/startlist,/api/v1/routes/13817/results
/api/v1/events/1395/result/577,1395,full_results_url,IFSC Paraclimbing European Championships Villars 2024,LEAD Men AU2,finished,2025-10-02 07:18:41 UTC,2026-04-23 10:25:35 UTC,,8991,lead,Qualification,Men AU2,finished,2024-08-24 12:44:28 UTC,/api/v1/category_rounds/8991/results,lead_one_group_two_routes,IFSC: 2 routes,49,,,,,,,13848,1,/api/v1/routes/13848/startlist,/api/v1/routes/13848/results
/api/v1/events/1395/result/577,1395,full_results_url,IFSC Paraclimbing European Championships Villars 2024,LEAD Men AU2,finished,2025-10-02 07:18:41 UTC,2026-04-23 10:25:35 UTC,,8991,lead,Qualification,Men AU2,finished,2024-08-24 12:44:28 UTC,/api/v1/category_rounds/8991/results,lead_one_group_two_routes,IFSC: 2 routes,49,,,,,,,13849,2,/api/v1/routes/13849/startlist,/api/v1/routes/13849/results
/api/v1/events/1395/result/577,1395,full_results_url,IFSC Paraclimbing European Championships Villars 2024,LEAD Men AU2,finished,2025-10-02 07:18:41 UTC,2026-04-23 10:25:35 UTC,,9261,lead,Final,Men AU2,finished,2024-08-25 14:32:14 UTC,/api/v1/category_rounds/9261/results,lead_one_group_one_route,IFSC: 1 route,51,,,,,,,13818,1,/api/v1/routes/13818/startlist,/api/v1/routes/13818/results
/api/v1/events/1395/result/581,1395,full_results_url,IFSC Paraclimbing European Championships Villars 2024,LEAD Women AU2,finished,2025-10-02 07:18:41 UTC,2026-04-23 10:25:34 UTC,,8992,lead,Qualification,Women AU2,finished,2024-08-24 12:15:35 UTC,/api/v1/category_rounds/8992/results,lead_one_group_two_routes,IFSC: 2 routes,49,,,,,,,13850,1,/api/v1/routes/13850/startlist,/api/v1/routes/13850/results
/api/v1/events/1395/result/581,1395,full_results_url,IFSC Paraclimbing European Championships Villars 2024,LEAD Women AU2,finished,2025-10-02 07:18:41 UTC,2026-04-23 10:25:34 UTC,,8992,lead,Qualification,Women AU2,finished,2024-08-24 12:15:35 UTC,/api/v1/category_rounds/8992/results,lead_one_group_two_routes,IFSC: 2 routes,49,,,,,,,13851,2,/api/v1/routes/13851/startlist,/api/v1/routes/13851/results
/api/v1/events/1395/result/581,1395,full_results_url,IFSC Paraclimbing European Championships Villars 2024,LEAD Women AU2,finished,2025-10-02 07:18:41 UTC,2026-04-23 10:25:34 UTC,,9262,lead,Final,Women AU2,finished,2024-08-25 14:56:20 UTC,/api/v1/category_rounds/9262/results,lead_one_group_one_route,IFSC: 1 route,51,,,,,,,13819,1,/api/v1/routes/13819/startlist,/api/v1/routes/13819/results
/api/v1/events/1395/result/585,1395,full_results_url,IFSC Paraclimbing European Championships Villars 2024,LEAD Men RP1,finished,2025-10-02 07:18:41 UTC,2026-04-23 10:25:35 UTC,,8993,lead,Qualification,Men RP1,finished,2024-08-24 13:49:57 UTC,/api/v1/category_rounds/8993/results,lead_one_group_two_routes,IFSC: 2 routes,49,,,,,,,13852,1,/api/v1/routes/13852/startlist,/api/v1/routes/13852/results
/api/v1/events/1395/result/585,1395,full_results_url,IFSC Paraclimbing European Championships Villars 2024,LEAD Men RP1,finished,2025-10-02 07:18:41 UTC,2026-04-23 10:25:35 UTC,,8993,lead,Qualification,Men RP1,finished,2024-08-24 13:49:57 UTC,/api/v1/category_rounds/8993/results,lead_one_group_two_routes,IFSC: 2 routes,49,,,,,,,13853,2,/api/v1/routes/13853/startlist,/api/v1/routes/13853/results
/api/v1/events/1395/result/585,1395,full_results_url,IFSC Paraclimbing European Championships Villars 2024,LEAD Men RP1,finished,2025-10-02 07:18:41 UTC,2026-04-23 10:25:35 UTC,,9263,lead,Final,Men RP1,finished,2024-08-25 13:37:53 UTC,/api/v1/category_rounds/9263/results,lead_one_group_one_route,IFSC: 1 route,51,,,,,,,13820,1,/api/v1/routes/13820/startlist,/api/v1/routes/13820/results
/api/v1/events/1395/result/589,1395,full_results_url,IFSC Paraclimbing European Championships Villars 2024,LEAD Men RP2,finished,2025-10-02 07:18:41 UTC,2026-04-23 10:25:34 UTC,,8994,lead,Qualification,Men RP2,finished,2024-08-24 12:02:41 UTC,/api/v1/category_rounds/8994/results,lead_one_group_two_routes,IFSC: 2 routes,49,,,,,,,13854,1,/api/v1/routes/13854/startlist,/api/v1/routes/13854/results
/api/v1/events/1395/result/589,1395,full_results_url,IFSC Paraclimbing European Championships Villars 2024,LEAD Men RP2,finished,2025-10-02 07:18:41 UTC,2026-04-23 10:25:34 UTC,,8994,lead,Qualification,Men RP2,finished,2024-08-24 12:02:41 UTC,/api/v1/category_rounds/8994/results,lead_one_group_two_routes,IFSC: 2 routes,49,,,,,,,13855,2,/api/v1/routes/13855/startlist,/api/v1/routes/13855/results
/api/v1/events/1395/result/589,1395,full_results_url,IFSC Paraclimbing European Championships Villars 2024,LEAD Men RP2,finished,2025-10-02 07:18:41 UTC,2026-04-23 10:25:34 UTC,,9264,lead,Final,Men RP2,finished,2024-08-25 13:37:00 UTC,/api/v1/category_rounds/9264/results,lead_one_group_one_route,IFSC: 1 route,51,,,,,,,13821,1,/api/v1/routes/13821/startlist,/api/v1/routes/13821/results
/api/v1/events/1395/result/593,1395,full_results_url,IFSC Paraclimbing European Championships Villars 2024,LEAD Men RP3,finished,2025-10-02 07:18:41 UTC,2026-04-23 10:25:35 UTC,,8995,lead,Qualification,Men RP3,finished,2024-08-24 14:04:37 UTC,/api/v1/category_rounds/8995/results,lead_one_group_two_routes,IFSC: 2 routes,49,,,,,,,13856,1,/api/v1/routes/13856/startlist,/api/v1/routes/13856/results
/api/v1/events/1395/result/593,1395,full_results_url,IFSC Paraclimbing European Championships Villars 2024,LEAD Men RP3,finished,2025-10-02 07:18:41 UTC,2026-04-23 10:25:35 UTC,,8995,lead,Qualification,Men RP3,finished,2024-08-24 14:04:37 UTC,/api/v1/category_rounds/8995/results,lead_one_group_two_routes,IFSC: 2 routes,49,,,,,,,13857,2,/api/v1/routes/13857/startlist,/api/v1/routes/13857/results
/api/v1/events/1395/result/593,1395,full_results_url,IFSC Paraclimbing European Championships Villars 2024,LEAD Men RP3,finished,2025-10-02 07:18:41 UTC,2026-04-23 10:25:35 UTC,,9265,lead,Final,Men RP3,finished,2024-08-25 13:17:32 UTC,/api/v1/category_rounds/9265/results,lead_one_group_one_route,IFSC: 1 route,51,,,,,,,13822,1,/api/v1/routes/13822/startlist,/api/v1/routes/13822/results
/api/v1/events/1395/result/597,1395,full_results_url,IFSC Paraclimbing European Championships Villars 2024,LEAD Women RP1,finished,2025-10-02 07:18:41 UTC,2026-04-23 10:25:35 UTC,,8996,lead,Qualification,Women RP1,finished,2024-08-24 14:37:35 UTC,/api/v1/category_rounds/8996/results,lead_one_group_two_routes,IFSC: 2 routes,49,,,,,,,13858,1,/api/v1/routes/13858/startlist,/api/v1/routes/13858/results
/api/v1/events/1395/result/597,1395,full_results_url,IFSC Paraclimbing European Championships Villars 2024,LEAD Women RP1,finished,2025-10-02 07:18:41 UTC,2026-04-23 10:25:35 UTC,,8996,lead,Qualification,Women RP1,finished,2024-08-24 14:37:35 UTC,/api/v1/category_rounds/8996/results,lead_one_group_two_routes,IFSC: 2 routes,49,,,,,,,13859,2,/api/v1/routes/13859/startlist,/api/v1/routes/13859/results
/api/v1/events/1395/result/597,1395,full_results_url,IFSC Paraclimbing European Championships Villars 2024,LEAD Women RP1,finished,2025-10-02 07:18:41 UTC,2026-04-23 10:25:35 UTC,,9266,lead,Final,Women RP1,finished,2024-08-25 13:54:28 UTC,/api/v1/category_rounds/9266/results,lead_one_group_one_route,IFSC: 1 route,51,,,,,,,13823,1,/api/v1/routes/13823/startlist,/api/v1/routes/13823/results
/api/v1/events/1395/result/601,1395,full_results_url,IFSC Paraclimbing European Championships Villars 2024,LEAD Women RP2,finished,2025-10-02 07:18:41 UTC,2026-04-23 10:25:34 UTC,,8997,lead,Qualification,Women RP2,finished,2024-08-24 12:34:53 UTC,/api/v1/category_rounds/8997/results,lead_one_group_two_routes,IFSC: 2 routes,49,,,,,,,13860,1,/api/v1/routes/13860/startlist,/api/v1/routes/13860/results
/api/v1/events/1395/result/601,1395,full_results_url,IFSC Paraclimbing European Championships Villars 2024,LEAD Women RP2,finished,2025-10-02 07:18:41 UTC,2026-04-23 10:25:34 UTC,,8997,lead,Qualification,Women RP2,finished,2024-08-24 12:34:53 UTC,/api/v1/category_rounds/8997/results,lead_one_group_two_routes,IFSC: 2 routes,49,,,,,,,13861,2,/api/v1/routes/13861/startlist,/api/v1/routes/13861/results
/api/v1/events/1395/result/601,1395,full_results_url,IFSC Paraclimbing European Championships Villars 2024,LEAD Women RP2,finished,2025-10-02 07:18:41 UTC,2026-04-23 10:25:34 UTC,,9267,lead,Final,Women RP2,finished,2024-08-25 13:14:54 UTC,/api/v1/category_rounds/9267/results,lead_one_group_one_route,IFSC: 1 route,51,,,,,,,13824,1,/api/v1/routes/13824/startlist,/api/v1/routes/13824/results
/api/v1/events/1395/result/605,1395,full_results_url,IFSC Paraclimbing European Championships Villars 2024,LEAD Women RP3,finished,2025-10-02 07:18:41 UTC,2026-04-23 10:25:35 UTC,,8998,lead,Qualification,Women RP3,finished,2024-08-24 13:48:18 UTC,/api/v1/category_rounds/8998/results,lead_one_group_two_routes,IFSC: 2 routes,49,,,,,,,13862,1,/api/v1/routes/13862/startlist,/api/v1/routes/13862/results
/api/v1/events/1395/result/605,1395,full_results_url,IFSC Paraclimbing European Championships Villars 2024,LEAD Women RP3,finished,2025-10-02 07:18:41 UTC,2026-04-23 10:25:35 UTC,,8998,lead,Qualification,Women RP3,finished,2024-08-24 13:48:18 UTC,/api/v1/category_rounds/8998/results,lead_one_group_two_routes,IFSC: 2 routes,49,,,,,,,13863,2,/api/v1/routes/13863/startlist,/api/v1/routes/13863/results
/api/v1/events/1395/result/605,1395,full_results_url,IFSC Paraclimbing European Championships Villars 2024,LEAD Women RP3,finished,2025-10-02 07:18:41 UTC,2026-04-23 10:25:35 UTC,,9268,lead,Final,Women RP3,finished,2024-08-25 13:55:07 UTC,/api/v1/category_rounds/9268/results,lead_one_group_one_route,IFSC: 1 route,51,,,,,,,13825,1,/api/v1/routes/13825/startlist,/api/v1/routes/13825/results
/api/v1/events/1395/result/753,1395,full_results_url,IFSC Paraclimbing European Championships Villars 2024,LEAD Men AU3,finished,2025-10-02 07:18:41 UTC,2026-04-23 10:25:35 UTC,,8999,lead,Qualification,Men AU3,finished,2024-08-24 12:10:20 UTC,/api/v1/category_rounds/8999/results,lead_one_group_two_routes,IFSC: 2 routes,49,,,,,,,13864,1,/api/v1/routes/13864/startlist,/api/v1/routes/13864/results
/api/v1/events/1395/result/753,1395,full_results_url,IFSC Paraclimbing European Championships Villars 2024,LEAD Men AU3,finished,2025-10-02 07:18:41 UTC,2026-04-23 10:25:35 UTC,,8999,lead,Qualification,Men AU3,finished,2024-08-24 12:10:20 UTC,/api/v1/category_rounds/8999/results,lead_one_group_two_routes,IFSC: 2 routes,49,,,,,,,13865,2,/api/v1/routes/13865/startlist,/api/v1/routes/13865/results
/api/v1/events/1395/result/753,1395,full_results_url,IFSC Paraclimbing European Championships Villars 2024,LEAD Men AU3,finished,2025-10-02 07:18:41 UTC,2026-04-23 10:25:35 UTC,,9269,lead,Final,Men AU3,finished,2024-08-25 14:57:15 UTC,/api/v1/category_rounds/9269/results,lead_one_group_one_route,IFSC: 1 route,51,,,,,,,13826,1,/api/v1/routes/13826/startlist,/api/v1/routes/13826/results
/api/v1/events/1395/result/758,1395,full_results_url,IFSC Paraclimbing European Championships Villars 2024,LEAD Women AU3,finished,2025-10-02 07:18:41 UTC,2026-04-23 10:25:34 UTC,,9000,lead,Qualification,Women AU3,finished,2024-08-24 13:59:49 UTC,/api/v1/category_rounds/9000/results,lead_one_group_two_routes,IFSC: 2 routes,49,,,,,,,13866,1,/api/v1/routes/13866/startlist,/api/v1/routes/13866/results
/api/v1/events/1395/result/758,1395,full_results_url,IFSC Paraclimbing European Championships Villars 2024,LEAD Women AU3,finished,2025-10-02 07:18:41 UTC,2026-04-23 10:25:34 UTC,,9000,lead,Qualification,Women AU3,finished,2024-08-24 13:59:49 UTC,/api/v1/category_rounds/9000/results,lead_one_group_two_routes,IFSC: 2 routes,49,,,,,,,13867,2,/api/v1/routes/13867/startlist,/api/v1/routes/13867/results
/api/v1/events/1395/result/758,1395,full_results_url,IFSC Paraclimbing European Championships Villars 2024,LEAD Women AU3,finished,2025-10-02 07:18:41 UTC,2026-04-23 10:25:34 UTC,,9270,lead,Final,Women AU3,finished,2024-08-25 14:37:18 UTC,/api/v1/category_rounds/9270/results,lead_one_group_one_route,IFSC: 1 route,51,,,,,,,13827,1,/api/v1/routes/13827/startlist,/api/v1/routes/13827/results
/api/v1/events/1381/result/225,1381,full_results_url,IFSC European Championships Villars 2024,LEAD Men,finished,2025-10-02 07:18:41 UTC,2026-04-22 08:34:58 UTC,,8708,lead,Qualification,Men,finished,2024-08-28 14:57:32 UTC,/api/v1/category_rounds/8708/results,lead_one_group_two_routes,IFSC: 2 routes,16,,,,,,,11991,1,/api/v1/routes/11991/startlist,/api/v1/routes/11991/results
/api/v1/events/1381/result/225,1381,full_results_url,IFSC European Championships Villars 2024,LEAD Men,finished,2025-10-02 07:18:41 UTC,2026-04-22 08:34:58 UTC,,8708,lead,Qualification,Men,finished,2024-08-28 14:57:32 UTC,/api/v1/category_rounds/8708/results,lead_one_group_two_routes,IFSC: 2 routes,16,,,,,,,11992,2,/api/v1/routes/11992/startlist,/api/v1/routes/11992/results
/api/v1/events/1381/result/225,1381,full_results_url,IFSC European Championships Villars 2024,LEAD Men,finished,2025-10-02 07:18:41 UTC,2026-04-22 08:34:58 UTC,,9241,lead,Semi-Final,Men,finished,2024-08-31 12:21:20 UTC,/api/v1/category_rounds/9241/results,lead_one_group_one_route,IFSC: 1 route,17,,,,,,,13784,1,/api/v1/routes/13784/startlist,/api/v1/routes/13784/results
/api/v1/events/1381/result/225,1381,full_results_url,IFSC European Championships Villars 2024,LEAD Men,finished,2025-10-02 07:18:41 UTC,2026-04-22 08:34:58 UTC,,9243,lead,Final,Men,finished,2024-08-31 19:52:34 UTC,/api/v1/category_rounds/9243/results,lead_one_group_one_route,IFSC: 1 route,18,,,,,,,13786,1,/api/v1/routes/13786/startlist,/api/v1/routes/13786/results
/api/v1/events/1381/result/229,1381,full_results_url,IFSC European Championships Villars 2024,LEAD Women,finished,2025-10-02 07:18:41 UTC,2026-04-22 08:35:01 UTC,,8709,lead,Qualification,Women,finished,2024-08-28 16:01:11 UTC,/api/v1/category_rounds/8709/results,lead_one_group_two_routes,IFSC: 2 routes,16,,,,,,,11993,1,/api/v1/routes/11993/startlist,/api/v1/routes/11993/results
/api/v1/events/1381/result/229,1381,full_results_url,IFSC European Championships Villars 2024,LEAD Women,finished,2025-10-02 07:18:41 UTC,2026-04-22 08:35:01 UTC,,8709,lead,Qualification,Women,finished,2024-08-28 16:01:11 UTC,/api/v1/category_rounds/8709/results,lead_one_group_two_routes,IFSC: 2 routes,16,,,,,,,11994,2,/api/v1/routes/11994/startlist,/api/v1/routes/11994/results
/api/v1/events/1381/result/229,1381,full_results_url,IFSC European Championships Villars 2024,LEAD Women,finished,2025-10-02 07:18:41 UTC,2026-04-22 08:35:01 UTC,,9242,lead,Semi-Final,Women,finished,2024-08-31 12:23:14 UTC,/api/v1/category_rounds/9242/results,lead_one_group_one_route,IFSC: 1 route,17,,,,,,,13785,1,/api/v1/routes/13785/startlist,/api/v1/routes/13785/results
/api/v1/events/1381/result/229,1381,full_results_url,IFSC European Championships Villars 2024,LEAD Women,finished,2025-10-02 07:18:41 UTC,2026-04-22 08:35:01 UTC,,9244,lead,Final,Women,finished,2024-08-31 18:57:57 UTC,/api/v1/category_rounds/9244/results,lead_one_group_one_route,IFSC: 1 route,18,,,,,,,13787,1,/api/v1/routes/13787/startlist,/api/v1/routes/13787/results
/api/v1/events/1381/result/226,1381,full_results_url,IFSC European Championships Villars 2024,SPEED Men,finished,2025-10-02 07:18:41 UTC,2026-04-22 08:35:05 UTC,,8710,speed,Qualification,Men,finished,2024-08-29 13:05:24 UTC,/api/v1/category_rounds/8710/results,speed_staggered,IFSC: Qualification,16,,,,,,,11995,A,/api/v1/routes/11995/startlist,
/api/v1/events/1381/result/226,1381,full_results_url,IFSC European Championships Villars 2024,SPEED Men,finished,2025-10-02 07:18:41 UTC,2026-04-22 08:35:05 UTC,,8710,speed,Qualification,Men,finished,2024-08-29 13:05:24 UTC,/api/v1/category_rounds/8710/results,speed_staggered,IFSC: Qualification,16,,,,,,,11996,B,/api/v1/routes/11996/startlist,
/api/v1/events/1381/result/226,1381,full_results_url,IFSC European Championships Villars 2024,SPEED Men,finished,2025-10-02 07:18:41 UTC,2026-04-22 08:35:05 UTC,,9245,speed,Final,Men,finished,2024-08-29 19:37:08 UTC,/api/v1/category_rounds/9245/results,speed_elimination_ifsc_2023,IFSC 2023+: Elimination,18,,,,,,,13788,A,/api/v1/routes/13788/startlist,
/api/v1/events/1381/result/226,1381,full_results_url,IFSC European Championships Villars 2024,SPEED Men,finished,2025-10-02 07:18:41 UTC,2026-04-22 08:35:05 UTC,,9245,speed,Final,Men,finished,2024-08-29 19:37:08 UTC,/api/v1/category_rounds/9245/results,speed_elimination_ifsc_2023,IFSC 2023+: Elimination,18,,,,,,,13789,B,/api/v1/routes/13789/startlist,
/api/v1/events/1381/result/230,1381,full_results_url,IFSC European Championships Villars 2024,SPEED Women,finished,2025-10-02 07:18:41 UTC,2026-04-22 08:35:08 UTC,,8711,speed,Qualification,Women,finished,2024-08-29 11:59:52 UTC,/api/v1/category_rounds/8711/results,speed_staggered,IFSC: Qualification,16,,,,,,,11997,A,/api/v1/routes/11997/startlist,
/api/v1/events/1381/result/230,1381,full_results_url,IFSC European Championships Villars 2024,SPEED Women,finished,2025-10-02 07:18:41 UTC,2026-04-22 08:35:08 UTC,,8711,speed,Qualification,Women,finished,2024-08-29 11:59:52 UTC,/api/v1/category_rounds/8711/results,speed_staggered,IFSC: Qualification,16,,,,,,,11998,B,/api/v1/routes/11998/startlist,
/api/v1/events/1381/result/230,1381,full_results_url,IFSC European Championships Villars 2024,SPEED Women,finished,2025-10-02 07:18:41 UTC,2026-04-22 08:35:08 UTC,,9246,speed,Final,Women,finished,2024-08-29 19:35:33 UTC,/api/v1/category_rounds/9246/results,speed_elimination_ifsc_2023,IFSC 2023+: Elimination,18,,,,,,,13790,A,/api/v1/routes/13790/startlist,
/api/v1/events/1381/result/230,1381,full_results_url,IFSC European Championships Villars 2024,SPEED Women,finished,2025-10-02 07:18:41 UTC,2026-04-22 08:35:08 UTC,,9246,speed,Final,Women,finished,2024-08-29 19:35:33 UTC,/api/v1/category_rounds/9246/results,speed_elimination_ifsc_2023,IFSC 2023+: Elimination,18,,,,,,,13791,B,/api/v1/routes/13791/startlist,
/api/v1/events/1381/result/227,1381,full_results_url,IFSC European Championships Villars 2024,BOULDER Men,finished,2025-10-02 07:18:41 UTC,2026-04-22 08:35:11 UTC,,9247,boulder,Semi-Final,Men,finished,2024-08-30 12:36:50 UTC,/api/v1/category_rounds/9247/results,boulder_one_group_one_boulder_set,IFSC: 1 group,17,,,,,,,13792,1,/api/v1/routes/13792/startlist,
/api/v1/events/1381/result/227,1381,full_results_url,IFSC European Championships Villars 2024,BOULDER Men,finished,2025-10-02 07:18:41 UTC,2026-04-22 08:35:11 UTC,,9247,boulder,Semi-Final,Men,finished,2024-08-30 12:36:50 UTC,/api/v1/category_rounds/9247/results,boulder_one_group_one_boulder_set,IFSC: 1 group,17,,,,,,,13793,2,/api/v1/routes/13793/startlist,
/api/v1/events/1381/result/227,1381,full_results_url,IFSC European Championships Villars 2024,BOULDER Men,finished,2025-10-02 07:18:41 UTC,2026-04-22 08:35:11 UTC,,9247,boulder,Semi-Final,Men,finished,2024-08-30 12:36:50 UTC,/api/v1/category_rounds/9247/results,boulder_one_group_one_boulder_set,IFSC: 1 group,17,,,,,,,13794,3,/api/v1/routes/13794/startlist,
/api/v1/events/1381/result/227,1381,full_results_url,IFSC European Championships Villars 2024,BOULDER Men,finished,2025-10-02 07:18:41 UTC,2026-04-22 08:35:11 UTC,,9247,boulder,Semi-Final,Men,finished,2024-08-30 12:36:50 UTC,/api/v1/category_rounds/9247/results,boulder_one_group_one_boulder_set,IFSC: 1 group,17,,,,,,,13795,4,/api/v1/routes/13795/startlist,
/api/v1/events/1381/result/227,1381,full_results_url,IFSC European Championships Villars 2024,BOULDER Men,finished,2025-10-02 07:18:41 UTC,2026-04-22 08:35:11 UTC,,9249,boulder,Final,Men,finished,2024-08-30 20:38:40 UTC,/api/v1/category_rounds/9249/results,boulder_one_group_one_boulder_set,IFSC: 1 group,18,,,,,,,13800,1,/api/v1/routes/13800/startlist,
/api/v1/events/1381/result/227,1381,full_results_url,IFSC European Championships Villars 2024,BOULDER Men,finished,2025-10-02 07:18:41 UTC,2026-04-22 08:35:11 UTC,,9249,boulder,Final,Men,finished,2024-08-30 20:38:40 UTC,/api/v1/category_rounds/9249/results,boulder_one_group_one_boulder_set,IFSC: 1 group,18,,,,,,,13801,2,/api/v1/routes/13801/startlist,
/api/v1/events/1381/result/227,1381,full_results_url,IFSC European Championships Villars 2024,BOULDER Men,finished,2025-10-02 07:18:41 UTC,2026-04-22 08:35:11 UTC,,9249,boulder,Final,Men,finished,2024-08-30 20:38:40 UTC,/api/v1/category_rounds/9249/results,boulder_one_group_one_boulder_set,IFSC: 1 group,18,,,,,,,13802,3,/api/v1/routes/13802/startlist,
/api/v1/events/1381/result/227,1381,full_results_url,IFSC European Championships Villars 2024,BOULDER Men,finished,2025-10-02 07:18:41 UTC,2026-04-22 08:35:11 UTC,,9249,boulder,Final,Men,finished,2024-08-30 20:38:40 UTC,/api/v1/category_rounds/9249/results,boulder_one_group_one_boulder_set,IFSC: 1 group,18,,,,,,,13803,4,/api/v1/routes/13803/startlist,
/api/v1/events/1381/result/231,1381,full_results_url,IFSC European Championships Villars 2024,BOULDER Women,finished,2025-10-02 07:18:41 UTC,2026-04-22 08:35:15 UTC,,9248,boulder,Semi-Final,Women,finished,2024-08-30 12:39:42 UTC,/api/v1/category_rounds/9248/results,boulder_one_group_one_boulder_set,IFSC: 1 group,17,,,,,,,13796,1,/api/v1/routes/13796/startlist,
/api/v1/events/1381/result/231,1381,full_results_url,IFSC European Championships Villars 2024,BOULDER Women,finished,2025-10-02 07:18:41 UTC,2026-04-22 08:35:15 UTC,,9248,boulder,Semi-Final,Women,finished,2024-08-30 12:39:42 UTC,/api/v1/category_rounds/9248/results,boulder_one_group_one_boulder_set,IFSC: 1 group,17,,,,,,,13797,2,/api/v1/routes/13797/startlist,
/api/v1/events/1381/result/231,1381,full_results_url,IFSC European Championships Villars 2024,BOULDER Women,finished,2025-10-02 07:18:41 UTC,2026-04-22 08:35:15 UTC,,9248,boulder,Semi-Final,Women,finished,2024-08-30 12:39:42 UTC,/api/v1/category_rounds/9248/results,boulder_one_group_one_boulder_set,IFSC: 1 group,17,,,,,,,13798,3,/api/v1/routes/13798/startlist,
/api/v1/events/1381/result/231,1381,full_results_url,IFSC European Championships Villars 2024,BOULDER Women,finished,2025-10-02 07:18:41 UTC,2026-04-22 08:35:15 UTC,,9248,boulder,Semi-Final,Women,finished,2024-08-30 12:39:42 UTC,/api/v1/category_rounds/9248/results,boulder_one_group_one_boulder_set,IFSC: 1 group,17,,,,,,,13799,4,/api/v1/routes/13799/startlist,
/api/v1/events/1381/result/231,1381,full_results_url,IFSC European Championships Villars 2024,BOULDER Women,finished,2025-10-02 07:18:41 UTC,2026-04-22 08:35:15 UTC,,9250,boulder,Final,Women,finished,2024-08-30 20:37:55 UTC,/api/v1/category_rounds/9250/results,boulder_one_group_one_boulder_set,IFSC: 1 group,18,,,,,,,13804,1,/api/v1/routes/13804/startlist,
/api/v1/events/1381/result/231,1381,full_results_url,IFSC European Championships Villars 2024,BOULDER Women,finished,2025-10-02 07:18:41 UTC,2026-04-22 08:35:15 UTC,,9250,boulder,Final,Women,finished,2024-08-30 20:37:55 UTC,/api/v1/category_rounds/9250/results,boulder_one_group_one_boulder_set,IFSC: 1 group,18,,,,,,,13805,2,/api/v1/routes/13805/startlist,
/api/v1/events/1381/result/231,1381,full_results_url,IFSC European Championships Villars 2024,BOULDER Women,finished,2025-10-02 07:18:41 UTC,2026-04-22 08:35:15 UTC,,9250,boulder,Final,Women,finished,2024-08-30 20:37:55 UTC,/api/v1/category_rounds/9250/results,boulder_one_group_one_boulder_set,IFSC: 1 group,18,,,,,,,13806,3,/api/v1/routes/13806/startlist,
/api/v1/events/1381/result/231,1381,full_results_url,IFSC European Championships Villars 2024,BOULDER Women,finished,2025-10-02 07:18:41 UTC,2026-04-22 08:35:15 UTC,,9250,boulder,Final,Women,finished,2024-08-30 20:37:55 UTC,/api/v1/category_rounds/9250/results,boulder_one_group_one_boulder_set,IFSC: 1 group,18,,,,,,,13807,4,/api/v1/routes/13807/startlist,
/api/v1/events/1381/result/669,1381,full_results_url,IFSC European Championships Villars 2024,BOULDER&LEAD Men,finished,2025-10-02 07:18:42 UTC,2026-04-22 08:35:19 UTC,,9239,boulder&lead,Qualification,Men,finished,2024-08-31 20:44:57 UTC,/api/v1/category_rounds/9239/results,bl_qualification,IFSC: Qualification,16,951.0,,boulder,finished,2024-08-31 20:42:37 UTC,/api/v1/combined_stages/951/results,13774,1,/api/v1/routes/13774/startlist,
/api/v1/events/1381/result/669,1381,full_results_url,IFSC European Championships Villars 2024,BOULDER&LEAD Men,finished,2025-10-02 07:18:42 UTC,2026-04-22 08:35:19 UTC,,9239,boulder&lead,Qualification,Men,finished,2024-08-31 20:44:57 UTC,/api/v1/category_rounds/9239/results,bl_qualification,IFSC: Qualification,16,951.0,,boulder,finished,2024-08-31 20:42:37 UTC,/api/v1/combined_stages/951/results,13775,2,/api/v1/routes/13775/startlist,
/api/v1/events/1381/result/669,1381,full_results_url,IFSC European Championships Villars 2024,BOULDER&LEAD Men,finished,2025-10-02 07:18:42 UTC,2026-04-22 08:35:19 UTC,,9239,boulder&lead,Qualification,Men,finished,2024-08-31 20:44:57 UTC,/api/v1/category_rounds/9239/results,bl_qualification,IFSC: Qualification,16,951.0,,boulder,finished,2024-08-31 20:42:37 UTC,/api/v1/combined_stages/951/results,13776,3,/api/v1/routes/13776/startlist,
/api/v1/events/1381/result/669,1381,full_results_url,IFSC European Championships Villars 2024,BOULDER&LEAD Men,finished,2025-10-02 07:18:42 UTC,2026-04-22 08:35:19 UTC,,9239,boulder&lead,Qualification,Men,finished,2024-08-31 20:44:57 UTC,/api/v1/category_rounds/9239/results,bl_qualification,IFSC: Qualification,16,951.0,,boulder,finished,2024-08-31 20:42:37 UTC,/api/v1/combined_stages/951/results,13777,4,/api/v1/routes/13777/startlist,
/api/v1/events/1381/result/669,1381,full_results_url,IFSC European Championships Villars 2024,BOULDER&LEAD Men,finished,2025-10-02 07:18:42 UTC,2026-04-22 08:35:19 UTC,,9239,boulder&lead,Qualification,Men,finished,2024-08-31 20:44:57 UTC,/api/v1/category_rounds/9239/results,bl_qualification,IFSC: Qualification,16,952.0,,lead,finished,2024-08-31 20:42:37 UTC,/api/v1/combined_stages/952/results,13778,1,/api/v1/routes/13778/startlist,/api/v1/routes/13778/results
/api/v1/events/1381/result/669,1381,full_results_url,IFSC European Championships Villars 2024,BOULDER&LEAD Men,finished,2025-10-02 07:18:42 UTC,2026-04-22 08:35:19 UTC,,9281,boulder&lead,Final,Men,finished,2024-09-01 16:06:22 UTC,/api/v1/category_rounds/9281/results,bl_final,IFSC: Finals,18,955.0,,boulder,finished,2024-09-01 14:17:58 UTC,/api/v1/combined_stages/955/results,13892,1,/api/v1/routes/13892/startlist,
/api/v1/events/1381/result/669,1381,full_results_url,IFSC European Championships Villars 2024,BOULDER&LEAD Men,finished,2025-10-02 07:18:42 UTC,2026-04-22 08:35:19 UTC,,9281,boulder&lead,Final,Men,finished,2024-09-01 16:06:22 UTC,/api/v1/category_rounds/9281/results,bl_final,IFSC: Finals,18,955.0,,boulder,finished,2024-09-01 14:17:58 UTC,/api/v1/combined_stages/955/results,13893,2,/api/v1/routes/13893/startlist,
/api/v1/events/1381/result/669,1381,full_results_url,IFSC European Championships Villars 2024,BOULDER&LEAD Men,finished,2025-10-02 07:18:42 UTC,2026-04-22 08:35:19 UTC,,9281,boulder&lead,Final,Men,finished,2024-09-01 16:06:22 UTC,/api/v1/category_rounds/9281/results,bl_final,IFSC: Finals,18,955.0,,boulder,finished,2024-09-01 14:17:58 UTC,/api/v1/combined_stages/955/results,13894,3,/api/v1/routes/13894/startlist,
/api/v1/events/1381/result/669,1381,full_results_url,IFSC European Championships Villars 2024,BOULDER&LEAD Men,finished,2025-10-02 07:18:42 UTC,2026-04-22 08:35:19 UTC,,9281,boulder&lead,Final,Men,finished,2024-09-01 16:06:22 UTC,/api/v1/category_rounds/9281/results,bl_final,IFSC: Finals,18,955.0,,boulder,finished,2024-09-01 14:17:58 UTC,/api/v1/combined_stages/955/results,13895,4,/api/v1/routes/13895/startlist,
/api/v1/events/1381/result/669,1381,full_results_url,IFSC European Championships Villars 2024,BOULDER&LEAD Men,finished,2025-10-02 07:18:42 UTC,2026-04-22 08:35:19 UTC,,9281,boulder&lead,Final,Men,finished,2024-09-01 16:06:22 UTC,/api/v1/category_rounds/9281/results,bl_final,IFSC: Finals,18,956.0,,lead,finished,2024-09-01 16:06:19 UTC,/api/v1/combined_stages/956/results,13896,1,/api/v1/routes/13896/startlist,/api/v1/routes/13896/results
/api/v1/events/1381/result/670,1381,full_results_url,IFSC European Championships Villars 2024,BOULDER&LEAD Women,finished,2025-10-02 07:18:42 UTC,2026-04-22 08:35:23 UTC,,9240,boulder&lead,Qualification,Women,finished,2024-08-31 20:46:16 UTC,/api/v1/category_rounds/9240/results,bl_qualification,IFSC: Qualification,16,953.0,,boulder,finished,2024-08-31 20:43:06 UTC,/api/v1/combined_stages/953/results,13779,1,/api/v1/routes/13779/startlist,
/api/v1/events/1381/result/670,1381,full_results_url,IFSC European Championships Villars 2024,BOULDER&LEAD Women,finished,2025-10-02 07:18:42 UTC,2026-04-22 08:35:23 UTC,,9240,boulder&lead,Qualification,Women,finished,2024-08-31 20:46:16 UTC,/api/v1/category_rounds/9240/results,bl_qualification,IFSC: Qualification,16,953.0,,boulder,finished,2024-08-31 20:43:06 UTC,/api/v1/combined_stages/953/results,13780,2,/api/v1/routes/13780/startlist,
/api/v1/events/1381/result/670,1381,full_results_url,IFSC European Championships Villars 2024,BOULDER&LEAD Women,finished,2025-10-02 07:18:42 UTC,2026-04-22 08:35:23 UTC,,9240,boulder&lead,Qualification,Women,finished,2024-08-31 20:46:16 UTC,/api/v1/category_rounds/9240/results,bl_qualification,IFSC: Qualification,16,953.0,,boulder,finished,2024-08-31 20:43:06 UTC,/api/v1/combined_stages/953/results,13781,3,/api/v1/routes/13781/startlist,
/api/v1/events/1381/result/670,1381,full_results_url,IFSC European Championships Villars 2024,BOULDER&LEAD Women,finished,2025-10-02 07:18:42 UTC,2026-04-22 08:35:23 UTC,,9240,boulder&lead,Qualification,Women,finished,2024-08-31 20:46:16 UTC,/api/v1/category_rounds/9240/results,bl_qualification,IFSC: Qualification,16,953.0,,boulder,finished,2024-08-31 20:43:06 UTC,/api/v1/combined_stages/953/results,13782,4,/api/v1/routes/13782/startlist,
/api/v1/events/1381/result/670,1381,full_results_url,IFSC European Championships Villars 2024,BOULDER&LEAD Women,finished,2025-10-02 07:18:42 UTC,2026-04-22 08:35:23 UTC,,9240,boulder&lead,Qualification,Women,finished,2024-08-31 20:46:16 UTC,/api/v1/category_rounds/9240/results,bl_qualification,IFSC: Qualification,16,954.0,,lead,finished,2024-08-31 20:43:06 UTC,/api/v1/combined_stages/954/results,13783,1,/api/v1/routes/13783/startlist,/api/v1/routes/13783/results
/api/v1/events/1381/result/670,1381,full_results_url,IFSC European Championships Villars 2024,BOULDER&LEAD Women,finished,2025-10-02 07:18:42 UTC,2026-04-22 08:35:23 UTC,,9282,boulder&lead,Final,Women,finished,2024-09-01 11:05:20 UTC,/api/v1/category_rounds/9282/results,bl_final,IFSC: Finals,18,957.0,,boulder,finished,2024-09-01 09:29:15 UTC,/api/v1/combined_stages/957/results,13897,1,/api/v1/routes/13897/startlist,
/api/v1/events/1381/result/670,1381,full_results_url,IFSC European Championships Villars 2024,BOULDER&LEAD Women,finished,2025-10-02 07:18:42 UTC,2026-04-22 08:35:23 UTC,,9282,boulder&lead,Final,Women,finished,2024-09-01 11:05:20 UTC,/api/v1/category_rounds/9282/results,bl_final,IFSC: Finals,18,957.0,,boulder,finished,2024-09-01 09:29:15 UTC,/api/v1/combined_stages/957/results,13898,2,/api/v1/routes/13898/startlist,
/api/v1/events/1381/result/670,1381,full_results_url,IFSC European Championships Villars 2024,BOULDER&LEAD Women,finished,2025-10-02 07:18:42 UTC,2026-04-22 08:35:23 UTC,,9282,boulder&lead,Final,Women,finished,2024-09-01 11:05:20 UTC,/api/v1/category_rounds/9282/results,bl_final,IFSC: Finals,18,957.0,,boulder,finished,2024-09-01 09:29:15 UTC,/api/v1/combined_stages/957/results,13899,3,/api/v1/routes/13899/startlist,
/api/v1/events/1381/result/670,1381,full_results_url,IFSC European Championships Villars 2024,BOULDER&LEAD Women,finished,2025-10-02 07:18:42 UTC,2026-04-22 08:35:23 UTC,,9282,boulder&lead,Final,Women,finished,2024-09-01 11:05:20 UTC,/api/v1/category_rounds/9282/results,bl_final,IFSC: Finals,18,957.0,,boulder,finished,2024-09-01 09:29:15 UTC,/api/v1/combined_stages/957/results,13900,4,/api/v1/routes/13900/startlist,
/api/v1/events/1381/result/670,1381,full_results_url,IFSC European Championships Villars 2024,BOULDER&LEAD Women,finished,2025-10-02 07:18:42 UTC,2026-04-22 08:35:23 UTC,,9282,boulder&lead,Final,Women,finished,2024-09-01 11:05:20 UTC,/api/v1/category_rounds/9282/results,bl_final,IFSC: Finals,18,958.0,,lead,finished,2024-09-01 11:04:43 UTC,/api/v1/combined_stages/958/results,13901,1,/api/v1/routes/13901/startlist,/api/v1/routes/13901/results
/api/v1/events/1359/result/1,1359,full_results_url,IFSC World Cup Koper 2024,LEAD Men,finished,2025-10-02 07:18:40 UTC,2026-04-23 12:20:25 UTC,,8526,lead,Qualification,Men,finished,2024-09-06 11:34:29 UTC,/api/v1/category_rounds/8526/results,lead_one_group_two_routes,IFSC: 2 routes,1,,,,,,,11365,1,/api/v1/routes/11365/startlist,/api/v1/routes/11365/results
/api/v1/events/1359/result/1,1359,full_results_url,IFSC World Cup Koper 2024,LEAD Men,finished,2025-10-02 07:18:40 UTC,2026-04-23 12:20:25 UTC,,8526,lead,Qualification,Men,finished,2024-09-06 11:34:29 UTC,/api/v1/category_rounds/8526/results,lead_one_group_two_routes,IFSC: 2 routes,1,,,,,,,11366,2,/api/v1/routes/11366/startlist,/api/v1/routes/11366/results
/api/v1/events/1359/result/1,1359,full_results_url,IFSC World Cup Koper 2024,LEAD Men,finished,2025-10-02 07:18:40 UTC,2026-04-23 12:20:25 UTC,,9283,lead,Semi-final,Men,finished,2024-09-06 21:25:19 UTC,/api/v1/category_rounds/9283/results,lead_one_group_one_route,IFSC: 1 route,2,,,,,,,13902,1,/api/v1/routes/13902/startlist,/api/v1/routes/13902/results
/api/v1/events/1359/result/1,1359,full_results_url,IFSC World Cup Koper 2024,LEAD Men,finished,2025-10-02 07:18:40 UTC,2026-04-23 12:20:25 UTC,,9285,lead,Final,Men,finished,2024-09-07 18:51:34 UTC,/api/v1/category_rounds/9285/results,lead_one_group_one_route,IFSC: 1 route,3,,,,,,,13904,1,/api/v1/routes/13904/startlist,/api/v1/routes/13904/results
/api/v1/events/1359/result/5,1359,full_results_url,IFSC World Cup Koper 2024,LEAD Women,finished,2025-10-02 07:18:40 UTC,2026-04-22 08:35:30 UTC,,8527,lead,Qualification,Women,finished,2024-09-06 11:51:36 UTC,/api/v1/category_rounds/8527/results,lead_one_group_two_routes,IFSC: 2 routes,1,,,,,,,11367,1,/api/v1/routes/11367/startlist,/api/v1/routes/11367/results
/api/v1/events/1359/result/5,1359,full_results_url,IFSC World Cup Koper 2024,LEAD Women,finished,2025-10-02 07:18:40 UTC,2026-04-22 08:35:30 UTC,,8527,lead,Qualification,Women,finished,2024-09-06 11:51:36 UTC,/api/v1/category_rounds/8527/results,lead_one_group_two_routes,IFSC: 2 routes,1,,,,,,,11368,2,/api/v1/routes/11368/startlist,/api/v1/routes/11368/results
/api/v1/events/1359/result/5,1359,full_results_url,IFSC World Cup Koper 2024,LEAD Women,finished,2025-10-02 07:18:40 UTC,2026-04-22 08:35:30 UTC,,9284,lead,Semi-final,Women,finished,2024-09-06 21:26:53 UTC,/api/v1/category_rounds/9284/results,lead_one_group_one_route,IFSC: 1 route,2,,,,,,,13903,1,/api/v1/routes/13903/startlist,/api/v1/routes/13903/results
/api/v1/events/1359/result/5,1359,full_results_url,IFSC World Cup Koper 2024,LEAD Women,finished,2025-10-02 07:18:40 UTC,2026-04-22 08:35:30 UTC,,9286,lead,Final,Women,finished,2024-09-07 19:51:09 UTC,/api/v1/category_rounds/9286/results,lead_one_group_one_route,IFSC: 1 route,3,,,,,,,13905,1,/api/v1/routes/13905/startlist,/api/v1/routes/13905/results
/api/v1/events/1392/result/353,1392,full_results_url,FISU University Championships Koper 2024,LEAD Men,finished,2025-10-02 07:18:41 UTC,2026-04-22 08:35:34 UTC,,8894,lead,Qualification,Men,finished,2024-09-11 12:07:55 UTC,/api/v1/category_rounds/8894/results,lead_one_group_two_routes,IFSC: 2 routes,34,,,,,,,12505,1,/api/v1/routes/12505/startlist,/api/v1/routes/12505/results
/api/v1/events/1392/result/353,1392,full_results_url,FISU University Championships Koper 2024,LEAD Men,finished,2025-10-02 07:18:41 UTC,2026-04-22 08:35:34 UTC,,8894,lead,Qualification,Men,finished,2024-09-11 12:07:55 UTC,/api/v1/category_rounds/8894/results,lead_one_group_two_routes,IFSC: 2 routes,34,,,,,,,12506,2,/api/v1/routes/12506/startlist,/api/v1/routes/12506/results
/api/v1/events/1392/result/353,1392,full_results_url,FISU University Championships Koper 2024,LEAD Men,finished,2025-10-02 07:18:41 UTC,2026-04-22 08:35:34 UTC,,9273,lead,Final,Men,finished,2024-09-12 09:53:15 UTC,/api/v1/category_rounds/9273/results,lead_one_group_one_route,IFSC: 1 route,36,,,,,,,13870,1,/api/v1/routes/13870/startlist,/api/v1/routes/13870/results
/api/v1/events/1392/result/373,1392,full_results_url,FISU University Championships Koper 2024,LEAD Women,finished,2025-10-02 07:18:41 UTC,2026-04-22 08:35:37 UTC,,8899,lead,Qualification,Women,finished,2024-09-11 11:25:20 UTC,/api/v1/category_rounds/8899/results,lead_one_group_two_routes,IFSC: 2 routes,34,,,,,,,12515,1,/api/v1/routes/12515/startlist,/api/v1/routes/12515/results
/api/v1/events/1392/result/373,1392,full_results_url,FISU University Championships Koper 2024,LEAD Women,finished,2025-10-02 07:18:41 UTC,2026-04-22 08:35:37 UTC,,8899,lead,Qualification,Women,finished,2024-09-11 11:25:20 UTC,/api/v1/category_rounds/8899/results,lead_one_group_two_routes,IFSC: 2 routes,34,,,,,,,12516,2,/api/v1/routes/12516/startlist,/api/v1/routes/12516/results
/api/v1/events/1392/result/373,1392,full_results_url,FISU University Championships Koper 2024,LEAD Women,finished,2025-10-02 07:18:41 UTC,2026-04-22 08:35:37 UTC,,9274,lead,Final,Women,finished,2024-09-12 10:06:43 UTC,/api/v1/category_rounds/9274/results,lead_one_group_one_route,IFSC: 1 route,36,,,,,,,13871,1,/api/v1/routes/13871/startlist,/api/v1/routes/13871/results
/api/v1/events/1392/result/354,1392,full_results_url,FISU University Championships Koper 2024,SPEED Men,finished,2025-10-02 07:18:41 UTC,2026-04-22 08:35:41 UTC,,8904,speed,Qualification,Men,finished,2024-09-10 12:01:01 UTC,/api/v1/category_rounds/8904/results,speed_staggered,IFSC: Qualification,34,,,,,,,12525,A,/api/v1/routes/12525/startlist,
/api/v1/events/1392/result/354,1392,full_results_url,FISU University Championships Koper 2024,SPEED Men,finished,2025-10-02 07:18:41 UTC,2026-04-22 08:35:41 UTC,,8904,speed,Qualification,Men,finished,2024-09-10 12:01:01 UTC,/api/v1/category_rounds/8904/results,speed_staggered,IFSC: Qualification,34,,,,,,,12526,B,/api/v1/routes/12526/startlist,
/api/v1/events/1392/result/354,1392,full_results_url,FISU University Championships Koper 2024,SPEED Men,finished,2025-10-02 07:18:41 UTC,2026-04-22 08:35:41 UTC,,9275,speed,Final,Men,finished,2024-09-11 15:15:04 UTC,/api/v1/category_rounds/9275/results,speed_elimination_ifsc_2023,IFSC 2023+: Elimination,36,,,,,,,13872,A,/api/v1/routes/13872/startlist,
/api/v1/events/1392/result/354,1392,full_results_url,FISU University Championships Koper 2024,SPEED Men,finished,2025-10-02 07:18:41 UTC,2026-04-22 08:35:41 UTC,,9275,speed,Final,Men,finished,2024-09-11 15:15:04 UTC,/api/v1/category_rounds/9275/results,speed_elimination_ifsc_2023,IFSC 2023+: Elimination,36,,,,,,,13873,B,/api/v1/routes/13873/startlist,
/api/v1/events/1392/result/374,1392,full_results_url,FISU University Championships Koper 2024,SPEED Women,finished,2025-10-02 07:18:41 UTC,2026-04-22 08:35:44 UTC,,8909,speed,Qualification,Women,finished,2024-09-10 12:53:52 UTC,/api/v1/category_rounds/8909/results,speed_staggered,IFSC: Qualification,34,,,,,,,12535,A,/api/v1/routes/12535/startlist,
/api/v1/events/1392/result/374,1392,full_results_url,FISU University Championships Koper 2024,SPEED Women,finished,2025-10-02 07:18:41 UTC,2026-04-22 08:35:44 UTC,,8909,speed,Qualification,Women,finished,2024-09-10 12:53:52 UTC,/api/v1/category_rounds/8909/results,speed_staggered,IFSC: Qualification,34,,,,,,,12536,B,/api/v1/routes/12536/startlist,
/api/v1/events/1392/result/374,1392,full_results_url,FISU University Championships Koper 2024,SPEED Women,finished,2025-10-02 07:18:41 UTC,2026-04-22 08:35:44 UTC,,9276,speed,Final,Women,finished,2024-09-11 15:13:21 UTC,/api/v1/category_rounds/9276/results,speed_elimination_ifsc_2023,IFSC 2023+: Elimination,36,,,,,,,13874,A,/api/v1/routes/13874/startlist,
/api/v1/events/1392/result/374,1392,full_results_url,FISU University Championships Koper 2024,SPEED Women,finished,2025-10-02 07:18:41 UTC,2026-04-22 08:35:44 UTC,,9276,speed,Final,Women,finished,2024-09-11 15:13:21 UTC,/api/v1/category_rounds/9276/results,speed_elimination_ifsc_2023,IFSC 2023+: Elimination,36,,,,,,,13875,B,/api/v1/routes/13875/startlist,
/api/v1/events/1392/result/355,1392,full_results_url,FISU University Championships Koper 2024,BOULDER Men,finished,2025-10-02 07:18:41 UTC,2026-04-22 08:35:48 UTC,,8914,boulder,Qualification,Men,finished,2024-09-09 16:31:39 UTC,/api/v1/category_rounds/8914/results,boulder_one_group_one_boulder_set,IFSC: 1 group,34,,,,,,,12545,1,/api/v1/routes/12545/startlist,
/api/v1/events/1392/result/355,1392,full_results_url,FISU University Championships Koper 2024,BOULDER Men,finished,2025-10-02 07:18:41 UTC,2026-04-22 08:35:48 UTC,,8914,boulder,Qualification,Men,finished,2024-09-09 16:31:39 UTC,/api/v1/category_rounds/8914/results,boulder_one_group_one_boulder_set,IFSC: 1 group,34,,,,,,,12546,2,/api/v1/routes/12546/startlist,
/api/v1/events/1392/result/355,1392,full_results_url,FISU University Championships Koper 2024,BOULDER Men,finished,2025-10-02 07:18:41 UTC,2026-04-22 08:35:48 UTC,,8914,boulder,Qualification,Men,finished,2024-09-09 16:31:39 UTC,/api/v1/category_rounds/8914/results,boulder_one_group_one_boulder_set,IFSC: 1 group,34,,,,,,,12547,3,/api/v1/routes/12547/startlist,
/api/v1/events/1392/result/355,1392,full_results_url,FISU University Championships Koper 2024,BOULDER Men,finished,2025-10-02 07:18:41 UTC,2026-04-22 08:35:48 UTC,,8914,boulder,Qualification,Men,finished,2024-09-09 16:31:39 UTC,/api/v1/category_rounds/8914/results,boulder_one_group_one_boulder_set,IFSC: 1 group,34,,,,,,,12548,4,/api/v1/routes/12548/startlist,
/api/v1/events/1392/result/355,1392,full_results_url,FISU University Championships Koper 2024,BOULDER Men,finished,2025-10-02 07:18:41 UTC,2026-04-22 08:35:48 UTC,,8914,boulder,Qualification,Men,finished,2024-09-09 16:31:39 UTC,/api/v1/category_rounds/8914/results,boulder_one_group_one_boulder_set,IFSC: 1 group,34,,,,,,,12549,5,/api/v1/routes/12549/startlist,
/api/v1/events/1392/result/355,1392,full_results_url,FISU University Championships Koper 2024,BOULDER Men,finished,2025-10-02 07:18:41 UTC,2026-04-22 08:35:48 UTC,,9277,boulder,Semi-Final,Men,finished,2024-09-10 09:38:41 UTC,/api/v1/category_rounds/9277/results,boulder_one_group_one_boulder_set,IFSC: 1 group,35,,,,,,,13876,1,/api/v1/routes/13876/startlist,
/api/v1/events/1392/result/355,1392,full_results_url,FISU University Championships Koper 2024,BOULDER Men,finished,2025-10-02 07:18:41 UTC,2026-04-22 08:35:48 UTC,,9277,boulder,Semi-Final,Men,finished,2024-09-10 09:38:41 UTC,/api/v1/category_rounds/9277/results,boulder_one_group_one_boulder_set,IFSC: 1 group,35,,,,,,,13877,2,/api/v1/routes/13877/startlist,
/api/v1/events/1392/result/355,1392,full_results_url,FISU University Championships Koper 2024,BOULDER Men,finished,2025-10-02 07:18:41 UTC,2026-04-22 08:35:48 UTC,,9277,boulder,Semi-Final,Men,finished,2024-09-10 09:38:41 UTC,/api/v1/category_rounds/9277/results,boulder_one_group_one_boulder_set,IFSC: 1 group,35,,,,,,,13878,3,/api/v1/routes/13878/startlist,
/api/v1/events/1392/result/355,1392,full_results_url,FISU University Championships Koper 2024,BOULDER Men,finished,2025-10-02 07:18:41 UTC,2026-04-22 08:35:48 UTC,,9277,boulder,Semi-Final,Men,finished,2024-09-10 09:38:41 UTC,/api/v1/category_rounds/9277/results,boulder_one_group_one_boulder_set,IFSC: 1 group,35,,,,,,,13879,4,/api/v1/routes/13879/startlist,
/api/v1/events/1392/result/355,1392,full_results_url,FISU University Championships Koper 2024,BOULDER Men,finished,2025-10-02 07:18:41 UTC,2026-04-22 08:35:48 UTC,,9279,boulder,Final,Men,finished,2024-09-10 18:44:16 UTC,/api/v1/category_rounds/9279/results,boulder_finals_one_by_one,IFSC: Finals,36,,,,,,,13884,1,/api/v1/routes/13884/startlist,
/api/v1/events/1392/result/355,1392,full_results_url,FISU University Championships Koper 2024,BOULDER Men,finished,2025-10-02 07:18:41 UTC,2026-04-22 08:35:48 UTC,,9279,boulder,Final,Men,finished,2024-09-10 18:44:16 UTC,/api/v1/category_rounds/9279/results,boulder_finals_one_by_one,IFSC: Finals,36,,,,,,,13885,2,/api/v1/routes/13885/startlist,
/api/v1/events/1392/result/355,1392,full_results_url,FISU University Championships Koper 2024,BOULDER Men,finished,2025-10-02 07:18:41 UTC,2026-04-22 08:35:48 UTC,,9279,boulder,Final,Men,finished,2024-09-10 18:44:16 UTC,/api/v1/category_rounds/9279/results,boulder_finals_one_by_one,IFSC: Finals,36,,,,,,,13886,3,/api/v1/routes/13886/startlist,
/api/v1/events/1392/result/355,1392,full_results_url,FISU University Championships Koper 2024,BOULDER Men,finished,2025-10-02 07:18:41 UTC,2026-04-22 08:35:48 UTC,,9279,boulder,Final,Men,finished,2024-09-10 18:44:16 UTC,/api/v1/category_rounds/9279/results,boulder_finals_one_by_one,IFSC: Finals,36,,,,,,,13887,4,/api/v1/routes/13887/startlist,
/api/v1/events/1392/result/375,1392,full_results_url,FISU University Championships Koper 2024,BOULDER Women,finished,2025-10-02 07:18:41 UTC,2026-04-22 08:35:52 UTC,,8919,boulder,Qualification,Women,finished,2024-09-09 15:57:05 UTC,/api/v1/category_rounds/8919/results,boulder_one_group_one_boulder_set,IFSC: 1 group,34,,,,,,,12570,1,/api/v1/routes/12570/startlist,
/api/v1/events/1392/result/375,1392,full_results_url,FISU University Championships Koper 2024,BOULDER Women,finished,2025-10-02 07:18:41 UTC,2026-04-22 08:35:52 UTC,,8919,boulder,Qualification,Women,finished,2024-09-09 15:57:05 UTC,/api/v1/category_rounds/8919/results,boulder_one_group_one_boulder_set,IFSC: 1 group,34,,,,,,,12571,2,/api/v1/routes/12571/startlist,
/api/v1/events/1392/result/375,1392,full_results_url,FISU University Championships Koper 2024,BOULDER Women,finished,2025-10-02 07:18:41 UTC,2026-04-22 08:35:52 UTC,,8919,boulder,Qualification,Women,finished,2024-09-09 15:57:05 UTC,/api/v1/category_rounds/8919/results,boulder_one_group_one_boulder_set,IFSC: 1 group,34,,,,,,,12572,3,/api/v1/routes/12572/startlist,
/api/v1/events/1392/result/375,1392,full_results_url,FISU University Championships Koper 2024,BOULDER Women,finished,2025-10-02 07:18:41 UTC,2026-04-22 08:35:52 UTC,,8919,boulder,Qualification,Women,finished,2024-09-09 15:57:05 UTC,/api/v1/category_rounds/8919/results,boulder_one_group_one_boulder_set,IFSC: 1 group,34,,,,,,,12573,4,/api/v1/routes/12573/startlist,
/api/v1/events/1392/result/375,1392,full_results_url,FISU University Championships Koper 2024,BOULDER Women,finished,2025-10-02 07:18:41 UTC,2026-04-22 08:35:52 UTC,,8919,boulder,Qualification,Women,finished,2024-09-09 15:57:05 UTC,/api/v1/category_rounds/8919/results,boulder_one_group_one_boulder_set,IFSC: 1 group,34,,,,,,,12574,5,/api/v1/routes/12574/startlist,
/api/v1/events/1392/result/375,1392,full_results_url,FISU University Championships Koper 2024,BOULDER Women,finished,2025-10-02 07:18:41 UTC,2026-04-22 08:35:52 UTC,,9278,boulder,Semi-Final,Women,finished,2024-09-10 09:25:00 UTC,/api/v1/category_rounds/9278/results,boulder_one_group_one_boulder_set,IFSC: 1 group,35,,,,,,,13880,1,/api/v1/routes/13880/startlist,
/api/v1/events/1392/result/375,1392,full_results_url,FISU University Championships Koper 2024,BOULDER Women,finished,2025-10-02 07:18:41 UTC,2026-04-22 08:35:52 UTC,,9278,boulder,Semi-Final,Women,finished,2024-09-10 09:25:00 UTC,/api/v1/category_rounds/9278/results,boulder_one_group_one_boulder_set,IFSC: 1 group,35,,,,,,,13881,2,/api/v1/routes/13881/startlist,
/api/v1/events/1392/result/375,1392,full_results_url,FISU University Championships Koper 2024,BOULDER Women,finished,2025-10-02 07:18:41 UTC,2026-04-22 08:35:52 UTC,,9278,boulder,Semi-Final,Women,finished,2024-09-10 09:25:00 UTC,/api/v1/category_rounds/9278/results,boulder_one_group_one_boulder_set,IFSC: 1 group,35,,,,,,,13882,3,/api/v1/routes/13882/startlist,
/api/v1/events/1392/result/375,1392,full_results_url,FISU University Championships Koper 2024,BOULDER Women,finished,2025-10-02 07:18:41 UTC,2026-04-22 08:35:52 UTC,,9278,boulder,Semi-Final,Women,finished,2024-09-10 09:25:00 UTC,/api/v1/category_rounds/9278/results,boulder_one_group_one_boulder_set,IFSC: 1 group,35,,,,,,,13883,4,/api/v1/routes/13883/startlist,
/api/v1/events/1392/result/375,1392,full_results_url,FISU University Championships Koper 2024,BOULDER Women,finished,2025-10-02 07:18:41 UTC,2026-04-22 08:35:52 UTC,,9280,boulder,Final,Women,finished,2024-09-10 18:42:07 UTC,/api/v1/category_rounds/9280/results,boulder_finals_one_by_one,IFSC: Finals,36,,,,,,,13888,1,/api/v1/routes/13888/startlist,
/api/v1/events/1392/result/375,1392,full_results_url,FISU University Championships Koper 2024,BOULDER Women,finished,2025-10-02 07:18:41 UTC,2026-04-22 08:35:52 UTC,,9280,boulder,Final,Women,finished,2024-09-10 18:42:07 UTC,/api/v1/category_rounds/9280/results,boulder_finals_one_by_one,IFSC: Finals,36,,,,,,,13889,2,/api/v1/routes/13889/startlist,
/api/v1/events/1392/result/375,1392,full_results_url,FISU University Championships Koper 2024,BOULDER Women,finished,2025-10-02 07:18:41 UTC,2026-04-22 08:35:52 UTC,,9280,boulder,Final,Women,finished,2024-09-10 18:42:07 UTC,/api/v1/category_rounds/9280/results,boulder_finals_one_by_one,IFSC: Finals,36,,,,,,,13890,3,/api/v1/routes/13890/startlist,
/api/v1/events/1392/result/375,1392,full_results_url,FISU University Championships Koper 2024,BOULDER Women,finished,2025-10-02 07:18:41 UTC,2026-04-22 08:35:52 UTC,,9280,boulder,Final,Women,finished,2024-09-10 18:42:07 UTC,/api/v1/category_rounds/9280/results,boulder_finals_one_by_one,IFSC: Finals,36,,,,,,,13891,4,/api/v1/routes/13891/startlist,
/api/v1/events/1373/result/225,1373,full_results_url,IFSC European Cup Casalecchio di Reno 2024,LEAD Men,finished,2025-10-02 07:18:40 UTC,2026-04-22 08:35:56 UTC,,8628,lead,Qualification,Men,finished,2024-09-14 11:56:31 UTC,/api/v1/category_rounds/8628/results,lead_one_group_two_routes,IFSC: 2 routes,16,,,,,,,11717,1,/api/v1/routes/11717/startlist,/api/v1/routes/11717/results
/api/v1/events/1373/result/225,1373,full_results_url,IFSC European Cup Casalecchio di Reno 2024,LEAD Men,finished,2025-10-02 07:18:40 UTC,2026-04-22 08:35:56 UTC,,8628,lead,Qualification,Men,finished,2024-09-14 11:56:31 UTC,/api/v1/category_rounds/8628/results,lead_one_group_two_routes,IFSC: 2 routes,16,,,,,,,11718,2,/api/v1/routes/11718/startlist,/api/v1/routes/11718/results
/api/v1/events/1373/result/225,1373,full_results_url,IFSC European Cup Casalecchio di Reno 2024,LEAD Men,finished,2025-10-02 07:18:40 UTC,2026-04-22 08:35:56 UTC,,9293,lead,Semi-Final,Men,finished,2024-09-15 10:36:43 UTC,/api/v1/category_rounds/9293/results,lead_one_group_one_route,IFSC: 1 route,17,,,,,,,13912,1,/api/v1/routes/13912/startlist,/api/v1/routes/13912/results
/api/v1/events/1373/result/225,1373,full_results_url,IFSC European Cup Casalecchio di Reno 2024,LEAD Men,finished,2025-10-02 07:18:40 UTC,2026-04-22 08:35:56 UTC,,9295,lead,Final,Men,finished,2024-09-15 15:16:27 UTC,/api/v1/category_rounds/9295/results,lead_one_group_one_route,IFSC: 1 route,18,,,,,,,13914,1,/api/v1/routes/13914/startlist,/api/v1/routes/13914/results
/api/v1/events/1373/result/229,1373,full_results_url,IFSC European Cup Casalecchio di Reno 2024,LEAD Women,finished,2025-10-02 07:18:40 UTC,2026-04-22 08:35:59 UTC,,8629,lead,Qualification,Women,finished,2024-09-14 11:11:25 UTC,/api/v1/category_rounds/8629/results,lead_one_group_two_routes,IFSC: 2 routes,16,,,,,,,11719,1,/api/v1/routes/11719/startlist,/api/v1/routes/11719/results
/api/v1/events/1373/result/229,1373,full_results_url,IFSC European Cup Casalecchio di Reno 2024,LEAD Women,finished,2025-10-02 07:18:40 UTC,2026-04-22 08:35:59 UTC,,8629,lead,Qualification,Women,finished,2024-09-14 11:11:25 UTC,/api/v1/category_rounds/8629/results,lead_one_group_two_routes,IFSC: 2 routes,16,,,,,,,11720,2,/api/v1/routes/11720/startlist,/api/v1/routes/11720/results
/api/v1/events/1373/result/229,1373,full_results_url,IFSC European Cup Casalecchio di Reno 2024,LEAD Women,finished,2025-10-02 07:18:40 UTC,2026-04-22 08:35:59 UTC,,9294,lead,Semi-Final,Women,finished,2024-09-15 10:31:31 UTC,/api/v1/category_rounds/9294/results,lead_one_group_one_route,IFSC: 1 route,17,,,,,,,13913,1,/api/v1/routes/13913/startlist,/api/v1/routes/13913/results
/api/v1/events/1373/result/229,1373,full_results_url,IFSC European Cup Casalecchio di Reno 2024,LEAD Women,finished,2025-10-02 07:18:40 UTC,2026-04-22 08:35:59 UTC,,9296,lead,Final,Women,finished,2024-09-15 15:17:32 UTC,/api/v1/category_rounds/9296/results,lead_one_group_one_route,IFSC: 1 route,18,,,,,,,13915,1,/api/v1/routes/13915/startlist,/api/v1/routes/13915/results
/api/v1/events/1373/result/226,1373,full_results_url,IFSC European Cup Casalecchio di Reno 2024,SPEED Men,finished,2025-10-02 07:18:40 UTC,2026-04-22 08:36:02 UTC,,8630,speed,Qualification,Men,finished,2024-09-14 16:32:41 UTC,/api/v1/category_rounds/8630/results,speed_staggered,IFSC: Qualification,16,,,,,,,11721,A,/api/v1/routes/11721/startlist,
/api/v1/events/1373/result/226,1373,full_results_url,IFSC European Cup Casalecchio di Reno 2024,SPEED Men,finished,2025-10-02 07:18:40 UTC,2026-04-22 08:36:02 UTC,,8630,speed,Qualification,Men,finished,2024-09-14 16:32:41 UTC,/api/v1/category_rounds/8630/results,speed_staggered,IFSC: Qualification,16,,,,,,,11722,B,/api/v1/routes/11722/startlist,
/api/v1/events/1373/result/226,1373,full_results_url,IFSC European Cup Casalecchio di Reno 2024,SPEED Men,finished,2025-10-02 07:18:40 UTC,2026-04-22 08:36:02 UTC,,9297,speed,Final,Men,finished,2024-09-14 17:59:34 UTC,/api/v1/category_rounds/9297/results,speed_elimination_ifsc_2023,IFSC 2023+: Elimination,18,,,,,,,13916,A,/api/v1/routes/13916/startlist,
/api/v1/events/1373/result/226,1373,full_results_url,IFSC European Cup Casalecchio di Reno 2024,SPEED Men,finished,2025-10-02 07:18:40 UTC,2026-04-22 08:36:02 UTC,,9297,speed,Final,Men,finished,2024-09-14 17:59:34 UTC,/api/v1/category_rounds/9297/results,speed_elimination_ifsc_2023,IFSC 2023+: Elimination,18,,,,,,,13917,B,/api/v1/routes/13917/startlist,
/api/v1/events/1373/result/230,1373,full_results_url,IFSC European Cup Casalecchio di Reno 2024,SPEED Women,finished,2025-10-02 07:18:40 UTC,2026-04-22 08:36:06 UTC,,8631,speed,Qualification,Women,finished,2024-09-14 15:52:10 UTC,/api/v1/category_rounds/8631/results,speed_staggered,IFSC: Qualification,16,,,,,,,11723,A,/api/v1/routes/11723/startlist,
/api/v1/events/1373/result/230,1373,full_results_url,IFSC European Cup Casalecchio di Reno 2024,SPEED Women,finished,2025-10-02 07:18:40 UTC,2026-04-22 08:36:06 UTC,,8631,speed,Qualification,Women,finished,2024-09-14 15:52:10 UTC,/api/v1/category_rounds/8631/results,speed_staggered,IFSC: Qualification,16,,,,,,,11724,B,/api/v1/routes/11724/startlist,
/api/v1/events/1373/result/230,1373,full_results_url,IFSC European Cup Casalecchio di Reno 2024,SPEED Women,finished,2025-10-02 07:18:40 UTC,2026-04-22 08:36:06 UTC,,9298,speed,Final,Women,finished,2024-09-14 18:00:27 UTC,/api/v1/category_rounds/9298/results,speed_elimination_ifsc_2023,IFSC 2023+: Elimination,18,,,,,,,13918,A,/api/v1/routes/13918/startlist,
/api/v1/events/1373/result/230,1373,full_results_url,IFSC European Cup Casalecchio di Reno 2024,SPEED Women,finished,2025-10-02 07:18:40 UTC,2026-04-22 08:36:06 UTC,,9298,speed,Final,Women,finished,2024-09-14 18:00:27 UTC,/api/v1/category_rounds/9298/results,speed_elimination_ifsc_2023,IFSC 2023+: Elimination,18,,,,,,,13919,B,/api/v1/routes/13919/startlist,
/api/v1/events/1360/result/3,1360,full_results_url,IFSC World Cup Prague 2024,BOULDER Men,finished,2025-10-02 07:18:40 UTC,2026-04-22 08:36:09 UTC,,9299,boulder,Semi-final,Men,finished,2024-09-21 12:16:56 UTC,/api/v1/category_rounds/9299/results,boulder_one_group_one_boulder_set,IFSC: 1 group,2,,,,,,,13920,1,/api/v1/routes/13920/startlist,
/api/v1/events/1360/result/3,1360,full_results_url,IFSC World Cup Prague 2024,BOULDER Men,finished,2025-10-02 07:18:40 UTC,2026-04-22 08:36:09 UTC,,9299,boulder,Semi-final,Men,finished,2024-09-21 12:16:56 UTC,/api/v1/category_rounds/9299/results,boulder_one_group_one_boulder_set,IFSC: 1 group,2,,,,,,,13921,2,/api/v1/routes/13921/startlist,
/api/v1/events/1360/result/3,1360,full_results_url,IFSC World Cup Prague 2024,BOULDER Men,finished,2025-10-02 07:18:40 UTC,2026-04-22 08:36:09 UTC,,9299,boulder,Semi-final,Men,finished,2024-09-21 12:16:56 UTC,/api/v1/category_rounds/9299/results,boulder_one_group_one_boulder_set,IFSC: 1 group,2,,,,,,,13922,3,/api/v1/routes/13922/startlist,
/api/v1/events/1360/result/3,1360,full_results_url,IFSC World Cup Prague 2024,BOULDER Men,finished,2025-10-02 07:18:40 UTC,2026-04-22 08:36:09 UTC,,9299,boulder,Semi-final,Men,finished,2024-09-21 12:16:56 UTC,/api/v1/category_rounds/9299/results,boulder_one_group_one_boulder_set,IFSC: 1 group,2,,,,,,,13923,4,/api/v1/routes/13923/startlist,
/api/v1/events/1360/result/3,1360,full_results_url,IFSC World Cup Prague 2024,BOULDER Men,finished,2025-10-02 07:18:40 UTC,2026-04-22 08:36:09 UTC,,9301,boulder,Final,Men,finished,2024-09-21 18:22:21 UTC,/api/v1/category_rounds/9301/results,boulder_finals_one_by_one,IFSC: Finals,3,,,,,,,13928,1,/api/v1/routes/13928/startlist,
/api/v1/events/1360/result/3,1360,full_results_url,IFSC World Cup Prague 2024,BOULDER Men,finished,2025-10-02 07:18:40 UTC,2026-04-22 08:36:09 UTC,,9301,boulder,Final,Men,finished,2024-09-21 18:22:21 UTC,/api/v1/category_rounds/9301/results,boulder_finals_one_by_one,IFSC: Finals,3,,,,,,,13929,2,/api/v1/routes/13929/startlist,
/api/v1/events/1360/result/3,1360,full_results_url,IFSC World Cup Prague 2024,BOULDER Men,finished,2025-10-02 07:18:40 UTC,2026-04-22 08:36:09 UTC,,9301,boulder,Final,Men,finished,2024-09-21 18:22:21 UTC,/api/v1/category_rounds/9301/results,boulder_finals_one_by_one,IFSC: Finals,3,,,,,,,13930,3,/api/v1/routes/13930/startlist,
/api/v1/events/1360/result/3,1360,full_results_url,IFSC World Cup Prague 2024,BOULDER Men,finished,2025-10-02 07:18:40 UTC,2026-04-22 08:36:09 UTC,,9301,boulder,Final,Men,finished,2024-09-21 18:22:21 UTC,/api/v1/category_rounds/9301/results,boulder_finals_one_by_one,IFSC: Finals,3,,,,,,,13931,4,/api/v1/routes/13931/startlist,
/api/v1/events/1360/result/7,1360,full_results_url,IFSC World Cup Prague 2024,BOULDER Women,finished,2025-10-02 07:18:40 UTC,2026-04-22 08:36:13 UTC,,9300,boulder,Semi-final,Women,finished,2024-09-22 12:35:22 UTC,/api/v1/category_rounds/9300/results,boulder_one_group_one_boulder_set,IFSC: 1 group,2,,,,,,,13924,1,/api/v1/routes/13924/startlist,
/api/v1/events/1360/result/7,1360,full_results_url,IFSC World Cup Prague 2024,BOULDER Women,finished,2025-10-02 07:18:40 UTC,2026-04-22 08:36:13 UTC,,9300,boulder,Semi-final,Women,finished,2024-09-22 12:35:22 UTC,/api/v1/category_rounds/9300/results,boulder_one_group_one_boulder_set,IFSC: 1 group,2,,,,,,,13925,2,/api/v1/routes/13925/startlist,
/api/v1/events/1360/result/7,1360,full_results_url,IFSC World Cup Prague 2024,BOULDER Women,finished,2025-10-02 07:18:40 UTC,2026-04-22 08:36:13 UTC,,9300,boulder,Semi-final,Women,finished,2024-09-22 12:35:22 UTC,/api/v1/category_rounds/9300/results,boulder_one_group_one_boulder_set,IFSC: 1 group,2,,,,,,,13926,3,/api/v1/routes/13926/startlist,
/api/v1/events/1360/result/7,1360,full_results_url,IFSC World Cup Prague 2024,BOULDER Women,finished,2025-10-02 07:18:40 UTC,2026-04-22 08:36:13 UTC,,9300,boulder,Semi-final,Women,finished,2024-09-22 12:35:22 UTC,/api/v1/category_rounds/9300/results,boulder_one_group_one_boulder_set,IFSC: 1 group,2,,,,,,,13927,4,/api/v1/routes/13927/startlist,
/api/v1/events/1360/result/7,1360,full_results_url,IFSC World Cup Prague 2024,BOULDER Women,finished,2025-10-02 07:18:40 UTC,2026-04-22 08:36:13 UTC,,9302,boulder,Final,Women,finished,2024-09-22 18:22:07 UTC,/api/v1/category_rounds/9302/results,boulder_finals_one_by_one,IFSC: Finals,3,,,,,,,13932,1,/api/v1/routes/13932/startlist,
/api/v1/events/1360/result/7,1360,full_results_url,IFSC World Cup Prague 2024,BOULDER Women,finished,2025-10-02 07:18:40 UTC,2026-04-22 08:36:13 UTC,,9302,boulder,Final,Women,finished,2024-09-22 18:22:07 UTC,/api/v1/category_rounds/9302/results,boulder_finals_one_by_one,IFSC: Finals,3,,,,,,,13933,2,/api/v1/routes/13933/startlist,
/api/v1/events/1360/result/7,1360,full_results_url,IFSC World Cup Prague 2024,BOULDER Women,finished,2025-10-02 07:18:40 UTC,2026-04-22 08:36:13 UTC,,9302,boulder,Final,Women,finished,2024-09-22 18:22:07 UTC,/api/v1/category_rounds/9302/results,boulder_finals_one_by_one,IFSC: Finals,3,,,,,,,13934,3,/api/v1/routes/13934/startlist,
/api/v1/events/1360/result/7,1360,full_results_url,IFSC World Cup Prague 2024,BOULDER Women,finished,2025-10-02 07:18:40 UTC,2026-04-22 08:36:13 UTC,,9302,boulder,Final,Women,finished,2024-09-22 18:22:07 UTC,/api/v1/category_rounds/9302/results,boulder_finals_one_by_one,IFSC: Finals,3,,,,,,,13935,4,/api/v1/routes/13935/startlist,
/api/v1/events/1379/result/233,1379,full_results_url,IFSC Youth European Cup Ostermundigen 2024,LEAD Juniors Male,finished,2025-10-02 07:18:41 UTC,2026-04-22 08:36:17 UTC,,8686,lead,Qualification,Juniors Male,finished,2024-09-21 09:56:49 UTC,/api/v1/category_rounds/8686/results,lead_one_group_two_routes,IFSC: 2 routes,19,,,,,,,11935,1,/api/v1/routes/11935/startlist,/api/v1/routes/11935/results
/api/v1/events/1379/result/233,1379,full_results_url,IFSC Youth European Cup Ostermundigen 2024,LEAD Juniors Male,finished,2025-10-02 07:18:41 UTC,2026-04-22 08:36:17 UTC,,8686,lead,Qualification,Juniors Male,finished,2024-09-21 09:56:49 UTC,/api/v1/category_rounds/8686/results,lead_one_group_two_routes,IFSC: 2 routes,19,,,,,,,11936,2,/api/v1/routes/11936/startlist,/api/v1/routes/11936/results
/api/v1/events/1379/result/233,1379,full_results_url,IFSC Youth European Cup Ostermundigen 2024,LEAD Juniors Male,finished,2025-10-02 07:18:41 UTC,2026-04-22 08:36:17 UTC,,9287,lead,Final,Juniors Male,finished,2024-09-22 11:57:56 UTC,/api/v1/category_rounds/9287/results,lead_one_group_one_route,IFSC: 1 route,21,,,,,,,13906,Youth B female final,/api/v1/routes/13906/startlist,/api/v1/routes/13906/results
/api/v1/events/1379/result/237,1379,full_results_url,IFSC Youth European Cup Ostermundigen 2024,LEAD Youth A Male,finished,2025-10-02 07:18:41 UTC,2026-04-22 08:36:21 UTC,,8687,lead,Qualification,Youth A Male,finished,2024-09-21 15:40:01 UTC,/api/v1/category_rounds/8687/results,lead_one_group_two_routes,IFSC: 2 routes,19,,,,,,,11937,1,/api/v1/routes/11937/startlist,/api/v1/routes/11937/results
/api/v1/events/1379/result/237,1379,full_results_url,IFSC Youth European Cup Ostermundigen 2024,LEAD Youth A Male,finished,2025-10-02 07:18:41 UTC,2026-04-22 08:36:21 UTC,,8687,lead,Qualification,Youth A Male,finished,2024-09-21 15:40:01 UTC,/api/v1/category_rounds/8687/results,lead_one_group_two_routes,IFSC: 2 routes,19,,,,,,,11938,2,/api/v1/routes/11938/startlist,/api/v1/routes/11938/results
/api/v1/events/1379/result/237,1379,full_results_url,IFSC Youth European Cup Ostermundigen 2024,LEAD Youth A Male,finished,2025-10-02 07:18:41 UTC,2026-04-22 08:36:21 UTC,,9288,lead,Final,Youth A Male,finished,2024-09-22 10:20:27 UTC,/api/v1/category_rounds/9288/results,lead_one_group_one_route,IFSC: 1 route,21,,,,,,,13907,1,/api/v1/routes/13907/startlist,/api/v1/routes/13907/results
/api/v1/events/1379/result/241,1379,full_results_url,IFSC Youth European Cup Ostermundigen 2024,LEAD Youth B Male,finished,2025-10-02 07:18:41 UTC,2026-04-22 08:36:24 UTC,,8688,lead,Qualification,Youth B Male,finished,2024-09-21 10:10:38 UTC,/api/v1/category_rounds/8688/results,lead_one_group_two_routes,IFSC: 2 routes,19,,,,,,,11939,1,/api/v1/routes/11939/startlist,/api/v1/routes/11939/results
/api/v1/events/1379/result/241,1379,full_results_url,IFSC Youth European Cup Ostermundigen 2024,LEAD Youth B Male,finished,2025-10-02 07:18:41 UTC,2026-04-22 08:36:24 UTC,,8688,lead,Qualification,Youth B Male,finished,2024-09-21 10:10:38 UTC,/api/v1/category_rounds/8688/results,lead_one_group_two_routes,IFSC: 2 routes,19,,,,,,,11940,2,/api/v1/routes/11940/startlist,/api/v1/routes/11940/results
/api/v1/events/1379/result/241,1379,full_results_url,IFSC Youth European Cup Ostermundigen 2024,LEAD Youth B Male,finished,2025-10-02 07:18:41 UTC,2026-04-22 08:36:24 UTC,,9289,lead,Final,Youth B Male,finished,2024-09-22 09:04:26 UTC,/api/v1/category_rounds/9289/results,lead_one_group_one_route,IFSC: 1 route,21,,,,,,,13908,1,/api/v1/routes/13908/startlist,/api/v1/routes/13908/results
/api/v1/events/1379/result/249,1379,full_results_url,IFSC Youth European Cup Ostermundigen 2024,LEAD Juniors Female,finished,2025-10-02 07:18:41 UTC,2026-04-22 08:36:27 UTC,,8689,lead,Qualification,Juniors Female,finished,2024-09-21 15:05:28 UTC,/api/v1/category_rounds/8689/results,lead_one_group_two_routes,IFSC: 2 routes,19,,,,,,,11941,1,/api/v1/routes/11941/startlist,/api/v1/routes/11941/results
/api/v1/events/1379/result/249,1379,full_results_url,IFSC Youth European Cup Ostermundigen 2024,LEAD Juniors Female,finished,2025-10-02 07:18:41 UTC,2026-04-22 08:36:27 UTC,,8689,lead,Qualification,Juniors Female,finished,2024-09-21 15:05:28 UTC,/api/v1/category_rounds/8689/results,lead_one_group_two_routes,IFSC: 2 routes,19,,,,,,,11942,2,/api/v1/routes/11942/startlist,/api/v1/routes/11942/results
/api/v1/events/1379/result/249,1379,full_results_url,IFSC Youth European Cup Ostermundigen 2024,LEAD Juniors Female,finished,2025-10-02 07:18:41 UTC,2026-04-22 08:36:27 UTC,,9290,lead,Final,Juniors Female,finished,2024-09-22 11:58:29 UTC,/api/v1/category_rounds/9290/results,lead_one_group_one_route,IFSC: 1 route,21,,,,,,,13909,1,/api/v1/routes/13909/startlist,/api/v1/routes/13909/results
/api/v1/events/1379/result/253,1379,full_results_url,IFSC Youth European Cup Ostermundigen 2024,LEAD Youth A Female,finished,2025-10-02 07:18:41 UTC,2026-04-22 08:36:31 UTC,,8690,lead,Qualification,Youth A Female,finished,2024-09-21 09:28:28 UTC,/api/v1/category_rounds/8690/results,lead_one_group_two_routes,IFSC: 2 routes,19,,,,,,,11943,1,/api/v1/routes/11943/startlist,/api/v1/routes/11943/results
/api/v1/events/1379/result/253,1379,full_results_url,IFSC Youth European Cup Ostermundigen 2024,LEAD Youth A Female,finished,2025-10-02 07:18:41 UTC,2026-04-22 08:36:31 UTC,,8690,lead,Qualification,Youth A Female,finished,2024-09-21 09:28:28 UTC,/api/v1/category_rounds/8690/results,lead_one_group_two_routes,IFSC: 2 routes,19,,,,,,,11944,2,/api/v1/routes/11944/startlist,/api/v1/routes/11944/results
/api/v1/events/1379/result/253,1379,full_results_url,IFSC Youth European Cup Ostermundigen 2024,LEAD Youth A Female,finished,2025-10-02 07:18:41 UTC,2026-04-22 08:36:31 UTC,,9291,lead,Final,Youth A Female,finished,2024-09-22 10:19:54 UTC,/api/v1/category_rounds/9291/results,lead_one_group_one_route,IFSC: 1 route,21,,,,,,,13910,1,/api/v1/routes/13910/startlist,/api/v1/routes/13910/results
/api/v1/events/1379/result/257,1379,full_results_url,IFSC Youth European Cup Ostermundigen 2024,LEAD Youth B Female,finished,2025-10-02 07:18:41 UTC,2026-04-22 08:36:34 UTC,,8691,lead,Qualification,Youth B Female,finished,2024-09-21 16:02:43 UTC,/api/v1/category_rounds/8691/results,lead_one_group_two_routes,IFSC: 2 routes,19,,,,,,,11945,1,/api/v1/routes/11945/startlist,/api/v1/routes/11945/results
/api/v1/events/1379/result/257,1379,full_results_url,IFSC Youth European Cup Ostermundigen 2024,LEAD Youth B Female,finished,2025-10-02 07:18:41 UTC,2026-04-22 08:36:34 UTC,,8691,lead,Qualification,Youth B Female,finished,2024-09-21 16:02:43 UTC,/api/v1/category_rounds/8691/results,lead_one_group_two_routes,IFSC: 2 routes,19,,,,,,,11946,2,/api/v1/routes/11946/startlist,/api/v1/routes/11946/results
/api/v1/events/1379/result/257,1379,full_results_url,IFSC Youth European Cup Ostermundigen 2024,LEAD Youth B Female,finished,2025-10-02 07:18:41 UTC,2026-04-22 08:36:34 UTC,,9292,lead,Final,Youth B Female,finished,2024-09-22 08:52:44 UTC,/api/v1/category_rounds/9292/results,lead_one_group_one_route,IFSC: 1 route,21,,,,,,,13911,1,/api/v1/routes/13911/startlist,/api/v1/routes/13911/results
/api/v1/events/1375/result/233,1375,full_results_url,IFSC Youth European Championships Troyes 2024,LEAD Juniors Male,finished,2025-10-02 07:18:40 UTC,2026-04-22 08:24:28 UTC,,8634,lead,Qualification,Juniors Male,finished,2024-09-28 16:50:38 UTC,/api/v1/category_rounds/8634/results,lead_one_group_two_routes,IFSC: 2 routes,19,,,,,,,11729,1,/api/v1/routes/11729/startlist,/api/v1/routes/11729/results
/api/v1/events/1375/result/233,1375,full_results_url,IFSC Youth European Championships Troyes 2024,LEAD Juniors Male,finished,2025-10-02 07:18:40 UTC,2026-04-22 08:24:28 UTC,,8634,lead,Qualification,Juniors Male,finished,2024-09-28 16:50:38 UTC,/api/v1/category_rounds/8634/results,lead_one_group_two_routes,IFSC: 2 routes,19,,,,,,,11730,2,/api/v1/routes/11730/startlist,/api/v1/routes/11730/results
/api/v1/events/1375/result/233,1375,full_results_url,IFSC Youth European Championships Troyes 2024,LEAD Juniors Male,finished,2025-10-02 07:18:40 UTC,2026-04-22 08:24:28 UTC,,9321,lead,Semi-Final,Juniors Male,finished,2024-09-29 11:00:13 UTC,/api/v1/category_rounds/9321/results,lead_one_group_one_route,IFSC: 1 route,20,,,,,,,14002,1,/api/v1/routes/14002/startlist,/api/v1/routes/14002/results
/api/v1/events/1375/result/233,1375,full_results_url,IFSC Youth European Championships Troyes 2024,LEAD Juniors Male,finished,2025-10-02 07:18:40 UTC,2026-04-22 08:24:28 UTC,,9327,lead,Final,Juniors Male,finished,2024-09-29 15:56:44 UTC,/api/v1/category_rounds/9327/results,lead_one_group_one_route,IFSC: 1 route,21,,,,,,,14008,1,/api/v1/routes/14008/startlist,/api/v1/routes/14008/results
/api/v1/events/1375/result/237,1375,full_results_url,IFSC Youth European Championships Troyes 2024,LEAD Youth A Male,finished,2025-10-02 07:18:40 UTC,2026-04-22 08:24:29 UTC,,8635,lead,Qualification,Youth A Male,finished,2024-09-28 11:20:09 UTC,/api/v1/category_rounds/8635/results,lead_one_group_two_routes,IFSC: 2 routes,19,,,,,,,11731,1,/api/v1/routes/11731/startlist,/api/v1/routes/11731/results
/api/v1/events/1375/result/237,1375,full_results_url,IFSC Youth European Championships Troyes 2024,LEAD Youth A Male,finished,2025-10-02 07:18:40 UTC,2026-04-22 08:24:29 UTC,,8635,lead,Qualification,Youth A Male,finished,2024-09-28 11:20:09 UTC,/api/v1/category_rounds/8635/results,lead_one_group_two_routes,IFSC: 2 routes,19,,,,,,,11732,2,/api/v1/routes/11732/startlist,/api/v1/routes/11732/results
/api/v1/events/1375/result/237,1375,full_results_url,IFSC Youth European Championships Troyes 2024,LEAD Youth A Male,finished,2025-10-02 07:18:40 UTC,2026-04-22 08:24:29 UTC,,9322,lead,Semi-Final,Youth A Male,finished,2024-09-29 08:16:19 UTC,/api/v1/category_rounds/9322/results,lead_one_group_one_route,IFSC: 1 route,20,,,,,,,14003,1,/api/v1/routes/14003/startlist,/api/v1/routes/14003/results
/api/v1/events/1375/result/237,1375,full_results_url,IFSC Youth European Championships Troyes 2024,LEAD Youth A Male,finished,2025-10-02 07:18:40 UTC,2026-04-22 08:24:29 UTC,,9328,lead,Final,Youth A Male,finished,2024-09-29 14:52:17 UTC,/api/v1/category_rounds/9328/results,lead_one_group_one_route,IFSC: 1 route,21,,,,,,,14009,1,/api/v1/routes/14009/startlist,/api/v1/routes/14009/results
/api/v1/events/1375/result/241,1375,full_results_url,IFSC Youth European Championships Troyes 2024,LEAD Youth B Male,finished,2025-10-02 07:18:40 UTC,2026-04-22 08:24:29 UTC,,8636,lead,Qualification,Youth B Male,finished,2024-09-28 11:11:39 UTC,/api/v1/category_rounds/8636/results,lead_one_group_two_routes,IFSC: 2 routes,19,,,,,,,11733,1,/api/v1/routes/11733/startlist,/api/v1/routes/11733/results
/api/v1/events/1375/result/241,1375,full_results_url,IFSC Youth European Championships Troyes 2024,LEAD Youth B Male,finished,2025-10-02 07:18:40 UTC,2026-04-22 08:24:29 UTC,,8636,lead,Qualification,Youth B Male,finished,2024-09-28 11:11:39 UTC,/api/v1/category_rounds/8636/results,lead_one_group_two_routes,IFSC: 2 routes,19,,,,,,,11734,2,/api/v1/routes/11734/startlist,/api/v1/routes/11734/results
/api/v1/events/1375/result/241,1375,full_results_url,IFSC Youth European Championships Troyes 2024,LEAD Youth B Male,finished,2025-10-02 07:18:40 UTC,2026-04-22 08:24:29 UTC,,9323,lead,Semi-Final,Youth B Male,finished,2024-09-29 08:19:30 UTC,/api/v1/category_rounds/9323/results,lead_one_group_one_route,IFSC: 1 route,20,,,,,,,14004,1,/api/v1/routes/14004/startlist,/api/v1/routes/14004/results
/api/v1/events/1375/result/241,1375,full_results_url,IFSC Youth European Championships Troyes 2024,LEAD Youth B Male,finished,2025-10-02 07:18:40 UTC,2026-04-22 08:24:29 UTC,,9329,lead,Final,Youth B Male,finished,2024-09-29 14:55:11 UTC,/api/v1/category_rounds/9329/results,lead_one_group_one_route,IFSC: 1 route,21,,,,,,,14010,1,/api/v1/routes/14010/startlist,/api/v1/routes/14010/results
/api/v1/events/1375/result/249,1375,full_results_url,IFSC Youth European Championships Troyes 2024,LEAD Juniors Female,finished,2025-10-02 07:18:40 UTC,2026-04-22 08:24:29 UTC,,8637,lead,Qualification,Juniors Female,finished,2024-09-28 16:39:56 UTC,/api/v1/category_rounds/8637/results,lead_one_group_two_routes,IFSC: 2 routes,19,,,,,,,11735,1,/api/v1/routes/11735/startlist,/api/v1/routes/11735/results
/api/v1/events/1375/result/249,1375,full_results_url,IFSC Youth European Championships Troyes 2024,LEAD Juniors Female,finished,2025-10-02 07:18:40 UTC,2026-04-22 08:24:29 UTC,,8637,lead,Qualification,Juniors Female,finished,2024-09-28 16:39:56 UTC,/api/v1/category_rounds/8637/results,lead_one_group_two_routes,IFSC: 2 routes,19,,,,,,,11736,2,/api/v1/routes/11736/startlist,/api/v1/routes/11736/results
/api/v1/events/1375/result/249,1375,full_results_url,IFSC Youth European Championships Troyes 2024,LEAD Juniors Female,finished,2025-10-02 07:18:40 UTC,2026-04-22 08:24:29 UTC,,9324,lead,Semi-Final,Juniors Female,finished,2024-09-29 10:36:12 UTC,/api/v1/category_rounds/9324/results,lead_one_group_one_route,IFSC: 1 route,20,,,,,,,14005,1,/api/v1/routes/14005/startlist,/api/v1/routes/14005/results
/api/v1/events/1375/result/249,1375,full_results_url,IFSC Youth European Championships Troyes 2024,LEAD Juniors Female,finished,2025-10-02 07:18:40 UTC,2026-04-22 08:24:29 UTC,,9330,lead,Final,Juniors Female,finished,2024-09-29 15:59:04 UTC,/api/v1/category_rounds/9330/results,lead_one_group_one_route,IFSC: 1 route,21,,,,,,,14011,1,/api/v1/routes/14011/startlist,/api/v1/routes/14011/results
/api/v1/events/1375/result/253,1375,full_results_url,IFSC Youth European Championships Troyes 2024,LEAD Youth A Female,finished,2025-10-02 07:18:40 UTC,2026-04-22 08:24:29 UTC,,8638,lead,Qualification,Youth A Female,finished,2024-09-28 16:41:14 UTC,/api/v1/category_rounds/8638/results,lead_one_group_two_routes,IFSC: 2 routes,19,,,,,,,11737,1,/api/v1/routes/11737/startlist,/api/v1/routes/11737/results
/api/v1/events/1375/result/253,1375,full_results_url,IFSC Youth European Championships Troyes 2024,LEAD Youth A Female,finished,2025-10-02 07:18:40 UTC,2026-04-22 08:24:29 UTC,,8638,lead,Qualification,Youth A Female,finished,2024-09-28 16:41:14 UTC,/api/v1/category_rounds/8638/results,lead_one_group_two_routes,IFSC: 2 routes,19,,,,,,,11738,2,/api/v1/routes/11738/startlist,/api/v1/routes/11738/results
/api/v1/events/1375/result/253,1375,full_results_url,IFSC Youth European Championships Troyes 2024,LEAD Youth A Female,finished,2025-10-02 07:18:40 UTC,2026-04-22 08:24:29 UTC,,9325,lead,Semi-Final,Youth A Female,finished,2024-09-29 08:22:07 UTC,/api/v1/category_rounds/9325/results,lead_one_group_one_route,IFSC: 1 route,20,,,,,,,14006,1,/api/v1/routes/14006/startlist,/api/v1/routes/14006/results
/api/v1/events/1375/result/253,1375,full_results_url,IFSC Youth European Championships Troyes 2024,LEAD Youth A Female,finished,2025-10-02 07:18:40 UTC,2026-04-22 08:24:29 UTC,,9331,lead,Final,Youth A Female,finished,2024-09-29 15:05:44 UTC,/api/v1/category_rounds/9331/results,lead_one_group_one_route,IFSC: 1 route,21,,,,,,,14012,1,/api/v1/routes/14012/startlist,/api/v1/routes/14012/results
/api/v1/events/1375/result/257,1375,full_results_url,IFSC Youth European Championships Troyes 2024,LEAD Youth B Female,finished,2025-10-02 07:18:40 UTC,2026-04-22 08:24:30 UTC,,8639,lead,Qualification,Youth B Female,finished,2024-09-28 11:12:44 UTC,/api/v1/category_rounds/8639/results,lead_one_group_two_routes,IFSC: 2 routes,19,,,,,,,11739,1,/api/v1/routes/11739/startlist,/api/v1/routes/11739/results
/api/v1/events/1375/result/257,1375,full_results_url,IFSC Youth European Championships Troyes 2024,LEAD Youth B Female,finished,2025-10-02 07:18:40 UTC,2026-04-22 08:24:30 UTC,,8639,lead,Qualification,Youth B Female,finished,2024-09-28 11:12:44 UTC,/api/v1/category_rounds/8639/results,lead_one_group_two_routes,IFSC: 2 routes,19,,,,,,,11740,2,/api/v1/routes/11740/startlist,/api/v1/routes/11740/results
/api/v1/events/1375/result/257,1375,full_results_url,IFSC Youth European Championships Troyes 2024,LEAD Youth B Female,finished,2025-10-02 07:18:40 UTC,2026-04-22 08:24:30 UTC,,9326,lead,Semi-Final,Youth B Female,finished,2024-09-29 10:59:33 UTC,/api/v1/category_rounds/9326/results,lead_one_group_one_route,IFSC: 1 route,20,,,,,,,14007,1,/api/v1/routes/14007/startlist,/api/v1/routes/14007/results
/api/v1/events/1375/result/257,1375,full_results_url,IFSC Youth European Championships Troyes 2024,LEAD Youth B Female,finished,2025-10-02 07:18:40 UTC,2026-04-22 08:24:30 UTC,,9332,lead,Final,Youth B Female,finished,2024-09-29 16:00:29 UTC,/api/v1/category_rounds/9332/results,lead_one_group_one_route,IFSC: 1 route,21,,,,,,,14013,1,/api/v1/routes/14013/startlist,/api/v1/routes/14013/results
/api/v1/events/1375/result/235,1375,full_results_url,IFSC Youth European Championships Troyes 2024,BOULDER Juniors Male,finished,2025-10-02 07:18:40 UTC,2026-04-22 08:24:29 UTC,,8640,boulder,Qualification,Juniors Male,finished,2024-09-25 17:43:44 UTC,/api/v1/category_rounds/8640/results,boulder_one_group_two_courses,Custom: 2 courses,19,,,,,,,14080,MA1,/api/v1/routes/14080/startlist,
/api/v1/events/1375/result/235,1375,full_results_url,IFSC Youth European Championships Troyes 2024,BOULDER Juniors Male,finished,2025-10-02 07:18:40 UTC,2026-04-22 08:24:29 UTC,,8640,boulder,Qualification,Juniors Male,finished,2024-09-25 17:43:44 UTC,/api/v1/category_rounds/8640/results,boulder_one_group_two_courses,Custom: 2 courses,19,,,,,,,14081,MA2,/api/v1/routes/14081/startlist,
/api/v1/events/1375/result/235,1375,full_results_url,IFSC Youth European Championships Troyes 2024,BOULDER Juniors Male,finished,2025-10-02 07:18:40 UTC,2026-04-22 08:24:29 UTC,,8640,boulder,Qualification,Juniors Male,finished,2024-09-25 17:43:44 UTC,/api/v1/category_rounds/8640/results,boulder_one_group_two_courses,Custom: 2 courses,19,,,,,,,14082,MA3,/api/v1/routes/14082/startlist,
/api/v1/events/1375/result/235,1375,full_results_url,IFSC Youth European Championships Troyes 2024,BOULDER Juniors Male,finished,2025-10-02 07:18:40 UTC,2026-04-22 08:24:29 UTC,,8640,boulder,Qualification,Juniors Male,finished,2024-09-25 17:43:44 UTC,/api/v1/category_rounds/8640/results,boulder_one_group_two_courses,Custom: 2 courses,19,,,,,,,14083,MB1,/api/v1/routes/14083/startlist,
/api/v1/events/1375/result/235,1375,full_results_url,IFSC Youth European Championships Troyes 2024,BOULDER Juniors Male,finished,2025-10-02 07:18:40 UTC,2026-04-22 08:24:29 UTC,,8640,boulder,Qualification,Juniors Male,finished,2024-09-25 17:43:44 UTC,/api/v1/category_rounds/8640/results,boulder_one_group_two_courses,Custom: 2 courses,19,,,,,,,14084,MB2,/api/v1/routes/14084/startlist,
/api/v1/events/1375/result/235,1375,full_results_url,IFSC Youth European Championships Troyes 2024,BOULDER Juniors Male,finished,2025-10-02 07:18:40 UTC,2026-04-22 08:24:29 UTC,,8640,boulder,Qualification,Juniors Male,finished,2024-09-25 17:43:44 UTC,/api/v1/category_rounds/8640/results,boulder_one_group_two_courses,Custom: 2 courses,19,,,,,,,14085,MB3,/api/v1/routes/14085/startlist,
/api/v1/events/1375/result/235,1375,full_results_url,IFSC Youth European Championships Troyes 2024,BOULDER Juniors Male,finished,2025-10-02 07:18:40 UTC,2026-04-22 08:24:29 UTC,,9333,boulder,Semi-Final,Juniors Male,finished,2024-09-26 16:35:09 UTC,/api/v1/category_rounds/9333/results,boulder_one_group_one_boulder_set,IFSC: 1 group,20,,,,,,,14014,1,/api/v1/routes/14014/startlist,
/api/v1/events/1375/result/235,1375,full_results_url,IFSC Youth European Championships Troyes 2024,BOULDER Juniors Male,finished,2025-10-02 07:18:40 UTC,2026-04-22 08:24:29 UTC,,9333,boulder,Semi-Final,Juniors Male,finished,2024-09-26 16:35:09 UTC,/api/v1/category_rounds/9333/results,boulder_one_group_one_boulder_set,IFSC: 1 group,20,,,,,,,14015,2,/api/v1/routes/14015/startlist,
/api/v1/events/1375/result/235,1375,full_results_url,IFSC Youth European Championships Troyes 2024,BOULDER Juniors Male,finished,2025-10-02 07:18:40 UTC,2026-04-22 08:24:29 UTC,,9333,boulder,Semi-Final,Juniors Male,finished,2024-09-26 16:35:09 UTC,/api/v1/category_rounds/9333/results,boulder_one_group_one_boulder_set,IFSC: 1 group,20,,,,,,,14016,3,/api/v1/routes/14016/startlist,
/api/v1/events/1375/result/235,1375,full_results_url,IFSC Youth European Championships Troyes 2024,BOULDER Juniors Male,finished,2025-10-02 07:18:40 UTC,2026-04-22 08:24:29 UTC,,9333,boulder,Semi-Final,Juniors Male,finished,2024-09-26 16:35:09 UTC,/api/v1/category_rounds/9333/results,boulder_one_group_one_boulder_set,IFSC: 1 group,20,,,,,,,14017,4,/api/v1/routes/14017/startlist,
/api/v1/events/1375/result/235,1375,full_results_url,IFSC Youth European Championships Troyes 2024,BOULDER Juniors Male,finished,2025-10-02 07:18:40 UTC,2026-04-22 08:24:29 UTC,,9339,boulder,Final,Juniors Male,finished,2024-09-27 18:02:15 UTC,/api/v1/category_rounds/9339/results,boulder_one_group_one_boulder_set,IFSC: 1 group,21,,,,,,,14038,1,/api/v1/routes/14038/startlist,
/api/v1/events/1375/result/235,1375,full_results_url,IFSC Youth European Championships Troyes 2024,BOULDER Juniors Male,finished,2025-10-02 07:18:40 UTC,2026-04-22 08:24:29 UTC,,9339,boulder,Final,Juniors Male,finished,2024-09-27 18:02:15 UTC,/api/v1/category_rounds/9339/results,boulder_one_group_one_boulder_set,IFSC: 1 group,21,,,,,,,14039,2,/api/v1/routes/14039/startlist,
/api/v1/events/1375/result/235,1375,full_results_url,IFSC Youth European Championships Troyes 2024,BOULDER Juniors Male,finished,2025-10-02 07:18:40 UTC,2026-04-22 08:24:29 UTC,,9339,boulder,Final,Juniors Male,finished,2024-09-27 18:02:15 UTC,/api/v1/category_rounds/9339/results,boulder_one_group_one_boulder_set,IFSC: 1 group,21,,,,,,,14040,3,/api/v1/routes/14040/startlist,
/api/v1/events/1375/result/235,1375,full_results_url,IFSC Youth European Championships Troyes 2024,BOULDER Juniors Male,finished,2025-10-02 07:18:40 UTC,2026-04-22 08:24:29 UTC,,9339,boulder,Final,Juniors Male,finished,2024-09-27 18:02:15 UTC,/api/v1/category_rounds/9339/results,boulder_one_group_one_boulder_set,IFSC: 1 group,21,,,,,,,14041,4,/api/v1/routes/14041/startlist,
/api/v1/events/1375/result/239,1375,full_results_url,IFSC Youth European Championships Troyes 2024,BOULDER Youth A Male,finished,2025-10-02 07:18:40 UTC,2026-04-22 08:24:31 UTC,,8641,boulder,Qualification,Youth A Male,finished,2024-09-25 18:04:00 UTC,/api/v1/category_rounds/8641/results,boulder_one_group_two_courses,Custom: 2 courses,19,,,,,,,14086,MA1,/api/v1/routes/14086/startlist,
/api/v1/events/1375/result/239,1375,full_results_url,IFSC Youth European Championships Troyes 2024,BOULDER Youth A Male,finished,2025-10-02 07:18:40 UTC,2026-04-22 08:24:31 UTC,,8641,boulder,Qualification,Youth A Male,finished,2024-09-25 18:04:00 UTC,/api/v1/category_rounds/8641/results,boulder_one_group_two_courses,Custom: 2 courses,19,,,,,,,14087,MA2,/api/v1/routes/14087/startlist,
/api/v1/events/1375/result/239,1375,full_results_url,IFSC Youth European Championships Troyes 2024,BOULDER Youth A Male,finished,2025-10-02 07:18:40 UTC,2026-04-22 08:24:31 UTC,,8641,boulder,Qualification,Youth A Male,finished,2024-09-25 18:04:00 UTC,/api/v1/category_rounds/8641/results,boulder_one_group_two_courses,Custom: 2 courses,19,,,,,,,14088,MA3,/api/v1/routes/14088/startlist,
/api/v1/events/1375/result/239,1375,full_results_url,IFSC Youth European Championships Troyes 2024,BOULDER Youth A Male,finished,2025-10-02 07:18:40 UTC,2026-04-22 08:24:31 UTC,,8641,boulder,Qualification,Youth A Male,finished,2024-09-25 18:04:00 UTC,/api/v1/category_rounds/8641/results,boulder_one_group_two_courses,Custom: 2 courses,19,,,,,,,14089,MB1,/api/v1/routes/14089/startlist,
/api/v1/events/1375/result/239,1375,full_results_url,IFSC Youth European Championships Troyes 2024,BOULDER Youth A Male,finished,2025-10-02 07:18:40 UTC,2026-04-22 08:24:31 UTC,,8641,boulder,Qualification,Youth A Male,finished,2024-09-25 18:04:00 UTC,/api/v1/category_rounds/8641/results,boulder_one_group_two_courses,Custom: 2 courses,19,,,,,,,14090,MB2,/api/v1/routes/14090/startlist,
/api/v1/events/1375/result/239,1375,full_results_url,IFSC Youth European Championships Troyes 2024,BOULDER Youth A Male,finished,2025-10-02 07:18:40 UTC,2026-04-22 08:24:31 UTC,,8641,boulder,Qualification,Youth A Male,finished,2024-09-25 18:04:00 UTC,/api/v1/category_rounds/8641/results,boulder_one_group_two_courses,Custom: 2 courses,19,,,,,,,14091,MB3,/api/v1/routes/14091/startlist,
/api/v1/events/1375/result/239,1375,full_results_url,IFSC Youth European Championships Troyes 2024,BOULDER Youth A Male,finished,2025-10-02 07:18:40 UTC,2026-04-22 08:24:31 UTC,,9334,boulder,Semi-Final,Youth A Male,finished,2024-09-26 13:14:27 UTC,/api/v1/category_rounds/9334/results,boulder_one_group_one_boulder_set,IFSC: 1 group,20,,,,,,,14018,1,/api/v1/routes/14018/startlist,
/api/v1/events/1375/result/239,1375,full_results_url,IFSC Youth European Championships Troyes 2024,BOULDER Youth A Male,finished,2025-10-02 07:18:40 UTC,2026-04-22 08:24:31 UTC,,9334,boulder,Semi-Final,Youth A Male,finished,2024-09-26 13:14:27 UTC,/api/v1/category_rounds/9334/results,boulder_one_group_one_boulder_set,IFSC: 1 group,20,,,,,,,14019,2,/api/v1/routes/14019/startlist,
/api/v1/events/1375/result/239,1375,full_results_url,IFSC Youth European Championships Troyes 2024,BOULDER Youth A Male,finished,2025-10-02 07:18:40 UTC,2026-04-22 08:24:31 UTC,,9334,boulder,Semi-Final,Youth A Male,finished,2024-09-26 13:14:27 UTC,/api/v1/category_rounds/9334/results,boulder_one_group_one_boulder_set,IFSC: 1 group,20,,,,,,,14020,3,/api/v1/routes/14020/startlist,
/api/v1/events/1375/result/239,1375,full_results_url,IFSC Youth European Championships Troyes 2024,BOULDER Youth A Male,finished,2025-10-02 07:18:40 UTC,2026-04-22 08:24:31 UTC,,9334,boulder,Semi-Final,Youth A Male,finished,2024-09-26 13:14:27 UTC,/api/v1/category_rounds/9334/results,boulder_one_group_one_boulder_set,IFSC: 1 group,20,,,,,,,14021,4,/api/v1/routes/14021/startlist,
/api/v1/events/1375/result/239,1375,full_results_url,IFSC Youth European Championships Troyes 2024,BOULDER Youth A Male,finished,2025-10-02 07:18:40 UTC,2026-04-22 08:24:31 UTC,,9340,boulder,Final,Youth A Male,finished,2024-09-27 16:21:36 UTC,/api/v1/category_rounds/9340/results,boulder_one_group_one_boulder_set,IFSC: 1 group,21,,,,,,,14042,1,/api/v1/routes/14042/startlist,
/api/v1/events/1375/result/239,1375,full_results_url,IFSC Youth European Championships Troyes 2024,BOULDER Youth A Male,finished,2025-10-02 07:18:40 UTC,2026-04-22 08:24:31 UTC,,9340,boulder,Final,Youth A Male,finished,2024-09-27 16:21:36 UTC,/api/v1/category_rounds/9340/results,boulder_one_group_one_boulder_set,IFSC: 1 group,21,,,,,,,14043,2,/api/v1/routes/14043/startlist,
/api/v1/events/1375/result/239,1375,full_results_url,IFSC Youth European Championships Troyes 2024,BOULDER Youth A Male,finished,2025-10-02 07:18:40 UTC,2026-04-22 08:24:31 UTC,,9340,boulder,Final,Youth A Male,finished,2024-09-27 16:21:36 UTC,/api/v1/category_rounds/9340/results,boulder_one_group_one_boulder_set,IFSC: 1 group,21,,,,,,,14044,3,/api/v1/routes/14044/startlist,
/api/v1/events/1375/result/239,1375,full_results_url,IFSC Youth European Championships Troyes 2024,BOULDER Youth A Male,finished,2025-10-02 07:18:40 UTC,2026-04-22 08:24:31 UTC,,9340,boulder,Final,Youth A Male,finished,2024-09-27 16:21:36 UTC,/api/v1/category_rounds/9340/results,boulder_one_group_one_boulder_set,IFSC: 1 group,21,,,,,,,14045,4,/api/v1/routes/14045/startlist,
/api/v1/events/1375/result/243,1375,full_results_url,IFSC Youth European Championships Troyes 2024,BOULDER Youth B Male,finished,2025-10-02 07:18:40 UTC,2026-04-22 08:24:31 UTC,,8642,boulder,Qualification,Youth B Male,finished,2024-09-25 14:32:10 UTC,/api/v1/category_rounds/8642/results,boulder_one_group_two_courses,Custom: 2 courses,19,,,,,,,14092,MA1,/api/v1/routes/14092/startlist,
/api/v1/events/1375/result/243,1375,full_results_url,IFSC Youth European Championships Troyes 2024,BOULDER Youth B Male,finished,2025-10-02 07:18:40 UTC,2026-04-22 08:24:31 UTC,,8642,boulder,Qualification,Youth B Male,finished,2024-09-25 14:32:10 UTC,/api/v1/category_rounds/8642/results,boulder_one_group_two_courses,Custom: 2 courses,19,,,,,,,14093,MA2,/api/v1/routes/14093/startlist,
/api/v1/events/1375/result/243,1375,full_results_url,IFSC Youth European Championships Troyes 2024,BOULDER Youth B Male,finished,2025-10-02 07:18:40 UTC,2026-04-22 08:24:31 UTC,,8642,boulder,Qualification,Youth B Male,finished,2024-09-25 14:32:10 UTC,/api/v1/category_rounds/8642/results,boulder_one_group_two_courses,Custom: 2 courses,19,,,,,,,14094,MA3,/api/v1/routes/14094/startlist,
/api/v1/events/1375/result/243,1375,full_results_url,IFSC Youth European Championships Troyes 2024,BOULDER Youth B Male,finished,2025-10-02 07:18:40 UTC,2026-04-22 08:24:31 UTC,,8642,boulder,Qualification,Youth B Male,finished,2024-09-25 14:32:10 UTC,/api/v1/category_rounds/8642/results,boulder_one_group_two_courses,Custom: 2 courses,19,,,,,,,14095,MB1,/api/v1/routes/14095/startlist,
/api/v1/events/1375/result/243,1375,full_results_url,IFSC Youth European Championships Troyes 2024,BOULDER Youth B Male,finished,2025-10-02 07:18:40 UTC,2026-04-22 08:24:31 UTC,,8642,boulder,Qualification,Youth B Male,finished,2024-09-25 14:32:10 UTC,/api/v1/category_rounds/8642/results,boulder_one_group_two_courses,Custom: 2 courses,19,,,,,,,14096,MB2,/api/v1/routes/14096/startlist,
/api/v1/events/1375/result/243,1375,full_results_url,IFSC Youth European Championships Troyes 2024,BOULDER Youth B Male,finished,2025-10-02 07:18:40 UTC,2026-04-22 08:24:31 UTC,,8642,boulder,Qualification,Youth B Male,finished,2024-09-25 14:32:10 UTC,/api/v1/category_rounds/8642/results,boulder_one_group_two_courses,Custom: 2 courses,19,,,,,,,14097,MB3,/api/v1/routes/14097/startlist,
/api/v1/events/1375/result/243,1375,full_results_url,IFSC Youth European Championships Troyes 2024,BOULDER Youth B Male,finished,2025-10-02 07:18:40 UTC,2026-04-22 08:24:31 UTC,,9335,boulder,Semi-Final,Youth B Male,finished,2024-09-26 09:17:28 UTC,/api/v1/category_rounds/9335/results,boulder_one_group_one_boulder_set,IFSC: 1 group,20,,,,,,,14022,1,/api/v1/routes/14022/startlist,
/api/v1/events/1375/result/243,1375,full_results_url,IFSC Youth European Championships Troyes 2024,BOULDER Youth B Male,finished,2025-10-02 07:18:40 UTC,2026-04-22 08:24:31 UTC,,9335,boulder,Semi-Final,Youth B Male,finished,2024-09-26 09:17:28 UTC,/api/v1/category_rounds/9335/results,boulder_one_group_one_boulder_set,IFSC: 1 group,20,,,,,,,14023,2,/api/v1/routes/14023/startlist,
/api/v1/events/1375/result/243,1375,full_results_url,IFSC Youth European Championships Troyes 2024,BOULDER Youth B Male,finished,2025-10-02 07:18:40 UTC,2026-04-22 08:24:31 UTC,,9335,boulder,Semi-Final,Youth B Male,finished,2024-09-26 09:17:28 UTC,/api/v1/category_rounds/9335/results,boulder_one_group_one_boulder_set,IFSC: 1 group,20,,,,,,,14024,3,/api/v1/routes/14024/startlist,
/api/v1/events/1375/result/243,1375,full_results_url,IFSC Youth European Championships Troyes 2024,BOULDER Youth B Male,finished,2025-10-02 07:18:40 UTC,2026-04-22 08:24:31 UTC,,9335,boulder,Semi-Final,Youth B Male,finished,2024-09-26 09:17:28 UTC,/api/v1/category_rounds/9335/results,boulder_one_group_one_boulder_set,IFSC: 1 group,20,,,,,,,14025,4,/api/v1/routes/14025/startlist,
/api/v1/events/1375/result/243,1375,full_results_url,IFSC Youth European Championships Troyes 2024,BOULDER Youth B Male,finished,2025-10-02 07:18:40 UTC,2026-04-22 08:24:31 UTC,,9341,boulder,Final,Youth B Male,finished,2024-09-27 13:52:31 UTC,/api/v1/category_rounds/9341/results,boulder_one_group_one_boulder_set,IFSC: 1 group,21,,,,,,,14046,1,/api/v1/routes/14046/startlist,
/api/v1/events/1375/result/243,1375,full_results_url,IFSC Youth European Championships Troyes 2024,BOULDER Youth B Male,finished,2025-10-02 07:18:40 UTC,2026-04-22 08:24:31 UTC,,9341,boulder,Final,Youth B Male,finished,2024-09-27 13:52:31 UTC,/api/v1/category_rounds/9341/results,boulder_one_group_one_boulder_set,IFSC: 1 group,21,,,,,,,14047,2,/api/v1/routes/14047/startlist,
/api/v1/events/1375/result/243,1375,full_results_url,IFSC Youth European Championships Troyes 2024,BOULDER Youth B Male,finished,2025-10-02 07:18:40 UTC,2026-04-22 08:24:31 UTC,,9341,boulder,Final,Youth B Male,finished,2024-09-27 13:52:31 UTC,/api/v1/category_rounds/9341/results,boulder_one_group_one_boulder_set,IFSC: 1 group,21,,,,,,,14048,3,/api/v1/routes/14048/startlist,
/api/v1/events/1375/result/243,1375,full_results_url,IFSC Youth European Championships Troyes 2024,BOULDER Youth B Male,finished,2025-10-02 07:18:40 UTC,2026-04-22 08:24:31 UTC,,9341,boulder,Final,Youth B Male,finished,2024-09-27 13:52:31 UTC,/api/v1/category_rounds/9341/results,boulder_one_group_one_boulder_set,IFSC: 1 group,21,,,,,,,14049,4,/api/v1/routes/14049/startlist,
/api/v1/events/1375/result/251,1375,full_results_url,IFSC Youth European Championships Troyes 2024,BOULDER Juniors Female,finished,2025-10-02 07:18:40 UTC,2026-04-22 08:24:29 UTC,,8643,boulder,Qualification,Juniors Female,finished,2024-09-25 17:45:06 UTC,/api/v1/category_rounds/8643/results,boulder_one_group_two_courses,Custom: 2 courses,19,,,,,,,14098,WA1,/api/v1/routes/14098/startlist,
/api/v1/events/1375/result/251,1375,full_results_url,IFSC Youth European Championships Troyes 2024,BOULDER Juniors Female,finished,2025-10-02 07:18:40 UTC,2026-04-22 08:24:29 UTC,,8643,boulder,Qualification,Juniors Female,finished,2024-09-25 17:45:06 UTC,/api/v1/category_rounds/8643/results,boulder_one_group_two_courses,Custom: 2 courses,19,,,,,,,14099,WA2,/api/v1/routes/14099/startlist,
/api/v1/events/1375/result/251,1375,full_results_url,IFSC Youth European Championships Troyes 2024,BOULDER Juniors Female,finished,2025-10-02 07:18:40 UTC,2026-04-22 08:24:29 UTC,,8643,boulder,Qualification,Juniors Female,finished,2024-09-25 17:45:06 UTC,/api/v1/category_rounds/8643/results,boulder_one_group_two_courses,Custom: 2 courses,19,,,,,,,14100,WA3,/api/v1/routes/14100/startlist,
/api/v1/events/1375/result/251,1375,full_results_url,IFSC Youth European Championships Troyes 2024,BOULDER Juniors Female,finished,2025-10-02 07:18:40 UTC,2026-04-22 08:24:29 UTC,,8643,boulder,Qualification,Juniors Female,finished,2024-09-25 17:45:06 UTC,/api/v1/category_rounds/8643/results,boulder_one_group_two_courses,Custom: 2 courses,19,,,,,,,14101,WB1,/api/v1/routes/14101/startlist,
/api/v1/events/1375/result/251,1375,full_results_url,IFSC Youth European Championships Troyes 2024,BOULDER Juniors Female,finished,2025-10-02 07:18:40 UTC,2026-04-22 08:24:29 UTC,,8643,boulder,Qualification,Juniors Female,finished,2024-09-25 17:45:06 UTC,/api/v1/category_rounds/8643/results,boulder_one_group_two_courses,Custom: 2 courses,19,,,,,,,14102,WB2,/api/v1/routes/14102/startlist,
/api/v1/events/1375/result/251,1375,full_results_url,IFSC Youth European Championships Troyes 2024,BOULDER Juniors Female,finished,2025-10-02 07:18:40 UTC,2026-04-22 08:24:29 UTC,,8643,boulder,Qualification,Juniors Female,finished,2024-09-25 17:45:06 UTC,/api/v1/category_rounds/8643/results,boulder_one_group_two_courses,Custom: 2 courses,19,,,,,,,14103,WB3,/api/v1/routes/14103/startlist,
/api/v1/events/1375/result/251,1375,full_results_url,IFSC Youth European Championships Troyes 2024,BOULDER Juniors Female,finished,2025-10-02 07:18:40 UTC,2026-04-22 08:24:29 UTC,,9336,boulder,Semi-Final,Juniors Female,finished,2024-09-26 16:33:21 UTC,/api/v1/category_rounds/9336/results,boulder_one_group_one_boulder_set,IFSC: 1 group,20,,,,,,,14026,1,/api/v1/routes/14026/startlist,
/api/v1/events/1375/result/251,1375,full_results_url,IFSC Youth European Championships Troyes 2024,BOULDER Juniors Female,finished,2025-10-02 07:18:40 UTC,2026-04-22 08:24:29 UTC,,9336,boulder,Semi-Final,Juniors Female,finished,2024-09-26 16:33:21 UTC,/api/v1/category_rounds/9336/results,boulder_one_group_one_boulder_set,IFSC: 1 group,20,,,,,,,14027,2,/api/v1/routes/14027/startlist,
/api/v1/events/1375/result/251,1375,full_results_url,IFSC Youth European Championships Troyes 2024,BOULDER Juniors Female,finished,2025-10-02 07:18:40 UTC,2026-04-22 08:24:29 UTC,,9336,boulder,Semi-Final,Juniors Female,finished,2024-09-26 16:33:21 UTC,/api/v1/category_rounds/9336/results,boulder_one_group_one_boulder_set,IFSC: 1 group,20,,,,,,,14028,3,/api/v1/routes/14028/startlist,
/api/v1/events/1375/result/251,1375,full_results_url,IFSC Youth European Championships Troyes 2024,BOULDER Juniors Female,finished,2025-10-02 07:18:40 UTC,2026-04-22 08:24:29 UTC,,9336,boulder,Semi-Final,Juniors Female,finished,2024-09-26 16:33:21 UTC,/api/v1/category_rounds/9336/results,boulder_one_group_one_boulder_set,IFSC: 1 group,20,,,,,,,14029,4,/api/v1/routes/14029/startlist,
/api/v1/events/1375/result/251,1375,full_results_url,IFSC Youth European Championships Troyes 2024,BOULDER Juniors Female,finished,2025-10-02 07:18:40 UTC,2026-04-22 08:24:29 UTC,,9342,boulder,Final,Juniors Female,finished,2024-09-27 18:01:30 UTC,/api/v1/category_rounds/9342/results,boulder_one_group_one_boulder_set,IFSC: 1 group,21,,,,,,,14050,1,/api/v1/routes/14050/startlist,
/api/v1/events/1375/result/251,1375,full_results_url,IFSC Youth European Championships Troyes 2024,BOULDER Juniors Female,finished,2025-10-02 07:18:40 UTC,2026-04-22 08:24:29 UTC,,9342,boulder,Final,Juniors Female,finished,2024-09-27 18:01:30 UTC,/api/v1/category_rounds/9342/results,boulder_one_group_one_boulder_set,IFSC: 1 group,21,,,,,,,14051,2,/api/v1/routes/14051/startlist,
/api/v1/events/1375/result/251,1375,full_results_url,IFSC Youth European Championships Troyes 2024,BOULDER Juniors Female,finished,2025-10-02 07:18:40 UTC,2026-04-22 08:24:29 UTC,,9342,boulder,Final,Juniors Female,finished,2024-09-27 18:01:30 UTC,/api/v1/category_rounds/9342/results,boulder_one_group_one_boulder_set,IFSC: 1 group,21,,,,,,,14052,3,/api/v1/routes/14052/startlist,
/api/v1/events/1375/result/251,1375,full_results_url,IFSC Youth European Championships Troyes 2024,BOULDER Juniors Female,finished,2025-10-02 07:18:40 UTC,2026-04-22 08:24:29 UTC,,9342,boulder,Final,Juniors Female,finished,2024-09-27 18:01:30 UTC,/api/v1/category_rounds/9342/results,boulder_one_group_one_boulder_set,IFSC: 1 group,21,,,,,,,14053,4,/api/v1/routes/14053/startlist,
/api/v1/events/1375/result/255,1375,full_results_url,IFSC Youth European Championships Troyes 2024,BOULDER Youth A Female,finished,2025-10-02 07:18:40 UTC,2026-04-22 08:24:30 UTC,,8644,boulder,Qualification,Youth A Female,finished,2024-09-25 12:16:32 UTC,/api/v1/category_rounds/8644/results,boulder_one_group_two_courses,Custom: 2 courses,19,,,,,,,14104,WA1,/api/v1/routes/14104/startlist,
/api/v1/events/1375/result/255,1375,full_results_url,IFSC Youth European Championships Troyes 2024,BOULDER Youth A Female,finished,2025-10-02 07:18:40 UTC,2026-04-22 08:24:30 UTC,,8644,boulder,Qualification,Youth A Female,finished,2024-09-25 12:16:32 UTC,/api/v1/category_rounds/8644/results,boulder_one_group_two_courses,Custom: 2 courses,19,,,,,,,14105,WA2,/api/v1/routes/14105/startlist,
/api/v1/events/1375/result/255,1375,full_results_url,IFSC Youth European Championships Troyes 2024,BOULDER Youth A Female,finished,2025-10-02 07:18:40 UTC,2026-04-22 08:24:30 UTC,,8644,boulder,Qualification,Youth A Female,finished,2024-09-25 12:16:32 UTC,/api/v1/category_rounds/8644/results,boulder_one_group_two_courses,Custom: 2 courses,19,,,,,,,14106,WA3,/api/v1/routes/14106/startlist,
/api/v1/events/1375/result/255,1375,full_results_url,IFSC Youth European Championships Troyes 2024,BOULDER Youth A Female,finished,2025-10-02 07:18:40 UTC,2026-04-22 08:24:30 UTC,,8644,boulder,Qualification,Youth A Female,finished,2024-09-25 12:16:32 UTC,/api/v1/category_rounds/8644/results,boulder_one_group_two_courses,Custom: 2 courses,19,,,,,,,14107,WB1,/api/v1/routes/14107/startlist,
/api/v1/events/1375/result/255,1375,full_results_url,IFSC Youth European Championships Troyes 2024,BOULDER Youth A Female,finished,2025-10-02 07:18:40 UTC,2026-04-22 08:24:30 UTC,,8644,boulder,Qualification,Youth A Female,finished,2024-09-25 12:16:32 UTC,/api/v1/category_rounds/8644/results,boulder_one_group_two_courses,Custom: 2 courses,19,,,,,,,14108,WB2,/api/v1/routes/14108/startlist,
/api/v1/events/1375/result/255,1375,full_results_url,IFSC Youth European Championships Troyes 2024,BOULDER Youth A Female,finished,2025-10-02 07:18:40 UTC,2026-04-22 08:24:30 UTC,,8644,boulder,Qualification,Youth A Female,finished,2024-09-25 12:16:32 UTC,/api/v1/category_rounds/8644/results,boulder_one_group_two_courses,Custom: 2 courses,19,,,,,,,14109,WB3,/api/v1/routes/14109/startlist,
/api/v1/events/1375/result/255,1375,full_results_url,IFSC Youth European Championships Troyes 2024,BOULDER Youth A Female,finished,2025-10-02 07:18:40 UTC,2026-04-22 08:24:30 UTC,,9337,boulder,Semi-Final,Youth A Female,finished,2024-09-26 13:12:57 UTC,/api/v1/category_rounds/9337/results,boulder_one_group_one_boulder_set,IFSC: 1 group,20,,,,,,,14030,1,/api/v1/routes/14030/startlist,
/api/v1/events/1375/result/255,1375,full_results_url,IFSC Youth European Championships Troyes 2024,BOULDER Youth A Female,finished,2025-10-02 07:18:40 UTC,2026-04-22 08:24:30 UTC,,9337,boulder,Semi-Final,Youth A Female,finished,2024-09-26 13:12:57 UTC,/api/v1/category_rounds/9337/results,boulder_one_group_one_boulder_set,IFSC: 1 group,20,,,,,,,14031,2,/api/v1/routes/14031/startlist,
/api/v1/events/1375/result/255,1375,full_results_url,IFSC Youth European Championships Troyes 2024,BOULDER Youth A Female,finished,2025-10-02 07:18:40 UTC,2026-04-22 08:24:30 UTC,,9337,boulder,Semi-Final,Youth A Female,finished,2024-09-26 13:12:57 UTC,/api/v1/category_rounds/9337/results,boulder_one_group_one_boulder_set,IFSC: 1 group,20,,,,,,,14032,3,/api/v1/routes/14032/startlist,
/api/v1/events/1375/result/255,1375,full_results_url,IFSC Youth European Championships Troyes 2024,BOULDER Youth A Female,finished,2025-10-02 07:18:40 UTC,2026-04-22 08:24:30 UTC,,9337,boulder,Semi-Final,Youth A Female,finished,2024-09-26 13:12:57 UTC,/api/v1/category_rounds/9337/results,boulder_one_group_one_boulder_set,IFSC: 1 group,20,,,,,,,14033,4,/api/v1/routes/14033/startlist,
/api/v1/events/1375/result/255,1375,full_results_url,IFSC Youth European Championships Troyes 2024,BOULDER Youth A Female,finished,2025-10-02 07:18:40 UTC,2026-04-22 08:24:30 UTC,,9343,boulder,Final,Youth A Female,finished,2024-09-27 16:16:43 UTC,/api/v1/category_rounds/9343/results,boulder_one_group_one_boulder_set,IFSC: 1 group,21,,,,,,,14054,1,/api/v1/routes/14054/startlist,
/api/v1/events/1375/result/255,1375,full_results_url,IFSC Youth European Championships Troyes 2024,BOULDER Youth A Female,finished,2025-10-02 07:18:40 UTC,2026-04-22 08:24:30 UTC,,9343,boulder,Final,Youth A Female,finished,2024-09-27 16:16:43 UTC,/api/v1/category_rounds/9343/results,boulder_one_group_one_boulder_set,IFSC: 1 group,21,,,,,,,14055,2,/api/v1/routes/14055/startlist,
/api/v1/events/1375/result/255,1375,full_results_url,IFSC Youth European Championships Troyes 2024,BOULDER Youth A Female,finished,2025-10-02 07:18:40 UTC,2026-04-22 08:24:30 UTC,,9343,boulder,Final,Youth A Female,finished,2024-09-27 16:16:43 UTC,/api/v1/category_rounds/9343/results,boulder_one_group_one_boulder_set,IFSC: 1 group,21,,,,,,,14056,3,/api/v1/routes/14056/startlist,
/api/v1/events/1375/result/255,1375,full_results_url,IFSC Youth European Championships Troyes 2024,BOULDER Youth A Female,finished,2025-10-02 07:18:40 UTC,2026-04-22 08:24:30 UTC,,9343,boulder,Final,Youth A Female,finished,2024-09-27 16:16:43 UTC,/api/v1/category_rounds/9343/results,boulder_one_group_one_boulder_set,IFSC: 1 group,21,,,,,,,14057,4,/api/v1/routes/14057/startlist,
/api/v1/events/1375/result/259,1375,full_results_url,IFSC Youth European Championships Troyes 2024,BOULDER Youth B Female,finished,2025-10-02 07:18:40 UTC,2026-04-22 08:24:30 UTC,,8645,boulder,Qualification,Youth B Female,finished,2024-09-25 17:42:36 UTC,/api/v1/category_rounds/8645/results,boulder_one_group_two_courses,Custom: 2 courses,19,,,,,,,14110,WA1,/api/v1/routes/14110/startlist,
/api/v1/events/1375/result/259,1375,full_results_url,IFSC Youth European Championships Troyes 2024,BOULDER Youth B Female,finished,2025-10-02 07:18:40 UTC,2026-04-22 08:24:30 UTC,,8645,boulder,Qualification,Youth B Female,finished,2024-09-25 17:42:36 UTC,/api/v1/category_rounds/8645/results,boulder_one_group_two_courses,Custom: 2 courses,19,,,,,,,14111,WA2,/api/v1/routes/14111/startlist,
/api/v1/events/1375/result/259,1375,full_results_url,IFSC Youth European Championships Troyes 2024,BOULDER Youth B Female,finished,2025-10-02 07:18:40 UTC,2026-04-22 08:24:30 UTC,,8645,boulder,Qualification,Youth B Female,finished,2024-09-25 17:42:36 UTC,/api/v1/category_rounds/8645/results,boulder_one_group_two_courses,Custom: 2 courses,19,,,,,,,14112,WA3,/api/v1/routes/14112/startlist,
/api/v1/events/1375/result/259,1375,full_results_url,IFSC Youth European Championships Troyes 2024,BOULDER Youth B Female,finished,2025-10-02 07:18:40 UTC,2026-04-22 08:24:30 UTC,,8645,boulder,Qualification,Youth B Female,finished,2024-09-25 17:42:36 UTC,/api/v1/category_rounds/8645/results,boulder_one_group_two_courses,Custom: 2 courses,19,,,,,,,14113,WB1,/api/v1/routes/14113/startlist,
/api/v1/events/1375/result/259,1375,full_results_url,IFSC Youth European Championships Troyes 2024,BOULDER Youth B Female,finished,2025-10-02 07:18:40 UTC,2026-04-22 08:24:30 UTC,,8645,boulder,Qualification,Youth B Female,finished,2024-09-25 17:42:36 UTC,/api/v1/category_rounds/8645/results,boulder_one_group_two_courses,Custom: 2 courses,19,,,,,,,14114,WB2,/api/v1/routes/14114/startlist,
/api/v1/events/1375/result/259,1375,full_results_url,IFSC Youth European Championships Troyes 2024,BOULDER Youth B Female,finished,2025-10-02 07:18:40 UTC,2026-04-22 08:24:30 UTC,,8645,boulder,Qualification,Youth B Female,finished,2024-09-25 17:42:36 UTC,/api/v1/category_rounds/8645/results,boulder_one_group_two_courses,Custom: 2 courses,19,,,,,,,14115,WB3,/api/v1/routes/14115/startlist,
/api/v1/events/1375/result/259,1375,full_results_url,IFSC Youth European Championships Troyes 2024,BOULDER Youth B Female,finished,2025-10-02 07:18:40 UTC,2026-04-22 08:24:30 UTC,,9338,boulder,Semi-Final,Youth B Female,finished,2024-09-26 09:16:01 UTC,/api/v1/category_rounds/9338/results,boulder_one_group_one_boulder_set,IFSC: 1 group,20,,,,,,,14034,1,/api/v1/routes/14034/startlist,
/api/v1/events/1375/result/259,1375,full_results_url,IFSC Youth European Championships Troyes 2024,BOULDER Youth B Female,finished,2025-10-02 07:18:40 UTC,2026-04-22 08:24:30 UTC,,9338,boulder,Semi-Final,Youth B Female,finished,2024-09-26 09:16:01 UTC,/api/v1/category_rounds/9338/results,boulder_one_group_one_boulder_set,IFSC: 1 group,20,,,,,,,14035,2,/api/v1/routes/14035/startlist,
/api/v1/events/1375/result/259,1375,full_results_url,IFSC Youth European Championships Troyes 2024,BOULDER Youth B Female,finished,2025-10-02 07:18:40 UTC,2026-04-22 08:24:30 UTC,,9338,boulder,Semi-Final,Youth B Female,finished,2024-09-26 09:16:01 UTC,/api/v1/category_rounds/9338/results,boulder_one_group_one_boulder_set,IFSC: 1 group,20,,,,,,,14036,3,/api/v1/routes/14036/startlist,
/api/v1/events/1375/result/259,1375,full_results_url,IFSC Youth European Championships Troyes 2024,BOULDER Youth B Female,finished,2025-10-02 07:18:40 UTC,2026-04-22 08:24:30 UTC,,9338,boulder,Semi-Final,Youth B Female,finished,2024-09-26 09:16:01 UTC,/api/v1/category_rounds/9338/results,boulder_one_group_one_boulder_set,IFSC: 1 group,20,,,,,,,14037,4,/api/v1/routes/14037/startlist,
/api/v1/events/1375/result/259,1375,full_results_url,IFSC Youth European Championships Troyes 2024,BOULDER Youth B Female,finished,2025-10-02 07:18:40 UTC,2026-04-22 08:24:30 UTC,,9344,boulder,Final,Youth B Female,finished,2024-09-27 13:53:28 UTC,/api/v1/category_rounds/9344/results,boulder_one_group_one_boulder_set,IFSC: 1 group,21,,,,,,,14058,1,/api/v1/routes/14058/startlist,
/api/v1/events/1375/result/259,1375,full_results_url,IFSC Youth European Championships Troyes 2024,BOULDER Youth B Female,finished,2025-10-02 07:18:40 UTC,2026-04-22 08:24:30 UTC,,9344,boulder,Final,Youth B Female,finished,2024-09-27 13:53:28 UTC,/api/v1/category_rounds/9344/results,boulder_one_group_one_boulder_set,IFSC: 1 group,21,,,,,,,14059,2,/api/v1/routes/14059/startlist,
/api/v1/events/1375/result/259,1375,full_results_url,IFSC Youth European Championships Troyes 2024,BOULDER Youth B Female,finished,2025-10-02 07:18:40 UTC,2026-04-22 08:24:30 UTC,,9344,boulder,Final,Youth B Female,finished,2024-09-27 13:53:28 UTC,/api/v1/category_rounds/9344/results,boulder_one_group_one_boulder_set,IFSC: 1 group,21,,,,,,,14060,3,/api/v1/routes/14060/startlist,
/api/v1/events/1375/result/259,1375,full_results_url,IFSC Youth European Championships Troyes 2024,BOULDER Youth B Female,finished,2025-10-02 07:18:40 UTC,2026-04-22 08:24:30 UTC,,9344,boulder,Final,Youth B Female,finished,2024-09-27 13:53:28 UTC,/api/v1/category_rounds/9344/results,boulder_one_group_one_boulder_set,IFSC: 1 group,21,,,,,,,14061,4,/api/v1/routes/14061/startlist,
/api/v1/events/1375/result/234,1375,full_results_url,IFSC Youth European Championships Troyes 2024,SPEED Juniors Male,finished,2025-10-02 07:18:40 UTC,2026-04-22 08:24:29 UTC,,8646,speed,Qualification,Juniors Male,finished,2024-09-27 12:01:36 UTC,/api/v1/category_rounds/8646/results,speed_staggered_tolerate_false_start,IFSC-E: Qualification (Tolerate FS),19,,,,,,,11771,A,/api/v1/routes/11771/startlist,
/api/v1/events/1375/result/234,1375,full_results_url,IFSC Youth European Championships Troyes 2024,SPEED Juniors Male,finished,2025-10-02 07:18:40 UTC,2026-04-22 08:24:29 UTC,,8646,speed,Qualification,Juniors Male,finished,2024-09-27 12:01:36 UTC,/api/v1/category_rounds/8646/results,speed_staggered_tolerate_false_start,IFSC-E: Qualification (Tolerate FS),19,,,,,,,11772,B,/api/v1/routes/11772/startlist,
/api/v1/events/1375/result/234,1375,full_results_url,IFSC Youth European Championships Troyes 2024,SPEED Juniors Male,finished,2025-10-02 07:18:40 UTC,2026-04-22 08:24:29 UTC,,9345,speed,Final,Juniors Male,finished,2024-09-28 20:14:19 UTC,/api/v1/category_rounds/9345/results,speed_elimination_ifsc_2023,IFSC 2023+: Elimination,21,,,,,,,14062,A,/api/v1/routes/14062/startlist,
/api/v1/events/1375/result/234,1375,full_results_url,IFSC Youth European Championships Troyes 2024,SPEED Juniors Male,finished,2025-10-02 07:18:40 UTC,2026-04-22 08:24:29 UTC,,9345,speed,Final,Juniors Male,finished,2024-09-28 20:14:19 UTC,/api/v1/category_rounds/9345/results,speed_elimination_ifsc_2023,IFSC 2023+: Elimination,21,,,,,,,14063,B,/api/v1/routes/14063/startlist,
/api/v1/events/1375/result/238,1375,full_results_url,IFSC Youth European Championships Troyes 2024,SPEED Youth A Male,finished,2025-10-02 07:18:40 UTC,2026-04-22 08:24:28 UTC,,8647,speed,Qualification,Youth A Male,finished,2024-09-27 10:27:14 UTC,/api/v1/category_rounds/8647/results,speed_staggered_tolerate_false_start,IFSC-E: Qualification (Tolerate FS),19,,,,,,,11773,A,/api/v1/routes/11773/startlist,
/api/v1/events/1375/result/238,1375,full_results_url,IFSC Youth European Championships Troyes 2024,SPEED Youth A Male,finished,2025-10-02 07:18:40 UTC,2026-04-22 08:24:28 UTC,,8647,speed,Qualification,Youth A Male,finished,2024-09-27 10:27:14 UTC,/api/v1/category_rounds/8647/results,speed_staggered_tolerate_false_start,IFSC-E: Qualification (Tolerate FS),19,,,,,,,11774,B,/api/v1/routes/11774/startlist,
/api/v1/events/1375/result/238,1375,full_results_url,IFSC Youth European Championships Troyes 2024,SPEED Youth A Male,finished,2025-10-02 07:18:40 UTC,2026-04-22 08:24:28 UTC,,9346,speed,Final,Youth A Male,finished,2024-09-28 18:47:04 UTC,/api/v1/category_rounds/9346/results,speed_elimination_ifsc_2023,IFSC 2023+: Elimination,21,,,,,,,14064,A,/api/v1/routes/14064/startlist,
/api/v1/events/1375/result/238,1375,full_results_url,IFSC Youth European Championships Troyes 2024,SPEED Youth A Male,finished,2025-10-02 07:18:40 UTC,2026-04-22 08:24:28 UTC,,9346,speed,Final,Youth A Male,finished,2024-09-28 18:47:04 UTC,/api/v1/category_rounds/9346/results,speed_elimination_ifsc_2023,IFSC 2023+: Elimination,21,,,,,,,14065,B,/api/v1/routes/14065/startlist,
/api/v1/events/1375/result/242,1375,full_results_url,IFSC Youth European Championships Troyes 2024,SPEED Youth B Male,finished,2025-10-02 07:18:40 UTC,2026-04-22 08:24:29 UTC,,8648,speed,Qualification,Youth B Male,finished,2024-09-27 08:13:34 UTC,/api/v1/category_rounds/8648/results,speed_staggered_tolerate_false_start,IFSC-E: Qualification (Tolerate FS),19,,,,,,,11775,A,/api/v1/routes/11775/startlist,
/api/v1/events/1375/result/242,1375,full_results_url,IFSC Youth European Championships Troyes 2024,SPEED Youth B Male,finished,2025-10-02 07:18:40 UTC,2026-04-22 08:24:29 UTC,,8648,speed,Qualification,Youth B Male,finished,2024-09-27 08:13:34 UTC,/api/v1/category_rounds/8648/results,speed_staggered_tolerate_false_start,IFSC-E: Qualification (Tolerate FS),19,,,,,,,11776,B,/api/v1/routes/11776/startlist,
/api/v1/events/1375/result/242,1375,full_results_url,IFSC Youth European Championships Troyes 2024,SPEED Youth B Male,finished,2025-10-02 07:18:40 UTC,2026-04-22 08:24:29 UTC,,9347,speed,Final,Youth B Male,finished,2024-09-28 18:05:08 UTC,/api/v1/category_rounds/9347/results,speed_elimination_ifsc_2023,IFSC 2023+: Elimination,21,,,,,,,14066,A,/api/v1/routes/14066/startlist,
/api/v1/events/1375/result/242,1375,full_results_url,IFSC Youth European Championships Troyes 2024,SPEED Youth B Male,finished,2025-10-02 07:18:40 UTC,2026-04-22 08:24:29 UTC,,9347,speed,Final,Youth B Male,finished,2024-09-28 18:05:08 UTC,/api/v1/category_rounds/9347/results,speed_elimination_ifsc_2023,IFSC 2023+: Elimination,21,,,,,,,14067,B,/api/v1/routes/14067/startlist,
/api/v1/events/1375/result/250,1375,full_results_url,IFSC Youth European Championships Troyes 2024,SPEED Juniors Female,finished,2025-10-02 07:18:40 UTC,2026-04-22 08:24:28 UTC,,8649,speed,Qualification,Juniors Female,finished,2024-09-27 12:02:27 UTC,/api/v1/category_rounds/8649/results,speed_staggered_tolerate_false_start,IFSC-E: Qualification (Tolerate FS),19,,,,,,,11777,A,/api/v1/routes/11777/startlist,
/api/v1/events/1375/result/250,1375,full_results_url,IFSC Youth European Championships Troyes 2024,SPEED Juniors Female,finished,2025-10-02 07:18:40 UTC,2026-04-22 08:24:28 UTC,,8649,speed,Qualification,Juniors Female,finished,2024-09-27 12:02:27 UTC,/api/v1/category_rounds/8649/results,speed_staggered_tolerate_false_start,IFSC-E: Qualification (Tolerate FS),19,,,,,,,11778,B,/api/v1/routes/11778/startlist,
/api/v1/events/1375/result/250,1375,full_results_url,IFSC Youth European Championships Troyes 2024,SPEED Juniors Female,finished,2025-10-02 07:18:40 UTC,2026-04-22 08:24:28 UTC,,9348,speed,Final,Juniors Female,finished,2024-09-28 19:26:32 UTC,/api/v1/category_rounds/9348/results,speed_elimination_ifsc_2023,IFSC 2023+: Elimination,21,,,,,,,14068,A,/api/v1/routes/14068/startlist,
/api/v1/events/1375/result/250,1375,full_results_url,IFSC Youth European Championships Troyes 2024,SPEED Juniors Female,finished,2025-10-02 07:18:40 UTC,2026-04-22 08:24:28 UTC,,9348,speed,Final,Juniors Female,finished,2024-09-28 19:26:32 UTC,/api/v1/category_rounds/9348/results,speed_elimination_ifsc_2023,IFSC 2023+: Elimination,21,,,,,,,14069,B,/api/v1/routes/14069/startlist,
/api/v1/events/1375/result/254,1375,full_results_url,IFSC Youth European Championships Troyes 2024,SPEED Youth A Female,finished,2025-10-02 07:18:40 UTC,2026-04-22 08:24:29 UTC,,8650,speed,Qualification,Youth A Female,finished,2024-09-27 10:25:45 UTC,/api/v1/category_rounds/8650/results,speed_staggered_tolerate_false_start,IFSC-E: Qualification (Tolerate FS),19,,,,,,,11779,A,/api/v1/routes/11779/startlist,
/api/v1/events/1375/result/254,1375,full_results_url,IFSC Youth European Championships Troyes 2024,SPEED Youth A Female,finished,2025-10-02 07:18:40 UTC,2026-04-22 08:24:29 UTC,,8650,speed,Qualification,Youth A Female,finished,2024-09-27 10:25:45 UTC,/api/v1/category_rounds/8650/results,speed_staggered_tolerate_false_start,IFSC-E: Qualification (Tolerate FS),19,,,,,,,11780,B,/api/v1/routes/11780/startlist,
/api/v1/events/1375/result/254,1375,full_results_url,IFSC Youth European Championships Troyes 2024,SPEED Youth A Female,finished,2025-10-02 07:18:40 UTC,2026-04-22 08:24:29 UTC,,9349,speed,Final,Youth A Female,finished,2024-09-28 18:46:45 UTC,/api/v1/category_rounds/9349/results,speed_elimination_ifsc_2023,IFSC 2023+: Elimination,21,,,,,,,14070,A,/api/v1/routes/14070/startlist,
/api/v1/events/1375/result/254,1375,full_results_url,IFSC Youth European Championships Troyes 2024,SPEED Youth A Female,finished,2025-10-02 07:18:40 UTC,2026-04-22 08:24:29 UTC,,9349,speed,Final,Youth A Female,finished,2024-09-28 18:46:45 UTC,/api/v1/category_rounds/9349/results,speed_elimination_ifsc_2023,IFSC 2023+: Elimination,21,,,,,,,14071,B,/api/v1/routes/14071/startlist,
/api/v1/events/1375/result/258,1375,full_results_url,IFSC Youth European Championships Troyes 2024,SPEED Youth B Female,finished,2025-10-02 07:18:40 UTC,2026-04-22 08:24:28 UTC,,8651,speed,Qualification,Youth B Female,finished,2024-09-27 08:15:02 UTC,/api/v1/category_rounds/8651/results,speed_staggered_tolerate_false_start,IFSC-E: Qualification (Tolerate FS),19,,,,,,,11781,A,/api/v1/routes/11781/startlist,
/api/v1/events/1375/result/258,1375,full_results_url,IFSC Youth European Championships Troyes 2024,SPEED Youth B Female,finished,2025-10-02 07:18:40 UTC,2026-04-22 08:24:28 UTC,,8651,speed,Qualification,Youth B Female,finished,2024-09-27 08:15:02 UTC,/api/v1/category_rounds/8651/results,speed_staggered_tolerate_false_start,IFSC-E: Qualification (Tolerate FS),19,,,,,,,11782,B,/api/v1/routes/11782/startlist,
/api/v1/events/1375/result/258,1375,full_results_url,IFSC Youth European Championships Troyes 2024,SPEED Youth B Female,finished,2025-10-02 07:18:40 UTC,2026-04-22 08:24:28 UTC,,9350,speed,Final,Youth B Female,finished,2024-09-28 18:04:22 UTC,/api/v1/category_rounds/9350/results,speed_elimination_ifsc_2023,IFSC 2023+: Elimination,21,,,,,,,14072,A,/api/v1/routes/14072/startlist,
/api/v1/events/1375/result/258,1375,full_results_url,IFSC Youth European Championships Troyes 2024,SPEED Youth B Female,finished,2025-10-02 07:18:40 UTC,2026-04-22 08:24:28 UTC,,9350,speed,Final,Youth B Female,finished,2024-09-28 18:04:22 UTC,/api/v1/category_rounds/9350/results,speed_elimination_ifsc_2023,IFSC 2023+: Elimination,21,,,,,,,14073,B,/api/v1/routes/14073/startlist,
/api/v1/events/1391/result/529,1391,full_results_url,IFSC Paraclimbing World Cup Arco 2024,LEAD Men B1,registration_active,2025-10-02 07:18:41 UTC,NA,,8872,lead,Qualification,Men B1,pending,2024-09-26 15:10:15 UTC,/api/v1/category_rounds/8872/results,lead_one_group_two_routes,IFSC: 2 routes,49,,,,,,,14116,1,/api/v1/routes/14116/startlist,/api/v1/routes/14116/results
/api/v1/events/1391/result/529,1391,full_results_url,IFSC Paraclimbing World Cup Arco 2024,LEAD Men B1,registration_active,2025-10-02 07:18:41 UTC,NA,,8872,lead,Qualification,Men B1,pending,2024-09-26 15:10:15 UTC,/api/v1/category_rounds/8872/results,lead_one_group_two_routes,IFSC: 2 routes,49,,,,,,,14117,2,/api/v1/routes/14117/startlist,/api/v1/routes/14117/results
/api/v1/events/1391/result/529,1391,full_results_url,IFSC Paraclimbing World Cup Arco 2024,LEAD Men B1,registration_active,2025-10-02 07:18:41 UTC,NA,,9351,lead,Final,Men B1,pending,2024-09-26 11:53:56 UTC,/api/v1/category_rounds/9351/results,lead_one_group_one_route,IFSC: 1 route,51,,,,,,,14156,1,/api/v1/routes/14156/startlist,/api/v1/routes/14156/results
/api/v1/events/1391/result/533,1391,full_results_url,IFSC Paraclimbing World Cup Arco 2024,LEAD Men B2,finished,2025-10-02 07:18:41 UTC,2026-04-23 07:56:24 UTC,,8873,lead,Qualification,Men B2,finished,2024-09-27 11:48:38 UTC,/api/v1/category_rounds/8873/results,lead_one_group_two_routes,IFSC: 2 routes,49,,,,,,,14118,1,/api/v1/routes/14118/startlist,/api/v1/routes/14118/results
/api/v1/events/1391/result/533,1391,full_results_url,IFSC Paraclimbing World Cup Arco 2024,LEAD Men B2,finished,2025-10-02 07:18:41 UTC,2026-04-23 07:56:24 UTC,,8873,lead,Qualification,Men B2,finished,2024-09-27 11:48:38 UTC,/api/v1/category_rounds/8873/results,lead_one_group_two_routes,IFSC: 2 routes,49,,,,,,,14119,2,/api/v1/routes/14119/startlist,/api/v1/routes/14119/results
/api/v1/events/1391/result/533,1391,full_results_url,IFSC Paraclimbing World Cup Arco 2024,LEAD Men B2,finished,2025-10-02 07:18:41 UTC,2026-04-23 07:56:24 UTC,,9352,lead,Final,Men B2,finished,2024-09-28 15:48:14 UTC,/api/v1/category_rounds/9352/results,lead_one_group_one_route,IFSC: 1 route,51,,,,,,,14157,1,/api/v1/routes/14157/startlist,/api/v1/routes/14157/results
/api/v1/events/1391/result/537,1391,full_results_url,IFSC Paraclimbing World Cup Arco 2024,LEAD Men B3,finished,2025-10-02 07:18:41 UTC,2026-04-23 07:56:35 UTC,,8874,lead,Qualification,Men B3,finished,2024-09-27 11:52:50 UTC,/api/v1/category_rounds/8874/results,lead_one_group_two_routes,IFSC: 2 routes,49,,,,,,,14120,1,/api/v1/routes/14120/startlist,/api/v1/routes/14120/results
/api/v1/events/1391/result/537,1391,full_results_url,IFSC Paraclimbing World Cup Arco 2024,LEAD Men B3,finished,2025-10-02 07:18:41 UTC,2026-04-23 07:56:35 UTC,,8874,lead,Qualification,Men B3,finished,2024-09-27 11:52:50 UTC,/api/v1/category_rounds/8874/results,lead_one_group_two_routes,IFSC: 2 routes,49,,,,,,,14121,2,/api/v1/routes/14121/startlist,/api/v1/routes/14121/results
/api/v1/events/1391/result/537,1391,full_results_url,IFSC Paraclimbing World Cup Arco 2024,LEAD Men B3,finished,2025-10-02 07:18:41 UTC,2026-04-23 07:56:35 UTC,,9353,lead,Final,Men B3,finished,2024-09-28 15:57:40 UTC,/api/v1/category_rounds/9353/results,lead_one_group_one_route,IFSC: 1 route,51,,,,,,,14158,1,/api/v1/routes/14158/startlist,/api/v1/routes/14158/results
/api/v1/events/1391/result/541,1391,full_results_url,IFSC Paraclimbing World Cup Arco 2024,LEAD Women B1,finished,2025-10-02 07:18:41 UTC,2026-04-23 07:57:56 UTC,,8875,lead,Qualification,Women B1,finished,2024-09-27 14:46:40 UTC,/api/v1/category_rounds/8875/results,lead_one_group_two_routes,IFSC: 2 routes,49,,,,,,,14122,1,/api/v1/routes/14122/startlist,/api/v1/routes/14122/results
/api/v1/events/1391/result/541,1391,full_results_url,IFSC Paraclimbing World Cup Arco 2024,LEAD Women B1,finished,2025-10-02 07:18:41 UTC,2026-04-23 07:57:56 UTC,,8875,lead,Qualification,Women B1,finished,2024-09-27 14:46:40 UTC,/api/v1/category_rounds/8875/results,lead_one_group_two_routes,IFSC: 2 routes,49,,,,,,,14123,2,/api/v1/routes/14123/startlist,/api/v1/routes/14123/results
/api/v1/events/1391/result/541,1391,full_results_url,IFSC Paraclimbing World Cup Arco 2024,LEAD Women B1,finished,2025-10-02 07:18:41 UTC,2026-04-23 07:57:56 UTC,,9354,lead,Final,Women B1,finished,2024-09-28 15:43:09 UTC,/api/v1/category_rounds/9354/results,lead_one_group_one_route,IFSC: 1 route,51,,,,,,,14159,1,/api/v1/routes/14159/startlist,/api/v1/routes/14159/results
/api/v1/events/1391/result/545,1391,full_results_url,IFSC Paraclimbing World Cup Arco 2024,LEAD Women B2,finished,2025-10-02 07:18:41 UTC,2026-04-23 07:58:16 UTC,,8876,lead,Qualification,Women B2,finished,2024-09-27 14:50:35 UTC,/api/v1/category_rounds/8876/results,lead_one_group_two_routes,IFSC: 2 routes,49,,,,,,,14124,1,/api/v1/routes/14124/startlist,/api/v1/routes/14124/results
/api/v1/events/1391/result/545,1391,full_results_url,IFSC Paraclimbing World Cup Arco 2024,LEAD Women B2,finished,2025-10-02 07:18:41 UTC,2026-04-23 07:58:16 UTC,,8876,lead,Qualification,Women B2,finished,2024-09-27 14:50:35 UTC,/api/v1/category_rounds/8876/results,lead_one_group_two_routes,IFSC: 2 routes,49,,,,,,,14125,2,/api/v1/routes/14125/startlist,/api/v1/routes/14125/results
/api/v1/events/1391/result/545,1391,full_results_url,IFSC Paraclimbing World Cup Arco 2024,LEAD Women B2,finished,2025-10-02 07:18:41 UTC,2026-04-23 07:58:16 UTC,,9355,lead,Final,Women B2,finished,2024-09-28 16:06:40 UTC,/api/v1/category_rounds/9355/results,lead_one_group_one_route,IFSC: 1 route,51,,,,,,,14160,1,/api/v1/routes/14160/startlist,/api/v1/routes/14160/results
/api/v1/events/1391/result/549,1391,full_results_url,IFSC Paraclimbing World Cup Arco 2024,LEAD Women B3,registration_pending,2025-10-02 07:18:41 UTC,NA,,8877,lead,Qualification,Women B3,pending,2024-09-26 11:53:49 UTC,/api/v1/category_rounds/8877/results,lead_one_group_two_routes,IFSC: 2 routes,49,,,,,,,14126,1,/api/v1/routes/14126/startlist,/api/v1/routes/14126/results
/api/v1/events/1391/result/549,1391,full_results_url,IFSC Paraclimbing World Cup Arco 2024,LEAD Women B3,registration_pending,2025-10-02 07:18:41 UTC,NA,,8877,lead,Qualification,Women B3,pending,2024-09-26 11:53:49 UTC,/api/v1/category_rounds/8877/results,lead_one_group_two_routes,IFSC: 2 routes,49,,,,,,,14127,2,/api/v1/routes/14127/startlist,/api/v1/routes/14127/results
/api/v1/events/1391/result/549,1391,full_results_url,IFSC Paraclimbing World Cup Arco 2024,LEAD Women B3,registration_pending,2025-10-02 07:18:41 UTC,NA,,9356,lead,Final,Women B3,pending,2024-09-26 11:53:57 UTC,/api/v1/category_rounds/9356/results,lead_one_group_one_route,IFSC: 1 route,51,,,,,,,14161,1,/api/v1/routes/14161/startlist,/api/v1/routes/14161/results
/api/v1/events/1391/result/553,1391,full_results_url,IFSC Paraclimbing World Cup Arco 2024,LEAD Men AL1,finished,2025-10-02 07:18:41 UTC,2026-04-23 07:54:33 UTC,,8878,lead,Qualification,Men AL1,finished,2024-09-27 14:55:04 UTC,/api/v1/category_rounds/8878/results,lead_one_group_two_routes,IFSC: 2 routes,49,,,,,,,14128,1,/api/v1/routes/14128/startlist,/api/v1/routes/14128/results
/api/v1/events/1391/result/553,1391,full_results_url,IFSC Paraclimbing World Cup Arco 2024,LEAD Men AL1,finished,2025-10-02 07:18:41 UTC,2026-04-23 07:54:33 UTC,,8878,lead,Qualification,Men AL1,finished,2024-09-27 14:55:04 UTC,/api/v1/category_rounds/8878/results,lead_one_group_two_routes,IFSC: 2 routes,49,,,,,,,14129,2,/api/v1/routes/14129/startlist,/api/v1/routes/14129/results
/api/v1/events/1391/result/553,1391,full_results_url,IFSC Paraclimbing World Cup Arco 2024,LEAD Men AL1,finished,2025-10-02 07:18:41 UTC,2026-04-23 07:54:33 UTC,,9357,lead,Final,Men AL1,finished,2024-09-28 17:01:17 UTC,/api/v1/category_rounds/9357/results,lead_one_group_one_route,IFSC: 1 route,51,,,,,,,14162,1,/api/v1/routes/14162/startlist,/api/v1/routes/14162/results
/api/v1/events/1391/result/557,1391,full_results_url,IFSC Paraclimbing World Cup Arco 2024,LEAD Women AL1,registration_pending,2025-10-02 07:18:41 UTC,NA,,8879,lead,Qualification,Women AL1,pending,2024-09-26 11:53:49 UTC,/api/v1/category_rounds/8879/results,lead_one_group_two_routes,IFSC: 2 routes,49,,,,,,,14130,1,/api/v1/routes/14130/startlist,/api/v1/routes/14130/results
/api/v1/events/1391/result/557,1391,full_results_url,IFSC Paraclimbing World Cup Arco 2024,LEAD Women AL1,registration_pending,2025-10-02 07:18:41 UTC,NA,,8879,lead,Qualification,Women AL1,pending,2024-09-26 11:53:49 UTC,/api/v1/category_rounds/8879/results,lead_one_group_two_routes,IFSC: 2 routes,49,,,,,,,14131,2,/api/v1/routes/14131/startlist,/api/v1/routes/14131/results
/api/v1/events/1391/result/557,1391,full_results_url,IFSC Paraclimbing World Cup Arco 2024,LEAD Women AL1,registration_pending,2025-10-02 07:18:41 UTC,NA,,9358,lead,Final,Women AL1,pending,2024-09-26 11:53:57 UTC,/api/v1/category_rounds/9358/results,lead_one_group_one_route,IFSC: 1 route,51,,,,,,,14163,1,/api/v1/routes/14163/startlist,/api/v1/routes/14163/results
/api/v1/events/1391/result/561,1391,full_results_url,IFSC Paraclimbing World Cup Arco 2024,LEAD Men AL2,finished,2025-10-02 07:18:41 UTC,2026-04-23 07:55:04 UTC,,8880,lead,Qualification,Men AL2,finished,2024-09-27 14:25:14 UTC,/api/v1/category_rounds/8880/results,lead_one_group_two_routes,IFSC: 2 routes,49,,,,,,,14132,1,/api/v1/routes/14132/startlist,/api/v1/routes/14132/results
/api/v1/events/1391/result/561,1391,full_results_url,IFSC Paraclimbing World Cup Arco 2024,LEAD Men AL2,finished,2025-10-02 07:18:41 UTC,2026-04-23 07:55:04 UTC,,8880,lead,Qualification,Men AL2,finished,2024-09-27 14:25:14 UTC,/api/v1/category_rounds/8880/results,lead_one_group_two_routes,IFSC: 2 routes,49,,,,,,,14133,2,/api/v1/routes/14133/startlist,/api/v1/routes/14133/results
/api/v1/events/1391/result/561,1391,full_results_url,IFSC Paraclimbing World Cup Arco 2024,LEAD Men AL2,finished,2025-10-02 07:18:41 UTC,2026-04-23 07:55:04 UTC,,9359,lead,Final,Men AL2,finished,2024-09-28 17:42:43 UTC,/api/v1/category_rounds/9359/results,lead_one_group_one_route,IFSC: 1 route,51,,,,,,,14164,1,/api/v1/routes/14164/startlist,/api/v1/routes/14164/results
/api/v1/events/1391/result/565,1391,full_results_url,IFSC Paraclimbing World Cup Arco 2024,LEAD Women AL2,finished,2025-10-02 07:18:41 UTC,2026-04-23 07:57:23 UTC,,8881,lead,Qualification,Women AL2,finished,2024-09-27 16:57:50 UTC,/api/v1/category_rounds/8881/results,lead_one_group_two_routes,IFSC: 2 routes,49,,,,,,,14134,1,/api/v1/routes/14134/startlist,/api/v1/routes/14134/results
/api/v1/events/1391/result/565,1391,full_results_url,IFSC Paraclimbing World Cup Arco 2024,LEAD Women AL2,finished,2025-10-02 07:18:41 UTC,2026-04-23 07:57:23 UTC,,8881,lead,Qualification,Women AL2,finished,2024-09-27 16:57:50 UTC,/api/v1/category_rounds/8881/results,lead_one_group_two_routes,IFSC: 2 routes,49,,,,,,,14135,2,/api/v1/routes/14135/startlist,/api/v1/routes/14135/results
/api/v1/events/1391/result/565,1391,full_results_url,IFSC Paraclimbing World Cup Arco 2024,LEAD Women AL2,finished,2025-10-02 07:18:41 UTC,2026-04-23 07:57:23 UTC,,9360,lead,Final,Women AL2,finished,2024-09-28 16:43:07 UTC,/api/v1/category_rounds/9360/results,lead_one_group_one_route,IFSC: 1 route,51,,,,,,,14165,1,/api/v1/routes/14165/startlist,/api/v1/routes/14165/results
/api/v1/events/1391/result/577,1391,full_results_url,IFSC Paraclimbing World Cup Arco 2024,LEAD Men AU2,finished,2025-10-02 07:18:41 UTC,2026-04-23 07:55:33 UTC,,8884,lead,Qualification,Men AU2,finished,2024-09-27 16:48:44 UTC,/api/v1/category_rounds/8884/results,lead_one_group_two_routes,IFSC: 2 routes,49,,,,,,,14136,1,/api/v1/routes/14136/startlist,/api/v1/routes/14136/results
/api/v1/events/1391/result/577,1391,full_results_url,IFSC Paraclimbing World Cup Arco 2024,LEAD Men AU2,finished,2025-10-02 07:18:41 UTC,2026-04-23 07:55:33 UTC,,8884,lead,Qualification,Men AU2,finished,2024-09-27 16:48:44 UTC,/api/v1/category_rounds/8884/results,lead_one_group_two_routes,IFSC: 2 routes,49,,,,,,,14137,2,/api/v1/routes/14137/startlist,/api/v1/routes/14137/results
/api/v1/events/1391/result/577,1391,full_results_url,IFSC Paraclimbing World Cup Arco 2024,LEAD Men AU2,finished,2025-10-02 07:18:41 UTC,2026-04-23 07:55:33 UTC,,9361,lead,Final,Men AU2,finished,2024-09-28 17:08:06 UTC,/api/v1/category_rounds/9361/results,lead_one_group_one_route,IFSC: 1 route,51,,,,,,,14166,1,/api/v1/routes/14166/startlist,/api/v1/routes/14166/results
/api/v1/events/1391/result/581,1391,full_results_url,IFSC Paraclimbing World Cup Arco 2024,LEAD Women AU2,finished,2025-10-02 07:18:41 UTC,2026-04-23 07:57:36 UTC,,8885,lead,Qualification,Women AU2,finished,2024-09-27 14:32:40 UTC,/api/v1/category_rounds/8885/results,lead_one_group_two_routes,IFSC: 2 routes,49,,,,,,,14138,1,/api/v1/routes/14138/startlist,/api/v1/routes/14138/results
/api/v1/events/1391/result/581,1391,full_results_url,IFSC Paraclimbing World Cup Arco 2024,LEAD Women AU2,finished,2025-10-02 07:18:41 UTC,2026-04-23 07:57:36 UTC,,8885,lead,Qualification,Women AU2,finished,2024-09-27 14:32:40 UTC,/api/v1/category_rounds/8885/results,lead_one_group_two_routes,IFSC: 2 routes,49,,,,,,,14139,2,/api/v1/routes/14139/startlist,/api/v1/routes/14139/results
/api/v1/events/1391/result/581,1391,full_results_url,IFSC Paraclimbing World Cup Arco 2024,LEAD Women AU2,finished,2025-10-02 07:18:41 UTC,2026-04-23 07:57:36 UTC,,9362,lead,Final,Women AU2,finished,2024-09-28 17:13:47 UTC,/api/v1/category_rounds/9362/results,lead_one_group_one_route,IFSC: 1 route,51,,,,,,,14167,1,/api/v1/routes/14167/startlist,/api/v1/routes/14167/results
/api/v1/events/1391/result/585,1391,full_results_url,IFSC Paraclimbing World Cup Arco 2024,LEAD Men RP1,finished,2025-10-02 07:18:41 UTC,2026-04-23 07:56:47 UTC,,8886,lead,Qualification,Men RP1,finished,2024-09-27 16:35:17 UTC,/api/v1/category_rounds/8886/results,lead_one_group_two_routes,IFSC: 2 routes,49,,,,,,,14140,1,/api/v1/routes/14140/startlist,/api/v1/routes/14140/results
/api/v1/events/1391/result/585,1391,full_results_url,IFSC Paraclimbing World Cup Arco 2024,LEAD Men RP1,finished,2025-10-02 07:18:41 UTC,2026-04-23 07:56:47 UTC,,8886,lead,Qualification,Men RP1,finished,2024-09-27 16:35:17 UTC,/api/v1/category_rounds/8886/results,lead_one_group_two_routes,IFSC: 2 routes,49,,,,,,,14141,2,/api/v1/routes/14141/startlist,/api/v1/routes/14141/results
/api/v1/events/1391/result/585,1391,full_results_url,IFSC Paraclimbing World Cup Arco 2024,LEAD Men RP1,finished,2025-10-02 07:18:41 UTC,2026-04-23 07:56:47 UTC,,9363,lead,Final,Men RP1,finished,2024-09-28 14:56:06 UTC,/api/v1/category_rounds/9363/results,lead_one_group_one_route,IFSC: 1 route,51,,,,,,,14168,1,/api/v1/routes/14168/startlist,/api/v1/routes/14168/results
/api/v1/events/1391/result/589,1391,full_results_url,IFSC Paraclimbing World Cup Arco 2024,LEAD Men RP2,finished,2025-10-02 07:18:41 UTC,2026-04-23 07:57:00 UTC,,8887,lead,Qualification,Men RP2,finished,2024-09-27 16:10:35 UTC,/api/v1/category_rounds/8887/results,lead_one_group_two_routes,IFSC: 2 routes,49,,,,,,,14142,1,/api/v1/routes/14142/startlist,/api/v1/routes/14142/results
/api/v1/events/1391/result/589,1391,full_results_url,IFSC Paraclimbing World Cup Arco 2024,LEAD Men RP2,finished,2025-10-02 07:18:41 UTC,2026-04-23 07:57:00 UTC,,8887,lead,Qualification,Men RP2,finished,2024-09-27 16:10:35 UTC,/api/v1/category_rounds/8887/results,lead_one_group_two_routes,IFSC: 2 routes,49,,,,,,,14143,2,/api/v1/routes/14143/startlist,/api/v1/routes/14143/results
/api/v1/events/1391/result/589,1391,full_results_url,IFSC Paraclimbing World Cup Arco 2024,LEAD Men RP2,finished,2025-10-02 07:18:41 UTC,2026-04-23 07:57:00 UTC,,9364,lead,Final,Men RP2,finished,2024-09-28 15:11:26 UTC,/api/v1/category_rounds/9364/results,lead_one_group_one_route,IFSC: 1 route,51,,,,,,,14169,1,/api/v1/routes/14169/startlist,/api/v1/routes/14169/results
/api/v1/events/1391/result/593,1391,full_results_url,IFSC Paraclimbing World Cup Arco 2024,LEAD Men RP3,finished,2025-10-02 07:18:41 UTC,2026-04-23 07:57:10 UTC,,8888,lead,Qualification,Men RP3,finished,2024-09-27 13:20:52 UTC,/api/v1/category_rounds/8888/results,lead_one_group_two_routes,IFSC: 2 routes,49,,,,,,,14144,1,/api/v1/routes/14144/startlist,/api/v1/routes/14144/results
/api/v1/events/1391/result/593,1391,full_results_url,IFSC Paraclimbing World Cup Arco 2024,LEAD Men RP3,finished,2025-10-02 07:18:41 UTC,2026-04-23 07:57:10 UTC,,8888,lead,Qualification,Men RP3,finished,2024-09-27 13:20:52 UTC,/api/v1/category_rounds/8888/results,lead_one_group_two_routes,IFSC: 2 routes,49,,,,,,,14145,2,/api/v1/routes/14145/startlist,/api/v1/routes/14145/results
/api/v1/events/1391/result/593,1391,full_results_url,IFSC Paraclimbing World Cup Arco 2024,LEAD Men RP3,finished,2025-10-02 07:18:41 UTC,2026-04-23 07:57:10 UTC,,9365,lead,Final,Men RP3,finished,2024-09-28 15:15:48 UTC,/api/v1/category_rounds/9365/results,lead_one_group_one_route,IFSC: 1 route,51,,,,,,,14170,1,/api/v1/routes/14170/startlist,/api/v1/routes/14170/results
/api/v1/events/1391/result/597,1391,full_results_url,IFSC Paraclimbing World Cup Arco 2024,LEAD Women RP1,finished,2025-10-02 07:18:41 UTC,2026-04-23 07:58:35 UTC,,8889,lead,Qualification,Women RP1,finished,2024-09-27 13:25:08 UTC,/api/v1/category_rounds/8889/results,lead_one_group_two_routes,IFSC: 2 routes,49,,,,,,,14146,1,/api/v1/routes/14146/startlist,/api/v1/routes/14146/results
/api/v1/events/1391/result/597,1391,full_results_url,IFSC Paraclimbing World Cup Arco 2024,LEAD Women RP1,finished,2025-10-02 07:18:41 UTC,2026-04-23 07:58:35 UTC,,8889,lead,Qualification,Women RP1,finished,2024-09-27 13:25:08 UTC,/api/v1/category_rounds/8889/results,lead_one_group_two_routes,IFSC: 2 routes,49,,,,,,,14147,2,/api/v1/routes/14147/startlist,/api/v1/routes/14147/results
/api/v1/events/1391/result/597,1391,full_results_url,IFSC Paraclimbing World Cup Arco 2024,LEAD Women RP1,finished,2025-10-02 07:18:41 UTC,2026-04-23 07:58:35 UTC,,9366,lead,Final,Women RP1,finished,2024-09-28 14:27:07 UTC,/api/v1/category_rounds/9366/results,lead_one_group_one_route,IFSC: 1 route,51,,,,,,,14171,1,/api/v1/routes/14171/startlist,/api/v1/routes/14171/results
/api/v1/events/1391/result/601,1391,full_results_url,IFSC Paraclimbing World Cup Arco 2024,LEAD Women RP2,finished,2025-10-02 07:18:41 UTC,2026-04-23 07:58:48 UTC,,8890,lead,Qualification,Women RP2,finished,2024-09-27 14:49:12 UTC,/api/v1/category_rounds/8890/results,lead_one_group_two_routes,IFSC: 2 routes,49,,,,,,,14148,1,/api/v1/routes/14148/startlist,/api/v1/routes/14148/results
/api/v1/events/1391/result/601,1391,full_results_url,IFSC Paraclimbing World Cup Arco 2024,LEAD Women RP2,finished,2025-10-02 07:18:41 UTC,2026-04-23 07:58:48 UTC,,8890,lead,Qualification,Women RP2,finished,2024-09-27 14:49:12 UTC,/api/v1/category_rounds/8890/results,lead_one_group_two_routes,IFSC: 2 routes,49,,,,,,,14149,2,/api/v1/routes/14149/startlist,/api/v1/routes/14149/results
/api/v1/events/1391/result/601,1391,full_results_url,IFSC Paraclimbing World Cup Arco 2024,LEAD Women RP2,finished,2025-10-02 07:18:41 UTC,2026-04-23 07:58:48 UTC,,9367,lead,Final,Women RP2,finished,2024-09-28 14:43:04 UTC,/api/v1/category_rounds/9367/results,lead_one_group_one_route,IFSC: 1 route,51,,,,,,,14172,1,/api/v1/routes/14172/startlist,/api/v1/routes/14172/results
/api/v1/events/1391/result/605,1391,full_results_url,IFSC Paraclimbing World Cup Arco 2024,LEAD Women RP3,finished,2025-10-02 07:18:41 UTC,2026-04-23 07:59:04 UTC,,8891,lead,Qualification,Women RP3,finished,2024-09-27 16:22:13 UTC,/api/v1/category_rounds/8891/results,lead_one_group_two_routes,IFSC: 2 routes,49,,,,,,,14150,1,/api/v1/routes/14150/startlist,/api/v1/routes/14150/results
/api/v1/events/1391/result/605,1391,full_results_url,IFSC Paraclimbing World Cup Arco 2024,LEAD Women RP3,finished,2025-10-02 07:18:41 UTC,2026-04-23 07:59:04 UTC,,8891,lead,Qualification,Women RP3,finished,2024-09-27 16:22:13 UTC,/api/v1/category_rounds/8891/results,lead_one_group_two_routes,IFSC: 2 routes,49,,,,,,,14151,2,/api/v1/routes/14151/startlist,/api/v1/routes/14151/results
/api/v1/events/1391/result/605,1391,full_results_url,IFSC Paraclimbing World Cup Arco 2024,LEAD Women RP3,finished,2025-10-02 07:18:41 UTC,2026-04-23 07:59:04 UTC,,9368,lead,Final,Women RP3,finished,2024-09-28 14:27:58 UTC,/api/v1/category_rounds/9368/results,lead_one_group_one_route,IFSC: 1 route,51,,,,,,,14173,1,/api/v1/routes/14173/startlist,/api/v1/routes/14173/results
/api/v1/events/1391/result/753,1391,full_results_url,IFSC Paraclimbing World Cup Arco 2024,LEAD Men AU3,finished,2025-10-02 07:18:41 UTC,2026-04-23 07:55:56 UTC,,8892,lead,Qualification,Men AU3,finished,2024-09-27 10:48:13 UTC,/api/v1/category_rounds/8892/results,lead_one_group_two_routes,IFSC: 2 routes,49,,,,,,,14152,1,/api/v1/routes/14152/startlist,/api/v1/routes/14152/results
/api/v1/events/1391/result/753,1391,full_results_url,IFSC Paraclimbing World Cup Arco 2024,LEAD Men AU3,finished,2025-10-02 07:18:41 UTC,2026-04-23 07:55:56 UTC,,8892,lead,Qualification,Men AU3,finished,2024-09-27 10:48:13 UTC,/api/v1/category_rounds/8892/results,lead_one_group_two_routes,IFSC: 2 routes,49,,,,,,,14153,2,/api/v1/routes/14153/startlist,/api/v1/routes/14153/results
/api/v1/events/1391/result/753,1391,full_results_url,IFSC Paraclimbing World Cup Arco 2024,LEAD Men AU3,finished,2025-10-02 07:18:41 UTC,2026-04-23 07:55:56 UTC,,9369,lead,Final,Men AU3,finished,2024-09-28 17:15:51 UTC,/api/v1/category_rounds/9369/results,lead_one_group_one_route,IFSC: 1 route,51,,,,,,,14174,1,/api/v1/routes/14174/startlist,/api/v1/routes/14174/results
/api/v1/events/1391/result/758,1391,full_results_url,IFSC Paraclimbing World Cup Arco 2024,LEAD Women AU3,finished,2025-10-02 07:18:41 UTC,2026-04-23 07:57:46 UTC,,8893,lead,Qualification,Women AU3,finished,2024-09-27 11:09:38 UTC,/api/v1/category_rounds/8893/results,lead_one_group_two_routes,IFSC: 2 routes,49,,,,,,,14154,1,/api/v1/routes/14154/startlist,/api/v1/routes/14154/results
/api/v1/events/1391/result/758,1391,full_results_url,IFSC Paraclimbing World Cup Arco 2024,LEAD Women AU3,finished,2025-10-02 07:18:41 UTC,2026-04-23 07:57:46 UTC,,8893,lead,Qualification,Women AU3,finished,2024-09-27 11:09:38 UTC,/api/v1/category_rounds/8893/results,lead_one_group_two_routes,IFSC: 2 routes,49,,,,,,,14155,2,/api/v1/routes/14155/startlist,/api/v1/routes/14155/results
/api/v1/events/1391/result/758,1391,full_results_url,IFSC Paraclimbing World Cup Arco 2024,LEAD Women AU3,finished,2025-10-02 07:18:41 UTC,2026-04-23 07:57:46 UTC,,9370,lead,Final,Women AU3,finished,2024-09-28 16:56:57 UTC,/api/v1/category_rounds/9370/results,lead_one_group_one_route,IFSC: 1 route,51,,,,,,,14175,1,/api/v1/routes/14175/startlist,/api/v1/routes/14175/results
/api/v1/events/1361/result/1,1361,full_results_url,IFSC World Cup Seoul 2024,LEAD Men,finished,2025-10-02 07:18:40 UTC,2026-04-23 12:20:25 UTC,,8530,lead,Qualification,Men,finished,2024-10-05 05:54:32 UTC,/api/v1/category_rounds/8530/results,lead_one_group_two_routes,IFSC: 2 routes,1,,,,,,,11389,1,/api/v1/routes/11389/startlist,/api/v1/routes/11389/results
/api/v1/events/1361/result/1,1361,full_results_url,IFSC World Cup Seoul 2024,LEAD Men,finished,2025-10-02 07:18:40 UTC,2026-04-23 12:20:25 UTC,,8530,lead,Qualification,Men,finished,2024-10-05 05:54:32 UTC,/api/v1/category_rounds/8530/results,lead_one_group_two_routes,IFSC: 2 routes,1,,,,,,,11390,2,/api/v1/routes/11390/startlist,/api/v1/routes/11390/results
/api/v1/events/1361/result/1,1361,full_results_url,IFSC World Cup Seoul 2024,LEAD Men,finished,2025-10-02 07:18:40 UTC,2026-04-23 12:20:25 UTC,,9377,lead,Semi-final,Men,finished,2024-10-06 06:23:38 UTC,/api/v1/category_rounds/9377/results,lead_one_group_one_route,IFSC: 1 route,2,,,,,,,14196,1,/api/v1/routes/14196/startlist,/api/v1/routes/14196/results
/api/v1/events/1361/result/1,1361,full_results_url,IFSC World Cup Seoul 2024,LEAD Men,finished,2025-10-02 07:18:40 UTC,2026-04-23 12:20:25 UTC,,9379,lead,Final,Men,finished,2024-10-06 13:02:57 UTC,/api/v1/category_rounds/9379/results,lead_one_group_one_route,IFSC: 1 route,3,,,,,,,14198,1,/api/v1/routes/14198/startlist,/api/v1/routes/14198/results
/api/v1/events/1361/result/5,1361,full_results_url,IFSC World Cup Seoul 2024,LEAD Women,finished,2025-10-02 07:18:40 UTC,2026-04-22 08:36:54 UTC,,8531,lead,Qualification,Women,finished,2024-10-05 06:23:39 UTC,/api/v1/category_rounds/8531/results,lead_one_group_two_routes,IFSC: 2 routes,1,,,,,,,11391,1,/api/v1/routes/11391/startlist,/api/v1/routes/11391/results
/api/v1/events/1361/result/5,1361,full_results_url,IFSC World Cup Seoul 2024,LEAD Women,finished,2025-10-02 07:18:40 UTC,2026-04-22 08:36:54 UTC,,8531,lead,Qualification,Women,finished,2024-10-05 06:23:39 UTC,/api/v1/category_rounds/8531/results,lead_one_group_two_routes,IFSC: 2 routes,1,,,,,,,11392,2,/api/v1/routes/11392/startlist,/api/v1/routes/11392/results
/api/v1/events/1361/result/5,1361,full_results_url,IFSC World Cup Seoul 2024,LEAD Women,finished,2025-10-02 07:18:40 UTC,2026-04-22 08:36:54 UTC,,9378,lead,Semi-final,Women,finished,2024-10-06 06:38:44 UTC,/api/v1/category_rounds/9378/results,lead_one_group_one_route,IFSC: 1 route,2,,,,,,,14197,1,/api/v1/routes/14197/startlist,/api/v1/routes/14197/results
/api/v1/events/1361/result/5,1361,full_results_url,IFSC World Cup Seoul 2024,LEAD Women,finished,2025-10-02 07:18:40 UTC,2026-04-22 08:36:54 UTC,,9380,lead,Final,Women,finished,2024-10-06 12:04:46 UTC,/api/v1/category_rounds/9380/results,lead_one_group_one_route,IFSC: 1 route,3,,,,,,,14199,1,/api/v1/routes/14199/startlist,/api/v1/routes/14199/results
/api/v1/events/1361/result/2,1361,full_results_url,IFSC World Cup Seoul 2024,SPEED Men,finished,2025-10-02 07:18:40 UTC,2026-04-22 08:36:57 UTC,,8532,speed,Qualification,Men,finished,2024-10-04 07:02:03 UTC,/api/v1/category_rounds/8532/results,speed_staggered,IFSC: Qualification,1,,,,,,,11393,A,/api/v1/routes/11393/startlist,
/api/v1/events/1361/result/2,1361,full_results_url,IFSC World Cup Seoul 2024,SPEED Men,finished,2025-10-02 07:18:40 UTC,2026-04-22 08:36:57 UTC,,8532,speed,Qualification,Men,finished,2024-10-04 07:02:03 UTC,/api/v1/category_rounds/8532/results,speed_staggered,IFSC: Qualification,1,,,,,,,11394,B,/api/v1/routes/11394/startlist,
/api/v1/events/1361/result/2,1361,full_results_url,IFSC World Cup Seoul 2024,SPEED Men,finished,2025-10-02 07:18:40 UTC,2026-04-22 08:36:57 UTC,,9375,speed,Final,Men,finished,2024-10-04 12:20:00 UTC,/api/v1/category_rounds/9375/results,speed_elimination_ifsc_2023,IFSC 2023+: Elimination,3,,,,,,,14192,A,/api/v1/routes/14192/startlist,
/api/v1/events/1361/result/2,1361,full_results_url,IFSC World Cup Seoul 2024,SPEED Men,finished,2025-10-02 07:18:40 UTC,2026-04-22 08:36:57 UTC,,9375,speed,Final,Men,finished,2024-10-04 12:20:00 UTC,/api/v1/category_rounds/9375/results,speed_elimination_ifsc_2023,IFSC 2023+: Elimination,3,,,,,,,14193,B,/api/v1/routes/14193/startlist,
/api/v1/events/1361/result/6,1361,full_results_url,IFSC World Cup Seoul 2024,SPEED Women,finished,2025-10-02 07:18:40 UTC,2026-04-22 08:37:01 UTC,,8533,speed,Qualification,Women,finished,2024-10-04 05:39:26 UTC,/api/v1/category_rounds/8533/results,speed_staggered,IFSC: Qualification,1,,,,,,,11395,A,/api/v1/routes/11395/startlist,
/api/v1/events/1361/result/6,1361,full_results_url,IFSC World Cup Seoul 2024,SPEED Women,finished,2025-10-02 07:18:40 UTC,2026-04-22 08:37:01 UTC,,8533,speed,Qualification,Women,finished,2024-10-04 05:39:26 UTC,/api/v1/category_rounds/8533/results,speed_staggered,IFSC: Qualification,1,,,,,,,11396,B,/api/v1/routes/11396/startlist,
/api/v1/events/1361/result/6,1361,full_results_url,IFSC World Cup Seoul 2024,SPEED Women,finished,2025-10-02 07:18:40 UTC,2026-04-22 08:37:01 UTC,,9376,speed,Final,Women,finished,2024-10-04 12:18:08 UTC,/api/v1/category_rounds/9376/results,speed_elimination_ifsc_2023,IFSC 2023+: Elimination,3,,,,,,,14194,A,/api/v1/routes/14194/startlist,
/api/v1/events/1361/result/6,1361,full_results_url,IFSC World Cup Seoul 2024,SPEED Women,finished,2025-10-02 07:18:40 UTC,2026-04-22 08:37:01 UTC,,9376,speed,Final,Women,finished,2024-10-04 12:18:08 UTC,/api/v1/category_rounds/9376/results,speed_elimination_ifsc_2023,IFSC 2023+: Elimination,3,,,,,,,14195,B,/api/v1/routes/14195/startlist,
/api/v1/events/1361/result/3,1361,full_results_url,IFSC World Cup Seoul 2024,BOULDER Men,finished,2025-10-02 07:18:40 UTC,2026-04-22 08:37:04 UTC,,9371,boulder,Semi-final,Men,finished,2024-10-03 03:18:20 UTC,/api/v1/category_rounds/9371/results,boulder_one_group_one_boulder_set,IFSC: 1 group,2,,,,,,,14176,1,/api/v1/routes/14176/startlist,
/api/v1/events/1361/result/3,1361,full_results_url,IFSC World Cup Seoul 2024,BOULDER Men,finished,2025-10-02 07:18:40 UTC,2026-04-22 08:37:04 UTC,,9371,boulder,Semi-final,Men,finished,2024-10-03 03:18:20 UTC,/api/v1/category_rounds/9371/results,boulder_one_group_one_boulder_set,IFSC: 1 group,2,,,,,,,14177,2,/api/v1/routes/14177/startlist,
/api/v1/events/1361/result/3,1361,full_results_url,IFSC World Cup Seoul 2024,BOULDER Men,finished,2025-10-02 07:18:40 UTC,2026-04-22 08:37:04 UTC,,9371,boulder,Semi-final,Men,finished,2024-10-03 03:18:20 UTC,/api/v1/category_rounds/9371/results,boulder_one_group_one_boulder_set,IFSC: 1 group,2,,,,,,,14178,3,/api/v1/routes/14178/startlist,
/api/v1/events/1361/result/3,1361,full_results_url,IFSC World Cup Seoul 2024,BOULDER Men,finished,2025-10-02 07:18:40 UTC,2026-04-22 08:37:04 UTC,,9371,boulder,Semi-final,Men,finished,2024-10-03 03:18:20 UTC,/api/v1/category_rounds/9371/results,boulder_one_group_one_boulder_set,IFSC: 1 group,2,,,,,,,14179,4,/api/v1/routes/14179/startlist,
/api/v1/events/1361/result/3,1361,full_results_url,IFSC World Cup Seoul 2024,BOULDER Men,finished,2025-10-02 07:18:40 UTC,2026-04-22 08:37:04 UTC,,9373,boulder,Final,Men,finished,2024-10-03 10:59:34 UTC,/api/v1/category_rounds/9373/results,boulder_finals_one_by_one,IFSC: Finals,3,,,,,,,14184,1,/api/v1/routes/14184/startlist,
/api/v1/events/1361/result/3,1361,full_results_url,IFSC World Cup Seoul 2024,BOULDER Men,finished,2025-10-02 07:18:40 UTC,2026-04-22 08:37:04 UTC,,9373,boulder,Final,Men,finished,2024-10-03 10:59:34 UTC,/api/v1/category_rounds/9373/results,boulder_finals_one_by_one,IFSC: Finals,3,,,,,,,14185,2,/api/v1/routes/14185/startlist,
/api/v1/events/1361/result/3,1361,full_results_url,IFSC World Cup Seoul 2024,BOULDER Men,finished,2025-10-02 07:18:40 UTC,2026-04-22 08:37:04 UTC,,9373,boulder,Final,Men,finished,2024-10-03 10:59:34 UTC,/api/v1/category_rounds/9373/results,boulder_finals_one_by_one,IFSC: Finals,3,,,,,,,14186,3,/api/v1/routes/14186/startlist,
/api/v1/events/1361/result/3,1361,full_results_url,IFSC World Cup Seoul 2024,BOULDER Men,finished,2025-10-02 07:18:40 UTC,2026-04-22 08:37:04 UTC,,9373,boulder,Final,Men,finished,2024-10-03 10:59:34 UTC,/api/v1/category_rounds/9373/results,boulder_finals_one_by_one,IFSC: Finals,3,,,,,,,14187,4,/api/v1/routes/14187/startlist,
/api/v1/events/1361/result/7,1361,full_results_url,IFSC World Cup Seoul 2024,BOULDER Women,finished,2025-10-02 07:18:40 UTC,2026-04-22 08:37:08 UTC,,9372,boulder,Semi-final,Women,finished,2024-10-03 03:20:53 UTC,/api/v1/category_rounds/9372/results,boulder_one_group_one_boulder_set,IFSC: 1 group,2,,,,,,,14180,1,/api/v1/routes/14180/startlist,
/api/v1/events/1361/result/7,1361,full_results_url,IFSC World Cup Seoul 2024,BOULDER Women,finished,2025-10-02 07:18:40 UTC,2026-04-22 08:37:08 UTC,,9372,boulder,Semi-final,Women,finished,2024-10-03 03:20:53 UTC,/api/v1/category_rounds/9372/results,boulder_one_group_one_boulder_set,IFSC: 1 group,2,,,,,,,14181,2,/api/v1/routes/14181/startlist,
/api/v1/events/1361/result/7,1361,full_results_url,IFSC World Cup Seoul 2024,BOULDER Women,finished,2025-10-02 07:18:40 UTC,2026-04-22 08:37:08 UTC,,9372,boulder,Semi-final,Women,finished,2024-10-03 03:20:53 UTC,/api/v1/category_rounds/9372/results,boulder_one_group_one_boulder_set,IFSC: 1 group,2,,,,,,,14182,3,/api/v1/routes/14182/startlist,
/api/v1/events/1361/result/7,1361,full_results_url,IFSC World Cup Seoul 2024,BOULDER Women,finished,2025-10-02 07:18:40 UTC,2026-04-22 08:37:08 UTC,,9372,boulder,Semi-final,Women,finished,2024-10-03 03:20:53 UTC,/api/v1/category_rounds/9372/results,boulder_one_group_one_boulder_set,IFSC: 1 group,2,,,,,,,14183,4,/api/v1/routes/14183/startlist,
/api/v1/events/1361/result/7,1361,full_results_url,IFSC World Cup Seoul 2024,BOULDER Women,finished,2025-10-02 07:18:40 UTC,2026-04-22 08:37:08 UTC,,9374,boulder,Final,Women,finished,2024-10-03 13:06:17 UTC,/api/v1/category_rounds/9374/results,boulder_finals_one_by_one,IFSC: Finals,3,,,,,,,14188,1,/api/v1/routes/14188/startlist,
/api/v1/events/1361/result/7,1361,full_results_url,IFSC World Cup Seoul 2024,BOULDER Women,finished,2025-10-02 07:18:40 UTC,2026-04-22 08:37:08 UTC,,9374,boulder,Final,Women,finished,2024-10-03 13:06:17 UTC,/api/v1/category_rounds/9374/results,boulder_finals_one_by_one,IFSC: Finals,3,,,,,,,14189,2,/api/v1/routes/14189/startlist,
/api/v1/events/1361/result/7,1361,full_results_url,IFSC World Cup Seoul 2024,BOULDER Women,finished,2025-10-02 07:18:40 UTC,2026-04-22 08:37:08 UTC,,9374,boulder,Final,Women,finished,2024-10-03 13:06:17 UTC,/api/v1/category_rounds/9374/results,boulder_finals_one_by_one,IFSC: Finals,3,,,,,,,14190,3,/api/v1/routes/14190/startlist,
/api/v1/events/1361/result/7,1361,full_results_url,IFSC World Cup Seoul 2024,BOULDER Women,finished,2025-10-02 07:18:40 UTC,2026-04-22 08:37:08 UTC,,9374,boulder,Final,Women,finished,2024-10-03 13:06:17 UTC,/api/v1/category_rounds/9374/results,boulder_finals_one_by_one,IFSC: Finals,3,,,,,,,14191,4,/api/v1/routes/14191/startlist,
/api/v1/events/1390/result/227,1390,full_results_url,IFSC European Cup Genova 2024,BOULDER Men,finished,2025-10-02 07:18:41 UTC,2026-04-22 08:37:12 UTC,,8856,boulder,Qualification,Men,finished,2024-10-05 19:36:19 UTC,/api/v1/category_rounds/8856/results,boulder_one_group_two_courses,Custom: 2 courses,16,,,,,,,14462,A1,/api/v1/routes/14462/startlist,
/api/v1/events/1390/result/227,1390,full_results_url,IFSC European Cup Genova 2024,BOULDER Men,finished,2025-10-02 07:18:41 UTC,2026-04-22 08:37:12 UTC,,8856,boulder,Qualification,Men,finished,2024-10-05 19:36:19 UTC,/api/v1/category_rounds/8856/results,boulder_one_group_two_courses,Custom: 2 courses,16,,,,,,,14463,A2,/api/v1/routes/14463/startlist,
/api/v1/events/1390/result/227,1390,full_results_url,IFSC European Cup Genova 2024,BOULDER Men,finished,2025-10-02 07:18:41 UTC,2026-04-22 08:37:12 UTC,,8856,boulder,Qualification,Men,finished,2024-10-05 19:36:19 UTC,/api/v1/category_rounds/8856/results,boulder_one_group_two_courses,Custom: 2 courses,16,,,,,,,14464,A3,/api/v1/routes/14464/startlist,
/api/v1/events/1390/result/227,1390,full_results_url,IFSC European Cup Genova 2024,BOULDER Men,finished,2025-10-02 07:18:41 UTC,2026-04-22 08:37:12 UTC,,8856,boulder,Qualification,Men,finished,2024-10-05 19:36:19 UTC,/api/v1/category_rounds/8856/results,boulder_one_group_two_courses,Custom: 2 courses,16,,,,,,,14465,B1,/api/v1/routes/14465/startlist,
/api/v1/events/1390/result/227,1390,full_results_url,IFSC European Cup Genova 2024,BOULDER Men,finished,2025-10-02 07:18:41 UTC,2026-04-22 08:37:12 UTC,,8856,boulder,Qualification,Men,finished,2024-10-05 19:36:19 UTC,/api/v1/category_rounds/8856/results,boulder_one_group_two_courses,Custom: 2 courses,16,,,,,,,14466,B2,/api/v1/routes/14466/startlist,
/api/v1/events/1390/result/227,1390,full_results_url,IFSC European Cup Genova 2024,BOULDER Men,finished,2025-10-02 07:18:41 UTC,2026-04-22 08:37:12 UTC,,8856,boulder,Qualification,Men,finished,2024-10-05 19:36:19 UTC,/api/v1/category_rounds/8856/results,boulder_one_group_two_courses,Custom: 2 courses,16,,,,,,,14467,B3,/api/v1/routes/14467/startlist,
/api/v1/events/1390/result/227,1390,full_results_url,IFSC European Cup Genova 2024,BOULDER Men,finished,2025-10-02 07:18:41 UTC,2026-04-22 08:37:12 UTC,,9447,boulder,Semi-Final,Men,finished,2024-10-06 15:24:19 UTC,/api/v1/category_rounds/9447/results,boulder_one_group_one_boulder_set,IFSC: 1 group,17,,,,,,,14474,1,/api/v1/routes/14474/startlist,
/api/v1/events/1390/result/227,1390,full_results_url,IFSC European Cup Genova 2024,BOULDER Men,finished,2025-10-02 07:18:41 UTC,2026-04-22 08:37:12 UTC,,9447,boulder,Semi-Final,Men,finished,2024-10-06 15:24:19 UTC,/api/v1/category_rounds/9447/results,boulder_one_group_one_boulder_set,IFSC: 1 group,17,,,,,,,14475,2,/api/v1/routes/14475/startlist,
/api/v1/events/1390/result/227,1390,full_results_url,IFSC European Cup Genova 2024,BOULDER Men,finished,2025-10-02 07:18:41 UTC,2026-04-22 08:37:12 UTC,,9447,boulder,Semi-Final,Men,finished,2024-10-06 15:24:19 UTC,/api/v1/category_rounds/9447/results,boulder_one_group_one_boulder_set,IFSC: 1 group,17,,,,,,,14476,3,/api/v1/routes/14476/startlist,
/api/v1/events/1390/result/227,1390,full_results_url,IFSC European Cup Genova 2024,BOULDER Men,finished,2025-10-02 07:18:41 UTC,2026-04-22 08:37:12 UTC,,9447,boulder,Semi-Final,Men,finished,2024-10-06 15:24:19 UTC,/api/v1/category_rounds/9447/results,boulder_one_group_one_boulder_set,IFSC: 1 group,17,,,,,,,14477,4,/api/v1/routes/14477/startlist,
/api/v1/events/1390/result/227,1390,full_results_url,IFSC European Cup Genova 2024,BOULDER Men,finished,2025-10-02 07:18:41 UTC,2026-04-22 08:37:12 UTC,,9449,boulder,Final,Men,finished,2024-10-06 19:22:20 UTC,/api/v1/category_rounds/9449/results,boulder_one_group_one_boulder_set,IFSC: 1 group,18,,,,,,,14482,1,/api/v1/routes/14482/startlist,
/api/v1/events/1390/result/227,1390,full_results_url,IFSC European Cup Genova 2024,BOULDER Men,finished,2025-10-02 07:18:41 UTC,2026-04-22 08:37:12 UTC,,9449,boulder,Final,Men,finished,2024-10-06 19:22:20 UTC,/api/v1/category_rounds/9449/results,boulder_one_group_one_boulder_set,IFSC: 1 group,18,,,,,,,14483,2,/api/v1/routes/14483/startlist,
/api/v1/events/1390/result/227,1390,full_results_url,IFSC European Cup Genova 2024,BOULDER Men,finished,2025-10-02 07:18:41 UTC,2026-04-22 08:37:12 UTC,,9449,boulder,Final,Men,finished,2024-10-06 19:22:20 UTC,/api/v1/category_rounds/9449/results,boulder_one_group_one_boulder_set,IFSC: 1 group,18,,,,,,,14484,3,/api/v1/routes/14484/startlist,
/api/v1/events/1390/result/227,1390,full_results_url,IFSC European Cup Genova 2024,BOULDER Men,finished,2025-10-02 07:18:41 UTC,2026-04-22 08:37:12 UTC,,9449,boulder,Final,Men,finished,2024-10-06 19:22:20 UTC,/api/v1/category_rounds/9449/results,boulder_one_group_one_boulder_set,IFSC: 1 group,18,,,,,,,14485,4,/api/v1/routes/14485/startlist,
/api/v1/events/1390/result/231,1390,full_results_url,IFSC European Cup Genova 2024,BOULDER Women,finished,2025-10-02 07:18:41 UTC,2026-04-22 08:37:16 UTC,,8857,boulder,Qualification,Women,finished,2024-10-05 12:06:12 UTC,/api/v1/category_rounds/8857/results,boulder_one_group_two_courses,Custom: 2 courses,16,,,,,,,14468,A1,/api/v1/routes/14468/startlist,
/api/v1/events/1390/result/231,1390,full_results_url,IFSC European Cup Genova 2024,BOULDER Women,finished,2025-10-02 07:18:41 UTC,2026-04-22 08:37:16 UTC,,8857,boulder,Qualification,Women,finished,2024-10-05 12:06:12 UTC,/api/v1/category_rounds/8857/results,boulder_one_group_two_courses,Custom: 2 courses,16,,,,,,,14469,A2,/api/v1/routes/14469/startlist,
/api/v1/events/1390/result/231,1390,full_results_url,IFSC European Cup Genova 2024,BOULDER Women,finished,2025-10-02 07:18:41 UTC,2026-04-22 08:37:16 UTC,,8857,boulder,Qualification,Women,finished,2024-10-05 12:06:12 UTC,/api/v1/category_rounds/8857/results,boulder_one_group_two_courses,Custom: 2 courses,16,,,,,,,14470,A3,/api/v1/routes/14470/startlist,
/api/v1/events/1390/result/231,1390,full_results_url,IFSC European Cup Genova 2024,BOULDER Women,finished,2025-10-02 07:18:41 UTC,2026-04-22 08:37:16 UTC,,8857,boulder,Qualification,Women,finished,2024-10-05 12:06:12 UTC,/api/v1/category_rounds/8857/results,boulder_one_group_two_courses,Custom: 2 courses,16,,,,,,,14471,B1,/api/v1/routes/14471/startlist,
/api/v1/events/1390/result/231,1390,full_results_url,IFSC European Cup Genova 2024,BOULDER Women,finished,2025-10-02 07:18:41 UTC,2026-04-22 08:37:16 UTC,,8857,boulder,Qualification,Women,finished,2024-10-05 12:06:12 UTC,/api/v1/category_rounds/8857/results,boulder_one_group_two_courses,Custom: 2 courses,16,,,,,,,14472,B2,/api/v1/routes/14472/startlist,
/api/v1/events/1390/result/231,1390,full_results_url,IFSC European Cup Genova 2024,BOULDER Women,finished,2025-10-02 07:18:41 UTC,2026-04-22 08:37:16 UTC,,8857,boulder,Qualification,Women,finished,2024-10-05 12:06:12 UTC,/api/v1/category_rounds/8857/results,boulder_one_group_two_courses,Custom: 2 courses,16,,,,,,,14473,B3,/api/v1/routes/14473/startlist,
/api/v1/events/1390/result/231,1390,full_results_url,IFSC European Cup Genova 2024,BOULDER Women,finished,2025-10-02 07:18:41 UTC,2026-04-22 08:37:16 UTC,,9448,boulder,Semi-Final,Women,finished,2024-10-06 10:04:07 UTC,/api/v1/category_rounds/9448/results,boulder_one_group_one_boulder_set,IFSC: 1 group,17,,,,,,,14478,1,/api/v1/routes/14478/startlist,
/api/v1/events/1390/result/231,1390,full_results_url,IFSC European Cup Genova 2024,BOULDER Women,finished,2025-10-02 07:18:41 UTC,2026-04-22 08:37:16 UTC,,9448,boulder,Semi-Final,Women,finished,2024-10-06 10:04:07 UTC,/api/v1/category_rounds/9448/results,boulder_one_group_one_boulder_set,IFSC: 1 group,17,,,,,,,14479,2,/api/v1/routes/14479/startlist,
/api/v1/events/1390/result/231,1390,full_results_url,IFSC European Cup Genova 2024,BOULDER Women,finished,2025-10-02 07:18:41 UTC,2026-04-22 08:37:16 UTC,,9448,boulder,Semi-Final,Women,finished,2024-10-06 10:04:07 UTC,/api/v1/category_rounds/9448/results,boulder_one_group_one_boulder_set,IFSC: 1 group,17,,,,,,,14480,3,/api/v1/routes/14480/startlist,
/api/v1/events/1390/result/231,1390,full_results_url,IFSC European Cup Genova 2024,BOULDER Women,finished,2025-10-02 07:18:41 UTC,2026-04-22 08:37:16 UTC,,9448,boulder,Semi-Final,Women,finished,2024-10-06 10:04:07 UTC,/api/v1/category_rounds/9448/results,boulder_one_group_one_boulder_set,IFSC: 1 group,17,,,,,,,14481,4,/api/v1/routes/14481/startlist,
/api/v1/events/1390/result/231,1390,full_results_url,IFSC European Cup Genova 2024,BOULDER Women,finished,2025-10-02 07:18:41 UTC,2026-04-22 08:37:16 UTC,,9450,boulder,Final,Women,finished,2024-10-06 16:54:24 UTC,/api/v1/category_rounds/9450/results,boulder_one_group_one_boulder_set,IFSC: 1 group,18,,,,,,,14486,1,/api/v1/routes/14486/startlist,
/api/v1/events/1390/result/231,1390,full_results_url,IFSC European Cup Genova 2024,BOULDER Women,finished,2025-10-02 07:18:41 UTC,2026-04-22 08:37:16 UTC,,9450,boulder,Final,Women,finished,2024-10-06 16:54:24 UTC,/api/v1/category_rounds/9450/results,boulder_one_group_one_boulder_set,IFSC: 1 group,18,,,,,,,14487,2,/api/v1/routes/14487/startlist,
/api/v1/events/1390/result/231,1390,full_results_url,IFSC European Cup Genova 2024,BOULDER Women,finished,2025-10-02 07:18:41 UTC,2026-04-22 08:37:16 UTC,,9450,boulder,Final,Women,finished,2024-10-06 16:54:24 UTC,/api/v1/category_rounds/9450/results,boulder_one_group_one_boulder_set,IFSC: 1 group,18,,,,,,,14488,3,/api/v1/routes/14488/startlist,
/api/v1/events/1390/result/231,1390,full_results_url,IFSC European Cup Genova 2024,BOULDER Women,finished,2025-10-02 07:18:41 UTC,2026-04-22 08:37:16 UTC,,9450,boulder,Final,Women,finished,2024-10-06 16:54:24 UTC,/api/v1/category_rounds/9450/results,boulder_one_group_one_boulder_set,IFSC: 1 group,18,,,,,,,14489,4,/api/v1/routes/14489/startlist,
/api/v1/events/1397/result/187,1397,full_results_url,IFSC Asian Championships Tai'an 2024,BOULDER Men,finished,2025-10-02 07:18:42 UTC,2026-04-22 08:37:20 UTC,,9039,boulder,Qualification,Men,finished,2024-10-10 08:55:34 UTC,/api/v1/category_rounds/9039/results,boulder_one_group_one_boulder_set,IFSC: 1 group,10,,,,,,,14524,1,/api/v1/routes/14524/startlist,
/api/v1/events/1397/result/187,1397,full_results_url,IFSC Asian Championships Tai'an 2024,BOULDER Men,finished,2025-10-02 07:18:42 UTC,2026-04-22 08:37:20 UTC,,9039,boulder,Qualification,Men,finished,2024-10-10 08:55:34 UTC,/api/v1/category_rounds/9039/results,boulder_one_group_one_boulder_set,IFSC: 1 group,10,,,,,,,14525,2,/api/v1/routes/14525/startlist,
/api/v1/events/1397/result/187,1397,full_results_url,IFSC Asian Championships Tai'an 2024,BOULDER Men,finished,2025-10-02 07:18:42 UTC,2026-04-22 08:37:20 UTC,,9039,boulder,Qualification,Men,finished,2024-10-10 08:55:34 UTC,/api/v1/category_rounds/9039/results,boulder_one_group_one_boulder_set,IFSC: 1 group,10,,,,,,,14526,3,/api/v1/routes/14526/startlist,
/api/v1/events/1397/result/187,1397,full_results_url,IFSC Asian Championships Tai'an 2024,BOULDER Men,finished,2025-10-02 07:18:42 UTC,2026-04-22 08:37:20 UTC,,9039,boulder,Qualification,Men,finished,2024-10-10 08:55:34 UTC,/api/v1/category_rounds/9039/results,boulder_one_group_one_boulder_set,IFSC: 1 group,10,,,,,,,14527,4,/api/v1/routes/14527/startlist,
/api/v1/events/1397/result/187,1397,full_results_url,IFSC Asian Championships Tai'an 2024,BOULDER Men,finished,2025-10-02 07:18:42 UTC,2026-04-22 08:37:20 UTC,,9039,boulder,Qualification,Men,finished,2024-10-10 08:55:34 UTC,/api/v1/category_rounds/9039/results,boulder_one_group_one_boulder_set,IFSC: 1 group,10,,,,,,,14528,5,/api/v1/routes/14528/startlist,
/api/v1/events/1397/result/187,1397,full_results_url,IFSC Asian Championships Tai'an 2024,BOULDER Men,finished,2025-10-02 07:18:42 UTC,2026-04-22 08:37:20 UTC,,9451,boulder,Semi-Final,Men,finished,2024-10-12 04:17:37 UTC,/api/v1/category_rounds/9451/results,boulder_one_group_one_boulder_set,IFSC: 1 group,11,,,,,,,14490,1,/api/v1/routes/14490/startlist,
/api/v1/events/1397/result/187,1397,full_results_url,IFSC Asian Championships Tai'an 2024,BOULDER Men,finished,2025-10-02 07:18:42 UTC,2026-04-22 08:37:20 UTC,,9451,boulder,Semi-Final,Men,finished,2024-10-12 04:17:37 UTC,/api/v1/category_rounds/9451/results,boulder_one_group_one_boulder_set,IFSC: 1 group,11,,,,,,,14491,2,/api/v1/routes/14491/startlist,
/api/v1/events/1397/result/187,1397,full_results_url,IFSC Asian Championships Tai'an 2024,BOULDER Men,finished,2025-10-02 07:18:42 UTC,2026-04-22 08:37:20 UTC,,9451,boulder,Semi-Final,Men,finished,2024-10-12 04:17:37 UTC,/api/v1/category_rounds/9451/results,boulder_one_group_one_boulder_set,IFSC: 1 group,11,,,,,,,14492,3,/api/v1/routes/14492/startlist,
/api/v1/events/1397/result/187,1397,full_results_url,IFSC Asian Championships Tai'an 2024,BOULDER Men,finished,2025-10-02 07:18:42 UTC,2026-04-22 08:37:20 UTC,,9451,boulder,Semi-Final,Men,finished,2024-10-12 04:17:37 UTC,/api/v1/category_rounds/9451/results,boulder_one_group_one_boulder_set,IFSC: 1 group,11,,,,,,,14493,4,/api/v1/routes/14493/startlist,
/api/v1/events/1397/result/187,1397,full_results_url,IFSC Asian Championships Tai'an 2024,BOULDER Men,finished,2025-10-02 07:18:42 UTC,2026-04-22 08:37:20 UTC,,9453,boulder,Final,Men,finished,2024-10-12 10:20:16 UTC,/api/v1/category_rounds/9453/results,boulder_one_group_one_boulder_set,IFSC: 1 group,12,,,,,,,14498,1,/api/v1/routes/14498/startlist,
/api/v1/events/1397/result/187,1397,full_results_url,IFSC Asian Championships Tai'an 2024,BOULDER Men,finished,2025-10-02 07:18:42 UTC,2026-04-22 08:37:20 UTC,,9453,boulder,Final,Men,finished,2024-10-12 10:20:16 UTC,/api/v1/category_rounds/9453/results,boulder_one_group_one_boulder_set,IFSC: 1 group,12,,,,,,,14499,2,/api/v1/routes/14499/startlist,
/api/v1/events/1397/result/187,1397,full_results_url,IFSC Asian Championships Tai'an 2024,BOULDER Men,finished,2025-10-02 07:18:42 UTC,2026-04-22 08:37:20 UTC,,9453,boulder,Final,Men,finished,2024-10-12 10:20:16 UTC,/api/v1/category_rounds/9453/results,boulder_one_group_one_boulder_set,IFSC: 1 group,12,,,,,,,14500,3,/api/v1/routes/14500/startlist,
/api/v1/events/1397/result/187,1397,full_results_url,IFSC Asian Championships Tai'an 2024,BOULDER Men,finished,2025-10-02 07:18:42 UTC,2026-04-22 08:37:20 UTC,,9453,boulder,Final,Men,finished,2024-10-12 10:20:16 UTC,/api/v1/category_rounds/9453/results,boulder_one_group_one_boulder_set,IFSC: 1 group,12,,,,,,,14501,4,/api/v1/routes/14501/startlist,
/api/v1/events/1397/result/191,1397,full_results_url,IFSC Asian Championships Tai'an 2024,BOULDER Women,finished,2025-10-02 07:18:42 UTC,2026-04-22 08:37:24 UTC,,9040,boulder,Qualification,Women,finished,2024-10-10 04:17:24 UTC,/api/v1/category_rounds/9040/results,boulder_one_group_one_boulder_set,IFSC: 1 group,10,,,,,,,13217,1,/api/v1/routes/13217/startlist,
/api/v1/events/1397/result/191,1397,full_results_url,IFSC Asian Championships Tai'an 2024,BOULDER Women,finished,2025-10-02 07:18:42 UTC,2026-04-22 08:37:24 UTC,,9040,boulder,Qualification,Women,finished,2024-10-10 04:17:24 UTC,/api/v1/category_rounds/9040/results,boulder_one_group_one_boulder_set,IFSC: 1 group,10,,,,,,,13218,2,/api/v1/routes/13218/startlist,
/api/v1/events/1397/result/191,1397,full_results_url,IFSC Asian Championships Tai'an 2024,BOULDER Women,finished,2025-10-02 07:18:42 UTC,2026-04-22 08:37:24 UTC,,9040,boulder,Qualification,Women,finished,2024-10-10 04:17:24 UTC,/api/v1/category_rounds/9040/results,boulder_one_group_one_boulder_set,IFSC: 1 group,10,,,,,,,13219,3,/api/v1/routes/13219/startlist,
/api/v1/events/1397/result/191,1397,full_results_url,IFSC Asian Championships Tai'an 2024,BOULDER Women,finished,2025-10-02 07:18:42 UTC,2026-04-22 08:37:24 UTC,,9040,boulder,Qualification,Women,finished,2024-10-10 04:17:24 UTC,/api/v1/category_rounds/9040/results,boulder_one_group_one_boulder_set,IFSC: 1 group,10,,,,,,,13220,4,/api/v1/routes/13220/startlist,
/api/v1/events/1397/result/191,1397,full_results_url,IFSC Asian Championships Tai'an 2024,BOULDER Women,finished,2025-10-02 07:18:42 UTC,2026-04-22 08:37:24 UTC,,9040,boulder,Qualification,Women,finished,2024-10-10 04:17:24 UTC,/api/v1/category_rounds/9040/results,boulder_one_group_one_boulder_set,IFSC: 1 group,10,,,,,,,13221,5,/api/v1/routes/13221/startlist,
/api/v1/events/1397/result/191,1397,full_results_url,IFSC Asian Championships Tai'an 2024,BOULDER Women,finished,2025-10-02 07:18:42 UTC,2026-04-22 08:37:24 UTC,,9452,boulder,Semi-Final,Women,finished,2024-10-11 04:15:32 UTC,/api/v1/category_rounds/9452/results,boulder_one_group_one_boulder_set,IFSC: 1 group,11,,,,,,,14494,1,/api/v1/routes/14494/startlist,
/api/v1/events/1397/result/191,1397,full_results_url,IFSC Asian Championships Tai'an 2024,BOULDER Women,finished,2025-10-02 07:18:42 UTC,2026-04-22 08:37:24 UTC,,9452,boulder,Semi-Final,Women,finished,2024-10-11 04:15:32 UTC,/api/v1/category_rounds/9452/results,boulder_one_group_one_boulder_set,IFSC: 1 group,11,,,,,,,14495,2,/api/v1/routes/14495/startlist,
/api/v1/events/1397/result/191,1397,full_results_url,IFSC Asian Championships Tai'an 2024,BOULDER Women,finished,2025-10-02 07:18:42 UTC,2026-04-22 08:37:24 UTC,,9452,boulder,Semi-Final,Women,finished,2024-10-11 04:15:32 UTC,/api/v1/category_rounds/9452/results,boulder_one_group_one_boulder_set,IFSC: 1 group,11,,,,,,,14496,3,/api/v1/routes/14496/startlist,
/api/v1/events/1397/result/191,1397,full_results_url,IFSC Asian Championships Tai'an 2024,BOULDER Women,finished,2025-10-02 07:18:42 UTC,2026-04-22 08:37:24 UTC,,9452,boulder,Semi-Final,Women,finished,2024-10-11 04:15:32 UTC,/api/v1/category_rounds/9452/results,boulder_one_group_one_boulder_set,IFSC: 1 group,11,,,,,,,14497,4,/api/v1/routes/14497/startlist,
/api/v1/events/1397/result/191,1397,full_results_url,IFSC Asian Championships Tai'an 2024,BOULDER Women,finished,2025-10-02 07:18:42 UTC,2026-04-22 08:37:24 UTC,,9454,boulder,Final,Women,finished,2024-10-11 10:28:37 UTC,/api/v1/category_rounds/9454/results,boulder_one_group_one_boulder_set,IFSC: 1 group,12,,,,,,,14502,1,/api/v1/routes/14502/startlist,
/api/v1/events/1397/result/191,1397,full_results_url,IFSC Asian Championships Tai'an 2024,BOULDER Women,finished,2025-10-02 07:18:42 UTC,2026-04-22 08:37:24 UTC,,9454,boulder,Final,Women,finished,2024-10-11 10:28:37 UTC,/api/v1/category_rounds/9454/results,boulder_one_group_one_boulder_set,IFSC: 1 group,12,,,,,,,14503,2,/api/v1/routes/14503/startlist,
/api/v1/events/1397/result/191,1397,full_results_url,IFSC Asian Championships Tai'an 2024,BOULDER Women,finished,2025-10-02 07:18:42 UTC,2026-04-22 08:37:24 UTC,,9454,boulder,Final,Women,finished,2024-10-11 10:28:37 UTC,/api/v1/category_rounds/9454/results,boulder_one_group_one_boulder_set,IFSC: 1 group,12,,,,,,,14504,3,/api/v1/routes/14504/startlist,
/api/v1/events/1397/result/191,1397,full_results_url,IFSC Asian Championships Tai'an 2024,BOULDER Women,finished,2025-10-02 07:18:42 UTC,2026-04-22 08:37:24 UTC,,9454,boulder,Final,Women,finished,2024-10-11 10:28:37 UTC,/api/v1/category_rounds/9454/results,boulder_one_group_one_boulder_set,IFSC: 1 group,12,,,,,,,14505,4,/api/v1/routes/14505/startlist,
/api/v1/events/1397/result/186,1397,full_results_url,IFSC Asian Championships Tai'an 2024,SPEED Men,finished,2025-10-02 07:18:42 UTC,2026-04-22 08:37:28 UTC,,9041,speed,Qualification,Men,finished,2024-10-13 03:00:46 UTC,/api/v1/category_rounds/9041/results,speed_staggered,IFSC: Qualification,10,,,,,,,13222,A,/api/v1/routes/13222/startlist,
/api/v1/events/1397/result/186,1397,full_results_url,IFSC Asian Championships Tai'an 2024,SPEED Men,finished,2025-10-02 07:18:42 UTC,2026-04-22 08:37:28 UTC,,9041,speed,Qualification,Men,finished,2024-10-13 03:00:46 UTC,/api/v1/category_rounds/9041/results,speed_staggered,IFSC: Qualification,10,,,,,,,13223,B,/api/v1/routes/13223/startlist,
/api/v1/events/1397/result/186,1397,full_results_url,IFSC Asian Championships Tai'an 2024,SPEED Men,finished,2025-10-02 07:18:42 UTC,2026-04-22 08:37:28 UTC,,9455,speed,Final,Men,finished,2024-10-13 10:44:03 UTC,/api/v1/category_rounds/9455/results,speed_elimination_ifsc_2023,IFSC 2023+: Elimination,12,,,,,,,14506,A,/api/v1/routes/14506/startlist,
/api/v1/events/1397/result/186,1397,full_results_url,IFSC Asian Championships Tai'an 2024,SPEED Men,finished,2025-10-02 07:18:42 UTC,2026-04-22 08:37:28 UTC,,9455,speed,Final,Men,finished,2024-10-13 10:44:03 UTC,/api/v1/category_rounds/9455/results,speed_elimination_ifsc_2023,IFSC 2023+: Elimination,12,,,,,,,14507,B,/api/v1/routes/14507/startlist,
/api/v1/events/1397/result/190,1397,full_results_url,IFSC Asian Championships Tai'an 2024,SPEED Women,finished,2025-10-02 07:18:42 UTC,2026-04-22 08:37:31 UTC,,9042,speed,Qualification,Women,finished,2024-10-13 02:20:07 UTC,/api/v1/category_rounds/9042/results,speed_staggered,IFSC: Qualification,10,,,,,,,13224,A,/api/v1/routes/13224/startlist,
/api/v1/events/1397/result/190,1397,full_results_url,IFSC Asian Championships Tai'an 2024,SPEED Women,finished,2025-10-02 07:18:42 UTC,2026-04-22 08:37:31 UTC,,9042,speed,Qualification,Women,finished,2024-10-13 02:20:07 UTC,/api/v1/category_rounds/9042/results,speed_staggered,IFSC: Qualification,10,,,,,,,13225,B,/api/v1/routes/13225/startlist,
/api/v1/events/1397/result/190,1397,full_results_url,IFSC Asian Championships Tai'an 2024,SPEED Women,finished,2025-10-02 07:18:42 UTC,2026-04-22 08:37:31 UTC,,9456,speed,Final,Women,finished,2024-10-13 10:42:00 UTC,/api/v1/category_rounds/9456/results,speed_elimination_ifsc_2023,IFSC 2023+: Elimination,12,,,,,,,14508,A,/api/v1/routes/14508/startlist,
/api/v1/events/1397/result/190,1397,full_results_url,IFSC Asian Championships Tai'an 2024,SPEED Women,finished,2025-10-02 07:18:42 UTC,2026-04-22 08:37:31 UTC,,9456,speed,Final,Women,finished,2024-10-13 10:42:00 UTC,/api/v1/category_rounds/9456/results,speed_elimination_ifsc_2023,IFSC 2023+: Elimination,12,,,,,,,14509,B,/api/v1/routes/14509/startlist,
/api/v1/events/1397/result/185,1397,full_results_url,IFSC Asian Championships Tai'an 2024,LEAD Men,finished,2025-10-02 07:18:42 UTC,2026-04-22 08:37:34 UTC,,9043,lead,Qualification,Men,finished,2024-10-13 07:18:59 UTC,/api/v1/category_rounds/9043/results,lead_one_group_two_routes,IFSC: 2 routes,10,,,,,,,13226,1,/api/v1/routes/13226/startlist,/api/v1/routes/13226/results
/api/v1/events/1397/result/185,1397,full_results_url,IFSC Asian Championships Tai'an 2024,LEAD Men,finished,2025-10-02 07:18:42 UTC,2026-04-22 08:37:34 UTC,,9043,lead,Qualification,Men,finished,2024-10-13 07:18:59 UTC,/api/v1/category_rounds/9043/results,lead_one_group_two_routes,IFSC: 2 routes,10,,,,,,,13227,2,/api/v1/routes/13227/startlist,/api/v1/routes/13227/results
/api/v1/events/1397/result/185,1397,full_results_url,IFSC Asian Championships Tai'an 2024,LEAD Men,finished,2025-10-02 07:18:42 UTC,2026-04-22 08:37:34 UTC,,9457,lead,Semi-Final,Men,finished,2024-10-14 03:03:52 UTC,/api/v1/category_rounds/9457/results,lead_one_group_one_route,IFSC: 1 route,11,,,,,,,14510,1,/api/v1/routes/14510/startlist,/api/v1/routes/14510/results
/api/v1/events/1397/result/185,1397,full_results_url,IFSC Asian Championships Tai'an 2024,LEAD Men,finished,2025-10-02 07:18:42 UTC,2026-04-22 08:37:34 UTC,,9459,lead,Final,Men,finished,2024-10-14 11:19:23 UTC,/api/v1/category_rounds/9459/results,lead_one_group_one_route,IFSC: 1 route,12,,,,,,,14512,1,/api/v1/routes/14512/startlist,/api/v1/routes/14512/results
/api/v1/events/1397/result/189,1397,full_results_url,IFSC Asian Championships Tai'an 2024,LEAD Women,finished,2025-10-02 07:18:42 UTC,2026-04-22 08:37:38 UTC,,9044,lead,Qualification,Women,finished,2024-10-13 07:34:47 UTC,/api/v1/category_rounds/9044/results,lead_one_group_two_routes,IFSC: 2 routes,10,,,,,,,13228,1,/api/v1/routes/13228/startlist,/api/v1/routes/13228/results
/api/v1/events/1397/result/189,1397,full_results_url,IFSC Asian Championships Tai'an 2024,LEAD Women,finished,2025-10-02 07:18:42 UTC,2026-04-22 08:37:38 UTC,,9044,lead,Qualification,Women,finished,2024-10-13 07:34:47 UTC,/api/v1/category_rounds/9044/results,lead_one_group_two_routes,IFSC: 2 routes,10,,,,,,,13229,2,/api/v1/routes/13229/startlist,/api/v1/routes/13229/results
/api/v1/events/1397/result/189,1397,full_results_url,IFSC Asian Championships Tai'an 2024,LEAD Women,finished,2025-10-02 07:18:42 UTC,2026-04-22 08:37:38 UTC,,9458,lead,Semi-Final,Women,finished,2024-10-14 03:05:25 UTC,/api/v1/category_rounds/9458/results,lead_one_group_one_route,IFSC: 1 route,11,,,,,,,14511,1,/api/v1/routes/14511/startlist,/api/v1/routes/14511/results
/api/v1/events/1397/result/189,1397,full_results_url,IFSC Asian Championships Tai'an 2024,LEAD Women,finished,2025-10-02 07:18:42 UTC,2026-04-22 08:37:38 UTC,,9460,lead,Final,Women,finished,2024-10-14 12:20:16 UTC,/api/v1/category_rounds/9460/results,lead_one_group_one_route,IFSC: 1 route,12,,,,,,,14513,1,/api/v1/routes/14513/startlist,/api/v1/routes/14513/results
/api/v1/events/1400/result/433,1400,full_results_url,IFSC South America Cup Ibarra 2024,LEAD Men,finished,2025-10-02 07:18:42 UTC,2026-04-22 08:37:41 UTC,,9067,lead,Qualification,Men,finished,2024-10-19 16:25:45 UTC,/api/v1/category_rounds/9067/results,lead_one_group_two_routes,IFSC: 2 routes,40,,,,,,,13290,1,/api/v1/routes/13290/startlist,/api/v1/routes/13290/results
/api/v1/events/1400/result/433,1400,full_results_url,IFSC South America Cup Ibarra 2024,LEAD Men,finished,2025-10-02 07:18:42 UTC,2026-04-22 08:37:41 UTC,,9067,lead,Qualification,Men,finished,2024-10-19 16:25:45 UTC,/api/v1/category_rounds/9067/results,lead_one_group_two_routes,IFSC: 2 routes,40,,,,,,,13291,2,/api/v1/routes/13291/startlist,/api/v1/routes/13291/results
/api/v1/events/1400/result/433,1400,full_results_url,IFSC South America Cup Ibarra 2024,LEAD Men,finished,2025-10-02 07:18:42 UTC,2026-04-22 08:37:41 UTC,,9467,lead,Final,Men,finished,2024-10-20 20:17:16 UTC,/api/v1/category_rounds/9467/results,lead_one_group_one_route,IFSC: 1 route,42,,,,,,,14547,1,/api/v1/routes/14547/startlist,/api/v1/routes/14547/results
/api/v1/events/1400/result/437,1400,full_results_url,IFSC South America Cup Ibarra 2024,LEAD Women,finished,2025-10-02 07:18:42 UTC,2026-04-22 08:37:45 UTC,,9068,lead,Qualification,Women,finished,2024-10-19 21:03:56 UTC,/api/v1/category_rounds/9068/results,lead_one_group_two_routes,IFSC: 2 routes,40,,,,,,,13292,1,/api/v1/routes/13292/startlist,/api/v1/routes/13292/results
/api/v1/events/1400/result/437,1400,full_results_url,IFSC South America Cup Ibarra 2024,LEAD Women,finished,2025-10-02 07:18:42 UTC,2026-04-22 08:37:45 UTC,,9068,lead,Qualification,Women,finished,2024-10-19 21:03:56 UTC,/api/v1/category_rounds/9068/results,lead_one_group_two_routes,IFSC: 2 routes,40,,,,,,,13293,2,/api/v1/routes/13293/startlist,/api/v1/routes/13293/results
/api/v1/events/1400/result/437,1400,full_results_url,IFSC South America Cup Ibarra 2024,LEAD Women,finished,2025-10-02 07:18:42 UTC,2026-04-22 08:37:45 UTC,,9468,lead,Final,Women,finished,2024-10-20 20:17:56 UTC,/api/v1/category_rounds/9468/results,lead_one_group_one_route,IFSC: 1 route,42,,,,,,,14548,1,/api/v1/routes/14548/startlist,/api/v1/routes/14548/results
/api/v1/events/1400/result/434,1400,full_results_url,IFSC South America Cup Ibarra 2024,SPEED Men,finished,2025-10-02 07:18:42 UTC,2026-04-22 08:37:48 UTC,,9069,speed,Qualification,Men,finished,2024-10-15 21:48:36 UTC,/api/v1/category_rounds/9069/results,speed_staggered,IFSC: Qualification,40,,,,,,,13294,A,/api/v1/routes/13294/startlist,
/api/v1/events/1400/result/434,1400,full_results_url,IFSC South America Cup Ibarra 2024,SPEED Men,finished,2025-10-02 07:18:42 UTC,2026-04-22 08:37:48 UTC,,9069,speed,Qualification,Men,finished,2024-10-15 21:48:36 UTC,/api/v1/category_rounds/9069/results,speed_staggered,IFSC: Qualification,40,,,,,,,13295,B,/api/v1/routes/13295/startlist,
/api/v1/events/1400/result/434,1400,full_results_url,IFSC South America Cup Ibarra 2024,SPEED Men,finished,2025-10-02 07:18:42 UTC,2026-04-22 08:37:48 UTC,,9473,speed,Final,Men,finished,2024-10-15 22:34:00 UTC,/api/v1/category_rounds/9473/results,speed_elimination_ifsc_2023,IFSC 2023+: Elimination,42,,,,,,,14565,A,/api/v1/routes/14565/startlist,
/api/v1/events/1400/result/434,1400,full_results_url,IFSC South America Cup Ibarra 2024,SPEED Men,finished,2025-10-02 07:18:42 UTC,2026-04-22 08:37:48 UTC,,9473,speed,Final,Men,finished,2024-10-15 22:34:00 UTC,/api/v1/category_rounds/9473/results,speed_elimination_ifsc_2023,IFSC 2023+: Elimination,42,,,,,,,14566,B,/api/v1/routes/14566/startlist,
/api/v1/events/1400/result/438,1400,full_results_url,IFSC South America Cup Ibarra 2024,SPEED Women,finished,2025-10-02 07:18:42 UTC,2026-04-22 08:37:51 UTC,,9070,speed,Qualification,Women,finished,2024-10-15 21:47:01 UTC,/api/v1/category_rounds/9070/results,speed_staggered,IFSC: Qualification,40,,,,,,,13296,A,/api/v1/routes/13296/startlist,
/api/v1/events/1400/result/438,1400,full_results_url,IFSC South America Cup Ibarra 2024,SPEED Women,finished,2025-10-02 07:18:42 UTC,2026-04-22 08:37:51 UTC,,9070,speed,Qualification,Women,finished,2024-10-15 21:47:01 UTC,/api/v1/category_rounds/9070/results,speed_staggered,IFSC: Qualification,40,,,,,,,13297,B,/api/v1/routes/13297/startlist,
/api/v1/events/1400/result/438,1400,full_results_url,IFSC South America Cup Ibarra 2024,SPEED Women,finished,2025-10-02 07:18:42 UTC,2026-04-22 08:37:51 UTC,,9474,speed,Final,Women,finished,2024-10-15 22:34:34 UTC,/api/v1/category_rounds/9474/results,speed_elimination_ifsc_2023,IFSC 2023+: Elimination,42,,,,,,,14567,A,/api/v1/routes/14567/startlist,
/api/v1/events/1400/result/438,1400,full_results_url,IFSC South America Cup Ibarra 2024,SPEED Women,finished,2025-10-02 07:18:42 UTC,2026-04-22 08:37:51 UTC,,9474,speed,Final,Women,finished,2024-10-15 22:34:34 UTC,/api/v1/category_rounds/9474/results,speed_elimination_ifsc_2023,IFSC 2023+: Elimination,42,,,,,,,14568,B,/api/v1/routes/14568/startlist,
/api/v1/events/1400/result/435,1400,full_results_url,IFSC South America Cup Ibarra 2024,BOULDER Men,finished,2025-10-02 07:18:42 UTC,2026-04-22 08:37:54 UTC,,9071,boulder,Qualification,Men,finished,2024-10-16 17:26:51 UTC,/api/v1/category_rounds/9071/results,boulder_one_group_one_boulder_set,IFSC: 1 group,40,,,,,,,13298,1,/api/v1/routes/13298/startlist,
/api/v1/events/1400/result/435,1400,full_results_url,IFSC South America Cup Ibarra 2024,BOULDER Men,finished,2025-10-02 07:18:42 UTC,2026-04-22 08:37:54 UTC,,9071,boulder,Qualification,Men,finished,2024-10-16 17:26:51 UTC,/api/v1/category_rounds/9071/results,boulder_one_group_one_boulder_set,IFSC: 1 group,40,,,,,,,13299,2,/api/v1/routes/13299/startlist,
/api/v1/events/1400/result/435,1400,full_results_url,IFSC South America Cup Ibarra 2024,BOULDER Men,finished,2025-10-02 07:18:42 UTC,2026-04-22 08:37:54 UTC,,9071,boulder,Qualification,Men,finished,2024-10-16 17:26:51 UTC,/api/v1/category_rounds/9071/results,boulder_one_group_one_boulder_set,IFSC: 1 group,40,,,,,,,13300,3,/api/v1/routes/13300/startlist,
/api/v1/events/1400/result/435,1400,full_results_url,IFSC South America Cup Ibarra 2024,BOULDER Men,finished,2025-10-02 07:18:42 UTC,2026-04-22 08:37:54 UTC,,9071,boulder,Qualification,Men,finished,2024-10-16 17:26:51 UTC,/api/v1/category_rounds/9071/results,boulder_one_group_one_boulder_set,IFSC: 1 group,40,,,,,,,13301,4,/api/v1/routes/13301/startlist,
/api/v1/events/1400/result/435,1400,full_results_url,IFSC South America Cup Ibarra 2024,BOULDER Men,finished,2025-10-02 07:18:42 UTC,2026-04-22 08:37:54 UTC,,9071,boulder,Qualification,Men,finished,2024-10-16 17:26:51 UTC,/api/v1/category_rounds/9071/results,boulder_one_group_one_boulder_set,IFSC: 1 group,40,,,,,,,13302,5,/api/v1/routes/13302/startlist,
/api/v1/events/1400/result/435,1400,full_results_url,IFSC South America Cup Ibarra 2024,BOULDER Men,finished,2025-10-02 07:18:42 UTC,2026-04-22 08:37:54 UTC,,9469,boulder,Semi Final,Men,finished,2024-10-17 17:57:03 UTC,/api/v1/category_rounds/9469/results,boulder_one_group_one_boulder_set,IFSC: 1 group,41,,,,,,,14549,1,/api/v1/routes/14549/startlist,
/api/v1/events/1400/result/435,1400,full_results_url,IFSC South America Cup Ibarra 2024,BOULDER Men,finished,2025-10-02 07:18:42 UTC,2026-04-22 08:37:54 UTC,,9469,boulder,Semi Final,Men,finished,2024-10-17 17:57:03 UTC,/api/v1/category_rounds/9469/results,boulder_one_group_one_boulder_set,IFSC: 1 group,41,,,,,,,14550,2,/api/v1/routes/14550/startlist,
/api/v1/events/1400/result/435,1400,full_results_url,IFSC South America Cup Ibarra 2024,BOULDER Men,finished,2025-10-02 07:18:42 UTC,2026-04-22 08:37:54 UTC,,9469,boulder,Semi Final,Men,finished,2024-10-17 17:57:03 UTC,/api/v1/category_rounds/9469/results,boulder_one_group_one_boulder_set,IFSC: 1 group,41,,,,,,,14551,3,/api/v1/routes/14551/startlist,
/api/v1/events/1400/result/435,1400,full_results_url,IFSC South America Cup Ibarra 2024,BOULDER Men,finished,2025-10-02 07:18:42 UTC,2026-04-22 08:37:54 UTC,,9469,boulder,Semi Final,Men,finished,2024-10-17 17:57:03 UTC,/api/v1/category_rounds/9469/results,boulder_one_group_one_boulder_set,IFSC: 1 group,41,,,,,,,14552,4,/api/v1/routes/14552/startlist,
/api/v1/events/1400/result/435,1400,full_results_url,IFSC South America Cup Ibarra 2024,BOULDER Men,finished,2025-10-02 07:18:42 UTC,2026-04-22 08:37:54 UTC,,9471,boulder,Final,Men,finished,2024-10-17 22:18:48 UTC,/api/v1/category_rounds/9471/results,boulder_one_group_one_boulder_set,IFSC: 1 group,42,,,,,,,14557,1,/api/v1/routes/14557/startlist,
/api/v1/events/1400/result/435,1400,full_results_url,IFSC South America Cup Ibarra 2024,BOULDER Men,finished,2025-10-02 07:18:42 UTC,2026-04-22 08:37:54 UTC,,9471,boulder,Final,Men,finished,2024-10-17 22:18:48 UTC,/api/v1/category_rounds/9471/results,boulder_one_group_one_boulder_set,IFSC: 1 group,42,,,,,,,14558,2,/api/v1/routes/14558/startlist,
/api/v1/events/1400/result/435,1400,full_results_url,IFSC South America Cup Ibarra 2024,BOULDER Men,finished,2025-10-02 07:18:42 UTC,2026-04-22 08:37:54 UTC,,9471,boulder,Final,Men,finished,2024-10-17 22:18:48 UTC,/api/v1/category_rounds/9471/results,boulder_one_group_one_boulder_set,IFSC: 1 group,42,,,,,,,14559,3,/api/v1/routes/14559/startlist,
/api/v1/events/1400/result/435,1400,full_results_url,IFSC South America Cup Ibarra 2024,BOULDER Men,finished,2025-10-02 07:18:42 UTC,2026-04-22 08:37:54 UTC,,9471,boulder,Final,Men,finished,2024-10-17 22:18:48 UTC,/api/v1/category_rounds/9471/results,boulder_one_group_one_boulder_set,IFSC: 1 group,42,,,,,,,14560,4,/api/v1/routes/14560/startlist,
/api/v1/events/1400/result/439,1400,full_results_url,IFSC South America Cup Ibarra 2024,BOULDER Women,finished,2025-10-02 07:18:42 UTC,2026-04-22 08:37:58 UTC,,9072,boulder,Qualification,Women,finished,2024-10-16 22:40:51 UTC,/api/v1/category_rounds/9072/results,boulder_one_group_one_boulder_set,IFSC: 1 group,40,,,,,,,13303,1,/api/v1/routes/13303/startlist,
/api/v1/events/1400/result/439,1400,full_results_url,IFSC South America Cup Ibarra 2024,BOULDER Women,finished,2025-10-02 07:18:42 UTC,2026-04-22 08:37:58 UTC,,9072,boulder,Qualification,Women,finished,2024-10-16 22:40:51 UTC,/api/v1/category_rounds/9072/results,boulder_one_group_one_boulder_set,IFSC: 1 group,40,,,,,,,13304,2,/api/v1/routes/13304/startlist,
/api/v1/events/1400/result/439,1400,full_results_url,IFSC South America Cup Ibarra 2024,BOULDER Women,finished,2025-10-02 07:18:42 UTC,2026-04-22 08:37:58 UTC,,9072,boulder,Qualification,Women,finished,2024-10-16 22:40:51 UTC,/api/v1/category_rounds/9072/results,boulder_one_group_one_boulder_set,IFSC: 1 group,40,,,,,,,13305,3,/api/v1/routes/13305/startlist,
/api/v1/events/1400/result/439,1400,full_results_url,IFSC South America Cup Ibarra 2024,BOULDER Women,finished,2025-10-02 07:18:42 UTC,2026-04-22 08:37:58 UTC,,9072,boulder,Qualification,Women,finished,2024-10-16 22:40:51 UTC,/api/v1/category_rounds/9072/results,boulder_one_group_one_boulder_set,IFSC: 1 group,40,,,,,,,13306,4,/api/v1/routes/13306/startlist,
/api/v1/events/1400/result/439,1400,full_results_url,IFSC South America Cup Ibarra 2024,BOULDER Women,finished,2025-10-02 07:18:42 UTC,2026-04-22 08:37:58 UTC,,9072,boulder,Qualification,Women,finished,2024-10-16 22:40:51 UTC,/api/v1/category_rounds/9072/results,boulder_one_group_one_boulder_set,IFSC: 1 group,40,,,,,,,13307,5,/api/v1/routes/13307/startlist,
/api/v1/events/1400/result/439,1400,full_results_url,IFSC South America Cup Ibarra 2024,BOULDER Women,finished,2025-10-02 07:18:42 UTC,2026-04-22 08:37:58 UTC,,9470,boulder,Semi Final,Women,finished,2024-10-18 17:50:52 UTC,/api/v1/category_rounds/9470/results,boulder_one_group_one_boulder_set,IFSC: 1 group,41,,,,,,,14553,1,/api/v1/routes/14553/startlist,
/api/v1/events/1400/result/439,1400,full_results_url,IFSC South America Cup Ibarra 2024,BOULDER Women,finished,2025-10-02 07:18:42 UTC,2026-04-22 08:37:58 UTC,,9470,boulder,Semi Final,Women,finished,2024-10-18 17:50:52 UTC,/api/v1/category_rounds/9470/results,boulder_one_group_one_boulder_set,IFSC: 1 group,41,,,,,,,14554,2,/api/v1/routes/14554/startlist,
/api/v1/events/1400/result/439,1400,full_results_url,IFSC South America Cup Ibarra 2024,BOULDER Women,finished,2025-10-02 07:18:42 UTC,2026-04-22 08:37:58 UTC,,9470,boulder,Semi Final,Women,finished,2024-10-18 17:50:52 UTC,/api/v1/category_rounds/9470/results,boulder_one_group_one_boulder_set,IFSC: 1 group,41,,,,,,,14555,3,/api/v1/routes/14555/startlist,
/api/v1/events/1400/result/439,1400,full_results_url,IFSC South America Cup Ibarra 2024,BOULDER Women,finished,2025-10-02 07:18:42 UTC,2026-04-22 08:37:58 UTC,,9470,boulder,Semi Final,Women,finished,2024-10-18 17:50:52 UTC,/api/v1/category_rounds/9470/results,boulder_one_group_one_boulder_set,IFSC: 1 group,41,,,,,,,14556,4,/api/v1/routes/14556/startlist,
/api/v1/events/1400/result/439,1400,full_results_url,IFSC South America Cup Ibarra 2024,BOULDER Women,finished,2025-10-02 07:18:42 UTC,2026-04-22 08:37:58 UTC,,9472,boulder,Final,Women,finished,2024-10-18 22:11:33 UTC,/api/v1/category_rounds/9472/results,boulder_one_group_one_boulder_set,IFSC: 1 group,42,,,,,,,14561,1,/api/v1/routes/14561/startlist,
/api/v1/events/1400/result/439,1400,full_results_url,IFSC South America Cup Ibarra 2024,BOULDER Women,finished,2025-10-02 07:18:42 UTC,2026-04-22 08:37:58 UTC,,9472,boulder,Final,Women,finished,2024-10-18 22:11:33 UTC,/api/v1/category_rounds/9472/results,boulder_one_group_one_boulder_set,IFSC: 1 group,42,,,,,,,14562,2,/api/v1/routes/14562/startlist,
/api/v1/events/1400/result/439,1400,full_results_url,IFSC South America Cup Ibarra 2024,BOULDER Women,finished,2025-10-02 07:18:42 UTC,2026-04-22 08:37:58 UTC,,9472,boulder,Final,Women,finished,2024-10-18 22:11:33 UTC,/api/v1/category_rounds/9472/results,boulder_one_group_one_boulder_set,IFSC: 1 group,42,,,,,,,14563,3,/api/v1/routes/14563/startlist,
/api/v1/events/1400/result/439,1400,full_results_url,IFSC South America Cup Ibarra 2024,BOULDER Women,finished,2025-10-02 07:18:42 UTC,2026-04-22 08:37:58 UTC,,9472,boulder,Final,Women,finished,2024-10-18 22:11:33 UTC,/api/v1/category_rounds/9472/results,boulder_one_group_one_boulder_set,IFSC: 1 group,42,,,,,,,14564,4,/api/v1/routes/14564/startlist,
/api/v1/events/1402/result/354,1402,full_results_url,IFSC Madrid 4 Speed,SPEED Men,finished,2025-10-02 07:18:42 UTC,2026-04-22 08:24:19 UTC,,9147,speed,Qualification,Men,finished,2024-10-19 11:08:51 UTC,/api/v1/category_rounds/9147/results,speed_four_lane_qualification,Qualification 4 Lanes,34,959.0,,speed,finished,2024-10-19 10:43:54 UTC,/api/v1/combined_stages/959/results,14569,A,/api/v1/routes/14569/startlist,
/api/v1/events/1402/result/354,1402,full_results_url,IFSC Madrid 4 Speed,SPEED Men,finished,2025-10-02 07:18:42 UTC,2026-04-22 08:24:19 UTC,,9147,speed,Qualification,Men,finished,2024-10-19 11:08:51 UTC,/api/v1/category_rounds/9147/results,speed_four_lane_qualification,Qualification 4 Lanes,34,959.0,,speed,finished,2024-10-19 10:43:54 UTC,/api/v1/combined_stages/959/results,14570,B,/api/v1/routes/14570/startlist,
/api/v1/events/1402/result/354,1402,full_results_url,IFSC Madrid 4 Speed,SPEED Men,finished,2025-10-02 07:18:42 UTC,2026-04-22 08:24:19 UTC,,9147,speed,Qualification,Men,finished,2024-10-19 11:08:51 UTC,/api/v1/category_rounds/9147/results,speed_four_lane_qualification,Qualification 4 Lanes,34,959.0,,speed,finished,2024-10-19 10:43:54 UTC,/api/v1/combined_stages/959/results,14571,C,/api/v1/routes/14571/startlist,
/api/v1/events/1402/result/354,1402,full_results_url,IFSC Madrid 4 Speed,SPEED Men,finished,2025-10-02 07:18:42 UTC,2026-04-22 08:24:19 UTC,,9147,speed,Qualification,Men,finished,2024-10-19 11:08:51 UTC,/api/v1/category_rounds/9147/results,speed_four_lane_qualification,Qualification 4 Lanes,34,959.0,,speed,finished,2024-10-19 10:43:54 UTC,/api/v1/combined_stages/959/results,14572,D,/api/v1/routes/14572/startlist,
/api/v1/events/1402/result/354,1402,full_results_url,IFSC Madrid 4 Speed,SPEED Men,finished,2025-10-02 07:18:42 UTC,2026-04-22 08:24:19 UTC,,9147,speed,Qualification,Men,finished,2024-10-19 11:08:51 UTC,/api/v1/category_rounds/9147/results,speed_four_lane_qualification,Qualification 4 Lanes,34,960.0,,speed,finished,2024-10-19 11:08:46 UTC,/api/v1/combined_stages/960/results,14573,A,/api/v1/routes/14573/startlist,
/api/v1/events/1402/result/354,1402,full_results_url,IFSC Madrid 4 Speed,SPEED Men,finished,2025-10-02 07:18:42 UTC,2026-04-22 08:24:19 UTC,,9147,speed,Qualification,Men,finished,2024-10-19 11:08:51 UTC,/api/v1/category_rounds/9147/results,speed_four_lane_qualification,Qualification 4 Lanes,34,960.0,,speed,finished,2024-10-19 11:08:46 UTC,/api/v1/combined_stages/960/results,14574,B,/api/v1/routes/14574/startlist,
/api/v1/events/1402/result/354,1402,full_results_url,IFSC Madrid 4 Speed,SPEED Men,finished,2025-10-02 07:18:42 UTC,2026-04-22 08:24:19 UTC,,9147,speed,Qualification,Men,finished,2024-10-19 11:08:51 UTC,/api/v1/category_rounds/9147/results,speed_four_lane_qualification,Qualification 4 Lanes,34,960.0,,speed,finished,2024-10-19 11:08:46 UTC,/api/v1/combined_stages/960/results,14575,C,/api/v1/routes/14575/startlist,
/api/v1/events/1402/result/354,1402,full_results_url,IFSC Madrid 4 Speed,SPEED Men,finished,2025-10-02 07:18:42 UTC,2026-04-22 08:24:19 UTC,,9147,speed,Qualification,Men,finished,2024-10-19 11:08:51 UTC,/api/v1/category_rounds/9147/results,speed_four_lane_qualification,Qualification 4 Lanes,34,960.0,,speed,finished,2024-10-19 11:08:46 UTC,/api/v1/combined_stages/960/results,14576,D,/api/v1/routes/14576/startlist,
/api/v1/events/1402/result/354,1402,full_results_url,IFSC Madrid 4 Speed,SPEED Men,finished,2025-10-02 07:18:42 UTC,2026-04-22 08:24:19 UTC,,9475,speed,Final,Men,finished,2024-10-19 17:38:44 UTC,/api/v1/category_rounds/9475/results,speed_four_lane_elimination,Finals 4 Lane Elimination,36,,,,,,,14589,A,/api/v1/routes/14589/startlist,
/api/v1/events/1402/result/354,1402,full_results_url,IFSC Madrid 4 Speed,SPEED Men,finished,2025-10-02 07:18:42 UTC,2026-04-22 08:24:19 UTC,,9475,speed,Final,Men,finished,2024-10-19 17:38:44 UTC,/api/v1/category_rounds/9475/results,speed_four_lane_elimination,Finals 4 Lane Elimination,36,,,,,,,14590,B,/api/v1/routes/14590/startlist,
/api/v1/events/1402/result/354,1402,full_results_url,IFSC Madrid 4 Speed,SPEED Men,finished,2025-10-02 07:18:42 UTC,2026-04-22 08:24:19 UTC,,9475,speed,Final,Men,finished,2024-10-19 17:38:44 UTC,/api/v1/category_rounds/9475/results,speed_four_lane_elimination,Finals 4 Lane Elimination,36,,,,,,,14591,C,/api/v1/routes/14591/startlist,
/api/v1/events/1402/result/354,1402,full_results_url,IFSC Madrid 4 Speed,SPEED Men,finished,2025-10-02 07:18:42 UTC,2026-04-22 08:24:19 UTC,,9475,speed,Final,Men,finished,2024-10-19 17:38:44 UTC,/api/v1/category_rounds/9475/results,speed_four_lane_elimination,Finals 4 Lane Elimination,36,,,,,,,14592,D,/api/v1/routes/14592/startlist,
/api/v1/events/1402/result/374,1402,full_results_url,IFSC Madrid 4 Speed,SPEED Women,finished,2025-10-02 07:18:42 UTC,2026-04-22 08:24:19 UTC,,9152,speed,Qualification,Women,finished,2024-10-19 11:03:32 UTC,/api/v1/category_rounds/9152/results,speed_four_lane_qualification,Qualification 4 Lanes,34,961.0,,speed,finished,2024-10-19 09:57:37 UTC,/api/v1/combined_stages/961/results,14577,A,/api/v1/routes/14577/startlist,
/api/v1/events/1402/result/374,1402,full_results_url,IFSC Madrid 4 Speed,SPEED Women,finished,2025-10-02 07:18:42 UTC,2026-04-22 08:24:19 UTC,,9152,speed,Qualification,Women,finished,2024-10-19 11:03:32 UTC,/api/v1/category_rounds/9152/results,speed_four_lane_qualification,Qualification 4 Lanes,34,961.0,,speed,finished,2024-10-19 09:57:37 UTC,/api/v1/combined_stages/961/results,14578,B,/api/v1/routes/14578/startlist,
/api/v1/events/1402/result/374,1402,full_results_url,IFSC Madrid 4 Speed,SPEED Women,finished,2025-10-02 07:18:42 UTC,2026-04-22 08:24:19 UTC,,9152,speed,Qualification,Women,finished,2024-10-19 11:03:32 UTC,/api/v1/category_rounds/9152/results,speed_four_lane_qualification,Qualification 4 Lanes,34,961.0,,speed,finished,2024-10-19 09:57:37 UTC,/api/v1/combined_stages/961/results,14579,C,/api/v1/routes/14579/startlist,
/api/v1/events/1402/result/374,1402,full_results_url,IFSC Madrid 4 Speed,SPEED Women,finished,2025-10-02 07:18:42 UTC,2026-04-22 08:24:19 UTC,,9152,speed,Qualification,Women,finished,2024-10-19 11:03:32 UTC,/api/v1/category_rounds/9152/results,speed_four_lane_qualification,Qualification 4 Lanes,34,961.0,,speed,finished,2024-10-19 09:57:37 UTC,/api/v1/combined_stages/961/results,14580,D,/api/v1/routes/14580/startlist,
/api/v1/events/1402/result/374,1402,full_results_url,IFSC Madrid 4 Speed,SPEED Women,finished,2025-10-02 07:18:42 UTC,2026-04-22 08:24:19 UTC,,9152,speed,Qualification,Women,finished,2024-10-19 11:03:32 UTC,/api/v1/category_rounds/9152/results,speed_four_lane_qualification,Qualification 4 Lanes,34,962.0,,speed,finished,2024-10-19 11:03:21 UTC,/api/v1/combined_stages/962/results,14581,A,/api/v1/routes/14581/startlist,
/api/v1/events/1402/result/374,1402,full_results_url,IFSC Madrid 4 Speed,SPEED Women,finished,2025-10-02 07:18:42 UTC,2026-04-22 08:24:19 UTC,,9152,speed,Qualification,Women,finished,2024-10-19 11:03:32 UTC,/api/v1/category_rounds/9152/results,speed_four_lane_qualification,Qualification 4 Lanes,34,962.0,,speed,finished,2024-10-19 11:03:21 UTC,/api/v1/combined_stages/962/results,14582,B,/api/v1/routes/14582/startlist,
/api/v1/events/1402/result/374,1402,full_results_url,IFSC Madrid 4 Speed,SPEED Women,finished,2025-10-02 07:18:42 UTC,2026-04-22 08:24:19 UTC,,9152,speed,Qualification,Women,finished,2024-10-19 11:03:32 UTC,/api/v1/category_rounds/9152/results,speed_four_lane_qualification,Qualification 4 Lanes,34,962.0,,speed,finished,2024-10-19 11:03:21 UTC,/api/v1/combined_stages/962/results,14583,C,/api/v1/routes/14583/startlist,
/api/v1/events/1402/result/374,1402,full_results_url,IFSC Madrid 4 Speed,SPEED Women,finished,2025-10-02 07:18:42 UTC,2026-04-22 08:24:19 UTC,,9152,speed,Qualification,Women,finished,2024-10-19 11:03:32 UTC,/api/v1/category_rounds/9152/results,speed_four_lane_qualification,Qualification 4 Lanes,34,962.0,,speed,finished,2024-10-19 11:03:21 UTC,/api/v1/combined_stages/962/results,14584,D,/api/v1/routes/14584/startlist,
/api/v1/events/1402/result/374,1402,full_results_url,IFSC Madrid 4 Speed,SPEED Women,finished,2025-10-02 07:18:42 UTC,2026-04-22 08:24:19 UTC,,9476,speed,Final,Women,finished,2024-10-19 17:35:58 UTC,/api/v1/category_rounds/9476/results,speed_four_lane_elimination,Finals 4 Lane Elimination,36,,,,,,,14593,A,/api/v1/routes/14593/startlist,
/api/v1/events/1402/result/374,1402,full_results_url,IFSC Madrid 4 Speed,SPEED Women,finished,2025-10-02 07:18:42 UTC,2026-04-22 08:24:19 UTC,,9476,speed,Final,Women,finished,2024-10-19 17:35:58 UTC,/api/v1/category_rounds/9476/results,speed_four_lane_elimination,Finals 4 Lane Elimination,36,,,,,,,14594,B,/api/v1/routes/14594/startlist,
/api/v1/events/1402/result/374,1402,full_results_url,IFSC Madrid 4 Speed,SPEED Women,finished,2025-10-02 07:18:42 UTC,2026-04-22 08:24:19 UTC,,9476,speed,Final,Women,finished,2024-10-19 17:35:58 UTC,/api/v1/category_rounds/9476/results,speed_four_lane_elimination,Finals 4 Lane Elimination,36,,,,,,,14595,C,/api/v1/routes/14595/startlist,
/api/v1/events/1402/result/374,1402,full_results_url,IFSC Madrid 4 Speed,SPEED Women,finished,2025-10-02 07:18:42 UTC,2026-04-22 08:24:19 UTC,,9476,speed,Final,Women,finished,2024-10-19 17:35:58 UTC,/api/v1/category_rounds/9476/results,speed_four_lane_elimination,Finals 4 Lane Elimination,36,,,,,,,14596,D,/api/v1/routes/14596/startlist,
/api/v1/events/1422/result/354,1422,full_results_url,IFSC Madrid Speed,SPEED Men,finished,2025-10-02 07:18:42 UTC,2026-04-22 08:38:03 UTC,,9477,speed,Qualification,Men,finished,2024-10-20 11:23:26 UTC,/api/v1/category_rounds/9477/results,speed_staggered,IFSC: Qualification,34,,,,,,,14597,A,/api/v1/routes/14597/startlist,
/api/v1/events/1422/result/354,1422,full_results_url,IFSC Madrid Speed,SPEED Men,finished,2025-10-02 07:18:42 UTC,2026-04-22 08:38:03 UTC,,9477,speed,Qualification,Men,finished,2024-10-20 11:23:26 UTC,/api/v1/category_rounds/9477/results,speed_staggered,IFSC: Qualification,34,,,,,,,14598,B,/api/v1/routes/14598/startlist,
/api/v1/events/1422/result/354,1422,full_results_url,IFSC Madrid Speed,SPEED Men,finished,2025-10-02 07:18:42 UTC,2026-04-22 08:38:03 UTC,,9487,speed,Final,Men,finished,2024-10-20 12:32:04 UTC,/api/v1/category_rounds/9487/results,speed_elimination_ifsc_2023,IFSC 2023+: Elimination,36,,,,,,,14617,A,/api/v1/routes/14617/startlist,
/api/v1/events/1422/result/354,1422,full_results_url,IFSC Madrid Speed,SPEED Men,finished,2025-10-02 07:18:42 UTC,2026-04-22 08:38:03 UTC,,9487,speed,Final,Men,finished,2024-10-20 12:32:04 UTC,/api/v1/category_rounds/9487/results,speed_elimination_ifsc_2023,IFSC 2023+: Elimination,36,,,,,,,14618,B,/api/v1/routes/14618/startlist,
/api/v1/events/1422/result/374,1422,full_results_url,IFSC Madrid Speed,SPEED Women,finished,2025-10-02 07:18:42 UTC,2026-04-22 08:38:06 UTC,,9482,speed,Qualification,Women,finished,2024-10-20 11:03:40 UTC,/api/v1/category_rounds/9482/results,speed_staggered,IFSC: Qualification,34,,,,,,,14607,A,/api/v1/routes/14607/startlist,
/api/v1/events/1422/result/374,1422,full_results_url,IFSC Madrid Speed,SPEED Women,finished,2025-10-02 07:18:42 UTC,2026-04-22 08:38:06 UTC,,9482,speed,Qualification,Women,finished,2024-10-20 11:03:40 UTC,/api/v1/category_rounds/9482/results,speed_staggered,IFSC: Qualification,34,,,,,,,14608,B,/api/v1/routes/14608/startlist,
/api/v1/events/1422/result/374,1422,full_results_url,IFSC Madrid Speed,SPEED Women,finished,2025-10-02 07:18:42 UTC,2026-04-22 08:38:06 UTC,,9488,speed,Final,Women,finished,2024-10-20 12:30:17 UTC,/api/v1/category_rounds/9488/results,speed_elimination_ifsc_2023,IFSC 2023+: Elimination,36,,,,,,,14619,A,/api/v1/routes/14619/startlist,
/api/v1/events/1422/result/374,1422,full_results_url,IFSC Madrid Speed,SPEED Women,finished,2025-10-02 07:18:42 UTC,2026-04-22 08:38:06 UTC,,9488,speed,Final,Women,finished,2024-10-20 12:30:17 UTC,/api/v1/category_rounds/9488/results,speed_elimination_ifsc_2023,IFSC 2023+: Elimination,36,,,,,,,14620,B,/api/v1/routes/14620/startlist,
/api/v1/events/1404/result/395,1404,full_results_url,NEOM IFSC Masters 2024,BOULDER Men,finished,2025-10-02 07:18:42 UTC,2026-04-22 08:38:10 UTC,,9219,boulder,Qualification,Men,finished,2024-11-11 09:09:20 UTC,/api/v1/category_rounds/9219/results,boulder_points_per_boulder,Custom: Points-Per-Boulder,37,,,,,,,14675,1,/api/v1/routes/14675/startlist,
/api/v1/events/1404/result/395,1404,full_results_url,NEOM IFSC Masters 2024,BOULDER Men,finished,2025-10-02 07:18:42 UTC,2026-04-22 08:38:10 UTC,,9219,boulder,Qualification,Men,finished,2024-11-11 09:09:20 UTC,/api/v1/category_rounds/9219/results,boulder_points_per_boulder,Custom: Points-Per-Boulder,37,,,,,,,14676,2,/api/v1/routes/14676/startlist,
/api/v1/events/1404/result/395,1404,full_results_url,NEOM IFSC Masters 2024,BOULDER Men,finished,2025-10-02 07:18:42 UTC,2026-04-22 08:38:10 UTC,,9219,boulder,Qualification,Men,finished,2024-11-11 09:09:20 UTC,/api/v1/category_rounds/9219/results,boulder_points_per_boulder,Custom: Points-Per-Boulder,37,,,,,,,14677,3,/api/v1/routes/14677/startlist,
/api/v1/events/1404/result/395,1404,full_results_url,NEOM IFSC Masters 2024,BOULDER Men,finished,2025-10-02 07:18:42 UTC,2026-04-22 08:38:10 UTC,,9219,boulder,Qualification,Men,finished,2024-11-11 09:09:20 UTC,/api/v1/category_rounds/9219/results,boulder_points_per_boulder,Custom: Points-Per-Boulder,37,,,,,,,14678,4,/api/v1/routes/14678/startlist,
/api/v1/events/1404/result/395,1404,full_results_url,NEOM IFSC Masters 2024,BOULDER Men,finished,2025-10-02 07:18:42 UTC,2026-04-22 08:38:10 UTC,,9500,boulder,Final,Men,finished,2024-11-11 17:32:23 UTC,/api/v1/category_rounds/9500/results,boulder_points_per_boulder,Custom: Points-Per-Boulder,39,,,,,,,14703,1,/api/v1/routes/14703/startlist,
/api/v1/events/1404/result/395,1404,full_results_url,NEOM IFSC Masters 2024,BOULDER Men,finished,2025-10-02 07:18:42 UTC,2026-04-22 08:38:10 UTC,,9500,boulder,Final,Men,finished,2024-11-11 17:32:23 UTC,/api/v1/category_rounds/9500/results,boulder_points_per_boulder,Custom: Points-Per-Boulder,39,,,,,,,14704,2,/api/v1/routes/14704/startlist,
/api/v1/events/1404/result/395,1404,full_results_url,NEOM IFSC Masters 2024,BOULDER Men,finished,2025-10-02 07:18:42 UTC,2026-04-22 08:38:10 UTC,,9500,boulder,Final,Men,finished,2024-11-11 17:32:23 UTC,/api/v1/category_rounds/9500/results,boulder_points_per_boulder,Custom: Points-Per-Boulder,39,,,,,,,14705,3,/api/v1/routes/14705/startlist,
/api/v1/events/1404/result/395,1404,full_results_url,NEOM IFSC Masters 2024,BOULDER Men,finished,2025-10-02 07:18:42 UTC,2026-04-22 08:38:10 UTC,,9500,boulder,Final,Men,finished,2024-11-11 17:32:23 UTC,/api/v1/category_rounds/9500/results,boulder_points_per_boulder,Custom: Points-Per-Boulder,39,,,,,,,14706,4,/api/v1/routes/14706/startlist,
/api/v1/events/1404/result/415,1404,full_results_url,NEOM IFSC Masters 2024,BOULDER Women,finished,2025-10-02 07:18:42 UTC,2026-04-22 08:38:13 UTC,,9224,boulder,Qualification,Women,finished,2024-11-12 08:26:38 UTC,/api/v1/category_rounds/9224/results,boulder_points_per_boulder,Custom: Points-Per-Boulder,37,,,,,,,14685,1,/api/v1/routes/14685/startlist,
/api/v1/events/1404/result/415,1404,full_results_url,NEOM IFSC Masters 2024,BOULDER Women,finished,2025-10-02 07:18:42 UTC,2026-04-22 08:38:13 UTC,,9224,boulder,Qualification,Women,finished,2024-11-12 08:26:38 UTC,/api/v1/category_rounds/9224/results,boulder_points_per_boulder,Custom: Points-Per-Boulder,37,,,,,,,14686,2,/api/v1/routes/14686/startlist,
/api/v1/events/1404/result/415,1404,full_results_url,NEOM IFSC Masters 2024,BOULDER Women,finished,2025-10-02 07:18:42 UTC,2026-04-22 08:38:13 UTC,,9224,boulder,Qualification,Women,finished,2024-11-12 08:26:38 UTC,/api/v1/category_rounds/9224/results,boulder_points_per_boulder,Custom: Points-Per-Boulder,37,,,,,,,14687,3,/api/v1/routes/14687/startlist,
/api/v1/events/1404/result/415,1404,full_results_url,NEOM IFSC Masters 2024,BOULDER Women,finished,2025-10-02 07:18:42 UTC,2026-04-22 08:38:13 UTC,,9224,boulder,Qualification,Women,finished,2024-11-12 08:26:38 UTC,/api/v1/category_rounds/9224/results,boulder_points_per_boulder,Custom: Points-Per-Boulder,37,,,,,,,14688,4,/api/v1/routes/14688/startlist,
/api/v1/events/1404/result/415,1404,full_results_url,NEOM IFSC Masters 2024,BOULDER Women,finished,2025-10-02 07:18:42 UTC,2026-04-22 08:38:13 UTC,,9501,boulder,Final,Women,finished,2024-11-12 17:44:03 UTC,/api/v1/category_rounds/9501/results,boulder_points_per_boulder,Custom: Points-Per-Boulder,39,,,,,,,14713,1,/api/v1/routes/14713/startlist,
/api/v1/events/1404/result/415,1404,full_results_url,NEOM IFSC Masters 2024,BOULDER Women,finished,2025-10-02 07:18:42 UTC,2026-04-22 08:38:13 UTC,,9501,boulder,Final,Women,finished,2024-11-12 17:44:03 UTC,/api/v1/category_rounds/9501/results,boulder_points_per_boulder,Custom: Points-Per-Boulder,39,,,,,,,14714,2,/api/v1/routes/14714/startlist,
/api/v1/events/1404/result/415,1404,full_results_url,NEOM IFSC Masters 2024,BOULDER Women,finished,2025-10-02 07:18:42 UTC,2026-04-22 08:38:13 UTC,,9501,boulder,Final,Women,finished,2024-11-12 17:44:03 UTC,/api/v1/category_rounds/9501/results,boulder_points_per_boulder,Custom: Points-Per-Boulder,39,,,,,,,14715,3,/api/v1/routes/14715/startlist,
/api/v1/events/1404/result/415,1404,full_results_url,NEOM IFSC Masters 2024,BOULDER Women,finished,2025-10-02 07:18:42 UTC,2026-04-22 08:38:13 UTC,,9501,boulder,Final,Women,finished,2024-11-12 17:44:03 UTC,/api/v1/category_rounds/9501/results,boulder_points_per_boulder,Custom: Points-Per-Boulder,39,,,,,,,14716,4,/api/v1/routes/14716/startlist,
/api/v1/events/1404/result/394,1404,full_results_url,NEOM IFSC Masters 2024,SPEED Men,finished,2025-10-02 07:18:42 UTC,2026-04-22 08:38:17 UTC,,9229,speed,Qualification,Men,finished,2024-11-13 14:34:25 UTC,/api/v1/category_rounds/9229/results,speed_staggered,IFSC: Qualification,37,,,,,,,13754,A,/api/v1/routes/13754/startlist,
/api/v1/events/1404/result/394,1404,full_results_url,NEOM IFSC Masters 2024,SPEED Men,finished,2025-10-02 07:18:42 UTC,2026-04-22 08:38:17 UTC,,9229,speed,Qualification,Men,finished,2024-11-13 14:34:25 UTC,/api/v1/category_rounds/9229/results,speed_staggered,IFSC: Qualification,37,,,,,,,13755,B,/api/v1/routes/13755/startlist,
/api/v1/events/1404/result/394,1404,full_results_url,NEOM IFSC Masters 2024,SPEED Men,finished,2025-10-02 07:18:42 UTC,2026-04-22 08:38:17 UTC,,9512,speed,Final,Men,finished,2024-11-13 17:37:20 UTC,/api/v1/category_rounds/9512/results,speed_elimination_ifsc_2023,IFSC 2023+: Elimination,39,,,,,,,14755,A,/api/v1/routes/14755/startlist,
/api/v1/events/1404/result/394,1404,full_results_url,NEOM IFSC Masters 2024,SPEED Men,finished,2025-10-02 07:18:42 UTC,2026-04-22 08:38:17 UTC,,9512,speed,Final,Men,finished,2024-11-13 17:37:20 UTC,/api/v1/category_rounds/9512/results,speed_elimination_ifsc_2023,IFSC 2023+: Elimination,39,,,,,,,14756,B,/api/v1/routes/14756/startlist,
/api/v1/events/1404/result/414,1404,full_results_url,NEOM IFSC Masters 2024,SPEED Women,finished,2025-10-02 07:18:42 UTC,2026-04-22 08:38:20 UTC,,9234,speed,Qualification,Women,finished,2024-11-13 14:58:35 UTC,/api/v1/category_rounds/9234/results,speed_staggered,IFSC: Qualification,37,,,,,,,13764,A,/api/v1/routes/13764/startlist,
/api/v1/events/1404/result/414,1404,full_results_url,NEOM IFSC Masters 2024,SPEED Women,finished,2025-10-02 07:18:42 UTC,2026-04-22 08:38:20 UTC,,9234,speed,Qualification,Women,finished,2024-11-13 14:58:35 UTC,/api/v1/category_rounds/9234/results,speed_staggered,IFSC: Qualification,37,,,,,,,13765,B,/api/v1/routes/13765/startlist,
/api/v1/events/1404/result/414,1404,full_results_url,NEOM IFSC Masters 2024,SPEED Women,finished,2025-10-02 07:18:42 UTC,2026-04-22 08:38:20 UTC,,9513,speed,Final,Women,finished,2024-11-13 17:41:56 UTC,/api/v1/category_rounds/9513/results,speed_elimination_ifsc_2023,IFSC 2023+: Elimination,39,,,,,,,14757,A,/api/v1/routes/14757/startlist,
/api/v1/events/1404/result/414,1404,full_results_url,NEOM IFSC Masters 2024,SPEED Women,finished,2025-10-02 07:18:42 UTC,2026-04-22 08:38:20 UTC,,9513,speed,Final,Women,finished,2024-11-13 17:41:56 UTC,/api/v1/category_rounds/9513/results,speed_elimination_ifsc_2023,IFSC 2023+: Elimination,39,,,,,,,14758,B,/api/v1/routes/14758/startlist,
/api/v1/events/1398/result/193,1398,full_results_url,IFSC Youth Asian Championships Jamshedpur 2024,LEAD Juniors Male,finished,2025-10-02 07:18:42 UTC,2026-04-22 08:38:23 UTC,,9045,lead,Qualification,Juniors Male,finished,2024-11-14 07:46:12 UTC,/api/v1/category_rounds/9045/results,lead_one_group_two_routes,IFSC: 2 routes,13,,,,,,,13230,1,/api/v1/routes/13230/startlist,/api/v1/routes/13230/results
/api/v1/events/1398/result/193,1398,full_results_url,IFSC Youth Asian Championships Jamshedpur 2024,LEAD Juniors Male,finished,2025-10-02 07:18:42 UTC,2026-04-22 08:38:23 UTC,,9045,lead,Qualification,Juniors Male,finished,2024-11-14 07:46:12 UTC,/api/v1/category_rounds/9045/results,lead_one_group_two_routes,IFSC: 2 routes,13,,,,,,,13231,2,/api/v1/routes/13231/startlist,/api/v1/routes/13231/results
/api/v1/events/1398/result/193,1398,full_results_url,IFSC Youth Asian Championships Jamshedpur 2024,LEAD Juniors Male,finished,2025-10-02 07:18:42 UTC,2026-04-22 08:38:23 UTC,,9303,lead,Final,Juniors Male,finished,2024-11-16 07:20:30 UTC,/api/v1/category_rounds/9303/results,lead_one_group_one_route,IFSC: 1 route,15,,,,,,,13936,1,/api/v1/routes/13936/startlist,/api/v1/routes/13936/results
/api/v1/events/1398/result/197,1398,full_results_url,IFSC Youth Asian Championships Jamshedpur 2024,LEAD Youth A Male,finished,2025-10-02 07:18:42 UTC,2026-04-22 08:38:26 UTC,,9046,lead,Qualification,Youth A Male,finished,2024-11-14 05:35:52 UTC,/api/v1/category_rounds/9046/results,lead_one_group_two_routes,IFSC: 2 routes,13,,,,,,,13232,1,/api/v1/routes/13232/startlist,/api/v1/routes/13232/results
/api/v1/events/1398/result/197,1398,full_results_url,IFSC Youth Asian Championships Jamshedpur 2024,LEAD Youth A Male,finished,2025-10-02 07:18:42 UTC,2026-04-22 08:38:26 UTC,,9046,lead,Qualification,Youth A Male,finished,2024-11-14 05:35:52 UTC,/api/v1/category_rounds/9046/results,lead_one_group_two_routes,IFSC: 2 routes,13,,,,,,,13233,2,/api/v1/routes/13233/startlist,/api/v1/routes/13233/results
/api/v1/events/1398/result/197,1398,full_results_url,IFSC Youth Asian Championships Jamshedpur 2024,LEAD Youth A Male,finished,2025-10-02 07:18:42 UTC,2026-04-22 08:38:26 UTC,,9304,lead,Final,Youth A Male,finished,2024-11-16 06:16:58 UTC,/api/v1/category_rounds/9304/results,lead_one_group_one_route,IFSC: 1 route,15,,,,,,,13937,1,/api/v1/routes/13937/startlist,/api/v1/routes/13937/results
/api/v1/events/1398/result/201,1398,full_results_url,IFSC Youth Asian Championships Jamshedpur 2024,LEAD Youth B Male,finished,2025-10-02 07:18:42 UTC,2026-04-22 08:38:30 UTC,,9047,lead,Qualification,Youth B Male,finished,2024-11-15 08:51:28 UTC,/api/v1/category_rounds/9047/results,lead_one_group_two_routes,IFSC: 2 routes,13,,,,,,,13234,1,/api/v1/routes/13234/startlist,/api/v1/routes/13234/results
/api/v1/events/1398/result/201,1398,full_results_url,IFSC Youth Asian Championships Jamshedpur 2024,LEAD Youth B Male,finished,2025-10-02 07:18:42 UTC,2026-04-22 08:38:30 UTC,,9047,lead,Qualification,Youth B Male,finished,2024-11-15 08:51:28 UTC,/api/v1/category_rounds/9047/results,lead_one_group_two_routes,IFSC: 2 routes,13,,,,,,,13235,2,/api/v1/routes/13235/startlist,/api/v1/routes/13235/results
/api/v1/events/1398/result/201,1398,full_results_url,IFSC Youth Asian Championships Jamshedpur 2024,LEAD Youth B Male,finished,2025-10-02 07:18:42 UTC,2026-04-22 08:38:30 UTC,,9305,lead,Final,Youth B Male,finished,2024-11-16 04:27:09 UTC,/api/v1/category_rounds/9305/results,lead_one_group_one_route,IFSC: 1 route,15,,,,,,,13938,1,/api/v1/routes/13938/startlist,/api/v1/routes/13938/results
/api/v1/events/1398/result/209,1398,full_results_url,IFSC Youth Asian Championships Jamshedpur 2024,LEAD Juniors Female,finished,2025-10-02 07:18:42 UTC,2026-04-22 08:38:33 UTC,,9048,lead,Qualification,Juniors Female,finished,2024-11-14 13:24:46 UTC,/api/v1/category_rounds/9048/results,lead_one_group_two_routes,IFSC: 2 routes,13,,,,,,,13236,1,/api/v1/routes/13236/startlist,/api/v1/routes/13236/results
/api/v1/events/1398/result/209,1398,full_results_url,IFSC Youth Asian Championships Jamshedpur 2024,LEAD Juniors Female,finished,2025-10-02 07:18:42 UTC,2026-04-22 08:38:33 UTC,,9048,lead,Qualification,Juniors Female,finished,2024-11-14 13:24:46 UTC,/api/v1/category_rounds/9048/results,lead_one_group_two_routes,IFSC: 2 routes,13,,,,,,,13237,2,/api/v1/routes/13237/startlist,/api/v1/routes/13237/results
/api/v1/events/1398/result/209,1398,full_results_url,IFSC Youth Asian Championships Jamshedpur 2024,LEAD Juniors Female,finished,2025-10-02 07:18:42 UTC,2026-04-22 08:38:33 UTC,,9306,lead,Final,Juniors Female,finished,2024-11-16 07:19:40 UTC,/api/v1/category_rounds/9306/results,lead_one_group_one_route,IFSC: 1 route,15,,,,,,,13939,1,/api/v1/routes/13939/startlist,/api/v1/routes/13939/results
/api/v1/events/1398/result/213,1398,full_results_url,IFSC Youth Asian Championships Jamshedpur 2024,LEAD Youth A Female,finished,2025-10-02 07:18:42 UTC,2026-04-22 08:38:36 UTC,,9049,lead,Qualification,Youth A Female,finished,2024-11-14 10:20:17 UTC,/api/v1/category_rounds/9049/results,lead_one_group_two_routes,IFSC: 2 routes,13,,,,,,,13238,1,/api/v1/routes/13238/startlist,/api/v1/routes/13238/results
/api/v1/events/1398/result/213,1398,full_results_url,IFSC Youth Asian Championships Jamshedpur 2024,LEAD Youth A Female,finished,2025-10-02 07:18:42 UTC,2026-04-22 08:38:36 UTC,,9049,lead,Qualification,Youth A Female,finished,2024-11-14 10:20:17 UTC,/api/v1/category_rounds/9049/results,lead_one_group_two_routes,IFSC: 2 routes,13,,,,,,,13239,2,/api/v1/routes/13239/startlist,/api/v1/routes/13239/results
/api/v1/events/1398/result/213,1398,full_results_url,IFSC Youth Asian Championships Jamshedpur 2024,LEAD Youth A Female,finished,2025-10-02 07:18:42 UTC,2026-04-22 08:38:36 UTC,,9307,lead,Final,Youth A Female,finished,2024-11-16 06:15:10 UTC,/api/v1/category_rounds/9307/results,lead_one_group_one_route,IFSC: 1 route,15,,,,,,,13940,1,/api/v1/routes/13940/startlist,/api/v1/routes/13940/results
/api/v1/events/1398/result/217,1398,full_results_url,IFSC Youth Asian Championships Jamshedpur 2024,LEAD Youth B Female,finished,2025-10-02 07:18:42 UTC,2026-04-22 08:38:39 UTC,,9050,lead,Qualification,Youth B Female,finished,2024-11-15 11:23:11 UTC,/api/v1/category_rounds/9050/results,lead_one_group_two_routes,IFSC: 2 routes,13,,,,,,,13240,1,/api/v1/routes/13240/startlist,/api/v1/routes/13240/results
/api/v1/events/1398/result/217,1398,full_results_url,IFSC Youth Asian Championships Jamshedpur 2024,LEAD Youth B Female,finished,2025-10-02 07:18:42 UTC,2026-04-22 08:38:39 UTC,,9050,lead,Qualification,Youth B Female,finished,2024-11-15 11:23:11 UTC,/api/v1/category_rounds/9050/results,lead_one_group_two_routes,IFSC: 2 routes,13,,,,,,,13241,2,/api/v1/routes/13241/startlist,/api/v1/routes/13241/results
/api/v1/events/1398/result/217,1398,full_results_url,IFSC Youth Asian Championships Jamshedpur 2024,LEAD Youth B Female,finished,2025-10-02 07:18:42 UTC,2026-04-22 08:38:39 UTC,,9308,lead,Final,Youth B Female,finished,2024-11-16 04:22:13 UTC,/api/v1/category_rounds/9308/results,lead_one_group_one_route,IFSC: 1 route,15,,,,,,,13941,1,/api/v1/routes/13941/startlist,/api/v1/routes/13941/results
/api/v1/events/1398/result/194,1398,full_results_url,IFSC Youth Asian Championships Jamshedpur 2024,SPEED Juniors Male,finished,2025-10-02 07:18:42 UTC,2026-04-22 08:38:43 UTC,,9051,speed,Qualification,Juniors Male,finished,2024-11-16 14:54:09 UTC,/api/v1/category_rounds/9051/results,speed_staggered,IFSC: Qualification,13,,,,,,,13242,A,/api/v1/routes/13242/startlist,
/api/v1/events/1398/result/194,1398,full_results_url,IFSC Youth Asian Championships Jamshedpur 2024,SPEED Juniors Male,finished,2025-10-02 07:18:42 UTC,2026-04-22 08:38:43 UTC,,9051,speed,Qualification,Juniors Male,finished,2024-11-16 14:54:09 UTC,/api/v1/category_rounds/9051/results,speed_staggered,IFSC: Qualification,13,,,,,,,13243,B,/api/v1/routes/13243/startlist,
/api/v1/events/1398/result/194,1398,full_results_url,IFSC Youth Asian Championships Jamshedpur 2024,SPEED Juniors Male,finished,2025-10-02 07:18:42 UTC,2026-04-22 08:38:43 UTC,,9309,speed,Final,Juniors Male,finished,2024-11-17 06:02:15 UTC,/api/v1/category_rounds/9309/results,speed_elimination_ifsc_2023,IFSC 2023+: Elimination,15,,,,,,,13942,A,/api/v1/routes/13942/startlist,
/api/v1/events/1398/result/194,1398,full_results_url,IFSC Youth Asian Championships Jamshedpur 2024,SPEED Juniors Male,finished,2025-10-02 07:18:42 UTC,2026-04-22 08:38:43 UTC,,9309,speed,Final,Juniors Male,finished,2024-11-17 06:02:15 UTC,/api/v1/category_rounds/9309/results,speed_elimination_ifsc_2023,IFSC 2023+: Elimination,15,,,,,,,13943,B,/api/v1/routes/13943/startlist,
/api/v1/events/1398/result/198,1398,full_results_url,IFSC Youth Asian Championships Jamshedpur 2024,SPEED Youth A Male,finished,2025-10-02 07:18:42 UTC,2026-04-22 08:38:46 UTC,,9052,speed,Qualification,Youth A Male,finished,2024-11-16 13:59:00 UTC,/api/v1/category_rounds/9052/results,speed_staggered,IFSC: Qualification,13,,,,,,,13244,A,/api/v1/routes/13244/startlist,
/api/v1/events/1398/result/198,1398,full_results_url,IFSC Youth Asian Championships Jamshedpur 2024,SPEED Youth A Male,finished,2025-10-02 07:18:42 UTC,2026-04-22 08:38:46 UTC,,9052,speed,Qualification,Youth A Male,finished,2024-11-16 13:59:00 UTC,/api/v1/category_rounds/9052/results,speed_staggered,IFSC: Qualification,13,,,,,,,13245,B,/api/v1/routes/13245/startlist,
/api/v1/events/1398/result/198,1398,full_results_url,IFSC Youth Asian Championships Jamshedpur 2024,SPEED Youth A Male,finished,2025-10-02 07:18:42 UTC,2026-04-22 08:38:46 UTC,,9310,speed,Final,Youth A Male,finished,2024-11-17 05:04:26 UTC,/api/v1/category_rounds/9310/results,speed_elimination_ifsc_2023,IFSC 2023+: Elimination,15,,,,,,,13944,A,/api/v1/routes/13944/startlist,
/api/v1/events/1398/result/198,1398,full_results_url,IFSC Youth Asian Championships Jamshedpur 2024,SPEED Youth A Male,finished,2025-10-02 07:18:42 UTC,2026-04-22 08:38:46 UTC,,9310,speed,Final,Youth A Male,finished,2024-11-17 05:04:26 UTC,/api/v1/category_rounds/9310/results,speed_elimination_ifsc_2023,IFSC 2023+: Elimination,15,,,,,,,13945,B,/api/v1/routes/13945/startlist,
/api/v1/events/1398/result/202,1398,full_results_url,IFSC Youth Asian Championships Jamshedpur 2024,SPEED Youth B Male,finished,2025-10-02 07:18:42 UTC,2026-04-22 08:38:49 UTC,,9053,speed,Qualification,Youth B Male,finished,2024-11-16 12:51:17 UTC,/api/v1/category_rounds/9053/results,speed_staggered,IFSC: Qualification,13,,,,,,,13246,A,/api/v1/routes/13246/startlist,
/api/v1/events/1398/result/202,1398,full_results_url,IFSC Youth Asian Championships Jamshedpur 2024,SPEED Youth B Male,finished,2025-10-02 07:18:42 UTC,2026-04-22 08:38:49 UTC,,9053,speed,Qualification,Youth B Male,finished,2024-11-16 12:51:17 UTC,/api/v1/category_rounds/9053/results,speed_staggered,IFSC: Qualification,13,,,,,,,13247,B,/api/v1/routes/13247/startlist,
/api/v1/events/1398/result/202,1398,full_results_url,IFSC Youth Asian Championships Jamshedpur 2024,SPEED Youth B Male,finished,2025-10-02 07:18:42 UTC,2026-04-22 08:38:49 UTC,,9311,speed,Final,Youth B Male,finished,2024-11-17 04:06:05 UTC,/api/v1/category_rounds/9311/results,speed_elimination_ifsc_2023,IFSC 2023+: Elimination,15,,,,,,,13946,A,/api/v1/routes/13946/startlist,
/api/v1/events/1398/result/202,1398,full_results_url,IFSC Youth Asian Championships Jamshedpur 2024,SPEED Youth B Male,finished,2025-10-02 07:18:42 UTC,2026-04-22 08:38:49 UTC,,9311,speed,Final,Youth B Male,finished,2024-11-17 04:06:05 UTC,/api/v1/category_rounds/9311/results,speed_elimination_ifsc_2023,IFSC 2023+: Elimination,15,,,,,,,13947,B,/api/v1/routes/13947/startlist,
/api/v1/events/1398/result/210,1398,full_results_url,IFSC Youth Asian Championships Jamshedpur 2024,SPEED Juniors Female,finished,2025-10-02 07:18:42 UTC,2026-04-22 08:38:53 UTC,,9054,speed,Qualification,Juniors Female,finished,2024-11-16 14:18:39 UTC,/api/v1/category_rounds/9054/results,speed_staggered,IFSC: Qualification,13,,,,,,,13248,A,/api/v1/routes/13248/startlist,
/api/v1/events/1398/result/210,1398,full_results_url,IFSC Youth Asian Championships Jamshedpur 2024,SPEED Juniors Female,finished,2025-10-02 07:18:42 UTC,2026-04-22 08:38:53 UTC,,9054,speed,Qualification,Juniors Female,finished,2024-11-16 14:18:39 UTC,/api/v1/category_rounds/9054/results,speed_staggered,IFSC: Qualification,13,,,,,,,13249,B,/api/v1/routes/13249/startlist,
/api/v1/events/1398/result/210,1398,full_results_url,IFSC Youth Asian Championships Jamshedpur 2024,SPEED Juniors Female,finished,2025-10-02 07:18:42 UTC,2026-04-22 08:38:53 UTC,,9312,speed,Final,Juniors Female,finished,2024-11-17 06:00:46 UTC,/api/v1/category_rounds/9312/results,speed_elimination_ifsc_2023,IFSC 2023+: Elimination,15,,,,,,,13948,A,/api/v1/routes/13948/startlist,
/api/v1/events/1398/result/210,1398,full_results_url,IFSC Youth Asian Championships Jamshedpur 2024,SPEED Juniors Female,finished,2025-10-02 07:18:42 UTC,2026-04-22 08:38:53 UTC,,9312,speed,Final,Juniors Female,finished,2024-11-17 06:00:46 UTC,/api/v1/category_rounds/9312/results,speed_elimination_ifsc_2023,IFSC 2023+: Elimination,15,,,,,,,13949,B,/api/v1/routes/13949/startlist,
/api/v1/events/1398/result/214,1398,full_results_url,IFSC Youth Asian Championships Jamshedpur 2024,SPEED Youth A Female,finished,2025-10-02 07:18:42 UTC,2026-04-22 08:38:56 UTC,,9055,speed,Qualification,Youth A Female,finished,2024-11-16 13:18:06 UTC,/api/v1/category_rounds/9055/results,speed_staggered,IFSC: Qualification,13,,,,,,,13250,A,/api/v1/routes/13250/startlist,
/api/v1/events/1398/result/214,1398,full_results_url,IFSC Youth Asian Championships Jamshedpur 2024,SPEED Youth A Female,finished,2025-10-02 07:18:42 UTC,2026-04-22 08:38:56 UTC,,9055,speed,Qualification,Youth A Female,finished,2024-11-16 13:18:06 UTC,/api/v1/category_rounds/9055/results,speed_staggered,IFSC: Qualification,13,,,,,,,13251,B,/api/v1/routes/13251/startlist,
/api/v1/events/1398/result/214,1398,full_results_url,IFSC Youth Asian Championships Jamshedpur 2024,SPEED Youth A Female,finished,2025-10-02 07:18:42 UTC,2026-04-22 08:38:56 UTC,,9313,speed,Final,Youth A Female,finished,2024-11-17 05:03:11 UTC,/api/v1/category_rounds/9313/results,speed_elimination_ifsc_2023,IFSC 2023+: Elimination,15,,,,,,,13950,A,/api/v1/routes/13950/startlist,
/api/v1/events/1398/result/214,1398,full_results_url,IFSC Youth Asian Championships Jamshedpur 2024,SPEED Youth A Female,finished,2025-10-02 07:18:42 UTC,2026-04-22 08:38:56 UTC,,9313,speed,Final,Youth A Female,finished,2024-11-17 05:03:11 UTC,/api/v1/category_rounds/9313/results,speed_elimination_ifsc_2023,IFSC 2023+: Elimination,15,,,,,,,13951,B,/api/v1/routes/13951/startlist,
/api/v1/events/1398/result/218,1398,full_results_url,IFSC Youth Asian Championships Jamshedpur 2024,SPEED Youth B Female,finished,2025-10-02 07:18:42 UTC,2026-04-22 08:38:59 UTC,,9056,speed,Qualification,Youth B Female,finished,2024-11-16 12:18:15 UTC,/api/v1/category_rounds/9056/results,speed_staggered,IFSC: Qualification,13,,,,,,,13252,A,/api/v1/routes/13252/startlist,
/api/v1/events/1398/result/218,1398,full_results_url,IFSC Youth Asian Championships Jamshedpur 2024,SPEED Youth B Female,finished,2025-10-02 07:18:42 UTC,2026-04-22 08:38:59 UTC,,9056,speed,Qualification,Youth B Female,finished,2024-11-16 12:18:15 UTC,/api/v1/category_rounds/9056/results,speed_staggered,IFSC: Qualification,13,,,,,,,13253,B,/api/v1/routes/13253/startlist,
/api/v1/events/1398/result/218,1398,full_results_url,IFSC Youth Asian Championships Jamshedpur 2024,SPEED Youth B Female,finished,2025-10-02 07:18:42 UTC,2026-04-22 08:38:59 UTC,,9314,speed,Final,Youth B Female,finished,2024-11-17 04:04:47 UTC,/api/v1/category_rounds/9314/results,speed_elimination_ifsc_2023,IFSC 2023+: Elimination,15,,,,,,,13952,A,/api/v1/routes/13952/startlist,
/api/v1/events/1398/result/218,1398,full_results_url,IFSC Youth Asian Championships Jamshedpur 2024,SPEED Youth B Female,finished,2025-10-02 07:18:42 UTC,2026-04-22 08:38:59 UTC,,9314,speed,Final,Youth B Female,finished,2024-11-17 04:04:47 UTC,/api/v1/category_rounds/9314/results,speed_elimination_ifsc_2023,IFSC 2023+: Elimination,15,,,,,,,13953,B,/api/v1/routes/13953/startlist,
/api/v1/events/1398/result/195,1398,full_results_url,IFSC Youth Asian Championships Jamshedpur 2024,BOULDER Juniors Male,finished,2025-10-02 07:18:42 UTC,2026-04-22 08:39:02 UTC,,9057,boulder,Qualification,Juniors Male,finished,2024-11-15 07:44:50 UTC,/api/v1/category_rounds/9057/results,boulder_one_group_one_boulder_set,IFSC: 1 group,13,,,,,,,13254,1,/api/v1/routes/13254/startlist,
/api/v1/events/1398/result/195,1398,full_results_url,IFSC Youth Asian Championships Jamshedpur 2024,BOULDER Juniors Male,finished,2025-10-02 07:18:42 UTC,2026-04-22 08:39:02 UTC,,9057,boulder,Qualification,Juniors Male,finished,2024-11-15 07:44:50 UTC,/api/v1/category_rounds/9057/results,boulder_one_group_one_boulder_set,IFSC: 1 group,13,,,,,,,13255,2,/api/v1/routes/13255/startlist,
/api/v1/events/1398/result/195,1398,full_results_url,IFSC Youth Asian Championships Jamshedpur 2024,BOULDER Juniors Male,finished,2025-10-02 07:18:42 UTC,2026-04-22 08:39:02 UTC,,9057,boulder,Qualification,Juniors Male,finished,2024-11-15 07:44:50 UTC,/api/v1/category_rounds/9057/results,boulder_one_group_one_boulder_set,IFSC: 1 group,13,,,,,,,13256,3,/api/v1/routes/13256/startlist,
/api/v1/events/1398/result/195,1398,full_results_url,IFSC Youth Asian Championships Jamshedpur 2024,BOULDER Juniors Male,finished,2025-10-02 07:18:42 UTC,2026-04-22 08:39:02 UTC,,9057,boulder,Qualification,Juniors Male,finished,2024-11-15 07:44:50 UTC,/api/v1/category_rounds/9057/results,boulder_one_group_one_boulder_set,IFSC: 1 group,13,,,,,,,13257,4,/api/v1/routes/13257/startlist,
/api/v1/events/1398/result/195,1398,full_results_url,IFSC Youth Asian Championships Jamshedpur 2024,BOULDER Juniors Male,finished,2025-10-02 07:18:42 UTC,2026-04-22 08:39:02 UTC,,9057,boulder,Qualification,Juniors Male,finished,2024-11-15 07:44:50 UTC,/api/v1/category_rounds/9057/results,boulder_one_group_one_boulder_set,IFSC: 1 group,13,,,,,,,13258,5,/api/v1/routes/13258/startlist,
/api/v1/events/1398/result/195,1398,full_results_url,IFSC Youth Asian Championships Jamshedpur 2024,BOULDER Juniors Male,finished,2025-10-02 07:18:42 UTC,2026-04-22 08:39:02 UTC,,9315,boulder,Final,Juniors Male,finished,2024-11-15 15:10:10 UTC,/api/v1/category_rounds/9315/results,boulder_finals_one_by_one,IFSC: Finals,15,,,,,,,13978,1,/api/v1/routes/13978/startlist,
/api/v1/events/1398/result/195,1398,full_results_url,IFSC Youth Asian Championships Jamshedpur 2024,BOULDER Juniors Male,finished,2025-10-02 07:18:42 UTC,2026-04-22 08:39:02 UTC,,9315,boulder,Final,Juniors Male,finished,2024-11-15 15:10:10 UTC,/api/v1/category_rounds/9315/results,boulder_finals_one_by_one,IFSC: Finals,15,,,,,,,13979,2,/api/v1/routes/13979/startlist,
/api/v1/events/1398/result/195,1398,full_results_url,IFSC Youth Asian Championships Jamshedpur 2024,BOULDER Juniors Male,finished,2025-10-02 07:18:42 UTC,2026-04-22 08:39:02 UTC,,9315,boulder,Final,Juniors Male,finished,2024-11-15 15:10:10 UTC,/api/v1/category_rounds/9315/results,boulder_finals_one_by_one,IFSC: Finals,15,,,,,,,13980,3,/api/v1/routes/13980/startlist,
/api/v1/events/1398/result/195,1398,full_results_url,IFSC Youth Asian Championships Jamshedpur 2024,BOULDER Juniors Male,finished,2025-10-02 07:18:42 UTC,2026-04-22 08:39:02 UTC,,9315,boulder,Final,Juniors Male,finished,2024-11-15 15:10:10 UTC,/api/v1/category_rounds/9315/results,boulder_finals_one_by_one,IFSC: Finals,15,,,,,,,13981,4,/api/v1/routes/13981/startlist,
/api/v1/events/1398/result/199,1398,full_results_url,IFSC Youth Asian Championships Jamshedpur 2024,BOULDER Youth A Male,finished,2025-10-02 07:18:42 UTC,2026-04-22 08:39:06 UTC,,9058,boulder,Qualification,Youth A Male,finished,2024-11-15 07:16:19 UTC,/api/v1/category_rounds/9058/results,boulder_one_group_one_boulder_set,IFSC: 1 group,13,,,,,,,13259,1,/api/v1/routes/13259/startlist,
/api/v1/events/1398/result/199,1398,full_results_url,IFSC Youth Asian Championships Jamshedpur 2024,BOULDER Youth A Male,finished,2025-10-02 07:18:42 UTC,2026-04-22 08:39:06 UTC,,9058,boulder,Qualification,Youth A Male,finished,2024-11-15 07:16:19 UTC,/api/v1/category_rounds/9058/results,boulder_one_group_one_boulder_set,IFSC: 1 group,13,,,,,,,13260,2,/api/v1/routes/13260/startlist,
/api/v1/events/1398/result/199,1398,full_results_url,IFSC Youth Asian Championships Jamshedpur 2024,BOULDER Youth A Male,finished,2025-10-02 07:18:42 UTC,2026-04-22 08:39:06 UTC,,9058,boulder,Qualification,Youth A Male,finished,2024-11-15 07:16:19 UTC,/api/v1/category_rounds/9058/results,boulder_one_group_one_boulder_set,IFSC: 1 group,13,,,,,,,13261,3,/api/v1/routes/13261/startlist,
/api/v1/events/1398/result/199,1398,full_results_url,IFSC Youth Asian Championships Jamshedpur 2024,BOULDER Youth A Male,finished,2025-10-02 07:18:42 UTC,2026-04-22 08:39:06 UTC,,9058,boulder,Qualification,Youth A Male,finished,2024-11-15 07:16:19 UTC,/api/v1/category_rounds/9058/results,boulder_one_group_one_boulder_set,IFSC: 1 group,13,,,,,,,13262,4,/api/v1/routes/13262/startlist,
/api/v1/events/1398/result/199,1398,full_results_url,IFSC Youth Asian Championships Jamshedpur 2024,BOULDER Youth A Male,finished,2025-10-02 07:18:42 UTC,2026-04-22 08:39:06 UTC,,9058,boulder,Qualification,Youth A Male,finished,2024-11-15 07:16:19 UTC,/api/v1/category_rounds/9058/results,boulder_one_group_one_boulder_set,IFSC: 1 group,13,,,,,,,13263,5,/api/v1/routes/13263/startlist,
/api/v1/events/1398/result/199,1398,full_results_url,IFSC Youth Asian Championships Jamshedpur 2024,BOULDER Youth A Male,finished,2025-10-02 07:18:42 UTC,2026-04-22 08:39:06 UTC,,9316,boulder,Final,Youth A Male,finished,2024-11-15 13:19:34 UTC,/api/v1/category_rounds/9316/results,boulder_finals_one_by_one,IFSC: Finals,15,,,,,,,13982,1,/api/v1/routes/13982/startlist,
/api/v1/events/1398/result/199,1398,full_results_url,IFSC Youth Asian Championships Jamshedpur 2024,BOULDER Youth A Male,finished,2025-10-02 07:18:42 UTC,2026-04-22 08:39:06 UTC,,9316,boulder,Final,Youth A Male,finished,2024-11-15 13:19:34 UTC,/api/v1/category_rounds/9316/results,boulder_finals_one_by_one,IFSC: Finals,15,,,,,,,13983,2,/api/v1/routes/13983/startlist,
/api/v1/events/1398/result/199,1398,full_results_url,IFSC Youth Asian Championships Jamshedpur 2024,BOULDER Youth A Male,finished,2025-10-02 07:18:42 UTC,2026-04-22 08:39:06 UTC,,9316,boulder,Final,Youth A Male,finished,2024-11-15 13:19:34 UTC,/api/v1/category_rounds/9316/results,boulder_finals_one_by_one,IFSC: Finals,15,,,,,,,13984,3,/api/v1/routes/13984/startlist,
/api/v1/events/1398/result/199,1398,full_results_url,IFSC Youth Asian Championships Jamshedpur 2024,BOULDER Youth A Male,finished,2025-10-02 07:18:42 UTC,2026-04-22 08:39:06 UTC,,9316,boulder,Final,Youth A Male,finished,2024-11-15 13:19:34 UTC,/api/v1/category_rounds/9316/results,boulder_finals_one_by_one,IFSC: Finals,15,,,,,,,13985,4,/api/v1/routes/13985/startlist,
/api/v1/events/1398/result/203,1398,full_results_url,IFSC Youth Asian Championships Jamshedpur 2024,BOULDER Youth B Male,finished,2025-10-02 07:18:42 UTC,2026-04-22 08:39:09 UTC,,9059,boulder,Qualification,Youth B Male,finished,2024-11-14 06:17:29 UTC,/api/v1/category_rounds/9059/results,boulder_one_group_one_boulder_set,IFSC: 1 group,13,,,,,,,13264,1,/api/v1/routes/13264/startlist,
/api/v1/events/1398/result/203,1398,full_results_url,IFSC Youth Asian Championships Jamshedpur 2024,BOULDER Youth B Male,finished,2025-10-02 07:18:42 UTC,2026-04-22 08:39:09 UTC,,9059,boulder,Qualification,Youth B Male,finished,2024-11-14 06:17:29 UTC,/api/v1/category_rounds/9059/results,boulder_one_group_one_boulder_set,IFSC: 1 group,13,,,,,,,13265,2,/api/v1/routes/13265/startlist,
/api/v1/events/1398/result/203,1398,full_results_url,IFSC Youth Asian Championships Jamshedpur 2024,BOULDER Youth B Male,finished,2025-10-02 07:18:42 UTC,2026-04-22 08:39:09 UTC,,9059,boulder,Qualification,Youth B Male,finished,2024-11-14 06:17:29 UTC,/api/v1/category_rounds/9059/results,boulder_one_group_one_boulder_set,IFSC: 1 group,13,,,,,,,13266,3,/api/v1/routes/13266/startlist,
/api/v1/events/1398/result/203,1398,full_results_url,IFSC Youth Asian Championships Jamshedpur 2024,BOULDER Youth B Male,finished,2025-10-02 07:18:42 UTC,2026-04-22 08:39:09 UTC,,9059,boulder,Qualification,Youth B Male,finished,2024-11-14 06:17:29 UTC,/api/v1/category_rounds/9059/results,boulder_one_group_one_boulder_set,IFSC: 1 group,13,,,,,,,13267,4,/api/v1/routes/13267/startlist,
/api/v1/events/1398/result/203,1398,full_results_url,IFSC Youth Asian Championships Jamshedpur 2024,BOULDER Youth B Male,finished,2025-10-02 07:18:42 UTC,2026-04-22 08:39:09 UTC,,9059,boulder,Qualification,Youth B Male,finished,2024-11-14 06:17:29 UTC,/api/v1/category_rounds/9059/results,boulder_one_group_one_boulder_set,IFSC: 1 group,13,,,,,,,13268,5,/api/v1/routes/13268/startlist,
/api/v1/events/1398/result/203,1398,full_results_url,IFSC Youth Asian Championships Jamshedpur 2024,BOULDER Youth B Male,finished,2025-10-02 07:18:42 UTC,2026-04-22 08:39:09 UTC,,9317,boulder,Final,Youth B Male,finished,2024-11-14 14:54:46 UTC,/api/v1/category_rounds/9317/results,boulder_finals_one_by_one,IFSC: Finals,15,,,,,,,13986,1,/api/v1/routes/13986/startlist,
/api/v1/events/1398/result/203,1398,full_results_url,IFSC Youth Asian Championships Jamshedpur 2024,BOULDER Youth B Male,finished,2025-10-02 07:18:42 UTC,2026-04-22 08:39:09 UTC,,9317,boulder,Final,Youth B Male,finished,2024-11-14 14:54:46 UTC,/api/v1/category_rounds/9317/results,boulder_finals_one_by_one,IFSC: Finals,15,,,,,,,13987,2,/api/v1/routes/13987/startlist,
/api/v1/events/1398/result/203,1398,full_results_url,IFSC Youth Asian Championships Jamshedpur 2024,BOULDER Youth B Male,finished,2025-10-02 07:18:42 UTC,2026-04-22 08:39:09 UTC,,9317,boulder,Final,Youth B Male,finished,2024-11-14 14:54:46 UTC,/api/v1/category_rounds/9317/results,boulder_finals_one_by_one,IFSC: Finals,15,,,,,,,13988,3,/api/v1/routes/13988/startlist,
/api/v1/events/1398/result/203,1398,full_results_url,IFSC Youth Asian Championships Jamshedpur 2024,BOULDER Youth B Male,finished,2025-10-02 07:18:42 UTC,2026-04-22 08:39:09 UTC,,9317,boulder,Final,Youth B Male,finished,2024-11-14 14:54:46 UTC,/api/v1/category_rounds/9317/results,boulder_finals_one_by_one,IFSC: Finals,15,,,,,,,13989,4,/api/v1/routes/13989/startlist,
/api/v1/events/1398/result/211,1398,full_results_url,IFSC Youth Asian Championships Jamshedpur 2024,BOULDER Juniors Female,finished,2025-10-02 07:18:42 UTC,2026-04-22 08:39:13 UTC,,9060,boulder,Qualification,Juniors Female,finished,2024-11-15 07:25:15 UTC,/api/v1/category_rounds/9060/results,boulder_one_group_one_boulder_set,IFSC: 1 group,13,,,,,,,13269,1,/api/v1/routes/13269/startlist,
/api/v1/events/1398/result/211,1398,full_results_url,IFSC Youth Asian Championships Jamshedpur 2024,BOULDER Juniors Female,finished,2025-10-02 07:18:42 UTC,2026-04-22 08:39:13 UTC,,9060,boulder,Qualification,Juniors Female,finished,2024-11-15 07:25:15 UTC,/api/v1/category_rounds/9060/results,boulder_one_group_one_boulder_set,IFSC: 1 group,13,,,,,,,13270,2,/api/v1/routes/13270/startlist,
/api/v1/events/1398/result/211,1398,full_results_url,IFSC Youth Asian Championships Jamshedpur 2024,BOULDER Juniors Female,finished,2025-10-02 07:18:42 UTC,2026-04-22 08:39:13 UTC,,9060,boulder,Qualification,Juniors Female,finished,2024-11-15 07:25:15 UTC,/api/v1/category_rounds/9060/results,boulder_one_group_one_boulder_set,IFSC: 1 group,13,,,,,,,13271,3,/api/v1/routes/13271/startlist,
/api/v1/events/1398/result/211,1398,full_results_url,IFSC Youth Asian Championships Jamshedpur 2024,BOULDER Juniors Female,finished,2025-10-02 07:18:42 UTC,2026-04-22 08:39:13 UTC,,9060,boulder,Qualification,Juniors Female,finished,2024-11-15 07:25:15 UTC,/api/v1/category_rounds/9060/results,boulder_one_group_one_boulder_set,IFSC: 1 group,13,,,,,,,13272,4,/api/v1/routes/13272/startlist,
/api/v1/events/1398/result/211,1398,full_results_url,IFSC Youth Asian Championships Jamshedpur 2024,BOULDER Juniors Female,finished,2025-10-02 07:18:42 UTC,2026-04-22 08:39:13 UTC,,9060,boulder,Qualification,Juniors Female,finished,2024-11-15 07:25:15 UTC,/api/v1/category_rounds/9060/results,boulder_one_group_one_boulder_set,IFSC: 1 group,13,,,,,,,13273,5,/api/v1/routes/13273/startlist,
/api/v1/events/1398/result/211,1398,full_results_url,IFSC Youth Asian Championships Jamshedpur 2024,BOULDER Juniors Female,finished,2025-10-02 07:18:42 UTC,2026-04-22 08:39:13 UTC,,9318,boulder,Final,Juniors Female,finished,2024-11-15 15:11:37 UTC,/api/v1/category_rounds/9318/results,boulder_finals_one_by_one,IFSC: Finals,15,,,,,,,13990,1,/api/v1/routes/13990/startlist,
/api/v1/events/1398/result/211,1398,full_results_url,IFSC Youth Asian Championships Jamshedpur 2024,BOULDER Juniors Female,finished,2025-10-02 07:18:42 UTC,2026-04-22 08:39:13 UTC,,9318,boulder,Final,Juniors Female,finished,2024-11-15 15:11:37 UTC,/api/v1/category_rounds/9318/results,boulder_finals_one_by_one,IFSC: Finals,15,,,,,,,13991,2,/api/v1/routes/13991/startlist,
/api/v1/events/1398/result/211,1398,full_results_url,IFSC Youth Asian Championships Jamshedpur 2024,BOULDER Juniors Female,finished,2025-10-02 07:18:42 UTC,2026-04-22 08:39:13 UTC,,9318,boulder,Final,Juniors Female,finished,2024-11-15 15:11:37 UTC,/api/v1/category_rounds/9318/results,boulder_finals_one_by_one,IFSC: Finals,15,,,,,,,13992,3,/api/v1/routes/13992/startlist,
/api/v1/events/1398/result/211,1398,full_results_url,IFSC Youth Asian Championships Jamshedpur 2024,BOULDER Juniors Female,finished,2025-10-02 07:18:42 UTC,2026-04-22 08:39:13 UTC,,9318,boulder,Final,Juniors Female,finished,2024-11-15 15:11:37 UTC,/api/v1/category_rounds/9318/results,boulder_finals_one_by_one,IFSC: Finals,15,,,,,,,13993,4,/api/v1/routes/13993/startlist,
/api/v1/events/1398/result/215,1398,full_results_url,IFSC Youth Asian Championships Jamshedpur 2024,BOULDER Youth A Female,finished,2025-10-02 07:18:42 UTC,2026-04-22 08:39:16 UTC,,9061,boulder,Qualification,Youth A Female,finished,2024-11-15 06:40:01 UTC,/api/v1/category_rounds/9061/results,boulder_one_group_one_boulder_set,IFSC: 1 group,13,,,,,,,13274,1,/api/v1/routes/13274/startlist,
/api/v1/events/1398/result/215,1398,full_results_url,IFSC Youth Asian Championships Jamshedpur 2024,BOULDER Youth A Female,finished,2025-10-02 07:18:42 UTC,2026-04-22 08:39:16 UTC,,9061,boulder,Qualification,Youth A Female,finished,2024-11-15 06:40:01 UTC,/api/v1/category_rounds/9061/results,boulder_one_group_one_boulder_set,IFSC: 1 group,13,,,,,,,13275,2,/api/v1/routes/13275/startlist,
/api/v1/events/1398/result/215,1398,full_results_url,IFSC Youth Asian Championships Jamshedpur 2024,BOULDER Youth A Female,finished,2025-10-02 07:18:42 UTC,2026-04-22 08:39:16 UTC,,9061,boulder,Qualification,Youth A Female,finished,2024-11-15 06:40:01 UTC,/api/v1/category_rounds/9061/results,boulder_one_group_one_boulder_set,IFSC: 1 group,13,,,,,,,13276,3,/api/v1/routes/13276/startlist,
/api/v1/events/1398/result/215,1398,full_results_url,IFSC Youth Asian Championships Jamshedpur 2024,BOULDER Youth A Female,finished,2025-10-02 07:18:42 UTC,2026-04-22 08:39:16 UTC,,9061,boulder,Qualification,Youth A Female,finished,2024-11-15 06:40:01 UTC,/api/v1/category_rounds/9061/results,boulder_one_group_one_boulder_set,IFSC: 1 group,13,,,,,,,13277,4,/api/v1/routes/13277/startlist,
/api/v1/events/1398/result/215,1398,full_results_url,IFSC Youth Asian Championships Jamshedpur 2024,BOULDER Youth A Female,finished,2025-10-02 07:18:42 UTC,2026-04-22 08:39:16 UTC,,9061,boulder,Qualification,Youth A Female,finished,2024-11-15 06:40:01 UTC,/api/v1/category_rounds/9061/results,boulder_one_group_one_boulder_set,IFSC: 1 group,13,,,,,,,13278,5,/api/v1/routes/13278/startlist,
/api/v1/events/1398/result/215,1398,full_results_url,IFSC Youth Asian Championships Jamshedpur 2024,BOULDER Youth A Female,finished,2025-10-02 07:18:42 UTC,2026-04-22 08:39:16 UTC,,9319,boulder,Final,Youth A Female,finished,2024-11-15 13:22:00 UTC,/api/v1/category_rounds/9319/results,boulder_finals_one_by_one,IFSC: Finals,15,,,,,,,13994,1,/api/v1/routes/13994/startlist,
/api/v1/events/1398/result/215,1398,full_results_url,IFSC Youth Asian Championships Jamshedpur 2024,BOULDER Youth A Female,finished,2025-10-02 07:18:42 UTC,2026-04-22 08:39:16 UTC,,9319,boulder,Final,Youth A Female,finished,2024-11-15 13:22:00 UTC,/api/v1/category_rounds/9319/results,boulder_finals_one_by_one,IFSC: Finals,15,,,,,,,13995,2,/api/v1/routes/13995/startlist,
/api/v1/events/1398/result/215,1398,full_results_url,IFSC Youth Asian Championships Jamshedpur 2024,BOULDER Youth A Female,finished,2025-10-02 07:18:42 UTC,2026-04-22 08:39:16 UTC,,9319,boulder,Final,Youth A Female,finished,2024-11-15 13:22:00 UTC,/api/v1/category_rounds/9319/results,boulder_finals_one_by_one,IFSC: Finals,15,,,,,,,13996,3,/api/v1/routes/13996/startlist,
/api/v1/events/1398/result/215,1398,full_results_url,IFSC Youth Asian Championships Jamshedpur 2024,BOULDER Youth A Female,finished,2025-10-02 07:18:42 UTC,2026-04-22 08:39:16 UTC,,9319,boulder,Final,Youth A Female,finished,2024-11-15 13:22:00 UTC,/api/v1/category_rounds/9319/results,boulder_finals_one_by_one,IFSC: Finals,15,,,,,,,13997,4,/api/v1/routes/13997/startlist,
/api/v1/events/1398/result/219,1398,full_results_url,IFSC Youth Asian Championships Jamshedpur 2024,BOULDER Youth B Female,finished,2025-10-02 07:18:42 UTC,2026-04-22 08:39:19 UTC,,9062,boulder,Qualification,Youth B Female,finished,2024-11-14 05:53:24 UTC,/api/v1/category_rounds/9062/results,boulder_one_group_one_boulder_set,IFSC: 1 group,13,,,,,,,13279,1,/api/v1/routes/13279/startlist,
/api/v1/events/1398/result/219,1398,full_results_url,IFSC Youth Asian Championships Jamshedpur 2024,BOULDER Youth B Female,finished,2025-10-02 07:18:42 UTC,2026-04-22 08:39:19 UTC,,9062,boulder,Qualification,Youth B Female,finished,2024-11-14 05:53:24 UTC,/api/v1/category_rounds/9062/results,boulder_one_group_one_boulder_set,IFSC: 1 group,13,,,,,,,13280,2,/api/v1/routes/13280/startlist,
/api/v1/events/1398/result/219,1398,full_results_url,IFSC Youth Asian Championships Jamshedpur 2024,BOULDER Youth B Female,finished,2025-10-02 07:18:42 UTC,2026-04-22 08:39:19 UTC,,9062,boulder,Qualification,Youth B Female,finished,2024-11-14 05:53:24 UTC,/api/v1/category_rounds/9062/results,boulder_one_group_one_boulder_set,IFSC: 1 group,13,,,,,,,13281,3,/api/v1/routes/13281/startlist,
/api/v1/events/1398/result/219,1398,full_results_url,IFSC Youth Asian Championships Jamshedpur 2024,BOULDER Youth B Female,finished,2025-10-02 07:18:42 UTC,2026-04-22 08:39:19 UTC,,9062,boulder,Qualification,Youth B Female,finished,2024-11-14 05:53:24 UTC,/api/v1/category_rounds/9062/results,boulder_one_group_one_boulder_set,IFSC: 1 group,13,,,,,,,13282,4,/api/v1/routes/13282/startlist,
/api/v1/events/1398/result/219,1398,full_results_url,IFSC Youth Asian Championships Jamshedpur 2024,BOULDER Youth B Female,finished,2025-10-02 07:18:42 UTC,2026-04-22 08:39:19 UTC,,9062,boulder,Qualification,Youth B Female,finished,2024-11-14 05:53:24 UTC,/api/v1/category_rounds/9062/results,boulder_one_group_one_boulder_set,IFSC: 1 group,13,,,,,,,13283,5,/api/v1/routes/13283/startlist,
/api/v1/events/1398/result/219,1398,full_results_url,IFSC Youth Asian Championships Jamshedpur 2024,BOULDER Youth B Female,finished,2025-10-02 07:18:42 UTC,2026-04-22 08:39:19 UTC,,9320,boulder,Final,Youth B Female,finished,2024-11-14 14:57:54 UTC,/api/v1/category_rounds/9320/results,boulder_finals_one_by_one,IFSC: Finals,15,,,,,,,13998,1,/api/v1/routes/13998/startlist,
/api/v1/events/1398/result/219,1398,full_results_url,IFSC Youth Asian Championships Jamshedpur 2024,BOULDER Youth B Female,finished,2025-10-02 07:18:42 UTC,2026-04-22 08:39:19 UTC,,9320,boulder,Final,Youth B Female,finished,2024-11-14 14:57:54 UTC,/api/v1/category_rounds/9320/results,boulder_finals_one_by_one,IFSC: Finals,15,,,,,,,13999,2,/api/v1/routes/13999/startlist,
/api/v1/events/1398/result/219,1398,full_results_url,IFSC Youth Asian Championships Jamshedpur 2024,BOULDER Youth B Female,finished,2025-10-02 07:18:42 UTC,2026-04-22 08:39:19 UTC,,9320,boulder,Final,Youth B Female,finished,2024-11-14 14:57:54 UTC,/api/v1/category_rounds/9320/results,boulder_finals_one_by_one,IFSC: Finals,15,,,,,,,14000,3,/api/v1/routes/14000/startlist,
/api/v1/events/1398/result/219,1398,full_results_url,IFSC Youth Asian Championships Jamshedpur 2024,BOULDER Youth B Female,finished,2025-10-02 07:18:42 UTC,2026-04-22 08:39:19 UTC,,9320,boulder,Final,Youth B Female,finished,2024-11-14 14:57:54 UTC,/api/v1/category_rounds/9320/results,boulder_finals_one_by_one,IFSC: Finals,15,,,,,,,14001,4,/api/v1/routes/14001/startlist,
/api/v1/events/1423/result/491,1423,full_results_url,IFSC Oceania Championships Perth 2024,BOULDER Men,finished,2025-10-02 07:18:42 UTC,2026-04-22 08:39:23 UTC,,9489,boulder,Qualification,Men,finished,2024-11-16 07:01:33 UTC,/api/v1/category_rounds/9489/results,boulder_one_group_one_boulder_set,IFSC: 1 group,46,,,,,,,14621,1,/api/v1/routes/14621/startlist,
/api/v1/events/1423/result/491,1423,full_results_url,IFSC Oceania Championships Perth 2024,BOULDER Men,finished,2025-10-02 07:18:42 UTC,2026-04-22 08:39:23 UTC,,9489,boulder,Qualification,Men,finished,2024-11-16 07:01:33 UTC,/api/v1/category_rounds/9489/results,boulder_one_group_one_boulder_set,IFSC: 1 group,46,,,,,,,14622,2,/api/v1/routes/14622/startlist,
/api/v1/events/1423/result/491,1423,full_results_url,IFSC Oceania Championships Perth 2024,BOULDER Men,finished,2025-10-02 07:18:42 UTC,2026-04-22 08:39:23 UTC,,9489,boulder,Qualification,Men,finished,2024-11-16 07:01:33 UTC,/api/v1/category_rounds/9489/results,boulder_one_group_one_boulder_set,IFSC: 1 group,46,,,,,,,14623,3,/api/v1/routes/14623/startlist,
/api/v1/events/1423/result/491,1423,full_results_url,IFSC Oceania Championships Perth 2024,BOULDER Men,finished,2025-10-02 07:18:42 UTC,2026-04-22 08:39:23 UTC,,9489,boulder,Qualification,Men,finished,2024-11-16 07:01:33 UTC,/api/v1/category_rounds/9489/results,boulder_one_group_one_boulder_set,IFSC: 1 group,46,,,,,,,14624,4,/api/v1/routes/14624/startlist,
/api/v1/events/1423/result/491,1423,full_results_url,IFSC Oceania Championships Perth 2024,BOULDER Men,finished,2025-10-02 07:18:42 UTC,2026-04-22 08:39:23 UTC,,9489,boulder,Qualification,Men,finished,2024-11-16 07:01:33 UTC,/api/v1/category_rounds/9489/results,boulder_one_group_one_boulder_set,IFSC: 1 group,46,,,,,,,14625,5,/api/v1/routes/14625/startlist,
/api/v1/events/1423/result/491,1423,full_results_url,IFSC Oceania Championships Perth 2024,BOULDER Men,finished,2025-10-02 07:18:42 UTC,2026-04-22 08:39:23 UTC,,9608,boulder,Semi-Final,Men,finished,2024-11-17 03:40:11 UTC,/api/v1/category_rounds/9608/results,boulder_one_group_one_boulder_set,IFSC: 1 group,47,,,,,,,15085,1,/api/v1/routes/15085/startlist,
/api/v1/events/1423/result/491,1423,full_results_url,IFSC Oceania Championships Perth 2024,BOULDER Men,finished,2025-10-02 07:18:42 UTC,2026-04-22 08:39:23 UTC,,9608,boulder,Semi-Final,Men,finished,2024-11-17 03:40:11 UTC,/api/v1/category_rounds/9608/results,boulder_one_group_one_boulder_set,IFSC: 1 group,47,,,,,,,15086,2,/api/v1/routes/15086/startlist,
/api/v1/events/1423/result/491,1423,full_results_url,IFSC Oceania Championships Perth 2024,BOULDER Men,finished,2025-10-02 07:18:42 UTC,2026-04-22 08:39:23 UTC,,9608,boulder,Semi-Final,Men,finished,2024-11-17 03:40:11 UTC,/api/v1/category_rounds/9608/results,boulder_one_group_one_boulder_set,IFSC: 1 group,47,,,,,,,15087,3,/api/v1/routes/15087/startlist,
/api/v1/events/1423/result/491,1423,full_results_url,IFSC Oceania Championships Perth 2024,BOULDER Men,finished,2025-10-02 07:18:42 UTC,2026-04-22 08:39:23 UTC,,9608,boulder,Semi-Final,Men,finished,2024-11-17 03:40:11 UTC,/api/v1/category_rounds/9608/results,boulder_one_group_one_boulder_set,IFSC: 1 group,47,,,,,,,15088,4,/api/v1/routes/15088/startlist,
/api/v1/events/1423/result/491,1423,full_results_url,IFSC Oceania Championships Perth 2024,BOULDER Men,finished,2025-10-02 07:18:42 UTC,2026-04-22 08:39:23 UTC,,9610,boulder,Final,Men,finished,2024-11-17 10:13:24 UTC,/api/v1/category_rounds/9610/results,boulder_finals_one_by_one,IFSC: Finals,48,,,,,,,15093,1,/api/v1/routes/15093/startlist,
/api/v1/events/1423/result/491,1423,full_results_url,IFSC Oceania Championships Perth 2024,BOULDER Men,finished,2025-10-02 07:18:42 UTC,2026-04-22 08:39:23 UTC,,9610,boulder,Final,Men,finished,2024-11-17 10:13:24 UTC,/api/v1/category_rounds/9610/results,boulder_finals_one_by_one,IFSC: Finals,48,,,,,,,15094,2,/api/v1/routes/15094/startlist,
/api/v1/events/1423/result/491,1423,full_results_url,IFSC Oceania Championships Perth 2024,BOULDER Men,finished,2025-10-02 07:18:42 UTC,2026-04-22 08:39:23 UTC,,9610,boulder,Final,Men,finished,2024-11-17 10:13:24 UTC,/api/v1/category_rounds/9610/results,boulder_finals_one_by_one,IFSC: Finals,48,,,,,,,15095,3,/api/v1/routes/15095/startlist,
/api/v1/events/1423/result/491,1423,full_results_url,IFSC Oceania Championships Perth 2024,BOULDER Men,finished,2025-10-02 07:18:42 UTC,2026-04-22 08:39:23 UTC,,9610,boulder,Final,Men,finished,2024-11-17 10:13:24 UTC,/api/v1/category_rounds/9610/results,boulder_finals_one_by_one,IFSC: Finals,48,,,,,,,15096,4,/api/v1/routes/15096/startlist,
/api/v1/events/1423/result/511,1423,full_results_url,IFSC Oceania Championships Perth 2024,BOULDER Women,finished,2025-10-02 07:18:42 UTC,2026-04-22 08:39:27 UTC,,9494,boulder,Qualification,Women,finished,2024-11-16 06:15:54 UTC,/api/v1/category_rounds/9494/results,boulder_one_group_one_boulder_set,IFSC: 1 group,46,,,,,,,14646,1,/api/v1/routes/14646/startlist,
/api/v1/events/1423/result/511,1423,full_results_url,IFSC Oceania Championships Perth 2024,BOULDER Women,finished,2025-10-02 07:18:42 UTC,2026-04-22 08:39:27 UTC,,9494,boulder,Qualification,Women,finished,2024-11-16 06:15:54 UTC,/api/v1/category_rounds/9494/results,boulder_one_group_one_boulder_set,IFSC: 1 group,46,,,,,,,14647,2,/api/v1/routes/14647/startlist,
/api/v1/events/1423/result/511,1423,full_results_url,IFSC Oceania Championships Perth 2024,BOULDER Women,finished,2025-10-02 07:18:42 UTC,2026-04-22 08:39:27 UTC,,9494,boulder,Qualification,Women,finished,2024-11-16 06:15:54 UTC,/api/v1/category_rounds/9494/results,boulder_one_group_one_boulder_set,IFSC: 1 group,46,,,,,,,14648,3,/api/v1/routes/14648/startlist,
/api/v1/events/1423/result/511,1423,full_results_url,IFSC Oceania Championships Perth 2024,BOULDER Women,finished,2025-10-02 07:18:42 UTC,2026-04-22 08:39:27 UTC,,9494,boulder,Qualification,Women,finished,2024-11-16 06:15:54 UTC,/api/v1/category_rounds/9494/results,boulder_one_group_one_boulder_set,IFSC: 1 group,46,,,,,,,14649,4,/api/v1/routes/14649/startlist,
/api/v1/events/1423/result/511,1423,full_results_url,IFSC Oceania Championships Perth 2024,BOULDER Women,finished,2025-10-02 07:18:42 UTC,2026-04-22 08:39:27 UTC,,9494,boulder,Qualification,Women,finished,2024-11-16 06:15:54 UTC,/api/v1/category_rounds/9494/results,boulder_one_group_one_boulder_set,IFSC: 1 group,46,,,,,,,14650,5,/api/v1/routes/14650/startlist,
/api/v1/events/1423/result/511,1423,full_results_url,IFSC Oceania Championships Perth 2024,BOULDER Women,finished,2025-10-02 07:18:42 UTC,2026-04-22 08:39:27 UTC,,9609,boulder,Semi-Final,Women,finished,2024-11-17 03:40:00 UTC,/api/v1/category_rounds/9609/results,boulder_one_group_one_boulder_set,IFSC: 1 group,47,,,,,,,15089,1,/api/v1/routes/15089/startlist,
/api/v1/events/1423/result/511,1423,full_results_url,IFSC Oceania Championships Perth 2024,BOULDER Women,finished,2025-10-02 07:18:42 UTC,2026-04-22 08:39:27 UTC,,9609,boulder,Semi-Final,Women,finished,2024-11-17 03:40:00 UTC,/api/v1/category_rounds/9609/results,boulder_one_group_one_boulder_set,IFSC: 1 group,47,,,,,,,15090,2,/api/v1/routes/15090/startlist,
/api/v1/events/1423/result/511,1423,full_results_url,IFSC Oceania Championships Perth 2024,BOULDER Women,finished,2025-10-02 07:18:42 UTC,2026-04-22 08:39:27 UTC,,9609,boulder,Semi-Final,Women,finished,2024-11-17 03:40:00 UTC,/api/v1/category_rounds/9609/results,boulder_one_group_one_boulder_set,IFSC: 1 group,47,,,,,,,15091,3,/api/v1/routes/15091/startlist,
/api/v1/events/1423/result/511,1423,full_results_url,IFSC Oceania Championships Perth 2024,BOULDER Women,finished,2025-10-02 07:18:42 UTC,2026-04-22 08:39:27 UTC,,9609,boulder,Semi-Final,Women,finished,2024-11-17 03:40:00 UTC,/api/v1/category_rounds/9609/results,boulder_one_group_one_boulder_set,IFSC: 1 group,47,,,,,,,15092,4,/api/v1/routes/15092/startlist,
/api/v1/events/1423/result/511,1423,full_results_url,IFSC Oceania Championships Perth 2024,BOULDER Women,finished,2025-10-02 07:18:42 UTC,2026-04-22 08:39:27 UTC,,9611,boulder,Final,Women,finished,2024-11-17 10:12:42 UTC,/api/v1/category_rounds/9611/results,boulder_finals_one_by_one,IFSC: Finals,48,,,,,,,15097,1,/api/v1/routes/15097/startlist,
/api/v1/events/1423/result/511,1423,full_results_url,IFSC Oceania Championships Perth 2024,BOULDER Women,finished,2025-10-02 07:18:42 UTC,2026-04-22 08:39:27 UTC,,9611,boulder,Final,Women,finished,2024-11-17 10:12:42 UTC,/api/v1/category_rounds/9611/results,boulder_finals_one_by_one,IFSC: Finals,48,,,,,,,15098,2,/api/v1/routes/15098/startlist,
/api/v1/events/1423/result/511,1423,full_results_url,IFSC Oceania Championships Perth 2024,BOULDER Women,finished,2025-10-02 07:18:42 UTC,2026-04-22 08:39:27 UTC,,9611,boulder,Final,Women,finished,2024-11-17 10:12:42 UTC,/api/v1/category_rounds/9611/results,boulder_finals_one_by_one,IFSC: Finals,48,,,,,,,15099,3,/api/v1/routes/15099/startlist,
/api/v1/events/1423/result/511,1423,full_results_url,IFSC Oceania Championships Perth 2024,BOULDER Women,finished,2025-10-02 07:18:42 UTC,2026-04-22 08:39:27 UTC,,9611,boulder,Final,Women,finished,2024-11-17 10:12:42 UTC,/api/v1/category_rounds/9611/results,boulder_finals_one_by_one,IFSC: Finals,48,,,,,,,15100,4,/api/v1/routes/15100/startlist,
/api/v1/events/1401/result/433,1401,full_results_url,IFSC Pan American Championships Santiago 2024,LEAD Men,finished,2025-10-02 07:18:42 UTC,2026-04-22 08:39:30 UTC,,9073,lead,Qualification,Men,finished,2024-11-20 15:36:51 UTC,/api/v1/category_rounds/9073/results,lead_one_group_two_routes,IFSC: 2 routes,40,,,,,,,13308,1,/api/v1/routes/13308/startlist,/api/v1/routes/13308/results
/api/v1/events/1401/result/433,1401,full_results_url,IFSC Pan American Championships Santiago 2024,LEAD Men,finished,2025-10-02 07:18:42 UTC,2026-04-22 08:39:30 UTC,,9073,lead,Qualification,Men,finished,2024-11-20 15:36:51 UTC,/api/v1/category_rounds/9073/results,lead_one_group_two_routes,IFSC: 2 routes,40,,,,,,,13309,2,/api/v1/routes/13309/startlist,/api/v1/routes/13309/results
/api/v1/events/1401/result/433,1401,full_results_url,IFSC Pan American Championships Santiago 2024,LEAD Men,finished,2025-10-02 07:18:42 UTC,2026-04-22 08:39:30 UTC,,9502,lead,Semi Final,Men,finished,2024-11-22 23:09:06 UTC,/api/v1/category_rounds/9502/results,lead_one_group_one_route,IFSC: 1 route,41,,,,,,,14723,1,/api/v1/routes/14723/startlist,/api/v1/routes/14723/results
/api/v1/events/1401/result/433,1401,full_results_url,IFSC Pan American Championships Santiago 2024,LEAD Men,finished,2025-10-02 07:18:42 UTC,2026-04-22 08:39:30 UTC,,9504,lead,Final,Men,finished,2024-11-23 22:13:41 UTC,/api/v1/category_rounds/9504/results,lead_one_group_one_route,IFSC: 1 route,42,,,,,,,14725,1,/api/v1/routes/14725/startlist,/api/v1/routes/14725/results
/api/v1/events/1401/result/437,1401,full_results_url,IFSC Pan American Championships Santiago 2024,LEAD Women,finished,2025-10-02 07:18:42 UTC,2026-04-22 08:39:34 UTC,,9074,lead,Qualification,Women,finished,2024-11-21 14:49:40 UTC,/api/v1/category_rounds/9074/results,lead_one_group_two_routes,IFSC: 2 routes,40,,,,,,,13310,1,/api/v1/routes/13310/startlist,/api/v1/routes/13310/results
/api/v1/events/1401/result/437,1401,full_results_url,IFSC Pan American Championships Santiago 2024,LEAD Women,finished,2025-10-02 07:18:42 UTC,2026-04-22 08:39:34 UTC,,9074,lead,Qualification,Women,finished,2024-11-21 14:49:40 UTC,/api/v1/category_rounds/9074/results,lead_one_group_two_routes,IFSC: 2 routes,40,,,,,,,13311,2,/api/v1/routes/13311/startlist,/api/v1/routes/13311/results
/api/v1/events/1401/result/437,1401,full_results_url,IFSC Pan American Championships Santiago 2024,LEAD Women,finished,2025-10-02 07:18:42 UTC,2026-04-22 08:39:34 UTC,,9503,lead,Semi Final,Women,finished,2024-11-22 23:21:50 UTC,/api/v1/category_rounds/9503/results,lead_one_group_one_route,IFSC: 1 route,41,,,,,,,14724,1,/api/v1/routes/14724/startlist,/api/v1/routes/14724/results
/api/v1/events/1401/result/437,1401,full_results_url,IFSC Pan American Championships Santiago 2024,LEAD Women,finished,2025-10-02 07:18:42 UTC,2026-04-22 08:39:34 UTC,,9505,lead,Final,Women,finished,2024-11-23 22:51:19 UTC,/api/v1/category_rounds/9505/results,lead_one_group_one_route,IFSC: 1 route,42,,,,,,,14726,1,/api/v1/routes/14726/startlist,/api/v1/routes/14726/results
/api/v1/events/1401/result/434,1401,full_results_url,IFSC Pan American Championships Santiago 2024,SPEED Men,finished,2025-10-02 07:18:42 UTC,2026-04-22 08:39:37 UTC,,9075,speed,Qualification,Men,finished,2024-11-22 18:02:37 UTC,/api/v1/category_rounds/9075/results,speed_staggered,IFSC: Qualification,40,,,,,,,13312,A,/api/v1/routes/13312/startlist,
/api/v1/events/1401/result/434,1401,full_results_url,IFSC Pan American Championships Santiago 2024,SPEED Men,finished,2025-10-02 07:18:42 UTC,2026-04-22 08:39:37 UTC,,9075,speed,Qualification,Men,finished,2024-11-22 18:02:37 UTC,/api/v1/category_rounds/9075/results,speed_staggered,IFSC: Qualification,40,,,,,,,13313,B,/api/v1/routes/13313/startlist,
/api/v1/events/1401/result/434,1401,full_results_url,IFSC Pan American Championships Santiago 2024,SPEED Men,finished,2025-10-02 07:18:42 UTC,2026-04-22 08:39:37 UTC,,9506,speed,Final,Men,finished,2024-11-23 17:42:17 UTC,/api/v1/category_rounds/9506/results,speed_elimination_ifsc_2023,IFSC 2023+: Elimination,42,,,,,,,14727,A,/api/v1/routes/14727/startlist,
/api/v1/events/1401/result/434,1401,full_results_url,IFSC Pan American Championships Santiago 2024,SPEED Men,finished,2025-10-02 07:18:42 UTC,2026-04-22 08:39:37 UTC,,9506,speed,Final,Men,finished,2024-11-23 17:42:17 UTC,/api/v1/category_rounds/9506/results,speed_elimination_ifsc_2023,IFSC 2023+: Elimination,42,,,,,,,14728,B,/api/v1/routes/14728/startlist,
/api/v1/events/1401/result/438,1401,full_results_url,IFSC Pan American Championships Santiago 2024,SPEED Women,finished,2025-10-02 07:18:42 UTC,2026-04-22 08:39:40 UTC,,9076,speed,Qualification,Women,finished,2024-11-22 17:24:51 UTC,/api/v1/category_rounds/9076/results,speed_staggered,IFSC: Qualification,40,,,,,,,13314,A,/api/v1/routes/13314/startlist,
/api/v1/events/1401/result/438,1401,full_results_url,IFSC Pan American Championships Santiago 2024,SPEED Women,finished,2025-10-02 07:18:42 UTC,2026-04-22 08:39:40 UTC,,9076,speed,Qualification,Women,finished,2024-11-22 17:24:51 UTC,/api/v1/category_rounds/9076/results,speed_staggered,IFSC: Qualification,40,,,,,,,13315,B,/api/v1/routes/13315/startlist,
/api/v1/events/1401/result/438,1401,full_results_url,IFSC Pan American Championships Santiago 2024,SPEED Women,finished,2025-10-02 07:18:42 UTC,2026-04-22 08:39:40 UTC,,9507,speed,Final,Women,finished,2024-11-23 17:47:17 UTC,/api/v1/category_rounds/9507/results,speed_elimination_ifsc_2023,IFSC 2023+: Elimination,42,,,,,,,14729,A,/api/v1/routes/14729/startlist,
/api/v1/events/1401/result/438,1401,full_results_url,IFSC Pan American Championships Santiago 2024,SPEED Women,finished,2025-10-02 07:18:42 UTC,2026-04-22 08:39:40 UTC,,9507,speed,Final,Women,finished,2024-11-23 17:47:17 UTC,/api/v1/category_rounds/9507/results,speed_elimination_ifsc_2023,IFSC 2023+: Elimination,42,,,,,,,14730,B,/api/v1/routes/14730/startlist,
/api/v1/events/1401/result/435,1401,full_results_url,IFSC Pan American Championships Santiago 2024,BOULDER Men,finished,2025-10-02 07:18:42 UTC,2026-04-22 08:39:44 UTC,,9077,boulder,Qualification,Men,finished,2024-11-21 23:25:11 UTC,/api/v1/category_rounds/9077/results,boulder_one_group_one_boulder_set,IFSC: 1 group,40,,,,,,,13316,1,/api/v1/routes/13316/startlist,
/api/v1/events/1401/result/435,1401,full_results_url,IFSC Pan American Championships Santiago 2024,BOULDER Men,finished,2025-10-02 07:18:42 UTC,2026-04-22 08:39:44 UTC,,9077,boulder,Qualification,Men,finished,2024-11-21 23:25:11 UTC,/api/v1/category_rounds/9077/results,boulder_one_group_one_boulder_set,IFSC: 1 group,40,,,,,,,13317,2,/api/v1/routes/13317/startlist,
/api/v1/events/1401/result/435,1401,full_results_url,IFSC Pan American Championships Santiago 2024,BOULDER Men,finished,2025-10-02 07:18:42 UTC,2026-04-22 08:39:44 UTC,,9077,boulder,Qualification,Men,finished,2024-11-21 23:25:11 UTC,/api/v1/category_rounds/9077/results,boulder_one_group_one_boulder_set,IFSC: 1 group,40,,,,,,,13318,3,/api/v1/routes/13318/startlist,
/api/v1/events/1401/result/435,1401,full_results_url,IFSC Pan American Championships Santiago 2024,BOULDER Men,finished,2025-10-02 07:18:42 UTC,2026-04-22 08:39:44 UTC,,9077,boulder,Qualification,Men,finished,2024-11-21 23:25:11 UTC,/api/v1/category_rounds/9077/results,boulder_one_group_one_boulder_set,IFSC: 1 group,40,,,,,,,13319,4,/api/v1/routes/13319/startlist,
/api/v1/events/1401/result/435,1401,full_results_url,IFSC Pan American Championships Santiago 2024,BOULDER Men,finished,2025-10-02 07:18:42 UTC,2026-04-22 08:39:44 UTC,,9077,boulder,Qualification,Men,finished,2024-11-21 23:25:11 UTC,/api/v1/category_rounds/9077/results,boulder_one_group_one_boulder_set,IFSC: 1 group,40,,,,,,,13320,5,/api/v1/routes/13320/startlist,
/api/v1/events/1401/result/435,1401,full_results_url,IFSC Pan American Championships Santiago 2024,BOULDER Men,finished,2025-10-02 07:18:42 UTC,2026-04-22 08:39:44 UTC,,9508,boulder,Semi Final,Men,finished,2024-11-23 14:46:25 UTC,/api/v1/category_rounds/9508/results,boulder_one_group_one_boulder_set,IFSC: 1 group,41,,,,,,,14731,1,/api/v1/routes/14731/startlist,
/api/v1/events/1401/result/435,1401,full_results_url,IFSC Pan American Championships Santiago 2024,BOULDER Men,finished,2025-10-02 07:18:42 UTC,2026-04-22 08:39:44 UTC,,9508,boulder,Semi Final,Men,finished,2024-11-23 14:46:25 UTC,/api/v1/category_rounds/9508/results,boulder_one_group_one_boulder_set,IFSC: 1 group,41,,,,,,,14732,2,/api/v1/routes/14732/startlist,
/api/v1/events/1401/result/435,1401,full_results_url,IFSC Pan American Championships Santiago 2024,BOULDER Men,finished,2025-10-02 07:18:42 UTC,2026-04-22 08:39:44 UTC,,9508,boulder,Semi Final,Men,finished,2024-11-23 14:46:25 UTC,/api/v1/category_rounds/9508/results,boulder_one_group_one_boulder_set,IFSC: 1 group,41,,,,,,,14733,3,/api/v1/routes/14733/startlist,
/api/v1/events/1401/result/435,1401,full_results_url,IFSC Pan American Championships Santiago 2024,BOULDER Men,finished,2025-10-02 07:18:42 UTC,2026-04-22 08:39:44 UTC,,9508,boulder,Semi Final,Men,finished,2024-11-23 14:46:25 UTC,/api/v1/category_rounds/9508/results,boulder_one_group_one_boulder_set,IFSC: 1 group,41,,,,,,,14734,4,/api/v1/routes/14734/startlist,
/api/v1/events/1401/result/435,1401,full_results_url,IFSC Pan American Championships Santiago 2024,BOULDER Men,finished,2025-10-02 07:18:42 UTC,2026-04-22 08:39:44 UTC,,9510,boulder,Final,Men,finished,2024-11-24 23:09:03 UTC,/api/v1/category_rounds/9510/results,boulder_finals_one_by_one,IFSC: Finals,42,,,,,,,14747,1,/api/v1/routes/14747/startlist,
/api/v1/events/1401/result/435,1401,full_results_url,IFSC Pan American Championships Santiago 2024,BOULDER Men,finished,2025-10-02 07:18:42 UTC,2026-04-22 08:39:44 UTC,,9510,boulder,Final,Men,finished,2024-11-24 23:09:03 UTC,/api/v1/category_rounds/9510/results,boulder_finals_one_by_one,IFSC: Finals,42,,,,,,,14748,2,/api/v1/routes/14748/startlist,
/api/v1/events/1401/result/435,1401,full_results_url,IFSC Pan American Championships Santiago 2024,BOULDER Men,finished,2025-10-02 07:18:42 UTC,2026-04-22 08:39:44 UTC,,9510,boulder,Final,Men,finished,2024-11-24 23:09:03 UTC,/api/v1/category_rounds/9510/results,boulder_finals_one_by_one,IFSC: Finals,42,,,,,,,14749,3,/api/v1/routes/14749/startlist,
/api/v1/events/1401/result/435,1401,full_results_url,IFSC Pan American Championships Santiago 2024,BOULDER Men,finished,2025-10-02 07:18:42 UTC,2026-04-22 08:39:44 UTC,,9510,boulder,Final,Men,finished,2024-11-24 23:09:03 UTC,/api/v1/category_rounds/9510/results,boulder_finals_one_by_one,IFSC: Finals,42,,,,,,,14750,4,/api/v1/routes/14750/startlist,
/api/v1/events/1401/result/439,1401,full_results_url,IFSC Pan American Championships Santiago 2024,BOULDER Women,finished,2025-10-02 07:18:42 UTC,2026-04-22 08:39:48 UTC,,9078,boulder,Qualification,Women,finished,2024-11-20 23:43:28 UTC,/api/v1/category_rounds/9078/results,boulder_one_group_one_boulder_set,IFSC: 1 group,40,,,,,,,13321,1,/api/v1/routes/13321/startlist,
/api/v1/events/1401/result/439,1401,full_results_url,IFSC Pan American Championships Santiago 2024,BOULDER Women,finished,2025-10-02 07:18:42 UTC,2026-04-22 08:39:48 UTC,,9078,boulder,Qualification,Women,finished,2024-11-20 23:43:28 UTC,/api/v1/category_rounds/9078/results,boulder_one_group_one_boulder_set,IFSC: 1 group,40,,,,,,,13322,2,/api/v1/routes/13322/startlist,
/api/v1/events/1401/result/439,1401,full_results_url,IFSC Pan American Championships Santiago 2024,BOULDER Women,finished,2025-10-02 07:18:42 UTC,2026-04-22 08:39:48 UTC,,9078,boulder,Qualification,Women,finished,2024-11-20 23:43:28 UTC,/api/v1/category_rounds/9078/results,boulder_one_group_one_boulder_set,IFSC: 1 group,40,,,,,,,13323,3,/api/v1/routes/13323/startlist,
/api/v1/events/1401/result/439,1401,full_results_url,IFSC Pan American Championships Santiago 2024,BOULDER Women,finished,2025-10-02 07:18:42 UTC,2026-04-22 08:39:48 UTC,,9078,boulder,Qualification,Women,finished,2024-11-20 23:43:28 UTC,/api/v1/category_rounds/9078/results,boulder_one_group_one_boulder_set,IFSC: 1 group,40,,,,,,,13324,4,/api/v1/routes/13324/startlist,
/api/v1/events/1401/result/439,1401,full_results_url,IFSC Pan American Championships Santiago 2024,BOULDER Women,finished,2025-10-02 07:18:42 UTC,2026-04-22 08:39:48 UTC,,9078,boulder,Qualification,Women,finished,2024-11-20 23:43:28 UTC,/api/v1/category_rounds/9078/results,boulder_one_group_one_boulder_set,IFSC: 1 group,40,,,,,,,13325,5,/api/v1/routes/13325/startlist,
/api/v1/events/1401/result/439,1401,full_results_url,IFSC Pan American Championships Santiago 2024,BOULDER Women,finished,2025-10-02 07:18:42 UTC,2026-04-22 08:39:48 UTC,,9509,boulder,Semi Final,Women,finished,2024-11-22 14:51:37 UTC,/api/v1/category_rounds/9509/results,boulder_one_group_one_boulder_set,IFSC: 1 group,41,,,,,,,14735,1,/api/v1/routes/14735/startlist,
/api/v1/events/1401/result/439,1401,full_results_url,IFSC Pan American Championships Santiago 2024,BOULDER Women,finished,2025-10-02 07:18:42 UTC,2026-04-22 08:39:48 UTC,,9509,boulder,Semi Final,Women,finished,2024-11-22 14:51:37 UTC,/api/v1/category_rounds/9509/results,boulder_one_group_one_boulder_set,IFSC: 1 group,41,,,,,,,14736,2,/api/v1/routes/14736/startlist,
/api/v1/events/1401/result/439,1401,full_results_url,IFSC Pan American Championships Santiago 2024,BOULDER Women,finished,2025-10-02 07:18:42 UTC,2026-04-22 08:39:48 UTC,,9509,boulder,Semi Final,Women,finished,2024-11-22 14:51:37 UTC,/api/v1/category_rounds/9509/results,boulder_one_group_one_boulder_set,IFSC: 1 group,41,,,,,,,14737,3,/api/v1/routes/14737/startlist,
/api/v1/events/1401/result/439,1401,full_results_url,IFSC Pan American Championships Santiago 2024,BOULDER Women,finished,2025-10-02 07:18:42 UTC,2026-04-22 08:39:48 UTC,,9509,boulder,Semi Final,Women,finished,2024-11-22 14:51:37 UTC,/api/v1/category_rounds/9509/results,boulder_one_group_one_boulder_set,IFSC: 1 group,41,,,,,,,14738,4,/api/v1/routes/14738/startlist,
/api/v1/events/1401/result/439,1401,full_results_url,IFSC Pan American Championships Santiago 2024,BOULDER Women,finished,2025-10-02 07:18:42 UTC,2026-04-22 08:39:48 UTC,,9511,boulder,Final,Women,finished,2024-11-24 14:06:03 UTC,/api/v1/category_rounds/9511/results,boulder_finals_one_by_one,IFSC: Finals,42,,,,,,,14751,1,/api/v1/routes/14751/startlist,
/api/v1/events/1401/result/439,1401,full_results_url,IFSC Pan American Championships Santiago 2024,BOULDER Women,finished,2025-10-02 07:18:42 UTC,2026-04-22 08:39:48 UTC,,9511,boulder,Final,Women,finished,2024-11-24 14:06:03 UTC,/api/v1/category_rounds/9511/results,boulder_finals_one_by_one,IFSC: Finals,42,,,,,,,14752,2,/api/v1/routes/14752/startlist,
/api/v1/events/1401/result/439,1401,full_results_url,IFSC Pan American Championships Santiago 2024,BOULDER Women,finished,2025-10-02 07:18:42 UTC,2026-04-22 08:39:48 UTC,,9511,boulder,Final,Women,finished,2024-11-24 14:06:03 UTC,/api/v1/category_rounds/9511/results,boulder_finals_one_by_one,IFSC: Finals,42,,,,,,,14753,3,/api/v1/routes/14753/startlist,
/api/v1/events/1401/result/439,1401,full_results_url,IFSC Pan American Championships Santiago 2024,BOULDER Women,finished,2025-10-02 07:18:42 UTC,2026-04-22 08:39:48 UTC,,9511,boulder,Final,Women,finished,2024-11-24 14:06:03 UTC,/api/v1/category_rounds/9511/results,boulder_finals_one_by_one,IFSC: Finals,42,,,,,,,14754,4,/api/v1/routes/14754/startlist,
/api/v1/events/1394/result/435,1394,full_results_url,IFSC South America Cup Mar del Plata 2024,BOULDER Men,finished,2025-10-02 07:18:41 UTC,2026-04-22 08:22:07 UTC,,8947,boulder,Qualification,Men,finished,2024-11-29 16:40:11 UTC,/api/v1/category_rounds/8947/results,boulder_one_group_one_boulder_set,IFSC: 1 group,40,,,,,,,12749,1,/api/v1/routes/12749/startlist,
/api/v1/events/1394/result/435,1394,full_results_url,IFSC South America Cup Mar del Plata 2024,BOULDER Men,finished,2025-10-02 07:18:41 UTC,2026-04-22 08:22:07 UTC,,8947,boulder,Qualification,Men,finished,2024-11-29 16:40:11 UTC,/api/v1/category_rounds/8947/results,boulder_one_group_one_boulder_set,IFSC: 1 group,40,,,,,,,12750,2,/api/v1/routes/12750/startlist,
/api/v1/events/1394/result/435,1394,full_results_url,IFSC South America Cup Mar del Plata 2024,BOULDER Men,finished,2025-10-02 07:18:41 UTC,2026-04-22 08:22:07 UTC,,8947,boulder,Qualification,Men,finished,2024-11-29 16:40:11 UTC,/api/v1/category_rounds/8947/results,boulder_one_group_one_boulder_set,IFSC: 1 group,40,,,,,,,12751,3,/api/v1/routes/12751/startlist,
/api/v1/events/1394/result/435,1394,full_results_url,IFSC South America Cup Mar del Plata 2024,BOULDER Men,finished,2025-10-02 07:18:41 UTC,2026-04-22 08:22:07 UTC,,8947,boulder,Qualification,Men,finished,2024-11-29 16:40:11 UTC,/api/v1/category_rounds/8947/results,boulder_one_group_one_boulder_set,IFSC: 1 group,40,,,,,,,12752,4,/api/v1/routes/12752/startlist,
/api/v1/events/1394/result/435,1394,full_results_url,IFSC South America Cup Mar del Plata 2024,BOULDER Men,finished,2025-10-02 07:18:41 UTC,2026-04-22 08:22:07 UTC,,8947,boulder,Qualification,Men,finished,2024-11-29 16:40:11 UTC,/api/v1/category_rounds/8947/results,boulder_one_group_one_boulder_set,IFSC: 1 group,40,,,,,,,12753,5,/api/v1/routes/12753/startlist,
/api/v1/events/1394/result/435,1394,full_results_url,IFSC South America Cup Mar del Plata 2024,BOULDER Men,finished,2025-10-02 07:18:41 UTC,2026-04-22 08:22:07 UTC,,9622,boulder,Semi Final,Men,finished,2024-11-30 15:16:38 UTC,/api/v1/category_rounds/9622/results,boulder_one_group_one_boulder_set,IFSC: 1 group,41,,,,,,,15121,1,/api/v1/routes/15121/startlist,
/api/v1/events/1394/result/435,1394,full_results_url,IFSC South America Cup Mar del Plata 2024,BOULDER Men,finished,2025-10-02 07:18:41 UTC,2026-04-22 08:22:07 UTC,,9622,boulder,Semi Final,Men,finished,2024-11-30 15:16:38 UTC,/api/v1/category_rounds/9622/results,boulder_one_group_one_boulder_set,IFSC: 1 group,41,,,,,,,15122,2,/api/v1/routes/15122/startlist,
/api/v1/events/1394/result/435,1394,full_results_url,IFSC South America Cup Mar del Plata 2024,BOULDER Men,finished,2025-10-02 07:18:41 UTC,2026-04-22 08:22:07 UTC,,9622,boulder,Semi Final,Men,finished,2024-11-30 15:16:38 UTC,/api/v1/category_rounds/9622/results,boulder_one_group_one_boulder_set,IFSC: 1 group,41,,,,,,,15123,3,/api/v1/routes/15123/startlist,
/api/v1/events/1394/result/435,1394,full_results_url,IFSC South America Cup Mar del Plata 2024,BOULDER Men,finished,2025-10-02 07:18:41 UTC,2026-04-22 08:22:07 UTC,,9622,boulder,Semi Final,Men,finished,2024-11-30 15:16:38 UTC,/api/v1/category_rounds/9622/results,boulder_one_group_one_boulder_set,IFSC: 1 group,41,,,,,,,15124,4,/api/v1/routes/15124/startlist,
/api/v1/events/1394/result/435,1394,full_results_url,IFSC South America Cup Mar del Plata 2024,BOULDER Men,finished,2025-10-02 07:18:41 UTC,2026-04-22 08:22:07 UTC,,9624,boulder,Final,Men,finished,2024-11-30 21:26:03 UTC,/api/v1/category_rounds/9624/results,boulder_finals_one_by_one,IFSC: Finals,42,,,,,,,15137,1,/api/v1/routes/15137/startlist,
/api/v1/events/1394/result/435,1394,full_results_url,IFSC South America Cup Mar del Plata 2024,BOULDER Men,finished,2025-10-02 07:18:41 UTC,2026-04-22 08:22:07 UTC,,9624,boulder,Final,Men,finished,2024-11-30 21:26:03 UTC,/api/v1/category_rounds/9624/results,boulder_finals_one_by_one,IFSC: Finals,42,,,,,,,15138,2,/api/v1/routes/15138/startlist,
/api/v1/events/1394/result/435,1394,full_results_url,IFSC South America Cup Mar del Plata 2024,BOULDER Men,finished,2025-10-02 07:18:41 UTC,2026-04-22 08:22:07 UTC,,9624,boulder,Final,Men,finished,2024-11-30 21:26:03 UTC,/api/v1/category_rounds/9624/results,boulder_finals_one_by_one,IFSC: Finals,42,,,,,,,15139,3,/api/v1/routes/15139/startlist,
/api/v1/events/1394/result/435,1394,full_results_url,IFSC South America Cup Mar del Plata 2024,BOULDER Men,finished,2025-10-02 07:18:41 UTC,2026-04-22 08:22:07 UTC,,9624,boulder,Final,Men,finished,2024-11-30 21:26:03 UTC,/api/v1/category_rounds/9624/results,boulder_finals_one_by_one,IFSC: Finals,42,,,,,,,15140,4,/api/v1/routes/15140/startlist,
/api/v1/events/1394/result/439,1394,full_results_url,IFSC South America Cup Mar del Plata 2024,BOULDER Women,finished,2025-10-02 07:18:41 UTC,2026-04-22 08:22:07 UTC,,8948,boulder,Qualification,Women,finished,2024-11-29 22:31:41 UTC,/api/v1/category_rounds/8948/results,boulder_one_group_one_boulder_set,IFSC: 1 group,40,,,,,,,12754,1,/api/v1/routes/12754/startlist,
/api/v1/events/1394/result/439,1394,full_results_url,IFSC South America Cup Mar del Plata 2024,BOULDER Women,finished,2025-10-02 07:18:41 UTC,2026-04-22 08:22:07 UTC,,8948,boulder,Qualification,Women,finished,2024-11-29 22:31:41 UTC,/api/v1/category_rounds/8948/results,boulder_one_group_one_boulder_set,IFSC: 1 group,40,,,,,,,12755,2,/api/v1/routes/12755/startlist,
/api/v1/events/1394/result/439,1394,full_results_url,IFSC South America Cup Mar del Plata 2024,BOULDER Women,finished,2025-10-02 07:18:41 UTC,2026-04-22 08:22:07 UTC,,8948,boulder,Qualification,Women,finished,2024-11-29 22:31:41 UTC,/api/v1/category_rounds/8948/results,boulder_one_group_one_boulder_set,IFSC: 1 group,40,,,,,,,12756,3,/api/v1/routes/12756/startlist,
/api/v1/events/1394/result/439,1394,full_results_url,IFSC South America Cup Mar del Plata 2024,BOULDER Women,finished,2025-10-02 07:18:41 UTC,2026-04-22 08:22:07 UTC,,8948,boulder,Qualification,Women,finished,2024-11-29 22:31:41 UTC,/api/v1/category_rounds/8948/results,boulder_one_group_one_boulder_set,IFSC: 1 group,40,,,,,,,12757,4,/api/v1/routes/12757/startlist,
/api/v1/events/1394/result/439,1394,full_results_url,IFSC South America Cup Mar del Plata 2024,BOULDER Women,finished,2025-10-02 07:18:41 UTC,2026-04-22 08:22:07 UTC,,8948,boulder,Qualification,Women,finished,2024-11-29 22:31:41 UTC,/api/v1/category_rounds/8948/results,boulder_one_group_one_boulder_set,IFSC: 1 group,40,,,,,,,12758,5,/api/v1/routes/12758/startlist,
/api/v1/events/1394/result/439,1394,full_results_url,IFSC South America Cup Mar del Plata 2024,BOULDER Women,finished,2025-10-02 07:18:41 UTC,2026-04-22 08:22:07 UTC,,9623,boulder,Semi Final,Women,finished,2024-12-01 15:16:47 UTC,/api/v1/category_rounds/9623/results,boulder_one_group_one_boulder_set,IFSC: 1 group,41,,,,,,,15125,1,/api/v1/routes/15125/startlist,
/api/v1/events/1394/result/439,1394,full_results_url,IFSC South America Cup Mar del Plata 2024,BOULDER Women,finished,2025-10-02 07:18:41 UTC,2026-04-22 08:22:07 UTC,,9623,boulder,Semi Final,Women,finished,2024-12-01 15:16:47 UTC,/api/v1/category_rounds/9623/results,boulder_one_group_one_boulder_set,IFSC: 1 group,41,,,,,,,15126,2,/api/v1/routes/15126/startlist,
/api/v1/events/1394/result/439,1394,full_results_url,IFSC South America Cup Mar del Plata 2024,BOULDER Women,finished,2025-10-02 07:18:41 UTC,2026-04-22 08:22:07 UTC,,9623,boulder,Semi Final,Women,finished,2024-12-01 15:16:47 UTC,/api/v1/category_rounds/9623/results,boulder_one_group_one_boulder_set,IFSC: 1 group,41,,,,,,,15127,3,/api/v1/routes/15127/startlist,
/api/v1/events/1394/result/439,1394,full_results_url,IFSC South America Cup Mar del Plata 2024,BOULDER Women,finished,2025-10-02 07:18:41 UTC,2026-04-22 08:22:07 UTC,,9623,boulder,Semi Final,Women,finished,2024-12-01 15:16:47 UTC,/api/v1/category_rounds/9623/results,boulder_one_group_one_boulder_set,IFSC: 1 group,41,,,,,,,15128,4,/api/v1/routes/15128/startlist,
/api/v1/events/1394/result/439,1394,full_results_url,IFSC South America Cup Mar del Plata 2024,BOULDER Women,finished,2025-10-02 07:18:41 UTC,2026-04-22 08:22:07 UTC,,9625,boulder,Final,Women,finished,2024-12-01 21:27:18 UTC,/api/v1/category_rounds/9625/results,boulder_finals_one_by_one,IFSC: Finals,42,,,,,,,15141,1,/api/v1/routes/15141/startlist,
/api/v1/events/1394/result/439,1394,full_results_url,IFSC South America Cup Mar del Plata 2024,BOULDER Women,finished,2025-10-02 07:18:41 UTC,2026-04-22 08:22:07 UTC,,9625,boulder,Final,Women,finished,2024-12-01 21:27:18 UTC,/api/v1/category_rounds/9625/results,boulder_finals_one_by_one,IFSC: Finals,42,,,,,,,15142,2,/api/v1/routes/15142/startlist,
/api/v1/events/1394/result/439,1394,full_results_url,IFSC South America Cup Mar del Plata 2024,BOULDER Women,finished,2025-10-02 07:18:41 UTC,2026-04-22 08:22:07 UTC,,9625,boulder,Final,Women,finished,2024-12-01 21:27:18 UTC,/api/v1/category_rounds/9625/results,boulder_finals_one_by_one,IFSC: Finals,42,,,,,,,15143,3,/api/v1/routes/15143/startlist,
/api/v1/events/1394/result/439,1394,full_results_url,IFSC South America Cup Mar del Plata 2024,BOULDER Women,finished,2025-10-02 07:18:41 UTC,2026-04-22 08:22:07 UTC,,9625,boulder,Final,Women,finished,2024-12-01 21:27:18 UTC,/api/v1/category_rounds/9625/results,boulder_finals_one_by_one,IFSC: Finals,42,,,,,,,15144,4,/api/v1/routes/15144/startlist,
/api/v1/events/1443/result/489,1443,full_results_url,IFSC Oceania Championships Sydney 2024,LEAD Men,finished,2025-10-02 07:18:42 UTC,2026-04-22 08:39:54 UTC,,9598,lead,Qualification,Men,finished,2024-12-17 11:27:11 UTC,/api/v1/category_rounds/9598/results,lead_one_group_two_routes,IFSC: 2 routes,46,,,,,,,15065,1,/api/v1/routes/15065/startlist,/api/v1/routes/15065/results
/api/v1/events/1443/result/489,1443,full_results_url,IFSC Oceania Championships Sydney 2024,LEAD Men,finished,2025-10-02 07:18:42 UTC,2026-04-22 08:39:54 UTC,,9598,lead,Qualification,Men,finished,2024-12-17 11:27:11 UTC,/api/v1/category_rounds/9598/results,lead_one_group_two_routes,IFSC: 2 routes,46,,,,,,,15066,2,/api/v1/routes/15066/startlist,/api/v1/routes/15066/results
/api/v1/events/1443/result/489,1443,full_results_url,IFSC Oceania Championships Sydney 2024,LEAD Men,finished,2025-10-02 07:18:42 UTC,2026-04-22 08:39:54 UTC,,9744,lead,Semi-Final,Men,finished,2024-12-17 11:37:42 UTC,/api/v1/category_rounds/9744/results,lead_one_group_one_route,IFSC: 1 route,47,,,,,,,15297,1,/api/v1/routes/15297/startlist,/api/v1/routes/15297/results
/api/v1/events/1443/result/489,1443,full_results_url,IFSC Oceania Championships Sydney 2024,LEAD Men,finished,2025-10-02 07:18:42 UTC,2026-04-22 08:39:54 UTC,,9746,lead,Final,Men,finished,2024-12-17 11:43:43 UTC,/api/v1/category_rounds/9746/results,lead_one_group_one_route,IFSC: 1 route,48,,,,,,,15299,1,/api/v1/routes/15299/startlist,/api/v1/routes/15299/results
/api/v1/events/1443/result/509,1443,full_results_url,IFSC Oceania Championships Sydney 2024,LEAD Women,finished,2025-10-02 07:18:42 UTC,2026-04-22 08:39:57 UTC,,9603,lead,Qualification,Women,finished,2024-12-17 11:26:55 UTC,/api/v1/category_rounds/9603/results,lead_one_group_two_routes,IFSC: 2 routes,46,,,,,,,15075,1,/api/v1/routes/15075/startlist,/api/v1/routes/15075/results
/api/v1/events/1443/result/509,1443,full_results_url,IFSC Oceania Championships Sydney 2024,LEAD Women,finished,2025-10-02 07:18:42 UTC,2026-04-22 08:39:57 UTC,,9603,lead,Qualification,Women,finished,2024-12-17 11:26:55 UTC,/api/v1/category_rounds/9603/results,lead_one_group_two_routes,IFSC: 2 routes,46,,,,,,,15076,2,/api/v1/routes/15076/startlist,/api/v1/routes/15076/results
/api/v1/events/1443/result/509,1443,full_results_url,IFSC Oceania Championships Sydney 2024,LEAD Women,finished,2025-10-02 07:18:42 UTC,2026-04-22 08:39:57 UTC,,9745,lead,Semi-Final,Women,finished,2024-12-17 11:58:48 UTC,/api/v1/category_rounds/9745/results,lead_one_group_one_route,IFSC: 1 route,47,,,,,,,15298,1,/api/v1/routes/15298/startlist,/api/v1/routes/15298/results
/api/v1/events/1443/result/509,1443,full_results_url,IFSC Oceania Championships Sydney 2024,LEAD Women,finished,2025-10-02 07:18:42 UTC,2026-04-22 08:39:57 UTC,,9747,lead,Final,Women,finished,2024-12-17 12:01:00 UTC,/api/v1/category_rounds/9747/results,lead_one_group_one_route,IFSC: 1 route,48,,,,,,,15300,1,/api/v1/routes/15300/startlist,/api/v1/routes/15300/results
/api/v1/events/1393/result/433,1393,full_results_url,IFSC South America Cup Curitiba 2024,LEAD Men,finished,2025-10-02 07:18:41 UTC,2026-04-22 08:40:00 UTC,,8941,lead,Qualification,Men,finished,2024-12-14 15:56:25 UTC,/api/v1/category_rounds/8941/results,lead_one_group_two_routes,IFSC: 2 routes,40,,,,,,,12731,1,/api/v1/routes/12731/startlist,/api/v1/routes/12731/results
/api/v1/events/1393/result/433,1393,full_results_url,IFSC South America Cup Curitiba 2024,LEAD Men,finished,2025-10-02 07:18:41 UTC,2026-04-22 08:40:00 UTC,,8941,lead,Qualification,Men,finished,2024-12-14 15:56:25 UTC,/api/v1/category_rounds/8941/results,lead_one_group_two_routes,IFSC: 2 routes,40,,,,,,,12732,2,/api/v1/routes/12732/startlist,/api/v1/routes/12732/results
/api/v1/events/1393/result/433,1393,full_results_url,IFSC South America Cup Curitiba 2024,LEAD Men,finished,2025-10-02 07:18:41 UTC,2026-04-22 08:40:00 UTC,,9626,lead,Semi Final,Men,finished,2024-12-15 13:58:48 UTC,/api/v1/category_rounds/9626/results,lead_one_group_one_route,IFSC: 1 route,41,,,,,,,15145,1,/api/v1/routes/15145/startlist,/api/v1/routes/15145/results
/api/v1/events/1393/result/433,1393,full_results_url,IFSC South America Cup Curitiba 2024,LEAD Men,finished,2025-10-02 07:18:41 UTC,2026-04-22 08:40:00 UTC,,9628,lead,Final,Men,finished,2024-12-15 21:40:40 UTC,/api/v1/category_rounds/9628/results,lead_one_group_one_route,IFSC: 1 route,42,,,,,,,15147,1,/api/v1/routes/15147/startlist,/api/v1/routes/15147/results
/api/v1/events/1393/result/437,1393,full_results_url,IFSC South America Cup Curitiba 2024,LEAD Women,finished,2025-10-02 07:18:41 UTC,2026-04-22 08:40:04 UTC,,8942,lead,Qualification,Women,finished,2024-12-14 21:40:30 UTC,/api/v1/category_rounds/8942/results,lead_one_group_two_routes,IFSC: 2 routes,40,,,,,,,12733,1,/api/v1/routes/12733/startlist,/api/v1/routes/12733/results
/api/v1/events/1393/result/437,1393,full_results_url,IFSC South America Cup Curitiba 2024,LEAD Women,finished,2025-10-02 07:18:41 UTC,2026-04-22 08:40:04 UTC,,8942,lead,Qualification,Women,finished,2024-12-14 21:40:30 UTC,/api/v1/category_rounds/8942/results,lead_one_group_two_routes,IFSC: 2 routes,40,,,,,,,12734,2,/api/v1/routes/12734/startlist,/api/v1/routes/12734/results
/api/v1/events/1393/result/437,1393,full_results_url,IFSC South America Cup Curitiba 2024,LEAD Women,finished,2025-10-02 07:18:41 UTC,2026-04-22 08:40:04 UTC,,9627,lead,Semi Final,Women,finished,2024-12-15 13:55:27 UTC,/api/v1/category_rounds/9627/results,lead_one_group_one_route,IFSC: 1 route,41,,,,,,,15146,1,/api/v1/routes/15146/startlist,/api/v1/routes/15146/results
/api/v1/events/1393/result/437,1393,full_results_url,IFSC South America Cup Curitiba 2024,LEAD Women,finished,2025-10-02 07:18:41 UTC,2026-04-22 08:40:04 UTC,,9629,lead,Final,Women,finished,2024-12-15 22:32:19 UTC,/api/v1/category_rounds/9629/results,lead_one_group_one_route,IFSC: 1 route,42,,,,,,,15148,1,/api/v1/routes/15148/startlist,/api/v1/routes/15148/results
/api/v1/events/1393/result/434,1393,full_results_url,IFSC South America Cup Curitiba 2024,SPEED Men,finished,2025-10-02 07:18:41 UTC,2026-04-22 08:40:07 UTC,,8943,speed,Qualification,Men,finished,2024-12-16 20:58:53 UTC,/api/v1/category_rounds/8943/results,speed_staggered,IFSC: Qualification,40,,,,,,,12735,A,/api/v1/routes/12735/startlist,
/api/v1/events/1393/result/434,1393,full_results_url,IFSC South America Cup Curitiba 2024,SPEED Men,finished,2025-10-02 07:18:41 UTC,2026-04-22 08:40:07 UTC,,8943,speed,Qualification,Men,finished,2024-12-16 20:58:53 UTC,/api/v1/category_rounds/8943/results,speed_staggered,IFSC: Qualification,40,,,,,,,12736,B,/api/v1/routes/12736/startlist,
/api/v1/events/1393/result/434,1393,full_results_url,IFSC South America Cup Curitiba 2024,SPEED Men,finished,2025-10-02 07:18:41 UTC,2026-04-22 08:40:07 UTC,,9738,speed,Final,Men,finished,2024-12-16 22:20:29 UTC,/api/v1/category_rounds/9738/results,speed_elimination_ifsc_2023,IFSC 2023+: Elimination,42,,,,,,,15285,A,/api/v1/routes/15285/startlist,
/api/v1/events/1393/result/434,1393,full_results_url,IFSC South America Cup Curitiba 2024,SPEED Men,finished,2025-10-02 07:18:41 UTC,2026-04-22 08:40:07 UTC,,9738,speed,Final,Men,finished,2024-12-16 22:20:29 UTC,/api/v1/category_rounds/9738/results,speed_elimination_ifsc_2023,IFSC 2023+: Elimination,42,,,,,,,15286,B,/api/v1/routes/15286/startlist,
/api/v1/events/1393/result/438,1393,full_results_url,IFSC South America Cup Curitiba 2024,SPEED Women,finished,2025-10-02 07:18:41 UTC,2026-04-22 08:40:10 UTC,,8944,speed,Qualification,Women,finished,2024-12-16 21:09:34 UTC,/api/v1/category_rounds/8944/results,speed_staggered,IFSC: Qualification,40,,,,,,,12737,A,/api/v1/routes/12737/startlist,
/api/v1/events/1393/result/438,1393,full_results_url,IFSC South America Cup Curitiba 2024,SPEED Women,finished,2025-10-02 07:18:41 UTC,2026-04-22 08:40:10 UTC,,8944,speed,Qualification,Women,finished,2024-12-16 21:09:34 UTC,/api/v1/category_rounds/8944/results,speed_staggered,IFSC: Qualification,40,,,,,,,12738,B,/api/v1/routes/12738/startlist,
/api/v1/events/1393/result/438,1393,full_results_url,IFSC South America Cup Curitiba 2024,SPEED Women,finished,2025-10-02 07:18:41 UTC,2026-04-22 08:40:10 UTC,,9739,speed,Final,Women,finished,2024-12-16 22:19:42 UTC,/api/v1/category_rounds/9739/results,speed_elimination_ifsc_2023,IFSC 2023+: Elimination,42,,,,,,,15287,A,/api/v1/routes/15287/startlist,
/api/v1/events/1393/result/438,1393,full_results_url,IFSC South America Cup Curitiba 2024,SPEED Women,finished,2025-10-02 07:18:41 UTC,2026-04-22 08:40:10 UTC,,9739,speed,Final,Women,finished,2024-12-16 22:19:42 UTC,/api/v1/category_rounds/9739/results,speed_elimination_ifsc_2023,IFSC 2023+: Elimination,42,,,,,,,15288,B,/api/v1/routes/15288/startlist,
/api/v1/events/1393/result/435,1393,full_results_url,IFSC South America Cup Curitiba 2024,BOULDER Men,finished,2025-10-02 07:18:41 UTC,2026-04-22 08:40:14 UTC,,8945,boulder,Qualification,Men,finished,2024-12-17 16:48:41 UTC,/api/v1/category_rounds/8945/results,boulder_one_group_one_boulder_set,IFSC: 1 group,40,,,,,,,12739,1,/api/v1/routes/12739/startlist,
/api/v1/events/1393/result/435,1393,full_results_url,IFSC South America Cup Curitiba 2024,BOULDER Men,finished,2025-10-02 07:18:41 UTC,2026-04-22 08:40:14 UTC,,8945,boulder,Qualification,Men,finished,2024-12-17 16:48:41 UTC,/api/v1/category_rounds/8945/results,boulder_one_group_one_boulder_set,IFSC: 1 group,40,,,,,,,12740,2,/api/v1/routes/12740/startlist,
/api/v1/events/1393/result/435,1393,full_results_url,IFSC South America Cup Curitiba 2024,BOULDER Men,finished,2025-10-02 07:18:41 UTC,2026-04-22 08:40:14 UTC,,8945,boulder,Qualification,Men,finished,2024-12-17 16:48:41 UTC,/api/v1/category_rounds/8945/results,boulder_one_group_one_boulder_set,IFSC: 1 group,40,,,,,,,12741,3,/api/v1/routes/12741/startlist,
/api/v1/events/1393/result/435,1393,full_results_url,IFSC South America Cup Curitiba 2024,BOULDER Men,finished,2025-10-02 07:18:41 UTC,2026-04-22 08:40:14 UTC,,8945,boulder,Qualification,Men,finished,2024-12-17 16:48:41 UTC,/api/v1/category_rounds/8945/results,boulder_one_group_one_boulder_set,IFSC: 1 group,40,,,,,,,12742,4,/api/v1/routes/12742/startlist,
/api/v1/events/1393/result/435,1393,full_results_url,IFSC South America Cup Curitiba 2024,BOULDER Men,finished,2025-10-02 07:18:41 UTC,2026-04-22 08:40:14 UTC,,8945,boulder,Qualification,Men,finished,2024-12-17 16:48:41 UTC,/api/v1/category_rounds/8945/results,boulder_one_group_one_boulder_set,IFSC: 1 group,40,,,,,,,12743,5,/api/v1/routes/12743/startlist,
/api/v1/events/1393/result/435,1393,full_results_url,IFSC South America Cup Curitiba 2024,BOULDER Men,finished,2025-10-02 07:18:41 UTC,2026-04-22 08:40:14 UTC,,9630,boulder,Semi Final,Men,finished,2024-12-18 15:21:35 UTC,/api/v1/category_rounds/9630/results,boulder_one_group_one_boulder_set,IFSC: 1 group,41,,,,,,,15149,1,/api/v1/routes/15149/startlist,
/api/v1/events/1393/result/435,1393,full_results_url,IFSC South America Cup Curitiba 2024,BOULDER Men,finished,2025-10-02 07:18:41 UTC,2026-04-22 08:40:14 UTC,,9630,boulder,Semi Final,Men,finished,2024-12-18 15:21:35 UTC,/api/v1/category_rounds/9630/results,boulder_one_group_one_boulder_set,IFSC: 1 group,41,,,,,,,15150,2,/api/v1/routes/15150/startlist,
/api/v1/events/1393/result/435,1393,full_results_url,IFSC South America Cup Curitiba 2024,BOULDER Men,finished,2025-10-02 07:18:41 UTC,2026-04-22 08:40:14 UTC,,9630,boulder,Semi Final,Men,finished,2024-12-18 15:21:35 UTC,/api/v1/category_rounds/9630/results,boulder_one_group_one_boulder_set,IFSC: 1 group,41,,,,,,,15151,3,/api/v1/routes/15151/startlist,
/api/v1/events/1393/result/435,1393,full_results_url,IFSC South America Cup Curitiba 2024,BOULDER Men,finished,2025-10-02 07:18:41 UTC,2026-04-22 08:40:14 UTC,,9630,boulder,Semi Final,Men,finished,2024-12-18 15:21:35 UTC,/api/v1/category_rounds/9630/results,boulder_one_group_one_boulder_set,IFSC: 1 group,41,,,,,,,15152,4,/api/v1/routes/15152/startlist,
/api/v1/events/1393/result/435,1393,full_results_url,IFSC South America Cup Curitiba 2024,BOULDER Men,finished,2025-10-02 07:18:41 UTC,2026-04-22 08:40:14 UTC,,9632,boulder,Final,Men,finished,2024-12-18 21:23:51 UTC,/api/v1/category_rounds/9632/results,boulder_one_group_one_boulder_set,IFSC: 1 group,42,,,,,,,15157,1,/api/v1/routes/15157/startlist,
/api/v1/events/1393/result/435,1393,full_results_url,IFSC South America Cup Curitiba 2024,BOULDER Men,finished,2025-10-02 07:18:41 UTC,2026-04-22 08:40:14 UTC,,9632,boulder,Final,Men,finished,2024-12-18 21:23:51 UTC,/api/v1/category_rounds/9632/results,boulder_one_group_one_boulder_set,IFSC: 1 group,42,,,,,,,15158,2,/api/v1/routes/15158/startlist,
/api/v1/events/1393/result/435,1393,full_results_url,IFSC South America Cup Curitiba 2024,BOULDER Men,finished,2025-10-02 07:18:41 UTC,2026-04-22 08:40:14 UTC,,9632,boulder,Final,Men,finished,2024-12-18 21:23:51 UTC,/api/v1/category_rounds/9632/results,boulder_one_group_one_boulder_set,IFSC: 1 group,42,,,,,,,15159,3,/api/v1/routes/15159/startlist,
/api/v1/events/1393/result/435,1393,full_results_url,IFSC South America Cup Curitiba 2024,BOULDER Men,finished,2025-10-02 07:18:41 UTC,2026-04-22 08:40:14 UTC,,9632,boulder,Final,Men,finished,2024-12-18 21:23:51 UTC,/api/v1/category_rounds/9632/results,boulder_one_group_one_boulder_set,IFSC: 1 group,42,,,,,,,15160,4,/api/v1/routes/15160/startlist,
/api/v1/events/1393/result/439,1393,full_results_url,IFSC South America Cup Curitiba 2024,BOULDER Women,finished,2025-10-02 07:18:41 UTC,2026-04-22 08:40:17 UTC,,8946,boulder,Qualification,Women,finished,2024-12-17 23:22:29 UTC,/api/v1/category_rounds/8946/results,boulder_one_group_one_boulder_set,IFSC: 1 group,40,,,,,,,12744,1,/api/v1/routes/12744/startlist,
/api/v1/events/1393/result/439,1393,full_results_url,IFSC South America Cup Curitiba 2024,BOULDER Women,finished,2025-10-02 07:18:41 UTC,2026-04-22 08:40:17 UTC,,8946,boulder,Qualification,Women,finished,2024-12-17 23:22:29 UTC,/api/v1/category_rounds/8946/results,boulder_one_group_one_boulder_set,IFSC: 1 group,40,,,,,,,12745,2,/api/v1/routes/12745/startlist,
/api/v1/events/1393/result/439,1393,full_results_url,IFSC South America Cup Curitiba 2024,BOULDER Women,finished,2025-10-02 07:18:41 UTC,2026-04-22 08:40:17 UTC,,8946,boulder,Qualification,Women,finished,2024-12-17 23:22:29 UTC,/api/v1/category_rounds/8946/results,boulder_one_group_one_boulder_set,IFSC: 1 group,40,,,,,,,12746,3,/api/v1/routes/12746/startlist,
/api/v1/events/1393/result/439,1393,full_results_url,IFSC South America Cup Curitiba 2024,BOULDER Women,finished,2025-10-02 07:18:41 UTC,2026-04-22 08:40:17 UTC,,8946,boulder,Qualification,Women,finished,2024-12-17 23:22:29 UTC,/api/v1/category_rounds/8946/results,boulder_one_group_one_boulder_set,IFSC: 1 group,40,,,,,,,12747,4,/api/v1/routes/12747/startlist,
/api/v1/events/1393/result/439,1393,full_results_url,IFSC South America Cup Curitiba 2024,BOULDER Women,finished,2025-10-02 07:18:41 UTC,2026-04-22 08:40:17 UTC,,8946,boulder,Qualification,Women,finished,2024-12-17 23:22:29 UTC,/api/v1/category_rounds/8946/results,boulder_one_group_one_boulder_set,IFSC: 1 group,40,,,,,,,12748,5,/api/v1/routes/12748/startlist,
/api/v1/events/1393/result/439,1393,full_results_url,IFSC South America Cup Curitiba 2024,BOULDER Women,finished,2025-10-02 07:18:41 UTC,2026-04-22 08:40:17 UTC,,9631,boulder,Semi Final,Women,finished,2024-12-19 15:19:01 UTC,/api/v1/category_rounds/9631/results,boulder_one_group_one_boulder_set,IFSC: 1 group,41,,,,,,,15153,1,/api/v1/routes/15153/startlist,
/api/v1/events/1393/result/439,1393,full_results_url,IFSC South America Cup Curitiba 2024,BOULDER Women,finished,2025-10-02 07:18:41 UTC,2026-04-22 08:40:17 UTC,,9631,boulder,Semi Final,Women,finished,2024-12-19 15:19:01 UTC,/api/v1/category_rounds/9631/results,boulder_one_group_one_boulder_set,IFSC: 1 group,41,,,,,,,15154,2,/api/v1/routes/15154/startlist,
/api/v1/events/1393/result/439,1393,full_results_url,IFSC South America Cup Curitiba 2024,BOULDER Women,finished,2025-10-02 07:18:41 UTC,2026-04-22 08:40:17 UTC,,9631,boulder,Semi Final,Women,finished,2024-12-19 15:19:01 UTC,/api/v1/category_rounds/9631/results,boulder_one_group_one_boulder_set,IFSC: 1 group,41,,,,,,,15155,3,/api/v1/routes/15155/startlist,
/api/v1/events/1393/result/439,1393,full_results_url,IFSC South America Cup Curitiba 2024,BOULDER Women,finished,2025-10-02 07:18:41 UTC,2026-04-22 08:40:17 UTC,,9631,boulder,Semi Final,Women,finished,2024-12-19 15:19:01 UTC,/api/v1/category_rounds/9631/results,boulder_one_group_one_boulder_set,IFSC: 1 group,41,,,,,,,15156,4,/api/v1/routes/15156/startlist,
/api/v1/events/1393/result/439,1393,full_results_url,IFSC South America Cup Curitiba 2024,BOULDER Women,finished,2025-10-02 07:18:41 UTC,2026-04-22 08:40:17 UTC,,9633,boulder,Final,Women,finished,2024-12-19 21:49:44 UTC,/api/v1/category_rounds/9633/results,boulder_one_group_one_boulder_set,IFSC: 1 group,42,,,,,,,15161,1,/api/v1/routes/15161/startlist,
/api/v1/events/1393/result/439,1393,full_results_url,IFSC South America Cup Curitiba 2024,BOULDER Women,finished,2025-10-02 07:18:41 UTC,2026-04-22 08:40:17 UTC,,9633,boulder,Final,Women,finished,2024-12-19 21:49:44 UTC,/api/v1/category_rounds/9633/results,boulder_one_group_one_boulder_set,IFSC: 1 group,42,,,,,,,15162,2,/api/v1/routes/15162/startlist,
/api/v1/events/1393/result/439,1393,full_results_url,IFSC South America Cup Curitiba 2024,BOULDER Women,finished,2025-10-02 07:18:41 UTC,2026-04-22 08:40:17 UTC,,9633,boulder,Final,Women,finished,2024-12-19 21:49:44 UTC,/api/v1/category_rounds/9633/results,boulder_one_group_one_boulder_set,IFSC: 1 group,42,,,,,,,15163,3,/api/v1/routes/15163/startlist,
/api/v1/events/1393/result/439,1393,full_results_url,IFSC South America Cup Curitiba 2024,BOULDER Women,finished,2025-10-02 07:18:41 UTC,2026-04-22 08:40:17 UTC,,9633,boulder,Final,Women,finished,2024-12-19 21:49:44 UTC,/api/v1/category_rounds/9633/results,boulder_one_group_one_boulder_set,IFSC: 1 group,42,,,,,,,15164,4,/api/v1/routes/15164/startlist,
