source_event_url,event_id,source_url_layer,event_name,dcat_name,dcat_status,dcat_status_as_of,dcat_ranking_as_of,cutoff_rank,category_round_id,round_kind,round_name,round_category,round_status,round_status_as_of,round_result_url,format_identifier,format,league_round_id,stage_id,stage_name,stage_kind,stage_status,stage_status_as_of,stage_results_url,route_id,route_name,route_startlist_url,route_results_url
/api/v1/events/1456/result/490,1456,full_results_url,IFSC Oceania Cup Mount Maunganui 2025,SPEED Men,finished,2025-10-02 07:18:42 UTC,2026-04-22 08:18:28 UTC,,9748,speed,Qualification,Men,finished,2025-02-22 01:30:59 UTC,/api/v1/category_rounds/9748/results,speed_qualification_ifsc_2025,IFSC 2025: Qualification,46,,,,,,,15925,A,/api/v1/routes/15925/startlist,
/api/v1/events/1456/result/490,1456,full_results_url,IFSC Oceania Cup Mount Maunganui 2025,SPEED Men,finished,2025-10-02 07:18:42 UTC,2026-04-22 08:18:28 UTC,,9748,speed,Qualification,Men,finished,2025-02-22 01:30:59 UTC,/api/v1/category_rounds/9748/results,speed_qualification_ifsc_2025,IFSC 2025: Qualification,46,,,,,,,15926,B,/api/v1/routes/15926/startlist,
/api/v1/events/1456/result/490,1456,full_results_url,IFSC Oceania Cup Mount Maunganui 2025,SPEED Men,finished,2025-10-02 07:18:42 UTC,2026-04-22 08:18:28 UTC,,9849,speed,Final,Men,finished,2025-02-22 04:26:36 UTC,/api/v1/category_rounds/9849/results,speed_elimination_ifsc_2023,IFSC 2023+: Elimination,48,,,,,,,15929,A,/api/v1/routes/15929/startlist,
/api/v1/events/1456/result/490,1456,full_results_url,IFSC Oceania Cup Mount Maunganui 2025,SPEED Men,finished,2025-10-02 07:18:42 UTC,2026-04-22 08:18:28 UTC,,9849,speed,Final,Men,finished,2025-02-22 04:26:36 UTC,/api/v1/category_rounds/9849/results,speed_elimination_ifsc_2023,IFSC 2023+: Elimination,48,,,,,,,15930,B,/api/v1/routes/15930/startlist,
/api/v1/events/1456/result/510,1456,full_results_url,IFSC Oceania Cup Mount Maunganui 2025,SPEED Women,finished,2025-10-02 07:18:42 UTC,2026-04-22 08:18:31 UTC,,9753,speed,Qualification,Women,finished,2025-02-22 01:28:46 UTC,/api/v1/category_rounds/9753/results,speed_qualification_ifsc_2025,IFSC 2025: Qualification,46,,,,,,,15927,A,/api/v1/routes/15927/startlist,
/api/v1/events/1456/result/510,1456,full_results_url,IFSC Oceania Cup Mount Maunganui 2025,SPEED Women,finished,2025-10-02 07:18:42 UTC,2026-04-22 08:18:31 UTC,,9753,speed,Qualification,Women,finished,2025-02-22 01:28:46 UTC,/api/v1/category_rounds/9753/results,speed_qualification_ifsc_2025,IFSC 2025: Qualification,46,,,,,,,15928,B,/api/v1/routes/15928/startlist,
/api/v1/events/1456/result/510,1456,full_results_url,IFSC Oceania Cup Mount Maunganui 2025,SPEED Women,finished,2025-10-02 07:18:42 UTC,2026-04-22 08:18:31 UTC,,9850,speed,Final,Women,finished,2025-02-22 04:25:40 UTC,/api/v1/category_rounds/9850/results,speed_elimination_ifsc_2023,IFSC 2023+: Elimination,48,,,,,,,15931,A,/api/v1/routes/15931/startlist,
/api/v1/events/1456/result/510,1456,full_results_url,IFSC Oceania Cup Mount Maunganui 2025,SPEED Women,finished,2025-10-02 07:18:42 UTC,2026-04-22 08:18:31 UTC,,9850,speed,Final,Women,finished,2025-02-22 04:25:40 UTC,/api/v1/category_rounds/9850/results,speed_elimination_ifsc_2023,IFSC 2023+: Elimination,48,,,,,,,15932,B,/api/v1/routes/15932/startlist,
/api/v1/events/1424/result/227,1424,full_results_url,IFSC European Cup Munich 2025,BOULDER Men,finished,2025-10-02 07:18:42 UTC,2026-04-22 08:18:35 UTC,,9514,boulder,Qualification,Men,finished,2025-03-07 14:59:08 UTC,/api/v1/category_rounds/9514/results,boulder_one_group_ifsc_2025_two_courses,IFSC: 2 Courses 2025 (points),16,,,,,,,16013,A1,/api/v1/routes/16013/startlist,
/api/v1/events/1424/result/227,1424,full_results_url,IFSC European Cup Munich 2025,BOULDER Men,finished,2025-10-02 07:18:42 UTC,2026-04-22 08:18:35 UTC,,9514,boulder,Qualification,Men,finished,2025-03-07 14:59:08 UTC,/api/v1/category_rounds/9514/results,boulder_one_group_ifsc_2025_two_courses,IFSC: 2 Courses 2025 (points),16,,,,,,,16014,A2,/api/v1/routes/16014/startlist,
/api/v1/events/1424/result/227,1424,full_results_url,IFSC European Cup Munich 2025,BOULDER Men,finished,2025-10-02 07:18:42 UTC,2026-04-22 08:18:35 UTC,,9514,boulder,Qualification,Men,finished,2025-03-07 14:59:08 UTC,/api/v1/category_rounds/9514/results,boulder_one_group_ifsc_2025_two_courses,IFSC: 2 Courses 2025 (points),16,,,,,,,16015,A3,/api/v1/routes/16015/startlist,
/api/v1/events/1424/result/227,1424,full_results_url,IFSC European Cup Munich 2025,BOULDER Men,finished,2025-10-02 07:18:42 UTC,2026-04-22 08:18:35 UTC,,9514,boulder,Qualification,Men,finished,2025-03-07 14:59:08 UTC,/api/v1/category_rounds/9514/results,boulder_one_group_ifsc_2025_two_courses,IFSC: 2 Courses 2025 (points),16,,,,,,,16016,B1,/api/v1/routes/16016/startlist,
/api/v1/events/1424/result/227,1424,full_results_url,IFSC European Cup Munich 2025,BOULDER Men,finished,2025-10-02 07:18:42 UTC,2026-04-22 08:18:35 UTC,,9514,boulder,Qualification,Men,finished,2025-03-07 14:59:08 UTC,/api/v1/category_rounds/9514/results,boulder_one_group_ifsc_2025_two_courses,IFSC: 2 Courses 2025 (points),16,,,,,,,16017,B2,/api/v1/routes/16017/startlist,
/api/v1/events/1424/result/227,1424,full_results_url,IFSC European Cup Munich 2025,BOULDER Men,finished,2025-10-02 07:18:42 UTC,2026-04-22 08:18:35 UTC,,9514,boulder,Qualification,Men,finished,2025-03-07 14:59:08 UTC,/api/v1/category_rounds/9514/results,boulder_one_group_ifsc_2025_two_courses,IFSC: 2 Courses 2025 (points),16,,,,,,,16018,B3,/api/v1/routes/16018/startlist,
/api/v1/events/1424/result/227,1424,full_results_url,IFSC European Cup Munich 2025,BOULDER Men,finished,2025-10-02 07:18:42 UTC,2026-04-22 08:18:35 UTC,,9859,boulder,Semi-Final,Men,finished,2025-03-08 14:41:57 UTC,/api/v1/category_rounds/9859/results,boulder_one_group_ifsc_2025,IFSC: 1 group 2025 (points),17,,,,,,,15977,1,/api/v1/routes/15977/startlist,
/api/v1/events/1424/result/227,1424,full_results_url,IFSC European Cup Munich 2025,BOULDER Men,finished,2025-10-02 07:18:42 UTC,2026-04-22 08:18:35 UTC,,9859,boulder,Semi-Final,Men,finished,2025-03-08 14:41:57 UTC,/api/v1/category_rounds/9859/results,boulder_one_group_ifsc_2025,IFSC: 1 group 2025 (points),17,,,,,,,15978,2,/api/v1/routes/15978/startlist,
/api/v1/events/1424/result/227,1424,full_results_url,IFSC European Cup Munich 2025,BOULDER Men,finished,2025-10-02 07:18:42 UTC,2026-04-22 08:18:35 UTC,,9859,boulder,Semi-Final,Men,finished,2025-03-08 14:41:57 UTC,/api/v1/category_rounds/9859/results,boulder_one_group_ifsc_2025,IFSC: 1 group 2025 (points),17,,,,,,,15979,3,/api/v1/routes/15979/startlist,
/api/v1/events/1424/result/227,1424,full_results_url,IFSC European Cup Munich 2025,BOULDER Men,finished,2025-10-02 07:18:42 UTC,2026-04-22 08:18:35 UTC,,9859,boulder,Semi-Final,Men,finished,2025-03-08 14:41:57 UTC,/api/v1/category_rounds/9859/results,boulder_one_group_ifsc_2025,IFSC: 1 group 2025 (points),17,,,,,,,15980,4,/api/v1/routes/15980/startlist,
/api/v1/events/1424/result/227,1424,full_results_url,IFSC European Cup Munich 2025,BOULDER Men,finished,2025-10-02 07:18:42 UTC,2026-04-22 08:18:35 UTC,,9861,boulder,Final,Men,finished,2025-03-08 19:00:49 UTC,/api/v1/category_rounds/9861/results,boulder_one_group_ifsc_2025,IFSC: 1 group 2025 (points),18,,,,,,,15993,1,/api/v1/routes/15993/startlist,
/api/v1/events/1424/result/227,1424,full_results_url,IFSC European Cup Munich 2025,BOULDER Men,finished,2025-10-02 07:18:42 UTC,2026-04-22 08:18:35 UTC,,9861,boulder,Final,Men,finished,2025-03-08 19:00:49 UTC,/api/v1/category_rounds/9861/results,boulder_one_group_ifsc_2025,IFSC: 1 group 2025 (points),18,,,,,,,15994,2,/api/v1/routes/15994/startlist,
/api/v1/events/1424/result/227,1424,full_results_url,IFSC European Cup Munich 2025,BOULDER Men,finished,2025-10-02 07:18:42 UTC,2026-04-22 08:18:35 UTC,,9861,boulder,Final,Men,finished,2025-03-08 19:00:49 UTC,/api/v1/category_rounds/9861/results,boulder_one_group_ifsc_2025,IFSC: 1 group 2025 (points),18,,,,,,,15995,3,/api/v1/routes/15995/startlist,
/api/v1/events/1424/result/227,1424,full_results_url,IFSC European Cup Munich 2025,BOULDER Men,finished,2025-10-02 07:18:42 UTC,2026-04-22 08:18:35 UTC,,9861,boulder,Final,Men,finished,2025-03-08 19:00:49 UTC,/api/v1/category_rounds/9861/results,boulder_one_group_ifsc_2025,IFSC: 1 group 2025 (points),18,,,,,,,15996,4,/api/v1/routes/15996/startlist,
/api/v1/events/1424/result/231,1424,full_results_url,IFSC European Cup Munich 2025,BOULDER Women,finished,2025-10-02 07:18:42 UTC,2025-03-19 16:10:04 UTC,,9515,boulder,Qualification,Women,finished,2025-03-07 20:51:40 UTC,/api/v1/category_rounds/9515/results,boulder_one_group_ifsc_2025_two_courses,IFSC: 2 Courses 2025 (points),16,,,,,,,16019,A1,/api/v1/routes/16019/startlist,
/api/v1/events/1424/result/231,1424,full_results_url,IFSC European Cup Munich 2025,BOULDER Women,finished,2025-10-02 07:18:42 UTC,2025-03-19 16:10:04 UTC,,9515,boulder,Qualification,Women,finished,2025-03-07 20:51:40 UTC,/api/v1/category_rounds/9515/results,boulder_one_group_ifsc_2025_two_courses,IFSC: 2 Courses 2025 (points),16,,,,,,,16020,A2,/api/v1/routes/16020/startlist,
/api/v1/events/1424/result/231,1424,full_results_url,IFSC European Cup Munich 2025,BOULDER Women,finished,2025-10-02 07:18:42 UTC,2025-03-19 16:10:04 UTC,,9515,boulder,Qualification,Women,finished,2025-03-07 20:51:40 UTC,/api/v1/category_rounds/9515/results,boulder_one_group_ifsc_2025_two_courses,IFSC: 2 Courses 2025 (points),16,,,,,,,16021,A3,/api/v1/routes/16021/startlist,
/api/v1/events/1424/result/231,1424,full_results_url,IFSC European Cup Munich 2025,BOULDER Women,finished,2025-10-02 07:18:42 UTC,2025-03-19 16:10:04 UTC,,9515,boulder,Qualification,Women,finished,2025-03-07 20:51:40 UTC,/api/v1/category_rounds/9515/results,boulder_one_group_ifsc_2025_two_courses,IFSC: 2 Courses 2025 (points),16,,,,,,,16022,B1,/api/v1/routes/16022/startlist,
/api/v1/events/1424/result/231,1424,full_results_url,IFSC European Cup Munich 2025,BOULDER Women,finished,2025-10-02 07:18:42 UTC,2025-03-19 16:10:04 UTC,,9515,boulder,Qualification,Women,finished,2025-03-07 20:51:40 UTC,/api/v1/category_rounds/9515/results,boulder_one_group_ifsc_2025_two_courses,IFSC: 2 Courses 2025 (points),16,,,,,,,16023,B2,/api/v1/routes/16023/startlist,
/api/v1/events/1424/result/231,1424,full_results_url,IFSC European Cup Munich 2025,BOULDER Women,finished,2025-10-02 07:18:42 UTC,2025-03-19 16:10:04 UTC,,9515,boulder,Qualification,Women,finished,2025-03-07 20:51:40 UTC,/api/v1/category_rounds/9515/results,boulder_one_group_ifsc_2025_two_courses,IFSC: 2 Courses 2025 (points),16,,,,,,,16024,B3,/api/v1/routes/16024/startlist,
/api/v1/events/1424/result/231,1424,full_results_url,IFSC European Cup Munich 2025,BOULDER Women,finished,2025-10-02 07:18:42 UTC,2025-03-19 16:10:04 UTC,,9860,boulder,Semi-Final,Women,finished,2025-03-08 14:39:51 UTC,/api/v1/category_rounds/9860/results,boulder_one_group_ifsc_2025,IFSC: 1 group 2025 (points),17,,,,,,,15981,1,/api/v1/routes/15981/startlist,
/api/v1/events/1424/result/231,1424,full_results_url,IFSC European Cup Munich 2025,BOULDER Women,finished,2025-10-02 07:18:42 UTC,2025-03-19 16:10:04 UTC,,9860,boulder,Semi-Final,Women,finished,2025-03-08 14:39:51 UTC,/api/v1/category_rounds/9860/results,boulder_one_group_ifsc_2025,IFSC: 1 group 2025 (points),17,,,,,,,15982,2,/api/v1/routes/15982/startlist,
/api/v1/events/1424/result/231,1424,full_results_url,IFSC European Cup Munich 2025,BOULDER Women,finished,2025-10-02 07:18:42 UTC,2025-03-19 16:10:04 UTC,,9860,boulder,Semi-Final,Women,finished,2025-03-08 14:39:51 UTC,/api/v1/category_rounds/9860/results,boulder_one_group_ifsc_2025,IFSC: 1 group 2025 (points),17,,,,,,,15983,3,/api/v1/routes/15983/startlist,
/api/v1/events/1424/result/231,1424,full_results_url,IFSC European Cup Munich 2025,BOULDER Women,finished,2025-10-02 07:18:42 UTC,2025-03-19 16:10:04 UTC,,9860,boulder,Semi-Final,Women,finished,2025-03-08 14:39:51 UTC,/api/v1/category_rounds/9860/results,boulder_one_group_ifsc_2025,IFSC: 1 group 2025 (points),17,,,,,,,15984,4,/api/v1/routes/15984/startlist,
/api/v1/events/1424/result/231,1424,full_results_url,IFSC European Cup Munich 2025,BOULDER Women,finished,2025-10-02 07:18:42 UTC,2025-03-19 16:10:04 UTC,,9862,boulder,Final,Women,finished,2025-03-08 20:30:28 UTC,/api/v1/category_rounds/9862/results,boulder_one_group_ifsc_2025,IFSC: 1 group 2025 (points),18,,,,,,,15997,1,/api/v1/routes/15997/startlist,
/api/v1/events/1424/result/231,1424,full_results_url,IFSC European Cup Munich 2025,BOULDER Women,finished,2025-10-02 07:18:42 UTC,2025-03-19 16:10:04 UTC,,9862,boulder,Final,Women,finished,2025-03-08 20:30:28 UTC,/api/v1/category_rounds/9862/results,boulder_one_group_ifsc_2025,IFSC: 1 group 2025 (points),18,,,,,,,15998,2,/api/v1/routes/15998/startlist,
/api/v1/events/1424/result/231,1424,full_results_url,IFSC European Cup Munich 2025,BOULDER Women,finished,2025-10-02 07:18:42 UTC,2025-03-19 16:10:04 UTC,,9862,boulder,Final,Women,finished,2025-03-08 20:30:28 UTC,/api/v1/category_rounds/9862/results,boulder_one_group_ifsc_2025,IFSC: 1 group 2025 (points),18,,,,,,,15999,3,/api/v1/routes/15999/startlist,
/api/v1/events/1424/result/231,1424,full_results_url,IFSC European Cup Munich 2025,BOULDER Women,finished,2025-10-02 07:18:42 UTC,2025-03-19 16:10:04 UTC,,9862,boulder,Final,Women,finished,2025-03-08 20:30:28 UTC,/api/v1/category_rounds/9862/results,boulder_one_group_ifsc_2025,IFSC: 1 group 2025 (points),18,,,,,,,16000,4,/api/v1/routes/16000/startlist,
/api/v1/events/1457/result/187,1457,full_results_url,IFSC Asian Cup Hong Kong 2025,BOULDER Men,finished,2025-10-02 07:18:42 UTC,2026-04-22 08:18:43 UTC,,9758,boulder,Qualification,Men,finished,2025-03-08 10:13:25 UTC,/api/v1/category_rounds/9758/results,boulder_one_group_ifsc_2025,IFSC: 1 group 2025 (points),10,,,,,,,16043,1,/api/v1/routes/16043/startlist,
/api/v1/events/1457/result/187,1457,full_results_url,IFSC Asian Cup Hong Kong 2025,BOULDER Men,finished,2025-10-02 07:18:42 UTC,2026-04-22 08:18:43 UTC,,9758,boulder,Qualification,Men,finished,2025-03-08 10:13:25 UTC,/api/v1/category_rounds/9758/results,boulder_one_group_ifsc_2025,IFSC: 1 group 2025 (points),10,,,,,,,16044,2,/api/v1/routes/16044/startlist,
/api/v1/events/1457/result/187,1457,full_results_url,IFSC Asian Cup Hong Kong 2025,BOULDER Men,finished,2025-10-02 07:18:42 UTC,2026-04-22 08:18:43 UTC,,9758,boulder,Qualification,Men,finished,2025-03-08 10:13:25 UTC,/api/v1/category_rounds/9758/results,boulder_one_group_ifsc_2025,IFSC: 1 group 2025 (points),10,,,,,,,16045,3,/api/v1/routes/16045/startlist,
/api/v1/events/1457/result/187,1457,full_results_url,IFSC Asian Cup Hong Kong 2025,BOULDER Men,finished,2025-10-02 07:18:42 UTC,2026-04-22 08:18:43 UTC,,9758,boulder,Qualification,Men,finished,2025-03-08 10:13:25 UTC,/api/v1/category_rounds/9758/results,boulder_one_group_ifsc_2025,IFSC: 1 group 2025 (points),10,,,,,,,16046,4,/api/v1/routes/16046/startlist,
/api/v1/events/1457/result/187,1457,full_results_url,IFSC Asian Cup Hong Kong 2025,BOULDER Men,finished,2025-10-02 07:18:42 UTC,2026-04-22 08:18:43 UTC,,9758,boulder,Qualification,Men,finished,2025-03-08 10:13:25 UTC,/api/v1/category_rounds/9758/results,boulder_one_group_ifsc_2025,IFSC: 1 group 2025 (points),10,,,,,,,16047,5,/api/v1/routes/16047/startlist,
/api/v1/events/1457/result/187,1457,full_results_url,IFSC Asian Cup Hong Kong 2025,BOULDER Men,finished,2025-10-02 07:18:42 UTC,2026-04-22 08:18:43 UTC,,9863,boulder,Final,Men,finished,2025-03-09 07:55:44 UTC,/api/v1/category_rounds/9863/results,boulder_finals_ifsc_2025,IFSC: finals 2025 (points),12,,,,,,,16025,1,/api/v1/routes/16025/startlist,
/api/v1/events/1457/result/187,1457,full_results_url,IFSC Asian Cup Hong Kong 2025,BOULDER Men,finished,2025-10-02 07:18:42 UTC,2026-04-22 08:18:43 UTC,,9863,boulder,Final,Men,finished,2025-03-09 07:55:44 UTC,/api/v1/category_rounds/9863/results,boulder_finals_ifsc_2025,IFSC: finals 2025 (points),12,,,,,,,16026,2,/api/v1/routes/16026/startlist,
/api/v1/events/1457/result/187,1457,full_results_url,IFSC Asian Cup Hong Kong 2025,BOULDER Men,finished,2025-10-02 07:18:42 UTC,2026-04-22 08:18:43 UTC,,9863,boulder,Final,Men,finished,2025-03-09 07:55:44 UTC,/api/v1/category_rounds/9863/results,boulder_finals_ifsc_2025,IFSC: finals 2025 (points),12,,,,,,,16027,3,/api/v1/routes/16027/startlist,
/api/v1/events/1457/result/187,1457,full_results_url,IFSC Asian Cup Hong Kong 2025,BOULDER Men,finished,2025-10-02 07:18:42 UTC,2026-04-22 08:18:43 UTC,,9863,boulder,Final,Men,finished,2025-03-09 07:55:44 UTC,/api/v1/category_rounds/9863/results,boulder_finals_ifsc_2025,IFSC: finals 2025 (points),12,,,,,,,16028,4,/api/v1/routes/16028/startlist,
/api/v1/events/1457/result/191,1457,full_results_url,IFSC Asian Cup Hong Kong 2025,BOULDER Women,finished,2025-10-02 07:18:42 UTC,2026-04-22 08:18:47 UTC,,9759,boulder,Qualification,Women,finished,2025-03-08 04:43:29 UTC,/api/v1/category_rounds/9759/results,boulder_one_group_ifsc_2025,IFSC: 1 group 2025 (points),10,,,,,,,16048,1,/api/v1/routes/16048/startlist,
/api/v1/events/1457/result/191,1457,full_results_url,IFSC Asian Cup Hong Kong 2025,BOULDER Women,finished,2025-10-02 07:18:42 UTC,2026-04-22 08:18:47 UTC,,9759,boulder,Qualification,Women,finished,2025-03-08 04:43:29 UTC,/api/v1/category_rounds/9759/results,boulder_one_group_ifsc_2025,IFSC: 1 group 2025 (points),10,,,,,,,16049,2,/api/v1/routes/16049/startlist,
/api/v1/events/1457/result/191,1457,full_results_url,IFSC Asian Cup Hong Kong 2025,BOULDER Women,finished,2025-10-02 07:18:42 UTC,2026-04-22 08:18:47 UTC,,9759,boulder,Qualification,Women,finished,2025-03-08 04:43:29 UTC,/api/v1/category_rounds/9759/results,boulder_one_group_ifsc_2025,IFSC: 1 group 2025 (points),10,,,,,,,16050,3,/api/v1/routes/16050/startlist,
/api/v1/events/1457/result/191,1457,full_results_url,IFSC Asian Cup Hong Kong 2025,BOULDER Women,finished,2025-10-02 07:18:42 UTC,2026-04-22 08:18:47 UTC,,9759,boulder,Qualification,Women,finished,2025-03-08 04:43:29 UTC,/api/v1/category_rounds/9759/results,boulder_one_group_ifsc_2025,IFSC: 1 group 2025 (points),10,,,,,,,16051,4,/api/v1/routes/16051/startlist,
/api/v1/events/1457/result/191,1457,full_results_url,IFSC Asian Cup Hong Kong 2025,BOULDER Women,finished,2025-10-02 07:18:42 UTC,2026-04-22 08:18:47 UTC,,9759,boulder,Qualification,Women,finished,2025-03-08 04:43:29 UTC,/api/v1/category_rounds/9759/results,boulder_one_group_ifsc_2025,IFSC: 1 group 2025 (points),10,,,,,,,16052,5,/api/v1/routes/16052/startlist,
/api/v1/events/1457/result/191,1457,full_results_url,IFSC Asian Cup Hong Kong 2025,BOULDER Women,finished,2025-10-02 07:18:42 UTC,2026-04-22 08:18:47 UTC,,9864,boulder,Final,Women,finished,2025-03-09 04:13:51 UTC,/api/v1/category_rounds/9864/results,boulder_finals_ifsc_2025,IFSC: finals 2025 (points),12,,,,,,,16029,1,/api/v1/routes/16029/startlist,
/api/v1/events/1457/result/191,1457,full_results_url,IFSC Asian Cup Hong Kong 2025,BOULDER Women,finished,2025-10-02 07:18:42 UTC,2026-04-22 08:18:47 UTC,,9864,boulder,Final,Women,finished,2025-03-09 04:13:51 UTC,/api/v1/category_rounds/9864/results,boulder_finals_ifsc_2025,IFSC: finals 2025 (points),12,,,,,,,16030,2,/api/v1/routes/16030/startlist,
/api/v1/events/1457/result/191,1457,full_results_url,IFSC Asian Cup Hong Kong 2025,BOULDER Women,finished,2025-10-02 07:18:42 UTC,2026-04-22 08:18:47 UTC,,9864,boulder,Final,Women,finished,2025-03-09 04:13:51 UTC,/api/v1/category_rounds/9864/results,boulder_finals_ifsc_2025,IFSC: finals 2025 (points),12,,,,,,,16031,3,/api/v1/routes/16031/startlist,
/api/v1/events/1457/result/191,1457,full_results_url,IFSC Asian Cup Hong Kong 2025,BOULDER Women,finished,2025-10-02 07:18:42 UTC,2026-04-22 08:18:47 UTC,,9864,boulder,Final,Women,finished,2025-03-09 04:13:51 UTC,/api/v1/category_rounds/9864/results,boulder_finals_ifsc_2025,IFSC: finals 2025 (points),12,,,,,,,16032,4,/api/v1/routes/16032/startlist,
/api/v1/events/1425/result/227,1425,full_results_url,IFSC European Cup Rome 2025,BOULDER Men,finished,2025-10-02 07:18:42 UTC,2025-04-06 19:22:38 UTC,,9516,boulder,Qualification,Men,finished,2025-04-05 19:25:11 UTC,/api/v1/category_rounds/9516/results,boulder_one_group_ifsc_2025_two_courses,IFSC: 2 Courses 2025 (points),16,,,,,,,16133,A1,/api/v1/routes/16133/startlist,
/api/v1/events/1425/result/227,1425,full_results_url,IFSC European Cup Rome 2025,BOULDER Men,finished,2025-10-02 07:18:42 UTC,2025-04-06 19:22:38 UTC,,9516,boulder,Qualification,Men,finished,2025-04-05 19:25:11 UTC,/api/v1/category_rounds/9516/results,boulder_one_group_ifsc_2025_two_courses,IFSC: 2 Courses 2025 (points),16,,,,,,,16134,A2,/api/v1/routes/16134/startlist,
/api/v1/events/1425/result/227,1425,full_results_url,IFSC European Cup Rome 2025,BOULDER Men,finished,2025-10-02 07:18:42 UTC,2025-04-06 19:22:38 UTC,,9516,boulder,Qualification,Men,finished,2025-04-05 19:25:11 UTC,/api/v1/category_rounds/9516/results,boulder_one_group_ifsc_2025_two_courses,IFSC: 2 Courses 2025 (points),16,,,,,,,16135,A3,/api/v1/routes/16135/startlist,
/api/v1/events/1425/result/227,1425,full_results_url,IFSC European Cup Rome 2025,BOULDER Men,finished,2025-10-02 07:18:42 UTC,2025-04-06 19:22:38 UTC,,9516,boulder,Qualification,Men,finished,2025-04-05 19:25:11 UTC,/api/v1/category_rounds/9516/results,boulder_one_group_ifsc_2025_two_courses,IFSC: 2 Courses 2025 (points),16,,,,,,,16136,B1,/api/v1/routes/16136/startlist,
/api/v1/events/1425/result/227,1425,full_results_url,IFSC European Cup Rome 2025,BOULDER Men,finished,2025-10-02 07:18:42 UTC,2025-04-06 19:22:38 UTC,,9516,boulder,Qualification,Men,finished,2025-04-05 19:25:11 UTC,/api/v1/category_rounds/9516/results,boulder_one_group_ifsc_2025_two_courses,IFSC: 2 Courses 2025 (points),16,,,,,,,16137,B2,/api/v1/routes/16137/startlist,
/api/v1/events/1425/result/227,1425,full_results_url,IFSC European Cup Rome 2025,BOULDER Men,finished,2025-10-02 07:18:42 UTC,2025-04-06 19:22:38 UTC,,9516,boulder,Qualification,Men,finished,2025-04-05 19:25:11 UTC,/api/v1/category_rounds/9516/results,boulder_one_group_ifsc_2025_two_courses,IFSC: 2 Courses 2025 (points),16,,,,,,,16138,B3,/api/v1/routes/16138/startlist,
/api/v1/events/1425/result/227,1425,full_results_url,IFSC European Cup Rome 2025,BOULDER Men,finished,2025-10-02 07:18:42 UTC,2025-04-06 19:22:38 UTC,,9945,boulder,Semi-Final,Men,finished,2025-04-06 13:08:12 UTC,/api/v1/category_rounds/9945/results,boulder_one_group_ifsc_2025,IFSC: 1 group 2025 (points),17,,,,,,,16145,1,/api/v1/routes/16145/startlist,
/api/v1/events/1425/result/227,1425,full_results_url,IFSC European Cup Rome 2025,BOULDER Men,finished,2025-10-02 07:18:42 UTC,2025-04-06 19:22:38 UTC,,9945,boulder,Semi-Final,Men,finished,2025-04-06 13:08:12 UTC,/api/v1/category_rounds/9945/results,boulder_one_group_ifsc_2025,IFSC: 1 group 2025 (points),17,,,,,,,16146,2,/api/v1/routes/16146/startlist,
/api/v1/events/1425/result/227,1425,full_results_url,IFSC European Cup Rome 2025,BOULDER Men,finished,2025-10-02 07:18:42 UTC,2025-04-06 19:22:38 UTC,,9945,boulder,Semi-Final,Men,finished,2025-04-06 13:08:12 UTC,/api/v1/category_rounds/9945/results,boulder_one_group_ifsc_2025,IFSC: 1 group 2025 (points),17,,,,,,,16147,3,/api/v1/routes/16147/startlist,
/api/v1/events/1425/result/227,1425,full_results_url,IFSC European Cup Rome 2025,BOULDER Men,finished,2025-10-02 07:18:42 UTC,2025-04-06 19:22:38 UTC,,9945,boulder,Semi-Final,Men,finished,2025-04-06 13:08:12 UTC,/api/v1/category_rounds/9945/results,boulder_one_group_ifsc_2025,IFSC: 1 group 2025 (points),17,,,,,,,16148,4,/api/v1/routes/16148/startlist,
/api/v1/events/1425/result/227,1425,full_results_url,IFSC European Cup Rome 2025,BOULDER Men,finished,2025-10-02 07:18:42 UTC,2025-04-06 19:22:38 UTC,,9947,boulder,Final,Men,finished,2025-04-06 19:15:44 UTC,/api/v1/category_rounds/9947/results,boulder_finals_ifsc_2025,IFSC: finals 2025 (points),18,,,,,,,16153,1,/api/v1/routes/16153/startlist,
/api/v1/events/1425/result/227,1425,full_results_url,IFSC European Cup Rome 2025,BOULDER Men,finished,2025-10-02 07:18:42 UTC,2025-04-06 19:22:38 UTC,,9947,boulder,Final,Men,finished,2025-04-06 19:15:44 UTC,/api/v1/category_rounds/9947/results,boulder_finals_ifsc_2025,IFSC: finals 2025 (points),18,,,,,,,16154,2,/api/v1/routes/16154/startlist,
/api/v1/events/1425/result/227,1425,full_results_url,IFSC European Cup Rome 2025,BOULDER Men,finished,2025-10-02 07:18:42 UTC,2025-04-06 19:22:38 UTC,,9947,boulder,Final,Men,finished,2025-04-06 19:15:44 UTC,/api/v1/category_rounds/9947/results,boulder_finals_ifsc_2025,IFSC: finals 2025 (points),18,,,,,,,16155,3,/api/v1/routes/16155/startlist,
/api/v1/events/1425/result/227,1425,full_results_url,IFSC European Cup Rome 2025,BOULDER Men,finished,2025-10-02 07:18:42 UTC,2025-04-06 19:22:38 UTC,,9947,boulder,Final,Men,finished,2025-04-06 19:15:44 UTC,/api/v1/category_rounds/9947/results,boulder_finals_ifsc_2025,IFSC: finals 2025 (points),18,,,,,,,16156,4,/api/v1/routes/16156/startlist,
/api/v1/events/1425/result/231,1425,full_results_url,IFSC European Cup Rome 2025,BOULDER Women,finished,2025-10-02 07:18:42 UTC,2025-04-11 14:13:24 UTC,,9517,boulder,Qualification,Women,finished,2025-04-05 11:02:12 UTC,/api/v1/category_rounds/9517/results,boulder_one_group_ifsc_2025_two_courses,IFSC: 2 Courses 2025 (points),16,,,,,,,16139,A1,/api/v1/routes/16139/startlist,
/api/v1/events/1425/result/231,1425,full_results_url,IFSC European Cup Rome 2025,BOULDER Women,finished,2025-10-02 07:18:42 UTC,2025-04-11 14:13:24 UTC,,9517,boulder,Qualification,Women,finished,2025-04-05 11:02:12 UTC,/api/v1/category_rounds/9517/results,boulder_one_group_ifsc_2025_two_courses,IFSC: 2 Courses 2025 (points),16,,,,,,,16140,A2,/api/v1/routes/16140/startlist,
/api/v1/events/1425/result/231,1425,full_results_url,IFSC European Cup Rome 2025,BOULDER Women,finished,2025-10-02 07:18:42 UTC,2025-04-11 14:13:24 UTC,,9517,boulder,Qualification,Women,finished,2025-04-05 11:02:12 UTC,/api/v1/category_rounds/9517/results,boulder_one_group_ifsc_2025_two_courses,IFSC: 2 Courses 2025 (points),16,,,,,,,16141,A3,/api/v1/routes/16141/startlist,
/api/v1/events/1425/result/231,1425,full_results_url,IFSC European Cup Rome 2025,BOULDER Women,finished,2025-10-02 07:18:42 UTC,2025-04-11 14:13:24 UTC,,9517,boulder,Qualification,Women,finished,2025-04-05 11:02:12 UTC,/api/v1/category_rounds/9517/results,boulder_one_group_ifsc_2025_two_courses,IFSC: 2 Courses 2025 (points),16,,,,,,,16142,B1,/api/v1/routes/16142/startlist,
/api/v1/events/1425/result/231,1425,full_results_url,IFSC European Cup Rome 2025,BOULDER Women,finished,2025-10-02 07:18:42 UTC,2025-04-11 14:13:24 UTC,,9517,boulder,Qualification,Women,finished,2025-04-05 11:02:12 UTC,/api/v1/category_rounds/9517/results,boulder_one_group_ifsc_2025_two_courses,IFSC: 2 Courses 2025 (points),16,,,,,,,16143,B2,/api/v1/routes/16143/startlist,
/api/v1/events/1425/result/231,1425,full_results_url,IFSC European Cup Rome 2025,BOULDER Women,finished,2025-10-02 07:18:42 UTC,2025-04-11 14:13:24 UTC,,9517,boulder,Qualification,Women,finished,2025-04-05 11:02:12 UTC,/api/v1/category_rounds/9517/results,boulder_one_group_ifsc_2025_two_courses,IFSC: 2 Courses 2025 (points),16,,,,,,,16144,B3,/api/v1/routes/16144/startlist,
/api/v1/events/1425/result/231,1425,full_results_url,IFSC European Cup Rome 2025,BOULDER Women,finished,2025-10-02 07:18:42 UTC,2025-04-11 14:13:24 UTC,,9946,boulder,Semi-Final,Women,finished,2025-04-06 09:08:36 UTC,/api/v1/category_rounds/9946/results,boulder_one_group_ifsc_2025,IFSC: 1 group 2025 (points),17,,,,,,,16149,1,/api/v1/routes/16149/startlist,
/api/v1/events/1425/result/231,1425,full_results_url,IFSC European Cup Rome 2025,BOULDER Women,finished,2025-10-02 07:18:42 UTC,2025-04-11 14:13:24 UTC,,9946,boulder,Semi-Final,Women,finished,2025-04-06 09:08:36 UTC,/api/v1/category_rounds/9946/results,boulder_one_group_ifsc_2025,IFSC: 1 group 2025 (points),17,,,,,,,16150,2,/api/v1/routes/16150/startlist,
/api/v1/events/1425/result/231,1425,full_results_url,IFSC European Cup Rome 2025,BOULDER Women,finished,2025-10-02 07:18:42 UTC,2025-04-11 14:13:24 UTC,,9946,boulder,Semi-Final,Women,finished,2025-04-06 09:08:36 UTC,/api/v1/category_rounds/9946/results,boulder_one_group_ifsc_2025,IFSC: 1 group 2025 (points),17,,,,,,,16151,3,/api/v1/routes/16151/startlist,
/api/v1/events/1425/result/231,1425,full_results_url,IFSC European Cup Rome 2025,BOULDER Women,finished,2025-10-02 07:18:42 UTC,2025-04-11 14:13:24 UTC,,9946,boulder,Semi-Final,Women,finished,2025-04-06 09:08:36 UTC,/api/v1/category_rounds/9946/results,boulder_one_group_ifsc_2025,IFSC: 1 group 2025 (points),17,,,,,,,16152,4,/api/v1/routes/16152/startlist,
/api/v1/events/1425/result/231,1425,full_results_url,IFSC European Cup Rome 2025,BOULDER Women,finished,2025-10-02 07:18:42 UTC,2025-04-11 14:13:24 UTC,,9948,boulder,Final,Women,finished,2025-04-06 16:44:53 UTC,/api/v1/category_rounds/9948/results,boulder_finals_ifsc_2025,IFSC: finals 2025 (points),18,,,,,,,16157,1,/api/v1/routes/16157/startlist,
/api/v1/events/1425/result/231,1425,full_results_url,IFSC European Cup Rome 2025,BOULDER Women,finished,2025-10-02 07:18:42 UTC,2025-04-11 14:13:24 UTC,,9948,boulder,Final,Women,finished,2025-04-06 16:44:53 UTC,/api/v1/category_rounds/9948/results,boulder_finals_ifsc_2025,IFSC: finals 2025 (points),18,,,,,,,16158,2,/api/v1/routes/16158/startlist,
/api/v1/events/1425/result/231,1425,full_results_url,IFSC European Cup Rome 2025,BOULDER Women,finished,2025-10-02 07:18:42 UTC,2025-04-11 14:13:24 UTC,,9948,boulder,Final,Women,finished,2025-04-06 16:44:53 UTC,/api/v1/category_rounds/9948/results,boulder_finals_ifsc_2025,IFSC: finals 2025 (points),18,,,,,,,16159,3,/api/v1/routes/16159/startlist,
/api/v1/events/1425/result/231,1425,full_results_url,IFSC European Cup Rome 2025,BOULDER Women,finished,2025-10-02 07:18:42 UTC,2025-04-11 14:13:24 UTC,,9948,boulder,Final,Women,finished,2025-04-06 16:44:53 UTC,/api/v1/category_rounds/9948/results,boulder_finals_ifsc_2025,IFSC: finals 2025 (points),18,,,,,,,16160,4,/api/v1/routes/16160/startlist,
/api/v1/events/1405/result/3,1405,full_results_url,IFSC World Cup Keqiao 2025,BOULDER Men,finished,2025-10-02 07:18:42 UTC,2026-04-22 08:18:59 UTC,,9953,boulder,Semi-final,Men,finished,2025-04-20 06:36:53 UTC,/api/v1/category_rounds/9953/results,boulder_one_group_ifsc_2025,IFSC: 1 group 2025 (points),2,,,,,,,16185,1,/api/v1/routes/16185/startlist,
/api/v1/events/1405/result/3,1405,full_results_url,IFSC World Cup Keqiao 2025,BOULDER Men,finished,2025-10-02 07:18:42 UTC,2026-04-22 08:18:59 UTC,,9953,boulder,Semi-final,Men,finished,2025-04-20 06:36:53 UTC,/api/v1/category_rounds/9953/results,boulder_one_group_ifsc_2025,IFSC: 1 group 2025 (points),2,,,,,,,16186,2,/api/v1/routes/16186/startlist,
/api/v1/events/1405/result/3,1405,full_results_url,IFSC World Cup Keqiao 2025,BOULDER Men,finished,2025-10-02 07:18:42 UTC,2026-04-22 08:18:59 UTC,,9953,boulder,Semi-final,Men,finished,2025-04-20 06:36:53 UTC,/api/v1/category_rounds/9953/results,boulder_one_group_ifsc_2025,IFSC: 1 group 2025 (points),2,,,,,,,16187,3,/api/v1/routes/16187/startlist,
/api/v1/events/1405/result/3,1405,full_results_url,IFSC World Cup Keqiao 2025,BOULDER Men,finished,2025-10-02 07:18:42 UTC,2026-04-22 08:18:59 UTC,,9953,boulder,Semi-final,Men,finished,2025-04-20 06:36:53 UTC,/api/v1/category_rounds/9953/results,boulder_one_group_ifsc_2025,IFSC: 1 group 2025 (points),2,,,,,,,16188,4,/api/v1/routes/16188/startlist,
/api/v1/events/1405/result/3,1405,full_results_url,IFSC World Cup Keqiao 2025,BOULDER Men,finished,2025-10-02 07:18:42 UTC,2026-04-22 08:18:59 UTC,,9955,boulder,Final,Men,finished,2025-04-20 12:36:23 UTC,/api/v1/category_rounds/9955/results,boulder_finals_ifsc_2025,IFSC: finals 2025 (points),3,,,,,,,16193,1,/api/v1/routes/16193/startlist,
/api/v1/events/1405/result/3,1405,full_results_url,IFSC World Cup Keqiao 2025,BOULDER Men,finished,2025-10-02 07:18:42 UTC,2026-04-22 08:18:59 UTC,,9955,boulder,Final,Men,finished,2025-04-20 12:36:23 UTC,/api/v1/category_rounds/9955/results,boulder_finals_ifsc_2025,IFSC: finals 2025 (points),3,,,,,,,16194,2,/api/v1/routes/16194/startlist,
/api/v1/events/1405/result/3,1405,full_results_url,IFSC World Cup Keqiao 2025,BOULDER Men,finished,2025-10-02 07:18:42 UTC,2026-04-22 08:18:59 UTC,,9955,boulder,Final,Men,finished,2025-04-20 12:36:23 UTC,/api/v1/category_rounds/9955/results,boulder_finals_ifsc_2025,IFSC: finals 2025 (points),3,,,,,,,16195,3,/api/v1/routes/16195/startlist,
/api/v1/events/1405/result/3,1405,full_results_url,IFSC World Cup Keqiao 2025,BOULDER Men,finished,2025-10-02 07:18:42 UTC,2026-04-22 08:18:59 UTC,,9955,boulder,Final,Men,finished,2025-04-20 12:36:23 UTC,/api/v1/category_rounds/9955/results,boulder_finals_ifsc_2025,IFSC: finals 2025 (points),3,,,,,,,16196,4,/api/v1/routes/16196/startlist,
/api/v1/events/1405/result/7,1405,full_results_url,IFSC World Cup Keqiao 2025,BOULDER Women,finished,2025-10-02 07:18:42 UTC,2026-04-22 08:19:03 UTC,,9954,boulder,Semi-final,Women,finished,2025-04-19 06:41:49 UTC,/api/v1/category_rounds/9954/results,boulder_one_group_ifsc_2025,IFSC: 1 group 2025 (points),2,,,,,,,16189,1,/api/v1/routes/16189/startlist,
/api/v1/events/1405/result/7,1405,full_results_url,IFSC World Cup Keqiao 2025,BOULDER Women,finished,2025-10-02 07:18:42 UTC,2026-04-22 08:19:03 UTC,,9954,boulder,Semi-final,Women,finished,2025-04-19 06:41:49 UTC,/api/v1/category_rounds/9954/results,boulder_one_group_ifsc_2025,IFSC: 1 group 2025 (points),2,,,,,,,16190,2,/api/v1/routes/16190/startlist,
/api/v1/events/1405/result/7,1405,full_results_url,IFSC World Cup Keqiao 2025,BOULDER Women,finished,2025-10-02 07:18:42 UTC,2026-04-22 08:19:03 UTC,,9954,boulder,Semi-final,Women,finished,2025-04-19 06:41:49 UTC,/api/v1/category_rounds/9954/results,boulder_one_group_ifsc_2025,IFSC: 1 group 2025 (points),2,,,,,,,16191,3,/api/v1/routes/16191/startlist,
/api/v1/events/1405/result/7,1405,full_results_url,IFSC World Cup Keqiao 2025,BOULDER Women,finished,2025-10-02 07:18:42 UTC,2026-04-22 08:19:03 UTC,,9954,boulder,Semi-final,Women,finished,2025-04-19 06:41:49 UTC,/api/v1/category_rounds/9954/results,boulder_one_group_ifsc_2025,IFSC: 1 group 2025 (points),2,,,,,,,16192,4,/api/v1/routes/16192/startlist,
/api/v1/events/1405/result/7,1405,full_results_url,IFSC World Cup Keqiao 2025,BOULDER Women,finished,2025-10-02 07:18:42 UTC,2026-04-22 08:19:03 UTC,,9956,boulder,Final,Women,finished,2025-04-19 12:48:45 UTC,/api/v1/category_rounds/9956/results,boulder_finals_ifsc_2025,IFSC: finals 2025 (points),3,,,,,,,16197,1,/api/v1/routes/16197/startlist,
/api/v1/events/1405/result/7,1405,full_results_url,IFSC World Cup Keqiao 2025,BOULDER Women,finished,2025-10-02 07:18:42 UTC,2026-04-22 08:19:03 UTC,,9956,boulder,Final,Women,finished,2025-04-19 12:48:45 UTC,/api/v1/category_rounds/9956/results,boulder_finals_ifsc_2025,IFSC: finals 2025 (points),3,,,,,,,16198,2,/api/v1/routes/16198/startlist,
/api/v1/events/1405/result/7,1405,full_results_url,IFSC World Cup Keqiao 2025,BOULDER Women,finished,2025-10-02 07:18:42 UTC,2026-04-22 08:19:03 UTC,,9956,boulder,Final,Women,finished,2025-04-19 12:48:45 UTC,/api/v1/category_rounds/9956/results,boulder_finals_ifsc_2025,IFSC: finals 2025 (points),3,,,,,,,16199,3,/api/v1/routes/16199/startlist,
/api/v1/events/1405/result/7,1405,full_results_url,IFSC World Cup Keqiao 2025,BOULDER Women,finished,2025-10-02 07:18:42 UTC,2026-04-22 08:19:03 UTC,,9956,boulder,Final,Women,finished,2025-04-19 12:48:45 UTC,/api/v1/category_rounds/9956/results,boulder_finals_ifsc_2025,IFSC: finals 2025 (points),3,,,,,,,16200,4,/api/v1/routes/16200/startlist,
/api/v1/events/1406/result/1,1406,full_results_url,IFSC World Cup Wujiang 2025,LEAD Men,finished,2025-10-02 07:18:42 UTC,2026-04-22 08:19:07 UTC,,9383,lead,Qualification,Men,finished,2025-04-25 07:00:10 UTC,/api/v1/category_rounds/9383/results,lead_one_group_two_routes,IFSC: 2 routes,1,,,,,,,14220,1,/api/v1/routes/14220/startlist,/api/v1/routes/14220/results
/api/v1/events/1406/result/1,1406,full_results_url,IFSC World Cup Wujiang 2025,LEAD Men,finished,2025-10-02 07:18:42 UTC,2026-04-22 08:19:07 UTC,,9383,lead,Qualification,Men,finished,2025-04-25 07:00:10 UTC,/api/v1/category_rounds/9383/results,lead_one_group_two_routes,IFSC: 2 routes,1,,,,,,,14221,2,/api/v1/routes/14221/startlist,/api/v1/routes/14221/results
/api/v1/events/1406/result/1,1406,full_results_url,IFSC World Cup Wujiang 2025,LEAD Men,finished,2025-10-02 07:18:42 UTC,2026-04-22 08:19:07 UTC,,9957,lead,Semi-final,Men,finished,2025-04-26 09:52:44 UTC,/api/v1/category_rounds/9957/results,lead_one_group_one_route,IFSC: 1 route,2,,,,,,,16201,1,/api/v1/routes/16201/startlist,/api/v1/routes/16201/results
/api/v1/events/1406/result/1,1406,full_results_url,IFSC World Cup Wujiang 2025,LEAD Men,finished,2025-10-02 07:18:42 UTC,2026-04-22 08:19:07 UTC,,9959,lead,Final,Men,finished,2025-04-27 13:11:55 UTC,/api/v1/category_rounds/9959/results,lead_one_group_one_route,IFSC: 1 route,3,,,,,,,16203,1,/api/v1/routes/16203/startlist,/api/v1/routes/16203/results
/api/v1/events/1406/result/5,1406,full_results_url,IFSC World Cup Wujiang 2025,LEAD Women,finished,2025-10-02 07:18:42 UTC,2026-04-22 08:19:11 UTC,,9384,lead,Qualification,Women,finished,2025-04-25 07:24:20 UTC,/api/v1/category_rounds/9384/results,lead_one_group_two_routes,IFSC: 2 routes,1,,,,,,,14222,1,/api/v1/routes/14222/startlist,/api/v1/routes/14222/results
/api/v1/events/1406/result/5,1406,full_results_url,IFSC World Cup Wujiang 2025,LEAD Women,finished,2025-10-02 07:18:42 UTC,2026-04-22 08:19:11 UTC,,9384,lead,Qualification,Women,finished,2025-04-25 07:24:20 UTC,/api/v1/category_rounds/9384/results,lead_one_group_two_routes,IFSC: 2 routes,1,,,,,,,14223,2,/api/v1/routes/14223/startlist,/api/v1/routes/14223/results
/api/v1/events/1406/result/5,1406,full_results_url,IFSC World Cup Wujiang 2025,LEAD Women,finished,2025-10-02 07:18:42 UTC,2026-04-22 08:19:11 UTC,,9958,lead,Semi-final,Women,finished,2025-04-26 09:50:30 UTC,/api/v1/category_rounds/9958/results,lead_one_group_one_route,IFSC: 1 route,2,,,,,,,16202,1,/api/v1/routes/16202/startlist,/api/v1/routes/16202/results
/api/v1/events/1406/result/5,1406,full_results_url,IFSC World Cup Wujiang 2025,LEAD Women,finished,2025-10-02 07:18:42 UTC,2026-04-22 08:19:11 UTC,,9960,lead,Final,Women,finished,2025-04-27 11:57:38 UTC,/api/v1/category_rounds/9960/results,lead_one_group_one_route,IFSC: 1 route,3,,,,,,,16204,1,/api/v1/routes/16204/startlist,/api/v1/routes/16204/results
/api/v1/events/1406/result/2,1406,full_results_url,IFSC World Cup Wujiang 2025,SPEED Men,finished,2025-10-02 07:18:42 UTC,2026-04-22 08:19:14 UTC,,9385,speed,Qualification,Men,finished,2025-04-25 12:55:09 UTC,/api/v1/category_rounds/9385/results,speed_qualification_ifsc_2025,IFSC 2025: Qualification,1,,,,,,,16209,A,/api/v1/routes/16209/startlist,
/api/v1/events/1406/result/2,1406,full_results_url,IFSC World Cup Wujiang 2025,SPEED Men,finished,2025-10-02 07:18:42 UTC,2026-04-22 08:19:14 UTC,,9385,speed,Qualification,Men,finished,2025-04-25 12:55:09 UTC,/api/v1/category_rounds/9385/results,speed_qualification_ifsc_2025,IFSC 2025: Qualification,1,,,,,,,16210,B,/api/v1/routes/16210/startlist,
/api/v1/events/1406/result/2,1406,full_results_url,IFSC World Cup Wujiang 2025,SPEED Men,finished,2025-10-02 07:18:42 UTC,2026-04-22 08:19:14 UTC,,9961,speed,Final,Men,finished,2025-04-26 12:35:35 UTC,/api/v1/category_rounds/9961/results,speed_elimination_ifsc_2023,IFSC 2023+: Elimination,3,,,,,,,16205,A,/api/v1/routes/16205/startlist,
/api/v1/events/1406/result/2,1406,full_results_url,IFSC World Cup Wujiang 2025,SPEED Men,finished,2025-10-02 07:18:42 UTC,2026-04-22 08:19:14 UTC,,9961,speed,Final,Men,finished,2025-04-26 12:35:35 UTC,/api/v1/category_rounds/9961/results,speed_elimination_ifsc_2023,IFSC 2023+: Elimination,3,,,,,,,16206,B,/api/v1/routes/16206/startlist,
/api/v1/events/1406/result/6,1406,full_results_url,IFSC World Cup Wujiang 2025,SPEED Women,finished,2025-10-02 07:18:42 UTC,2026-04-22 08:19:18 UTC,,9386,speed,Qualification,Women,finished,2025-04-25 11:44:09 UTC,/api/v1/category_rounds/9386/results,speed_qualification_ifsc_2025,IFSC 2025: Qualification,1,,,,,,,16211,A,/api/v1/routes/16211/startlist,
/api/v1/events/1406/result/6,1406,full_results_url,IFSC World Cup Wujiang 2025,SPEED Women,finished,2025-10-02 07:18:42 UTC,2026-04-22 08:19:18 UTC,,9386,speed,Qualification,Women,finished,2025-04-25 11:44:09 UTC,/api/v1/category_rounds/9386/results,speed_qualification_ifsc_2025,IFSC 2025: Qualification,1,,,,,,,16212,B,/api/v1/routes/16212/startlist,
/api/v1/events/1406/result/6,1406,full_results_url,IFSC World Cup Wujiang 2025,SPEED Women,finished,2025-10-02 07:18:42 UTC,2026-04-22 08:19:18 UTC,,9962,speed,Final,Women,finished,2025-04-26 12:34:00 UTC,/api/v1/category_rounds/9962/results,speed_elimination_ifsc_2023,IFSC 2023+: Elimination,3,,,,,,,16207,A,/api/v1/routes/16207/startlist,
/api/v1/events/1406/result/6,1406,full_results_url,IFSC World Cup Wujiang 2025,SPEED Women,finished,2025-10-02 07:18:42 UTC,2026-04-22 08:19:18 UTC,,9962,speed,Final,Women,finished,2025-04-26 12:34:00 UTC,/api/v1/category_rounds/9962/results,speed_elimination_ifsc_2023,IFSC 2023+: Elimination,3,,,,,,,16208,B,/api/v1/routes/16208/startlist,
/api/v1/events/1438/result/825,1438,full_results_url,IFSC Youth European Cup Soure 2025,BOULDER U19 Men,finished,2025-10-02 07:18:42 UTC,2026-04-22 08:19:21 UTC,,9764,boulder,Qualification,U19 Men,finished,2025-04-26 19:04:41 UTC,/api/v1/category_rounds/9764/results,boulder_one_group_ifsc_2025_two_courses,IFSC: 2 Courses 2025 (points),19,,,,,,,16213,A1,/api/v1/routes/16213/startlist,
/api/v1/events/1438/result/825,1438,full_results_url,IFSC Youth European Cup Soure 2025,BOULDER U19 Men,finished,2025-10-02 07:18:42 UTC,2026-04-22 08:19:21 UTC,,9764,boulder,Qualification,U19 Men,finished,2025-04-26 19:04:41 UTC,/api/v1/category_rounds/9764/results,boulder_one_group_ifsc_2025_two_courses,IFSC: 2 Courses 2025 (points),19,,,,,,,16214,A2,/api/v1/routes/16214/startlist,
/api/v1/events/1438/result/825,1438,full_results_url,IFSC Youth European Cup Soure 2025,BOULDER U19 Men,finished,2025-10-02 07:18:42 UTC,2026-04-22 08:19:21 UTC,,9764,boulder,Qualification,U19 Men,finished,2025-04-26 19:04:41 UTC,/api/v1/category_rounds/9764/results,boulder_one_group_ifsc_2025_two_courses,IFSC: 2 Courses 2025 (points),19,,,,,,,16215,A3,/api/v1/routes/16215/startlist,
/api/v1/events/1438/result/825,1438,full_results_url,IFSC Youth European Cup Soure 2025,BOULDER U19 Men,finished,2025-10-02 07:18:42 UTC,2026-04-22 08:19:21 UTC,,9764,boulder,Qualification,U19 Men,finished,2025-04-26 19:04:41 UTC,/api/v1/category_rounds/9764/results,boulder_one_group_ifsc_2025_two_courses,IFSC: 2 Courses 2025 (points),19,,,,,,,16216,B1,/api/v1/routes/16216/startlist,
/api/v1/events/1438/result/825,1438,full_results_url,IFSC Youth European Cup Soure 2025,BOULDER U19 Men,finished,2025-10-02 07:18:42 UTC,2026-04-22 08:19:21 UTC,,9764,boulder,Qualification,U19 Men,finished,2025-04-26 19:04:41 UTC,/api/v1/category_rounds/9764/results,boulder_one_group_ifsc_2025_two_courses,IFSC: 2 Courses 2025 (points),19,,,,,,,16217,B2,/api/v1/routes/16217/startlist,
/api/v1/events/1438/result/825,1438,full_results_url,IFSC Youth European Cup Soure 2025,BOULDER U19 Men,finished,2025-10-02 07:18:42 UTC,2026-04-22 08:19:21 UTC,,9764,boulder,Qualification,U19 Men,finished,2025-04-26 19:04:41 UTC,/api/v1/category_rounds/9764/results,boulder_one_group_ifsc_2025_two_courses,IFSC: 2 Courses 2025 (points),19,,,,,,,16218,B3,/api/v1/routes/16218/startlist,
/api/v1/events/1438/result/825,1438,full_results_url,IFSC Youth European Cup Soure 2025,BOULDER U19 Men,finished,2025-10-02 07:18:42 UTC,2026-04-22 08:19:21 UTC,,9963,boulder,Final,U19 Men,finished,2025-04-27 13:34:50 UTC,/api/v1/category_rounds/9963/results,boulder_one_group_ifsc_2025,IFSC: 1 group 2025 (points),21,,,,,,,16257,1,/api/v1/routes/16257/startlist,
/api/v1/events/1438/result/825,1438,full_results_url,IFSC Youth European Cup Soure 2025,BOULDER U19 Men,finished,2025-10-02 07:18:42 UTC,2026-04-22 08:19:21 UTC,,9963,boulder,Final,U19 Men,finished,2025-04-27 13:34:50 UTC,/api/v1/category_rounds/9963/results,boulder_one_group_ifsc_2025,IFSC: 1 group 2025 (points),21,,,,,,,16258,2,/api/v1/routes/16258/startlist,
/api/v1/events/1438/result/825,1438,full_results_url,IFSC Youth European Cup Soure 2025,BOULDER U19 Men,finished,2025-10-02 07:18:42 UTC,2026-04-22 08:19:21 UTC,,9963,boulder,Final,U19 Men,finished,2025-04-27 13:34:50 UTC,/api/v1/category_rounds/9963/results,boulder_one_group_ifsc_2025,IFSC: 1 group 2025 (points),21,,,,,,,16259,3,/api/v1/routes/16259/startlist,
/api/v1/events/1438/result/825,1438,full_results_url,IFSC Youth European Cup Soure 2025,BOULDER U19 Men,finished,2025-10-02 07:18:42 UTC,2026-04-22 08:19:21 UTC,,9963,boulder,Final,U19 Men,finished,2025-04-27 13:34:50 UTC,/api/v1/category_rounds/9963/results,boulder_one_group_ifsc_2025,IFSC: 1 group 2025 (points),21,,,,,,,16260,4,/api/v1/routes/16260/startlist,
/api/v1/events/1438/result/830,1438,full_results_url,IFSC Youth European Cup Soure 2025,BOULDER U19 Women,finished,2025-10-02 07:18:42 UTC,2026-04-22 08:19:25 UTC,,9765,boulder,Qualification,U19 Women,finished,2025-04-26 19:00:06 UTC,/api/v1/category_rounds/9765/results,boulder_one_group_ifsc_2025_two_courses,IFSC: 2 Courses 2025 (points),19,,,,,,,16219,A1,/api/v1/routes/16219/startlist,
/api/v1/events/1438/result/830,1438,full_results_url,IFSC Youth European Cup Soure 2025,BOULDER U19 Women,finished,2025-10-02 07:18:42 UTC,2026-04-22 08:19:25 UTC,,9765,boulder,Qualification,U19 Women,finished,2025-04-26 19:00:06 UTC,/api/v1/category_rounds/9765/results,boulder_one_group_ifsc_2025_two_courses,IFSC: 2 Courses 2025 (points),19,,,,,,,16220,A2,/api/v1/routes/16220/startlist,
/api/v1/events/1438/result/830,1438,full_results_url,IFSC Youth European Cup Soure 2025,BOULDER U19 Women,finished,2025-10-02 07:18:42 UTC,2026-04-22 08:19:25 UTC,,9765,boulder,Qualification,U19 Women,finished,2025-04-26 19:00:06 UTC,/api/v1/category_rounds/9765/results,boulder_one_group_ifsc_2025_two_courses,IFSC: 2 Courses 2025 (points),19,,,,,,,16221,A3,/api/v1/routes/16221/startlist,
/api/v1/events/1438/result/830,1438,full_results_url,IFSC Youth European Cup Soure 2025,BOULDER U19 Women,finished,2025-10-02 07:18:42 UTC,2026-04-22 08:19:25 UTC,,9765,boulder,Qualification,U19 Women,finished,2025-04-26 19:00:06 UTC,/api/v1/category_rounds/9765/results,boulder_one_group_ifsc_2025_two_courses,IFSC: 2 Courses 2025 (points),19,,,,,,,16222,B1,/api/v1/routes/16222/startlist,
/api/v1/events/1438/result/830,1438,full_results_url,IFSC Youth European Cup Soure 2025,BOULDER U19 Women,finished,2025-10-02 07:18:42 UTC,2026-04-22 08:19:25 UTC,,9765,boulder,Qualification,U19 Women,finished,2025-04-26 19:00:06 UTC,/api/v1/category_rounds/9765/results,boulder_one_group_ifsc_2025_two_courses,IFSC: 2 Courses 2025 (points),19,,,,,,,16223,B2,/api/v1/routes/16223/startlist,
/api/v1/events/1438/result/830,1438,full_results_url,IFSC Youth European Cup Soure 2025,BOULDER U19 Women,finished,2025-10-02 07:18:42 UTC,2026-04-22 08:19:25 UTC,,9765,boulder,Qualification,U19 Women,finished,2025-04-26 19:00:06 UTC,/api/v1/category_rounds/9765/results,boulder_one_group_ifsc_2025_two_courses,IFSC: 2 Courses 2025 (points),19,,,,,,,16224,B3,/api/v1/routes/16224/startlist,
/api/v1/events/1438/result/830,1438,full_results_url,IFSC Youth European Cup Soure 2025,BOULDER U19 Women,finished,2025-10-02 07:18:42 UTC,2026-04-22 08:19:25 UTC,,9964,boulder,Final,U19 Women,finished,2025-04-27 13:33:24 UTC,/api/v1/category_rounds/9964/results,boulder_one_group_ifsc_2025,IFSC: 1 group 2025 (points),21,,,,,,,16261,1,/api/v1/routes/16261/startlist,
/api/v1/events/1438/result/830,1438,full_results_url,IFSC Youth European Cup Soure 2025,BOULDER U19 Women,finished,2025-10-02 07:18:42 UTC,2026-04-22 08:19:25 UTC,,9964,boulder,Final,U19 Women,finished,2025-04-27 13:33:24 UTC,/api/v1/category_rounds/9964/results,boulder_one_group_ifsc_2025,IFSC: 1 group 2025 (points),21,,,,,,,16262,2,/api/v1/routes/16262/startlist,
/api/v1/events/1438/result/830,1438,full_results_url,IFSC Youth European Cup Soure 2025,BOULDER U19 Women,finished,2025-10-02 07:18:42 UTC,2026-04-22 08:19:25 UTC,,9964,boulder,Final,U19 Women,finished,2025-04-27 13:33:24 UTC,/api/v1/category_rounds/9964/results,boulder_one_group_ifsc_2025,IFSC: 1 group 2025 (points),21,,,,,,,16263,3,/api/v1/routes/16263/startlist,
/api/v1/events/1438/result/830,1438,full_results_url,IFSC Youth European Cup Soure 2025,BOULDER U19 Women,finished,2025-10-02 07:18:42 UTC,2026-04-22 08:19:25 UTC,,9964,boulder,Final,U19 Women,finished,2025-04-27 13:33:24 UTC,/api/v1/category_rounds/9964/results,boulder_one_group_ifsc_2025,IFSC: 1 group 2025 (points),21,,,,,,,16264,4,/api/v1/routes/16264/startlist,
/api/v1/events/1438/result/835,1438,full_results_url,IFSC Youth European Cup Soure 2025,BOULDER U17 Men,finished,2025-10-02 07:18:42 UTC,2026-04-22 08:19:30 UTC,,9766,boulder,Qualification,U17 Men,finished,2025-04-26 13:24:52 UTC,/api/v1/category_rounds/9766/results,boulder_one_group_ifsc_2025_two_courses,IFSC: 2 Courses 2025 (points),19,,,,,,,16225,A1,/api/v1/routes/16225/startlist,
/api/v1/events/1438/result/835,1438,full_results_url,IFSC Youth European Cup Soure 2025,BOULDER U17 Men,finished,2025-10-02 07:18:42 UTC,2026-04-22 08:19:30 UTC,,9766,boulder,Qualification,U17 Men,finished,2025-04-26 13:24:52 UTC,/api/v1/category_rounds/9766/results,boulder_one_group_ifsc_2025_two_courses,IFSC: 2 Courses 2025 (points),19,,,,,,,16226,A2,/api/v1/routes/16226/startlist,
/api/v1/events/1438/result/835,1438,full_results_url,IFSC Youth European Cup Soure 2025,BOULDER U17 Men,finished,2025-10-02 07:18:42 UTC,2026-04-22 08:19:30 UTC,,9766,boulder,Qualification,U17 Men,finished,2025-04-26 13:24:52 UTC,/api/v1/category_rounds/9766/results,boulder_one_group_ifsc_2025_two_courses,IFSC: 2 Courses 2025 (points),19,,,,,,,16227,A3,/api/v1/routes/16227/startlist,
/api/v1/events/1438/result/835,1438,full_results_url,IFSC Youth European Cup Soure 2025,BOULDER U17 Men,finished,2025-10-02 07:18:42 UTC,2026-04-22 08:19:30 UTC,,9766,boulder,Qualification,U17 Men,finished,2025-04-26 13:24:52 UTC,/api/v1/category_rounds/9766/results,boulder_one_group_ifsc_2025_two_courses,IFSC: 2 Courses 2025 (points),19,,,,,,,16228,B1,/api/v1/routes/16228/startlist,
/api/v1/events/1438/result/835,1438,full_results_url,IFSC Youth European Cup Soure 2025,BOULDER U17 Men,finished,2025-10-02 07:18:42 UTC,2026-04-22 08:19:30 UTC,,9766,boulder,Qualification,U17 Men,finished,2025-04-26 13:24:52 UTC,/api/v1/category_rounds/9766/results,boulder_one_group_ifsc_2025_two_courses,IFSC: 2 Courses 2025 (points),19,,,,,,,16229,B2,/api/v1/routes/16229/startlist,
/api/v1/events/1438/result/835,1438,full_results_url,IFSC Youth European Cup Soure 2025,BOULDER U17 Men,finished,2025-10-02 07:18:42 UTC,2026-04-22 08:19:30 UTC,,9766,boulder,Qualification,U17 Men,finished,2025-04-26 13:24:52 UTC,/api/v1/category_rounds/9766/results,boulder_one_group_ifsc_2025_two_courses,IFSC: 2 Courses 2025 (points),19,,,,,,,16230,B3,/api/v1/routes/16230/startlist,
/api/v1/events/1438/result/835,1438,full_results_url,IFSC Youth European Cup Soure 2025,BOULDER U17 Men,finished,2025-10-02 07:18:42 UTC,2026-04-22 08:19:30 UTC,,9965,boulder,Final,U17 Men,finished,2025-04-27 11:12:34 UTC,/api/v1/category_rounds/9965/results,boulder_one_group_ifsc_2025,IFSC: 1 group 2025 (points),21,,,,,,,16253,1,/api/v1/routes/16253/startlist,
/api/v1/events/1438/result/835,1438,full_results_url,IFSC Youth European Cup Soure 2025,BOULDER U17 Men,finished,2025-10-02 07:18:42 UTC,2026-04-22 08:19:30 UTC,,9965,boulder,Final,U17 Men,finished,2025-04-27 11:12:34 UTC,/api/v1/category_rounds/9965/results,boulder_one_group_ifsc_2025,IFSC: 1 group 2025 (points),21,,,,,,,16254,2,/api/v1/routes/16254/startlist,
/api/v1/events/1438/result/835,1438,full_results_url,IFSC Youth European Cup Soure 2025,BOULDER U17 Men,finished,2025-10-02 07:18:42 UTC,2026-04-22 08:19:30 UTC,,9965,boulder,Final,U17 Men,finished,2025-04-27 11:12:34 UTC,/api/v1/category_rounds/9965/results,boulder_one_group_ifsc_2025,IFSC: 1 group 2025 (points),21,,,,,,,16255,3,/api/v1/routes/16255/startlist,
/api/v1/events/1438/result/835,1438,full_results_url,IFSC Youth European Cup Soure 2025,BOULDER U17 Men,finished,2025-10-02 07:18:42 UTC,2026-04-22 08:19:30 UTC,,9965,boulder,Final,U17 Men,finished,2025-04-27 11:12:34 UTC,/api/v1/category_rounds/9965/results,boulder_one_group_ifsc_2025,IFSC: 1 group 2025 (points),21,,,,,,,16256,4,/api/v1/routes/16256/startlist,
/api/v1/events/1438/result/840,1438,full_results_url,IFSC Youth European Cup Soure 2025,BOULDER U17 Women,finished,2025-10-02 07:18:42 UTC,2026-04-22 08:19:34 UTC,,9767,boulder,Qualification,U17 Women,finished,2025-04-26 13:56:35 UTC,/api/v1/category_rounds/9767/results,boulder_one_group_ifsc_2025_two_courses,IFSC: 2 Courses 2025 (points),19,,,,,,,16231,A1,/api/v1/routes/16231/startlist,
/api/v1/events/1438/result/840,1438,full_results_url,IFSC Youth European Cup Soure 2025,BOULDER U17 Women,finished,2025-10-02 07:18:42 UTC,2026-04-22 08:19:34 UTC,,9767,boulder,Qualification,U17 Women,finished,2025-04-26 13:56:35 UTC,/api/v1/category_rounds/9767/results,boulder_one_group_ifsc_2025_two_courses,IFSC: 2 Courses 2025 (points),19,,,,,,,16232,A2,/api/v1/routes/16232/startlist,
/api/v1/events/1438/result/840,1438,full_results_url,IFSC Youth European Cup Soure 2025,BOULDER U17 Women,finished,2025-10-02 07:18:42 UTC,2026-04-22 08:19:34 UTC,,9767,boulder,Qualification,U17 Women,finished,2025-04-26 13:56:35 UTC,/api/v1/category_rounds/9767/results,boulder_one_group_ifsc_2025_two_courses,IFSC: 2 Courses 2025 (points),19,,,,,,,16233,A3,/api/v1/routes/16233/startlist,
/api/v1/events/1438/result/840,1438,full_results_url,IFSC Youth European Cup Soure 2025,BOULDER U17 Women,finished,2025-10-02 07:18:42 UTC,2026-04-22 08:19:34 UTC,,9767,boulder,Qualification,U17 Women,finished,2025-04-26 13:56:35 UTC,/api/v1/category_rounds/9767/results,boulder_one_group_ifsc_2025_two_courses,IFSC: 2 Courses 2025 (points),19,,,,,,,16234,B1,/api/v1/routes/16234/startlist,
/api/v1/events/1438/result/840,1438,full_results_url,IFSC Youth European Cup Soure 2025,BOULDER U17 Women,finished,2025-10-02 07:18:42 UTC,2026-04-22 08:19:34 UTC,,9767,boulder,Qualification,U17 Women,finished,2025-04-26 13:56:35 UTC,/api/v1/category_rounds/9767/results,boulder_one_group_ifsc_2025_two_courses,IFSC: 2 Courses 2025 (points),19,,,,,,,16235,B2,/api/v1/routes/16235/startlist,
/api/v1/events/1438/result/840,1438,full_results_url,IFSC Youth European Cup Soure 2025,BOULDER U17 Women,finished,2025-10-02 07:18:42 UTC,2026-04-22 08:19:34 UTC,,9767,boulder,Qualification,U17 Women,finished,2025-04-26 13:56:35 UTC,/api/v1/category_rounds/9767/results,boulder_one_group_ifsc_2025_two_courses,IFSC: 2 Courses 2025 (points),19,,,,,,,16236,B3,/api/v1/routes/16236/startlist,
/api/v1/events/1438/result/840,1438,full_results_url,IFSC Youth European Cup Soure 2025,BOULDER U17 Women,finished,2025-10-02 07:18:42 UTC,2026-04-22 08:19:34 UTC,,9966,boulder,Final,U17 Women,finished,2025-04-27 11:07:07 UTC,/api/v1/category_rounds/9966/results,boulder_one_group_ifsc_2025,IFSC: 1 group 2025 (points),21,,,,,,,16265,1,/api/v1/routes/16265/startlist,
/api/v1/events/1438/result/840,1438,full_results_url,IFSC Youth European Cup Soure 2025,BOULDER U17 Women,finished,2025-10-02 07:18:42 UTC,2026-04-22 08:19:34 UTC,,9966,boulder,Final,U17 Women,finished,2025-04-27 11:07:07 UTC,/api/v1/category_rounds/9966/results,boulder_one_group_ifsc_2025,IFSC: 1 group 2025 (points),21,,,,,,,16266,2,/api/v1/routes/16266/startlist,
/api/v1/events/1438/result/840,1438,full_results_url,IFSC Youth European Cup Soure 2025,BOULDER U17 Women,finished,2025-10-02 07:18:42 UTC,2026-04-22 08:19:34 UTC,,9966,boulder,Final,U17 Women,finished,2025-04-27 11:07:07 UTC,/api/v1/category_rounds/9966/results,boulder_one_group_ifsc_2025,IFSC: 1 group 2025 (points),21,,,,,,,16267,3,/api/v1/routes/16267/startlist,
/api/v1/events/1438/result/840,1438,full_results_url,IFSC Youth European Cup Soure 2025,BOULDER U17 Women,finished,2025-10-02 07:18:42 UTC,2026-04-22 08:19:34 UTC,,9966,boulder,Final,U17 Women,finished,2025-04-27 11:07:07 UTC,/api/v1/category_rounds/9966/results,boulder_one_group_ifsc_2025,IFSC: 1 group 2025 (points),21,,,,,,,16268,4,/api/v1/routes/16268/startlist,
/api/v1/events/1407/result/1,1407,full_results_url,IFSC World Cup Bali 2025,LEAD Men,finished,2025-10-02 07:18:42 UTC,2026-04-22 08:19:38 UTC,,9387,lead,Qualification,Men,finished,2025-05-02 10:34:29 UTC,/api/v1/category_rounds/9387/results,lead_one_group_two_routes,IFSC: 2 routes,1,,,,,,,14228,1,/api/v1/routes/14228/startlist,/api/v1/routes/14228/results
/api/v1/events/1407/result/1,1407,full_results_url,IFSC World Cup Bali 2025,LEAD Men,finished,2025-10-02 07:18:42 UTC,2026-04-22 08:19:38 UTC,,9387,lead,Qualification,Men,finished,2025-05-02 10:34:29 UTC,/api/v1/category_rounds/9387/results,lead_one_group_two_routes,IFSC: 2 routes,1,,,,,,,14229,2,/api/v1/routes/14229/startlist,/api/v1/routes/14229/results
/api/v1/events/1407/result/1,1407,full_results_url,IFSC World Cup Bali 2025,LEAD Men,finished,2025-10-02 07:18:42 UTC,2026-04-22 08:19:38 UTC,,9981,lead,Semi-final,Men,finished,2025-05-04 04:22:14 UTC,/api/v1/category_rounds/9981/results,lead_one_group_one_route,IFSC: 1 route,2,,,,,,,16367,1,/api/v1/routes/16367/startlist,/api/v1/routes/16367/results
/api/v1/events/1407/result/1,1407,full_results_url,IFSC World Cup Bali 2025,LEAD Men,finished,2025-10-02 07:18:42 UTC,2026-04-22 08:19:38 UTC,,9983,lead,Final,Men,finished,2025-05-04 13:24:36 UTC,/api/v1/category_rounds/9983/results,lead_one_group_one_route,IFSC: 1 route,3,,,,,,,16369,1,/api/v1/routes/16369/startlist,/api/v1/routes/16369/results
/api/v1/events/1407/result/5,1407,full_results_url,IFSC World Cup Bali 2025,LEAD Women,finished,2025-10-02 07:18:42 UTC,2026-04-22 08:19:42 UTC,,9388,lead,Qualification,Women,finished,2025-05-02 10:10:40 UTC,/api/v1/category_rounds/9388/results,lead_one_group_two_routes,IFSC: 2 routes,1,,,,,,,14230,1,/api/v1/routes/14230/startlist,/api/v1/routes/14230/results
/api/v1/events/1407/result/5,1407,full_results_url,IFSC World Cup Bali 2025,LEAD Women,finished,2025-10-02 07:18:42 UTC,2026-04-22 08:19:42 UTC,,9388,lead,Qualification,Women,finished,2025-05-02 10:10:40 UTC,/api/v1/category_rounds/9388/results,lead_one_group_two_routes,IFSC: 2 routes,1,,,,,,,14231,2,/api/v1/routes/14231/startlist,/api/v1/routes/14231/results
/api/v1/events/1407/result/5,1407,full_results_url,IFSC World Cup Bali 2025,LEAD Women,finished,2025-10-02 07:18:42 UTC,2026-04-22 08:19:42 UTC,,9982,lead,Semi-final,Women,finished,2025-05-04 04:44:32 UTC,/api/v1/category_rounds/9982/results,lead_one_group_one_route,IFSC: 1 route,2,,,,,,,16368,1,/api/v1/routes/16368/startlist,/api/v1/routes/16368/results
/api/v1/events/1407/result/5,1407,full_results_url,IFSC World Cup Bali 2025,LEAD Women,finished,2025-10-02 07:18:42 UTC,2026-04-22 08:19:42 UTC,,9984,lead,Final,Women,finished,2025-05-04 14:33:17 UTC,/api/v1/category_rounds/9984/results,lead_one_group_one_route,IFSC: 1 route,3,,,,,,,16370,1,/api/v1/routes/16370/startlist,/api/v1/routes/16370/results
/api/v1/events/1407/result/2,1407,full_results_url,IFSC World Cup Bali 2025,SPEED Men,finished,2025-10-02 07:18:42 UTC,2026-04-22 08:19:45 UTC,,9389,speed,Qualification,Men,finished,2025-05-03 05:13:22 UTC,/api/v1/category_rounds/9389/results,speed_qualification_ifsc_2025,IFSC 2025: Qualification,1,,,,,,,16307,A,/api/v1/routes/16307/startlist,
/api/v1/events/1407/result/2,1407,full_results_url,IFSC World Cup Bali 2025,SPEED Men,finished,2025-10-02 07:18:42 UTC,2026-04-22 08:19:45 UTC,,9389,speed,Qualification,Men,finished,2025-05-03 05:13:22 UTC,/api/v1/category_rounds/9389/results,speed_qualification_ifsc_2025,IFSC 2025: Qualification,1,,,,,,,16308,B,/api/v1/routes/16308/startlist,
/api/v1/events/1407/result/2,1407,full_results_url,IFSC World Cup Bali 2025,SPEED Men,finished,2025-10-02 07:18:42 UTC,2026-04-22 08:19:45 UTC,,9985,speed,Final,Men,finished,2025-05-03 08:07:42 UTC,/api/v1/category_rounds/9985/results,speed_elimination_ifsc_2023,IFSC 2023+: Elimination,3,,,,,,,16371,A,/api/v1/routes/16371/startlist,
/api/v1/events/1407/result/2,1407,full_results_url,IFSC World Cup Bali 2025,SPEED Men,finished,2025-10-02 07:18:42 UTC,2026-04-22 08:19:45 UTC,,9985,speed,Final,Men,finished,2025-05-03 08:07:42 UTC,/api/v1/category_rounds/9985/results,speed_elimination_ifsc_2023,IFSC 2023+: Elimination,3,,,,,,,16372,B,/api/v1/routes/16372/startlist,
/api/v1/events/1407/result/6,1407,full_results_url,IFSC World Cup Bali 2025,SPEED Women,finished,2025-10-02 07:18:42 UTC,2026-04-22 08:19:49 UTC,,9390,speed,Qualification,Women,finished,2025-05-03 03:56:38 UTC,/api/v1/category_rounds/9390/results,speed_qualification_ifsc_2025,IFSC 2025: Qualification,1,,,,,,,16309,A,/api/v1/routes/16309/startlist,
/api/v1/events/1407/result/6,1407,full_results_url,IFSC World Cup Bali 2025,SPEED Women,finished,2025-10-02 07:18:42 UTC,2026-04-22 08:19:49 UTC,,9390,speed,Qualification,Women,finished,2025-05-03 03:56:38 UTC,/api/v1/category_rounds/9390/results,speed_qualification_ifsc_2025,IFSC 2025: Qualification,1,,,,,,,16310,B,/api/v1/routes/16310/startlist,
/api/v1/events/1407/result/6,1407,full_results_url,IFSC World Cup Bali 2025,SPEED Women,finished,2025-10-02 07:18:42 UTC,2026-04-22 08:19:49 UTC,,9986,speed,Final,Women,finished,2025-05-03 08:06:37 UTC,/api/v1/category_rounds/9986/results,speed_elimination_ifsc_2023,IFSC 2023+: Elimination,3,,,,,,,16373,A,/api/v1/routes/16373/startlist,
/api/v1/events/1407/result/6,1407,full_results_url,IFSC World Cup Bali 2025,SPEED Women,finished,2025-10-02 07:18:42 UTC,2026-04-22 08:19:49 UTC,,9986,speed,Final,Women,finished,2025-05-03 08:06:37 UTC,/api/v1/category_rounds/9986/results,speed_elimination_ifsc_2023,IFSC 2023+: Elimination,3,,,,,,,16374,B,/api/v1/routes/16374/startlist,
/api/v1/events/1426/result/227,1426,full_results_url,IFSC European Cup Brussels 2025,BOULDER Men,finished,2025-10-02 07:18:42 UTC,2025-05-04 16:22:40 UTC,,9518,boulder,Qualification,Men,finished,2025-05-03 11:56:45 UTC,/api/v1/category_rounds/9518/results,boulder_one_group_ifsc_2025_two_courses,IFSC: 2 Courses 2025 (points),16,,,,,,,16295,A1,/api/v1/routes/16295/startlist,
/api/v1/events/1426/result/227,1426,full_results_url,IFSC European Cup Brussels 2025,BOULDER Men,finished,2025-10-02 07:18:42 UTC,2025-05-04 16:22:40 UTC,,9518,boulder,Qualification,Men,finished,2025-05-03 11:56:45 UTC,/api/v1/category_rounds/9518/results,boulder_one_group_ifsc_2025_two_courses,IFSC: 2 Courses 2025 (points),16,,,,,,,16296,A2,/api/v1/routes/16296/startlist,
/api/v1/events/1426/result/227,1426,full_results_url,IFSC European Cup Brussels 2025,BOULDER Men,finished,2025-10-02 07:18:42 UTC,2025-05-04 16:22:40 UTC,,9518,boulder,Qualification,Men,finished,2025-05-03 11:56:45 UTC,/api/v1/category_rounds/9518/results,boulder_one_group_ifsc_2025_two_courses,IFSC: 2 Courses 2025 (points),16,,,,,,,16297,A3,/api/v1/routes/16297/startlist,
/api/v1/events/1426/result/227,1426,full_results_url,IFSC European Cup Brussels 2025,BOULDER Men,finished,2025-10-02 07:18:42 UTC,2025-05-04 16:22:40 UTC,,9518,boulder,Qualification,Men,finished,2025-05-03 11:56:45 UTC,/api/v1/category_rounds/9518/results,boulder_one_group_ifsc_2025_two_courses,IFSC: 2 Courses 2025 (points),16,,,,,,,16298,B1,/api/v1/routes/16298/startlist,
/api/v1/events/1426/result/227,1426,full_results_url,IFSC European Cup Brussels 2025,BOULDER Men,finished,2025-10-02 07:18:42 UTC,2025-05-04 16:22:40 UTC,,9518,boulder,Qualification,Men,finished,2025-05-03 11:56:45 UTC,/api/v1/category_rounds/9518/results,boulder_one_group_ifsc_2025_two_courses,IFSC: 2 Courses 2025 (points),16,,,,,,,16299,B2,/api/v1/routes/16299/startlist,
/api/v1/events/1426/result/227,1426,full_results_url,IFSC European Cup Brussels 2025,BOULDER Men,finished,2025-10-02 07:18:42 UTC,2025-05-04 16:22:40 UTC,,9518,boulder,Qualification,Men,finished,2025-05-03 11:56:45 UTC,/api/v1/category_rounds/9518/results,boulder_one_group_ifsc_2025_two_courses,IFSC: 2 Courses 2025 (points),16,,,,,,,16300,B3,/api/v1/routes/16300/startlist,
/api/v1/events/1426/result/227,1426,full_results_url,IFSC European Cup Brussels 2025,BOULDER Men,finished,2025-10-02 07:18:42 UTC,2025-05-04 16:22:40 UTC,,9949,boulder,Semi-Final,Men,finished,2025-05-04 11:16:11 UTC,/api/v1/category_rounds/9949/results,boulder_one_group_ifsc_2025,IFSC: 1 group 2025 (points),17,,,,,,,16161,1,/api/v1/routes/16161/startlist,
/api/v1/events/1426/result/227,1426,full_results_url,IFSC European Cup Brussels 2025,BOULDER Men,finished,2025-10-02 07:18:42 UTC,2025-05-04 16:22:40 UTC,,9949,boulder,Semi-Final,Men,finished,2025-05-04 11:16:11 UTC,/api/v1/category_rounds/9949/results,boulder_one_group_ifsc_2025,IFSC: 1 group 2025 (points),17,,,,,,,16162,2,/api/v1/routes/16162/startlist,
/api/v1/events/1426/result/227,1426,full_results_url,IFSC European Cup Brussels 2025,BOULDER Men,finished,2025-10-02 07:18:42 UTC,2025-05-04 16:22:40 UTC,,9949,boulder,Semi-Final,Men,finished,2025-05-04 11:16:11 UTC,/api/v1/category_rounds/9949/results,boulder_one_group_ifsc_2025,IFSC: 1 group 2025 (points),17,,,,,,,16163,3,/api/v1/routes/16163/startlist,
/api/v1/events/1426/result/227,1426,full_results_url,IFSC European Cup Brussels 2025,BOULDER Men,finished,2025-10-02 07:18:42 UTC,2025-05-04 16:22:40 UTC,,9949,boulder,Semi-Final,Men,finished,2025-05-04 11:16:11 UTC,/api/v1/category_rounds/9949/results,boulder_one_group_ifsc_2025,IFSC: 1 group 2025 (points),17,,,,,,,16164,4,/api/v1/routes/16164/startlist,
/api/v1/events/1426/result/227,1426,full_results_url,IFSC European Cup Brussels 2025,BOULDER Men,finished,2025-10-02 07:18:42 UTC,2025-05-04 16:22:40 UTC,,9951,boulder,Final,Men,finished,2025-05-04 16:19:02 UTC,/api/v1/category_rounds/9951/results,boulder_one_group_ifsc_2025,IFSC: 1 group 2025 (points),18,,,,,,,16177,1,/api/v1/routes/16177/startlist,
/api/v1/events/1426/result/227,1426,full_results_url,IFSC European Cup Brussels 2025,BOULDER Men,finished,2025-10-02 07:18:42 UTC,2025-05-04 16:22:40 UTC,,9951,boulder,Final,Men,finished,2025-05-04 16:19:02 UTC,/api/v1/category_rounds/9951/results,boulder_one_group_ifsc_2025,IFSC: 1 group 2025 (points),18,,,,,,,16178,2,/api/v1/routes/16178/startlist,
/api/v1/events/1426/result/227,1426,full_results_url,IFSC European Cup Brussels 2025,BOULDER Men,finished,2025-10-02 07:18:42 UTC,2025-05-04 16:22:40 UTC,,9951,boulder,Final,Men,finished,2025-05-04 16:19:02 UTC,/api/v1/category_rounds/9951/results,boulder_one_group_ifsc_2025,IFSC: 1 group 2025 (points),18,,,,,,,16179,3,/api/v1/routes/16179/startlist,
/api/v1/events/1426/result/227,1426,full_results_url,IFSC European Cup Brussels 2025,BOULDER Men,finished,2025-10-02 07:18:42 UTC,2025-05-04 16:22:40 UTC,,9951,boulder,Final,Men,finished,2025-05-04 16:19:02 UTC,/api/v1/category_rounds/9951/results,boulder_one_group_ifsc_2025,IFSC: 1 group 2025 (points),18,,,,,,,16180,4,/api/v1/routes/16180/startlist,
/api/v1/events/1426/result/231,1426,full_results_url,IFSC European Cup Brussels 2025,BOULDER Women,finished,2025-10-02 07:18:42 UTC,2025-05-04 18:02:22 UTC,,9519,boulder,Qualification,Women,finished,2025-05-03 19:23:11 UTC,/api/v1/category_rounds/9519/results,boulder_one_group_ifsc_2025_two_courses,IFSC: 2 Courses 2025 (points),16,,,,,,,16301,A1,/api/v1/routes/16301/startlist,
/api/v1/events/1426/result/231,1426,full_results_url,IFSC European Cup Brussels 2025,BOULDER Women,finished,2025-10-02 07:18:42 UTC,2025-05-04 18:02:22 UTC,,9519,boulder,Qualification,Women,finished,2025-05-03 19:23:11 UTC,/api/v1/category_rounds/9519/results,boulder_one_group_ifsc_2025_two_courses,IFSC: 2 Courses 2025 (points),16,,,,,,,16302,A2,/api/v1/routes/16302/startlist,
/api/v1/events/1426/result/231,1426,full_results_url,IFSC European Cup Brussels 2025,BOULDER Women,finished,2025-10-02 07:18:42 UTC,2025-05-04 18:02:22 UTC,,9519,boulder,Qualification,Women,finished,2025-05-03 19:23:11 UTC,/api/v1/category_rounds/9519/results,boulder_one_group_ifsc_2025_two_courses,IFSC: 2 Courses 2025 (points),16,,,,,,,16303,A3,/api/v1/routes/16303/startlist,
/api/v1/events/1426/result/231,1426,full_results_url,IFSC European Cup Brussels 2025,BOULDER Women,finished,2025-10-02 07:18:42 UTC,2025-05-04 18:02:22 UTC,,9519,boulder,Qualification,Women,finished,2025-05-03 19:23:11 UTC,/api/v1/category_rounds/9519/results,boulder_one_group_ifsc_2025_two_courses,IFSC: 2 Courses 2025 (points),16,,,,,,,16304,B1,/api/v1/routes/16304/startlist,
/api/v1/events/1426/result/231,1426,full_results_url,IFSC European Cup Brussels 2025,BOULDER Women,finished,2025-10-02 07:18:42 UTC,2025-05-04 18:02:22 UTC,,9519,boulder,Qualification,Women,finished,2025-05-03 19:23:11 UTC,/api/v1/category_rounds/9519/results,boulder_one_group_ifsc_2025_two_courses,IFSC: 2 Courses 2025 (points),16,,,,,,,16305,B2,/api/v1/routes/16305/startlist,
/api/v1/events/1426/result/231,1426,full_results_url,IFSC European Cup Brussels 2025,BOULDER Women,finished,2025-10-02 07:18:42 UTC,2025-05-04 18:02:22 UTC,,9519,boulder,Qualification,Women,finished,2025-05-03 19:23:11 UTC,/api/v1/category_rounds/9519/results,boulder_one_group_ifsc_2025_two_courses,IFSC: 2 Courses 2025 (points),16,,,,,,,16306,B3,/api/v1/routes/16306/startlist,
/api/v1/events/1426/result/231,1426,full_results_url,IFSC European Cup Brussels 2025,BOULDER Women,finished,2025-10-02 07:18:42 UTC,2025-05-04 18:02:22 UTC,,9950,boulder,Semi-Final,Women,finished,2025-05-04 11:14:42 UTC,/api/v1/category_rounds/9950/results,boulder_one_group_ifsc_2025,IFSC: 1 group 2025 (points),17,,,,,,,16165,1,/api/v1/routes/16165/startlist,
/api/v1/events/1426/result/231,1426,full_results_url,IFSC European Cup Brussels 2025,BOULDER Women,finished,2025-10-02 07:18:42 UTC,2025-05-04 18:02:22 UTC,,9950,boulder,Semi-Final,Women,finished,2025-05-04 11:14:42 UTC,/api/v1/category_rounds/9950/results,boulder_one_group_ifsc_2025,IFSC: 1 group 2025 (points),17,,,,,,,16166,2,/api/v1/routes/16166/startlist,
/api/v1/events/1426/result/231,1426,full_results_url,IFSC European Cup Brussels 2025,BOULDER Women,finished,2025-10-02 07:18:42 UTC,2025-05-04 18:02:22 UTC,,9950,boulder,Semi-Final,Women,finished,2025-05-04 11:14:42 UTC,/api/v1/category_rounds/9950/results,boulder_one_group_ifsc_2025,IFSC: 1 group 2025 (points),17,,,,,,,16167,3,/api/v1/routes/16167/startlist,
/api/v1/events/1426/result/231,1426,full_results_url,IFSC European Cup Brussels 2025,BOULDER Women,finished,2025-10-02 07:18:42 UTC,2025-05-04 18:02:22 UTC,,9950,boulder,Semi-Final,Women,finished,2025-05-04 11:14:42 UTC,/api/v1/category_rounds/9950/results,boulder_one_group_ifsc_2025,IFSC: 1 group 2025 (points),17,,,,,,,16168,4,/api/v1/routes/16168/startlist,
/api/v1/events/1426/result/231,1426,full_results_url,IFSC European Cup Brussels 2025,BOULDER Women,finished,2025-10-02 07:18:42 UTC,2025-05-04 18:02:22 UTC,,9952,boulder,Final,Women,finished,2025-05-04 17:58:49 UTC,/api/v1/category_rounds/9952/results,boulder_one_group_ifsc_2025,IFSC: 1 group 2025 (points),18,,,,,,,16181,1,/api/v1/routes/16181/startlist,
/api/v1/events/1426/result/231,1426,full_results_url,IFSC European Cup Brussels 2025,BOULDER Women,finished,2025-10-02 07:18:42 UTC,2025-05-04 18:02:22 UTC,,9952,boulder,Final,Women,finished,2025-05-04 17:58:49 UTC,/api/v1/category_rounds/9952/results,boulder_one_group_ifsc_2025,IFSC: 1 group 2025 (points),18,,,,,,,16182,2,/api/v1/routes/16182/startlist,
/api/v1/events/1426/result/231,1426,full_results_url,IFSC European Cup Brussels 2025,BOULDER Women,finished,2025-10-02 07:18:42 UTC,2025-05-04 18:02:22 UTC,,9952,boulder,Final,Women,finished,2025-05-04 17:58:49 UTC,/api/v1/category_rounds/9952/results,boulder_one_group_ifsc_2025,IFSC: 1 group 2025 (points),18,,,,,,,16183,3,/api/v1/routes/16183/startlist,
/api/v1/events/1426/result/231,1426,full_results_url,IFSC European Cup Brussels 2025,BOULDER Women,finished,2025-10-02 07:18:42 UTC,2025-05-04 18:02:22 UTC,,9952,boulder,Final,Women,finished,2025-05-04 17:58:49 UTC,/api/v1/category_rounds/9952/results,boulder_one_group_ifsc_2025,IFSC: 1 group 2025 (points),18,,,,,,,16184,4,/api/v1/routes/16184/startlist,
/api/v1/events/1439/result/825,1439,full_results_url,IFSC Youth European Cup Graz 2025,BOULDER U19 Men,finished,2025-10-02 07:18:42 UTC,2025-05-11 13:10:19 UTC,,9768,boulder,Qualification,U19 Men,finished,2025-05-10 18:19:09 UTC,/api/v1/category_rounds/9768/results,boulder_one_group_ifsc_2025_two_courses,IFSC: 2 Courses 2025 (points),19,,,,,,,16311,A1,/api/v1/routes/16311/startlist,
/api/v1/events/1439/result/825,1439,full_results_url,IFSC Youth European Cup Graz 2025,BOULDER U19 Men,finished,2025-10-02 07:18:42 UTC,2025-05-11 13:10:19 UTC,,9768,boulder,Qualification,U19 Men,finished,2025-05-10 18:19:09 UTC,/api/v1/category_rounds/9768/results,boulder_one_group_ifsc_2025_two_courses,IFSC: 2 Courses 2025 (points),19,,,,,,,16312,A2,/api/v1/routes/16312/startlist,
/api/v1/events/1439/result/825,1439,full_results_url,IFSC Youth European Cup Graz 2025,BOULDER U19 Men,finished,2025-10-02 07:18:42 UTC,2025-05-11 13:10:19 UTC,,9768,boulder,Qualification,U19 Men,finished,2025-05-10 18:19:09 UTC,/api/v1/category_rounds/9768/results,boulder_one_group_ifsc_2025_two_courses,IFSC: 2 Courses 2025 (points),19,,,,,,,16313,A3,/api/v1/routes/16313/startlist,
/api/v1/events/1439/result/825,1439,full_results_url,IFSC Youth European Cup Graz 2025,BOULDER U19 Men,finished,2025-10-02 07:18:42 UTC,2025-05-11 13:10:19 UTC,,9768,boulder,Qualification,U19 Men,finished,2025-05-10 18:19:09 UTC,/api/v1/category_rounds/9768/results,boulder_one_group_ifsc_2025_two_courses,IFSC: 2 Courses 2025 (points),19,,,,,,,16314,B1,/api/v1/routes/16314/startlist,
/api/v1/events/1439/result/825,1439,full_results_url,IFSC Youth European Cup Graz 2025,BOULDER U19 Men,finished,2025-10-02 07:18:42 UTC,2025-05-11 13:10:19 UTC,,9768,boulder,Qualification,U19 Men,finished,2025-05-10 18:19:09 UTC,/api/v1/category_rounds/9768/results,boulder_one_group_ifsc_2025_two_courses,IFSC: 2 Courses 2025 (points),19,,,,,,,16315,B2,/api/v1/routes/16315/startlist,
/api/v1/events/1439/result/825,1439,full_results_url,IFSC Youth European Cup Graz 2025,BOULDER U19 Men,finished,2025-10-02 07:18:42 UTC,2025-05-11 13:10:19 UTC,,9768,boulder,Qualification,U19 Men,finished,2025-05-10 18:19:09 UTC,/api/v1/category_rounds/9768/results,boulder_one_group_ifsc_2025_two_courses,IFSC: 2 Courses 2025 (points),19,,,,,,,16316,B3,/api/v1/routes/16316/startlist,
/api/v1/events/1439/result/825,1439,full_results_url,IFSC Youth European Cup Graz 2025,BOULDER U19 Men,finished,2025-10-02 07:18:42 UTC,2025-05-11 13:10:19 UTC,,9977,boulder,Final,U19 Men,finished,2025-05-11 12:26:40 UTC,/api/v1/category_rounds/9977/results,boulder_one_group_ifsc_2025,IFSC: 1 group 2025 (points),21,,,,,,,16351,1,/api/v1/routes/16351/startlist,
/api/v1/events/1439/result/825,1439,full_results_url,IFSC Youth European Cup Graz 2025,BOULDER U19 Men,finished,2025-10-02 07:18:42 UTC,2025-05-11 13:10:19 UTC,,9977,boulder,Final,U19 Men,finished,2025-05-11 12:26:40 UTC,/api/v1/category_rounds/9977/results,boulder_one_group_ifsc_2025,IFSC: 1 group 2025 (points),21,,,,,,,16352,2,/api/v1/routes/16352/startlist,
/api/v1/events/1439/result/825,1439,full_results_url,IFSC Youth European Cup Graz 2025,BOULDER U19 Men,finished,2025-10-02 07:18:42 UTC,2025-05-11 13:10:19 UTC,,9977,boulder,Final,U19 Men,finished,2025-05-11 12:26:40 UTC,/api/v1/category_rounds/9977/results,boulder_one_group_ifsc_2025,IFSC: 1 group 2025 (points),21,,,,,,,16353,3,/api/v1/routes/16353/startlist,
/api/v1/events/1439/result/825,1439,full_results_url,IFSC Youth European Cup Graz 2025,BOULDER U19 Men,finished,2025-10-02 07:18:42 UTC,2025-05-11 13:10:19 UTC,,9977,boulder,Final,U19 Men,finished,2025-05-11 12:26:40 UTC,/api/v1/category_rounds/9977/results,boulder_one_group_ifsc_2025,IFSC: 1 group 2025 (points),21,,,,,,,16354,4,/api/v1/routes/16354/startlist,
/api/v1/events/1439/result/830,1439,full_results_url,IFSC Youth European Cup Graz 2025,BOULDER U19 Women,finished,2025-10-02 07:18:42 UTC,2025-05-11 13:10:53 UTC,,9769,boulder,Qualification,U19 Women,finished,2025-05-10 17:47:06 UTC,/api/v1/category_rounds/9769/results,boulder_one_group_ifsc_2025_two_courses,IFSC: 2 Courses 2025 (points),19,,,,,,,16317,A1,/api/v1/routes/16317/startlist,
/api/v1/events/1439/result/830,1439,full_results_url,IFSC Youth European Cup Graz 2025,BOULDER U19 Women,finished,2025-10-02 07:18:42 UTC,2025-05-11 13:10:53 UTC,,9769,boulder,Qualification,U19 Women,finished,2025-05-10 17:47:06 UTC,/api/v1/category_rounds/9769/results,boulder_one_group_ifsc_2025_two_courses,IFSC: 2 Courses 2025 (points),19,,,,,,,16318,A2,/api/v1/routes/16318/startlist,
/api/v1/events/1439/result/830,1439,full_results_url,IFSC Youth European Cup Graz 2025,BOULDER U19 Women,finished,2025-10-02 07:18:42 UTC,2025-05-11 13:10:53 UTC,,9769,boulder,Qualification,U19 Women,finished,2025-05-10 17:47:06 UTC,/api/v1/category_rounds/9769/results,boulder_one_group_ifsc_2025_two_courses,IFSC: 2 Courses 2025 (points),19,,,,,,,16319,A3,/api/v1/routes/16319/startlist,
/api/v1/events/1439/result/830,1439,full_results_url,IFSC Youth European Cup Graz 2025,BOULDER U19 Women,finished,2025-10-02 07:18:42 UTC,2025-05-11 13:10:53 UTC,,9769,boulder,Qualification,U19 Women,finished,2025-05-10 17:47:06 UTC,/api/v1/category_rounds/9769/results,boulder_one_group_ifsc_2025_two_courses,IFSC: 2 Courses 2025 (points),19,,,,,,,16320,B1,/api/v1/routes/16320/startlist,
/api/v1/events/1439/result/830,1439,full_results_url,IFSC Youth European Cup Graz 2025,BOULDER U19 Women,finished,2025-10-02 07:18:42 UTC,2025-05-11 13:10:53 UTC,,9769,boulder,Qualification,U19 Women,finished,2025-05-10 17:47:06 UTC,/api/v1/category_rounds/9769/results,boulder_one_group_ifsc_2025_two_courses,IFSC: 2 Courses 2025 (points),19,,,,,,,16321,B2,/api/v1/routes/16321/startlist,
/api/v1/events/1439/result/830,1439,full_results_url,IFSC Youth European Cup Graz 2025,BOULDER U19 Women,finished,2025-10-02 07:18:42 UTC,2025-05-11 13:10:53 UTC,,9769,boulder,Qualification,U19 Women,finished,2025-05-10 17:47:06 UTC,/api/v1/category_rounds/9769/results,boulder_one_group_ifsc_2025_two_courses,IFSC: 2 Courses 2025 (points),19,,,,,,,16322,B3,/api/v1/routes/16322/startlist,
/api/v1/events/1439/result/830,1439,full_results_url,IFSC Youth European Cup Graz 2025,BOULDER U19 Women,finished,2025-10-02 07:18:42 UTC,2025-05-11 13:10:53 UTC,,9978,boulder,Final,U19 Women,finished,2025-05-11 12:27:42 UTC,/api/v1/category_rounds/9978/results,boulder_one_group_ifsc_2025,IFSC: 1 group 2025 (points),21,,,,,,,16355,1,/api/v1/routes/16355/startlist,
/api/v1/events/1439/result/830,1439,full_results_url,IFSC Youth European Cup Graz 2025,BOULDER U19 Women,finished,2025-10-02 07:18:42 UTC,2025-05-11 13:10:53 UTC,,9978,boulder,Final,U19 Women,finished,2025-05-11 12:27:42 UTC,/api/v1/category_rounds/9978/results,boulder_one_group_ifsc_2025,IFSC: 1 group 2025 (points),21,,,,,,,16356,2,/api/v1/routes/16356/startlist,
/api/v1/events/1439/result/830,1439,full_results_url,IFSC Youth European Cup Graz 2025,BOULDER U19 Women,finished,2025-10-02 07:18:42 UTC,2025-05-11 13:10:53 UTC,,9978,boulder,Final,U19 Women,finished,2025-05-11 12:27:42 UTC,/api/v1/category_rounds/9978/results,boulder_one_group_ifsc_2025,IFSC: 1 group 2025 (points),21,,,,,,,16357,3,/api/v1/routes/16357/startlist,
/api/v1/events/1439/result/830,1439,full_results_url,IFSC Youth European Cup Graz 2025,BOULDER U19 Women,finished,2025-10-02 07:18:42 UTC,2025-05-11 13:10:53 UTC,,9978,boulder,Final,U19 Women,finished,2025-05-11 12:27:42 UTC,/api/v1/category_rounds/9978/results,boulder_one_group_ifsc_2025,IFSC: 1 group 2025 (points),21,,,,,,,16358,4,/api/v1/routes/16358/startlist,
/api/v1/events/1439/result/835,1439,full_results_url,IFSC Youth European Cup Graz 2025,BOULDER U17 Men,finished,2025-10-02 07:18:42 UTC,2025-05-11 09:56:34 UTC,,9770,boulder,Qualification,U17 Men,finished,2025-05-10 12:26:54 UTC,/api/v1/category_rounds/9770/results,boulder_one_group_ifsc_2025_two_courses,IFSC: 2 Courses 2025 (points),19,,,,,,,16323,A1,/api/v1/routes/16323/startlist,
/api/v1/events/1439/result/835,1439,full_results_url,IFSC Youth European Cup Graz 2025,BOULDER U17 Men,finished,2025-10-02 07:18:42 UTC,2025-05-11 09:56:34 UTC,,9770,boulder,Qualification,U17 Men,finished,2025-05-10 12:26:54 UTC,/api/v1/category_rounds/9770/results,boulder_one_group_ifsc_2025_two_courses,IFSC: 2 Courses 2025 (points),19,,,,,,,16324,A2,/api/v1/routes/16324/startlist,
/api/v1/events/1439/result/835,1439,full_results_url,IFSC Youth European Cup Graz 2025,BOULDER U17 Men,finished,2025-10-02 07:18:42 UTC,2025-05-11 09:56:34 UTC,,9770,boulder,Qualification,U17 Men,finished,2025-05-10 12:26:54 UTC,/api/v1/category_rounds/9770/results,boulder_one_group_ifsc_2025_two_courses,IFSC: 2 Courses 2025 (points),19,,,,,,,16325,A3,/api/v1/routes/16325/startlist,
/api/v1/events/1439/result/835,1439,full_results_url,IFSC Youth European Cup Graz 2025,BOULDER U17 Men,finished,2025-10-02 07:18:42 UTC,2025-05-11 09:56:34 UTC,,9770,boulder,Qualification,U17 Men,finished,2025-05-10 12:26:54 UTC,/api/v1/category_rounds/9770/results,boulder_one_group_ifsc_2025_two_courses,IFSC: 2 Courses 2025 (points),19,,,,,,,16326,B1,/api/v1/routes/16326/startlist,
/api/v1/events/1439/result/835,1439,full_results_url,IFSC Youth European Cup Graz 2025,BOULDER U17 Men,finished,2025-10-02 07:18:42 UTC,2025-05-11 09:56:34 UTC,,9770,boulder,Qualification,U17 Men,finished,2025-05-10 12:26:54 UTC,/api/v1/category_rounds/9770/results,boulder_one_group_ifsc_2025_two_courses,IFSC: 2 Courses 2025 (points),19,,,,,,,16327,B2,/api/v1/routes/16327/startlist,
/api/v1/events/1439/result/835,1439,full_results_url,IFSC Youth European Cup Graz 2025,BOULDER U17 Men,finished,2025-10-02 07:18:42 UTC,2025-05-11 09:56:34 UTC,,9770,boulder,Qualification,U17 Men,finished,2025-05-10 12:26:54 UTC,/api/v1/category_rounds/9770/results,boulder_one_group_ifsc_2025_two_courses,IFSC: 2 Courses 2025 (points),19,,,,,,,16328,B3,/api/v1/routes/16328/startlist,
/api/v1/events/1439/result/835,1439,full_results_url,IFSC Youth European Cup Graz 2025,BOULDER U17 Men,finished,2025-10-02 07:18:42 UTC,2025-05-11 09:56:34 UTC,,9979,boulder,Final,U17 Men,finished,2025-05-11 09:27:52 UTC,/api/v1/category_rounds/9979/results,boulder_one_group_ifsc_2025,IFSC: 1 group 2025 (points),21,,,,,,,16359,1,/api/v1/routes/16359/startlist,
/api/v1/events/1439/result/835,1439,full_results_url,IFSC Youth European Cup Graz 2025,BOULDER U17 Men,finished,2025-10-02 07:18:42 UTC,2025-05-11 09:56:34 UTC,,9979,boulder,Final,U17 Men,finished,2025-05-11 09:27:52 UTC,/api/v1/category_rounds/9979/results,boulder_one_group_ifsc_2025,IFSC: 1 group 2025 (points),21,,,,,,,16360,2,/api/v1/routes/16360/startlist,
/api/v1/events/1439/result/835,1439,full_results_url,IFSC Youth European Cup Graz 2025,BOULDER U17 Men,finished,2025-10-02 07:18:42 UTC,2025-05-11 09:56:34 UTC,,9979,boulder,Final,U17 Men,finished,2025-05-11 09:27:52 UTC,/api/v1/category_rounds/9979/results,boulder_one_group_ifsc_2025,IFSC: 1 group 2025 (points),21,,,,,,,16361,3,/api/v1/routes/16361/startlist,
/api/v1/events/1439/result/835,1439,full_results_url,IFSC Youth European Cup Graz 2025,BOULDER U17 Men,finished,2025-10-02 07:18:42 UTC,2025-05-11 09:56:34 UTC,,9979,boulder,Final,U17 Men,finished,2025-05-11 09:27:52 UTC,/api/v1/category_rounds/9979/results,boulder_one_group_ifsc_2025,IFSC: 1 group 2025 (points),21,,,,,,,16362,4,/api/v1/routes/16362/startlist,
/api/v1/events/1439/result/840,1439,full_results_url,IFSC Youth European Cup Graz 2025,BOULDER U17 Women,finished,2025-10-02 07:18:42 UTC,2025-05-11 10:00:36 UTC,,9771,boulder,Qualification,U17 Women,finished,2025-05-10 12:27:52 UTC,/api/v1/category_rounds/9771/results,boulder_one_group_ifsc_2025_two_courses,IFSC: 2 Courses 2025 (points),19,,,,,,,16329,A1,/api/v1/routes/16329/startlist,
/api/v1/events/1439/result/840,1439,full_results_url,IFSC Youth European Cup Graz 2025,BOULDER U17 Women,finished,2025-10-02 07:18:42 UTC,2025-05-11 10:00:36 UTC,,9771,boulder,Qualification,U17 Women,finished,2025-05-10 12:27:52 UTC,/api/v1/category_rounds/9771/results,boulder_one_group_ifsc_2025_two_courses,IFSC: 2 Courses 2025 (points),19,,,,,,,16330,A2,/api/v1/routes/16330/startlist,
/api/v1/events/1439/result/840,1439,full_results_url,IFSC Youth European Cup Graz 2025,BOULDER U17 Women,finished,2025-10-02 07:18:42 UTC,2025-05-11 10:00:36 UTC,,9771,boulder,Qualification,U17 Women,finished,2025-05-10 12:27:52 UTC,/api/v1/category_rounds/9771/results,boulder_one_group_ifsc_2025_two_courses,IFSC: 2 Courses 2025 (points),19,,,,,,,16331,A3,/api/v1/routes/16331/startlist,
/api/v1/events/1439/result/840,1439,full_results_url,IFSC Youth European Cup Graz 2025,BOULDER U17 Women,finished,2025-10-02 07:18:42 UTC,2025-05-11 10:00:36 UTC,,9771,boulder,Qualification,U17 Women,finished,2025-05-10 12:27:52 UTC,/api/v1/category_rounds/9771/results,boulder_one_group_ifsc_2025_two_courses,IFSC: 2 Courses 2025 (points),19,,,,,,,16332,B1,/api/v1/routes/16332/startlist,
/api/v1/events/1439/result/840,1439,full_results_url,IFSC Youth European Cup Graz 2025,BOULDER U17 Women,finished,2025-10-02 07:18:42 UTC,2025-05-11 10:00:36 UTC,,9771,boulder,Qualification,U17 Women,finished,2025-05-10 12:27:52 UTC,/api/v1/category_rounds/9771/results,boulder_one_group_ifsc_2025_two_courses,IFSC: 2 Courses 2025 (points),19,,,,,,,16333,B2,/api/v1/routes/16333/startlist,
/api/v1/events/1439/result/840,1439,full_results_url,IFSC Youth European Cup Graz 2025,BOULDER U17 Women,finished,2025-10-02 07:18:42 UTC,2025-05-11 10:00:36 UTC,,9771,boulder,Qualification,U17 Women,finished,2025-05-10 12:27:52 UTC,/api/v1/category_rounds/9771/results,boulder_one_group_ifsc_2025_two_courses,IFSC: 2 Courses 2025 (points),19,,,,,,,16334,B3,/api/v1/routes/16334/startlist,
/api/v1/events/1439/result/840,1439,full_results_url,IFSC Youth European Cup Graz 2025,BOULDER U17 Women,finished,2025-10-02 07:18:42 UTC,2025-05-11 10:00:36 UTC,,9980,boulder,Final,U17 Women,finished,2025-05-11 09:28:16 UTC,/api/v1/category_rounds/9980/results,boulder_one_group_ifsc_2025,IFSC: 1 group 2025 (points),21,,,,,,,16363,1,/api/v1/routes/16363/startlist,
/api/v1/events/1439/result/840,1439,full_results_url,IFSC Youth European Cup Graz 2025,BOULDER U17 Women,finished,2025-10-02 07:18:42 UTC,2025-05-11 10:00:36 UTC,,9980,boulder,Final,U17 Women,finished,2025-05-11 09:28:16 UTC,/api/v1/category_rounds/9980/results,boulder_one_group_ifsc_2025,IFSC: 1 group 2025 (points),21,,,,,,,16364,2,/api/v1/routes/16364/startlist,
/api/v1/events/1439/result/840,1439,full_results_url,IFSC Youth European Cup Graz 2025,BOULDER U17 Women,finished,2025-10-02 07:18:42 UTC,2025-05-11 10:00:36 UTC,,9980,boulder,Final,U17 Women,finished,2025-05-11 09:28:16 UTC,/api/v1/category_rounds/9980/results,boulder_one_group_ifsc_2025,IFSC: 1 group 2025 (points),21,,,,,,,16365,3,/api/v1/routes/16365/startlist,
/api/v1/events/1439/result/840,1439,full_results_url,IFSC Youth European Cup Graz 2025,BOULDER U17 Women,finished,2025-10-02 07:18:42 UTC,2025-05-11 10:00:36 UTC,,9980,boulder,Final,U17 Women,finished,2025-05-11 09:28:16 UTC,/api/v1/category_rounds/9980/results,boulder_one_group_ifsc_2025,IFSC: 1 group 2025 (points),21,,,,,,,16366,4,/api/v1/routes/16366/startlist,
/api/v1/events/1441/result/815,1441,full_results_url,IFSC Youth European Championships Curno 2025,BOULDER U21 Men,finished,2025-10-02 07:18:42 UTC,2026-04-22 08:20:17 UTC,,9772,boulder,Qualification,U21 Men,finished,2025-05-16 17:25:50 UTC,/api/v1/category_rounds/9772/results,boulder_one_group_ifsc_2025_two_courses,IFSC: 2 Courses 2025 (points),19,,,,,,,16391,A1,/api/v1/routes/16391/startlist,
/api/v1/events/1441/result/815,1441,full_results_url,IFSC Youth European Championships Curno 2025,BOULDER U21 Men,finished,2025-10-02 07:18:42 UTC,2026-04-22 08:20:17 UTC,,9772,boulder,Qualification,U21 Men,finished,2025-05-16 17:25:50 UTC,/api/v1/category_rounds/9772/results,boulder_one_group_ifsc_2025_two_courses,IFSC: 2 Courses 2025 (points),19,,,,,,,16392,A2,/api/v1/routes/16392/startlist,
/api/v1/events/1441/result/815,1441,full_results_url,IFSC Youth European Championships Curno 2025,BOULDER U21 Men,finished,2025-10-02 07:18:42 UTC,2026-04-22 08:20:17 UTC,,9772,boulder,Qualification,U21 Men,finished,2025-05-16 17:25:50 UTC,/api/v1/category_rounds/9772/results,boulder_one_group_ifsc_2025_two_courses,IFSC: 2 Courses 2025 (points),19,,,,,,,16393,A3,/api/v1/routes/16393/startlist,
/api/v1/events/1441/result/815,1441,full_results_url,IFSC Youth European Championships Curno 2025,BOULDER U21 Men,finished,2025-10-02 07:18:42 UTC,2026-04-22 08:20:17 UTC,,9772,boulder,Qualification,U21 Men,finished,2025-05-16 17:25:50 UTC,/api/v1/category_rounds/9772/results,boulder_one_group_ifsc_2025_two_courses,IFSC: 2 Courses 2025 (points),19,,,,,,,16394,B1,/api/v1/routes/16394/startlist,
/api/v1/events/1441/result/815,1441,full_results_url,IFSC Youth European Championships Curno 2025,BOULDER U21 Men,finished,2025-10-02 07:18:42 UTC,2026-04-22 08:20:17 UTC,,9772,boulder,Qualification,U21 Men,finished,2025-05-16 17:25:50 UTC,/api/v1/category_rounds/9772/results,boulder_one_group_ifsc_2025_two_courses,IFSC: 2 Courses 2025 (points),19,,,,,,,16395,B2,/api/v1/routes/16395/startlist,
/api/v1/events/1441/result/815,1441,full_results_url,IFSC Youth European Championships Curno 2025,BOULDER U21 Men,finished,2025-10-02 07:18:42 UTC,2026-04-22 08:20:17 UTC,,9772,boulder,Qualification,U21 Men,finished,2025-05-16 17:25:50 UTC,/api/v1/category_rounds/9772/results,boulder_one_group_ifsc_2025_two_courses,IFSC: 2 Courses 2025 (points),19,,,,,,,16396,B3,/api/v1/routes/16396/startlist,
/api/v1/events/1441/result/815,1441,full_results_url,IFSC Youth European Championships Curno 2025,BOULDER U21 Men,finished,2025-10-02 07:18:42 UTC,2026-04-22 08:20:17 UTC,,9991,boulder,Semi-Final,U21 Men,finished,2025-05-17 12:01:37 UTC,/api/v1/category_rounds/9991/results,boulder_one_group_ifsc_2025,IFSC: 1 group 2025 (points),20,,,,,,,16427,1,/api/v1/routes/16427/startlist,
/api/v1/events/1441/result/815,1441,full_results_url,IFSC Youth European Championships Curno 2025,BOULDER U21 Men,finished,2025-10-02 07:18:42 UTC,2026-04-22 08:20:17 UTC,,9991,boulder,Semi-Final,U21 Men,finished,2025-05-17 12:01:37 UTC,/api/v1/category_rounds/9991/results,boulder_one_group_ifsc_2025,IFSC: 1 group 2025 (points),20,,,,,,,16428,2,/api/v1/routes/16428/startlist,
/api/v1/events/1441/result/815,1441,full_results_url,IFSC Youth European Championships Curno 2025,BOULDER U21 Men,finished,2025-10-02 07:18:42 UTC,2026-04-22 08:20:17 UTC,,9991,boulder,Semi-Final,U21 Men,finished,2025-05-17 12:01:37 UTC,/api/v1/category_rounds/9991/results,boulder_one_group_ifsc_2025,IFSC: 1 group 2025 (points),20,,,,,,,16429,3,/api/v1/routes/16429/startlist,
/api/v1/events/1441/result/815,1441,full_results_url,IFSC Youth European Championships Curno 2025,BOULDER U21 Men,finished,2025-10-02 07:18:42 UTC,2026-04-22 08:20:17 UTC,,9991,boulder,Semi-Final,U21 Men,finished,2025-05-17 12:01:37 UTC,/api/v1/category_rounds/9991/results,boulder_one_group_ifsc_2025,IFSC: 1 group 2025 (points),20,,,,,,,16430,4,/api/v1/routes/16430/startlist,
/api/v1/events/1441/result/815,1441,full_results_url,IFSC Youth European Championships Curno 2025,BOULDER U21 Men,finished,2025-10-02 07:18:42 UTC,2026-04-22 08:20:17 UTC,,9997,boulder,Final,U21 Men,finished,2025-05-18 10:27:33 UTC,/api/v1/category_rounds/9997/results,boulder_one_group_ifsc_2025,IFSC: 1 group 2025 (points),21,,,,,,,16523,1,/api/v1/routes/16523/startlist,
/api/v1/events/1441/result/815,1441,full_results_url,IFSC Youth European Championships Curno 2025,BOULDER U21 Men,finished,2025-10-02 07:18:42 UTC,2026-04-22 08:20:17 UTC,,9997,boulder,Final,U21 Men,finished,2025-05-18 10:27:33 UTC,/api/v1/category_rounds/9997/results,boulder_one_group_ifsc_2025,IFSC: 1 group 2025 (points),21,,,,,,,16524,2,/api/v1/routes/16524/startlist,
/api/v1/events/1441/result/815,1441,full_results_url,IFSC Youth European Championships Curno 2025,BOULDER U21 Men,finished,2025-10-02 07:18:42 UTC,2026-04-22 08:20:17 UTC,,9997,boulder,Final,U21 Men,finished,2025-05-18 10:27:33 UTC,/api/v1/category_rounds/9997/results,boulder_one_group_ifsc_2025,IFSC: 1 group 2025 (points),21,,,,,,,16525,3,/api/v1/routes/16525/startlist,
/api/v1/events/1441/result/815,1441,full_results_url,IFSC Youth European Championships Curno 2025,BOULDER U21 Men,finished,2025-10-02 07:18:42 UTC,2026-04-22 08:20:17 UTC,,9997,boulder,Final,U21 Men,finished,2025-05-18 10:27:33 UTC,/api/v1/category_rounds/9997/results,boulder_one_group_ifsc_2025,IFSC: 1 group 2025 (points),21,,,,,,,16526,4,/api/v1/routes/16526/startlist,
/api/v1/events/1441/result/820,1441,full_results_url,IFSC Youth European Championships Curno 2025,BOULDER U21 Women,finished,2025-10-02 07:18:42 UTC,2026-04-22 08:20:21 UTC,,9773,boulder,Qualification,U21 Women,finished,2025-05-16 17:07:41 UTC,/api/v1/category_rounds/9773/results,boulder_one_group_ifsc_2025_two_courses,IFSC: 2 Courses 2025 (points),19,,,,,,,16397,A1,/api/v1/routes/16397/startlist,
/api/v1/events/1441/result/820,1441,full_results_url,IFSC Youth European Championships Curno 2025,BOULDER U21 Women,finished,2025-10-02 07:18:42 UTC,2026-04-22 08:20:21 UTC,,9773,boulder,Qualification,U21 Women,finished,2025-05-16 17:07:41 UTC,/api/v1/category_rounds/9773/results,boulder_one_group_ifsc_2025_two_courses,IFSC: 2 Courses 2025 (points),19,,,,,,,16398,A2,/api/v1/routes/16398/startlist,
/api/v1/events/1441/result/820,1441,full_results_url,IFSC Youth European Championships Curno 2025,BOULDER U21 Women,finished,2025-10-02 07:18:42 UTC,2026-04-22 08:20:21 UTC,,9773,boulder,Qualification,U21 Women,finished,2025-05-16 17:07:41 UTC,/api/v1/category_rounds/9773/results,boulder_one_group_ifsc_2025_two_courses,IFSC: 2 Courses 2025 (points),19,,,,,,,16399,A3,/api/v1/routes/16399/startlist,
/api/v1/events/1441/result/820,1441,full_results_url,IFSC Youth European Championships Curno 2025,BOULDER U21 Women,finished,2025-10-02 07:18:42 UTC,2026-04-22 08:20:21 UTC,,9773,boulder,Qualification,U21 Women,finished,2025-05-16 17:07:41 UTC,/api/v1/category_rounds/9773/results,boulder_one_group_ifsc_2025_two_courses,IFSC: 2 Courses 2025 (points),19,,,,,,,16400,B1,/api/v1/routes/16400/startlist,
/api/v1/events/1441/result/820,1441,full_results_url,IFSC Youth European Championships Curno 2025,BOULDER U21 Women,finished,2025-10-02 07:18:42 UTC,2026-04-22 08:20:21 UTC,,9773,boulder,Qualification,U21 Women,finished,2025-05-16 17:07:41 UTC,/api/v1/category_rounds/9773/results,boulder_one_group_ifsc_2025_two_courses,IFSC: 2 Courses 2025 (points),19,,,,,,,16401,B2,/api/v1/routes/16401/startlist,
/api/v1/events/1441/result/820,1441,full_results_url,IFSC Youth European Championships Curno 2025,BOULDER U21 Women,finished,2025-10-02 07:18:42 UTC,2026-04-22 08:20:21 UTC,,9773,boulder,Qualification,U21 Women,finished,2025-05-16 17:07:41 UTC,/api/v1/category_rounds/9773/results,boulder_one_group_ifsc_2025_two_courses,IFSC: 2 Courses 2025 (points),19,,,,,,,16402,B3,/api/v1/routes/16402/startlist,
/api/v1/events/1441/result/820,1441,full_results_url,IFSC Youth European Championships Curno 2025,BOULDER U21 Women,finished,2025-10-02 07:18:42 UTC,2026-04-22 08:20:21 UTC,,9992,boulder,Semi-Final,U21 Women,finished,2025-05-17 11:53:15 UTC,/api/v1/category_rounds/9992/results,boulder_one_group_ifsc_2025,IFSC: 1 group 2025 (points),20,,,,,,,16431,1,/api/v1/routes/16431/startlist,
/api/v1/events/1441/result/820,1441,full_results_url,IFSC Youth European Championships Curno 2025,BOULDER U21 Women,finished,2025-10-02 07:18:42 UTC,2026-04-22 08:20:21 UTC,,9992,boulder,Semi-Final,U21 Women,finished,2025-05-17 11:53:15 UTC,/api/v1/category_rounds/9992/results,boulder_one_group_ifsc_2025,IFSC: 1 group 2025 (points),20,,,,,,,16432,2,/api/v1/routes/16432/startlist,
/api/v1/events/1441/result/820,1441,full_results_url,IFSC Youth European Championships Curno 2025,BOULDER U21 Women,finished,2025-10-02 07:18:42 UTC,2026-04-22 08:20:21 UTC,,9992,boulder,Semi-Final,U21 Women,finished,2025-05-17 11:53:15 UTC,/api/v1/category_rounds/9992/results,boulder_one_group_ifsc_2025,IFSC: 1 group 2025 (points),20,,,,,,,16433,3,/api/v1/routes/16433/startlist,
/api/v1/events/1441/result/820,1441,full_results_url,IFSC Youth European Championships Curno 2025,BOULDER U21 Women,finished,2025-10-02 07:18:42 UTC,2026-04-22 08:20:21 UTC,,9992,boulder,Semi-Final,U21 Women,finished,2025-05-17 11:53:15 UTC,/api/v1/category_rounds/9992/results,boulder_one_group_ifsc_2025,IFSC: 1 group 2025 (points),20,,,,,,,16434,4,/api/v1/routes/16434/startlist,
/api/v1/events/1441/result/820,1441,full_results_url,IFSC Youth European Championships Curno 2025,BOULDER U21 Women,finished,2025-10-02 07:18:42 UTC,2026-04-22 08:20:21 UTC,,9998,boulder,Final,U21 Women,finished,2025-05-18 10:15:14 UTC,/api/v1/category_rounds/9998/results,boulder_one_group_ifsc_2025,IFSC: 1 group 2025 (points),21,,,,,,,16527,1,/api/v1/routes/16527/startlist,
/api/v1/events/1441/result/820,1441,full_results_url,IFSC Youth European Championships Curno 2025,BOULDER U21 Women,finished,2025-10-02 07:18:42 UTC,2026-04-22 08:20:21 UTC,,9998,boulder,Final,U21 Women,finished,2025-05-18 10:15:14 UTC,/api/v1/category_rounds/9998/results,boulder_one_group_ifsc_2025,IFSC: 1 group 2025 (points),21,,,,,,,16528,2,/api/v1/routes/16528/startlist,
/api/v1/events/1441/result/820,1441,full_results_url,IFSC Youth European Championships Curno 2025,BOULDER U21 Women,finished,2025-10-02 07:18:42 UTC,2026-04-22 08:20:21 UTC,,9998,boulder,Final,U21 Women,finished,2025-05-18 10:15:14 UTC,/api/v1/category_rounds/9998/results,boulder_one_group_ifsc_2025,IFSC: 1 group 2025 (points),21,,,,,,,16529,3,/api/v1/routes/16529/startlist,
/api/v1/events/1441/result/820,1441,full_results_url,IFSC Youth European Championships Curno 2025,BOULDER U21 Women,finished,2025-10-02 07:18:42 UTC,2026-04-22 08:20:21 UTC,,9998,boulder,Final,U21 Women,finished,2025-05-18 10:15:14 UTC,/api/v1/category_rounds/9998/results,boulder_one_group_ifsc_2025,IFSC: 1 group 2025 (points),21,,,,,,,16530,4,/api/v1/routes/16530/startlist,
/api/v1/events/1441/result/825,1441,full_results_url,IFSC Youth European Championships Curno 2025,BOULDER U19 Men,finished,2025-10-02 07:18:43 UTC,2026-04-22 08:20:25 UTC,,9774,boulder,Qualification,U19 Men,finished,2025-05-16 12:46:36 UTC,/api/v1/category_rounds/9774/results,boulder_one_group_ifsc_2025_two_courses,IFSC: 2 Courses 2025 (points),19,,,,,,,16403,A1,/api/v1/routes/16403/startlist,
/api/v1/events/1441/result/825,1441,full_results_url,IFSC Youth European Championships Curno 2025,BOULDER U19 Men,finished,2025-10-02 07:18:43 UTC,2026-04-22 08:20:25 UTC,,9774,boulder,Qualification,U19 Men,finished,2025-05-16 12:46:36 UTC,/api/v1/category_rounds/9774/results,boulder_one_group_ifsc_2025_two_courses,IFSC: 2 Courses 2025 (points),19,,,,,,,16404,A2,/api/v1/routes/16404/startlist,
/api/v1/events/1441/result/825,1441,full_results_url,IFSC Youth European Championships Curno 2025,BOULDER U19 Men,finished,2025-10-02 07:18:43 UTC,2026-04-22 08:20:25 UTC,,9774,boulder,Qualification,U19 Men,finished,2025-05-16 12:46:36 UTC,/api/v1/category_rounds/9774/results,boulder_one_group_ifsc_2025_two_courses,IFSC: 2 Courses 2025 (points),19,,,,,,,16405,A3,/api/v1/routes/16405/startlist,
/api/v1/events/1441/result/825,1441,full_results_url,IFSC Youth European Championships Curno 2025,BOULDER U19 Men,finished,2025-10-02 07:18:43 UTC,2026-04-22 08:20:25 UTC,,9774,boulder,Qualification,U19 Men,finished,2025-05-16 12:46:36 UTC,/api/v1/category_rounds/9774/results,boulder_one_group_ifsc_2025_two_courses,IFSC: 2 Courses 2025 (points),19,,,,,,,16406,B1,/api/v1/routes/16406/startlist,
/api/v1/events/1441/result/825,1441,full_results_url,IFSC Youth European Championships Curno 2025,BOULDER U19 Men,finished,2025-10-02 07:18:43 UTC,2026-04-22 08:20:25 UTC,,9774,boulder,Qualification,U19 Men,finished,2025-05-16 12:46:36 UTC,/api/v1/category_rounds/9774/results,boulder_one_group_ifsc_2025_two_courses,IFSC: 2 Courses 2025 (points),19,,,,,,,16407,B2,/api/v1/routes/16407/startlist,
/api/v1/events/1441/result/825,1441,full_results_url,IFSC Youth European Championships Curno 2025,BOULDER U19 Men,finished,2025-10-02 07:18:43 UTC,2026-04-22 08:20:25 UTC,,9774,boulder,Qualification,U19 Men,finished,2025-05-16 12:46:36 UTC,/api/v1/category_rounds/9774/results,boulder_one_group_ifsc_2025_two_courses,IFSC: 2 Courses 2025 (points),19,,,,,,,16408,B3,/api/v1/routes/16408/startlist,
/api/v1/events/1441/result/825,1441,full_results_url,IFSC Youth European Championships Curno 2025,BOULDER U19 Men,finished,2025-10-02 07:18:43 UTC,2026-04-22 08:20:25 UTC,,9993,boulder,Semi-Final,U19 Men,finished,2025-05-17 09:08:52 UTC,/api/v1/category_rounds/9993/results,boulder_one_group_ifsc_2025,IFSC: 1 group 2025 (points),20,,,,,,,16435,1,/api/v1/routes/16435/startlist,
/api/v1/events/1441/result/825,1441,full_results_url,IFSC Youth European Championships Curno 2025,BOULDER U19 Men,finished,2025-10-02 07:18:43 UTC,2026-04-22 08:20:25 UTC,,9993,boulder,Semi-Final,U19 Men,finished,2025-05-17 09:08:52 UTC,/api/v1/category_rounds/9993/results,boulder_one_group_ifsc_2025,IFSC: 1 group 2025 (points),20,,,,,,,16436,2,/api/v1/routes/16436/startlist,
/api/v1/events/1441/result/825,1441,full_results_url,IFSC Youth European Championships Curno 2025,BOULDER U19 Men,finished,2025-10-02 07:18:43 UTC,2026-04-22 08:20:25 UTC,,9993,boulder,Semi-Final,U19 Men,finished,2025-05-17 09:08:52 UTC,/api/v1/category_rounds/9993/results,boulder_one_group_ifsc_2025,IFSC: 1 group 2025 (points),20,,,,,,,16437,3,/api/v1/routes/16437/startlist,
/api/v1/events/1441/result/825,1441,full_results_url,IFSC Youth European Championships Curno 2025,BOULDER U19 Men,finished,2025-10-02 07:18:43 UTC,2026-04-22 08:20:25 UTC,,9993,boulder,Semi-Final,U19 Men,finished,2025-05-17 09:08:52 UTC,/api/v1/category_rounds/9993/results,boulder_one_group_ifsc_2025,IFSC: 1 group 2025 (points),20,,,,,,,16438,4,/api/v1/routes/16438/startlist,
/api/v1/events/1441/result/825,1441,full_results_url,IFSC Youth European Championships Curno 2025,BOULDER U19 Men,finished,2025-10-02 07:18:43 UTC,2026-04-22 08:20:25 UTC,,9999,boulder,Final,U19 Men,finished,2025-05-18 08:14:55 UTC,/api/v1/category_rounds/9999/results,boulder_one_group_ifsc_2025,IFSC: 1 group 2025 (points),21,,,,,,,16531,1,/api/v1/routes/16531/startlist,
/api/v1/events/1441/result/825,1441,full_results_url,IFSC Youth European Championships Curno 2025,BOULDER U19 Men,finished,2025-10-02 07:18:43 UTC,2026-04-22 08:20:25 UTC,,9999,boulder,Final,U19 Men,finished,2025-05-18 08:14:55 UTC,/api/v1/category_rounds/9999/results,boulder_one_group_ifsc_2025,IFSC: 1 group 2025 (points),21,,,,,,,16532,2,/api/v1/routes/16532/startlist,
/api/v1/events/1441/result/825,1441,full_results_url,IFSC Youth European Championships Curno 2025,BOULDER U19 Men,finished,2025-10-02 07:18:43 UTC,2026-04-22 08:20:25 UTC,,9999,boulder,Final,U19 Men,finished,2025-05-18 08:14:55 UTC,/api/v1/category_rounds/9999/results,boulder_one_group_ifsc_2025,IFSC: 1 group 2025 (points),21,,,,,,,16533,3,/api/v1/routes/16533/startlist,
/api/v1/events/1441/result/825,1441,full_results_url,IFSC Youth European Championships Curno 2025,BOULDER U19 Men,finished,2025-10-02 07:18:43 UTC,2026-04-22 08:20:25 UTC,,9999,boulder,Final,U19 Men,finished,2025-05-18 08:14:55 UTC,/api/v1/category_rounds/9999/results,boulder_one_group_ifsc_2025,IFSC: 1 group 2025 (points),21,,,,,,,16534,4,/api/v1/routes/16534/startlist,
/api/v1/events/1441/result/830,1441,full_results_url,IFSC Youth European Championships Curno 2025,BOULDER U19 Women,finished,2025-10-02 07:18:43 UTC,2026-04-22 08:20:29 UTC,,9775,boulder,Qualification,U19 Women,finished,2025-05-16 11:58:17 UTC,/api/v1/category_rounds/9775/results,boulder_one_group_ifsc_2025_two_courses,IFSC: 2 Courses 2025 (points),19,,,,,,,16409,A1,/api/v1/routes/16409/startlist,
/api/v1/events/1441/result/830,1441,full_results_url,IFSC Youth European Championships Curno 2025,BOULDER U19 Women,finished,2025-10-02 07:18:43 UTC,2026-04-22 08:20:29 UTC,,9775,boulder,Qualification,U19 Women,finished,2025-05-16 11:58:17 UTC,/api/v1/category_rounds/9775/results,boulder_one_group_ifsc_2025_two_courses,IFSC: 2 Courses 2025 (points),19,,,,,,,16410,A2,/api/v1/routes/16410/startlist,
/api/v1/events/1441/result/830,1441,full_results_url,IFSC Youth European Championships Curno 2025,BOULDER U19 Women,finished,2025-10-02 07:18:43 UTC,2026-04-22 08:20:29 UTC,,9775,boulder,Qualification,U19 Women,finished,2025-05-16 11:58:17 UTC,/api/v1/category_rounds/9775/results,boulder_one_group_ifsc_2025_two_courses,IFSC: 2 Courses 2025 (points),19,,,,,,,16411,A3,/api/v1/routes/16411/startlist,
/api/v1/events/1441/result/830,1441,full_results_url,IFSC Youth European Championships Curno 2025,BOULDER U19 Women,finished,2025-10-02 07:18:43 UTC,2026-04-22 08:20:29 UTC,,9775,boulder,Qualification,U19 Women,finished,2025-05-16 11:58:17 UTC,/api/v1/category_rounds/9775/results,boulder_one_group_ifsc_2025_two_courses,IFSC: 2 Courses 2025 (points),19,,,,,,,16412,B1,/api/v1/routes/16412/startlist,
/api/v1/events/1441/result/830,1441,full_results_url,IFSC Youth European Championships Curno 2025,BOULDER U19 Women,finished,2025-10-02 07:18:43 UTC,2026-04-22 08:20:29 UTC,,9775,boulder,Qualification,U19 Women,finished,2025-05-16 11:58:17 UTC,/api/v1/category_rounds/9775/results,boulder_one_group_ifsc_2025_two_courses,IFSC: 2 Courses 2025 (points),19,,,,,,,16413,B2,/api/v1/routes/16413/startlist,
/api/v1/events/1441/result/830,1441,full_results_url,IFSC Youth European Championships Curno 2025,BOULDER U19 Women,finished,2025-10-02 07:18:43 UTC,2026-04-22 08:20:29 UTC,,9775,boulder,Qualification,U19 Women,finished,2025-05-16 11:58:17 UTC,/api/v1/category_rounds/9775/results,boulder_one_group_ifsc_2025_two_courses,IFSC: 2 Courses 2025 (points),19,,,,,,,16414,B3,/api/v1/routes/16414/startlist,
/api/v1/events/1441/result/830,1441,full_results_url,IFSC Youth European Championships Curno 2025,BOULDER U19 Women,finished,2025-10-02 07:18:43 UTC,2026-04-22 08:20:29 UTC,,9994,boulder,Semi-Final,U19 Women,finished,2025-05-17 09:15:58 UTC,/api/v1/category_rounds/9994/results,boulder_one_group_ifsc_2025,IFSC: 1 group 2025 (points),20,,,,,,,16439,1,/api/v1/routes/16439/startlist,
/api/v1/events/1441/result/830,1441,full_results_url,IFSC Youth European Championships Curno 2025,BOULDER U19 Women,finished,2025-10-02 07:18:43 UTC,2026-04-22 08:20:29 UTC,,9994,boulder,Semi-Final,U19 Women,finished,2025-05-17 09:15:58 UTC,/api/v1/category_rounds/9994/results,boulder_one_group_ifsc_2025,IFSC: 1 group 2025 (points),20,,,,,,,16440,2,/api/v1/routes/16440/startlist,
/api/v1/events/1441/result/830,1441,full_results_url,IFSC Youth European Championships Curno 2025,BOULDER U19 Women,finished,2025-10-02 07:18:43 UTC,2026-04-22 08:20:29 UTC,,9994,boulder,Semi-Final,U19 Women,finished,2025-05-17 09:15:58 UTC,/api/v1/category_rounds/9994/results,boulder_one_group_ifsc_2025,IFSC: 1 group 2025 (points),20,,,,,,,16441,3,/api/v1/routes/16441/startlist,
/api/v1/events/1441/result/830,1441,full_results_url,IFSC Youth European Championships Curno 2025,BOULDER U19 Women,finished,2025-10-02 07:18:43 UTC,2026-04-22 08:20:29 UTC,,9994,boulder,Semi-Final,U19 Women,finished,2025-05-17 09:15:58 UTC,/api/v1/category_rounds/9994/results,boulder_one_group_ifsc_2025,IFSC: 1 group 2025 (points),20,,,,,,,16442,4,/api/v1/routes/16442/startlist,
/api/v1/events/1441/result/830,1441,full_results_url,IFSC Youth European Championships Curno 2025,BOULDER U19 Women,finished,2025-10-02 07:18:43 UTC,2026-04-22 08:20:29 UTC,,10000,boulder,Final,U19 Women,finished,2025-05-18 08:13:22 UTC,/api/v1/category_rounds/10000/results,boulder_one_group_ifsc_2025,IFSC: 1 group 2025 (points),21,,,,,,,16535,1,/api/v1/routes/16535/startlist,
/api/v1/events/1441/result/830,1441,full_results_url,IFSC Youth European Championships Curno 2025,BOULDER U19 Women,finished,2025-10-02 07:18:43 UTC,2026-04-22 08:20:29 UTC,,10000,boulder,Final,U19 Women,finished,2025-05-18 08:13:22 UTC,/api/v1/category_rounds/10000/results,boulder_one_group_ifsc_2025,IFSC: 1 group 2025 (points),21,,,,,,,16536,2,/api/v1/routes/16536/startlist,
/api/v1/events/1441/result/830,1441,full_results_url,IFSC Youth European Championships Curno 2025,BOULDER U19 Women,finished,2025-10-02 07:18:43 UTC,2026-04-22 08:20:29 UTC,,10000,boulder,Final,U19 Women,finished,2025-05-18 08:13:22 UTC,/api/v1/category_rounds/10000/results,boulder_one_group_ifsc_2025,IFSC: 1 group 2025 (points),21,,,,,,,16537,3,/api/v1/routes/16537/startlist,
/api/v1/events/1441/result/830,1441,full_results_url,IFSC Youth European Championships Curno 2025,BOULDER U19 Women,finished,2025-10-02 07:18:43 UTC,2026-04-22 08:20:29 UTC,,10000,boulder,Final,U19 Women,finished,2025-05-18 08:13:22 UTC,/api/v1/category_rounds/10000/results,boulder_one_group_ifsc_2025,IFSC: 1 group 2025 (points),21,,,,,,,16538,4,/api/v1/routes/16538/startlist,
/api/v1/events/1441/result/835,1441,full_results_url,IFSC Youth European Championships Curno 2025,BOULDER U17 Men,finished,2025-10-02 07:18:43 UTC,2026-04-22 08:20:33 UTC,,9776,boulder,Qualification,U17 Men,finished,2025-05-15 15:46:33 UTC,/api/v1/category_rounds/9776/results,boulder_one_group_ifsc_2025_two_courses,IFSC: 2 Courses 2025 (points),19,,,,,,,16415,A1,/api/v1/routes/16415/startlist,
/api/v1/events/1441/result/835,1441,full_results_url,IFSC Youth European Championships Curno 2025,BOULDER U17 Men,finished,2025-10-02 07:18:43 UTC,2026-04-22 08:20:33 UTC,,9776,boulder,Qualification,U17 Men,finished,2025-05-15 15:46:33 UTC,/api/v1/category_rounds/9776/results,boulder_one_group_ifsc_2025_two_courses,IFSC: 2 Courses 2025 (points),19,,,,,,,16416,A2,/api/v1/routes/16416/startlist,
/api/v1/events/1441/result/835,1441,full_results_url,IFSC Youth European Championships Curno 2025,BOULDER U17 Men,finished,2025-10-02 07:18:43 UTC,2026-04-22 08:20:33 UTC,,9776,boulder,Qualification,U17 Men,finished,2025-05-15 15:46:33 UTC,/api/v1/category_rounds/9776/results,boulder_one_group_ifsc_2025_two_courses,IFSC: 2 Courses 2025 (points),19,,,,,,,16417,A3,/api/v1/routes/16417/startlist,
/api/v1/events/1441/result/835,1441,full_results_url,IFSC Youth European Championships Curno 2025,BOULDER U17 Men,finished,2025-10-02 07:18:43 UTC,2026-04-22 08:20:33 UTC,,9776,boulder,Qualification,U17 Men,finished,2025-05-15 15:46:33 UTC,/api/v1/category_rounds/9776/results,boulder_one_group_ifsc_2025_two_courses,IFSC: 2 Courses 2025 (points),19,,,,,,,16418,B1,/api/v1/routes/16418/startlist,
/api/v1/events/1441/result/835,1441,full_results_url,IFSC Youth European Championships Curno 2025,BOULDER U17 Men,finished,2025-10-02 07:18:43 UTC,2026-04-22 08:20:33 UTC,,9776,boulder,Qualification,U17 Men,finished,2025-05-15 15:46:33 UTC,/api/v1/category_rounds/9776/results,boulder_one_group_ifsc_2025_two_courses,IFSC: 2 Courses 2025 (points),19,,,,,,,16419,B2,/api/v1/routes/16419/startlist,
/api/v1/events/1441/result/835,1441,full_results_url,IFSC Youth European Championships Curno 2025,BOULDER U17 Men,finished,2025-10-02 07:18:43 UTC,2026-04-22 08:20:33 UTC,,9776,boulder,Qualification,U17 Men,finished,2025-05-15 15:46:33 UTC,/api/v1/category_rounds/9776/results,boulder_one_group_ifsc_2025_two_courses,IFSC: 2 Courses 2025 (points),19,,,,,,,16420,B3,/api/v1/routes/16420/startlist,
/api/v1/events/1441/result/835,1441,full_results_url,IFSC Youth European Championships Curno 2025,BOULDER U17 Men,finished,2025-10-02 07:18:43 UTC,2026-04-22 08:20:33 UTC,,9995,boulder,Semi-Final,U17 Men,finished,2025-05-17 15:08:37 UTC,/api/v1/category_rounds/9995/results,boulder_one_group_ifsc_2025,IFSC: 1 group 2025 (points),20,,,,,,,16443,1,/api/v1/routes/16443/startlist,
/api/v1/events/1441/result/835,1441,full_results_url,IFSC Youth European Championships Curno 2025,BOULDER U17 Men,finished,2025-10-02 07:18:43 UTC,2026-04-22 08:20:33 UTC,,9995,boulder,Semi-Final,U17 Men,finished,2025-05-17 15:08:37 UTC,/api/v1/category_rounds/9995/results,boulder_one_group_ifsc_2025,IFSC: 1 group 2025 (points),20,,,,,,,16444,2,/api/v1/routes/16444/startlist,
/api/v1/events/1441/result/835,1441,full_results_url,IFSC Youth European Championships Curno 2025,BOULDER U17 Men,finished,2025-10-02 07:18:43 UTC,2026-04-22 08:20:33 UTC,,9995,boulder,Semi-Final,U17 Men,finished,2025-05-17 15:08:37 UTC,/api/v1/category_rounds/9995/results,boulder_one_group_ifsc_2025,IFSC: 1 group 2025 (points),20,,,,,,,16445,3,/api/v1/routes/16445/startlist,
/api/v1/events/1441/result/835,1441,full_results_url,IFSC Youth European Championships Curno 2025,BOULDER U17 Men,finished,2025-10-02 07:18:43 UTC,2026-04-22 08:20:33 UTC,,9995,boulder,Semi-Final,U17 Men,finished,2025-05-17 15:08:37 UTC,/api/v1/category_rounds/9995/results,boulder_one_group_ifsc_2025,IFSC: 1 group 2025 (points),20,,,,,,,16446,4,/api/v1/routes/16446/startlist,
/api/v1/events/1441/result/835,1441,full_results_url,IFSC Youth European Championships Curno 2025,BOULDER U17 Men,finished,2025-10-02 07:18:43 UTC,2026-04-22 08:20:33 UTC,,10001,boulder,Final,U17 Men,finished,2025-05-18 13:29:35 UTC,/api/v1/category_rounds/10001/results,boulder_one_group_ifsc_2025,IFSC: 1 group 2025 (points),21,,,,,,,16539,1,/api/v1/routes/16539/startlist,
/api/v1/events/1441/result/835,1441,full_results_url,IFSC Youth European Championships Curno 2025,BOULDER U17 Men,finished,2025-10-02 07:18:43 UTC,2026-04-22 08:20:33 UTC,,10001,boulder,Final,U17 Men,finished,2025-05-18 13:29:35 UTC,/api/v1/category_rounds/10001/results,boulder_one_group_ifsc_2025,IFSC: 1 group 2025 (points),21,,,,,,,16540,2,/api/v1/routes/16540/startlist,
/api/v1/events/1441/result/835,1441,full_results_url,IFSC Youth European Championships Curno 2025,BOULDER U17 Men,finished,2025-10-02 07:18:43 UTC,2026-04-22 08:20:33 UTC,,10001,boulder,Final,U17 Men,finished,2025-05-18 13:29:35 UTC,/api/v1/category_rounds/10001/results,boulder_one_group_ifsc_2025,IFSC: 1 group 2025 (points),21,,,,,,,16541,3,/api/v1/routes/16541/startlist,
/api/v1/events/1441/result/835,1441,full_results_url,IFSC Youth European Championships Curno 2025,BOULDER U17 Men,finished,2025-10-02 07:18:43 UTC,2026-04-22 08:20:33 UTC,,10001,boulder,Final,U17 Men,finished,2025-05-18 13:29:35 UTC,/api/v1/category_rounds/10001/results,boulder_one_group_ifsc_2025,IFSC: 1 group 2025 (points),21,,,,,,,16542,4,/api/v1/routes/16542/startlist,
/api/v1/events/1441/result/840,1441,full_results_url,IFSC Youth European Championships Curno 2025,BOULDER U17 Women,finished,2025-10-02 07:18:43 UTC,2026-04-22 08:20:38 UTC,,9777,boulder,Qualification,U17 Women,finished,2025-05-15 16:11:46 UTC,/api/v1/category_rounds/9777/results,boulder_one_group_ifsc_2025_two_courses,IFSC: 2 Courses 2025 (points),19,,,,,,,16421,A1,/api/v1/routes/16421/startlist,
/api/v1/events/1441/result/840,1441,full_results_url,IFSC Youth European Championships Curno 2025,BOULDER U17 Women,finished,2025-10-02 07:18:43 UTC,2026-04-22 08:20:38 UTC,,9777,boulder,Qualification,U17 Women,finished,2025-05-15 16:11:46 UTC,/api/v1/category_rounds/9777/results,boulder_one_group_ifsc_2025_two_courses,IFSC: 2 Courses 2025 (points),19,,,,,,,16422,A2,/api/v1/routes/16422/startlist,
/api/v1/events/1441/result/840,1441,full_results_url,IFSC Youth European Championships Curno 2025,BOULDER U17 Women,finished,2025-10-02 07:18:43 UTC,2026-04-22 08:20:38 UTC,,9777,boulder,Qualification,U17 Women,finished,2025-05-15 16:11:46 UTC,/api/v1/category_rounds/9777/results,boulder_one_group_ifsc_2025_two_courses,IFSC: 2 Courses 2025 (points),19,,,,,,,16423,A3,/api/v1/routes/16423/startlist,
/api/v1/events/1441/result/840,1441,full_results_url,IFSC Youth European Championships Curno 2025,BOULDER U17 Women,finished,2025-10-02 07:18:43 UTC,2026-04-22 08:20:38 UTC,,9777,boulder,Qualification,U17 Women,finished,2025-05-15 16:11:46 UTC,/api/v1/category_rounds/9777/results,boulder_one_group_ifsc_2025_two_courses,IFSC: 2 Courses 2025 (points),19,,,,,,,16424,B1,/api/v1/routes/16424/startlist,
/api/v1/events/1441/result/840,1441,full_results_url,IFSC Youth European Championships Curno 2025,BOULDER U17 Women,finished,2025-10-02 07:18:43 UTC,2026-04-22 08:20:38 UTC,,9777,boulder,Qualification,U17 Women,finished,2025-05-15 16:11:46 UTC,/api/v1/category_rounds/9777/results,boulder_one_group_ifsc_2025_two_courses,IFSC: 2 Courses 2025 (points),19,,,,,,,16425,B2,/api/v1/routes/16425/startlist,
/api/v1/events/1441/result/840,1441,full_results_url,IFSC Youth European Championships Curno 2025,BOULDER U17 Women,finished,2025-10-02 07:18:43 UTC,2026-04-22 08:20:38 UTC,,9777,boulder,Qualification,U17 Women,finished,2025-05-15 16:11:46 UTC,/api/v1/category_rounds/9777/results,boulder_one_group_ifsc_2025_two_courses,IFSC: 2 Courses 2025 (points),19,,,,,,,16426,B3,/api/v1/routes/16426/startlist,
/api/v1/events/1441/result/840,1441,full_results_url,IFSC Youth European Championships Curno 2025,BOULDER U17 Women,finished,2025-10-02 07:18:43 UTC,2026-04-22 08:20:38 UTC,,9996,boulder,Semi-Final,U17 Women,finished,2025-05-17 15:11:41 UTC,/api/v1/category_rounds/9996/results,boulder_one_group_ifsc_2025,IFSC: 1 group 2025 (points),20,,,,,,,16447,1,/api/v1/routes/16447/startlist,
/api/v1/events/1441/result/840,1441,full_results_url,IFSC Youth European Championships Curno 2025,BOULDER U17 Women,finished,2025-10-02 07:18:43 UTC,2026-04-22 08:20:38 UTC,,9996,boulder,Semi-Final,U17 Women,finished,2025-05-17 15:11:41 UTC,/api/v1/category_rounds/9996/results,boulder_one_group_ifsc_2025,IFSC: 1 group 2025 (points),20,,,,,,,16448,2,/api/v1/routes/16448/startlist,
/api/v1/events/1441/result/840,1441,full_results_url,IFSC Youth European Championships Curno 2025,BOULDER U17 Women,finished,2025-10-02 07:18:43 UTC,2026-04-22 08:20:38 UTC,,9996,boulder,Semi-Final,U17 Women,finished,2025-05-17 15:11:41 UTC,/api/v1/category_rounds/9996/results,boulder_one_group_ifsc_2025,IFSC: 1 group 2025 (points),20,,,,,,,16449,3,/api/v1/routes/16449/startlist,
/api/v1/events/1441/result/840,1441,full_results_url,IFSC Youth European Championships Curno 2025,BOULDER U17 Women,finished,2025-10-02 07:18:43 UTC,2026-04-22 08:20:38 UTC,,9996,boulder,Semi-Final,U17 Women,finished,2025-05-17 15:11:41 UTC,/api/v1/category_rounds/9996/results,boulder_one_group_ifsc_2025,IFSC: 1 group 2025 (points),20,,,,,,,16450,4,/api/v1/routes/16450/startlist,
/api/v1/events/1441/result/840,1441,full_results_url,IFSC Youth European Championships Curno 2025,BOULDER U17 Women,finished,2025-10-02 07:18:43 UTC,2026-04-22 08:20:38 UTC,,10002,boulder,Final,U17 Women,finished,2025-05-18 13:28:41 UTC,/api/v1/category_rounds/10002/results,boulder_one_group_ifsc_2025,IFSC: 1 group 2025 (points),21,,,,,,,16543,1,/api/v1/routes/16543/startlist,
/api/v1/events/1441/result/840,1441,full_results_url,IFSC Youth European Championships Curno 2025,BOULDER U17 Women,finished,2025-10-02 07:18:43 UTC,2026-04-22 08:20:38 UTC,,10002,boulder,Final,U17 Women,finished,2025-05-18 13:28:41 UTC,/api/v1/category_rounds/10002/results,boulder_one_group_ifsc_2025,IFSC: 1 group 2025 (points),21,,,,,,,16544,2,/api/v1/routes/16544/startlist,
/api/v1/events/1441/result/840,1441,full_results_url,IFSC Youth European Championships Curno 2025,BOULDER U17 Women,finished,2025-10-02 07:18:43 UTC,2026-04-22 08:20:38 UTC,,10002,boulder,Final,U17 Women,finished,2025-05-18 13:28:41 UTC,/api/v1/category_rounds/10002/results,boulder_one_group_ifsc_2025,IFSC: 1 group 2025 (points),21,,,,,,,16545,3,/api/v1/routes/16545/startlist,
/api/v1/events/1441/result/840,1441,full_results_url,IFSC Youth European Championships Curno 2025,BOULDER U17 Women,finished,2025-10-02 07:18:43 UTC,2026-04-22 08:20:38 UTC,,10002,boulder,Final,U17 Women,finished,2025-05-18 13:28:41 UTC,/api/v1/category_rounds/10002/results,boulder_one_group_ifsc_2025,IFSC: 1 group 2025 (points),21,,,,,,,16546,4,/api/v1/routes/16546/startlist,
/api/v1/events/1408/result/3,1408,full_results_url,IFSC World Cup Curitiba 2025,BOULDER Men,finished,2025-10-02 07:18:42 UTC,2026-04-22 08:20:42 UTC,,9391,boulder,Qualification,Men,finished,2025-05-16 18:45:24 UTC,/api/v1/category_rounds/9391/results,boulder_one_group_ifsc_2025,IFSC: 1 group 2025 (points),1,,,,,,,16547,1,/api/v1/routes/16547/startlist,
/api/v1/events/1408/result/3,1408,full_results_url,IFSC World Cup Curitiba 2025,BOULDER Men,finished,2025-10-02 07:18:42 UTC,2026-04-22 08:20:42 UTC,,9391,boulder,Qualification,Men,finished,2025-05-16 18:45:24 UTC,/api/v1/category_rounds/9391/results,boulder_one_group_ifsc_2025,IFSC: 1 group 2025 (points),1,,,,,,,16548,2,/api/v1/routes/16548/startlist,
/api/v1/events/1408/result/3,1408,full_results_url,IFSC World Cup Curitiba 2025,BOULDER Men,finished,2025-10-02 07:18:42 UTC,2026-04-22 08:20:42 UTC,,9391,boulder,Qualification,Men,finished,2025-05-16 18:45:24 UTC,/api/v1/category_rounds/9391/results,boulder_one_group_ifsc_2025,IFSC: 1 group 2025 (points),1,,,,,,,16549,3,/api/v1/routes/16549/startlist,
/api/v1/events/1408/result/3,1408,full_results_url,IFSC World Cup Curitiba 2025,BOULDER Men,finished,2025-10-02 07:18:42 UTC,2026-04-22 08:20:42 UTC,,9391,boulder,Qualification,Men,finished,2025-05-16 18:45:24 UTC,/api/v1/category_rounds/9391/results,boulder_one_group_ifsc_2025,IFSC: 1 group 2025 (points),1,,,,,,,16550,4,/api/v1/routes/16550/startlist,
/api/v1/events/1408/result/3,1408,full_results_url,IFSC World Cup Curitiba 2025,BOULDER Men,finished,2025-10-02 07:18:42 UTC,2026-04-22 08:20:42 UTC,,9391,boulder,Qualification,Men,finished,2025-05-16 18:45:24 UTC,/api/v1/category_rounds/9391/results,boulder_one_group_ifsc_2025,IFSC: 1 group 2025 (points),1,,,,,,,16551,5,/api/v1/routes/16551/startlist,
/api/v1/events/1408/result/3,1408,full_results_url,IFSC World Cup Curitiba 2025,BOULDER Men,finished,2025-10-02 07:18:42 UTC,2026-04-22 08:20:42 UTC,,9987,boulder,Semi-final,Men,finished,2025-05-17 15:46:22 UTC,/api/v1/category_rounds/9987/results,boulder_one_group_ifsc_2025,IFSC: 1 group 2025 (points),2,,,,,,,16375,1,/api/v1/routes/16375/startlist,
/api/v1/events/1408/result/3,1408,full_results_url,IFSC World Cup Curitiba 2025,BOULDER Men,finished,2025-10-02 07:18:42 UTC,2026-04-22 08:20:42 UTC,,9987,boulder,Semi-final,Men,finished,2025-05-17 15:46:22 UTC,/api/v1/category_rounds/9987/results,boulder_one_group_ifsc_2025,IFSC: 1 group 2025 (points),2,,,,,,,16376,2,/api/v1/routes/16376/startlist,
/api/v1/events/1408/result/3,1408,full_results_url,IFSC World Cup Curitiba 2025,BOULDER Men,finished,2025-10-02 07:18:42 UTC,2026-04-22 08:20:42 UTC,,9987,boulder,Semi-final,Men,finished,2025-05-17 15:46:22 UTC,/api/v1/category_rounds/9987/results,boulder_one_group_ifsc_2025,IFSC: 1 group 2025 (points),2,,,,,,,16377,3,/api/v1/routes/16377/startlist,
/api/v1/events/1408/result/3,1408,full_results_url,IFSC World Cup Curitiba 2025,BOULDER Men,finished,2025-10-02 07:18:42 UTC,2026-04-22 08:20:42 UTC,,9987,boulder,Semi-final,Men,finished,2025-05-17 15:46:22 UTC,/api/v1/category_rounds/9987/results,boulder_one_group_ifsc_2025,IFSC: 1 group 2025 (points),2,,,,,,,16378,4,/api/v1/routes/16378/startlist,
/api/v1/events/1408/result/3,1408,full_results_url,IFSC World Cup Curitiba 2025,BOULDER Men,finished,2025-10-02 07:18:42 UTC,2026-04-22 08:20:42 UTC,,9989,boulder,Final,Men,finished,2025-05-17 22:15:52 UTC,/api/v1/category_rounds/9989/results,boulder_finals_ifsc_2025,IFSC: finals 2025 (points),3,,,,,,,16383,1,/api/v1/routes/16383/startlist,
/api/v1/events/1408/result/3,1408,full_results_url,IFSC World Cup Curitiba 2025,BOULDER Men,finished,2025-10-02 07:18:42 UTC,2026-04-22 08:20:42 UTC,,9989,boulder,Final,Men,finished,2025-05-17 22:15:52 UTC,/api/v1/category_rounds/9989/results,boulder_finals_ifsc_2025,IFSC: finals 2025 (points),3,,,,,,,16384,2,/api/v1/routes/16384/startlist,
/api/v1/events/1408/result/3,1408,full_results_url,IFSC World Cup Curitiba 2025,BOULDER Men,finished,2025-10-02 07:18:42 UTC,2026-04-22 08:20:42 UTC,,9989,boulder,Final,Men,finished,2025-05-17 22:15:52 UTC,/api/v1/category_rounds/9989/results,boulder_finals_ifsc_2025,IFSC: finals 2025 (points),3,,,,,,,16385,3,/api/v1/routes/16385/startlist,
/api/v1/events/1408/result/3,1408,full_results_url,IFSC World Cup Curitiba 2025,BOULDER Men,finished,2025-10-02 07:18:42 UTC,2026-04-22 08:20:42 UTC,,9989,boulder,Final,Men,finished,2025-05-17 22:15:52 UTC,/api/v1/category_rounds/9989/results,boulder_finals_ifsc_2025,IFSC: finals 2025 (points),3,,,,,,,16386,4,/api/v1/routes/16386/startlist,
/api/v1/events/1408/result/7,1408,full_results_url,IFSC World Cup Curitiba 2025,BOULDER Women,finished,2025-10-02 07:18:42 UTC,2026-04-22 08:20:46 UTC,,9392,boulder,Qualification,Women,finished,2025-05-16 18:41:09 UTC,/api/v1/category_rounds/9392/results,boulder_one_group_ifsc_2025,IFSC: 1 group 2025 (points),1,,,,,,,16552,1,/api/v1/routes/16552/startlist,
/api/v1/events/1408/result/7,1408,full_results_url,IFSC World Cup Curitiba 2025,BOULDER Women,finished,2025-10-02 07:18:42 UTC,2026-04-22 08:20:46 UTC,,9392,boulder,Qualification,Women,finished,2025-05-16 18:41:09 UTC,/api/v1/category_rounds/9392/results,boulder_one_group_ifsc_2025,IFSC: 1 group 2025 (points),1,,,,,,,16553,2,/api/v1/routes/16553/startlist,
/api/v1/events/1408/result/7,1408,full_results_url,IFSC World Cup Curitiba 2025,BOULDER Women,finished,2025-10-02 07:18:42 UTC,2026-04-22 08:20:46 UTC,,9392,boulder,Qualification,Women,finished,2025-05-16 18:41:09 UTC,/api/v1/category_rounds/9392/results,boulder_one_group_ifsc_2025,IFSC: 1 group 2025 (points),1,,,,,,,16554,3,/api/v1/routes/16554/startlist,
/api/v1/events/1408/result/7,1408,full_results_url,IFSC World Cup Curitiba 2025,BOULDER Women,finished,2025-10-02 07:18:42 UTC,2026-04-22 08:20:46 UTC,,9392,boulder,Qualification,Women,finished,2025-05-16 18:41:09 UTC,/api/v1/category_rounds/9392/results,boulder_one_group_ifsc_2025,IFSC: 1 group 2025 (points),1,,,,,,,16555,4,/api/v1/routes/16555/startlist,
/api/v1/events/1408/result/7,1408,full_results_url,IFSC World Cup Curitiba 2025,BOULDER Women,finished,2025-10-02 07:18:42 UTC,2026-04-22 08:20:46 UTC,,9392,boulder,Qualification,Women,finished,2025-05-16 18:41:09 UTC,/api/v1/category_rounds/9392/results,boulder_one_group_ifsc_2025,IFSC: 1 group 2025 (points),1,,,,,,,16556,5,/api/v1/routes/16556/startlist,
/api/v1/events/1408/result/7,1408,full_results_url,IFSC World Cup Curitiba 2025,BOULDER Women,finished,2025-10-02 07:18:42 UTC,2026-04-22 08:20:46 UTC,,9988,boulder,Semi-final,Women,finished,2025-05-18 15:42:29 UTC,/api/v1/category_rounds/9988/results,boulder_one_group_ifsc_2025,IFSC: 1 group 2025 (points),2,,,,,,,16379,1,/api/v1/routes/16379/startlist,
/api/v1/events/1408/result/7,1408,full_results_url,IFSC World Cup Curitiba 2025,BOULDER Women,finished,2025-10-02 07:18:42 UTC,2026-04-22 08:20:46 UTC,,9988,boulder,Semi-final,Women,finished,2025-05-18 15:42:29 UTC,/api/v1/category_rounds/9988/results,boulder_one_group_ifsc_2025,IFSC: 1 group 2025 (points),2,,,,,,,16380,2,/api/v1/routes/16380/startlist,
/api/v1/events/1408/result/7,1408,full_results_url,IFSC World Cup Curitiba 2025,BOULDER Women,finished,2025-10-02 07:18:42 UTC,2026-04-22 08:20:46 UTC,,9988,boulder,Semi-final,Women,finished,2025-05-18 15:42:29 UTC,/api/v1/category_rounds/9988/results,boulder_one_group_ifsc_2025,IFSC: 1 group 2025 (points),2,,,,,,,16381,3,/api/v1/routes/16381/startlist,
/api/v1/events/1408/result/7,1408,full_results_url,IFSC World Cup Curitiba 2025,BOULDER Women,finished,2025-10-02 07:18:42 UTC,2026-04-22 08:20:46 UTC,,9988,boulder,Semi-final,Women,finished,2025-05-18 15:42:29 UTC,/api/v1/category_rounds/9988/results,boulder_one_group_ifsc_2025,IFSC: 1 group 2025 (points),2,,,,,,,16382,4,/api/v1/routes/16382/startlist,
/api/v1/events/1408/result/7,1408,full_results_url,IFSC World Cup Curitiba 2025,BOULDER Women,finished,2025-10-02 07:18:42 UTC,2026-04-22 08:20:46 UTC,,9990,boulder,Final,Women,finished,2025-05-18 22:05:09 UTC,/api/v1/category_rounds/9990/results,boulder_finals_ifsc_2025,IFSC: finals 2025 (points),3,,,,,,,16387,1,/api/v1/routes/16387/startlist,
/api/v1/events/1408/result/7,1408,full_results_url,IFSC World Cup Curitiba 2025,BOULDER Women,finished,2025-10-02 07:18:42 UTC,2026-04-22 08:20:46 UTC,,9990,boulder,Final,Women,finished,2025-05-18 22:05:09 UTC,/api/v1/category_rounds/9990/results,boulder_finals_ifsc_2025,IFSC: finals 2025 (points),3,,,,,,,16388,2,/api/v1/routes/16388/startlist,
/api/v1/events/1408/result/7,1408,full_results_url,IFSC World Cup Curitiba 2025,BOULDER Women,finished,2025-10-02 07:18:42 UTC,2026-04-22 08:20:46 UTC,,9990,boulder,Final,Women,finished,2025-05-18 22:05:09 UTC,/api/v1/category_rounds/9990/results,boulder_finals_ifsc_2025,IFSC: finals 2025 (points),3,,,,,,,16389,3,/api/v1/routes/16389/startlist,
/api/v1/events/1408/result/7,1408,full_results_url,IFSC World Cup Curitiba 2025,BOULDER Women,finished,2025-10-02 07:18:42 UTC,2026-04-22 08:20:46 UTC,,9990,boulder,Final,Women,finished,2025-05-18 22:05:09 UTC,/api/v1/category_rounds/9990/results,boulder_finals_ifsc_2025,IFSC: finals 2025 (points),3,,,,,,,16390,4,/api/v1/routes/16390/startlist,
/api/v1/events/1461/result/529,1461,full_results_url,IFSC Para Climbing World Cup Salt Lake City 2025,LEAD Men B1,finished,2025-10-02 07:18:43 UTC,2026-04-23 07:56:15 UTC,,9865,lead,Qualification,Men B1,finished,2025-05-20 22:01:30 UTC,/api/v1/category_rounds/9865/results,lead_one_group_two_routes,IFSC: 2 routes,49,,,,,,,16577,1,/api/v1/routes/16577/startlist,/api/v1/routes/16577/results
/api/v1/events/1461/result/529,1461,full_results_url,IFSC Para Climbing World Cup Salt Lake City 2025,LEAD Men B1,finished,2025-10-02 07:18:43 UTC,2026-04-23 07:56:15 UTC,,9865,lead,Qualification,Men B1,finished,2025-05-20 22:01:30 UTC,/api/v1/category_rounds/9865/results,lead_one_group_two_routes,IFSC: 2 routes,49,,,,,,,16578,2,/api/v1/routes/16578/startlist,/api/v1/routes/16578/results
/api/v1/events/1461/result/529,1461,full_results_url,IFSC Para Climbing World Cup Salt Lake City 2025,LEAD Men B1,finished,2025-10-02 07:18:43 UTC,2026-04-23 07:56:15 UTC,,10011,lead,Final,Men B1,finished,2025-05-21 18:52:59 UTC,/api/v1/category_rounds/10011/results,lead_one_group_one_route,IFSC: 1 route,51,,,,,,,16557,1,/api/v1/routes/16557/startlist,/api/v1/routes/16557/results
/api/v1/events/1461/result/533,1461,full_results_url,IFSC Para Climbing World Cup Salt Lake City 2025,LEAD Men B2,finished,2025-10-02 07:18:43 UTC,2026-04-23 07:56:23 UTC,,9866,lead,Qualification,Men B2,finished,2025-05-20 22:40:26 UTC,/api/v1/category_rounds/9866/results,lead_one_group_two_routes,IFSC: 2 routes,49,,,,,,,16579,1,/api/v1/routes/16579/startlist,/api/v1/routes/16579/results
/api/v1/events/1461/result/533,1461,full_results_url,IFSC Para Climbing World Cup Salt Lake City 2025,LEAD Men B2,finished,2025-10-02 07:18:43 UTC,2026-04-23 07:56:23 UTC,,9866,lead,Qualification,Men B2,finished,2025-05-20 22:40:26 UTC,/api/v1/category_rounds/9866/results,lead_one_group_two_routes,IFSC: 2 routes,49,,,,,,,16580,2,/api/v1/routes/16580/startlist,/api/v1/routes/16580/results
/api/v1/events/1461/result/533,1461,full_results_url,IFSC Para Climbing World Cup Salt Lake City 2025,LEAD Men B2,finished,2025-10-02 07:18:43 UTC,2026-04-23 07:56:23 UTC,,10012,lead,Final,Men B2,finished,2025-05-21 19:15:26 UTC,/api/v1/category_rounds/10012/results,lead_one_group_one_route,IFSC: 1 route,51,,,,,,,16558,1,/api/v1/routes/16558/startlist,/api/v1/routes/16558/results
/api/v1/events/1461/result/537,1461,full_results_url,IFSC Para Climbing World Cup Salt Lake City 2025,LEAD Men B3,finished,2025-10-02 07:18:43 UTC,2026-04-23 07:56:34 UTC,,9867,lead,Qualification,Men B3,finished,2025-05-20 23:05:59 UTC,/api/v1/category_rounds/9867/results,lead_one_group_two_routes,IFSC: 2 routes,49,,,,,,,16581,1,/api/v1/routes/16581/startlist,/api/v1/routes/16581/results
/api/v1/events/1461/result/537,1461,full_results_url,IFSC Para Climbing World Cup Salt Lake City 2025,LEAD Men B3,finished,2025-10-02 07:18:43 UTC,2026-04-23 07:56:34 UTC,,9867,lead,Qualification,Men B3,finished,2025-05-20 23:05:59 UTC,/api/v1/category_rounds/9867/results,lead_one_group_two_routes,IFSC: 2 routes,49,,,,,,,16582,2,/api/v1/routes/16582/startlist,/api/v1/routes/16582/results
/api/v1/events/1461/result/537,1461,full_results_url,IFSC Para Climbing World Cup Salt Lake City 2025,LEAD Men B3,finished,2025-10-02 07:18:43 UTC,2026-04-23 07:56:34 UTC,,10013,lead,Final,Men B3,finished,2025-05-21 19:33:47 UTC,/api/v1/category_rounds/10013/results,lead_one_group_one_route,IFSC: 1 route,51,,,,,,,16559,1,/api/v1/routes/16559/startlist,/api/v1/routes/16559/results
/api/v1/events/1461/result/541,1461,full_results_url,IFSC Para Climbing World Cup Salt Lake City 2025,LEAD Women B1,finished,2025-10-02 07:18:43 UTC,2026-04-23 07:57:55 UTC,,9868,lead,Qualification,Women B1,finished,2025-05-20 20:36:56 UTC,/api/v1/category_rounds/9868/results,lead_one_group_two_routes,IFSC: 2 routes,49,,,,,,,16583,1,/api/v1/routes/16583/startlist,/api/v1/routes/16583/results
/api/v1/events/1461/result/541,1461,full_results_url,IFSC Para Climbing World Cup Salt Lake City 2025,LEAD Women B1,finished,2025-10-02 07:18:43 UTC,2026-04-23 07:57:55 UTC,,9868,lead,Qualification,Women B1,finished,2025-05-20 20:36:56 UTC,/api/v1/category_rounds/9868/results,lead_one_group_two_routes,IFSC: 2 routes,49,,,,,,,16584,2,/api/v1/routes/16584/startlist,/api/v1/routes/16584/results
/api/v1/events/1461/result/541,1461,full_results_url,IFSC Para Climbing World Cup Salt Lake City 2025,LEAD Women B1,finished,2025-10-02 07:18:43 UTC,2026-04-23 07:57:55 UTC,,10014,lead,Final,Women B1,finished,2025-05-21 18:54:54 UTC,/api/v1/category_rounds/10014/results,lead_one_group_one_route,IFSC: 1 route,51,,,,,,,16560,1,/api/v1/routes/16560/startlist,/api/v1/routes/16560/results
/api/v1/events/1461/result/545,1461,full_results_url,IFSC Para Climbing World Cup Salt Lake City 2025,LEAD Women B2,finished,2025-10-02 07:18:43 UTC,2026-04-23 07:58:15 UTC,,9869,lead,Qualification,Women B2,finished,2025-05-20 21:51:09 UTC,/api/v1/category_rounds/9869/results,lead_one_group_two_routes,IFSC: 2 routes,49,,,,,,,16585,1,/api/v1/routes/16585/startlist,/api/v1/routes/16585/results
/api/v1/events/1461/result/545,1461,full_results_url,IFSC Para Climbing World Cup Salt Lake City 2025,LEAD Women B2,finished,2025-10-02 07:18:43 UTC,2026-04-23 07:58:15 UTC,,9869,lead,Qualification,Women B2,finished,2025-05-20 21:51:09 UTC,/api/v1/category_rounds/9869/results,lead_one_group_two_routes,IFSC: 2 routes,49,,,,,,,16586,2,/api/v1/routes/16586/startlist,/api/v1/routes/16586/results
/api/v1/events/1461/result/545,1461,full_results_url,IFSC Para Climbing World Cup Salt Lake City 2025,LEAD Women B2,finished,2025-10-02 07:18:43 UTC,2026-04-23 07:58:15 UTC,,10015,lead,Final,Women B2,finished,2025-05-21 19:25:29 UTC,/api/v1/category_rounds/10015/results,lead_one_group_one_route,IFSC: 1 route,51,,,,,,,16561,1,/api/v1/routes/16561/startlist,/api/v1/routes/16561/results
/api/v1/events/1461/result/549,1461,full_results_url,IFSC Para Climbing World Cup Salt Lake City 2025,LEAD Women B3,finished,2025-10-02 07:18:43 UTC,2026-04-23 07:58:24 UTC,,9870,lead,Qualification,Women B3,finished,2025-05-20 21:59:11 UTC,/api/v1/category_rounds/9870/results,lead_one_group_two_routes,IFSC: 2 routes,49,,,,,,,16587,1,/api/v1/routes/16587/startlist,/api/v1/routes/16587/results
/api/v1/events/1461/result/549,1461,full_results_url,IFSC Para Climbing World Cup Salt Lake City 2025,LEAD Women B3,finished,2025-10-02 07:18:43 UTC,2026-04-23 07:58:24 UTC,,9870,lead,Qualification,Women B3,finished,2025-05-20 21:59:11 UTC,/api/v1/category_rounds/9870/results,lead_one_group_two_routes,IFSC: 2 routes,49,,,,,,,16588,2,/api/v1/routes/16588/startlist,/api/v1/routes/16588/results
/api/v1/events/1461/result/549,1461,full_results_url,IFSC Para Climbing World Cup Salt Lake City 2025,LEAD Women B3,finished,2025-10-02 07:18:43 UTC,2026-04-23 07:58:24 UTC,,10016,lead,Final,Women B3,finished,2025-05-21 19:36:04 UTC,/api/v1/category_rounds/10016/results,lead_one_group_one_route,IFSC: 1 route,51,,,,,,,16562,1,/api/v1/routes/16562/startlist,/api/v1/routes/16562/results
/api/v1/events/1461/result/553,1461,full_results_url,IFSC Para Climbing World Cup Salt Lake City 2025,LEAD Men AL1,finished,2025-10-02 07:18:43 UTC,2026-04-23 07:54:30 UTC,,9871,lead,Qualification,Men AL1,finished,2025-05-20 19:48:27 UTC,/api/v1/category_rounds/9871/results,lead_one_group_two_routes,IFSC: 2 routes,49,,,,,,,16589,1,/api/v1/routes/16589/startlist,/api/v1/routes/16589/results
/api/v1/events/1461/result/553,1461,full_results_url,IFSC Para Climbing World Cup Salt Lake City 2025,LEAD Men AL1,finished,2025-10-02 07:18:43 UTC,2026-04-23 07:54:30 UTC,,9871,lead,Qualification,Men AL1,finished,2025-05-20 19:48:27 UTC,/api/v1/category_rounds/9871/results,lead_one_group_two_routes,IFSC: 2 routes,49,,,,,,,16590,2,/api/v1/routes/16590/startlist,/api/v1/routes/16590/results
/api/v1/events/1461/result/553,1461,full_results_url,IFSC Para Climbing World Cup Salt Lake City 2025,LEAD Men AL1,finished,2025-10-02 07:18:43 UTC,2026-04-23 07:54:30 UTC,,10017,lead,Final,Men AL1,finished,2025-05-21 20:34:38 UTC,/api/v1/category_rounds/10017/results,lead_one_group_one_route,IFSC: 1 route,51,,,,,,,16563,1,/api/v1/routes/16563/startlist,/api/v1/routes/16563/results
/api/v1/events/1461/result/557,1461,full_results_url,IFSC Para Climbing World Cup Salt Lake City 2025,LEAD Women AL1,active,2025-10-02 07:18:43 UTC,NA,,10018,lead,Final,Women AL1,pending,2025-06-02 10:25:52 UTC,/api/v1/category_rounds/10018/results,lead_one_group_one_route,IFSC: 1 route,51,,,,,,,16564,1,/api/v1/routes/16564/startlist,/api/v1/routes/16564/results
/api/v1/events/1461/result/561,1461,full_results_url,IFSC Para Climbing World Cup Salt Lake City 2025,LEAD Men AL2,finished,2025-10-02 07:18:43 UTC,2026-04-23 07:55:02 UTC,,9873,lead,Qualification,Men AL2,finished,2025-05-20 19:54:16 UTC,/api/v1/category_rounds/9873/results,lead_one_group_two_routes,IFSC: 2 routes,49,,,,,,,16591,1,/api/v1/routes/16591/startlist,/api/v1/routes/16591/results
/api/v1/events/1461/result/561,1461,full_results_url,IFSC Para Climbing World Cup Salt Lake City 2025,LEAD Men AL2,finished,2025-10-02 07:18:43 UTC,2026-04-23 07:55:02 UTC,,9873,lead,Qualification,Men AL2,finished,2025-05-20 19:54:16 UTC,/api/v1/category_rounds/9873/results,lead_one_group_two_routes,IFSC: 2 routes,49,,,,,,,16592,2,/api/v1/routes/16592/startlist,/api/v1/routes/16592/results
/api/v1/events/1461/result/561,1461,full_results_url,IFSC Para Climbing World Cup Salt Lake City 2025,LEAD Men AL2,finished,2025-10-02 07:18:43 UTC,2026-04-23 07:55:02 UTC,,10019,lead,Final,Men AL2,finished,2025-05-21 20:33:12 UTC,/api/v1/category_rounds/10019/results,lead_one_group_one_route,IFSC: 1 route,51,,,,,,,16565,1,/api/v1/routes/16565/startlist,/api/v1/routes/16565/results
/api/v1/events/1461/result/565,1461,full_results_url,IFSC Para Climbing World Cup Salt Lake City 2025,LEAD Women AL2,finished,2025-10-02 07:18:43 UTC,2026-04-23 07:57:22 UTC,,9874,lead,Qualification,Women AL2,finished,2025-05-20 17:58:42 UTC,/api/v1/category_rounds/9874/results,lead_one_group_two_routes,IFSC: 2 routes,49,,,,,,,16593,1,/api/v1/routes/16593/startlist,/api/v1/routes/16593/results
/api/v1/events/1461/result/565,1461,full_results_url,IFSC Para Climbing World Cup Salt Lake City 2025,LEAD Women AL2,finished,2025-10-02 07:18:43 UTC,2026-04-23 07:57:22 UTC,,9874,lead,Qualification,Women AL2,finished,2025-05-20 17:58:42 UTC,/api/v1/category_rounds/9874/results,lead_one_group_two_routes,IFSC: 2 routes,49,,,,,,,16594,2,/api/v1/routes/16594/startlist,/api/v1/routes/16594/results
/api/v1/events/1461/result/565,1461,full_results_url,IFSC Para Climbing World Cup Salt Lake City 2025,LEAD Women AL2,finished,2025-10-02 07:18:43 UTC,2026-04-23 07:57:22 UTC,,10020,lead,Final,Women AL2,finished,2025-05-21 19:38:27 UTC,/api/v1/category_rounds/10020/results,lead_one_group_one_route,IFSC: 1 route,51,,,,,,,16566,1,/api/v1/routes/16566/startlist,/api/v1/routes/16566/results
/api/v1/events/1461/result/577,1461,full_results_url,IFSC Para Climbing World Cup Salt Lake City 2025,LEAD Men AU2,finished,2025-10-02 07:18:43 UTC,2026-04-23 07:55:31 UTC,,9875,lead,Qualification,Men AU2,finished,2025-05-20 20:45:39 UTC,/api/v1/category_rounds/9875/results,lead_one_group_two_routes,IFSC: 2 routes,49,,,,,,,16595,1,/api/v1/routes/16595/startlist,/api/v1/routes/16595/results
/api/v1/events/1461/result/577,1461,full_results_url,IFSC Para Climbing World Cup Salt Lake City 2025,LEAD Men AU2,finished,2025-10-02 07:18:43 UTC,2026-04-23 07:55:31 UTC,,9875,lead,Qualification,Men AU2,finished,2025-05-20 20:45:39 UTC,/api/v1/category_rounds/9875/results,lead_one_group_two_routes,IFSC: 2 routes,49,,,,,,,16596,2,/api/v1/routes/16596/startlist,/api/v1/routes/16596/results
/api/v1/events/1461/result/577,1461,full_results_url,IFSC Para Climbing World Cup Salt Lake City 2025,LEAD Men AU2,finished,2025-10-02 07:18:43 UTC,2026-04-23 07:55:31 UTC,,10021,lead,Final,Men AU2,finished,2025-05-21 20:22:55 UTC,/api/v1/category_rounds/10021/results,lead_one_group_one_route,IFSC: 1 route,51,,,,,,,16567,1,/api/v1/routes/16567/startlist,/api/v1/routes/16567/results
/api/v1/events/1461/result/581,1461,full_results_url,IFSC Para Climbing World Cup Salt Lake City 2025,LEAD Women AU2,finished,2025-10-02 07:18:43 UTC,2026-04-23 07:57:34 UTC,,9876,lead,Qualification,Women AU2,finished,2025-05-20 22:03:32 UTC,/api/v1/category_rounds/9876/results,lead_one_group_two_routes,IFSC: 2 routes,49,,,,,,,16597,1,/api/v1/routes/16597/startlist,/api/v1/routes/16597/results
/api/v1/events/1461/result/581,1461,full_results_url,IFSC Para Climbing World Cup Salt Lake City 2025,LEAD Women AU2,finished,2025-10-02 07:18:43 UTC,2026-04-23 07:57:34 UTC,,9876,lead,Qualification,Women AU2,finished,2025-05-20 22:03:32 UTC,/api/v1/category_rounds/9876/results,lead_one_group_two_routes,IFSC: 2 routes,49,,,,,,,16598,2,/api/v1/routes/16598/startlist,/api/v1/routes/16598/results
/api/v1/events/1461/result/581,1461,full_results_url,IFSC Para Climbing World Cup Salt Lake City 2025,LEAD Women AU2,finished,2025-10-02 07:18:43 UTC,2026-04-23 07:57:34 UTC,,10022,lead,Final,Women AU2,finished,2025-05-21 20:22:50 UTC,/api/v1/category_rounds/10022/results,lead_one_group_one_route,IFSC: 1 route,51,,,,,,,16568,1,/api/v1/routes/16568/startlist,/api/v1/routes/16568/results
/api/v1/events/1461/result/585,1461,full_results_url,IFSC Para Climbing World Cup Salt Lake City 2025,LEAD Men RP1,finished,2025-10-02 07:18:43 UTC,2026-04-23 07:56:46 UTC,,9877,lead,Qualification,Men RP1,finished,2025-05-20 20:35:10 UTC,/api/v1/category_rounds/9877/results,lead_one_group_two_routes,IFSC: 2 routes,49,,,,,,,16599,1,/api/v1/routes/16599/startlist,/api/v1/routes/16599/results
/api/v1/events/1461/result/585,1461,full_results_url,IFSC Para Climbing World Cup Salt Lake City 2025,LEAD Men RP1,finished,2025-10-02 07:18:43 UTC,2026-04-23 07:56:46 UTC,,9877,lead,Qualification,Men RP1,finished,2025-05-20 20:35:10 UTC,/api/v1/category_rounds/9877/results,lead_one_group_two_routes,IFSC: 2 routes,49,,,,,,,16600,2,/api/v1/routes/16600/startlist,/api/v1/routes/16600/results
/api/v1/events/1461/result/585,1461,full_results_url,IFSC Para Climbing World Cup Salt Lake City 2025,LEAD Men RP1,finished,2025-10-02 07:18:43 UTC,2026-04-23 07:56:46 UTC,,10023,lead,Final,Men RP1,finished,2025-05-21 20:03:06 UTC,/api/v1/category_rounds/10023/results,lead_one_group_one_route,IFSC: 1 route,51,,,,,,,16569,1,/api/v1/routes/16569/startlist,/api/v1/routes/16569/results
/api/v1/events/1461/result/589,1461,full_results_url,IFSC Para Climbing World Cup Salt Lake City 2025,LEAD Men RP2,finished,2025-10-02 07:18:43 UTC,2026-04-23 07:56:58 UTC,,9878,lead,Qualification,Men RP2,finished,2025-05-20 19:07:06 UTC,/api/v1/category_rounds/9878/results,lead_one_group_two_routes,IFSC: 2 routes,49,,,,,,,16601,1,/api/v1/routes/16601/startlist,/api/v1/routes/16601/results
/api/v1/events/1461/result/589,1461,full_results_url,IFSC Para Climbing World Cup Salt Lake City 2025,LEAD Men RP2,finished,2025-10-02 07:18:43 UTC,2026-04-23 07:56:58 UTC,,9878,lead,Qualification,Men RP2,finished,2025-05-20 19:07:06 UTC,/api/v1/category_rounds/9878/results,lead_one_group_two_routes,IFSC: 2 routes,49,,,,,,,16602,2,/api/v1/routes/16602/startlist,/api/v1/routes/16602/results
/api/v1/events/1461/result/589,1461,full_results_url,IFSC Para Climbing World Cup Salt Lake City 2025,LEAD Men RP2,finished,2025-10-02 07:18:43 UTC,2026-04-23 07:56:58 UTC,,10024,lead,Final,Men RP2,finished,2025-05-21 20:02:24 UTC,/api/v1/category_rounds/10024/results,lead_one_group_one_route,IFSC: 1 route,51,,,,,,,16570,1,/api/v1/routes/16570/startlist,/api/v1/routes/16570/results
/api/v1/events/1461/result/593,1461,full_results_url,IFSC Para Climbing World Cup Salt Lake City 2025,LEAD Men RP3,finished,2025-10-02 07:18:43 UTC,2026-04-23 07:57:09 UTC,,9879,lead,Qualification,Men RP3,finished,2025-05-20 18:10:21 UTC,/api/v1/category_rounds/9879/results,lead_one_group_two_routes,IFSC: 2 routes,49,,,,,,,16603,1,/api/v1/routes/16603/startlist,/api/v1/routes/16603/results
/api/v1/events/1461/result/593,1461,full_results_url,IFSC Para Climbing World Cup Salt Lake City 2025,LEAD Men RP3,finished,2025-10-02 07:18:43 UTC,2026-04-23 07:57:09 UTC,,9879,lead,Qualification,Men RP3,finished,2025-05-20 18:10:21 UTC,/api/v1/category_rounds/9879/results,lead_one_group_two_routes,IFSC: 2 routes,49,,,,,,,16604,2,/api/v1/routes/16604/startlist,/api/v1/routes/16604/results
/api/v1/events/1461/result/593,1461,full_results_url,IFSC Para Climbing World Cup Salt Lake City 2025,LEAD Men RP3,finished,2025-10-02 07:18:43 UTC,2026-04-23 07:57:09 UTC,,10025,lead,Final,Men RP3,finished,2025-05-21 19:12:29 UTC,/api/v1/category_rounds/10025/results,lead_one_group_one_route,IFSC: 1 route,51,,,,,,,16571,1,/api/v1/routes/16571/startlist,/api/v1/routes/16571/results
/api/v1/events/1461/result/597,1461,full_results_url,IFSC Para Climbing World Cup Salt Lake City 2025,LEAD Women RP1,finished,2025-10-02 07:18:43 UTC,2026-04-23 07:58:33 UTC,,9880,lead,Qualification,Women RP1,finished,2025-05-20 19:22:05 UTC,/api/v1/category_rounds/9880/results,lead_one_group_two_routes,IFSC: 2 routes,49,,,,,,,16605,1,/api/v1/routes/16605/startlist,/api/v1/routes/16605/results
/api/v1/events/1461/result/597,1461,full_results_url,IFSC Para Climbing World Cup Salt Lake City 2025,LEAD Women RP1,finished,2025-10-02 07:18:43 UTC,2026-04-23 07:58:33 UTC,,9880,lead,Qualification,Women RP1,finished,2025-05-20 19:22:05 UTC,/api/v1/category_rounds/9880/results,lead_one_group_two_routes,IFSC: 2 routes,49,,,,,,,16606,2,/api/v1/routes/16606/startlist,/api/v1/routes/16606/results
/api/v1/events/1461/result/597,1461,full_results_url,IFSC Para Climbing World Cup Salt Lake City 2025,LEAD Women RP1,finished,2025-10-02 07:18:43 UTC,2026-04-23 07:58:33 UTC,,10026,lead,Final,Women RP1,finished,2025-05-21 20:14:56 UTC,/api/v1/category_rounds/10026/results,lead_one_group_one_route,IFSC: 1 route,51,,,,,,,16572,1,/api/v1/routes/16572/startlist,/api/v1/routes/16572/results
/api/v1/events/1461/result/601,1461,full_results_url,IFSC Para Climbing World Cup Salt Lake City 2025,LEAD Women RP2,finished,2025-10-02 07:18:43 UTC,2026-04-23 07:58:46 UTC,,9881,lead,Qualification,Women RP2,finished,2025-05-20 19:52:03 UTC,/api/v1/category_rounds/9881/results,lead_one_group_two_routes,IFSC: 2 routes,49,,,,,,,16607,1,/api/v1/routes/16607/startlist,/api/v1/routes/16607/results
/api/v1/events/1461/result/601,1461,full_results_url,IFSC Para Climbing World Cup Salt Lake City 2025,LEAD Women RP2,finished,2025-10-02 07:18:43 UTC,2026-04-23 07:58:46 UTC,,9881,lead,Qualification,Women RP2,finished,2025-05-20 19:52:03 UTC,/api/v1/category_rounds/9881/results,lead_one_group_two_routes,IFSC: 2 routes,49,,,,,,,16608,2,/api/v1/routes/16608/startlist,/api/v1/routes/16608/results
/api/v1/events/1461/result/601,1461,full_results_url,IFSC Para Climbing World Cup Salt Lake City 2025,LEAD Women RP2,finished,2025-10-02 07:18:43 UTC,2026-04-23 07:58:46 UTC,,10027,lead,Final,Women RP2,finished,2025-05-21 20:49:45 UTC,/api/v1/category_rounds/10027/results,lead_one_group_one_route,IFSC: 1 route,51,,,,,,,16573,1,/api/v1/routes/16573/startlist,/api/v1/routes/16573/results
/api/v1/events/1461/result/605,1461,full_results_url,IFSC Para Climbing World Cup Salt Lake City 2025,LEAD Women RP3,finished,2025-10-02 07:18:43 UTC,2026-04-23 07:59:03 UTC,,9882,lead,Qualification,Women RP3,finished,2025-05-20 20:49:52 UTC,/api/v1/category_rounds/9882/results,lead_one_group_two_routes,IFSC: 2 routes,49,,,,,,,16609,1,/api/v1/routes/16609/startlist,/api/v1/routes/16609/results
/api/v1/events/1461/result/605,1461,full_results_url,IFSC Para Climbing World Cup Salt Lake City 2025,LEAD Women RP3,finished,2025-10-02 07:18:43 UTC,2026-04-23 07:59:03 UTC,,9882,lead,Qualification,Women RP3,finished,2025-05-20 20:49:52 UTC,/api/v1/category_rounds/9882/results,lead_one_group_two_routes,IFSC: 2 routes,49,,,,,,,16610,2,/api/v1/routes/16610/startlist,/api/v1/routes/16610/results
/api/v1/events/1461/result/605,1461,full_results_url,IFSC Para Climbing World Cup Salt Lake City 2025,LEAD Women RP3,finished,2025-10-02 07:18:43 UTC,2026-04-23 07:59:03 UTC,,10028,lead,Final,Women RP3,finished,2025-05-21 19:22:37 UTC,/api/v1/category_rounds/10028/results,lead_one_group_one_route,IFSC: 1 route,51,,,,,,,16574,1,/api/v1/routes/16574/startlist,/api/v1/routes/16574/results
/api/v1/events/1461/result/753,1461,full_results_url,IFSC Para Climbing World Cup Salt Lake City 2025,LEAD Men AU3,finished,2025-10-02 07:18:43 UTC,2026-04-23 07:55:54 UTC,,9883,lead,Qualification,Men AU3,finished,2025-05-20 21:02:13 UTC,/api/v1/category_rounds/9883/results,lead_one_group_two_routes,IFSC: 2 routes,49,,,,,,,16613,1,/api/v1/routes/16613/startlist,/api/v1/routes/16613/results
/api/v1/events/1461/result/753,1461,full_results_url,IFSC Para Climbing World Cup Salt Lake City 2025,LEAD Men AU3,finished,2025-10-02 07:18:43 UTC,2026-04-23 07:55:54 UTC,,9883,lead,Qualification,Men AU3,finished,2025-05-20 21:02:13 UTC,/api/v1/category_rounds/9883/results,lead_one_group_two_routes,IFSC: 2 routes,49,,,,,,,16614,2,/api/v1/routes/16614/startlist,/api/v1/routes/16614/results
/api/v1/events/1461/result/753,1461,full_results_url,IFSC Para Climbing World Cup Salt Lake City 2025,LEAD Men AU3,finished,2025-10-02 07:18:43 UTC,2026-04-23 07:55:54 UTC,,10029,lead,Final,Men AU3,finished,2025-05-21 20:01:12 UTC,/api/v1/category_rounds/10029/results,lead_one_group_one_route,IFSC: 1 route,51,,,,,,,16575,1,/api/v1/routes/16575/startlist,/api/v1/routes/16575/results
/api/v1/events/1461/result/758,1461,full_results_url,IFSC Para Climbing World Cup Salt Lake City 2025,LEAD Women AU3,finished,2025-10-02 07:18:43 UTC,2026-04-23 07:57:45 UTC,,9884,lead,Qualification,Women AU3,finished,2025-05-20 23:14:58 UTC,/api/v1/category_rounds/9884/results,lead_one_group_two_routes,IFSC: 2 routes,49,,,,,,,16611,1,/api/v1/routes/16611/startlist,/api/v1/routes/16611/results
/api/v1/events/1461/result/758,1461,full_results_url,IFSC Para Climbing World Cup Salt Lake City 2025,LEAD Women AU3,finished,2025-10-02 07:18:43 UTC,2026-04-23 07:57:45 UTC,,9884,lead,Qualification,Women AU3,finished,2025-05-20 23:14:58 UTC,/api/v1/category_rounds/9884/results,lead_one_group_two_routes,IFSC: 2 routes,49,,,,,,,16612,2,/api/v1/routes/16612/startlist,/api/v1/routes/16612/results
/api/v1/events/1461/result/758,1461,full_results_url,IFSC Para Climbing World Cup Salt Lake City 2025,LEAD Women AU3,finished,2025-10-02 07:18:43 UTC,2026-04-23 07:57:45 UTC,,10030,lead,Final,Women AU3,finished,2025-05-21 20:03:37 UTC,/api/v1/category_rounds/10030/results,lead_one_group_one_route,IFSC: 1 route,51,,,,,,,16576,1,/api/v1/routes/16576/startlist,/api/v1/routes/16576/results
/api/v1/events/1409/result/3,1409,full_results_url,IFSC World Cup Salt Lake City 2025,BOULDER Men,finished,2025-10-02 07:18:42 UTC,2026-04-22 08:20:50 UTC,,10031,boulder,Semi-final,Men,finished,2025-05-25 18:36:42 UTC,/api/v1/category_rounds/10031/results,boulder_one_group_ifsc_2025,IFSC: 1 group 2025 (points),2,,,,,,,16620,1,/api/v1/routes/16620/startlist,
/api/v1/events/1409/result/3,1409,full_results_url,IFSC World Cup Salt Lake City 2025,BOULDER Men,finished,2025-10-02 07:18:42 UTC,2026-04-22 08:20:50 UTC,,10031,boulder,Semi-final,Men,finished,2025-05-25 18:36:42 UTC,/api/v1/category_rounds/10031/results,boulder_one_group_ifsc_2025,IFSC: 1 group 2025 (points),2,,,,,,,16621,2,/api/v1/routes/16621/startlist,
/api/v1/events/1409/result/3,1409,full_results_url,IFSC World Cup Salt Lake City 2025,BOULDER Men,finished,2025-10-02 07:18:42 UTC,2026-04-22 08:20:50 UTC,,10031,boulder,Semi-final,Men,finished,2025-05-25 18:36:42 UTC,/api/v1/category_rounds/10031/results,boulder_one_group_ifsc_2025,IFSC: 1 group 2025 (points),2,,,,,,,16622,3,/api/v1/routes/16622/startlist,
/api/v1/events/1409/result/3,1409,full_results_url,IFSC World Cup Salt Lake City 2025,BOULDER Men,finished,2025-10-02 07:18:42 UTC,2026-04-22 08:20:50 UTC,,10031,boulder,Semi-final,Men,finished,2025-05-25 18:36:42 UTC,/api/v1/category_rounds/10031/results,boulder_one_group_ifsc_2025,IFSC: 1 group 2025 (points),2,,,,,,,16623,4,/api/v1/routes/16623/startlist,
/api/v1/events/1409/result/3,1409,full_results_url,IFSC World Cup Salt Lake City 2025,BOULDER Men,finished,2025-10-02 07:18:42 UTC,2026-04-22 08:20:50 UTC,,10033,boulder,Final,Men,finished,2025-05-26 00:48:01 UTC,/api/v1/category_rounds/10033/results,boulder_finals_ifsc_2025,IFSC: finals 2025 (points),3,,,,,,,16628,1,/api/v1/routes/16628/startlist,
/api/v1/events/1409/result/3,1409,full_results_url,IFSC World Cup Salt Lake City 2025,BOULDER Men,finished,2025-10-02 07:18:42 UTC,2026-04-22 08:20:50 UTC,,10033,boulder,Final,Men,finished,2025-05-26 00:48:01 UTC,/api/v1/category_rounds/10033/results,boulder_finals_ifsc_2025,IFSC: finals 2025 (points),3,,,,,,,16629,2,/api/v1/routes/16629/startlist,
/api/v1/events/1409/result/3,1409,full_results_url,IFSC World Cup Salt Lake City 2025,BOULDER Men,finished,2025-10-02 07:18:42 UTC,2026-04-22 08:20:50 UTC,,10033,boulder,Final,Men,finished,2025-05-26 00:48:01 UTC,/api/v1/category_rounds/10033/results,boulder_finals_ifsc_2025,IFSC: finals 2025 (points),3,,,,,,,16630,3,/api/v1/routes/16630/startlist,
/api/v1/events/1409/result/3,1409,full_results_url,IFSC World Cup Salt Lake City 2025,BOULDER Men,finished,2025-10-02 07:18:42 UTC,2026-04-22 08:20:50 UTC,,10033,boulder,Final,Men,finished,2025-05-26 00:48:01 UTC,/api/v1/category_rounds/10033/results,boulder_finals_ifsc_2025,IFSC: finals 2025 (points),3,,,,,,,16631,4,/api/v1/routes/16631/startlist,
/api/v1/events/1409/result/7,1409,full_results_url,IFSC World Cup Salt Lake City 2025,BOULDER Women,finished,2025-10-02 07:18:42 UTC,2026-04-22 08:20:54 UTC,,9394,boulder,Qualification,Women,finished,2025-05-23 20:18:26 UTC,/api/v1/category_rounds/9394/results,boulder_one_group_ifsc_2025,IFSC: 1 group 2025 (points),1,,,,,,,16615,1,/api/v1/routes/16615/startlist,
/api/v1/events/1409/result/7,1409,full_results_url,IFSC World Cup Salt Lake City 2025,BOULDER Women,finished,2025-10-02 07:18:42 UTC,2026-04-22 08:20:54 UTC,,9394,boulder,Qualification,Women,finished,2025-05-23 20:18:26 UTC,/api/v1/category_rounds/9394/results,boulder_one_group_ifsc_2025,IFSC: 1 group 2025 (points),1,,,,,,,16616,2,/api/v1/routes/16616/startlist,
/api/v1/events/1409/result/7,1409,full_results_url,IFSC World Cup Salt Lake City 2025,BOULDER Women,finished,2025-10-02 07:18:42 UTC,2026-04-22 08:20:54 UTC,,9394,boulder,Qualification,Women,finished,2025-05-23 20:18:26 UTC,/api/v1/category_rounds/9394/results,boulder_one_group_ifsc_2025,IFSC: 1 group 2025 (points),1,,,,,,,16617,3,/api/v1/routes/16617/startlist,
/api/v1/events/1409/result/7,1409,full_results_url,IFSC World Cup Salt Lake City 2025,BOULDER Women,finished,2025-10-02 07:18:42 UTC,2026-04-22 08:20:54 UTC,,9394,boulder,Qualification,Women,finished,2025-05-23 20:18:26 UTC,/api/v1/category_rounds/9394/results,boulder_one_group_ifsc_2025,IFSC: 1 group 2025 (points),1,,,,,,,16618,4,/api/v1/routes/16618/startlist,
/api/v1/events/1409/result/7,1409,full_results_url,IFSC World Cup Salt Lake City 2025,BOULDER Women,finished,2025-10-02 07:18:42 UTC,2026-04-22 08:20:54 UTC,,9394,boulder,Qualification,Women,finished,2025-05-23 20:18:26 UTC,/api/v1/category_rounds/9394/results,boulder_one_group_ifsc_2025,IFSC: 1 group 2025 (points),1,,,,,,,16619,5,/api/v1/routes/16619/startlist,
/api/v1/events/1409/result/7,1409,full_results_url,IFSC World Cup Salt Lake City 2025,BOULDER Women,finished,2025-10-02 07:18:42 UTC,2026-04-22 08:20:54 UTC,,10032,boulder,Semi-final,Women,finished,2025-05-24 18:59:19 UTC,/api/v1/category_rounds/10032/results,boulder_one_group_ifsc_2025,IFSC: 1 group 2025 (points),2,,,,,,,16624,1,/api/v1/routes/16624/startlist,
/api/v1/events/1409/result/7,1409,full_results_url,IFSC World Cup Salt Lake City 2025,BOULDER Women,finished,2025-10-02 07:18:42 UTC,2026-04-22 08:20:54 UTC,,10032,boulder,Semi-final,Women,finished,2025-05-24 18:59:19 UTC,/api/v1/category_rounds/10032/results,boulder_one_group_ifsc_2025,IFSC: 1 group 2025 (points),2,,,,,,,16625,2,/api/v1/routes/16625/startlist,
/api/v1/events/1409/result/7,1409,full_results_url,IFSC World Cup Salt Lake City 2025,BOULDER Women,finished,2025-10-02 07:18:42 UTC,2026-04-22 08:20:54 UTC,,10032,boulder,Semi-final,Women,finished,2025-05-24 18:59:19 UTC,/api/v1/category_rounds/10032/results,boulder_one_group_ifsc_2025,IFSC: 1 group 2025 (points),2,,,,,,,16626,3,/api/v1/routes/16626/startlist,
/api/v1/events/1409/result/7,1409,full_results_url,IFSC World Cup Salt Lake City 2025,BOULDER Women,finished,2025-10-02 07:18:42 UTC,2026-04-22 08:20:54 UTC,,10032,boulder,Semi-final,Women,finished,2025-05-24 18:59:19 UTC,/api/v1/category_rounds/10032/results,boulder_one_group_ifsc_2025,IFSC: 1 group 2025 (points),2,,,,,,,16627,4,/api/v1/routes/16627/startlist,
/api/v1/events/1409/result/7,1409,full_results_url,IFSC World Cup Salt Lake City 2025,BOULDER Women,finished,2025-10-02 07:18:42 UTC,2026-04-22 08:20:54 UTC,,10034,boulder,Final,Women,finished,2025-05-25 00:47:03 UTC,/api/v1/category_rounds/10034/results,boulder_finals_ifsc_2025,IFSC: finals 2025 (points),3,,,,,,,16632,1,/api/v1/routes/16632/startlist,
/api/v1/events/1409/result/7,1409,full_results_url,IFSC World Cup Salt Lake City 2025,BOULDER Women,finished,2025-10-02 07:18:42 UTC,2026-04-22 08:20:54 UTC,,10034,boulder,Final,Women,finished,2025-05-25 00:47:03 UTC,/api/v1/category_rounds/10034/results,boulder_finals_ifsc_2025,IFSC: finals 2025 (points),3,,,,,,,16633,2,/api/v1/routes/16633/startlist,
/api/v1/events/1409/result/7,1409,full_results_url,IFSC World Cup Salt Lake City 2025,BOULDER Women,finished,2025-10-02 07:18:42 UTC,2026-04-22 08:20:54 UTC,,10034,boulder,Final,Women,finished,2025-05-25 00:47:03 UTC,/api/v1/category_rounds/10034/results,boulder_finals_ifsc_2025,IFSC: finals 2025 (points),3,,,,,,,16634,3,/api/v1/routes/16634/startlist,
/api/v1/events/1409/result/7,1409,full_results_url,IFSC World Cup Salt Lake City 2025,BOULDER Women,finished,2025-10-02 07:18:42 UTC,2026-04-22 08:20:54 UTC,,10034,boulder,Final,Women,finished,2025-05-25 00:47:03 UTC,/api/v1/category_rounds/10034/results,boulder_finals_ifsc_2025,IFSC: finals 2025 (points),3,,,,,,,16635,4,/api/v1/routes/16635/startlist,
/api/v1/events/1440/result/825,1440,full_results_url,IFSC Youth European Cup Molde 2025,BOULDER U19 Men,finished,2025-10-02 07:18:43 UTC,2026-04-22 08:20:58 UTC,,9780,boulder,Qualification,U19 Men,finished,2025-05-24 15:06:45 UTC,/api/v1/category_rounds/9780/results,boulder_one_group_ifsc_2025_two_courses,IFSC: 2 Courses 2025 (points),19,,,,,,,16648,A1,/api/v1/routes/16648/startlist,
/api/v1/events/1440/result/825,1440,full_results_url,IFSC Youth European Cup Molde 2025,BOULDER U19 Men,finished,2025-10-02 07:18:43 UTC,2026-04-22 08:20:58 UTC,,9780,boulder,Qualification,U19 Men,finished,2025-05-24 15:06:45 UTC,/api/v1/category_rounds/9780/results,boulder_one_group_ifsc_2025_two_courses,IFSC: 2 Courses 2025 (points),19,,,,,,,16649,A2,/api/v1/routes/16649/startlist,
/api/v1/events/1440/result/825,1440,full_results_url,IFSC Youth European Cup Molde 2025,BOULDER U19 Men,finished,2025-10-02 07:18:43 UTC,2026-04-22 08:20:58 UTC,,9780,boulder,Qualification,U19 Men,finished,2025-05-24 15:06:45 UTC,/api/v1/category_rounds/9780/results,boulder_one_group_ifsc_2025_two_courses,IFSC: 2 Courses 2025 (points),19,,,,,,,16650,A3,/api/v1/routes/16650/startlist,
/api/v1/events/1440/result/825,1440,full_results_url,IFSC Youth European Cup Molde 2025,BOULDER U19 Men,finished,2025-10-02 07:18:43 UTC,2026-04-22 08:20:58 UTC,,9780,boulder,Qualification,U19 Men,finished,2025-05-24 15:06:45 UTC,/api/v1/category_rounds/9780/results,boulder_one_group_ifsc_2025_two_courses,IFSC: 2 Courses 2025 (points),19,,,,,,,16651,B1,/api/v1/routes/16651/startlist,
/api/v1/events/1440/result/825,1440,full_results_url,IFSC Youth European Cup Molde 2025,BOULDER U19 Men,finished,2025-10-02 07:18:43 UTC,2026-04-22 08:20:58 UTC,,9780,boulder,Qualification,U19 Men,finished,2025-05-24 15:06:45 UTC,/api/v1/category_rounds/9780/results,boulder_one_group_ifsc_2025_two_courses,IFSC: 2 Courses 2025 (points),19,,,,,,,16652,B2,/api/v1/routes/16652/startlist,
/api/v1/events/1440/result/825,1440,full_results_url,IFSC Youth European Cup Molde 2025,BOULDER U19 Men,finished,2025-10-02 07:18:43 UTC,2026-04-22 08:20:58 UTC,,9780,boulder,Qualification,U19 Men,finished,2025-05-24 15:06:45 UTC,/api/v1/category_rounds/9780/results,boulder_one_group_ifsc_2025_two_courses,IFSC: 2 Courses 2025 (points),19,,,,,,,16653,B3,/api/v1/routes/16653/startlist,
/api/v1/events/1440/result/825,1440,full_results_url,IFSC Youth European Cup Molde 2025,BOULDER U19 Men,finished,2025-10-02 07:18:43 UTC,2026-04-22 08:20:58 UTC,,10007,boulder,Final,U19 Men,finished,2025-05-25 10:53:43 UTC,/api/v1/category_rounds/10007/results,boulder_one_group_ifsc_2025,IFSC: 1 group 2025 (points),21,,,,,,,16507,1,/api/v1/routes/16507/startlist,
/api/v1/events/1440/result/825,1440,full_results_url,IFSC Youth European Cup Molde 2025,BOULDER U19 Men,finished,2025-10-02 07:18:43 UTC,2026-04-22 08:20:58 UTC,,10007,boulder,Final,U19 Men,finished,2025-05-25 10:53:43 UTC,/api/v1/category_rounds/10007/results,boulder_one_group_ifsc_2025,IFSC: 1 group 2025 (points),21,,,,,,,16508,2,/api/v1/routes/16508/startlist,
/api/v1/events/1440/result/825,1440,full_results_url,IFSC Youth European Cup Molde 2025,BOULDER U19 Men,finished,2025-10-02 07:18:43 UTC,2026-04-22 08:20:58 UTC,,10007,boulder,Final,U19 Men,finished,2025-05-25 10:53:43 UTC,/api/v1/category_rounds/10007/results,boulder_one_group_ifsc_2025,IFSC: 1 group 2025 (points),21,,,,,,,16509,3,/api/v1/routes/16509/startlist,
/api/v1/events/1440/result/825,1440,full_results_url,IFSC Youth European Cup Molde 2025,BOULDER U19 Men,finished,2025-10-02 07:18:43 UTC,2026-04-22 08:20:58 UTC,,10007,boulder,Final,U19 Men,finished,2025-05-25 10:53:43 UTC,/api/v1/category_rounds/10007/results,boulder_one_group_ifsc_2025,IFSC: 1 group 2025 (points),21,,,,,,,16510,4,/api/v1/routes/16510/startlist,
/api/v1/events/1440/result/830,1440,full_results_url,IFSC Youth European Cup Molde 2025,BOULDER U19 Women,finished,2025-10-02 07:18:43 UTC,2026-04-22 08:21:01 UTC,,9781,boulder,Qualification,U19 Women,finished,2025-05-24 14:37:27 UTC,/api/v1/category_rounds/9781/results,boulder_one_group_ifsc_2025_two_courses,IFSC: 2 Courses 2025 (points),19,,,,,,,16654,A1,/api/v1/routes/16654/startlist,
/api/v1/events/1440/result/830,1440,full_results_url,IFSC Youth European Cup Molde 2025,BOULDER U19 Women,finished,2025-10-02 07:18:43 UTC,2026-04-22 08:21:01 UTC,,9781,boulder,Qualification,U19 Women,finished,2025-05-24 14:37:27 UTC,/api/v1/category_rounds/9781/results,boulder_one_group_ifsc_2025_two_courses,IFSC: 2 Courses 2025 (points),19,,,,,,,16655,A2,/api/v1/routes/16655/startlist,
/api/v1/events/1440/result/830,1440,full_results_url,IFSC Youth European Cup Molde 2025,BOULDER U19 Women,finished,2025-10-02 07:18:43 UTC,2026-04-22 08:21:01 UTC,,9781,boulder,Qualification,U19 Women,finished,2025-05-24 14:37:27 UTC,/api/v1/category_rounds/9781/results,boulder_one_group_ifsc_2025_two_courses,IFSC: 2 Courses 2025 (points),19,,,,,,,16656,A3,/api/v1/routes/16656/startlist,
/api/v1/events/1440/result/830,1440,full_results_url,IFSC Youth European Cup Molde 2025,BOULDER U19 Women,finished,2025-10-02 07:18:43 UTC,2026-04-22 08:21:01 UTC,,9781,boulder,Qualification,U19 Women,finished,2025-05-24 14:37:27 UTC,/api/v1/category_rounds/9781/results,boulder_one_group_ifsc_2025_two_courses,IFSC: 2 Courses 2025 (points),19,,,,,,,16657,B1,/api/v1/routes/16657/startlist,
/api/v1/events/1440/result/830,1440,full_results_url,IFSC Youth European Cup Molde 2025,BOULDER U19 Women,finished,2025-10-02 07:18:43 UTC,2026-04-22 08:21:01 UTC,,9781,boulder,Qualification,U19 Women,finished,2025-05-24 14:37:27 UTC,/api/v1/category_rounds/9781/results,boulder_one_group_ifsc_2025_two_courses,IFSC: 2 Courses 2025 (points),19,,,,,,,16658,B2,/api/v1/routes/16658/startlist,
/api/v1/events/1440/result/830,1440,full_results_url,IFSC Youth European Cup Molde 2025,BOULDER U19 Women,finished,2025-10-02 07:18:43 UTC,2026-04-22 08:21:01 UTC,,9781,boulder,Qualification,U19 Women,finished,2025-05-24 14:37:27 UTC,/api/v1/category_rounds/9781/results,boulder_one_group_ifsc_2025_two_courses,IFSC: 2 Courses 2025 (points),19,,,,,,,16659,B3,/api/v1/routes/16659/startlist,
/api/v1/events/1440/result/830,1440,full_results_url,IFSC Youth European Cup Molde 2025,BOULDER U19 Women,finished,2025-10-02 07:18:43 UTC,2026-04-22 08:21:01 UTC,,10008,boulder,Final,U19 Women,finished,2025-05-25 10:54:46 UTC,/api/v1/category_rounds/10008/results,boulder_one_group_ifsc_2025,IFSC: 1 group 2025 (points),21,,,,,,,16511,1,/api/v1/routes/16511/startlist,
/api/v1/events/1440/result/830,1440,full_results_url,IFSC Youth European Cup Molde 2025,BOULDER U19 Women,finished,2025-10-02 07:18:43 UTC,2026-04-22 08:21:01 UTC,,10008,boulder,Final,U19 Women,finished,2025-05-25 10:54:46 UTC,/api/v1/category_rounds/10008/results,boulder_one_group_ifsc_2025,IFSC: 1 group 2025 (points),21,,,,,,,16512,2,/api/v1/routes/16512/startlist,
/api/v1/events/1440/result/830,1440,full_results_url,IFSC Youth European Cup Molde 2025,BOULDER U19 Women,finished,2025-10-02 07:18:43 UTC,2026-04-22 08:21:01 UTC,,10008,boulder,Final,U19 Women,finished,2025-05-25 10:54:46 UTC,/api/v1/category_rounds/10008/results,boulder_one_group_ifsc_2025,IFSC: 1 group 2025 (points),21,,,,,,,16513,3,/api/v1/routes/16513/startlist,
/api/v1/events/1440/result/830,1440,full_results_url,IFSC Youth European Cup Molde 2025,BOULDER U19 Women,finished,2025-10-02 07:18:43 UTC,2026-04-22 08:21:01 UTC,,10008,boulder,Final,U19 Women,finished,2025-05-25 10:54:46 UTC,/api/v1/category_rounds/10008/results,boulder_one_group_ifsc_2025,IFSC: 1 group 2025 (points),21,,,,,,,16514,4,/api/v1/routes/16514/startlist,
/api/v1/events/1440/result/835,1440,full_results_url,IFSC Youth European Cup Molde 2025,BOULDER U17 Men,finished,2025-10-02 07:18:43 UTC,2026-04-22 08:21:05 UTC,,9778,boulder,Qualification,U17 Men,finished,2025-05-24 10:38:56 UTC,/api/v1/category_rounds/9778/results,boulder_one_group_ifsc_2025_two_courses,IFSC: 2 Courses 2025 (points),19,,,,,,,16636,A1,/api/v1/routes/16636/startlist,
/api/v1/events/1440/result/835,1440,full_results_url,IFSC Youth European Cup Molde 2025,BOULDER U17 Men,finished,2025-10-02 07:18:43 UTC,2026-04-22 08:21:05 UTC,,9778,boulder,Qualification,U17 Men,finished,2025-05-24 10:38:56 UTC,/api/v1/category_rounds/9778/results,boulder_one_group_ifsc_2025_two_courses,IFSC: 2 Courses 2025 (points),19,,,,,,,16637,A2,/api/v1/routes/16637/startlist,
/api/v1/events/1440/result/835,1440,full_results_url,IFSC Youth European Cup Molde 2025,BOULDER U17 Men,finished,2025-10-02 07:18:43 UTC,2026-04-22 08:21:05 UTC,,9778,boulder,Qualification,U17 Men,finished,2025-05-24 10:38:56 UTC,/api/v1/category_rounds/9778/results,boulder_one_group_ifsc_2025_two_courses,IFSC: 2 Courses 2025 (points),19,,,,,,,16638,A3,/api/v1/routes/16638/startlist,
/api/v1/events/1440/result/835,1440,full_results_url,IFSC Youth European Cup Molde 2025,BOULDER U17 Men,finished,2025-10-02 07:18:43 UTC,2026-04-22 08:21:05 UTC,,9778,boulder,Qualification,U17 Men,finished,2025-05-24 10:38:56 UTC,/api/v1/category_rounds/9778/results,boulder_one_group_ifsc_2025_two_courses,IFSC: 2 Courses 2025 (points),19,,,,,,,16639,B1,/api/v1/routes/16639/startlist,
/api/v1/events/1440/result/835,1440,full_results_url,IFSC Youth European Cup Molde 2025,BOULDER U17 Men,finished,2025-10-02 07:18:43 UTC,2026-04-22 08:21:05 UTC,,9778,boulder,Qualification,U17 Men,finished,2025-05-24 10:38:56 UTC,/api/v1/category_rounds/9778/results,boulder_one_group_ifsc_2025_two_courses,IFSC: 2 Courses 2025 (points),19,,,,,,,16640,B2,/api/v1/routes/16640/startlist,
/api/v1/events/1440/result/835,1440,full_results_url,IFSC Youth European Cup Molde 2025,BOULDER U17 Men,finished,2025-10-02 07:18:43 UTC,2026-04-22 08:21:05 UTC,,9778,boulder,Qualification,U17 Men,finished,2025-05-24 10:38:56 UTC,/api/v1/category_rounds/9778/results,boulder_one_group_ifsc_2025_two_courses,IFSC: 2 Courses 2025 (points),19,,,,,,,16641,B3,/api/v1/routes/16641/startlist,
/api/v1/events/1440/result/835,1440,full_results_url,IFSC Youth European Cup Molde 2025,BOULDER U17 Men,finished,2025-10-02 07:18:43 UTC,2026-04-22 08:21:05 UTC,,10009,boulder,Final,U17 Men,finished,2025-05-25 08:33:10 UTC,/api/v1/category_rounds/10009/results,boulder_one_group_ifsc_2025,IFSC: 1 group 2025 (points),21,,,,,,,16515,1,/api/v1/routes/16515/startlist,
/api/v1/events/1440/result/835,1440,full_results_url,IFSC Youth European Cup Molde 2025,BOULDER U17 Men,finished,2025-10-02 07:18:43 UTC,2026-04-22 08:21:05 UTC,,10009,boulder,Final,U17 Men,finished,2025-05-25 08:33:10 UTC,/api/v1/category_rounds/10009/results,boulder_one_group_ifsc_2025,IFSC: 1 group 2025 (points),21,,,,,,,16516,2,/api/v1/routes/16516/startlist,
/api/v1/events/1440/result/835,1440,full_results_url,IFSC Youth European Cup Molde 2025,BOULDER U17 Men,finished,2025-10-02 07:18:43 UTC,2026-04-22 08:21:05 UTC,,10009,boulder,Final,U17 Men,finished,2025-05-25 08:33:10 UTC,/api/v1/category_rounds/10009/results,boulder_one_group_ifsc_2025,IFSC: 1 group 2025 (points),21,,,,,,,16517,3,/api/v1/routes/16517/startlist,
/api/v1/events/1440/result/835,1440,full_results_url,IFSC Youth European Cup Molde 2025,BOULDER U17 Men,finished,2025-10-02 07:18:43 UTC,2026-04-22 08:21:05 UTC,,10009,boulder,Final,U17 Men,finished,2025-05-25 08:33:10 UTC,/api/v1/category_rounds/10009/results,boulder_one_group_ifsc_2025,IFSC: 1 group 2025 (points),21,,,,,,,16518,4,/api/v1/routes/16518/startlist,
/api/v1/events/1440/result/840,1440,full_results_url,IFSC Youth European Cup Molde 2025,BOULDER U17 Women,finished,2025-10-02 07:18:43 UTC,2026-04-22 08:21:09 UTC,,9779,boulder,Qualification,U17 Women,finished,2025-05-24 10:36:40 UTC,/api/v1/category_rounds/9779/results,boulder_one_group_ifsc_2025_two_courses,IFSC: 2 Courses 2025 (points),19,,,,,,,16642,A1,/api/v1/routes/16642/startlist,
/api/v1/events/1440/result/840,1440,full_results_url,IFSC Youth European Cup Molde 2025,BOULDER U17 Women,finished,2025-10-02 07:18:43 UTC,2026-04-22 08:21:09 UTC,,9779,boulder,Qualification,U17 Women,finished,2025-05-24 10:36:40 UTC,/api/v1/category_rounds/9779/results,boulder_one_group_ifsc_2025_two_courses,IFSC: 2 Courses 2025 (points),19,,,,,,,16643,A2,/api/v1/routes/16643/startlist,
/api/v1/events/1440/result/840,1440,full_results_url,IFSC Youth European Cup Molde 2025,BOULDER U17 Women,finished,2025-10-02 07:18:43 UTC,2026-04-22 08:21:09 UTC,,9779,boulder,Qualification,U17 Women,finished,2025-05-24 10:36:40 UTC,/api/v1/category_rounds/9779/results,boulder_one_group_ifsc_2025_two_courses,IFSC: 2 Courses 2025 (points),19,,,,,,,16644,A3,/api/v1/routes/16644/startlist,
/api/v1/events/1440/result/840,1440,full_results_url,IFSC Youth European Cup Molde 2025,BOULDER U17 Women,finished,2025-10-02 07:18:43 UTC,2026-04-22 08:21:09 UTC,,9779,boulder,Qualification,U17 Women,finished,2025-05-24 10:36:40 UTC,/api/v1/category_rounds/9779/results,boulder_one_group_ifsc_2025_two_courses,IFSC: 2 Courses 2025 (points),19,,,,,,,16645,B1,/api/v1/routes/16645/startlist,
/api/v1/events/1440/result/840,1440,full_results_url,IFSC Youth European Cup Molde 2025,BOULDER U17 Women,finished,2025-10-02 07:18:43 UTC,2026-04-22 08:21:09 UTC,,9779,boulder,Qualification,U17 Women,finished,2025-05-24 10:36:40 UTC,/api/v1/category_rounds/9779/results,boulder_one_group_ifsc_2025_two_courses,IFSC: 2 Courses 2025 (points),19,,,,,,,16646,B2,/api/v1/routes/16646/startlist,
/api/v1/events/1440/result/840,1440,full_results_url,IFSC Youth European Cup Molde 2025,BOULDER U17 Women,finished,2025-10-02 07:18:43 UTC,2026-04-22 08:21:09 UTC,,9779,boulder,Qualification,U17 Women,finished,2025-05-24 10:36:40 UTC,/api/v1/category_rounds/9779/results,boulder_one_group_ifsc_2025_two_courses,IFSC: 2 Courses 2025 (points),19,,,,,,,16647,B3,/api/v1/routes/16647/startlist,
/api/v1/events/1440/result/840,1440,full_results_url,IFSC Youth European Cup Molde 2025,BOULDER U17 Women,finished,2025-10-02 07:18:43 UTC,2026-04-22 08:21:09 UTC,,10010,boulder,Final,U17 Women,finished,2025-05-25 08:30:31 UTC,/api/v1/category_rounds/10010/results,boulder_one_group_ifsc_2025,IFSC: 1 group 2025 (points),21,,,,,,,16519,1,/api/v1/routes/16519/startlist,
/api/v1/events/1440/result/840,1440,full_results_url,IFSC Youth European Cup Molde 2025,BOULDER U17 Women,finished,2025-10-02 07:18:43 UTC,2026-04-22 08:21:09 UTC,,10010,boulder,Final,U17 Women,finished,2025-05-25 08:30:31 UTC,/api/v1/category_rounds/10010/results,boulder_one_group_ifsc_2025,IFSC: 1 group 2025 (points),21,,,,,,,16520,2,/api/v1/routes/16520/startlist,
/api/v1/events/1440/result/840,1440,full_results_url,IFSC Youth European Cup Molde 2025,BOULDER U17 Women,finished,2025-10-02 07:18:43 UTC,2026-04-22 08:21:09 UTC,,10010,boulder,Final,U17 Women,finished,2025-05-25 08:30:31 UTC,/api/v1/category_rounds/10010/results,boulder_one_group_ifsc_2025,IFSC: 1 group 2025 (points),21,,,,,,,16521,3,/api/v1/routes/16521/startlist,
/api/v1/events/1440/result/840,1440,full_results_url,IFSC Youth European Cup Molde 2025,BOULDER U17 Women,finished,2025-10-02 07:18:43 UTC,2026-04-22 08:21:09 UTC,,10010,boulder,Final,U17 Women,finished,2025-05-25 08:30:31 UTC,/api/v1/category_rounds/10010/results,boulder_one_group_ifsc_2025,IFSC: 1 group 2025 (points),21,,,,,,,16522,4,/api/v1/routes/16522/startlist,
/api/v1/events/1455/result/2,1455,full_results_url,IFSC World Cup Denver 2025,SPEED Men,finished,2025-10-02 07:18:42 UTC,2026-04-22 08:21:13 UTC,,9742,speed,Qualification,Men,finished,2025-05-31 23:44:21 UTC,/api/v1/category_rounds/9742/results,speed_staggered,IFSC: Qualification,1,,,,,,,15293,A,/api/v1/routes/15293/startlist,
/api/v1/events/1455/result/2,1455,full_results_url,IFSC World Cup Denver 2025,SPEED Men,finished,2025-10-02 07:18:42 UTC,2026-04-22 08:21:13 UTC,,9742,speed,Qualification,Men,finished,2025-05-31 23:44:21 UTC,/api/v1/category_rounds/9742/results,speed_staggered,IFSC: Qualification,1,,,,,,,15294,B,/api/v1/routes/15294/startlist,
/api/v1/events/1455/result/2,1455,full_results_url,IFSC World Cup Denver 2025,SPEED Men,finished,2025-10-02 07:18:42 UTC,2026-04-22 08:21:13 UTC,,10041,speed,Final,Men,finished,2025-06-01 23:18:24 UTC,/api/v1/category_rounds/10041/results,speed_elimination_ifsc_2023,IFSC 2023+: Elimination,3,,,,,,,16680,A,/api/v1/routes/16680/startlist,
/api/v1/events/1455/result/2,1455,full_results_url,IFSC World Cup Denver 2025,SPEED Men,finished,2025-10-02 07:18:42 UTC,2026-04-22 08:21:13 UTC,,10041,speed,Final,Men,finished,2025-06-01 23:18:24 UTC,/api/v1/category_rounds/10041/results,speed_elimination_ifsc_2023,IFSC 2023+: Elimination,3,,,,,,,16681,B,/api/v1/routes/16681/startlist,
/api/v1/events/1455/result/6,1455,full_results_url,IFSC World Cup Denver 2025,SPEED Women,finished,2025-10-02 07:18:42 UTC,2026-04-22 08:21:16 UTC,,9743,speed,Qualification,Women,finished,2025-05-31 22:35:14 UTC,/api/v1/category_rounds/9743/results,speed_staggered,IFSC: Qualification,1,,,,,,,15295,A,/api/v1/routes/15295/startlist,
/api/v1/events/1455/result/6,1455,full_results_url,IFSC World Cup Denver 2025,SPEED Women,finished,2025-10-02 07:18:42 UTC,2026-04-22 08:21:16 UTC,,9743,speed,Qualification,Women,finished,2025-05-31 22:35:14 UTC,/api/v1/category_rounds/9743/results,speed_staggered,IFSC: Qualification,1,,,,,,,15296,B,/api/v1/routes/15296/startlist,
/api/v1/events/1455/result/6,1455,full_results_url,IFSC World Cup Denver 2025,SPEED Women,finished,2025-10-02 07:18:42 UTC,2026-04-22 08:21:16 UTC,,10042,speed,Final,Women,finished,2025-06-01 23:09:20 UTC,/api/v1/category_rounds/10042/results,speed_elimination_ifsc_2023,IFSC 2023+: Elimination,3,,,,,,,16682,A,/api/v1/routes/16682/startlist,
/api/v1/events/1455/result/6,1455,full_results_url,IFSC World Cup Denver 2025,SPEED Women,finished,2025-10-02 07:18:42 UTC,2026-04-22 08:21:16 UTC,,10042,speed,Final,Women,finished,2025-06-01 23:09:20 UTC,/api/v1/category_rounds/10042/results,speed_elimination_ifsc_2023,IFSC 2023+: Elimination,3,,,,,,,16683,B,/api/v1/routes/16683/startlist,
/api/v1/events/1410/result/3,1410,full_results_url,IFSC World Cup Prague 2025,BOULDER Men,finished,2025-10-02 07:18:42 UTC,2026-04-22 08:21:20 UTC,,10037,boulder,Semi-final,Men,finished,2025-06-07 12:54:15 UTC,/api/v1/category_rounds/10037/results,boulder_one_group_ifsc_2025,IFSC: 1 group 2025 (points),2,,,,,,,16664,1,/api/v1/routes/16664/startlist,
/api/v1/events/1410/result/3,1410,full_results_url,IFSC World Cup Prague 2025,BOULDER Men,finished,2025-10-02 07:18:42 UTC,2026-04-22 08:21:20 UTC,,10037,boulder,Semi-final,Men,finished,2025-06-07 12:54:15 UTC,/api/v1/category_rounds/10037/results,boulder_one_group_ifsc_2025,IFSC: 1 group 2025 (points),2,,,,,,,16665,2,/api/v1/routes/16665/startlist,
/api/v1/events/1410/result/3,1410,full_results_url,IFSC World Cup Prague 2025,BOULDER Men,finished,2025-10-02 07:18:42 UTC,2026-04-22 08:21:20 UTC,,10037,boulder,Semi-final,Men,finished,2025-06-07 12:54:15 UTC,/api/v1/category_rounds/10037/results,boulder_one_group_ifsc_2025,IFSC: 1 group 2025 (points),2,,,,,,,16666,3,/api/v1/routes/16666/startlist,
/api/v1/events/1410/result/3,1410,full_results_url,IFSC World Cup Prague 2025,BOULDER Men,finished,2025-10-02 07:18:42 UTC,2026-04-22 08:21:20 UTC,,10037,boulder,Semi-final,Men,finished,2025-06-07 12:54:15 UTC,/api/v1/category_rounds/10037/results,boulder_one_group_ifsc_2025,IFSC: 1 group 2025 (points),2,,,,,,,16667,4,/api/v1/routes/16667/startlist,
/api/v1/events/1410/result/3,1410,full_results_url,IFSC World Cup Prague 2025,BOULDER Men,finished,2025-10-02 07:18:42 UTC,2026-04-22 08:21:20 UTC,,10039,boulder,Final,Men,finished,2025-06-07 18:09:31 UTC,/api/v1/category_rounds/10039/results,boulder_finals_ifsc_2025,IFSC: finals 2025 (points),3,,,,,,,16672,1,/api/v1/routes/16672/startlist,
/api/v1/events/1410/result/3,1410,full_results_url,IFSC World Cup Prague 2025,BOULDER Men,finished,2025-10-02 07:18:42 UTC,2026-04-22 08:21:20 UTC,,10039,boulder,Final,Men,finished,2025-06-07 18:09:31 UTC,/api/v1/category_rounds/10039/results,boulder_finals_ifsc_2025,IFSC: finals 2025 (points),3,,,,,,,16673,2,/api/v1/routes/16673/startlist,
/api/v1/events/1410/result/3,1410,full_results_url,IFSC World Cup Prague 2025,BOULDER Men,finished,2025-10-02 07:18:42 UTC,2026-04-22 08:21:20 UTC,,10039,boulder,Final,Men,finished,2025-06-07 18:09:31 UTC,/api/v1/category_rounds/10039/results,boulder_finals_ifsc_2025,IFSC: finals 2025 (points),3,,,,,,,16674,3,/api/v1/routes/16674/startlist,
/api/v1/events/1410/result/3,1410,full_results_url,IFSC World Cup Prague 2025,BOULDER Men,finished,2025-10-02 07:18:42 UTC,2026-04-22 08:21:20 UTC,,10039,boulder,Final,Men,finished,2025-06-07 18:09:31 UTC,/api/v1/category_rounds/10039/results,boulder_finals_ifsc_2025,IFSC: finals 2025 (points),3,,,,,,,16675,4,/api/v1/routes/16675/startlist,
/api/v1/events/1410/result/7,1410,full_results_url,IFSC World Cup Prague 2025,BOULDER Women,finished,2025-10-02 07:18:42 UTC,2026-04-22 08:21:24 UTC,,10038,boulder,Semi-final,Women,finished,2025-06-08 10:10:46 UTC,/api/v1/category_rounds/10038/results,boulder_one_group_ifsc_2025,IFSC: 1 group 2025 (points),2,,,,,,,16668,1,/api/v1/routes/16668/startlist,
/api/v1/events/1410/result/7,1410,full_results_url,IFSC World Cup Prague 2025,BOULDER Women,finished,2025-10-02 07:18:42 UTC,2026-04-22 08:21:24 UTC,,10038,boulder,Semi-final,Women,finished,2025-06-08 10:10:46 UTC,/api/v1/category_rounds/10038/results,boulder_one_group_ifsc_2025,IFSC: 1 group 2025 (points),2,,,,,,,16669,2,/api/v1/routes/16669/startlist,
/api/v1/events/1410/result/7,1410,full_results_url,IFSC World Cup Prague 2025,BOULDER Women,finished,2025-10-02 07:18:42 UTC,2026-04-22 08:21:24 UTC,,10038,boulder,Semi-final,Women,finished,2025-06-08 10:10:46 UTC,/api/v1/category_rounds/10038/results,boulder_one_group_ifsc_2025,IFSC: 1 group 2025 (points),2,,,,,,,16670,3,/api/v1/routes/16670/startlist,
/api/v1/events/1410/result/7,1410,full_results_url,IFSC World Cup Prague 2025,BOULDER Women,finished,2025-10-02 07:18:42 UTC,2026-04-22 08:21:24 UTC,,10038,boulder,Semi-final,Women,finished,2025-06-08 10:10:46 UTC,/api/v1/category_rounds/10038/results,boulder_one_group_ifsc_2025,IFSC: 1 group 2025 (points),2,,,,,,,16671,4,/api/v1/routes/16671/startlist,
/api/v1/events/1433/result/824,1433,full_results_url,IFSC Youth European Cup Mezzolombardo 2025,SPEED U19 Men,finished,2025-10-02 07:18:43 UTC,2025-06-07 08:19:52 UTC,,9784,speed,Qualification,U19 Men,finished,2025-06-06 15:15:37 UTC,/api/v1/category_rounds/9784/results,speed_staggered_tolerate_false_start,IFSC-E: Qualification (Tolerate FS),19,,,,,,,15445,A,/api/v1/routes/15445/startlist,
/api/v1/events/1433/result/824,1433,full_results_url,IFSC Youth European Cup Mezzolombardo 2025,SPEED U19 Men,finished,2025-10-02 07:18:43 UTC,2025-06-07 08:19:52 UTC,,9784,speed,Qualification,U19 Men,finished,2025-06-06 15:15:37 UTC,/api/v1/category_rounds/9784/results,speed_staggered_tolerate_false_start,IFSC-E: Qualification (Tolerate FS),19,,,,,,,15446,B,/api/v1/routes/15446/startlist,
/api/v1/events/1433/result/824,1433,full_results_url,IFSC Youth European Cup Mezzolombardo 2025,SPEED U19 Men,finished,2025-10-02 07:18:43 UTC,2025-06-07 08:19:52 UTC,,10049,speed,Final,U19 Men,finished,2025-06-06 17:17:40 UTC,/api/v1/category_rounds/10049/results,speed_elimination_ifsc_2023,IFSC 2023+: Elimination,21,,,,,,,16708,A,/api/v1/routes/16708/startlist,
/api/v1/events/1433/result/824,1433,full_results_url,IFSC Youth European Cup Mezzolombardo 2025,SPEED U19 Men,finished,2025-10-02 07:18:43 UTC,2025-06-07 08:19:52 UTC,,10049,speed,Final,U19 Men,finished,2025-06-06 17:17:40 UTC,/api/v1/category_rounds/10049/results,speed_elimination_ifsc_2023,IFSC 2023+: Elimination,21,,,,,,,16709,B,/api/v1/routes/16709/startlist,
/api/v1/events/1433/result/829,1433,full_results_url,IFSC Youth European Cup Mezzolombardo 2025,SPEED U19 Women,finished,2025-10-02 07:18:43 UTC,2025-06-07 08:22:48 UTC,,9785,speed,Qualification,U19 Women,finished,2025-06-06 14:40:47 UTC,/api/v1/category_rounds/9785/results,speed_staggered_tolerate_false_start,IFSC-E: Qualification (Tolerate FS),19,,,,,,,15447,A,/api/v1/routes/15447/startlist,
/api/v1/events/1433/result/829,1433,full_results_url,IFSC Youth European Cup Mezzolombardo 2025,SPEED U19 Women,finished,2025-10-02 07:18:43 UTC,2025-06-07 08:22:48 UTC,,9785,speed,Qualification,U19 Women,finished,2025-06-06 14:40:47 UTC,/api/v1/category_rounds/9785/results,speed_staggered_tolerate_false_start,IFSC-E: Qualification (Tolerate FS),19,,,,,,,15448,B,/api/v1/routes/15448/startlist,
/api/v1/events/1433/result/829,1433,full_results_url,IFSC Youth European Cup Mezzolombardo 2025,SPEED U19 Women,finished,2025-10-02 07:18:43 UTC,2025-06-07 08:22:48 UTC,,10050,speed,Final,U19 Women,finished,2025-06-06 17:18:14 UTC,/api/v1/category_rounds/10050/results,speed_elimination_ifsc_2023,IFSC 2023+: Elimination,21,,,,,,,16710,A,/api/v1/routes/16710/startlist,
/api/v1/events/1433/result/829,1433,full_results_url,IFSC Youth European Cup Mezzolombardo 2025,SPEED U19 Women,finished,2025-10-02 07:18:43 UTC,2025-06-07 08:22:48 UTC,,10050,speed,Final,U19 Women,finished,2025-06-06 17:18:14 UTC,/api/v1/category_rounds/10050/results,speed_elimination_ifsc_2023,IFSC 2023+: Elimination,21,,,,,,,16711,B,/api/v1/routes/16711/startlist,
/api/v1/events/1433/result/834,1433,full_results_url,IFSC Youth European Cup Mezzolombardo 2025,SPEED U17 Men,finished,2025-10-02 07:18:43 UTC,2025-06-07 08:28:45 UTC,,9782,speed,Qualification,U17 Men,finished,2025-06-06 14:22:22 UTC,/api/v1/category_rounds/9782/results,speed_staggered_tolerate_false_start,IFSC-E: Qualification (Tolerate FS),19,,,,,,,15441,A,/api/v1/routes/15441/startlist,
/api/v1/events/1433/result/834,1433,full_results_url,IFSC Youth European Cup Mezzolombardo 2025,SPEED U17 Men,finished,2025-10-02 07:18:43 UTC,2025-06-07 08:28:45 UTC,,9782,speed,Qualification,U17 Men,finished,2025-06-06 14:22:22 UTC,/api/v1/category_rounds/9782/results,speed_staggered_tolerate_false_start,IFSC-E: Qualification (Tolerate FS),19,,,,,,,15442,B,/api/v1/routes/15442/startlist,
/api/v1/events/1433/result/834,1433,full_results_url,IFSC Youth European Cup Mezzolombardo 2025,SPEED U17 Men,finished,2025-10-02 07:18:43 UTC,2025-06-07 08:28:45 UTC,,10051,speed,Final,U17 Men,finished,2025-06-06 16:46:56 UTC,/api/v1/category_rounds/10051/results,speed_elimination_ifsc_2023,IFSC 2023+: Elimination,21,,,,,,,16712,A,/api/v1/routes/16712/startlist,
/api/v1/events/1433/result/834,1433,full_results_url,IFSC Youth European Cup Mezzolombardo 2025,SPEED U17 Men,finished,2025-10-02 07:18:43 UTC,2025-06-07 08:28:45 UTC,,10051,speed,Final,U17 Men,finished,2025-06-06 16:46:56 UTC,/api/v1/category_rounds/10051/results,speed_elimination_ifsc_2023,IFSC 2023+: Elimination,21,,,,,,,16713,B,/api/v1/routes/16713/startlist,
/api/v1/events/1433/result/839,1433,full_results_url,IFSC Youth European Cup Mezzolombardo 2025,SPEED U17 Women,finished,2025-10-02 07:18:43 UTC,2025-06-07 08:32:16 UTC,,9783,speed,Qualification,U17 Women,finished,2025-06-06 14:20:36 UTC,/api/v1/category_rounds/9783/results,speed_staggered_tolerate_false_start,IFSC-E: Qualification (Tolerate FS),19,,,,,,,15443,A,/api/v1/routes/15443/startlist,
/api/v1/events/1433/result/839,1433,full_results_url,IFSC Youth European Cup Mezzolombardo 2025,SPEED U17 Women,finished,2025-10-02 07:18:43 UTC,2025-06-07 08:32:16 UTC,,9783,speed,Qualification,U17 Women,finished,2025-06-06 14:20:36 UTC,/api/v1/category_rounds/9783/results,speed_staggered_tolerate_false_start,IFSC-E: Qualification (Tolerate FS),19,,,,,,,15444,B,/api/v1/routes/15444/startlist,
/api/v1/events/1433/result/839,1433,full_results_url,IFSC Youth European Cup Mezzolombardo 2025,SPEED U17 Women,finished,2025-10-02 07:18:43 UTC,2025-06-07 08:32:16 UTC,,10052,speed,Final,U17 Women,finished,2025-06-06 16:45:58 UTC,/api/v1/category_rounds/10052/results,speed_elimination_ifsc_2023,IFSC 2023+: Elimination,21,,,,,,,16714,A,/api/v1/routes/16714/startlist,
/api/v1/events/1433/result/839,1433,full_results_url,IFSC Youth European Cup Mezzolombardo 2025,SPEED U17 Women,finished,2025-10-02 07:18:43 UTC,2025-06-07 08:32:16 UTC,,10052,speed,Final,U17 Women,finished,2025-06-06 16:45:58 UTC,/api/v1/category_rounds/10052/results,speed_elimination_ifsc_2023,IFSC 2023+: Elimination,21,,,,,,,16715,B,/api/v1/routes/16715/startlist,
/api/v1/events/1429/result/226,1429,full_results_url,IFSC European Cup Mezzolombardo 2025,SPEED Men,finished,2025-10-02 07:18:42 UTC,2026-04-22 08:21:42 UTC,,9524,speed,Qualification,Men,finished,2025-06-07 16:05:58 UTC,/api/v1/category_rounds/9524/results,speed_qualification_ifsc_2025,IFSC 2025: Qualification,16,,,,,,,16704,A,/api/v1/routes/16704/startlist,
/api/v1/events/1429/result/226,1429,full_results_url,IFSC European Cup Mezzolombardo 2025,SPEED Men,finished,2025-10-02 07:18:42 UTC,2026-04-22 08:21:42 UTC,,9524,speed,Qualification,Men,finished,2025-06-07 16:05:58 UTC,/api/v1/category_rounds/9524/results,speed_qualification_ifsc_2025,IFSC 2025: Qualification,16,,,,,,,16705,B,/api/v1/routes/16705/startlist,
/api/v1/events/1429/result/226,1429,full_results_url,IFSC European Cup Mezzolombardo 2025,SPEED Men,finished,2025-10-02 07:18:42 UTC,2026-04-22 08:21:42 UTC,,10047,speed,Final,Men,finished,2025-06-07 18:07:51 UTC,/api/v1/category_rounds/10047/results,speed_elimination_ifsc_2023,IFSC 2023+: Elimination,18,,,,,,,16700,A,/api/v1/routes/16700/startlist,
/api/v1/events/1429/result/226,1429,full_results_url,IFSC European Cup Mezzolombardo 2025,SPEED Men,finished,2025-10-02 07:18:42 UTC,2026-04-22 08:21:42 UTC,,10047,speed,Final,Men,finished,2025-06-07 18:07:51 UTC,/api/v1/category_rounds/10047/results,speed_elimination_ifsc_2023,IFSC 2023+: Elimination,18,,,,,,,16701,B,/api/v1/routes/16701/startlist,
/api/v1/events/1429/result/230,1429,full_results_url,IFSC European Cup Mezzolombardo 2025,SPEED Women,finished,2025-10-02 07:18:42 UTC,2026-04-22 08:21:45 UTC,,9525,speed,Qualification,Women,finished,2025-06-07 15:12:03 UTC,/api/v1/category_rounds/9525/results,speed_qualification_ifsc_2025,IFSC 2025: Qualification,16,,,,,,,16706,A,/api/v1/routes/16706/startlist,
/api/v1/events/1429/result/230,1429,full_results_url,IFSC European Cup Mezzolombardo 2025,SPEED Women,finished,2025-10-02 07:18:42 UTC,2026-04-22 08:21:45 UTC,,9525,speed,Qualification,Women,finished,2025-06-07 15:12:03 UTC,/api/v1/category_rounds/9525/results,speed_qualification_ifsc_2025,IFSC 2025: Qualification,16,,,,,,,16707,B,/api/v1/routes/16707/startlist,
/api/v1/events/1429/result/230,1429,full_results_url,IFSC European Cup Mezzolombardo 2025,SPEED Women,finished,2025-10-02 07:18:42 UTC,2026-04-22 08:21:45 UTC,,10048,speed,Final,Women,finished,2025-06-07 18:02:36 UTC,/api/v1/category_rounds/10048/results,speed_elimination_ifsc_2023,IFSC 2023+: Elimination,18,,,,,,,16702,A,/api/v1/routes/16702/startlist,
/api/v1/events/1429/result/230,1429,full_results_url,IFSC European Cup Mezzolombardo 2025,SPEED Women,finished,2025-10-02 07:18:42 UTC,2026-04-22 08:21:45 UTC,,10048,speed,Final,Women,finished,2025-06-07 18:02:36 UTC,/api/v1/category_rounds/10048/results,speed_elimination_ifsc_2023,IFSC 2023+: Elimination,18,,,,,,,16703,B,/api/v1/routes/16703/startlist,
/api/v1/events/1411/result/3,1411,full_results_url,IFSC World Cup Bern 2025,BOULDER Men,finished,2025-10-02 07:18:42 UTC,2026-04-22 08:21:49 UTC,,10043,boulder,Semi-final,Men,finished,2025-06-15 10:39:37 UTC,/api/v1/category_rounds/10043/results,boulder_one_group_ifsc_2025,IFSC: 1 group 2025 (points),2,,,,,,,16684,1,/api/v1/routes/16684/startlist,
/api/v1/events/1411/result/3,1411,full_results_url,IFSC World Cup Bern 2025,BOULDER Men,finished,2025-10-02 07:18:42 UTC,2026-04-22 08:21:49 UTC,,10043,boulder,Semi-final,Men,finished,2025-06-15 10:39:37 UTC,/api/v1/category_rounds/10043/results,boulder_one_group_ifsc_2025,IFSC: 1 group 2025 (points),2,,,,,,,16685,2,/api/v1/routes/16685/startlist,
/api/v1/events/1411/result/3,1411,full_results_url,IFSC World Cup Bern 2025,BOULDER Men,finished,2025-10-02 07:18:42 UTC,2026-04-22 08:21:49 UTC,,10043,boulder,Semi-final,Men,finished,2025-06-15 10:39:37 UTC,/api/v1/category_rounds/10043/results,boulder_one_group_ifsc_2025,IFSC: 1 group 2025 (points),2,,,,,,,16686,3,/api/v1/routes/16686/startlist,
/api/v1/events/1411/result/3,1411,full_results_url,IFSC World Cup Bern 2025,BOULDER Men,finished,2025-10-02 07:18:42 UTC,2026-04-22 08:21:49 UTC,,10043,boulder,Semi-final,Men,finished,2025-06-15 10:39:37 UTC,/api/v1/category_rounds/10043/results,boulder_one_group_ifsc_2025,IFSC: 1 group 2025 (points),2,,,,,,,16687,4,/api/v1/routes/16687/startlist,
/api/v1/events/1411/result/3,1411,full_results_url,IFSC World Cup Bern 2025,BOULDER Men,finished,2025-10-02 07:18:42 UTC,2026-04-22 08:21:49 UTC,,10045,boulder,Final,Men,finished,2025-06-15 16:57:03 UTC,/api/v1/category_rounds/10045/results,boulder_finals_ifsc_2025,IFSC: finals 2025 (points),3,,,,,,,16692,1,/api/v1/routes/16692/startlist,
/api/v1/events/1411/result/3,1411,full_results_url,IFSC World Cup Bern 2025,BOULDER Men,finished,2025-10-02 07:18:42 UTC,2026-04-22 08:21:49 UTC,,10045,boulder,Final,Men,finished,2025-06-15 16:57:03 UTC,/api/v1/category_rounds/10045/results,boulder_finals_ifsc_2025,IFSC: finals 2025 (points),3,,,,,,,16693,2,/api/v1/routes/16693/startlist,
/api/v1/events/1411/result/3,1411,full_results_url,IFSC World Cup Bern 2025,BOULDER Men,finished,2025-10-02 07:18:42 UTC,2026-04-22 08:21:49 UTC,,10045,boulder,Final,Men,finished,2025-06-15 16:57:03 UTC,/api/v1/category_rounds/10045/results,boulder_finals_ifsc_2025,IFSC: finals 2025 (points),3,,,,,,,16694,3,/api/v1/routes/16694/startlist,
/api/v1/events/1411/result/3,1411,full_results_url,IFSC World Cup Bern 2025,BOULDER Men,finished,2025-10-02 07:18:42 UTC,2026-04-22 08:21:49 UTC,,10045,boulder,Final,Men,finished,2025-06-15 16:57:03 UTC,/api/v1/category_rounds/10045/results,boulder_finals_ifsc_2025,IFSC: finals 2025 (points),3,,,,,,,16695,4,/api/v1/routes/16695/startlist,
/api/v1/events/1411/result/7,1411,full_results_url,IFSC World Cup Bern 2025,BOULDER Women,finished,2025-10-02 07:18:42 UTC,2026-04-22 08:21:53 UTC,,10044,boulder,Semi-final,Women,finished,2025-06-14 10:43:26 UTC,/api/v1/category_rounds/10044/results,boulder_one_group_ifsc_2025,IFSC: 1 group 2025 (points),2,,,,,,,16688,1,/api/v1/routes/16688/startlist,
/api/v1/events/1411/result/7,1411,full_results_url,IFSC World Cup Bern 2025,BOULDER Women,finished,2025-10-02 07:18:42 UTC,2026-04-22 08:21:53 UTC,,10044,boulder,Semi-final,Women,finished,2025-06-14 10:43:26 UTC,/api/v1/category_rounds/10044/results,boulder_one_group_ifsc_2025,IFSC: 1 group 2025 (points),2,,,,,,,16689,2,/api/v1/routes/16689/startlist,
/api/v1/events/1411/result/7,1411,full_results_url,IFSC World Cup Bern 2025,BOULDER Women,finished,2025-10-02 07:18:42 UTC,2026-04-22 08:21:53 UTC,,10044,boulder,Semi-final,Women,finished,2025-06-14 10:43:26 UTC,/api/v1/category_rounds/10044/results,boulder_one_group_ifsc_2025,IFSC: 1 group 2025 (points),2,,,,,,,16690,3,/api/v1/routes/16690/startlist,
/api/v1/events/1411/result/7,1411,full_results_url,IFSC World Cup Bern 2025,BOULDER Women,finished,2025-10-02 07:18:42 UTC,2026-04-22 08:21:53 UTC,,10044,boulder,Semi-final,Women,finished,2025-06-14 10:43:26 UTC,/api/v1/category_rounds/10044/results,boulder_one_group_ifsc_2025,IFSC: 1 group 2025 (points),2,,,,,,,16691,4,/api/v1/routes/16691/startlist,
/api/v1/events/1411/result/7,1411,full_results_url,IFSC World Cup Bern 2025,BOULDER Women,finished,2025-10-02 07:18:42 UTC,2026-04-22 08:21:53 UTC,,10046,boulder,Final,Women,finished,2025-06-14 16:41:35 UTC,/api/v1/category_rounds/10046/results,boulder_finals_ifsc_2025,IFSC: finals 2025 (points),3,,,,,,,16696,1,/api/v1/routes/16696/startlist,
/api/v1/events/1411/result/7,1411,full_results_url,IFSC World Cup Bern 2025,BOULDER Women,finished,2025-10-02 07:18:42 UTC,2026-04-22 08:21:53 UTC,,10046,boulder,Final,Women,finished,2025-06-14 16:41:35 UTC,/api/v1/category_rounds/10046/results,boulder_finals_ifsc_2025,IFSC: finals 2025 (points),3,,,,,,,16697,2,/api/v1/routes/16697/startlist,
/api/v1/events/1411/result/7,1411,full_results_url,IFSC World Cup Bern 2025,BOULDER Women,finished,2025-10-02 07:18:42 UTC,2026-04-22 08:21:53 UTC,,10046,boulder,Final,Women,finished,2025-06-14 16:41:35 UTC,/api/v1/category_rounds/10046/results,boulder_finals_ifsc_2025,IFSC: finals 2025 (points),3,,,,,,,16698,3,/api/v1/routes/16698/startlist,
/api/v1/events/1411/result/7,1411,full_results_url,IFSC World Cup Bern 2025,BOULDER Women,finished,2025-10-02 07:18:42 UTC,2026-04-22 08:21:53 UTC,,10046,boulder,Final,Women,finished,2025-06-14 16:41:35 UTC,/api/v1/category_rounds/10046/results,boulder_finals_ifsc_2025,IFSC: finals 2025 (points),3,,,,,,,16699,4,/api/v1/routes/16699/startlist,
/api/v1/events/1460/result/825,1460,full_results_url,IFSC Youth European Cup Sukoró 2025,BOULDER U19 Men,finished,2025-10-02 07:18:43 UTC,2026-04-22 08:21:57 UTC,,9843,boulder,Qualification,U19 Men,finished,2025-06-14 16:52:21 UTC,/api/v1/category_rounds/9843/results,boulder_one_group_ifsc_2025_two_courses,IFSC: 2 Courses 2025 (points),19,,,,,,,16939,A1,/api/v1/routes/16939/startlist,
/api/v1/events/1460/result/825,1460,full_results_url,IFSC Youth European Cup Sukoró 2025,BOULDER U19 Men,finished,2025-10-02 07:18:43 UTC,2026-04-22 08:21:57 UTC,,9843,boulder,Qualification,U19 Men,finished,2025-06-14 16:52:21 UTC,/api/v1/category_rounds/9843/results,boulder_one_group_ifsc_2025_two_courses,IFSC: 2 Courses 2025 (points),19,,,,,,,16940,A2,/api/v1/routes/16940/startlist,
/api/v1/events/1460/result/825,1460,full_results_url,IFSC Youth European Cup Sukoró 2025,BOULDER U19 Men,finished,2025-10-02 07:18:43 UTC,2026-04-22 08:21:57 UTC,,9843,boulder,Qualification,U19 Men,finished,2025-06-14 16:52:21 UTC,/api/v1/category_rounds/9843/results,boulder_one_group_ifsc_2025_two_courses,IFSC: 2 Courses 2025 (points),19,,,,,,,16941,A3,/api/v1/routes/16941/startlist,
/api/v1/events/1460/result/825,1460,full_results_url,IFSC Youth European Cup Sukoró 2025,BOULDER U19 Men,finished,2025-10-02 07:18:43 UTC,2026-04-22 08:21:57 UTC,,9843,boulder,Qualification,U19 Men,finished,2025-06-14 16:52:21 UTC,/api/v1/category_rounds/9843/results,boulder_one_group_ifsc_2025_two_courses,IFSC: 2 Courses 2025 (points),19,,,,,,,16942,B1,/api/v1/routes/16942/startlist,
/api/v1/events/1460/result/825,1460,full_results_url,IFSC Youth European Cup Sukoró 2025,BOULDER U19 Men,finished,2025-10-02 07:18:43 UTC,2026-04-22 08:21:57 UTC,,9843,boulder,Qualification,U19 Men,finished,2025-06-14 16:52:21 UTC,/api/v1/category_rounds/9843/results,boulder_one_group_ifsc_2025_two_courses,IFSC: 2 Courses 2025 (points),19,,,,,,,16943,B2,/api/v1/routes/16943/startlist,
/api/v1/events/1460/result/825,1460,full_results_url,IFSC Youth European Cup Sukoró 2025,BOULDER U19 Men,finished,2025-10-02 07:18:43 UTC,2026-04-22 08:21:57 UTC,,9843,boulder,Qualification,U19 Men,finished,2025-06-14 16:52:21 UTC,/api/v1/category_rounds/9843/results,boulder_one_group_ifsc_2025_two_courses,IFSC: 2 Courses 2025 (points),19,,,,,,,16944,B3,/api/v1/routes/16944/startlist,
/api/v1/events/1460/result/825,1460,full_results_url,IFSC Youth European Cup Sukoró 2025,BOULDER U19 Men,finished,2025-10-02 07:18:43 UTC,2026-04-22 08:21:57 UTC,,10079,boulder,Final,U19 Men,finished,2025-06-15 09:20:09 UTC,/api/v1/category_rounds/10079/results,boulder_one_group_ifsc_2025,IFSC: 1 group 2025 (points),21,,,,,,,16963,1,/api/v1/routes/16963/startlist,
/api/v1/events/1460/result/825,1460,full_results_url,IFSC Youth European Cup Sukoró 2025,BOULDER U19 Men,finished,2025-10-02 07:18:43 UTC,2026-04-22 08:21:57 UTC,,10079,boulder,Final,U19 Men,finished,2025-06-15 09:20:09 UTC,/api/v1/category_rounds/10079/results,boulder_one_group_ifsc_2025,IFSC: 1 group 2025 (points),21,,,,,,,16964,2,/api/v1/routes/16964/startlist,
/api/v1/events/1460/result/825,1460,full_results_url,IFSC Youth European Cup Sukoró 2025,BOULDER U19 Men,finished,2025-10-02 07:18:43 UTC,2026-04-22 08:21:57 UTC,,10079,boulder,Final,U19 Men,finished,2025-06-15 09:20:09 UTC,/api/v1/category_rounds/10079/results,boulder_one_group_ifsc_2025,IFSC: 1 group 2025 (points),21,,,,,,,16965,3,/api/v1/routes/16965/startlist,
/api/v1/events/1460/result/825,1460,full_results_url,IFSC Youth European Cup Sukoró 2025,BOULDER U19 Men,finished,2025-10-02 07:18:43 UTC,2026-04-22 08:21:57 UTC,,10079,boulder,Final,U19 Men,finished,2025-06-15 09:20:09 UTC,/api/v1/category_rounds/10079/results,boulder_one_group_ifsc_2025,IFSC: 1 group 2025 (points),21,,,,,,,16966,4,/api/v1/routes/16966/startlist,
/api/v1/events/1460/result/830,1460,full_results_url,IFSC Youth European Cup Sukoró 2025,BOULDER U19 Women,finished,2025-10-02 07:18:43 UTC,2026-04-22 08:22:00 UTC,,9844,boulder,Qualification,U19 Women,finished,2025-06-14 16:18:56 UTC,/api/v1/category_rounds/9844/results,boulder_one_group_ifsc_2025_two_courses,IFSC: 2 Courses 2025 (points),19,,,,,,,16945,A1,/api/v1/routes/16945/startlist,
/api/v1/events/1460/result/830,1460,full_results_url,IFSC Youth European Cup Sukoró 2025,BOULDER U19 Women,finished,2025-10-02 07:18:43 UTC,2026-04-22 08:22:00 UTC,,9844,boulder,Qualification,U19 Women,finished,2025-06-14 16:18:56 UTC,/api/v1/category_rounds/9844/results,boulder_one_group_ifsc_2025_two_courses,IFSC: 2 Courses 2025 (points),19,,,,,,,16946,A2,/api/v1/routes/16946/startlist,
/api/v1/events/1460/result/830,1460,full_results_url,IFSC Youth European Cup Sukoró 2025,BOULDER U19 Women,finished,2025-10-02 07:18:43 UTC,2026-04-22 08:22:00 UTC,,9844,boulder,Qualification,U19 Women,finished,2025-06-14 16:18:56 UTC,/api/v1/category_rounds/9844/results,boulder_one_group_ifsc_2025_two_courses,IFSC: 2 Courses 2025 (points),19,,,,,,,16947,A3,/api/v1/routes/16947/startlist,
/api/v1/events/1460/result/830,1460,full_results_url,IFSC Youth European Cup Sukoró 2025,BOULDER U19 Women,finished,2025-10-02 07:18:43 UTC,2026-04-22 08:22:00 UTC,,9844,boulder,Qualification,U19 Women,finished,2025-06-14 16:18:56 UTC,/api/v1/category_rounds/9844/results,boulder_one_group_ifsc_2025_two_courses,IFSC: 2 Courses 2025 (points),19,,,,,,,16948,B1,/api/v1/routes/16948/startlist,
/api/v1/events/1460/result/830,1460,full_results_url,IFSC Youth European Cup Sukoró 2025,BOULDER U19 Women,finished,2025-10-02 07:18:43 UTC,2026-04-22 08:22:00 UTC,,9844,boulder,Qualification,U19 Women,finished,2025-06-14 16:18:56 UTC,/api/v1/category_rounds/9844/results,boulder_one_group_ifsc_2025_two_courses,IFSC: 2 Courses 2025 (points),19,,,,,,,16949,B2,/api/v1/routes/16949/startlist,
/api/v1/events/1460/result/830,1460,full_results_url,IFSC Youth European Cup Sukoró 2025,BOULDER U19 Women,finished,2025-10-02 07:18:43 UTC,2026-04-22 08:22:00 UTC,,9844,boulder,Qualification,U19 Women,finished,2025-06-14 16:18:56 UTC,/api/v1/category_rounds/9844/results,boulder_one_group_ifsc_2025_two_courses,IFSC: 2 Courses 2025 (points),19,,,,,,,16950,B3,/api/v1/routes/16950/startlist,
/api/v1/events/1460/result/830,1460,full_results_url,IFSC Youth European Cup Sukoró 2025,BOULDER U19 Women,finished,2025-10-02 07:18:43 UTC,2026-04-22 08:22:00 UTC,,10080,boulder,Final,U19 Women,finished,2025-06-15 12:54:44 UTC,/api/v1/category_rounds/10080/results,boulder_one_group_ifsc_2025,IFSC: 1 group 2025 (points),21,,,,,,,16967,1,/api/v1/routes/16967/startlist,
/api/v1/events/1460/result/830,1460,full_results_url,IFSC Youth European Cup Sukoró 2025,BOULDER U19 Women,finished,2025-10-02 07:18:43 UTC,2026-04-22 08:22:00 UTC,,10080,boulder,Final,U19 Women,finished,2025-06-15 12:54:44 UTC,/api/v1/category_rounds/10080/results,boulder_one_group_ifsc_2025,IFSC: 1 group 2025 (points),21,,,,,,,16968,2,/api/v1/routes/16968/startlist,
/api/v1/events/1460/result/830,1460,full_results_url,IFSC Youth European Cup Sukoró 2025,BOULDER U19 Women,finished,2025-10-02 07:18:43 UTC,2026-04-22 08:22:00 UTC,,10080,boulder,Final,U19 Women,finished,2025-06-15 12:54:44 UTC,/api/v1/category_rounds/10080/results,boulder_one_group_ifsc_2025,IFSC: 1 group 2025 (points),21,,,,,,,16969,3,/api/v1/routes/16969/startlist,
/api/v1/events/1460/result/830,1460,full_results_url,IFSC Youth European Cup Sukoró 2025,BOULDER U19 Women,finished,2025-10-02 07:18:43 UTC,2026-04-22 08:22:00 UTC,,10080,boulder,Final,U19 Women,finished,2025-06-15 12:54:44 UTC,/api/v1/category_rounds/10080/results,boulder_one_group_ifsc_2025,IFSC: 1 group 2025 (points),21,,,,,,,16970,4,/api/v1/routes/16970/startlist,
/api/v1/events/1460/result/835,1460,full_results_url,IFSC Youth European Cup Sukoró 2025,BOULDER U17 Men,finished,2025-10-02 07:18:43 UTC,2026-04-22 08:22:04 UTC,,9845,boulder,Qualification,U17 Men,finished,2025-06-14 11:08:39 UTC,/api/v1/category_rounds/9845/results,boulder_one_group_ifsc_2025_two_courses,IFSC: 2 Courses 2025 (points),19,,,,,,,16951,A1,/api/v1/routes/16951/startlist,
/api/v1/events/1460/result/835,1460,full_results_url,IFSC Youth European Cup Sukoró 2025,BOULDER U17 Men,finished,2025-10-02 07:18:43 UTC,2026-04-22 08:22:04 UTC,,9845,boulder,Qualification,U17 Men,finished,2025-06-14 11:08:39 UTC,/api/v1/category_rounds/9845/results,boulder_one_group_ifsc_2025_two_courses,IFSC: 2 Courses 2025 (points),19,,,,,,,16952,A2,/api/v1/routes/16952/startlist,
/api/v1/events/1460/result/835,1460,full_results_url,IFSC Youth European Cup Sukoró 2025,BOULDER U17 Men,finished,2025-10-02 07:18:43 UTC,2026-04-22 08:22:04 UTC,,9845,boulder,Qualification,U17 Men,finished,2025-06-14 11:08:39 UTC,/api/v1/category_rounds/9845/results,boulder_one_group_ifsc_2025_two_courses,IFSC: 2 Courses 2025 (points),19,,,,,,,16953,A3,/api/v1/routes/16953/startlist,
/api/v1/events/1460/result/835,1460,full_results_url,IFSC Youth European Cup Sukoró 2025,BOULDER U17 Men,finished,2025-10-02 07:18:43 UTC,2026-04-22 08:22:04 UTC,,9845,boulder,Qualification,U17 Men,finished,2025-06-14 11:08:39 UTC,/api/v1/category_rounds/9845/results,boulder_one_group_ifsc_2025_two_courses,IFSC: 2 Courses 2025 (points),19,,,,,,,16954,B1,/api/v1/routes/16954/startlist,
/api/v1/events/1460/result/835,1460,full_results_url,IFSC Youth European Cup Sukoró 2025,BOULDER U17 Men,finished,2025-10-02 07:18:43 UTC,2026-04-22 08:22:04 UTC,,9845,boulder,Qualification,U17 Men,finished,2025-06-14 11:08:39 UTC,/api/v1/category_rounds/9845/results,boulder_one_group_ifsc_2025_two_courses,IFSC: 2 Courses 2025 (points),19,,,,,,,16955,B2,/api/v1/routes/16955/startlist,
/api/v1/events/1460/result/835,1460,full_results_url,IFSC Youth European Cup Sukoró 2025,BOULDER U17 Men,finished,2025-10-02 07:18:43 UTC,2026-04-22 08:22:04 UTC,,9845,boulder,Qualification,U17 Men,finished,2025-06-14 11:08:39 UTC,/api/v1/category_rounds/9845/results,boulder_one_group_ifsc_2025_two_courses,IFSC: 2 Courses 2025 (points),19,,,,,,,16956,B3,/api/v1/routes/16956/startlist,
/api/v1/events/1460/result/835,1460,full_results_url,IFSC Youth European Cup Sukoró 2025,BOULDER U17 Men,finished,2025-10-02 07:18:43 UTC,2026-04-22 08:22:04 UTC,,10081,boulder,Final,U17 Men,finished,2025-06-15 07:51:00 UTC,/api/v1/category_rounds/10081/results,boulder_one_group_ifsc_2025,IFSC: 1 group 2025 (points),21,,,,,,,16971,1,/api/v1/routes/16971/startlist,
/api/v1/events/1460/result/835,1460,full_results_url,IFSC Youth European Cup Sukoró 2025,BOULDER U17 Men,finished,2025-10-02 07:18:43 UTC,2026-04-22 08:22:04 UTC,,10081,boulder,Final,U17 Men,finished,2025-06-15 07:51:00 UTC,/api/v1/category_rounds/10081/results,boulder_one_group_ifsc_2025,IFSC: 1 group 2025 (points),21,,,,,,,16972,2,/api/v1/routes/16972/startlist,
/api/v1/events/1460/result/835,1460,full_results_url,IFSC Youth European Cup Sukoró 2025,BOULDER U17 Men,finished,2025-10-02 07:18:43 UTC,2026-04-22 08:22:04 UTC,,10081,boulder,Final,U17 Men,finished,2025-06-15 07:51:00 UTC,/api/v1/category_rounds/10081/results,boulder_one_group_ifsc_2025,IFSC: 1 group 2025 (points),21,,,,,,,16973,3,/api/v1/routes/16973/startlist,
/api/v1/events/1460/result/835,1460,full_results_url,IFSC Youth European Cup Sukoró 2025,BOULDER U17 Men,finished,2025-10-02 07:18:43 UTC,2026-04-22 08:22:04 UTC,,10081,boulder,Final,U17 Men,finished,2025-06-15 07:51:00 UTC,/api/v1/category_rounds/10081/results,boulder_one_group_ifsc_2025,IFSC: 1 group 2025 (points),21,,,,,,,16974,4,/api/v1/routes/16974/startlist,
/api/v1/events/1460/result/840,1460,full_results_url,IFSC Youth European Cup Sukoró 2025,BOULDER U17 Women,finished,2025-10-02 07:18:43 UTC,2026-04-22 08:22:08 UTC,,9846,boulder,Qualification,U17 Women,finished,2025-06-14 11:07:28 UTC,/api/v1/category_rounds/9846/results,boulder_one_group_ifsc_2025_two_courses,IFSC: 2 Courses 2025 (points),19,,,,,,,16957,A1,/api/v1/routes/16957/startlist,
/api/v1/events/1460/result/840,1460,full_results_url,IFSC Youth European Cup Sukoró 2025,BOULDER U17 Women,finished,2025-10-02 07:18:43 UTC,2026-04-22 08:22:08 UTC,,9846,boulder,Qualification,U17 Women,finished,2025-06-14 11:07:28 UTC,/api/v1/category_rounds/9846/results,boulder_one_group_ifsc_2025_two_courses,IFSC: 2 Courses 2025 (points),19,,,,,,,16958,A2,/api/v1/routes/16958/startlist,
/api/v1/events/1460/result/840,1460,full_results_url,IFSC Youth European Cup Sukoró 2025,BOULDER U17 Women,finished,2025-10-02 07:18:43 UTC,2026-04-22 08:22:08 UTC,,9846,boulder,Qualification,U17 Women,finished,2025-06-14 11:07:28 UTC,/api/v1/category_rounds/9846/results,boulder_one_group_ifsc_2025_two_courses,IFSC: 2 Courses 2025 (points),19,,,,,,,16959,A3,/api/v1/routes/16959/startlist,
/api/v1/events/1460/result/840,1460,full_results_url,IFSC Youth European Cup Sukoró 2025,BOULDER U17 Women,finished,2025-10-02 07:18:43 UTC,2026-04-22 08:22:08 UTC,,9846,boulder,Qualification,U17 Women,finished,2025-06-14 11:07:28 UTC,/api/v1/category_rounds/9846/results,boulder_one_group_ifsc_2025_two_courses,IFSC: 2 Courses 2025 (points),19,,,,,,,16960,B1,/api/v1/routes/16960/startlist,
/api/v1/events/1460/result/840,1460,full_results_url,IFSC Youth European Cup Sukoró 2025,BOULDER U17 Women,finished,2025-10-02 07:18:43 UTC,2026-04-22 08:22:08 UTC,,9846,boulder,Qualification,U17 Women,finished,2025-06-14 11:07:28 UTC,/api/v1/category_rounds/9846/results,boulder_one_group_ifsc_2025_two_courses,IFSC: 2 Courses 2025 (points),19,,,,,,,16961,B2,/api/v1/routes/16961/startlist,
/api/v1/events/1460/result/840,1460,full_results_url,IFSC Youth European Cup Sukoró 2025,BOULDER U17 Women,finished,2025-10-02 07:18:43 UTC,2026-04-22 08:22:08 UTC,,9846,boulder,Qualification,U17 Women,finished,2025-06-14 11:07:28 UTC,/api/v1/category_rounds/9846/results,boulder_one_group_ifsc_2025_two_courses,IFSC: 2 Courses 2025 (points),19,,,,,,,16962,B3,/api/v1/routes/16962/startlist,
/api/v1/events/1460/result/840,1460,full_results_url,IFSC Youth European Cup Sukoró 2025,BOULDER U17 Women,finished,2025-10-02 07:18:43 UTC,2026-04-22 08:22:08 UTC,,10082,boulder,Final,U17 Women,finished,2025-06-15 11:40:23 UTC,/api/v1/category_rounds/10082/results,boulder_one_group_ifsc_2025,IFSC: 1 group 2025 (points),21,,,,,,,16975,1,/api/v1/routes/16975/startlist,
/api/v1/events/1460/result/840,1460,full_results_url,IFSC Youth European Cup Sukoró 2025,BOULDER U17 Women,finished,2025-10-02 07:18:43 UTC,2026-04-22 08:22:08 UTC,,10082,boulder,Final,U17 Women,finished,2025-06-15 11:40:23 UTC,/api/v1/category_rounds/10082/results,boulder_one_group_ifsc_2025,IFSC: 1 group 2025 (points),21,,,,,,,16976,2,/api/v1/routes/16976/startlist,
/api/v1/events/1460/result/840,1460,full_results_url,IFSC Youth European Cup Sukoró 2025,BOULDER U17 Women,finished,2025-10-02 07:18:43 UTC,2026-04-22 08:22:08 UTC,,10082,boulder,Final,U17 Women,finished,2025-06-15 11:40:23 UTC,/api/v1/category_rounds/10082/results,boulder_one_group_ifsc_2025,IFSC: 1 group 2025 (points),21,,,,,,,16977,3,/api/v1/routes/16977/startlist,
/api/v1/events/1460/result/840,1460,full_results_url,IFSC Youth European Cup Sukoró 2025,BOULDER U17 Women,finished,2025-10-02 07:18:43 UTC,2026-04-22 08:22:08 UTC,,10082,boulder,Final,U17 Women,finished,2025-06-15 11:40:23 UTC,/api/v1/category_rounds/10082/results,boulder_one_group_ifsc_2025,IFSC: 1 group 2025 (points),21,,,,,,,16978,4,/api/v1/routes/16978/startlist,
/api/v1/events/1430/result/226,1430,full_results_url,IFSC European Cup Zakopane 2025,SPEED Men,finished,2025-10-02 07:18:42 UTC,2026-04-22 08:22:12 UTC,,9526,speed,Qualification,Men,finished,2025-06-14 15:06:19 UTC,/api/v1/category_rounds/9526/results,speed_staggered,IFSC: Qualification,16,,,,,,,14831,A,/api/v1/routes/14831/startlist,
/api/v1/events/1430/result/226,1430,full_results_url,IFSC European Cup Zakopane 2025,SPEED Men,finished,2025-10-02 07:18:42 UTC,2026-04-22 08:22:12 UTC,,9526,speed,Qualification,Men,finished,2025-06-14 15:06:19 UTC,/api/v1/category_rounds/9526/results,speed_staggered,IFSC: Qualification,16,,,,,,,14832,B,/api/v1/routes/14832/startlist,
/api/v1/events/1430/result/226,1430,full_results_url,IFSC European Cup Zakopane 2025,SPEED Men,finished,2025-10-02 07:18:42 UTC,2026-04-22 08:22:12 UTC,,10087,speed,Final,Men,finished,2025-06-14 16:59:58 UTC,/api/v1/category_rounds/10087/results,speed_elimination_ifsc_2023,IFSC 2023+: Elimination,18,,,,,,,16987,A,/api/v1/routes/16987/startlist,
/api/v1/events/1430/result/226,1430,full_results_url,IFSC European Cup Zakopane 2025,SPEED Men,finished,2025-10-02 07:18:42 UTC,2026-04-22 08:22:12 UTC,,10087,speed,Final,Men,finished,2025-06-14 16:59:58 UTC,/api/v1/category_rounds/10087/results,speed_elimination_ifsc_2023,IFSC 2023+: Elimination,18,,,,,,,16988,B,/api/v1/routes/16988/startlist,
/api/v1/events/1430/result/230,1430,full_results_url,IFSC European Cup Zakopane 2025,SPEED Women,finished,2025-10-02 07:18:42 UTC,2026-04-22 08:22:15 UTC,,9527,speed,Qualification,Women,finished,2025-06-14 15:13:57 UTC,/api/v1/category_rounds/9527/results,speed_staggered,IFSC: Qualification,16,,,,,,,14833,A,/api/v1/routes/14833/startlist,
/api/v1/events/1430/result/230,1430,full_results_url,IFSC European Cup Zakopane 2025,SPEED Women,finished,2025-10-02 07:18:42 UTC,2026-04-22 08:22:15 UTC,,9527,speed,Qualification,Women,finished,2025-06-14 15:13:57 UTC,/api/v1/category_rounds/9527/results,speed_staggered,IFSC: Qualification,16,,,,,,,14834,B,/api/v1/routes/14834/startlist,
/api/v1/events/1430/result/230,1430,full_results_url,IFSC European Cup Zakopane 2025,SPEED Women,finished,2025-10-02 07:18:42 UTC,2026-04-22 08:22:15 UTC,,10088,speed,Final,Women,finished,2025-06-14 16:59:18 UTC,/api/v1/category_rounds/10088/results,speed_elimination_ifsc_2023,IFSC 2023+: Elimination,18,,,,,,,16989,A,/api/v1/routes/16989/startlist,
/api/v1/events/1430/result/230,1430,full_results_url,IFSC European Cup Zakopane 2025,SPEED Women,finished,2025-10-02 07:18:42 UTC,2026-04-22 08:22:15 UTC,,10088,speed,Final,Women,finished,2025-06-14 16:59:18 UTC,/api/v1/category_rounds/10088/results,speed_elimination_ifsc_2023,IFSC 2023+: Elimination,18,,,,,,,16990,B,/api/v1/routes/16990/startlist,
/api/v1/events/1434/result/824,1434,full_results_url,IFSC Youth European Cup Zakopane 2025,SPEED U19 Men,finished,2025-10-02 07:18:43 UTC,2026-04-22 08:22:18 UTC,,9786,speed,Qualification,U19 Men,finished,2025-06-15 11:52:29 UTC,/api/v1/category_rounds/9786/results,speed_staggered_tolerate_false_start,IFSC-E: Qualification (Tolerate FS),19,,,,,,,15449,A,/api/v1/routes/15449/startlist,
/api/v1/events/1434/result/824,1434,full_results_url,IFSC Youth European Cup Zakopane 2025,SPEED U19 Men,finished,2025-10-02 07:18:43 UTC,2026-04-22 08:22:18 UTC,,9786,speed,Qualification,U19 Men,finished,2025-06-15 11:52:29 UTC,/api/v1/category_rounds/9786/results,speed_staggered_tolerate_false_start,IFSC-E: Qualification (Tolerate FS),19,,,,,,,15450,B,/api/v1/routes/15450/startlist,
/api/v1/events/1434/result/824,1434,full_results_url,IFSC Youth European Cup Zakopane 2025,SPEED U19 Men,finished,2025-10-02 07:18:43 UTC,2026-04-22 08:22:18 UTC,,10083,speed,Final,U19 Men,finished,2025-06-15 13:59:06 UTC,/api/v1/category_rounds/10083/results,speed_elimination_ifsc_2023,IFSC 2023+: Elimination,21,,,,,,,16979,A,/api/v1/routes/16979/startlist,
/api/v1/events/1434/result/824,1434,full_results_url,IFSC Youth European Cup Zakopane 2025,SPEED U19 Men,finished,2025-10-02 07:18:43 UTC,2026-04-22 08:22:18 UTC,,10083,speed,Final,U19 Men,finished,2025-06-15 13:59:06 UTC,/api/v1/category_rounds/10083/results,speed_elimination_ifsc_2023,IFSC 2023+: Elimination,21,,,,,,,16980,B,/api/v1/routes/16980/startlist,
/api/v1/events/1434/result/829,1434,full_results_url,IFSC Youth European Cup Zakopane 2025,SPEED U19 Women,finished,2025-10-02 07:18:43 UTC,2026-04-22 08:22:22 UTC,,9787,speed,Qualification,U19 Women,finished,2025-06-15 11:55:57 UTC,/api/v1/category_rounds/9787/results,speed_staggered_tolerate_false_start,IFSC-E: Qualification (Tolerate FS),19,,,,,,,15451,A,/api/v1/routes/15451/startlist,
/api/v1/events/1434/result/829,1434,full_results_url,IFSC Youth European Cup Zakopane 2025,SPEED U19 Women,finished,2025-10-02 07:18:43 UTC,2026-04-22 08:22:22 UTC,,9787,speed,Qualification,U19 Women,finished,2025-06-15 11:55:57 UTC,/api/v1/category_rounds/9787/results,speed_staggered_tolerate_false_start,IFSC-E: Qualification (Tolerate FS),19,,,,,,,15452,B,/api/v1/routes/15452/startlist,
/api/v1/events/1434/result/829,1434,full_results_url,IFSC Youth European Cup Zakopane 2025,SPEED U19 Women,finished,2025-10-02 07:18:43 UTC,2026-04-22 08:22:22 UTC,,10084,speed,Final,U19 Women,finished,2025-06-15 13:57:48 UTC,/api/v1/category_rounds/10084/results,speed_elimination_ifsc_2023,IFSC 2023+: Elimination,21,,,,,,,16981,A,/api/v1/routes/16981/startlist,
/api/v1/events/1434/result/829,1434,full_results_url,IFSC Youth European Cup Zakopane 2025,SPEED U19 Women,finished,2025-10-02 07:18:43 UTC,2026-04-22 08:22:22 UTC,,10084,speed,Final,U19 Women,finished,2025-06-15 13:57:48 UTC,/api/v1/category_rounds/10084/results,speed_elimination_ifsc_2023,IFSC 2023+: Elimination,21,,,,,,,16982,B,/api/v1/routes/16982/startlist,
/api/v1/events/1434/result/834,1434,full_results_url,IFSC Youth European Cup Zakopane 2025,SPEED U17 Men,finished,2025-10-02 07:18:43 UTC,2026-04-22 08:22:25 UTC,,9788,speed,Qualification,U17 Men,finished,2025-06-15 10:50:52 UTC,/api/v1/category_rounds/9788/results,speed_staggered_tolerate_false_start,IFSC-E: Qualification (Tolerate FS),19,,,,,,,15453,A,/api/v1/routes/15453/startlist,
/api/v1/events/1434/result/834,1434,full_results_url,IFSC Youth European Cup Zakopane 2025,SPEED U17 Men,finished,2025-10-02 07:18:43 UTC,2026-04-22 08:22:25 UTC,,9788,speed,Qualification,U17 Men,finished,2025-06-15 10:50:52 UTC,/api/v1/category_rounds/9788/results,speed_staggered_tolerate_false_start,IFSC-E: Qualification (Tolerate FS),19,,,,,,,15454,B,/api/v1/routes/15454/startlist,
/api/v1/events/1434/result/834,1434,full_results_url,IFSC Youth European Cup Zakopane 2025,SPEED U17 Men,finished,2025-10-02 07:18:43 UTC,2026-04-22 08:22:25 UTC,,10085,speed,Final,U17 Men,finished,2025-06-15 13:56:33 UTC,/api/v1/category_rounds/10085/results,speed_elimination_ifsc_2023,IFSC 2023+: Elimination,21,,,,,,,16983,A,/api/v1/routes/16983/startlist,
/api/v1/events/1434/result/834,1434,full_results_url,IFSC Youth European Cup Zakopane 2025,SPEED U17 Men,finished,2025-10-02 07:18:43 UTC,2026-04-22 08:22:25 UTC,,10085,speed,Final,U17 Men,finished,2025-06-15 13:56:33 UTC,/api/v1/category_rounds/10085/results,speed_elimination_ifsc_2023,IFSC 2023+: Elimination,21,,,,,,,16984,B,/api/v1/routes/16984/startlist,
/api/v1/events/1434/result/839,1434,full_results_url,IFSC Youth European Cup Zakopane 2025,SPEED U17 Women,finished,2025-10-02 07:18:43 UTC,2025-07-01 07:43:46 UTC,,9789,speed,Qualification,U17 Women,finished,2025-06-15 10:50:21 UTC,/api/v1/category_rounds/9789/results,speed_staggered_tolerate_false_start,IFSC-E: Qualification (Tolerate FS),19,,,,,,,15455,A,/api/v1/routes/15455/startlist,
/api/v1/events/1434/result/839,1434,full_results_url,IFSC Youth European Cup Zakopane 2025,SPEED U17 Women,finished,2025-10-02 07:18:43 UTC,2025-07-01 07:43:46 UTC,,9789,speed,Qualification,U17 Women,finished,2025-06-15 10:50:21 UTC,/api/v1/category_rounds/9789/results,speed_staggered_tolerate_false_start,IFSC-E: Qualification (Tolerate FS),19,,,,,,,15456,B,/api/v1/routes/15456/startlist,
/api/v1/events/1434/result/839,1434,full_results_url,IFSC Youth European Cup Zakopane 2025,SPEED U17 Women,finished,2025-10-02 07:18:43 UTC,2025-07-01 07:43:46 UTC,,10086,speed,Final,U17 Women,finished,2025-06-15 13:55:34 UTC,/api/v1/category_rounds/10086/results,speed_elimination_ifsc_2023,IFSC 2023+: Elimination,21,,,,,,,16985,A,/api/v1/routes/16985/startlist,
/api/v1/events/1434/result/839,1434,full_results_url,IFSC Youth European Cup Zakopane 2025,SPEED U17 Women,finished,2025-10-02 07:18:43 UTC,2025-07-01 07:43:46 UTC,,10086,speed,Final,U17 Women,finished,2025-06-15 13:55:34 UTC,/api/v1/category_rounds/10086/results,speed_elimination_ifsc_2023,IFSC 2023+: Elimination,21,,,,,,,16986,B,/api/v1/routes/16986/startlist,
/api/v1/events/1427/result/225,1427,full_results_url,IFSC European Cup Campitello di Fassa 2025,LEAD Men,finished,2025-10-02 07:18:42 UTC,2025-06-22 16:22:31 UTC,,9520,lead,Qualification,Men,finished,2025-06-21 14:01:12 UTC,/api/v1/category_rounds/9520/results,lead_one_group_two_routes,IFSC: 2 routes,16,,,,,,,14819,1,/api/v1/routes/14819/startlist,/api/v1/routes/14819/results
/api/v1/events/1427/result/225,1427,full_results_url,IFSC European Cup Campitello di Fassa 2025,LEAD Men,finished,2025-10-02 07:18:42 UTC,2025-06-22 16:22:31 UTC,,9520,lead,Qualification,Men,finished,2025-06-21 14:01:12 UTC,/api/v1/category_rounds/9520/results,lead_one_group_two_routes,IFSC: 2 routes,16,,,,,,,14820,2,/api/v1/routes/14820/startlist,/api/v1/routes/14820/results
/api/v1/events/1427/result/225,1427,full_results_url,IFSC European Cup Campitello di Fassa 2025,LEAD Men,finished,2025-10-02 07:18:42 UTC,2025-06-22 16:22:31 UTC,,10089,lead,Semi-Final,Men,finished,2025-06-22 11:46:24 UTC,/api/v1/category_rounds/10089/results,lead_one_group_one_route,IFSC: 1 route,17,,,,,,,16991,1,/api/v1/routes/16991/startlist,/api/v1/routes/16991/results
/api/v1/events/1427/result/225,1427,full_results_url,IFSC European Cup Campitello di Fassa 2025,LEAD Men,finished,2025-10-02 07:18:42 UTC,2025-06-22 16:22:31 UTC,,10091,lead,Final,Men,finished,2025-06-22 16:17:18 UTC,/api/v1/category_rounds/10091/results,lead_one_group_one_route,IFSC: 1 route,18,,,,,,,16993,1,/api/v1/routes/16993/startlist,/api/v1/routes/16993/results
/api/v1/events/1427/result/229,1427,full_results_url,IFSC European Cup Campitello di Fassa 2025,LEAD Women,finished,2025-10-02 07:18:42 UTC,2025-06-22 16:24:49 UTC,,9521,lead,Qualification,Women,finished,2025-06-21 13:56:28 UTC,/api/v1/category_rounds/9521/results,lead_one_group_two_routes,IFSC: 2 routes,16,,,,,,,14821,1,/api/v1/routes/14821/startlist,/api/v1/routes/14821/results
/api/v1/events/1427/result/229,1427,full_results_url,IFSC European Cup Campitello di Fassa 2025,LEAD Women,finished,2025-10-02 07:18:42 UTC,2025-06-22 16:24:49 UTC,,9521,lead,Qualification,Women,finished,2025-06-21 13:56:28 UTC,/api/v1/category_rounds/9521/results,lead_one_group_two_routes,IFSC: 2 routes,16,,,,,,,14822,2,/api/v1/routes/14822/startlist,/api/v1/routes/14822/results
/api/v1/events/1427/result/229,1427,full_results_url,IFSC European Cup Campitello di Fassa 2025,LEAD Women,finished,2025-10-02 07:18:42 UTC,2025-06-22 16:24:49 UTC,,10090,lead,Semi-Final,Women,finished,2025-06-22 11:21:29 UTC,/api/v1/category_rounds/10090/results,lead_one_group_one_route,IFSC: 1 route,17,,,,,,,16992,1,/api/v1/routes/16992/startlist,/api/v1/routes/16992/results
/api/v1/events/1427/result/229,1427,full_results_url,IFSC European Cup Campitello di Fassa 2025,LEAD Women,finished,2025-10-02 07:18:42 UTC,2025-06-22 16:24:49 UTC,,10092,lead,Final,Women,finished,2025-06-22 16:18:12 UTC,/api/v1/category_rounds/10092/results,lead_one_group_one_route,IFSC: 1 route,18,,,,,,,16994,1,/api/v1/routes/16994/startlist,/api/v1/routes/16994/results
/api/v1/events/1463/result/529,1463,full_results_url,IFSC Para Climbing World Cup Innsbruck 2025,LEAD Men B1,finished,2025-10-02 07:18:43 UTC,2026-04-23 07:56:04 UTC,,9905,lead,Qualification,Men B1,finished,2025-06-23 14:04:39 UTC,/api/v1/category_rounds/9905/results,lead_one_group_two_routes,IFSC: 2 routes,49,,,,,,,17003,1,/api/v1/routes/17003/startlist,/api/v1/routes/17003/results
/api/v1/events/1463/result/529,1463,full_results_url,IFSC Para Climbing World Cup Innsbruck 2025,LEAD Men B1,finished,2025-10-02 07:18:43 UTC,2026-04-23 07:56:04 UTC,,9905,lead,Qualification,Men B1,finished,2025-06-23 14:04:39 UTC,/api/v1/category_rounds/9905/results,lead_one_group_two_routes,IFSC: 2 routes,49,,,,,,,17004,2,/api/v1/routes/17004/startlist,/api/v1/routes/17004/results
/api/v1/events/1463/result/529,1463,full_results_url,IFSC Para Climbing World Cup Innsbruck 2025,LEAD Men B1,finished,2025-10-02 07:18:43 UTC,2026-04-23 07:56:04 UTC,,10099,lead,Final,Men B1,finished,2025-06-24 16:52:02 UTC,/api/v1/category_rounds/10099/results,lead_one_group_one_route,IFSC: 1 route,51,,,,,,,17043,1,/api/v1/routes/17043/startlist,/api/v1/routes/17043/results
/api/v1/events/1463/result/533,1463,full_results_url,IFSC Para Climbing World Cup Innsbruck 2025,LEAD Men B2,finished,2025-10-02 07:18:43 UTC,2026-04-23 07:56:22 UTC,,9906,lead,Qualification,Men B2,finished,2025-06-23 14:07:13 UTC,/api/v1/category_rounds/9906/results,lead_one_group_two_routes,IFSC: 2 routes,49,,,,,,,17005,1,/api/v1/routes/17005/startlist,/api/v1/routes/17005/results
/api/v1/events/1463/result/533,1463,full_results_url,IFSC Para Climbing World Cup Innsbruck 2025,LEAD Men B2,finished,2025-10-02 07:18:43 UTC,2026-04-23 07:56:22 UTC,,9906,lead,Qualification,Men B2,finished,2025-06-23 14:07:13 UTC,/api/v1/category_rounds/9906/results,lead_one_group_two_routes,IFSC: 2 routes,49,,,,,,,17006,2,/api/v1/routes/17006/startlist,/api/v1/routes/17006/results
/api/v1/events/1463/result/533,1463,full_results_url,IFSC Para Climbing World Cup Innsbruck 2025,LEAD Men B2,finished,2025-10-02 07:18:43 UTC,2026-04-23 07:56:22 UTC,,10100,lead,Final,Men B2,finished,2025-06-24 16:53:33 UTC,/api/v1/category_rounds/10100/results,lead_one_group_one_route,IFSC: 1 route,51,,,,,,,17044,1,/api/v1/routes/17044/startlist,/api/v1/routes/17044/results
/api/v1/events/1463/result/537,1463,full_results_url,IFSC Para Climbing World Cup Innsbruck 2025,LEAD Men B3,finished,2025-10-02 07:18:43 UTC,2026-04-23 07:56:32 UTC,,9907,lead,Qualification,Men B3,finished,2025-06-23 14:07:35 UTC,/api/v1/category_rounds/9907/results,lead_one_group_two_routes,IFSC: 2 routes,49,,,,,,,17007,1,/api/v1/routes/17007/startlist,/api/v1/routes/17007/results
/api/v1/events/1463/result/537,1463,full_results_url,IFSC Para Climbing World Cup Innsbruck 2025,LEAD Men B3,finished,2025-10-02 07:18:43 UTC,2026-04-23 07:56:32 UTC,,9907,lead,Qualification,Men B3,finished,2025-06-23 14:07:35 UTC,/api/v1/category_rounds/9907/results,lead_one_group_two_routes,IFSC: 2 routes,49,,,,,,,17008,2,/api/v1/routes/17008/startlist,/api/v1/routes/17008/results
/api/v1/events/1463/result/537,1463,full_results_url,IFSC Para Climbing World Cup Innsbruck 2025,LEAD Men B3,finished,2025-10-02 07:18:43 UTC,2026-04-23 07:56:32 UTC,,10101,lead,Final,Men B3,finished,2025-06-24 16:54:04 UTC,/api/v1/category_rounds/10101/results,lead_one_group_one_route,IFSC: 1 route,51,,,,,,,17045,1,/api/v1/routes/17045/startlist,/api/v1/routes/17045/results
/api/v1/events/1463/result/541,1463,full_results_url,IFSC Para Climbing World Cup Innsbruck 2025,LEAD Women B1,finished,2025-10-02 07:18:43 UTC,2026-04-23 07:57:53 UTC,,9908,lead,Qualification,Women B1,finished,2025-06-23 14:08:33 UTC,/api/v1/category_rounds/9908/results,lead_one_group_two_routes,IFSC: 2 routes,49,,,,,,,17009,1,/api/v1/routes/17009/startlist,/api/v1/routes/17009/results
/api/v1/events/1463/result/541,1463,full_results_url,IFSC Para Climbing World Cup Innsbruck 2025,LEAD Women B1,finished,2025-10-02 07:18:43 UTC,2026-04-23 07:57:53 UTC,,9908,lead,Qualification,Women B1,finished,2025-06-23 14:08:33 UTC,/api/v1/category_rounds/9908/results,lead_one_group_two_routes,IFSC: 2 routes,49,,,,,,,17010,2,/api/v1/routes/17010/startlist,/api/v1/routes/17010/results
/api/v1/events/1463/result/541,1463,full_results_url,IFSC Para Climbing World Cup Innsbruck 2025,LEAD Women B1,finished,2025-10-02 07:18:43 UTC,2026-04-23 07:57:53 UTC,,10102,lead,Final,Women B1,finished,2025-06-24 16:04:56 UTC,/api/v1/category_rounds/10102/results,lead_one_group_one_route,IFSC: 1 route,51,,,,,,,17046,1,/api/v1/routes/17046/startlist,/api/v1/routes/17046/results
/api/v1/events/1463/result/545,1463,full_results_url,IFSC Para Climbing World Cup Innsbruck 2025,LEAD Women B2,finished,2025-10-02 07:18:43 UTC,2026-04-23 07:58:13 UTC,,9909,lead,Qualification,Women B2,finished,2025-06-23 14:08:51 UTC,/api/v1/category_rounds/9909/results,lead_one_group_two_routes,IFSC: 2 routes,49,,,,,,,17011,1,/api/v1/routes/17011/startlist,/api/v1/routes/17011/results
/api/v1/events/1463/result/545,1463,full_results_url,IFSC Para Climbing World Cup Innsbruck 2025,LEAD Women B2,finished,2025-10-02 07:18:43 UTC,2026-04-23 07:58:13 UTC,,9909,lead,Qualification,Women B2,finished,2025-06-23 14:08:51 UTC,/api/v1/category_rounds/9909/results,lead_one_group_two_routes,IFSC: 2 routes,49,,,,,,,17012,2,/api/v1/routes/17012/startlist,/api/v1/routes/17012/results
/api/v1/events/1463/result/545,1463,full_results_url,IFSC Para Climbing World Cup Innsbruck 2025,LEAD Women B2,finished,2025-10-02 07:18:43 UTC,2026-04-23 07:58:13 UTC,,10103,lead,Final,Women B2,finished,2025-06-24 16:13:13 UTC,/api/v1/category_rounds/10103/results,lead_one_group_one_route,IFSC: 1 route,51,,,,,,,17047,1,/api/v1/routes/17047/startlist,/api/v1/routes/17047/results
/api/v1/events/1463/result/549,1463,full_results_url,IFSC Para Climbing World Cup Innsbruck 2025,LEAD Women B3,finished,2025-10-02 07:18:43 UTC,2026-04-23 07:58:23 UTC,,9910,lead,Qualification,Women B3,finished,2025-06-23 14:09:12 UTC,/api/v1/category_rounds/9910/results,lead_one_group_two_routes,IFSC: 2 routes,49,,,,,,,17013,1,/api/v1/routes/17013/startlist,/api/v1/routes/17013/results
/api/v1/events/1463/result/549,1463,full_results_url,IFSC Para Climbing World Cup Innsbruck 2025,LEAD Women B3,finished,2025-10-02 07:18:43 UTC,2026-04-23 07:58:23 UTC,,9910,lead,Qualification,Women B3,finished,2025-06-23 14:09:12 UTC,/api/v1/category_rounds/9910/results,lead_one_group_two_routes,IFSC: 2 routes,49,,,,,,,17014,2,/api/v1/routes/17014/startlist,/api/v1/routes/17014/results
/api/v1/events/1463/result/549,1463,full_results_url,IFSC Para Climbing World Cup Innsbruck 2025,LEAD Women B3,finished,2025-10-02 07:18:43 UTC,2026-04-23 07:58:23 UTC,,10104,lead,Final,Women B3,finished,2025-06-24 17:35:16 UTC,/api/v1/category_rounds/10104/results,lead_one_group_one_route,IFSC: 1 route,51,,,,,,,17048,1,/api/v1/routes/17048/startlist,/api/v1/routes/17048/results
/api/v1/events/1463/result/553,1463,full_results_url,IFSC Para Climbing World Cup Innsbruck 2025,LEAD Men AL1,finished,2025-10-02 07:18:43 UTC,2026-04-23 07:51:42 UTC,,9911,lead,Qualification,Men AL1,finished,2025-06-23 14:10:53 UTC,/api/v1/category_rounds/9911/results,lead_one_group_two_routes,IFSC: 2 routes,49,,,,,,,17015,1,/api/v1/routes/17015/startlist,/api/v1/routes/17015/results
/api/v1/events/1463/result/553,1463,full_results_url,IFSC Para Climbing World Cup Innsbruck 2025,LEAD Men AL1,finished,2025-10-02 07:18:43 UTC,2026-04-23 07:51:42 UTC,,9911,lead,Qualification,Men AL1,finished,2025-06-23 14:10:53 UTC,/api/v1/category_rounds/9911/results,lead_one_group_two_routes,IFSC: 2 routes,49,,,,,,,17016,2,/api/v1/routes/17016/startlist,/api/v1/routes/17016/results
/api/v1/events/1463/result/553,1463,full_results_url,IFSC Para Climbing World Cup Innsbruck 2025,LEAD Men AL1,finished,2025-10-02 07:18:43 UTC,2026-04-23 07:51:42 UTC,,10105,lead,Final,Men AL1,finished,2025-06-24 17:53:24 UTC,/api/v1/category_rounds/10105/results,lead_one_group_one_route,IFSC: 1 route,51,,,,,,,17049,1,/api/v1/routes/17049/startlist,/api/v1/routes/17049/results
/api/v1/events/1463/result/557,1463,full_results_url,IFSC Para Climbing World Cup Innsbruck 2025,LEAD Women AL1,finished,2025-10-02 07:18:43 UTC,2026-04-23 03:11:30 UTC,,9912,lead,Qualification,Women AL1,finished,2025-06-23 14:11:16 UTC,/api/v1/category_rounds/9912/results,lead_one_group_two_routes,IFSC: 2 routes,49,,,,,,,17017,1,/api/v1/routes/17017/startlist,/api/v1/routes/17017/results
/api/v1/events/1463/result/557,1463,full_results_url,IFSC Para Climbing World Cup Innsbruck 2025,LEAD Women AL1,finished,2025-10-02 07:18:43 UTC,2026-04-23 03:11:30 UTC,,9912,lead,Qualification,Women AL1,finished,2025-06-23 14:11:16 UTC,/api/v1/category_rounds/9912/results,lead_one_group_two_routes,IFSC: 2 routes,49,,,,,,,17018,2,/api/v1/routes/17018/startlist,/api/v1/routes/17018/results
/api/v1/events/1463/result/557,1463,full_results_url,IFSC Para Climbing World Cup Innsbruck 2025,LEAD Women AL1,finished,2025-10-02 07:18:43 UTC,2026-04-23 03:11:30 UTC,,10106,lead,Final,Women AL1,finished,2025-06-24 17:40:58 UTC,/api/v1/category_rounds/10106/results,lead_one_group_one_route,IFSC: 1 route,51,,,,,,,17050,1,/api/v1/routes/17050/startlist,/api/v1/routes/17050/results
/api/v1/events/1463/result/561,1463,full_results_url,IFSC Para Climbing World Cup Innsbruck 2025,LEAD Men AL2,finished,2025-10-02 07:18:43 UTC,2026-04-23 07:55:00 UTC,,9913,lead,Qualification,Men AL2,finished,2025-06-23 14:12:45 UTC,/api/v1/category_rounds/9913/results,lead_one_group_two_routes,IFSC: 2 routes,49,,,,,,,17019,1,/api/v1/routes/17019/startlist,/api/v1/routes/17019/results
/api/v1/events/1463/result/561,1463,full_results_url,IFSC Para Climbing World Cup Innsbruck 2025,LEAD Men AL2,finished,2025-10-02 07:18:43 UTC,2026-04-23 07:55:00 UTC,,9913,lead,Qualification,Men AL2,finished,2025-06-23 14:12:45 UTC,/api/v1/category_rounds/9913/results,lead_one_group_two_routes,IFSC: 2 routes,49,,,,,,,17020,2,/api/v1/routes/17020/startlist,/api/v1/routes/17020/results
/api/v1/events/1463/result/561,1463,full_results_url,IFSC Para Climbing World Cup Innsbruck 2025,LEAD Men AL2,finished,2025-10-02 07:18:43 UTC,2026-04-23 07:55:00 UTC,,10107,lead,Final,Men AL2,finished,2025-06-24 17:48:16 UTC,/api/v1/category_rounds/10107/results,lead_one_group_one_route,IFSC: 1 route,51,,,,,,,17051,1,/api/v1/routes/17051/startlist,/api/v1/routes/17051/results
/api/v1/events/1463/result/565,1463,full_results_url,IFSC Para Climbing World Cup Innsbruck 2025,LEAD Women AL2,finished,2025-10-02 07:18:43 UTC,2026-04-23 07:57:20 UTC,,9914,lead,Qualification,Women AL2,finished,2025-06-23 14:13:18 UTC,/api/v1/category_rounds/9914/results,lead_one_group_two_routes,IFSC: 2 routes,49,,,,,,,17021,1,/api/v1/routes/17021/startlist,/api/v1/routes/17021/results
/api/v1/events/1463/result/565,1463,full_results_url,IFSC Para Climbing World Cup Innsbruck 2025,LEAD Women AL2,finished,2025-10-02 07:18:43 UTC,2026-04-23 07:57:20 UTC,,9914,lead,Qualification,Women AL2,finished,2025-06-23 14:13:18 UTC,/api/v1/category_rounds/9914/results,lead_one_group_two_routes,IFSC: 2 routes,49,,,,,,,17022,2,/api/v1/routes/17022/startlist,/api/v1/routes/17022/results
/api/v1/events/1463/result/565,1463,full_results_url,IFSC Para Climbing World Cup Innsbruck 2025,LEAD Women AL2,finished,2025-10-02 07:18:43 UTC,2026-04-23 07:57:20 UTC,,10108,lead,Final,Women AL2,finished,2025-06-24 17:29:32 UTC,/api/v1/category_rounds/10108/results,lead_one_group_one_route,IFSC: 1 route,51,,,,,,,17052,1,/api/v1/routes/17052/startlist,/api/v1/routes/17052/results
/api/v1/events/1463/result/577,1463,full_results_url,IFSC Para Climbing World Cup Innsbruck 2025,LEAD Men AU2,finished,2025-10-02 07:18:43 UTC,2026-04-23 07:55:29 UTC,,9915,lead,Qualification,Men AU2,finished,2025-06-23 15:24:30 UTC,/api/v1/category_rounds/9915/results,lead_one_group_two_routes,IFSC: 2 routes,49,,,,,,,17023,1,/api/v1/routes/17023/startlist,/api/v1/routes/17023/results
/api/v1/events/1463/result/577,1463,full_results_url,IFSC Para Climbing World Cup Innsbruck 2025,LEAD Men AU2,finished,2025-10-02 07:18:43 UTC,2026-04-23 07:55:29 UTC,,9915,lead,Qualification,Men AU2,finished,2025-06-23 15:24:30 UTC,/api/v1/category_rounds/9915/results,lead_one_group_two_routes,IFSC: 2 routes,49,,,,,,,17024,2,/api/v1/routes/17024/startlist,/api/v1/routes/17024/results
/api/v1/events/1463/result/577,1463,full_results_url,IFSC Para Climbing World Cup Innsbruck 2025,LEAD Men AU2,finished,2025-10-02 07:18:43 UTC,2026-04-23 07:55:29 UTC,,10109,lead,Final,Men AU2,finished,2025-06-24 17:14:51 UTC,/api/v1/category_rounds/10109/results,lead_one_group_one_route,IFSC: 1 route,51,,,,,,,17053,1,/api/v1/routes/17053/startlist,/api/v1/routes/17053/results
/api/v1/events/1463/result/581,1463,full_results_url,IFSC Para Climbing World Cup Innsbruck 2025,LEAD Women AU2,finished,2025-10-02 07:18:43 UTC,2026-04-23 07:57:32 UTC,,9916,lead,Qualification,Women AU2,finished,2025-06-23 14:14:17 UTC,/api/v1/category_rounds/9916/results,lead_one_group_two_routes,IFSC: 2 routes,49,,,,,,,17025,1,/api/v1/routes/17025/startlist,/api/v1/routes/17025/results
/api/v1/events/1463/result/581,1463,full_results_url,IFSC Para Climbing World Cup Innsbruck 2025,LEAD Women AU2,finished,2025-10-02 07:18:43 UTC,2026-04-23 07:57:32 UTC,,9916,lead,Qualification,Women AU2,finished,2025-06-23 14:14:17 UTC,/api/v1/category_rounds/9916/results,lead_one_group_two_routes,IFSC: 2 routes,49,,,,,,,17026,2,/api/v1/routes/17026/startlist,/api/v1/routes/17026/results
/api/v1/events/1463/result/581,1463,full_results_url,IFSC Para Climbing World Cup Innsbruck 2025,LEAD Women AU2,finished,2025-10-02 07:18:43 UTC,2026-04-23 07:57:32 UTC,,10110,lead,Final,Women AU2,finished,2025-06-24 17:44:26 UTC,/api/v1/category_rounds/10110/results,lead_one_group_one_route,IFSC: 1 route,51,,,,,,,17054,1,/api/v1/routes/17054/startlist,/api/v1/routes/17054/results
/api/v1/events/1463/result/585,1463,full_results_url,IFSC Para Climbing World Cup Innsbruck 2025,LEAD Men RP1,finished,2025-10-02 07:18:43 UTC,2026-04-23 07:56:44 UTC,,9917,lead,Qualification,Men RP1,finished,2025-06-23 14:15:15 UTC,/api/v1/category_rounds/9917/results,lead_one_group_two_routes,IFSC: 2 routes,49,,,,,,,17027,1,/api/v1/routes/17027/startlist,/api/v1/routes/17027/results
/api/v1/events/1463/result/585,1463,full_results_url,IFSC Para Climbing World Cup Innsbruck 2025,LEAD Men RP1,finished,2025-10-02 07:18:43 UTC,2026-04-23 07:56:44 UTC,,9917,lead,Qualification,Men RP1,finished,2025-06-23 14:15:15 UTC,/api/v1/category_rounds/9917/results,lead_one_group_two_routes,IFSC: 2 routes,49,,,,,,,17028,2,/api/v1/routes/17028/startlist,/api/v1/routes/17028/results
/api/v1/events/1463/result/585,1463,full_results_url,IFSC Para Climbing World Cup Innsbruck 2025,LEAD Men RP1,finished,2025-10-02 07:18:43 UTC,2026-04-23 07:56:44 UTC,,10111,lead,Final,Men RP1,finished,2025-06-24 15:18:28 UTC,/api/v1/category_rounds/10111/results,lead_one_group_one_route,IFSC: 1 route,51,,,,,,,17055,1,/api/v1/routes/17055/startlist,/api/v1/routes/17055/results
/api/v1/events/1463/result/589,1463,full_results_url,IFSC Para Climbing World Cup Innsbruck 2025,LEAD Men RP2,finished,2025-10-02 07:18:43 UTC,2026-04-23 07:56:57 UTC,,9918,lead,Qualification,Men RP2,finished,2025-06-23 14:15:40 UTC,/api/v1/category_rounds/9918/results,lead_one_group_two_routes,IFSC: 2 routes,49,,,,,,,17029,1,/api/v1/routes/17029/startlist,/api/v1/routes/17029/results
/api/v1/events/1463/result/589,1463,full_results_url,IFSC Para Climbing World Cup Innsbruck 2025,LEAD Men RP2,finished,2025-10-02 07:18:43 UTC,2026-04-23 07:56:57 UTC,,9918,lead,Qualification,Men RP2,finished,2025-06-23 14:15:40 UTC,/api/v1/category_rounds/9918/results,lead_one_group_two_routes,IFSC: 2 routes,49,,,,,,,17030,2,/api/v1/routes/17030/startlist,/api/v1/routes/17030/results
/api/v1/events/1463/result/589,1463,full_results_url,IFSC Para Climbing World Cup Innsbruck 2025,LEAD Men RP2,finished,2025-10-02 07:18:43 UTC,2026-04-23 07:56:57 UTC,,10112,lead,Final,Men RP2,finished,2025-06-24 15:04:28 UTC,/api/v1/category_rounds/10112/results,lead_one_group_one_route,IFSC: 1 route,51,,,,,,,17056,1,/api/v1/routes/17056/startlist,/api/v1/routes/17056/results
/api/v1/events/1463/result/593,1463,full_results_url,IFSC Para Climbing World Cup Innsbruck 2025,LEAD Men RP3,finished,2025-10-02 07:18:43 UTC,2026-04-23 07:57:07 UTC,,9919,lead,Qualification,Men RP3,finished,2025-06-23 14:16:31 UTC,/api/v1/category_rounds/9919/results,lead_one_group_two_routes,IFSC: 2 routes,49,,,,,,,17031,1,/api/v1/routes/17031/startlist,/api/v1/routes/17031/results
/api/v1/events/1463/result/593,1463,full_results_url,IFSC Para Climbing World Cup Innsbruck 2025,LEAD Men RP3,finished,2025-10-02 07:18:43 UTC,2026-04-23 07:57:07 UTC,,9919,lead,Qualification,Men RP3,finished,2025-06-23 14:16:31 UTC,/api/v1/category_rounds/9919/results,lead_one_group_two_routes,IFSC: 2 routes,49,,,,,,,17032,2,/api/v1/routes/17032/startlist,/api/v1/routes/17032/results
/api/v1/events/1463/result/593,1463,full_results_url,IFSC Para Climbing World Cup Innsbruck 2025,LEAD Men RP3,finished,2025-10-02 07:18:43 UTC,2026-04-23 07:57:07 UTC,,10113,lead,Final,Men RP3,finished,2025-06-24 15:22:10 UTC,/api/v1/category_rounds/10113/results,lead_one_group_one_route,IFSC: 1 route,51,,,,,,,17057,1,/api/v1/routes/17057/startlist,/api/v1/routes/17057/results
/api/v1/events/1463/result/597,1463,full_results_url,IFSC Para Climbing World Cup Innsbruck 2025,LEAD Women RP1,finished,2025-10-02 07:18:43 UTC,2026-04-23 07:58:31 UTC,,9920,lead,Qualification,Women RP1,finished,2025-06-23 14:19:30 UTC,/api/v1/category_rounds/9920/results,lead_one_group_two_routes,IFSC: 2 routes,49,,,,,,,17033,1,/api/v1/routes/17033/startlist,/api/v1/routes/17033/results
/api/v1/events/1463/result/597,1463,full_results_url,IFSC Para Climbing World Cup Innsbruck 2025,LEAD Women RP1,finished,2025-10-02 07:18:43 UTC,2026-04-23 07:58:31 UTC,,9920,lead,Qualification,Women RP1,finished,2025-06-23 14:19:30 UTC,/api/v1/category_rounds/9920/results,lead_one_group_two_routes,IFSC: 2 routes,49,,,,,,,17034,2,/api/v1/routes/17034/startlist,/api/v1/routes/17034/results
/api/v1/events/1463/result/597,1463,full_results_url,IFSC Para Climbing World Cup Innsbruck 2025,LEAD Women RP1,finished,2025-10-02 07:18:43 UTC,2026-04-23 07:58:31 UTC,,10114,lead,Final,Women RP1,finished,2025-06-24 14:54:31 UTC,/api/v1/category_rounds/10114/results,lead_one_group_one_route,IFSC: 1 route,51,,,,,,,17058,1,/api/v1/routes/17058/startlist,/api/v1/routes/17058/results
/api/v1/events/1463/result/601,1463,full_results_url,IFSC Para Climbing World Cup Innsbruck 2025,LEAD Women RP2,finished,2025-10-02 07:18:43 UTC,2026-04-23 07:58:44 UTC,,9921,lead,Qualification,Women RP2,finished,2025-06-23 14:21:49 UTC,/api/v1/category_rounds/9921/results,lead_one_group_two_routes,IFSC: 2 routes,49,,,,,,,17035,1,/api/v1/routes/17035/startlist,/api/v1/routes/17035/results
/api/v1/events/1463/result/601,1463,full_results_url,IFSC Para Climbing World Cup Innsbruck 2025,LEAD Women RP2,finished,2025-10-02 07:18:43 UTC,2026-04-23 07:58:44 UTC,,9921,lead,Qualification,Women RP2,finished,2025-06-23 14:21:49 UTC,/api/v1/category_rounds/9921/results,lead_one_group_two_routes,IFSC: 2 routes,49,,,,,,,17036,2,/api/v1/routes/17036/startlist,/api/v1/routes/17036/results
/api/v1/events/1463/result/601,1463,full_results_url,IFSC Para Climbing World Cup Innsbruck 2025,LEAD Women RP2,finished,2025-10-02 07:18:43 UTC,2026-04-23 07:58:44 UTC,,10115,lead,Final,Women RP2,finished,2025-06-24 15:04:58 UTC,/api/v1/category_rounds/10115/results,lead_one_group_one_route,IFSC: 1 route,51,,,,,,,17059,1,/api/v1/routes/17059/startlist,/api/v1/routes/17059/results
/api/v1/events/1463/result/605,1463,full_results_url,IFSC Para Climbing World Cup Innsbruck 2025,LEAD Women RP3,finished,2025-10-02 07:18:43 UTC,2026-04-23 07:59:00 UTC,,9922,lead,Qualification,Women RP3,finished,2025-06-23 14:22:21 UTC,/api/v1/category_rounds/9922/results,lead_one_group_two_routes,IFSC: 2 routes,49,,,,,,,17037,1,/api/v1/routes/17037/startlist,/api/v1/routes/17037/results
/api/v1/events/1463/result/605,1463,full_results_url,IFSC Para Climbing World Cup Innsbruck 2025,LEAD Women RP3,finished,2025-10-02 07:18:43 UTC,2026-04-23 07:59:00 UTC,,9922,lead,Qualification,Women RP3,finished,2025-06-23 14:22:21 UTC,/api/v1/category_rounds/9922/results,lead_one_group_two_routes,IFSC: 2 routes,49,,,,,,,17038,2,/api/v1/routes/17038/startlist,/api/v1/routes/17038/results
/api/v1/events/1463/result/605,1463,full_results_url,IFSC Para Climbing World Cup Innsbruck 2025,LEAD Women RP3,finished,2025-10-02 07:18:43 UTC,2026-04-23 07:59:00 UTC,,10116,lead,Final,Women RP3,finished,2025-06-24 15:33:56 UTC,/api/v1/category_rounds/10116/results,lead_one_group_one_route,IFSC: 1 route,51,,,,,,,17060,1,/api/v1/routes/17060/startlist,/api/v1/routes/17060/results
/api/v1/events/1463/result/753,1463,full_results_url,IFSC Para Climbing World Cup Innsbruck 2025,LEAD Men AU3,finished,2025-10-02 07:18:43 UTC,2026-04-23 07:55:52 UTC,,9923,lead,Qualification,Men AU3,finished,2025-06-23 14:22:40 UTC,/api/v1/category_rounds/9923/results,lead_one_group_two_routes,IFSC: 2 routes,49,,,,,,,17039,1,/api/v1/routes/17039/startlist,/api/v1/routes/17039/results
/api/v1/events/1463/result/753,1463,full_results_url,IFSC Para Climbing World Cup Innsbruck 2025,LEAD Men AU3,finished,2025-10-02 07:18:43 UTC,2026-04-23 07:55:52 UTC,,9923,lead,Qualification,Men AU3,finished,2025-06-23 14:22:40 UTC,/api/v1/category_rounds/9923/results,lead_one_group_two_routes,IFSC: 2 routes,49,,,,,,,17040,2,/api/v1/routes/17040/startlist,/api/v1/routes/17040/results
/api/v1/events/1463/result/753,1463,full_results_url,IFSC Para Climbing World Cup Innsbruck 2025,LEAD Men AU3,finished,2025-10-02 07:18:43 UTC,2026-04-23 07:55:52 UTC,,10117,lead,Final,Men AU3,finished,2025-06-24 17:27:33 UTC,/api/v1/category_rounds/10117/results,lead_one_group_one_route,IFSC: 1 route,51,,,,,,,17061,1,/api/v1/routes/17061/startlist,/api/v1/routes/17061/results
/api/v1/events/1463/result/758,1463,full_results_url,IFSC Para Climbing World Cup Innsbruck 2025,LEAD Women AU3,finished,2025-10-02 07:18:43 UTC,2026-04-23 07:57:43 UTC,,9924,lead,Qualification,Women AU3,finished,2025-06-23 14:22:59 UTC,/api/v1/category_rounds/9924/results,lead_one_group_two_routes,IFSC: 2 routes,49,,,,,,,17041,1,/api/v1/routes/17041/startlist,/api/v1/routes/17041/results
/api/v1/events/1463/result/758,1463,full_results_url,IFSC Para Climbing World Cup Innsbruck 2025,LEAD Women AU3,finished,2025-10-02 07:18:43 UTC,2026-04-23 07:57:43 UTC,,9924,lead,Qualification,Women AU3,finished,2025-06-23 14:22:59 UTC,/api/v1/category_rounds/9924/results,lead_one_group_two_routes,IFSC: 2 routes,49,,,,,,,17042,2,/api/v1/routes/17042/startlist,/api/v1/routes/17042/results
/api/v1/events/1463/result/758,1463,full_results_url,IFSC Para Climbing World Cup Innsbruck 2025,LEAD Women AU3,finished,2025-10-02 07:18:43 UTC,2026-04-23 07:57:43 UTC,,10118,lead,Final,Women AU3,finished,2025-06-24 17:17:45 UTC,/api/v1/category_rounds/10118/results,lead_one_group_one_route,IFSC: 1 route,51,,,,,,,17062,1,/api/v1/routes/17062/startlist,/api/v1/routes/17062/results
/api/v1/events/1412/result/3,1412,full_results_url,IFSC World Cup Innsbruck 2025,BOULDER Men,finished,2025-10-02 07:18:42 UTC,2026-04-22 08:22:39 UTC,,10119,boulder,Semi-final,Men,finished,2025-06-26 10:07:30 UTC,/api/v1/category_rounds/10119/results,boulder_one_group_ifsc_2025,IFSC: 1 group 2025 (points),2,,,,,,,17063,1,/api/v1/routes/17063/startlist,
/api/v1/events/1412/result/3,1412,full_results_url,IFSC World Cup Innsbruck 2025,BOULDER Men,finished,2025-10-02 07:18:42 UTC,2026-04-22 08:22:39 UTC,,10119,boulder,Semi-final,Men,finished,2025-06-26 10:07:30 UTC,/api/v1/category_rounds/10119/results,boulder_one_group_ifsc_2025,IFSC: 1 group 2025 (points),2,,,,,,,17064,2,/api/v1/routes/17064/startlist,
/api/v1/events/1412/result/3,1412,full_results_url,IFSC World Cup Innsbruck 2025,BOULDER Men,finished,2025-10-02 07:18:42 UTC,2026-04-22 08:22:39 UTC,,10119,boulder,Semi-final,Men,finished,2025-06-26 10:07:30 UTC,/api/v1/category_rounds/10119/results,boulder_one_group_ifsc_2025,IFSC: 1 group 2025 (points),2,,,,,,,17065,3,/api/v1/routes/17065/startlist,
/api/v1/events/1412/result/3,1412,full_results_url,IFSC World Cup Innsbruck 2025,BOULDER Men,finished,2025-10-02 07:18:42 UTC,2026-04-22 08:22:39 UTC,,10119,boulder,Semi-final,Men,finished,2025-06-26 10:07:30 UTC,/api/v1/category_rounds/10119/results,boulder_one_group_ifsc_2025,IFSC: 1 group 2025 (points),2,,,,,,,17066,4,/api/v1/routes/17066/startlist,
/api/v1/events/1412/result/3,1412,full_results_url,IFSC World Cup Innsbruck 2025,BOULDER Men,finished,2025-10-02 07:18:42 UTC,2026-04-22 08:22:39 UTC,,10121,boulder,Final,Men,finished,2025-06-26 19:32:11 UTC,/api/v1/category_rounds/10121/results,boulder_finals_ifsc_2025,IFSC: finals 2025 (points),3,,,,,,,17071,1,/api/v1/routes/17071/startlist,
/api/v1/events/1412/result/3,1412,full_results_url,IFSC World Cup Innsbruck 2025,BOULDER Men,finished,2025-10-02 07:18:42 UTC,2026-04-22 08:22:39 UTC,,10121,boulder,Final,Men,finished,2025-06-26 19:32:11 UTC,/api/v1/category_rounds/10121/results,boulder_finals_ifsc_2025,IFSC: finals 2025 (points),3,,,,,,,17072,2,/api/v1/routes/17072/startlist,
/api/v1/events/1412/result/3,1412,full_results_url,IFSC World Cup Innsbruck 2025,BOULDER Men,finished,2025-10-02 07:18:42 UTC,2026-04-22 08:22:39 UTC,,10121,boulder,Final,Men,finished,2025-06-26 19:32:11 UTC,/api/v1/category_rounds/10121/results,boulder_finals_ifsc_2025,IFSC: finals 2025 (points),3,,,,,,,17073,3,/api/v1/routes/17073/startlist,
/api/v1/events/1412/result/3,1412,full_results_url,IFSC World Cup Innsbruck 2025,BOULDER Men,finished,2025-10-02 07:18:42 UTC,2026-04-22 08:22:39 UTC,,10121,boulder,Final,Men,finished,2025-06-26 19:32:11 UTC,/api/v1/category_rounds/10121/results,boulder_finals_ifsc_2025,IFSC: finals 2025 (points),3,,,,,,,17074,4,/api/v1/routes/17074/startlist,
/api/v1/events/1412/result/7,1412,full_results_url,IFSC World Cup Innsbruck 2025,BOULDER Women,finished,2025-10-02 07:18:42 UTC,2026-04-22 08:22:43 UTC,,10120,boulder,Semi-final,Women,finished,2025-06-27 13:41:38 UTC,/api/v1/category_rounds/10120/results,boulder_one_group_ifsc_2025,IFSC: 1 group 2025 (points),2,,,,,,,17067,1,/api/v1/routes/17067/startlist,
/api/v1/events/1412/result/7,1412,full_results_url,IFSC World Cup Innsbruck 2025,BOULDER Women,finished,2025-10-02 07:18:42 UTC,2026-04-22 08:22:43 UTC,,10120,boulder,Semi-final,Women,finished,2025-06-27 13:41:38 UTC,/api/v1/category_rounds/10120/results,boulder_one_group_ifsc_2025,IFSC: 1 group 2025 (points),2,,,,,,,17068,2,/api/v1/routes/17068/startlist,
/api/v1/events/1412/result/7,1412,full_results_url,IFSC World Cup Innsbruck 2025,BOULDER Women,finished,2025-10-02 07:18:42 UTC,2026-04-22 08:22:43 UTC,,10120,boulder,Semi-final,Women,finished,2025-06-27 13:41:38 UTC,/api/v1/category_rounds/10120/results,boulder_one_group_ifsc_2025,IFSC: 1 group 2025 (points),2,,,,,,,17069,3,/api/v1/routes/17069/startlist,
/api/v1/events/1412/result/7,1412,full_results_url,IFSC World Cup Innsbruck 2025,BOULDER Women,finished,2025-10-02 07:18:42 UTC,2026-04-22 08:22:43 UTC,,10120,boulder,Semi-final,Women,finished,2025-06-27 13:41:38 UTC,/api/v1/category_rounds/10120/results,boulder_one_group_ifsc_2025,IFSC: 1 group 2025 (points),2,,,,,,,17070,4,/api/v1/routes/17070/startlist,
/api/v1/events/1412/result/7,1412,full_results_url,IFSC World Cup Innsbruck 2025,BOULDER Women,finished,2025-10-02 07:18:42 UTC,2026-04-22 08:22:43 UTC,,10122,boulder,Final,Women,finished,2025-06-27 19:27:15 UTC,/api/v1/category_rounds/10122/results,boulder_finals_ifsc_2025,IFSC: finals 2025 (points),3,,,,,,,17075,1,/api/v1/routes/17075/startlist,
/api/v1/events/1412/result/7,1412,full_results_url,IFSC World Cup Innsbruck 2025,BOULDER Women,finished,2025-10-02 07:18:42 UTC,2026-04-22 08:22:43 UTC,,10122,boulder,Final,Women,finished,2025-06-27 19:27:15 UTC,/api/v1/category_rounds/10122/results,boulder_finals_ifsc_2025,IFSC: finals 2025 (points),3,,,,,,,17076,2,/api/v1/routes/17076/startlist,
/api/v1/events/1412/result/7,1412,full_results_url,IFSC World Cup Innsbruck 2025,BOULDER Women,finished,2025-10-02 07:18:42 UTC,2026-04-22 08:22:43 UTC,,10122,boulder,Final,Women,finished,2025-06-27 19:27:15 UTC,/api/v1/category_rounds/10122/results,boulder_finals_ifsc_2025,IFSC: finals 2025 (points),3,,,,,,,17077,3,/api/v1/routes/17077/startlist,
/api/v1/events/1412/result/7,1412,full_results_url,IFSC World Cup Innsbruck 2025,BOULDER Women,finished,2025-10-02 07:18:42 UTC,2026-04-22 08:22:43 UTC,,10122,boulder,Final,Women,finished,2025-06-27 19:27:15 UTC,/api/v1/category_rounds/10122/results,boulder_finals_ifsc_2025,IFSC: finals 2025 (points),3,,,,,,,17078,4,/api/v1/routes/17078/startlist,
/api/v1/events/1412/result/1,1412,full_results_url,IFSC World Cup Innsbruck 2025,LEAD Men,finished,2025-10-02 07:18:42 UTC,2026-04-22 08:22:48 UTC,,9401,lead,Qualification,Men,finished,2025-06-28 13:32:58 UTC,/api/v1/category_rounds/9401/results,lead_one_group_two_routes,IFSC: 2 routes,1,,,,,,,14336,1,/api/v1/routes/14336/startlist,/api/v1/routes/14336/results
/api/v1/events/1412/result/1,1412,full_results_url,IFSC World Cup Innsbruck 2025,LEAD Men,finished,2025-10-02 07:18:42 UTC,2026-04-22 08:22:48 UTC,,9401,lead,Qualification,Men,finished,2025-06-28 13:32:58 UTC,/api/v1/category_rounds/9401/results,lead_one_group_two_routes,IFSC: 2 routes,1,,,,,,,14337,2,/api/v1/routes/14337/startlist,/api/v1/routes/14337/results
/api/v1/events/1412/result/1,1412,full_results_url,IFSC World Cup Innsbruck 2025,LEAD Men,finished,2025-10-02 07:18:42 UTC,2026-04-22 08:22:48 UTC,,10095,lead,Semi-final,Men,finished,2025-06-28 20:39:12 UTC,/api/v1/category_rounds/10095/results,lead_one_group_one_route,IFSC: 1 route,2,,,,,,,16999,1,/api/v1/routes/16999/startlist,/api/v1/routes/16999/results
/api/v1/events/1412/result/1,1412,full_results_url,IFSC World Cup Innsbruck 2025,LEAD Men,finished,2025-10-02 07:18:42 UTC,2026-04-22 08:22:48 UTC,,10097,lead,Final,Men,finished,2025-06-29 19:52:32 UTC,/api/v1/category_rounds/10097/results,lead_one_group_one_route,IFSC: 1 route,3,,,,,,,17001,1,/api/v1/routes/17001/startlist,/api/v1/routes/17001/results
/api/v1/events/1412/result/5,1412,full_results_url,IFSC World Cup Innsbruck 2025,LEAD Women,finished,2025-10-02 07:18:42 UTC,2026-04-22 08:22:51 UTC,,9402,lead,Qualification,Women,finished,2025-06-28 12:28:07 UTC,/api/v1/category_rounds/9402/results,lead_one_group_two_routes,IFSC: 2 routes,1,,,,,,,14338,1,/api/v1/routes/14338/startlist,/api/v1/routes/14338/results
/api/v1/events/1412/result/5,1412,full_results_url,IFSC World Cup Innsbruck 2025,LEAD Women,finished,2025-10-02 07:18:42 UTC,2026-04-22 08:22:51 UTC,,9402,lead,Qualification,Women,finished,2025-06-28 12:28:07 UTC,/api/v1/category_rounds/9402/results,lead_one_group_two_routes,IFSC: 2 routes,1,,,,,,,14339,2,/api/v1/routes/14339/startlist,/api/v1/routes/14339/results
/api/v1/events/1412/result/5,1412,full_results_url,IFSC World Cup Innsbruck 2025,LEAD Women,finished,2025-10-02 07:18:42 UTC,2026-04-22 08:22:51 UTC,,10096,lead,Semi-final,Women,finished,2025-06-28 20:38:05 UTC,/api/v1/category_rounds/10096/results,lead_one_group_one_route,IFSC: 1 route,2,,,,,,,17000,1,/api/v1/routes/17000/startlist,/api/v1/routes/17000/results
/api/v1/events/1412/result/5,1412,full_results_url,IFSC World Cup Innsbruck 2025,LEAD Women,finished,2025-10-02 07:18:42 UTC,2026-04-22 08:22:51 UTC,,10098,lead,Final,Women,finished,2025-06-29 18:33:31 UTC,/api/v1/category_rounds/10098/results,lead_one_group_one_route,IFSC: 1 route,3,,,,,,,17002,1,/api/v1/routes/17002/startlist,/api/v1/routes/17002/results
/api/v1/events/1428/result/225,1428,full_results_url,IFSC European Cup Ostermundigen 2025,LEAD Men,finished,2025-10-02 07:18:42 UTC,2026-04-23 12:20:29 UTC,,9522,lead,Qualification,Men,finished,2025-07-04 10:41:28 UTC,/api/v1/category_rounds/9522/results,lead_one_group_two_routes,IFSC: 2 routes,16,,,,,,,14823,1,/api/v1/routes/14823/startlist,/api/v1/routes/14823/results
/api/v1/events/1428/result/225,1428,full_results_url,IFSC European Cup Ostermundigen 2025,LEAD Men,finished,2025-10-02 07:18:42 UTC,2026-04-23 12:20:29 UTC,,9522,lead,Qualification,Men,finished,2025-07-04 10:41:28 UTC,/api/v1/category_rounds/9522/results,lead_one_group_two_routes,IFSC: 2 routes,16,,,,,,,14824,2,/api/v1/routes/14824/startlist,/api/v1/routes/14824/results
/api/v1/events/1428/result/225,1428,full_results_url,IFSC European Cup Ostermundigen 2025,LEAD Men,finished,2025-10-02 07:18:42 UTC,2026-04-23 12:20:29 UTC,,10123,lead,Semi-Final,Men,finished,2025-07-04 18:48:30 UTC,/api/v1/category_rounds/10123/results,lead_one_group_one_route,IFSC: 1 route,17,,,,,,,17079,1,/api/v1/routes/17079/startlist,/api/v1/routes/17079/results
/api/v1/events/1428/result/225,1428,full_results_url,IFSC European Cup Ostermundigen 2025,LEAD Men,finished,2025-10-02 07:18:42 UTC,2026-04-23 12:20:29 UTC,,10125,lead,Final,Men,finished,2025-07-05 18:54:46 UTC,/api/v1/category_rounds/10125/results,lead_one_group_one_route,IFSC: 1 route,18,,,,,,,17081,1,/api/v1/routes/17081/startlist,/api/v1/routes/17081/results
/api/v1/events/1428/result/229,1428,full_results_url,IFSC European Cup Ostermundigen 2025,LEAD Women,finished,2025-10-02 07:18:42 UTC,2026-04-22 08:22:58 UTC,,9523,lead,Qualification,Women,finished,2025-07-04 11:16:20 UTC,/api/v1/category_rounds/9523/results,lead_one_group_two_routes,IFSC: 2 routes,16,,,,,,,14825,1,/api/v1/routes/14825/startlist,/api/v1/routes/14825/results
/api/v1/events/1428/result/229,1428,full_results_url,IFSC European Cup Ostermundigen 2025,LEAD Women,finished,2025-10-02 07:18:42 UTC,2026-04-22 08:22:58 UTC,,9523,lead,Qualification,Women,finished,2025-07-04 11:16:20 UTC,/api/v1/category_rounds/9523/results,lead_one_group_two_routes,IFSC: 2 routes,16,,,,,,,14826,2,/api/v1/routes/14826/startlist,/api/v1/routes/14826/results
/api/v1/events/1428/result/229,1428,full_results_url,IFSC European Cup Ostermundigen 2025,LEAD Women,finished,2025-10-02 07:18:42 UTC,2026-04-22 08:22:58 UTC,,10124,lead,Semi-Final,Women,finished,2025-07-04 18:53:09 UTC,/api/v1/category_rounds/10124/results,lead_one_group_one_route,IFSC: 1 route,17,,,,,,,17080,1,/api/v1/routes/17080/startlist,/api/v1/routes/17080/results
/api/v1/events/1428/result/229,1428,full_results_url,IFSC European Cup Ostermundigen 2025,LEAD Women,finished,2025-10-02 07:18:42 UTC,2026-04-22 08:22:58 UTC,,10126,lead,Final,Women,finished,2025-07-05 17:39:34 UTC,/api/v1/category_rounds/10126/results,lead_one_group_one_route,IFSC: 1 route,18,,,,,,,17082,1,/api/v1/routes/17082/startlist,/api/v1/routes/17082/results
/api/v1/events/1413/result/2,1413,full_results_url,IFSC World Cup Krakow 2025,SPEED Men,finished,2025-10-02 07:18:42 UTC,2026-04-22 08:23:02 UTC,,9403,speed,Qualification,Men,finished,2025-07-05 14:42:49 UTC,/api/v1/category_rounds/9403/results,speed_qualification_ifsc_2025,IFSC 2025: Qualification,1,,,,,,,17107,A,/api/v1/routes/17107/startlist,
/api/v1/events/1413/result/2,1413,full_results_url,IFSC World Cup Krakow 2025,SPEED Men,finished,2025-10-02 07:18:42 UTC,2026-04-22 08:23:02 UTC,,9403,speed,Qualification,Men,finished,2025-07-05 14:42:49 UTC,/api/v1/category_rounds/9403/results,speed_qualification_ifsc_2025,IFSC 2025: Qualification,1,,,,,,,17108,B,/api/v1/routes/17108/startlist,
/api/v1/events/1413/result/2,1413,full_results_url,IFSC World Cup Krakow 2025,SPEED Men,finished,2025-10-02 07:18:42 UTC,2026-04-22 08:23:02 UTC,,10093,speed,Final,Men,finished,2025-07-06 11:10:33 UTC,/api/v1/category_rounds/10093/results,speed_elimination_ifsc_2023,IFSC 2023+: Elimination,3,,,,,,,16995,A,/api/v1/routes/16995/startlist,
/api/v1/events/1413/result/2,1413,full_results_url,IFSC World Cup Krakow 2025,SPEED Men,finished,2025-10-02 07:18:42 UTC,2026-04-22 08:23:02 UTC,,10093,speed,Final,Men,finished,2025-07-06 11:10:33 UTC,/api/v1/category_rounds/10093/results,speed_elimination_ifsc_2023,IFSC 2023+: Elimination,3,,,,,,,16996,B,/api/v1/routes/16996/startlist,
/api/v1/events/1413/result/6,1413,full_results_url,IFSC World Cup Krakow 2025,SPEED Women,finished,2025-10-02 07:18:42 UTC,2026-04-22 08:23:06 UTC,,9404,speed,Qualification,Women,finished,2025-07-05 12:09:38 UTC,/api/v1/category_rounds/9404/results,speed_qualification_ifsc_2025,IFSC 2025: Qualification,1,,,,,,,17109,A,/api/v1/routes/17109/startlist,
/api/v1/events/1413/result/6,1413,full_results_url,IFSC World Cup Krakow 2025,SPEED Women,finished,2025-10-02 07:18:42 UTC,2026-04-22 08:23:06 UTC,,9404,speed,Qualification,Women,finished,2025-07-05 12:09:38 UTC,/api/v1/category_rounds/9404/results,speed_qualification_ifsc_2025,IFSC 2025: Qualification,1,,,,,,,17110,B,/api/v1/routes/17110/startlist,
/api/v1/events/1413/result/6,1413,full_results_url,IFSC World Cup Krakow 2025,SPEED Women,finished,2025-10-02 07:18:42 UTC,2026-04-22 08:23:06 UTC,,10094,speed,Final,Women,finished,2025-07-06 11:10:45 UTC,/api/v1/category_rounds/10094/results,speed_elimination_ifsc_2023,IFSC 2023+: Elimination,3,,,,,,,16997,A,/api/v1/routes/16997/startlist,
/api/v1/events/1413/result/6,1413,full_results_url,IFSC World Cup Krakow 2025,SPEED Women,finished,2025-10-02 07:18:42 UTC,2026-04-22 08:23:06 UTC,,10094,speed,Final,Women,finished,2025-07-06 11:10:45 UTC,/api/v1/category_rounds/10094/results,speed_elimination_ifsc_2023,IFSC 2023+: Elimination,3,,,,,,,16998,B,/api/v1/routes/16998/startlist,
/api/v1/events/1414/result/1,1414,full_results_url,IFSC World Cup Chamonix 2025,LEAD Men,finished,2025-10-02 07:18:42 UTC,2026-04-22 08:23:09 UTC,,9405,lead,Qualification,Men,finished,2025-07-12 14:16:47 UTC,/api/v1/category_rounds/9405/results,lead_one_group_two_routes,IFSC: 2 routes,1,,,,,,,14344,1,/api/v1/routes/14344/startlist,/api/v1/routes/14344/results
/api/v1/events/1414/result/1,1414,full_results_url,IFSC World Cup Chamonix 2025,LEAD Men,finished,2025-10-02 07:18:42 UTC,2026-04-22 08:23:09 UTC,,9405,lead,Qualification,Men,finished,2025-07-12 14:16:47 UTC,/api/v1/category_rounds/9405/results,lead_one_group_two_routes,IFSC: 2 routes,1,,,,,,,14345,2,/api/v1/routes/14345/startlist,/api/v1/routes/14345/results
/api/v1/events/1414/result/1,1414,full_results_url,IFSC World Cup Chamonix 2025,LEAD Men,finished,2025-10-02 07:18:42 UTC,2026-04-22 08:23:09 UTC,,10133,lead,Semi-final,Men,finished,2025-07-13 10:08:02 UTC,/api/v1/category_rounds/10133/results,lead_one_group_one_route,IFSC: 1 route,2,,,,,,,17095,1,/api/v1/routes/17095/startlist,/api/v1/routes/17095/results
/api/v1/events/1414/result/1,1414,full_results_url,IFSC World Cup Chamonix 2025,LEAD Men,finished,2025-10-02 07:18:42 UTC,2026-04-22 08:23:09 UTC,,10135,lead,Final,Men,finished,2025-07-13 19:28:59 UTC,/api/v1/category_rounds/10135/results,lead_one_group_one_route,IFSC: 1 route,3,,,,,,,17097,1,/api/v1/routes/17097/startlist,/api/v1/routes/17097/results
/api/v1/events/1414/result/5,1414,full_results_url,IFSC World Cup Chamonix 2025,LEAD Women,finished,2025-10-02 07:18:42 UTC,2026-04-22 08:23:13 UTC,,9406,lead,Qualification,Women,finished,2025-07-12 13:59:11 UTC,/api/v1/category_rounds/9406/results,lead_one_group_two_routes,IFSC: 2 routes,1,,,,,,,14346,1,/api/v1/routes/14346/startlist,/api/v1/routes/14346/results
/api/v1/events/1414/result/5,1414,full_results_url,IFSC World Cup Chamonix 2025,LEAD Women,finished,2025-10-02 07:18:42 UTC,2026-04-22 08:23:13 UTC,,9406,lead,Qualification,Women,finished,2025-07-12 13:59:11 UTC,/api/v1/category_rounds/9406/results,lead_one_group_two_routes,IFSC: 2 routes,1,,,,,,,14347,2,/api/v1/routes/14347/startlist,/api/v1/routes/14347/results
/api/v1/events/1414/result/5,1414,full_results_url,IFSC World Cup Chamonix 2025,LEAD Women,finished,2025-10-02 07:18:42 UTC,2026-04-22 08:23:13 UTC,,10134,lead,Semi-final,Women,finished,2025-07-13 10:16:23 UTC,/api/v1/category_rounds/10134/results,lead_one_group_one_route,IFSC: 1 route,2,,,,,,,17096,1,/api/v1/routes/17096/startlist,/api/v1/routes/17096/results
/api/v1/events/1414/result/5,1414,full_results_url,IFSC World Cup Chamonix 2025,LEAD Women,finished,2025-10-02 07:18:42 UTC,2026-04-22 08:23:13 UTC,,10136,lead,Final,Women,finished,2025-07-13 20:31:21 UTC,/api/v1/category_rounds/10136/results,lead_one_group_one_route,IFSC: 1 route,3,,,,,,,17098,1,/api/v1/routes/17098/startlist,/api/v1/routes/17098/results
/api/v1/events/1414/result/2,1414,full_results_url,IFSC World Cup Chamonix 2025,SPEED Men,finished,2025-10-02 07:18:42 UTC,2026-04-22 08:23:17 UTC,,9407,speed,Qualification,Men,finished,2025-07-11 19:28:09 UTC,/api/v1/category_rounds/9407/results,speed_qualification_ifsc_2025,IFSC 2025: Qualification,1,,,,,,,17103,A,/api/v1/routes/17103/startlist,
/api/v1/events/1414/result/2,1414,full_results_url,IFSC World Cup Chamonix 2025,SPEED Men,finished,2025-10-02 07:18:42 UTC,2026-04-22 08:23:17 UTC,,9407,speed,Qualification,Men,finished,2025-07-11 19:28:09 UTC,/api/v1/category_rounds/9407/results,speed_qualification_ifsc_2025,IFSC 2025: Qualification,1,,,,,,,17104,B,/api/v1/routes/17104/startlist,
/api/v1/events/1414/result/2,1414,full_results_url,IFSC World Cup Chamonix 2025,SPEED Men,finished,2025-10-02 07:18:42 UTC,2026-04-22 08:23:17 UTC,,10137,speed,Final,Men,finished,2025-07-12 20:11:58 UTC,/api/v1/category_rounds/10137/results,speed_elimination_ifsc_2023,IFSC 2023+: Elimination,3,,,,,,,17099,A,/api/v1/routes/17099/startlist,
/api/v1/events/1414/result/2,1414,full_results_url,IFSC World Cup Chamonix 2025,SPEED Men,finished,2025-10-02 07:18:42 UTC,2026-04-22 08:23:17 UTC,,10137,speed,Final,Men,finished,2025-07-12 20:11:58 UTC,/api/v1/category_rounds/10137/results,speed_elimination_ifsc_2023,IFSC 2023+: Elimination,3,,,,,,,17100,B,/api/v1/routes/17100/startlist,
/api/v1/events/1414/result/6,1414,full_results_url,IFSC World Cup Chamonix 2025,SPEED Women,finished,2025-10-02 07:18:42 UTC,2026-04-22 08:23:21 UTC,,9408,speed,Qualification,Women,finished,2025-07-11 17:58:05 UTC,/api/v1/category_rounds/9408/results,speed_qualification_ifsc_2025,IFSC 2025: Qualification,1,,,,,,,17105,A,/api/v1/routes/17105/startlist,
/api/v1/events/1414/result/6,1414,full_results_url,IFSC World Cup Chamonix 2025,SPEED Women,finished,2025-10-02 07:18:42 UTC,2026-04-22 08:23:21 UTC,,9408,speed,Qualification,Women,finished,2025-07-11 17:58:05 UTC,/api/v1/category_rounds/9408/results,speed_qualification_ifsc_2025,IFSC 2025: Qualification,1,,,,,,,17106,B,/api/v1/routes/17106/startlist,
/api/v1/events/1414/result/6,1414,full_results_url,IFSC World Cup Chamonix 2025,SPEED Women,finished,2025-10-02 07:18:42 UTC,2026-04-22 08:23:21 UTC,,10138,speed,Final,Women,finished,2025-07-12 20:12:43 UTC,/api/v1/category_rounds/10138/results,speed_elimination_ifsc_2023,IFSC 2023+: Elimination,3,,,,,,,17101,A,/api/v1/routes/17101/startlist,
/api/v1/events/1414/result/6,1414,full_results_url,IFSC World Cup Chamonix 2025,SPEED Women,finished,2025-10-02 07:18:42 UTC,2026-04-22 08:23:21 UTC,,10138,speed,Final,Women,finished,2025-07-12 20:12:43 UTC,/api/v1/category_rounds/10138/results,speed_elimination_ifsc_2023,IFSC 2023+: Elimination,3,,,,,,,17102,B,/api/v1/routes/17102/startlist,
/api/v1/events/1454/result/1,1454,full_results_url,IFSC World Cup Comunidad de Madrid 2025,LEAD Men,finished,2025-10-02 07:18:42 UTC,2026-04-22 08:23:24 UTC,,9740,lead,Qualification,Men,finished,2025-07-18 15:11:20 UTC,/api/v1/category_rounds/9740/results,lead_one_group_two_routes,IFSC: 2 routes,1,,,,,,,15289,1,/api/v1/routes/15289/startlist,/api/v1/routes/15289/results
/api/v1/events/1454/result/1,1454,full_results_url,IFSC World Cup Comunidad de Madrid 2025,LEAD Men,finished,2025-10-02 07:18:42 UTC,2026-04-22 08:23:24 UTC,,9740,lead,Qualification,Men,finished,2025-07-18 15:11:20 UTC,/api/v1/category_rounds/9740/results,lead_one_group_two_routes,IFSC: 2 routes,1,,,,,,,15290,2,/api/v1/routes/15290/startlist,/api/v1/routes/15290/results
/api/v1/events/1454/result/1,1454,full_results_url,IFSC World Cup Comunidad de Madrid 2025,LEAD Men,finished,2025-10-02 07:18:42 UTC,2026-04-22 08:23:24 UTC,,10165,lead,Semi-final,Men,finished,2025-07-18 21:48:55 UTC,/api/v1/category_rounds/10165/results,lead_one_group_one_route,IFSC: 1 route,2,,,,,,,17191,1,/api/v1/routes/17191/startlist,/api/v1/routes/17191/results
/api/v1/events/1454/result/1,1454,full_results_url,IFSC World Cup Comunidad de Madrid 2025,LEAD Men,finished,2025-10-02 07:18:42 UTC,2026-04-22 08:23:24 UTC,,10167,lead,Final,Men,finished,2025-07-19 20:24:01 UTC,/api/v1/category_rounds/10167/results,lead_one_group_one_route,IFSC: 1 route,3,,,,,,,17193,1,/api/v1/routes/17193/startlist,/api/v1/routes/17193/results
/api/v1/events/1454/result/5,1454,full_results_url,IFSC World Cup Comunidad de Madrid 2025,LEAD Women,finished,2025-10-02 07:18:42 UTC,2026-04-22 08:23:28 UTC,,9741,lead,Qualification,Women,finished,2025-07-18 15:15:04 UTC,/api/v1/category_rounds/9741/results,lead_one_group_two_routes,IFSC: 2 routes,1,,,,,,,15291,1,/api/v1/routes/15291/startlist,/api/v1/routes/15291/results
/api/v1/events/1454/result/5,1454,full_results_url,IFSC World Cup Comunidad de Madrid 2025,LEAD Women,finished,2025-10-02 07:18:42 UTC,2026-04-22 08:23:28 UTC,,9741,lead,Qualification,Women,finished,2025-07-18 15:15:04 UTC,/api/v1/category_rounds/9741/results,lead_one_group_two_routes,IFSC: 2 routes,1,,,,,,,15292,2,/api/v1/routes/15292/startlist,/api/v1/routes/15292/results
/api/v1/events/1454/result/5,1454,full_results_url,IFSC World Cup Comunidad de Madrid 2025,LEAD Women,finished,2025-10-02 07:18:42 UTC,2026-04-22 08:23:28 UTC,,10166,lead,Semi-final,Women,finished,2025-07-18 21:44:21 UTC,/api/v1/category_rounds/10166/results,lead_one_group_one_route,IFSC: 1 route,2,,,,,,,17192,1,/api/v1/routes/17192/startlist,/api/v1/routes/17192/results
/api/v1/events/1454/result/5,1454,full_results_url,IFSC World Cup Comunidad de Madrid 2025,LEAD Women,finished,2025-10-02 07:18:42 UTC,2026-04-22 08:23:28 UTC,,10168,lead,Final,Women,finished,2025-07-19 19:24:05 UTC,/api/v1/category_rounds/10168/results,lead_one_group_one_route,IFSC: 1 route,3,,,,,,,17194,1,/api/v1/routes/17194/startlist,/api/v1/routes/17194/results
/api/v1/events/1436/result/823,1436,full_results_url,IFSC Youth European Cup Bologna 2025,LEAD U19 Men,finished,2025-10-02 07:18:43 UTC,2025-07-20 14:42:34 UTC,,9790,lead,Qualification,U19 Men,finished,2025-07-19 18:06:25 UTC,/api/v1/category_rounds/9790/results,lead_one_group_two_routes,IFSC: 2 routes,19,,,,,,,15457,1,/api/v1/routes/15457/startlist,/api/v1/routes/15457/results
/api/v1/events/1436/result/823,1436,full_results_url,IFSC Youth European Cup Bologna 2025,LEAD U19 Men,finished,2025-10-02 07:18:43 UTC,2025-07-20 14:42:34 UTC,,9790,lead,Qualification,U19 Men,finished,2025-07-19 18:06:25 UTC,/api/v1/category_rounds/9790/results,lead_one_group_two_routes,IFSC: 2 routes,19,,,,,,,15458,2,/api/v1/routes/15458/startlist,/api/v1/routes/15458/results
/api/v1/events/1436/result/823,1436,full_results_url,IFSC Youth European Cup Bologna 2025,LEAD U19 Men,finished,2025-10-02 07:18:43 UTC,2025-07-20 14:42:34 UTC,,10161,lead,Final,U19 Men,finished,2025-07-20 14:05:34 UTC,/api/v1/category_rounds/10161/results,lead_one_group_one_route,IFSC: 1 route,21,,,,,,,17187,1,/api/v1/routes/17187/startlist,/api/v1/routes/17187/results
/api/v1/events/1436/result/828,1436,full_results_url,IFSC Youth European Cup Bologna 2025,LEAD U19 Women,finished,2025-10-02 07:18:43 UTC,2025-07-20 14:43:21 UTC,,9791,lead,Qualification,U19 Women,finished,2025-07-19 18:08:46 UTC,/api/v1/category_rounds/9791/results,lead_one_group_two_routes,IFSC: 2 routes,19,,,,,,,15459,1,/api/v1/routes/15459/startlist,/api/v1/routes/15459/results
/api/v1/events/1436/result/828,1436,full_results_url,IFSC Youth European Cup Bologna 2025,LEAD U19 Women,finished,2025-10-02 07:18:43 UTC,2025-07-20 14:43:21 UTC,,9791,lead,Qualification,U19 Women,finished,2025-07-19 18:08:46 UTC,/api/v1/category_rounds/9791/results,lead_one_group_two_routes,IFSC: 2 routes,19,,,,,,,15460,2,/api/v1/routes/15460/startlist,/api/v1/routes/15460/results
/api/v1/events/1436/result/828,1436,full_results_url,IFSC Youth European Cup Bologna 2025,LEAD U19 Women,finished,2025-10-02 07:18:43 UTC,2025-07-20 14:43:21 UTC,,10162,lead,Final,U19 Women,finished,2025-07-20 14:03:34 UTC,/api/v1/category_rounds/10162/results,lead_one_group_one_route,IFSC: 1 route,21,,,,,,,17188,1,/api/v1/routes/17188/startlist,/api/v1/routes/17188/results
/api/v1/events/1436/result/833,1436,full_results_url,IFSC Youth European Cup Bologna 2025,LEAD U17 Men,finished,2025-10-02 07:18:43 UTC,2025-07-20 14:43:59 UTC,,9792,lead,Qualification,U17 Men,finished,2025-07-19 12:58:10 UTC,/api/v1/category_rounds/9792/results,lead_one_group_two_routes,IFSC: 2 routes,19,,,,,,,15461,1,/api/v1/routes/15461/startlist,/api/v1/routes/15461/results
/api/v1/events/1436/result/833,1436,full_results_url,IFSC Youth European Cup Bologna 2025,LEAD U17 Men,finished,2025-10-02 07:18:43 UTC,2025-07-20 14:43:59 UTC,,9792,lead,Qualification,U17 Men,finished,2025-07-19 12:58:10 UTC,/api/v1/category_rounds/9792/results,lead_one_group_two_routes,IFSC: 2 routes,19,,,,,,,15462,2,/api/v1/routes/15462/startlist,/api/v1/routes/15462/results
/api/v1/events/1436/result/833,1436,full_results_url,IFSC Youth European Cup Bologna 2025,LEAD U17 Men,finished,2025-10-02 07:18:43 UTC,2025-07-20 14:43:59 UTC,,10163,lead,Final,U17 Men,finished,2025-07-20 10:20:53 UTC,/api/v1/category_rounds/10163/results,lead_one_group_one_route,IFSC: 1 route,21,,,,,,,17189,1,/api/v1/routes/17189/startlist,/api/v1/routes/17189/results
/api/v1/events/1436/result/838,1436,full_results_url,IFSC Youth European Cup Bologna 2025,LEAD U17 Women,finished,2025-10-02 07:18:43 UTC,2025-07-20 14:44:27 UTC,,9793,lead,Qualification,U17 Women,finished,2025-07-19 13:50:46 UTC,/api/v1/category_rounds/9793/results,lead_one_group_two_routes,IFSC: 2 routes,19,,,,,,,15463,1,/api/v1/routes/15463/startlist,/api/v1/routes/15463/results
/api/v1/events/1436/result/838,1436,full_results_url,IFSC Youth European Cup Bologna 2025,LEAD U17 Women,finished,2025-10-02 07:18:43 UTC,2025-07-20 14:44:27 UTC,,9793,lead,Qualification,U17 Women,finished,2025-07-19 13:50:46 UTC,/api/v1/category_rounds/9793/results,lead_one_group_two_routes,IFSC: 2 routes,19,,,,,,,15464,2,/api/v1/routes/15464/startlist,/api/v1/routes/15464/results
/api/v1/events/1436/result/838,1436,full_results_url,IFSC Youth European Cup Bologna 2025,LEAD U17 Women,finished,2025-10-02 07:18:43 UTC,2025-07-20 14:44:27 UTC,,10164,lead,Final,U17 Women,finished,2025-07-20 10:18:09 UTC,/api/v1/category_rounds/10164/results,lead_one_group_one_route,IFSC: 1 route,21,,,,,,,17190,1,/api/v1/routes/17190/startlist,/api/v1/routes/17190/results
/api/v1/events/1431/result/226,1431,full_results_url,IFSC European Cup Soure 2025 [CANCELLED],SPEED Men,registration_active,2025-10-02 07:18:42 UTC,NA,,9528,speed,Qualification,Men,pending,2025-03-31 12:36:34 UTC,/api/v1/category_rounds/9528/results,speed_staggered,IFSC: Qualification,16,,,,,,,14835,A,/api/v1/routes/14835/startlist,
/api/v1/events/1431/result/226,1431,full_results_url,IFSC European Cup Soure 2025 [CANCELLED],SPEED Men,registration_active,2025-10-02 07:18:42 UTC,NA,,9528,speed,Qualification,Men,pending,2025-03-31 12:36:34 UTC,/api/v1/category_rounds/9528/results,speed_staggered,IFSC: Qualification,16,,,,,,,14836,B,/api/v1/routes/14836/startlist,
/api/v1/events/1431/result/230,1431,full_results_url,IFSC European Cup Soure 2025 [CANCELLED],SPEED Women,registration_pending,2025-10-02 07:18:42 UTC,NA,,9529,speed,Qualification,Women,pending,2024-11-11 13:17:24 UTC,/api/v1/category_rounds/9529/results,speed_staggered,IFSC: Qualification,16,,,,,,,14837,A,/api/v1/routes/14837/startlist,
/api/v1/events/1431/result/230,1431,full_results_url,IFSC European Cup Soure 2025 [CANCELLED],SPEED Women,registration_pending,2025-10-02 07:18:42 UTC,NA,,9529,speed,Qualification,Women,pending,2024-11-11 13:17:24 UTC,/api/v1/category_rounds/9529/results,speed_staggered,IFSC: Qualification,16,,,,,,,14838,B,/api/v1/routes/14838/startlist,
/api/v1/events/1418/result/773,1418,full_results_url,IFSC Youth World Championships Helsinki 2025,LEAD U19 Men,finished,2025-10-02 07:18:43 UTC,2026-04-22 08:23:34 UTC,,9827,lead,Qualification,U19 Men,finished,2025-07-31 13:17:44 UTC,/api/v1/category_rounds/9827/results,lead_one_group_two_routes,IFSC: 2 routes,4,,,,,,,15543,1,/api/v1/routes/15543/startlist,/api/v1/routes/15543/results
/api/v1/events/1418/result/773,1418,full_results_url,IFSC Youth World Championships Helsinki 2025,LEAD U19 Men,finished,2025-10-02 07:18:43 UTC,2026-04-22 08:23:34 UTC,,9827,lead,Qualification,U19 Men,finished,2025-07-31 13:17:44 UTC,/api/v1/category_rounds/9827/results,lead_one_group_two_routes,IFSC: 2 routes,4,,,,,,,15544,2,/api/v1/routes/15544/startlist,/api/v1/routes/15544/results
/api/v1/events/1418/result/773,1418,full_results_url,IFSC Youth World Championships Helsinki 2025,LEAD U19 Men,finished,2025-10-02 07:18:43 UTC,2026-04-22 08:23:34 UTC,,10139,lead,Semi-Final,U19 Men,finished,2025-08-01 18:56:43 UTC,/api/v1/category_rounds/10139/results,lead_one_group_one_route,IFSC: 1 route,5,,,,,,,17111,1,/api/v1/routes/17111/startlist,/api/v1/routes/17111/results
/api/v1/events/1418/result/773,1418,full_results_url,IFSC Youth World Championships Helsinki 2025,LEAD U19 Men,finished,2025-10-02 07:18:43 UTC,2026-04-22 08:23:34 UTC,,10143,lead,Final,U19 Men,finished,2025-08-02 16:59:52 UTC,/api/v1/category_rounds/10143/results,lead_one_group_one_route,IFSC: 1 route,6,,,,,,,17115,1,/api/v1/routes/17115/startlist,/api/v1/routes/17115/results
/api/v1/events/1418/result/778,1418,full_results_url,IFSC Youth World Championships Helsinki 2025,LEAD U19 Women,finished,2025-10-02 07:18:43 UTC,2026-04-22 08:23:38 UTC,,9828,lead,Qualification,U19 Women,finished,2025-07-31 11:14:57 UTC,/api/v1/category_rounds/9828/results,lead_one_group_two_routes,IFSC: 2 routes,4,,,,,,,15545,1,/api/v1/routes/15545/startlist,/api/v1/routes/15545/results
/api/v1/events/1418/result/778,1418,full_results_url,IFSC Youth World Championships Helsinki 2025,LEAD U19 Women,finished,2025-10-02 07:18:43 UTC,2026-04-22 08:23:38 UTC,,9828,lead,Qualification,U19 Women,finished,2025-07-31 11:14:57 UTC,/api/v1/category_rounds/9828/results,lead_one_group_two_routes,IFSC: 2 routes,4,,,,,,,15546,2,/api/v1/routes/15546/startlist,/api/v1/routes/15546/results
/api/v1/events/1418/result/778,1418,full_results_url,IFSC Youth World Championships Helsinki 2025,LEAD U19 Women,finished,2025-10-02 07:18:43 UTC,2026-04-22 08:23:38 UTC,,10140,lead,Semi-Final,U19 Women,finished,2025-08-01 19:05:58 UTC,/api/v1/category_rounds/10140/results,lead_one_group_one_route,IFSC: 1 route,5,,,,,,,17112,1,/api/v1/routes/17112/startlist,/api/v1/routes/17112/results
/api/v1/events/1418/result/778,1418,full_results_url,IFSC Youth World Championships Helsinki 2025,LEAD U19 Women,finished,2025-10-02 07:18:43 UTC,2026-04-22 08:23:38 UTC,,10144,lead,Final,U19 Women,finished,2025-08-02 16:56:29 UTC,/api/v1/category_rounds/10144/results,lead_one_group_one_route,IFSC: 1 route,6,,,,,,,17116,1,/api/v1/routes/17116/startlist,/api/v1/routes/17116/results
/api/v1/events/1418/result/783,1418,full_results_url,IFSC Youth World Championships Helsinki 2025,LEAD U17 Men,finished,2025-10-02 07:18:43 UTC,2026-04-22 08:23:42 UTC,,9829,lead,Qualification,U17 Men,finished,2025-08-01 12:51:32 UTC,/api/v1/category_rounds/9829/results,lead_one_group_two_routes,IFSC: 2 routes,4,,,,,,,15547,1,/api/v1/routes/15547/startlist,/api/v1/routes/15547/results
/api/v1/events/1418/result/783,1418,full_results_url,IFSC Youth World Championships Helsinki 2025,LEAD U17 Men,finished,2025-10-02 07:18:43 UTC,2026-04-22 08:23:42 UTC,,9829,lead,Qualification,U17 Men,finished,2025-08-01 12:51:32 UTC,/api/v1/category_rounds/9829/results,lead_one_group_two_routes,IFSC: 2 routes,4,,,,,,,15548,2,/api/v1/routes/15548/startlist,/api/v1/routes/15548/results
/api/v1/events/1418/result/783,1418,full_results_url,IFSC Youth World Championships Helsinki 2025,LEAD U17 Men,finished,2025-10-02 07:18:43 UTC,2026-04-22 08:23:42 UTC,,10141,lead,Semi-Final,U17 Men,finished,2025-08-02 10:39:57 UTC,/api/v1/category_rounds/10141/results,lead_one_group_one_route,IFSC: 1 route,5,,,,,,,17113,1,/api/v1/routes/17113/startlist,/api/v1/routes/17113/results
/api/v1/events/1418/result/783,1418,full_results_url,IFSC Youth World Championships Helsinki 2025,LEAD U17 Men,finished,2025-10-02 07:18:43 UTC,2026-04-22 08:23:42 UTC,,10145,lead,Final,U17 Men,finished,2025-08-02 18:33:46 UTC,/api/v1/category_rounds/10145/results,lead_one_group_one_route,IFSC: 1 route,6,,,,,,,17117,1,/api/v1/routes/17117/startlist,/api/v1/routes/17117/results
/api/v1/events/1418/result/788,1418,full_results_url,IFSC Youth World Championships Helsinki 2025,LEAD U17 Women,finished,2025-10-02 07:18:43 UTC,2026-04-22 08:23:46 UTC,,9830,lead,Qualification,U17 Women,finished,2025-08-01 13:25:41 UTC,/api/v1/category_rounds/9830/results,lead_one_group_two_routes,IFSC: 2 routes,4,,,,,,,15549,1,/api/v1/routes/15549/startlist,/api/v1/routes/15549/results
/api/v1/events/1418/result/788,1418,full_results_url,IFSC Youth World Championships Helsinki 2025,LEAD U17 Women,finished,2025-10-02 07:18:43 UTC,2026-04-22 08:23:46 UTC,,9830,lead,Qualification,U17 Women,finished,2025-08-01 13:25:41 UTC,/api/v1/category_rounds/9830/results,lead_one_group_two_routes,IFSC: 2 routes,4,,,,,,,15550,2,/api/v1/routes/15550/startlist,/api/v1/routes/15550/results
/api/v1/events/1418/result/788,1418,full_results_url,IFSC Youth World Championships Helsinki 2025,LEAD U17 Women,finished,2025-10-02 07:18:43 UTC,2026-04-22 08:23:46 UTC,,10142,lead,Semi-Final,U17 Women,finished,2025-08-02 10:53:45 UTC,/api/v1/category_rounds/10142/results,lead_one_group_one_route,IFSC: 1 route,5,,,,,,,17114,1,/api/v1/routes/17114/startlist,/api/v1/routes/17114/results
/api/v1/events/1418/result/788,1418,full_results_url,IFSC Youth World Championships Helsinki 2025,LEAD U17 Women,finished,2025-10-02 07:18:43 UTC,2026-04-22 08:23:46 UTC,,10146,lead,Final,U17 Women,finished,2025-08-02 18:32:13 UTC,/api/v1/category_rounds/10146/results,lead_one_group_one_route,IFSC: 1 route,6,,,,,,,17118,1,/api/v1/routes/17118/startlist,/api/v1/routes/17118/results
/api/v1/events/1418/result/774,1418,full_results_url,IFSC Youth World Championships Helsinki 2025,SPEED U19 Men,finished,2025-10-02 07:18:43 UTC,2026-04-22 08:23:49 UTC,,9831,speed,Qualification,U19 Men,finished,2025-08-03 16:33:19 UTC,/api/v1/category_rounds/9831/results,speed_staggered,IFSC: Qualification,4,,,,,,,15551,A,/api/v1/routes/15551/startlist,
/api/v1/events/1418/result/774,1418,full_results_url,IFSC Youth World Championships Helsinki 2025,SPEED U19 Men,finished,2025-10-02 07:18:43 UTC,2026-04-22 08:23:49 UTC,,9831,speed,Qualification,U19 Men,finished,2025-08-03 16:33:19 UTC,/api/v1/category_rounds/9831/results,speed_staggered,IFSC: Qualification,4,,,,,,,15552,B,/api/v1/routes/15552/startlist,
/api/v1/events/1418/result/774,1418,full_results_url,IFSC Youth World Championships Helsinki 2025,SPEED U19 Men,finished,2025-10-02 07:18:43 UTC,2026-04-22 08:23:49 UTC,,10147,speed,Final,U19 Men,finished,2025-08-03 18:22:33 UTC,/api/v1/category_rounds/10147/results,speed_elimination_ifsc_2023,IFSC 2023+: Elimination,6,,,,,,,17119,A,/api/v1/routes/17119/startlist,
/api/v1/events/1418/result/774,1418,full_results_url,IFSC Youth World Championships Helsinki 2025,SPEED U19 Men,finished,2025-10-02 07:18:43 UTC,2026-04-22 08:23:49 UTC,,10147,speed,Final,U19 Men,finished,2025-08-03 18:22:33 UTC,/api/v1/category_rounds/10147/results,speed_elimination_ifsc_2023,IFSC 2023+: Elimination,6,,,,,,,17120,B,/api/v1/routes/17120/startlist,
/api/v1/events/1418/result/779,1418,full_results_url,IFSC Youth World Championships Helsinki 2025,SPEED U19 Women,finished,2025-10-02 07:18:43 UTC,2026-04-22 08:23:53 UTC,,9832,speed,Qualification,U19 Women,finished,2025-08-03 15:34:10 UTC,/api/v1/category_rounds/9832/results,speed_staggered,IFSC: Qualification,4,,,,,,,15553,A,/api/v1/routes/15553/startlist,
/api/v1/events/1418/result/779,1418,full_results_url,IFSC Youth World Championships Helsinki 2025,SPEED U19 Women,finished,2025-10-02 07:18:43 UTC,2026-04-22 08:23:53 UTC,,9832,speed,Qualification,U19 Women,finished,2025-08-03 15:34:10 UTC,/api/v1/category_rounds/9832/results,speed_staggered,IFSC: Qualification,4,,,,,,,15554,B,/api/v1/routes/15554/startlist,
/api/v1/events/1418/result/779,1418,full_results_url,IFSC Youth World Championships Helsinki 2025,SPEED U19 Women,finished,2025-10-02 07:18:43 UTC,2026-04-22 08:23:53 UTC,,10148,speed,Final,U19 Women,finished,2025-08-03 18:21:02 UTC,/api/v1/category_rounds/10148/results,speed_elimination_ifsc_2023,IFSC 2023+: Elimination,6,,,,,,,17121,A,/api/v1/routes/17121/startlist,
/api/v1/events/1418/result/779,1418,full_results_url,IFSC Youth World Championships Helsinki 2025,SPEED U19 Women,finished,2025-10-02 07:18:43 UTC,2026-04-22 08:23:53 UTC,,10148,speed,Final,U19 Women,finished,2025-08-03 18:21:02 UTC,/api/v1/category_rounds/10148/results,speed_elimination_ifsc_2023,IFSC 2023+: Elimination,6,,,,,,,17122,B,/api/v1/routes/17122/startlist,
/api/v1/events/1418/result/784,1418,full_results_url,IFSC Youth World Championships Helsinki 2025,SPEED U17 Men,finished,2025-10-02 07:18:43 UTC,2026-04-22 08:23:56 UTC,,9833,speed,Qualification,U17 Men,finished,2025-08-03 09:46:11 UTC,/api/v1/category_rounds/9833/results,speed_qualification_ifsc_2025,IFSC 2025: Qualification,4,,,,,,,15555,A,/api/v1/routes/15555/startlist,
/api/v1/events/1418/result/784,1418,full_results_url,IFSC Youth World Championships Helsinki 2025,SPEED U17 Men,finished,2025-10-02 07:18:43 UTC,2026-04-22 08:23:56 UTC,,9833,speed,Qualification,U17 Men,finished,2025-08-03 09:46:11 UTC,/api/v1/category_rounds/9833/results,speed_qualification_ifsc_2025,IFSC 2025: Qualification,4,,,,,,,15556,B,/api/v1/routes/15556/startlist,
/api/v1/events/1418/result/784,1418,full_results_url,IFSC Youth World Championships Helsinki 2025,SPEED U17 Men,finished,2025-10-02 07:18:43 UTC,2026-04-22 08:23:56 UTC,,10149,speed,Final,U17 Men,finished,2025-08-03 11:25:02 UTC,/api/v1/category_rounds/10149/results,speed_elimination_ifsc_2023,IFSC 2023+: Elimination,6,,,,,,,17123,A,/api/v1/routes/17123/startlist,
/api/v1/events/1418/result/784,1418,full_results_url,IFSC Youth World Championships Helsinki 2025,SPEED U17 Men,finished,2025-10-02 07:18:43 UTC,2026-04-22 08:23:56 UTC,,10149,speed,Final,U17 Men,finished,2025-08-03 11:25:02 UTC,/api/v1/category_rounds/10149/results,speed_elimination_ifsc_2023,IFSC 2023+: Elimination,6,,,,,,,17124,B,/api/v1/routes/17124/startlist,
/api/v1/events/1418/result/789,1418,full_results_url,IFSC Youth World Championships Helsinki 2025,SPEED U17 Women,finished,2025-10-02 07:18:43 UTC,2026-04-22 08:23:59 UTC,,9834,speed,Qualification,U17 Women,finished,2025-08-03 08:34:50 UTC,/api/v1/category_rounds/9834/results,speed_staggered,IFSC: Qualification,4,,,,,,,15557,A,/api/v1/routes/15557/startlist,
/api/v1/events/1418/result/789,1418,full_results_url,IFSC Youth World Championships Helsinki 2025,SPEED U17 Women,finished,2025-10-02 07:18:43 UTC,2026-04-22 08:23:59 UTC,,9834,speed,Qualification,U17 Women,finished,2025-08-03 08:34:50 UTC,/api/v1/category_rounds/9834/results,speed_staggered,IFSC: Qualification,4,,,,,,,15558,B,/api/v1/routes/15558/startlist,
/api/v1/events/1418/result/789,1418,full_results_url,IFSC Youth World Championships Helsinki 2025,SPEED U17 Women,finished,2025-10-02 07:18:43 UTC,2026-04-22 08:23:59 UTC,,10150,speed,Final,U17 Women,finished,2025-08-03 11:25:53 UTC,/api/v1/category_rounds/10150/results,speed_elimination_ifsc_2023,IFSC 2023+: Elimination,6,,,,,,,17125,A,/api/v1/routes/17125/startlist,
/api/v1/events/1418/result/789,1418,full_results_url,IFSC Youth World Championships Helsinki 2025,SPEED U17 Women,finished,2025-10-02 07:18:43 UTC,2026-04-22 08:23:59 UTC,,10150,speed,Final,U17 Women,finished,2025-08-03 11:25:53 UTC,/api/v1/category_rounds/10150/results,speed_elimination_ifsc_2023,IFSC 2023+: Elimination,6,,,,,,,17126,B,/api/v1/routes/17126/startlist,
/api/v1/events/1418/result/775,1418,full_results_url,IFSC Youth World Championships Helsinki 2025,BOULDER U19 Men,finished,2025-10-02 07:18:43 UTC,2026-04-22 08:24:03 UTC,,9835,boulder,Qualification,U19 Men,finished,2025-07-28 13:37:58 UTC,/api/v1/category_rounds/9835/results,boulder_one_group_ifsc_2025_two_courses,IFSC: 2 Courses 2025 (points),4,,,,,,,17165,A1,/api/v1/routes/17165/startlist,
/api/v1/events/1418/result/775,1418,full_results_url,IFSC Youth World Championships Helsinki 2025,BOULDER U19 Men,finished,2025-10-02 07:18:43 UTC,2026-04-22 08:24:03 UTC,,9835,boulder,Qualification,U19 Men,finished,2025-07-28 13:37:58 UTC,/api/v1/category_rounds/9835/results,boulder_one_group_ifsc_2025_two_courses,IFSC: 2 Courses 2025 (points),4,,,,,,,17166,A2,/api/v1/routes/17166/startlist,
/api/v1/events/1418/result/775,1418,full_results_url,IFSC Youth World Championships Helsinki 2025,BOULDER U19 Men,finished,2025-10-02 07:18:43 UTC,2026-04-22 08:24:03 UTC,,9835,boulder,Qualification,U19 Men,finished,2025-07-28 13:37:58 UTC,/api/v1/category_rounds/9835/results,boulder_one_group_ifsc_2025_two_courses,IFSC: 2 Courses 2025 (points),4,,,,,,,17167,A3,/api/v1/routes/17167/startlist,
/api/v1/events/1418/result/775,1418,full_results_url,IFSC Youth World Championships Helsinki 2025,BOULDER U19 Men,finished,2025-10-02 07:18:43 UTC,2026-04-22 08:24:03 UTC,,9835,boulder,Qualification,U19 Men,finished,2025-07-28 13:37:58 UTC,/api/v1/category_rounds/9835/results,boulder_one_group_ifsc_2025_two_courses,IFSC: 2 Courses 2025 (points),4,,,,,,,17168,B1,/api/v1/routes/17168/startlist,
/api/v1/events/1418/result/775,1418,full_results_url,IFSC Youth World Championships Helsinki 2025,BOULDER U19 Men,finished,2025-10-02 07:18:43 UTC,2026-04-22 08:24:03 UTC,,9835,boulder,Qualification,U19 Men,finished,2025-07-28 13:37:58 UTC,/api/v1/category_rounds/9835/results,boulder_one_group_ifsc_2025_two_courses,IFSC: 2 Courses 2025 (points),4,,,,,,,17169,B2,/api/v1/routes/17169/startlist,
/api/v1/events/1418/result/775,1418,full_results_url,IFSC Youth World Championships Helsinki 2025,BOULDER U19 Men,finished,2025-10-02 07:18:43 UTC,2026-04-22 08:24:03 UTC,,9835,boulder,Qualification,U19 Men,finished,2025-07-28 13:37:58 UTC,/api/v1/category_rounds/9835/results,boulder_one_group_ifsc_2025_two_courses,IFSC: 2 Courses 2025 (points),4,,,,,,,17170,B3,/api/v1/routes/17170/startlist,
/api/v1/events/1418/result/775,1418,full_results_url,IFSC Youth World Championships Helsinki 2025,BOULDER U19 Men,finished,2025-10-02 07:18:43 UTC,2026-04-22 08:24:03 UTC,,10151,boulder,Semi-Final,U19 Men,finished,2025-07-29 19:16:03 UTC,/api/v1/category_rounds/10151/results,boulder_one_group_ifsc_2025,IFSC: 1 group 2025 (points),5,,,,,,,17127,1,/api/v1/routes/17127/startlist,
/api/v1/events/1418/result/775,1418,full_results_url,IFSC Youth World Championships Helsinki 2025,BOULDER U19 Men,finished,2025-10-02 07:18:43 UTC,2026-04-22 08:24:03 UTC,,10151,boulder,Semi-Final,U19 Men,finished,2025-07-29 19:16:03 UTC,/api/v1/category_rounds/10151/results,boulder_one_group_ifsc_2025,IFSC: 1 group 2025 (points),5,,,,,,,17128,2,/api/v1/routes/17128/startlist,
/api/v1/events/1418/result/775,1418,full_results_url,IFSC Youth World Championships Helsinki 2025,BOULDER U19 Men,finished,2025-10-02 07:18:43 UTC,2026-04-22 08:24:03 UTC,,10151,boulder,Semi-Final,U19 Men,finished,2025-07-29 19:16:03 UTC,/api/v1/category_rounds/10151/results,boulder_one_group_ifsc_2025,IFSC: 1 group 2025 (points),5,,,,,,,17129,3,/api/v1/routes/17129/startlist,
/api/v1/events/1418/result/775,1418,full_results_url,IFSC Youth World Championships Helsinki 2025,BOULDER U19 Men,finished,2025-10-02 07:18:43 UTC,2026-04-22 08:24:03 UTC,,10151,boulder,Semi-Final,U19 Men,finished,2025-07-29 19:16:03 UTC,/api/v1/category_rounds/10151/results,boulder_one_group_ifsc_2025,IFSC: 1 group 2025 (points),5,,,,,,,17130,4,/api/v1/routes/17130/startlist,
/api/v1/events/1418/result/775,1418,full_results_url,IFSC Youth World Championships Helsinki 2025,BOULDER U19 Men,finished,2025-10-02 07:18:43 UTC,2026-04-22 08:24:03 UTC,,10155,boulder,Final,U19 Men,finished,2025-07-30 16:02:27 UTC,/api/v1/category_rounds/10155/results,boulder_finals_ifsc_2025,IFSC: finals 2025 (points),6,,,,,,,17143,1,/api/v1/routes/17143/startlist,
/api/v1/events/1418/result/775,1418,full_results_url,IFSC Youth World Championships Helsinki 2025,BOULDER U19 Men,finished,2025-10-02 07:18:43 UTC,2026-04-22 08:24:03 UTC,,10155,boulder,Final,U19 Men,finished,2025-07-30 16:02:27 UTC,/api/v1/category_rounds/10155/results,boulder_finals_ifsc_2025,IFSC: finals 2025 (points),6,,,,,,,17144,2,/api/v1/routes/17144/startlist,
/api/v1/events/1418/result/775,1418,full_results_url,IFSC Youth World Championships Helsinki 2025,BOULDER U19 Men,finished,2025-10-02 07:18:43 UTC,2026-04-22 08:24:03 UTC,,10155,boulder,Final,U19 Men,finished,2025-07-30 16:02:27 UTC,/api/v1/category_rounds/10155/results,boulder_finals_ifsc_2025,IFSC: finals 2025 (points),6,,,,,,,17145,3,/api/v1/routes/17145/startlist,
/api/v1/events/1418/result/775,1418,full_results_url,IFSC Youth World Championships Helsinki 2025,BOULDER U19 Men,finished,2025-10-02 07:18:43 UTC,2026-04-22 08:24:03 UTC,,10155,boulder,Final,U19 Men,finished,2025-07-30 16:02:27 UTC,/api/v1/category_rounds/10155/results,boulder_finals_ifsc_2025,IFSC: finals 2025 (points),6,,,,,,,17146,4,/api/v1/routes/17146/startlist,
/api/v1/events/1418/result/780,1418,full_results_url,IFSC Youth World Championships Helsinki 2025,BOULDER U19 Women,finished,2025-10-02 07:18:43 UTC,2026-04-22 08:24:07 UTC,,9836,boulder,Qualification,U19 Women,finished,2025-07-28 12:11:46 UTC,/api/v1/category_rounds/9836/results,boulder_one_group_ifsc_2025_two_courses,IFSC: 2 Courses 2025 (points),4,,,,,,,17171,A1,/api/v1/routes/17171/startlist,
/api/v1/events/1418/result/780,1418,full_results_url,IFSC Youth World Championships Helsinki 2025,BOULDER U19 Women,finished,2025-10-02 07:18:43 UTC,2026-04-22 08:24:07 UTC,,9836,boulder,Qualification,U19 Women,finished,2025-07-28 12:11:46 UTC,/api/v1/category_rounds/9836/results,boulder_one_group_ifsc_2025_two_courses,IFSC: 2 Courses 2025 (points),4,,,,,,,17172,A2,/api/v1/routes/17172/startlist,
/api/v1/events/1418/result/780,1418,full_results_url,IFSC Youth World Championships Helsinki 2025,BOULDER U19 Women,finished,2025-10-02 07:18:43 UTC,2026-04-22 08:24:07 UTC,,9836,boulder,Qualification,U19 Women,finished,2025-07-28 12:11:46 UTC,/api/v1/category_rounds/9836/results,boulder_one_group_ifsc_2025_two_courses,IFSC: 2 Courses 2025 (points),4,,,,,,,17173,A3,/api/v1/routes/17173/startlist,
/api/v1/events/1418/result/780,1418,full_results_url,IFSC Youth World Championships Helsinki 2025,BOULDER U19 Women,finished,2025-10-02 07:18:43 UTC,2026-04-22 08:24:07 UTC,,9836,boulder,Qualification,U19 Women,finished,2025-07-28 12:11:46 UTC,/api/v1/category_rounds/9836/results,boulder_one_group_ifsc_2025_two_courses,IFSC: 2 Courses 2025 (points),4,,,,,,,17174,B1,/api/v1/routes/17174/startlist,
/api/v1/events/1418/result/780,1418,full_results_url,IFSC Youth World Championships Helsinki 2025,BOULDER U19 Women,finished,2025-10-02 07:18:43 UTC,2026-04-22 08:24:07 UTC,,9836,boulder,Qualification,U19 Women,finished,2025-07-28 12:11:46 UTC,/api/v1/category_rounds/9836/results,boulder_one_group_ifsc_2025_two_courses,IFSC: 2 Courses 2025 (points),4,,,,,,,17175,B2,/api/v1/routes/17175/startlist,
/api/v1/events/1418/result/780,1418,full_results_url,IFSC Youth World Championships Helsinki 2025,BOULDER U19 Women,finished,2025-10-02 07:18:43 UTC,2026-04-22 08:24:07 UTC,,9836,boulder,Qualification,U19 Women,finished,2025-07-28 12:11:46 UTC,/api/v1/category_rounds/9836/results,boulder_one_group_ifsc_2025_two_courses,IFSC: 2 Courses 2025 (points),4,,,,,,,17176,B3,/api/v1/routes/17176/startlist,
/api/v1/events/1418/result/780,1418,full_results_url,IFSC Youth World Championships Helsinki 2025,BOULDER U19 Women,finished,2025-10-02 07:18:43 UTC,2026-04-22 08:24:07 UTC,,10152,boulder,Semi-Final,U19 Women,finished,2025-07-29 19:06:18 UTC,/api/v1/category_rounds/10152/results,boulder_one_group_ifsc_2025,IFSC: 1 group 2025 (points),5,,,,,,,17131,1,/api/v1/routes/17131/startlist,
/api/v1/events/1418/result/780,1418,full_results_url,IFSC Youth World Championships Helsinki 2025,BOULDER U19 Women,finished,2025-10-02 07:18:43 UTC,2026-04-22 08:24:07 UTC,,10152,boulder,Semi-Final,U19 Women,finished,2025-07-29 19:06:18 UTC,/api/v1/category_rounds/10152/results,boulder_one_group_ifsc_2025,IFSC: 1 group 2025 (points),5,,,,,,,17132,2,/api/v1/routes/17132/startlist,
/api/v1/events/1418/result/780,1418,full_results_url,IFSC Youth World Championships Helsinki 2025,BOULDER U19 Women,finished,2025-10-02 07:18:43 UTC,2026-04-22 08:24:07 UTC,,10152,boulder,Semi-Final,U19 Women,finished,2025-07-29 19:06:18 UTC,/api/v1/category_rounds/10152/results,boulder_one_group_ifsc_2025,IFSC: 1 group 2025 (points),5,,,,,,,17133,3,/api/v1/routes/17133/startlist,
/api/v1/events/1418/result/780,1418,full_results_url,IFSC Youth World Championships Helsinki 2025,BOULDER U19 Women,finished,2025-10-02 07:18:43 UTC,2026-04-22 08:24:07 UTC,,10152,boulder,Semi-Final,U19 Women,finished,2025-07-29 19:06:18 UTC,/api/v1/category_rounds/10152/results,boulder_one_group_ifsc_2025,IFSC: 1 group 2025 (points),5,,,,,,,17134,4,/api/v1/routes/17134/startlist,
/api/v1/events/1418/result/780,1418,full_results_url,IFSC Youth World Championships Helsinki 2025,BOULDER U19 Women,finished,2025-10-02 07:18:43 UTC,2026-04-22 08:24:07 UTC,,10156,boulder,Final,U19 Women,finished,2025-07-30 16:04:05 UTC,/api/v1/category_rounds/10156/results,boulder_finals_ifsc_2025,IFSC: finals 2025 (points),6,,,,,,,17147,1,/api/v1/routes/17147/startlist,
/api/v1/events/1418/result/780,1418,full_results_url,IFSC Youth World Championships Helsinki 2025,BOULDER U19 Women,finished,2025-10-02 07:18:43 UTC,2026-04-22 08:24:07 UTC,,10156,boulder,Final,U19 Women,finished,2025-07-30 16:04:05 UTC,/api/v1/category_rounds/10156/results,boulder_finals_ifsc_2025,IFSC: finals 2025 (points),6,,,,,,,17148,2,/api/v1/routes/17148/startlist,
/api/v1/events/1418/result/780,1418,full_results_url,IFSC Youth World Championships Helsinki 2025,BOULDER U19 Women,finished,2025-10-02 07:18:43 UTC,2026-04-22 08:24:07 UTC,,10156,boulder,Final,U19 Women,finished,2025-07-30 16:04:05 UTC,/api/v1/category_rounds/10156/results,boulder_finals_ifsc_2025,IFSC: finals 2025 (points),6,,,,,,,17149,3,/api/v1/routes/17149/startlist,
/api/v1/events/1418/result/780,1418,full_results_url,IFSC Youth World Championships Helsinki 2025,BOULDER U19 Women,finished,2025-10-02 07:18:43 UTC,2026-04-22 08:24:07 UTC,,10156,boulder,Final,U19 Women,finished,2025-07-30 16:04:05 UTC,/api/v1/category_rounds/10156/results,boulder_finals_ifsc_2025,IFSC: finals 2025 (points),6,,,,,,,17150,4,/api/v1/routes/17150/startlist,
/api/v1/events/1418/result/785,1418,full_results_url,IFSC Youth World Championships Helsinki 2025,BOULDER U17 Men,finished,2025-10-02 07:18:43 UTC,2026-04-22 08:24:11 UTC,,9837,boulder,Qualification,U17 Men,finished,2025-07-29 13:30:59 UTC,/api/v1/category_rounds/9837/results,boulder_one_group_ifsc_2025_two_courses,IFSC: 2 Courses 2025 (points),4,,,,,,,17159,A1,/api/v1/routes/17159/startlist,
/api/v1/events/1418/result/785,1418,full_results_url,IFSC Youth World Championships Helsinki 2025,BOULDER U17 Men,finished,2025-10-02 07:18:43 UTC,2026-04-22 08:24:11 UTC,,9837,boulder,Qualification,U17 Men,finished,2025-07-29 13:30:59 UTC,/api/v1/category_rounds/9837/results,boulder_one_group_ifsc_2025_two_courses,IFSC: 2 Courses 2025 (points),4,,,,,,,17160,A2,/api/v1/routes/17160/startlist,
/api/v1/events/1418/result/785,1418,full_results_url,IFSC Youth World Championships Helsinki 2025,BOULDER U17 Men,finished,2025-10-02 07:18:43 UTC,2026-04-22 08:24:11 UTC,,9837,boulder,Qualification,U17 Men,finished,2025-07-29 13:30:59 UTC,/api/v1/category_rounds/9837/results,boulder_one_group_ifsc_2025_two_courses,IFSC: 2 Courses 2025 (points),4,,,,,,,17161,A3,/api/v1/routes/17161/startlist,
/api/v1/events/1418/result/785,1418,full_results_url,IFSC Youth World Championships Helsinki 2025,BOULDER U17 Men,finished,2025-10-02 07:18:43 UTC,2026-04-22 08:24:11 UTC,,9837,boulder,Qualification,U17 Men,finished,2025-07-29 13:30:59 UTC,/api/v1/category_rounds/9837/results,boulder_one_group_ifsc_2025_two_courses,IFSC: 2 Courses 2025 (points),4,,,,,,,17162,B1,/api/v1/routes/17162/startlist,
/api/v1/events/1418/result/785,1418,full_results_url,IFSC Youth World Championships Helsinki 2025,BOULDER U17 Men,finished,2025-10-02 07:18:43 UTC,2026-04-22 08:24:11 UTC,,9837,boulder,Qualification,U17 Men,finished,2025-07-29 13:30:59 UTC,/api/v1/category_rounds/9837/results,boulder_one_group_ifsc_2025_two_courses,IFSC: 2 Courses 2025 (points),4,,,,,,,17163,B2,/api/v1/routes/17163/startlist,
/api/v1/events/1418/result/785,1418,full_results_url,IFSC Youth World Championships Helsinki 2025,BOULDER U17 Men,finished,2025-10-02 07:18:43 UTC,2026-04-22 08:24:11 UTC,,9837,boulder,Qualification,U17 Men,finished,2025-07-29 13:30:59 UTC,/api/v1/category_rounds/9837/results,boulder_one_group_ifsc_2025_two_courses,IFSC: 2 Courses 2025 (points),4,,,,,,,17164,B3,/api/v1/routes/17164/startlist,
/api/v1/events/1418/result/785,1418,full_results_url,IFSC Youth World Championships Helsinki 2025,BOULDER U17 Men,finished,2025-10-02 07:18:43 UTC,2026-04-22 08:24:11 UTC,,10153,boulder,Semi-Final,U17 Men,finished,2025-07-30 09:08:41 UTC,/api/v1/category_rounds/10153/results,boulder_one_group_ifsc_2025,IFSC: 1 group 2025 (points),5,,,,,,,17135,1,/api/v1/routes/17135/startlist,
/api/v1/events/1418/result/785,1418,full_results_url,IFSC Youth World Championships Helsinki 2025,BOULDER U17 Men,finished,2025-10-02 07:18:43 UTC,2026-04-22 08:24:11 UTC,,10153,boulder,Semi-Final,U17 Men,finished,2025-07-30 09:08:41 UTC,/api/v1/category_rounds/10153/results,boulder_one_group_ifsc_2025,IFSC: 1 group 2025 (points),5,,,,,,,17136,2,/api/v1/routes/17136/startlist,
/api/v1/events/1418/result/785,1418,full_results_url,IFSC Youth World Championships Helsinki 2025,BOULDER U17 Men,finished,2025-10-02 07:18:43 UTC,2026-04-22 08:24:11 UTC,,10153,boulder,Semi-Final,U17 Men,finished,2025-07-30 09:08:41 UTC,/api/v1/category_rounds/10153/results,boulder_one_group_ifsc_2025,IFSC: 1 group 2025 (points),5,,,,,,,17137,3,/api/v1/routes/17137/startlist,
/api/v1/events/1418/result/785,1418,full_results_url,IFSC Youth World Championships Helsinki 2025,BOULDER U17 Men,finished,2025-10-02 07:18:43 UTC,2026-04-22 08:24:11 UTC,,10153,boulder,Semi-Final,U17 Men,finished,2025-07-30 09:08:41 UTC,/api/v1/category_rounds/10153/results,boulder_one_group_ifsc_2025,IFSC: 1 group 2025 (points),5,,,,,,,17138,4,/api/v1/routes/17138/startlist,
/api/v1/events/1418/result/785,1418,full_results_url,IFSC Youth World Championships Helsinki 2025,BOULDER U17 Men,finished,2025-10-02 07:18:43 UTC,2026-04-22 08:24:11 UTC,,10157,boulder,Final,U17 Men,finished,2025-07-30 19:07:04 UTC,/api/v1/category_rounds/10157/results,boulder_finals_ifsc_2025,IFSC: finals 2025 (points),6,,,,,,,17151,1,/api/v1/routes/17151/startlist,
/api/v1/events/1418/result/785,1418,full_results_url,IFSC Youth World Championships Helsinki 2025,BOULDER U17 Men,finished,2025-10-02 07:18:43 UTC,2026-04-22 08:24:11 UTC,,10157,boulder,Final,U17 Men,finished,2025-07-30 19:07:04 UTC,/api/v1/category_rounds/10157/results,boulder_finals_ifsc_2025,IFSC: finals 2025 (points),6,,,,,,,17152,2,/api/v1/routes/17152/startlist,
/api/v1/events/1418/result/785,1418,full_results_url,IFSC Youth World Championships Helsinki 2025,BOULDER U17 Men,finished,2025-10-02 07:18:43 UTC,2026-04-22 08:24:11 UTC,,10157,boulder,Final,U17 Men,finished,2025-07-30 19:07:04 UTC,/api/v1/category_rounds/10157/results,boulder_finals_ifsc_2025,IFSC: finals 2025 (points),6,,,,,,,17153,3,/api/v1/routes/17153/startlist,
/api/v1/events/1418/result/785,1418,full_results_url,IFSC Youth World Championships Helsinki 2025,BOULDER U17 Men,finished,2025-10-02 07:18:43 UTC,2026-04-22 08:24:11 UTC,,10157,boulder,Final,U17 Men,finished,2025-07-30 19:07:04 UTC,/api/v1/category_rounds/10157/results,boulder_finals_ifsc_2025,IFSC: finals 2025 (points),6,,,,,,,17154,4,/api/v1/routes/17154/startlist,
/api/v1/events/1418/result/790,1418,full_results_url,IFSC Youth World Championships Helsinki 2025,BOULDER U17 Women,finished,2025-10-02 07:18:43 UTC,2026-04-22 08:24:15 UTC,,9838,boulder,Qualification,U17 Women,finished,2025-07-29 13:20:32 UTC,/api/v1/category_rounds/9838/results,boulder_one_group_ifsc_2025_two_courses,IFSC: 2 Courses 2025 (points),4,,,,,,,17177,A1,/api/v1/routes/17177/startlist,
/api/v1/events/1418/result/790,1418,full_results_url,IFSC Youth World Championships Helsinki 2025,BOULDER U17 Women,finished,2025-10-02 07:18:43 UTC,2026-04-22 08:24:15 UTC,,9838,boulder,Qualification,U17 Women,finished,2025-07-29 13:20:32 UTC,/api/v1/category_rounds/9838/results,boulder_one_group_ifsc_2025_two_courses,IFSC: 2 Courses 2025 (points),4,,,,,,,17178,A2,/api/v1/routes/17178/startlist,
/api/v1/events/1418/result/790,1418,full_results_url,IFSC Youth World Championships Helsinki 2025,BOULDER U17 Women,finished,2025-10-02 07:18:43 UTC,2026-04-22 08:24:15 UTC,,9838,boulder,Qualification,U17 Women,finished,2025-07-29 13:20:32 UTC,/api/v1/category_rounds/9838/results,boulder_one_group_ifsc_2025_two_courses,IFSC: 2 Courses 2025 (points),4,,,,,,,17179,A3,/api/v1/routes/17179/startlist,
/api/v1/events/1418/result/790,1418,full_results_url,IFSC Youth World Championships Helsinki 2025,BOULDER U17 Women,finished,2025-10-02 07:18:43 UTC,2026-04-22 08:24:15 UTC,,9838,boulder,Qualification,U17 Women,finished,2025-07-29 13:20:32 UTC,/api/v1/category_rounds/9838/results,boulder_one_group_ifsc_2025_two_courses,IFSC: 2 Courses 2025 (points),4,,,,,,,17180,B1,/api/v1/routes/17180/startlist,
/api/v1/events/1418/result/790,1418,full_results_url,IFSC Youth World Championships Helsinki 2025,BOULDER U17 Women,finished,2025-10-02 07:18:43 UTC,2026-04-22 08:24:15 UTC,,9838,boulder,Qualification,U17 Women,finished,2025-07-29 13:20:32 UTC,/api/v1/category_rounds/9838/results,boulder_one_group_ifsc_2025_two_courses,IFSC: 2 Courses 2025 (points),4,,,,,,,17181,B2,/api/v1/routes/17181/startlist,
/api/v1/events/1418/result/790,1418,full_results_url,IFSC Youth World Championships Helsinki 2025,BOULDER U17 Women,finished,2025-10-02 07:18:43 UTC,2026-04-22 08:24:15 UTC,,9838,boulder,Qualification,U17 Women,finished,2025-07-29 13:20:32 UTC,/api/v1/category_rounds/9838/results,boulder_one_group_ifsc_2025_two_courses,IFSC: 2 Courses 2025 (points),4,,,,,,,17182,B3,/api/v1/routes/17182/startlist,
/api/v1/events/1418/result/790,1418,full_results_url,IFSC Youth World Championships Helsinki 2025,BOULDER U17 Women,finished,2025-10-02 07:18:43 UTC,2026-04-22 08:24:15 UTC,,10154,boulder,Semi-Final,U17 Women,finished,2025-07-30 09:02:17 UTC,/api/v1/category_rounds/10154/results,boulder_one_group_ifsc_2025,IFSC: 1 group 2025 (points),5,,,,,,,17139,1,/api/v1/routes/17139/startlist,
/api/v1/events/1418/result/790,1418,full_results_url,IFSC Youth World Championships Helsinki 2025,BOULDER U17 Women,finished,2025-10-02 07:18:43 UTC,2026-04-22 08:24:15 UTC,,10154,boulder,Semi-Final,U17 Women,finished,2025-07-30 09:02:17 UTC,/api/v1/category_rounds/10154/results,boulder_one_group_ifsc_2025,IFSC: 1 group 2025 (points),5,,,,,,,17140,2,/api/v1/routes/17140/startlist,
/api/v1/events/1418/result/790,1418,full_results_url,IFSC Youth World Championships Helsinki 2025,BOULDER U17 Women,finished,2025-10-02 07:18:43 UTC,2026-04-22 08:24:15 UTC,,10154,boulder,Semi-Final,U17 Women,finished,2025-07-30 09:02:17 UTC,/api/v1/category_rounds/10154/results,boulder_one_group_ifsc_2025,IFSC: 1 group 2025 (points),5,,,,,,,17141,3,/api/v1/routes/17141/startlist,
/api/v1/events/1418/result/790,1418,full_results_url,IFSC Youth World Championships Helsinki 2025,BOULDER U17 Women,finished,2025-10-02 07:18:43 UTC,2026-04-22 08:24:15 UTC,,10154,boulder,Semi-Final,U17 Women,finished,2025-07-30 09:02:17 UTC,/api/v1/category_rounds/10154/results,boulder_one_group_ifsc_2025,IFSC: 1 group 2025 (points),5,,,,,,,17142,4,/api/v1/routes/17142/startlist,
/api/v1/events/1418/result/790,1418,full_results_url,IFSC Youth World Championships Helsinki 2025,BOULDER U17 Women,finished,2025-10-02 07:18:43 UTC,2026-04-22 08:24:15 UTC,,10158,boulder,Final,U17 Women,finished,2025-07-30 19:06:29 UTC,/api/v1/category_rounds/10158/results,boulder_finals_ifsc_2025,IFSC: finals 2025 (points),6,,,,,,,17155,1,/api/v1/routes/17155/startlist,
/api/v1/events/1418/result/790,1418,full_results_url,IFSC Youth World Championships Helsinki 2025,BOULDER U17 Women,finished,2025-10-02 07:18:43 UTC,2026-04-22 08:24:15 UTC,,10158,boulder,Final,U17 Women,finished,2025-07-30 19:06:29 UTC,/api/v1/category_rounds/10158/results,boulder_finals_ifsc_2025,IFSC: finals 2025 (points),6,,,,,,,17156,2,/api/v1/routes/17156/startlist,
/api/v1/events/1418/result/790,1418,full_results_url,IFSC Youth World Championships Helsinki 2025,BOULDER U17 Women,finished,2025-10-02 07:18:43 UTC,2026-04-22 08:24:15 UTC,,10158,boulder,Final,U17 Women,finished,2025-07-30 19:06:29 UTC,/api/v1/category_rounds/10158/results,boulder_finals_ifsc_2025,IFSC: finals 2025 (points),6,,,,,,,17157,3,/api/v1/routes/17157/startlist,
/api/v1/events/1418/result/790,1418,full_results_url,IFSC Youth World Championships Helsinki 2025,BOULDER U17 Women,finished,2025-10-02 07:18:43 UTC,2026-04-22 08:24:15 UTC,,10158,boulder,Final,U17 Women,finished,2025-07-30 19:06:29 UTC,/api/v1/category_rounds/10158/results,boulder_finals_ifsc_2025,IFSC: finals 2025 (points),6,,,,,,,17158,4,/api/v1/routes/17158/startlist,
/api/v1/events/1419/result/314,1419,full_results_url,The World Games Chengdu 2025,SPEED Men,active,2026-05-12 11:58:46 UTC,2026-05-12 16:27:34 UTC,,9437,speed,Qualification,Men,finished,2026-05-12 16:15:32 UTC,/api/v1/category_rounds/9437/results,speed_qualification_ifsc_2025,IFSC 2025: Qualification,31,,,,,,,19794,A,/api/v1/routes/19794/startlist,
/api/v1/events/1419/result/314,1419,full_results_url,The World Games Chengdu 2025,SPEED Men,active,2026-05-12 11:58:46 UTC,2026-05-12 16:27:34 UTC,,9437,speed,Qualification,Men,finished,2026-05-12 16:15:32 UTC,/api/v1/category_rounds/9437/results,speed_qualification_ifsc_2025,IFSC 2025: Qualification,31,,,,,,,19795,B,/api/v1/routes/19795/startlist,
/api/v1/events/1419/result/314,1419,full_results_url,The World Games Chengdu 2025,SPEED Men,active,2026-05-12 11:58:46 UTC,2026-05-12 16:27:34 UTC,,10813,speed,Final,Men,finished,2026-05-12 16:28:26 UTC,/api/v1/category_rounds/10813/results,speed_elimination_ifsc_2023,IFSC 2023+: Elimination,33,,,,,,,19790,A,/api/v1/routes/19790/startlist,
/api/v1/events/1419/result/314,1419,full_results_url,The World Games Chengdu 2025,SPEED Men,active,2026-05-12 11:58:46 UTC,2026-05-12 16:27:34 UTC,,10813,speed,Final,Men,finished,2026-05-12 16:28:26 UTC,/api/v1/category_rounds/10813/results,speed_elimination_ifsc_2023,IFSC 2023+: Elimination,33,,,,,,,19791,B,/api/v1/routes/19791/startlist,
/api/v1/events/1419/result/334,1419,full_results_url,The World Games Chengdu 2025,SPEED Women,active,2026-05-12 12:39:17 UTC,2026-05-12 13:07:22 UTC,,9442,speed,Qualification,Women,finished,2026-05-12 13:01:28 UTC,/api/v1/category_rounds/9442/results,speed_qualification_ifsc_2025,IFSC 2025: Qualification,31,,,,,,,19796,A,/api/v1/routes/19796/startlist,
/api/v1/events/1419/result/334,1419,full_results_url,The World Games Chengdu 2025,SPEED Women,active,2026-05-12 12:39:17 UTC,2026-05-12 13:07:22 UTC,,9442,speed,Qualification,Women,finished,2026-05-12 13:01:28 UTC,/api/v1/category_rounds/9442/results,speed_qualification_ifsc_2025,IFSC 2025: Qualification,31,,,,,,,19797,B,/api/v1/routes/19797/startlist,
/api/v1/events/1419/result/334,1419,full_results_url,The World Games Chengdu 2025,SPEED Women,active,2026-05-12 12:39:17 UTC,2026-05-12 13:07:22 UTC,,10814,speed,Final,Women,finished,2026-05-12 13:07:40 UTC,/api/v1/category_rounds/10814/results,speed_elimination_ifsc_2023,IFSC 2023+: Elimination,33,,,,,,,19792,A,/api/v1/routes/19792/startlist,
/api/v1/events/1419/result/334,1419,full_results_url,The World Games Chengdu 2025,SPEED Women,active,2026-05-12 12:39:17 UTC,2026-05-12 13:07:22 UTC,,10814,speed,Final,Women,finished,2026-05-12 13:07:40 UTC,/api/v1/category_rounds/10814/results,speed_elimination_ifsc_2023,IFSC 2023+: Elimination,33,,,,,,,19793,B,/api/v1/routes/19793/startlist,
/api/v1/events/1444/result/824,1444,full_results_url,IFSC Youth European Cup St. Pölten 2025,SPEED U19 Men,finished,2025-10-02 07:18:43 UTC,2026-04-22 08:24:19 UTC,,9794,speed,Qualification,U19 Men,finished,2025-08-16 18:06:22 UTC,/api/v1/category_rounds/9794/results,speed_staggered_tolerate_false_start,IFSC-E: Qualification (Tolerate FS),19,,,,,,,15465,A,/api/v1/routes/15465/startlist,
/api/v1/events/1444/result/824,1444,full_results_url,IFSC Youth European Cup St. Pölten 2025,SPEED U19 Men,finished,2025-10-02 07:18:43 UTC,2026-04-22 08:24:19 UTC,,9794,speed,Qualification,U19 Men,finished,2025-08-16 18:06:22 UTC,/api/v1/category_rounds/9794/results,speed_staggered_tolerate_false_start,IFSC-E: Qualification (Tolerate FS),19,,,,,,,15466,B,/api/v1/routes/15466/startlist,
/api/v1/events/1444/result/824,1444,full_results_url,IFSC Youth European Cup St. Pölten 2025,SPEED U19 Men,finished,2025-10-02 07:18:43 UTC,2026-04-22 08:24:19 UTC,,10129,speed,Final,U19 Men,finished,2025-08-16 19:03:13 UTC,/api/v1/category_rounds/10129/results,speed_elimination_ifsc_2023,IFSC 2023+: Elimination,21,,,,,,,17087,A,/api/v1/routes/17087/startlist,
/api/v1/events/1444/result/824,1444,full_results_url,IFSC Youth European Cup St. Pölten 2025,SPEED U19 Men,finished,2025-10-02 07:18:43 UTC,2026-04-22 08:24:19 UTC,,10129,speed,Final,U19 Men,finished,2025-08-16 19:03:13 UTC,/api/v1/category_rounds/10129/results,speed_elimination_ifsc_2023,IFSC 2023+: Elimination,21,,,,,,,17088,B,/api/v1/routes/17088/startlist,
/api/v1/events/1444/result/829,1444,full_results_url,IFSC Youth European Cup St. Pölten 2025,SPEED U19 Women,finished,2025-10-02 07:18:43 UTC,2026-04-22 08:24:22 UTC,,9795,speed,Qualification,U19 Women,finished,2025-08-16 14:19:07 UTC,/api/v1/category_rounds/9795/results,speed_staggered_tolerate_false_start,IFSC-E: Qualification (Tolerate FS),19,,,,,,,15467,A,/api/v1/routes/15467/startlist,
/api/v1/events/1444/result/829,1444,full_results_url,IFSC Youth European Cup St. Pölten 2025,SPEED U19 Women,finished,2025-10-02 07:18:43 UTC,2026-04-22 08:24:22 UTC,,9795,speed,Qualification,U19 Women,finished,2025-08-16 14:19:07 UTC,/api/v1/category_rounds/9795/results,speed_staggered_tolerate_false_start,IFSC-E: Qualification (Tolerate FS),19,,,,,,,15468,B,/api/v1/routes/15468/startlist,
/api/v1/events/1444/result/829,1444,full_results_url,IFSC Youth European Cup St. Pölten 2025,SPEED U19 Women,finished,2025-10-02 07:18:43 UTC,2026-04-22 08:24:22 UTC,,10130,speed,Final,U19 Women,finished,2025-08-16 19:02:15 UTC,/api/v1/category_rounds/10130/results,speed_elimination_ifsc_2023,IFSC 2023+: Elimination,21,,,,,,,17089,A,/api/v1/routes/17089/startlist,
/api/v1/events/1444/result/829,1444,full_results_url,IFSC Youth European Cup St. Pölten 2025,SPEED U19 Women,finished,2025-10-02 07:18:43 UTC,2026-04-22 08:24:22 UTC,,10130,speed,Final,U19 Women,finished,2025-08-16 19:02:15 UTC,/api/v1/category_rounds/10130/results,speed_elimination_ifsc_2023,IFSC 2023+: Elimination,21,,,,,,,17090,B,/api/v1/routes/17090/startlist,
/api/v1/events/1444/result/834,1444,full_results_url,IFSC Youth European Cup St. Pölten 2025,SPEED U17 Men,finished,2025-10-02 07:18:43 UTC,2026-04-22 08:24:25 UTC,,9796,speed,Qualification,U17 Men,finished,2025-08-16 13:51:06 UTC,/api/v1/category_rounds/9796/results,speed_staggered_tolerate_false_start,IFSC-E: Qualification (Tolerate FS),19,,,,,,,15469,A,/api/v1/routes/15469/startlist,
/api/v1/events/1444/result/834,1444,full_results_url,IFSC Youth European Cup St. Pölten 2025,SPEED U17 Men,finished,2025-10-02 07:18:43 UTC,2026-04-22 08:24:25 UTC,,9796,speed,Qualification,U17 Men,finished,2025-08-16 13:51:06 UTC,/api/v1/category_rounds/9796/results,speed_staggered_tolerate_false_start,IFSC-E: Qualification (Tolerate FS),19,,,,,,,15470,B,/api/v1/routes/15470/startlist,
/api/v1/events/1444/result/839,1444,full_results_url,IFSC Youth European Cup St. Pölten 2025,SPEED U17 Women,finished,2025-10-02 07:18:43 UTC,2026-04-22 08:24:30 UTC,,9797,speed,Qualification,U17 Women,finished,2025-08-16 13:31:33 UTC,/api/v1/category_rounds/9797/results,speed_staggered_tolerate_false_start,IFSC-E: Qualification (Tolerate FS),19,,,,,,,15471,A,/api/v1/routes/15471/startlist,
/api/v1/events/1444/result/839,1444,full_results_url,IFSC Youth European Cup St. Pölten 2025,SPEED U17 Women,finished,2025-10-02 07:18:43 UTC,2026-04-22 08:24:30 UTC,,9797,speed,Qualification,U17 Women,finished,2025-08-16 13:31:33 UTC,/api/v1/category_rounds/9797/results,speed_staggered_tolerate_false_start,IFSC-E: Qualification (Tolerate FS),19,,,,,,,15472,B,/api/v1/routes/15472/startlist,
/api/v1/events/1432/result/226,1432,full_results_url,IFSC European Cup St. Pölten 2025,SPEED Men,finished,2025-10-02 07:18:42 UTC,2026-04-22 08:24:32 UTC,,9530,speed,Qualification,Men,finished,2025-08-17 10:24:00 UTC,/api/v1/category_rounds/9530/results,speed_qualification_ifsc_2025,IFSC 2025: Qualification,16,,,,,,,17230,A,/api/v1/routes/17230/startlist,
/api/v1/events/1432/result/226,1432,full_results_url,IFSC European Cup St. Pölten 2025,SPEED Men,finished,2025-10-02 07:18:42 UTC,2026-04-22 08:24:32 UTC,,9530,speed,Qualification,Men,finished,2025-08-17 10:24:00 UTC,/api/v1/category_rounds/9530/results,speed_qualification_ifsc_2025,IFSC 2025: Qualification,16,,,,,,,17231,B,/api/v1/routes/17231/startlist,
/api/v1/events/1432/result/226,1432,full_results_url,IFSC European Cup St. Pölten 2025,SPEED Men,finished,2025-10-02 07:18:42 UTC,2026-04-22 08:24:32 UTC,,10127,speed,Final,Men,finished,2025-08-17 12:18:37 UTC,/api/v1/category_rounds/10127/results,speed_elimination_ifsc_2023,IFSC 2023+: Elimination,18,,,,,,,17083,A,/api/v1/routes/17083/startlist,
/api/v1/events/1432/result/226,1432,full_results_url,IFSC European Cup St. Pölten 2025,SPEED Men,finished,2025-10-02 07:18:42 UTC,2026-04-22 08:24:32 UTC,,10127,speed,Final,Men,finished,2025-08-17 12:18:37 UTC,/api/v1/category_rounds/10127/results,speed_elimination_ifsc_2023,IFSC 2023+: Elimination,18,,,,,,,17084,B,/api/v1/routes/17084/startlist,
/api/v1/events/1432/result/230,1432,full_results_url,IFSC European Cup St. Pölten 2025,SPEED Women,finished,2025-10-02 07:18:42 UTC,2026-04-22 08:24:36 UTC,,9531,speed,Qualification,Women,finished,2025-08-17 09:40:43 UTC,/api/v1/category_rounds/9531/results,speed_qualification_ifsc_2025,IFSC 2025: Qualification,16,,,,,,,17232,A,/api/v1/routes/17232/startlist,
/api/v1/events/1432/result/230,1432,full_results_url,IFSC European Cup St. Pölten 2025,SPEED Women,finished,2025-10-02 07:18:42 UTC,2026-04-22 08:24:36 UTC,,9531,speed,Qualification,Women,finished,2025-08-17 09:40:43 UTC,/api/v1/category_rounds/9531/results,speed_qualification_ifsc_2025,IFSC 2025: Qualification,16,,,,,,,17233,B,/api/v1/routes/17233/startlist,
/api/v1/events/1432/result/230,1432,full_results_url,IFSC European Cup St. Pölten 2025,SPEED Women,finished,2025-10-02 07:18:42 UTC,2026-04-22 08:24:36 UTC,,10128,speed,Final,Women,finished,2025-08-17 12:17:12 UTC,/api/v1/category_rounds/10128/results,speed_elimination_ifsc_2023,IFSC 2023+: Elimination,18,,,,,,,17085,A,/api/v1/routes/17085/startlist,
/api/v1/events/1432/result/230,1432,full_results_url,IFSC European Cup St. Pölten 2025,SPEED Women,finished,2025-10-02 07:18:42 UTC,2026-04-22 08:24:36 UTC,,10128,speed,Final,Women,finished,2025-08-17 12:17:12 UTC,/api/v1/category_rounds/10128/results,speed_elimination_ifsc_2023,IFSC 2023+: Elimination,18,,,,,,,17086,B,/api/v1/routes/17086/startlist,
/api/v1/events/1468/result/793,1468,full_results_url,IFSC Youth Asian Championships Guiyang 2025,LEAD U19 Men,finished,2025-10-02 07:18:43 UTC,2026-04-22 08:24:39 UTC,,10053,lead,Qualification,U19 Men,finished,2025-08-23 03:17:34 UTC,/api/v1/category_rounds/10053/results,lead_one_group_two_routes,IFSC: 2 routes,13,,,,,,,16716,1,/api/v1/routes/16716/startlist,/api/v1/routes/16716/results
/api/v1/events/1468/result/793,1468,full_results_url,IFSC Youth Asian Championships Guiyang 2025,LEAD U19 Men,finished,2025-10-02 07:18:43 UTC,2026-04-22 08:24:39 UTC,,10053,lead,Qualification,U19 Men,finished,2025-08-23 03:17:34 UTC,/api/v1/category_rounds/10053/results,lead_one_group_two_routes,IFSC: 2 routes,13,,,,,,,16717,2,/api/v1/routes/16717/startlist,/api/v1/routes/16717/results
/api/v1/events/1468/result/793,1468,full_results_url,IFSC Youth Asian Championships Guiyang 2025,LEAD U19 Men,finished,2025-10-02 07:18:43 UTC,2026-04-22 08:24:39 UTC,,10206,lead,Final,U19 Men,finished,2025-08-24 12:23:38 UTC,/api/v1/category_rounds/10206/results,lead_one_group_one_route,IFSC: 1 route,15,,,,,,,17258,1,/api/v1/routes/17258/startlist,/api/v1/routes/17258/results
/api/v1/events/1468/result/798,1468,full_results_url,IFSC Youth Asian Championships Guiyang 2025,LEAD U19 Women,finished,2025-10-02 07:18:43 UTC,2026-04-22 08:24:43 UTC,,10054,lead,Qualification,U19 Women,finished,2025-08-23 03:24:56 UTC,/api/v1/category_rounds/10054/results,lead_one_group_two_routes,IFSC: 2 routes,13,,,,,,,16718,1,/api/v1/routes/16718/startlist,/api/v1/routes/16718/results
/api/v1/events/1468/result/798,1468,full_results_url,IFSC Youth Asian Championships Guiyang 2025,LEAD U19 Women,finished,2025-10-02 07:18:43 UTC,2026-04-22 08:24:43 UTC,,10054,lead,Qualification,U19 Women,finished,2025-08-23 03:24:56 UTC,/api/v1/category_rounds/10054/results,lead_one_group_two_routes,IFSC: 2 routes,13,,,,,,,16719,2,/api/v1/routes/16719/startlist,/api/v1/routes/16719/results
/api/v1/events/1468/result/798,1468,full_results_url,IFSC Youth Asian Championships Guiyang 2025,LEAD U19 Women,finished,2025-10-02 07:18:43 UTC,2026-04-22 08:24:43 UTC,,10207,lead,Final,U19 Women,finished,2025-08-24 11:18:29 UTC,/api/v1/category_rounds/10207/results,lead_one_group_one_route,IFSC: 1 route,15,,,,,,,17259,1,/api/v1/routes/17259/startlist,/api/v1/routes/17259/results
/api/v1/events/1468/result/803,1468,full_results_url,IFSC Youth Asian Championships Guiyang 2025,LEAD U17 Men,finished,2025-10-02 07:18:44 UTC,2026-04-22 08:24:46 UTC,,10055,lead,Qualification,U17 Men,finished,2025-08-22 12:40:52 UTC,/api/v1/category_rounds/10055/results,lead_one_group_two_routes,IFSC: 2 routes,13,,,,,,,16720,1,/api/v1/routes/16720/startlist,/api/v1/routes/16720/results
/api/v1/events/1468/result/803,1468,full_results_url,IFSC Youth Asian Championships Guiyang 2025,LEAD U17 Men,finished,2025-10-02 07:18:44 UTC,2026-04-22 08:24:46 UTC,,10055,lead,Qualification,U17 Men,finished,2025-08-22 12:40:52 UTC,/api/v1/category_rounds/10055/results,lead_one_group_two_routes,IFSC: 2 routes,13,,,,,,,16721,2,/api/v1/routes/16721/startlist,/api/v1/routes/16721/results
/api/v1/events/1468/result/803,1468,full_results_url,IFSC Youth Asian Championships Guiyang 2025,LEAD U17 Men,finished,2025-10-02 07:18:44 UTC,2026-04-22 08:24:46 UTC,,10208,lead,Final,U17 Men,finished,2025-08-24 03:23:41 UTC,/api/v1/category_rounds/10208/results,lead_one_group_one_route,IFSC: 1 route,15,,,,,,,17260,1,/api/v1/routes/17260/startlist,/api/v1/routes/17260/results
/api/v1/events/1468/result/808,1468,full_results_url,IFSC Youth Asian Championships Guiyang 2025,LEAD U17 Women,finished,2025-10-02 07:18:44 UTC,2026-04-22 08:24:49 UTC,,10056,lead,Qualification,U17 Women,finished,2025-08-22 12:24:58 UTC,/api/v1/category_rounds/10056/results,lead_one_group_two_routes,IFSC: 2 routes,13,,,,,,,16722,1,/api/v1/routes/16722/startlist,/api/v1/routes/16722/results
/api/v1/events/1468/result/808,1468,full_results_url,IFSC Youth Asian Championships Guiyang 2025,LEAD U17 Women,finished,2025-10-02 07:18:44 UTC,2026-04-22 08:24:49 UTC,,10056,lead,Qualification,U17 Women,finished,2025-08-22 12:24:58 UTC,/api/v1/category_rounds/10056/results,lead_one_group_two_routes,IFSC: 2 routes,13,,,,,,,16723,2,/api/v1/routes/16723/startlist,/api/v1/routes/16723/results
/api/v1/events/1468/result/808,1468,full_results_url,IFSC Youth Asian Championships Guiyang 2025,LEAD U17 Women,finished,2025-10-02 07:18:44 UTC,2026-04-22 08:24:49 UTC,,10209,lead,Final,U17 Women,finished,2025-08-24 02:23:44 UTC,/api/v1/category_rounds/10209/results,lead_one_group_one_route,IFSC: 1 route,15,,,,,,,17261,1,/api/v1/routes/17261/startlist,/api/v1/routes/17261/results
/api/v1/events/1468/result/794,1468,full_results_url,IFSC Youth Asian Championships Guiyang 2025,SPEED U19 Men,finished,2025-10-02 07:18:44 UTC,2026-04-22 08:24:53 UTC,,10057,speed,Qualification,U19 Men,finished,2025-08-22 04:05:41 UTC,/api/v1/category_rounds/10057/results,speed_qualification_ifsc_2025,IFSC 2025: Qualification,13,,,,,,,16768,A,/api/v1/routes/16768/startlist,
/api/v1/events/1468/result/794,1468,full_results_url,IFSC Youth Asian Championships Guiyang 2025,SPEED U19 Men,finished,2025-10-02 07:18:44 UTC,2026-04-22 08:24:53 UTC,,10057,speed,Qualification,U19 Men,finished,2025-08-22 04:05:41 UTC,/api/v1/category_rounds/10057/results,speed_qualification_ifsc_2025,IFSC 2025: Qualification,13,,,,,,,16769,B,/api/v1/routes/16769/startlist,
/api/v1/events/1468/result/794,1468,full_results_url,IFSC Youth Asian Championships Guiyang 2025,SPEED U19 Men,finished,2025-10-02 07:18:44 UTC,2026-04-22 08:24:53 UTC,,10071,speed,Final,U19 Men,finished,2025-08-25 07:31:19 UTC,/api/v1/category_rounds/10071/results,speed_elimination_ifsc_2023,IFSC 2023+: Elimination,15,,,,,,,16776,A,/api/v1/routes/16776/startlist,
/api/v1/events/1468/result/794,1468,full_results_url,IFSC Youth Asian Championships Guiyang 2025,SPEED U19 Men,finished,2025-10-02 07:18:44 UTC,2026-04-22 08:24:53 UTC,,10071,speed,Final,U19 Men,finished,2025-08-25 07:31:19 UTC,/api/v1/category_rounds/10071/results,speed_elimination_ifsc_2023,IFSC 2023+: Elimination,15,,,,,,,16777,B,/api/v1/routes/16777/startlist,
/api/v1/events/1468/result/799,1468,full_results_url,IFSC Youth Asian Championships Guiyang 2025,SPEED U19 Women,finished,2025-10-02 07:18:44 UTC,2026-04-22 08:24:56 UTC,,10058,speed,Qualification,U19 Women,finished,2025-08-22 03:33:40 UTC,/api/v1/category_rounds/10058/results,speed_qualification_ifsc_2025,IFSC 2025: Qualification,13,,,,,,,16770,A,/api/v1/routes/16770/startlist,
/api/v1/events/1468/result/799,1468,full_results_url,IFSC Youth Asian Championships Guiyang 2025,SPEED U19 Women,finished,2025-10-02 07:18:44 UTC,2026-04-22 08:24:56 UTC,,10058,speed,Qualification,U19 Women,finished,2025-08-22 03:33:40 UTC,/api/v1/category_rounds/10058/results,speed_qualification_ifsc_2025,IFSC 2025: Qualification,13,,,,,,,16771,B,/api/v1/routes/16771/startlist,
/api/v1/events/1468/result/799,1468,full_results_url,IFSC Youth Asian Championships Guiyang 2025,SPEED U19 Women,finished,2025-10-02 07:18:44 UTC,2026-04-22 08:24:56 UTC,,10072,speed,Final,U19 Women,finished,2025-08-23 12:24:43 UTC,/api/v1/category_rounds/10072/results,speed_elimination_ifsc_2023,IFSC 2023+: Elimination,15,,,,,,,16778,A,/api/v1/routes/16778/startlist,
/api/v1/events/1468/result/799,1468,full_results_url,IFSC Youth Asian Championships Guiyang 2025,SPEED U19 Women,finished,2025-10-02 07:18:44 UTC,2026-04-22 08:24:56 UTC,,10072,speed,Final,U19 Women,finished,2025-08-23 12:24:43 UTC,/api/v1/category_rounds/10072/results,speed_elimination_ifsc_2023,IFSC 2023+: Elimination,15,,,,,,,16779,B,/api/v1/routes/16779/startlist,
/api/v1/events/1468/result/804,1468,full_results_url,IFSC Youth Asian Championships Guiyang 2025,SPEED U17 Men,finished,2025-10-02 07:18:44 UTC,2026-04-22 08:24:59 UTC,,10059,speed,Qualification,U17 Men,finished,2025-08-22 02:17:26 UTC,/api/v1/category_rounds/10059/results,speed_qualification_ifsc_2025,IFSC 2025: Qualification,13,,,,,,,16772,A,/api/v1/routes/16772/startlist,
/api/v1/events/1468/result/804,1468,full_results_url,IFSC Youth Asian Championships Guiyang 2025,SPEED U17 Men,finished,2025-10-02 07:18:44 UTC,2026-04-22 08:24:59 UTC,,10059,speed,Qualification,U17 Men,finished,2025-08-22 02:17:26 UTC,/api/v1/category_rounds/10059/results,speed_qualification_ifsc_2025,IFSC 2025: Qualification,13,,,,,,,16773,B,/api/v1/routes/16773/startlist,
/api/v1/events/1468/result/804,1468,full_results_url,IFSC Youth Asian Championships Guiyang 2025,SPEED U17 Men,finished,2025-10-02 07:18:44 UTC,2026-04-22 08:24:59 UTC,,10073,speed,Final,U17 Men,finished,2025-08-23 12:18:26 UTC,/api/v1/category_rounds/10073/results,speed_elimination_ifsc_2023,IFSC 2023+: Elimination,15,,,,,,,16780,A,/api/v1/routes/16780/startlist,
/api/v1/events/1468/result/804,1468,full_results_url,IFSC Youth Asian Championships Guiyang 2025,SPEED U17 Men,finished,2025-10-02 07:18:44 UTC,2026-04-22 08:24:59 UTC,,10073,speed,Final,U17 Men,finished,2025-08-23 12:18:26 UTC,/api/v1/category_rounds/10073/results,speed_elimination_ifsc_2023,IFSC 2023+: Elimination,15,,,,,,,16781,B,/api/v1/routes/16781/startlist,
/api/v1/events/1468/result/809,1468,full_results_url,IFSC Youth Asian Championships Guiyang 2025,SPEED U17 Women,finished,2025-10-02 07:18:44 UTC,2026-04-22 08:25:03 UTC,,10060,speed,Qualification,U17 Women,finished,2025-08-22 01:59:46 UTC,/api/v1/category_rounds/10060/results,speed_qualification_ifsc_2025,IFSC 2025: Qualification,13,,,,,,,16774,A,/api/v1/routes/16774/startlist,
/api/v1/events/1468/result/809,1468,full_results_url,IFSC Youth Asian Championships Guiyang 2025,SPEED U17 Women,finished,2025-10-02 07:18:44 UTC,2026-04-22 08:25:03 UTC,,10060,speed,Qualification,U17 Women,finished,2025-08-22 01:59:46 UTC,/api/v1/category_rounds/10060/results,speed_qualification_ifsc_2025,IFSC 2025: Qualification,13,,,,,,,16775,B,/api/v1/routes/16775/startlist,
/api/v1/events/1468/result/809,1468,full_results_url,IFSC Youth Asian Championships Guiyang 2025,SPEED U17 Women,finished,2025-10-02 07:18:44 UTC,2026-04-22 08:25:03 UTC,,10074,speed,Final,U17 Women,finished,2025-08-23 11:35:09 UTC,/api/v1/category_rounds/10074/results,speed_elimination_ifsc_2023,IFSC 2023+: Elimination,15,,,,,,,16782,A,/api/v1/routes/16782/startlist,
/api/v1/events/1468/result/809,1468,full_results_url,IFSC Youth Asian Championships Guiyang 2025,SPEED U17 Women,finished,2025-10-02 07:18:44 UTC,2026-04-22 08:25:03 UTC,,10074,speed,Final,U17 Women,finished,2025-08-23 11:35:09 UTC,/api/v1/category_rounds/10074/results,speed_elimination_ifsc_2023,IFSC 2023+: Elimination,15,,,,,,,16783,B,/api/v1/routes/16783/startlist,
/api/v1/events/1468/result/795,1468,full_results_url,IFSC Youth Asian Championships Guiyang 2025,BOULDER U19 Men,finished,2025-10-02 07:18:44 UTC,2026-04-22 08:25:06 UTC,,10061,boulder,Qualification,U19 Men,finished,2025-08-20 13:00:16 UTC,/api/v1/category_rounds/10061/results,boulder_one_group_ifsc_2025,IFSC: 1 group 2025 (points),13,,,,,,,16732,1,/api/v1/routes/16732/startlist,
/api/v1/events/1468/result/795,1468,full_results_url,IFSC Youth Asian Championships Guiyang 2025,BOULDER U19 Men,finished,2025-10-02 07:18:44 UTC,2026-04-22 08:25:06 UTC,,10061,boulder,Qualification,U19 Men,finished,2025-08-20 13:00:16 UTC,/api/v1/category_rounds/10061/results,boulder_one_group_ifsc_2025,IFSC: 1 group 2025 (points),13,,,,,,,16733,2,/api/v1/routes/16733/startlist,
/api/v1/events/1468/result/795,1468,full_results_url,IFSC Youth Asian Championships Guiyang 2025,BOULDER U19 Men,finished,2025-10-02 07:18:44 UTC,2026-04-22 08:25:06 UTC,,10061,boulder,Qualification,U19 Men,finished,2025-08-20 13:00:16 UTC,/api/v1/category_rounds/10061/results,boulder_one_group_ifsc_2025,IFSC: 1 group 2025 (points),13,,,,,,,16734,3,/api/v1/routes/16734/startlist,
/api/v1/events/1468/result/795,1468,full_results_url,IFSC Youth Asian Championships Guiyang 2025,BOULDER U19 Men,finished,2025-10-02 07:18:44 UTC,2026-04-22 08:25:06 UTC,,10061,boulder,Qualification,U19 Men,finished,2025-08-20 13:00:16 UTC,/api/v1/category_rounds/10061/results,boulder_one_group_ifsc_2025,IFSC: 1 group 2025 (points),13,,,,,,,16735,4,/api/v1/routes/16735/startlist,
/api/v1/events/1468/result/795,1468,full_results_url,IFSC Youth Asian Championships Guiyang 2025,BOULDER U19 Men,finished,2025-10-02 07:18:44 UTC,2026-04-22 08:25:06 UTC,,10061,boulder,Qualification,U19 Men,finished,2025-08-20 13:00:16 UTC,/api/v1/category_rounds/10061/results,boulder_one_group_ifsc_2025,IFSC: 1 group 2025 (points),13,,,,,,,16736,5,/api/v1/routes/16736/startlist,
/api/v1/events/1468/result/795,1468,full_results_url,IFSC Youth Asian Championships Guiyang 2025,BOULDER U19 Men,finished,2025-10-02 07:18:44 UTC,2026-04-22 08:25:06 UTC,,10202,boulder,Final,U19 Men,finished,2025-08-21 12:30:46 UTC,/api/v1/category_rounds/10202/results,boulder_finals_ifsc_2025,IFSC: finals 2025 (points),15,,,,,,,17242,1,/api/v1/routes/17242/startlist,
/api/v1/events/1468/result/795,1468,full_results_url,IFSC Youth Asian Championships Guiyang 2025,BOULDER U19 Men,finished,2025-10-02 07:18:44 UTC,2026-04-22 08:25:06 UTC,,10202,boulder,Final,U19 Men,finished,2025-08-21 12:30:46 UTC,/api/v1/category_rounds/10202/results,boulder_finals_ifsc_2025,IFSC: finals 2025 (points),15,,,,,,,17243,2,/api/v1/routes/17243/startlist,
/api/v1/events/1468/result/795,1468,full_results_url,IFSC Youth Asian Championships Guiyang 2025,BOULDER U19 Men,finished,2025-10-02 07:18:44 UTC,2026-04-22 08:25:06 UTC,,10202,boulder,Final,U19 Men,finished,2025-08-21 12:30:46 UTC,/api/v1/category_rounds/10202/results,boulder_finals_ifsc_2025,IFSC: finals 2025 (points),15,,,,,,,17244,3,/api/v1/routes/17244/startlist,
/api/v1/events/1468/result/795,1468,full_results_url,IFSC Youth Asian Championships Guiyang 2025,BOULDER U19 Men,finished,2025-10-02 07:18:44 UTC,2026-04-22 08:25:06 UTC,,10202,boulder,Final,U19 Men,finished,2025-08-21 12:30:46 UTC,/api/v1/category_rounds/10202/results,boulder_finals_ifsc_2025,IFSC: finals 2025 (points),15,,,,,,,17245,4,/api/v1/routes/17245/startlist,
/api/v1/events/1468/result/800,1468,full_results_url,IFSC Youth Asian Championships Guiyang 2025,BOULDER U19 Women,finished,2025-10-02 07:18:44 UTC,2026-04-22 08:25:10 UTC,,10062,boulder,Qualification,U19 Women,finished,2025-08-20 12:15:20 UTC,/api/v1/category_rounds/10062/results,boulder_one_group_ifsc_2025,IFSC: 1 group 2025 (points),13,,,,,,,16737,1,/api/v1/routes/16737/startlist,
/api/v1/events/1468/result/800,1468,full_results_url,IFSC Youth Asian Championships Guiyang 2025,BOULDER U19 Women,finished,2025-10-02 07:18:44 UTC,2026-04-22 08:25:10 UTC,,10062,boulder,Qualification,U19 Women,finished,2025-08-20 12:15:20 UTC,/api/v1/category_rounds/10062/results,boulder_one_group_ifsc_2025,IFSC: 1 group 2025 (points),13,,,,,,,16738,2,/api/v1/routes/16738/startlist,
/api/v1/events/1468/result/800,1468,full_results_url,IFSC Youth Asian Championships Guiyang 2025,BOULDER U19 Women,finished,2025-10-02 07:18:44 UTC,2026-04-22 08:25:10 UTC,,10062,boulder,Qualification,U19 Women,finished,2025-08-20 12:15:20 UTC,/api/v1/category_rounds/10062/results,boulder_one_group_ifsc_2025,IFSC: 1 group 2025 (points),13,,,,,,,16739,3,/api/v1/routes/16739/startlist,
/api/v1/events/1468/result/800,1468,full_results_url,IFSC Youth Asian Championships Guiyang 2025,BOULDER U19 Women,finished,2025-10-02 07:18:44 UTC,2026-04-22 08:25:10 UTC,,10062,boulder,Qualification,U19 Women,finished,2025-08-20 12:15:20 UTC,/api/v1/category_rounds/10062/results,boulder_one_group_ifsc_2025,IFSC: 1 group 2025 (points),13,,,,,,,16740,4,/api/v1/routes/16740/startlist,
/api/v1/events/1468/result/800,1468,full_results_url,IFSC Youth Asian Championships Guiyang 2025,BOULDER U19 Women,finished,2025-10-02 07:18:44 UTC,2026-04-22 08:25:10 UTC,,10062,boulder,Qualification,U19 Women,finished,2025-08-20 12:15:20 UTC,/api/v1/category_rounds/10062/results,boulder_one_group_ifsc_2025,IFSC: 1 group 2025 (points),13,,,,,,,16741,5,/api/v1/routes/16741/startlist,
/api/v1/events/1468/result/800,1468,full_results_url,IFSC Youth Asian Championships Guiyang 2025,BOULDER U19 Women,finished,2025-10-02 07:18:44 UTC,2026-04-22 08:25:10 UTC,,10203,boulder,Final,U19 Women,finished,2025-08-21 12:31:37 UTC,/api/v1/category_rounds/10203/results,boulder_finals_ifsc_2025,IFSC: finals 2025 (points),15,,,,,,,17246,1,/api/v1/routes/17246/startlist,
/api/v1/events/1468/result/800,1468,full_results_url,IFSC Youth Asian Championships Guiyang 2025,BOULDER U19 Women,finished,2025-10-02 07:18:44 UTC,2026-04-22 08:25:10 UTC,,10203,boulder,Final,U19 Women,finished,2025-08-21 12:31:37 UTC,/api/v1/category_rounds/10203/results,boulder_finals_ifsc_2025,IFSC: finals 2025 (points),15,,,,,,,17247,2,/api/v1/routes/17247/startlist,
/api/v1/events/1468/result/800,1468,full_results_url,IFSC Youth Asian Championships Guiyang 2025,BOULDER U19 Women,finished,2025-10-02 07:18:44 UTC,2026-04-22 08:25:10 UTC,,10203,boulder,Final,U19 Women,finished,2025-08-21 12:31:37 UTC,/api/v1/category_rounds/10203/results,boulder_finals_ifsc_2025,IFSC: finals 2025 (points),15,,,,,,,17248,3,/api/v1/routes/17248/startlist,
/api/v1/events/1468/result/800,1468,full_results_url,IFSC Youth Asian Championships Guiyang 2025,BOULDER U19 Women,finished,2025-10-02 07:18:44 UTC,2026-04-22 08:25:10 UTC,,10203,boulder,Final,U19 Women,finished,2025-08-21 12:31:37 UTC,/api/v1/category_rounds/10203/results,boulder_finals_ifsc_2025,IFSC: finals 2025 (points),15,,,,,,,17249,4,/api/v1/routes/17249/startlist,
/api/v1/events/1468/result/805,1468,full_results_url,IFSC Youth Asian Championships Guiyang 2025,BOULDER U17 Men,finished,2025-10-02 07:18:44 UTC,2026-04-22 08:25:13 UTC,,10063,boulder,Qualification,U17 Men,finished,2025-08-20 07:33:39 UTC,/api/v1/category_rounds/10063/results,boulder_one_group_ifsc_2025,IFSC: 1 group 2025 (points),13,,,,,,,16742,1,/api/v1/routes/16742/startlist,
/api/v1/events/1468/result/805,1468,full_results_url,IFSC Youth Asian Championships Guiyang 2025,BOULDER U17 Men,finished,2025-10-02 07:18:44 UTC,2026-04-22 08:25:13 UTC,,10063,boulder,Qualification,U17 Men,finished,2025-08-20 07:33:39 UTC,/api/v1/category_rounds/10063/results,boulder_one_group_ifsc_2025,IFSC: 1 group 2025 (points),13,,,,,,,16743,2,/api/v1/routes/16743/startlist,
/api/v1/events/1468/result/805,1468,full_results_url,IFSC Youth Asian Championships Guiyang 2025,BOULDER U17 Men,finished,2025-10-02 07:18:44 UTC,2026-04-22 08:25:13 UTC,,10063,boulder,Qualification,U17 Men,finished,2025-08-20 07:33:39 UTC,/api/v1/category_rounds/10063/results,boulder_one_group_ifsc_2025,IFSC: 1 group 2025 (points),13,,,,,,,16744,3,/api/v1/routes/16744/startlist,
/api/v1/events/1468/result/805,1468,full_results_url,IFSC Youth Asian Championships Guiyang 2025,BOULDER U17 Men,finished,2025-10-02 07:18:44 UTC,2026-04-22 08:25:13 UTC,,10063,boulder,Qualification,U17 Men,finished,2025-08-20 07:33:39 UTC,/api/v1/category_rounds/10063/results,boulder_one_group_ifsc_2025,IFSC: 1 group 2025 (points),13,,,,,,,16745,4,/api/v1/routes/16745/startlist,
/api/v1/events/1468/result/805,1468,full_results_url,IFSC Youth Asian Championships Guiyang 2025,BOULDER U17 Men,finished,2025-10-02 07:18:44 UTC,2026-04-22 08:25:13 UTC,,10063,boulder,Qualification,U17 Men,finished,2025-08-20 07:33:39 UTC,/api/v1/category_rounds/10063/results,boulder_one_group_ifsc_2025,IFSC: 1 group 2025 (points),13,,,,,,,16746,5,/api/v1/routes/16746/startlist,
/api/v1/events/1468/result/805,1468,full_results_url,IFSC Youth Asian Championships Guiyang 2025,BOULDER U17 Men,finished,2025-10-02 07:18:44 UTC,2026-04-22 08:25:13 UTC,,10204,boulder,Final,U17 Men,finished,2025-08-21 07:08:04 UTC,/api/v1/category_rounds/10204/results,boulder_finals_ifsc_2025,IFSC: finals 2025 (points),15,,,,,,,17250,1,/api/v1/routes/17250/startlist,
/api/v1/events/1468/result/805,1468,full_results_url,IFSC Youth Asian Championships Guiyang 2025,BOULDER U17 Men,finished,2025-10-02 07:18:44 UTC,2026-04-22 08:25:13 UTC,,10204,boulder,Final,U17 Men,finished,2025-08-21 07:08:04 UTC,/api/v1/category_rounds/10204/results,boulder_finals_ifsc_2025,IFSC: finals 2025 (points),15,,,,,,,17251,2,/api/v1/routes/17251/startlist,
/api/v1/events/1468/result/805,1468,full_results_url,IFSC Youth Asian Championships Guiyang 2025,BOULDER U17 Men,finished,2025-10-02 07:18:44 UTC,2026-04-22 08:25:13 UTC,,10204,boulder,Final,U17 Men,finished,2025-08-21 07:08:04 UTC,/api/v1/category_rounds/10204/results,boulder_finals_ifsc_2025,IFSC: finals 2025 (points),15,,,,,,,17252,3,/api/v1/routes/17252/startlist,
/api/v1/events/1468/result/805,1468,full_results_url,IFSC Youth Asian Championships Guiyang 2025,BOULDER U17 Men,finished,2025-10-02 07:18:44 UTC,2026-04-22 08:25:13 UTC,,10204,boulder,Final,U17 Men,finished,2025-08-21 07:08:04 UTC,/api/v1/category_rounds/10204/results,boulder_finals_ifsc_2025,IFSC: finals 2025 (points),15,,,,,,,17253,4,/api/v1/routes/17253/startlist,
/api/v1/events/1468/result/810,1468,full_results_url,IFSC Youth Asian Championships Guiyang 2025,BOULDER U17 Women,finished,2025-10-02 07:18:44 UTC,2026-04-22 08:25:17 UTC,,10064,boulder,Qualification,U17 Women,finished,2025-08-20 07:10:58 UTC,/api/v1/category_rounds/10064/results,boulder_one_group_ifsc_2025,IFSC: 1 group 2025 (points),13,,,,,,,16747,1,/api/v1/routes/16747/startlist,
/api/v1/events/1468/result/810,1468,full_results_url,IFSC Youth Asian Championships Guiyang 2025,BOULDER U17 Women,finished,2025-10-02 07:18:44 UTC,2026-04-22 08:25:17 UTC,,10064,boulder,Qualification,U17 Women,finished,2025-08-20 07:10:58 UTC,/api/v1/category_rounds/10064/results,boulder_one_group_ifsc_2025,IFSC: 1 group 2025 (points),13,,,,,,,16748,2,/api/v1/routes/16748/startlist,
/api/v1/events/1468/result/810,1468,full_results_url,IFSC Youth Asian Championships Guiyang 2025,BOULDER U17 Women,finished,2025-10-02 07:18:44 UTC,2026-04-22 08:25:17 UTC,,10064,boulder,Qualification,U17 Women,finished,2025-08-20 07:10:58 UTC,/api/v1/category_rounds/10064/results,boulder_one_group_ifsc_2025,IFSC: 1 group 2025 (points),13,,,,,,,16749,3,/api/v1/routes/16749/startlist,
/api/v1/events/1468/result/810,1468,full_results_url,IFSC Youth Asian Championships Guiyang 2025,BOULDER U17 Women,finished,2025-10-02 07:18:44 UTC,2026-04-22 08:25:17 UTC,,10064,boulder,Qualification,U17 Women,finished,2025-08-20 07:10:58 UTC,/api/v1/category_rounds/10064/results,boulder_one_group_ifsc_2025,IFSC: 1 group 2025 (points),13,,,,,,,16750,4,/api/v1/routes/16750/startlist,
/api/v1/events/1468/result/810,1468,full_results_url,IFSC Youth Asian Championships Guiyang 2025,BOULDER U17 Women,finished,2025-10-02 07:18:44 UTC,2026-04-22 08:25:17 UTC,,10064,boulder,Qualification,U17 Women,finished,2025-08-20 07:10:58 UTC,/api/v1/category_rounds/10064/results,boulder_one_group_ifsc_2025,IFSC: 1 group 2025 (points),13,,,,,,,16751,5,/api/v1/routes/16751/startlist,
/api/v1/events/1468/result/810,1468,full_results_url,IFSC Youth Asian Championships Guiyang 2025,BOULDER U17 Women,finished,2025-10-02 07:18:44 UTC,2026-04-22 08:25:17 UTC,,10205,boulder,Final,U17 Women,finished,2025-08-21 07:11:34 UTC,/api/v1/category_rounds/10205/results,boulder_finals_ifsc_2025,IFSC: finals 2025 (points),15,,,,,,,17254,1,/api/v1/routes/17254/startlist,
/api/v1/events/1468/result/810,1468,full_results_url,IFSC Youth Asian Championships Guiyang 2025,BOULDER U17 Women,finished,2025-10-02 07:18:44 UTC,2026-04-22 08:25:17 UTC,,10205,boulder,Final,U17 Women,finished,2025-08-21 07:11:34 UTC,/api/v1/category_rounds/10205/results,boulder_finals_ifsc_2025,IFSC: finals 2025 (points),15,,,,,,,17255,2,/api/v1/routes/17255/startlist,
/api/v1/events/1468/result/810,1468,full_results_url,IFSC Youth Asian Championships Guiyang 2025,BOULDER U17 Women,finished,2025-10-02 07:18:44 UTC,2026-04-22 08:25:17 UTC,,10205,boulder,Final,U17 Women,finished,2025-08-21 07:11:34 UTC,/api/v1/category_rounds/10205/results,boulder_finals_ifsc_2025,IFSC: finals 2025 (points),15,,,,,,,17256,3,/api/v1/routes/17256/startlist,
/api/v1/events/1468/result/810,1468,full_results_url,IFSC Youth Asian Championships Guiyang 2025,BOULDER U17 Women,finished,2025-10-02 07:18:44 UTC,2026-04-22 08:25:17 UTC,,10205,boulder,Final,U17 Women,finished,2025-08-21 07:11:34 UTC,/api/v1/category_rounds/10205/results,boulder_finals_ifsc_2025,IFSC: finals 2025 (points),15,,,,,,,17257,4,/api/v1/routes/17257/startlist,
/api/v1/events/1442/result/813,1442,full_results_url,IFSC Youth European Championships Žilina 2025,LEAD U21 Men,finished,2025-10-02 07:18:43 UTC,2026-04-22 08:25:21 UTC,,9798,lead,Qualification,U21 Men,finished,2025-08-29 16:57:03 UTC,/api/v1/category_rounds/9798/results,lead_one_group_two_routes,IFSC: 2 routes,19,,,,,,,15473,1,/api/v1/routes/15473/startlist,/api/v1/routes/15473/results
/api/v1/events/1442/result/813,1442,full_results_url,IFSC Youth European Championships Žilina 2025,LEAD U21 Men,finished,2025-10-02 07:18:43 UTC,2026-04-22 08:25:21 UTC,,9798,lead,Qualification,U21 Men,finished,2025-08-29 16:57:03 UTC,/api/v1/category_rounds/9798/results,lead_one_group_two_routes,IFSC: 2 routes,19,,,,,,,15474,2,/api/v1/routes/15474/startlist,/api/v1/routes/15474/results
/api/v1/events/1442/result/813,1442,full_results_url,IFSC Youth European Championships Žilina 2025,LEAD U21 Men,finished,2025-10-02 07:18:43 UTC,2026-04-22 08:25:21 UTC,,10218,lead,Semi-Final,U21 Men,finished,2025-08-30 12:25:36 UTC,/api/v1/category_rounds/10218/results,lead_one_group_one_route,IFSC: 1 route,20,,,,,,,17270,1,/api/v1/routes/17270/startlist,/api/v1/routes/17270/results
/api/v1/events/1442/result/813,1442,full_results_url,IFSC Youth European Championships Žilina 2025,LEAD U21 Men,finished,2025-10-02 07:18:43 UTC,2026-04-22 08:25:21 UTC,,10224,lead,Final,U21 Men,finished,2025-08-31 11:37:18 UTC,/api/v1/category_rounds/10224/results,lead_one_group_one_route,IFSC: 1 route,21,,,,,,,17276,1,/api/v1/routes/17276/startlist,/api/v1/routes/17276/results
/api/v1/events/1442/result/818,1442,full_results_url,IFSC Youth European Championships Žilina 2025,LEAD U21 Women,finished,2025-10-02 07:18:43 UTC,2026-04-22 08:25:24 UTC,,9799,lead,Qualification,U21 Women,finished,2025-08-29 16:26:17 UTC,/api/v1/category_rounds/9799/results,lead_one_group_two_routes,IFSC: 2 routes,19,,,,,,,15475,1,/api/v1/routes/15475/startlist,/api/v1/routes/15475/results
/api/v1/events/1442/result/818,1442,full_results_url,IFSC Youth European Championships Žilina 2025,LEAD U21 Women,finished,2025-10-02 07:18:43 UTC,2026-04-22 08:25:24 UTC,,9799,lead,Qualification,U21 Women,finished,2025-08-29 16:26:17 UTC,/api/v1/category_rounds/9799/results,lead_one_group_two_routes,IFSC: 2 routes,19,,,,,,,15476,2,/api/v1/routes/15476/startlist,/api/v1/routes/15476/results
/api/v1/events/1442/result/818,1442,full_results_url,IFSC Youth European Championships Žilina 2025,LEAD U21 Women,finished,2025-10-02 07:18:43 UTC,2026-04-22 08:25:24 UTC,,10236,lead,Semi-Final,U21 Women,finished,2025-08-30 12:10:41 UTC,/api/v1/category_rounds/10236/results,lead_one_group_one_route,IFSC: 1 route,20,,,,,,,17294,1,/api/v1/routes/17294/startlist,/api/v1/routes/17294/results
/api/v1/events/1442/result/818,1442,full_results_url,IFSC Youth European Championships Žilina 2025,LEAD U21 Women,finished,2025-10-02 07:18:43 UTC,2026-04-22 08:25:24 UTC,,10225,lead,Final,U21 Women,finished,2025-08-31 11:43:01 UTC,/api/v1/category_rounds/10225/results,lead_one_group_one_route,IFSC: 1 route,21,,,,,,,17277,1,/api/v1/routes/17277/startlist,/api/v1/routes/17277/results
/api/v1/events/1442/result/823,1442,full_results_url,IFSC Youth European Championships Žilina 2025,LEAD U19 Men,finished,2025-10-02 07:18:43 UTC,2026-04-22 08:25:27 UTC,,9800,lead,Qualification,U19 Men,finished,2025-08-29 12:21:01 UTC,/api/v1/category_rounds/9800/results,lead_one_group_two_routes,IFSC: 2 routes,19,,,,,,,15477,1,/api/v1/routes/15477/startlist,/api/v1/routes/15477/results
/api/v1/events/1442/result/823,1442,full_results_url,IFSC Youth European Championships Žilina 2025,LEAD U19 Men,finished,2025-10-02 07:18:43 UTC,2026-04-22 08:25:27 UTC,,9800,lead,Qualification,U19 Men,finished,2025-08-29 12:21:01 UTC,/api/v1/category_rounds/9800/results,lead_one_group_two_routes,IFSC: 2 routes,19,,,,,,,15478,2,/api/v1/routes/15478/startlist,/api/v1/routes/15478/results
/api/v1/events/1442/result/823,1442,full_results_url,IFSC Youth European Championships Žilina 2025,LEAD U19 Men,finished,2025-10-02 07:18:43 UTC,2026-04-22 08:25:27 UTC,,10220,lead,Semi-Final,U19 Men,finished,2025-08-30 09:10:44 UTC,/api/v1/category_rounds/10220/results,lead_one_group_one_route,IFSC: 1 route,20,,,,,,,17272,1,/api/v1/routes/17272/startlist,/api/v1/routes/17272/results
/api/v1/events/1442/result/823,1442,full_results_url,IFSC Youth European Championships Žilina 2025,LEAD U19 Men,finished,2025-10-02 07:18:43 UTC,2026-04-22 08:25:27 UTC,,10226,lead,Final,U19 Men,finished,2025-08-31 09:47:37 UTC,/api/v1/category_rounds/10226/results,lead_one_group_one_route,IFSC: 1 route,21,,,,,,,17278,1,/api/v1/routes/17278/startlist,/api/v1/routes/17278/results
/api/v1/events/1442/result/828,1442,full_results_url,IFSC Youth European Championships Žilina 2025,LEAD U19 Women,finished,2025-10-02 07:18:43 UTC,2026-04-22 08:25:31 UTC,,9801,lead,Qualification,U19 Women,finished,2025-08-29 17:28:18 UTC,/api/v1/category_rounds/9801/results,lead_one_group_two_routes,IFSC: 2 routes,19,,,,,,,15479,1,/api/v1/routes/15479/startlist,/api/v1/routes/15479/results
/api/v1/events/1442/result/828,1442,full_results_url,IFSC Youth European Championships Žilina 2025,LEAD U19 Women,finished,2025-10-02 07:18:43 UTC,2026-04-22 08:25:31 UTC,,9801,lead,Qualification,U19 Women,finished,2025-08-29 17:28:18 UTC,/api/v1/category_rounds/9801/results,lead_one_group_two_routes,IFSC: 2 routes,19,,,,,,,15480,2,/api/v1/routes/15480/startlist,/api/v1/routes/15480/results
/api/v1/events/1442/result/828,1442,full_results_url,IFSC Youth European Championships Žilina 2025,LEAD U19 Women,finished,2025-10-02 07:18:43 UTC,2026-04-22 08:25:31 UTC,,10221,lead,Semi-Final,U19 Women,finished,2025-08-30 12:06:34 UTC,/api/v1/category_rounds/10221/results,lead_one_group_one_route,IFSC: 1 route,20,,,,,,,17273,1,/api/v1/routes/17273/startlist,/api/v1/routes/17273/results
/api/v1/events/1442/result/828,1442,full_results_url,IFSC Youth European Championships Žilina 2025,LEAD U19 Women,finished,2025-10-02 07:18:43 UTC,2026-04-22 08:25:31 UTC,,10227,lead,Final,U19 Women,finished,2025-08-31 09:51:38 UTC,/api/v1/category_rounds/10227/results,lead_one_group_one_route,IFSC: 1 route,21,,,,,,,17279,1,/api/v1/routes/17279/startlist,/api/v1/routes/17279/results
/api/v1/events/1442/result/833,1442,full_results_url,IFSC Youth European Championships Žilina 2025,LEAD U17 Men,finished,2025-10-02 07:18:43 UTC,2026-04-22 08:25:34 UTC,,9802,lead,Qualification,U17 Men,finished,2025-08-29 12:44:46 UTC,/api/v1/category_rounds/9802/results,lead_one_group_two_routes,IFSC: 2 routes,19,,,,,,,15481,1,/api/v1/routes/15481/startlist,/api/v1/routes/15481/results
/api/v1/events/1442/result/833,1442,full_results_url,IFSC Youth European Championships Žilina 2025,LEAD U17 Men,finished,2025-10-02 07:18:43 UTC,2026-04-22 08:25:34 UTC,,9802,lead,Qualification,U17 Men,finished,2025-08-29 12:44:46 UTC,/api/v1/category_rounds/9802/results,lead_one_group_two_routes,IFSC: 2 routes,19,,,,,,,15482,2,/api/v1/routes/15482/startlist,/api/v1/routes/15482/results
/api/v1/events/1442/result/833,1442,full_results_url,IFSC Youth European Championships Žilina 2025,LEAD U17 Men,finished,2025-10-02 07:18:43 UTC,2026-04-22 08:25:34 UTC,,10222,lead,Semi-Final,U17 Men,finished,2025-08-30 09:28:33 UTC,/api/v1/category_rounds/10222/results,lead_one_group_one_route,IFSC: 1 route,20,,,,,,,17274,1,/api/v1/routes/17274/startlist,/api/v1/routes/17274/results
/api/v1/events/1442/result/833,1442,full_results_url,IFSC Youth European Championships Žilina 2025,LEAD U17 Men,finished,2025-10-02 07:18:43 UTC,2026-04-22 08:25:34 UTC,,10228,lead,Final,U17 Men,finished,2025-08-31 08:04:07 UTC,/api/v1/category_rounds/10228/results,lead_one_group_one_route,IFSC: 1 route,21,,,,,,,17280,1,/api/v1/routes/17280/startlist,/api/v1/routes/17280/results
/api/v1/events/1442/result/838,1442,full_results_url,IFSC Youth European Championships Žilina 2025,LEAD U17 Women,finished,2025-10-02 07:18:43 UTC,2026-04-22 08:25:38 UTC,,9803,lead,Qualification,U17 Women,finished,2025-08-29 13:04:40 UTC,/api/v1/category_rounds/9803/results,lead_one_group_two_routes,IFSC: 2 routes,19,,,,,,,15483,1,/api/v1/routes/15483/startlist,/api/v1/routes/15483/results
/api/v1/events/1442/result/838,1442,full_results_url,IFSC Youth European Championships Žilina 2025,LEAD U17 Women,finished,2025-10-02 07:18:43 UTC,2026-04-22 08:25:38 UTC,,9803,lead,Qualification,U17 Women,finished,2025-08-29 13:04:40 UTC,/api/v1/category_rounds/9803/results,lead_one_group_two_routes,IFSC: 2 routes,19,,,,,,,15484,2,/api/v1/routes/15484/startlist,/api/v1/routes/15484/results
/api/v1/events/1442/result/838,1442,full_results_url,IFSC Youth European Championships Žilina 2025,LEAD U17 Women,finished,2025-10-02 07:18:43 UTC,2026-04-22 08:25:38 UTC,,10223,lead,Semi-Final,U17 Women,finished,2025-08-30 09:19:29 UTC,/api/v1/category_rounds/10223/results,lead_one_group_one_route,IFSC: 1 route,20,,,,,,,17275,1,/api/v1/routes/17275/startlist,/api/v1/routes/17275/results
/api/v1/events/1442/result/838,1442,full_results_url,IFSC Youth European Championships Žilina 2025,LEAD U17 Women,finished,2025-10-02 07:18:43 UTC,2026-04-22 08:25:38 UTC,,10229,lead,Final,U17 Women,finished,2025-08-31 08:13:24 UTC,/api/v1/category_rounds/10229/results,lead_one_group_one_route,IFSC: 1 route,21,,,,,,,17281,1,/api/v1/routes/17281/startlist,/api/v1/routes/17281/results
/api/v1/events/1442/result/814,1442,full_results_url,IFSC Youth European Championships Žilina 2025,SPEED U21 Men,finished,2025-10-02 07:18:43 UTC,2026-04-22 08:25:42 UTC,,9809,speed,Qualification,U21 Men,finished,2025-08-30 17:36:55 UTC,/api/v1/category_rounds/9809/results,speed_staggered_tolerate_false_start,IFSC-E: Qualification (Tolerate FS),19,,,,,,,15495,A,/api/v1/routes/15495/startlist,
/api/v1/events/1442/result/814,1442,full_results_url,IFSC Youth European Championships Žilina 2025,SPEED U21 Men,finished,2025-10-02 07:18:43 UTC,2026-04-22 08:25:42 UTC,,9809,speed,Qualification,U21 Men,finished,2025-08-30 17:36:55 UTC,/api/v1/category_rounds/9809/results,speed_staggered_tolerate_false_start,IFSC-E: Qualification (Tolerate FS),19,,,,,,,15496,B,/api/v1/routes/15496/startlist,
/api/v1/events/1442/result/814,1442,full_results_url,IFSC Youth European Championships Žilina 2025,SPEED U21 Men,finished,2025-10-02 07:18:43 UTC,2026-04-22 08:25:42 UTC,,10230,speed,Final,U21 Men,finished,2025-08-30 20:02:10 UTC,/api/v1/category_rounds/10230/results,speed_elimination_ifsc_2023,IFSC 2023+: Elimination,21,,,,,,,17282,A,/api/v1/routes/17282/startlist,
/api/v1/events/1442/result/814,1442,full_results_url,IFSC Youth European Championships Žilina 2025,SPEED U21 Men,finished,2025-10-02 07:18:43 UTC,2026-04-22 08:25:42 UTC,,10230,speed,Final,U21 Men,finished,2025-08-30 20:02:10 UTC,/api/v1/category_rounds/10230/results,speed_elimination_ifsc_2023,IFSC 2023+: Elimination,21,,,,,,,17283,B,/api/v1/routes/17283/startlist,
/api/v1/events/1442/result/819,1442,full_results_url,IFSC Youth European Championships Žilina 2025,SPEED U21 Women,finished,2025-10-02 07:18:43 UTC,2026-04-22 08:25:45 UTC,,9808,speed,Qualification,U21 Women,finished,2025-08-30 17:21:27 UTC,/api/v1/category_rounds/9808/results,speed_staggered_tolerate_false_start,IFSC-E: Qualification (Tolerate FS),19,,,,,,,15493,A,/api/v1/routes/15493/startlist,
/api/v1/events/1442/result/819,1442,full_results_url,IFSC Youth European Championships Žilina 2025,SPEED U21 Women,finished,2025-10-02 07:18:43 UTC,2026-04-22 08:25:45 UTC,,9808,speed,Qualification,U21 Women,finished,2025-08-30 17:21:27 UTC,/api/v1/category_rounds/9808/results,speed_staggered_tolerate_false_start,IFSC-E: Qualification (Tolerate FS),19,,,,,,,15494,B,/api/v1/routes/15494/startlist,
/api/v1/events/1442/result/819,1442,full_results_url,IFSC Youth European Championships Žilina 2025,SPEED U21 Women,finished,2025-10-02 07:18:43 UTC,2026-04-22 08:25:45 UTC,,10231,speed,Final,U21 Women,finished,2025-08-30 20:01:55 UTC,/api/v1/category_rounds/10231/results,speed_elimination_ifsc_2023,IFSC 2023+: Elimination,21,,,,,,,17284,A,/api/v1/routes/17284/startlist,
/api/v1/events/1442/result/819,1442,full_results_url,IFSC Youth European Championships Žilina 2025,SPEED U21 Women,finished,2025-10-02 07:18:43 UTC,2026-04-22 08:25:45 UTC,,10231,speed,Final,U21 Women,finished,2025-08-30 20:01:55 UTC,/api/v1/category_rounds/10231/results,speed_elimination_ifsc_2023,IFSC 2023+: Elimination,21,,,,,,,17285,B,/api/v1/routes/17285/startlist,
/api/v1/events/1442/result/824,1442,full_results_url,IFSC Youth European Championships Žilina 2025,SPEED U19 Men,finished,2025-10-02 07:18:43 UTC,2026-04-22 08:25:48 UTC,,9807,speed,Qualification,U19 Men,finished,2025-08-30 17:13:35 UTC,/api/v1/category_rounds/9807/results,speed_staggered_tolerate_false_start,IFSC-E: Qualification (Tolerate FS),19,,,,,,,15491,A,/api/v1/routes/15491/startlist,
/api/v1/events/1442/result/824,1442,full_results_url,IFSC Youth European Championships Žilina 2025,SPEED U19 Men,finished,2025-10-02 07:18:43 UTC,2026-04-22 08:25:48 UTC,,9807,speed,Qualification,U19 Men,finished,2025-08-30 17:13:35 UTC,/api/v1/category_rounds/9807/results,speed_staggered_tolerate_false_start,IFSC-E: Qualification (Tolerate FS),19,,,,,,,15492,B,/api/v1/routes/15492/startlist,
/api/v1/events/1442/result/824,1442,full_results_url,IFSC Youth European Championships Žilina 2025,SPEED U19 Men,finished,2025-10-02 07:18:43 UTC,2026-04-22 08:25:48 UTC,,10232,speed,Final,U19 Men,finished,2025-08-30 20:01:20 UTC,/api/v1/category_rounds/10232/results,speed_elimination_ifsc_2023,IFSC 2023+: Elimination,21,,,,,,,17286,A,/api/v1/routes/17286/startlist,
/api/v1/events/1442/result/824,1442,full_results_url,IFSC Youth European Championships Žilina 2025,SPEED U19 Men,finished,2025-10-02 07:18:43 UTC,2026-04-22 08:25:48 UTC,,10232,speed,Final,U19 Men,finished,2025-08-30 20:01:20 UTC,/api/v1/category_rounds/10232/results,speed_elimination_ifsc_2023,IFSC 2023+: Elimination,21,,,,,,,17287,B,/api/v1/routes/17287/startlist,
/api/v1/events/1442/result/829,1442,full_results_url,IFSC Youth European Championships Žilina 2025,SPEED U19 Women,finished,2025-10-02 07:18:43 UTC,2026-04-22 08:25:51 UTC,,9806,speed,Qualification,U19 Women,finished,2025-08-30 16:32:48 UTC,/api/v1/category_rounds/9806/results,speed_staggered_tolerate_false_start,IFSC-E: Qualification (Tolerate FS),19,,,,,,,15489,A,/api/v1/routes/15489/startlist,
/api/v1/events/1442/result/829,1442,full_results_url,IFSC Youth European Championships Žilina 2025,SPEED U19 Women,finished,2025-10-02 07:18:43 UTC,2026-04-22 08:25:51 UTC,,9806,speed,Qualification,U19 Women,finished,2025-08-30 16:32:48 UTC,/api/v1/category_rounds/9806/results,speed_staggered_tolerate_false_start,IFSC-E: Qualification (Tolerate FS),19,,,,,,,15490,B,/api/v1/routes/15490/startlist,
/api/v1/events/1442/result/829,1442,full_results_url,IFSC Youth European Championships Žilina 2025,SPEED U19 Women,finished,2025-10-02 07:18:43 UTC,2026-04-22 08:25:51 UTC,,10233,speed,Final,U19 Women,finished,2025-08-30 20:00:47 UTC,/api/v1/category_rounds/10233/results,speed_elimination_ifsc_2023,IFSC 2023+: Elimination,21,,,,,,,17288,A,/api/v1/routes/17288/startlist,
/api/v1/events/1442/result/829,1442,full_results_url,IFSC Youth European Championships Žilina 2025,SPEED U19 Women,finished,2025-10-02 07:18:43 UTC,2026-04-22 08:25:51 UTC,,10233,speed,Final,U19 Women,finished,2025-08-30 20:00:47 UTC,/api/v1/category_rounds/10233/results,speed_elimination_ifsc_2023,IFSC 2023+: Elimination,21,,,,,,,17289,B,/api/v1/routes/17289/startlist,
/api/v1/events/1442/result/834,1442,full_results_url,IFSC Youth European Championships Žilina 2025,SPEED U17 Men,finished,2025-10-02 07:18:43 UTC,2026-04-22 08:25:55 UTC,,9804,speed,Qualification,U17 Men,finished,2025-08-30 16:16:55 UTC,/api/v1/category_rounds/9804/results,speed_staggered_tolerate_false_start,IFSC-E: Qualification (Tolerate FS),19,,,,,,,15485,A,/api/v1/routes/15485/startlist,
/api/v1/events/1442/result/834,1442,full_results_url,IFSC Youth European Championships Žilina 2025,SPEED U17 Men,finished,2025-10-02 07:18:43 UTC,2026-04-22 08:25:55 UTC,,9804,speed,Qualification,U17 Men,finished,2025-08-30 16:16:55 UTC,/api/v1/category_rounds/9804/results,speed_staggered_tolerate_false_start,IFSC-E: Qualification (Tolerate FS),19,,,,,,,15486,B,/api/v1/routes/15486/startlist,
/api/v1/events/1442/result/834,1442,full_results_url,IFSC Youth European Championships Žilina 2025,SPEED U17 Men,finished,2025-10-02 07:18:43 UTC,2026-04-22 08:25:55 UTC,,10234,speed,Final,U17 Men,finished,2025-08-30 20:00:09 UTC,/api/v1/category_rounds/10234/results,speed_elimination_ifsc_2023,IFSC 2023+: Elimination,21,,,,,,,17290,A,/api/v1/routes/17290/startlist,
/api/v1/events/1442/result/834,1442,full_results_url,IFSC Youth European Championships Žilina 2025,SPEED U17 Men,finished,2025-10-02 07:18:43 UTC,2026-04-22 08:25:55 UTC,,10234,speed,Final,U17 Men,finished,2025-08-30 20:00:09 UTC,/api/v1/category_rounds/10234/results,speed_elimination_ifsc_2023,IFSC 2023+: Elimination,21,,,,,,,17291,B,/api/v1/routes/17291/startlist,
/api/v1/events/1442/result/839,1442,full_results_url,IFSC Youth European Championships Žilina 2025,SPEED U17 Women,finished,2025-10-02 07:18:43 UTC,2026-04-22 08:25:58 UTC,,9805,speed,Qualification,U17 Women,finished,2025-08-30 15:50:01 UTC,/api/v1/category_rounds/9805/results,speed_staggered_tolerate_false_start,IFSC-E: Qualification (Tolerate FS),19,,,,,,,15487,A,/api/v1/routes/15487/startlist,
/api/v1/events/1442/result/839,1442,full_results_url,IFSC Youth European Championships Žilina 2025,SPEED U17 Women,finished,2025-10-02 07:18:43 UTC,2026-04-22 08:25:58 UTC,,9805,speed,Qualification,U17 Women,finished,2025-08-30 15:50:01 UTC,/api/v1/category_rounds/9805/results,speed_staggered_tolerate_false_start,IFSC-E: Qualification (Tolerate FS),19,,,,,,,15488,B,/api/v1/routes/15488/startlist,
/api/v1/events/1442/result/839,1442,full_results_url,IFSC Youth European Championships Žilina 2025,SPEED U17 Women,finished,2025-10-02 07:18:43 UTC,2026-04-22 08:25:58 UTC,,10235,speed,Final,U17 Women,finished,2025-08-30 19:53:19 UTC,/api/v1/category_rounds/10235/results,speed_elimination_ifsc_2023,IFSC 2023+: Elimination,21,,,,,,,17292,A,/api/v1/routes/17292/startlist,
/api/v1/events/1442/result/839,1442,full_results_url,IFSC Youth European Championships Žilina 2025,SPEED U17 Women,finished,2025-10-02 07:18:43 UTC,2026-04-22 08:25:58 UTC,,10235,speed,Final,U17 Women,finished,2025-08-30 19:53:19 UTC,/api/v1/category_rounds/10235/results,speed_elimination_ifsc_2023,IFSC 2023+: Elimination,21,,,,,,,17293,B,/api/v1/routes/17293/startlist,
/api/v1/events/1469/result/185,1469,full_results_url,IFSC Asian Cup Almaty 2025,LEAD Men,finished,2025-10-02 07:18:44 UTC,2026-04-22 08:26:02 UTC,,10065,lead,Qualification,Men,finished,2025-08-29 12:14:42 UTC,/api/v1/category_rounds/10065/results,lead_one_group_two_routes,IFSC: 2 routes,10,,,,,,,16752,1,/api/v1/routes/16752/startlist,/api/v1/routes/16752/results
/api/v1/events/1469/result/185,1469,full_results_url,IFSC Asian Cup Almaty 2025,LEAD Men,finished,2025-10-02 07:18:44 UTC,2026-04-22 08:26:02 UTC,,10065,lead,Qualification,Men,finished,2025-08-29 12:14:42 UTC,/api/v1/category_rounds/10065/results,lead_one_group_two_routes,IFSC: 2 routes,10,,,,,,,16753,2,/api/v1/routes/16753/startlist,/api/v1/routes/16753/results
/api/v1/events/1469/result/185,1469,full_results_url,IFSC Asian Cup Almaty 2025,LEAD Men,finished,2025-10-02 07:18:44 UTC,2026-04-22 08:26:02 UTC,,10210,lead,Final,Men,finished,2025-08-30 12:48:27 UTC,/api/v1/category_rounds/10210/results,lead_one_group_one_route,IFSC: 1 route,12,,,,,,,17262,1,/api/v1/routes/17262/startlist,/api/v1/routes/17262/results
/api/v1/events/1469/result/189,1469,full_results_url,IFSC Asian Cup Almaty 2025,LEAD Women,finished,2025-10-02 07:18:44 UTC,2026-04-22 08:26:05 UTC,,10066,lead,Qualification,Women,finished,2025-08-29 07:05:53 UTC,/api/v1/category_rounds/10066/results,lead_one_group_two_routes,IFSC: 2 routes,10,,,,,,,16754,1,/api/v1/routes/16754/startlist,/api/v1/routes/16754/results
/api/v1/events/1469/result/189,1469,full_results_url,IFSC Asian Cup Almaty 2025,LEAD Women,finished,2025-10-02 07:18:44 UTC,2026-04-22 08:26:05 UTC,,10066,lead,Qualification,Women,finished,2025-08-29 07:05:53 UTC,/api/v1/category_rounds/10066/results,lead_one_group_two_routes,IFSC: 2 routes,10,,,,,,,16755,2,/api/v1/routes/16755/startlist,/api/v1/routes/16755/results
/api/v1/events/1469/result/189,1469,full_results_url,IFSC Asian Cup Almaty 2025,LEAD Women,finished,2025-10-02 07:18:44 UTC,2026-04-22 08:26:05 UTC,,10211,lead,Final,Women,finished,2025-08-30 11:53:38 UTC,/api/v1/category_rounds/10211/results,lead_one_group_one_route,IFSC: 1 route,12,,,,,,,17263,1,/api/v1/routes/17263/startlist,/api/v1/routes/17263/results
/api/v1/events/1469/result/186,1469,full_results_url,IFSC Asian Cup Almaty 2025,SPEED Men,finished,2025-10-02 07:18:44 UTC,2026-04-22 08:26:08 UTC,,10067,speed,Qualification,Men,finished,2025-08-31 06:43:59 UTC,/api/v1/category_rounds/10067/results,speed_qualification_ifsc_2025,IFSC 2025: Qualification,10,,,,,,,16760,A,/api/v1/routes/16760/startlist,
/api/v1/events/1469/result/186,1469,full_results_url,IFSC Asian Cup Almaty 2025,SPEED Men,finished,2025-10-02 07:18:44 UTC,2026-04-22 08:26:08 UTC,,10067,speed,Qualification,Men,finished,2025-08-31 06:43:59 UTC,/api/v1/category_rounds/10067/results,speed_qualification_ifsc_2025,IFSC 2025: Qualification,10,,,,,,,16761,B,/api/v1/routes/16761/startlist,
/api/v1/events/1469/result/186,1469,full_results_url,IFSC Asian Cup Almaty 2025,SPEED Men,finished,2025-10-02 07:18:44 UTC,2026-04-22 08:26:08 UTC,,10069,speed,Final,Men,finished,2025-08-31 12:05:35 UTC,/api/v1/category_rounds/10069/results,speed_elimination_ifsc_2023,IFSC 2023+: Elimination,12,,,,,,,16764,A,/api/v1/routes/16764/startlist,
/api/v1/events/1469/result/186,1469,full_results_url,IFSC Asian Cup Almaty 2025,SPEED Men,finished,2025-10-02 07:18:44 UTC,2026-04-22 08:26:08 UTC,,10069,speed,Final,Men,finished,2025-08-31 12:05:35 UTC,/api/v1/category_rounds/10069/results,speed_elimination_ifsc_2023,IFSC 2023+: Elimination,12,,,,,,,16765,B,/api/v1/routes/16765/startlist,
/api/v1/events/1469/result/190,1469,full_results_url,IFSC Asian Cup Almaty 2025,SPEED Women,finished,2025-10-02 07:18:44 UTC,2026-04-22 08:26:12 UTC,,10068,speed,Qualification,Women,finished,2025-08-31 07:13:05 UTC,/api/v1/category_rounds/10068/results,speed_qualification_ifsc_2025,IFSC 2025: Qualification,10,,,,,,,16762,A,/api/v1/routes/16762/startlist,
/api/v1/events/1469/result/190,1469,full_results_url,IFSC Asian Cup Almaty 2025,SPEED Women,finished,2025-10-02 07:18:44 UTC,2026-04-22 08:26:12 UTC,,10068,speed,Qualification,Women,finished,2025-08-31 07:13:05 UTC,/api/v1/category_rounds/10068/results,speed_qualification_ifsc_2025,IFSC 2025: Qualification,10,,,,,,,16763,B,/api/v1/routes/16763/startlist,
/api/v1/events/1469/result/190,1469,full_results_url,IFSC Asian Cup Almaty 2025,SPEED Women,finished,2025-10-02 07:18:44 UTC,2026-04-22 08:26:12 UTC,,10070,speed,Final,Women,finished,2025-08-31 12:04:36 UTC,/api/v1/category_rounds/10070/results,speed_elimination_ifsc_2023,IFSC 2023+: Elimination,12,,,,,,,16766,A,/api/v1/routes/16766/startlist,
/api/v1/events/1469/result/190,1469,full_results_url,IFSC Asian Cup Almaty 2025,SPEED Women,finished,2025-10-02 07:18:44 UTC,2026-04-22 08:26:12 UTC,,10070,speed,Final,Women,finished,2025-08-31 12:04:36 UTC,/api/v1/category_rounds/10070/results,speed_elimination_ifsc_2023,IFSC 2023+: Elimination,12,,,,,,,16767,B,/api/v1/routes/16767/startlist,
/api/v1/events/1416/result/1,1416,full_results_url,IFSC World Cup Koper 2025,LEAD Men,finished,2025-10-02 07:18:42 UTC,2026-04-22 08:26:15 UTC,,9411,lead,Qualification,Men,finished,2025-09-05 12:43:53 UTC,/api/v1/category_rounds/9411/results,lead_one_group_two_routes,IFSC: 2 routes,1,,,,,,,14356,1,/api/v1/routes/14356/startlist,/api/v1/routes/14356/results
/api/v1/events/1416/result/1,1416,full_results_url,IFSC World Cup Koper 2025,LEAD Men,finished,2025-10-02 07:18:42 UTC,2026-04-22 08:26:15 UTC,,9411,lead,Qualification,Men,finished,2025-09-05 12:43:53 UTC,/api/v1/category_rounds/9411/results,lead_one_group_two_routes,IFSC: 2 routes,1,,,,,,,14357,2,/api/v1/routes/14357/startlist,/api/v1/routes/14357/results
/api/v1/events/1416/result/1,1416,full_results_url,IFSC World Cup Koper 2025,LEAD Men,finished,2025-10-02 07:18:42 UTC,2026-04-22 08:26:15 UTC,,10250,lead,Semi-final,Men,finished,2025-09-05 20:38:19 UTC,/api/v1/category_rounds/10250/results,lead_one_group_one_route,IFSC: 1 route,2,,,,,,,17318,1,/api/v1/routes/17318/startlist,/api/v1/routes/17318/results
/api/v1/events/1416/result/1,1416,full_results_url,IFSC World Cup Koper 2025,LEAD Men,finished,2025-10-02 07:18:42 UTC,2026-04-22 08:26:15 UTC,,10252,lead,Final,Men,finished,2025-09-06 18:52:11 UTC,/api/v1/category_rounds/10252/results,lead_one_group_one_route,IFSC: 1 route,3,,,,,,,17320,1,/api/v1/routes/17320/startlist,/api/v1/routes/17320/results
/api/v1/events/1416/result/5,1416,full_results_url,IFSC World Cup Koper 2025,LEAD Women,finished,2025-10-02 07:18:42 UTC,2026-04-22 08:26:19 UTC,,9412,lead,Qualification,Women,finished,2025-09-05 12:17:16 UTC,/api/v1/category_rounds/9412/results,lead_one_group_two_routes,IFSC: 2 routes,1,,,,,,,14358,1,/api/v1/routes/14358/startlist,/api/v1/routes/14358/results
/api/v1/events/1416/result/5,1416,full_results_url,IFSC World Cup Koper 2025,LEAD Women,finished,2025-10-02 07:18:42 UTC,2026-04-22 08:26:19 UTC,,9412,lead,Qualification,Women,finished,2025-09-05 12:17:16 UTC,/api/v1/category_rounds/9412/results,lead_one_group_two_routes,IFSC: 2 routes,1,,,,,,,14359,2,/api/v1/routes/14359/startlist,/api/v1/routes/14359/results
/api/v1/events/1416/result/5,1416,full_results_url,IFSC World Cup Koper 2025,LEAD Women,finished,2025-10-02 07:18:42 UTC,2026-04-22 08:26:19 UTC,,10251,lead,Semi-final,Women,finished,2025-09-05 20:32:50 UTC,/api/v1/category_rounds/10251/results,lead_one_group_one_route,IFSC: 1 route,2,,,,,,,17319,1,/api/v1/routes/17319/startlist,/api/v1/routes/17319/results
/api/v1/events/1416/result/5,1416,full_results_url,IFSC World Cup Koper 2025,LEAD Women,finished,2025-10-02 07:18:42 UTC,2026-04-22 08:26:19 UTC,,10253,lead,Final,Women,finished,2025-09-06 20:01:04 UTC,/api/v1/category_rounds/10253/results,lead_one_group_one_route,IFSC: 1 route,3,,,,,,,17321,1,/api/v1/routes/17321/startlist,/api/v1/routes/17321/results
/api/v1/events/1467/result/2,1467,full_results_url,IFSC World Cup Guiyang 2025,SPEED Men,finished,2025-10-02 07:18:43 UTC,2026-04-22 08:26:22 UTC,,10035,speed,Qualification,Men,finished,2025-09-12 11:41:34 UTC,/api/v1/category_rounds/10035/results,speed_qualification_ifsc_2025,IFSC 2025: Qualification,1,,,,,,,17299,A,/api/v1/routes/17299/startlist,
/api/v1/events/1467/result/2,1467,full_results_url,IFSC World Cup Guiyang 2025,SPEED Men,finished,2025-10-02 07:18:43 UTC,2026-04-22 08:26:22 UTC,,10035,speed,Qualification,Men,finished,2025-09-12 11:41:34 UTC,/api/v1/category_rounds/10035/results,speed_qualification_ifsc_2025,IFSC 2025: Qualification,1,,,,,,,17300,B,/api/v1/routes/17300/startlist,
/api/v1/events/1467/result/2,1467,full_results_url,IFSC World Cup Guiyang 2025,SPEED Men,finished,2025-10-02 07:18:43 UTC,2026-04-22 08:26:22 UTC,,10237,speed,Final,Men,finished,2025-09-13 12:34:31 UTC,/api/v1/category_rounds/10237/results,speed_elimination_ifsc_2023,IFSC 2023+: Elimination,3,,,,,,,17295,A,/api/v1/routes/17295/startlist,
/api/v1/events/1467/result/2,1467,full_results_url,IFSC World Cup Guiyang 2025,SPEED Men,finished,2025-10-02 07:18:43 UTC,2026-04-22 08:26:22 UTC,,10237,speed,Final,Men,finished,2025-09-13 12:34:31 UTC,/api/v1/category_rounds/10237/results,speed_elimination_ifsc_2023,IFSC 2023+: Elimination,3,,,,,,,17296,B,/api/v1/routes/17296/startlist,
/api/v1/events/1467/result/6,1467,full_results_url,IFSC World Cup Guiyang 2025,SPEED Women,finished,2025-10-02 07:18:43 UTC,2026-04-22 08:26:26 UTC,,10036,speed,Qualification,Women,finished,2025-09-12 10:32:12 UTC,/api/v1/category_rounds/10036/results,speed_qualification_ifsc_2025,IFSC 2025: Qualification,1,,,,,,,17301,A,/api/v1/routes/17301/startlist,
/api/v1/events/1467/result/6,1467,full_results_url,IFSC World Cup Guiyang 2025,SPEED Women,finished,2025-10-02 07:18:43 UTC,2026-04-22 08:26:26 UTC,,10036,speed,Qualification,Women,finished,2025-09-12 10:32:12 UTC,/api/v1/category_rounds/10036/results,speed_qualification_ifsc_2025,IFSC 2025: Qualification,1,,,,,,,17302,B,/api/v1/routes/17302/startlist,
/api/v1/events/1467/result/6,1467,full_results_url,IFSC World Cup Guiyang 2025,SPEED Women,finished,2025-10-02 07:18:43 UTC,2026-04-22 08:26:26 UTC,,10238,speed,Final,Women,finished,2025-09-13 12:32:49 UTC,/api/v1/category_rounds/10238/results,speed_elimination_ifsc_2023,IFSC 2023+: Elimination,3,,,,,,,17297,A,/api/v1/routes/17297/startlist,
/api/v1/events/1467/result/6,1467,full_results_url,IFSC World Cup Guiyang 2025,SPEED Women,finished,2025-10-02 07:18:43 UTC,2026-04-22 08:26:26 UTC,,10238,speed,Final,Women,finished,2025-09-13 12:32:49 UTC,/api/v1/category_rounds/10238/results,speed_elimination_ifsc_2023,IFSC 2023+: Elimination,3,,,,,,,17298,B,/api/v1/routes/17298/startlist,
/api/v1/events/1470/result/226,1470,full_results_url,IFSC European Cup Hamburg 2025,SPEED Men,finished,2025-10-02 07:18:44 UTC,2026-04-22 08:26:29 UTC,,10159,speed,Qualification,Men,finished,2025-09-13 13:44:14 UTC,/api/v1/category_rounds/10159/results,speed_staggered,IFSC: Qualification,16,,,,,,,17183,A,/api/v1/routes/17183/startlist,
/api/v1/events/1470/result/226,1470,full_results_url,IFSC European Cup Hamburg 2025,SPEED Men,finished,2025-10-02 07:18:44 UTC,2026-04-22 08:26:29 UTC,,10159,speed,Qualification,Men,finished,2025-09-13 13:44:14 UTC,/api/v1/category_rounds/10159/results,speed_staggered,IFSC: Qualification,16,,,,,,,17184,B,/api/v1/routes/17184/startlist,
/api/v1/events/1470/result/226,1470,full_results_url,IFSC European Cup Hamburg 2025,SPEED Men,finished,2025-10-02 07:18:44 UTC,2026-04-22 08:26:29 UTC,,10263,speed,Final,Men,finished,2025-09-13 15:51:06 UTC,/api/v1/category_rounds/10263/results,speed_elimination_ifsc_2023,IFSC 2023+: Elimination,18,,,,,,,17341,A,/api/v1/routes/17341/startlist,
/api/v1/events/1470/result/226,1470,full_results_url,IFSC European Cup Hamburg 2025,SPEED Men,finished,2025-10-02 07:18:44 UTC,2026-04-22 08:26:29 UTC,,10263,speed,Final,Men,finished,2025-09-13 15:51:06 UTC,/api/v1/category_rounds/10263/results,speed_elimination_ifsc_2023,IFSC 2023+: Elimination,18,,,,,,,17342,B,/api/v1/routes/17342/startlist,
/api/v1/events/1470/result/230,1470,full_results_url,IFSC European Cup Hamburg 2025,SPEED Women,finished,2025-10-02 07:18:44 UTC,2026-04-22 08:26:32 UTC,,10160,speed,Qualification,Women,finished,2025-09-13 14:04:36 UTC,/api/v1/category_rounds/10160/results,speed_staggered,IFSC: Qualification,16,,,,,,,17185,A,/api/v1/routes/17185/startlist,
/api/v1/events/1470/result/230,1470,full_results_url,IFSC European Cup Hamburg 2025,SPEED Women,finished,2025-10-02 07:18:44 UTC,2026-04-22 08:26:32 UTC,,10160,speed,Qualification,Women,finished,2025-09-13 14:04:36 UTC,/api/v1/category_rounds/10160/results,speed_staggered,IFSC: Qualification,16,,,,,,,17186,B,/api/v1/routes/17186/startlist,
/api/v1/events/1470/result/230,1470,full_results_url,IFSC European Cup Hamburg 2025,SPEED Women,finished,2025-10-02 07:18:44 UTC,2026-04-22 08:26:32 UTC,,10264,speed,Final,Women,finished,2025-09-13 15:52:43 UTC,/api/v1/category_rounds/10264/results,speed_elimination_ifsc_2023,IFSC 2023+: Elimination,18,,,,,,,17343,A,/api/v1/routes/17343/startlist,
/api/v1/events/1470/result/230,1470,full_results_url,IFSC European Cup Hamburg 2025,SPEED Women,finished,2025-10-02 07:18:44 UTC,2026-04-22 08:26:32 UTC,,10264,speed,Final,Women,finished,2025-09-13 15:52:43 UTC,/api/v1/category_rounds/10264/results,speed_elimination_ifsc_2023,IFSC 2023+: Elimination,18,,,,,,,17344,B,/api/v1/routes/17344/startlist,
/api/v1/events/1435/result/823,1435,full_results_url,IFSC Youth European Cup Imst 2025,LEAD U19 Men,finished,2025-10-02 07:18:43 UTC,2026-04-22 08:26:36 UTC,,9814,lead,Qualification,U19 Men,finished,2025-09-13 18:38:22 UTC,/api/v1/category_rounds/9814/results,lead_one_group_two_routes,IFSC: 2 routes,19,,,,,,,15505,1,/api/v1/routes/15505/startlist,/api/v1/routes/15505/results
/api/v1/events/1435/result/823,1435,full_results_url,IFSC Youth European Cup Imst 2025,LEAD U19 Men,finished,2025-10-02 07:18:43 UTC,2026-04-22 08:26:36 UTC,,9814,lead,Qualification,U19 Men,finished,2025-09-13 18:38:22 UTC,/api/v1/category_rounds/9814/results,lead_one_group_two_routes,IFSC: 2 routes,19,,,,,,,15506,2,/api/v1/routes/15506/startlist,/api/v1/routes/15506/results
/api/v1/events/1435/result/823,1435,full_results_url,IFSC Youth European Cup Imst 2025,LEAD U19 Men,finished,2025-10-02 07:18:43 UTC,2026-04-22 08:26:36 UTC,,10259,lead,Final,U19 Men,finished,2025-09-14 11:49:33 UTC,/api/v1/category_rounds/10259/results,lead_one_group_one_route,IFSC: 1 route,21,,,,,,,17337,1,/api/v1/routes/17337/startlist,/api/v1/routes/17337/results
/api/v1/events/1435/result/828,1435,full_results_url,IFSC Youth European Cup Imst 2025,LEAD U19 Women,finished,2025-10-02 07:18:43 UTC,2026-04-22 08:26:39 UTC,,9813,lead,Qualification,U19 Women,finished,2025-09-13 10:38:08 UTC,/api/v1/category_rounds/9813/results,lead_one_group_two_routes,IFSC: 2 routes,19,,,,,,,15503,1,/api/v1/routes/15503/startlist,/api/v1/routes/15503/results
/api/v1/events/1435/result/828,1435,full_results_url,IFSC Youth European Cup Imst 2025,LEAD U19 Women,finished,2025-10-02 07:18:43 UTC,2026-04-22 08:26:39 UTC,,9813,lead,Qualification,U19 Women,finished,2025-09-13 10:38:08 UTC,/api/v1/category_rounds/9813/results,lead_one_group_two_routes,IFSC: 2 routes,19,,,,,,,15504,2,/api/v1/routes/15504/startlist,/api/v1/routes/15504/results
/api/v1/events/1435/result/828,1435,full_results_url,IFSC Youth European Cup Imst 2025,LEAD U19 Women,finished,2025-10-02 07:18:43 UTC,2026-04-22 08:26:39 UTC,,10260,lead,Final,U19 Women,finished,2025-09-14 10:33:39 UTC,/api/v1/category_rounds/10260/results,lead_one_group_one_route,IFSC: 1 route,21,,,,,,,17338,1,/api/v1/routes/17338/startlist,/api/v1/routes/17338/results
/api/v1/events/1435/result/833,1435,full_results_url,IFSC Youth European Cup Imst 2025,LEAD U17 Men,finished,2025-10-02 07:18:43 UTC,2026-04-22 08:26:43 UTC,,9811,lead,Qualification,U17 Men,finished,2025-09-13 19:18:52 UTC,/api/v1/category_rounds/9811/results,lead_one_group_two_routes,IFSC: 2 routes,19,,,,,,,15499,1,/api/v1/routes/15499/startlist,/api/v1/routes/15499/results
/api/v1/events/1435/result/833,1435,full_results_url,IFSC Youth European Cup Imst 2025,LEAD U17 Men,finished,2025-10-02 07:18:43 UTC,2026-04-22 08:26:43 UTC,,9811,lead,Qualification,U17 Men,finished,2025-09-13 19:18:52 UTC,/api/v1/category_rounds/9811/results,lead_one_group_two_routes,IFSC: 2 routes,19,,,,,,,15500,2,/api/v1/routes/15500/startlist,/api/v1/routes/15500/results
/api/v1/events/1435/result/833,1435,full_results_url,IFSC Youth European Cup Imst 2025,LEAD U17 Men,finished,2025-10-02 07:18:43 UTC,2026-04-22 08:26:43 UTC,,10261,lead,Final,U17 Men,finished,2025-09-14 11:45:08 UTC,/api/v1/category_rounds/10261/results,lead_one_group_one_route,IFSC: 1 route,21,,,,,,,17339,1,/api/v1/routes/17339/startlist,/api/v1/routes/17339/results
/api/v1/events/1435/result/838,1435,full_results_url,IFSC Youth European Cup Imst 2025,LEAD U17 Women,finished,2025-10-02 07:18:43 UTC,2026-04-22 08:26:46 UTC,,9812,lead,Qualification,U17 Women,finished,2025-09-13 12:55:35 UTC,/api/v1/category_rounds/9812/results,lead_one_group_two_routes,IFSC: 2 routes,19,,,,,,,15501,1,/api/v1/routes/15501/startlist,/api/v1/routes/15501/results
/api/v1/events/1435/result/838,1435,full_results_url,IFSC Youth European Cup Imst 2025,LEAD U17 Women,finished,2025-10-02 07:18:43 UTC,2026-04-22 08:26:46 UTC,,9812,lead,Qualification,U17 Women,finished,2025-09-13 12:55:35 UTC,/api/v1/category_rounds/9812/results,lead_one_group_two_routes,IFSC: 2 routes,19,,,,,,,15502,2,/api/v1/routes/15502/startlist,/api/v1/routes/15502/results
/api/v1/events/1435/result/838,1435,full_results_url,IFSC Youth European Cup Imst 2025,LEAD U17 Women,finished,2025-10-02 07:18:43 UTC,2026-04-22 08:26:46 UTC,,10262,lead,Final,U17 Women,finished,2025-09-14 10:34:37 UTC,/api/v1/category_rounds/10262/results,lead_one_group_one_route,IFSC: 1 route,21,,,,,,,17340,1,/api/v1/routes/17340/startlist,/api/v1/routes/17340/results
/api/v1/events/1462/result/529,1462,full_results_url,IFSC Para Climbing World Championships Seoul 2025,LEAD Men B1,finished,2025-10-02 07:18:43 UTC,2026-04-23 07:56:18 UTC,,9885,lead,Qualification,Men B1,finished,2025-09-20 02:04:34 UTC,/api/v1/category_rounds/9885/results,lead_one_group_two_routes,IFSC: 2 routes,49,,,,,,,17345,1,/api/v1/routes/17345/startlist,/api/v1/routes/17345/results
/api/v1/events/1462/result/529,1462,full_results_url,IFSC Para Climbing World Championships Seoul 2025,LEAD Men B1,finished,2025-10-02 07:18:43 UTC,2026-04-23 07:56:18 UTC,,9885,lead,Qualification,Men B1,finished,2025-09-20 02:04:34 UTC,/api/v1/category_rounds/9885/results,lead_one_group_two_routes,IFSC: 2 routes,49,,,,,,,17346,2,/api/v1/routes/17346/startlist,/api/v1/routes/17346/results
/api/v1/events/1462/result/529,1462,full_results_url,IFSC Para Climbing World Championships Seoul 2025,LEAD Men B1,finished,2025-10-02 07:18:43 UTC,2026-04-23 07:56:18 UTC,,10265,lead,Final,Men B1,finished,2025-09-24 06:06:15 UTC,/api/v1/category_rounds/10265/results,lead_one_group_one_route,IFSC: 1 route,51,,,,,,,17385,1,/api/v1/routes/17385/startlist,/api/v1/routes/17385/results
/api/v1/events/1462/result/533,1462,full_results_url,IFSC Para Climbing World Championships Seoul 2025,LEAD Men B2,finished,2025-10-02 07:18:43 UTC,2026-04-23 07:56:27 UTC,,9886,lead,Qualification,Men B2,finished,2025-09-20 02:41:09 UTC,/api/v1/category_rounds/9886/results,lead_one_group_two_routes,IFSC: 2 routes,49,,,,,,,17347,1,/api/v1/routes/17347/startlist,/api/v1/routes/17347/results
/api/v1/events/1462/result/533,1462,full_results_url,IFSC Para Climbing World Championships Seoul 2025,LEAD Men B2,finished,2025-10-02 07:18:43 UTC,2026-04-23 07:56:27 UTC,,9886,lead,Qualification,Men B2,finished,2025-09-20 02:41:09 UTC,/api/v1/category_rounds/9886/results,lead_one_group_two_routes,IFSC: 2 routes,49,,,,,,,17348,2,/api/v1/routes/17348/startlist,/api/v1/routes/17348/results
/api/v1/events/1462/result/533,1462,full_results_url,IFSC Para Climbing World Championships Seoul 2025,LEAD Men B2,finished,2025-10-02 07:18:43 UTC,2026-04-23 07:56:27 UTC,,10266,lead,Final,Men B2,finished,2025-09-24 06:28:36 UTC,/api/v1/category_rounds/10266/results,lead_one_group_one_route,IFSC: 1 route,51,,,,,,,17386,1,/api/v1/routes/17386/startlist,/api/v1/routes/17386/results
/api/v1/events/1462/result/537,1462,full_results_url,IFSC Para Climbing World Championships Seoul 2025,LEAD Men B3,finished,2025-10-02 07:18:43 UTC,2026-04-23 07:56:39 UTC,,9887,lead,Qualification,Men B3,finished,2025-09-20 03:43:18 UTC,/api/v1/category_rounds/9887/results,lead_one_group_two_routes,IFSC: 2 routes,49,,,,,,,17349,1,/api/v1/routes/17349/startlist,/api/v1/routes/17349/results
/api/v1/events/1462/result/537,1462,full_results_url,IFSC Para Climbing World Championships Seoul 2025,LEAD Men B3,finished,2025-10-02 07:18:43 UTC,2026-04-23 07:56:39 UTC,,9887,lead,Qualification,Men B3,finished,2025-09-20 03:43:18 UTC,/api/v1/category_rounds/9887/results,lead_one_group_two_routes,IFSC: 2 routes,49,,,,,,,17350,2,/api/v1/routes/17350/startlist,/api/v1/routes/17350/results
/api/v1/events/1462/result/537,1462,full_results_url,IFSC Para Climbing World Championships Seoul 2025,LEAD Men B3,finished,2025-10-02 07:18:43 UTC,2026-04-23 07:56:39 UTC,,10267,lead,Final,Men B3,finished,2025-09-24 06:43:33 UTC,/api/v1/category_rounds/10267/results,lead_one_group_one_route,IFSC: 1 route,51,,,,,,,17387,1,/api/v1/routes/17387/startlist,/api/v1/routes/17387/results
/api/v1/events/1462/result/541,1462,full_results_url,IFSC Para Climbing World Championships Seoul 2025,LEAD Women B1,finished,2025-10-02 07:18:43 UTC,2026-04-23 07:58:08 UTC,,9888,lead,Qualification,Women B1,finished,2025-09-20 04:08:49 UTC,/api/v1/category_rounds/9888/results,lead_one_group_two_routes,IFSC: 2 routes,49,,,,,,,17351,1,/api/v1/routes/17351/startlist,/api/v1/routes/17351/results
/api/v1/events/1462/result/541,1462,full_results_url,IFSC Para Climbing World Championships Seoul 2025,LEAD Women B1,finished,2025-10-02 07:18:43 UTC,2026-04-23 07:58:08 UTC,,9888,lead,Qualification,Women B1,finished,2025-09-20 04:08:49 UTC,/api/v1/category_rounds/9888/results,lead_one_group_two_routes,IFSC: 2 routes,49,,,,,,,17352,2,/api/v1/routes/17352/startlist,/api/v1/routes/17352/results
/api/v1/events/1462/result/541,1462,full_results_url,IFSC Para Climbing World Championships Seoul 2025,LEAD Women B1,finished,2025-10-02 07:18:43 UTC,2026-04-23 07:58:08 UTC,,10268,lead,Final,Women B1,finished,2025-09-24 05:59:58 UTC,/api/v1/category_rounds/10268/results,lead_one_group_one_route,IFSC: 1 route,51,,,,,,,17388,1,/api/v1/routes/17388/startlist,/api/v1/routes/17388/results
/api/v1/events/1462/result/545,1462,full_results_url,IFSC Para Climbing World Championships Seoul 2025,LEAD Women B2,finished,2025-10-02 07:18:43 UTC,2026-04-23 07:58:19 UTC,,9889,lead,Qualification,Women B2,finished,2025-09-20 04:04:17 UTC,/api/v1/category_rounds/9889/results,lead_one_group_two_routes,IFSC: 2 routes,49,,,,,,,17353,1,/api/v1/routes/17353/startlist,/api/v1/routes/17353/results
/api/v1/events/1462/result/545,1462,full_results_url,IFSC Para Climbing World Championships Seoul 2025,LEAD Women B2,finished,2025-10-02 07:18:43 UTC,2026-04-23 07:58:19 UTC,,9889,lead,Qualification,Women B2,finished,2025-09-20 04:04:17 UTC,/api/v1/category_rounds/9889/results,lead_one_group_two_routes,IFSC: 2 routes,49,,,,,,,17354,2,/api/v1/routes/17354/startlist,/api/v1/routes/17354/results
/api/v1/events/1462/result/545,1462,full_results_url,IFSC Para Climbing World Championships Seoul 2025,LEAD Women B2,finished,2025-10-02 07:18:43 UTC,2026-04-23 07:58:19 UTC,,10269,lead,Final,Women B2,finished,2025-09-24 06:29:11 UTC,/api/v1/category_rounds/10269/results,lead_one_group_one_route,IFSC: 1 route,51,,,,,,,17389,1,/api/v1/routes/17389/startlist,/api/v1/routes/17389/results
/api/v1/events/1462/result/549,1462,full_results_url,IFSC Para Climbing World Championships Seoul 2025,LEAD Women B3,finished,2025-10-02 07:18:43 UTC,2026-04-23 07:58:27 UTC,,9890,lead,Qualification,Women B3,finished,2025-09-20 05:02:22 UTC,/api/v1/category_rounds/9890/results,lead_one_group_two_routes,IFSC: 2 routes,49,,,,,,,17355,1,/api/v1/routes/17355/startlist,/api/v1/routes/17355/results
/api/v1/events/1462/result/549,1462,full_results_url,IFSC Para Climbing World Championships Seoul 2025,LEAD Women B3,finished,2025-10-02 07:18:43 UTC,2026-04-23 07:58:27 UTC,,9890,lead,Qualification,Women B3,finished,2025-09-20 05:02:22 UTC,/api/v1/category_rounds/9890/results,lead_one_group_two_routes,IFSC: 2 routes,49,,,,,,,17356,2,/api/v1/routes/17356/startlist,/api/v1/routes/17356/results
/api/v1/events/1462/result/549,1462,full_results_url,IFSC Para Climbing World Championships Seoul 2025,LEAD Women B3,finished,2025-10-02 07:18:43 UTC,2026-04-23 07:58:27 UTC,,10270,lead,Final,Women B3,finished,2025-09-24 06:46:03 UTC,/api/v1/category_rounds/10270/results,lead_one_group_one_route,IFSC: 1 route,51,,,,,,,17390,1,/api/v1/routes/17390/startlist,/api/v1/routes/17390/results
/api/v1/events/1462/result/553,1462,full_results_url,IFSC Para Climbing World Championships Seoul 2025,LEAD AL1,finished,2025-10-02 07:18:43 UTC,2026-04-23 07:54:43 UTC,,9891,lead,Qualification,AL1,finished,2025-09-21 03:40:04 UTC,/api/v1/category_rounds/9891/results,lead_one_group_two_routes,IFSC: 2 routes,49,,,,,,,17357,1,/api/v1/routes/17357/startlist,/api/v1/routes/17357/results
/api/v1/events/1462/result/553,1462,full_results_url,IFSC Para Climbing World Championships Seoul 2025,LEAD AL1,finished,2025-10-02 07:18:43 UTC,2026-04-23 07:54:43 UTC,,9891,lead,Qualification,AL1,finished,2025-09-21 03:40:04 UTC,/api/v1/category_rounds/9891/results,lead_one_group_two_routes,IFSC: 2 routes,49,,,,,,,17358,2,/api/v1/routes/17358/startlist,/api/v1/routes/17358/results
/api/v1/events/1462/result/553,1462,full_results_url,IFSC Para Climbing World Championships Seoul 2025,LEAD AL1,finished,2025-10-02 07:18:43 UTC,2026-04-23 07:54:43 UTC,,10271,lead,Final,AL1,finished,2025-09-24 07:06:59 UTC,/api/v1/category_rounds/10271/results,lead_one_group_one_route,IFSC: 1 route,51,,,,,,,17391,1,/api/v1/routes/17391/startlist,/api/v1/routes/17391/results
/api/v1/events/1462/result/557,1462,full_results_url,IFSC Para Climbing World Championships Seoul 2025,LEAD Women AL1,registration_active,2025-10-02 07:18:43 UTC,NA,,9892,lead,Qualification,Women AL1,pending,2025-09-19 08:18:38 UTC,/api/v1/category_rounds/9892/results,lead_one_group_two_routes,IFSC: 2 routes,49,,,,,,,17359,1,/api/v1/routes/17359/startlist,/api/v1/routes/17359/results
/api/v1/events/1462/result/557,1462,full_results_url,IFSC Para Climbing World Championships Seoul 2025,LEAD Women AL1,registration_active,2025-10-02 07:18:43 UTC,NA,,9892,lead,Qualification,Women AL1,pending,2025-09-19 08:18:38 UTC,/api/v1/category_rounds/9892/results,lead_one_group_two_routes,IFSC: 2 routes,49,,,,,,,17360,2,/api/v1/routes/17360/startlist,/api/v1/routes/17360/results
/api/v1/events/1462/result/557,1462,full_results_url,IFSC Para Climbing World Championships Seoul 2025,LEAD Women AL1,registration_active,2025-10-02 07:18:43 UTC,NA,,10272,lead,Final,Women AL1,pending,2025-09-16 13:25:01 UTC,/api/v1/category_rounds/10272/results,lead_one_group_one_route,IFSC: 1 route,51,,,,,,,17392,1,/api/v1/routes/17392/startlist,/api/v1/routes/17392/results
/api/v1/events/1462/result/561,1462,full_results_url,IFSC Para Climbing World Championships Seoul 2025,LEAD Men AL2,finished,2025-10-02 07:18:43 UTC,2026-04-23 07:55:09 UTC,,9893,lead,Qualification,Men AL2,finished,2025-09-21 05:25:00 UTC,/api/v1/category_rounds/9893/results,lead_one_group_two_routes,IFSC: 2 routes,49,,,,,,,17361,1,/api/v1/routes/17361/startlist,/api/v1/routes/17361/results
/api/v1/events/1462/result/561,1462,full_results_url,IFSC Para Climbing World Championships Seoul 2025,LEAD Men AL2,finished,2025-10-02 07:18:43 UTC,2026-04-23 07:55:09 UTC,,9893,lead,Qualification,Men AL2,finished,2025-09-21 05:25:00 UTC,/api/v1/category_rounds/9893/results,lead_one_group_two_routes,IFSC: 2 routes,49,,,,,,,17362,2,/api/v1/routes/17362/startlist,/api/v1/routes/17362/results
/api/v1/events/1462/result/561,1462,full_results_url,IFSC Para Climbing World Championships Seoul 2025,LEAD Men AL2,finished,2025-10-02 07:18:43 UTC,2026-04-23 07:55:09 UTC,,10273,lead,Final,Men AL2,finished,2025-09-25 06:00:51 UTC,/api/v1/category_rounds/10273/results,lead_one_group_one_route,IFSC: 1 route,51,,,,,,,17393,1,/api/v1/routes/17393/startlist,/api/v1/routes/17393/results
/api/v1/events/1462/result/565,1462,full_results_url,IFSC Para Climbing World Championships Seoul 2025,LEAD Women AL2,finished,2025-10-02 07:18:43 UTC,2026-04-23 07:57:27 UTC,,9894,lead,Qualification,Women AL2,finished,2025-09-20 05:21:13 UTC,/api/v1/category_rounds/9894/results,lead_one_group_two_routes,IFSC: 2 routes,49,,,,,,,17363,1,/api/v1/routes/17363/startlist,/api/v1/routes/17363/results
/api/v1/events/1462/result/565,1462,full_results_url,IFSC Para Climbing World Championships Seoul 2025,LEAD Women AL2,finished,2025-10-02 07:18:43 UTC,2026-04-23 07:57:27 UTC,,9894,lead,Qualification,Women AL2,finished,2025-09-20 05:21:13 UTC,/api/v1/category_rounds/9894/results,lead_one_group_two_routes,IFSC: 2 routes,49,,,,,,,17364,2,/api/v1/routes/17364/startlist,/api/v1/routes/17364/results
/api/v1/events/1462/result/565,1462,full_results_url,IFSC Para Climbing World Championships Seoul 2025,LEAD Women AL2,finished,2025-10-02 07:18:43 UTC,2026-04-23 07:57:27 UTC,,10274,lead,Final,Women AL2,finished,2025-09-25 06:07:16 UTC,/api/v1/category_rounds/10274/results,lead_one_group_one_route,IFSC: 1 route,51,,,,,,,17394,1,/api/v1/routes/17394/startlist,/api/v1/routes/17394/results
/api/v1/events/1462/result/577,1462,full_results_url,IFSC Para Climbing World Championships Seoul 2025,LEAD Men AU2,finished,2025-10-02 07:18:43 UTC,2026-04-23 07:55:37 UTC,,9895,lead,Qualification,Men AU2,finished,2025-09-21 03:04:03 UTC,/api/v1/category_rounds/9895/results,lead_one_group_two_routes,IFSC: 2 routes,49,,,,,,,17365,1,/api/v1/routes/17365/startlist,/api/v1/routes/17365/results
/api/v1/events/1462/result/577,1462,full_results_url,IFSC Para Climbing World Championships Seoul 2025,LEAD Men AU2,finished,2025-10-02 07:18:43 UTC,2026-04-23 07:55:37 UTC,,9895,lead,Qualification,Men AU2,finished,2025-09-21 03:04:03 UTC,/api/v1/category_rounds/9895/results,lead_one_group_two_routes,IFSC: 2 routes,49,,,,,,,17366,2,/api/v1/routes/17366/startlist,/api/v1/routes/17366/results
/api/v1/events/1462/result/577,1462,full_results_url,IFSC Para Climbing World Championships Seoul 2025,LEAD Men AU2,finished,2025-10-02 07:18:43 UTC,2026-04-23 07:55:37 UTC,,10275,lead,Final,Men AU2,finished,2025-09-24 07:11:29 UTC,/api/v1/category_rounds/10275/results,lead_one_group_one_route,IFSC: 1 route,51,,,,,,,17395,1,/api/v1/routes/17395/startlist,/api/v1/routes/17395/results
/api/v1/events/1462/result/581,1462,full_results_url,IFSC Para Climbing World Championships Seoul 2025,LEAD Women AU2,finished,2025-10-02 07:18:43 UTC,2026-04-23 07:57:39 UTC,,9896,lead,Qualification,Women AU2,finished,2025-09-20 03:07:41 UTC,/api/v1/category_rounds/9896/results,lead_one_group_two_routes,IFSC: 2 routes,49,,,,,,,17367,1,/api/v1/routes/17367/startlist,/api/v1/routes/17367/results
/api/v1/events/1462/result/581,1462,full_results_url,IFSC Para Climbing World Championships Seoul 2025,LEAD Women AU2,finished,2025-10-02 07:18:43 UTC,2026-04-23 07:57:39 UTC,,9896,lead,Qualification,Women AU2,finished,2025-09-20 03:07:41 UTC,/api/v1/category_rounds/9896/results,lead_one_group_two_routes,IFSC: 2 routes,49,,,,,,,17368,2,/api/v1/routes/17368/startlist,/api/v1/routes/17368/results
/api/v1/events/1462/result/581,1462,full_results_url,IFSC Para Climbing World Championships Seoul 2025,LEAD Women AU2,finished,2025-10-02 07:18:43 UTC,2026-04-23 07:57:39 UTC,,10276,lead,Final,Women AU2,finished,2025-09-25 05:55:31 UTC,/api/v1/category_rounds/10276/results,lead_one_group_one_route,IFSC: 1 route,51,,,,,,,17396,1,/api/v1/routes/17396/startlist,/api/v1/routes/17396/results
/api/v1/events/1462/result/585,1462,full_results_url,IFSC Para Climbing World Championships Seoul 2025,LEAD Men RP1,finished,2025-10-02 07:18:43 UTC,2026-04-23 07:56:51 UTC,,9897,lead,Qualification,Men RP1,finished,2025-09-20 04:24:32 UTC,/api/v1/category_rounds/9897/results,lead_one_group_two_routes,IFSC: 2 routes,49,,,,,,,17369,1,/api/v1/routes/17369/startlist,/api/v1/routes/17369/results
/api/v1/events/1462/result/585,1462,full_results_url,IFSC Para Climbing World Championships Seoul 2025,LEAD Men RP1,finished,2025-10-02 07:18:43 UTC,2026-04-23 07:56:51 UTC,,9897,lead,Qualification,Men RP1,finished,2025-09-20 04:24:32 UTC,/api/v1/category_rounds/9897/results,lead_one_group_two_routes,IFSC: 2 routes,49,,,,,,,17370,2,/api/v1/routes/17370/startlist,/api/v1/routes/17370/results
/api/v1/events/1462/result/585,1462,full_results_url,IFSC Para Climbing World Championships Seoul 2025,LEAD Men RP1,finished,2025-10-02 07:18:43 UTC,2026-04-23 07:56:51 UTC,,10277,lead,Final,Men RP1,finished,2025-09-24 05:31:23 UTC,/api/v1/category_rounds/10277/results,lead_one_group_one_route,IFSC: 1 route,51,,,,,,,17397,1,/api/v1/routes/17397/startlist,/api/v1/routes/17397/results
/api/v1/events/1462/result/589,1462,full_results_url,IFSC Para Climbing World Championships Seoul 2025,LEAD Men RP2,finished,2025-10-02 07:18:43 UTC,2026-04-23 07:57:03 UTC,,9898,lead,Qualification,Men RP2,finished,2025-09-21 01:51:23 UTC,/api/v1/category_rounds/9898/results,lead_one_group_two_routes,IFSC: 2 routes,49,,,,,,,17371,1,/api/v1/routes/17371/startlist,/api/v1/routes/17371/results
/api/v1/events/1462/result/589,1462,full_results_url,IFSC Para Climbing World Championships Seoul 2025,LEAD Men RP2,finished,2025-10-02 07:18:43 UTC,2026-04-23 07:57:03 UTC,,9898,lead,Qualification,Men RP2,finished,2025-09-21 01:51:23 UTC,/api/v1/category_rounds/9898/results,lead_one_group_two_routes,IFSC: 2 routes,49,,,,,,,17372,2,/api/v1/routes/17372/startlist,/api/v1/routes/17372/results
/api/v1/events/1462/result/589,1462,full_results_url,IFSC Para Climbing World Championships Seoul 2025,LEAD Men RP2,finished,2025-10-02 07:18:43 UTC,2026-04-23 07:57:03 UTC,,10278,lead,Final,Men RP2,finished,2025-09-24 05:02:03 UTC,/api/v1/category_rounds/10278/results,lead_one_group_one_route,IFSC: 1 route,51,,,,,,,17398,1,/api/v1/routes/17398/startlist,/api/v1/routes/17398/results
/api/v1/events/1462/result/593,1462,full_results_url,IFSC Para Climbing World Championships Seoul 2025,LEAD Men RP3,finished,2025-10-02 07:18:43 UTC,2026-04-23 07:57:13 UTC,,9899,lead,Qualification,Men RP3,finished,2025-09-21 03:05:41 UTC,/api/v1/category_rounds/9899/results,lead_one_group_two_routes,IFSC: 2 routes,49,,,,,,,17373,1,/api/v1/routes/17373/startlist,/api/v1/routes/17373/results
/api/v1/events/1462/result/593,1462,full_results_url,IFSC Para Climbing World Championships Seoul 2025,LEAD Men RP3,finished,2025-10-02 07:18:43 UTC,2026-04-23 07:57:13 UTC,,9899,lead,Qualification,Men RP3,finished,2025-09-21 03:05:41 UTC,/api/v1/category_rounds/9899/results,lead_one_group_two_routes,IFSC: 2 routes,49,,,,,,,17374,2,/api/v1/routes/17374/startlist,/api/v1/routes/17374/results
/api/v1/events/1462/result/593,1462,full_results_url,IFSC Para Climbing World Championships Seoul 2025,LEAD Men RP3,finished,2025-10-02 07:18:43 UTC,2026-04-23 07:57:13 UTC,,10279,lead,Final,Men RP3,finished,2025-09-25 04:57:36 UTC,/api/v1/category_rounds/10279/results,lead_one_group_one_route,IFSC: 1 route,51,,,,,,,17399,1,/api/v1/routes/17399/startlist,/api/v1/routes/17399/results
/api/v1/events/1462/result/597,1462,full_results_url,IFSC Para Climbing World Championships Seoul 2025,LEAD Women RP1,finished,2025-10-02 07:18:43 UTC,2026-04-23 07:58:39 UTC,,9900,lead,Qualification,Women RP1,finished,2025-09-20 03:31:12 UTC,/api/v1/category_rounds/9900/results,lead_one_group_two_routes,IFSC: 2 routes,49,,,,,,,17375,1,/api/v1/routes/17375/startlist,/api/v1/routes/17375/results
/api/v1/events/1462/result/597,1462,full_results_url,IFSC Para Climbing World Championships Seoul 2025,LEAD Women RP1,finished,2025-10-02 07:18:43 UTC,2026-04-23 07:58:39 UTC,,9900,lead,Qualification,Women RP1,finished,2025-09-20 03:31:12 UTC,/api/v1/category_rounds/9900/results,lead_one_group_two_routes,IFSC: 2 routes,49,,,,,,,17376,2,/api/v1/routes/17376/startlist,/api/v1/routes/17376/results
/api/v1/events/1462/result/597,1462,full_results_url,IFSC Para Climbing World Championships Seoul 2025,LEAD Women RP1,finished,2025-10-02 07:18:43 UTC,2026-04-23 07:58:39 UTC,,10280,lead,Final,Women RP1,finished,2025-09-24 05:02:51 UTC,/api/v1/category_rounds/10280/results,lead_one_group_one_route,IFSC: 1 route,51,,,,,,,17400,1,/api/v1/routes/17400/startlist,/api/v1/routes/17400/results
/api/v1/events/1462/result/601,1462,full_results_url,IFSC Para Climbing World Championships Seoul 2025,LEAD Women RP2,finished,2025-10-02 07:18:43 UTC,2026-04-23 07:58:53 UTC,,9901,lead,Qualification,Women RP2,finished,2025-09-20 02:56:01 UTC,/api/v1/category_rounds/9901/results,lead_one_group_two_routes,IFSC: 2 routes,49,,,,,,,17377,1,/api/v1/routes/17377/startlist,/api/v1/routes/17377/results
/api/v1/events/1462/result/601,1462,full_results_url,IFSC Para Climbing World Championships Seoul 2025,LEAD Women RP2,finished,2025-10-02 07:18:43 UTC,2026-04-23 07:58:53 UTC,,9901,lead,Qualification,Women RP2,finished,2025-09-20 02:56:01 UTC,/api/v1/category_rounds/9901/results,lead_one_group_two_routes,IFSC: 2 routes,49,,,,,,,17378,2,/api/v1/routes/17378/startlist,/api/v1/routes/17378/results
/api/v1/events/1462/result/601,1462,full_results_url,IFSC Para Climbing World Championships Seoul 2025,LEAD Women RP2,finished,2025-10-02 07:18:43 UTC,2026-04-23 07:58:53 UTC,,10281,lead,Final,Women RP2,finished,2025-09-25 05:12:55 UTC,/api/v1/category_rounds/10281/results,lead_one_group_one_route,IFSC: 1 route,51,,,,,,,17401,1,/api/v1/routes/17401/startlist,/api/v1/routes/17401/results
/api/v1/events/1462/result/605,1462,full_results_url,IFSC Para Climbing World Championships Seoul 2025,LEAD Women RP3,finished,2025-10-02 07:18:43 UTC,2026-04-23 07:59:07 UTC,,9902,lead,Qualification,Women RP3,finished,2025-09-20 05:33:32 UTC,/api/v1/category_rounds/9902/results,lead_one_group_two_routes,IFSC: 2 routes,49,,,,,,,17379,1,/api/v1/routes/17379/startlist,/api/v1/routes/17379/results
/api/v1/events/1462/result/605,1462,full_results_url,IFSC Para Climbing World Championships Seoul 2025,LEAD Women RP3,finished,2025-10-02 07:18:43 UTC,2026-04-23 07:59:07 UTC,,9902,lead,Qualification,Women RP3,finished,2025-09-20 05:33:32 UTC,/api/v1/category_rounds/9902/results,lead_one_group_two_routes,IFSC: 2 routes,49,,,,,,,17380,2,/api/v1/routes/17380/startlist,/api/v1/routes/17380/results
/api/v1/events/1462/result/605,1462,full_results_url,IFSC Para Climbing World Championships Seoul 2025,LEAD Women RP3,finished,2025-10-02 07:18:43 UTC,2026-04-23 07:59:07 UTC,,10282,lead,Final,Women RP3,finished,2025-09-25 05:00:26 UTC,/api/v1/category_rounds/10282/results,lead_one_group_one_route,IFSC: 1 route,51,,,,,,,17402,1,/api/v1/routes/17402/startlist,/api/v1/routes/17402/results
/api/v1/events/1462/result/753,1462,full_results_url,IFSC Para Climbing World Championships Seoul 2025,LEAD Men AU3,finished,2025-10-02 07:18:43 UTC,2026-04-23 07:56:00 UTC,,9903,lead,Qualification,Men AU3,finished,2025-09-21 03:57:26 UTC,/api/v1/category_rounds/9903/results,lead_one_group_two_routes,IFSC: 2 routes,49,,,,,,,17381,1,/api/v1/routes/17381/startlist,/api/v1/routes/17381/results
/api/v1/events/1462/result/753,1462,full_results_url,IFSC Para Climbing World Championships Seoul 2025,LEAD Men AU3,finished,2025-10-02 07:18:43 UTC,2026-04-23 07:56:00 UTC,,9903,lead,Qualification,Men AU3,finished,2025-09-21 03:57:26 UTC,/api/v1/category_rounds/9903/results,lead_one_group_two_routes,IFSC: 2 routes,49,,,,,,,17382,2,/api/v1/routes/17382/startlist,/api/v1/routes/17382/results
/api/v1/events/1462/result/753,1462,full_results_url,IFSC Para Climbing World Championships Seoul 2025,LEAD Men AU3,finished,2025-10-02 07:18:43 UTC,2026-04-23 07:56:00 UTC,,10283,lead,Final,Men AU3,finished,2025-09-25 05:36:02 UTC,/api/v1/category_rounds/10283/results,lead_one_group_one_route,IFSC: 1 route,51,,,,,,,17403,1,/api/v1/routes/17403/startlist,/api/v1/routes/17403/results
/api/v1/events/1462/result/758,1462,full_results_url,IFSC Para Climbing World Championships Seoul 2025,LEAD Women AU3,finished,2025-10-02 07:18:43 UTC,2026-04-23 07:57:49 UTC,,9904,lead,Qualification,Women AU3,finished,2025-09-20 05:36:03 UTC,/api/v1/category_rounds/9904/results,lead_one_group_two_routes,IFSC: 2 routes,49,,,,,,,17383,1,/api/v1/routes/17383/startlist,/api/v1/routes/17383/results
/api/v1/events/1462/result/758,1462,full_results_url,IFSC Para Climbing World Championships Seoul 2025,LEAD Women AU3,finished,2025-10-02 07:18:43 UTC,2026-04-23 07:57:49 UTC,,9904,lead,Qualification,Women AU3,finished,2025-09-20 05:36:03 UTC,/api/v1/category_rounds/9904/results,lead_one_group_two_routes,IFSC: 2 routes,49,,,,,,,17384,2,/api/v1/routes/17384/startlist,/api/v1/routes/17384/results
/api/v1/events/1462/result/758,1462,full_results_url,IFSC Para Climbing World Championships Seoul 2025,LEAD Women AU3,finished,2025-10-02 07:18:43 UTC,2026-04-23 07:57:49 UTC,,10284,lead,Final,Women AU3,finished,2025-09-25 05:31:26 UTC,/api/v1/category_rounds/10284/results,lead_one_group_one_route,IFSC: 1 route,51,,,,,,,17404,1,/api/v1/routes/17404/startlist,/api/v1/routes/17404/results
/api/v1/events/1417/result/1,1417,full_results_url,IFSC World Championships Seoul 2025,LEAD Men,finished,2025-10-02 07:18:42 UTC,2026-04-22 08:26:50 UTC,,9413,lead,Qualification,Men,finished,2025-09-22 06:24:10 UTC,/api/v1/category_rounds/9413/results,lead_one_group_two_routes,IFSC: 2 routes,1,,,,,,,14360,1,/api/v1/routes/14360/startlist,/api/v1/routes/14360/results
/api/v1/events/1417/result/1,1417,full_results_url,IFSC World Championships Seoul 2025,LEAD Men,finished,2025-10-02 07:18:42 UTC,2026-04-22 08:26:50 UTC,,9413,lead,Qualification,Men,finished,2025-09-22 06:24:10 UTC,/api/v1/category_rounds/9413/results,lead_one_group_two_routes,IFSC: 2 routes,1,,,,,,,14361,2,/api/v1/routes/14361/startlist,/api/v1/routes/14361/results
/api/v1/events/1417/result/1,1417,full_results_url,IFSC World Championships Seoul 2025,LEAD Men,finished,2025-10-02 07:18:42 UTC,2026-04-22 08:26:50 UTC,,10285,lead,Semi-final,Men,finished,2025-09-26 03:50:48 UTC,/api/v1/category_rounds/10285/results,lead_one_group_one_route,IFSC: 1 route,2,,,,,,,17405,1,/api/v1/routes/17405/startlist,/api/v1/routes/17405/results
/api/v1/events/1417/result/1,1417,full_results_url,IFSC World Championships Seoul 2025,LEAD Men,finished,2025-10-02 07:18:42 UTC,2026-04-22 08:26:50 UTC,,10287,lead,Final,Men,finished,2025-09-26 12:02:37 UTC,/api/v1/category_rounds/10287/results,lead_one_group_one_route,IFSC: 1 route,3,,,,,,,17407,1,/api/v1/routes/17407/startlist,/api/v1/routes/17407/results
/api/v1/events/1417/result/5,1417,full_results_url,IFSC World Championships Seoul 2025,LEAD Women,finished,2025-10-02 07:18:42 UTC,2026-04-22 08:26:54 UTC,,9414,lead,Qualification,Women,finished,2025-09-22 06:20:35 UTC,/api/v1/category_rounds/9414/results,lead_one_group_two_routes,IFSC: 2 routes,1,,,,,,,14362,1,/api/v1/routes/14362/startlist,/api/v1/routes/14362/results
/api/v1/events/1417/result/5,1417,full_results_url,IFSC World Championships Seoul 2025,LEAD Women,finished,2025-10-02 07:18:42 UTC,2026-04-22 08:26:54 UTC,,9414,lead,Qualification,Women,finished,2025-09-22 06:20:35 UTC,/api/v1/category_rounds/9414/results,lead_one_group_two_routes,IFSC: 2 routes,1,,,,,,,14363,2,/api/v1/routes/14363/startlist,/api/v1/routes/14363/results
/api/v1/events/1417/result/5,1417,full_results_url,IFSC World Championships Seoul 2025,LEAD Women,finished,2025-10-02 07:18:42 UTC,2026-04-22 08:26:54 UTC,,10286,lead,Semi-final,Women,finished,2025-09-26 03:39:54 UTC,/api/v1/category_rounds/10286/results,lead_one_group_one_route,IFSC: 1 route,2,,,,,,,17406,1,/api/v1/routes/17406/startlist,/api/v1/routes/17406/results
/api/v1/events/1417/result/5,1417,full_results_url,IFSC World Championships Seoul 2025,LEAD Women,finished,2025-10-02 07:18:42 UTC,2026-04-22 08:26:54 UTC,,10288,lead,Final,Women,finished,2025-09-26 11:01:20 UTC,/api/v1/category_rounds/10288/results,lead_one_group_one_route,IFSC: 1 route,3,,,,,,,17408,1,/api/v1/routes/17408/startlist,/api/v1/routes/17408/results
/api/v1/events/1417/result/2,1417,full_results_url,IFSC World Championships Seoul 2025,SPEED Men,finished,2025-10-02 07:18:42 UTC,2026-04-22 08:26:57 UTC,,9415,speed,Qualification,Men,finished,2025-09-25 02:31:40 UTC,/api/v1/category_rounds/9415/results,speed_qualification_ifsc_2025,IFSC 2025: Qualification,1,,,,,,,17303,A,/api/v1/routes/17303/startlist,
/api/v1/events/1417/result/2,1417,full_results_url,IFSC World Championships Seoul 2025,SPEED Men,finished,2025-10-02 07:18:42 UTC,2026-04-22 08:26:57 UTC,,9415,speed,Qualification,Men,finished,2025-09-25 02:31:40 UTC,/api/v1/category_rounds/9415/results,speed_qualification_ifsc_2025,IFSC 2025: Qualification,1,,,,,,,17304,B,/api/v1/routes/17304/startlist,
/api/v1/events/1417/result/2,1417,full_results_url,IFSC World Championships Seoul 2025,SPEED Men,finished,2025-10-02 07:18:42 UTC,2026-04-22 08:26:57 UTC,,10289,speed,Final,Men,finished,2025-09-25 11:46:54 UTC,/api/v1/category_rounds/10289/results,speed_elimination_ifsc_2023,IFSC 2023+: Elimination,3,,,,,,,17409,A,/api/v1/routes/17409/startlist,
/api/v1/events/1417/result/2,1417,full_results_url,IFSC World Championships Seoul 2025,SPEED Men,finished,2025-10-02 07:18:42 UTC,2026-04-22 08:26:57 UTC,,10289,speed,Final,Men,finished,2025-09-25 11:46:54 UTC,/api/v1/category_rounds/10289/results,speed_elimination_ifsc_2023,IFSC 2023+: Elimination,3,,,,,,,17410,B,/api/v1/routes/17410/startlist,
/api/v1/events/1417/result/6,1417,full_results_url,IFSC World Championships Seoul 2025,SPEED Women,finished,2025-10-02 07:18:42 UTC,2026-04-22 08:27:01 UTC,,9416,speed,Qualification,Women,finished,2025-09-24 01:59:21 UTC,/api/v1/category_rounds/9416/results,speed_qualification_ifsc_2025,IFSC 2025: Qualification,1,,,,,,,17305,A,/api/v1/routes/17305/startlist,
/api/v1/events/1417/result/6,1417,full_results_url,IFSC World Championships Seoul 2025,SPEED Women,finished,2025-10-02 07:18:42 UTC,2026-04-22 08:27:01 UTC,,9416,speed,Qualification,Women,finished,2025-09-24 01:59:21 UTC,/api/v1/category_rounds/9416/results,speed_qualification_ifsc_2025,IFSC 2025: Qualification,1,,,,,,,17306,B,/api/v1/routes/17306/startlist,
/api/v1/events/1417/result/6,1417,full_results_url,IFSC World Championships Seoul 2025,SPEED Women,finished,2025-10-02 07:18:42 UTC,2026-04-22 08:27:01 UTC,,10290,speed,Final,Women,finished,2025-09-24 11:46:58 UTC,/api/v1/category_rounds/10290/results,speed_elimination_ifsc_2023,IFSC 2023+: Elimination,3,,,,,,,17411,A,/api/v1/routes/17411/startlist,
/api/v1/events/1417/result/6,1417,full_results_url,IFSC World Championships Seoul 2025,SPEED Women,finished,2025-10-02 07:18:42 UTC,2026-04-22 08:27:01 UTC,,10290,speed,Final,Women,finished,2025-09-24 11:46:58 UTC,/api/v1/category_rounds/10290/results,speed_elimination_ifsc_2023,IFSC 2023+: Elimination,3,,,,,,,17412,B,/api/v1/routes/17412/startlist,
/api/v1/events/1417/result/3,1417,full_results_url,IFSC World Championships Seoul 2025,BOULDER Men,finished,2025-10-02 07:18:42 UTC,2026-04-22 08:27:05 UTC,,10291,boulder,Semi-final,Men,finished,2025-09-28 03:39:28 UTC,/api/v1/category_rounds/10291/results,boulder_one_group_ifsc_2025,IFSC: 1 group 2025 (points),2,,,,,,,17413,1,/api/v1/routes/17413/startlist,
/api/v1/events/1417/result/3,1417,full_results_url,IFSC World Championships Seoul 2025,BOULDER Men,finished,2025-10-02 07:18:42 UTC,2026-04-22 08:27:05 UTC,,10291,boulder,Semi-final,Men,finished,2025-09-28 03:39:28 UTC,/api/v1/category_rounds/10291/results,boulder_one_group_ifsc_2025,IFSC: 1 group 2025 (points),2,,,,,,,17414,2,/api/v1/routes/17414/startlist,
/api/v1/events/1417/result/3,1417,full_results_url,IFSC World Championships Seoul 2025,BOULDER Men,finished,2025-10-02 07:18:42 UTC,2026-04-22 08:27:05 UTC,,10291,boulder,Semi-final,Men,finished,2025-09-28 03:39:28 UTC,/api/v1/category_rounds/10291/results,boulder_one_group_ifsc_2025,IFSC: 1 group 2025 (points),2,,,,,,,17415,3,/api/v1/routes/17415/startlist,
/api/v1/events/1417/result/3,1417,full_results_url,IFSC World Championships Seoul 2025,BOULDER Men,finished,2025-10-02 07:18:42 UTC,2026-04-22 08:27:05 UTC,,10291,boulder,Semi-final,Men,finished,2025-09-28 03:39:28 UTC,/api/v1/category_rounds/10291/results,boulder_one_group_ifsc_2025,IFSC: 1 group 2025 (points),2,,,,,,,17416,4,/api/v1/routes/17416/startlist,
/api/v1/events/1417/result/3,1417,full_results_url,IFSC World Championships Seoul 2025,BOULDER Men,finished,2025-10-02 07:18:42 UTC,2026-04-22 08:27:05 UTC,,10293,boulder,Final,Men,finished,2025-09-28 11:43:07 UTC,/api/v1/category_rounds/10293/results,boulder_finals_ifsc_2025,IFSC: finals 2025 (points),3,,,,,,,17421,1,/api/v1/routes/17421/startlist,
/api/v1/events/1417/result/3,1417,full_results_url,IFSC World Championships Seoul 2025,BOULDER Men,finished,2025-10-02 07:18:42 UTC,2026-04-22 08:27:05 UTC,,10293,boulder,Final,Men,finished,2025-09-28 11:43:07 UTC,/api/v1/category_rounds/10293/results,boulder_finals_ifsc_2025,IFSC: finals 2025 (points),3,,,,,,,17422,2,/api/v1/routes/17422/startlist,
/api/v1/events/1417/result/3,1417,full_results_url,IFSC World Championships Seoul 2025,BOULDER Men,finished,2025-10-02 07:18:42 UTC,2026-04-22 08:27:05 UTC,,10293,boulder,Final,Men,finished,2025-09-28 11:43:07 UTC,/api/v1/category_rounds/10293/results,boulder_finals_ifsc_2025,IFSC: finals 2025 (points),3,,,,,,,17423,3,/api/v1/routes/17423/startlist,
/api/v1/events/1417/result/3,1417,full_results_url,IFSC World Championships Seoul 2025,BOULDER Men,finished,2025-10-02 07:18:42 UTC,2026-04-22 08:27:05 UTC,,10293,boulder,Final,Men,finished,2025-09-28 11:43:07 UTC,/api/v1/category_rounds/10293/results,boulder_finals_ifsc_2025,IFSC: finals 2025 (points),3,,,,,,,17424,4,/api/v1/routes/17424/startlist,
/api/v1/events/1417/result/7,1417,full_results_url,IFSC World Championships Seoul 2025,BOULDER Women,finished,2025-10-02 07:18:42 UTC,2026-04-22 08:27:09 UTC,,10292,boulder,Semi-final,Women,finished,2025-09-27 03:45:31 UTC,/api/v1/category_rounds/10292/results,boulder_one_group_ifsc_2025,IFSC: 1 group 2025 (points),2,,,,,,,17417,1,/api/v1/routes/17417/startlist,
/api/v1/events/1417/result/7,1417,full_results_url,IFSC World Championships Seoul 2025,BOULDER Women,finished,2025-10-02 07:18:42 UTC,2026-04-22 08:27:09 UTC,,10292,boulder,Semi-final,Women,finished,2025-09-27 03:45:31 UTC,/api/v1/category_rounds/10292/results,boulder_one_group_ifsc_2025,IFSC: 1 group 2025 (points),2,,,,,,,17418,2,/api/v1/routes/17418/startlist,
/api/v1/events/1417/result/7,1417,full_results_url,IFSC World Championships Seoul 2025,BOULDER Women,finished,2025-10-02 07:18:42 UTC,2026-04-22 08:27:09 UTC,,10292,boulder,Semi-final,Women,finished,2025-09-27 03:45:31 UTC,/api/v1/category_rounds/10292/results,boulder_one_group_ifsc_2025,IFSC: 1 group 2025 (points),2,,,,,,,17419,3,/api/v1/routes/17419/startlist,
/api/v1/events/1417/result/7,1417,full_results_url,IFSC World Championships Seoul 2025,BOULDER Women,finished,2025-10-02 07:18:42 UTC,2026-04-22 08:27:09 UTC,,10292,boulder,Semi-final,Women,finished,2025-09-27 03:45:31 UTC,/api/v1/category_rounds/10292/results,boulder_one_group_ifsc_2025,IFSC: 1 group 2025 (points),2,,,,,,,17420,4,/api/v1/routes/17420/startlist,
/api/v1/events/1417/result/7,1417,full_results_url,IFSC World Championships Seoul 2025,BOULDER Women,finished,2025-10-02 07:18:42 UTC,2026-04-22 08:27:09 UTC,,10294,boulder,Final,Women,finished,2025-09-27 11:41:20 UTC,/api/v1/category_rounds/10294/results,boulder_finals_ifsc_2025,IFSC: finals 2025 (points),3,,,,,,,17425,1,/api/v1/routes/17425/startlist,
/api/v1/events/1417/result/7,1417,full_results_url,IFSC World Championships Seoul 2025,BOULDER Women,finished,2025-10-02 07:18:42 UTC,2026-04-22 08:27:09 UTC,,10294,boulder,Final,Women,finished,2025-09-27 11:41:20 UTC,/api/v1/category_rounds/10294/results,boulder_finals_ifsc_2025,IFSC: finals 2025 (points),3,,,,,,,17426,2,/api/v1/routes/17426/startlist,
/api/v1/events/1417/result/7,1417,full_results_url,IFSC World Championships Seoul 2025,BOULDER Women,finished,2025-10-02 07:18:42 UTC,2026-04-22 08:27:09 UTC,,10294,boulder,Final,Women,finished,2025-09-27 11:41:20 UTC,/api/v1/category_rounds/10294/results,boulder_finals_ifsc_2025,IFSC: finals 2025 (points),3,,,,,,,17427,3,/api/v1/routes/17427/startlist,
/api/v1/events/1417/result/7,1417,full_results_url,IFSC World Championships Seoul 2025,BOULDER Women,finished,2025-10-02 07:18:42 UTC,2026-04-22 08:27:09 UTC,,10294,boulder,Final,Women,finished,2025-09-27 11:41:20 UTC,/api/v1/category_rounds/10294/results,boulder_finals_ifsc_2025,IFSC: finals 2025 (points),3,,,,,,,17428,4,/api/v1/routes/17428/startlist,
/api/v1/events/1473/result/529,1473,full_results_url,IFSC Para Climbing Master Fukuoka 2025,LEAD Men B1,registration_pending,2025-10-02 07:18:44 UTC,NA,,10193,lead,Qualification,Men B1,pending,2025-10-19 09:06:28 UTC,/api/v1/category_rounds/10193/results,lead_one_group_one_route,IFSC: 1 route,49,,,,,,,17700,1,/api/v1/routes/17700/startlist,/api/v1/routes/17700/results
/api/v1/events/1473/result/529,1473,full_results_url,IFSC Para Climbing Master Fukuoka 2025,LEAD Men B1,registration_pending,2025-10-02 07:18:44 UTC,NA,,10297,lead,Final,Men B1,pending,2025-10-19 09:06:35 UTC,/api/v1/category_rounds/10297/results,lead_one_group_one_route,IFSC: 1 route,51,,,,,,,17713,1,/api/v1/routes/17713/startlist,/api/v1/routes/17713/results
/api/v1/events/1473/result/533,1473,full_results_url,IFSC Para Climbing Master Fukuoka 2025,LEAD Men B2,registration_pending,2025-10-02 07:18:44 UTC,NA,,10242,lead,Qualification,Men B2,pending,2025-10-19 09:06:28 UTC,/api/v1/category_rounds/10242/results,lead_one_group_one_route,IFSC: 1 route,49,,,,,,,17704,1,/api/v1/routes/17704/startlist,/api/v1/routes/17704/results
/api/v1/events/1473/result/533,1473,full_results_url,IFSC Para Climbing Master Fukuoka 2025,LEAD Men B2,registration_pending,2025-10-02 07:18:44 UTC,NA,,10298,lead,Final,Men B2,pending,2025-10-19 09:06:35 UTC,/api/v1/category_rounds/10298/results,lead_one_group_one_route,IFSC: 1 route,51,,,,,,,17714,1,/api/v1/routes/17714/startlist,/api/v1/routes/17714/results
/api/v1/events/1473/result/537,1473,full_results_url,IFSC Para Climbing Master Fukuoka 2025,LEAD Men B3,registration_pending,2025-10-02 07:18:44 UTC,NA,,10241,lead,Qualification,Men B3,pending,2025-10-19 09:06:28 UTC,/api/v1/category_rounds/10241/results,lead_one_group_one_route,IFSC: 1 route,49,,,,,,,17703,1,/api/v1/routes/17703/startlist,/api/v1/routes/17703/results
/api/v1/events/1473/result/537,1473,full_results_url,IFSC Para Climbing Master Fukuoka 2025,LEAD Men B3,registration_pending,2025-10-02 07:18:44 UTC,NA,,10299,lead,Final,Men B3,pending,2025-10-19 09:06:35 UTC,/api/v1/category_rounds/10299/results,lead_one_group_one_route,IFSC: 1 route,51,,,,,,,17715,1,/api/v1/routes/17715/startlist,/api/v1/routes/17715/results
/api/v1/events/1473/result/541,1473,full_results_url,IFSC Para Climbing Master Fukuoka 2025,LEAD Women B1,registration_pending,2025-10-02 07:18:44 UTC,NA,,10247,lead,Qualification,Women B1,pending,2025-10-19 09:06:29 UTC,/api/v1/category_rounds/10247/results,lead_one_group_one_route,IFSC: 1 route,49,,,,,,,17709,1,/api/v1/routes/17709/startlist,/api/v1/routes/17709/results
/api/v1/events/1473/result/541,1473,full_results_url,IFSC Para Climbing Master Fukuoka 2025,LEAD Women B1,registration_pending,2025-10-02 07:18:44 UTC,NA,,10300,lead,Final,Women B1,pending,2025-10-19 09:06:35 UTC,/api/v1/category_rounds/10300/results,lead_one_group_one_route,IFSC: 1 route,51,,,,,,,17716,1,/api/v1/routes/17716/startlist,/api/v1/routes/17716/results
/api/v1/events/1473/result/549,1473,full_results_url,IFSC Para Climbing Master Fukuoka 2025,LEAD Women B3,registration_pending,2025-10-02 07:18:44 UTC,NA,,10248,lead,Qualification,Women B3,pending,2025-10-19 09:06:29 UTC,/api/v1/category_rounds/10248/results,lead_one_group_one_route,IFSC: 1 route,49,,,,,,,17710,1,/api/v1/routes/17710/startlist,/api/v1/routes/17710/results
/api/v1/events/1473/result/549,1473,full_results_url,IFSC Para Climbing Master Fukuoka 2025,LEAD Women B3,registration_pending,2025-10-02 07:18:44 UTC,NA,,10302,lead,Final,Women B3,pending,2025-10-19 09:06:35 UTC,/api/v1/category_rounds/10302/results,lead_one_group_one_route,IFSC: 1 route,51,,,,,,,17718,1,/api/v1/routes/17718/startlist,/api/v1/routes/17718/results
/api/v1/events/1473/result/553,1473,full_results_url,IFSC Para Climbing Master Fukuoka 2025,LEAD Men AL1,registration_pending,2025-10-02 07:18:44 UTC,NA,,10244,lead,Qualification,Men AL1,pending,2025-10-19 09:06:28 UTC,/api/v1/category_rounds/10244/results,lead_one_group_one_route,IFSC: 1 route,49,,,,,,,17706,1,/api/v1/routes/17706/startlist,/api/v1/routes/17706/results
/api/v1/events/1473/result/553,1473,full_results_url,IFSC Para Climbing Master Fukuoka 2025,LEAD Men AL1,registration_pending,2025-10-02 07:18:44 UTC,NA,,10303,lead,Final,Men AL1,pending,2025-10-19 09:06:35 UTC,/api/v1/category_rounds/10303/results,lead_one_group_one_route,IFSC: 1 route,51,,,,,,,17719,1,/api/v1/routes/17719/startlist,/api/v1/routes/17719/results
/api/v1/events/1473/result/561,1473,full_results_url,IFSC Para Climbing Master Fukuoka 2025,LEAD Men AL2,registration_pending,2025-10-02 07:18:44 UTC,NA,,10181,lead,Qualification,Men AL2,pending,2025-10-19 09:06:28 UTC,/api/v1/category_rounds/10181/results,lead_one_group_one_route,IFSC: 1 route,49,,,,,,,17694,1,/api/v1/routes/17694/startlist,/api/v1/routes/17694/results
/api/v1/events/1473/result/561,1473,full_results_url,IFSC Para Climbing Master Fukuoka 2025,LEAD Men AL2,registration_pending,2025-10-02 07:18:44 UTC,NA,,10305,lead,Final,Men AL2,pending,2025-10-19 09:06:35 UTC,/api/v1/category_rounds/10305/results,lead_one_group_one_route,IFSC: 1 route,51,,,,,,,17721,1,/api/v1/routes/17721/startlist,/api/v1/routes/17721/results
/api/v1/events/1473/result/577,1473,full_results_url,IFSC Para Climbing Master Fukuoka 2025,LEAD Men AU2,registration_active,2025-10-14 07:10:00 UTC,NA,,10183,lead,Qualification,Men AU2,pending,2025-10-19 09:06:28 UTC,/api/v1/category_rounds/10183/results,lead_one_group_one_route,IFSC: 1 route,49,,,,,,,17696,1,/api/v1/routes/17696/startlist,/api/v1/routes/17696/results
/api/v1/events/1473/result/577,1473,full_results_url,IFSC Para Climbing Master Fukuoka 2025,LEAD Men AU2,registration_active,2025-10-14 07:10:00 UTC,NA,,10307,lead,Final,Men AU2,pending,2025-10-19 09:06:35 UTC,/api/v1/category_rounds/10307/results,lead_one_group_one_route,IFSC: 1 route,51,,,,,,,17723,1,/api/v1/routes/17723/startlist,/api/v1/routes/17723/results
/api/v1/events/1473/result/585,1473,full_results_url,IFSC Para Climbing Master Fukuoka 2025,LEAD Men RP1,registration_pending,2025-10-02 07:18:44 UTC,NA,,10185,lead,Qualification,Men RP1,pending,2025-10-19 09:06:28 UTC,/api/v1/category_rounds/10185/results,lead_one_group_one_route,IFSC: 1 route,49,,,,,,,17698,1,/api/v1/routes/17698/startlist,/api/v1/routes/17698/results
/api/v1/events/1473/result/585,1473,full_results_url,IFSC Para Climbing Master Fukuoka 2025,LEAD Men RP1,registration_pending,2025-10-02 07:18:44 UTC,NA,,10309,lead,Final,Men RP1,pending,2025-10-19 09:06:36 UTC,/api/v1/category_rounds/10309/results,lead_one_group_one_route,IFSC: 1 route,51,,,,,,,17725,1,/api/v1/routes/17725/startlist,/api/v1/routes/17725/results
/api/v1/events/1473/result/593,1473,full_results_url,IFSC Para Climbing Master Fukuoka 2025,LEAD Men RP3,registration_pending,2025-10-02 07:18:44 UTC,NA,,10239,lead,Qualification,Men RP3,pending,2025-10-19 09:06:28 UTC,/api/v1/category_rounds/10239/results,lead_one_group_one_route,IFSC: 1 route,49,,,,,,,17701,1,/api/v1/routes/17701/startlist,/api/v1/routes/17701/results
/api/v1/events/1473/result/593,1473,full_results_url,IFSC Para Climbing Master Fukuoka 2025,LEAD Men RP3,registration_pending,2025-10-02 07:18:44 UTC,NA,,10311,lead,Final,Men RP3,pending,2025-10-19 09:06:36 UTC,/api/v1/category_rounds/10311/results,lead_one_group_one_route,IFSC: 1 route,51,,,,,,,17727,1,/api/v1/routes/17727/startlist,/api/v1/routes/17727/results
/api/v1/events/1473/result/605,1473,full_results_url,IFSC Para Climbing Master Fukuoka 2025,LEAD Women RP3,registration_pending,2025-10-02 07:18:44 UTC,NA,,10254,lead,Qualification,Women RP3,pending,2025-10-19 09:06:29 UTC,/api/v1/category_rounds/10254/results,lead_one_group_one_route,IFSC: 1 route,49,,,,,,,17712,1,/api/v1/routes/17712/startlist,/api/v1/routes/17712/results
/api/v1/events/1473/result/605,1473,full_results_url,IFSC Para Climbing Master Fukuoka 2025,LEAD Women RP3,registration_pending,2025-10-02 07:18:44 UTC,NA,,10314,lead,Final,Women RP3,pending,2025-10-19 09:06:36 UTC,/api/v1/category_rounds/10314/results,lead_one_group_one_route,IFSC: 1 route,51,,,,,,,17730,1,/api/v1/routes/17730/startlist,/api/v1/routes/17730/results
/api/v1/events/1473/result/753,1473,full_results_url,IFSC Para Climbing Master Fukuoka 2025,LEAD Men AU3,registration_pending,2025-10-02 07:18:44 UTC,NA,,10243,lead,Qualification,Men AU3,pending,2025-10-19 09:06:28 UTC,/api/v1/category_rounds/10243/results,lead_one_group_one_route,IFSC: 1 route,49,,,,,,,17705,1,/api/v1/routes/17705/startlist,/api/v1/routes/17705/results
/api/v1/events/1473/result/753,1473,full_results_url,IFSC Para Climbing Master Fukuoka 2025,LEAD Men AU3,registration_pending,2025-10-02 07:18:44 UTC,NA,,10315,lead,Final,Men AU3,pending,2025-10-19 09:06:36 UTC,/api/v1/category_rounds/10315/results,lead_one_group_one_route,IFSC: 1 route,51,,,,,,,17731,1,/api/v1/routes/17731/startlist,/api/v1/routes/17731/results
/api/v1/events/1471/result/393,1471,full_results_url,IFSC Nations Grand Finale Fukuoka 2025,LEAD Men,registration_pending,2025-10-02 07:18:44 UTC,NA,,10169,lead,Qualification,Men,pending,2025-07-31 13:17:35 UTC,/api/v1/category_rounds/10169/results,lead_one_group_two_routes,IFSC: 2 routes,37,,,,,,,17195,A,/api/v1/routes/17195/startlist,/api/v1/routes/17195/results
/api/v1/events/1471/result/393,1471,full_results_url,IFSC Nations Grand Finale Fukuoka 2025,LEAD Men,registration_pending,2025-10-02 07:18:44 UTC,NA,,10169,lead,Qualification,Men,pending,2025-07-31 13:17:35 UTC,/api/v1/category_rounds/10169/results,lead_one_group_two_routes,IFSC: 2 routes,37,,,,,,,17196,B,/api/v1/routes/17196/startlist,/api/v1/routes/17196/results
/api/v1/events/1471/result/393,1471,full_results_url,IFSC Nations Grand Finale Fukuoka 2025,LEAD Men,registration_pending,2025-10-02 07:18:44 UTC,NA,,10339,lead,Final,Men,pending,2025-10-23 08:57:49 UTC,/api/v1/category_rounds/10339/results,lead_one_group_one_route,IFSC: 1 route,39,,,,,,,17797,A,/api/v1/routes/17797/startlist,/api/v1/routes/17797/results
/api/v1/events/1471/result/413,1471,full_results_url,IFSC Nations Grand Finale Fukuoka 2025,LEAD Women,registration_pending,2025-10-02 07:18:44 UTC,NA,,10170,lead,Qualification,Women,pending,2025-07-31 13:17:35 UTC,/api/v1/category_rounds/10170/results,lead_one_group_two_routes,IFSC: 2 routes,37,,,,,,,17197,A,/api/v1/routes/17197/startlist,/api/v1/routes/17197/results
/api/v1/events/1471/result/413,1471,full_results_url,IFSC Nations Grand Finale Fukuoka 2025,LEAD Women,registration_pending,2025-10-02 07:18:44 UTC,NA,,10170,lead,Qualification,Women,pending,2025-07-31 13:17:35 UTC,/api/v1/category_rounds/10170/results,lead_one_group_two_routes,IFSC: 2 routes,37,,,,,,,17198,B,/api/v1/routes/17198/startlist,/api/v1/routes/17198/results
/api/v1/events/1471/result/413,1471,full_results_url,IFSC Nations Grand Finale Fukuoka 2025,LEAD Women,registration_pending,2025-10-02 07:18:44 UTC,NA,,10340,lead,Final,Women,pending,2025-10-23 08:57:49 UTC,/api/v1/category_rounds/10340/results,lead_one_group_one_route,IFSC: 1 route,39,,,,,,,17798,B,/api/v1/routes/17798/startlist,/api/v1/routes/17798/results
/api/v1/events/1471/result/395,1471,full_results_url,IFSC Nations Grand Finale Fukuoka 2025,BOULDER Men,registration_pending,2025-10-02 07:18:44 UTC,NA,,10171,boulder,Qualification,Men,pending,2025-07-31 13:17:35 UTC,/api/v1/category_rounds/10171/results,boulder_one_group_ifsc_2025,IFSC: 1 group 2025 (points),37,,,,,,,17199,1,/api/v1/routes/17199/startlist,
/api/v1/events/1471/result/395,1471,full_results_url,IFSC Nations Grand Finale Fukuoka 2025,BOULDER Men,registration_pending,2025-10-02 07:18:44 UTC,NA,,10171,boulder,Qualification,Men,pending,2025-07-31 13:17:35 UTC,/api/v1/category_rounds/10171/results,boulder_one_group_ifsc_2025,IFSC: 1 group 2025 (points),37,,,,,,,17200,2,/api/v1/routes/17200/startlist,
/api/v1/events/1471/result/395,1471,full_results_url,IFSC Nations Grand Finale Fukuoka 2025,BOULDER Men,registration_pending,2025-10-02 07:18:44 UTC,NA,,10171,boulder,Qualification,Men,pending,2025-07-31 13:17:35 UTC,/api/v1/category_rounds/10171/results,boulder_one_group_ifsc_2025,IFSC: 1 group 2025 (points),37,,,,,,,17201,3,/api/v1/routes/17201/startlist,
/api/v1/events/1471/result/395,1471,full_results_url,IFSC Nations Grand Finale Fukuoka 2025,BOULDER Men,registration_pending,2025-10-02 07:18:44 UTC,NA,,10171,boulder,Qualification,Men,pending,2025-07-31 13:17:35 UTC,/api/v1/category_rounds/10171/results,boulder_one_group_ifsc_2025,IFSC: 1 group 2025 (points),37,,,,,,,17202,4,/api/v1/routes/17202/startlist,
/api/v1/events/1471/result/395,1471,full_results_url,IFSC Nations Grand Finale Fukuoka 2025,BOULDER Men,registration_pending,2025-10-02 07:18:44 UTC,NA,,10171,boulder,Qualification,Men,pending,2025-07-31 13:17:35 UTC,/api/v1/category_rounds/10171/results,boulder_one_group_ifsc_2025,IFSC: 1 group 2025 (points),37,,,,,,,17203,5,/api/v1/routes/17203/startlist,
/api/v1/events/1471/result/415,1471,full_results_url,IFSC Nations Grand Finale Fukuoka 2025,BOULDER Women,registration_pending,2025-10-02 07:18:44 UTC,NA,,10172,boulder,Qualification,Women,pending,2025-07-31 13:17:35 UTC,/api/v1/category_rounds/10172/results,boulder_one_group_ifsc_2025,IFSC: 1 group 2025 (points),37,,,,,,,17204,1,/api/v1/routes/17204/startlist,
/api/v1/events/1471/result/415,1471,full_results_url,IFSC Nations Grand Finale Fukuoka 2025,BOULDER Women,registration_pending,2025-10-02 07:18:44 UTC,NA,,10172,boulder,Qualification,Women,pending,2025-07-31 13:17:35 UTC,/api/v1/category_rounds/10172/results,boulder_one_group_ifsc_2025,IFSC: 1 group 2025 (points),37,,,,,,,17205,2,/api/v1/routes/17205/startlist,
/api/v1/events/1471/result/415,1471,full_results_url,IFSC Nations Grand Finale Fukuoka 2025,BOULDER Women,registration_pending,2025-10-02 07:18:44 UTC,NA,,10172,boulder,Qualification,Women,pending,2025-07-31 13:17:35 UTC,/api/v1/category_rounds/10172/results,boulder_one_group_ifsc_2025,IFSC: 1 group 2025 (points),37,,,,,,,17206,3,/api/v1/routes/17206/startlist,
/api/v1/events/1471/result/415,1471,full_results_url,IFSC Nations Grand Finale Fukuoka 2025,BOULDER Women,registration_pending,2025-10-02 07:18:44 UTC,NA,,10172,boulder,Qualification,Women,pending,2025-07-31 13:17:35 UTC,/api/v1/category_rounds/10172/results,boulder_one_group_ifsc_2025,IFSC: 1 group 2025 (points),37,,,,,,,17207,4,/api/v1/routes/17207/startlist,
/api/v1/events/1471/result/415,1471,full_results_url,IFSC Nations Grand Finale Fukuoka 2025,BOULDER Women,registration_pending,2025-10-02 07:18:44 UTC,NA,,10172,boulder,Qualification,Women,pending,2025-07-31 13:17:35 UTC,/api/v1/category_rounds/10172/results,boulder_one_group_ifsc_2025,IFSC: 1 group 2025 (points),37,,,,,,,17208,5,/api/v1/routes/17208/startlist,
/api/v1/events/1476/result/394,1476,full_results_url,International Speed Master Meishan 2025,SPEED Men,finished,2025-10-23 13:00:22 UTC,2026-04-22 08:27:13 UTC,,10295,speed,Qualification,Men,finished,2025-10-23 09:41:12 UTC,/api/v1/category_rounds/10295/results,speed_staggered,IFSC: Qualification,37,,,,,,,17429,A,/api/v1/routes/17429/startlist,
/api/v1/events/1476/result/394,1476,full_results_url,International Speed Master Meishan 2025,SPEED Men,finished,2025-10-23 13:00:22 UTC,2026-04-22 08:27:13 UTC,,10295,speed,Qualification,Men,finished,2025-10-23 09:41:12 UTC,/api/v1/category_rounds/10295/results,speed_staggered,IFSC: Qualification,37,,,,,,,17430,B,/api/v1/routes/17430/startlist,
/api/v1/events/1476/result/394,1476,full_results_url,International Speed Master Meishan 2025,SPEED Men,finished,2025-10-23 13:00:22 UTC,2026-04-22 08:27:13 UTC,,10337,speed,Final,Men,finished,2025-10-23 12:55:17 UTC,/api/v1/category_rounds/10337/results,speed_elimination_ifsc_2023,IFSC 2023+: Elimination,39,,,,,,,17793,A,/api/v1/routes/17793/startlist,
/api/v1/events/1476/result/394,1476,full_results_url,International Speed Master Meishan 2025,SPEED Men,finished,2025-10-23 13:00:22 UTC,2026-04-22 08:27:13 UTC,,10337,speed,Final,Men,finished,2025-10-23 12:55:17 UTC,/api/v1/category_rounds/10337/results,speed_elimination_ifsc_2023,IFSC 2023+: Elimination,39,,,,,,,17794,B,/api/v1/routes/17794/startlist,
/api/v1/events/1476/result/414,1476,full_results_url,International Speed Master Meishan 2025,SPEED Women,finished,2025-10-23 12:58:46 UTC,2026-04-22 08:27:16 UTC,,10296,speed,Qualification,Women,finished,2025-10-23 09:55:56 UTC,/api/v1/category_rounds/10296/results,speed_staggered,IFSC: Qualification,37,,,,,,,17431,A,/api/v1/routes/17431/startlist,
/api/v1/events/1476/result/414,1476,full_results_url,International Speed Master Meishan 2025,SPEED Women,finished,2025-10-23 12:58:46 UTC,2026-04-22 08:27:16 UTC,,10296,speed,Qualification,Women,finished,2025-10-23 09:55:56 UTC,/api/v1/category_rounds/10296/results,speed_staggered,IFSC: Qualification,37,,,,,,,17432,B,/api/v1/routes/17432/startlist,
/api/v1/events/1476/result/414,1476,full_results_url,International Speed Master Meishan 2025,SPEED Women,finished,2025-10-23 12:58:46 UTC,2026-04-22 08:27:16 UTC,,10338,speed,Final,Women,finished,2025-10-23 12:56:49 UTC,/api/v1/category_rounds/10338/results,speed_elimination_ifsc_2023,IFSC 2023+: Elimination,39,,,,,,,17795,A,/api/v1/routes/17795/startlist,
/api/v1/events/1476/result/414,1476,full_results_url,International Speed Master Meishan 2025,SPEED Women,finished,2025-10-23 12:58:46 UTC,2026-04-22 08:27:16 UTC,,10338,speed,Final,Women,finished,2025-10-23 12:56:49 UTC,/api/v1/category_rounds/10338/results,speed_elimination_ifsc_2023,IFSC 2023+: Elimination,39,,,,,,,17796,B,/api/v1/routes/17796/startlist,
/api/v1/events/1447/result/226,1447,full_results_url,IFSC European Cup Laval 2025,SPEED Men,finished,2025-10-25 17:37:24 UTC,2026-04-22 08:27:19 UTC,,9640,speed,Qualification,Men,finished,2025-10-24 14:42:49 UTC,/api/v1/category_rounds/9640/results,speed_staggered,IFSC: Qualification,16,,,,,,,15177,A,/api/v1/routes/15177/startlist,
/api/v1/events/1447/result/226,1447,full_results_url,IFSC European Cup Laval 2025,SPEED Men,finished,2025-10-25 17:37:24 UTC,2026-04-22 08:27:19 UTC,,9640,speed,Qualification,Men,finished,2025-10-24 14:42:49 UTC,/api/v1/category_rounds/9640/results,speed_staggered,IFSC: Qualification,16,,,,,,,15178,B,/api/v1/routes/15178/startlist,
/api/v1/events/1447/result/226,1447,full_results_url,IFSC European Cup Laval 2025,SPEED Men,finished,2025-10-25 17:37:24 UTC,2026-04-22 08:27:19 UTC,,10345,speed,Final,Men,finished,2025-10-25 17:34:55 UTC,/api/v1/category_rounds/10345/results,speed_elimination_ifsc_2023,IFSC 2023+: Elimination,18,,,,,,,17831,A,/api/v1/routes/17831/startlist,
/api/v1/events/1447/result/226,1447,full_results_url,IFSC European Cup Laval 2025,SPEED Men,finished,2025-10-25 17:37:24 UTC,2026-04-22 08:27:19 UTC,,10345,speed,Final,Men,finished,2025-10-25 17:34:55 UTC,/api/v1/category_rounds/10345/results,speed_elimination_ifsc_2023,IFSC 2023+: Elimination,18,,,,,,,17832,B,/api/v1/routes/17832/startlist,
/api/v1/events/1447/result/230,1447,full_results_url,IFSC European Cup Laval 2025,SPEED Women,finished,2025-10-25 17:37:14 UTC,2026-04-22 08:27:23 UTC,,9641,speed,Qualification,Women,finished,2025-10-24 13:23:31 UTC,/api/v1/category_rounds/9641/results,speed_staggered,IFSC: Qualification,16,,,,,,,15179,A,/api/v1/routes/15179/startlist,
/api/v1/events/1447/result/230,1447,full_results_url,IFSC European Cup Laval 2025,SPEED Women,finished,2025-10-25 17:37:14 UTC,2026-04-22 08:27:23 UTC,,9641,speed,Qualification,Women,finished,2025-10-24 13:23:31 UTC,/api/v1/category_rounds/9641/results,speed_staggered,IFSC: Qualification,16,,,,,,,15180,B,/api/v1/routes/15180/startlist,
/api/v1/events/1447/result/230,1447,full_results_url,IFSC European Cup Laval 2025,SPEED Women,finished,2025-10-25 17:37:14 UTC,2026-04-22 08:27:23 UTC,,10347,speed,Final,Women,finished,2025-10-25 17:36:17 UTC,/api/v1/category_rounds/10347/results,speed_elimination_ifsc_2023,IFSC 2023+: Elimination,18,,,,,,,17829,A,/api/v1/routes/17829/startlist,
/api/v1/events/1447/result/230,1447,full_results_url,IFSC European Cup Laval 2025,SPEED Women,finished,2025-10-25 17:37:14 UTC,2026-04-22 08:27:23 UTC,,10347,speed,Final,Women,finished,2025-10-25 17:36:17 UTC,/api/v1/category_rounds/10347/results,speed_elimination_ifsc_2023,IFSC 2023+: Elimination,18,,,,,,,17830,B,/api/v1/routes/17830/startlist,
/api/v1/events/1446/result/824,1446,full_results_url,IFSC Youth European Cup Laval 2025,SPEED U19 Men,finished,2025-10-26 13:04:57 UTC,2026-04-22 08:27:27 UTC,,9815,speed,Qualification,U19 Men,finished,2025-10-25 10:54:33 UTC,/api/v1/category_rounds/9815/results,speed_staggered_tolerate_false_start,IFSC-E: Qualification (Tolerate FS),19,,,,,,,15507,A,/api/v1/routes/15507/startlist,
/api/v1/events/1446/result/824,1446,full_results_url,IFSC Youth European Cup Laval 2025,SPEED U19 Men,finished,2025-10-26 13:04:57 UTC,2026-04-22 08:27:27 UTC,,9815,speed,Qualification,U19 Men,finished,2025-10-25 10:54:33 UTC,/api/v1/category_rounds/9815/results,speed_staggered_tolerate_false_start,IFSC-E: Qualification (Tolerate FS),19,,,,,,,15508,B,/api/v1/routes/15508/startlist,
/api/v1/events/1446/result/824,1446,full_results_url,IFSC Youth European Cup Laval 2025,SPEED U19 Men,finished,2025-10-26 13:04:57 UTC,2026-04-22 08:27:27 UTC,,10341,speed,Final,U19 Men,finished,2025-10-26 13:04:45 UTC,/api/v1/category_rounds/10341/results,speed_elimination_ifsc_2023,IFSC 2023+: Elimination,21,,,,,,,17799,A,/api/v1/routes/17799/startlist,
/api/v1/events/1446/result/824,1446,full_results_url,IFSC Youth European Cup Laval 2025,SPEED U19 Men,finished,2025-10-26 13:04:57 UTC,2026-04-22 08:27:27 UTC,,10341,speed,Final,U19 Men,finished,2025-10-26 13:04:45 UTC,/api/v1/category_rounds/10341/results,speed_elimination_ifsc_2023,IFSC 2023+: Elimination,21,,,,,,,17800,B,/api/v1/routes/17800/startlist,
/api/v1/events/1446/result/829,1446,full_results_url,IFSC Youth European Cup Laval 2025,SPEED U19 Women,finished,2025-10-26 13:00:03 UTC,2026-04-22 08:27:30 UTC,,9816,speed,Qualification,U19 Women,finished,2025-10-25 10:55:58 UTC,/api/v1/category_rounds/9816/results,speed_staggered_tolerate_false_start,IFSC-E: Qualification (Tolerate FS),19,,,,,,,15509,A,/api/v1/routes/15509/startlist,
/api/v1/events/1446/result/829,1446,full_results_url,IFSC Youth European Cup Laval 2025,SPEED U19 Women,finished,2025-10-26 13:00:03 UTC,2026-04-22 08:27:30 UTC,,9816,speed,Qualification,U19 Women,finished,2025-10-25 10:55:58 UTC,/api/v1/category_rounds/9816/results,speed_staggered_tolerate_false_start,IFSC-E: Qualification (Tolerate FS),19,,,,,,,15510,B,/api/v1/routes/15510/startlist,
/api/v1/events/1446/result/829,1446,full_results_url,IFSC Youth European Cup Laval 2025,SPEED U19 Women,finished,2025-10-26 13:00:03 UTC,2026-04-22 08:27:30 UTC,,10342,speed,Final,U19 Women,finished,2025-10-26 12:59:46 UTC,/api/v1/category_rounds/10342/results,speed_elimination_ifsc_2023,IFSC 2023+: Elimination,21,,,,,,,17801,A,/api/v1/routes/17801/startlist,
/api/v1/events/1446/result/829,1446,full_results_url,IFSC Youth European Cup Laval 2025,SPEED U19 Women,finished,2025-10-26 13:00:03 UTC,2026-04-22 08:27:30 UTC,,10342,speed,Final,U19 Women,finished,2025-10-26 12:59:46 UTC,/api/v1/category_rounds/10342/results,speed_elimination_ifsc_2023,IFSC 2023+: Elimination,21,,,,,,,17802,B,/api/v1/routes/17802/startlist,
/api/v1/events/1446/result/834,1446,full_results_url,IFSC Youth European Cup Laval 2025,SPEED U17 Men,finished,2025-10-26 13:02:28 UTC,2026-04-22 08:27:33 UTC,,9638,speed,Qualification,U17 Men,finished,2025-10-25 09:59:18 UTC,/api/v1/category_rounds/9638/results,speed_staggered_tolerate_false_start,IFSC-E: Qualification (Tolerate FS),19,,,,,,,15173,A,/api/v1/routes/15173/startlist,
/api/v1/events/1446/result/834,1446,full_results_url,IFSC Youth European Cup Laval 2025,SPEED U17 Men,finished,2025-10-26 13:02:28 UTC,2026-04-22 08:27:33 UTC,,9638,speed,Qualification,U17 Men,finished,2025-10-25 09:59:18 UTC,/api/v1/category_rounds/9638/results,speed_staggered_tolerate_false_start,IFSC-E: Qualification (Tolerate FS),19,,,,,,,15174,B,/api/v1/routes/15174/startlist,
/api/v1/events/1446/result/834,1446,full_results_url,IFSC Youth European Cup Laval 2025,SPEED U17 Men,finished,2025-10-26 13:02:28 UTC,2026-04-22 08:27:33 UTC,,10343,speed,Final,U17 Men,finished,2025-10-26 13:02:17 UTC,/api/v1/category_rounds/10343/results,speed_elimination_ifsc_2023,IFSC 2023+: Elimination,21,,,,,,,17803,A,/api/v1/routes/17803/startlist,
/api/v1/events/1446/result/834,1446,full_results_url,IFSC Youth European Cup Laval 2025,SPEED U17 Men,finished,2025-10-26 13:02:28 UTC,2026-04-22 08:27:33 UTC,,10343,speed,Final,U17 Men,finished,2025-10-26 13:02:17 UTC,/api/v1/category_rounds/10343/results,speed_elimination_ifsc_2023,IFSC 2023+: Elimination,21,,,,,,,17804,B,/api/v1/routes/17804/startlist,
/api/v1/events/1446/result/839,1446,full_results_url,IFSC Youth European Cup Laval 2025,SPEED U17 Women,finished,2025-10-26 12:57:50 UTC,2026-04-22 08:27:37 UTC,,9639,speed,Qualification,U17 Women,finished,2025-10-25 09:57:17 UTC,/api/v1/category_rounds/9639/results,speed_staggered_tolerate_false_start,IFSC-E: Qualification (Tolerate FS),19,,,,,,,15175,A,/api/v1/routes/15175/startlist,
/api/v1/events/1446/result/839,1446,full_results_url,IFSC Youth European Cup Laval 2025,SPEED U17 Women,finished,2025-10-26 12:57:50 UTC,2026-04-22 08:27:37 UTC,,9639,speed,Qualification,U17 Women,finished,2025-10-25 09:57:17 UTC,/api/v1/category_rounds/9639/results,speed_staggered_tolerate_false_start,IFSC-E: Qualification (Tolerate FS),19,,,,,,,15176,B,/api/v1/routes/15176/startlist,
/api/v1/events/1446/result/839,1446,full_results_url,IFSC Youth European Cup Laval 2025,SPEED U17 Women,finished,2025-10-26 12:57:50 UTC,2026-04-22 08:27:37 UTC,,10344,speed,Final,U17 Women,finished,2025-10-26 12:57:39 UTC,/api/v1/category_rounds/10344/results,speed_elimination_ifsc_2023,IFSC 2023+: Elimination,21,,,,,,,17805,A,/api/v1/routes/17805/startlist,
/api/v1/events/1446/result/839,1446,full_results_url,IFSC Youth European Cup Laval 2025,SPEED U17 Women,finished,2025-10-26 12:57:50 UTC,2026-04-22 08:27:37 UTC,,10344,speed,Final,U17 Women,finished,2025-10-26 12:57:39 UTC,/api/v1/category_rounds/10344/results,speed_elimination_ifsc_2023,IFSC 2023+: Elimination,21,,,,,,,17806,B,/api/v1/routes/17806/startlist,
/api/v1/events/1464/result/529,1464,full_results_url,IFSC Para Climbing World Cup Laval 2025,LEAD Men B1,finished,2025-10-26 16:49:46 UTC,2026-04-23 03:11:22 UTC,,9925,lead,Qualification,Men B1,finished,2025-10-25 12:48:26 UTC,/api/v1/category_rounds/9925/results,lead_one_group_two_routes,IFSC: 2 routes,49,,,,,,,17753,1,/api/v1/routes/17753/startlist,/api/v1/routes/17753/results
/api/v1/events/1464/result/529,1464,full_results_url,IFSC Para Climbing World Cup Laval 2025,LEAD Men B1,finished,2025-10-26 16:49:46 UTC,2026-04-23 03:11:22 UTC,,9925,lead,Qualification,Men B1,finished,2025-10-25 12:48:26 UTC,/api/v1/category_rounds/9925/results,lead_one_group_two_routes,IFSC: 2 routes,49,,,,,,,17754,2,/api/v1/routes/17754/startlist,/api/v1/routes/17754/results
/api/v1/events/1464/result/529,1464,full_results_url,IFSC Para Climbing World Cup Laval 2025,LEAD Men B1,finished,2025-10-26 16:49:46 UTC,2026-04-23 03:11:22 UTC,,10317,lead,Final,Men B1,finished,2025-10-26 15:56:10 UTC,/api/v1/category_rounds/10317/results,lead_one_group_one_route,IFSC: 1 route,51,,,,,,,17733,1,/api/v1/routes/17733/startlist,/api/v1/routes/17733/results
/api/v1/events/1464/result/533,1464,full_results_url,IFSC Para Climbing World Cup Laval 2025,LEAD Men B2,finished,2025-10-26 16:50:24 UTC,2026-04-23 03:11:23 UTC,,9926,lead,Qualification,Men B2,finished,2025-10-25 12:29:22 UTC,/api/v1/category_rounds/9926/results,lead_one_group_two_routes,IFSC: 2 routes,49,,,,,,,17755,1,/api/v1/routes/17755/startlist,/api/v1/routes/17755/results
/api/v1/events/1464/result/533,1464,full_results_url,IFSC Para Climbing World Cup Laval 2025,LEAD Men B2,finished,2025-10-26 16:50:24 UTC,2026-04-23 03:11:23 UTC,,9926,lead,Qualification,Men B2,finished,2025-10-25 12:29:22 UTC,/api/v1/category_rounds/9926/results,lead_one_group_two_routes,IFSC: 2 routes,49,,,,,,,17756,2,/api/v1/routes/17756/startlist,/api/v1/routes/17756/results
/api/v1/events/1464/result/533,1464,full_results_url,IFSC Para Climbing World Cup Laval 2025,LEAD Men B2,finished,2025-10-26 16:50:24 UTC,2026-04-23 03:11:23 UTC,,10318,lead,Final,Men B2,finished,2025-10-26 15:49:48 UTC,/api/v1/category_rounds/10318/results,lead_one_group_one_route,IFSC: 1 route,51,,,,,,,17734,1,/api/v1/routes/17734/startlist,/api/v1/routes/17734/results
/api/v1/events/1464/result/537,1464,full_results_url,IFSC Para Climbing World Cup Laval 2025,LEAD Men B3,finished,2025-10-26 16:50:58 UTC,2026-04-23 03:11:25 UTC,,9927,lead,Qualification,Men B3,finished,2025-10-25 11:55:48 UTC,/api/v1/category_rounds/9927/results,lead_one_group_two_routes,IFSC: 2 routes,49,,,,,,,17757,1,/api/v1/routes/17757/startlist,/api/v1/routes/17757/results
/api/v1/events/1464/result/537,1464,full_results_url,IFSC Para Climbing World Cup Laval 2025,LEAD Men B3,finished,2025-10-26 16:50:58 UTC,2026-04-23 03:11:25 UTC,,9927,lead,Qualification,Men B3,finished,2025-10-25 11:55:48 UTC,/api/v1/category_rounds/9927/results,lead_one_group_two_routes,IFSC: 2 routes,49,,,,,,,17758,2,/api/v1/routes/17758/startlist,/api/v1/routes/17758/results
/api/v1/events/1464/result/537,1464,full_results_url,IFSC Para Climbing World Cup Laval 2025,LEAD Men B3,finished,2025-10-26 16:50:58 UTC,2026-04-23 03:11:25 UTC,,10319,lead,Final,Men B3,finished,2025-10-26 16:11:14 UTC,/api/v1/category_rounds/10319/results,lead_one_group_one_route,IFSC: 1 route,51,,,,,,,17735,1,/api/v1/routes/17735/startlist,/api/v1/routes/17735/results
/api/v1/events/1464/result/541,1464,full_results_url,IFSC Para Climbing World Cup Laval 2025,LEAD Women B1,finished,2025-10-26 16:51:59 UTC,2026-04-23 03:11:36 UTC,,9928,lead,Qualification,Women B1,finished,2025-10-25 13:29:05 UTC,/api/v1/category_rounds/9928/results,lead_one_group_two_routes,IFSC: 2 routes,49,,,,,,,17759,1,/api/v1/routes/17759/startlist,/api/v1/routes/17759/results
/api/v1/events/1464/result/541,1464,full_results_url,IFSC Para Climbing World Cup Laval 2025,LEAD Women B1,finished,2025-10-26 16:51:59 UTC,2026-04-23 03:11:36 UTC,,9928,lead,Qualification,Women B1,finished,2025-10-25 13:29:05 UTC,/api/v1/category_rounds/9928/results,lead_one_group_two_routes,IFSC: 2 routes,49,,,,,,,17760,2,/api/v1/routes/17760/startlist,/api/v1/routes/17760/results
/api/v1/events/1464/result/541,1464,full_results_url,IFSC Para Climbing World Cup Laval 2025,LEAD Women B1,finished,2025-10-26 16:51:59 UTC,2026-04-23 03:11:36 UTC,,10320,lead,Final,Women B1,finished,2025-10-26 15:36:01 UTC,/api/v1/category_rounds/10320/results,lead_one_group_one_route,IFSC: 1 route,51,,,,,,,17736,1,/api/v1/routes/17736/startlist,/api/v1/routes/17736/results
/api/v1/events/1464/result/545,1464,full_results_url,IFSC Para Climbing World Cup Laval 2025,LEAD Women B2,finished,2025-10-26 16:52:34 UTC,2026-04-23 03:11:37 UTC,,9929,lead,Qualification,Women B2,finished,2025-10-25 13:30:45 UTC,/api/v1/category_rounds/9929/results,lead_one_group_two_routes,IFSC: 2 routes,49,,,,,,,17761,1,/api/v1/routes/17761/startlist,/api/v1/routes/17761/results
/api/v1/events/1464/result/545,1464,full_results_url,IFSC Para Climbing World Cup Laval 2025,LEAD Women B2,finished,2025-10-26 16:52:34 UTC,2026-04-23 03:11:37 UTC,,9929,lead,Qualification,Women B2,finished,2025-10-25 13:30:45 UTC,/api/v1/category_rounds/9929/results,lead_one_group_two_routes,IFSC: 2 routes,49,,,,,,,17762,2,/api/v1/routes/17762/startlist,/api/v1/routes/17762/results
/api/v1/events/1464/result/545,1464,full_results_url,IFSC Para Climbing World Cup Laval 2025,LEAD Women B2,finished,2025-10-26 16:52:34 UTC,2026-04-23 03:11:37 UTC,,10321,lead,Final,Women B2,finished,2025-10-26 16:19:09 UTC,/api/v1/category_rounds/10321/results,lead_one_group_one_route,IFSC: 1 route,51,,,,,,,17737,1,/api/v1/routes/17737/startlist,/api/v1/routes/17737/results
/api/v1/events/1464/result/549,1464,full_results_url,IFSC Para Climbing World Cup Laval 2025,LEAD Women B3,finished,2025-10-26 16:53:06 UTC,2026-04-23 03:11:38 UTC,,9930,lead,Qualification,Women B3,finished,2025-10-25 13:52:53 UTC,/api/v1/category_rounds/9930/results,lead_one_group_two_routes,IFSC: 2 routes,49,,,,,,,17763,1,/api/v1/routes/17763/startlist,/api/v1/routes/17763/results
/api/v1/events/1464/result/549,1464,full_results_url,IFSC Para Climbing World Cup Laval 2025,LEAD Women B3,finished,2025-10-26 16:53:06 UTC,2026-04-23 03:11:38 UTC,,9930,lead,Qualification,Women B3,finished,2025-10-25 13:52:53 UTC,/api/v1/category_rounds/9930/results,lead_one_group_two_routes,IFSC: 2 routes,49,,,,,,,17764,2,/api/v1/routes/17764/startlist,/api/v1/routes/17764/results
/api/v1/events/1464/result/549,1464,full_results_url,IFSC Para Climbing World Cup Laval 2025,LEAD Women B3,finished,2025-10-26 16:53:06 UTC,2026-04-23 03:11:38 UTC,,10322,lead,Final,Women B3,finished,2025-10-26 16:25:13 UTC,/api/v1/category_rounds/10322/results,lead_one_group_one_route,IFSC: 1 route,51,,,,,,,17738,1,/api/v1/routes/17738/startlist,/api/v1/routes/17738/results
/api/v1/events/1464/result/553,1464,full_results_url,IFSC Para Climbing World Cup Laval 2025,LEAD Men AL1,finished,2025-10-26 16:55:39 UTC,2026-04-23 03:11:16 UTC,,9931,lead,Qualification,Men AL1,finished,2025-10-25 11:59:06 UTC,/api/v1/category_rounds/9931/results,lead_one_group_two_routes,IFSC: 2 routes,49,,,,,,,17765,1,/api/v1/routes/17765/startlist,/api/v1/routes/17765/results
/api/v1/events/1464/result/553,1464,full_results_url,IFSC Para Climbing World Cup Laval 2025,LEAD Men AL1,finished,2025-10-26 16:55:39 UTC,2026-04-23 03:11:16 UTC,,9931,lead,Qualification,Men AL1,finished,2025-10-25 11:59:06 UTC,/api/v1/category_rounds/9931/results,lead_one_group_two_routes,IFSC: 2 routes,49,,,,,,,17766,2,/api/v1/routes/17766/startlist,/api/v1/routes/17766/results
/api/v1/events/1464/result/553,1464,full_results_url,IFSC Para Climbing World Cup Laval 2025,LEAD Men AL1,finished,2025-10-26 16:55:39 UTC,2026-04-23 03:11:16 UTC,,10323,lead,Final,Men AL1,finished,2025-10-26 16:37:09 UTC,/api/v1/category_rounds/10323/results,lead_one_group_one_route,IFSC: 1 route,51,,,,,,,17739,1,/api/v1/routes/17739/startlist,/api/v1/routes/17739/results
/api/v1/events/1464/result/557,1464,full_results_url,IFSC Para Climbing World Cup Laval 2025,LEAD Women AL1,registration_pending,2025-10-02 07:18:43 UTC,NA,,10324,lead,Final,Women AL1,pending,2025-10-22 08:01:11 UTC,/api/v1/category_rounds/10324/results,lead_one_group_one_route,IFSC: 1 route,51,,,,,,,17740,1,/api/v1/routes/17740/startlist,/api/v1/routes/17740/results
/api/v1/events/1464/result/561,1464,full_results_url,IFSC Para Climbing World Cup Laval 2025,LEAD Men AL2,finished,2025-10-25 19:43:19 UTC,2026-04-23 03:11:17 UTC,,9933,lead,Qualification,Men AL2,finished,2025-10-25 10:51:34 UTC,/api/v1/category_rounds/9933/results,lead_one_group_two_routes,IFSC: 2 routes,49,,,,,,,17769,1,/api/v1/routes/17769/startlist,/api/v1/routes/17769/results
/api/v1/events/1464/result/561,1464,full_results_url,IFSC Para Climbing World Cup Laval 2025,LEAD Men AL2,finished,2025-10-25 19:43:19 UTC,2026-04-23 03:11:17 UTC,,9933,lead,Qualification,Men AL2,finished,2025-10-25 10:51:34 UTC,/api/v1/category_rounds/9933/results,lead_one_group_two_routes,IFSC: 2 routes,49,,,,,,,17770,2,/api/v1/routes/17770/startlist,/api/v1/routes/17770/results
/api/v1/events/1464/result/561,1464,full_results_url,IFSC Para Climbing World Cup Laval 2025,LEAD Men AL2,finished,2025-10-25 19:43:19 UTC,2026-04-23 03:11:17 UTC,,10325,lead,Final,Men AL2,finished,2025-10-25 19:19:42 UTC,/api/v1/category_rounds/10325/results,lead_one_group_one_route,IFSC: 1 route,51,,,,,,,17741,1,/api/v1/routes/17741/startlist,/api/v1/routes/17741/results
/api/v1/events/1464/result/565,1464,full_results_url,IFSC Para Climbing World Cup Laval 2025,LEAD Women AL2,finished,2025-10-26 16:56:26 UTC,2026-04-23 03:11:31 UTC,,9934,lead,Qualification,Women AL2,finished,2025-10-25 07:56:17 UTC,/api/v1/category_rounds/9934/results,lead_one_group_two_routes,IFSC: 2 routes,49,,,,,,,17771,1,/api/v1/routes/17771/startlist,/api/v1/routes/17771/results
/api/v1/events/1464/result/565,1464,full_results_url,IFSC Para Climbing World Cup Laval 2025,LEAD Women AL2,finished,2025-10-26 16:56:26 UTC,2026-04-23 03:11:31 UTC,,9934,lead,Qualification,Women AL2,finished,2025-10-25 07:56:17 UTC,/api/v1/category_rounds/9934/results,lead_one_group_two_routes,IFSC: 2 routes,49,,,,,,,17772,2,/api/v1/routes/17772/startlist,/api/v1/routes/17772/results
/api/v1/events/1464/result/565,1464,full_results_url,IFSC Para Climbing World Cup Laval 2025,LEAD Women AL2,finished,2025-10-26 16:56:26 UTC,2026-04-23 03:11:31 UTC,,10326,lead,Final,Women AL2,finished,2025-10-26 16:43:55 UTC,/api/v1/category_rounds/10326/results,lead_one_group_one_route,IFSC: 1 route,51,,,,,,,17742,1,/api/v1/routes/17742/startlist,/api/v1/routes/17742/results
/api/v1/events/1464/result/577,1464,full_results_url,IFSC Para Climbing World Cup Laval 2025,LEAD Men AU2,finished,2025-10-26 16:57:08 UTC,2026-04-23 03:11:19 UTC,,9935,lead,Qualification,Men AU2,finished,2025-10-25 13:24:10 UTC,/api/v1/category_rounds/9935/results,lead_one_group_two_routes,IFSC: 2 routes,49,,,,,,,17773,1,/api/v1/routes/17773/startlist,/api/v1/routes/17773/results
/api/v1/events/1464/result/577,1464,full_results_url,IFSC Para Climbing World Cup Laval 2025,LEAD Men AU2,finished,2025-10-26 16:57:08 UTC,2026-04-23 03:11:19 UTC,,9935,lead,Qualification,Men AU2,finished,2025-10-25 13:24:10 UTC,/api/v1/category_rounds/9935/results,lead_one_group_two_routes,IFSC: 2 routes,49,,,,,,,17774,2,/api/v1/routes/17774/startlist,/api/v1/routes/17774/results
/api/v1/events/1464/result/577,1464,full_results_url,IFSC Para Climbing World Cup Laval 2025,LEAD Men AU2,finished,2025-10-26 16:57:08 UTC,2026-04-23 03:11:19 UTC,,10327,lead,Final,Men AU2,finished,2025-10-26 14:37:04 UTC,/api/v1/category_rounds/10327/results,lead_one_group_one_route,IFSC: 1 route,51,,,,,,,17743,1,/api/v1/routes/17743/startlist,/api/v1/routes/17743/results
/api/v1/events/1464/result/581,1464,full_results_url,IFSC Para Climbing World Cup Laval 2025,LEAD Women AU2,finished,2025-10-25 19:42:44 UTC,2026-04-23 03:11:33 UTC,,9936,lead,Qualification,Women AU2,finished,2025-10-25 11:39:05 UTC,/api/v1/category_rounds/9936/results,lead_one_group_two_routes,IFSC: 2 routes,49,,,,,,,17775,1,/api/v1/routes/17775/startlist,/api/v1/routes/17775/results
/api/v1/events/1464/result/581,1464,full_results_url,IFSC Para Climbing World Cup Laval 2025,LEAD Women AU2,finished,2025-10-25 19:42:44 UTC,2026-04-23 03:11:33 UTC,,9936,lead,Qualification,Women AU2,finished,2025-10-25 11:39:05 UTC,/api/v1/category_rounds/9936/results,lead_one_group_two_routes,IFSC: 2 routes,49,,,,,,,17776,2,/api/v1/routes/17776/startlist,/api/v1/routes/17776/results
/api/v1/events/1464/result/581,1464,full_results_url,IFSC Para Climbing World Cup Laval 2025,LEAD Women AU2,finished,2025-10-25 19:42:44 UTC,2026-04-23 03:11:33 UTC,,10328,lead,Final,Women AU2,finished,2025-10-25 19:22:27 UTC,/api/v1/category_rounds/10328/results,lead_one_group_one_route,IFSC: 1 route,51,,,,,,,17744,1,/api/v1/routes/17744/startlist,/api/v1/routes/17744/results
/api/v1/events/1464/result/585,1464,full_results_url,IFSC Para Climbing World Cup Laval 2025,LEAD Men RP1,finished,2025-10-26 16:57:47 UTC,2026-04-23 03:11:26 UTC,,9937,lead,Qualification,Men RP1,finished,2025-10-25 09:48:53 UTC,/api/v1/category_rounds/9937/results,lead_one_group_two_routes,IFSC: 2 routes,49,,,,,,,17777,1,/api/v1/routes/17777/startlist,/api/v1/routes/17777/results
/api/v1/events/1464/result/585,1464,full_results_url,IFSC Para Climbing World Cup Laval 2025,LEAD Men RP1,finished,2025-10-26 16:57:47 UTC,2026-04-23 03:11:26 UTC,,9937,lead,Qualification,Men RP1,finished,2025-10-25 09:48:53 UTC,/api/v1/category_rounds/9937/results,lead_one_group_two_routes,IFSC: 2 routes,49,,,,,,,17778,2,/api/v1/routes/17778/startlist,/api/v1/routes/17778/results
/api/v1/events/1464/result/585,1464,full_results_url,IFSC Para Climbing World Cup Laval 2025,LEAD Men RP1,finished,2025-10-26 16:57:47 UTC,2026-04-23 03:11:26 UTC,,10329,lead,Final,Men RP1,finished,2025-10-26 15:05:28 UTC,/api/v1/category_rounds/10329/results,lead_one_group_one_route,IFSC: 1 route,51,,,,,,,17745,1,/api/v1/routes/17745/startlist,/api/v1/routes/17745/results
/api/v1/events/1464/result/589,1464,full_results_url,IFSC Para Climbing World Cup Laval 2025,LEAD Men RP2,finished,2025-10-26 16:59:03 UTC,2026-04-23 03:11:27 UTC,,9938,lead,Qualification,Men RP2,finished,2025-10-25 12:49:46 UTC,/api/v1/category_rounds/9938/results,lead_one_group_two_routes,IFSC: 2 routes,49,,,,,,,17779,1,/api/v1/routes/17779/startlist,/api/v1/routes/17779/results
/api/v1/events/1464/result/589,1464,full_results_url,IFSC Para Climbing World Cup Laval 2025,LEAD Men RP2,finished,2025-10-26 16:59:03 UTC,2026-04-23 03:11:27 UTC,,9938,lead,Qualification,Men RP2,finished,2025-10-25 12:49:46 UTC,/api/v1/category_rounds/9938/results,lead_one_group_two_routes,IFSC: 2 routes,49,,,,,,,17780,2,/api/v1/routes/17780/startlist,/api/v1/routes/17780/results
/api/v1/events/1464/result/589,1464,full_results_url,IFSC Para Climbing World Cup Laval 2025,LEAD Men RP2,finished,2025-10-26 16:59:03 UTC,2026-04-23 03:11:27 UTC,,10330,lead,Final,Men RP2,finished,2025-10-26 15:04:30 UTC,/api/v1/category_rounds/10330/results,lead_one_group_one_route,IFSC: 1 route,51,,,,,,,17746,1,/api/v1/routes/17746/startlist,/api/v1/routes/17746/results
/api/v1/events/1464/result/593,1464,full_results_url,IFSC Para Climbing World Cup Laval 2025,LEAD Men RP3,finished,2025-10-25 19:40:54 UTC,2026-04-23 03:11:29 UTC,,9939,lead,Qualification,Men RP3,finished,2025-10-25 09:10:06 UTC,/api/v1/category_rounds/9939/results,lead_one_group_two_routes,IFSC: 2 routes,49,,,,,,,17781,1,/api/v1/routes/17781/startlist,/api/v1/routes/17781/results
/api/v1/events/1464/result/593,1464,full_results_url,IFSC Para Climbing World Cup Laval 2025,LEAD Men RP3,finished,2025-10-25 19:40:54 UTC,2026-04-23 03:11:29 UTC,,9939,lead,Qualification,Men RP3,finished,2025-10-25 09:10:06 UTC,/api/v1/category_rounds/9939/results,lead_one_group_two_routes,IFSC: 2 routes,49,,,,,,,17782,2,/api/v1/routes/17782/startlist,/api/v1/routes/17782/results
/api/v1/events/1464/result/593,1464,full_results_url,IFSC Para Climbing World Cup Laval 2025,LEAD Men RP3,finished,2025-10-25 19:40:54 UTC,2026-04-23 03:11:29 UTC,,10331,lead,Final,Men RP3,finished,2025-10-25 18:32:41 UTC,/api/v1/category_rounds/10331/results,lead_one_group_one_route,IFSC: 1 route,51,,,,,,,17747,1,/api/v1/routes/17747/startlist,/api/v1/routes/17747/results
/api/v1/events/1464/result/597,1464,full_results_url,IFSC Para Climbing World Cup Laval 2025,LEAD Women RP1,finished,2025-10-26 17:00:07 UTC,2026-04-23 03:11:40 UTC,,9940,lead,Qualification,Women RP1,finished,2025-10-25 08:12:27 UTC,/api/v1/category_rounds/9940/results,lead_one_group_two_routes,IFSC: 2 routes,49,,,,,,,17783,1,/api/v1/routes/17783/startlist,/api/v1/routes/17783/results
/api/v1/events/1464/result/597,1464,full_results_url,IFSC Para Climbing World Cup Laval 2025,LEAD Women RP1,finished,2025-10-26 17:00:07 UTC,2026-04-23 03:11:40 UTC,,9940,lead,Qualification,Women RP1,finished,2025-10-25 08:12:27 UTC,/api/v1/category_rounds/9940/results,lead_one_group_two_routes,IFSC: 2 routes,49,,,,,,,17784,2,/api/v1/routes/17784/startlist,/api/v1/routes/17784/results
/api/v1/events/1464/result/597,1464,full_results_url,IFSC Para Climbing World Cup Laval 2025,LEAD Women RP1,finished,2025-10-26 17:00:07 UTC,2026-04-23 03:11:40 UTC,,10332,lead,Final,Women RP1,finished,2025-10-26 14:35:08 UTC,/api/v1/category_rounds/10332/results,lead_one_group_one_route,IFSC: 1 route,51,,,,,,,17748,1,/api/v1/routes/17748/startlist,/api/v1/routes/17748/results
/api/v1/events/1464/result/601,1464,full_results_url,IFSC Para Climbing World Cup Laval 2025,LEAD Women RP2,finished,2025-10-25 19:41:30 UTC,2026-04-23 03:11:41 UTC,,9941,lead,Qualification,Women RP2,finished,2025-10-25 08:42:24 UTC,/api/v1/category_rounds/9941/results,lead_one_group_two_routes,IFSC: 2 routes,49,,,,,,,17785,1,/api/v1/routes/17785/startlist,/api/v1/routes/17785/results
/api/v1/events/1464/result/601,1464,full_results_url,IFSC Para Climbing World Cup Laval 2025,LEAD Women RP2,finished,2025-10-25 19:41:30 UTC,2026-04-23 03:11:41 UTC,,9941,lead,Qualification,Women RP2,finished,2025-10-25 08:42:24 UTC,/api/v1/category_rounds/9941/results,lead_one_group_two_routes,IFSC: 2 routes,49,,,,,,,17786,2,/api/v1/routes/17786/startlist,/api/v1/routes/17786/results
/api/v1/events/1464/result/601,1464,full_results_url,IFSC Para Climbing World Cup Laval 2025,LEAD Women RP2,finished,2025-10-25 19:41:30 UTC,2026-04-23 03:11:41 UTC,,10333,lead,Final,Women RP2,finished,2025-10-25 18:57:25 UTC,/api/v1/category_rounds/10333/results,lead_one_group_one_route,IFSC: 1 route,51,,,,,,,17749,1,/api/v1/routes/17749/startlist,/api/v1/routes/17749/results
/api/v1/events/1464/result/605,1464,full_results_url,IFSC Para Climbing World Cup Laval 2025,LEAD Women RP3,finished,2025-10-25 19:40:13 UTC,2026-04-23 03:11:42 UTC,,9942,lead,Qualification,Women RP3,finished,2025-10-25 10:17:14 UTC,/api/v1/category_rounds/9942/results,lead_one_group_two_routes,IFSC: 2 routes,49,,,,,,,17787,1,/api/v1/routes/17787/startlist,/api/v1/routes/17787/results
/api/v1/events/1464/result/605,1464,full_results_url,IFSC Para Climbing World Cup Laval 2025,LEAD Women RP3,finished,2025-10-25 19:40:13 UTC,2026-04-23 03:11:42 UTC,,9942,lead,Qualification,Women RP3,finished,2025-10-25 10:17:14 UTC,/api/v1/category_rounds/9942/results,lead_one_group_two_routes,IFSC: 2 routes,49,,,,,,,17788,2,/api/v1/routes/17788/startlist,/api/v1/routes/17788/results
/api/v1/events/1464/result/605,1464,full_results_url,IFSC Para Climbing World Cup Laval 2025,LEAD Women RP3,finished,2025-10-25 19:40:13 UTC,2026-04-23 03:11:42 UTC,,10334,lead,Final,Women RP3,finished,2025-10-25 18:37:41 UTC,/api/v1/category_rounds/10334/results,lead_one_group_one_route,IFSC: 1 route,51,,,,,,,17750,1,/api/v1/routes/17750/startlist,/api/v1/routes/17750/results
/api/v1/events/1464/result/753,1464,full_results_url,IFSC Para Climbing World Cup Laval 2025,LEAD Men AU3,finished,2025-10-25 19:42:10 UTC,2026-04-23 03:11:21 UTC,,9943,lead,Qualification,Men AU3,finished,2025-10-25 08:18:13 UTC,/api/v1/category_rounds/9943/results,lead_one_group_two_routes,IFSC: 2 routes,49,,,,,,,17789,1,/api/v1/routes/17789/startlist,/api/v1/routes/17789/results
/api/v1/events/1464/result/753,1464,full_results_url,IFSC Para Climbing World Cup Laval 2025,LEAD Men AU3,finished,2025-10-25 19:42:10 UTC,2026-04-23 03:11:21 UTC,,9943,lead,Qualification,Men AU3,finished,2025-10-25 08:18:13 UTC,/api/v1/category_rounds/9943/results,lead_one_group_two_routes,IFSC: 2 routes,49,,,,,,,17790,2,/api/v1/routes/17790/startlist,/api/v1/routes/17790/results
/api/v1/events/1464/result/753,1464,full_results_url,IFSC Para Climbing World Cup Laval 2025,LEAD Men AU3,finished,2025-10-25 19:42:10 UTC,2026-04-23 03:11:21 UTC,,10335,lead,Final,Men AU3,finished,2025-10-25 18:58:56 UTC,/api/v1/category_rounds/10335/results,lead_one_group_one_route,IFSC: 1 route,51,,,,,,,17751,1,/api/v1/routes/17751/startlist,/api/v1/routes/17751/results
/api/v1/events/1464/result/758,1464,full_results_url,IFSC Para Climbing World Cup Laval 2025,LEAD Women AU3,finished,2025-10-25 19:43:59 UTC,2026-04-23 03:11:35 UTC,,9944,lead,Qualification,Women AU3,finished,2025-10-25 12:30:47 UTC,/api/v1/category_rounds/9944/results,lead_one_group_two_routes,IFSC: 2 routes,49,,,,,,,17791,1,/api/v1/routes/17791/startlist,/api/v1/routes/17791/results
/api/v1/events/1464/result/758,1464,full_results_url,IFSC Para Climbing World Cup Laval 2025,LEAD Women AU3,finished,2025-10-25 19:43:59 UTC,2026-04-23 03:11:35 UTC,,9944,lead,Qualification,Women AU3,finished,2025-10-25 12:30:47 UTC,/api/v1/category_rounds/9944/results,lead_one_group_two_routes,IFSC: 2 routes,49,,,,,,,17792,2,/api/v1/routes/17792/startlist,/api/v1/routes/17792/results
/api/v1/events/1464/result/758,1464,full_results_url,IFSC Para Climbing World Cup Laval 2025,LEAD Women AU3,finished,2025-10-25 19:43:59 UTC,2026-04-23 03:11:35 UTC,,10336,lead,Final,Women AU3,finished,2025-10-25 19:37:49 UTC,/api/v1/category_rounds/10336/results,lead_one_group_one_route,IFSC: 1 route,51,,,,,,,17752,1,/api/v1/routes/17752/startlist,/api/v1/routes/17752/results
/api/v1/events/1474/result/313,1474,full_results_url,Central American Games,LEAD Men,registration_pending,2025-10-02 07:18:44 UTC,NA,,10255,lead,Qualification,Men,pending,2025-09-12 08:42:19 UTC,/api/v1/category_rounds/10255/results,lead_one_group_two_routes,IFSC: 2 routes,31,,,,,,,17323,1,/api/v1/routes/17323/startlist,/api/v1/routes/17323/results
/api/v1/events/1474/result/313,1474,full_results_url,Central American Games,LEAD Men,registration_pending,2025-10-02 07:18:44 UTC,NA,,10255,lead,Qualification,Men,pending,2025-09-12 08:42:19 UTC,/api/v1/category_rounds/10255/results,lead_one_group_two_routes,IFSC: 2 routes,31,,,,,,,17324,2,/api/v1/routes/17324/startlist,/api/v1/routes/17324/results
/api/v1/events/1474/result/313,1474,full_results_url,Central American Games,LEAD Men,registration_pending,2025-10-02 07:18:44 UTC,NA,,10348,lead,Final,Men,pending,2025-10-27 00:55:52 UTC,/api/v1/category_rounds/10348/results,lead_one_group_one_route,IFSC: 1 route,33,,,,,,,17833,1,/api/v1/routes/17833/startlist,/api/v1/routes/17833/results
/api/v1/events/1474/result/333,1474,full_results_url,Central American Games,LEAD Women,registration_pending,2025-10-02 07:18:44 UTC,NA,,10256,lead,Qualification,Women,pending,2025-09-12 08:42:19 UTC,/api/v1/category_rounds/10256/results,lead_one_group_two_routes,IFSC: 2 routes,31,,,,,,,17325,1,/api/v1/routes/17325/startlist,/api/v1/routes/17325/results
/api/v1/events/1474/result/333,1474,full_results_url,Central American Games,LEAD Women,registration_pending,2025-10-02 07:18:44 UTC,NA,,10256,lead,Qualification,Women,pending,2025-09-12 08:42:19 UTC,/api/v1/category_rounds/10256/results,lead_one_group_two_routes,IFSC: 2 routes,31,,,,,,,17326,2,/api/v1/routes/17326/startlist,/api/v1/routes/17326/results
/api/v1/events/1474/result/333,1474,full_results_url,Central American Games,LEAD Women,registration_pending,2025-10-02 07:18:44 UTC,NA,,10349,lead,Final,Women,pending,2025-10-27 00:55:52 UTC,/api/v1/category_rounds/10349/results,lead_one_group_one_route,IFSC: 1 route,33,,,,,,,17834,1,/api/v1/routes/17834/startlist,/api/v1/routes/17834/results
/api/v1/events/1449/result/225,1449,full_results_url,IFSC European Cup Toulouse-Tournefeuille 2025,LEAD Men,finished,2025-11-01 20:02:43 UTC,2026-04-22 08:27:40 UTC,,9648,lead,Qualification,Men,finished,2025-10-31 12:45:36 UTC,/api/v1/category_rounds/9648/results,lead_one_group_two_routes,IFSC: 2 routes,16,,,,,,,15193,1,/api/v1/routes/15193/startlist,/api/v1/routes/15193/results
/api/v1/events/1449/result/225,1449,full_results_url,IFSC European Cup Toulouse-Tournefeuille 2025,LEAD Men,finished,2025-11-01 20:02:43 UTC,2026-04-22 08:27:40 UTC,,9648,lead,Qualification,Men,finished,2025-10-31 12:45:36 UTC,/api/v1/category_rounds/9648/results,lead_one_group_two_routes,IFSC: 2 routes,16,,,,,,,15194,2,/api/v1/routes/15194/startlist,/api/v1/routes/15194/results
/api/v1/events/1449/result/225,1449,full_results_url,IFSC European Cup Toulouse-Tournefeuille 2025,LEAD Men,finished,2025-11-01 20:02:43 UTC,2026-04-22 08:27:40 UTC,,10350,lead,Semi-Final,Men,finished,2025-10-31 20:20:36 UTC,/api/v1/category_rounds/10350/results,lead_one_group_one_route,IFSC: 1 route,17,,,,,,,17835,1,/api/v1/routes/17835/startlist,/api/v1/routes/17835/results
/api/v1/events/1449/result/225,1449,full_results_url,IFSC European Cup Toulouse-Tournefeuille 2025,LEAD Men,finished,2025-11-01 20:02:43 UTC,2026-04-22 08:27:40 UTC,,10352,lead,Final,Men,finished,2025-11-01 20:01:47 UTC,/api/v1/category_rounds/10352/results,lead_one_group_one_route,IFSC: 1 route,18,,,,,,,17837,1,/api/v1/routes/17837/startlist,/api/v1/routes/17837/results
/api/v1/events/1449/result/229,1449,full_results_url,IFSC European Cup Toulouse-Tournefeuille 2025,LEAD Women,finished,2025-11-01 20:08:26 UTC,2026-04-22 08:27:44 UTC,,9649,lead,Qualification,Women,finished,2025-10-31 13:21:17 UTC,/api/v1/category_rounds/9649/results,lead_one_group_two_routes,IFSC: 2 routes,16,,,,,,,15195,1,/api/v1/routes/15195/startlist,/api/v1/routes/15195/results
/api/v1/events/1449/result/229,1449,full_results_url,IFSC European Cup Toulouse-Tournefeuille 2025,LEAD Women,finished,2025-11-01 20:08:26 UTC,2026-04-22 08:27:44 UTC,,9649,lead,Qualification,Women,finished,2025-10-31 13:21:17 UTC,/api/v1/category_rounds/9649/results,lead_one_group_two_routes,IFSC: 2 routes,16,,,,,,,15196,2,/api/v1/routes/15196/startlist,/api/v1/routes/15196/results
/api/v1/events/1449/result/229,1449,full_results_url,IFSC European Cup Toulouse-Tournefeuille 2025,LEAD Women,finished,2025-11-01 20:08:26 UTC,2026-04-22 08:27:44 UTC,,10351,lead,Semi-Final,Women,finished,2025-10-31 20:18:48 UTC,/api/v1/category_rounds/10351/results,lead_one_group_one_route,IFSC: 1 route,17,,,,,,,17836,1,/api/v1/routes/17836/startlist,/api/v1/routes/17836/results
/api/v1/events/1449/result/229,1449,full_results_url,IFSC European Cup Toulouse-Tournefeuille 2025,LEAD Women,finished,2025-11-01 20:08:26 UTC,2026-04-22 08:27:44 UTC,,10353,lead,Final,Women,finished,2025-11-01 20:07:53 UTC,/api/v1/category_rounds/10353/results,lead_one_group_one_route,IFSC: 1 route,18,,,,,,,17838,1,/api/v1/routes/17838/startlist,/api/v1/routes/17838/results
/api/v1/events/1448/result/823,1448,full_results_url,IFSC Youth European Cup Toulouse-Tournefeuille 2025,LEAD U19 Men,finished,2025-11-02 14:52:35 UTC,2026-04-22 08:27:47 UTC,,9644,lead,Qualification,U19 Men,finished,2025-11-01 12:42:49 UTC,/api/v1/category_rounds/9644/results,lead_one_group_two_routes,IFSC: 2 routes,19,,,,,,,15185,1,/api/v1/routes/15185/startlist,/api/v1/routes/15185/results
/api/v1/events/1448/result/823,1448,full_results_url,IFSC Youth European Cup Toulouse-Tournefeuille 2025,LEAD U19 Men,finished,2025-11-02 14:52:35 UTC,2026-04-22 08:27:47 UTC,,9644,lead,Qualification,U19 Men,finished,2025-11-01 12:42:49 UTC,/api/v1/category_rounds/9644/results,lead_one_group_two_routes,IFSC: 2 routes,19,,,,,,,15186,2,/api/v1/routes/15186/startlist,/api/v1/routes/15186/results
/api/v1/events/1448/result/823,1448,full_results_url,IFSC Youth European Cup Toulouse-Tournefeuille 2025,LEAD U19 Men,finished,2025-11-02 14:52:35 UTC,2026-04-22 08:27:47 UTC,,10354,lead,Final,U19 Men,finished,2025-11-02 14:51:49 UTC,/api/v1/category_rounds/10354/results,lead_one_group_one_route,IFSC: 1 route,21,,,,,,,17839,1,/api/v1/routes/17839/startlist,/api/v1/routes/17839/results
/api/v1/events/1448/result/828,1448,full_results_url,IFSC Youth European Cup Toulouse-Tournefeuille 2025,LEAD U19 Women,finished,2025-11-02 14:53:20 UTC,2026-04-22 08:27:51 UTC,,9645,lead,Qualification,U19 Women,finished,2025-11-01 13:15:10 UTC,/api/v1/category_rounds/9645/results,lead_one_group_two_routes,IFSC: 2 routes,19,,,,,,,15187,1,/api/v1/routes/15187/startlist,/api/v1/routes/15187/results
/api/v1/events/1448/result/828,1448,full_results_url,IFSC Youth European Cup Toulouse-Tournefeuille 2025,LEAD U19 Women,finished,2025-11-02 14:53:20 UTC,2026-04-22 08:27:51 UTC,,9645,lead,Qualification,U19 Women,finished,2025-11-01 13:15:10 UTC,/api/v1/category_rounds/9645/results,lead_one_group_two_routes,IFSC: 2 routes,19,,,,,,,15188,2,/api/v1/routes/15188/startlist,/api/v1/routes/15188/results
/api/v1/events/1448/result/828,1448,full_results_url,IFSC Youth European Cup Toulouse-Tournefeuille 2025,LEAD U19 Women,finished,2025-11-02 14:53:20 UTC,2026-04-22 08:27:51 UTC,,10355,lead,Final,U19 Women,finished,2025-11-02 14:52:47 UTC,/api/v1/category_rounds/10355/results,lead_one_group_one_route,IFSC: 1 route,21,,,,,,,17840,1,/api/v1/routes/17840/startlist,/api/v1/routes/17840/results
/api/v1/events/1448/result/833,1448,full_results_url,IFSC Youth European Cup Toulouse-Tournefeuille 2025,LEAD U17 Men,finished,2025-11-02 10:15:35 UTC,2026-04-22 08:27:54 UTC,,9646,lead,Qualification,U17 Men,finished,2025-11-01 13:08:04 UTC,/api/v1/category_rounds/9646/results,lead_one_group_two_routes,IFSC: 2 routes,19,,,,,,,15189,1,/api/v1/routes/15189/startlist,/api/v1/routes/15189/results
/api/v1/events/1448/result/833,1448,full_results_url,IFSC Youth European Cup Toulouse-Tournefeuille 2025,LEAD U17 Men,finished,2025-11-02 10:15:35 UTC,2026-04-22 08:27:54 UTC,,9646,lead,Qualification,U17 Men,finished,2025-11-01 13:08:04 UTC,/api/v1/category_rounds/9646/results,lead_one_group_two_routes,IFSC: 2 routes,19,,,,,,,15190,2,/api/v1/routes/15190/startlist,/api/v1/routes/15190/results
/api/v1/events/1448/result/833,1448,full_results_url,IFSC Youth European Cup Toulouse-Tournefeuille 2025,LEAD U17 Men,finished,2025-11-02 10:15:35 UTC,2026-04-22 08:27:54 UTC,,10356,lead,Final,U17 Men,finished,2025-11-02 10:15:51 UTC,/api/v1/category_rounds/10356/results,lead_one_group_one_route,IFSC: 1 route,21,,,,,,,17841,1,/api/v1/routes/17841/startlist,/api/v1/routes/17841/results
/api/v1/events/1448/result/838,1448,full_results_url,IFSC Youth European Cup Toulouse-Tournefeuille 2025,LEAD U17 Women,finished,2025-11-02 10:15:45 UTC,2026-04-22 08:27:58 UTC,,9647,lead,Qualification,U17 Women,finished,2025-11-01 13:19:09 UTC,/api/v1/category_rounds/9647/results,lead_one_group_two_routes,IFSC: 2 routes,19,,,,,,,15191,1,/api/v1/routes/15191/startlist,/api/v1/routes/15191/results
/api/v1/events/1448/result/838,1448,full_results_url,IFSC Youth European Cup Toulouse-Tournefeuille 2025,LEAD U17 Women,finished,2025-11-02 10:15:45 UTC,2026-04-22 08:27:58 UTC,,9647,lead,Qualification,U17 Women,finished,2025-11-01 13:19:09 UTC,/api/v1/category_rounds/9647/results,lead_one_group_two_routes,IFSC: 2 routes,19,,,,,,,15192,2,/api/v1/routes/15192/startlist,/api/v1/routes/15192/results
/api/v1/events/1448/result/838,1448,full_results_url,IFSC Youth European Cup Toulouse-Tournefeuille 2025,LEAD U17 Women,finished,2025-11-02 10:15:45 UTC,2026-04-22 08:27:58 UTC,,10357,lead,Final,U17 Women,finished,2025-11-02 10:12:43 UTC,/api/v1/category_rounds/10357/results,lead_one_group_one_route,IFSC: 1 route,21,,,,,,,17842,1,/api/v1/routes/17842/startlist,/api/v1/routes/17842/results
/api/v1/events/1466/result/433,1466,full_results_url,IFSC Pan American Cup Santiago 2025 [CANCELLED],LEAD Men,registration_pending,2025-10-02 07:18:43 UTC,NA,,9973,lead,Qualification,Men,pending,2025-04-22 08:46:36 UTC,/api/v1/category_rounds/9973/results,lead_one_group_two_routes,IFSC: 2 routes,40,,,,,,,16287,1,/api/v1/routes/16287/startlist,/api/v1/routes/16287/results
/api/v1/events/1466/result/433,1466,full_results_url,IFSC Pan American Cup Santiago 2025 [CANCELLED],LEAD Men,registration_pending,2025-10-02 07:18:43 UTC,NA,,9973,lead,Qualification,Men,pending,2025-04-22 08:46:36 UTC,/api/v1/category_rounds/9973/results,lead_one_group_two_routes,IFSC: 2 routes,40,,,,,,,16288,2,/api/v1/routes/16288/startlist,/api/v1/routes/16288/results
/api/v1/events/1466/result/437,1466,full_results_url,IFSC Pan American Cup Santiago 2025 [CANCELLED],LEAD Women,registration_pending,2025-10-02 07:18:43 UTC,NA,,9974,lead,Qualification,Women,pending,2025-04-22 08:46:36 UTC,/api/v1/category_rounds/9974/results,lead_one_group_two_routes,IFSC: 2 routes,40,,,,,,,16289,1,/api/v1/routes/16289/startlist,/api/v1/routes/16289/results
/api/v1/events/1466/result/437,1466,full_results_url,IFSC Pan American Cup Santiago 2025 [CANCELLED],LEAD Women,registration_pending,2025-10-02 07:18:43 UTC,NA,,9974,lead,Qualification,Women,pending,2025-04-22 08:46:36 UTC,/api/v1/category_rounds/9974/results,lead_one_group_two_routes,IFSC: 2 routes,40,,,,,,,16290,2,/api/v1/routes/16290/startlist,/api/v1/routes/16290/results
/api/v1/events/1466/result/434,1466,full_results_url,IFSC Pan American Cup Santiago 2025 [CANCELLED],SPEED Men,registration_pending,2025-10-02 07:18:43 UTC,NA,,9975,speed,Qualification,Men,pending,2025-04-22 08:46:36 UTC,/api/v1/category_rounds/9975/results,speed_staggered,IFSC: Qualification,40,,,,,,,16291,A,/api/v1/routes/16291/startlist,
/api/v1/events/1466/result/434,1466,full_results_url,IFSC Pan American Cup Santiago 2025 [CANCELLED],SPEED Men,registration_pending,2025-10-02 07:18:43 UTC,NA,,9975,speed,Qualification,Men,pending,2025-04-22 08:46:36 UTC,/api/v1/category_rounds/9975/results,speed_staggered,IFSC: Qualification,40,,,,,,,16292,B,/api/v1/routes/16292/startlist,
/api/v1/events/1466/result/438,1466,full_results_url,IFSC Pan American Cup Santiago 2025 [CANCELLED],SPEED Women,registration_pending,2025-10-02 07:18:43 UTC,NA,,9976,speed,Qualification,Women,pending,2025-04-22 08:46:36 UTC,/api/v1/category_rounds/9976/results,speed_staggered,IFSC: Qualification,40,,,,,,,16293,A,/api/v1/routes/16293/startlist,
/api/v1/events/1466/result/438,1466,full_results_url,IFSC Pan American Cup Santiago 2025 [CANCELLED],SPEED Women,registration_pending,2025-10-02 07:18:43 UTC,NA,,9976,speed,Qualification,Women,pending,2025-04-22 08:46:36 UTC,/api/v1/category_rounds/9976/results,speed_staggered,IFSC: Qualification,40,,,,,,,16294,B,/api/v1/routes/16294/startlist,
/api/v1/events/1465/result/433,1465,full_results_url,IFSC Pan American Cup Armenia 2025,LEAD Men,finished,2025-11-27 20:15:55 UTC,2026-04-22 08:28:01 UTC,,9967,lead,Qualification,Men,finished,2025-11-26 20:55:49 UTC,/api/v1/category_rounds/9967/results,lead_one_group_two_routes,IFSC: 2 routes,40,,,,,,,16269,1,/api/v1/routes/16269/startlist,/api/v1/routes/16269/results
/api/v1/events/1465/result/433,1465,full_results_url,IFSC Pan American Cup Armenia 2025,LEAD Men,finished,2025-11-27 20:15:55 UTC,2026-04-22 08:28:01 UTC,,9967,lead,Qualification,Men,finished,2025-11-26 20:55:49 UTC,/api/v1/category_rounds/9967/results,lead_one_group_two_routes,IFSC: 2 routes,40,,,,,,,16270,2,/api/v1/routes/16270/startlist,/api/v1/routes/16270/results
/api/v1/events/1465/result/433,1465,full_results_url,IFSC Pan American Cup Armenia 2025,LEAD Men,finished,2025-11-27 20:15:55 UTC,2026-04-22 08:28:01 UTC,,10462,lead,Semi Final,Men,finished,2025-11-27 16:29:57 UTC,/api/v1/category_rounds/10462/results,lead_one_group_one_route,IFSC: 1 route,41,,,,,,,18101,1,/api/v1/routes/18101/startlist,/api/v1/routes/18101/results
/api/v1/events/1465/result/437,1465,full_results_url,IFSC Pan American Cup Armenia 2025,LEAD Women,finished,2025-11-27 20:17:25 UTC,2026-04-22 08:28:05 UTC,,9968,lead,Qualification,Women,finished,2025-11-26 19:58:21 UTC,/api/v1/category_rounds/9968/results,lead_one_group_two_routes,IFSC: 2 routes,40,,,,,,,16271,1,/api/v1/routes/16271/startlist,/api/v1/routes/16271/results
/api/v1/events/1465/result/437,1465,full_results_url,IFSC Pan American Cup Armenia 2025,LEAD Women,finished,2025-11-27 20:17:25 UTC,2026-04-22 08:28:05 UTC,,9968,lead,Qualification,Women,finished,2025-11-26 19:58:21 UTC,/api/v1/category_rounds/9968/results,lead_one_group_two_routes,IFSC: 2 routes,40,,,,,,,16272,2,/api/v1/routes/16272/startlist,/api/v1/routes/16272/results
/api/v1/events/1465/result/437,1465,full_results_url,IFSC Pan American Cup Armenia 2025,LEAD Women,finished,2025-11-27 20:17:25 UTC,2026-04-22 08:28:05 UTC,,10463,lead,Semi Final,Women,finished,2025-11-27 16:17:31 UTC,/api/v1/category_rounds/10463/results,lead_one_group_one_route,IFSC: 1 route,41,,,,,,,18102,1,/api/v1/routes/18102/startlist,/api/v1/routes/18102/results
/api/v1/events/1465/result/434,1465,full_results_url,IFSC Pan American Cup Armenia 2025,SPEED Men,finished,2025-11-22 22:28:56 UTC,2026-04-22 08:28:08 UTC,,9969,speed,Qualification,Men,finished,2025-11-22 17:03:00 UTC,/api/v1/category_rounds/9969/results,speed_staggered,IFSC: Qualification,40,,,,,,,16273,A,/api/v1/routes/16273/startlist,
/api/v1/events/1465/result/434,1465,full_results_url,IFSC Pan American Cup Armenia 2025,SPEED Men,finished,2025-11-22 22:28:56 UTC,2026-04-22 08:28:08 UTC,,9969,speed,Qualification,Men,finished,2025-11-22 17:03:00 UTC,/api/v1/category_rounds/9969/results,speed_staggered,IFSC: Qualification,40,,,,,,,16274,B,/api/v1/routes/16274/startlist,
/api/v1/events/1465/result/434,1465,full_results_url,IFSC Pan American Cup Armenia 2025,SPEED Men,finished,2025-11-22 22:28:56 UTC,2026-04-22 08:28:08 UTC,,10466,speed,Final,Men,finished,2025-11-22 21:49:34 UTC,/api/v1/category_rounds/10466/results,speed_elimination_ifsc_2023,IFSC 2023+: Elimination,42,,,,,,,18105,A,/api/v1/routes/18105/startlist,
/api/v1/events/1465/result/434,1465,full_results_url,IFSC Pan American Cup Armenia 2025,SPEED Men,finished,2025-11-22 22:28:56 UTC,2026-04-22 08:28:08 UTC,,10466,speed,Final,Men,finished,2025-11-22 21:49:34 UTC,/api/v1/category_rounds/10466/results,speed_elimination_ifsc_2023,IFSC 2023+: Elimination,42,,,,,,,18106,B,/api/v1/routes/18106/startlist,
/api/v1/events/1465/result/438,1465,full_results_url,IFSC Pan American Cup Armenia 2025,SPEED Women,finished,2025-11-22 22:28:08 UTC,2026-04-22 08:28:12 UTC,,9970,speed,Qualification,Women,finished,2025-11-22 16:22:41 UTC,/api/v1/category_rounds/9970/results,speed_staggered,IFSC: Qualification,40,,,,,,,16275,A,/api/v1/routes/16275/startlist,
/api/v1/events/1465/result/438,1465,full_results_url,IFSC Pan American Cup Armenia 2025,SPEED Women,finished,2025-11-22 22:28:08 UTC,2026-04-22 08:28:12 UTC,,9970,speed,Qualification,Women,finished,2025-11-22 16:22:41 UTC,/api/v1/category_rounds/9970/results,speed_staggered,IFSC: Qualification,40,,,,,,,16276,B,/api/v1/routes/16276/startlist,
/api/v1/events/1465/result/438,1465,full_results_url,IFSC Pan American Cup Armenia 2025,SPEED Women,finished,2025-11-22 22:28:08 UTC,2026-04-22 08:28:12 UTC,,10467,speed,Final,Women,finished,2025-11-22 22:18:38 UTC,/api/v1/category_rounds/10467/results,speed_elimination_ifsc_2023,IFSC 2023+: Elimination,42,,,,,,,18107,A,/api/v1/routes/18107/startlist,
/api/v1/events/1465/result/438,1465,full_results_url,IFSC Pan American Cup Armenia 2025,SPEED Women,finished,2025-11-22 22:28:08 UTC,2026-04-22 08:28:12 UTC,,10467,speed,Final,Women,finished,2025-11-22 22:18:38 UTC,/api/v1/category_rounds/10467/results,speed_elimination_ifsc_2023,IFSC 2023+: Elimination,42,,,,,,,18108,B,/api/v1/routes/18108/startlist,
/api/v1/events/1465/result/435,1465,full_results_url,IFSC Pan American Cup Armenia 2025,BOULDER Men,finished,2025-11-25 22:49:18 UTC,2026-04-22 08:28:16 UTC,,9971,boulder,Qualification,Men,finished,2025-11-24 02:08:20 UTC,/api/v1/category_rounds/9971/results,boulder_one_group_ifsc_2025,IFSC: 1 group 2025 (points),40,,,,,,,16277,1,/api/v1/routes/16277/startlist,
/api/v1/events/1465/result/435,1465,full_results_url,IFSC Pan American Cup Armenia 2025,BOULDER Men,finished,2025-11-25 22:49:18 UTC,2026-04-22 08:28:16 UTC,,9971,boulder,Qualification,Men,finished,2025-11-24 02:08:20 UTC,/api/v1/category_rounds/9971/results,boulder_one_group_ifsc_2025,IFSC: 1 group 2025 (points),40,,,,,,,16278,2,/api/v1/routes/16278/startlist,
/api/v1/events/1465/result/435,1465,full_results_url,IFSC Pan American Cup Armenia 2025,BOULDER Men,finished,2025-11-25 22:49:18 UTC,2026-04-22 08:28:16 UTC,,9971,boulder,Qualification,Men,finished,2025-11-24 02:08:20 UTC,/api/v1/category_rounds/9971/results,boulder_one_group_ifsc_2025,IFSC: 1 group 2025 (points),40,,,,,,,16279,3,/api/v1/routes/16279/startlist,
/api/v1/events/1465/result/435,1465,full_results_url,IFSC Pan American Cup Armenia 2025,BOULDER Men,finished,2025-11-25 22:49:18 UTC,2026-04-22 08:28:16 UTC,,9971,boulder,Qualification,Men,finished,2025-11-24 02:08:20 UTC,/api/v1/category_rounds/9971/results,boulder_one_group_ifsc_2025,IFSC: 1 group 2025 (points),40,,,,,,,16280,4,/api/v1/routes/16280/startlist,
/api/v1/events/1465/result/435,1465,full_results_url,IFSC Pan American Cup Armenia 2025,BOULDER Men,finished,2025-11-25 22:49:18 UTC,2026-04-22 08:28:16 UTC,,9971,boulder,Qualification,Men,finished,2025-11-24 02:08:20 UTC,/api/v1/category_rounds/9971/results,boulder_one_group_ifsc_2025,IFSC: 1 group 2025 (points),40,,,,,,,16281,5,/api/v1/routes/16281/startlist,
/api/v1/events/1465/result/435,1465,full_results_url,IFSC Pan American Cup Armenia 2025,BOULDER Men,finished,2025-11-25 22:49:18 UTC,2026-04-22 08:28:16 UTC,,10458,boulder,Semi Final,Men,finished,2025-11-25 17:10:51 UTC,/api/v1/category_rounds/10458/results,boulder_one_group_ifsc_2025,IFSC: 1 group 2025 (points),41,,,,,,,18085,1,/api/v1/routes/18085/startlist,
/api/v1/events/1465/result/435,1465,full_results_url,IFSC Pan American Cup Armenia 2025,BOULDER Men,finished,2025-11-25 22:49:18 UTC,2026-04-22 08:28:16 UTC,,10458,boulder,Semi Final,Men,finished,2025-11-25 17:10:51 UTC,/api/v1/category_rounds/10458/results,boulder_one_group_ifsc_2025,IFSC: 1 group 2025 (points),41,,,,,,,18086,2,/api/v1/routes/18086/startlist,
/api/v1/events/1465/result/435,1465,full_results_url,IFSC Pan American Cup Armenia 2025,BOULDER Men,finished,2025-11-25 22:49:18 UTC,2026-04-22 08:28:16 UTC,,10458,boulder,Semi Final,Men,finished,2025-11-25 17:10:51 UTC,/api/v1/category_rounds/10458/results,boulder_one_group_ifsc_2025,IFSC: 1 group 2025 (points),41,,,,,,,18087,3,/api/v1/routes/18087/startlist,
/api/v1/events/1465/result/435,1465,full_results_url,IFSC Pan American Cup Armenia 2025,BOULDER Men,finished,2025-11-25 22:49:18 UTC,2026-04-22 08:28:16 UTC,,10458,boulder,Semi Final,Men,finished,2025-11-25 17:10:51 UTC,/api/v1/category_rounds/10458/results,boulder_one_group_ifsc_2025,IFSC: 1 group 2025 (points),41,,,,,,,18088,4,/api/v1/routes/18088/startlist,
/api/v1/events/1465/result/435,1465,full_results_url,IFSC Pan American Cup Armenia 2025,BOULDER Men,finished,2025-11-25 22:49:18 UTC,2026-04-22 08:28:16 UTC,,10460,boulder,Final,Men,finished,2025-11-25 22:34:47 UTC,/api/v1/category_rounds/10460/results,boulder_finals_ifsc_2025,IFSC: finals 2025 (points),42,,,,,,,18093,1,/api/v1/routes/18093/startlist,
/api/v1/events/1465/result/435,1465,full_results_url,IFSC Pan American Cup Armenia 2025,BOULDER Men,finished,2025-11-25 22:49:18 UTC,2026-04-22 08:28:16 UTC,,10460,boulder,Final,Men,finished,2025-11-25 22:34:47 UTC,/api/v1/category_rounds/10460/results,boulder_finals_ifsc_2025,IFSC: finals 2025 (points),42,,,,,,,18094,2,/api/v1/routes/18094/startlist,
/api/v1/events/1465/result/435,1465,full_results_url,IFSC Pan American Cup Armenia 2025,BOULDER Men,finished,2025-11-25 22:49:18 UTC,2026-04-22 08:28:16 UTC,,10460,boulder,Final,Men,finished,2025-11-25 22:34:47 UTC,/api/v1/category_rounds/10460/results,boulder_finals_ifsc_2025,IFSC: finals 2025 (points),42,,,,,,,18095,3,/api/v1/routes/18095/startlist,
/api/v1/events/1465/result/435,1465,full_results_url,IFSC Pan American Cup Armenia 2025,BOULDER Men,finished,2025-11-25 22:49:18 UTC,2026-04-22 08:28:16 UTC,,10460,boulder,Final,Men,finished,2025-11-25 22:34:47 UTC,/api/v1/category_rounds/10460/results,boulder_finals_ifsc_2025,IFSC: finals 2025 (points),42,,,,,,,18096,4,/api/v1/routes/18096/startlist,
/api/v1/events/1465/result/439,1465,full_results_url,IFSC Pan American Cup Armenia 2025,BOULDER Women,finished,2025-11-24 23:12:51 UTC,2026-04-22 08:28:20 UTC,,9972,boulder,Qualification,Women,finished,2025-11-23 19:05:08 UTC,/api/v1/category_rounds/9972/results,boulder_one_group_ifsc_2025,IFSC: 1 group 2025 (points),40,,,,,,,16282,1,/api/v1/routes/16282/startlist,
/api/v1/events/1465/result/439,1465,full_results_url,IFSC Pan American Cup Armenia 2025,BOULDER Women,finished,2025-11-24 23:12:51 UTC,2026-04-22 08:28:20 UTC,,9972,boulder,Qualification,Women,finished,2025-11-23 19:05:08 UTC,/api/v1/category_rounds/9972/results,boulder_one_group_ifsc_2025,IFSC: 1 group 2025 (points),40,,,,,,,16283,2,/api/v1/routes/16283/startlist,
/api/v1/events/1465/result/439,1465,full_results_url,IFSC Pan American Cup Armenia 2025,BOULDER Women,finished,2025-11-24 23:12:51 UTC,2026-04-22 08:28:20 UTC,,9972,boulder,Qualification,Women,finished,2025-11-23 19:05:08 UTC,/api/v1/category_rounds/9972/results,boulder_one_group_ifsc_2025,IFSC: 1 group 2025 (points),40,,,,,,,16284,3,/api/v1/routes/16284/startlist,
/api/v1/events/1465/result/439,1465,full_results_url,IFSC Pan American Cup Armenia 2025,BOULDER Women,finished,2025-11-24 23:12:51 UTC,2026-04-22 08:28:20 UTC,,9972,boulder,Qualification,Women,finished,2025-11-23 19:05:08 UTC,/api/v1/category_rounds/9972/results,boulder_one_group_ifsc_2025,IFSC: 1 group 2025 (points),40,,,,,,,16285,4,/api/v1/routes/16285/startlist,
/api/v1/events/1465/result/439,1465,full_results_url,IFSC Pan American Cup Armenia 2025,BOULDER Women,finished,2025-11-24 23:12:51 UTC,2026-04-22 08:28:20 UTC,,9972,boulder,Qualification,Women,finished,2025-11-23 19:05:08 UTC,/api/v1/category_rounds/9972/results,boulder_one_group_ifsc_2025,IFSC: 1 group 2025 (points),40,,,,,,,16286,5,/api/v1/routes/16286/startlist,
/api/v1/events/1465/result/439,1465,full_results_url,IFSC Pan American Cup Armenia 2025,BOULDER Women,finished,2025-11-24 23:12:51 UTC,2026-04-22 08:28:20 UTC,,10459,boulder,Semi Final,Women,finished,2025-11-24 16:43:59 UTC,/api/v1/category_rounds/10459/results,boulder_one_group_ifsc_2025,IFSC: 1 group 2025 (points),41,,,,,,,18089,1,/api/v1/routes/18089/startlist,
/api/v1/events/1465/result/439,1465,full_results_url,IFSC Pan American Cup Armenia 2025,BOULDER Women,finished,2025-11-24 23:12:51 UTC,2026-04-22 08:28:20 UTC,,10459,boulder,Semi Final,Women,finished,2025-11-24 16:43:59 UTC,/api/v1/category_rounds/10459/results,boulder_one_group_ifsc_2025,IFSC: 1 group 2025 (points),41,,,,,,,18090,2,/api/v1/routes/18090/startlist,
/api/v1/events/1465/result/439,1465,full_results_url,IFSC Pan American Cup Armenia 2025,BOULDER Women,finished,2025-11-24 23:12:51 UTC,2026-04-22 08:28:20 UTC,,10459,boulder,Semi Final,Women,finished,2025-11-24 16:43:59 UTC,/api/v1/category_rounds/10459/results,boulder_one_group_ifsc_2025,IFSC: 1 group 2025 (points),41,,,,,,,18091,3,/api/v1/routes/18091/startlist,
/api/v1/events/1465/result/439,1465,full_results_url,IFSC Pan American Cup Armenia 2025,BOULDER Women,finished,2025-11-24 23:12:51 UTC,2026-04-22 08:28:20 UTC,,10459,boulder,Semi Final,Women,finished,2025-11-24 16:43:59 UTC,/api/v1/category_rounds/10459/results,boulder_one_group_ifsc_2025,IFSC: 1 group 2025 (points),41,,,,,,,18092,4,/api/v1/routes/18092/startlist,
/api/v1/events/1465/result/439,1465,full_results_url,IFSC Pan American Cup Armenia 2025,BOULDER Women,finished,2025-11-24 23:12:51 UTC,2026-04-22 08:28:20 UTC,,10461,boulder,Final,Women,finished,2025-11-24 22:28:48 UTC,/api/v1/category_rounds/10461/results,boulder_finals_ifsc_2025,IFSC: finals 2025 (points),42,,,,,,,18097,1,/api/v1/routes/18097/startlist,
/api/v1/events/1465/result/439,1465,full_results_url,IFSC Pan American Cup Armenia 2025,BOULDER Women,finished,2025-11-24 23:12:51 UTC,2026-04-22 08:28:20 UTC,,10461,boulder,Final,Women,finished,2025-11-24 22:28:48 UTC,/api/v1/category_rounds/10461/results,boulder_finals_ifsc_2025,IFSC: finals 2025 (points),42,,,,,,,18098,2,/api/v1/routes/18098/startlist,
/api/v1/events/1465/result/439,1465,full_results_url,IFSC Pan American Cup Armenia 2025,BOULDER Women,finished,2025-11-24 23:12:51 UTC,2026-04-22 08:28:20 UTC,,10461,boulder,Final,Women,finished,2025-11-24 22:28:48 UTC,/api/v1/category_rounds/10461/results,boulder_finals_ifsc_2025,IFSC: finals 2025 (points),42,,,,,,,18099,3,/api/v1/routes/18099/startlist,
/api/v1/events/1465/result/439,1465,full_results_url,IFSC Pan American Cup Armenia 2025,BOULDER Women,finished,2025-11-24 23:12:51 UTC,2026-04-22 08:28:20 UTC,,10461,boulder,Final,Women,finished,2025-11-24 22:28:48 UTC,/api/v1/category_rounds/10461/results,boulder_finals_ifsc_2025,IFSC: finals 2025 (points),42,,,,,,,18100,4,/api/v1/routes/18100/startlist,
/api/v1/events/1475/result/315,1475,full_results_url,Bolivarian Games [CANCELLED],BOULDER Men,registration_pending,2025-10-02 07:18:44 UTC,NA,,10257,boulder,Qualification,Men,pending,2025-09-12 08:44:38 UTC,/api/v1/category_rounds/10257/results,boulder_one_group_ifsc_2025,IFSC: 1 group 2025 (points),31,,,,,,,17327,1,/api/v1/routes/17327/startlist,
/api/v1/events/1475/result/315,1475,full_results_url,Bolivarian Games [CANCELLED],BOULDER Men,registration_pending,2025-10-02 07:18:44 UTC,NA,,10257,boulder,Qualification,Men,pending,2025-09-12 08:44:38 UTC,/api/v1/category_rounds/10257/results,boulder_one_group_ifsc_2025,IFSC: 1 group 2025 (points),31,,,,,,,17328,2,/api/v1/routes/17328/startlist,
/api/v1/events/1475/result/315,1475,full_results_url,Bolivarian Games [CANCELLED],BOULDER Men,registration_pending,2025-10-02 07:18:44 UTC,NA,,10257,boulder,Qualification,Men,pending,2025-09-12 08:44:38 UTC,/api/v1/category_rounds/10257/results,boulder_one_group_ifsc_2025,IFSC: 1 group 2025 (points),31,,,,,,,17329,3,/api/v1/routes/17329/startlist,
/api/v1/events/1475/result/315,1475,full_results_url,Bolivarian Games [CANCELLED],BOULDER Men,registration_pending,2025-10-02 07:18:44 UTC,NA,,10257,boulder,Qualification,Men,pending,2025-09-12 08:44:38 UTC,/api/v1/category_rounds/10257/results,boulder_one_group_ifsc_2025,IFSC: 1 group 2025 (points),31,,,,,,,17330,4,/api/v1/routes/17330/startlist,
/api/v1/events/1475/result/315,1475,full_results_url,Bolivarian Games [CANCELLED],BOULDER Men,registration_pending,2025-10-02 07:18:44 UTC,NA,,10257,boulder,Qualification,Men,pending,2025-09-12 08:44:38 UTC,/api/v1/category_rounds/10257/results,boulder_one_group_ifsc_2025,IFSC: 1 group 2025 (points),31,,,,,,,17331,5,/api/v1/routes/17331/startlist,
/api/v1/events/1475/result/335,1475,full_results_url,Bolivarian Games [CANCELLED],BOULDER Women,registration_pending,2025-10-02 07:18:44 UTC,NA,,10258,boulder,Qualification,Women,pending,2025-09-12 08:44:38 UTC,/api/v1/category_rounds/10258/results,boulder_one_group_ifsc_2025,IFSC: 1 group 2025 (points),31,,,,,,,17332,1,/api/v1/routes/17332/startlist,
/api/v1/events/1475/result/335,1475,full_results_url,Bolivarian Games [CANCELLED],BOULDER Women,registration_pending,2025-10-02 07:18:44 UTC,NA,,10258,boulder,Qualification,Women,pending,2025-09-12 08:44:38 UTC,/api/v1/category_rounds/10258/results,boulder_one_group_ifsc_2025,IFSC: 1 group 2025 (points),31,,,,,,,17333,2,/api/v1/routes/17333/startlist,
/api/v1/events/1475/result/335,1475,full_results_url,Bolivarian Games [CANCELLED],BOULDER Women,registration_pending,2025-10-02 07:18:44 UTC,NA,,10258,boulder,Qualification,Women,pending,2025-09-12 08:44:38 UTC,/api/v1/category_rounds/10258/results,boulder_one_group_ifsc_2025,IFSC: 1 group 2025 (points),31,,,,,,,17334,3,/api/v1/routes/17334/startlist,
/api/v1/events/1475/result/335,1475,full_results_url,Bolivarian Games [CANCELLED],BOULDER Women,registration_pending,2025-10-02 07:18:44 UTC,NA,,10258,boulder,Qualification,Women,pending,2025-09-12 08:44:38 UTC,/api/v1/category_rounds/10258/results,boulder_one_group_ifsc_2025,IFSC: 1 group 2025 (points),31,,,,,,,17335,4,/api/v1/routes/17335/startlist,
/api/v1/events/1475/result/335,1475,full_results_url,Bolivarian Games [CANCELLED],BOULDER Women,registration_pending,2025-10-02 07:18:44 UTC,NA,,10258,boulder,Qualification,Women,pending,2025-09-12 08:44:38 UTC,/api/v1/category_rounds/10258/results,boulder_one_group_ifsc_2025,IFSC: 1 group 2025 (points),31,,,,,,,17336,5,/api/v1/routes/17336/startlist,
