source_event_url,event_id,source_url_layer,event_name,dcat_name,dcat_status,dcat_status_as_of,dcat_ranking_as_of,cutoff_rank,category_round_id,round_kind,round_name,round_category,round_status,round_status_as_of,round_result_url,format_identifier,format,league_round_id,stage_id,stage_name,stage_kind,stage_status,stage_status_as_of,stage_results_url,route_id,route_name,route_startlist_url,route_results_url
/api/v1/events/665/result/3,665,full_results_url,"IFSC Climbing Worldcup (B,S) - Milano (ITA) 2011",BOULDER Men,finished,2025-10-02 07:18:19 UTC,2026-04-22 10:51:11 UTC,,1638,boulder,Qualification,Men,finished,2021-04-09 08:02:16 UTC,/api/v1/category_rounds/1638/results,boulder_legacy,Translation missing: en.round_types.boulder_legacy,1,,,,,,,2876,1,/api/v1/routes/2876/startlist,
/api/v1/events/665/result/3,665,full_results_url,"IFSC Climbing Worldcup (B,S) - Milano (ITA) 2011",BOULDER Men,finished,2025-10-02 07:18:19 UTC,2026-04-22 10:51:11 UTC,,1638,boulder,Qualification,Men,finished,2021-04-09 08:02:16 UTC,/api/v1/category_rounds/1638/results,boulder_legacy,Translation missing: en.round_types.boulder_legacy,1,,,,,,,2877,2,/api/v1/routes/2877/startlist,
/api/v1/events/665/result/3,665,full_results_url,"IFSC Climbing Worldcup (B,S) - Milano (ITA) 2011",BOULDER Men,finished,2025-10-02 07:18:19 UTC,2026-04-22 10:51:11 UTC,,1638,boulder,Qualification,Men,finished,2021-04-09 08:02:16 UTC,/api/v1/category_rounds/1638/results,boulder_legacy,Translation missing: en.round_types.boulder_legacy,1,,,,,,,2878,3,/api/v1/routes/2878/startlist,
/api/v1/events/665/result/3,665,full_results_url,"IFSC Climbing Worldcup (B,S) - Milano (ITA) 2011",BOULDER Men,finished,2025-10-02 07:18:19 UTC,2026-04-22 10:51:11 UTC,,1638,boulder,Qualification,Men,finished,2021-04-09 08:02:16 UTC,/api/v1/category_rounds/1638/results,boulder_legacy,Translation missing: en.round_types.boulder_legacy,1,,,,,,,2879,4,/api/v1/routes/2879/startlist,
/api/v1/events/665/result/3,665,full_results_url,"IFSC Climbing Worldcup (B,S) - Milano (ITA) 2011",BOULDER Men,finished,2025-10-02 07:18:19 UTC,2026-04-22 10:51:11 UTC,,1638,boulder,Qualification,Men,finished,2021-04-09 08:02:16 UTC,/api/v1/category_rounds/1638/results,boulder_legacy,Translation missing: en.round_types.boulder_legacy,1,,,,,,,2880,5,/api/v1/routes/2880/startlist,
/api/v1/events/665/result/3,665,full_results_url,"IFSC Climbing Worldcup (B,S) - Milano (ITA) 2011",BOULDER Men,finished,2025-10-02 07:18:19 UTC,2026-04-22 10:51:11 UTC,,1639,boulder,Semi-Final,Men,finished,2021-04-09 08:02:27 UTC,/api/v1/category_rounds/1639/results,boulder_legacy,Translation missing: en.round_types.boulder_legacy,2,,,,,,,2881,1,/api/v1/routes/2881/startlist,
/api/v1/events/665/result/3,665,full_results_url,"IFSC Climbing Worldcup (B,S) - Milano (ITA) 2011",BOULDER Men,finished,2025-10-02 07:18:19 UTC,2026-04-22 10:51:11 UTC,,1639,boulder,Semi-Final,Men,finished,2021-04-09 08:02:27 UTC,/api/v1/category_rounds/1639/results,boulder_legacy,Translation missing: en.round_types.boulder_legacy,2,,,,,,,2882,2,/api/v1/routes/2882/startlist,
/api/v1/events/665/result/3,665,full_results_url,"IFSC Climbing Worldcup (B,S) - Milano (ITA) 2011",BOULDER Men,finished,2025-10-02 07:18:19 UTC,2026-04-22 10:51:11 UTC,,1639,boulder,Semi-Final,Men,finished,2021-04-09 08:02:27 UTC,/api/v1/category_rounds/1639/results,boulder_legacy,Translation missing: en.round_types.boulder_legacy,2,,,,,,,2883,3,/api/v1/routes/2883/startlist,
/api/v1/events/665/result/3,665,full_results_url,"IFSC Climbing Worldcup (B,S) - Milano (ITA) 2011",BOULDER Men,finished,2025-10-02 07:18:19 UTC,2026-04-22 10:51:11 UTC,,1639,boulder,Semi-Final,Men,finished,2021-04-09 08:02:27 UTC,/api/v1/category_rounds/1639/results,boulder_legacy,Translation missing: en.round_types.boulder_legacy,2,,,,,,,2884,4,/api/v1/routes/2884/startlist,
/api/v1/events/665/result/3,665,full_results_url,"IFSC Climbing Worldcup (B,S) - Milano (ITA) 2011",BOULDER Men,finished,2025-10-02 07:18:19 UTC,2026-04-22 10:51:11 UTC,,1640,boulder,Final,Men,finished,2021-04-09 08:02:31 UTC,/api/v1/category_rounds/1640/results,boulder_legacy,Translation missing: en.round_types.boulder_legacy,3,,,,,,,2885,1,/api/v1/routes/2885/startlist,
/api/v1/events/665/result/3,665,full_results_url,"IFSC Climbing Worldcup (B,S) - Milano (ITA) 2011",BOULDER Men,finished,2025-10-02 07:18:19 UTC,2026-04-22 10:51:11 UTC,,1640,boulder,Final,Men,finished,2021-04-09 08:02:31 UTC,/api/v1/category_rounds/1640/results,boulder_legacy,Translation missing: en.round_types.boulder_legacy,3,,,,,,,2886,2,/api/v1/routes/2886/startlist,
/api/v1/events/665/result/3,665,full_results_url,"IFSC Climbing Worldcup (B,S) - Milano (ITA) 2011",BOULDER Men,finished,2025-10-02 07:18:19 UTC,2026-04-22 10:51:11 UTC,,1640,boulder,Final,Men,finished,2021-04-09 08:02:31 UTC,/api/v1/category_rounds/1640/results,boulder_legacy,Translation missing: en.round_types.boulder_legacy,3,,,,,,,2887,3,/api/v1/routes/2887/startlist,
/api/v1/events/665/result/3,665,full_results_url,"IFSC Climbing Worldcup (B,S) - Milano (ITA) 2011",BOULDER Men,finished,2025-10-02 07:18:19 UTC,2026-04-22 10:51:11 UTC,,1640,boulder,Final,Men,finished,2021-04-09 08:02:31 UTC,/api/v1/category_rounds/1640/results,boulder_legacy,Translation missing: en.round_types.boulder_legacy,3,,,,,,,2888,4,/api/v1/routes/2888/startlist,
/api/v1/events/665/result/7,665,full_results_url,"IFSC Climbing Worldcup (B,S) - Milano (ITA) 2011",BOULDER Women,finished,2025-10-02 07:18:19 UTC,2026-04-22 10:51:15 UTC,,1633,boulder,Qualification,Women,finished,2021-04-09 08:02:16 UTC,/api/v1/category_rounds/1633/results,boulder_legacy,Translation missing: en.round_types.boulder_legacy,1,,,,,,,2863,1,/api/v1/routes/2863/startlist,
/api/v1/events/665/result/7,665,full_results_url,"IFSC Climbing Worldcup (B,S) - Milano (ITA) 2011",BOULDER Women,finished,2025-10-02 07:18:19 UTC,2026-04-22 10:51:15 UTC,,1633,boulder,Qualification,Women,finished,2021-04-09 08:02:16 UTC,/api/v1/category_rounds/1633/results,boulder_legacy,Translation missing: en.round_types.boulder_legacy,1,,,,,,,2864,2,/api/v1/routes/2864/startlist,
/api/v1/events/665/result/7,665,full_results_url,"IFSC Climbing Worldcup (B,S) - Milano (ITA) 2011",BOULDER Women,finished,2025-10-02 07:18:19 UTC,2026-04-22 10:51:15 UTC,,1633,boulder,Qualification,Women,finished,2021-04-09 08:02:16 UTC,/api/v1/category_rounds/1633/results,boulder_legacy,Translation missing: en.round_types.boulder_legacy,1,,,,,,,2865,3,/api/v1/routes/2865/startlist,
/api/v1/events/665/result/7,665,full_results_url,"IFSC Climbing Worldcup (B,S) - Milano (ITA) 2011",BOULDER Women,finished,2025-10-02 07:18:19 UTC,2026-04-22 10:51:15 UTC,,1633,boulder,Qualification,Women,finished,2021-04-09 08:02:16 UTC,/api/v1/category_rounds/1633/results,boulder_legacy,Translation missing: en.round_types.boulder_legacy,1,,,,,,,2866,4,/api/v1/routes/2866/startlist,
/api/v1/events/665/result/7,665,full_results_url,"IFSC Climbing Worldcup (B,S) - Milano (ITA) 2011",BOULDER Women,finished,2025-10-02 07:18:19 UTC,2026-04-22 10:51:15 UTC,,1633,boulder,Qualification,Women,finished,2021-04-09 08:02:16 UTC,/api/v1/category_rounds/1633/results,boulder_legacy,Translation missing: en.round_types.boulder_legacy,1,,,,,,,2867,5,/api/v1/routes/2867/startlist,
/api/v1/events/665/result/7,665,full_results_url,"IFSC Climbing Worldcup (B,S) - Milano (ITA) 2011",BOULDER Women,finished,2025-10-02 07:18:19 UTC,2026-04-22 10:51:15 UTC,,1634,boulder,Semi-Final,Women,finished,2021-04-09 08:02:27 UTC,/api/v1/category_rounds/1634/results,boulder_legacy,Translation missing: en.round_types.boulder_legacy,2,,,,,,,2868,1,/api/v1/routes/2868/startlist,
/api/v1/events/665/result/7,665,full_results_url,"IFSC Climbing Worldcup (B,S) - Milano (ITA) 2011",BOULDER Women,finished,2025-10-02 07:18:19 UTC,2026-04-22 10:51:15 UTC,,1634,boulder,Semi-Final,Women,finished,2021-04-09 08:02:27 UTC,/api/v1/category_rounds/1634/results,boulder_legacy,Translation missing: en.round_types.boulder_legacy,2,,,,,,,2869,2,/api/v1/routes/2869/startlist,
/api/v1/events/665/result/7,665,full_results_url,"IFSC Climbing Worldcup (B,S) - Milano (ITA) 2011",BOULDER Women,finished,2025-10-02 07:18:19 UTC,2026-04-22 10:51:15 UTC,,1634,boulder,Semi-Final,Women,finished,2021-04-09 08:02:27 UTC,/api/v1/category_rounds/1634/results,boulder_legacy,Translation missing: en.round_types.boulder_legacy,2,,,,,,,2870,3,/api/v1/routes/2870/startlist,
/api/v1/events/665/result/7,665,full_results_url,"IFSC Climbing Worldcup (B,S) - Milano (ITA) 2011",BOULDER Women,finished,2025-10-02 07:18:19 UTC,2026-04-22 10:51:15 UTC,,1634,boulder,Semi-Final,Women,finished,2021-04-09 08:02:27 UTC,/api/v1/category_rounds/1634/results,boulder_legacy,Translation missing: en.round_types.boulder_legacy,2,,,,,,,2871,4,/api/v1/routes/2871/startlist,
/api/v1/events/665/result/7,665,full_results_url,"IFSC Climbing Worldcup (B,S) - Milano (ITA) 2011",BOULDER Women,finished,2025-10-02 07:18:19 UTC,2026-04-22 10:51:15 UTC,,1635,boulder,Final,Women,finished,2021-04-09 08:02:31 UTC,/api/v1/category_rounds/1635/results,boulder_legacy,Translation missing: en.round_types.boulder_legacy,3,,,,,,,2872,1,/api/v1/routes/2872/startlist,
/api/v1/events/665/result/7,665,full_results_url,"IFSC Climbing Worldcup (B,S) - Milano (ITA) 2011",BOULDER Women,finished,2025-10-02 07:18:19 UTC,2026-04-22 10:51:15 UTC,,1635,boulder,Final,Women,finished,2021-04-09 08:02:31 UTC,/api/v1/category_rounds/1635/results,boulder_legacy,Translation missing: en.round_types.boulder_legacy,3,,,,,,,2873,2,/api/v1/routes/2873/startlist,
/api/v1/events/665/result/7,665,full_results_url,"IFSC Climbing Worldcup (B,S) - Milano (ITA) 2011",BOULDER Women,finished,2025-10-02 07:18:19 UTC,2026-04-22 10:51:15 UTC,,1635,boulder,Final,Women,finished,2021-04-09 08:02:31 UTC,/api/v1/category_rounds/1635/results,boulder_legacy,Translation missing: en.round_types.boulder_legacy,3,,,,,,,2874,3,/api/v1/routes/2874/startlist,
/api/v1/events/665/result/7,665,full_results_url,"IFSC Climbing Worldcup (B,S) - Milano (ITA) 2011",BOULDER Women,finished,2025-10-02 07:18:19 UTC,2026-04-22 10:51:15 UTC,,1635,boulder,Final,Women,finished,2021-04-09 08:02:31 UTC,/api/v1/category_rounds/1635/results,boulder_legacy,Translation missing: en.round_types.boulder_legacy,3,,,,,,,2875,4,/api/v1/routes/2875/startlist,
/api/v1/events/665/result/2,665,full_results_url,"IFSC Climbing Worldcup (B,S) - Milano (ITA) 2011",SPEED Men,finished,2025-10-02 07:18:19 UTC,2026-04-22 10:51:19 UTC,,1642,speed,Final,Men,finished,2024-01-17 07:26:36 UTC,/api/v1/category_rounds/1642/results,speed_elimination_ifsc,IFSC 2021: Elimination,3,,,,,,,1981,A,/api/v1/routes/1981/startlist,
/api/v1/events/665/result/2,665,full_results_url,"IFSC Climbing Worldcup (B,S) - Milano (ITA) 2011",SPEED Men,finished,2025-10-02 07:18:19 UTC,2026-04-22 10:51:19 UTC,,1642,speed,Final,Men,finished,2024-01-17 07:26:36 UTC,/api/v1/category_rounds/1642/results,speed_elimination_ifsc,IFSC 2021: Elimination,3,,,,,,,1982,B,/api/v1/routes/1982/startlist,
/api/v1/events/665/result/6,665,full_results_url,"IFSC Climbing Worldcup (B,S) - Milano (ITA) 2011",SPEED Women,finished,2025-10-02 07:18:19 UTC,2026-04-22 10:51:23 UTC,,1637,speed,Final,Women,finished,2024-01-17 07:26:37 UTC,/api/v1/category_rounds/1637/results,speed_elimination_ifsc,IFSC 2021: Elimination,3,,,,,,,1983,A,/api/v1/routes/1983/startlist,
/api/v1/events/665/result/6,665,full_results_url,"IFSC Climbing Worldcup (B,S) - Milano (ITA) 2011",SPEED Women,finished,2025-10-02 07:18:19 UTC,2026-04-22 10:51:23 UTC,,1637,speed,Final,Women,finished,2024-01-17 07:26:37 UTC,/api/v1/category_rounds/1637/results,speed_elimination_ifsc,IFSC 2021: Elimination,3,,,,,,,1984,B,/api/v1/routes/1984/startlist,
/api/v1/events/667/result/3,667,full_results_url,IFSC Climbing Worldcup (B) - Log-Dragomer (SLO) 2011,BOULDER Men,finished,2025-10-02 07:18:19 UTC,2026-04-22 10:51:26 UTC,,1646,boulder,Qualification,Men,finished,2021-04-09 08:02:54 UTC,/api/v1/category_rounds/1646/results,boulder_legacy,Translation missing: en.round_types.boulder_legacy,1,,,,,,,2902,1,/api/v1/routes/2902/startlist,
/api/v1/events/667/result/3,667,full_results_url,IFSC Climbing Worldcup (B) - Log-Dragomer (SLO) 2011,BOULDER Men,finished,2025-10-02 07:18:19 UTC,2026-04-22 10:51:26 UTC,,1646,boulder,Qualification,Men,finished,2021-04-09 08:02:54 UTC,/api/v1/category_rounds/1646/results,boulder_legacy,Translation missing: en.round_types.boulder_legacy,1,,,,,,,2903,2,/api/v1/routes/2903/startlist,
/api/v1/events/667/result/3,667,full_results_url,IFSC Climbing Worldcup (B) - Log-Dragomer (SLO) 2011,BOULDER Men,finished,2025-10-02 07:18:19 UTC,2026-04-22 10:51:26 UTC,,1646,boulder,Qualification,Men,finished,2021-04-09 08:02:54 UTC,/api/v1/category_rounds/1646/results,boulder_legacy,Translation missing: en.round_types.boulder_legacy,1,,,,,,,2904,3,/api/v1/routes/2904/startlist,
/api/v1/events/667/result/3,667,full_results_url,IFSC Climbing Worldcup (B) - Log-Dragomer (SLO) 2011,BOULDER Men,finished,2025-10-02 07:18:19 UTC,2026-04-22 10:51:26 UTC,,1646,boulder,Qualification,Men,finished,2021-04-09 08:02:54 UTC,/api/v1/category_rounds/1646/results,boulder_legacy,Translation missing: en.round_types.boulder_legacy,1,,,,,,,2905,4,/api/v1/routes/2905/startlist,
/api/v1/events/667/result/3,667,full_results_url,IFSC Climbing Worldcup (B) - Log-Dragomer (SLO) 2011,BOULDER Men,finished,2025-10-02 07:18:19 UTC,2026-04-22 10:51:26 UTC,,1646,boulder,Qualification,Men,finished,2021-04-09 08:02:54 UTC,/api/v1/category_rounds/1646/results,boulder_legacy,Translation missing: en.round_types.boulder_legacy,1,,,,,,,2906,5,/api/v1/routes/2906/startlist,
/api/v1/events/667/result/3,667,full_results_url,IFSC Climbing Worldcup (B) - Log-Dragomer (SLO) 2011,BOULDER Men,finished,2025-10-02 07:18:19 UTC,2026-04-22 10:51:26 UTC,,1647,boulder,Semi-Final,Men,finished,2021-04-09 08:03:04 UTC,/api/v1/category_rounds/1647/results,boulder_legacy,Translation missing: en.round_types.boulder_legacy,2,,,,,,,2907,1,/api/v1/routes/2907/startlist,
/api/v1/events/667/result/3,667,full_results_url,IFSC Climbing Worldcup (B) - Log-Dragomer (SLO) 2011,BOULDER Men,finished,2025-10-02 07:18:19 UTC,2026-04-22 10:51:26 UTC,,1647,boulder,Semi-Final,Men,finished,2021-04-09 08:03:04 UTC,/api/v1/category_rounds/1647/results,boulder_legacy,Translation missing: en.round_types.boulder_legacy,2,,,,,,,2908,2,/api/v1/routes/2908/startlist,
/api/v1/events/667/result/3,667,full_results_url,IFSC Climbing Worldcup (B) - Log-Dragomer (SLO) 2011,BOULDER Men,finished,2025-10-02 07:18:19 UTC,2026-04-22 10:51:26 UTC,,1647,boulder,Semi-Final,Men,finished,2021-04-09 08:03:04 UTC,/api/v1/category_rounds/1647/results,boulder_legacy,Translation missing: en.round_types.boulder_legacy,2,,,,,,,2909,3,/api/v1/routes/2909/startlist,
/api/v1/events/667/result/3,667,full_results_url,IFSC Climbing Worldcup (B) - Log-Dragomer (SLO) 2011,BOULDER Men,finished,2025-10-02 07:18:19 UTC,2026-04-22 10:51:26 UTC,,1647,boulder,Semi-Final,Men,finished,2021-04-09 08:03:04 UTC,/api/v1/category_rounds/1647/results,boulder_legacy,Translation missing: en.round_types.boulder_legacy,2,,,,,,,2910,4,/api/v1/routes/2910/startlist,
/api/v1/events/667/result/3,667,full_results_url,IFSC Climbing Worldcup (B) - Log-Dragomer (SLO) 2011,BOULDER Men,finished,2025-10-02 07:18:19 UTC,2026-04-22 10:51:26 UTC,,1648,boulder,Final,Men,finished,2021-04-09 08:03:08 UTC,/api/v1/category_rounds/1648/results,boulder_legacy,Translation missing: en.round_types.boulder_legacy,3,,,,,,,2911,1,/api/v1/routes/2911/startlist,
/api/v1/events/667/result/3,667,full_results_url,IFSC Climbing Worldcup (B) - Log-Dragomer (SLO) 2011,BOULDER Men,finished,2025-10-02 07:18:19 UTC,2026-04-22 10:51:26 UTC,,1648,boulder,Final,Men,finished,2021-04-09 08:03:08 UTC,/api/v1/category_rounds/1648/results,boulder_legacy,Translation missing: en.round_types.boulder_legacy,3,,,,,,,2912,2,/api/v1/routes/2912/startlist,
/api/v1/events/667/result/3,667,full_results_url,IFSC Climbing Worldcup (B) - Log-Dragomer (SLO) 2011,BOULDER Men,finished,2025-10-02 07:18:19 UTC,2026-04-22 10:51:26 UTC,,1648,boulder,Final,Men,finished,2021-04-09 08:03:08 UTC,/api/v1/category_rounds/1648/results,boulder_legacy,Translation missing: en.round_types.boulder_legacy,3,,,,,,,2913,3,/api/v1/routes/2913/startlist,
/api/v1/events/667/result/3,667,full_results_url,IFSC Climbing Worldcup (B) - Log-Dragomer (SLO) 2011,BOULDER Men,finished,2025-10-02 07:18:19 UTC,2026-04-22 10:51:26 UTC,,1648,boulder,Final,Men,finished,2021-04-09 08:03:08 UTC,/api/v1/category_rounds/1648/results,boulder_legacy,Translation missing: en.round_types.boulder_legacy,3,,,,,,,2914,4,/api/v1/routes/2914/startlist,
/api/v1/events/667/result/7,667,full_results_url,IFSC Climbing Worldcup (B) - Log-Dragomer (SLO) 2011,BOULDER Women,finished,2025-10-02 07:18:19 UTC,2026-04-22 10:51:30 UTC,,1643,boulder,Qualification,Women,finished,2021-04-09 08:02:54 UTC,/api/v1/category_rounds/1643/results,boulder_legacy,Translation missing: en.round_types.boulder_legacy,1,,,,,,,2889,1,/api/v1/routes/2889/startlist,
/api/v1/events/667/result/7,667,full_results_url,IFSC Climbing Worldcup (B) - Log-Dragomer (SLO) 2011,BOULDER Women,finished,2025-10-02 07:18:19 UTC,2026-04-22 10:51:30 UTC,,1643,boulder,Qualification,Women,finished,2021-04-09 08:02:54 UTC,/api/v1/category_rounds/1643/results,boulder_legacy,Translation missing: en.round_types.boulder_legacy,1,,,,,,,2890,2,/api/v1/routes/2890/startlist,
/api/v1/events/667/result/7,667,full_results_url,IFSC Climbing Worldcup (B) - Log-Dragomer (SLO) 2011,BOULDER Women,finished,2025-10-02 07:18:19 UTC,2026-04-22 10:51:30 UTC,,1643,boulder,Qualification,Women,finished,2021-04-09 08:02:54 UTC,/api/v1/category_rounds/1643/results,boulder_legacy,Translation missing: en.round_types.boulder_legacy,1,,,,,,,2891,3,/api/v1/routes/2891/startlist,
/api/v1/events/667/result/7,667,full_results_url,IFSC Climbing Worldcup (B) - Log-Dragomer (SLO) 2011,BOULDER Women,finished,2025-10-02 07:18:19 UTC,2026-04-22 10:51:30 UTC,,1643,boulder,Qualification,Women,finished,2021-04-09 08:02:54 UTC,/api/v1/category_rounds/1643/results,boulder_legacy,Translation missing: en.round_types.boulder_legacy,1,,,,,,,2892,4,/api/v1/routes/2892/startlist,
/api/v1/events/667/result/7,667,full_results_url,IFSC Climbing Worldcup (B) - Log-Dragomer (SLO) 2011,BOULDER Women,finished,2025-10-02 07:18:19 UTC,2026-04-22 10:51:30 UTC,,1643,boulder,Qualification,Women,finished,2021-04-09 08:02:54 UTC,/api/v1/category_rounds/1643/results,boulder_legacy,Translation missing: en.round_types.boulder_legacy,1,,,,,,,2893,5,/api/v1/routes/2893/startlist,
/api/v1/events/667/result/7,667,full_results_url,IFSC Climbing Worldcup (B) - Log-Dragomer (SLO) 2011,BOULDER Women,finished,2025-10-02 07:18:19 UTC,2026-04-22 10:51:30 UTC,,1644,boulder,Semi-Final,Women,finished,2021-04-09 08:03:04 UTC,/api/v1/category_rounds/1644/results,boulder_legacy,Translation missing: en.round_types.boulder_legacy,2,,,,,,,2894,1,/api/v1/routes/2894/startlist,
/api/v1/events/667/result/7,667,full_results_url,IFSC Climbing Worldcup (B) - Log-Dragomer (SLO) 2011,BOULDER Women,finished,2025-10-02 07:18:19 UTC,2026-04-22 10:51:30 UTC,,1644,boulder,Semi-Final,Women,finished,2021-04-09 08:03:04 UTC,/api/v1/category_rounds/1644/results,boulder_legacy,Translation missing: en.round_types.boulder_legacy,2,,,,,,,2895,2,/api/v1/routes/2895/startlist,
/api/v1/events/667/result/7,667,full_results_url,IFSC Climbing Worldcup (B) - Log-Dragomer (SLO) 2011,BOULDER Women,finished,2025-10-02 07:18:19 UTC,2026-04-22 10:51:30 UTC,,1644,boulder,Semi-Final,Women,finished,2021-04-09 08:03:04 UTC,/api/v1/category_rounds/1644/results,boulder_legacy,Translation missing: en.round_types.boulder_legacy,2,,,,,,,2896,3,/api/v1/routes/2896/startlist,
/api/v1/events/667/result/7,667,full_results_url,IFSC Climbing Worldcup (B) - Log-Dragomer (SLO) 2011,BOULDER Women,finished,2025-10-02 07:18:19 UTC,2026-04-22 10:51:30 UTC,,1644,boulder,Semi-Final,Women,finished,2021-04-09 08:03:04 UTC,/api/v1/category_rounds/1644/results,boulder_legacy,Translation missing: en.round_types.boulder_legacy,2,,,,,,,2897,4,/api/v1/routes/2897/startlist,
/api/v1/events/667/result/7,667,full_results_url,IFSC Climbing Worldcup (B) - Log-Dragomer (SLO) 2011,BOULDER Women,finished,2025-10-02 07:18:19 UTC,2026-04-22 10:51:30 UTC,,1645,boulder,Final,Women,finished,2021-04-09 08:03:08 UTC,/api/v1/category_rounds/1645/results,boulder_legacy,Translation missing: en.round_types.boulder_legacy,3,,,,,,,2898,1,/api/v1/routes/2898/startlist,
/api/v1/events/667/result/7,667,full_results_url,IFSC Climbing Worldcup (B) - Log-Dragomer (SLO) 2011,BOULDER Women,finished,2025-10-02 07:18:19 UTC,2026-04-22 10:51:30 UTC,,1645,boulder,Final,Women,finished,2021-04-09 08:03:08 UTC,/api/v1/category_rounds/1645/results,boulder_legacy,Translation missing: en.round_types.boulder_legacy,3,,,,,,,2899,2,/api/v1/routes/2899/startlist,
/api/v1/events/667/result/7,667,full_results_url,IFSC Climbing Worldcup (B) - Log-Dragomer (SLO) 2011,BOULDER Women,finished,2025-10-02 07:18:19 UTC,2026-04-22 10:51:30 UTC,,1645,boulder,Final,Women,finished,2021-04-09 08:03:08 UTC,/api/v1/category_rounds/1645/results,boulder_legacy,Translation missing: en.round_types.boulder_legacy,3,,,,,,,2900,3,/api/v1/routes/2900/startlist,
/api/v1/events/667/result/7,667,full_results_url,IFSC Climbing Worldcup (B) - Log-Dragomer (SLO) 2011,BOULDER Women,finished,2025-10-02 07:18:19 UTC,2026-04-22 10:51:30 UTC,,1645,boulder,Final,Women,finished,2021-04-09 08:03:08 UTC,/api/v1/category_rounds/1645/results,boulder_legacy,Translation missing: en.round_types.boulder_legacy,3,,,,,,,2901,4,/api/v1/routes/2901/startlist,
/api/v1/events/668/result/3,668,full_results_url,IFSC Climbing Worldcup (B) - Vienna (AUT) 2011 ,BOULDER Men,finished,2025-10-02 07:18:19 UTC,2026-04-22 10:51:34 UTC,,1652,boulder,Qualification,Men,finished,2021-04-09 08:03:30 UTC,/api/v1/category_rounds/1652/results,boulder_legacy,Translation missing: en.round_types.boulder_legacy,1,,,,,,,2928,1,/api/v1/routes/2928/startlist,
/api/v1/events/668/result/3,668,full_results_url,IFSC Climbing Worldcup (B) - Vienna (AUT) 2011 ,BOULDER Men,finished,2025-10-02 07:18:19 UTC,2026-04-22 10:51:34 UTC,,1652,boulder,Qualification,Men,finished,2021-04-09 08:03:30 UTC,/api/v1/category_rounds/1652/results,boulder_legacy,Translation missing: en.round_types.boulder_legacy,1,,,,,,,2929,2,/api/v1/routes/2929/startlist,
/api/v1/events/668/result/3,668,full_results_url,IFSC Climbing Worldcup (B) - Vienna (AUT) 2011 ,BOULDER Men,finished,2025-10-02 07:18:19 UTC,2026-04-22 10:51:34 UTC,,1652,boulder,Qualification,Men,finished,2021-04-09 08:03:30 UTC,/api/v1/category_rounds/1652/results,boulder_legacy,Translation missing: en.round_types.boulder_legacy,1,,,,,,,2930,3,/api/v1/routes/2930/startlist,
/api/v1/events/668/result/3,668,full_results_url,IFSC Climbing Worldcup (B) - Vienna (AUT) 2011 ,BOULDER Men,finished,2025-10-02 07:18:19 UTC,2026-04-22 10:51:34 UTC,,1652,boulder,Qualification,Men,finished,2021-04-09 08:03:30 UTC,/api/v1/category_rounds/1652/results,boulder_legacy,Translation missing: en.round_types.boulder_legacy,1,,,,,,,2931,4,/api/v1/routes/2931/startlist,
/api/v1/events/668/result/3,668,full_results_url,IFSC Climbing Worldcup (B) - Vienna (AUT) 2011 ,BOULDER Men,finished,2025-10-02 07:18:19 UTC,2026-04-22 10:51:34 UTC,,1652,boulder,Qualification,Men,finished,2021-04-09 08:03:30 UTC,/api/v1/category_rounds/1652/results,boulder_legacy,Translation missing: en.round_types.boulder_legacy,1,,,,,,,2932,5,/api/v1/routes/2932/startlist,
/api/v1/events/668/result/3,668,full_results_url,IFSC Climbing Worldcup (B) - Vienna (AUT) 2011 ,BOULDER Men,finished,2025-10-02 07:18:19 UTC,2026-04-22 10:51:34 UTC,,1653,boulder,Semi-Final,Men,finished,2021-04-09 08:03:43 UTC,/api/v1/category_rounds/1653/results,boulder_legacy,Translation missing: en.round_types.boulder_legacy,2,,,,,,,2933,1,/api/v1/routes/2933/startlist,
/api/v1/events/668/result/3,668,full_results_url,IFSC Climbing Worldcup (B) - Vienna (AUT) 2011 ,BOULDER Men,finished,2025-10-02 07:18:19 UTC,2026-04-22 10:51:34 UTC,,1653,boulder,Semi-Final,Men,finished,2021-04-09 08:03:43 UTC,/api/v1/category_rounds/1653/results,boulder_legacy,Translation missing: en.round_types.boulder_legacy,2,,,,,,,2934,2,/api/v1/routes/2934/startlist,
/api/v1/events/668/result/3,668,full_results_url,IFSC Climbing Worldcup (B) - Vienna (AUT) 2011 ,BOULDER Men,finished,2025-10-02 07:18:19 UTC,2026-04-22 10:51:34 UTC,,1653,boulder,Semi-Final,Men,finished,2021-04-09 08:03:43 UTC,/api/v1/category_rounds/1653/results,boulder_legacy,Translation missing: en.round_types.boulder_legacy,2,,,,,,,2935,3,/api/v1/routes/2935/startlist,
/api/v1/events/668/result/3,668,full_results_url,IFSC Climbing Worldcup (B) - Vienna (AUT) 2011 ,BOULDER Men,finished,2025-10-02 07:18:19 UTC,2026-04-22 10:51:34 UTC,,1653,boulder,Semi-Final,Men,finished,2021-04-09 08:03:43 UTC,/api/v1/category_rounds/1653/results,boulder_legacy,Translation missing: en.round_types.boulder_legacy,2,,,,,,,2936,4,/api/v1/routes/2936/startlist,
/api/v1/events/668/result/3,668,full_results_url,IFSC Climbing Worldcup (B) - Vienna (AUT) 2011 ,BOULDER Men,finished,2025-10-02 07:18:19 UTC,2026-04-22 10:51:34 UTC,,1654,boulder,Final,Men,finished,2021-04-09 08:03:48 UTC,/api/v1/category_rounds/1654/results,boulder_legacy,Translation missing: en.round_types.boulder_legacy,3,,,,,,,2937,1,/api/v1/routes/2937/startlist,
/api/v1/events/668/result/3,668,full_results_url,IFSC Climbing Worldcup (B) - Vienna (AUT) 2011 ,BOULDER Men,finished,2025-10-02 07:18:19 UTC,2026-04-22 10:51:34 UTC,,1654,boulder,Final,Men,finished,2021-04-09 08:03:48 UTC,/api/v1/category_rounds/1654/results,boulder_legacy,Translation missing: en.round_types.boulder_legacy,3,,,,,,,2938,2,/api/v1/routes/2938/startlist,
/api/v1/events/668/result/3,668,full_results_url,IFSC Climbing Worldcup (B) - Vienna (AUT) 2011 ,BOULDER Men,finished,2025-10-02 07:18:19 UTC,2026-04-22 10:51:34 UTC,,1654,boulder,Final,Men,finished,2021-04-09 08:03:48 UTC,/api/v1/category_rounds/1654/results,boulder_legacy,Translation missing: en.round_types.boulder_legacy,3,,,,,,,2939,3,/api/v1/routes/2939/startlist,
/api/v1/events/668/result/3,668,full_results_url,IFSC Climbing Worldcup (B) - Vienna (AUT) 2011 ,BOULDER Men,finished,2025-10-02 07:18:19 UTC,2026-04-22 10:51:34 UTC,,1654,boulder,Final,Men,finished,2021-04-09 08:03:48 UTC,/api/v1/category_rounds/1654/results,boulder_legacy,Translation missing: en.round_types.boulder_legacy,3,,,,,,,2940,4,/api/v1/routes/2940/startlist,
/api/v1/events/668/result/7,668,full_results_url,IFSC Climbing Worldcup (B) - Vienna (AUT) 2011 ,BOULDER Women,finished,2025-10-02 07:18:19 UTC,2026-04-22 10:51:38 UTC,,1649,boulder,Qualification,Women,finished,2021-04-09 08:03:30 UTC,/api/v1/category_rounds/1649/results,boulder_legacy,Translation missing: en.round_types.boulder_legacy,1,,,,,,,2915,1,/api/v1/routes/2915/startlist,
/api/v1/events/668/result/7,668,full_results_url,IFSC Climbing Worldcup (B) - Vienna (AUT) 2011 ,BOULDER Women,finished,2025-10-02 07:18:19 UTC,2026-04-22 10:51:38 UTC,,1649,boulder,Qualification,Women,finished,2021-04-09 08:03:30 UTC,/api/v1/category_rounds/1649/results,boulder_legacy,Translation missing: en.round_types.boulder_legacy,1,,,,,,,2916,2,/api/v1/routes/2916/startlist,
/api/v1/events/668/result/7,668,full_results_url,IFSC Climbing Worldcup (B) - Vienna (AUT) 2011 ,BOULDER Women,finished,2025-10-02 07:18:19 UTC,2026-04-22 10:51:38 UTC,,1649,boulder,Qualification,Women,finished,2021-04-09 08:03:30 UTC,/api/v1/category_rounds/1649/results,boulder_legacy,Translation missing: en.round_types.boulder_legacy,1,,,,,,,2917,3,/api/v1/routes/2917/startlist,
/api/v1/events/668/result/7,668,full_results_url,IFSC Climbing Worldcup (B) - Vienna (AUT) 2011 ,BOULDER Women,finished,2025-10-02 07:18:19 UTC,2026-04-22 10:51:38 UTC,,1649,boulder,Qualification,Women,finished,2021-04-09 08:03:30 UTC,/api/v1/category_rounds/1649/results,boulder_legacy,Translation missing: en.round_types.boulder_legacy,1,,,,,,,2918,4,/api/v1/routes/2918/startlist,
/api/v1/events/668/result/7,668,full_results_url,IFSC Climbing Worldcup (B) - Vienna (AUT) 2011 ,BOULDER Women,finished,2025-10-02 07:18:19 UTC,2026-04-22 10:51:38 UTC,,1649,boulder,Qualification,Women,finished,2021-04-09 08:03:30 UTC,/api/v1/category_rounds/1649/results,boulder_legacy,Translation missing: en.round_types.boulder_legacy,1,,,,,,,2919,5,/api/v1/routes/2919/startlist,
/api/v1/events/668/result/7,668,full_results_url,IFSC Climbing Worldcup (B) - Vienna (AUT) 2011 ,BOULDER Women,finished,2025-10-02 07:18:19 UTC,2026-04-22 10:51:38 UTC,,1650,boulder,Semi-Final,Women,finished,2021-04-09 08:03:43 UTC,/api/v1/category_rounds/1650/results,boulder_legacy,Translation missing: en.round_types.boulder_legacy,2,,,,,,,2920,1,/api/v1/routes/2920/startlist,
/api/v1/events/668/result/7,668,full_results_url,IFSC Climbing Worldcup (B) - Vienna (AUT) 2011 ,BOULDER Women,finished,2025-10-02 07:18:19 UTC,2026-04-22 10:51:38 UTC,,1650,boulder,Semi-Final,Women,finished,2021-04-09 08:03:43 UTC,/api/v1/category_rounds/1650/results,boulder_legacy,Translation missing: en.round_types.boulder_legacy,2,,,,,,,2921,2,/api/v1/routes/2921/startlist,
/api/v1/events/668/result/7,668,full_results_url,IFSC Climbing Worldcup (B) - Vienna (AUT) 2011 ,BOULDER Women,finished,2025-10-02 07:18:19 UTC,2026-04-22 10:51:38 UTC,,1650,boulder,Semi-Final,Women,finished,2021-04-09 08:03:43 UTC,/api/v1/category_rounds/1650/results,boulder_legacy,Translation missing: en.round_types.boulder_legacy,2,,,,,,,2922,3,/api/v1/routes/2922/startlist,
/api/v1/events/668/result/7,668,full_results_url,IFSC Climbing Worldcup (B) - Vienna (AUT) 2011 ,BOULDER Women,finished,2025-10-02 07:18:19 UTC,2026-04-22 10:51:38 UTC,,1650,boulder,Semi-Final,Women,finished,2021-04-09 08:03:43 UTC,/api/v1/category_rounds/1650/results,boulder_legacy,Translation missing: en.round_types.boulder_legacy,2,,,,,,,2923,4,/api/v1/routes/2923/startlist,
/api/v1/events/668/result/7,668,full_results_url,IFSC Climbing Worldcup (B) - Vienna (AUT) 2011 ,BOULDER Women,finished,2025-10-02 07:18:19 UTC,2026-04-22 10:51:38 UTC,,1651,boulder,Final,Women,finished,2021-04-09 08:03:47 UTC,/api/v1/category_rounds/1651/results,boulder_legacy,Translation missing: en.round_types.boulder_legacy,3,,,,,,,2924,1,/api/v1/routes/2924/startlist,
/api/v1/events/668/result/7,668,full_results_url,IFSC Climbing Worldcup (B) - Vienna (AUT) 2011 ,BOULDER Women,finished,2025-10-02 07:18:19 UTC,2026-04-22 10:51:38 UTC,,1651,boulder,Final,Women,finished,2021-04-09 08:03:47 UTC,/api/v1/category_rounds/1651/results,boulder_legacy,Translation missing: en.round_types.boulder_legacy,3,,,,,,,2925,2,/api/v1/routes/2925/startlist,
/api/v1/events/668/result/7,668,full_results_url,IFSC Climbing Worldcup (B) - Vienna (AUT) 2011 ,BOULDER Women,finished,2025-10-02 07:18:19 UTC,2026-04-22 10:51:38 UTC,,1651,boulder,Final,Women,finished,2021-04-09 08:03:47 UTC,/api/v1/category_rounds/1651/results,boulder_legacy,Translation missing: en.round_types.boulder_legacy,3,,,,,,,2926,3,/api/v1/routes/2926/startlist,
/api/v1/events/668/result/7,668,full_results_url,IFSC Climbing Worldcup (B) - Vienna (AUT) 2011 ,BOULDER Women,finished,2025-10-02 07:18:19 UTC,2026-04-22 10:51:38 UTC,,1651,boulder,Final,Women,finished,2021-04-09 08:03:47 UTC,/api/v1/category_rounds/1651/results,boulder_legacy,Translation missing: en.round_types.boulder_legacy,3,,,,,,,2927,4,/api/v1/routes/2927/startlist,
/api/v1/events/669/result/3,669,full_results_url,IFSC Climbing Worldcup (B) - Canmore (CAN) 2011,BOULDER Men,finished,2025-10-02 07:18:19 UTC,2026-04-22 10:52:39 UTC,,1658,boulder,Qualification,Men,finished,2021-04-09 08:04:16 UTC,/api/v1/category_rounds/1658/results,boulder_legacy,Translation missing: en.round_types.boulder_legacy,1,,,,,,,2954,1,/api/v1/routes/2954/startlist,
/api/v1/events/669/result/3,669,full_results_url,IFSC Climbing Worldcup (B) - Canmore (CAN) 2011,BOULDER Men,finished,2025-10-02 07:18:19 UTC,2026-04-22 10:52:39 UTC,,1658,boulder,Qualification,Men,finished,2021-04-09 08:04:16 UTC,/api/v1/category_rounds/1658/results,boulder_legacy,Translation missing: en.round_types.boulder_legacy,1,,,,,,,2955,2,/api/v1/routes/2955/startlist,
/api/v1/events/669/result/3,669,full_results_url,IFSC Climbing Worldcup (B) - Canmore (CAN) 2011,BOULDER Men,finished,2025-10-02 07:18:19 UTC,2026-04-22 10:52:39 UTC,,1658,boulder,Qualification,Men,finished,2021-04-09 08:04:16 UTC,/api/v1/category_rounds/1658/results,boulder_legacy,Translation missing: en.round_types.boulder_legacy,1,,,,,,,2956,3,/api/v1/routes/2956/startlist,
/api/v1/events/669/result/3,669,full_results_url,IFSC Climbing Worldcup (B) - Canmore (CAN) 2011,BOULDER Men,finished,2025-10-02 07:18:19 UTC,2026-04-22 10:52:39 UTC,,1658,boulder,Qualification,Men,finished,2021-04-09 08:04:16 UTC,/api/v1/category_rounds/1658/results,boulder_legacy,Translation missing: en.round_types.boulder_legacy,1,,,,,,,2957,4,/api/v1/routes/2957/startlist,
/api/v1/events/669/result/3,669,full_results_url,IFSC Climbing Worldcup (B) - Canmore (CAN) 2011,BOULDER Men,finished,2025-10-02 07:18:19 UTC,2026-04-22 10:52:39 UTC,,1658,boulder,Qualification,Men,finished,2021-04-09 08:04:16 UTC,/api/v1/category_rounds/1658/results,boulder_legacy,Translation missing: en.round_types.boulder_legacy,1,,,,,,,2958,5,/api/v1/routes/2958/startlist,
/api/v1/events/669/result/3,669,full_results_url,IFSC Climbing Worldcup (B) - Canmore (CAN) 2011,BOULDER Men,finished,2025-10-02 07:18:19 UTC,2026-04-22 10:52:39 UTC,,1659,boulder,Semi-Final,Men,finished,2021-04-09 08:04:24 UTC,/api/v1/category_rounds/1659/results,boulder_legacy,Translation missing: en.round_types.boulder_legacy,2,,,,,,,2959,1,/api/v1/routes/2959/startlist,
/api/v1/events/669/result/3,669,full_results_url,IFSC Climbing Worldcup (B) - Canmore (CAN) 2011,BOULDER Men,finished,2025-10-02 07:18:19 UTC,2026-04-22 10:52:39 UTC,,1659,boulder,Semi-Final,Men,finished,2021-04-09 08:04:24 UTC,/api/v1/category_rounds/1659/results,boulder_legacy,Translation missing: en.round_types.boulder_legacy,2,,,,,,,2960,2,/api/v1/routes/2960/startlist,
/api/v1/events/669/result/3,669,full_results_url,IFSC Climbing Worldcup (B) - Canmore (CAN) 2011,BOULDER Men,finished,2025-10-02 07:18:19 UTC,2026-04-22 10:52:39 UTC,,1659,boulder,Semi-Final,Men,finished,2021-04-09 08:04:24 UTC,/api/v1/category_rounds/1659/results,boulder_legacy,Translation missing: en.round_types.boulder_legacy,2,,,,,,,2961,3,/api/v1/routes/2961/startlist,
/api/v1/events/669/result/3,669,full_results_url,IFSC Climbing Worldcup (B) - Canmore (CAN) 2011,BOULDER Men,finished,2025-10-02 07:18:19 UTC,2026-04-22 10:52:39 UTC,,1659,boulder,Semi-Final,Men,finished,2021-04-09 08:04:24 UTC,/api/v1/category_rounds/1659/results,boulder_legacy,Translation missing: en.round_types.boulder_legacy,2,,,,,,,2962,4,/api/v1/routes/2962/startlist,
/api/v1/events/669/result/3,669,full_results_url,IFSC Climbing Worldcup (B) - Canmore (CAN) 2011,BOULDER Men,finished,2025-10-02 07:18:19 UTC,2026-04-22 10:52:39 UTC,,1660,boulder,Final,Men,finished,2021-04-09 08:04:29 UTC,/api/v1/category_rounds/1660/results,boulder_legacy,Translation missing: en.round_types.boulder_legacy,3,,,,,,,2963,1,/api/v1/routes/2963/startlist,
/api/v1/events/669/result/3,669,full_results_url,IFSC Climbing Worldcup (B) - Canmore (CAN) 2011,BOULDER Men,finished,2025-10-02 07:18:19 UTC,2026-04-22 10:52:39 UTC,,1660,boulder,Final,Men,finished,2021-04-09 08:04:29 UTC,/api/v1/category_rounds/1660/results,boulder_legacy,Translation missing: en.round_types.boulder_legacy,3,,,,,,,2964,2,/api/v1/routes/2964/startlist,
/api/v1/events/669/result/3,669,full_results_url,IFSC Climbing Worldcup (B) - Canmore (CAN) 2011,BOULDER Men,finished,2025-10-02 07:18:19 UTC,2026-04-22 10:52:39 UTC,,1660,boulder,Final,Men,finished,2021-04-09 08:04:29 UTC,/api/v1/category_rounds/1660/results,boulder_legacy,Translation missing: en.round_types.boulder_legacy,3,,,,,,,2965,3,/api/v1/routes/2965/startlist,
/api/v1/events/669/result/3,669,full_results_url,IFSC Climbing Worldcup (B) - Canmore (CAN) 2011,BOULDER Men,finished,2025-10-02 07:18:19 UTC,2026-04-22 10:52:39 UTC,,1660,boulder,Final,Men,finished,2021-04-09 08:04:29 UTC,/api/v1/category_rounds/1660/results,boulder_legacy,Translation missing: en.round_types.boulder_legacy,3,,,,,,,2966,4,/api/v1/routes/2966/startlist,
/api/v1/events/669/result/7,669,full_results_url,IFSC Climbing Worldcup (B) - Canmore (CAN) 2011,BOULDER Women,finished,2025-10-02 07:18:19 UTC,2026-04-22 10:52:43 UTC,,1655,boulder,Qualification,Women,finished,2021-04-09 08:04:16 UTC,/api/v1/category_rounds/1655/results,boulder_legacy,Translation missing: en.round_types.boulder_legacy,1,,,,,,,2941,1,/api/v1/routes/2941/startlist,
/api/v1/events/669/result/7,669,full_results_url,IFSC Climbing Worldcup (B) - Canmore (CAN) 2011,BOULDER Women,finished,2025-10-02 07:18:19 UTC,2026-04-22 10:52:43 UTC,,1655,boulder,Qualification,Women,finished,2021-04-09 08:04:16 UTC,/api/v1/category_rounds/1655/results,boulder_legacy,Translation missing: en.round_types.boulder_legacy,1,,,,,,,2942,2,/api/v1/routes/2942/startlist,
/api/v1/events/669/result/7,669,full_results_url,IFSC Climbing Worldcup (B) - Canmore (CAN) 2011,BOULDER Women,finished,2025-10-02 07:18:19 UTC,2026-04-22 10:52:43 UTC,,1655,boulder,Qualification,Women,finished,2021-04-09 08:04:16 UTC,/api/v1/category_rounds/1655/results,boulder_legacy,Translation missing: en.round_types.boulder_legacy,1,,,,,,,2943,3,/api/v1/routes/2943/startlist,
/api/v1/events/669/result/7,669,full_results_url,IFSC Climbing Worldcup (B) - Canmore (CAN) 2011,BOULDER Women,finished,2025-10-02 07:18:19 UTC,2026-04-22 10:52:43 UTC,,1655,boulder,Qualification,Women,finished,2021-04-09 08:04:16 UTC,/api/v1/category_rounds/1655/results,boulder_legacy,Translation missing: en.round_types.boulder_legacy,1,,,,,,,2944,4,/api/v1/routes/2944/startlist,
/api/v1/events/669/result/7,669,full_results_url,IFSC Climbing Worldcup (B) - Canmore (CAN) 2011,BOULDER Women,finished,2025-10-02 07:18:19 UTC,2026-04-22 10:52:43 UTC,,1655,boulder,Qualification,Women,finished,2021-04-09 08:04:16 UTC,/api/v1/category_rounds/1655/results,boulder_legacy,Translation missing: en.round_types.boulder_legacy,1,,,,,,,2945,5,/api/v1/routes/2945/startlist,
/api/v1/events/669/result/7,669,full_results_url,IFSC Climbing Worldcup (B) - Canmore (CAN) 2011,BOULDER Women,finished,2025-10-02 07:18:19 UTC,2026-04-22 10:52:43 UTC,,1656,boulder,Semi-Final,Women,finished,2021-04-09 08:04:24 UTC,/api/v1/category_rounds/1656/results,boulder_legacy,Translation missing: en.round_types.boulder_legacy,2,,,,,,,2946,1,/api/v1/routes/2946/startlist,
/api/v1/events/669/result/7,669,full_results_url,IFSC Climbing Worldcup (B) - Canmore (CAN) 2011,BOULDER Women,finished,2025-10-02 07:18:19 UTC,2026-04-22 10:52:43 UTC,,1656,boulder,Semi-Final,Women,finished,2021-04-09 08:04:24 UTC,/api/v1/category_rounds/1656/results,boulder_legacy,Translation missing: en.round_types.boulder_legacy,2,,,,,,,2947,2,/api/v1/routes/2947/startlist,
/api/v1/events/669/result/7,669,full_results_url,IFSC Climbing Worldcup (B) - Canmore (CAN) 2011,BOULDER Women,finished,2025-10-02 07:18:19 UTC,2026-04-22 10:52:43 UTC,,1656,boulder,Semi-Final,Women,finished,2021-04-09 08:04:24 UTC,/api/v1/category_rounds/1656/results,boulder_legacy,Translation missing: en.round_types.boulder_legacy,2,,,,,,,2948,3,/api/v1/routes/2948/startlist,
/api/v1/events/669/result/7,669,full_results_url,IFSC Climbing Worldcup (B) - Canmore (CAN) 2011,BOULDER Women,finished,2025-10-02 07:18:19 UTC,2026-04-22 10:52:43 UTC,,1656,boulder,Semi-Final,Women,finished,2021-04-09 08:04:24 UTC,/api/v1/category_rounds/1656/results,boulder_legacy,Translation missing: en.round_types.boulder_legacy,2,,,,,,,2949,4,/api/v1/routes/2949/startlist,
/api/v1/events/669/result/7,669,full_results_url,IFSC Climbing Worldcup (B) - Canmore (CAN) 2011,BOULDER Women,finished,2025-10-02 07:18:19 UTC,2026-04-22 10:52:43 UTC,,1657,boulder,Final,Women,finished,2021-04-09 08:04:29 UTC,/api/v1/category_rounds/1657/results,boulder_legacy,Translation missing: en.round_types.boulder_legacy,3,,,,,,,2950,1,/api/v1/routes/2950/startlist,
/api/v1/events/669/result/7,669,full_results_url,IFSC Climbing Worldcup (B) - Canmore (CAN) 2011,BOULDER Women,finished,2025-10-02 07:18:19 UTC,2026-04-22 10:52:43 UTC,,1657,boulder,Final,Women,finished,2021-04-09 08:04:29 UTC,/api/v1/category_rounds/1657/results,boulder_legacy,Translation missing: en.round_types.boulder_legacy,3,,,,,,,2951,2,/api/v1/routes/2951/startlist,
/api/v1/events/669/result/7,669,full_results_url,IFSC Climbing Worldcup (B) - Canmore (CAN) 2011,BOULDER Women,finished,2025-10-02 07:18:19 UTC,2026-04-22 10:52:43 UTC,,1657,boulder,Final,Women,finished,2021-04-09 08:04:29 UTC,/api/v1/category_rounds/1657/results,boulder_legacy,Translation missing: en.round_types.boulder_legacy,3,,,,,,,2952,3,/api/v1/routes/2952/startlist,
/api/v1/events/669/result/7,669,full_results_url,IFSC Climbing Worldcup (B) - Canmore (CAN) 2011,BOULDER Women,finished,2025-10-02 07:18:19 UTC,2026-04-22 10:52:43 UTC,,1657,boulder,Final,Women,finished,2021-04-09 08:04:29 UTC,/api/v1/category_rounds/1657/results,boulder_legacy,Translation missing: en.round_types.boulder_legacy,3,,,,,,,2953,4,/api/v1/routes/2953/startlist,
/api/v1/events/670/result/3,670,full_results_url,IFSC Climbing Worldcup (B) - Vail (USA) 2011 ,BOULDER Men,finished,2025-10-02 07:18:19 UTC,2026-04-22 10:52:47 UTC,,1664,boulder,Qualification,Men,finished,2021-04-09 08:04:51 UTC,/api/v1/category_rounds/1664/results,boulder_legacy,Translation missing: en.round_types.boulder_legacy,1,,,,,,,2980,1,/api/v1/routes/2980/startlist,
/api/v1/events/670/result/3,670,full_results_url,IFSC Climbing Worldcup (B) - Vail (USA) 2011 ,BOULDER Men,finished,2025-10-02 07:18:19 UTC,2026-04-22 10:52:47 UTC,,1664,boulder,Qualification,Men,finished,2021-04-09 08:04:51 UTC,/api/v1/category_rounds/1664/results,boulder_legacy,Translation missing: en.round_types.boulder_legacy,1,,,,,,,2981,2,/api/v1/routes/2981/startlist,
/api/v1/events/670/result/3,670,full_results_url,IFSC Climbing Worldcup (B) - Vail (USA) 2011 ,BOULDER Men,finished,2025-10-02 07:18:19 UTC,2026-04-22 10:52:47 UTC,,1664,boulder,Qualification,Men,finished,2021-04-09 08:04:51 UTC,/api/v1/category_rounds/1664/results,boulder_legacy,Translation missing: en.round_types.boulder_legacy,1,,,,,,,2982,3,/api/v1/routes/2982/startlist,
/api/v1/events/670/result/3,670,full_results_url,IFSC Climbing Worldcup (B) - Vail (USA) 2011 ,BOULDER Men,finished,2025-10-02 07:18:19 UTC,2026-04-22 10:52:47 UTC,,1664,boulder,Qualification,Men,finished,2021-04-09 08:04:51 UTC,/api/v1/category_rounds/1664/results,boulder_legacy,Translation missing: en.round_types.boulder_legacy,1,,,,,,,2983,4,/api/v1/routes/2983/startlist,
/api/v1/events/670/result/3,670,full_results_url,IFSC Climbing Worldcup (B) - Vail (USA) 2011 ,BOULDER Men,finished,2025-10-02 07:18:19 UTC,2026-04-22 10:52:47 UTC,,1664,boulder,Qualification,Men,finished,2021-04-09 08:04:51 UTC,/api/v1/category_rounds/1664/results,boulder_legacy,Translation missing: en.round_types.boulder_legacy,1,,,,,,,2984,5,/api/v1/routes/2984/startlist,
/api/v1/events/670/result/3,670,full_results_url,IFSC Climbing Worldcup (B) - Vail (USA) 2011 ,BOULDER Men,finished,2025-10-02 07:18:19 UTC,2026-04-22 10:52:47 UTC,,1665,boulder,Semi-Final,Men,finished,2021-04-09 08:05:02 UTC,/api/v1/category_rounds/1665/results,boulder_legacy,Translation missing: en.round_types.boulder_legacy,2,,,,,,,2985,1,/api/v1/routes/2985/startlist,
/api/v1/events/670/result/3,670,full_results_url,IFSC Climbing Worldcup (B) - Vail (USA) 2011 ,BOULDER Men,finished,2025-10-02 07:18:19 UTC,2026-04-22 10:52:47 UTC,,1665,boulder,Semi-Final,Men,finished,2021-04-09 08:05:02 UTC,/api/v1/category_rounds/1665/results,boulder_legacy,Translation missing: en.round_types.boulder_legacy,2,,,,,,,2986,2,/api/v1/routes/2986/startlist,
/api/v1/events/670/result/3,670,full_results_url,IFSC Climbing Worldcup (B) - Vail (USA) 2011 ,BOULDER Men,finished,2025-10-02 07:18:19 UTC,2026-04-22 10:52:47 UTC,,1665,boulder,Semi-Final,Men,finished,2021-04-09 08:05:02 UTC,/api/v1/category_rounds/1665/results,boulder_legacy,Translation missing: en.round_types.boulder_legacy,2,,,,,,,2987,3,/api/v1/routes/2987/startlist,
/api/v1/events/670/result/3,670,full_results_url,IFSC Climbing Worldcup (B) - Vail (USA) 2011 ,BOULDER Men,finished,2025-10-02 07:18:19 UTC,2026-04-22 10:52:47 UTC,,1665,boulder,Semi-Final,Men,finished,2021-04-09 08:05:02 UTC,/api/v1/category_rounds/1665/results,boulder_legacy,Translation missing: en.round_types.boulder_legacy,2,,,,,,,2988,4,/api/v1/routes/2988/startlist,
/api/v1/events/670/result/3,670,full_results_url,IFSC Climbing Worldcup (B) - Vail (USA) 2011 ,BOULDER Men,finished,2025-10-02 07:18:19 UTC,2026-04-22 10:52:47 UTC,,1666,boulder,Final,Men,finished,2021-04-09 08:05:07 UTC,/api/v1/category_rounds/1666/results,boulder_legacy,Translation missing: en.round_types.boulder_legacy,3,,,,,,,2989,1,/api/v1/routes/2989/startlist,
/api/v1/events/670/result/3,670,full_results_url,IFSC Climbing Worldcup (B) - Vail (USA) 2011 ,BOULDER Men,finished,2025-10-02 07:18:19 UTC,2026-04-22 10:52:47 UTC,,1666,boulder,Final,Men,finished,2021-04-09 08:05:07 UTC,/api/v1/category_rounds/1666/results,boulder_legacy,Translation missing: en.round_types.boulder_legacy,3,,,,,,,2990,2,/api/v1/routes/2990/startlist,
/api/v1/events/670/result/3,670,full_results_url,IFSC Climbing Worldcup (B) - Vail (USA) 2011 ,BOULDER Men,finished,2025-10-02 07:18:19 UTC,2026-04-22 10:52:47 UTC,,1666,boulder,Final,Men,finished,2021-04-09 08:05:07 UTC,/api/v1/category_rounds/1666/results,boulder_legacy,Translation missing: en.round_types.boulder_legacy,3,,,,,,,2991,3,/api/v1/routes/2991/startlist,
/api/v1/events/670/result/3,670,full_results_url,IFSC Climbing Worldcup (B) - Vail (USA) 2011 ,BOULDER Men,finished,2025-10-02 07:18:19 UTC,2026-04-22 10:52:47 UTC,,1666,boulder,Final,Men,finished,2021-04-09 08:05:07 UTC,/api/v1/category_rounds/1666/results,boulder_legacy,Translation missing: en.round_types.boulder_legacy,3,,,,,,,2992,4,/api/v1/routes/2992/startlist,
/api/v1/events/670/result/7,670,full_results_url,IFSC Climbing Worldcup (B) - Vail (USA) 2011 ,BOULDER Women,finished,2025-10-02 07:18:19 UTC,2026-04-22 10:52:51 UTC,,1661,boulder,Qualification,Women,finished,2021-04-09 08:04:51 UTC,/api/v1/category_rounds/1661/results,boulder_legacy,Translation missing: en.round_types.boulder_legacy,1,,,,,,,2967,1,/api/v1/routes/2967/startlist,
/api/v1/events/670/result/7,670,full_results_url,IFSC Climbing Worldcup (B) - Vail (USA) 2011 ,BOULDER Women,finished,2025-10-02 07:18:19 UTC,2026-04-22 10:52:51 UTC,,1661,boulder,Qualification,Women,finished,2021-04-09 08:04:51 UTC,/api/v1/category_rounds/1661/results,boulder_legacy,Translation missing: en.round_types.boulder_legacy,1,,,,,,,2968,2,/api/v1/routes/2968/startlist,
/api/v1/events/670/result/7,670,full_results_url,IFSC Climbing Worldcup (B) - Vail (USA) 2011 ,BOULDER Women,finished,2025-10-02 07:18:19 UTC,2026-04-22 10:52:51 UTC,,1661,boulder,Qualification,Women,finished,2021-04-09 08:04:51 UTC,/api/v1/category_rounds/1661/results,boulder_legacy,Translation missing: en.round_types.boulder_legacy,1,,,,,,,2969,3,/api/v1/routes/2969/startlist,
/api/v1/events/670/result/7,670,full_results_url,IFSC Climbing Worldcup (B) - Vail (USA) 2011 ,BOULDER Women,finished,2025-10-02 07:18:19 UTC,2026-04-22 10:52:51 UTC,,1661,boulder,Qualification,Women,finished,2021-04-09 08:04:51 UTC,/api/v1/category_rounds/1661/results,boulder_legacy,Translation missing: en.round_types.boulder_legacy,1,,,,,,,2970,4,/api/v1/routes/2970/startlist,
/api/v1/events/670/result/7,670,full_results_url,IFSC Climbing Worldcup (B) - Vail (USA) 2011 ,BOULDER Women,finished,2025-10-02 07:18:19 UTC,2026-04-22 10:52:51 UTC,,1661,boulder,Qualification,Women,finished,2021-04-09 08:04:51 UTC,/api/v1/category_rounds/1661/results,boulder_legacy,Translation missing: en.round_types.boulder_legacy,1,,,,,,,2971,5,/api/v1/routes/2971/startlist,
/api/v1/events/670/result/7,670,full_results_url,IFSC Climbing Worldcup (B) - Vail (USA) 2011 ,BOULDER Women,finished,2025-10-02 07:18:19 UTC,2026-04-22 10:52:51 UTC,,1662,boulder,Semi-Final,Women,finished,2021-04-09 08:05:02 UTC,/api/v1/category_rounds/1662/results,boulder_legacy,Translation missing: en.round_types.boulder_legacy,2,,,,,,,2972,1,/api/v1/routes/2972/startlist,
/api/v1/events/670/result/7,670,full_results_url,IFSC Climbing Worldcup (B) - Vail (USA) 2011 ,BOULDER Women,finished,2025-10-02 07:18:19 UTC,2026-04-22 10:52:51 UTC,,1662,boulder,Semi-Final,Women,finished,2021-04-09 08:05:02 UTC,/api/v1/category_rounds/1662/results,boulder_legacy,Translation missing: en.round_types.boulder_legacy,2,,,,,,,2973,2,/api/v1/routes/2973/startlist,
/api/v1/events/670/result/7,670,full_results_url,IFSC Climbing Worldcup (B) - Vail (USA) 2011 ,BOULDER Women,finished,2025-10-02 07:18:19 UTC,2026-04-22 10:52:51 UTC,,1662,boulder,Semi-Final,Women,finished,2021-04-09 08:05:02 UTC,/api/v1/category_rounds/1662/results,boulder_legacy,Translation missing: en.round_types.boulder_legacy,2,,,,,,,2974,3,/api/v1/routes/2974/startlist,
/api/v1/events/670/result/7,670,full_results_url,IFSC Climbing Worldcup (B) - Vail (USA) 2011 ,BOULDER Women,finished,2025-10-02 07:18:19 UTC,2026-04-22 10:52:51 UTC,,1662,boulder,Semi-Final,Women,finished,2021-04-09 08:05:02 UTC,/api/v1/category_rounds/1662/results,boulder_legacy,Translation missing: en.round_types.boulder_legacy,2,,,,,,,2975,4,/api/v1/routes/2975/startlist,
/api/v1/events/670/result/7,670,full_results_url,IFSC Climbing Worldcup (B) - Vail (USA) 2011 ,BOULDER Women,finished,2025-10-02 07:18:19 UTC,2026-04-22 10:52:51 UTC,,1663,boulder,Final,Women,finished,2021-04-09 08:05:07 UTC,/api/v1/category_rounds/1663/results,boulder_legacy,Translation missing: en.round_types.boulder_legacy,3,,,,,,,2976,1,/api/v1/routes/2976/startlist,
/api/v1/events/670/result/7,670,full_results_url,IFSC Climbing Worldcup (B) - Vail (USA) 2011 ,BOULDER Women,finished,2025-10-02 07:18:19 UTC,2026-04-22 10:52:51 UTC,,1663,boulder,Final,Women,finished,2021-04-09 08:05:07 UTC,/api/v1/category_rounds/1663/results,boulder_legacy,Translation missing: en.round_types.boulder_legacy,3,,,,,,,2977,2,/api/v1/routes/2977/startlist,
/api/v1/events/670/result/7,670,full_results_url,IFSC Climbing Worldcup (B) - Vail (USA) 2011 ,BOULDER Women,finished,2025-10-02 07:18:19 UTC,2026-04-22 10:52:51 UTC,,1663,boulder,Final,Women,finished,2021-04-09 08:05:07 UTC,/api/v1/category_rounds/1663/results,boulder_legacy,Translation missing: en.round_types.boulder_legacy,3,,,,,,,2978,3,/api/v1/routes/2978/startlist,
/api/v1/events/670/result/7,670,full_results_url,IFSC Climbing Worldcup (B) - Vail (USA) 2011 ,BOULDER Women,finished,2025-10-02 07:18:19 UTC,2026-04-22 10:52:51 UTC,,1663,boulder,Final,Women,finished,2021-04-09 08:05:07 UTC,/api/v1/category_rounds/1663/results,boulder_legacy,Translation missing: en.round_types.boulder_legacy,3,,,,,,,2979,4,/api/v1/routes/2979/startlist,
/api/v1/events/671/result/3,671,full_results_url,IFSC Climbing Worldcup (B) - Eindhoven (NED) 2011,BOULDER Men,finished,2025-10-02 07:18:19 UTC,2026-04-22 10:52:55 UTC,,1670,boulder,Qualification,Men,finished,2021-04-09 08:05:29 UTC,/api/v1/category_rounds/1670/results,boulder_legacy,Translation missing: en.round_types.boulder_legacy,1,,,,,,,3006,1,/api/v1/routes/3006/startlist,
/api/v1/events/671/result/3,671,full_results_url,IFSC Climbing Worldcup (B) - Eindhoven (NED) 2011,BOULDER Men,finished,2025-10-02 07:18:19 UTC,2026-04-22 10:52:55 UTC,,1670,boulder,Qualification,Men,finished,2021-04-09 08:05:29 UTC,/api/v1/category_rounds/1670/results,boulder_legacy,Translation missing: en.round_types.boulder_legacy,1,,,,,,,3007,2,/api/v1/routes/3007/startlist,
/api/v1/events/671/result/3,671,full_results_url,IFSC Climbing Worldcup (B) - Eindhoven (NED) 2011,BOULDER Men,finished,2025-10-02 07:18:19 UTC,2026-04-22 10:52:55 UTC,,1670,boulder,Qualification,Men,finished,2021-04-09 08:05:29 UTC,/api/v1/category_rounds/1670/results,boulder_legacy,Translation missing: en.round_types.boulder_legacy,1,,,,,,,3008,3,/api/v1/routes/3008/startlist,
/api/v1/events/671/result/3,671,full_results_url,IFSC Climbing Worldcup (B) - Eindhoven (NED) 2011,BOULDER Men,finished,2025-10-02 07:18:19 UTC,2026-04-22 10:52:55 UTC,,1670,boulder,Qualification,Men,finished,2021-04-09 08:05:29 UTC,/api/v1/category_rounds/1670/results,boulder_legacy,Translation missing: en.round_types.boulder_legacy,1,,,,,,,3009,4,/api/v1/routes/3009/startlist,
/api/v1/events/671/result/3,671,full_results_url,IFSC Climbing Worldcup (B) - Eindhoven (NED) 2011,BOULDER Men,finished,2025-10-02 07:18:19 UTC,2026-04-22 10:52:55 UTC,,1670,boulder,Qualification,Men,finished,2021-04-09 08:05:29 UTC,/api/v1/category_rounds/1670/results,boulder_legacy,Translation missing: en.round_types.boulder_legacy,1,,,,,,,3010,5,/api/v1/routes/3010/startlist,
/api/v1/events/671/result/3,671,full_results_url,IFSC Climbing Worldcup (B) - Eindhoven (NED) 2011,BOULDER Men,finished,2025-10-02 07:18:19 UTC,2026-04-22 10:52:55 UTC,,1671,boulder,Semi-Final,Men,finished,2021-04-09 08:05:41 UTC,/api/v1/category_rounds/1671/results,boulder_legacy,Translation missing: en.round_types.boulder_legacy,2,,,,,,,3011,1,/api/v1/routes/3011/startlist,
/api/v1/events/671/result/3,671,full_results_url,IFSC Climbing Worldcup (B) - Eindhoven (NED) 2011,BOULDER Men,finished,2025-10-02 07:18:19 UTC,2026-04-22 10:52:55 UTC,,1671,boulder,Semi-Final,Men,finished,2021-04-09 08:05:41 UTC,/api/v1/category_rounds/1671/results,boulder_legacy,Translation missing: en.round_types.boulder_legacy,2,,,,,,,3012,2,/api/v1/routes/3012/startlist,
/api/v1/events/671/result/3,671,full_results_url,IFSC Climbing Worldcup (B) - Eindhoven (NED) 2011,BOULDER Men,finished,2025-10-02 07:18:19 UTC,2026-04-22 10:52:55 UTC,,1671,boulder,Semi-Final,Men,finished,2021-04-09 08:05:41 UTC,/api/v1/category_rounds/1671/results,boulder_legacy,Translation missing: en.round_types.boulder_legacy,2,,,,,,,3013,3,/api/v1/routes/3013/startlist,
/api/v1/events/671/result/3,671,full_results_url,IFSC Climbing Worldcup (B) - Eindhoven (NED) 2011,BOULDER Men,finished,2025-10-02 07:18:19 UTC,2026-04-22 10:52:55 UTC,,1671,boulder,Semi-Final,Men,finished,2021-04-09 08:05:41 UTC,/api/v1/category_rounds/1671/results,boulder_legacy,Translation missing: en.round_types.boulder_legacy,2,,,,,,,3014,4,/api/v1/routes/3014/startlist,
/api/v1/events/671/result/3,671,full_results_url,IFSC Climbing Worldcup (B) - Eindhoven (NED) 2011,BOULDER Men,finished,2025-10-02 07:18:19 UTC,2026-04-22 10:52:55 UTC,,1672,boulder,Final,Men,finished,2021-04-09 08:05:46 UTC,/api/v1/category_rounds/1672/results,boulder_legacy,Translation missing: en.round_types.boulder_legacy,3,,,,,,,3015,1,/api/v1/routes/3015/startlist,
/api/v1/events/671/result/3,671,full_results_url,IFSC Climbing Worldcup (B) - Eindhoven (NED) 2011,BOULDER Men,finished,2025-10-02 07:18:19 UTC,2026-04-22 10:52:55 UTC,,1672,boulder,Final,Men,finished,2021-04-09 08:05:46 UTC,/api/v1/category_rounds/1672/results,boulder_legacy,Translation missing: en.round_types.boulder_legacy,3,,,,,,,3016,2,/api/v1/routes/3016/startlist,
/api/v1/events/671/result/3,671,full_results_url,IFSC Climbing Worldcup (B) - Eindhoven (NED) 2011,BOULDER Men,finished,2025-10-02 07:18:19 UTC,2026-04-22 10:52:55 UTC,,1672,boulder,Final,Men,finished,2021-04-09 08:05:46 UTC,/api/v1/category_rounds/1672/results,boulder_legacy,Translation missing: en.round_types.boulder_legacy,3,,,,,,,3017,3,/api/v1/routes/3017/startlist,
/api/v1/events/671/result/3,671,full_results_url,IFSC Climbing Worldcup (B) - Eindhoven (NED) 2011,BOULDER Men,finished,2025-10-02 07:18:19 UTC,2026-04-22 10:52:55 UTC,,1672,boulder,Final,Men,finished,2021-04-09 08:05:46 UTC,/api/v1/category_rounds/1672/results,boulder_legacy,Translation missing: en.round_types.boulder_legacy,3,,,,,,,3018,4,/api/v1/routes/3018/startlist,
/api/v1/events/671/result/7,671,full_results_url,IFSC Climbing Worldcup (B) - Eindhoven (NED) 2011,BOULDER Women,finished,2025-10-02 07:18:19 UTC,2026-04-22 10:52:59 UTC,,1667,boulder,Qualification,Women,finished,2021-04-09 08:05:29 UTC,/api/v1/category_rounds/1667/results,boulder_legacy,Translation missing: en.round_types.boulder_legacy,1,,,,,,,2993,1,/api/v1/routes/2993/startlist,
/api/v1/events/671/result/7,671,full_results_url,IFSC Climbing Worldcup (B) - Eindhoven (NED) 2011,BOULDER Women,finished,2025-10-02 07:18:19 UTC,2026-04-22 10:52:59 UTC,,1667,boulder,Qualification,Women,finished,2021-04-09 08:05:29 UTC,/api/v1/category_rounds/1667/results,boulder_legacy,Translation missing: en.round_types.boulder_legacy,1,,,,,,,2994,2,/api/v1/routes/2994/startlist,
/api/v1/events/671/result/7,671,full_results_url,IFSC Climbing Worldcup (B) - Eindhoven (NED) 2011,BOULDER Women,finished,2025-10-02 07:18:19 UTC,2026-04-22 10:52:59 UTC,,1667,boulder,Qualification,Women,finished,2021-04-09 08:05:29 UTC,/api/v1/category_rounds/1667/results,boulder_legacy,Translation missing: en.round_types.boulder_legacy,1,,,,,,,2995,3,/api/v1/routes/2995/startlist,
/api/v1/events/671/result/7,671,full_results_url,IFSC Climbing Worldcup (B) - Eindhoven (NED) 2011,BOULDER Women,finished,2025-10-02 07:18:19 UTC,2026-04-22 10:52:59 UTC,,1667,boulder,Qualification,Women,finished,2021-04-09 08:05:29 UTC,/api/v1/category_rounds/1667/results,boulder_legacy,Translation missing: en.round_types.boulder_legacy,1,,,,,,,2996,4,/api/v1/routes/2996/startlist,
/api/v1/events/671/result/7,671,full_results_url,IFSC Climbing Worldcup (B) - Eindhoven (NED) 2011,BOULDER Women,finished,2025-10-02 07:18:19 UTC,2026-04-22 10:52:59 UTC,,1667,boulder,Qualification,Women,finished,2021-04-09 08:05:29 UTC,/api/v1/category_rounds/1667/results,boulder_legacy,Translation missing: en.round_types.boulder_legacy,1,,,,,,,2997,5,/api/v1/routes/2997/startlist,
/api/v1/events/671/result/7,671,full_results_url,IFSC Climbing Worldcup (B) - Eindhoven (NED) 2011,BOULDER Women,finished,2025-10-02 07:18:19 UTC,2026-04-22 10:52:59 UTC,,1668,boulder,Semi-Final,Women,finished,2021-04-09 08:05:41 UTC,/api/v1/category_rounds/1668/results,boulder_legacy,Translation missing: en.round_types.boulder_legacy,2,,,,,,,2998,1,/api/v1/routes/2998/startlist,
/api/v1/events/671/result/7,671,full_results_url,IFSC Climbing Worldcup (B) - Eindhoven (NED) 2011,BOULDER Women,finished,2025-10-02 07:18:19 UTC,2026-04-22 10:52:59 UTC,,1668,boulder,Semi-Final,Women,finished,2021-04-09 08:05:41 UTC,/api/v1/category_rounds/1668/results,boulder_legacy,Translation missing: en.round_types.boulder_legacy,2,,,,,,,2999,2,/api/v1/routes/2999/startlist,
/api/v1/events/671/result/7,671,full_results_url,IFSC Climbing Worldcup (B) - Eindhoven (NED) 2011,BOULDER Women,finished,2025-10-02 07:18:19 UTC,2026-04-22 10:52:59 UTC,,1668,boulder,Semi-Final,Women,finished,2021-04-09 08:05:41 UTC,/api/v1/category_rounds/1668/results,boulder_legacy,Translation missing: en.round_types.boulder_legacy,2,,,,,,,3000,3,/api/v1/routes/3000/startlist,
/api/v1/events/671/result/7,671,full_results_url,IFSC Climbing Worldcup (B) - Eindhoven (NED) 2011,BOULDER Women,finished,2025-10-02 07:18:19 UTC,2026-04-22 10:52:59 UTC,,1668,boulder,Semi-Final,Women,finished,2021-04-09 08:05:41 UTC,/api/v1/category_rounds/1668/results,boulder_legacy,Translation missing: en.round_types.boulder_legacy,2,,,,,,,3001,4,/api/v1/routes/3001/startlist,
/api/v1/events/671/result/7,671,full_results_url,IFSC Climbing Worldcup (B) - Eindhoven (NED) 2011,BOULDER Women,finished,2025-10-02 07:18:19 UTC,2026-04-22 10:52:59 UTC,,1669,boulder,Final,Women,finished,2021-04-09 08:05:46 UTC,/api/v1/category_rounds/1669/results,boulder_legacy,Translation missing: en.round_types.boulder_legacy,3,,,,,,,3002,1,/api/v1/routes/3002/startlist,
/api/v1/events/671/result/7,671,full_results_url,IFSC Climbing Worldcup (B) - Eindhoven (NED) 2011,BOULDER Women,finished,2025-10-02 07:18:19 UTC,2026-04-22 10:52:59 UTC,,1669,boulder,Final,Women,finished,2021-04-09 08:05:46 UTC,/api/v1/category_rounds/1669/results,boulder_legacy,Translation missing: en.round_types.boulder_legacy,3,,,,,,,3003,2,/api/v1/routes/3003/startlist,
/api/v1/events/671/result/7,671,full_results_url,IFSC Climbing Worldcup (B) - Eindhoven (NED) 2011,BOULDER Women,finished,2025-10-02 07:18:19 UTC,2026-04-22 10:52:59 UTC,,1669,boulder,Final,Women,finished,2021-04-09 08:05:46 UTC,/api/v1/category_rounds/1669/results,boulder_legacy,Translation missing: en.round_types.boulder_legacy,3,,,,,,,3004,3,/api/v1/routes/3004/startlist,
/api/v1/events/671/result/7,671,full_results_url,IFSC Climbing Worldcup (B) - Eindhoven (NED) 2011,BOULDER Women,finished,2025-10-02 07:18:19 UTC,2026-04-22 10:52:59 UTC,,1669,boulder,Final,Women,finished,2021-04-09 08:05:46 UTC,/api/v1/category_rounds/1669/results,boulder_legacy,Translation missing: en.round_types.boulder_legacy,3,,,,,,,3005,4,/api/v1/routes/3005/startlist,
/api/v1/events/672/result/3,672,full_results_url,IFSC Climbing Worldcup (B) - Barcelona (ESP) 2011,BOULDER Men,finished,2025-10-02 07:18:19 UTC,2026-04-22 10:53:03 UTC,,1676,boulder,Qualification,Men,finished,2021-04-09 08:06:14 UTC,/api/v1/category_rounds/1676/results,boulder_legacy,Translation missing: en.round_types.boulder_legacy,1,,,,,,,3032,1,/api/v1/routes/3032/startlist,
/api/v1/events/672/result/3,672,full_results_url,IFSC Climbing Worldcup (B) - Barcelona (ESP) 2011,BOULDER Men,finished,2025-10-02 07:18:19 UTC,2026-04-22 10:53:03 UTC,,1676,boulder,Qualification,Men,finished,2021-04-09 08:06:14 UTC,/api/v1/category_rounds/1676/results,boulder_legacy,Translation missing: en.round_types.boulder_legacy,1,,,,,,,3033,2,/api/v1/routes/3033/startlist,
/api/v1/events/672/result/3,672,full_results_url,IFSC Climbing Worldcup (B) - Barcelona (ESP) 2011,BOULDER Men,finished,2025-10-02 07:18:19 UTC,2026-04-22 10:53:03 UTC,,1676,boulder,Qualification,Men,finished,2021-04-09 08:06:14 UTC,/api/v1/category_rounds/1676/results,boulder_legacy,Translation missing: en.round_types.boulder_legacy,1,,,,,,,3034,3,/api/v1/routes/3034/startlist,
/api/v1/events/672/result/3,672,full_results_url,IFSC Climbing Worldcup (B) - Barcelona (ESP) 2011,BOULDER Men,finished,2025-10-02 07:18:19 UTC,2026-04-22 10:53:03 UTC,,1676,boulder,Qualification,Men,finished,2021-04-09 08:06:14 UTC,/api/v1/category_rounds/1676/results,boulder_legacy,Translation missing: en.round_types.boulder_legacy,1,,,,,,,3035,4,/api/v1/routes/3035/startlist,
/api/v1/events/672/result/3,672,full_results_url,IFSC Climbing Worldcup (B) - Barcelona (ESP) 2011,BOULDER Men,finished,2025-10-02 07:18:19 UTC,2026-04-22 10:53:03 UTC,,1676,boulder,Qualification,Men,finished,2021-04-09 08:06:14 UTC,/api/v1/category_rounds/1676/results,boulder_legacy,Translation missing: en.round_types.boulder_legacy,1,,,,,,,3036,5,/api/v1/routes/3036/startlist,
/api/v1/events/672/result/3,672,full_results_url,IFSC Climbing Worldcup (B) - Barcelona (ESP) 2011,BOULDER Men,finished,2025-10-02 07:18:19 UTC,2026-04-22 10:53:03 UTC,,1677,boulder,Semi-Final,Men,finished,2021-04-09 08:06:23 UTC,/api/v1/category_rounds/1677/results,boulder_legacy,Translation missing: en.round_types.boulder_legacy,2,,,,,,,3037,1,/api/v1/routes/3037/startlist,
/api/v1/events/672/result/3,672,full_results_url,IFSC Climbing Worldcup (B) - Barcelona (ESP) 2011,BOULDER Men,finished,2025-10-02 07:18:19 UTC,2026-04-22 10:53:03 UTC,,1677,boulder,Semi-Final,Men,finished,2021-04-09 08:06:23 UTC,/api/v1/category_rounds/1677/results,boulder_legacy,Translation missing: en.round_types.boulder_legacy,2,,,,,,,3038,2,/api/v1/routes/3038/startlist,
/api/v1/events/672/result/3,672,full_results_url,IFSC Climbing Worldcup (B) - Barcelona (ESP) 2011,BOULDER Men,finished,2025-10-02 07:18:19 UTC,2026-04-22 10:53:03 UTC,,1677,boulder,Semi-Final,Men,finished,2021-04-09 08:06:23 UTC,/api/v1/category_rounds/1677/results,boulder_legacy,Translation missing: en.round_types.boulder_legacy,2,,,,,,,3039,3,/api/v1/routes/3039/startlist,
/api/v1/events/672/result/3,672,full_results_url,IFSC Climbing Worldcup (B) - Barcelona (ESP) 2011,BOULDER Men,finished,2025-10-02 07:18:19 UTC,2026-04-22 10:53:03 UTC,,1677,boulder,Semi-Final,Men,finished,2021-04-09 08:06:23 UTC,/api/v1/category_rounds/1677/results,boulder_legacy,Translation missing: en.round_types.boulder_legacy,2,,,,,,,3040,4,/api/v1/routes/3040/startlist,
/api/v1/events/672/result/3,672,full_results_url,IFSC Climbing Worldcup (B) - Barcelona (ESP) 2011,BOULDER Men,finished,2025-10-02 07:18:19 UTC,2026-04-22 10:53:03 UTC,,1678,boulder,Final,Men,finished,2021-04-09 08:06:28 UTC,/api/v1/category_rounds/1678/results,boulder_legacy,Translation missing: en.round_types.boulder_legacy,3,,,,,,,3041,1,/api/v1/routes/3041/startlist,
/api/v1/events/672/result/3,672,full_results_url,IFSC Climbing Worldcup (B) - Barcelona (ESP) 2011,BOULDER Men,finished,2025-10-02 07:18:19 UTC,2026-04-22 10:53:03 UTC,,1678,boulder,Final,Men,finished,2021-04-09 08:06:28 UTC,/api/v1/category_rounds/1678/results,boulder_legacy,Translation missing: en.round_types.boulder_legacy,3,,,,,,,3042,2,/api/v1/routes/3042/startlist,
/api/v1/events/672/result/3,672,full_results_url,IFSC Climbing Worldcup (B) - Barcelona (ESP) 2011,BOULDER Men,finished,2025-10-02 07:18:19 UTC,2026-04-22 10:53:03 UTC,,1678,boulder,Final,Men,finished,2021-04-09 08:06:28 UTC,/api/v1/category_rounds/1678/results,boulder_legacy,Translation missing: en.round_types.boulder_legacy,3,,,,,,,3043,3,/api/v1/routes/3043/startlist,
/api/v1/events/672/result/3,672,full_results_url,IFSC Climbing Worldcup (B) - Barcelona (ESP) 2011,BOULDER Men,finished,2025-10-02 07:18:19 UTC,2026-04-22 10:53:03 UTC,,1678,boulder,Final,Men,finished,2021-04-09 08:06:28 UTC,/api/v1/category_rounds/1678/results,boulder_legacy,Translation missing: en.round_types.boulder_legacy,3,,,,,,,3044,4,/api/v1/routes/3044/startlist,
/api/v1/events/672/result/7,672,full_results_url,IFSC Climbing Worldcup (B) - Barcelona (ESP) 2011,BOULDER Women,finished,2025-10-02 07:18:19 UTC,2026-04-22 10:53:07 UTC,,1673,boulder,Qualification,Women,finished,2021-04-09 08:06:14 UTC,/api/v1/category_rounds/1673/results,boulder_legacy,Translation missing: en.round_types.boulder_legacy,1,,,,,,,3019,1,/api/v1/routes/3019/startlist,
/api/v1/events/672/result/7,672,full_results_url,IFSC Climbing Worldcup (B) - Barcelona (ESP) 2011,BOULDER Women,finished,2025-10-02 07:18:19 UTC,2026-04-22 10:53:07 UTC,,1673,boulder,Qualification,Women,finished,2021-04-09 08:06:14 UTC,/api/v1/category_rounds/1673/results,boulder_legacy,Translation missing: en.round_types.boulder_legacy,1,,,,,,,3020,2,/api/v1/routes/3020/startlist,
/api/v1/events/672/result/7,672,full_results_url,IFSC Climbing Worldcup (B) - Barcelona (ESP) 2011,BOULDER Women,finished,2025-10-02 07:18:19 UTC,2026-04-22 10:53:07 UTC,,1673,boulder,Qualification,Women,finished,2021-04-09 08:06:14 UTC,/api/v1/category_rounds/1673/results,boulder_legacy,Translation missing: en.round_types.boulder_legacy,1,,,,,,,3021,3,/api/v1/routes/3021/startlist,
/api/v1/events/672/result/7,672,full_results_url,IFSC Climbing Worldcup (B) - Barcelona (ESP) 2011,BOULDER Women,finished,2025-10-02 07:18:19 UTC,2026-04-22 10:53:07 UTC,,1673,boulder,Qualification,Women,finished,2021-04-09 08:06:14 UTC,/api/v1/category_rounds/1673/results,boulder_legacy,Translation missing: en.round_types.boulder_legacy,1,,,,,,,3022,4,/api/v1/routes/3022/startlist,
/api/v1/events/672/result/7,672,full_results_url,IFSC Climbing Worldcup (B) - Barcelona (ESP) 2011,BOULDER Women,finished,2025-10-02 07:18:19 UTC,2026-04-22 10:53:07 UTC,,1673,boulder,Qualification,Women,finished,2021-04-09 08:06:14 UTC,/api/v1/category_rounds/1673/results,boulder_legacy,Translation missing: en.round_types.boulder_legacy,1,,,,,,,3023,5,/api/v1/routes/3023/startlist,
/api/v1/events/672/result/7,672,full_results_url,IFSC Climbing Worldcup (B) - Barcelona (ESP) 2011,BOULDER Women,finished,2025-10-02 07:18:19 UTC,2026-04-22 10:53:07 UTC,,1674,boulder,Semi-Final,Women,finished,2021-04-09 08:06:23 UTC,/api/v1/category_rounds/1674/results,boulder_legacy,Translation missing: en.round_types.boulder_legacy,2,,,,,,,3024,1,/api/v1/routes/3024/startlist,
/api/v1/events/672/result/7,672,full_results_url,IFSC Climbing Worldcup (B) - Barcelona (ESP) 2011,BOULDER Women,finished,2025-10-02 07:18:19 UTC,2026-04-22 10:53:07 UTC,,1674,boulder,Semi-Final,Women,finished,2021-04-09 08:06:23 UTC,/api/v1/category_rounds/1674/results,boulder_legacy,Translation missing: en.round_types.boulder_legacy,2,,,,,,,3025,2,/api/v1/routes/3025/startlist,
/api/v1/events/672/result/7,672,full_results_url,IFSC Climbing Worldcup (B) - Barcelona (ESP) 2011,BOULDER Women,finished,2025-10-02 07:18:19 UTC,2026-04-22 10:53:07 UTC,,1674,boulder,Semi-Final,Women,finished,2021-04-09 08:06:23 UTC,/api/v1/category_rounds/1674/results,boulder_legacy,Translation missing: en.round_types.boulder_legacy,2,,,,,,,3026,3,/api/v1/routes/3026/startlist,
/api/v1/events/672/result/7,672,full_results_url,IFSC Climbing Worldcup (B) - Barcelona (ESP) 2011,BOULDER Women,finished,2025-10-02 07:18:19 UTC,2026-04-22 10:53:07 UTC,,1674,boulder,Semi-Final,Women,finished,2021-04-09 08:06:23 UTC,/api/v1/category_rounds/1674/results,boulder_legacy,Translation missing: en.round_types.boulder_legacy,2,,,,,,,3027,4,/api/v1/routes/3027/startlist,
/api/v1/events/672/result/7,672,full_results_url,IFSC Climbing Worldcup (B) - Barcelona (ESP) 2011,BOULDER Women,finished,2025-10-02 07:18:19 UTC,2026-04-22 10:53:07 UTC,,1675,boulder,Final,Women,finished,2021-04-09 08:06:28 UTC,/api/v1/category_rounds/1675/results,boulder_legacy,Translation missing: en.round_types.boulder_legacy,3,,,,,,,3028,1,/api/v1/routes/3028/startlist,
/api/v1/events/672/result/7,672,full_results_url,IFSC Climbing Worldcup (B) - Barcelona (ESP) 2011,BOULDER Women,finished,2025-10-02 07:18:19 UTC,2026-04-22 10:53:07 UTC,,1675,boulder,Final,Women,finished,2021-04-09 08:06:28 UTC,/api/v1/category_rounds/1675/results,boulder_legacy,Translation missing: en.round_types.boulder_legacy,3,,,,,,,3029,2,/api/v1/routes/3029/startlist,
/api/v1/events/672/result/7,672,full_results_url,IFSC Climbing Worldcup (B) - Barcelona (ESP) 2011,BOULDER Women,finished,2025-10-02 07:18:19 UTC,2026-04-22 10:53:07 UTC,,1675,boulder,Final,Women,finished,2021-04-09 08:06:28 UTC,/api/v1/category_rounds/1675/results,boulder_legacy,Translation missing: en.round_types.boulder_legacy,3,,,,,,,3030,3,/api/v1/routes/3030/startlist,
/api/v1/events/672/result/7,672,full_results_url,IFSC Climbing Worldcup (B) - Barcelona (ESP) 2011,BOULDER Women,finished,2025-10-02 07:18:19 UTC,2026-04-22 10:53:07 UTC,,1675,boulder,Final,Women,finished,2021-04-09 08:06:28 UTC,/api/v1/category_rounds/1675/results,boulder_legacy,Translation missing: en.round_types.boulder_legacy,3,,,,,,,3031,4,/api/v1/routes/3031/startlist,
/api/v1/events/673/result/3,673,full_results_url,IFSC Climbing Worldcup (B) - Sheffield (GBR) 2011,BOULDER Men,finished,2025-10-02 07:18:19 UTC,2026-04-22 10:53:11 UTC,,1682,boulder,Qualification,Men,finished,2021-04-09 08:06:53 UTC,/api/v1/category_rounds/1682/results,boulder_legacy,Translation missing: en.round_types.boulder_legacy,1,,,,,,,3058,1,/api/v1/routes/3058/startlist,
/api/v1/events/673/result/3,673,full_results_url,IFSC Climbing Worldcup (B) - Sheffield (GBR) 2011,BOULDER Men,finished,2025-10-02 07:18:19 UTC,2026-04-22 10:53:11 UTC,,1682,boulder,Qualification,Men,finished,2021-04-09 08:06:53 UTC,/api/v1/category_rounds/1682/results,boulder_legacy,Translation missing: en.round_types.boulder_legacy,1,,,,,,,3059,2,/api/v1/routes/3059/startlist,
/api/v1/events/673/result/3,673,full_results_url,IFSC Climbing Worldcup (B) - Sheffield (GBR) 2011,BOULDER Men,finished,2025-10-02 07:18:19 UTC,2026-04-22 10:53:11 UTC,,1682,boulder,Qualification,Men,finished,2021-04-09 08:06:53 UTC,/api/v1/category_rounds/1682/results,boulder_legacy,Translation missing: en.round_types.boulder_legacy,1,,,,,,,3060,3,/api/v1/routes/3060/startlist,
/api/v1/events/673/result/3,673,full_results_url,IFSC Climbing Worldcup (B) - Sheffield (GBR) 2011,BOULDER Men,finished,2025-10-02 07:18:19 UTC,2026-04-22 10:53:11 UTC,,1682,boulder,Qualification,Men,finished,2021-04-09 08:06:53 UTC,/api/v1/category_rounds/1682/results,boulder_legacy,Translation missing: en.round_types.boulder_legacy,1,,,,,,,3061,4,/api/v1/routes/3061/startlist,
/api/v1/events/673/result/3,673,full_results_url,IFSC Climbing Worldcup (B) - Sheffield (GBR) 2011,BOULDER Men,finished,2025-10-02 07:18:19 UTC,2026-04-22 10:53:11 UTC,,1682,boulder,Qualification,Men,finished,2021-04-09 08:06:53 UTC,/api/v1/category_rounds/1682/results,boulder_legacy,Translation missing: en.round_types.boulder_legacy,1,,,,,,,3062,5,/api/v1/routes/3062/startlist,
/api/v1/events/673/result/3,673,full_results_url,IFSC Climbing Worldcup (B) - Sheffield (GBR) 2011,BOULDER Men,finished,2025-10-02 07:18:19 UTC,2026-04-22 10:53:11 UTC,,1683,boulder,Semi-Final,Men,finished,2021-04-09 08:06:59 UTC,/api/v1/category_rounds/1683/results,boulder_legacy,Translation missing: en.round_types.boulder_legacy,2,,,,,,,3063,1,/api/v1/routes/3063/startlist,
/api/v1/events/673/result/3,673,full_results_url,IFSC Climbing Worldcup (B) - Sheffield (GBR) 2011,BOULDER Men,finished,2025-10-02 07:18:19 UTC,2026-04-22 10:53:11 UTC,,1683,boulder,Semi-Final,Men,finished,2021-04-09 08:06:59 UTC,/api/v1/category_rounds/1683/results,boulder_legacy,Translation missing: en.round_types.boulder_legacy,2,,,,,,,3064,2,/api/v1/routes/3064/startlist,
/api/v1/events/673/result/3,673,full_results_url,IFSC Climbing Worldcup (B) - Sheffield (GBR) 2011,BOULDER Men,finished,2025-10-02 07:18:19 UTC,2026-04-22 10:53:11 UTC,,1683,boulder,Semi-Final,Men,finished,2021-04-09 08:06:59 UTC,/api/v1/category_rounds/1683/results,boulder_legacy,Translation missing: en.round_types.boulder_legacy,2,,,,,,,3065,3,/api/v1/routes/3065/startlist,
/api/v1/events/673/result/3,673,full_results_url,IFSC Climbing Worldcup (B) - Sheffield (GBR) 2011,BOULDER Men,finished,2025-10-02 07:18:19 UTC,2026-04-22 10:53:11 UTC,,1683,boulder,Semi-Final,Men,finished,2021-04-09 08:06:59 UTC,/api/v1/category_rounds/1683/results,boulder_legacy,Translation missing: en.round_types.boulder_legacy,2,,,,,,,3066,4,/api/v1/routes/3066/startlist,
/api/v1/events/673/result/3,673,full_results_url,IFSC Climbing Worldcup (B) - Sheffield (GBR) 2011,BOULDER Men,finished,2025-10-02 07:18:19 UTC,2026-04-22 10:53:11 UTC,,1684,boulder,Final,Men,finished,2021-04-09 08:07:04 UTC,/api/v1/category_rounds/1684/results,boulder_legacy,Translation missing: en.round_types.boulder_legacy,3,,,,,,,3067,1,/api/v1/routes/3067/startlist,
/api/v1/events/673/result/3,673,full_results_url,IFSC Climbing Worldcup (B) - Sheffield (GBR) 2011,BOULDER Men,finished,2025-10-02 07:18:19 UTC,2026-04-22 10:53:11 UTC,,1684,boulder,Final,Men,finished,2021-04-09 08:07:04 UTC,/api/v1/category_rounds/1684/results,boulder_legacy,Translation missing: en.round_types.boulder_legacy,3,,,,,,,3068,2,/api/v1/routes/3068/startlist,
/api/v1/events/673/result/3,673,full_results_url,IFSC Climbing Worldcup (B) - Sheffield (GBR) 2011,BOULDER Men,finished,2025-10-02 07:18:19 UTC,2026-04-22 10:53:11 UTC,,1684,boulder,Final,Men,finished,2021-04-09 08:07:04 UTC,/api/v1/category_rounds/1684/results,boulder_legacy,Translation missing: en.round_types.boulder_legacy,3,,,,,,,3069,3,/api/v1/routes/3069/startlist,
/api/v1/events/673/result/3,673,full_results_url,IFSC Climbing Worldcup (B) - Sheffield (GBR) 2011,BOULDER Men,finished,2025-10-02 07:18:19 UTC,2026-04-22 10:53:11 UTC,,1684,boulder,Final,Men,finished,2021-04-09 08:07:04 UTC,/api/v1/category_rounds/1684/results,boulder_legacy,Translation missing: en.round_types.boulder_legacy,3,,,,,,,3070,4,/api/v1/routes/3070/startlist,
/api/v1/events/673/result/7,673,full_results_url,IFSC Climbing Worldcup (B) - Sheffield (GBR) 2011,BOULDER Women,finished,2025-10-02 07:18:19 UTC,2026-04-22 10:53:15 UTC,,1679,boulder,Qualification,Women,finished,2021-04-09 08:06:53 UTC,/api/v1/category_rounds/1679/results,boulder_legacy,Translation missing: en.round_types.boulder_legacy,1,,,,,,,3045,1,/api/v1/routes/3045/startlist,
/api/v1/events/673/result/7,673,full_results_url,IFSC Climbing Worldcup (B) - Sheffield (GBR) 2011,BOULDER Women,finished,2025-10-02 07:18:19 UTC,2026-04-22 10:53:15 UTC,,1679,boulder,Qualification,Women,finished,2021-04-09 08:06:53 UTC,/api/v1/category_rounds/1679/results,boulder_legacy,Translation missing: en.round_types.boulder_legacy,1,,,,,,,3046,2,/api/v1/routes/3046/startlist,
/api/v1/events/673/result/7,673,full_results_url,IFSC Climbing Worldcup (B) - Sheffield (GBR) 2011,BOULDER Women,finished,2025-10-02 07:18:19 UTC,2026-04-22 10:53:15 UTC,,1679,boulder,Qualification,Women,finished,2021-04-09 08:06:53 UTC,/api/v1/category_rounds/1679/results,boulder_legacy,Translation missing: en.round_types.boulder_legacy,1,,,,,,,3047,3,/api/v1/routes/3047/startlist,
/api/v1/events/673/result/7,673,full_results_url,IFSC Climbing Worldcup (B) - Sheffield (GBR) 2011,BOULDER Women,finished,2025-10-02 07:18:19 UTC,2026-04-22 10:53:15 UTC,,1679,boulder,Qualification,Women,finished,2021-04-09 08:06:53 UTC,/api/v1/category_rounds/1679/results,boulder_legacy,Translation missing: en.round_types.boulder_legacy,1,,,,,,,3048,4,/api/v1/routes/3048/startlist,
/api/v1/events/673/result/7,673,full_results_url,IFSC Climbing Worldcup (B) - Sheffield (GBR) 2011,BOULDER Women,finished,2025-10-02 07:18:19 UTC,2026-04-22 10:53:15 UTC,,1679,boulder,Qualification,Women,finished,2021-04-09 08:06:53 UTC,/api/v1/category_rounds/1679/results,boulder_legacy,Translation missing: en.round_types.boulder_legacy,1,,,,,,,3049,5,/api/v1/routes/3049/startlist,
/api/v1/events/673/result/7,673,full_results_url,IFSC Climbing Worldcup (B) - Sheffield (GBR) 2011,BOULDER Women,finished,2025-10-02 07:18:19 UTC,2026-04-22 10:53:15 UTC,,1680,boulder,Semi-Final,Women,finished,2021-04-09 08:06:59 UTC,/api/v1/category_rounds/1680/results,boulder_legacy,Translation missing: en.round_types.boulder_legacy,2,,,,,,,3050,1,/api/v1/routes/3050/startlist,
/api/v1/events/673/result/7,673,full_results_url,IFSC Climbing Worldcup (B) - Sheffield (GBR) 2011,BOULDER Women,finished,2025-10-02 07:18:19 UTC,2026-04-22 10:53:15 UTC,,1680,boulder,Semi-Final,Women,finished,2021-04-09 08:06:59 UTC,/api/v1/category_rounds/1680/results,boulder_legacy,Translation missing: en.round_types.boulder_legacy,2,,,,,,,3051,2,/api/v1/routes/3051/startlist,
/api/v1/events/673/result/7,673,full_results_url,IFSC Climbing Worldcup (B) - Sheffield (GBR) 2011,BOULDER Women,finished,2025-10-02 07:18:19 UTC,2026-04-22 10:53:15 UTC,,1680,boulder,Semi-Final,Women,finished,2021-04-09 08:06:59 UTC,/api/v1/category_rounds/1680/results,boulder_legacy,Translation missing: en.round_types.boulder_legacy,2,,,,,,,3052,3,/api/v1/routes/3052/startlist,
/api/v1/events/673/result/7,673,full_results_url,IFSC Climbing Worldcup (B) - Sheffield (GBR) 2011,BOULDER Women,finished,2025-10-02 07:18:19 UTC,2026-04-22 10:53:15 UTC,,1680,boulder,Semi-Final,Women,finished,2021-04-09 08:06:59 UTC,/api/v1/category_rounds/1680/results,boulder_legacy,Translation missing: en.round_types.boulder_legacy,2,,,,,,,3053,4,/api/v1/routes/3053/startlist,
/api/v1/events/673/result/7,673,full_results_url,IFSC Climbing Worldcup (B) - Sheffield (GBR) 2011,BOULDER Women,finished,2025-10-02 07:18:19 UTC,2026-04-22 10:53:15 UTC,,1681,boulder,Final,Women,finished,2021-04-09 08:07:04 UTC,/api/v1/category_rounds/1681/results,boulder_legacy,Translation missing: en.round_types.boulder_legacy,3,,,,,,,3054,1,/api/v1/routes/3054/startlist,
/api/v1/events/673/result/7,673,full_results_url,IFSC Climbing Worldcup (B) - Sheffield (GBR) 2011,BOULDER Women,finished,2025-10-02 07:18:19 UTC,2026-04-22 10:53:15 UTC,,1681,boulder,Final,Women,finished,2021-04-09 08:07:04 UTC,/api/v1/category_rounds/1681/results,boulder_legacy,Translation missing: en.round_types.boulder_legacy,3,,,,,,,3055,2,/api/v1/routes/3055/startlist,
/api/v1/events/673/result/7,673,full_results_url,IFSC Climbing Worldcup (B) - Sheffield (GBR) 2011,BOULDER Women,finished,2025-10-02 07:18:19 UTC,2026-04-22 10:53:15 UTC,,1681,boulder,Final,Women,finished,2021-04-09 08:07:04 UTC,/api/v1/category_rounds/1681/results,boulder_legacy,Translation missing: en.round_types.boulder_legacy,3,,,,,,,3056,3,/api/v1/routes/3056/startlist,
/api/v1/events/673/result/7,673,full_results_url,IFSC Climbing Worldcup (B) - Sheffield (GBR) 2011,BOULDER Women,finished,2025-10-02 07:18:19 UTC,2026-04-22 10:53:15 UTC,,1681,boulder,Final,Women,finished,2021-04-09 08:07:04 UTC,/api/v1/category_rounds/1681/results,boulder_legacy,Translation missing: en.round_types.boulder_legacy,3,,,,,,,3057,4,/api/v1/routes/3057/startlist,
/api/v1/events/674/result/2,674,full_results_url,"IFSC Climbing Worldcup (L,S) - Chamonix (FRA) 2011",SPEED Men,finished,2025-10-02 07:18:19 UTC,2026-04-22 10:53:49 UTC,,1694,speed,Final,Men,finished,2024-01-15 14:02:01 UTC,/api/v1/category_rounds/1694/results,speed_elimination_ifsc,IFSC 2021: Elimination,3,,,,,,,1985,A,/api/v1/routes/1985/startlist,
/api/v1/events/674/result/2,674,full_results_url,"IFSC Climbing Worldcup (L,S) - Chamonix (FRA) 2011",SPEED Men,finished,2025-10-02 07:18:19 UTC,2026-04-22 10:53:49 UTC,,1694,speed,Final,Men,finished,2024-01-15 14:02:01 UTC,/api/v1/category_rounds/1694/results,speed_elimination_ifsc,IFSC 2021: Elimination,3,,,,,,,1986,B,/api/v1/routes/1986/startlist,
/api/v1/events/674/result/6,674,full_results_url,"IFSC Climbing Worldcup (L,S) - Chamonix (FRA) 2011",SPEED Women,finished,2025-10-02 07:18:19 UTC,2026-04-22 10:53:53 UTC,,1689,speed,Final,Women,finished,2024-01-15 14:02:02 UTC,/api/v1/category_rounds/1689/results,speed_elimination_ifsc,IFSC 2021: Elimination,3,,,,,,,1987,A,/api/v1/routes/1987/startlist,
/api/v1/events/674/result/6,674,full_results_url,"IFSC Climbing Worldcup (L,S) - Chamonix (FRA) 2011",SPEED Women,finished,2025-10-02 07:18:19 UTC,2026-04-22 10:53:53 UTC,,1689,speed,Final,Women,finished,2024-01-15 14:02:02 UTC,/api/v1/category_rounds/1689/results,speed_elimination_ifsc,IFSC 2021: Elimination,3,,,,,,,1988,B,/api/v1/routes/1988/startlist,
/api/v1/events/675/result/3,675,full_results_url,IFSC Climbing World Championships  - Arco (ITA) 2011,BOULDER Men,finished,2025-10-02 07:18:19 UTC,2026-04-22 10:54:23 UTC,,1706,boulder,Qualification,Men,finished,2021-04-09 08:07:28 UTC,/api/v1/category_rounds/1706/results,boulder_legacy,Translation missing: en.round_types.boulder_legacy,1,,,,,,,3084,1,/api/v1/routes/3084/startlist,
/api/v1/events/675/result/3,675,full_results_url,IFSC Climbing World Championships  - Arco (ITA) 2011,BOULDER Men,finished,2025-10-02 07:18:19 UTC,2026-04-22 10:54:23 UTC,,1706,boulder,Qualification,Men,finished,2021-04-09 08:07:28 UTC,/api/v1/category_rounds/1706/results,boulder_legacy,Translation missing: en.round_types.boulder_legacy,1,,,,,,,3085,2,/api/v1/routes/3085/startlist,
/api/v1/events/675/result/3,675,full_results_url,IFSC Climbing World Championships  - Arco (ITA) 2011,BOULDER Men,finished,2025-10-02 07:18:19 UTC,2026-04-22 10:54:23 UTC,,1706,boulder,Qualification,Men,finished,2021-04-09 08:07:28 UTC,/api/v1/category_rounds/1706/results,boulder_legacy,Translation missing: en.round_types.boulder_legacy,1,,,,,,,3086,3,/api/v1/routes/3086/startlist,
/api/v1/events/675/result/3,675,full_results_url,IFSC Climbing World Championships  - Arco (ITA) 2011,BOULDER Men,finished,2025-10-02 07:18:19 UTC,2026-04-22 10:54:23 UTC,,1706,boulder,Qualification,Men,finished,2021-04-09 08:07:28 UTC,/api/v1/category_rounds/1706/results,boulder_legacy,Translation missing: en.round_types.boulder_legacy,1,,,,,,,3087,4,/api/v1/routes/3087/startlist,
/api/v1/events/675/result/3,675,full_results_url,IFSC Climbing World Championships  - Arco (ITA) 2011,BOULDER Men,finished,2025-10-02 07:18:19 UTC,2026-04-22 10:54:23 UTC,,1706,boulder,Qualification,Men,finished,2021-04-09 08:07:28 UTC,/api/v1/category_rounds/1706/results,boulder_legacy,Translation missing: en.round_types.boulder_legacy,1,,,,,,,3088,5,/api/v1/routes/3088/startlist,
/api/v1/events/675/result/3,675,full_results_url,IFSC Climbing World Championships  - Arco (ITA) 2011,BOULDER Men,finished,2025-10-02 07:18:19 UTC,2026-04-22 10:54:23 UTC,,1707,boulder,Semi-Final,Men,finished,2021-04-09 08:07:46 UTC,/api/v1/category_rounds/1707/results,boulder_legacy,Translation missing: en.round_types.boulder_legacy,2,,,,,,,3089,1,/api/v1/routes/3089/startlist,
/api/v1/events/675/result/3,675,full_results_url,IFSC Climbing World Championships  - Arco (ITA) 2011,BOULDER Men,finished,2025-10-02 07:18:19 UTC,2026-04-22 10:54:23 UTC,,1707,boulder,Semi-Final,Men,finished,2021-04-09 08:07:46 UTC,/api/v1/category_rounds/1707/results,boulder_legacy,Translation missing: en.round_types.boulder_legacy,2,,,,,,,3090,2,/api/v1/routes/3090/startlist,
/api/v1/events/675/result/3,675,full_results_url,IFSC Climbing World Championships  - Arco (ITA) 2011,BOULDER Men,finished,2025-10-02 07:18:19 UTC,2026-04-22 10:54:23 UTC,,1707,boulder,Semi-Final,Men,finished,2021-04-09 08:07:46 UTC,/api/v1/category_rounds/1707/results,boulder_legacy,Translation missing: en.round_types.boulder_legacy,2,,,,,,,3091,3,/api/v1/routes/3091/startlist,
/api/v1/events/675/result/3,675,full_results_url,IFSC Climbing World Championships  - Arco (ITA) 2011,BOULDER Men,finished,2025-10-02 07:18:19 UTC,2026-04-22 10:54:23 UTC,,1707,boulder,Semi-Final,Men,finished,2021-04-09 08:07:46 UTC,/api/v1/category_rounds/1707/results,boulder_legacy,Translation missing: en.round_types.boulder_legacy,2,,,,,,,3092,4,/api/v1/routes/3092/startlist,
/api/v1/events/675/result/3,675,full_results_url,IFSC Climbing World Championships  - Arco (ITA) 2011,BOULDER Men,finished,2025-10-02 07:18:19 UTC,2026-04-22 10:54:23 UTC,,1708,boulder,Final,Men,finished,2021-04-09 08:07:51 UTC,/api/v1/category_rounds/1708/results,boulder_legacy,Translation missing: en.round_types.boulder_legacy,3,,,,,,,3093,1,/api/v1/routes/3093/startlist,
/api/v1/events/675/result/3,675,full_results_url,IFSC Climbing World Championships  - Arco (ITA) 2011,BOULDER Men,finished,2025-10-02 07:18:19 UTC,2026-04-22 10:54:23 UTC,,1708,boulder,Final,Men,finished,2021-04-09 08:07:51 UTC,/api/v1/category_rounds/1708/results,boulder_legacy,Translation missing: en.round_types.boulder_legacy,3,,,,,,,3094,2,/api/v1/routes/3094/startlist,
/api/v1/events/675/result/3,675,full_results_url,IFSC Climbing World Championships  - Arco (ITA) 2011,BOULDER Men,finished,2025-10-02 07:18:19 UTC,2026-04-22 10:54:23 UTC,,1708,boulder,Final,Men,finished,2021-04-09 08:07:51 UTC,/api/v1/category_rounds/1708/results,boulder_legacy,Translation missing: en.round_types.boulder_legacy,3,,,,,,,3095,3,/api/v1/routes/3095/startlist,
/api/v1/events/675/result/3,675,full_results_url,IFSC Climbing World Championships  - Arco (ITA) 2011,BOULDER Men,finished,2025-10-02 07:18:19 UTC,2026-04-22 10:54:23 UTC,,1708,boulder,Final,Men,finished,2021-04-09 08:07:51 UTC,/api/v1/category_rounds/1708/results,boulder_legacy,Translation missing: en.round_types.boulder_legacy,3,,,,,,,3096,4,/api/v1/routes/3096/startlist,
/api/v1/events/675/result/7,675,full_results_url,IFSC Climbing World Championships  - Arco (ITA) 2011,BOULDER Women,finished,2025-10-02 07:18:19 UTC,2026-04-22 10:54:29 UTC,,1698,boulder,Qualification,Women,finished,2021-04-09 08:07:28 UTC,/api/v1/category_rounds/1698/results,boulder_legacy,Translation missing: en.round_types.boulder_legacy,1,,,,,,,3071,1,/api/v1/routes/3071/startlist,
/api/v1/events/675/result/7,675,full_results_url,IFSC Climbing World Championships  - Arco (ITA) 2011,BOULDER Women,finished,2025-10-02 07:18:19 UTC,2026-04-22 10:54:29 UTC,,1698,boulder,Qualification,Women,finished,2021-04-09 08:07:28 UTC,/api/v1/category_rounds/1698/results,boulder_legacy,Translation missing: en.round_types.boulder_legacy,1,,,,,,,3072,2,/api/v1/routes/3072/startlist,
/api/v1/events/675/result/7,675,full_results_url,IFSC Climbing World Championships  - Arco (ITA) 2011,BOULDER Women,finished,2025-10-02 07:18:19 UTC,2026-04-22 10:54:29 UTC,,1698,boulder,Qualification,Women,finished,2021-04-09 08:07:28 UTC,/api/v1/category_rounds/1698/results,boulder_legacy,Translation missing: en.round_types.boulder_legacy,1,,,,,,,3073,3,/api/v1/routes/3073/startlist,
/api/v1/events/675/result/7,675,full_results_url,IFSC Climbing World Championships  - Arco (ITA) 2011,BOULDER Women,finished,2025-10-02 07:18:19 UTC,2026-04-22 10:54:29 UTC,,1698,boulder,Qualification,Women,finished,2021-04-09 08:07:28 UTC,/api/v1/category_rounds/1698/results,boulder_legacy,Translation missing: en.round_types.boulder_legacy,1,,,,,,,3074,4,/api/v1/routes/3074/startlist,
/api/v1/events/675/result/7,675,full_results_url,IFSC Climbing World Championships  - Arco (ITA) 2011,BOULDER Women,finished,2025-10-02 07:18:19 UTC,2026-04-22 10:54:29 UTC,,1698,boulder,Qualification,Women,finished,2021-04-09 08:07:28 UTC,/api/v1/category_rounds/1698/results,boulder_legacy,Translation missing: en.round_types.boulder_legacy,1,,,,,,,3075,5,/api/v1/routes/3075/startlist,
/api/v1/events/675/result/7,675,full_results_url,IFSC Climbing World Championships  - Arco (ITA) 2011,BOULDER Women,finished,2025-10-02 07:18:19 UTC,2026-04-22 10:54:29 UTC,,1699,boulder,Semi-Final,Women,finished,2021-04-09 08:07:46 UTC,/api/v1/category_rounds/1699/results,boulder_legacy,Translation missing: en.round_types.boulder_legacy,2,,,,,,,3076,1,/api/v1/routes/3076/startlist,
/api/v1/events/675/result/7,675,full_results_url,IFSC Climbing World Championships  - Arco (ITA) 2011,BOULDER Women,finished,2025-10-02 07:18:19 UTC,2026-04-22 10:54:29 UTC,,1699,boulder,Semi-Final,Women,finished,2021-04-09 08:07:46 UTC,/api/v1/category_rounds/1699/results,boulder_legacy,Translation missing: en.round_types.boulder_legacy,2,,,,,,,3077,2,/api/v1/routes/3077/startlist,
/api/v1/events/675/result/7,675,full_results_url,IFSC Climbing World Championships  - Arco (ITA) 2011,BOULDER Women,finished,2025-10-02 07:18:19 UTC,2026-04-22 10:54:29 UTC,,1699,boulder,Semi-Final,Women,finished,2021-04-09 08:07:46 UTC,/api/v1/category_rounds/1699/results,boulder_legacy,Translation missing: en.round_types.boulder_legacy,2,,,,,,,3078,3,/api/v1/routes/3078/startlist,
/api/v1/events/675/result/7,675,full_results_url,IFSC Climbing World Championships  - Arco (ITA) 2011,BOULDER Women,finished,2025-10-02 07:18:19 UTC,2026-04-22 10:54:29 UTC,,1699,boulder,Semi-Final,Women,finished,2021-04-09 08:07:46 UTC,/api/v1/category_rounds/1699/results,boulder_legacy,Translation missing: en.round_types.boulder_legacy,2,,,,,,,3079,4,/api/v1/routes/3079/startlist,
/api/v1/events/675/result/7,675,full_results_url,IFSC Climbing World Championships  - Arco (ITA) 2011,BOULDER Women,finished,2025-10-02 07:18:19 UTC,2026-04-22 10:54:29 UTC,,1700,boulder,Final,Women,finished,2021-04-09 08:07:51 UTC,/api/v1/category_rounds/1700/results,boulder_legacy,Translation missing: en.round_types.boulder_legacy,3,,,,,,,3080,1,/api/v1/routes/3080/startlist,
/api/v1/events/675/result/7,675,full_results_url,IFSC Climbing World Championships  - Arco (ITA) 2011,BOULDER Women,finished,2025-10-02 07:18:19 UTC,2026-04-22 10:54:29 UTC,,1700,boulder,Final,Women,finished,2021-04-09 08:07:51 UTC,/api/v1/category_rounds/1700/results,boulder_legacy,Translation missing: en.round_types.boulder_legacy,3,,,,,,,3081,2,/api/v1/routes/3081/startlist,
/api/v1/events/675/result/7,675,full_results_url,IFSC Climbing World Championships  - Arco (ITA) 2011,BOULDER Women,finished,2025-10-02 07:18:19 UTC,2026-04-22 10:54:29 UTC,,1700,boulder,Final,Women,finished,2021-04-09 08:07:51 UTC,/api/v1/category_rounds/1700/results,boulder_legacy,Translation missing: en.round_types.boulder_legacy,3,,,,,,,3082,3,/api/v1/routes/3082/startlist,
/api/v1/events/675/result/7,675,full_results_url,IFSC Climbing World Championships  - Arco (ITA) 2011,BOULDER Women,finished,2025-10-02 07:18:19 UTC,2026-04-22 10:54:29 UTC,,1700,boulder,Final,Women,finished,2021-04-09 08:07:51 UTC,/api/v1/category_rounds/1700/results,boulder_legacy,Translation missing: en.round_types.boulder_legacy,3,,,,,,,3083,4,/api/v1/routes/3083/startlist,
/api/v1/events/675/result/2,675,full_results_url,IFSC Climbing World Championships  - Arco (ITA) 2011,SPEED Men,finished,2025-10-02 07:18:19 UTC,2026-04-22 10:54:34 UTC,,1710,speed,Final,Men,finished,2024-01-17 07:27:11 UTC,/api/v1/category_rounds/1710/results,speed_elimination_ifsc,IFSC 2021: Elimination,3,,,,,,,1989,A,/api/v1/routes/1989/startlist,
/api/v1/events/675/result/2,675,full_results_url,IFSC Climbing World Championships  - Arco (ITA) 2011,SPEED Men,finished,2025-10-02 07:18:19 UTC,2026-04-22 10:54:34 UTC,,1710,speed,Final,Men,finished,2024-01-17 07:27:11 UTC,/api/v1/category_rounds/1710/results,speed_elimination_ifsc,IFSC 2021: Elimination,3,,,,,,,1990,B,/api/v1/routes/1990/startlist,
/api/v1/events/675/result/6,675,full_results_url,IFSC Climbing World Championships  - Arco (ITA) 2011,SPEED Women,finished,2025-10-02 07:18:19 UTC,2026-04-22 10:54:37 UTC,,1702,speed,Final,Women,finished,2024-01-16 17:11:46 UTC,/api/v1/category_rounds/1702/results,speed_elimination_ifsc,IFSC 2021: Elimination,3,,,,,,,1991,A,/api/v1/routes/1991/startlist,
/api/v1/events/675/result/6,675,full_results_url,IFSC Climbing World Championships  - Arco (ITA) 2011,SPEED Women,finished,2025-10-02 07:18:19 UTC,2026-04-22 10:54:37 UTC,,1702,speed,Final,Women,finished,2024-01-16 17:11:46 UTC,/api/v1/category_rounds/1702/results,speed_elimination_ifsc,IFSC 2021: Elimination,3,,,,,,,1992,B,/api/v1/routes/1992/startlist,
/api/v1/events/679/result/2,679,full_results_url,IFSC Climbing Worldcup (S) - Daone (ITA) 2011,SPEED Men,finished,2025-10-02 07:18:19 UTC,2026-04-22 10:57:28 UTC,,1724,speed,Final,Men,finished,2021-05-07 15:30:13 UTC,/api/v1/category_rounds/1724/results,speed_elimination_ifsc,IFSC 2021: Elimination,3,,,,,,,1993,A,/api/v1/routes/1993/startlist,
/api/v1/events/679/result/2,679,full_results_url,IFSC Climbing Worldcup (S) - Daone (ITA) 2011,SPEED Men,finished,2025-10-02 07:18:19 UTC,2026-04-22 10:57:28 UTC,,1724,speed,Final,Men,finished,2021-05-07 15:30:13 UTC,/api/v1/category_rounds/1724/results,speed_elimination_ifsc,IFSC 2021: Elimination,3,,,,,,,1994,B,/api/v1/routes/1994/startlist,
/api/v1/events/679/result/6,679,full_results_url,IFSC Climbing Worldcup (S) - Daone (ITA) 2011,SPEED Women,finished,2025-10-02 07:18:19 UTC,2026-04-22 10:57:31 UTC,,1722,speed,Final,Women,finished,2021-05-07 15:30:13 UTC,/api/v1/category_rounds/1722/results,speed_elimination_ifsc,IFSC 2021: Elimination,3,,,,,,,1995,A,/api/v1/routes/1995/startlist,
/api/v1/events/679/result/6,679,full_results_url,IFSC Climbing Worldcup (S) - Daone (ITA) 2011,SPEED Women,finished,2025-10-02 07:18:19 UTC,2026-04-22 10:57:31 UTC,,1722,speed,Final,Women,finished,2021-05-07 15:30:13 UTC,/api/v1/category_rounds/1722/results,speed_elimination_ifsc,IFSC 2021: Elimination,3,,,,,,,1996,B,/api/v1/routes/1996/startlist,
/api/v1/events/680/result/3,680,full_results_url,IFSC Climbing Worldcup (B) - Munich (GER) 2011 ,BOULDER Men,finished,2025-10-02 07:18:19 UTC,2026-04-22 10:57:54 UTC,,1728,boulder,Qualification,Men,finished,2021-04-09 08:08:37 UTC,/api/v1/category_rounds/1728/results,boulder_legacy,Translation missing: en.round_types.boulder_legacy,1,,,,,,,3110,1,/api/v1/routes/3110/startlist,
/api/v1/events/680/result/3,680,full_results_url,IFSC Climbing Worldcup (B) - Munich (GER) 2011 ,BOULDER Men,finished,2025-10-02 07:18:19 UTC,2026-04-22 10:57:54 UTC,,1728,boulder,Qualification,Men,finished,2021-04-09 08:08:37 UTC,/api/v1/category_rounds/1728/results,boulder_legacy,Translation missing: en.round_types.boulder_legacy,1,,,,,,,3111,2,/api/v1/routes/3111/startlist,
/api/v1/events/680/result/3,680,full_results_url,IFSC Climbing Worldcup (B) - Munich (GER) 2011 ,BOULDER Men,finished,2025-10-02 07:18:19 UTC,2026-04-22 10:57:54 UTC,,1728,boulder,Qualification,Men,finished,2021-04-09 08:08:37 UTC,/api/v1/category_rounds/1728/results,boulder_legacy,Translation missing: en.round_types.boulder_legacy,1,,,,,,,3112,3,/api/v1/routes/3112/startlist,
/api/v1/events/680/result/3,680,full_results_url,IFSC Climbing Worldcup (B) - Munich (GER) 2011 ,BOULDER Men,finished,2025-10-02 07:18:19 UTC,2026-04-22 10:57:54 UTC,,1728,boulder,Qualification,Men,finished,2021-04-09 08:08:37 UTC,/api/v1/category_rounds/1728/results,boulder_legacy,Translation missing: en.round_types.boulder_legacy,1,,,,,,,3113,4,/api/v1/routes/3113/startlist,
/api/v1/events/680/result/3,680,full_results_url,IFSC Climbing Worldcup (B) - Munich (GER) 2011 ,BOULDER Men,finished,2025-10-02 07:18:19 UTC,2026-04-22 10:57:54 UTC,,1728,boulder,Qualification,Men,finished,2021-04-09 08:08:37 UTC,/api/v1/category_rounds/1728/results,boulder_legacy,Translation missing: en.round_types.boulder_legacy,1,,,,,,,3114,5,/api/v1/routes/3114/startlist,
/api/v1/events/680/result/3,680,full_results_url,IFSC Climbing Worldcup (B) - Munich (GER) 2011 ,BOULDER Men,finished,2025-10-02 07:18:19 UTC,2026-04-22 10:57:54 UTC,,1729,boulder,Semi-Final,Men,finished,2021-04-09 08:08:47 UTC,/api/v1/category_rounds/1729/results,boulder_legacy,Translation missing: en.round_types.boulder_legacy,2,,,,,,,3115,1,/api/v1/routes/3115/startlist,
/api/v1/events/680/result/3,680,full_results_url,IFSC Climbing Worldcup (B) - Munich (GER) 2011 ,BOULDER Men,finished,2025-10-02 07:18:19 UTC,2026-04-22 10:57:54 UTC,,1729,boulder,Semi-Final,Men,finished,2021-04-09 08:08:47 UTC,/api/v1/category_rounds/1729/results,boulder_legacy,Translation missing: en.round_types.boulder_legacy,2,,,,,,,3116,2,/api/v1/routes/3116/startlist,
/api/v1/events/680/result/3,680,full_results_url,IFSC Climbing Worldcup (B) - Munich (GER) 2011 ,BOULDER Men,finished,2025-10-02 07:18:19 UTC,2026-04-22 10:57:54 UTC,,1729,boulder,Semi-Final,Men,finished,2021-04-09 08:08:47 UTC,/api/v1/category_rounds/1729/results,boulder_legacy,Translation missing: en.round_types.boulder_legacy,2,,,,,,,3117,3,/api/v1/routes/3117/startlist,
/api/v1/events/680/result/3,680,full_results_url,IFSC Climbing Worldcup (B) - Munich (GER) 2011 ,BOULDER Men,finished,2025-10-02 07:18:19 UTC,2026-04-22 10:57:54 UTC,,1729,boulder,Semi-Final,Men,finished,2021-04-09 08:08:47 UTC,/api/v1/category_rounds/1729/results,boulder_legacy,Translation missing: en.round_types.boulder_legacy,2,,,,,,,3118,4,/api/v1/routes/3118/startlist,
/api/v1/events/680/result/3,680,full_results_url,IFSC Climbing Worldcup (B) - Munich (GER) 2011 ,BOULDER Men,finished,2025-10-02 07:18:19 UTC,2026-04-22 10:57:54 UTC,,1730,boulder,Final,Men,finished,2021-04-09 08:08:52 UTC,/api/v1/category_rounds/1730/results,boulder_legacy,Translation missing: en.round_types.boulder_legacy,3,,,,,,,3119,1,/api/v1/routes/3119/startlist,
/api/v1/events/680/result/3,680,full_results_url,IFSC Climbing Worldcup (B) - Munich (GER) 2011 ,BOULDER Men,finished,2025-10-02 07:18:19 UTC,2026-04-22 10:57:54 UTC,,1730,boulder,Final,Men,finished,2021-04-09 08:08:52 UTC,/api/v1/category_rounds/1730/results,boulder_legacy,Translation missing: en.round_types.boulder_legacy,3,,,,,,,3120,2,/api/v1/routes/3120/startlist,
/api/v1/events/680/result/3,680,full_results_url,IFSC Climbing Worldcup (B) - Munich (GER) 2011 ,BOULDER Men,finished,2025-10-02 07:18:19 UTC,2026-04-22 10:57:54 UTC,,1730,boulder,Final,Men,finished,2021-04-09 08:08:52 UTC,/api/v1/category_rounds/1730/results,boulder_legacy,Translation missing: en.round_types.boulder_legacy,3,,,,,,,3121,3,/api/v1/routes/3121/startlist,
/api/v1/events/680/result/3,680,full_results_url,IFSC Climbing Worldcup (B) - Munich (GER) 2011 ,BOULDER Men,finished,2025-10-02 07:18:19 UTC,2026-04-22 10:57:54 UTC,,1730,boulder,Final,Men,finished,2021-04-09 08:08:52 UTC,/api/v1/category_rounds/1730/results,boulder_legacy,Translation missing: en.round_types.boulder_legacy,3,,,,,,,3122,4,/api/v1/routes/3122/startlist,
/api/v1/events/680/result/7,680,full_results_url,IFSC Climbing Worldcup (B) - Munich (GER) 2011 ,BOULDER Women,finished,2025-10-02 07:18:19 UTC,2026-04-22 10:57:58 UTC,,1725,boulder,Qualification,Women,finished,2021-04-09 08:08:37 UTC,/api/v1/category_rounds/1725/results,boulder_legacy,Translation missing: en.round_types.boulder_legacy,1,,,,,,,3097,1,/api/v1/routes/3097/startlist,
/api/v1/events/680/result/7,680,full_results_url,IFSC Climbing Worldcup (B) - Munich (GER) 2011 ,BOULDER Women,finished,2025-10-02 07:18:19 UTC,2026-04-22 10:57:58 UTC,,1725,boulder,Qualification,Women,finished,2021-04-09 08:08:37 UTC,/api/v1/category_rounds/1725/results,boulder_legacy,Translation missing: en.round_types.boulder_legacy,1,,,,,,,3098,2,/api/v1/routes/3098/startlist,
/api/v1/events/680/result/7,680,full_results_url,IFSC Climbing Worldcup (B) - Munich (GER) 2011 ,BOULDER Women,finished,2025-10-02 07:18:19 UTC,2026-04-22 10:57:58 UTC,,1725,boulder,Qualification,Women,finished,2021-04-09 08:08:37 UTC,/api/v1/category_rounds/1725/results,boulder_legacy,Translation missing: en.round_types.boulder_legacy,1,,,,,,,3099,3,/api/v1/routes/3099/startlist,
/api/v1/events/680/result/7,680,full_results_url,IFSC Climbing Worldcup (B) - Munich (GER) 2011 ,BOULDER Women,finished,2025-10-02 07:18:19 UTC,2026-04-22 10:57:58 UTC,,1725,boulder,Qualification,Women,finished,2021-04-09 08:08:37 UTC,/api/v1/category_rounds/1725/results,boulder_legacy,Translation missing: en.round_types.boulder_legacy,1,,,,,,,3100,4,/api/v1/routes/3100/startlist,
/api/v1/events/680/result/7,680,full_results_url,IFSC Climbing Worldcup (B) - Munich (GER) 2011 ,BOULDER Women,finished,2025-10-02 07:18:19 UTC,2026-04-22 10:57:58 UTC,,1725,boulder,Qualification,Women,finished,2021-04-09 08:08:37 UTC,/api/v1/category_rounds/1725/results,boulder_legacy,Translation missing: en.round_types.boulder_legacy,1,,,,,,,3101,5,/api/v1/routes/3101/startlist,
/api/v1/events/680/result/7,680,full_results_url,IFSC Climbing Worldcup (B) - Munich (GER) 2011 ,BOULDER Women,finished,2025-10-02 07:18:19 UTC,2026-04-22 10:57:58 UTC,,1726,boulder,Semi-Final,Women,finished,2021-04-09 08:08:47 UTC,/api/v1/category_rounds/1726/results,boulder_legacy,Translation missing: en.round_types.boulder_legacy,2,,,,,,,3102,1,/api/v1/routes/3102/startlist,
/api/v1/events/680/result/7,680,full_results_url,IFSC Climbing Worldcup (B) - Munich (GER) 2011 ,BOULDER Women,finished,2025-10-02 07:18:19 UTC,2026-04-22 10:57:58 UTC,,1726,boulder,Semi-Final,Women,finished,2021-04-09 08:08:47 UTC,/api/v1/category_rounds/1726/results,boulder_legacy,Translation missing: en.round_types.boulder_legacy,2,,,,,,,3103,2,/api/v1/routes/3103/startlist,
/api/v1/events/680/result/7,680,full_results_url,IFSC Climbing Worldcup (B) - Munich (GER) 2011 ,BOULDER Women,finished,2025-10-02 07:18:19 UTC,2026-04-22 10:57:58 UTC,,1726,boulder,Semi-Final,Women,finished,2021-04-09 08:08:47 UTC,/api/v1/category_rounds/1726/results,boulder_legacy,Translation missing: en.round_types.boulder_legacy,2,,,,,,,3104,3,/api/v1/routes/3104/startlist,
/api/v1/events/680/result/7,680,full_results_url,IFSC Climbing Worldcup (B) - Munich (GER) 2011 ,BOULDER Women,finished,2025-10-02 07:18:19 UTC,2026-04-22 10:57:58 UTC,,1726,boulder,Semi-Final,Women,finished,2021-04-09 08:08:47 UTC,/api/v1/category_rounds/1726/results,boulder_legacy,Translation missing: en.round_types.boulder_legacy,2,,,,,,,3105,4,/api/v1/routes/3105/startlist,
/api/v1/events/680/result/7,680,full_results_url,IFSC Climbing Worldcup (B) - Munich (GER) 2011 ,BOULDER Women,finished,2025-10-02 07:18:19 UTC,2026-04-22 10:57:58 UTC,,1727,boulder,Final,Women,finished,2021-04-09 08:08:52 UTC,/api/v1/category_rounds/1727/results,boulder_legacy,Translation missing: en.round_types.boulder_legacy,3,,,,,,,3106,1,/api/v1/routes/3106/startlist,
/api/v1/events/680/result/7,680,full_results_url,IFSC Climbing Worldcup (B) - Munich (GER) 2011 ,BOULDER Women,finished,2025-10-02 07:18:19 UTC,2026-04-22 10:57:58 UTC,,1727,boulder,Final,Women,finished,2021-04-09 08:08:52 UTC,/api/v1/category_rounds/1727/results,boulder_legacy,Translation missing: en.round_types.boulder_legacy,3,,,,,,,3107,2,/api/v1/routes/3107/startlist,
/api/v1/events/680/result/7,680,full_results_url,IFSC Climbing Worldcup (B) - Munich (GER) 2011 ,BOULDER Women,finished,2025-10-02 07:18:19 UTC,2026-04-22 10:57:58 UTC,,1727,boulder,Final,Women,finished,2021-04-09 08:08:52 UTC,/api/v1/category_rounds/1727/results,boulder_legacy,Translation missing: en.round_types.boulder_legacy,3,,,,,,,3108,3,/api/v1/routes/3108/startlist,
/api/v1/events/680/result/7,680,full_results_url,IFSC Climbing Worldcup (B) - Munich (GER) 2011 ,BOULDER Women,finished,2025-10-02 07:18:19 UTC,2026-04-22 10:57:58 UTC,,1727,boulder,Final,Women,finished,2021-04-09 08:08:52 UTC,/api/v1/category_rounds/1727/results,boulder_legacy,Translation missing: en.round_types.boulder_legacy,3,,,,,,,3109,4,/api/v1/routes/3109/startlist,
/api/v1/events/681/result/2,681,full_results_url,"IFSC Climbing Worldcup (L,S) - Xining (CHN) 2011",SPEED Men,finished,2025-10-02 07:18:19 UTC,2026-04-22 10:58:51 UTC,,1740,speed,Final,Men,finished,2024-01-17 07:27:45 UTC,/api/v1/category_rounds/1740/results,speed_elimination_ifsc,IFSC 2021: Elimination,3,,,,,,,1997,A,/api/v1/routes/1997/startlist,
/api/v1/events/681/result/2,681,full_results_url,"IFSC Climbing Worldcup (L,S) - Xining (CHN) 2011",SPEED Men,finished,2025-10-02 07:18:19 UTC,2026-04-22 10:58:51 UTC,,1740,speed,Final,Men,finished,2024-01-17 07:27:45 UTC,/api/v1/category_rounds/1740/results,speed_elimination_ifsc,IFSC 2021: Elimination,3,,,,,,,1998,B,/api/v1/routes/1998/startlist,
/api/v1/events/681/result/6,681,full_results_url,"IFSC Climbing Worldcup (L,S) - Xining (CHN) 2011",SPEED Women,finished,2025-10-02 07:18:19 UTC,2026-04-22 10:58:55 UTC,,1735,speed,Final,Women,finished,2024-01-17 07:27:46 UTC,/api/v1/category_rounds/1735/results,speed_elimination_ifsc,IFSC 2021: Elimination,3,,,,,,,1999,A,/api/v1/routes/1999/startlist,
/api/v1/events/681/result/6,681,full_results_url,"IFSC Climbing Worldcup (L,S) - Xining (CHN) 2011",SPEED Women,finished,2025-10-02 07:18:19 UTC,2026-04-22 10:58:55 UTC,,1735,speed,Final,Women,finished,2024-01-17 07:27:46 UTC,/api/v1/category_rounds/1735/results,speed_elimination_ifsc,IFSC 2021: Elimination,3,,,,,,,2000,B,/api/v1/routes/2000/startlist,
/api/v1/events/682/result/2,682,full_results_url,"IFSC Climbing Worldcup (L,S) - Changzhi (CHN) 2011",SPEED Men,finished,2025-10-02 07:18:19 UTC,2026-04-22 10:59:05 UTC,,1750,speed,Final,Men,finished,2024-01-17 07:27:48 UTC,/api/v1/category_rounds/1750/results,speed_elimination_ifsc,IFSC 2021: Elimination,3,,,,,,,2001,A,/api/v1/routes/2001/startlist,
/api/v1/events/682/result/2,682,full_results_url,"IFSC Climbing Worldcup (L,S) - Changzhi (CHN) 2011",SPEED Men,finished,2025-10-02 07:18:19 UTC,2026-04-22 10:59:05 UTC,,1750,speed,Final,Men,finished,2024-01-17 07:27:48 UTC,/api/v1/category_rounds/1750/results,speed_elimination_ifsc,IFSC 2021: Elimination,3,,,,,,,2002,B,/api/v1/routes/2002/startlist,
/api/v1/events/682/result/6,682,full_results_url,"IFSC Climbing Worldcup (L,S) - Changzhi (CHN) 2011",SPEED Women,finished,2025-10-02 07:18:19 UTC,2026-04-22 10:59:08 UTC,,1745,speed,Final,Women,finished,2024-01-17 07:27:49 UTC,/api/v1/category_rounds/1745/results,speed_elimination_ifsc,IFSC 2021: Elimination,3,,,,,,,2003,A,/api/v1/routes/2003/startlist,
/api/v1/events/682/result/6,682,full_results_url,"IFSC Climbing Worldcup (L,S) - Changzhi (CHN) 2011",SPEED Women,finished,2025-10-02 07:18:19 UTC,2026-04-22 10:59:08 UTC,,1745,speed,Final,Women,finished,2024-01-17 07:27:49 UTC,/api/v1/category_rounds/1745/results,speed_elimination_ifsc,IFSC 2021: Elimination,3,,,,,,,2004,B,/api/v1/routes/2004/startlist,
