Year,Event Title,Href,Location,Date
1991,UIAA Worldcup - Wien 1991,https://ifsc.results.info/event/100/,O-Wi,25/04/1991 – 26/04/1991
2017,Paraclimbing Master (L) - Imst (AUT) 2017,https://ifsc.results.info/event/1000/,Ims_Paraclimbing_17,08/07/2017 – 09/07/2017
2017,Paraclimbing Cup (L) - Briançon (FRA) 2017,https://ifsc.results.info/event/1001/,WG_2017,21/07/2017 – 23/07/2017
2017,Paraclimbing Cup (L) - Edinburgh (GBR) 2017,https://ifsc.results.info/event/1002/,Edi_Paraclimbing_17,23/09/2017 – 24/09/2017
2017,Paraclimbing Cup (L) - Sheffield (GBR) 2017,https://ifsc.results.info/event/1003/,She_Paraclimbing_17,07/10/2017 – 08/10/2017
2017,Asian Continental Championships - Tehran (IRI) 2017,https://ifsc.results.info/event/1004/,ACH Tehran,18/09/2017 – 21/09/2017
2017,Asia Cup - Wanxianshan (CHN) 2017,https://ifsc.results.info/event/1005/,Asia_Cup_17,27/10/2017 – 29/10/2017
2017,Asia K Climbing Championship - Singapore (SGP) 2017,https://ifsc.results.info/event/1006/,Gravical2017,11/01/2018 – 14/01/2018
2017,Asian Youth Championships - Singapore (SGP) 2017,https://ifsc.results.info/event/1007/,Asian_Youth_Chp_17,05/07/2017 – 09/07/2017
2017,"European Championship (L,S) - Campitello di Fassa (ITA) 2017",https://ifsc.results.info/event/1008/,CAMPECH17,30/06/2017 – 01/07/2017
2017,European Championship (B) - Munich (GER) 2017,https://ifsc.results.info/event/1009/,MunichECH,18/08/2017 – 19/08/2017
1991,UIAA Worldcup - Clusone 1991,https://ifsc.results.info/event/101/,W-Cl,29/08/1991 – 30/08/1991
2017,European Youth Cup (B) - Graz (AUT) 2017,https://ifsc.results.info/event/1010/,EYC_Graz_17,29/04/2017 – 30/04/2017
2017,European Youth Cup (S) - Tarnow (POL) 2017,https://ifsc.results.info/event/1011/,TheRock,20/05/2017
2017,European Youth Cup (B) - Soure (POR) 2017,https://ifsc.results.info/event/1012/,Melloblocco,11/05/2017 – 14/05/2017
2017,European Youth Cup (L) - Imst (AUT) 2017,https://ifsc.results.info/event/1013/,VailWC,09/06/2017 – 10/06/2017
2017,European Youth Cup (L) - Dornbirn (AUT) 2017,https://ifsc.results.info/event/1014/,EYC_AUT_L_17,10/06/2017 – 11/06/2017
2017,European Youth Cup (S) - Bologna (ITA) 2017,https://ifsc.results.info/event/1015/,EYC_ITA_17,17/06/2017
2017,European Youth Cup (L) - Uster (SUI) 2017,https://ifsc.results.info/event/1016/,Millau,29/06/2017 – 02/07/2017
2017,European Youth Cup (B) - L'Argentière (FRA) 2017,https://ifsc.results.info/event/1017/,EYC_Argentiere_17,18/07/2017 – 19/07/2017
2017,European Youth Cup (B) - Sofia (BUL) 2017,https://ifsc.results.info/event/1018/,Sofia,05/08/2017 – 06/08/2017
2017,European Youth Cup (L) - Mitterdorf (AUT) 2017,https://ifsc.results.info/event/1019/,EYC_AUT_L_17,12/08/2017 – 13/08/2017
1991,UIAA Worldcup - Innsbruck 1991,https://ifsc.results.info/event/102/,W-In,19/09/1991 – 20/09/1991
2017,European Youth Cup (S) - Imst (AUT) 2017,https://ifsc.results.info/event/1020/,EYC_AUT_S_17,27/08/2017
2017,European Youth Championships (B) - Slany (CZE) 2017,https://ifsc.results.info/event/1021/,EYCH_Slany_17,15/09/2017 – 16/09/2017
2017,"European Youth Championships (L,S) - Perm (RUS) 2017",https://ifsc.results.info/event/1022/,EYCH_Perm_17,28/09/2017 – 01/10/2017
2017,European Youth Championship Combined (Youth A) - Saint-Etienne (FRA) 2017,https://ifsc.results.info/event/1023/,EYCH_St.Etienne_2017,25/11/2017 – 26/11/2017
2017,"PanAmerican Youth Championship (L, S, B) - Montreal (CAN) 2017",https://ifsc.results.info/event/1024/,PAC Montreal,30/10/2017 – 05/11/2017
2017,PanAmerican Youth Championship Combined - Montreal (CAN) 2017,https://ifsc.results.info/event/1025/,PAC Montreal Comb,29/10/2017 – 30/10/2017
2017,"Oceania Continental Championships & Oceania Youth Championships (L,S,B) - Noumea (FRA) 2017",https://ifsc.results.info/event/1026/,Oceania Championship,12/10/2017 – 15/10/2017
2017,3rd CISM World Winter Games - Sochi (RUS) 2017,https://ifsc.results.info/event/1027/,CISM2017,22/02/2017 – 27/02/2017
2017,The World Games 2017 - Wroclaw (POL) 2017,https://ifsc.results.info/event/1028/,Bri_Paraclimbing_17,26/07/2017
2017,"African Youth A YOG - Johannesburg, Gauteng (RSA) 2017",https://ifsc.results.info/event/1029/,YOG17,07/12/2017 – 08/12/2017
1991,UIAA World Championship - Frankfurt 1991,https://ifsc.results.info/event/103/,WM-F,01/10/1991 – 02/10/1991
2017,Promotional Event Kailas x Just Climb Cup (B) - Hong Kong (HKG) 2017,https://ifsc.results.info/event/1030/,KranjWC,26/11/2016 – 27/11/2016
2017,Promotional Event Gravical (B) - Singapore (SGP) 2017,https://ifsc.results.info/event/1031/,XiamenWC,22/10/2016 – 23/10/2016
2017,Promo Event - The Climbing Works International Festival (B) - Sheffield (GBR) 2017,https://ifsc.results.info/event/1032/,Promo Sheffield,18/03/2017 – 19/03/2017
2017,Master Event - Studio Bloc Masters 2017 - Pfungstadt (GER) 2017,https://ifsc.results.info/event/1033/,Studio Bloc Masters,25/03/2017 – 26/03/2017
2017,Promotional Event - Melloblocco (ITA) 2017,https://ifsc.results.info/event/1034/,EYC_POL_17,12/05/2017 – 13/05/2017
2017,Promo Event - The Rock Ljubljana (B) - (SLO) 2017,https://ifsc.results.info/event/1035/,Montpellier2017,24/05/2017 – 28/05/2017
2017,Promotional Event (B) - Climbing Boulder Montpellier (FRA) 2017,https://ifsc.results.info/event/1036/,EYC_POR_17,20/05/2017 – 21/05/2017
2017,Asia Sports For All Pumpfest - Singapore (SGP) 2017,https://ifsc.results.info/event/1037/,SportsForAll2017,15/06/2017 – 18/06/2017
2017,Promo Event - Millau Natural Games (B) - (FRA) 2017,https://ifsc.results.info/event/1038/,EYC_AUT_L_17,24/06/2017 – 25/06/2017
2017,"Intl. Youth Event - Petzen Climbing Trophy (L, S, B) - Petzen (AUT) 2017",https://ifsc.results.info/event/1039/,VillarsWC,07/07/2017 – 08/07/2017
1991,UIAA Worldcup - Tokio 1991,https://ifsc.results.info/event/104/,W-To,15/10/1991 – 16/10/1991
2017,Intl. Event - Rock Junior - Arco (ITA) 2017,https://ifsc.results.info/event/1040/,ArcoWC,25/08/2017 – 26/08/2017
2017,"Intl. Event (L, B) - ROCKMASTER - Arco (ITA) 2017",https://ifsc.results.info/event/1041/,Arco_RJ_2016,24/08/2017 – 27/08/2017
2017,Promotional Event Bouldering Championship - Bangalore (IND) 2017,https://ifsc.results.info/event/1042/,WYCH Innsbruck,30/08/2017 – 10/09/2017
2017,Master Event - Adidas Rockstars (B) - Stuttgart (GER) 2017,https://ifsc.results.info/event/1043/,Adidas Rockstars 17,15/09/2017 – 16/09/2017
2017,Promotional Event - 24 heures du mur (L) - Oloron Sainte Marie (FRA) 2017,https://ifsc.results.info/event/1044/,Oloron 2017,30/09/2017 – 01/10/2017
2017,China Open Qualification - Guangzhou (CHN) 2017,https://ifsc.results.info/event/1045/,China_Open_17,17/11/2017
2017,China Open - Guangzhou (CHN) 2017,https://ifsc.results.info/event/1046/,China_Open_17,18/11/2017 – 19/11/2017
2018,IFSC Climbing Worldcup (B) - Meiringen (SUI) 2018,https://ifsc.results.info/event/1047/,MeiringenWC,13/04/2018 – 14/04/2018
2018,"IFSC Climbing Worldcup (B,S) - Moscow (RUS) 2018",https://ifsc.results.info/event/1048/,MoscowWC,21/04/2018 – 22/04/2018
2018,"IFSC Climbing Worldcup (B,S) - Chongqing (CHN) 2018",https://ifsc.results.info/event/1049/,EYC_Graz_18,28/04/2018 – 29/04/2018
1991,UIAA Worldcup - Nürnberg 1991,https://ifsc.results.info/event/105/,W-Nü,30/10/1991 – 31/10/1991
2018,"IFSC Climbing Worldcup (B,S) - Tai'an (CHN) 2018",https://ifsc.results.info/event/1050/,TaianWC,12/05/2018 – 13/05/2018
2018,IFSC Climbing Worldcup (B) - Hachioji (JPN) 2018,https://ifsc.results.info/event/1051/,TokyoWC,02/06/2018 – 03/06/2018
2018,IFSC Climbing Worldcup (B) - Vail (USA) 2018,https://ifsc.results.info/event/1052/,Asia_Cup_18,15/06/2018 – 17/06/2018
2018,"IFSC Climbing Worldcup (L,S) - Villars (SUI) 2018",https://ifsc.results.info/event/1053/,Ims_Paraclimbing_18,07/07/2018 – 08/07/2018
2018,"IFSC Climbing Worldcup (L,S) - Chamonix (FRA) 2018",https://ifsc.results.info/event/1054/,EYC_L_MUN,07/07/2018 – 08/07/2018
2018,IFSC Climbing Worldcup (L) - Briançon (FRA) 2018,https://ifsc.results.info/event/1055/,Bri_Paraclimbing_18,18/07/2018
2018,"IFSC Climbing Worldcup (L,S) - Arco (ITA) 2018",https://ifsc.results.info/event/1056/,MunichWC,17/08/2018 – 18/08/2018
2018,IFSC Climbing Worldcup (B) - Munich (GER) 2018,https://ifsc.results.info/event/1057/,WYCH Central Saanich,09/08/2018 – 16/08/2018
2018,IFSC Climbing Worldcup (L) - Kranj (SLO) 2018,https://ifsc.results.info/event/1058/,KranjWC,29/09/2018 – 30/09/2018
2018,"IFSC Climbing Worldcup (L,S) - Wujiang (CHN) 2018",https://ifsc.results.info/event/1059/,Wujiang,20/10/2018 – 21/10/2018
1991,UIAA Worldcup - Birmingham 1991,https://ifsc.results.info/event/106/,W-Bi,04/12/1991 – 05/12/1991
2018,"IFSC Climbing Worldcup (L,S) - Xiamen (CHN) 2018",https://ifsc.results.info/event/1060/,XiamenWC,27/10/2018 – 28/10/2018
2018,IFSC Climbing World Championships - Innsbruck (AUT) 2018,https://ifsc.results.info/event/1061/,WCH Innsbruck,06/09/2018 – 16/09/2018
2018,IFSC Climbing World Championships Combined - Innsbruck (AUT) 2018,https://ifsc.results.info/event/1062/,WCH Combined,15/09/2018 – 16/09/2018
2018,IFSC Youth World Championships - Moscow (RUS) 2018,https://ifsc.results.info/event/1063/,ArcoWC,27/07/2018 – 28/07/2018
2018,IFSC Paraclimbing World Championships - Innsbruck (AUT) 2018,https://ifsc.results.info/event/1064/,Paraclimbing_WCH_18,10/09/2018 – 16/09/2018
2018,Paraclimbing Master (L) - Imst (AUT) 2018,https://ifsc.results.info/event/1065/,VillarsWC,06/07/2018 – 07/07/2018
2018,Paraclimbing Cup (L) - Briançon (FRA) 2018,https://ifsc.results.info/event/1066/,ChamonixWC,11/07/2018 – 13/07/2018
2018,Asia Cup (B) - Hong Kong (HKG) 2018,https://ifsc.results.info/event/1067/,Asia_Cup_18,10/03/2018 – 11/03/2018
2018,"Asia Cup (B,S) - Bangkok (THA) 2018",https://ifsc.results.info/event/1068/,VailWC,08/06/2018 – 09/06/2018
2018,Asian Championships - Kurayoshi (JPN) 2018,https://ifsc.results.info/event/1069/,Asian_Youth_Chp_18,01/11/2018 – 04/11/2018
1991,"Weltcup Open, Innsbruck 1991",https://ifsc.results.info/event/107/,O-In,19/09/1991 – 20/09/1991
2018,Asian Championships Combined - Kurayoshi (JPN) 2018,https://ifsc.results.info/event/1070/,China_Open_18,16/11/2018 – 18/11/2018
2018,Asia K Climbing Championship - Krabi/Bangkok (THA) 2018,https://ifsc.results.info/event/1071/,CISM2018,27/11/2018 – 03/12/2018
2018,Asian Youth Championships - Chongqing (CHN) 2018,https://ifsc.results.info/event/1072/,ACH Kurayoshi,07/11/2018 – 11/11/2018
2018,"European Youth Cup (L,S) - Voiron (FRA) 2018",https://ifsc.results.info/event/1073/,EYC_FRA_18,07/04/2018 – 08/04/2018
2018,European Youth Cup (B) - Graz (AUT) 2018,https://ifsc.results.info/event/1074/,EYC_POR_18,05/05/2018 – 06/05/2018
2018,European Youth Cup (B) - Soure (POR) 2018,https://ifsc.results.info/event/1075/,ChongqingWC,05/05/2018 – 06/05/2018
2018,European Youth Cup (S) - Bologna (ITA) 2018,https://ifsc.results.info/event/1076/,Rock Ljubj Masters,19/05/2018 – 20/05/2018
2018,"European Youth Championship (L, S) - Imst 2018",https://ifsc.results.info/event/1077/,EYCH_AUT_18,25/05/2018 – 27/05/2018
2018,European Youth Cup (B) - Delft (NED) 2018,https://ifsc.results.info/event/1078/,UCH18,20/06/2018 – 23/06/2018
2018,European Youth Cup (L) - Bruneck (ITA) 2018,https://ifsc.results.info/event/1079/,EYC_NED_18,02/06/2018 – 03/06/2018
1991,"Weltcup Open, Wien 1991",https://ifsc.results.info/event/108/,O-Cl,19/08/1991 – 20/08/1991
2018,European Youth Cup (S) - Mezzolombardo (ITA) 2018,https://ifsc.results.info/event/1080/,Petzen,06/07/2018 – 08/07/2018
2018,European Youth Cup (L) - Uster (SUI) 2018,https://ifsc.results.info/event/1081/,EYC_L_SUI,30/06/2018 – 01/07/2018
2018,European Youth Cup (L) - Munich (GER) 2018,https://ifsc.results.info/event/1082/,Promo Ningbo 2018,14/07/2018 – 15/07/2018
2018,European Youth Cup (B) - Sofia (BUL) 2018,https://ifsc.results.info/event/1083/,TAB 2014,25/07/2018 – 28/07/2018
2018,European Youth Championships (B) - Brussels (BEL) 2018,https://ifsc.results.info/event/1084/,Promo Arnhem 2018,08/09/2018 – 09/09/2018
2018,"IFSC PanAmerican Championship (L, S, B, C) - Guayaquil (ECU) 2018",https://ifsc.results.info/event/1085/,Promo Ningbo 2018,24/11/2018 – 25/11/2018
2018,Asian Games 2018 - Jakarta Palembang (INA) 2018 - Climbing period,https://ifsc.results.info/event/1086/,AG_2018,22/08/2018 – 28/08/2018
2018,World University Championships - Bratislava (SVK) 2018,https://ifsc.results.info/event/1088/,EYC_ITA_18,16/06/2018 – 17/06/2018
2018,CISM Climbing Indoor World Military Championships - Moscow (RUS) 2018,https://ifsc.results.info/event/1089/,China_Open_Q,15/11/2018 – 17/11/2018
1991,"Weltcup Open, Tokio 1991",https://ifsc.results.info/event/109/,O-To,15/10/1991 – 16/10/1991
2018,Promotional Event Gravical (B) - Singapore (SGP) 2018,https://ifsc.results.info/event/1090/,ACH Singapore,16/12/2017 – 17/12/2017
2018,Promo Event - The Climbing Works International Festival (B) - Sheffield (GBR) 2018,https://ifsc.results.info/event/1091/,Promo Sheffield,10/03/2018 – 11/03/2018
2018,International Climbing Series - Studio Bloc Masters 2018 - Pfungstadt (GER) 2018,https://ifsc.results.info/event/1092/,Studio Bloc Masters,17/03/2018 – 18/03/2018
2018,Promo Event - Delfts Bleau International Youth Open - Delft (NED) 2018,https://ifsc.results.info/event/1093/,FISE Hiroshima 2018,06/04/2018 – 08/04/2018
2018,International Climbing Series - FISE World Series Hiroshima 2018,https://ifsc.results.info/event/1094/,Promo Delft,31/03/2018 – 01/04/2018
2018,"International Climbing Series - Outdoor Village Speed Stars - Akishima, Tokyo (JPN) 2018",https://ifsc.results.info/event/1095/,Speed Stars 2018,28/04/2018 – 29/04/2018
2018,Asia Sport For All R.O.X. Zero Gravity (B) - Manila (PHI) 2018,https://ifsc.results.info/event/1096/,SportForAll2018,19/05/2018 – 20/05/2018
2018,International Climbing Series - Triglav The Rock Ljubljana (SLO) 2018,https://ifsc.results.info/event/1097/,EYC_ITA_18,12/05/2018 – 13/05/2018
2018,Promo Event - International Climbing Elite Tournament (L + S) - Ningbo (CHN) 2018,https://ifsc.results.info/event/1098/,YCCF_18,02/06/2018 – 03/06/2018
2018,Promo Event - Youth Color Climbing Festival (under 14) - Imst (AUT) 2018,https://ifsc.results.info/event/1099/,Promo Ningbo 2018,26/05/2018 – 27/05/2018
1991,"Weltcup Open, Nürnberg 1991",https://ifsc.results.info/event/110/,O-Nü,30/10/1991 – 31/10/1991
2018,"Promo Event - Youth Petzen Climbing Trophy (L, S, B) - Petzen (AUT) 2018",https://ifsc.results.info/event/1100/,EYC_ITA_18,22/06/2018 – 24/06/2018
2018,Promo Event - International Climbing Elite Tournament (L + S) - Delingha(CHN) 2018,https://ifsc.results.info/event/1101/,BriançonWC,20/07/2018 – 21/07/2018
2018,Promotional Event - Tout à Bloc (B) - L'Argentière la Bessée (FRA) 2018,https://ifsc.results.info/event/1102/,Sofia,21/07/2018 – 22/07/2018
2018,Promotional Youth Event - Flatlander Cup - Arnhem (NED) 2018,https://ifsc.results.info/event/1103/,EYCH_Brussels_18,31/08/2018 – 02/09/2018
2018,International Climbing Series - Adidas Rockstars (B) - Stuttgart (GER) 2018,https://ifsc.results.info/event/1104/,Adidas Rockstars 18,21/09/2018 – 22/09/2018
2018,Promo Event - International Climbing Elite Tournament (L+S) - Anshun (CHN) 2018,https://ifsc.results.info/event/1105/,Promo Ningbo 2018,21/09/2018 – 22/09/2018
2018,International Climbing Series - Les 24 Heures du Mur (L) - Oloron Sainte Marie (FRA) 2018,https://ifsc.results.info/event/1106/,Adidas Rockstars 18,06/10/2018 – 07/10/2018
2018,Promo Event - International Climbing Elite Tournament (L+S) - Huai’an (CHN) 2018,https://ifsc.results.info/event/1107/,Promo Ningbo 2018,09/10/2018 – 10/10/2018
2018,Promo Event - International Climbing Elite Tournament (L+S) - Wanxianshan (CHN) 2018,https://ifsc.results.info/event/1108/,Promo Ningbo 2018,13/10/2018 – 14/10/2018
2018,International Climbing Series - China Open Semifinals & Finals - Guanzhou (CHN) 2018,https://ifsc.results.info/event/1109/,ACH Kurayoshi comb,11/11/2018
1991,"Weltcup Open, Birmingham 1991",https://ifsc.results.info/event/111/,O-Bi,04/12/1991 – 05/12/1991
2018,International Climbing Series - China Open - Guangzhou (CHN) 2018,https://ifsc.results.info/event/1110/,PAC Guayaquil,21/11/2018 – 26/11/2018
2018,Promo Event - International Climbing Elite Tournament (L+S) - Leye (CHN) 2018,https://ifsc.results.info/event/1111/,ACH_K_Bangkok,07/12/2018 – 09/12/2018
2019,IFSC Climbing Worldcup (B) - Meiringen (SUI) 2019,https://ifsc.results.info/event/1112/,Promo Delft,30/03/2019 – 31/03/2019
2019,"IFSC Climbing Worldcup (B,S) - Moscow (RUS) 2019",https://ifsc.results.info/event/1113/,MoscowWC,12/04/2019 – 14/04/2019
2019,"IFSC Climbing Worldcup (B,S) - Chongqing (CHN) 2019",https://ifsc.results.info/event/1114/,ChongqingWC,26/04/2019 – 28/04/2019
2019,"IFSC Climbing Worldcup (B,S) - Wujiang (CHN) 2019",https://ifsc.results.info/event/1115/,WujiangWC,03/05/2019 – 05/05/2019
2019,IFSC Climbing Worldcup (B) - Munich (GER) 2019,https://ifsc.results.info/event/1116/,ISF19,18/05/2019 – 24/05/2019
2019,IFSC Climbing Worldcup (B) - Vail (USA) 2019,https://ifsc.results.info/event/1117/,VailWC,07/06/2019 – 08/06/2019
2019,"IFSC Climbing Worldcup (L, S) - Villars (SUI) 2019",https://ifsc.results.info/event/1118/,Petzen19,05/07/2019 – 07/07/2019
2019,"IFSC Climbing Worldcup (L, S) - Chamonix (FRA) 2019",https://ifsc.results.info/event/1119/,VillarsWC,04/07/2019 – 06/07/2019
1991,"Weltcup Open, Clusone 1991",https://ifsc.results.info/event/112/,W-Wi,25/04/1991 – 26/04/1991
2019,IFSC Climbing Worldcup (L) - Briançon (FRA) 2019,https://ifsc.results.info/event/1120/,BriançonWC,19/07/2019 – 20/07/2019
2019,IFSC Climbing World Championships - Hachioji (JPN) 2019,https://ifsc.results.info/event/1121/,PolandECH,05/09/2019 – 07/09/2019
2019,IFSC Climbing World Championships Combined - Hachioji (JPN) 2019,https://ifsc.results.info/event/1122/,WCH Combined,18/08/2019 – 21/08/2019
2019,IFSC Climbing Worldcup (L) - Kranj (SLO) 2019,https://ifsc.results.info/event/1123/,EYCH_Brixen_19,20/09/2019 – 22/09/2019
2019,"IFSC Climbing Worldcup (L, S) - Xiamen (CHN) 2019",https://ifsc.results.info/event/1124/,China_Open_19,31/10/2019 – 03/11/2019
2019,IFSC Climbing Worldcup (L) - Inzai (JPN) 2019,https://ifsc.results.info/event/1125/,XiamenWC,18/10/2019 – 20/10/2019
2019,IFSC Youth World Championships - Arco (ITA) 2019,https://ifsc.results.info/event/1126/,ACH_K_Bangkok,16/08/2019 – 18/08/2019
2019,Paraclimbing Master (L) - Imst (AUT) 2019,https://ifsc.results.info/event/1127/,Ostermundigen,22/06/2019 – 23/06/2019
2019,IFSC Paraclimbing World Championships - Briançon (FRA) 2019,https://ifsc.results.info/event/1128/,EUC19,17/07/2019 – 20/07/2019
2019,Paraclimbing Open (L) - Sittard (NED) 2019,https://ifsc.results.info/event/1129/,WCH Combined,28/11/2019 – 01/12/2019
1992,UIAA Worldcup - Zürich 1992,https://ifsc.results.info/event/113/,J-WM,26/02/1992 – 27/02/1992
2019,"Asia K Climbing Championship - Huairou, Beijing (CHN) 2019",https://ifsc.results.info/event/1130/,WCH Hachioji,11/08/2019 – 21/08/2019
2019,Asian Championships - Bogor (INA) 2019,https://ifsc.results.info/event/1131/,EYCH_Voronezh_19,18/10/2019 – 20/10/2019
2019,Asian Combined Youth Championships - Chongqing (CHN) 2019,https://ifsc.results.info/event/1132/,Sit_Paraclimbing_19,09/11/2019
2019,Asian Youth Championships - Bengaluru (IND) 2019,https://ifsc.results.info/event/1133/,Los Angeles (USA),24/02/2020 – 01/03/2020
2019,"IFSC European Cup (B,S) - Innsbruck (AUT) 2019",https://ifsc.results.info/event/1134/,Inns19,02/05/2019 – 04/05/2019
2019,European Championship (B) - Zakopane (POL) 2019,https://ifsc.results.info/event/1135/,YWCH Arco,22/08/2019 – 31/08/2019
2019,"European Championship (L,S) - Edinburgh (GBR) 2019",https://ifsc.results.info/event/1136/,KranjWC,28/09/2019 – 29/09/2019
2019,European Youth Cup (B) - Soure (POR) 2019,https://ifsc.results.info/event/1137/,Soure,27/04/2019 – 28/04/2019
2019,European Youth Cup (B) - Graz (AUT) 2019,https://ifsc.results.info/event/1138/,Graz,11/05/2019 – 12/05/2019
2019,European Youth Cup (S) - Mezzolombardo (ITA) 2019,https://ifsc.results.info/event/1139/,Mazzolombardo,18/05/2019
1992,UIAA Worldcup - Kobe 1992,https://ifsc.results.info/event/114/,W-Ko,07/10/1992 – 08/10/1992
2019,European Youth Cup (B) - Sofia (BUL) 2019,https://ifsc.results.info/event/1140/,Sofia,25/05/2019 – 26/05/2019
2019,European Youth Cup (L) - Ostermundigen (SUI) 2019,https://ifsc.results.info/event/1141/,Ims_Paraclimbing_19,29/06/2019 – 30/06/2019
2019,European Youth Cup (L) - St. Pierre Faucigny (FRA) 2019,https://ifsc.results.info/event/1142/,St. Pierre Faucigny,29/06/2019 – 30/06/2019
2019,European Youth Cup (S) - Tarnow (POL) 2019,https://ifsc.results.info/event/1143/,Tarnow,19/07/2019 – 20/07/2019
2019,"European Youth Cup (S,L) - Imst (AUT) 2019",https://ifsc.results.info/event/1144/,Imst,02/08/2019 – 04/08/2019
2019,European Youth Championships (B) - Brixen (ITA) 2019,https://ifsc.results.info/event/1145/,BG19,13/10/2019 – 14/10/2019
2019,"European Youth Championships (L,S) - Voronezh (RUS) 2019",https://ifsc.results.info/event/1146/,InzaiWC,26/10/2019 – 27/10/2019
2019,"PanAmerican Youth Championships (L, S, B) - Ibarra (ECU) 2019",https://ifsc.results.info/event/1147/,PAC Ibarra,07/12/2019 – 12/12/2019
2019,PanAmerican Youth Championships Combined - Ibarra (ECU) 2019,https://ifsc.results.info/event/1148/,PAC Ibarra,03/12/2019 – 08/12/2019
2019,ANOC World Beach Games (B) - Doha (QAT),https://ifsc.results.info/event/1149/,EdinCH19,04/10/2019 – 06/10/2019
1992,UIAA Worldcup - Nürnberg 1992,https://ifsc.results.info/event/115/,W-Nü,29/10/1992 – 30/10/1992
2019,ISF World Schools Championships Climbing - Aubenas (FRA) 2019,https://ifsc.results.info/event/1150/,MunichWC,18/05/2019 – 19/05/2019
2019,European Universities Sport Climbing Championship - Katowice (POL) 2019,https://ifsc.results.info/event/1151/,Paraclimbing_WCH_1,16/07/2019 – 17/07/2019
2019,IFSC Combined Qualifier - Toulouse/Tournefeuille (FRA) 2019,https://ifsc.results.info/event/1152/,Asian_Youth_Chp_18,14/11/2019 – 17/11/2019
2019,International Climbing Series - Studio Bloc Masters 2019 - Pfungstadt (GER) 2019,https://ifsc.results.info/event/1153/,Studio Bloc Masters,23/03/2019 – 24/03/2019
2019,Promo Event - Delfts Bleau International Youth Open - Delft (NED) 2019,https://ifsc.results.info/event/1154/,FISE Hiroshima 2019,19/04/2019 – 21/04/2019
2019,International Climbing Series - FISE World Series Hiroshima 2019,https://ifsc.results.info/event/1155/,MeiringenWC,05/04/2019 – 06/04/2019
2019,"International Climbing Series - Outdoor Village Speed Stars - Akishima, Tokyo (JPN) 2019",https://ifsc.results.info/event/1156/,Speed Stars 2019,12/05/2019
2019,International Climbing Series - Triglav The Rock Ljubljana (SLO) 2019,https://ifsc.results.info/event/1157/,Rock Ljubj Masters,24/05/2019 – 25/05/2019
2019,Promo Event - Youth Color Climbing Festival (under 14) - Imst (AUT) 2019,https://ifsc.results.info/event/1158/,YCCF_19,01/06/2019 – 02/06/2019
2019,"Promo Event - Youth Petzen Climbing Trophy (L, S, B) - Petzen (AUT) 2019",https://ifsc.results.info/event/1159/,ChamonixWC,11/07/2019 – 13/07/2019
1992,UIAA Worldcup - St. Pölten 1992,https://ifsc.results.info/event/116/,W-La,19/11/1992 – 20/11/1992
2019,Promotional Youth Event - Flatlander Cup - Arnhem (NED) 2019,https://ifsc.results.info/event/1160/,Promo Arnhem 2019,13/07/2019 – 14/07/2019
2019,International Climbing Series - Adidas Rockstars (B) - Stuttgart (GER) 2019,https://ifsc.results.info/event/1161/,Adidas Rockstars 19,13/09/2019 – 14/09/2019
2019,International Climbing Series - China Open - Guangzhou (CHN) 2019,https://ifsc.results.info/event/1162/,ACH Palembang,06/11/2019 – 10/11/2019
2016,"IFSC Climbing Worldcup (L, S) - Xiamen (CHN) 2016",https://ifsc.results.info/event/1163/,WYCH Guangzhou,07/11/2016 – 13/11/2016
2017,IFSC Climbing Worldcup (L) - Chamonix (FRA) 2017,https://ifsc.results.info/event/1164/,ChamonixWC,12/07/2017 – 13/07/2017
2017,IFSC Climbing Worldcup (L) - Briançon (FRA) 2017,https://ifsc.results.info/event/1165/,BriançonWC,28/07/2017 – 29/07/2017
2020,"IFSC Europe - Continental Championships (B,S,L,C) - Moscow (RUS) 2020",https://ifsc.results.info/event/1166/,Moscow (RUS),21/11/2020 – 29/11/2020
2020,IFSC Oceania - Continental Championships (C) - Sydney (AUS) 2020,https://ifsc.results.info/event/1167/,Sydney (AUS),19/12/2020 – 20/12/2020
2020,IFSC Africa - Continental Championships (C) - Cape Town (RSA) 2020,https://ifsc.results.info/event/1168/,Cape Town (RSA),17/12/2020 – 20/12/2020
2020,"Promo Event - Youth Petzen Climbing Trophy (L, S, B) - Petzen (AUT) 2020",https://ifsc.results.info/event/1169/,Petzen (AUT),10/07/2020 – 12/07/2020
1992,UIAA Worldcup - Laval 1992,https://ifsc.results.info/event/117/,W-Pö,13/11/1992 – 14/11/1992
1999,UIAA Worldcup - Leipzig (GER) 1999,https://ifsc.results.info/event/1170/,W-Leipzig,27/05/1999 – 28/05/1999
2020,IFSC Pan Am - Pre Qualifying event (C) - Los Angeles (USA) 2020,https://ifsc.results.info/event/1171/,Los Angeles (USA),25/02/2020 – 26/02/2020
2020,International Climbing Series - FISE World Series - Hiroshima (JPN) 2020 - POSTPONED,https://ifsc.results.info/event/1172/,Ljubljana (SLO),15/05/2020 – 16/05/2020
2020,International Climbing Series - Studio Bloc Masters - Pfungstadt (GER) 2020,https://ifsc.results.info/event/1173/,Pfungstadt (GER),07/03/2020 – 08/03/2020
2020,Promo Event - Delfts Bleau International Youth Open - Delft (NED) 2020 - POSTPONED,https://ifsc.results.info/event/1174/,Delft (NED),28/03/2020 – 29/03/2020
2020,International Climbing Series - Triglav The Rock - Ljubljana (SLO) 2020,https://ifsc.results.info/event/1175/,Innsbruck (AUT),23/06/2020 – 25/06/2020
2020,Olympic Games - Sport Climbing combined event -Tokyo (JPN) 2020,https://ifsc.results.info/event/1176/,Tokyo (JPN),04/08/2020 – 07/08/2020
2020,"IFSC Youth - World Championships (B,S,L) - Voronezh (RUS) 2020 - CANCELLED",https://ifsc.results.info/event/1177/,Voronezh (RUS),23/08/2020 – 31/08/2020
2020,FISU World University Championships - Torino (ITA) 2020 - CANCELLED,https://ifsc.results.info/event/1178/,Torino (ITA),17/09/2020 – 20/09/2020
1992,UIAA Worldcup - Birmingham 1992,https://ifsc.results.info/event/118/,W-Bi,10/12/1992 – 11/12/1992
2020,IFSC Europe - Continental Youth Cup (L) - Augsburg (GER) 2020,https://ifsc.results.info/event/1181/,Augsburg (GER),17/09/2020 – 18/09/2020
2020,IFSC Connected Speed Knockout presented by Japan Airlines,https://ifsc.results.info/event/1183/,Torino (ITA),02/08/2020
2020,IFSC Europe - Continental Cup - Voronezh (RUS) - CANCELLED,https://ifsc.results.info/event/1184/,Voronezh (RUS),04/12/2020 – 06/12/2020
2021,"IFSC - Climbing World Championships (B,L,S) - Moscow 2021",https://ifsc.results.info/event/1185/,Arco (ITA),28/08/2021
2021,"IFSC - Climbing Youth World Championships (B,L,S) - Voronezh (RUS) 2021",https://ifsc.results.info/event/1186/,Voronezh (RUS),21/08/2021 – 31/08/2021
2021,IFSC - Climbing World Cup (B) - Meiringen (SUI) 2021,https://ifsc.results.info/event/1187/,Perm (RUS),01/05/2021 – 05/05/2021
2021,"IFSC - Climbing World Cup (B,S) - Seoul (KOR) 2021 - CANCELLED",https://ifsc.results.info/event/1189/,Moscow (CFR),16/09/2021 – 21/09/2021
1992,UIAA Youth Worldchampionship - Basel 1992,https://ifsc.results.info/event/119/,W-Zü,30/04/1992 – 01/05/1992
2021,IFSC - Climbing World Cup (B) - Salt Lake City (USA) 2021,https://ifsc.results.info/event/1190/,Salt Lake City (USA),28/05/2021 – 30/05/2021
2021,"IFSC - Climbing World Cup (B,S) - Salt Lake City (USA) 2021",https://ifsc.results.info/event/1192/,Salt Lake City (USA),21/05/2021 – 22/05/2021
2021,"IFSC - Climbing World Cup (B,L) - Innsbruck (AUT) 2021",https://ifsc.results.info/event/1193/,Innsbruck (AUT),23/06/2021
2021,"IFSC - Climbing World Cup (L,S) - Villars (SUI) 2021",https://ifsc.results.info/event/1194/,Gaflenz (AUT),27/06/2021
2021,IFSC - Climbing World Cup (L) - Chamonix (FRA) 2021,https://ifsc.results.info/event/1195/,"Puurs (BEL) – Klimax, Puurs-Sint-Amands, Belgium",02/07/2021 – 04/07/2021
2021,IFSC - Climbing World Cup (L) - Briançon (FRA) 2021,https://ifsc.results.info/event/1196/,Briançon (FRA),17/07/2021 – 18/07/2021
2021,IFSC - Climbing World Cup (L) - Kranj (SLO) 2021,https://ifsc.results.info/event/1197/,Seoul (KOR),01/10/2021 – 03/10/2021
1992,UIAA European Championship - Frankfurt 1992,https://ifsc.results.info/event/120/,EM-F,17/09/1992 – 18/09/1992
2020,IFSC Europe - Continental Youth Cup (S) - Tarnow (POL),https://ifsc.results.info/event/1200/,Perm (RUS),22/10/2020 – 28/10/2020
2021,IFSC Europe - Continental Cup (B) - Klagenfurt (AUT) 2021,https://ifsc.results.info/event/1205/,Klagenfurt (AUT) – Klagenfurt,10/04/2021 – 11/04/2021
2021,IFSC Europe - Continental Cup (B) - Belgrad (SRB) 2021 - CANCELLED,https://ifsc.results.info/event/1206/,Belgrad (SRB),29/05/2021 – 30/05/2021
2021,IFSC Europe - Continental Cup (B) - Krakow (POL) 2021,https://ifsc.results.info/event/1207/,Tokyo (JPN),03/08/2021 – 06/08/2021
2021,IFSC Europe - Continental Cup (S) - Innsbruck (AUT) 2021,https://ifsc.results.info/event/1208/,Gaflenz (AUT),27/06/2021
2021,IFSC Europe - Continental Cup (S) - Gaflenz (AUT) 2021,https://ifsc.results.info/event/1209/,Innsbruck (AUT),23/06/2021 – 26/06/2021
1992,Masters Chambery 1992,https://ifsc.results.info/event/121/,M-Ch,29/01/1992 – 30/01/1992
2021,"IFSC Europe - Continental Cup (L,S) - Laval (FRA) 2021",https://ifsc.results.info/event/1210/,United States (USA),09/10/2021 – 10/10/2021
2021,"IFSC Europe - Continental Cup (L,S) - Tyumen (RUS) 2021 - CANCELLED",https://ifsc.results.info/event/1211/,Laval (FRA),22/10/2021 – 24/10/2021
2021,IFSC Europe - Continental Youth Cup (B) - Soure (POR) 2021,https://ifsc.results.info/event/1212/,Soure (POR),09/10/2021 – 10/10/2021
2021,IFSC Europe - Continental Youth Cup (B) - Graz (AUT) 2021,https://ifsc.results.info/event/1213/,Graz (AUT),14/05/2021 – 16/05/2021
2021,IFSC Europe - Continental Youth Cup (S) - Bochum (GER) 2021,https://ifsc.results.info/event/1214/,Bochum (GER),04/06/2021
2021,"IFSC Europe - Continental Youth Cup (L,S) - Imst (AUT) 2021",https://ifsc.results.info/event/1215/,Imst (AUT),11/06/2021 – 13/06/2021
2021,IFSC Europe - Continental Youth Cup (L) - Ostermundigen (SUI),https://ifsc.results.info/event/1216/,Ostermundigen (SUI),19/06/2021 – 20/06/2021
2021,IFSC Europe - Continental Youth Cup (S) - Gaflenz (AUT),https://ifsc.results.info/event/1217/,Villars (SUI),01/07/2021 – 03/07/2021
2021,"IFSC Europe - Continental Youth Cup (L,S) - Puurs (BEL) 2021",https://ifsc.results.info/event/1218/,Chamonix (FRA),12/07/2021 – 13/07/2021
2021,IFSC Europe - Continental Youth Cup (L) - Veliko Tarnovo (BUL) 2021,https://ifsc.results.info/event/1219/,Veliko Tarnovo (BUL),24/07/2021 – 25/07/2021
1992,Masters Serre Chevalier 1992,https://ifsc.results.info/event/122/,M-Ar,31/08/1992 – 01/09/1992
2021,"IFSC Europe - Continental Youth Cup (L,S) - Zilina (SVK) 2021",https://ifsc.results.info/event/1220/,Krakow (POL),07/08/2021 – 08/08/2021
2021,"IFSC Europe - Continental Youth Championships (B,S,L) - Perm (RUS)",https://ifsc.results.info/event/1221/,Meiringen (SUI),16/04/2021 – 17/04/2021
2021,IFSC - Paraclimbing World Cup (L) - Innsbruck (AUT) 2021,https://ifsc.results.info/event/1222/,Innsbruck (AUT) – Innsbruck,22/06/2021 – 24/06/2021
2021,IFSC - Paraclimbing World Cup (L) - Briançon (FRA) 2021,https://ifsc.results.info/event/1223/,Briançon (FRA) – Briançon,15/07/2021
2021,IFSC - Paraclimbing World Cup (L) - Los Angeles (USA) 2021,https://ifsc.results.info/event/1224/,Tyumen (RUS),05/11/2021 – 07/11/2021
2021,IFSC - Paraclimbing World Championships (L) - Moscow 2021,https://ifsc.results.info/event/1225/,Moscow (CFR) – Moscow,15/09/2021 – 17/09/2021
2021,"Asian Youth Games (L,S) - Shantou (CHN) 2021",https://ifsc.results.info/event/1226/,Shantou (CHN),20/11/2021 – 28/11/2021
2021,Olympic Games (C) - Tokyo (JPN) 2020,https://ifsc.results.info/event/1227/,Zilina (SVK),29/07/2021 – 31/07/2021
2021,International Climbing Series - Rock Master - Arco (ITA) 2021,https://ifsc.results.info/event/1229/,Ljubljana (SLO),03/09/2021 – 04/09/2021
1992,UIAA Masters - Rock Masters Arco 1992,https://ifsc.results.info/event/123/,M-Se,20/07/1992 – 21/07/1992
2021,International Climbing Series - Triglav The Rock - Ljubljana (SLO) 2021,https://ifsc.results.info/event/1230/,Ljubljana (SLO),14/08/2021
2021,"IFSC Pan Am - Continental Championships (B,S,L) - Ibarra (ECU) 2021",https://ifsc.results.info/event/1231/,Johannesburg (RSA),16/12/2021 – 18/12/2021
2022,IFSC - Climbing World Cup (B) - Meiringen (SUI) 2022,https://ifsc.results.info/event/1233/,Meiringen (SUI) – Meiringen,08/04/2022 – 10/04/2022
2022,"IFSC - Climbing World Cup (B&L) - Morioka, Iwate (JPN) 2022",https://ifsc.results.info/event/1234/,Japan (JPN),20/10/2022 – 22/10/2022
2022,"IFSC - Climbing World Cup (B,S) - Seoul (KOR) 2022",https://ifsc.results.info/event/1235/,Brixen (ITA),07/05/2022 – 08/05/2022
2022,"IFSC - Climbing World Cup (B,S) - Salt Lake City (USA) 2022",https://ifsc.results.info/event/1236/,Salt Lake City (USA) – Salt Lake City,20/05/2022 – 22/05/2022
2022,"IFSC - Climbing World Cup (B,S) - Salt Lake City (USA) 2022",https://ifsc.results.info/event/1237/,Imst (AUT),27/05/2022 – 29/05/2022
2022,"IFSC - Climbing World Cup (B,L) - Innsbruck (AUT) 2022",https://ifsc.results.info/event/1238/,Ostermundigen (SUI),25/06/2022 – 26/06/2022
2022,"IFSC - Climbing World Cup (L,S) - Villars (SUI) 2022",https://ifsc.results.info/event/1239/,Villars-sur-Ollon (SUI) – Villars,30/06/2022 – 02/07/2022
1993,UIAA Worldcup - Frankfurt 1993,https://ifsc.results.info/event/124/,WM-I,29/04/1993 – 30/04/1993
2022,"IFSC - Climbing World Cup (L,S) - Chamonix (FRA) 2022",https://ifsc.results.info/event/1240/,Chamonix (FRA) – Chamonix,08/07/2022 – 10/07/2022
2022,IFSC - Climbing World Cup (L) - Briançon (FRA) 2022,https://ifsc.results.info/event/1241/,Briançon (FRA) – Briançon,22/07/2022 – 23/07/2022
2022,IFSC - Climbing World Cup (L) - Koper (SLO) 2022,https://ifsc.results.info/event/1242/,Koper (SLO),02/09/2022 – 03/09/2022
2022,"IFSC - Climbing World Cup (L,S) - Jakarta (INA) 2022",https://ifsc.results.info/event/1243/,Jakarta (INA) – Jakarta,24/09/2022 – 26/09/2022
2022,"World Games (B,S,L) - Birmingham (USA) 2022",https://ifsc.results.info/event/1245/,Villars (SUI),08/07/2022 – 09/07/2022
2022,"IFSC - Climbing Youth World Championships (B,S,L) - Dallas (USA) 2022",https://ifsc.results.info/event/1246/,United States (USA),22/08/2022 – 31/08/2022
2022,"IFSC Europe - Continental Championships (B,S,L) - Munich (GER) 2022",https://ifsc.results.info/event/1247/,Graz (AUT),03/08/2022 – 06/08/2022
2022,Asian Games - Hangzhou (CHN) 2022 - POSTPONED,https://ifsc.results.info/event/1248/,Hangzhou (CHN),15/09/2022 – 19/09/2022
2022,"FISU University Championships (B,S,L) - Innsbruck (AUT) 2022",https://ifsc.results.info/event/1249/,Innsbruck (AUT),13/06/2022 – 17/06/2022
1993,UIAA World Championship - Innsbruck 1993,https://ifsc.results.info/event/125/,W-Fr,01/04/1993 – 02/04/1993
2021,"IFSC Africa - Continental Championships (B,S,L) - Johannesburg (RSA) 2021",https://ifsc.results.info/event/1252/,Ibarra (ECU) – Complejo de Escalda de Yacucualle,30/11/2021 – 05/12/2021
2018,Youth Olympic Games - Buenos Aires (ARG) 2018,https://ifsc.results.info/event/1257/,Buenos Aires (ARG),01/10/2018 – 27/10/2018
2022,IFSC Europe - Continental Youth Cup (B) - Chambéry (FRA) 2022,https://ifsc.results.info/event/1258/,Chambéry (FRA),09/04/2022 – 10/04/2022
2022,IFSC Europe - Continental Youth Cup (B) - Soure (POR) 2022,https://ifsc.results.info/event/1259/,Prague (CZE),29/04/2022 – 01/05/2022
1993,UIAA Worldcup - Zürich 1993,https://ifsc.results.info/event/126/,W-Zü,14/05/1993 – 15/05/1993
2022,IFSC Europe - Continental Cup (B) - Prague (CZE) 2022,https://ifsc.results.info/event/1260/,Soure (POR),23/04/2022 – 24/04/2022
2022,IFSC Europe - Continental Cup (B) - Brixen (ITA) 2022,https://ifsc.results.info/event/1261/,Seoul (KOR) – Seoul,06/05/2022 – 08/05/2022
2022,"IFSC Europe - Continental Youth Cup (L,S) - Imst (AUT) 2022",https://ifsc.results.info/event/1262/,Salt Lake City (USA),24/05/2022 – 25/05/2022
2022,IFSC Europe - Continental Cup (B) - Klagenfurt (AUT) 2022,https://ifsc.results.info/event/1263/,Klagenfurt (AUT),20/05/2022 – 21/05/2022
2022,"IFSC Europe - Continental Cup (L,S) - Tyumen (RUS) 2022 - CANCELLED",https://ifsc.results.info/event/1264/,Tyumen (RUS),04/06/2022 – 05/06/2022
2022,IFSC Europe - Continental Cup (S) - Innsbruck (AUT) 2022,https://ifsc.results.info/event/1265/,Innsbruck (AUT),21/06/2022
2022,IFSC Europe - Continental Youth Cup (L) - Ostermundigen (SUI) 2022,https://ifsc.results.info/event/1266/,Innsbruck (AUT) – Innsbruck,22/06/2022 – 26/06/2022
2022,IFSC Europe - Continental Youth Cup (L) - Dornbirn (AUT) 2022,https://ifsc.results.info/event/1267/,Dornbirn (AUT),02/07/2022 – 03/07/2022
2022,"IFSC Europe - Continental Youth Championship (L,S) - Augsburg (GER) 2022",https://ifsc.results.info/event/1268/,Augsburg (GER),08/07/2022 – 10/07/2022
2022,"IFSC Europe - Continental Cup (L,S) - Žilina (SVK) 2022",https://ifsc.results.info/event/1269/,Žilina (SVK),16/07/2022 – 17/07/2022
1993,UIAA Worldcup - Toulon 1993,https://ifsc.results.info/event/127/,M-Se,21/07/1993 – 22/07/1993
2022,IFSC Europe - Continental Youth Cup (S) - Mezzolombardo (ITA) 2022,https://ifsc.results.info/event/1270/,Mezzolombardo (ITA),29/07/2022
2022,IFSC Europe - Continental Cup (S) - Mezzolombardo (ITA) 2022,https://ifsc.results.info/event/1271/,Mezzolombardo (ITA),30/07/2022
2022,IFSC Europe - Continental Youth Championship (B) - Graz (AUT) 2022,https://ifsc.results.info/event/1272/,Munich (GER) – Munich,11/08/2022 – 18/08/2022
2022,IFSC Europe - Continental Cup (S) - Hamburg (GER) 2022,https://ifsc.results.info/event/1273/,Hamburg (GER),25/09/2022
2022,"IFSC Europe - Continental Youth Cup (L,S,B) - Kaliningrad (RUS) 2022 - CANCELLED",https://ifsc.results.info/event/1274/,Laval (FRA),21/10/2022 – 22/10/2022
2022,IFSC Europe - Continental Cup (S) - Laval (FRA) 2022,https://ifsc.results.info/event/1275/,Kaliningrad (RUS),12/10/2022 – 16/10/2022
2022,IFSC - Paraclimbing World Cup (L) - Innsbruck (AUT) 2022,https://ifsc.results.info/event/1277/,Innsbruck (AUT),21/06/2022 – 22/06/2022
2022,IFSC - Paraclimbing World Cup (L) - Salt Lake City (USA) 2022,https://ifsc.results.info/event/1278/,Salt Lake City (USA) – Salt Lake City,27/05/2022 – 29/05/2022
1993,UIAA Worldcup - Black See 1993,https://ifsc.results.info/event/128/,W-Bu,26/08/1993 – 27/08/1993
2022,IFSC - Paraclimbing World Cup (L) - Villars (SUI) 2022,https://ifsc.results.info/event/1280/,Birmingham (USA),14/07/2022 – 16/07/2022
2022,IFSC - Paraclimbing Master - Imst (AUT) 2022,https://ifsc.results.info/event/1281/,Imst (AUT),02/07/2022 – 03/07/2022
2022,IFSC - Test Event (B&L) - Barcelona (ESP) 2022,https://ifsc.results.info/event/1282/,Barcelona (ESP),04/03/2022 – 05/03/2022
2022,"IFSC Europe - Continental Cup (L,S) - Arco (ITA) 2022",https://ifsc.results.info/event/1283/,Brixen (ITA),10/06/2022 – 12/06/2022
2022,IFSC - Climbing World Cup (B) - Brixen (ITA) 2022,https://ifsc.results.info/event/1284/,Arco (ITA),04/06/2022 – 05/06/2022
2022,International Climbing Series - Rock Master - Arco (ITA) 2022,https://ifsc.results.info/event/1285/,Arco (ITA),29/07/2022
2022,"IFSC Asia - Continental Championships (B, L, S, B&L) - Republic of Korea 2022",https://ifsc.results.info/event/1287/,Seoul (KOR) – Jamwon Hangang-revier Park,10/10/2022 – 16/10/2022
2022,"IFSC - Climbing World Cup (L,S) - Edinburgh (GBR) 2022",https://ifsc.results.info/event/1288/,Edinburgh (GBR),09/09/2022 – 11/09/2022
2022,Promo Event - Delfts Bleau International Youth Open - Delft (NED) 2022,https://ifsc.results.info/event/1289/,Delft (NED),24/09/2022 – 25/09/2022
1993,UIAA Worldcup - Nürnberg 1993,https://ifsc.results.info/event/129/,M-Ar,10/09/1993 – 11/09/1993
2022,International Climbing Series - The internationals of Mayenne (B&L) - Laval (FRA) 2022,https://ifsc.results.info/event/1290/,Laval (FRA),21/10/2022 – 23/10/2022
2023,IFSC World Cup Hachioji 2023,https://ifsc.results.info/event/1291/,Chambéry (FRA),07/04/2023 – 08/04/2023
2023,IFSC World Cup Seoul 2023,https://ifsc.results.info/event/1292/,Seoul (KOR) – Seoul,28/04/2023 – 30/04/2023
2023,IFSC World Cup Jakarta 2023,https://ifsc.results.info/event/1293/,Graz (AUT),05/05/2023 – 07/05/2023
2023,IFSC World Cup Salt Lake City 2023,https://ifsc.results.info/event/1294/,Liébana (ESP),12/05/2023 – 14/05/2023
2023,IFSC World Cup Prague 2023,https://ifsc.results.info/event/1295/,Brixen (ITA),09/06/2023 – 11/06/2023
2023,IFSC World Cup Brixen 2023,https://ifsc.results.info/event/1296/,Innsbruck (AUT),12/06/2023
2023,IFSC World Cup Innsbruck 2023,https://ifsc.results.info/event/1297/,Niederwangen (SUI),17/06/2023 – 18/06/2023
2023,IFSC World Cup Villars 2023,https://ifsc.results.info/event/1298/,Villars-sur-Ollon (SUI),30/06/2023 – 02/07/2023
2023,IFSC World Cup Chamonix 2023,https://ifsc.results.info/event/1299/,Chamonix (FRA),07/07/2023 – 09/07/2023
1993,UIAA Worldcup - Laval 1993,https://ifsc.results.info/event/130/,W-Vi,15/04/1994 – 16/04/1994
2023,IFSC World Cup Briançon 2023,https://ifsc.results.info/event/1300/,Briançon (FRA),14/07/2023 – 15/07/2023
2023,IFSC World Championships Bern 2023,https://ifsc.results.info/event/1301/,Bern (SUI),08/08/2023 – 10/08/2023
2023,IFSC World Cup Koper 2023,https://ifsc.results.info/event/1302/,Ljubljana (SLO),02/09/2023
2023,IFSC World Cup Wujiang 2023,https://ifsc.results.info/event/1303/,Wujiang (CHN) – Wujiang,22/09/2023 – 24/09/2023
2023,IFSC Youth World Championships Seoul 2023,https://ifsc.results.info/event/1304/,Arco (ITA),01/09/2023
2023,European Games Krakow-Malopolska 2023,https://ifsc.results.info/event/1305/,Innsbruck (AUT),14/06/2023 – 18/06/2023
2023,Asian Games Hangzhou 2022,https://ifsc.results.info/event/1306/,Hangzhou (CHN),23/09/2023 – 08/10/2023
2023,Pan American Games Santiago 2023,https://ifsc.results.info/event/1307/,Laval (FRA),26/10/2023 – 29/10/2023
2023,IFSC European Qualifier Laval 2023,https://ifsc.results.info/event/1308/,Chongqing (CHN),18/10/2023 – 22/10/2023
2023,IFSC European Qualifier Rome 2023,https://ifsc.results.info/event/1309/,Rome (ITA),15/09/2023
1993,Jeux de Pyrinae - Ainsa 1993,https://ifsc.results.info/event/131/,M-Py,20/05/1993 – 21/05/1993
2023,IFSC Asian Qualifier Jakarta 2023,https://ifsc.results.info/event/1310/,Jakarta (INA),09/11/2023 – 12/11/2023
2023,IFSC Oceania Qualifier Melbourne 2023,https://ifsc.results.info/event/1311/,Curitiba (BRA) – Centro de Treinamiento ABEE - Parque Olímpico do Cajuru,01/12/2023 – 03/12/2023
2023,IFSC African Qualifier Pretoria 2023,https://ifsc.results.info/event/1312/,Jamshedpur (IND),08/12/2023 – 10/12/2023
2023,International Climbing Series - Studio Bloc Master - Pfungstadt (GER) 2023,https://ifsc.results.info/event/1314/,Jamshedpur (IND),09/12/2022 – 11/12/2022
2022,IFSC Asia - Continental Cup (B) - Manila (PHI) 2022,https://ifsc.results.info/event/1315/,Manila (PHI),05/11/2022 – 06/11/2022
2022,IFSC Asia - K Continental Championships - Jamshedpur (IND),https://ifsc.results.info/event/1316/,Delft (NED),25/03/2023 – 26/03/2023
2023,IFSC European Cup Chambéry 2023,https://ifsc.results.info/event/1317/,Hachioji (JPN),21/04/2023 – 23/04/2023
2023,IFSC European Cup Loverval 2023,https://ifsc.results.info/event/1318/,Salt Lake City (USA),16/05/2023 – 17/05/2023
1993,Masters Serre-Chevalier 1993,https://ifsc.results.info/event/132/,W-To,27/05/1993 – 28/05/1993
2023,IFSC European Cup Liébana 2023,https://ifsc.results.info/event/1320/,Salt Lake City (USA) – Salt Lake City,19/05/2023 – 21/05/2023
2023,IFSC Europe - Continental Youth Cup (B) - Soure (POR) 2023,https://ifsc.results.info/event/1321/,Soure (POR),22/04/2023 – 23/04/2023
2023,IFSC Europe - Continental Youth Cup (B) - Kaunas (LTU) 2023,https://ifsc.results.info/event/1322/,Kaunas (LTU),28/04/2023 – 30/04/2023
2023,IFSC Europe - Continental Youth Cup (B) - Graz (AUT) 2023,https://ifsc.results.info/event/1323/,Indonesia (INA),06/05/2023 – 07/05/2023
2023,IFSC European Cup Žilina 2023,https://ifsc.results.info/event/1324/,Žilina (SVK),21/07/2023 – 22/07/2023
2023,IFSC European Cup Innsbruck 2023,https://ifsc.results.info/event/1325/,Duisburg (GER),08/06/2023 – 11/06/2023
2023,IFSC Europe - Continental Youth Cup (L) - Niederwangen (SUI) 2023,https://ifsc.results.info/event/1326/,Tarnow (POL),21/06/2023 – 02/07/2023
2023,IFSC Europe - Continental Youth Cup (L) - St. Pierre en Faucigny (FRA) 2023,https://ifsc.results.info/event/1327/,Villars-sur-Ollon (SUI),23/06/2023 – 24/06/2023
2023,"IFSC Europe - Continental Youth Cup (L,S) - Imst (AUT) 2023",https://ifsc.results.info/event/1328/,Imst (AUT) – Kletterzentrum Imst,30/06/2023 – 02/07/2023
2023,"IFSC Europe - Continental Youth Championship (B,S) - Duisburg (GER) 2023",https://ifsc.results.info/event/1329/,Prague (CZE),02/06/2023 – 04/06/2023
1993,UIAA Masters - Rock Masters Arco 1993,https://ifsc.results.info/event/133/,W-Nü,04/11/1993 – 05/11/1993
2023,IFSC Europe - Youth Championship - Helsinki (FIN) 2023,https://ifsc.results.info/event/1330/,Helsinki (FIN),15/09/2023 – 16/09/2023
2023,IFSC European Cup Tarnów 2023,https://ifsc.results.info/event/1331/,Tarnów (POL),01/04/2023 – 02/04/2023
2023,IFSC Europe - Continental Youth Cup (S) - Tarnów (POL) 2023,https://ifsc.results.info/event/1332/,Tarnów (POL),01/04/2023 – 02/04/2023
2023,IFSC Europe - Continental Youth Cup (S) - Hamburg (GER) 2023,https://ifsc.results.info/event/1334/,Hamburg (GER),24/09/2023
2023,IFSC Paraclimbing World Cup Salt Lake City 2023,https://ifsc.results.info/event/1335/,Loverval (BEL),27/05/2023 – 28/05/2023
2023,IFSC European Cup Bologna 2023,https://ifsc.results.info/event/1336/,Bologna (ITA),02/09/2023 – 03/09/2023
2023,IFSC Paraclimbing World Cup Innsbruck 2023,https://ifsc.results.info/event/1337/,Innsbruck (AUT),12/06/2023 – 13/06/2023
2023,IFSC Paraclimbing World Championships Bern 2023,https://ifsc.results.info/event/1338/,Bern (SUI),01/08/2023 – 12/08/2023
1994,UIAA Worldcup - Villach 1994,https://ifsc.results.info/event/134/,W-La,09/12/1993 – 10/12/1993
2023,Promo Event - Delfts Bleau International Youth Open - Delft (NED) 2023,https://ifsc.results.info/event/1340/,Pfungstadt (GER),11/03/2023 – 12/03/2023
2023,IFSC Paraclimbing World Cup Villars 2023,https://ifsc.results.info/event/1341/,St. Pierre en Faucigny (FRA),24/06/2023 – 25/06/2023
2023,IFSC Asia - Continental Youth Cup (S) - Singapore (SGP) 2023,https://ifsc.results.info/event/1342/,Singapore (SGP),08/07/2023
2023,"IFSC Asian Cup Hong Kong, China 2023",https://ifsc.results.info/event/1343/,Koper (SLO),08/09/2023 – 09/09/2023
2023,IFSC Asian Cup Riyadh 2023,https://ifsc.results.info/event/1344/,Lublin (POL),16/03/2024
2023,International Climbing Series - Triglav The Rock - Ljubljana (SLO) 2023,https://ifsc.results.info/event/1345/,Hong Kong (HKG),09/09/2023 – 10/09/2023
2023,IFSC South American Cup Curitiba 2023,https://ifsc.results.info/event/1346/,Melbourne (AUS) – Melbourne,24/11/2023 – 26/11/2023
2023,IFSC South American Cup Mar del Plata 2023,https://ifsc.results.info/event/1347/,Mar del Plata (ARG),15/12/2023 – 17/12/2023
2023,International Climbing Series - Rock Master - Arco (ITA) 2023,https://ifsc.results.info/event/1348/,South Korea (KOR),18/08/2023 – 27/08/2023
2023,"IFSC Asia - Continental Youth Championships (B, S, L, B&L) - Chongqing (CHN) 2023",https://ifsc.results.info/event/1349/,Santiago (CHI),20/10/2023 – 25/10/2023
1994,UIAA Worldcup - Moscow 1994,https://ifsc.results.info/event/135/,M-Se,20/07/1994 – 21/07/1994
2023,International Climbing Series - El-Capp Fest (B) - La Rochelle (FRA) 2023,https://ifsc.results.info/event/1350/,La Rochelle (FRA),29/09/2023 – 30/09/2023
2023,NEOM IFSC Masters 2023,https://ifsc.results.info/event/1351/,Neom Beach Games Mountain Village (KSA),22/11/2023 – 24/11/2023
2024,Delfts Bleau International Youth Open 2024,https://ifsc.results.info/event/1352/,Delft (NED),23/03/2024 – 24/03/2024
2024,IFSC World Cup Keqiao 2024,https://ifsc.results.info/event/1353/,Keqiao (CHN),08/04/2024 – 10/04/2024
2024,IFSC World Cup Wujiang 2024,https://ifsc.results.info/event/1354/,Wujiang (CHN),12/04/2024 – 14/04/2024
2024,IFSC World Cup Salt Lake City 2024,https://ifsc.results.info/event/1355/,Salt Lake CIty (USA),03/05/2024 – 05/05/2024
2024,IFSC World Cup Innsbruck 2024,https://ifsc.results.info/event/1356/,Innsbruck (AUT),24/06/2024 – 25/06/2024
2024,IFSC World Cup Chamonix 2024,https://ifsc.results.info/event/1357/,Chamonix (FRA),12/07/2024 – 14/07/2024
2024,IFSC World Cup Briançon 2024,https://ifsc.results.info/event/1358/,Paris (FRA),26/07/2024 – 11/08/2024
2024,IFSC World Cup Koper 2024,https://ifsc.results.info/event/1359/,Villars (SUI),27/08/2024 – 01/09/2024
2024,IFSC World Cup Prague 2024,https://ifsc.results.info/event/1360/,Troyes (FRA),25/09/2024 – 29/09/2024
2024,IFSC World Cup Seoul 2024,https://ifsc.results.info/event/1361/,Seoul (KOR),02/10/2024 – 06/10/2024
2024,IFSC Youth European Cup Lublin 2024,https://ifsc.results.info/event/1363/,Lublin (POL),17/03/2024
2024,IFSC Youth European Cup Soure 2024,https://ifsc.results.info/event/1365/,Soure (POR),20/04/2024 – 21/04/2024
2024,IFSC European Cup Klagenfurt 2024,https://ifsc.results.info/event/1366/,Graz (AUT),03/05/2024 – 05/05/2024
2024,IFSC Youth European Cup Graz 2024,https://ifsc.results.info/event/1367/,Klagenfurt (AUT),26/04/2024 – 27/04/2024
2024,IFSC Youth European Cup Mezzolombardo 2024,https://ifsc.results.info/event/1368/,Mezzolombardo (ITA),25/05/2024
2024,IFSC European Cup Mezzolombardo 2024,https://ifsc.results.info/event/1369/,Mezzolombardo (ITA),24/05/2024 – 25/05/2024
1994,UIAA Worldcup - Aix-les-Bains 1994,https://ifsc.results.info/event/137/,W-Ai,17/11/1994 – 18/11/1994
2024,IFSC Youth European Cup Dornbirn 2024,https://ifsc.results.info/event/1371/,Dornbirn (AUT),13/07/2024 – 14/07/2024
2024,IFSC Youth European Cup Žilina 2024,https://ifsc.results.info/event/1372/,Žilina (SVK),19/07/2024 – 21/07/2024
2024,IFSC European Cup Casalecchio di Reno 2024,https://ifsc.results.info/event/1373/,Koper (SLO),09/09/2024 – 12/09/2024
2024,IFSC Youth European Championships Troyes 2024,https://ifsc.results.info/event/1375/,Prague (CZE),20/09/2024 – 22/09/2024
2024,IFSC European Cup Lublin 2024,https://ifsc.results.info/event/1376/,Riyadh (KSA),12/12/2023 – 16/12/2023
2024,IFSC Youth European Cup Curno 2024,https://ifsc.results.info/event/1377/,Curno (ITA),05/04/2024 – 07/04/2024
2024,IFSC European Cup Augsburg 2024,https://ifsc.results.info/event/1378/,Augsburg (GER),21/06/2024 – 22/06/2024
2024,IFSC Youth European Cup Ostermundigen 2024,https://ifsc.results.info/event/1379/,Ostermundigen (SUI),21/09/2024 – 22/09/2024
1994,UIAA Worldcup - Birmingham 1994,https://ifsc.results.info/event/138/,W-Fr,06/04/1995 – 07/04/1995
2023,International Climbing Series - The Belt and Road (S) - Ningbo (CHN) 2023,https://ifsc.results.info/event/1380/,Ningbo (CHN),16/11/2023
2024,IFSC European Championships Villars 2024,https://ifsc.results.info/event/1381/,Koper (SLO),06/09/2024 – 07/09/2024
2023,"IFSC Asia - Asian K Championships (B, L, S) - Jamshedpur (IND) 2023",https://ifsc.results.info/event/1382/,Pretoria (RSA),07/12/2023 – 09/12/2023
2024,IFSC European Cup Innsbruck 2024,https://ifsc.results.info/event/1383/,Innsbruck (AUT),24/06/2024
2024,Olympic Qualifier Series Shanghai 2024,https://ifsc.results.info/event/1384/,Shanghai (CHN),16/05/2024 – 19/05/2024
2024,Olympic Qualifier Series Budapest 2024,https://ifsc.results.info/event/1385/,Budapest (HUN),20/06/2024 – 23/06/2024
2024,Olympic Games Paris 2024,https://ifsc.results.info/event/1386/,Briancon (FRA),17/07/2024 – 19/07/2024
2024,IFSC Paraclimbing World Cup Innsbruck 2024,https://ifsc.results.info/event/1387/,Innsbruck (AUT),26/06/2024 – 30/06/2024
2024,IFSC Paraclimbing World Cup Salt Lake City 2024,https://ifsc.results.info/event/1388/,Salt Lake City (USA),07/05/2024 – 08/05/2024
2024,Studio Bloc Masters 2024,https://ifsc.results.info/event/1389/,Pfungstadt (GER),09/03/2024 – 10/03/2024
1994,UIAA Youth Worldchampionship - Leipzig 1994,https://ifsc.results.info/event/139/,94-JWM,21/10/1994 – 22/10/1994
2024,IFSC European Cup Genova 2024,https://ifsc.results.info/event/1390/,Genova (ITA),05/10/2024 – 06/10/2024
2024,IFSC Paraclimbing World Cup Arco 2024,https://ifsc.results.info/event/1391/,Arco (TN) (ITA),27/09/2024 – 28/09/2024
2024,FISU University Championships Koper 2024,https://ifsc.results.info/event/1392/,Bologna (ITA),14/09/2024 – 15/09/2024
2024,IFSC South America Cup Curitiba 2024,https://ifsc.results.info/event/1393/,"Curitiba, BRA (BRA)",14/12/2024 – 20/12/2024
2024,IFSC South America Cup Mar del Plata 2024,https://ifsc.results.info/event/1394/,Mar del Plata (ARG),29/11/2024 – 01/12/2024
2024,IFSC Paraclimbing European Championships Villars 2024,https://ifsc.results.info/event/1395/,Villars (SUI),24/08/2024 – 25/08/2024
2024,IFSC Youth World Championships Guiyang 2024,https://ifsc.results.info/event/1396/,Guiyang (CHN),22/08/2024 – 31/08/2024
2024,IFSC Asian Championships Tai'an 2024,https://ifsc.results.info/event/1397/,Madrid (ESP),18/10/2024 – 20/10/2024
2024,IFSC Youth Asian Championships Jamshedpur 2024,https://ifsc.results.info/event/1398/,Jamshedpur (IND),14/11/2024 – 17/11/2024
1994,UIAA Masters - Serre Chevalier 1994,https://ifsc.results.info/event/140/,M-LA,27/07/1994 – 28/07/1994
2024,IFSC South America Cup Ibarra 2024,https://ifsc.results.info/event/1400/,Madrid (ESP),20/10/2024
2024,IFSC Pan American Championships Santiago 2024,https://ifsc.results.info/event/1401/,Santiago (CHI),20/11/2024 – 24/11/2024
2024,IFSC Madrid 4 Speed,https://ifsc.results.info/event/1402/,Neom (KSA),11/11/2024 – 13/11/2024
2024,NEOM IFSC Masters 2024,https://ifsc.results.info/event/1404/,Ibarra (ECU),15/10/2024 – 20/10/2024
1994,UIAA Masters - L'Argentiere 1994,https://ifsc.results.info/event/141/,W-Mo,28/04/1994 – 29/04/1994
1994,UIAA Masters - Rock Masters Arco 1994,https://ifsc.results.info/event/142/,M-Ar,09/09/1994 – 10/09/1994
2024,IFSC Madrid Speed,https://ifsc.results.info/event/1422/,Tai'an (CHN),10/10/2024 – 14/10/2024
2024,IFSC Oceania Championships Perth 2024,https://ifsc.results.info/event/1423/,Perth (AUS),16/11/2024 – 17/11/2024
1995,UIAA Worldcup - Frankfurt 1995,https://ifsc.results.info/event/143/,W-Bi,25/11/1994 – 26/11/1994
1995,UIAA Worldcup - Moscow 1995,https://ifsc.results.info/event/144/,W-Mo,21/10/1995 – 22/10/1995
2024,IFSC Oceania Championships Sydney 2024,https://ifsc.results.info/event/1443/,Sydney (AUS),07/12/2024 – 08/12/2024
1995,UIAA Worldchampionchip - Genève 1995,https://ifsc.results.info/event/145/,WM-G,05/05/1995 – 06/05/1995
1995,UIAA Worldcup - Birmingham 1995,https://ifsc.results.info/event/146/,W-Bi,24/11/1995 – 25/11/1995
1995,UIAA Worldcup - Aix-les-Bains 1995,https://ifsc.results.info/event/147/,W-Ai,07/12/1995 – 08/12/1995
1995,UIAA Youth Worldchampionship - Laval 1995,https://ifsc.results.info/event/148/,M-Ar,09/09/1995 – 10/09/1995
1995,UIAA Masters - Serre Chevalier 1995,https://ifsc.results.info/event/149/,M-Se,28/07/1995 – 29/07/1995
1995,UIAA Bouldering Masters - L'Argentier 1995,https://ifsc.results.info/event/150/,M-LA,06/08/1995 – 07/08/1995
1995,UIAA Masters - Rock Masters Arco 1995,https://ifsc.results.info/event/151/,95JWM,05/10/1995 – 06/10/1995
1996,UIAA Worldcup - Ekaterinburg 1996,https://ifsc.results.info/event/152/,W-Ekaterinburg,18/09/1996 – 19/09/1996
1996,UIAA Worldcup - Kranj 1996,https://ifsc.results.info/event/153/,E-Prag,25/10/1996 – 26/10/1996
1996,UIAA Worldcup - Graz 1996,https://ifsc.results.info/event/154/,W-Graz,14/12/1996 – 15/12/1996
1996,European Championship - Paris 1996,https://ifsc.results.info/event/155/,E-Dortmund,07/06/1996 – 08/06/1996
1996,European Youth Cup - Dortmund (GER) 1996,https://ifsc.results.info/event/156/,ESPN,24/06/1996 – 25/06/1996
1996,European Youth Cup - Ravenna (ITA) 1996,https://ifsc.results.info/event/157/,M-Se,24/07/1996 – 25/07/1996
1996,European Youth Cup - Skofja Loka (SLO) 1996,https://ifsc.results.info/event/158/,E-Skofja Loka,13/09/1996 – 14/09/1996
1996,European Youth Cup - Bern (SUI) 1996,https://ifsc.results.info/event/159/,E-Bern,27/09/1996 – 28/09/1996
1996,European Youth Cup - Prag (CZE) 1996,https://ifsc.results.info/event/160/,W-Kranj,23/11/1996 – 24/11/1996
1996,"UIAA Masters - ESPN X-Games - Newport, USA 1996",https://ifsc.results.info/event/161/,E-Ravenna,28/06/1996 – 29/06/1996
1996,UIAA Masters - Serre Chevalier 1996,https://ifsc.results.info/event/162/,M-Ar,06/09/1996 – 07/09/1996
1996,UIAA Masters - Rock Masters Arco 1996,https://ifsc.results.info/event/163/,EmPa,27/01/1996 – 28/01/1996
1997,UIAA World Championchip - Paris 1997,https://ifsc.results.info/event/164/,WM,31/01/1997 – 01/02/1997
1997,UIAA Worldcup - Courmayeur 1997,https://ifsc.results.info/event/165/,E-Parma,20/09/1997 – 21/09/1997
1997,UIAA Worldcup - Prag 1997,https://ifsc.results.info/event/166/,W-Co,04/09/1997 – 05/09/1997
1997,UIAA Worldcup - Kranj 1997,https://ifsc.results.info/event/167/,W-Kr,08/11/1997 – 09/11/1997
1997,UIAA Worldcup - Imst 1997,https://ifsc.results.info/event/168/,W-Bi,28/11/1997 – 29/11/1997
1997,UIAA Worldcup - Birmingham 1997,https://ifsc.results.info/event/169/,W-Im,21/11/1997 – 22/11/1997
1997,UIAA Youth Worldchampionship - Imst (AUT) 1997,https://ifsc.results.info/event/170/,JWM,13/11/1997 – 14/11/1997
1997,European Youth Cup - Bolzano (ITA) 1997,https://ifsc.results.info/event/171/,E-Bolzano,03/05/1997 – 04/05/1997
1997,European Youth Cup - Dortmund (GER) 1997,https://ifsc.results.info/event/172/,E-Dortmund,31/05/1997 – 01/06/1997
1997,European Youth Cup - Chocen (CZE) 1997,https://ifsc.results.info/event/173/,M-Se,26/07/1997 – 27/07/1997
1997,European Youth Cup - Bern (SUI) 1997,https://ifsc.results.info/event/174/,E-Bern,23/08/1997 – 24/08/1997
1997,European Youth Cup - Parma (ITA) 1997,https://ifsc.results.info/event/175/,M-Ar,12/09/1997 – 13/09/1997
1997,"UIAA Masters - San Diego X-Games, USA 1997",https://ifsc.results.info/event/176/,X-Gam,22/06/1997 – 23/06/1997
1997,UIAA Masters - Serre Chevalier 1997,https://ifsc.results.info/event/177/,E-Chocen,28/06/1997 – 29/06/1997
1997,UIAA Masters - Rock Masters Arco 1997,https://ifsc.results.info/event/178/,W-Pr,23/10/1997 – 24/10/1997
1998,UIAA Worldcup - Beauregard (ITA) 1998,https://ifsc.results.info/event/179/,W-Beauregard,31/07/1998 – 01/08/1998
1998,UIAA Worldcup - Courmayeur (ITA) 1998,https://ifsc.results.info/event/180/,W-Courmayeur,03/09/1998 – 04/09/1998
1998,UIAA Worldcup - Milan (ITA) 1998,https://ifsc.results.info/event/181/,W-Milan,08/10/1998 – 09/10/1998
1998,UIAA Worldcup - Kranj (SLO) 1998,https://ifsc.results.info/event/182/,W-Kranj,13/11/1998 – 14/11/1998
1998,UIAA Youth Worldchampionship - Moscow (RUS) 1998,https://ifsc.results.info/event/183/,J_WM,15/07/1998 – 16/07/1998
1998,UIAA European Championship - Nürnberg (GER) 1998,https://ifsc.results.info/event/184/,EC-Nürnberg,02/04/1998 – 03/04/1998
1998,European Youth Cup - Dortmund (GER) 1998,https://ifsc.results.info/event/185/,E-Dortmund,11/06/1998 – 12/06/1998
1998,European Youth Cup - Triest (ITA) 1998,https://ifsc.results.info/event/186/,E-Triest,03/07/1998 – 04/07/1998
1998,European Youth Cup - Imst (AUT) 1998,https://ifsc.results.info/event/187/,E-Imst,10/07/1998 – 11/07/1998
1998,European Youth Cup - Aix en Provence (FRA) 1998,https://ifsc.results.info/event/188/,E-Aix en Provence,30/10/1998 – 31/10/1998
1998,Top Rock Challenge - Val d'Isere (FRA) 1998,https://ifsc.results.info/event/189/,T-V.d'Isere,11/07/1998 – 12/07/1998
1998,Top Rock Challenge - Chamonix (FRA) 1998,https://ifsc.results.info/event/190/,T-Chamonix,16/07/1998 – 17/07/1998
1998,UIAA Masters - Serre Chevalier (FRA) 1998,https://ifsc.results.info/event/191/,M-Serre Chevalier,22/07/1998 – 23/07/1998
1998,Top Rock Challenge - Valloire (FRA) 1998,https://ifsc.results.info/event/192/,T-Cortina,13/08/1998 – 14/08/1998
1998,Top Rock Challenge - Cortina d'Ampezzo (ITA) 1998,https://ifsc.results.info/event/193/,T-Valloire,06/08/1998 – 07/08/1998
1998,Top Rock Challenge - Crans Montana (SUI) 1998,https://ifsc.results.info/event/194/,T-Cr.Montana,21/08/1998 – 22/08/1998
1998,Top Rock Challenge - Grenoble (FRA) 1998,https://ifsc.results.info/event/195/,T-Grenoble,27/08/1998 – 28/08/1998
1998,UIAA Masters - Rock Masters Arco (ITA) 1998,https://ifsc.results.info/event/196/,M-Arco,11/09/1998 – 12/09/1998
1999,UIAA Worldcup - Wiener Neustadt (AUT) 1999,https://ifsc.results.info/event/197/,Wien,15/04/1999 – 16/04/1999
1999,UIAA Worldcup - Besancon (FRA) 1999,https://ifsc.results.info/event/198/,W-Besancon,09/06/1999 – 10/06/1999
1999,UIAA Worldcup - Benasque (ESP) 1999,https://ifsc.results.info/event/199/,Imst,09/07/1999 – 10/07/1999
1999,UIAA Worldcup - Val d'Isere (FRA) 1999,https://ifsc.results.info/event/200/,WC Val d'Isere,10/07/1999 – 11/07/1999
1999,UIAA Worldcup - Chamonix (FRA) 1999,https://ifsc.results.info/event/201/,WC Chamonix,16/07/1999 – 17/07/1999
1999,UIAA Worldcup - Beauregard (ITA) 1999,https://ifsc.results.info/event/202/,WC Beauregard,23/07/1999 – 24/07/1999
1999,UIAA Worldcup - Bardonecchia (ITA) 1999,https://ifsc.results.info/event/203/,WC Bardonecchia,30/07/1999 – 31/07/1999
1999,UIAA Worldcup - Cortina (ITA) 1999,https://ifsc.results.info/event/204/,WC Cortina,12/08/1999 – 13/08/1999
1999,UIAA Worldcup - Grenoble (FRA) 1999,https://ifsc.results.info/event/205/,WC Grenoble,27/08/1999 – 28/08/1999
1999,UIAA Worldcup - Kranj (SLO) 1999,https://ifsc.results.info/event/206/,W-Kranj,11/11/1999 – 12/11/1999
1999,UIAA World Championship - Birmingham (GBR) 1999,https://ifsc.results.info/event/207/,WM Birmingham,02/12/1999 – 03/12/1999
1999,UIAA Youth Worldchampionship - Courmayeur (ITA) 1999,https://ifsc.results.info/event/208/,IE Arco,09/09/1999 – 10/09/1999
1999,European Youth Cup - Imst (AUT) 1999,https://ifsc.results.info/event/209/,WC Benasque,02/07/1999 – 03/07/1999
1999,European Youth Cup - Bern (SUI) 1999,https://ifsc.results.info/event/210/,Bern,13/08/1999 – 14/08/1999
1999,European Youth Cup - Albertville (FRA) 1999,https://ifsc.results.info/event/211/,Albertville,15/10/1999 – 16/10/1999
1999,EuropeanYouth Cup - Amsterdam (NED) 1999,https://ifsc.results.info/event/212/,Amsterdam,26/11/1999 – 27/11/1999
1999,UIAA Masters - Serre-Chevalier (FRA) 1999,https://ifsc.results.info/event/213/,Ma Serre-Chev.,21/07/1999 – 22/07/1999
1999,Int. Event - Arco Rock Master (ITA) 1999,https://ifsc.results.info/event/214/,JWM,02/09/1999 – 03/09/1999
1999,Int. Event - Sheffield (GBR) 1999,https://ifsc.results.info/event/215/,IE Sheffield,06/12/1999 – 07/12/1999
2000,UIAA Worldcup - Konitsa (GRE) 2000,https://ifsc.results.info/event/216/,Konitsa,26/05/2000 – 27/05/2000
2000,UIAA Worldcup - Millau (FRA) 2000,https://ifsc.results.info/event/217/,Milau,31/05/2000 – 01/06/2000
2000,UIAA Worldcup - Chamonix (FRA) 2000,https://ifsc.results.info/event/218/,Chamonix,11/07/2000 – 12/07/2000
2000,UIAA Worldcup - Beauregard (ITA) 2000,https://ifsc.results.info/event/219/,Serre Chevalier,16/07/2000 – 17/07/2000
2000,UIAA Worldcup - München (GER) 2000,https://ifsc.results.info/event/220/,München,03/08/2000 – 04/08/2000
2000,UIAA Worldcup - Grenoble (FRA) 2000,https://ifsc.results.info/event/221/,Grenoble,31/08/2000 – 01/09/2000
2000,UIAA Worldcup - Rovereto (ITA) 2000,https://ifsc.results.info/event/222/,Rovereto,15/09/2000 – 16/09/2000
2000,UIAA Worldcup - Lecco (ITA) 2000,https://ifsc.results.info/event/223/,Lecco,22/09/2000 – 23/09/2000
2000,UIAA Worldcup - Courmayeur (ITA) 2000,https://ifsc.results.info/event/224/,Courmayeur,28/09/2000 – 29/09/2000
2000,UIAA Worldcup - Nantes (FRA) 2000,https://ifsc.results.info/event/225/,Nantes,01/11/2000 – 02/11/2000
2000,UIAA Worldcup - Kranj (SLO) 2000,https://ifsc.results.info/event/226/,Kranj,16/11/2000 – 17/11/2000
2000,UIAA World Youth Championship - Amsterdam (NED) 2000,https://ifsc.results.info/event/227/,Peru,31/08/2000 – 01/09/2000
2000,UIAA Asian Championship - Kuala Lumpur (MAS) 2000,https://ifsc.results.info/event/228/,Kuala Lumpur,23/11/2000 – 24/11/2000
2000,UIAA Asian Youth Championship - Beijing (CHN) 2000,https://ifsc.results.info/event/229/,Beijing,14/09/2000 – 15/09/2000
2000,UIAA European Championship - München (GER) 2000,https://ifsc.results.info/event/230/,EM München,06/10/2000 – 07/10/2000
2000,European Youth Cup - Imst (AUT) 2000,https://ifsc.results.info/event/231/,Imst,02/06/2000 – 03/06/2000
2000,European Youth Cup - L'Aprica (ITA) 2000,https://ifsc.results.info/event/232/,L'Aprica,27/10/2000 – 28/10/2000
2000,European Youth Cup - Kranj (SLO) 2000,https://ifsc.results.info/event/233/,Kranj,01/12/2000 – 02/12/2000
2000,Pan American Cup - Peru 2000,https://ifsc.results.info/event/234/,Amsterdam,31/08/2000 – 01/09/2000
2000,Masters - Serre Chevalier (FRA) 2000,https://ifsc.results.info/event/235/,Serre Chevalier,19/07/2000 – 20/07/2000
2000,Int. Event - Serre Chevalier (FRA) 2000,https://ifsc.results.info/event/236/,Beauregard,21/07/2000 – 22/07/2000
2000,Int. Event - L'Argentiere (FRA) 2000,https://ifsc.results.info/event/237/,L'Argentiere,24/07/2000 – 25/07/2000
2000,Int. Event - Rock Master Arco (ITA) 2000,https://ifsc.results.info/event/238/,Arco,08/09/2000 – 09/09/2000
2000,1. Int. SALEWA Masters - Scheidegg 2000,https://ifsc.results.info/event/239/,Scheidegg,13/10/2000 – 14/10/2000
2001,UIAA Worldcup - GAP (FRA) 2001,https://ifsc.results.info/event/240/,Gap,29/06/2001 – 30/06/2001
2001,UIAA Worldcup - Chamonix (FRA) 2001,https://ifsc.results.info/event/241/,Arco,29/06/2001 – 30/06/2001
2001,UIAA Worldcup - Munich (GER ) 2001,https://ifsc.results.info/event/242/,Serre-Chevalier,19/07/2001 – 20/07/2001
2001,UIAA Worldcup - Rovereto (ITA) 2001,https://ifsc.results.info/event/243/,Rovereto,31/08/2001 – 01/09/2001
2001,UIAA World Championship - Winterthur (SUI) 2001,https://ifsc.results.info/event/244/,Arco,14/09/2001 – 16/09/2001
2001,UIAA Worldcup - Lecco (ITA) 2001,https://ifsc.results.info/event/245/,Lecco,21/09/2001 – 22/09/2001
2001,UIAA Worldcup - Aprica (ITA) 2001,https://ifsc.results.info/event/246/,Aprica,18/10/2001 – 19/10/2001
2001,UIAA Worldcup - Kuala Lumpur (MAS) 2001,https://ifsc.results.info/event/247/,Kuala Lumpur,02/11/2001 – 04/11/2001
2001,UIAA Worldcup - Kranj (SLO) 2001,https://ifsc.results.info/event/248/,Jakarta,26/10/2001 – 27/10/2001
2001,UIAA Worldcup - Birmingham (GBR) 2001,https://ifsc.results.info/event/249/,Birmingham,06/12/2001 – 07/12/2001
2001,UIAA Youth World Championship - Imst(AUT) 2001,https://ifsc.results.info/event/250/,YWC Imst 2001,21/06/2001 – 24/06/2001
2001,UIAA Youth World Championship SPEED - Imst (AUT) 2001,https://ifsc.results.info/event/251/,YWC Imst 2001 SPEED,21/06/2001 – 24/06/2001
2001,1st UIAA ASIAN CUP - Kunming (CHN),https://ifsc.results.info/event/252/,Winterthur,05/09/2001 – 08/09/2001
2001,UIAA Asian Championship - Jakarta (INA) 2001,https://ifsc.results.info/event/253/,WarSaw,09/11/2001 – 10/11/2001
2001,Asian Bouldering Championship - Taipei (TPE) 2001,https://ifsc.results.info/event/254/,Kranj,16/11/2001 – 18/11/2001
2001,UIAA Asian Youth Championship - Teheran (IRI) 2001,https://ifsc.results.info/event/255/,Teheran,25/07/2001 – 27/07/2001
2001,European Youth Cup Speed - Apatity (RUS) 2001,https://ifsc.results.info/event/256/,Apatity (Speed),28/03/2001 – 29/03/2001
2001,European Youth Cup - Apatity (RUS) 2001,https://ifsc.results.info/event/257/,Apatity,30/03/2001 – 01/04/2001
2001,European Youth Cup - Trieste (ITA) 2001,https://ifsc.results.info/event/258/,Trieste,06/04/2001 – 07/04/2001
2001,European Youth Cup - Imst (AUT) 2001,https://ifsc.results.info/event/259/,Imst,15/06/2001 – 16/06/2001
2001,European Youth Cup - Arco (ITA) 2001,https://ifsc.results.info/event/260/,Chamonix,11/07/2001 – 15/07/2001
2001,European Youth Cup - Aprica (ITA) 2001,https://ifsc.results.info/event/261/,Scheidegg,13/10/2001
2001,European Youth Cup - Birmingham (GBR) 2001,https://ifsc.results.info/event/262/,Birmingham,07/12/2001 – 09/12/2001
2001,North American Youth Championship - Berkeley (USA) 2001,https://ifsc.results.info/event/263/,Berkeley,02/02/2001 – 04/02/2001
2001,Reg. Event - Nordic Championship - Malmö (SWE) 2001,https://ifsc.results.info/event/264/,Malmö,16/03/2001 – 17/03/2001
2001,Int. Event - Fontainebleau (FRA) 2001,https://ifsc.results.info/event/265/,Fontainebleau,07/06/2001 – 08/06/2001
2001,Reg. Event - Alpe Adria Cup - Trieste (ITA) 2001,https://ifsc.results.info/event/266/,Trieste,19/10/2001 – 21/10/2001
2001,Int. Event - Lake Placid (USA) 2001,https://ifsc.results.info/event/267/,Lake Placid,12/07/2001 – 15/07/2001
2001,Int. Event - Hood River (USA) 2001,https://ifsc.results.info/event/268/,Hood River,19/07/2001 – 21/07/2001
2001,Int. Event - Serre Chevalier (FRA) 2001,https://ifsc.results.info/event/269/,Munich,21/07/2001 – 22/07/2001
2001,Int. Event - L'Argentiere (FRA) 2001,https://ifsc.results.info/event/270/,L'Argentiere,26/07/2001 – 27/07/2001
2001,Int. Event - Rock Master Arco (ITA) 2001,https://ifsc.results.info/event/271/,Kunming,13/09/2001 – 14/09/2001
2001,Int. Event - Blocmaster Grenoble (FRA) 2001,https://ifsc.results.info/event/272/,Grenoble,05/10/2001 – 07/10/2001
2001,2. Int. SALEWA Masters - Scheidegg (GER) 2001,https://ifsc.results.info/event/273/,Aprica,12/10/2001 – 13/10/2001
2001,Int. Event - Master WARSAW (POL) 2001,https://ifsc.results.info/event/274/,Taipei,23/11/2001 – 24/11/2001
2002,UIAA Worldcup - Bolzano (ITA) 2002,https://ifsc.results.info/event/275/,Yekaterinburg 3,25/05/2002 – 26/05/2002
2002,UIAA Worldcup - Yekaterinburg (RUS) 2002 - Red Cards withdrawn,https://ifsc.results.info/event/276/,Imst,06/06/2002 – 07/06/2002
2002,2. UIAA Worldcup - Yekaterinburg (RUS) 2002,https://ifsc.results.info/event/277/,Yekaterinburg 2,22/05/2002
2002,3. UIAA Worldcup - Yekaterinburg (RUS) 2002,https://ifsc.results.info/event/278/,Fiera di Primiero,13/06/2002 – 14/06/2002
2002,UIAA Worldcup - Imst (AUT) 2002,https://ifsc.results.info/event/279/,Bolzano,26/04/2002 – 28/04/2002
2002,UIAA Worldcup - Fiera di Primiero (ITA) 2002,https://ifsc.results.info/event/280/,Yekaterinburg,17/05/2002 – 19/05/2002
2002,UIAA Worldcup - Lecco (ITA) 2002 - speed,https://ifsc.results.info/event/281/,Lecco,24/06/2002
2002,UIAA Worldcup - Lecco (ITA) 2002 - boulder,https://ifsc.results.info/event/282/,Lecco,25/06/2002 – 26/06/2002
2002,UIAA Worldcup - Lecco (ITA) 2002 - difficulty,https://ifsc.results.info/event/283/,Lecco,28/06/2002 – 29/06/2002
2002,UIAA Worldcup - Singapore (SIN) 2002,https://ifsc.results.info/event/284/,L'Argentière,25/07/2002 – 26/07/2002
2002,UIAA Worldcup - Rovereto (ITA) 2002,https://ifsc.results.info/event/285/,Canteleu,26/09/2002 – 27/09/2002
2002,UIAA Worldcup - Aprica (ITA) 2002,https://ifsc.results.info/event/286/,North American Youth,08/11/2002 – 09/11/2002
2002,UIAA Worldcup - Kranj (SLO) 2002,https://ifsc.results.info/event/287/,Kranj,15/11/2002 – 17/11/2002
2002,UIAA Youth World Championship Speed - Canteleu (FRA) 2002,https://ifsc.results.info/event/288/,Rovereto,13/09/2002 – 14/09/2002
2002,UIAA World Youth Championship - Canteleu (FRA) 2002,https://ifsc.results.info/event/289/,Canteleu,27/09/2002 – 28/09/2002
2002,UIAA Asian Championship - Toyama (JPN) 2002,https://ifsc.results.info/event/290/,Toyama,11/10/2002 – 12/10/2002
2002,Asian Youth Championship - Malaysia 2002,https://ifsc.results.info/event/291/,Malaysia,20/12/2002 – 21/12/2002
2002,UIAA European Championship - Chamonix (FRA) 2002,https://ifsc.results.info/event/292/,Chamonix,11/07/2002 – 14/07/2002
2002,European Youth Cup - Imst (AUT) 2002,https://ifsc.results.info/event/293/,Imst,14/06/2002 – 15/06/2002
2002,European Youth Cup - Arco (ITA) 2002,https://ifsc.results.info/event/294/,Arco,21/06/2002 – 22/06/2002
2002,European Youth Cup - Veliko Tarnovo (BUL) 2002,https://ifsc.results.info/event/295/,Veliko Tarnovo,08/11/2002 – 09/11/2002
2002,European Youth Cup - Kranj (SLO) 2002,https://ifsc.results.info/event/296/,Kranj,22/11/2002 – 23/11/2002
2002,Latin American Championship,https://ifsc.results.info/event/297/,Marseille,12/04/2002 – 13/04/2002
2002,UIAA North American Youth Championship 2002,https://ifsc.results.info/event/298/,Aprica,17/10/2002 – 18/10/2002
2002,Int. Event - Marseille International Youth (FRA),https://ifsc.results.info/event/299/,Latin American,31/12/2001 – 01/01/2002
2002,Int. Event - Klimax Goldfinger - Puurs (BEL) 2002,https://ifsc.results.info/event/300/,Klimax,20/04/2002
2002,Rock Junior - Arco (ITA) 2002,https://ifsc.results.info/event/301/,Arco Junior,21/06/2002 – 23/06/2002
2002,Int. Event - Serre Chevalier (FRA) 2002,https://ifsc.results.info/event/302/,Serre Chevalier,18/07/2002 – 19/07/2002
2002,Int. Event - L'Argentière (FRA) 2002,https://ifsc.results.info/event/303/,Daone,28/07/2002
2002,Int. Event - Speed Rock - Daone (ITA),https://ifsc.results.info/event/304/,Singapore,23/08/2002 – 25/08/2002
2002,Int. Event - Arco Rockmaster (ITA) 2002,https://ifsc.results.info/event/305/,Arco,06/09/2002 – 07/09/2002
2002,Int. Event - Schengzheng (CHN) 2002,https://ifsc.results.info/event/306/,Schengzheng,06/12/2002 – 07/12/2002
2003,UIAA Worldcup - Imst (AUT) 2003,https://ifsc.results.info/event/307/,Mexico,23/05/2003 – 25/05/2003
2003,UIAA Worldcup - Yekaterinburg (RUS) 2003 (B+S),https://ifsc.results.info/event/308/,Arco,30/05/2003 – 31/05/2003
2003,UIAA Worldcup - Yekaterinburg (RUS) 2003 (S),https://ifsc.results.info/event/309/,Yekaterinburg S,04/06/2003
2003,UIAA Worldcup - Yekaterinburg (RUS) 2003 (D+S),https://ifsc.results.info/event/310/,Yekaterinburg D+S,06/06/2003 – 08/06/2003
2003,UIAA Worldcup - Fiera di Primiero (ITA) 2003,https://ifsc.results.info/event/311/,Fiera di Primiero,13/06/2003 – 15/06/2003
2003,UIAA Worldcup - Lecco (ITA) 2003 (speed),https://ifsc.results.info/event/312/,Lecco Bouldern,24/06/2003 – 25/06/2003
2003,UIAA Worldcup - Lecco (ITA) 2003 (boulder),https://ifsc.results.info/event/313/,Lecco Speed,23/06/2003
2003,UIAA Worldcup - Lecco (ITA) 2003 (difficulty),https://ifsc.results.info/event/314/,Lecco,27/06/2003 – 28/06/2003
2003,UIAA Worldchampionship - Chamonix (FRA) 2003,https://ifsc.results.info/event/315/,Val Daone,25/07/2003 – 26/07/2003
2003,UIAA Worldcup - L'Argentière (FRA) 2003,https://ifsc.results.info/event/316/,Zaragosa,04/07/2003 – 05/07/2003
2003,UIAA Worldcup - Val Daone (ITA) 2003,https://ifsc.results.info/event/317/,Chamonix,09/07/2003 – 13/07/2003
2003,UIAA Worldcup - Aviles (ESP) 2003,https://ifsc.results.info/event/318/,Aviles,21/08/2003 – 22/08/2003
2003,UIAA Worldcup - Rovereto (ITA) 2003,https://ifsc.results.info/event/319/,Rovereto,11/09/2003 – 12/09/2003
2003,UIAA Worldcup - Aprica (ITA) 2003,https://ifsc.results.info/event/320/,Aprica,02/10/2003 – 03/10/2003
2003,UIAA Worldcup - Prague (CZE) 2003,https://ifsc.results.info/event/321/,Prague,10/10/2003 – 11/10/2003
2003,UIAA Worldcup - Valence (FRA) 2003,https://ifsc.results.info/event/322/,Valence,30/10/2003 – 31/10/2003
2003,UIAA Worldcup - Kranj (SLO) 2003,https://ifsc.results.info/event/323/,Shenzen,21/11/2003 – 23/11/2003
2003,UIAA Worldcup - Shenzen (CHN) 2003,https://ifsc.results.info/event/324/,Kranj,14/11/2003 – 16/11/2003
2003,UIAA Worldcup - Edinburgh (GBR) 2003,https://ifsc.results.info/event/325/,Edinburgh,04/12/2003 – 07/12/2003
2003,Youth Worldchampionship - Veliko Tarnovo (BUL) 2003,https://ifsc.results.info/event/326/,Veliko Tarnovo,19/09/2003 – 21/09/2003
2003,UIAA Asian Championship - Beijing (CHN) 2003,https://ifsc.results.info/event/327/,Beijing,22/08/2003 – 23/08/2003
2003,European Youth Cup - Imst (AUT) 2003,https://ifsc.results.info/event/328/,Imst,22/05/2003 – 23/05/2003
2003,European Youth Cup - Arco (ITA) 2003,https://ifsc.results.info/event/329/,Yekaterinburg B+S,30/05/2003 – 01/06/2003
2003,European Youth Cup - Niederwangen (SUI) 2003,https://ifsc.results.info/event/330/,Bern,12/09/2003 – 13/09/2003
2003,European Youth Cup - Kranj (SLO) 2003,https://ifsc.results.info/event/331/,Nordic Championship,27/02/2004 – 28/02/2004
2003,Panamerican Championships - Mexico City (MEX) 2003,https://ifsc.results.info/event/332/,Oslo,02/05/2003 – 03/05/2003
2003,UIAA North American Youth Championship - not confirmed,https://ifsc.results.info/event/333/,North American Youth,31/12/2002 – 01/01/2003
2003,Nordic Championships - Oslo (NOR) 2003,https://ifsc.results.info/event/334/,Imst,16/05/2003 – 17/05/2003
2003,Int. Event - Birmingham (GBR) 2003,https://ifsc.results.info/event/335/,Birmingham,14/03/2003 – 16/03/2003
2003,Int. Event - Open Youth Marseille (FRA) 2003,https://ifsc.results.info/event/336/,Marseille,25/04/2003 – 26/04/2003
2003,Rock Junior - Arco (ITA) 2003,https://ifsc.results.info/event/337/,Rock Junior,30/05/2003 – 31/05/2003
2003,Spiderkids - Youth Color Climbing Festival - Imst (AUT) 2003,https://ifsc.results.info/event/338/,YCCF Imst,06/06/2003 – 07/06/2003
2003,"Spiderkids - 6. Int Trophy ""Citta'di Ravenna"" (ITA) 2003",https://ifsc.results.info/event/339/,Ravenna,27/06/2003 – 29/06/2003
2003,Int. Event - Speed Rock Daone (ITA) 2003 - not confirmed,https://ifsc.results.info/event/340/,Daone,30/06/2003 – 01/07/2003
2003,"Int. Event - Master/Event of Daroca, Zaragosa (ESP) 2003",https://ifsc.results.info/event/341/,Serre Chevalier,17/07/2003 – 18/07/2003
2003,Int. Event - Serre Chevalier (FRA) 2003,https://ifsc.results.info/event/342/,Argentiere,24/07/2003 – 25/07/2003
2003,Int. Event - Boulder Masters Grenoble (FRA) 2003,https://ifsc.results.info/event/343/,Grenoble,28/08/2003 – 29/08/2003
2003,Int. Event - La Colmiane (FRA) 2003,https://ifsc.results.info/event/344/,La Colmiane,18/09/2003 – 19/09/2003
2003,Int. Event - Arco Rockmaster (ITA) 2003,https://ifsc.results.info/event/345/,Brno,27/09/2003
2003,Spiderkids - Open Youth Climbing Championship of the Czech Republic - Brno (CZE) 2003,https://ifsc.results.info/event/346/,Arco,26/09/2003 – 27/09/2003
2004,UIAA Worldcup - Birmingham (GBR) 2004,https://ifsc.results.info/event/347/,Kranj,22/11/2003 – 23/11/2003
2004,UIAA Worldcup - Erlangen (GER) 2004,https://ifsc.results.info/event/348/,Puurs,23/04/2004 – 25/04/2004
2004,UIAA Worldcup - Puurs (BEL) 2004,https://ifsc.results.info/event/349/,Erlangen,15/04/2004 – 16/04/2004
2004,UIAA Worldcup - Imst (AUT) 2004,https://ifsc.results.info/event/350/,Youth Imnt,04/06/2004 – 05/06/2004
2004,UIAA Worldcup - Fiera di Primiero (ITA) 2004,https://ifsc.results.info/event/351/,European Champ.,21/06/2004 – 27/06/2004
2004,UIAA Worldcup - Chamonix (FRA) 2004,https://ifsc.results.info/event/352/,Chamonix,11/07/2004 – 12/07/2004
2004,UIAA Worldcup - Val Daone (ITA) 2004,https://ifsc.results.info/event/353/,Friedrichshafen,22/07/2004 – 23/07/2004
2004,UIAA Worldcup - L'Argentière La Bessée (FRA) 2004,https://ifsc.results.info/event/354/,L'Argentière,28/07/2004 – 29/07/2004
2004,UIAA Worldcup - Bardonecchia (ITA) 2004,https://ifsc.results.info/event/355/,Bardonecchia,19/08/2004 – 21/08/2004
2004,UIAA Worldcup - Marbella (ESP) 2004,https://ifsc.results.info/event/356/,Shanghai,01/10/2004 – 02/10/2004
2004,UIAA Worldcup - Huzou (CHN) 2004,https://ifsc.results.info/event/357/,Marbella,17/09/2004 – 18/09/2004
2004,UIAA Worldcup - Shanghai (CHN) 2004,https://ifsc.results.info/event/358/,Huzou,24/09/2004 – 26/09/2004
2004,UIAA Worldcup - Aprica (ITA) 2004,https://ifsc.results.info/event/359/,Aprica,21/10/2004 – 22/10/2004
2004,UIAA Worldcup - Valence (FRA) 2004,https://ifsc.results.info/event/360/,Valence,28/10/2004 – 29/10/2004
2004,UIAA Worldcup - Brno (CZE) 2004,https://ifsc.results.info/event/361/,Brno,11/11/2004 – 12/11/2004
2004,UIAA Worldcup - Kranj (SLO) 2004,https://ifsc.results.info/event/362/,Darvas Cup,29/10/2004 – 30/10/2004
2004,UIAA World Youth Championship - Edinburgh (GBR) 2004,https://ifsc.results.info/event/363/,World Youth Champ.,10/09/2004 – 12/09/2004
2004,UIAA Asian Championship - Jeolla Nam Do (KOR) 2004,https://ifsc.results.info/event/364/,Asian Champ.,29/10/2004 – 30/10/2004
2004,UIAA European Championship - Lecco (ITA) 2004,https://ifsc.results.info/event/365/,Citta di Ravenna,25/06/2004 – 27/06/2004
2004,European Youth Cup - Geneva (SUI) 2004,https://ifsc.results.info/event/366/,Marseille,14/04/2004 – 15/04/2004
2004,European Youth Cup - Imst (AUT) 2004,https://ifsc.results.info/event/367/,EYC Imst,14/05/2004 – 15/05/2004
2004,European Youth Cup + Festival - Veliko Tarnovo (BUL) 2004,https://ifsc.results.info/event/368/,EYC Veliko Tarnovo,19/08/2004 – 22/08/2004
2004,European Youth Cup - Kranj (SLO) 2004,https://ifsc.results.info/event/369/,Birmingham (B),18/03/2005 – 20/03/2005
2004,UIAA Central-South American Championship - S. Antonio de los Altos (VEN) 2004,https://ifsc.results.info/event/370/,Aggtelek,20/08/2004 – 21/08/2004
2004,North American Championship - Mexico City (MEX) 2004 (incl. SpiderKids),https://ifsc.results.info/event/371/,North American Ch. B,24/11/2004 – 28/11/2004
2004,UIAA Central-South American Youth - S. Antonio de los Altos (VEN) 2004,https://ifsc.results.info/event/372/,Latin Am. Youth,19/08/2004 – 25/08/2004
2004,North American Championship - Mexico City (MEX) 2004 (Youth Bouldering),https://ifsc.results.info/event/373/,North American Ch.,24/11/2004 – 28/11/2004
2004,UIAA Nordic Championship Bouldering (NOR) 2004,https://ifsc.results.info/event/374/,Birmingham,02/04/2004 – 04/04/2004
2004,Polish Youth Championship - Gdansk 2004,https://ifsc.results.info/event/375/,Imst,28/05/2004 – 29/05/2004
2004,Int. Event - Open Youth Marseille (FRA) 2004,https://ifsc.results.info/event/376/,EYC Geneva,02/04/2004 – 03/04/2004
2004,Int. Event Melloblocco - Val di Mello (ITA) 2004,https://ifsc.results.info/event/377/,Melloblocco,07/05/2004 – 08/05/2004
2004,EYCD - European Youth Climbing Days Arco (ITA) 2004,https://ifsc.results.info/event/378/,Youth Arco,28/05/2004 – 29/05/2004
2004,Spiderkids - Youth Color Climbing Festival Imst (AUT) 2004,https://ifsc.results.info/event/379/,Fiera di Primiero,18/06/2004 – 20/06/2004
2004,Int. Youth Event - Citta di Ravenna (ITA) 2004,https://ifsc.results.info/event/380/,Gdansk,21/05/2004 – 22/05/2004
2004,Int. Youth Event - Petzen Trophy Kärnten (AUT) 2004,https://ifsc.results.info/event/381/,Kärnten,09/07/2004 – 10/07/2004
2004,Int. Event - OutDoor Climbing Events 2004 - Friedrichshafen (GER) 2004,https://ifsc.results.info/event/382/,Val Daone,16/07/2004 – 17/07/2004
2004,Spiderkids - Kids Climbing Competition of Aggtelek (HUN) 2004,https://ifsc.results.info/event/383/,Grenoble,26/08/2004 – 27/08/2004
2004,Int. Event - Grenoble (FRA) 2004,https://ifsc.results.info/event/384/,Cent.South Am.Champ.,25/08/2004 – 29/08/2004
2004,Int. Event - Rockmaster Arco (ITA) 2004,https://ifsc.results.info/event/385/,Arco,03/09/2004 – 04/09/2004
2004,Spiderkids - Int. Youth Climbing Competitions Darvas Cup (HUN) 2004,https://ifsc.results.info/event/386/,Kranj,19/11/2004 – 20/11/2004
2004,Int. Event - Asia Cup Uttarkashi (IND) 2004,https://ifsc.results.info/event/387/,Asia Cup India,19/11/2004 – 21/11/2004
2005,UIAA Worldcup (B) - Birmingham (GBR) 2005,https://ifsc.results.info/event/388/,EYC Kranj,26/11/2004 – 27/11/2004
2005,UIAA Worldcup (B+S) - Moscow (RUS) 2005,https://ifsc.results.info/event/389/,Moscow (B+S),08/04/2005 – 10/04/2005
2005,UIAA Worldcup (S) - Moscow (RUS) 2005,https://ifsc.results.info/event/390/,Moscow (S),10/04/2005
2005,UIAA Worldcup (L+S) - Veliko Tarnovo (BUL) 2005,https://ifsc.results.info/event/391/,Marseille,22/04/2005 – 23/04/2005
2005,UIAA Worldcup (L) - Puurs (BEL) 2005,https://ifsc.results.info/event/392/,Puurs (L),28/04/2005 – 29/04/2005
2005,UIAA Worldcup (L) - Imst (AUT) 2005,https://ifsc.results.info/event/393/,Imst (L),26/05/2005 – 27/05/2005
2005,UIAA Worldcup (B) - Fiera di Primiero (ITA) 2005,https://ifsc.results.info/event/394/,Arco Rock Junior,17/06/2005 – 18/06/2005
2005,UIAA Worldcup (L) - Zürich (SUI) 2005,https://ifsc.results.info/event/395/,Zürich (L),24/06/2005 – 25/06/2005
2005,UIAA World Championship - Munich (GER) 2005,https://ifsc.results.info/event/396/,Munich,01/07/2005 – 05/07/2005
2005,UIAA Worldcup (L+S) - Chamonix (FRA) 2005,https://ifsc.results.info/event/397/,Chamonix (L+S),12/07/2005 – 13/07/2005
2005,UIAA Worldcup (S) - Daone (ITA) 2005,https://ifsc.results.info/event/398/,Serre Chevalier,29/07/2005 – 30/07/2005
2005,UIAA Worldcup (L) - Marbella (ESP) 2005,https://ifsc.results.info/event/399/,Firminy (B),29/09/2005 – 30/09/2005
2005,UIAA Worldcup (B) - Firminy (FRA) 2005,https://ifsc.results.info/event/400/,Marbella (L),16/09/2005 – 17/09/2005
2005,UIAA Worldcup (L+S) - Shanghai (CHN) 2005,https://ifsc.results.info/event/401/,Shanghai (L+S),21/10/2005 – 22/10/2005
2005,UIAA Worldcup (L) - Valence (FRA) 2005,https://ifsc.results.info/event/402/,Valence (L),27/10/2005 – 29/10/2005
2005,UIAA Worldcup (L) - Kranj (SLO) 2005,https://ifsc.results.info/event/403/,Geneva,07/10/2005 – 08/10/2005
2005,UIAA World Youth Championship - Bejing (CHN) 2005,https://ifsc.results.info/event/404/,Arco,02/09/2005 – 03/09/2005
2005,UIAA Asian Championship - Iran 2005,https://ifsc.results.info/event/405/,Iran,22/09/2005 – 23/09/2005
2005,Asian Youth Championships,https://ifsc.results.info/event/406/,Kranj,25/11/2005 – 26/11/2005
2005,European Youth Cup - Brno (CZE) 2005,https://ifsc.results.info/event/407/,EYC Brno,15/04/2005 – 16/04/2005
2005,European Youth Cup - Imst (AUT) 2005,https://ifsc.results.info/event/408/,Imst,20/05/2005 – 21/05/2005
2005,European Youth Cup - Geneva (SUI) 2005,https://ifsc.results.info/event/409/,Penne,04/11/2005 – 05/11/2005
2005,European Youth Cup - Penne (ITA) 2005,https://ifsc.results.info/event/410/,Kranj (L),18/11/2005 – 19/11/2005
2005,European Youth Cup - Kranj (SLO) 2005,https://ifsc.results.info/event/411/,AYC,03/12/2005 – 04/12/2005
2005,International World Games (L+S) - Duisburg (GER) 2005,https://ifsc.results.info/event/412/,Duisburg,22/07/2005 – 23/07/2005
2005,Int. Event - Open Youth Marseille (FRA) 2005,https://ifsc.results.info/event/413/,Veliko Tarnovo (L+S),23/04/2005 – 25/04/2005
2005,Int. Event (B) Mello Blocco - Val Masino (ITA) 2005,https://ifsc.results.info/event/414/,Val Masino,06/05/2005 – 07/05/2005
2005,Spiderkids - Youth Color Climbing Festival Imst (AUT) 2005,https://ifsc.results.info/event/415/,Imst YCCF,03/06/2005 – 04/06/2005
2005,Int. Event (L+B+S) Rock Junior - Arco (ITA) 2005,https://ifsc.results.info/event/416/,Fiera (B),16/06/2005 – 17/06/2005
2005,Int. Youth Event - Citta di Ravenna (ITA) 2005,https://ifsc.results.info/event/417/,Citta di Ravenna,24/06/2005 – 26/06/2005
2005,Int. Event - EYOF Climbing Demonstration Ligano (ITA),https://ifsc.results.info/event/418/,Ligano,07/07/2005
2005,Int. Youth Event - Petzen Trophy Kärnten 2005,https://ifsc.results.info/event/419/,Kärnten,08/07/2005 – 10/07/2005
2005,Int. Youth Event - EYOF - Lignano (ITA) 2005,https://ifsc.results.info/event/420/,Lignano Youth,08/07/2005 – 09/07/2005
2005,Int. Event (L) - Serre Chevalier (FRA) 2005,https://ifsc.results.info/event/421/,Daone (S),29/07/2005 – 30/07/2005
2005,Int. Event (B) - L'Argentiere (FRA) 2005,https://ifsc.results.info/event/422/,L'Argentiere,05/08/2005
2005,Int. Event (L+B+S) ROCKMASTER - Arco (ITA) 2005,https://ifsc.results.info/event/423/,Bejing,24/08/2005 – 25/08/2005
2005,Int. Event (L) - Lisbon (POR) 2005,https://ifsc.results.info/event/424/,Lisbon,30/09/2005 – 01/10/2005
2006,UIAA Climbing Worldcup (B) - Birmingham (GBR) 2006,https://ifsc.results.info/event/425/,Birmingham (B),17/03/2006 – 19/03/2006
2006,UIAA Climbing Worldcup (B+S) - Veliko Tarnovo (BUL) 2006,https://ifsc.results.info/event/426/,Veliko Tarnovo (B+S),21/04/2006 – 22/04/2006
2006,UIAA Climbing Worldcup (L) - Puurs (BEL) 2006,https://ifsc.results.info/event/427/,Puurs (L),28/04/2006 – 29/04/2006
2006,UIAA Climbing Worldcup (B) - Rovereto (ITA) 2006,https://ifsc.results.info/event/428/,Rovereto (B),12/05/2006 – 14/05/2006
2006,UIAA Climbing Worldcup (L+S) - Dresden (GER) 2006,https://ifsc.results.info/event/429/,Dresden (L+S),19/05/2006 – 20/05/2006
2006,UIAA Climbing Worldcup (B) - Grindelwald (SUI) 2006,https://ifsc.results.info/event/430/,Arco Rock Junior,17/06/2006 – 18/06/2006
2006,UIAA Climbing Worldcup (B) - Fiera di Primiero (ITA) 2006,https://ifsc.results.info/event/431/,EYC Imst,27/05/2006 – 28/05/2006
2006,UIAA Climbing Worldcup (B) - Hall (AUT) 2006,https://ifsc.results.info/event/432/,Hall (B),22/06/2006 – 23/06/2006
2006,UIAA Climbing Worldcup (L+S) - Chamonix (FRA) 2006,https://ifsc.results.info/event/433/,Chamonix (L+S),12/07/2006 – 13/07/2006
2006,UIAA Climbing Worldcup (L) - Qinghai Province (CHN) 2006,https://ifsc.results.info/event/434/,Qinghai (L),29/07/2006 – 30/07/2006
2006,UIAA Climbing Worldcup (S) - Val Daone (ITA) 2006,https://ifsc.results.info/event/435/,Singapore (L+S),05/08/2006 – 06/08/2006
2006,UIAA Climbing Worldcup (L+S) - Singapore (SIN) 2006,https://ifsc.results.info/event/436/,Daone (S),29/07/2006 – 30/07/2006
2006,UIAA Climbing Worldcup (L+S) - Kuala Lumpur (MAS) 2006,https://ifsc.results.info/event/437/,Kuala Lumpur (L+S),12/08/2006 – 13/08/2006
2006,UIAA Climbing Worldcup (L) - Marbella (ESP) 2006,https://ifsc.results.info/event/438/,Arco,02/09/2006 – 03/09/2006
2006,UIAA Climbing Worldcup (L+S) - Shanghai (CHN) 2006,https://ifsc.results.info/event/439/,Shanghai (L+S),02/10/2006 – 03/10/2006
2006,UIAA Climbing Worldcup (B+S) - Moscow (RUS) 2006,https://ifsc.results.info/event/440/,Moscow (B+S),02/11/2006 – 04/11/2006
2006,UIAA Climbing Worldcup (L) - Penne (ITA) 2006,https://ifsc.results.info/event/441/,Kranj (L),18/11/2006 – 19/11/2006
2006,UIAA Worldcup (L) - Kranj (SLO) 2006,https://ifsc.results.info/event/442/,Penne (L),11/11/2006 – 12/11/2006
2006,UIAA World Youth Championship - Imst (AUT) 2006,https://ifsc.results.info/event/443/,Imst,24/08/2006 – 27/08/2006
2006,UIAA Asian Championships - Kaoshiung (TPE) 2006,https://ifsc.results.info/event/444/,Kaoshiung,26/10/2006 – 29/10/2006
2006,UIAA European Championship - Ekatarinburg (RUS) 2006,https://ifsc.results.info/event/445/,Citta di Ravenna,23/06/2006 – 25/06/2006
2006,European Youth Cup - Imst (AUT) 2006 after disqualification,https://ifsc.results.info/event/446/,YCCF Imst,02/06/2006 – 03/06/2006
2006,European Youth Cup - Gdansk (POL) 2006,https://ifsc.results.info/event/447/,EYC Gdansk,22/07/2006 – 23/07/2006
2006,European Youth Cup - Velika Tarnovo (BUL) 2006,https://ifsc.results.info/event/448/,EYC Velika Tarnovo,07/10/2006 – 08/10/2006
2006,European Youth Cup - Annecy (FRA) 2006,https://ifsc.results.info/event/449/,EYC Annecy,28/10/2006 – 29/10/2006
2006,European Youth Cup - Kranj (SLO) 2006,https://ifsc.results.info/event/450/,Erlangen,30/03/2007 – 31/03/2007
2006,Central South America Championship - San Juan de los Morros (VEN),https://ifsc.results.info/event/451/,Cent.South Am.Champ.,19/05/2006 – 21/05/2006
2006,North American Championships (L+S) - Denver Colorado (USA) 2006,https://ifsc.results.info/event/452/,American Champ.,24/11/2006 – 25/11/2006
2006,Int. Event - Open Youth Marseille (FRA) 2006,https://ifsc.results.info/event/453/,Marseille,22/04/2006 – 23/04/2006
2006,Promotional Event - Melloblocco (ITA) 2006,https://ifsc.results.info/event/454/,Melloblocco,06/05/2006 – 07/05/2006
2006,Youth Color Climbing Festival Imst (AUT) 2006,https://ifsc.results.info/event/455/,Fiera di Primiero(B),16/06/2006 – 17/06/2006
2006,Int. Event (L+B+S) Rock Junior - Arco (ITA) 2006,https://ifsc.results.info/event/456/,Grindelwald (B),09/06/2006 – 10/06/2006
2006,Int. Youth Event - Citta di Ravenna (ITA) 2006,https://ifsc.results.info/event/457/,Ekatarinburg,29/06/2006 – 03/07/2006
2006,Spiderkids - Kärnten (AUT) 2006,https://ifsc.results.info/event/458/,Spiderkids Kärnten,07/07/2006 – 08/07/2006
2006,Int. Youth Event - Petzen Trophy Kärnten (AUT) 2006,https://ifsc.results.info/event/459/,Kärnten,07/07/2006 – 09/07/2006
2006,Int. Event (L) - Serre Chevalier (FRA) 2006,https://ifsc.results.info/event/460/,Serre Chevalier,21/07/2006 – 22/07/2006
2006,Promotional Event (L+S) - Friedrichshafen 2006,https://ifsc.results.info/event/461/,L'Argentiere,28/07/2006
2006,International Event (B) - L'Argentiere la Bessee (FRA) 2006,https://ifsc.results.info/event/462/,Friedrichshafen,24/07/2006 – 26/07/2006
2006,Int. Event - Aggtelek Cup (HUN ) 2006,https://ifsc.results.info/event/463/,Aggtelek,18/08/2006 – 20/08/2006
2006,Int. Event (L+B+S) ROCKMASTER - Arco (ITA) 2006,https://ifsc.results.info/event/464/,Marbella (L),16/09/2006 – 17/09/2006
2006,International Event (B) - La Colmiane (FRA) 2006,https://ifsc.results.info/event/465/,La Colmiane,16/09/2006 – 17/09/2006
2006,International Event (L) - Dima-Bilbao (ESP) 2006,https://ifsc.results.info/event/466/,Dima-Bilbao,11/10/2006 – 14/10/2006
2006,Int. Youth Event - 2. BELGRADE OPEN TROFEY,https://ifsc.results.info/event/467/,Belgrad,28/10/2006 – 29/10/2006
2007,IFSC Climbing Worldcup (B) - Erlangen (GER) 2007,https://ifsc.results.info/event/468/,Birmingham,16/03/2007 – 18/03/2007
2007,IFSC Climbing Worldcup (S) - Tarnow (POL) 2007,https://ifsc.results.info/event/469/,EXC Kranj,25/11/2006 – 26/11/2006
2007,IFSC Climbing Worldcup (B) - Sofia (BUL) 2007,https://ifsc.results.info/event/470/,Hall,27/04/2007 – 28/04/2007
2007,IFSC Climbing Worldcup (B) - Hall (AUT) 2007,https://ifsc.results.info/event/471/,Trento,01/05/2007
2007,IFSC Climbing Worldcup (S) - Trento (ITA) 2007,https://ifsc.results.info/event/472/,La Reunion,04/05/2007 – 05/05/2007
2007,IFSC Climbing Worldcup (B) - La Reunion (FRA) 2007,https://ifsc.results.info/event/473/,Sofia,20/04/2007 – 22/04/2007
2007,IFSC Climbing Worldcup (L) - Imst (AUT) 2007,https://ifsc.results.info/event/474/,Melloblocco,05/05/2007 – 06/05/2007
2007,IFSC Climbing Worldcup (B) - Grindelwald (SUI) 2007,https://ifsc.results.info/event/475/,Grindelwald,08/06/2007 – 09/06/2007
2007,IFSC Climbing Worldcup (L) - Zürich (SUI) 2007,https://ifsc.results.info/event/476/,YCF Arco,08/06/2007 – 09/06/2007
2007,IFSC Climbing Worldcup (B) - Fiera di Primiero (ITA) 2007,https://ifsc.results.info/event/477/,Fiera,22/06/2007 – 23/06/2007
2007,IFSC Climbing Worldcup (S+L) - Chamonix (FRA) 2007,https://ifsc.results.info/event/478/,Chamonix,11/07/2007 – 13/07/2007
2007,IFSC Climbing Worldcup (S) - Val Daone (ITA) 2007,https://ifsc.results.info/event/479/,L'Argentiere,28/07/2007
2007,IFSC Climbing Worldcup (L+S) - Qinghai (CHN) 2007,https://ifsc.results.info/event/480/,EYS Warsaw,21/07/2007 – 22/07/2007
2007,IFSC Climbing World Championship (L + B + S) - Aviles (ESP) 2007,https://ifsc.results.info/event/481/,Puurs,28/09/2007 – 29/09/2007
2007,IFSC Climbing Worldcup (L+S) - Puurs (BEL) 2007,https://ifsc.results.info/event/482/,Arco,08/09/2007 – 09/09/2007
2007,IFSC Climbing Worldcup (L) - Kazo (JPN) 2007,https://ifsc.results.info/event/483/,Macau,29/10/2007 – 03/11/2007
2007,IFSC Climbing Worldcup (L) - Valence (FRA) 2007,https://ifsc.results.info/event/484/,Valence,02/11/2007 – 03/11/2007
2007,IFSC Climbing Worldcup (B) - Brno (CZE) 2007,https://ifsc.results.info/event/485/,Guangzhou,08/11/2007 – 11/11/2007
2007,IFSC Climbing Worldcup (L) - Kranj (SLO) 2007,https://ifsc.results.info/event/486/,Kranj,17/11/2007 – 18/11/2007
2007,IFSC Climbing World Youth Championship - Ibarra (ECU) 2007,https://ifsc.results.info/event/487/,Ibarra,23/08/2007 – 26/08/2007
2007,IFSC Asian Championships - Guangzhou (CHN) 2007,https://ifsc.results.info/event/488/,Brno,09/11/2007 – 10/11/2007
2007,IFSC European Boulder Championship - Birmingham (GBR) 2007,https://ifsc.results.info/event/489/,Tarnow,13/04/2007 – 14/04/2007
2007,European Youth Series - Imst (AUT) 2007,https://ifsc.results.info/event/490/,EYS Imst,19/05/2007 – 20/05/2007
2007,European Youth Series - Veliko Tarnovo (BUL) 2007,https://ifsc.results.info/event/491/,EYS Velika,30/06/2007 – 01/07/2007
2007,European Youth Series - Leipzig (GER) 2007,https://ifsc.results.info/event/492/,EYS Leipzig,07/07/2007 – 08/07/2007
2007,European Youth Series - Warsaw (POL) 2007,https://ifsc.results.info/event/493/,Val Daone,21/07/2007 – 22/07/2007
2007,European Youth Series - Linz (AUT) 2007,https://ifsc.results.info/event/494/,Kazo,13/10/2007 – 14/10/2007
2007,European Youth Series - Kranj (SLO) 2007,https://ifsc.results.info/event/495/,EYS Kranj,24/11/2007 – 25/11/2007
2007,Asian Indoor Games - Macau,https://ifsc.results.info/event/496/,EYS Linz,27/10/2007 – 28/10/2007
2007,Youth Event - Marseille (FRA) 2007,https://ifsc.results.info/event/497/,Marseille,13/04/2007 – 14/04/2007
2007,Promotional Event - Melloblocco (ITA) 2007,https://ifsc.results.info/event/498/,Imst,11/05/2007 – 12/05/2007
2007,Youth Color Climbing Festival - Imst (AUT) 2007,https://ifsc.results.info/event/499/,YCF Imst,25/05/2007 – 26/05/2007
2007,International Event (B) Ukrainian Verticals - Kiev (UKR),https://ifsc.results.info/event/500/,Kiev,26/05/2007
2007,Youth Event Rock Junior - Arco (ITA) 2007,https://ifsc.results.info/event/501/,Zürich,15/06/2007 – 16/06/2007
2007,Youth Event - Ravenna (ITA) 2007,https://ifsc.results.info/event/502/,YCF Ravenna,22/06/2007 – 24/06/2007
2007,International Event - Swiss Master Outdoor Games - Interlaken (SUI) 2007,https://ifsc.results.info/event/503/,Interlaken,30/06/2007 – 01/07/2007
2007,Int. Youth Event - Petzen Trophy Kärnten (AUT) 2007,https://ifsc.results.info/event/504/,Petzen,06/07/2007 – 08/07/2007
2007,Int. Event (L) - Serre Chevalier (FRA) 2007,https://ifsc.results.info/event/505/,Serre Chevalier,20/07/2007 – 21/07/2007
2007,International Event (B) - L'Argentiere la Bessee (FRA) 2007,https://ifsc.results.info/event/506/,Qinghai,11/08/2007 – 12/08/2007
2007,International Event (B) - La Colmiane (FRA) Masters 2007,https://ifsc.results.info/event/507/,La Colmiane,25/08/2007 – 26/08/2007
2007,Promotional Event - Boulder Cup Novi Sad (SRB) 2007,https://ifsc.results.info/event/508/,NoviSad,01/09/2007 – 02/09/2007
2007,Int. Event (L+B+S) ROCKMASTER - Arco (ITA) 2007,https://ifsc.results.info/event/509/,Aviles,17/09/2007 – 23/09/2007
2007,Int. Youth Event - 3. BELGRADE OPEN TROPHY (SRB) 2007,https://ifsc.results.info/event/510/,Belgrade,06/10/2007 – 07/10/2007
2007,Promo Event (L+S) Asia Cup - Changsha (CMA),https://ifsc.results.info/event/511/,Asiacup2007,05/11/2007 – 06/11/2007
2008,IFSC Climbing Worldcup (B) - Hall (AUT) 2008,https://ifsc.results.info/event/512/,HALL,18/04/2008 – 19/04/2008
2008,IFSC Climbing Worldcup (S) - Trento (ITA) 2008,https://ifsc.results.info/event/513/,TRENTO,27/04/2008
2008,IFSC Climbing Worldcup (B) - Reunion (FRA) 2008,https://ifsc.results.info/event/514/,REUNION,02/05/2008 – 03/05/2008
2008,IFSC Climbing Worldcup (B) - Grindelwald (SUI) 2008,https://ifsc.results.info/event/515/,GRINDELWALD,30/05/2008 – 31/05/2008
2008,IFSC Climbing Worldcup (B) - Vail (USA) 2008,https://ifsc.results.info/event/516/,08_JS_RJ,07/06/2008 – 08/06/2008
2008,IFSC Climbing Worldcup (B) - Fiera di Primiero (ITA) 2008,https://ifsc.results.info/event/517/,08_EY_WU,21/06/2008 – 22/06/2008
2008,IFSC Climbing Worldcup (S + L) - Qinghai (CHN) 2008,https://ifsc.results.info/event/518/,QINGHAI,27/06/2008 – 28/06/2008
2008,IFSC Climbing Worldcup (B) - Montauban (FRA) 2008,https://ifsc.results.info/event/519/,MONTAUBAN,04/07/2008 – 05/07/2008
2008,IFSC Climbing Worldcup (S+L) - Chamonix (FRA) 2008,https://ifsc.results.info/event/520/,08_JS_KA,04/07/2008 – 06/07/2008
2008,IFSC Climbing Worldcup (S) - Val Daone (ITA) 2008,https://ifsc.results.info/event/521/,VAL DAONE,19/07/2008 – 20/07/2008
2008,IFSC Climbing Worldcup (L) - Bern (SUI) 2008,https://ifsc.results.info/event/522/,08_WC_IM,19/09/2008 – 20/09/2008
2008,IFSC Climbing Worldcup (L) - Imst (AUT) 2008,https://ifsc.results.info/event/523/,08_IE_AR,06/09/2008 – 07/09/2008
2008,IFSC Climbing Worldcup (L+S) - Puurs (BEL) 2008,https://ifsc.results.info/event/524/,08_WC_PU,26/09/2008 – 27/09/2008
2008,IFSC Climbing Worldcup (S+B) - Moscow (RUS) 2008,https://ifsc.results.info/event/525/,,30/10/2008 – 02/11/2008
2008,IFSC Climbing Worldcup (L) - Kranj (SLO) 2008,https://ifsc.results.info/event/526/,08_WC_KR,15/11/2008 – 16/11/2008
2008,IFSC Climbing World Youth Championship - Sydney (AUS) 2008,https://ifsc.results.info/event/527/,Sidney,28/08/2008 – 31/08/2008
2008,IFSC ParaClimbing Cup 2008 - Moscow (RUS),https://ifsc.results.info/event/528/,,31/10/2008 – 01/11/2008
2008,IFSC Asian Championships (B+L+S) - Guangzhou (CHN) 2008,https://ifsc.results.info/event/529/,08_IE_DI,23/05/2008 – 24/05/2008
2008,Asian Youth Championship (L+S) - Yamaguchi (JPN) 2008,https://ifsc.results.info/event/530/,08_WC_MS,31/10/2008 – 02/11/2008
2008,IFSC European Championship - Paris (FRA) 2008,https://ifsc.results.info/event/531/,Paris,15/10/2008 – 18/10/2008
2008,IFSC European Youth Series (L) - Prague (CZE) 2008,https://ifsc.results.info/event/532/,08_JS_PR,17/05/2008 – 18/05/2008
2008,IFSC European Youth Series (L+S) - Wuppertal (GER) 2008,https://ifsc.results.info/event/533/,FIERA DI PRIMIERO,13/06/2008 – 14/06/2008
2008,IFSC European Youth Series (L) - Imst (AUT) 2008,https://ifsc.results.info/event/534/,08EYC_IM,27/09/2008 – 28/09/2008
2008,IFSC European Youth Series (L) - Annecy (FRA) 2008,https://ifsc.results.info/event/535/,08_EY_AN,01/11/2008 – 02/11/2008
2008,IFSC European Youth Series (L) - Kranj (SLO) 2008,https://ifsc.results.info/event/536/,08_EY_KR,22/11/2008 – 23/11/2008
2008,Centre and South American Continental Championship Sport Climbing - Senior,https://ifsc.results.info/event/537/,,08/10/2008 – 12/10/2008
2008,North American Championships - Montreal (CAN) 2008,https://ifsc.results.info/event/538/,,29/11/2008
2008,Oceanian Championship - New Zealand,https://ifsc.results.info/event/539/,,03/10/2008 – 05/10/2008
2008,Regional Event (B) - Kitzbühel (AUT) 2008,https://ifsc.results.info/event/540/,08_PE_KI,04/04/2008 – 05/04/2008
2008,Int. Youth Event - Open Youth Aix-en-Provence (FRA) 2008,https://ifsc.results.info/event/541/,08_JS_MA,19/04/2008 – 20/04/2008
2008,Promo Event Kia X Games Asia (Speed) Shanghai (CHN) 2008,https://ifsc.results.info/event/542/,08_PE_SH,01/05/2008 – 03/05/2008
2008,Promotional Event Melloblocco (ITA) 2008,https://ifsc.results.info/event/543/,08_AC,21/05/2008 – 25/05/2008
2008,Youth Color Climbing Festival - Imst (AUT) 2008,https://ifsc.results.info/event/544/,08_JS_IM,10/05/2008 – 11/05/2008
2008,Int. Event (L+B) DimaRockmaster - Dima (ESP) 2008,https://ifsc.results.info/event/545/,08_PE_ME,08/05/2008 – 11/05/2008
2008,Int. Youth Event - Rock Junior (ITA) 2008,https://ifsc.results.info/event/546/,VAIL,06/06/2008 – 07/06/2008
2008,Promo Event Ambrosia Boulder Contest Zsombo (HUN) 2008,https://ifsc.results.info/event/547/,08_PE_ZS,28/06/2008 – 29/06/2008
2008,Int. Youth Event - Petzen Trophy Kärnten (AUT) 2008,https://ifsc.results.info/event/548/,CHAMONIX,12/07/2008 – 13/07/2008
2008,Int. Event (L) - Serre Chevalier (FRA) 2008,https://ifsc.results.info/event/549/,08_IE_SE,25/07/2008 – 26/07/2008
2008,Promo Event Tout a Bloc l'Argentière la Bessée (FRA) 2008,https://ifsc.results.info/event/550/,,31/07/2008 – 03/08/2008
2008,Promo Event Balkan Climbing Competition,https://ifsc.results.info/event/551/,08_PE_AR,30/07/2008 – 01/08/2008
2008,Promo Event - Asia Youth Cup Bali (Indonesia),https://ifsc.results.info/event/552/,,20/08/2008 – 24/08/2008
2008,Promotional Event BAZ Bouldering at Sea Scheveningen Beach (NED),https://ifsc.results.info/event/553/,08_WC_BE,12/09/2008 – 13/09/2008
2008,Int. Event (L+B+S) ROCKMASTER - Arco (ITA) 2008,https://ifsc.results.info/event/554/,08_PE_SB,30/08/2008 – 31/08/2008
2008,Intl. Event - TreX Games Busan 2008 Intl. Sport Climbing Competition,https://ifsc.results.info/event/555/,,28/09/2008 – 02/10/2008
2008,International Event (S + L) - Shanghai (CHN) 2008,https://ifsc.results.info/event/556/,,28/10/2008
2008,IFSC Hydromaster CHINA 2008,https://ifsc.results.info/event/557/,08_IE_SH,28/10/2008 – 29/10/2008
2008,Promo Indonesia Open Xtreme - Bandung,https://ifsc.results.info/event/558/,,28/11/2008 – 29/11/2008
2008,Promo Event - Nordic Bouldering Challenge- Lillehammer (NOR) 2008,https://ifsc.results.info/event/559/,,07/03/2009
2009,IFSC Climbing Worldcup (B) - Kazo (JPN) 2009,https://ifsc.results.info/event/560/,WC Tarnow,18/04/2009 – 19/04/2009
2009,IFSC Climbing Worldcup (S) - Tarnow (POL) 2009,https://ifsc.results.info/event/561/,WC Kazo,11/04/2009 – 12/04/2009
2009,IFSC Climbing Worldcup (S) - Trento (ITA) 2009,https://ifsc.results.info/event/562/,WC Trento,25/04/2009 – 26/04/2009
2009,IFSC Climbing Worldcup (B) - Hall (AUT) 2009,https://ifsc.results.info/event/563/,WC Hall,01/05/2009 – 02/05/2009
2009,IFSC Climbing Worldcup (B) - Wien (AUT) 2009,https://ifsc.results.info/event/564/,WC Wien,29/05/2009 – 30/05/2009
2009,IFSC Climbing Worldcup (B) - Vail (USA) 2009,https://ifsc.results.info/event/565/,,06/06/2009 – 07/06/2009
2009,IFSC Climbing Worldcup (B) - Eindhoven (NED) 2009,https://ifsc.results.info/event/566/,Quinghai,30/06/2009 – 05/07/2009
2009,IFSC Climbing World Championships - Qinghai (CHN) 2009 - 15m Speed,https://ifsc.results.info/event/567/,WC Eindhoven,12/06/2009 – 13/06/2009
2009,IFSC Climbing World Championships - Qinghai (CHN) 2009,https://ifsc.results.info/event/568/,,20/06/2009 – 21/06/2009
2009,"IFSC Climbing Worldcup (S, L) - Chamonix (FRA) 2009",https://ifsc.results.info/event/569/,,24/07/2009 – 25/07/2009
2009,IFSC Climbing Worldcup (S) - Daone (ITA) 2009,https://ifsc.results.info/event/570/,WC Barcelona,08/08/2009 – 09/08/2009
2009,IFSC Climbing Worldcup (L) - Barcelona (ESP) 2009,https://ifsc.results.info/event/571/,WC Daone,01/08/2009 – 02/08/2009
2009,IFSC Climbing Worldcup (L) - Imst (AUT) 2009,https://ifsc.results.info/event/572/,,15/08/2009
2009,IFSC Climbing Worldcup (L) - Puurs (BEL) 2009,https://ifsc.results.info/event/573/,,03/10/2009 – 04/10/2009
2009,IFSC Climbing Worldcup (L) - Brno (CZE) 2009,https://ifsc.results.info/event/574/,EYS Kaliningrad,16/10/2009 – 18/10/2009
2009,IFSC Climbing Worldcup (L) - Kranj (SLO) 2009,https://ifsc.results.info/event/575/,WC Kranj,14/11/2009 – 15/11/2009
2009,IFSC World Youth Championships - Valence (FRA) 2009,https://ifsc.results.info/event/576/,,28/08/2009 – 29/08/2009
2009,IFSC Paraclimbing Cup - Val Daone (ITA) - 2009,https://ifsc.results.info/event/577/,,01/08/2009 – 02/08/2009
2009,Asia Cup Bouldering,https://ifsc.results.info/event/578/,,17/04/2009 – 18/04/2009
2009,Asia Championship - Chuncheon (KOR) - 2009,https://ifsc.results.info/event/579/,Asia Championship,28/08/2009 – 30/08/2009
2009,Asia Youth Championship - Almaty (KAZ) - 2009,https://ifsc.results.info/event/580/,,24/07/2009 – 26/07/2009
2009,European Youth Series - Imst (AUT) 2009,https://ifsc.results.info/event/581/,,30/05/2009 – 31/05/2009
2009,IFSC European Youth Series (L+S) - Munich (GER),https://ifsc.results.info/event/582/,EYS Edinburgh,19/09/2009 – 20/09/2009
2009,IFSC European Youth Series - Edinburgh (GBR),https://ifsc.results.info/event/583/,EYS Munich,12/09/2009 – 13/09/2009
2009,IFSC European Youth Series (L+S) - Kaliningrad (RUS),https://ifsc.results.info/event/584/,WC Brno,06/11/2009 – 07/11/2009
2009,IFSC European Youth Series - Kranj (SLO) 2009,https://ifsc.results.info/event/585/,EYS Kranj,21/11/2009 – 22/11/2009
2009,"Oceania Championship - Port Maquarie, NSW (AUS) 2009",https://ifsc.results.info/event/586/,WC Puurs,25/09/2009 – 26/09/2009
2009,Asian X Games (S) - Shanghai (CHN) 2009,https://ifsc.results.info/event/587/,,30/04/2009 – 05/05/2009
2009,World Games (L+S) - Kaohsiung (TPE) 2009,https://ifsc.results.info/event/588/,,18/07/2009 – 19/07/2009
2009,Intl. Event (B) - Boulder Promo - Sheffield (GBR) 2009,https://ifsc.results.info/event/589/,08_NC,04/12/2008 – 07/12/2008
2009,Shanghai Rock Master (L + S) - Shanghai (CHN) 2009,https://ifsc.results.info/event/590/,,08/05/2009 – 09/05/2009
2009,Promotional Event - Melloblocco (ITA),https://ifsc.results.info/event/591/,09_03,02/05/2009 – 03/05/2009
2009,Intl. Event (B) - Open Boulder Austria and Germany Cup- Kitzbuhel (AUT) 2009,https://ifsc.results.info/event/592/,,07/05/2009 – 10/05/2009
2009,"Promo Event - Rock Master Ecuador (L, B, S) - Quito (ECU)",https://ifsc.results.info/event/593/,,14/05/2009 – 17/05/2009
2009,Intl. Event - Youth Color Climbing Festival- Imst (AUT) 2009,https://ifsc.results.info/event/594/,EYS Imst,23/05/2009 – 24/05/2009
2009,Intl. Event - Rockjunior - Arco (ITA) 2009,https://ifsc.results.info/event/595/,WC Vail,05/06/2009 – 06/06/2009
2009,Ambrosia Boulder Promo,https://ifsc.results.info/event/596/,,10/07/2009 – 12/07/2009
2009,Intl. Youth Event - Petzen Climbing Trophy - Petzen (AUT) 2009,https://ifsc.results.info/event/597/,Qinghai 15m,30/06/2009 – 05/07/2009
2009,Friedrichshafen Speed Promo - Friedrichshafen (GER) - 2009,https://ifsc.results.info/event/598/,,18/07/2009 – 19/07/2009
2009,Intl. Event (L) - Lead Masters - Serre Chevalier (FRA) 2009,https://ifsc.results.info/event/599/,WC Chamonix,12/07/2009 – 13/07/2009
2009,Promo event - European Youth Speed Cup - Stuttgart (GER) 2009,https://ifsc.results.info/event/600/,,25/07/2009
2009,Promo Event (B) - Boulder Promo - Argentiere (FRA) 2009,https://ifsc.results.info/event/601/,,29/07/2009 – 31/07/2009
2009,Promo Event - Bronx Rock Invitational - Cologne (GER) 2009,https://ifsc.results.info/event/602/,WC Imst,21/08/2009 – 22/08/2009
2009,Promo Event - Innsbruck (AUT) - 2009,https://ifsc.results.info/event/603/,,27/08/2009 – 30/08/2009
2009,Promo Event - BAZ - Scheveningen Beach (NED) - 2009,https://ifsc.results.info/event/604/,,29/08/2009 – 30/08/2009
2009,Int. Event (L+B+S) ROCKMASTER - Arco (ITA) 2009,https://ifsc.results.info/event/605/,,05/09/2009 – 06/09/2009
2009,"Intl. Event (L) - Lead Masters - Dur&Go Climbing Master, Durango (ESP) 2009",https://ifsc.results.info/event/606/,,11/09/2009 – 12/09/2009
2009,Promo Event - Indonesia Open Xtreme - Makasar (INA) 2009,https://ifsc.results.info/event/607/,,15/10/2009 – 16/10/2009
2010,IFSC Climbing Worldcup (S) - Trento (ITA) 2010,https://ifsc.results.info/event/608/,Kitzbuhel Promo,23/04/2010 – 24/04/2010
2010,IFSC Climbing Worldcup (B) - Greifensee (SUI) 2010,https://ifsc.results.info/event/609/,WC Greifensee,14/05/2010 – 15/05/2010
2010,IFSC Climbing Worldcup (B) - Wien (AUT) 2010,https://ifsc.results.info/event/610/,WC Wien,28/05/2010 – 30/05/2010
2010,IFSC Climbing Worldcup (B) - Vail (USA) 2010,https://ifsc.results.info/event/611/,WC Vail,04/06/2010 – 05/06/2010
2010,"IFSC Climbing Worldcup (B,S) - Moscow (RUS) 2010",https://ifsc.results.info/event/612/,WC Moscow,17/06/2010 – 21/06/2010
2010,IFSC Climbing Worldcup (B) - Eindhoven (NED) 2010,https://ifsc.results.info/event/613/,WC Eindhoven,25/06/2010 – 26/06/2010
2010,IFSC Climbing Worldcup (B) - Sheffield (GBR) 2010,https://ifsc.results.info/event/614/,IE Petzen,09/07/2010 – 11/07/2010
2010,"IFSC Climbing Worldcup (L,S) - Chamonix (FRA) 2010",https://ifsc.results.info/event/615/,Wc Chamonix,12/07/2010 – 13/07/2010
2010,IFSC Climbing Worldcup (S) - Daone (ITA) 2010,https://ifsc.results.info/event/616/,WC Daone,24/07/2010 – 25/07/2010
2010,IFSC Climbing Worldcup (B) - Munich (GER) 2010,https://ifsc.results.info/event/617/,WC Xining,20/08/2010 – 21/08/2010
2010,"IFSC Climbing Worldcup (L, S) - Xining (CHN) 2010",https://ifsc.results.info/event/618/,WC Chuncheon,28/08/2010 – 30/08/2010
2010,"IFSC Climbing Worldcup (L,S) - Chuncheon (KOR) 2010",https://ifsc.results.info/event/619/,WC Munich,30/07/2010 – 31/07/2010
2010,IFSC Climbing Worldcup (L) - Puurs (BEL) 2010,https://ifsc.results.info/event/620/,Youyang Promo,28/09/2010 – 30/09/2010
2010,"IFSC Climbing Worldcup (L, S) - Huaiji (CHN) 2010",https://ifsc.results.info/event/621/,EYS Veliko Tarnovo,02/10/2010 – 03/10/2010
2010,IFSC Climbing Worldcup (L) - Kranj (SLO) 2010,https://ifsc.results.info/event/622/,WC Kranj,13/11/2010 – 14/11/2010
2010,IFSC World Youth Championship - Edinburgh (GBR) - 2010,https://ifsc.results.info/event/623/,WC Puurs,24/09/2010 – 25/09/2010
2010,IFSC Paraclimbing Cup - Daone (FRA) - 2010,https://ifsc.results.info/event/624/,Argentiere Youth,22/07/2010 – 24/07/2010
2010,IFSC Paraclimbing Cup - Daone (ITA) 2010,https://ifsc.results.info/event/625/,Paraclimbing Daone,24/07/2010 – 25/07/2010
2010,IFSC Paraclimbing Cup - Chiba (JPN) 2010,https://ifsc.results.info/event/626/,Paraclimbing Chiba,04/12/2010 – 05/12/2010
2010,Asian Continental Championship,https://ifsc.results.info/event/627/,ACH_Changzi,16/09/2010 – 19/09/2010
2010,European Speed Cup - Friedrichshafen (GER) 2010,https://ifsc.results.info/event/628/,ESC Friedrichshafen,15/07/2010
2010,European Championship - Imst/Innsbruck (AUT) 2010,https://ifsc.results.info/event/629/,ECH Imst/Innsbruck,14/09/2010 – 18/09/2010
2010,European Speed Cup - Nicosia (CYP) 2010,https://ifsc.results.info/event/630/,PAC YCH Ibarra,23/11/2010 – 28/11/2010
2010,European Youth Series - Imst (AUT) 2010,https://ifsc.results.info/event/631/,EYS_Imst,05/06/2010 – 06/06/2010
2010,European Youth Series - Friedrichschafen (GER) 2010,https://ifsc.results.info/event/632/,EYS Freidrichshafen,15/07/2010
2010,European Youth Series - Wien (AUT) 2010,https://ifsc.results.info/event/633/,,06/09/2010 – 07/09/2010
2010,European Youth Series - Veliko Tarnovo (BUL) 2010,https://ifsc.results.info/event/634/,EYS Annecy,23/10/2010 – 24/10/2010
2010,European Youth Series - Annecy (France) 2010,https://ifsc.results.info/event/635/,WC Huaiji,29/10/2010 – 30/10/2010
2010,European Youth Series - Kranj (SLO) 2010,https://ifsc.results.info/event/636/,ESC Nicosia,04/12/2010 – 05/12/2010
2010,"IFSC PanAmerican Championship (L, S, B) - Quito (ECU) 2010",https://ifsc.results.info/event/637/,Youth Color Imst,21/05/2010 – 23/05/2010
2010,"PanAmerican Youth Championship (L,S, B) - Ibarra (ECU)",https://ifsc.results.info/event/638/,EYS Kranj,20/11/2010 – 21/11/2010
2010,Oceania Continental Championship - Auckland (NZL) 2010,https://ifsc.results.info/event/639/,RM_Jangyin,02/11/2010 – 03/11/2010
2010,CISM Winter Military World Games - Courmayeur (ITA) 2010,https://ifsc.results.info/event/640/,CISM Courmayeur,21/03/2010 – 22/03/2010
2010,International University Bouldering Trophy Avogadro - Pollone (ITA) 2010,https://ifsc.results.info/event/641/,Sheffield PromoEvent,20/03/2010
2010,Regional European Competition (L + S) - Volos and Almyros (GRE) 2010,https://ifsc.results.info/event/642/,Melloblocco,06/05/2010 – 09/05/2010
2010,European Promo Event - Boulder - Sheffield (GBR) 2010,https://ifsc.results.info/event/643/,Pollone,20/03/2010
2010,Promo Event - Bodensee Climbing Trophy - Dornbirn (AUT) 2010,https://ifsc.results.info/event/644/,PE Dornbirn,13/03/2010 – 14/03/2010
2010,Promotional Event - Kitzbuhel (AUT) 2010,https://ifsc.results.info/event/645/,REC Greece,23/04/2010 – 24/04/2010
2010,Promotional Event - Melloblocco (ITA) 2010,https://ifsc.results.info/event/646/,Melloblocco Promo,06/05/2010 – 09/05/2010
2010,Promo Event - Melloblocco (ITA) 2010,https://ifsc.results.info/event/647/,WC Trento,30/04/2010 – 01/05/2010
2010,Intl. Event - Youth Color Climbing Festival - Imst (AUT) 2010,https://ifsc.results.info/event/648/,PACH Quito,18/05/2010 – 22/05/2010
2010,International Youth Event - Rockjunior - Arco (ITA) 2010,https://ifsc.results.info/event/649/,Rockjunior Arco,05/06/2010 – 06/06/2010
2020,IFSC - Climbing World Cup (L) - Briançon (FRA) 2020,https://ifsc.results.info/event/65/,Belgrad (KOS),14/08/2020 – 16/08/2020
2010,Intl. Event - Rock Junior - Arco (ITA) 2010,https://ifsc.results.info/event/650/,Rock Junior Arco,04/06/2010 – 05/06/2010
2010,Ambrosia Boulder Contest - Zsombo (HUN) 2010,https://ifsc.results.info/event/651/,Ambrosia Boulder,25/06/2010 – 27/06/2010
2010,"Junior Climbing Marathon (B, L) - Traversella (ITA) 2010",https://ifsc.results.info/event/652/,Jun Marathon,26/06/2010 – 27/06/2010
2010,International Event - Petzen Climbing Trophy - Petzen (AUT) 2010,https://ifsc.results.info/event/653/,Petzen Climbing,09/07/2010 – 11/07/2010
2010,"Intl. Youth Event - Petzen Climbing Trophy (L, S, B) - Petzen (AUT) 2010",https://ifsc.results.info/event/654/,WC Sheffield,03/07/2010 – 04/07/2010
2010,Rock Master - World Championship Pre-event - Arco (ITA),https://ifsc.results.info/event/655/,Argentiere Boulder,22/07/2010 – 24/07/2010
2010,Rockmaster ARCO 2010 - Duel Lead,https://ifsc.results.info/event/656/,Rockmaster Arco,16/07/2010 – 18/07/2010
2010,European Youth Bouldering Event - L'Argeniere (FRA) 2010,https://ifsc.results.info/event/657/,Argentiere Boulder,21/07/2010 – 23/07/2010
2010,Promo Event (B) - Boulder Promo - Argentiere (FRA) 2010,https://ifsc.results.info/event/658/,10_Arco_Duel,18/07/2010
2010,European Youth Bouldering Event - L'Argentiere (FRA) 2010,https://ifsc.results.info/event/659/,Paraclimbing Daone,24/07/2010 – 25/07/2010
2010,L'Argentiere Boulder Promo - L'Argentiere (FRA) 2010,https://ifsc.results.info/event/660/,IE L'Argentiere,21/07/2010 – 23/07/2010
2010,"Lead International Event, Open International - Briancon (FRA) 2010",https://ifsc.results.info/event/661/,Lead Master Briancon,29/07/2010 – 31/07/2010
2010,HydroMaster Irkutsk - Irkutsk (RUS) 2010,https://ifsc.results.info/event/662/,EYS Wien,14/08/2010 – 15/08/2010
2010,"Promotional Event - Youyang, Chongqing (CHN)",https://ifsc.results.info/event/663/,Youth World Champ.,09/09/2010 – 12/09/2010
2010,Jiangyin Rock Master - Jiangyin (CHN) 2010,https://ifsc.results.info/event/664/,Oceania Championship,01/10/2010 – 03/10/2010
2011,"IFSC Climbing Worldcup (B,S) - Milano (ITA) 2011",https://ifsc.results.info/event/665/,Vienna,13/05/2011 – 14/05/2011
2011,IFSC Climbing Worldcup (B) - Log-Dragomer (SLO) 2011,https://ifsc.results.info/event/667/,Promo_Melloblocco,05/05/2011 – 08/05/2011
2011,IFSC Climbing Worldcup (B) - Vienna (AUT) 2011,https://ifsc.results.info/event/668/,Milano,14/04/2011 – 17/04/2011
2011,IFSC Climbing Worldcup (B) - Canmore (CAN) 2011,https://ifsc.results.info/event/669/,Edinburgh,20/05/2011 – 22/05/2011
2011,IFSC Climbing Worldcup (B) - Vail (USA) 2011,https://ifsc.results.info/event/670/,Vail,03/06/2011 – 04/06/2011
2011,IFSC Climbing Worldcup (B) - Eindhoven (NED) 2011,https://ifsc.results.info/event/671/,Eindhoven,17/06/2011 – 18/06/2011
2011,IFSC Climbing Worldcup (B) - Barcelona (ESP) 2011,https://ifsc.results.info/event/672/,Barcelona,25/06/2011 – 26/06/2011
2011,IFSC Climbing Worldcup (B) - Sheffield (GBR) 2011,https://ifsc.results.info/event/673/,Petzen Climbing,07/07/2011 – 08/07/2011
2011,"IFSC Climbing Worldcup (L,S) - Chamonix (FRA) 2011",https://ifsc.results.info/event/674/,Chamonix,12/07/2011 – 13/07/2011
2011,IFSC Climbing World Championships - Arco (ITA) 2011,https://ifsc.results.info/event/675/,WCH Arco 2011,15/07/2011 – 24/07/2011
2011,IFSC World Championship Lead Group A - Arco 2011,https://ifsc.results.info/event/676/,Arco Group A,20/07/2011 – 21/07/2011
2011,IFSC World Championship Lead Group B - Arco 2011,https://ifsc.results.info/event/677/,Arco Group B,20/07/2011 – 21/07/2011
2011,IFSC Climbing Worldcup (L) - Briançon (FRA) 2011,https://ifsc.results.info/event/678/,,28/07/2011 – 31/07/2011
2011,IFSC Climbing Worldcup (S) - Daone (ITA) 2011,https://ifsc.results.info/event/679/,Arendal Promo,12/08/2011 – 14/08/2011
2020,IFSC - Paraclimbing World Cup - Innsbruck (AUT) 2020 - POSTPONED,https://ifsc.results.info/event/68/,Hiroshima (JPN),03/04/2020 – 05/04/2020
2011,IFSC Climbing Worldcup (B) - Munich (GER) 2011,https://ifsc.results.info/event/680/,Munich,19/08/2011 – 20/08/2011
2011,"IFSC Climbing Worldcup (L,S) - Xining (CHN) 2011",https://ifsc.results.info/event/681/,Changzhi,07/09/2011 – 08/09/2011
2011,"IFSC Climbing Worldcup (L,S) - Changzhi (CHN) 2011",https://ifsc.results.info/event/682/,Xining,02/09/2011 – 03/09/2011
2011,IFSC Climbing Worldcup (L) - Puurs (BEL) 2011,https://ifsc.results.info/event/683/,Arco Rock Junior,01/10/2011 – 02/10/2011
2011,IFSC Climbing Worldcup (L) - Boulder (USA) 2011,https://ifsc.results.info/event/684/,Jiangyin_11,15/10/2011 – 16/10/2011
2011,IFSC Climbing Worldcup (L) - Amman (JOR) 2011,https://ifsc.results.info/event/685/,Amman,20/10/2011 – 21/10/2011
2011,IFSC Climbing Worldcup (L) - Valence (FRA) 2011,https://ifsc.results.info/event/686/,Valence,28/10/2011 – 29/10/2011
2011,IFSC Climbing Worldcup (L) - Kranj (SLO) 2011,https://ifsc.results.info/event/687/,Pau,11/11/2011 – 12/11/2011
2011,IFSC Climbing Worldcup (L) - Barcelona (ESP) 2011,https://ifsc.results.info/event/688/,Barcelona,26/11/2011 – 27/11/2011
2011,IFSC World Youth Championship - Imst (AUT) - 2011,https://ifsc.results.info/event/689/,YWC Imst,25/08/2011 – 28/08/2011
2011,IFSC Paraclimbing World Championship SPEED - Arco (ITA) 2011,https://ifsc.results.info/event/690/,Paraclimbing LEAD,17/07/2011 – 18/07/2011
2011,IFSC Paraclimbing World Championship LEAD - Arco (ITA) 2011,https://ifsc.results.info/event/691/,Arco_Paraclimbing,18/07/2011 – 19/07/2011
2011,Asian Continental Championship - Huangshi (CHN) 2011,https://ifsc.results.info/event/692/,Asian_Championship,09/12/2011 – 11/12/2011
2011,Asian Youth Championship - Singapore (SGP) 2011,https://ifsc.results.info/event/693/,Asian_Youth_Chp,28/07/2011 – 30/07/2011
2011,European Youth Cup (S) - Tarnow (POL) 2011,https://ifsc.results.info/event/694/,Tarnow,14/05/2011
2011,"European Youth Cup (L,S) - Edinburgh (GBR) 2011",https://ifsc.results.info/event/695/,Skopje_Under14,27/05/2011 – 29/05/2011
2011,European Youth Cup (S) - Chamonix (FRA) 2011,https://ifsc.results.info/event/696/,Chamonix,09/07/2011 – 10/07/2011
2011,European Youth Cup (S) - Friedrichshafen (GER) 2011,https://ifsc.results.info/event/697/,Friedrichshafen,14/07/2011
2011,"European Youth Cup (L,S) - Veliko Tarnovo (BUL) 2011",https://ifsc.results.info/event/698/,Veliko,01/08/2011 – 04/08/2011
2011,European Youth Cup (L) - Imst (AUT) 2011,https://ifsc.results.info/event/699/,Imst,12/08/2011 – 14/08/2011
2020,IFSC Pan Am - Continental Championships (C) - Los Angeles (USA) 2020,https://ifsc.results.info/event/70/,Asian_Youth_Chp_19,12/12/2019 – 15/12/2019
2011,European Youth Cup (B) - Meran (ITA) 2011,https://ifsc.results.info/event/700/,Meran,10/09/2011 – 11/09/2011
2011,European Youth Cup (B)- Munich (GER) 2011,https://ifsc.results.info/event/701/,Munich,16/09/2011 – 17/09/2011
2011,European Youth Cup (L) - Pau (FRA) 2011,https://ifsc.results.info/event/702/,Kranj,19/11/2011 – 20/11/2011
2011,European Youth Cup (L)- Kranj (SLO) 2011,https://ifsc.results.info/event/703/,RC Nikoloklettern Do,03/12/2011
2011,26th South East Asian Games 2011 - Palembang and Jakarta (IDN) 2011,https://ifsc.results.info/event/704/,SEAGames_11,11/11/2011 – 22/11/2011
2011,Promotional Event - CupOFF HUDY - Prague (CZE) 2011,https://ifsc.results.info/event/705/,Promo CupOFF Prague,19/02/2011 – 20/02/2011
2011,European Promo Event - Boulder - Sheffield (GBR) 2011,https://ifsc.results.info/event/706/,Sheffield_Promo,05/03/2011 – 06/03/2011
2011,Rheintal Cup - Kinder-Bouldertag Küblis (B),https://ifsc.results.info/event/707/,RC Kinder Küblis,06/03/2011
2011,Promotional Event - Nordic Bouldering Championship - Bouldertehdas Turku (FIN) 2011,https://ifsc.results.info/event/708/,RC Junior Dornbirn,09/04/2011
2011,Rheintal Cup - Junior Cup Dornbirn (L),https://ifsc.results.info/event/709/,Promo_Nordic,01/04/2011 – 02/04/2011
2011,Rheintal Cup - Eidechsli Chur (L),https://ifsc.results.info/event/710/,Log-Dragomer,07/05/2011 – 08/05/2011
2011,Promotional Event - Melloblocco (ITA) 2011,https://ifsc.results.info/event/711/,RC Eidechsli Chur,30/04/2011
2011,International under 14 Event - Atomska Mravka - Skopje (MKD) 2011,https://ifsc.results.info/event/712/,Canmore,27/05/2011 – 28/05/2011
2011,Intl. Event - Youth Color Climbing Festival (under 14) - Imst (AUT) 2011,https://ifsc.results.info/event/713/,Youth Color Imst,11/06/2011 – 12/06/2011
2011,Promotional event - Unified Bouldering Championship - New York (USA) 2011,https://ifsc.results.info/event/714/,,23/06/2011 – 25/06/2011
2011,"Intl. Youth Event - Petzen Climbing Trophy (L, S, B) - Petzen (AUT) 2011",https://ifsc.results.info/event/715/,Sheffield,02/07/2011 – 03/07/2011
2011,Promotional Event - Mammut Blocmaster - Innsbruck (AUT) 2011,https://ifsc.results.info/event/716/,Promo Mammut,09/07/2011 – 10/07/2011
2011,Rockmaster Gala Duel - Arco (ITA) 2011,https://ifsc.results.info/event/717/,Rockmaster Duel,23/07/2011 – 24/07/2011
2011,International Climbing Festival (under 14) - Veliko Tarnovo (BUL) 2011,https://ifsc.results.info/event/718/,Under14_Veliko,27/07/2011 – 29/07/2011
2011,Promo event Adidas Rockstars - AREA 47 Otztal Bahnhof (AUT) 2011,https://ifsc.results.info/event/719/,Briançon,29/07/2011 – 30/07/2011
2020,IFSC Europe - Continental Youth Cup (B) - Soure (POR) 2020 - CANCELLED,https://ifsc.results.info/event/72/,Tarnow (POL),14/11/2020
2011,Promotional Event - Norwegian Rockmaster - Arendal (NOR) 2011,https://ifsc.results.info/event/720/,Daone,06/08/2011 – 07/08/2011
2011,Promotional Event - Les 24 heures du Mur (L) - Oloront Sainte Marie (FRA) 2011,https://ifsc.results.info/event/721/,Speed Megusta,24/09/2011
2011,Rheintal Cup - Megusta-Kids-Cup (L),https://ifsc.results.info/event/722/,Megusta-Kids-Cup,24/09/2011
2011,Rheintal Cup - Megusta-Kids-Cup (S),https://ifsc.results.info/event/723/,Promo_Oloront,24/09/2011 – 25/09/2011
2011,Intl. Event - Rock Junior - Arco (ITA) 2011,https://ifsc.results.info/event/724/,Puurs,30/09/2011 – 01/10/2011
2011,Jiangyin Rock Master - Jiangyin (CHN) 2011,https://ifsc.results.info/event/725/,Boulder,08/10/2011 – 09/10/2011
2011,Rheintal Cup Finale - Nikoloklettern Dornbirn (L),https://ifsc.results.info/event/726/,Kranj,26/11/2011 – 27/11/2011
2012,"IFSC Climbing Worldcup (B,S) - Chongqing (CHN) 2012",https://ifsc.results.info/event/727/,RB Küblis,15/04/2012
2012,IFSC Climbing Worldcup (B) - Log-Dragomer (SLO) 2012,https://ifsc.results.info/event/728/,Log-Dragomer,21/04/2012 – 22/04/2012
2012,IFSC Climbing Worldcup (B) - Vienna (AUT) 2012,https://ifsc.results.info/event/729/,Vienna,27/04/2012 – 28/04/2012
2012,IFSC Climbing Worldcup (B) - Innsbruck (AUT) 2012,https://ifsc.results.info/event/730/,Innsbruck,18/05/2012 – 19/05/2012
2012,IFSC Climbing Worldcup (B) - Vail (USA) 2012,https://ifsc.results.info/event/731/,Vail,01/06/2012 – 02/06/2012
2012,"IFSC Climbing Worldcup (L,S) - Chamonix (FRA) 2012",https://ifsc.results.info/event/732/,Asian_Youth_Chp_12,11/07/2012 – 13/07/2012
2012,IFSC Climbing Worldcup (L) - Briançon (FRA) 2012,https://ifsc.results.info/event/733/,Briançon,20/07/2012 – 21/07/2012
2012,IFSC Climbing Worldcup (S) - Val Daone (ITA) 2012,https://ifsc.results.info/event/734/,Argentiere,25/07/2012 – 26/07/2012
2012,IFSC Climbing Worldcup (L) - Imst (AUT) 2012,https://ifsc.results.info/event/735/,Imst,10/08/2012 – 11/08/2012
2012,IFSC Climbing Worldcup (B) - Munich (GER) 2012,https://ifsc.results.info/event/736/,Munich,25/08/2012 – 26/08/2012
2012,IFSC Climbing Worldcup (S) - Arco (ITA) 2012,https://ifsc.results.info/event/737/,Arco,01/09/2012 – 02/09/2012
2012,IFSC Climbing World Championship - Paris (FRA) 2012,https://ifsc.results.info/event/738/,Puurs,21/09/2012 – 22/09/2012
2012,IFSC World Championship Lead Group A - Paris 2012,https://ifsc.results.info/event/739/,Paris,11/09/2012 – 12/09/2012
2012,IFSC World Championship Lead Group B - Paris 2012,https://ifsc.results.info/event/740/,Paris,11/09/2012 – 12/09/2012
2012,IFSC Climbing Worldcup (L) - Puurs (BEL) 2012,https://ifsc.results.info/event/741/,WCH Paris,12/09/2012 – 16/09/2012
2012,IFSC Climbing Worldcup (L) - Atlanta (USA) 2012,https://ifsc.results.info/event/742/,Atlanta,29/09/2012 – 30/09/2012
2012,"IFSC Climbing Worldcup (L,S) - Xining (CHN) 2012",https://ifsc.results.info/event/743/,Xining,12/10/2012 – 13/10/2012
2012,"IFSC Climbing Worldcup (L,S) - Mokpo (KOR) 2012",https://ifsc.results.info/event/744/,Mokpo,20/10/2012 – 21/10/2012
2012,IFSC Climbing Worldcup (L) - Inzai (JPN) 2012,https://ifsc.results.info/event/745/,Inzai,27/10/2012 – 28/10/2012
2012,IFSC Climbing Worldcup (L) - Kranj (SLO) 2012,https://ifsc.results.info/event/746/,Kranj,17/11/2012 – 18/11/2012
2012,IFSC World Youth Championship - Singapore (SIN) - 2012,https://ifsc.results.info/event/747/,YWCH Singapore,29/08/2012 – 01/09/2012
2012,Paraclimbing Cup Arco 2012 - Arco (ITA) 2012,https://ifsc.results.info/event/748/,Arco_RM_12,01/09/2012 – 02/09/2012
2012,IFSC Paraclimbing World Championship - Paris (FRA) 2012,https://ifsc.results.info/event/749/,Paraclimbing_WCH_12,12/09/2012 – 16/09/2012
2012,"Asian Continental Championship - Leye, Guangxi (CHN) 2012",https://ifsc.results.info/event/750/,Asian_Ch_12,25/04/2012 – 28/04/2012
2012,"Asian Cup (L, S) - Chengdu CHN) 2012",https://ifsc.results.info/event/751/,,07/11/2012 – 10/11/2012
2012,Asian Youth Championship - Hamedan (IRI) 2012,https://ifsc.results.info/event/752/,Chamonix,12/07/2012 – 13/07/2012
2012,"European Youth Cup (L,S) - Edinburgh (GBR) 2012",https://ifsc.results.info/event/753/,Edinburgh,18/05/2012 – 20/05/2012
2012,"European Youth Cup (L,S) - Moscow (RUS) 2012",https://ifsc.results.info/event/754/,promo_Peru_Lead,26/05/2012 – 27/05/2012
2012,European Youth Cup (B) - Grindelwald (SUI) 2012,https://ifsc.results.info/event/755/,Grindelwald,02/06/2012 – 03/06/2012
2012,European Youth Cup (L) - Voiron (FRA) 2012,https://ifsc.results.info/event/756/,Voiron,09/06/2012
2012,European Youth Cup (L) - Linz (AUT) 2012,https://ifsc.results.info/event/757/,Linz,30/06/2012 – 01/07/2012
2012,European Youth Cup (S) - Chamonix (FRA) 2012,https://ifsc.results.info/event/758/,Chamonix,08/07/2012
2012,European Youth Cup (B) - L'Argentière (FRA) 2012,https://ifsc.results.info/event/759/,Promo_Friedrichshafe,14/07/2012
2012,European Youth Cup (L) - Imst (AUT) 2012,https://ifsc.results.info/event/760/,Imst,04/08/2012 – 05/08/2012
2012,European Youth Cup (S) - Pieve (ITA) 2012,https://ifsc.results.info/event/761/,Arco_RJ_2012,25/08/2012 – 26/08/2012
2012,"European Youth Championship (L,S) - Gémozac (FRA) 2012",https://ifsc.results.info/event/762/,Asian_cup_12,03/11/2012 – 04/11/2012
2012,European Youth Cup (L) - Kranj (SLO) 2012,https://ifsc.results.info/event/763/,RC Dornbirn,08/12/2012
2012,"IFSC Panamerican Championship (L, S, B) - San Juan de los Morros (VEN) 2012",https://ifsc.results.info/event/764/,Gemozac,02/11/2012 – 04/11/2012
2012,"PanAmerican Youth Championship (L,S, B) - Santiago (CHI) 2012",https://ifsc.results.info/event/765/,Kranj,24/11/2012 – 25/11/2012
2012,Intl. Event - Fajr Master - Zanjan (IRI) 2012,https://ifsc.results.info/event/766/,Master Chile,16/03/2012 – 17/03/2012
2012,European Promo Event (B) - Sheffield (GBR) 2012,https://ifsc.results.info/event/767/,Master Iran,01/02/2012 – 05/02/2012
2012,Intl. Event - Master de Bouldering The North Face (CHI) 2012,https://ifsc.results.info/event/768/,Promo_Sheffield_12,10/03/2012 – 11/03/2012
2012,Rheintal Cup - Junior Cup Dornbirn (L) 2012,https://ifsc.results.info/event/769/,RC Dornbirn Junior,24/03/2012
2012,Rheintal Cup - Bouldertag Küblis (B) 2012,https://ifsc.results.info/event/770/,Chongqing,13/04/2012 – 14/04/2012
2012,Promotional Event - Melloblocco (ITA) 2012,https://ifsc.results.info/event/771/,RC Chur,12/05/2012
2012,Rheintal Cup - Eidechsli Chur (L) 2012,https://ifsc.results.info/event/772/,melloblocco_12,05/05/2012 – 06/05/2012
2012,Promotional Event - namBa HIPS CUP (L) (JPN) 2012,https://ifsc.results.info/event/773/,JPN_Promo,13/05/2012
2012,Intl. Event - Youth Color Climbing Festival (under 14) - Imst (AUT) 2012,https://ifsc.results.info/event/774/,Moscow,25/05/2012 – 27/05/2012
2012,Promotional Event - Copa Aldea (L) Lunahuana (PER) 2012,https://ifsc.results.info/event/775/,YCCF_12,26/05/2012 – 27/05/2012
2012,Promotional Event - Festival del Andinismo 2012 (L - S) Huaraz (PER) 2012,https://ifsc.results.info/event/776/,promo_Peru_LS,25/06/2012 – 01/07/2012
2012,European Promo Event (S) - Munich (GER) 2012,https://ifsc.results.info/event/777/,Munich_Promo_12,01/07/2012
2012,"Intl. Youth Event - Petzen Climbing Trophy (L, S, B) - Petzen (AUT) 2012",https://ifsc.results.info/event/778/,Petzen_12,06/07/2012 – 08/07/2012
2012,Promotional Event - European OutDoor Speedcup (S) - Friedrichshafen (GER) 2012,https://ifsc.results.info/event/779/,Daone,28/07/2012 – 29/07/2012
2012,Promotional Event - Adidas Rockstars (B) - Stuttgart (GER) 2012,https://ifsc.results.info/event/780/,Adidas_Promo_12,10/08/2012 – 11/08/2012
2012,Intl. Event - Rock Junior - Arco (ITA) 2012,https://ifsc.results.info/event/781/,Pieve,11/08/2012
2012,"Intl. Event Open for Rockmaster (L, B) - Arco (ITA) 2012",https://ifsc.results.info/event/782/,Arco_Paraclimbing_12,27/08/2012 – 28/08/2012
2012,"Intl. Event (L, B) - ROCKMASTER - Arco (ITA) 2012",https://ifsc.results.info/event/783/,Arco_Open,30/08/2012 – 31/08/2012
2012,Rheintal Cup - Megusta Cup Chur 2012,https://ifsc.results.info/event/784/,RC Megusta Chur,22/09/2012
2012,Rheintal Cup - Megusta Cup Chur (S) 2012,https://ifsc.results.info/event/785/,Promo_Oloront_12,06/10/2012 – 07/10/2012
2012,Promotional Event - Les 24 heures du Mur (L) - Oloront Sainte Marie (FRA) 2012,https://ifsc.results.info/event/786/,RC Megusta Speed,22/09/2012
2012,Wujiang Rock Master - Wujiang (CHN) 2012,https://ifsc.results.info/event/787/,Wujiang_12,16/10/2012 – 17/10/2012
2012,Rheintal Cup - Nikoloklettern Dornbirn (L) 2012,https://ifsc.results.info/event/788/,PAC YCH Santiago,21/11/2012 – 25/11/2012
2013,"IFSC Climbing Worldcup (B,S) - Chongqing (CHN) 2013",https://ifsc.results.info/event/789/,Chongqing,22/03/2013 – 23/03/2013
2013,IFSC Climbing Worldcup (B) - Millau (FRA) 2013,https://ifsc.results.info/event/790/,Millau,05/04/2013 – 06/04/2013
2013,IFSC Climbing Worldcup (B) - Kitzbühel (AUT) 2013,https://ifsc.results.info/event/791/,Melloblocco,26/04/2013 – 05/05/2013
2013,IFSC Climbing Worldcup (B) - Log-Dragomer (SLO) 2013,https://ifsc.results.info/event/792/,Log-Dragomer,11/05/2013 – 12/05/2013
2013,IFSC Climbing Worldcup (B) - Innsbruck (AUT) 2013,https://ifsc.results.info/event/793/,Innsbruck,17/05/2013 – 18/05/2013
2013,IFSC Climbing Worldcup (B) - Toronto (CAN) 2013,https://ifsc.results.info/event/794/,Toronto,01/06/2013 – 02/06/2013
2013,IFSC Climbing Worldcup (B) - Vail (USA) 2013,https://ifsc.results.info/event/795/,Vail,07/06/2013 – 08/06/2013
2013,IFSC Climbing Worldcup (S) - Baku (AZE) 2013,https://ifsc.results.info/event/796/,Baku,22/06/2013 – 23/06/2013
2013,IFSC Climbing Worldcup (L) - Briançon (FRA) 2013,https://ifsc.results.info/event/797/,Briançon,19/07/2013 – 20/07/2013
2013,IFSC Climbing Worldcup (L) - Imst (AUT) 2013,https://ifsc.results.info/event/798/,Imst,09/08/2013 – 10/08/2013
2013,IFSC Climbing Worldcup (B) - Munich (GER) 2013,https://ifsc.results.info/event/799/,WYCH Saanich,15/08/2013 – 19/08/2013
2013,IFSC Climbing Worldcup (S) - Arco (ITA) 2013,https://ifsc.results.info/event/800/,Arco Rockmaster,07/09/2013
2013,IFSC Climbing Worldcup (L) - Puurs (BEL) 2013,https://ifsc.results.info/event/801/,Lond_Paraclimbing_13,21/09/2013 – 22/09/2013
2013,"IFSC Climbing Worldcup (L,S) - Perm (RUS) 2013",https://ifsc.results.info/event/802/,Puurs,20/09/2013 – 21/09/2013
2013,"IFSC Climbing Worldcup (L,S) - Mokpo (KOR) 2013",https://ifsc.results.info/event/803/,Mokpo,11/10/2013 – 12/10/2013
2013,IFSC Climbing Worldcup (S) - Haiyang (CHN) 2013,https://ifsc.results.info/event/804/,Wujiang,19/10/2013 – 20/10/2013
2013,"IFSC Climbing Worldcup (L,S) - Wujiang (CHN) 2013",https://ifsc.results.info/event/805/,MoscowPromo,06/12/2013 – 09/12/2013
2013,IFSC Climbing Worldcup (L) - Valence (FRA) 2013,https://ifsc.results.info/event/806/,Valence,01/11/2013 – 02/11/2013
2013,IFSC Climbing Worldcup (L) - Kranj (SLO) 2013,https://ifsc.results.info/event/807/,Kranj,16/11/2013 – 17/11/2013
2013,IFSC World Youth Championship - Central Saanich (CAN) - 2013,https://ifsc.results.info/event/808/,Munich,24/08/2013 – 25/08/2013
2013,European Paraclimbing Lead Championship - Chamonix (FRA) 2013,https://ifsc.results.info/event/809/,Cham_Paraclimbing_13,10/07/2013 – 13/07/2013
2013,Paraclimbing Cup Arco 2013 - Arco (ITA) 2013,https://ifsc.results.info/event/810/,Stavanger,07/09/2013 – 08/09/2013
2013,Paraclimbing Cup London (Lead) 2013 - London (GBR) 2013,https://ifsc.results.info/event/811/,Perm,27/09/2013 – 29/09/2013
2013,Paraclimbing Cup Laval (Boulder) 2013 - Laval (FRA) 2013,https://ifsc.results.info/event/812/,Valence,01/11/2013 – 02/11/2013
2013,"Asian Continental Championship - Tehran, (IRN) 2013",https://ifsc.results.info/event/813/,Asian Champ.,22/05/2013 – 24/05/2013
2013,Asian Youth Championship - Surabaya (INA) 2013,https://ifsc.results.info/event/814/,Asian_Youth_Chp_13,11/12/2013 – 14/12/2013
2013,"European Cup (L, S) - Ekaterinburg (RUS) 2013",https://ifsc.results.info/event/815/,JPN_Promo,12/05/2013
2013,"European Championship (L,S) - Chamonix (FRA) 2013",https://ifsc.results.info/event/816/,LSEuro Chamonix,10/07/2013 – 13/07/2013
2013,European Championship (B) - Eindhoven (NED) 2013,https://ifsc.results.info/event/817/,Arco_Open,05/09/2013 – 06/09/2013
2013,European Youth Championship (B) - Grindelwald (SUI) 2013,https://ifsc.results.info/event/818/,BEuro Grindelwald,25/05/2013 – 26/05/2013
2013,"European Youth Cup (L, S) - Edinburgh (GBR) 2013",https://ifsc.results.info/event/819/,Kia Extreme Games,09/06/2013 – 10/06/2013
2013,European Youth Cup (B) - Sofia (BUL) 2013,https://ifsc.results.info/event/820/,Imst,29/06/2013
2013,European Youth Cup (S) - Imst (AUT) 2013,https://ifsc.results.info/event/821/,Sofia,28/06/2013 – 30/06/2013
2013,European Youth Cup (S) - Chamonix (FRA) 2013,https://ifsc.results.info/event/822/,Chamonix,09/07/2013 – 11/07/2013
2013,European Youth Cup (B) - L'Argentière (FRA) 2013,https://ifsc.results.info/event/823/,Argentiere,22/07/2013 – 23/07/2013
2013,"European Youth Championship (L,S) - Imst (AUT) 2013",https://ifsc.results.info/event/824/,LSEuro Imst,25/07/2013 – 28/07/2013
2013,European Youth Cup (L) - Stavanger (NOR) 2013,https://ifsc.results.info/event/825/,Arco,07/09/2013
2013,European Youth Cup (B) - Laval (FRA) 2013,https://ifsc.results.info/event/826/,Lava_Paraclimbing_13,12/10/2013 – 13/10/2013
2013,Oceania Continental Championship - Nouméa (New Caledonia) 2013,https://ifsc.results.info/event/827/,Adidas Kor,25/05/2013 – 26/05/2013
2013,"2nd CISM World Winter Games ""Annecy-Chamonix 2013""",https://ifsc.results.info/event/828/,CISM,25/03/2013 – 29/03/2013
2013,The World Games 2013 - Cali (COL) 2013,https://ifsc.results.info/event/829/,WG_2013,03/08/2013 – 04/08/2013
2013,Promo Event - The Climbing Works International Festival (B) - Sheffield (GBR) 2013,https://ifsc.results.info/event/830/,Promo Sheffield,02/03/2013 – 03/03/2013
2013,Promotional Event - Melloblocco 10th anniversary (ITA) 2013,https://ifsc.results.info/event/831/,Kitzbühel,26/04/2013 – 27/04/2013
2013,Promotional Event - namBa HIPS CUP (L) - Osaka (JPN) 2013,https://ifsc.results.info/event/832/,EC Ekaterinburg,16/05/2013 – 19/05/2013
2013,Intl. Event - Youth Color Climbing Festival (under 14) - Imst (AUT) 2013,https://ifsc.results.info/event/833/,YCCF_13,18/05/2013 – 19/05/2013
2013,Promotional Event - Adidas Rockstars Korea (B) - Seoul (KOR) 2013,https://ifsc.results.info/event/834/,Oceania Championship,25/05/2013 – 26/05/2013
2013,Kia World Extreme Games - Shanghai (CHN) 2013,https://ifsc.results.info/event/835/,Edinburgh,08/06/2013 – 09/06/2013
2013,"Promotional Event - Adidas Rockstars China (B) - Shanghai, Century Plaza (CHN) 2013",https://ifsc.results.info/event/836/,Adidas Chn,15/06/2013 – 16/06/2013
2013,"Intl. Youth Event - Petzen Climbing Trophy (L, S, B) - Petzen (AUT) 2013",https://ifsc.results.info/event/837/,Petzen,05/07/2013 – 07/07/2013
2013,European Promo Event (S) - Munich (GER) 2013,https://ifsc.results.info/event/838/,Munich Promo,07/07/2013
2013,International Event (S) - Val Daone (ITA) 2013,https://ifsc.results.info/event/839/,Val Daone,20/07/2013 – 21/07/2013
2013,Promotional Event - Tout à Bloc (B) - L'Argentière la Bessée (FRA) 2013,https://ifsc.results.info/event/840/,TAB 2013,26/07/2013 – 27/07/2013
2013,Intl. Event - Rock Junior - Arco (ITA) 2013,https://ifsc.results.info/event/841/,Arco_RJ_2013,31/08/2013 – 01/09/2013
2013,"Intl. Event Open for Rockmaster (L, B) - Arco (ITA) 2013",https://ifsc.results.info/event/842/,Eindhoven,31/08/2013 – 01/09/2013
2013,"Intl. Event (L, B) - ROCKMASTER - Arco (ITA) 2013",https://ifsc.results.info/event/843/,Arco_Paraclimbing_13,06/09/2013
2013,Promotional Event - Adidas Rockstars (B) - Stuttgart (GER) 2013,https://ifsc.results.info/event/844/,Adidas Rockstars 13,13/09/2013 – 14/09/2013
2013,International under 14 Event - Atomska Mravka - Skopje (MKD) 2013,https://ifsc.results.info/event/845/,Skopje_Under14,14/09/2013 – 15/09/2013
2013,Promotional Event - 24 heures du mur (L) - Oloron Sainte Marie (FRA) 2013,https://ifsc.results.info/event/846/,Oloron 2013,05/10/2013 – 06/10/2013
2013,Promotional Event - (L) - Haiyang (CHN) 2013,https://ifsc.results.info/event/847/,Kranj,16/11/2013 – 17/11/2013
2013,"Promotional Event - (B,L) - Moscow (RUS) 2013",https://ifsc.results.info/event/848/,MoscowPromo,06/12/2013 – 09/12/2013
2014,"IFSC Climbing Worldcup (B,S) - Chongqing (CHN) 2014",https://ifsc.results.info/event/849/,Chongqing,26/04/2014 – 27/04/2014
2020,"IFSC Europe - Continental Cup (L,S) - Belgrad (SRB) 2020 - CANCELLED",https://ifsc.results.info/event/85/,Briançon (FRA),21/08/2020 – 22/08/2020
2014,"IFSC Climbing Worldcup (B,S) - Baku (AZE) 2014",https://ifsc.results.info/event/850/,Baku,03/05/2014 – 04/05/2014
2014,IFSC Climbing Worldcup (B) - Grindelwald (SUI) 2014,https://ifsc.results.info/event/851/,Innsbruck,16/05/2014 – 17/05/2014
2014,IFSC Climbing Worldcup (B) - Innsbruck (AUT) 2014,https://ifsc.results.info/event/852/,Grindelwald,10/05/2014 – 11/05/2014
2014,IFSC Climbing Worldcup (B) - Toronto (CAN) 2014,https://ifsc.results.info/event/853/,Toronto,31/05/2014 – 01/06/2014
2014,IFSC Climbing Worldcup (B) - Vail (USA) 2014,https://ifsc.results.info/event/854/,YCCF_14,07/06/2014 – 08/06/2014
2014,"IFSC Climbing Worldcup (L, B, S) - Haiyang (CHN) 2014",https://ifsc.results.info/event/855/,Haiyang,20/06/2014 – 22/06/2014
2014,IFSC Climbing Worldcup (B) - Laval (FRA) 2014,https://ifsc.results.info/event/856/,AUCC14,01/07/2014 – 07/07/2014
2014,"IFSC Climbing Worldcup (L,S) - Chamonix (FRA) 2014",https://ifsc.results.info/event/857/,Briançon,19/07/2014 – 20/07/2014
2014,IFSC Climbing Worldcup (L) - Briançon (FRA) 2014,https://ifsc.results.info/event/858/,ChamEYC14,09/07/2014
2014,IFSC Climbing Worldcup (L) - Imst (AUT) 2014,https://ifsc.results.info/event/859/,Imst,01/08/2014 – 02/08/2014
2014,IFSC Climbing World Championship (B) - Munich (GER) 2014,https://ifsc.results.info/event/860/,Arco_Open,28/08/2014 – 29/08/2014
2014,IFSC Climbing Worldcup (S) - Arco (ITA) 2014,https://ifsc.results.info/event/861/,Arco,30/08/2014 – 31/08/2014
2014,"IFSC Climbing World Championship (L, S) - Gijon (ESP) 2014",https://ifsc.results.info/event/862/,Gijon,08/09/2014 – 14/09/2014
2014,"IFSC Climbing Worldcup (L,S) - Mokpo (KOR) 2014",https://ifsc.results.info/event/863/,ACH Lombok,01/10/2014 – 03/10/2014
2014,"IFSC Climbing Worldcup (L,S) - Wujiang (CHN) 2014",https://ifsc.results.info/event/864/,Oceania Master,17/10/2014 – 19/10/2014
2014,IFSC Climbing Worldcup (L) - Inzai (JPN) 2014,https://ifsc.results.info/event/865/,Inzai,25/10/2014 – 26/10/2014
2014,IFSC Climbing Worldcup (L) - Kranj (SLO) 2014,https://ifsc.results.info/event/866/,Gravical 2015,08/01/2015 – 11/01/2015
2014,"IFSC World Youth Championship - Noumea, New Caledonia (FRA) - 2014",https://ifsc.results.info/event/867/,Gijon,11/09/2014 – 14/09/2014
2014,Paraclimbing Cup Laval (Boulder) 2014 - Laval (FRA) 2014,https://ifsc.results.info/event/868/,Lava_Paraclimbing_14,26/06/2014 – 27/06/2014
2014,Paraclimbing Cup Imst (Lead) 2014 - Imst (AUT) 2014,https://ifsc.results.info/event/869/,Petzen,04/07/2014 – 06/07/2014
2020,"IFSC Europe - Continental Youth Championships (B,L,S) - Perm (RUS) 2020 - POSTPONED",https://ifsc.results.info/event/87/,Soure (POR),06/11/2020 – 08/11/2020
2014,Paraclimbing Cup Arco 2014 - Arco (ITA) 2014,https://ifsc.results.info/event/870/,Arco_Paraclimbing_14,29/08/2014
2014,IFSC Paraclimbing World Masters - Gijon (ESP) 2014,https://ifsc.results.info/event/871/,Adidas Rockstars 14,19/09/2014 – 20/09/2014
2014,IFSC Paraclimbing World Championship - Gijon (ESP) 2014,https://ifsc.results.info/event/872/,Gijon,11/09/2014 – 14/09/2014
2014,Paraclimbing Cup Sheffield (Lead) 2014 - Sheffield (GBR) 2014,https://ifsc.results.info/event/873/,She_Paraclimbing_14,04/10/2014 – 05/10/2014
2014,22th Asian Continental Championship - Lombok (INA) 2014,https://ifsc.results.info/event/874/,Wujiang,18/10/2014 – 19/10/2014
2014,European Youth Cup (L) - Imst (AUT) 2014,https://ifsc.results.info/event/875/,ImstEYC,31/05/2014 – 01/06/2014
2014,"European Youth Championship (L,S) - Edinburgh 2014",https://ifsc.results.info/event/876/,LSEuro Edin,14/06/2014 – 15/06/2014
2014,European Youth Cup (S) - Imst (AUT) 2014,https://ifsc.results.info/event/877/,ImstEYC,05/07/2014
2014,European Youth Cup (S) - Chamonix (FRA) 2014,https://ifsc.results.info/event/878/,ArgentiereEYC14,22/07/2014 – 23/07/2014
2014,European Youth Cup (B) - L'Argentière (FRA) 2014,https://ifsc.results.info/event/879/,Chamonix,10/07/2014 – 12/07/2014
1990,"Weltcup, Wien 1990",https://ifsc.results.info/event/88/,W-Wi,27/04/1990 – 28/04/1990
2014,European Youth Cup (B) - Laengenfeld/Oetzal (AUT) 2014,https://ifsc.results.info/event/880/,Nanjing,16/08/2014 – 17/08/2014
2014,European Youth Championship (B) - Arco (ITA) 2014,https://ifsc.results.info/event/881/,BEuro Arco,06/09/2014 – 07/09/2014
2014,"PanAmerican Youth Championship (L,S, B) - Mexico City (MEX) 2014",https://ifsc.results.info/event/882/,Kranj,15/11/2014 – 16/11/2014
2014,Oceania International Open - Katoomba (AUS) 2014,https://ifsc.results.info/event/883/,Mokpo,11/10/2014 – 12/10/2014
2014,Youth Olympic Games Nanjing (CHN) - Sports Lab - Climbing Showcase,https://ifsc.results.info/event/884/,Munich,21/08/2014 – 23/08/2014
2014,Asian University Climbing Championships - Singapore (SIN) 2014,https://ifsc.results.info/event/885/,Laval,27/06/2014 – 28/06/2014
2014,Promo Event - The Climbing Works International Festival (B) - Sheffield (GBR) 2014,https://ifsc.results.info/event/886/,Promo Sheffield,15/03/2014 – 16/03/2014
2014,Kia World Extreme Games - Shanghai (CHN) 2014,https://ifsc.results.info/event/887/,Kia Extreme Games,30/04/2014 – 01/05/2014
2014,Intl. Event - Youth Color Climbing Festival (under 14) - Imst (AUT) 2014,https://ifsc.results.info/event/888/,Vail,06/06/2014 – 07/06/2014
2014,"Intl. Youth Event - Petzen Climbing Trophy (L, S, B) - Petzen (AUT) 2014",https://ifsc.results.info/event/889/,Imst_Paraclimbing_14,04/07/2014 – 05/07/2014
1990,"Weltcup, Madonna di Campiglio 1990",https://ifsc.results.info/event/89/,O-Wi,27/04/1990 – 28/04/1990
2014,European Promo Event (S) - Munich (GER) 2014,https://ifsc.results.info/event/890/,Munich Promo,06/07/2014
2014,Promotional Event - Tout à Bloc (B) - L'Argentière la Bessée (FRA) 2014,https://ifsc.results.info/event/891/,TAB 2014,25/07/2014 – 26/07/2014
2014,"Intl. Event Open for Rockmaster (L, B) - Arco (ITA) 2014",https://ifsc.results.info/event/892/,LaengenfeldEYC14,15/08/2014 – 16/08/2014
2014,"Intl. Event (L, B) - ROCKMASTER - Arco (ITA) 2014",https://ifsc.results.info/event/893/,Arco_RJ_2014,04/09/2014 – 05/09/2014
2014,Intl. Event - Rock Junior - Arco (ITA) 2014,https://ifsc.results.info/event/894/,Arco Rockmaster,30/08/2014 – 31/08/2014
2014,Promotional Event - Adidas Rockstars (B) - Stuttgart (GER) 2014,https://ifsc.results.info/event/895/,WYCH Noumea,19/09/2014 – 23/09/2014
2014,Promotional Event - 24 heures du mur (L) - Oloron Sainte Marie (FRA) 2014,https://ifsc.results.info/event/896/,Oloron 2014,27/09/2014 – 28/09/2014
2015,IFSC Climbing Worldcup (S) - Central Saanich (CAN) 2015,https://ifsc.results.info/event/897/,YCCF_15,06/06/2015 – 07/06/2015
2015,IFSC Climbing Worldcup (B) - Toronto (CAN) 2015,https://ifsc.results.info/event/898/,ImstEYC15,30/05/2015 – 31/05/2015
2015,IFSC Climbing Worldcup (B) - Vail (USA) 2015,https://ifsc.results.info/event/899/,Saanich15,17/05/2015
1990,"Weltcup, Berkeley 1990",https://ifsc.results.info/event/90/,W-Be,18/08/1990 – 19/08/1990
2015,"IFSC Climbing Worldcup (B,S) - Chongqing (CHN) 2015",https://ifsc.results.info/event/900/,ImstEYC,06/06/2015
2015,"IFSC Climbing Worldcup (B,S) - Haiyang (CHN) 2015",https://ifsc.results.info/event/901/,Imst_Paraclimbing_15,27/06/2015 – 28/06/2015
2015,"IFSC Climbing Worldcup (L,S) - Chamonix (FRA) 2015",https://ifsc.results.info/event/902/,Briançon,17/07/2015 – 18/07/2015
2015,IFSC Climbing Worldcup (L) - Briançon (FRA) 2015,https://ifsc.results.info/event/903/,ChamECH15,10/07/2015 – 12/07/2015
2015,IFSC Climbing Worldcup (L) - Imst (AUT) 2015,https://ifsc.results.info/event/904/,Imst,31/07/2015 – 01/08/2015
2015,IFSC Climbing Worldcup (B) - Munich (GER) 2015,https://ifsc.results.info/event/905/,Munich,14/08/2015 – 15/08/2015
2015,IFSC Climbing Worldcup (L) - Stavanger (NOR) 2015,https://ifsc.results.info/event/906/,EUC15,05/08/2015 – 09/08/2015
2015,IFSC Climbing Worldcup (L) - Puurs (BEL) 2015,https://ifsc.results.info/event/907/,Torino 2015,19/09/2015 – 20/09/2015
2015,"IFSC Climbing Worldcup (L,S) - Wujiang (CHN) 2015",https://ifsc.results.info/event/908/,Wujiang,17/10/2015 – 18/10/2015
2015,IFSC Climbing Worldcup (L) - Kranj (SLO) 2015,https://ifsc.results.info/event/909/,ACH Ningbo,22/11/2015 – 24/11/2015
1990,"Weltcup, Nürnberg 1990",https://ifsc.results.info/event/91/,O-Nü,31/10/1990 – 01/11/1990
2015,IFSC World Youth Championships - Arco (ITA) - 2015,https://ifsc.results.info/event/910/,WYCH Arco,28/08/2015 – 06/09/2015
2015,Paraclimbing Cup (L) - Imst (AUT) 2015,https://ifsc.results.info/event/911/,LSEuro Edin,12/06/2015 – 14/06/2015
2015,Paraclimbing Cup (L) - Chamonix (FRA) 2015,https://ifsc.results.info/event/912/,LaengenfeldEYC15,04/07/2015 – 05/07/2015
2015,Paraclimbing Cup (L) - Sheffield (GBR) 2015,https://ifsc.results.info/event/913/,Puurs,26/09/2015 – 27/09/2015
2015,Asian Continental Championship - Ningbo (CHN) 2015,https://ifsc.results.info/event/914/,Kranj,14/11/2015 – 15/11/2015
2015,Asian Youth Championship - Putrajaya (MAS) 2015,https://ifsc.results.info/event/915/,HKG 2016,09/01/2016 – 10/01/2016
2015,European Championship (B) - Innsbruck (AUT) 2015,https://ifsc.results.info/event/916/,InnsbruckECH15,14/05/2015 – 16/05/2015
2015,"European Championship (L,S) - Chamonix (FRA) 2015",https://ifsc.results.info/event/917/,Chamonix,10/07/2015 – 12/07/2015
2015,European Youth Cup (L) - Dornbirn (AUT) 2015,https://ifsc.results.info/event/918/,DornbirnEYC15,09/05/2015 – 10/05/2015
2015,European Youth Cup (L) - Imst (AUT) 2015,https://ifsc.results.info/event/919/,Vail,05/06/2015 – 06/06/2015
1990,"Weltcup, Lyon 1990",https://ifsc.results.info/event/92/,O-Ly,14/11/1990 – 15/11/1990
2015,European Youth Cup (S) - Tarnow (POL) 2015,https://ifsc.results.info/event/920/,Chongqing,20/06/2015 – 21/06/2015
2015,European Youth Cup (B) - Laengenfeld (AUT) 2015,https://ifsc.results.info/event/921/,Chamonix_PC_15,10/07/2015 – 11/07/2015
2015,"European Youth Championship (L, S) - Edinburgh (GBR) 2015",https://ifsc.results.info/event/922/,Haiyang,26/06/2015 – 27/06/2015
2015,European Youth Championship (B) - L'Argentière la Bessée (FRA) 2015,https://ifsc.results.info/event/923/,Gaflenz 2015,18/07/2015
2015,European Youth Cup (L) - Mitterdorf (AUT) 2015,https://ifsc.results.info/event/924/,Stavanger,21/08/2015 – 22/08/2015
2015,European Youth Cup (S) - Imst (AUT) 2015,https://ifsc.results.info/event/925/,ImstEYC,22/08/2015
2015,European Universities Sport Climbing Championship - Katowice (POL) 2015,https://ifsc.results.info/event/926/,MitterdorfEYC15,08/08/2015 – 09/08/2015
2015,Promotional Event - Gravical (B) - Singapore (SIN) 2015,https://ifsc.results.info/event/927/,PAC YCH Mexico City,26/11/2014 – 30/11/2014
2015,IFSC World Climbing Camp @ The Boulders,https://ifsc.results.info/event/928/,WCC 15 Can,20/02/2015 – 22/02/2015
2015,Promo Event - The Climbing Works International Festival (B) - Sheffield (GBR) 2015,https://ifsc.results.info/event/929/,Promo Sheffield,07/03/2015 – 08/03/2015
1990,"Weltcup, Barcelona 1990",https://ifsc.results.info/event/93/,O-Ba,13/12/1990 – 14/12/1990
2015,Kia World Extreme Games - Speed Climbing - Shanghai (CHN) 2015,https://ifsc.results.info/event/930/,Kia Extreme Games,01/05/2015 – 03/05/2015
2015,Intl. Event - Youth Color Climbing Festival (under 14) - Imst (AUT) 2015,https://ifsc.results.info/event/931/,Toronto15,30/05/2015 – 31/05/2015
2015,"Intl. Youth Event - Petzen Climbing Trophy (L, S, B) - Petzen (AUT) 2015",https://ifsc.results.info/event/932/,Petzen,10/07/2015 – 12/07/2015
2015,Promotional Event (S) - Gaflenz (AUT) 2015,https://ifsc.results.info/event/933/,BEuro Argentiere,21/07/2015 – 22/07/2015
2015,Torino European Climbing Challenge (L) - Torino (ITA) 2015,https://ifsc.results.info/event/934/,Oloron 2015,03/10/2015 – 04/10/2015
2015,Master Event - Adidas Rockstars (B) - Stuttgart (GER) 2015,https://ifsc.results.info/event/935/,Adidas Rockstars 15,25/09/2015 – 26/09/2015
2015,Promotional Event - 24 heures du mur (L) - Oloron Sainte Marie (FRA) 2015,https://ifsc.results.info/event/936/,She_Paraclimbing_15,03/10/2015 – 04/10/2015
2016,IFSC Climbing Worldcup (B) - Meiringen (SUI) 2016,https://ifsc.results.info/event/937/,MeiringenWC,15/04/2016 – 16/04/2016
2016,IFSC Climbing Worldcup (B) - Kazo (JPN) 2016,https://ifsc.results.info/event/938/,KazoWC,23/04/2016 – 24/04/2016
2016,"IFSC Climbing Worldcup (B, S) - Chongqing (CHN) 2016",https://ifsc.results.info/event/939/,ChongqingWC,30/04/2016 – 01/05/2016
1990,"Weltcup, Open, Wien 1990",https://ifsc.results.info/event/94/,O-Ma,26/07/1990 – 27/07/1990
2016,IFSC Climbing Worldcup (S) - Nanjing (CHN) 2016,https://ifsc.results.info/event/940/,Master_Nanjing,07/05/2016 – 08/05/2016
2016,IFSC Climbing Worldcup (B) - Navi Mumbai (IND) 2016,https://ifsc.results.info/event/941/,NaviMumbaiPromo,16/05/2016
2016,IFSC Climbing Worldcup (B) - Innsbruck (AUT) 2016,https://ifsc.results.info/event/942/,TyrolWC,20/05/2016 – 21/05/2016
2016,IFSC Climbing Worldcup (B) - Vail (USA) 2016,https://ifsc.results.info/event/943/,VailWC,10/06/2016 – 11/06/2016
2016,"IFSC Climbing Worldcup (L,S) -Chamonix (FRA) 2016",https://ifsc.results.info/event/944/,ChamonixWC,11/07/2016 – 12/07/2016
2016,"IFSC Climbing Worldcup (L, S) - Villars (SUI) 2016",https://ifsc.results.info/event/945/,VillarsWC,15/07/2016 – 16/07/2016
2016,IFSC Climbing Worldcup (L) - Briançon (FRA) 2016,https://ifsc.results.info/event/946/,BriançonWC,22/07/2016 – 23/07/2016
2016,IFSC Climbing Worldcup (B) - Munich (GER) 2016,https://ifsc.results.info/event/947/,MunichWC,12/08/2016 – 13/08/2016
2016,IFSC Climbing Worldcup (L) - Imst (AUT) 2016,https://ifsc.results.info/event/948/,ImstWC,19/08/2016 – 20/08/2016
2016,"IFSC Climbing Worldcup (L, S) - Arco (ITA) 2016",https://ifsc.results.info/event/949/,Arco Rockmaster,28/08/2016
1990,"Weltcup, Open, Madonna di Campiglio 1990",https://ifsc.results.info/event/95/,W-Ma,26/07/1990 – 27/07/1990
2016,IFSC Climbing World Championships - Paris (FRA) 2016,https://ifsc.results.info/event/950/,WCH Paris (FRA),14/09/2016 – 18/09/2016
2016,IFSC Climbing Worldcup (S) - Wujiang (CHN) 2016,https://ifsc.results.info/event/951/,Wujiang,18/10/2016 – 19/10/2016
2016,IFSC Climbing Worldcup (L) - Kranj (SLO) 2016,https://ifsc.results.info/event/952/,HKG 2017,07/01/2017 – 08/01/2017
2016,IFSC World Youth Championships - Guangzhou (CHN) - 2016,https://ifsc.results.info/event/953/,Gravical2017,12/01/2017 – 15/01/2017
2016,Paraclimbing Cup (L) - Campitello di Fassa (ITA) 2016,https://ifsc.results.info/event/954/,EYC_Warsaw_16,02/07/2016 – 03/07/2016
2016,Paraclimbing Master (L) - Imst (AUT) 2016,https://ifsc.results.info/event/955/,Imst_Paraclimbing_16,16/07/2016 – 17/07/2016
2016,IFSC Paraclimbing World Championships - Paris (FRA) 2016,https://ifsc.results.info/event/956/,Paraclimbing_WCH_16,14/09/2016 – 18/09/2016
2016,Paraclimbing Cup (L) - Sheffield (GBR) 2016,https://ifsc.results.info/event/957/,Asian_Youth_Chp_16,26/09/2016 – 30/09/2016
2016,Asian Continental Championship - Duyun (CHN) 2016,https://ifsc.results.info/event/958/,ACH Duyun,03/08/2016 – 06/08/2016
2016,Asian Youth Championship - Tehran (IRI) 2016,https://ifsc.results.info/event/959/,Oloron 2016,01/10/2016 – 02/10/2016
1990,"Weltcup, Open, Berkeley 1990",https://ifsc.results.info/event/96/,O-Be,18/08/1990 – 19/08/1990
2016,European Youth Cup (S) - Tarnow (POL) 2016,https://ifsc.results.info/event/960/,EYC_POL_16,16/04/2016 – 18/04/2016
2016,European Youth Cup (B) - Soure (POR) 2016,https://ifsc.results.info/event/961/,EYC_POR_16,07/05/2016 – 08/05/2016
2016,European Youth Cup (L) - Imst (AUT) 2016,https://ifsc.results.info/event/962/,YCCF_16,04/06/2016 – 05/06/2016
2016,European Youth Cup (B) - Graz (AUT) 2016,https://ifsc.results.info/event/963/,Camp_Paraclimbing_16,25/06/2016
2016,European Youth Cup (B) - Warsaw (POL) 2016,https://ifsc.results.info/event/964/,Oceania Championship,17/06/2016 – 19/06/2016
2016,European Youth Cup (B) - L'Argentière (FRA) 2016,https://ifsc.results.info/event/965/,EYC_Argentiere_16,26/07/2016 – 27/07/2016
2016,European Youth Championships (B) - Langenfeld (AUT) 2016,https://ifsc.results.info/event/966/,EYCH_Langenfeld_16,04/08/2016 – 06/08/2016
2016,"European Youth Championships (L,S) - Mitterdorf (AUT) 2016",https://ifsc.results.info/event/967/,Arco_RJ_2016,02/09/2016 – 04/09/2016
2016,European Youth Cup (S) - Imst (AUT) 2016,https://ifsc.results.info/event/968/,EYC_AUT_S_16,10/09/2016
2016,Oceania Continental Championship - Sidney (AUS) 2016,https://ifsc.results.info/event/969/,EYC_Graz_16,18/06/2016 – 19/06/2016
1990,"Weltcup, Open, Nürnberg 1990",https://ifsc.results.info/event/97/,W-Nü,31/10/1990 – 01/11/1990
2016,"Intl. Youth Event - Petzen Climbing Trophy (L, S, B) - Petzen (AUT) 2016",https://ifsc.results.info/event/970/,Petzen,08/07/2016 – 10/07/2016
2016,Promotional Event - 24 heures du mur (L) - Oloron Sainte Marie (FRA) 2016,https://ifsc.results.info/event/971/,She_Paraclimbing_16,24/09/2016 – 25/09/2016
2016,"European Universities Games (L, S, B) - Zagreb (CRO) 2016",https://ifsc.results.info/event/972/,UCH16,21/07/2016 – 24/07/2016
2016,World University Championships - Shanghai (CHN) 2016,https://ifsc.results.info/event/973/,UCH16,12/10/2016 – 16/10/2016
2016,Promotional Event Just Climb Cup (B) - Hong Kong (HKG) 2016,https://ifsc.results.info/event/974/,Asian_Youth_Chp_15,02/12/2015 – 06/12/2015
2016,Promotional Event Gravical (B) - Singapore (SIN) 2016,https://ifsc.results.info/event/975/,Gravical2016,21/01/2016 – 24/01/2016
2016,Promo Event - The Climbing Works International Festival (B) - Sheffield (GBR) 2016,https://ifsc.results.info/event/976/,Promo Sheffield,12/03/2016 – 13/03/2016
2016,"Promotional Event in memory of Pavel Samoilin (L, S) - Crimea 2016",https://ifsc.results.info/event/977/,Crimea 2016,30/04/2016 – 05/05/2016
2016,Master Event (B) - Nanjing (CHN) 2016,https://ifsc.results.info/event/978/,NanjingWC,07/05/2016 – 08/05/2016
2016,Promotional Event (B) IMF GIRIVIHAR - Navi Mumbai (IND) 2016,https://ifsc.results.info/event/979/,NaviMumbaiWC,14/05/2016 – 15/05/2016
1990,"Weltcup, Open, Lyon 1990",https://ifsc.results.info/event/98/,W-Ly,14/11/1990 – 15/11/1990
2016,Intl. Event - Youth Color Climbing Festival (under 14) - Imst (AUT) 2016,https://ifsc.results.info/event/980/,EYC_AUT_L_16,28/05/2016 – 29/05/2016
2016,Master Event - Tout à Bloc (B) - L'Argentière la Bessée (FRA) 2016,https://ifsc.results.info/event/981/,TAB 2016,28/07/2016 – 30/07/2016
2016,"Intl. Event (L, B) - ROCKMASTER - Arco (ITA) 2016",https://ifsc.results.info/event/982/,ArcoWC,26/08/2016 – 27/08/2016
2016,Intl. Event - Rock Junior - Arco (ITA) 2016,https://ifsc.results.info/event/983/,EYCH_Mitterdorf_16,02/09/2016 – 04/09/2016
2016,Master Event - Adidas Rockstars (B) - Stuttgart (GER) 2016,https://ifsc.results.info/event/984/,Adidas Rockstars 16,23/09/2016 – 24/09/2016
2017,IFSC Climbing Worldcup (B) - Meiringen (SUI) 2017,https://ifsc.results.info/event/985/,MeiringenWC,07/04/2017 – 08/04/2017
2017,"IFSC Climbing Worldcup (B,S) - Chongqing (CHN) 2017",https://ifsc.results.info/event/986/,NanjingWC,29/04/2017 – 30/04/2017
2017,"IFSC Climbing Worldcup (B,S) - Nanjing (CHN) 2017",https://ifsc.results.info/event/987/,ChongqingWC,22/04/2017 – 23/04/2017
2017,"IFSC Climbing Worldcup (B) - Hachioji, Tokyo (JPN) 2017",https://ifsc.results.info/event/988/,TokyoWC,06/05/2017 – 07/05/2017
2017,IFSC Climbing Worldcup (B) - Vail (USA) 2017,https://ifsc.results.info/event/989/,EYC_AUT_L_17,27/05/2017 – 28/05/2017
1990,"Weltcup, Open, Barcelona 1990",https://ifsc.results.info/event/99/,W-Ba,13/12/1990 – 14/12/1990
2017,IFSC Climbing Worldcup (B) - Navi Mumbai (IND) 2017,https://ifsc.results.info/event/990/,MumbaiWC,24/06/2017 – 25/06/2017
2017,"IFSC Climbing Worldcup (L,S) - Villars (SUI) 2017",https://ifsc.results.info/event/991/,Petzen,07/07/2017 – 09/07/2017
2017,IFSC Climbing Worldcup (B) - Munich (GER) 2017,https://ifsc.results.info/event/992/,MunichWC,18/08/2017 – 19/08/2017
2017,"IFSC Climbing Worldcup (L,S) - Arco (ITA) 2017",https://ifsc.results.info/event/993/,Arco Rockmaster,26/08/2017
2017,"IFSC Climbing Worldcup (L,S) - Edinburgh (GBR) 2017",https://ifsc.results.info/event/994/,EdinburghWC,23/09/2017 – 24/09/2017
2017,"IFSC Climbing Worldcup (L,S) - Wujiang (CHN) 2017",https://ifsc.results.info/event/995/,Wujiang,07/10/2017 – 08/10/2017
2017,"IFSC Climbing Worldcup (L,S) - Xiamen (CHN) 2017",https://ifsc.results.info/event/996/,XiamenWC,14/10/2017 – 15/10/2017
2017,IFSC Climbing Worldcup (L) - Kranj (SLO) 2017,https://ifsc.results.info/event/997/,KranjWC,11/11/2017 – 12/11/2017
2017,IFSC Youth World Championships - Innsbruck (AUT) - 2017,https://ifsc.results.info/event/998/,Bangalore2017,01/09/2017 – 02/09/2017
2017,IFSC Youth World Championships Combined - Innsbruck (AUT) - 2017,https://ifsc.results.info/event/999/,YWCH Combined,08/09/2017 – 09/09/2017
